var,lon_tag,mode,lag,corr,abs_corr
so,W60p0,1,0,0.6098652778571525,0.6098652778571525
so,W40p0,2,0,0.6043088321671451,0.6043088321671451
thetao,W40p0,3,0,0.600792696450633,0.600792696450633
so,W60p0,1,1,0.5966362672214759,0.5966362672214759
so,W40p0,2,1,0.581884081175601,0.581884081175601
thetao,W60p0,3,18,-0.5712486573067369,0.5712486573067369
so,W20p0,2,2,0.5632682796718455,0.5632682796718455
so,W20p0,2,3,0.5583930636182877,0.5583930636182877
thetao,W60p0,3,17,-0.549230268923142,0.549230268923142
so,W40p0,2,2,0.5428545425654739,0.5428545425654739
thetao,W60p0,3,16,-0.5414511958951497,0.5414511958951497
so,W20p0,2,1,0.5413120588325023,0.5413120588325023
thetao,W10p0,7,17,-0.5202513431853043,0.5202513431853043
so,W20p0,2,4,0.5175853590560198,0.5175853590560198
so,W40p0,2,3,0.5167543631353911,0.5167543631353911
so,W60p0,1,2,0.5140501111089371,0.5140501111089371
so,W10p0,2,4,0.5074964747699288,0.5074964747699288
thetao,W60p0,3,19,-0.5060735688804792,0.5060735688804792
thetao,W60p0,3,15,-0.5060259232147182,0.5060259232147182
so,W30p0,2,0,0.5057075433357775,0.5057075433357775
thetao,W40p0,2,16,0.5004697214551933,0.5004697214551933
thetao,W40p0,2,17,0.4982332591269244,0.4982332591269244
thetao,W10p0,7,18,-0.4901213880687557,0.4901213880687557
so,W10p0,2,3,0.4890687446470837,0.4890687446470837
thetao,W40p0,2,18,0.4885942386096078,0.4885942386096078
thetao,W40p0,2,14,0.4884089172385069,0.4884089172385069
so,W10p0,2,5,0.48463303062060353,0.48463303062060353
thetao,W40p0,2,15,0.4826922370356566,0.4826922370356566
thetao,W60p0,3,14,-0.47811768561865126,0.47811768561865126
thetao,W40p0,2,19,0.47659887106697324,0.47659887106697324
thetao,W10p0,7,16,-0.47505442139457615,0.47505442139457615
thetao,W60p0,3,20,-0.4749947844531084,0.4749947844531084
thetao,W30p0,6,0,0.4694127848778788,0.4694127848778788
thetao,W40p0,2,13,0.46250303355539696,0.46250303355539696
thetao,W10p0,8,1,0.4609209585228008,0.4609209585228008
thetao,W60p0,3,13,-0.4575321308492138,0.4575321308492138
so,W10p0,2,2,0.4526487443156066,0.4526487443156066
thetao,W10p0,8,2,0.4486847264098236,0.4486847264098236
so,W20p0,2,5,0.4477308397356466,0.4477308397356466
so,W60p0,1,3,0.44548372142479997,0.44548372142479997
thetao,W10p0,7,19,-0.4396208414104309,0.4396208414104309
so,W30p0,1,4,-0.435112985639008,0.435112985639008
so,W10p0,4,1,-0.43468559657845146,0.43468559657845146
thetao,W40p0,2,12,0.4336780528839658,0.4336780528839658
thetao,W40p0,2,20,0.429590965614139,0.429590965614139
so,W40p0,2,4,0.4251139612139873,0.4251139612139873
so,W60p0,6,5,0.4240943224884143,0.4240943224884143
thetao,W60p0,2,0,-0.4235159041945902,0.4235159041945902
so,W60p0,7,15,0.4219197078754099,0.4219197078754099
thetao,W10p0,9,10,0.4205713679990021,0.4205713679990021
thetao,W10p0,7,20,-0.4201521978207355,0.4201521978207355
thetao,W30p0,3,13,-0.41984053595354953,0.41984053595354953
so,W10p0,2,1,0.4167775257464149,0.4167775257464149
thetao,W30p0,3,12,-0.4136706600350511,0.4136706600350511
so,W60p0,7,16,0.41343758400730507,0.41343758400730507
thetao,W30p0,9,19,0.41076701217491884,0.41076701217491884
so,W60p0,2,13,0.410449436856396,0.410449436856396
thetao,W10p0,7,15,-0.408424551216401,0.408424551216401
so,W60p0,7,17,0.40806378966633333,0.40806378966633333
so,W30p0,1,5,-0.40685657873356723,0.40685657873356723
so,W60p0,3,17,-0.4039871665033164,0.4039871665033164
so,W10p0,2,6,0.40322569268239467,0.40322569268239467
thetao,W30p0,4,0,0.4026042909059,0.4026042909059
so,W10p0,4,2,-0.4023224901827984,0.4023224901827984
so,W20p0,2,0,0.3983427469387912,0.3983427469387912
thetao,W10p0,7,14,-0.3939274409831575,0.3939274409831575
so,W20p0,2,9,0.3938525729738217,0.3938525729738217
so,W30p0,1,3,-0.3931530433694251,0.3931530433694251
thetao,W30p0,9,17,0.39209880067253594,0.39209880067253594
thetao,W30p0,6,1,0.391786698427559,0.391786698427559
so,W20p0,2,8,0.3914488681949573,0.3914488681949573
thetao,W10p0,9,11,0.387487051423309,0.387487051423309
thetao,W30p0,9,18,0.3799871159440205,0.3799871159440205
so,W60p0,7,14,0.379724099809503,0.379724099809503
thetao,W10p0,8,3,0.3796394679809521,0.3796394679809521
thetao,W30p0,3,14,-0.37905663024936515,0.37905663024936515
so,W10p0,8,4,-0.37881250236927594,0.37881250236927594
so,W10p0,2,7,0.3778589115881963,0.3778589115881963
thetao,W30p0,3,11,-0.37725288942906654,0.37725288942906654
so,W20p0,2,6,0.37517441233406484,0.37517441233406484
so,W20p0,2,7,0.3743916263433132,0.3743916263433132
so,W60p0,1,4,0.3733827568708937,0.3733827568708937
thetao,W10p0,5,20,0.37261435247002617,0.37261435247002617
thetao,W10p0,8,4,0.37104234002675146,0.37104234002675146
thetao,W40p0,5,1,-0.3705812010342723,0.3705812010342723
thetao,W40p0,6,1,0.370575623460441,0.370575623460441
thetao,W60p0,6,9,0.3704103492407346,0.3704103492407346
thetao,W60p0,1,1,0.3694526843926672,0.3694526843926672
thetao,W10p0,9,9,0.3693882514072603,0.3693882514072603
thetao,W40p0,7,16,0.36930310202080485,0.36930310202080485
so,W60p0,7,13,0.36794936660179894,0.36794936660179894
so,W40p0,3,12,0.36750448406353825,0.36750448406353825
thetao,W60p0,1,0,0.3662648223301475,0.3662648223301475
thetao,W40p0,2,11,0.3662481210170031,0.3662481210170031
so,W60p0,7,18,0.36542605151439755,0.36542605151439755
so,W60p0,2,14,0.3649918896295199,0.3649918896295199
thetao,W30p0,6,2,0.36348589158902767,0.36348589158902767
thetao,W40p0,5,0,-0.3623870779963671,0.3623870779963671
so,W60p0,3,18,-0.3620912213285845,0.3620912213285845
so,W10p0,2,0,0.361749577618843,0.361749577618843
thetao,W40p0,7,17,0.361631092828625,0.361631092828625
so,W10p0,4,0,-0.3605241039838503,0.3605241039838503
thetao,W30p0,10,18,-0.3591878174178738,0.3591878174178738
thetao,W40p0,7,19,0.3589478869423104,0.3589478869423104
so,W60p0,3,16,-0.357837758442265,0.357837758442265
thetao,W20p0,6,19,0.3571592744494794,0.3571592744494794
thetao,W10p0,9,8,0.3570190252594322,0.3570190252594322
so,W40p0,5,5,-0.35587989039949597,0.35587989039949597
so,W10p0,7,19,0.35456717550403377,0.35456717550403377
thetao,W60p0,8,1,0.3537450241881978,0.3537450241881978
thetao,W10p0,8,0,0.35188100699007097,0.35188100699007097
thetao,W60p0,3,12,-0.35156554613752256,0.35156554613752256
thetao,W40p0,5,20,-0.3514572250132479,0.3514572250132479
so,W30p0,1,9,-0.3512633431157138,0.3512633431157138
so,W10p0,4,3,-0.3512230924577282,0.3512230924577282
so,W10p0,2,8,0.3507050385716349,0.3507050385716349
thetao,W30p0,10,17,-0.3493725494629227,0.3493725494629227
thetao,W30p0,5,18,-0.34901762798579483,0.34901762798579483
thetao,W60p0,4,2,-0.34795504839993974,0.34795504839993974
thetao,W60p0,6,10,0.3470995841873747,0.3470995841873747
thetao,W30p0,3,15,-0.3460448302573571,0.3460448302573571
so,W60p0,6,6,0.3450265951997844,0.3450265951997844
thetao,W40p0,8,1,0.34339092479516514,0.34339092479516514
so,W10p0,8,7,-0.34289479485510294,0.34289479485510294
thetao,W10p0,7,13,-0.34275241118732797,0.34275241118732797
so,W40p0,5,18,0.3427357868346043,0.3427357868346043
so,W30p0,1,6,-0.34237879531633475,0.34237879531633475
thetao,W20p0,1,3,0.3422041100189369,0.3422041100189369
so,W10p0,8,8,-0.3421581138928422,0.3421581138928422
so,W40p0,5,4,-0.34187194551082767,0.34187194551082767
so,W20p0,6,0,0.3413009337132888,0.3413009337132888
so,W30p0,1,2,-0.3410452434204245,0.3410452434204245
thetao,W20p0,6,18,0.34099485603375135,0.34099485603375135
thetao,W20p0,1,2,0.3408867964484879,0.3408867964484879
thetao,W30p0,2,4,0.3406480820184902,0.3406480820184902
thetao,W40p0,6,2,0.33771644549039237,0.33771644549039237
thetao,W10p0,8,5,0.33676677778089087,0.33676677778089087
thetao,W20p0,6,17,0.33588085787401717,0.33588085787401717
so,W10p0,4,6,-0.33481056500252154,0.33481056500252154
thetao,W30p0,2,3,0.33431249356690135,0.33431249356690135
thetao,W40p0,1,13,-0.33370778959110425,0.33370778959110425
thetao,W30p0,4,1,0.33366034515288334,0.33366034515288334
thetao,W40p0,2,10,0.3334833219637492,0.3334833219637492
thetao,W40p0,8,0,0.3329804611834525,0.3329804611834525
so,W60p0,6,4,0.33171386152413085,0.33171386152413085
thetao,W30p0,10,16,-0.33149650096077515,0.33149650096077515
so,W30p0,6,20,-0.3313789179477471,0.3313789179477471
thetao,W30p0,9,20,0.3304364295110276,0.3304364295110276
thetao,W30p0,10,14,-0.329592456505746,0.329592456505746
thetao,W30p0,3,10,-0.32945222749487274,0.32945222749487274
so,W20p0,1,18,-0.32839081849157525,0.32839081849157525
thetao,W60p0,6,8,0.3279690649673178,0.3279690649673178
thetao,W60p0,2,1,-0.3276912101462124,0.3276912101462124
thetao,W20p0,1,1,0.3274186717740168,0.3274186717740168
thetao,W40p0,3,1,0.3272717873011637,0.3272717873011637
so,W60p0,7,11,0.32706087769228914,0.32706087769228914
so,W10p0,2,9,0.3268714767680552,0.3268714767680552
so,W30p0,1,8,-0.3268207616447408,0.3268207616447408
thetao,W40p0,7,18,0.32670872638823334,0.32670872638823334
thetao,W30p0,4,2,0.32656064337829294,0.32656064337829294
so,W40p0,1,12,-0.326292304237025,0.326292304237025
thetao,W40p0,8,2,0.32563271320462,0.32563271320462
so,W10p0,8,3,-0.3256159948409554,0.3256159948409554
thetao,W60p0,4,1,-0.32435050385546504,0.32435050385546504
thetao,W20p0,8,0,-0.323583502438616,0.323583502438616
thetao,W30p0,9,14,0.3235566486356353,0.3235566486356353
thetao,W20p0,1,4,0.32341947121299486,0.32341947121299486
so,W60p0,7,20,0.32309493913156956,0.32309493913156956
so,W60p0,6,9,0.32232385768633365,0.32232385768633365
so,W10p0,8,10,-0.3220990746061024,0.3220990746061024
thetao,W20p0,7,18,-0.32205699980908337,0.32205699980908337
thetao,W20p0,7,17,-0.3207647356097529,0.3207647356097529
so,W40p0,5,15,0.32061076155209056,0.32061076155209056
thetao,W10p0,5,19,0.32053288613233427,0.32053288613233427
thetao,W30p0,9,16,0.3193739055567734,0.3193739055567734
so,W30p0,1,7,-0.3192836372779939,0.3192836372779939
so,W40p0,3,0,-0.31861660132175074,0.31861660132175074
so,W20p0,2,10,0.3167655096329448,0.3167655096329448
so,W30p0,3,4,-0.3167511565714772,0.3167511565714772
thetao,W40p0,10,1,-0.3167086501654574,0.3167086501654574
thetao,W10p0,2,0,0.3163258127151962,0.3163258127151962
thetao,W40p0,1,12,-0.3162925393497893,0.3162925393497893
so,W10p0,4,7,-0.3153850250676866,0.3153850250676866
so,W60p0,3,15,-0.31488713578763805,0.31488713578763805
thetao,W60p0,4,3,-0.3125677470626657,0.3125677470626657
so,W10p0,7,18,0.3123819420110017,0.3123819420110017
so,W30p0,1,10,-0.3121467599026004,0.3121467599026004
thetao,W30p0,5,19,-0.3115516136625141,0.3115516136625141
thetao,W60p0,1,2,0.3107223702749134,0.3107223702749134
so,W30p0,6,19,-0.31038778332660943,0.31038778332660943
so,W40p0,2,5,0.31018167145593317,0.31018167145593317
thetao,W60p0,3,11,-0.30993761425689775,0.30993761425689775
so,W40p0,3,9,0.3098022336425705,0.3098022336425705
thetao,W60p0,1,14,-0.3096993398808001,0.3096993398808001
so,W40p0,5,17,0.30967766369097444,0.30967766369097444
thetao,W40p0,2,9,0.3096335993134346,0.3096335993134346
so,W60p0,1,5,0.30904681893808145,0.30904681893808145
so,W10p0,4,5,-0.3086717007302123,0.3086717007302123
thetao,W10p0,9,14,0.3082305969634401,0.3082305969634401
thetao,W30p0,5,17,-0.3081980883315188,0.3081980883315188
thetao,W60p0,1,13,-0.307622338675564,0.307622338675564
so,W20p0,1,17,-0.30748731300801824,0.30748731300801824
so,W40p0,5,16,0.3072531630814057,0.3072531630814057
thetao,W10p0,5,1,0.30723786818350285,0.30723786818350285
so,W40p0,10,4,-0.30639580397972205,0.30639580397972205
so,W30p0,2,1,0.30635856870213074,0.30635856870213074
thetao,W40p0,10,0,-0.30580522685392014,0.30580522685392014
so,W40p0,1,11,-0.3055759635066951,0.3055759635066951
thetao,W20p0,10,7,0.305128947287042,0.305128947287042
so,W60p0,10,0,0.30479125649536365,0.30479125649536365
so,W10p0,4,19,-0.3046301057785061,0.3046301057785061
so,W40p0,5,19,0.3028145082243309,0.3028145082243309
so,W60p0,6,3,0.3027945673328607,0.3027945673328607
thetao,W40p0,5,2,-0.3027419064352484,0.3027419064352484
so,W40p0,1,13,-0.30261446004198217,0.30261446004198217
thetao,W10p0,9,13,0.30238324575778786,0.30238324575778786
thetao,W60p0,5,14,0.30123064662330884,0.30123064662330884
so,W10p0,4,4,-0.30106879360011496,0.30106879360011496
thetao,W60p0,6,7,0.3010112631295003,0.3010112631295003
thetao,W60p0,1,16,-0.3005851851282412,0.3005851851282412
thetao,W30p0,9,13,0.29953044131397083,0.29953044131397083
thetao,W30p0,5,16,-0.29942884134230785,0.29942884134230785
so,W60p0,8,18,-0.2982659219129551,0.2982659219129551
thetao,W60p0,7,0,-0.29796329533446464,0.29796329533446464
so,W20p0,5,6,0.2976842663231056,0.2976842663231056
so,W30p0,1,11,-0.2974096479617121,0.2974096479617121
thetao,W60p0,4,4,-0.29720535507677354,0.29720535507677354
so,W60p0,2,12,0.2971430712983616,0.2971430712983616
thetao,W60p0,1,15,-0.296940480941459,0.296940480941459
thetao,W30p0,10,15,-0.2954755304742271,0.2954755304742271
thetao,W10p0,8,6,0.29541954911017293,0.29541954911017293
thetao,W30p0,6,3,0.2950306326498774,0.2950306326498774
so,W40p0,2,6,0.29491738018198127,0.29491738018198127
so,W60p0,7,19,0.2948937413804715,0.2948937413804715
thetao,W10p0,9,7,0.29376461065674114,0.29376461065674114
thetao,W40p0,1,14,-0.29276581169938304,0.29276581169938304
thetao,W20p0,7,20,-0.29187803285540675,0.29187803285540675
so,W10p0,4,8,-0.2912807927746586,0.2912807927746586
thetao,W10p0,7,12,-0.2910594421224948,0.2910594421224948
so,W10p0,2,10,0.29007804459400616,0.29007804459400616
thetao,W20p0,10,9,0.2898785231930896,0.2898785231930896
so,W30p0,2,2,0.28969102500784605,0.28969102500784605
thetao,W20p0,10,8,0.2890124571928194,0.2890124571928194
thetao,W40p0,6,4,0.28763898329549636,0.28763898329549636
so,W10p0,8,5,-0.2875611164472885,0.2875611164472885
so,W30p0,2,20,0.2875489980977449,0.2875489980977449
thetao,W30p0,1,11,-0.2873972960393631,0.2873972960393631
so,W40p0,2,20,0.2873385971398204,0.2873385971398204
thetao,W10p0,10,5,-0.28689310699787607,0.28689310699787607
thetao,W20p0,4,20,-0.28505890999694034,0.28505890999694034
thetao,W30p0,2,2,0.285015163664297,0.285015163664297
so,W60p0,7,12,0.2844946076935984,0.2844946076935984
thetao,W60p0,2,2,-0.2840906548535147,0.2840906548535147
thetao,W30p0,2,5,0.283363338239555,0.283363338239555
thetao,W40p0,6,3,0.2830627461155306,0.2830627461155306
so,W20p0,1,19,-0.2824515525618146,0.2824515525618146
so,W10p0,8,9,-0.2823404056611347,0.2823404056611347
so,W60p0,6,8,0.2818065624687862,0.2818065624687862
thetao,W40p0,5,19,-0.2811974509868296,0.2811974509868296
so,W10p0,4,20,-0.2804115109985241,0.2804115109985241
so,W10p0,7,15,0.2799453444819291,0.2799453444819291
so,W10p0,5,0,0.2797922903665836,0.2797922903665836
thetao,W60p0,6,11,0.27941029847929627,0.27941029847929627
so,W30p0,1,1,-0.2791985531174626,0.2791985531174626
thetao,W30p0,10,13,-0.2787887914646206,0.2787887914646206
so,W20p0,9,19,-0.27833630420879124,0.27833630420879124
thetao,W40p0,1,11,-0.27832190343137303,0.27832190343137303
thetao,W10p0,2,1,0.2782226480698995,0.2782226480698995
so,W40p0,1,14,-0.2777099136204151,0.2777099136204151
thetao,W30p0,4,3,0.27711035098083625,0.27711035098083625
thetao,W20p0,6,20,0.27677204254277865,0.27677204254277865
so,W10p0,8,2,-0.27658685871612404,0.27658685871612404
thetao,W30p0,3,16,-0.27658573394312297,0.27658573394312297
thetao,W40p0,7,15,0.27613382166341366,0.27613382166341366
thetao,W60p0,6,6,0.2759735303352939,0.2759735303352939
thetao,W10p0,9,12,0.2754929472884049,0.2754929472884049
so,W40p0,5,2,-0.27534045632475074,0.27534045632475074
so,W30p0,7,0,0.2753262808608057,0.2753262808608057
so,W30p0,3,6,-0.2751270965143516,0.2751270965143516
so,W40p0,5,1,-0.275017894553023,0.275017894553023
so,W40p0,3,13,0.2749100475875124,0.2749100475875124
so,W60p0,6,2,0.2744908134057071,0.2744908134057071
thetao,W40p0,3,2,0.27391235587363105,0.27391235587363105
thetao,W30p0,1,10,-0.2738470045754757,0.2738470045754757
so,W10p0,7,17,0.27366093470374997,0.27366093470374997
thetao,W20p0,5,10,0.27339617385541437,0.27339617385541437
so,W40p0,5,14,0.2733624633761642,0.2733624633761642
thetao,W20p0,4,18,-0.27178638324914134,0.27178638324914134
so,W20p0,8,20,-0.27140171838962257,0.27140171838962257
so,W60p0,7,10,0.2704613858132615,0.2704613858132615
so,W60p0,6,7,0.2700051970128822,0.2700051970128822
so,W30p0,6,18,-0.2698643283371493,0.2698643283371493
so,W20p0,1,16,-0.2690784424686978,0.2690784424686978
so,W30p0,3,3,-0.2687001694916276,0.2687001694916276
thetao,W40p0,6,5,0.2686891025188774,0.2686891025188774
so,W10p0,8,11,-0.2680182469253511,0.2680182469253511
so,W60p0,6,11,0.26728256662979144,0.26728256662979144
thetao,W40p0,6,13,-0.2670897523802662,0.2670897523802662
so,W40p0,3,11,0.26706222398220303,0.26706222398220303
thetao,W40p0,6,18,-0.26663769982005525,0.26663769982005525
so,W40p0,1,10,-0.2665273073438227,0.2665273073438227
thetao,W20p0,1,5,0.2662174491922129,0.2662174491922129
thetao,W30p0,9,15,0.2661856189205313,0.2661856189205313
thetao,W40p0,8,3,0.26599245139399225,0.26599245139399225
thetao,W40p0,5,3,-0.26558195293836545,0.26558195293836545
thetao,W20p0,4,19,-0.2654776665024091,0.2654776665024091
so,W40p0,1,0,0.265022685428888,0.265022685428888
thetao,W30p0,1,12,-0.2632906328241078,0.2632906328241078
so,W40p0,5,3,-0.26264590729388015,0.26264590729388015
so,W60p0,3,14,-0.26245572261647765,0.26245572261647765
thetao,W40p0,1,10,-0.26236739715613466,0.26236739715613466
thetao,W30p0,1,20,0.2618041969986574,0.2618041969986574
thetao,W10p0,5,2,0.26169328895744215,0.26169328895744215
thetao,W20p0,7,19,-0.26146644236160965,0.26146644236160965
so,W40p0,3,10,0.26101575248523917,0.26101575248523917
so,W60p0,6,10,0.2608211611922525,0.2608211611922525
thetao,W20p0,6,16,0.2597009124326001,0.2597009124326001
thetao,W30p0,5,20,-0.2594998601382977,0.2594998601382977
so,W30p0,10,16,0.25934148334297774,0.25934148334297774
thetao,W30p0,3,9,-0.25902261281713584,0.25902261281713584
so,W10p0,7,16,0.25898422893856016,0.25898422893856016
so,W10p0,1,20,0.2587727659741937,0.2587727659741937
so,W30p0,2,19,0.2581453858720369,0.2581453858720369
so,W30p0,1,12,-0.2578494723906491,0.2578494723906491
so,W30p0,3,1,-0.2577345123089532,0.2577345123089532
thetao,W20p0,3,2,0.25642237359901304,0.25642237359901304
thetao,W20p0,2,0,-0.2560992201713045,0.2560992201713045
thetao,W30p0,10,12,-0.2559861864087673,0.2559861864087673
thetao,W30p0,8,16,0.2555170986755462,0.2555170986755462
thetao,W30p0,1,9,-0.25542765232703013,0.25542765232703013
so,W30p0,3,2,-0.25527501645067596,0.25527501645067596
thetao,W10p0,10,1,-0.25504894378912213,0.25504894378912213
thetao,W60p0,10,1,0.2536246953243347,0.2536246953243347
thetao,W20p0,4,17,-0.2535786646771069,0.2535786646771069
thetao,W60p0,4,0,-0.25346848810562084,0.25346848810562084
thetao,W10p0,8,7,0.25232453570802615,0.25232453570802615
thetao,W60p0,1,3,0.25225027795119564,0.25225027795119564
thetao,W30p0,6,4,0.2518761499020435,0.2518761499020435
thetao,W30p0,10,19,-0.25141004744639023,0.25141004744639023
thetao,W20p0,3,10,0.2514075715479909,0.2514075715479909
so,W10p0,4,9,-0.2511191010857444,0.2511191010857444
thetao,W20p0,3,1,0.2504532159789709,0.2504532159789709
thetao,W40p0,2,5,0.25009036147696734,0.25009036147696734
thetao,W40p0,5,7,-0.2499382320259165,0.2499382320259165
thetao,W40p0,10,3,-0.24990548159792658,0.24990548159792658
so,W10p0,8,6,-0.24966431228122676,0.24966431228122676
thetao,W30p0,5,15,-0.24952436953265444,0.24952436953265444
thetao,W40p0,6,17,-0.24886383185512773,0.24886383185512773
thetao,W20p0,3,11,0.24868720806782288,0.24868720806782288
thetao,W40p0,10,4,-0.24768921563438304,0.24768921563438304
thetao,W10p0,6,6,-0.24710564176316985,0.24710564176316985
thetao,W10p0,10,0,-0.24697731192365668,0.24697731192365668
so,W10p0,2,11,0.24687443463352485,0.24687443463352485
thetao,W10p0,10,6,-0.24655071500663978,0.24655071500663978
thetao,W20p0,9,20,0.2458320492753678,0.2458320492753678
thetao,W30p0,5,14,-0.24567492783115416,0.24567492783115416
thetao,W10p0,2,2,0.24524068453515455,0.24524068453515455
so,W60p0,2,16,0.24453010349798673,0.24453010349798673
so,W60p0,3,19,-0.24449378307525027,0.24449378307525027
so,W10p0,7,14,0.24378748213631563,0.24378748213631563
thetao,W40p0,1,9,-0.2437141985550621,0.2437141985550621
thetao,W30p0,4,20,0.2436074678999204,0.2436074678999204
thetao,W30p0,6,5,0.24343388803297203,0.24343388803297203
so,W40p0,1,9,-0.24329332622598446,0.24329332622598446
thetao,W40p0,2,8,0.2432272864268491,0.2432272864268491
thetao,W10p0,9,15,0.24317409849620378,0.24317409849620378
thetao,W60p0,1,12,-0.24308247018245197,0.24308247018245197
thetao,W30p0,1,8,-0.24202273019680492,0.24202273019680492
so,W40p0,6,14,0.2418918109041058,0.2418918109041058
so,W10p0,7,20,0.241545031799802,0.241545031799802
thetao,W60p0,3,10,-0.2414199641878197,0.2414199641878197
so,W10p0,7,13,0.24140449920895843,0.24140449920895843
so,W60p0,8,19,-0.2411450818372273,0.2411450818372273
thetao,W40p0,6,14,-0.241140846510118,0.241140846510118
thetao,W40p0,2,4,0.2409719387527905,0.2409719387527905
thetao,W40p0,1,15,-0.24017100290686327,0.24017100290686327
thetao,W30p0,2,18,-0.23990538321517713,0.23990538321517713
thetao,W20p0,3,5,0.23974496930983907,0.23974496930983907
thetao,W20p0,3,6,0.23965792978504352,0.23965792978504352
thetao,W40p0,10,2,-0.2393263652771579,0.2393263652771579
so,W60p0,9,14,0.23908950524833975,0.23908950524833975
so,W60p0,7,9,0.23867797546012176,0.23867797546012176
so,W30p0,3,11,-0.23844621381329145,0.23844621381329145
so,W30p0,4,7,0.23784018384983793,0.23784018384983793
thetao,W20p0,7,16,-0.23778646784286633,0.23778646784286633
so,W30p0,8,1,-0.2375535977604039,0.2375535977604039
thetao,W60p0,6,0,0.23741875380987987,0.23741875380987987
thetao,W40p0,3,14,-0.23707536374249685,0.23707536374249685
thetao,W40p0,3,12,-0.23677851230908756,0.23677851230908756
so,W40p0,6,15,0.23654827267097775,0.23654827267097775
so,W40p0,3,7,0.23648991551679385,0.23648991551679385
so,W40p0,3,5,0.23648485413391396,0.23648485413391396
thetao,W30p0,2,19,-0.23606346854609106,0.23606346854609106
so,W60p0,6,14,0.23603579457798593,0.23603579457798593
so,W10p0,10,12,0.2355980408701715,0.2355980408701715
so,W20p0,6,1,0.2354242599367052,0.2354242599367052
thetao,W20p0,4,13,-0.23490104952122226,0.23490104952122226
so,W60p0,2,15,0.23462045006195342,0.23462045006195342
so,W20p0,4,0,-0.234349447567957,0.234349447567957
so,W20p0,2,11,0.23417977710388296,0.23417977710388296
so,W10p0,4,18,-0.23389837463910318,0.23389837463910318
thetao,W40p0,5,4,-0.23369938998858555,0.23369938998858555
so,W40p0,8,1,-0.23362405316168372,0.23362405316168372
thetao,W40p0,3,13,-0.23312091259873025,0.23312091259873025
so,W20p0,1,15,-0.2326889590620717,0.2326889590620717
thetao,W10p0,7,4,-0.23234492761435177,0.23234492761435177
so,W40p0,5,20,0.23218818812391254,0.23218818812391254
so,W30p0,4,6,0.2319811524601905,0.2319811524601905
thetao,W60p0,7,7,0.2318267310291765,0.2318267310291765
so,W60p0,8,0,0.23162960446332892,0.23162960446332892
thetao,W30p0,9,12,0.2308764866732166,0.2308764866732166
so,W60p0,1,6,0.23087209785963142,0.23087209785963142
so,W10p0,1,19,0.23070501042487995,0.23070501042487995
thetao,W40p0,8,4,0.23004248414340478,0.23004248414340478
thetao,W20p0,5,9,0.22881977708876616,0.22881977708876616
thetao,W10p0,9,6,0.22853477144911713,0.22853477144911713
thetao,W60p0,1,4,0.22835093644517815,0.22835093644517815
thetao,W20p0,3,12,0.22822480592879862,0.22822480592879862
so,W30p0,3,5,-0.227638391190261,0.227638391190261
thetao,W40p0,5,6,-0.2275316650945118,0.2275316650945118
so,W30p0,4,5,0.22725082950475362,0.22725082950475362
so,W20p0,7,11,0.22626256257845015,0.22626256257845015
thetao,W10p0,2,8,0.22615899724649774,0.22615899724649774
so,W60p0,1,7,0.22612677745740634,0.22612677745740634
thetao,W30p0,4,4,0.22585481537096397,0.22585481537096397
so,W60p0,6,12,0.22567029745432474,0.22567029745432474
thetao,W30p0,1,13,-0.22559585586785816,0.22559585586785816
thetao,W10p0,10,4,-0.22510786243991757,0.22510786243991757
so,W40p0,7,7,0.2250273655666295,0.2250273655666295
thetao,W60p0,2,20,-0.22467195420370603,0.22467195420370603
so,W60p0,1,20,0.22464112966684724,0.22464112966684724
so,W60p0,9,15,0.2246386214456123,0.2246386214456123
thetao,W60p0,3,6,-0.22463022688533182,0.22463022688533182
thetao,W40p0,5,17,-0.22428742049443884,0.22428742049443884
thetao,W40p0,5,5,-0.22425006987821522,0.22425006987821522
so,W40p0,5,6,-0.2237089097488502,0.2237089097488502
so,W30p0,10,15,0.2234574970965197,0.2234574970965197
thetao,W20p0,3,8,0.2231381571173798,0.2231381571173798
thetao,W40p0,5,16,-0.22309385222147424,0.22309385222147424
thetao,W20p0,3,9,0.2229618739433319,0.2229618739433319
so,W40p0,8,2,-0.22287383016614384,0.22287383016614384
thetao,W20p0,3,4,0.22238310650435195,0.22238310650435195
so,W60p0,6,1,0.22228325126351245,0.22228325126351245
thetao,W20p0,3,7,0.22201985625878692,0.22201985625878692
so,W20p0,5,5,0.22053410643318186,0.22053410643318186
thetao,W60p0,8,2,0.22053006244680506,0.22053006244680506
thetao,W30p0,1,6,-0.22035213413370142,0.22035213413370142
so,W30p0,2,3,0.2202823630927818,0.2202823630927818
thetao,W40p0,2,7,0.2201717308936892,0.2201717308936892
so,W20p0,9,18,-0.2199180128976415,0.2199180128976415
thetao,W60p0,7,8,0.2198991091066073,0.2198991091066073
so,W60p0,5,20,-0.21950243262732952,0.21950243262732952
thetao,W20p0,9,19,0.21941046322603103,0.21941046322603103
thetao,W30p0,2,1,0.2191751501784274,0.2191751501784274
so,W60p0,7,8,0.21893563534921984,0.21893563534921984
so,W20p0,7,8,0.21877591739102198,0.21877591739102198
so,W30p0,3,10,-0.2187418492840413,0.2187418492840413
so,W10p0,10,17,0.2184383544497842,0.2184383544497842
thetao,W10p0,1,19,-0.21829426208242134,0.21829426208242134
thetao,W60p0,4,5,-0.21828281297483046,0.21828281297483046
thetao,W40p0,2,3,0.21785153176893754,0.21785153176893754
thetao,W20p0,3,3,0.21781124938322058,0.21781124938322058
thetao,W40p0,3,3,0.21781115882038546,0.21781115882038546
thetao,W30p0,4,12,-0.21775595137710893,0.21775595137710893
thetao,W60p0,1,17,-0.21740001840231427,0.21740001840231427
thetao,W60p0,2,19,-0.21727798372747123,0.21727798372747123
thetao,W10p0,10,2,-0.21727494610269082,0.21727494610269082
so,W30p0,9,0,0.2172193949678074,0.2172193949678074
so,W20p0,9,20,-0.21718197113122303,0.21718197113122303
thetao,W30p0,1,7,-0.2168567221734301,0.2168567221734301
thetao,W30p0,4,11,-0.21684888974288388,0.21684888974288388
thetao,W20p0,5,11,0.21568552984422396,0.21568552984422396
thetao,W30p0,4,13,-0.21555825754631422,0.21555825754631422
so,W20p0,5,3,0.21502490057220747,0.21502490057220747
thetao,W20p0,7,12,-0.21490902225165187,0.21490902225165187
so,W30p0,3,12,-0.21446539425868993,0.21446539425868993
so,W40p0,10,5,-0.21427184672519103,0.21427184672519103
thetao,W10p0,2,5,0.21415687147433646,0.21415687147433646
thetao,W40p0,2,1,0.2140152695118179,0.2140152695118179
so,W10p0,8,1,-0.21398979497910398,0.21398979497910398
so,W30p0,1,13,-0.21360707658343706,0.21360707658343706
so,W30p0,3,8,-0.2135299547768362,0.2135299547768362
thetao,W30p0,1,5,-0.2134821213744774,0.2134821213744774
so,W40p0,4,0,0.21272934822930564,0.21272934822930564
so,W20p0,1,20,-0.21255328781888935,0.21255328781888935
thetao,W10p0,8,8,0.21240303338249455,0.21240303338249455
so,W40p0,3,8,0.21236139033674323,0.21236139033674323
thetao,W30p0,6,6,0.212337250717402,0.212337250717402
so,W10p0,10,18,0.21224333262721015,0.21224333262721015
so,W30p0,7,14,-0.21223803921592788,0.21223803921592788
so,W10p0,8,12,-0.21190979336321994,0.21190979336321994
so,W40p0,1,15,-0.21185226884329264,0.21185226884329264
thetao,W40p0,2,2,0.211794904906905,0.211794904906905
thetao,W60p0,6,12,0.21178289027734182,0.21178289027734182
so,W20p0,9,17,-0.21163208614358556,0.21163208614358556
thetao,W40p0,6,16,-0.21124680538729756,0.21124680538729756
thetao,W30p0,6,20,0.21086702820903702,0.21086702820903702
thetao,W10p0,2,9,0.21080791621818915,0.21080791621818915
so,W10p0,10,11,0.21069791938336088,0.21069791938336088
so,W30p0,3,7,-0.21047106176984023,0.21047106176984023
thetao,W30p0,3,17,-0.21038943037094457,0.21038943037094457
thetao,W40p0,6,15,-0.2101183926398088,0.2101183926398088
thetao,W60p0,7,9,0.20984578619065927,0.20984578619065927
thetao,W40p0,2,6,0.20972132541139876,0.20972132541139876
thetao,W10p0,10,3,-0.2095757386113966,0.2095757386113966
thetao,W30p0,8,2,0.20935969829268142,0.20935969829268142
thetao,W60p0,5,13,0.2090378570015115,0.2090378570015115
thetao,W60p0,2,3,-0.20902507269551954,0.20902507269551954
thetao,W10p0,3,20,0.2083945070656563,0.2083945070656563
thetao,W60p0,7,6,0.20826445771602833,0.20826445771602833
thetao,W10p0,2,10,0.20758673838291344,0.20758673838291344
thetao,W40p0,5,18,-0.20752513171798875,0.20752513171798875
so,W20p0,1,14,-0.20749947744443964,0.20749947744443964
so,W60p0,4,11,-0.2073661916735421,0.2073661916735421
thetao,W30p0,10,11,-0.20732622422975067,0.20732622422975067
so,W40p0,6,13,0.20729340127084528,0.20729340127084528
so,W60p0,3,20,-0.2066891972462509,0.2066891972462509
so,W10p0,10,16,0.20661800001855365,0.20661800001855365
thetao,W20p0,1,6,0.20651816099787793,0.20651816099787793
so,W10p0,10,15,0.20633370334122678,0.20633370334122678
thetao,W20p0,3,13,0.2062064228469296,0.2062064228469296
thetao,W10p0,6,7,-0.20489672166476128,0.20489672166476128
so,W10p0,3,7,0.20488099360728781,0.20488099360728781
so,W30p0,3,9,-0.2045334955696897,0.2045334955696897
thetao,W40p0,1,16,-0.20452827535311222,0.20452827535311222
thetao,W10p0,5,18,0.20410160494514298,0.20410160494514298
thetao,W10p0,2,3,0.2038026110820224,0.2038026110820224
so,W20p0,7,10,0.20362428406480082,0.20362428406480082
thetao,W60p0,3,9,-0.20358465075995044,0.20358465075995044
thetao,W30p0,2,6,0.20343170450609052,0.20343170450609052
thetao,W30p0,4,14,-0.20334968542815376,0.20334968542815376
thetao,W60p0,3,8,-0.20322336146735237,0.20322336146735237
thetao,W30p0,2,7,0.20312637279048573,0.20312637279048573
thetao,W10p0,10,11,-0.20293403279835856,0.20293403279835856
so,W60p0,2,1,-0.20231308521252683,0.20231308521252683
so,W30p0,4,4,0.20212915696855835,0.20212915696855835
thetao,W20p0,7,4,-0.20196489112189345,0.20196489112189345
thetao,W20p0,4,16,-0.2015554098402116,0.2015554098402116
thetao,W40p0,5,8,-0.20078590495871784,0.20078590495871784
so,W10p0,9,0,-0.20068675290908647,0.20068675290908647
so,W40p0,10,3,-0.20036622231163115,0.20036622231163115
thetao,W40p0,10,5,-0.20027066996810586,0.20027066996810586
thetao,W40p0,3,11,-0.20022686555626779,0.20022686555626779
so,W40p0,2,8,0.2001011365296462,0.2001011365296462
so,W10p0,6,13,0.1999610936631125,0.1999610936631125
so,W30p0,7,3,0.19948299700399028,0.19948299700399028
so,W30p0,6,5,0.19909324694463396,0.19909324694463396
so,W10p0,7,11,0.1990801619906393,0.1990801619906393
thetao,W10p0,2,7,0.1990497837228945,0.1990497837228945
thetao,W30p0,8,15,0.19904722566276384,0.19904722566276384
so,W20p0,5,2,0.1989256709043635,0.1989256709043635
so,W60p0,4,5,0.19855586352909332,0.19855586352909332
so,W20p0,8,18,-0.19794997451061347,0.19794997451061347
thetao,W20p0,10,10,0.197392732065647,0.197392732065647
so,W10p0,7,10,0.19679853398649985,0.19679853398649985
thetao,W10p0,2,6,0.1967259889480773,0.1967259889480773
so,W60p0,9,19,0.19632879871229988,0.19632879871229988
thetao,W60p0,7,5,0.196285596613778,0.196285596613778
thetao,W20p0,6,15,0.1958158288188673,0.1958158288188673
so,W20p0,5,1,0.19577196192927845,0.19577196192927845
thetao,W30p0,8,20,0.19545171644288928,0.19545171644288928
thetao,W10p0,5,3,0.19524318192849582,0.19524318192849582
thetao,W10p0,10,9,-0.19520325551533185,0.19520325551533185
so,W30p0,10,17,0.19519530954698847,0.19519530954698847
thetao,W30p0,2,20,-0.19518148693490117,0.19518148693490117
thetao,W10p0,2,4,0.1951544506332688,0.1951544506332688
thetao,W60p0,2,18,-0.19504165443159488,0.19504165443159488
thetao,W10p0,7,11,-0.19492496126919287,0.19492496126919287
so,W40p0,3,14,0.19476974863667892,0.19476974863667892
thetao,W30p0,5,13,-0.1946027344332949,0.1946027344332949
thetao,W20p0,5,14,0.19447559882104912,0.19447559882104912
so,W20p0,5,15,-0.19439280693286923,0.19439280693286923
so,W20p0,5,7,0.19428501032811732,0.19428501032811732
so,W40p0,5,13,0.19424228663001858,0.19424228663001858
thetao,W40p0,5,15,-0.1940763368293141,0.1940763368293141
so,W20p0,5,16,-0.19393823066897145,0.19393823066897145
thetao,W10p0,5,6,0.19317744647576235,0.19317744647576235
so,W10p0,7,0,-0.19316015858815042,0.19316015858815042
thetao,W20p0,1,17,-0.19274871000331026,0.19274871000331026
thetao,W30p0,10,20,-0.19261510096921114,0.19261510096921114
so,W60p0,7,6,0.19253954069797455,0.19253954069797455
so,W30p0,10,1,0.19215001698905187,0.19215001698905187
thetao,W20p0,4,12,-0.19203265809882988,0.19203265809882988
so,W40p0,2,7,0.1916755746683108,0.1916755746683108
thetao,W20p0,10,5,0.1911744083688789,0.1911744083688789
thetao,W20p0,1,16,-0.19097208574816943,0.19097208574816943
so,W20p0,1,13,-0.19069936425980832,0.19069936425980832
thetao,W10p0,5,4,0.19062704390448976,0.19062704390448976
so,W30p0,10,19,0.1906231855641792,0.1906231855641792
thetao,W10p0,5,5,0.19048571084842134,0.19048571084842134
thetao,W10p0,4,15,0.19018275063193457,0.19018275063193457
thetao,W20p0,7,13,-0.19012810209286785,0.19012810209286785
thetao,W30p0,2,17,-0.18994658222987515,0.18994658222987515
thetao,W20p0,8,1,-0.1896142993528684,0.1896142993528684
so,W60p0,9,16,0.18959640770544092,0.18959640770544092
so,W60p0,3,13,-0.18936219132446352,0.18936219132446352
thetao,W40p0,8,5,0.1887956249273175,0.1887956249273175
thetao,W20p0,3,14,0.18876925522459673,0.18876925522459673
thetao,W40p0,7,8,-0.18840586165633152,0.18840586165633152
thetao,W10p0,5,0,0.18797331157592928,0.18797331157592928
so,W30p0,8,2,-0.1876125094387149,0.1876125094387149
so,W60p0,6,13,0.18740135733312127,0.18740135733312127
thetao,W10p0,9,16,0.1873206608394334,0.1873206608394334
thetao,W60p0,9,8,-0.18709566242362788,0.18709566242362788
thetao,W30p0,9,11,0.18702511976523864,0.18702511976523864
thetao,W10p0,10,10,-0.18701280883911423,0.18701280883911423
so,W40p0,3,4,0.18701103925237042,0.18701103925237042
thetao,W10p0,10,7,-0.1869383667880556,0.1869383667880556
so,W30p0,6,7,0.18677090906495974,0.18677090906495974
thetao,W20p0,2,8,-0.1863486281906628,0.1863486281906628
so,W30p0,8,0,-0.18620318727584007,0.18620318727584007
so,W60p0,2,17,0.18595203655971995,0.18595203655971995
thetao,W40p0,5,9,-0.18589343906677683,0.18589343906677683
thetao,W30p0,8,9,0.1853195636860905,0.1853195636860905
thetao,W60p0,9,9,-0.1852032978658432,0.1852032978658432
thetao,W30p0,8,19,0.18506628408816508,0.18506628408816508
so,W30p0,4,15,-0.1848730201828747,0.1848730201828747
thetao,W30p0,3,8,-0.18389109445055374,0.18389109445055374
so,W10p0,2,12,0.18367145943900826,0.18367145943900826
thetao,W20p0,5,8,0.18358705235724085,0.18358705235724085
thetao,W30p0,7,1,-0.183435144478809,0.183435144478809
thetao,W20p0,10,12,0.1831605610884112,0.1831605610884112
thetao,W40p0,6,19,-0.18302666661226108,0.18302666661226108
thetao,W30p0,3,18,-0.1829775981965105,0.1829775981965105
thetao,W60p0,5,15,0.18282113914314083,0.18282113914314083
so,W10p0,5,1,0.1826932375180672,0.1826932375180672
thetao,W40p0,3,15,-0.1823926077812394,0.1823926077812394
so,W10p0,3,6,0.18190223746845982,0.18190223746845982
so,W20p0,6,17,-0.18167530888090838,0.18167530888090838
so,W40p0,6,5,0.1814420397846413,0.1814420397846413
so,W20p0,6,2,0.18135608664774927,0.18135608664774927
so,W30p0,5,17,-0.1810924617086965,0.1810924617086965
so,W30p0,10,0,0.18108461794119626,0.18108461794119626
so,W10p0,6,15,0.18087569517008092,0.18087569517008092
so,W60p0,8,1,0.18059741638360344,0.18059741638360344
thetao,W20p0,10,11,0.18051941884904354,0.18051941884904354
so,W20p0,6,3,0.18031841143294924,0.18031841143294924
thetao,W20p0,7,14,-0.18029751502828234,0.18029751502828234
so,W20p0,10,4,-0.17987345514054123,0.17987345514054123
thetao,W20p0,5,12,0.17951002082294373,0.17951002082294373
so,W10p0,7,12,0.17926239677425013,0.17926239677425013
thetao,W40p0,1,17,-0.1787522435160547,0.1787522435160547
thetao,W40p0,1,8,-0.17860214858967244,0.17860214858967244
thetao,W60p0,1,11,-0.1784726475495645,0.1784726475495645
so,W30p0,5,19,-0.1784370186717753,0.1784370186717753
so,W20p0,7,12,0.17831704498544432,0.17831704498544432
thetao,W20p0,9,9,-0.1782949054133649,0.1782949054133649
thetao,W60p0,6,19,0.17801882700161134,0.17801882700161134
thetao,W40p0,4,1,-0.17769671755179298,0.17769671755179298
so,W40p0,10,6,-0.1772220297951658,0.1772220297951658
thetao,W10p0,4,1,-0.17705815612213727,0.17705815612213727
so,W60p0,8,17,-0.17648557114385496,0.17648557114385496
thetao,W20p0,3,0,0.17633995312882128,0.17633995312882128
thetao,W40p0,6,7,0.17624168438001125,0.17624168438001125
so,W40p0,5,0,-0.17617930827384323,0.17617930827384323
thetao,W10p0,8,9,0.17584268695476213,0.17584268695476213
thetao,W40p0,1,0,0.17485381692388222,0.17485381692388222
so,W30p0,10,10,-0.17475906968973648,0.17475906968973648
thetao,W20p0,2,9,-0.17452942501041993,0.17452942501041993
thetao,W30p0,1,4,-0.17442946477771573,0.17442946477771573
so,W60p0,5,10,-0.1743782455910455,0.1743782455910455
thetao,W30p0,6,7,0.17409165953698036,0.17409165953698036
so,W20p0,5,4,0.17406612150285003,0.17406612150285003
thetao,W60p0,6,20,0.17402766579064066,0.17402766579064066
so,W40p0,7,8,0.1737506602130226,0.1737506602130226
so,W30p0,9,2,0.17340486091618687,0.17340486091618687
thetao,W10p0,8,10,0.17318300627989341,0.17318300627989341
so,W60p0,7,4,0.17309355940871,0.17309355940871
thetao,W60p0,5,12,0.1730628131750231,0.1730628131750231
so,W20p0,7,14,0.17270633068497318,0.17270633068497318
so,W20p0,7,9,0.17225274898871312,0.17225274898871312
thetao,W20p0,5,0,-0.17154572289767253,0.17154572289767253
so,W60p0,9,18,0.1713642410159896,0.1713642410159896
so,W40p0,1,16,-0.17110957035846458,0.17110957035846458
so,W40p0,5,7,-0.17091638485521915,0.17091638485521915
thetao,W10p0,4,13,0.17073654191471127,0.17073654191471127
thetao,W20p0,9,10,-0.17040001496137544,0.17040001496137544
thetao,W40p0,6,6,0.17035676186153312,0.17035676186153312
thetao,W30p0,1,14,-0.17003247159855653,0.17003247159855653
so,W40p0,6,6,0.16980139016452386,0.16980139016452386
thetao,W10p0,4,14,0.1698010159703052,0.1698010159703052
thetao,W20p0,1,15,-0.16949518983289855,0.16949518983289855
thetao,W10p0,1,18,-0.16946877235857533,0.16946877235857533
thetao,W60p0,5,16,0.16945744821588238,0.16945744821588238
so,W30p0,5,18,-0.16928200492851408,0.16928200492851408
so,W60p0,5,19,-0.16887664263078306,0.16887664263078306
thetao,W10p0,7,3,-0.16886776677113344,0.16886776677113344
thetao,W60p0,10,0,0.16884483360679836,0.16884483360679836
thetao,W30p0,8,1,0.1684940997815677,0.1684940997815677
thetao,W60p0,9,7,-0.1684898861960523,0.1684898861960523
thetao,W20p0,4,11,-0.1684161072897281,0.1684161072897281
so,W10p0,4,10,-0.16810220151405722,0.16810220151405722
so,W10p0,8,14,-0.16797321928461867,0.16797321928461867
so,W30p0,7,15,-0.16726143814829725,0.16726143814829725
thetao,W40p0,4,2,-0.16718136362585842,0.16718136362585842
thetao,W10p0,7,5,-0.16704122389856746,0.16704122389856746
thetao,W60p0,8,8,0.16700674323941023,0.16700674323941023
so,W40p0,3,6,0.1668558254277463,0.1668558254277463
so,W30p0,1,14,-0.16663974922663446,0.16663974922663446
so,W40p0,6,11,0.16662547941695838,0.16662547941695838
thetao,W40p0,7,20,0.16662051148891907,0.16662051148891907
thetao,W30p0,10,6,0.16620117897644515,0.16620117897644515
thetao,W40p0,3,9,-0.16618425631372435,0.16618425631372435
so,W30p0,7,2,0.1661555489718383,0.1661555489718383
thetao,W20p0,7,5,-0.16603335970303684,0.16603335970303684
so,W30p0,4,16,-0.16573350217240823,0.16573350217240823
so,W10p0,10,14,0.16563252200892306,0.16563252200892306
thetao,W20p0,10,6,0.16556170179024796,0.16556170179024796
thetao,W10p0,9,19,0.16527832363027317,0.16527832363027317
so,W40p0,6,16,0.16507159878566086,0.16507159878566086
so,W30p0,7,1,0.16500862250784584,0.16500862250784584
so,W20p0,9,16,-0.16480428316287327,0.16480428316287327
so,W60p0,5,11,-0.1640955473631261,0.1640955473631261
so,W10p0,7,9,0.16406255735424388,0.16406255735424388
so,W40p0,6,12,0.16393081462215386,0.16393081462215386
so,W40p0,4,8,0.16388557896249747,0.16388557896249747
thetao,W20p0,10,4,0.16378892999776667,0.16378892999776667
so,W30p0,4,14,-0.16358025650210847,0.16358025650210847
thetao,W60p0,1,5,0.16348874645513825,0.16348874645513825
so,W20p0,5,14,-0.16308039773669536,0.16308039773669536
thetao,W20p0,5,15,0.16301700827084736,0.16301700827084736
so,W60p0,3,11,-0.16293272563255018,0.16293272563255018
so,W10p0,9,8,-0.16292907586885755,0.16292907586885755
so,W60p0,5,0,-0.16274291137858388,0.16274291137858388
thetao,W30p0,4,15,-0.16211680584705146,0.16211680584705146
so,W20p0,3,11,0.16187471734174805,0.16187471734174805
so,W20p0,8,11,0.16164531463157422,0.16164531463157422
thetao,W30p0,1,19,0.16157036473021202,0.16157036473021202
thetao,W60p0,9,17,-0.16123209126410382,0.16123209126410382
thetao,W40p0,10,13,-0.16081861919639664,0.16081861919639664
thetao,W40p0,7,14,0.16079515701384411,0.16079515701384411
thetao,W60p0,9,1,-0.16038194115995524,0.16038194115995524
so,W10p0,10,13,0.16029844450088906,0.16029844450088906
so,W40p0,1,8,-0.16025266775812938,0.16025266775812938
thetao,W20p0,3,20,-0.16017961785411766,0.16017961785411766
so,W60p0,7,3,0.16016354522934992,0.16016354522934992
thetao,W10p0,6,8,-0.15980277622435837,0.15980277622435837
so,W30p0,9,6,-0.15831298726584198,0.15831298726584198
thetao,W20p0,5,13,0.1581664591522287,0.1581664591522287
thetao,W30p0,2,8,0.15778708763345034,0.15778708763345034
so,W60p0,1,19,0.15777150443946886,0.15777150443946886
so,W40p0,2,19,0.15773214314871611,0.15773214314871611
thetao,W10p0,1,20,-0.15753348414827192,0.15753348414827192
thetao,W60p0,8,3,0.15753300161262018,0.15753300161262018
thetao,W20p0,2,10,-0.15732176865605166,0.15732176865605166
thetao,W30p0,10,2,0.15730990934318614,0.15730990934318614
thetao,W60p0,8,7,0.1567775277577176,0.1567775277577176
so,W30p0,10,20,0.15667373336780463,0.15667373336780463
thetao,W20p0,3,15,0.15664534167719427,0.15664534167719427
so,W30p0,4,20,-0.15644198644117316,0.15644198644117316
so,W60p0,5,12,-0.15638827613911144,0.15638827613911144
thetao,W30p0,3,19,-0.15544182956410912,0.15544182956410912
so,W60p0,9,13,0.1551185505568175,0.1551185505568175
thetao,W30p0,8,17,0.15505955206703761,0.15505955206703761
thetao,W20p0,7,15,-0.15502619662278713,0.15502619662278713
thetao,W10p0,6,15,-0.1548479036385125,0.1548479036385125
so,W60p0,9,0,-0.15458362256730626,0.15458362256730626
thetao,W40p0,9,19,0.15425473710356505,0.15425473710356505
thetao,W20p0,9,8,-0.15412803756303056,0.15412803756303056
so,W10p0,9,9,-0.15407346701410934,0.15407346701410934
so,W10p0,8,15,-0.1539400864763206,0.1539400864763206
so,W20p0,9,2,0.15391440755267077,0.15391440755267077
so,W30p0,9,1,0.15382566498411426,0.15382566498411426
thetao,W10p0,1,3,-0.15375532004153197,0.15375532004153197
thetao,W10p0,9,5,0.15298961896952906,0.15298961896952906
thetao,W20p0,5,3,-0.1529313548705702,0.1529313548705702
so,W60p0,5,6,-0.15280855769987514,0.15280855769987514
so,W60p0,4,10,-0.15271715206570458,0.15271715206570458
thetao,W20p0,4,14,-0.1525892088556397,0.1525892088556397
so,W40p0,7,6,0.1521856198017315,0.1521856198017315
so,W30p0,7,4,0.15218261846837317,0.15218261846837317
so,W20p0,6,18,-0.15213201692568096,0.15213201692568096
thetao,W20p0,8,13,0.15207242728672596,0.15207242728672596
thetao,W10p0,1,17,-0.1520683232000958,0.1520683232000958
thetao,W20p0,6,14,0.15205634835983006,0.15205634835983006
so,W20p0,7,13,0.1517491880056139,0.1517491880056139
thetao,W30p0,1,0,0.15148180052982946,0.15148180052982946
so,W60p0,4,12,-0.15139636020463754,0.15139636020463754
thetao,W40p0,7,0,-0.15115220397064807,0.15115220397064807
thetao,W10p0,6,1,-0.151027386791786,0.151027386791786
so,W60p0,10,4,0.1507638230046547,0.1507638230046547
so,W60p0,3,12,-0.15043342753328165,0.15043342753328165
thetao,W40p0,5,11,-0.15012743119634792,0.15012743119634792
thetao,W40p0,9,4,0.1500469400045083,0.1500469400045083
thetao,W30p0,10,3,0.14961262901961467,0.14961262901961467
thetao,W60p0,6,5,0.1490567724693569,0.1490567724693569
thetao,W10p0,5,7,0.1486826270123662,0.1486826270123662
so,W60p0,5,18,-0.14868255049696247,0.14868255049696247
thetao,W20p0,9,18,0.14851999915548927,0.14851999915548927
thetao,W20p0,4,7,-0.1484906817091263,0.1484906817091263
so,W20p0,2,12,0.14841678811904369,0.14841678811904369
thetao,W20p0,1,0,0.14809029615700015,0.14809029615700015
thetao,W10p0,4,3,-0.14807368057123574,0.14807368057123574
thetao,W60p0,10,11,-0.14804152803232368,0.14804152803232368
so,W10p0,6,20,0.14792303783136787,0.14792303783136787
thetao,W10p0,6,5,-0.14767414924298486,0.14767414924298486
so,W30p0,10,11,-0.14753641785446994,0.14753641785446994
so,W30p0,4,11,-0.14746961574872067,0.14746961574872067
thetao,W30p0,8,7,0.14708242255842222,0.14708242255842222
so,W30p0,4,8,0.14705150655172802,0.14705150655172802
thetao,W20p0,8,14,0.14700863894019278,0.14700863894019278
thetao,W40p0,7,10,-0.14679683181507308,0.14679683181507308
thetao,W30p0,4,19,0.14677935097876038,0.14677935097876038
so,W30p0,5,6,-0.14672612917598377,0.14672612917598377
thetao,W60p0,3,7,-0.14637337458447278,0.14637337458447278
so,W30p0,8,20,-0.1460570231990491,0.1460570231990491
thetao,W20p0,1,7,0.14596944898519743,0.14596944898519743
so,W60p0,1,8,0.1457713492189885,0.1457713492189885
thetao,W20p0,4,8,-0.14575609939162287,0.14575609939162287
thetao,W60p0,7,11,0.14569630542789525,0.14569630542789525
so,W40p0,3,17,0.14562093110755248,0.14562093110755248
so,W20p0,6,16,-0.14561818083427658,0.14561818083427658
so,W40p0,10,2,-0.14539712039425767,0.14539712039425767
so,W40p0,4,9,0.14504862449948308,0.14504862449948308
so,W60p0,2,11,0.1449149780614374,0.1449149780614374
so,W20p0,7,17,0.14476667994926165,0.14476667994926165
so,W60p0,9,12,0.14475948077138406,0.14475948077138406
so,W60p0,6,19,0.14467912845240585,0.14467912845240585
thetao,W30p0,8,11,0.1446774471577169,0.1446774471577169
thetao,W60p0,9,10,-0.14445452172435394,0.14445452172435394
so,W10p0,5,12,-0.1441851514202885,0.1441851514202885
so,W20p0,8,5,-0.14391543662070694,0.14391543662070694
so,W30p0,10,14,0.143580227173307,0.143580227173307
so,W60p0,5,7,-0.14354644500026875,0.14354644500026875
thetao,W20p0,5,7,0.14347836900822877,0.14347836900822877
so,W60p0,2,2,-0.1433613896383268,0.1433613896383268
thetao,W30p0,7,20,-0.14304480629523594,0.14304480629523594
thetao,W30p0,5,12,-0.14292971234750595,0.14292971234750595
so,W40p0,10,1,-0.1428889139187906,0.1428889139187906
thetao,W30p0,8,8,0.14274342671780588,0.14274342671780588
thetao,W10p0,9,0,0.14262249279635808,0.14262249279635808
thetao,W60p0,8,9,0.1420839864860132,0.1420839864860132
thetao,W40p0,3,10,-0.14147887206512166,0.14147887206512166
so,W40p0,8,13,0.14140697561230697,0.14140697561230697
thetao,W10p0,1,1,-0.14137480571628702,0.14137480571628702
thetao,W60p0,5,17,0.14104530967338186,0.14104530967338186
so,W30p0,6,8,0.14103041950110276,0.14103041950110276
so,W30p0,6,17,-0.14100476296532877,0.14100476296532877
so,W30p0,10,2,0.14077348660695646,0.14077348660695646
thetao,W60p0,10,10,-0.14066860626573352,0.14066860626573352
so,W10p0,5,11,-0.14057712628603788,0.14057712628603788
thetao,W30p0,9,0,-0.14056618367117976,0.14056618367117976
thetao,W20p0,1,18,-0.14053857328549274,0.14053857328549274
thetao,W60p0,6,13,0.14053469058917778,0.14053469058917778
thetao,W60p0,10,2,0.1405265213478255,0.1405265213478255
so,W60p0,10,20,0.14048513774859295,0.14048513774859295
thetao,W30p0,9,10,0.14035132761037925,0.14035132761037925
thetao,W60p0,7,15,0.1402632480754122,0.1402632480754122
thetao,W20p0,10,13,0.14018082564672363,0.14018082564672363
so,W30p0,4,19,-0.140103678097299,0.140103678097299
so,W30p0,6,4,0.1399975278461031,0.1399975278461031
so,W20p0,4,7,-0.1399810472703001,0.1399810472703001
so,W20p0,7,7,0.13985526721346622,0.13985526721346622
thetao,W20p0,7,3,-0.1396891811356884,0.1396891811356884
thetao,W60p0,3,5,-0.13953107795571096,0.13953107795571096
so,W60p0,4,15,-0.13935987148151535,0.13935987148151535
so,W30p0,4,13,-0.13877441887989528,0.13877441887989528
so,W30p0,2,18,0.13866655910364678,0.13866655910364678
thetao,W20p0,2,7,-0.13854829898319115,0.13854829898319115
thetao,W30p0,5,6,-0.13823826907517328,0.13823826907517328
thetao,W30p0,4,5,0.13798625439871942,0.13798625439871942
thetao,W10p0,2,11,0.13794585701429524,0.13794585701429524
thetao,W10p0,4,2,-0.13780879871865476,0.13780879871865476
so,W20p0,7,18,0.1375711840031449,0.1375711840031449
thetao,W20p0,4,9,-0.1371435886504219,0.1371435886504219
so,W10p0,9,10,-0.13713725433043553,0.13713725433043553
thetao,W20p0,2,6,-0.13710243918876563,0.13710243918876563
so,W60p0,2,10,0.13709011200155946,0.13709011200155946
thetao,W40p0,9,9,-0.13703908390891653,0.13703908390891653
so,W30p0,7,13,-0.13700948281809572,0.13700948281809572
so,W60p0,10,19,0.13695681084353314,0.13695681084353314
thetao,W60p0,9,0,-0.1368165081412542,0.1368165081412542
so,W60p0,7,5,0.13668502249554348,0.13668502249554348
so,W20p0,8,12,0.136650651302785,0.136650651302785
so,W20p0,1,12,-0.13646743996807625,0.13646743996807625
so,W20p0,8,0,-0.13642019676692457,0.13642019676692457
so,W60p0,4,13,-0.13637193023272023,0.13637193023272023
so,W60p0,8,16,-0.13636236103789243,0.13636236103789243
so,W30p0,4,1,0.13600917800407328,0.13600917800407328
thetao,W30p0,2,16,-0.13589908308124862,0.13589908308124862
thetao,W10p0,5,17,0.13575898564169064,0.13575898564169064
thetao,W20p0,4,0,-0.13573249377282945,0.13573249377282945
so,W30p0,3,0,-0.13542359395614292,0.13542359395614292
so,W20p0,10,5,-0.13537403189135713,0.13537403189135713
thetao,W20p0,8,8,-0.13527012508094957,0.13527012508094957
so,W20p0,8,15,0.1350167093264737,0.1350167093264737
so,W30p0,4,0,0.13437846193853425,0.13437846193853425
thetao,W20p0,8,2,-0.13432247104254352,0.13432247104254352
thetao,W10p0,4,16,0.13416087296816087,0.13416087296816087
thetao,W60p0,7,4,0.13411167647529793,0.13411167647529793
thetao,W20p0,8,7,-0.13402710658324662,0.13402710658324662
thetao,W20p0,9,12,-0.1339591063171816,0.1339591063171816
thetao,W30p0,1,15,-0.13376059161910803,0.13376059161910803
thetao,W30p0,8,5,0.1335169103712012,0.1335169103712012
thetao,W30p0,8,10,0.13336033300707742,0.13336033300707742
so,W30p0,4,17,-0.13331214030033742,0.13331214030033742
thetao,W10p0,10,12,-0.13328116013061936,0.13328116013061936
so,W30p0,3,20,-0.13323668823489287,0.13323668823489287
so,W60p0,10,3,0.1331394711722832,0.1331394711722832
so,W30p0,10,18,0.13261177179722092,0.13261177179722092
so,W60p0,10,14,0.13260227544885472,0.13260227544885472
so,W60p0,3,4,0.13215301464228216,0.13215301464228216
thetao,W30p0,6,19,0.13212692684503394,0.13212692684503394
so,W20p0,3,17,0.1316817887317417,0.1316817887317417
so,W30p0,5,20,-0.1315819542748205,0.1315819542748205
thetao,W10p0,7,10,-0.1315581571191691,0.1315581571191691
so,W60p0,6,16,0.13150746160645108,0.13150746160645108
thetao,W20p0,1,14,-0.13150706299402545,0.13150706299402545
so,W10p0,8,13,-0.13149165110616828,0.13149165110616828
thetao,W10p0,3,1,-0.1313805069810821,0.1313805069810821
thetao,W10p0,10,8,-0.1313364760991951,0.1313364760991951
so,W30p0,7,6,0.131317933432222,0.131317933432222
thetao,W40p0,1,18,-0.13130896488032529,0.13130896488032529
thetao,W10p0,5,8,0.13122079229857805,0.13122079229857805
thetao,W40p0,5,14,-0.1310974927890698,0.1310974927890698
thetao,W20p0,9,11,-0.13099831392624717,0.13099831392624717
thetao,W20p0,7,11,-0.13081894268161964,0.13081894268161964
so,W30p0,4,10,-0.13057089300814528,0.13057089300814528
so,W40p0,6,9,0.13049246285092517,0.13049246285092517
so,W10p0,1,8,0.13044024789458403,0.13044024789458403
so,W20p0,3,12,0.13043498794593314,0.13043498794593314
so,W10p0,6,12,0.13016417363101176,0.13016417363101176
so,W40p0,3,15,0.12936887371676803,0.12936887371676803
so,W60p0,4,4,0.12916557542055931,0.12916557542055931
so,W60p0,4,6,0.1291356113672469,0.1291356113672469
thetao,W30p0,5,5,-0.12899089117698,0.12899089117698
thetao,W40p0,1,7,-0.12883922727840352,0.12883922727840352
so,W10p0,7,1,-0.1288194878298117,0.1288194878298117
so,W40p0,6,8,0.1287162372441973,0.1287162372441973
so,W20p0,3,16,0.12864076222094287,0.12864076222094287
thetao,W20p0,4,15,-0.12848221076740973,0.12848221076740973
thetao,W60p0,6,4,0.12816868455139416,0.12816868455139416
thetao,W20p0,5,16,0.12802280829267812,0.12802280829267812
thetao,W30p0,3,6,-0.12785936861944686,0.12785936861944686
thetao,W10p0,9,20,0.12768050952412618,0.12768050952412618
so,W20p0,9,15,-0.12761602516960588,0.12761602516960588
thetao,W60p0,10,18,0.1275028651744825,0.1275028651744825
thetao,W60p0,2,4,-0.12744962562475542,0.12744962562475542
thetao,W20p0,9,4,-0.12720947904634383,0.12720947904634383
thetao,W60p0,10,9,-0.12714768130835516,0.12714768130835516
so,W10p0,5,10,-0.1269723928273203,0.1269723928273203
thetao,W60p0,10,15,0.12697010912611542,0.12697010912611542
thetao,W30p0,5,0,0.1268659643796428,0.1268659643796428
so,W30p0,2,5,0.12661682345626174,0.12661682345626174
so,W30p0,10,9,-0.1263484857682536,0.1263484857682536
thetao,W60p0,7,14,0.12626728509749854,0.12626728509749854
so,W40p0,1,7,-0.126141765914481,0.126141765914481
so,W10p0,5,2,0.12599141216586965,0.12599141216586965
thetao,W10p0,9,1,0.12598999427696703,0.12598999427696703
thetao,W10p0,8,12,0.12598590807087315,0.12598590807087315
so,W30p0,2,17,0.12594214503164097,0.12594214503164097
so,W10p0,2,13,0.12588425146598117,0.12588425146598117
so,W20p0,8,17,-0.1256530180207351,0.1256530180207351
so,W10p0,4,17,-0.12549080083968034,0.12549080083968034
so,W30p0,9,16,-0.12540449356960878,0.12540449356960878
so,W20p0,9,14,-0.12537500334679455,0.12537500334679455
thetao,W30p0,10,5,0.12524605346722606,0.12524605346722606
thetao,W60p0,5,10,0.12506417204733242,0.12506417204733242
thetao,W20p0,4,10,-0.12505862868383008,0.12505862868383008
thetao,W10p0,4,0,-0.1250313674243125,0.1250313674243125
so,W20p0,7,15,0.12502150615609908,0.12502150615609908
thetao,W40p0,6,8,0.12496549878282272,0.12496549878282272
thetao,W40p0,9,10,-0.12482850565239267,0.12482850565239267
so,W60p0,10,1,0.12480506776707381,0.12480506776707381
thetao,W30p0,8,18,0.12456941974554599,0.12456941974554599
so,W40p0,3,19,0.12447782473421282,0.12447782473421282
so,W10p0,3,8,0.12435583038586079,0.12435583038586079
thetao,W60p0,4,12,-0.12409631807355692,0.12409631807355692
thetao,W20p0,6,13,0.12395951297248733,0.12395951297248733
so,W60p0,8,20,-0.12393373453762722,0.12393373453762722
thetao,W30p0,9,9,0.12384179468339938,0.12384179468339938
so,W30p0,9,10,-0.12359635025490928,0.12359635025490928
thetao,W30p0,8,3,0.12348152014816417,0.12348152014816417
thetao,W40p0,9,20,0.12347724272629065,0.12347724272629065
so,W20p0,8,19,-0.12347292609195257,0.12347292609195257
so,W60p0,4,16,-0.12344290177746273,0.12344290177746273
thetao,W20p0,7,10,-0.12332690204933912,0.12332690204933912
thetao,W10p0,5,9,0.12318454122098825,0.12318454122098825
so,W60p0,7,7,0.12310758743626281,0.12310758743626281
so,W20p0,6,19,-0.12308498906485721,0.12308498906485721
thetao,W30p0,3,7,-0.12304029061867634,0.12304029061867634
thetao,W10p0,5,16,0.12276899533301544,0.12276899533301544
so,W60p0,5,8,-0.1225576150763275,0.1225576150763275
so,W20p0,7,4,-0.12242224531662878,0.12242224531662878
so,W40p0,10,15,0.1222887866479936,0.1222887866479936
thetao,W30p0,10,10,-0.12185704126512019,0.12185704126512019
thetao,W40p0,3,4,0.12169943276986833,0.12169943276986833
so,W30p0,10,7,0.12166478871546489,0.12166478871546489
so,W60p0,2,18,0.1216247318856019,0.1216247318856019
so,W40p0,3,16,0.1216239575588358,0.1216239575588358
thetao,W60p0,10,20,0.12141606390717542,0.12141606390717542
thetao,W10p0,10,15,-0.12139799486564909,0.12139799486564909
thetao,W10p0,4,19,-0.12138400030798009,0.12138400030798009
so,W10p0,9,7,-0.12135664278443804,0.12135664278443804
thetao,W10p0,3,19,0.12116678675670783,0.12116678675670783
so,W10p0,9,11,-0.12102942492998071,0.12102942492998071
so,W10p0,9,6,-0.12101724619194565,0.12101724619194565
so,W40p0,6,17,0.12077199448797933,0.12077199448797933
so,W60p0,5,9,-0.12072637926269066,0.12072637926269066
so,W60p0,6,15,0.12062717990905066,0.12062717990905066
so,W10p0,1,9,0.12054495390725536,0.12054495390725536
so,W20p0,7,16,0.12048222807447313,0.12048222807447313
thetao,W10p0,9,18,0.12017809149263721,0.12017809149263721
so,W20p0,7,6,0.12011463527153307,0.12011463527153307
so,W30p0,1,20,0.11991309970184438,0.11991309970184438
thetao,W60p0,3,3,-0.11938101534509526,0.11938101534509526
so,W40p0,7,17,0.11929423367838664,0.11929423367838664
thetao,W30p0,10,7,0.11895379254601023,0.11895379254601023
so,W60p0,1,9,0.11892518471949094,0.11892518471949094
thetao,W40p0,1,1,0.11886537848620822,0.11886537848620822
thetao,W60p0,7,10,0.11864099929263001,0.11864099929263001
thetao,W30p0,4,10,-0.11850206396640495,0.11850206396640495
so,W30p0,5,5,-0.11817251302368659,0.11817251302368659
thetao,W60p0,9,5,-0.1180216961453568,0.1180216961453568
so,W40p0,1,17,-0.11797139137218968,0.11797139137218968
thetao,W40p0,10,6,-0.11790392491784471,0.11790392491784471
thetao,W40p0,8,6,0.11765566914239575,0.11765566914239575
thetao,W60p0,4,14,-0.11761547049192539,0.11761547049192539
thetao,W10p0,2,13,0.11720939766426403,0.11720939766426403
so,W20p0,5,13,-0.11707693151972647,0.11707693151972647
thetao,W40p0,7,9,-0.11699607566505707,0.11699607566505707
thetao,W40p0,5,10,-0.11694005907509637,0.11694005907509637
so,W20p0,6,4,0.11691154512282222,0.11691154512282222
so,W10p0,6,8,-0.11665012769894152,0.11665012769894152
thetao,W10p0,9,2,0.11655266713152913,0.11655266713152913
thetao,W60p0,1,6,0.11654673031159123,0.11654673031159123
thetao,W30p0,7,19,-0.11635838378316847,0.11635838378316847
thetao,W20p0,10,19,-0.11620548295238363,0.11620548295238363
thetao,W10p0,10,13,-0.11615301523631674,0.11615301523631674
thetao,W20p0,2,1,-0.11576097312529965,0.11576097312529965
thetao,W20p0,8,20,-0.11569608722120393,0.11569608722120393
so,W60p0,9,17,0.11529081270095123,0.11529081270095123
thetao,W20p0,3,19,-0.11526857187855803,0.11526857187855803
so,W30p0,9,13,-0.11520521167474232,0.11520521167474232
so,W10p0,6,5,0.11516713627792398,0.11516713627792398
thetao,W60p0,9,11,-0.11479053226562345,0.11479053226562345
so,W30p0,8,3,-0.11427504122415073,0.11427504122415073
thetao,W20p0,5,2,-0.1142301032693485,0.1142301032693485
so,W60p0,6,18,0.11420948959191557,0.11420948959191557
thetao,W60p0,4,13,-0.1141567817441694,0.1141567817441694
so,W60p0,10,17,0.11397228798869527,0.11397228798869527
so,W30p0,4,12,-0.11376396030431464,0.11376396030431464
so,W30p0,10,6,0.11346319348516073,0.11346319348516073
thetao,W10p0,1,4,-0.11343154561422095,0.11343154561422095
so,W10p0,3,20,-0.1131958745235012,0.1131958745235012
so,W30p0,3,13,-0.11297374395083083,0.11297374395083083
thetao,W60p0,10,12,-0.11296463945158455,0.11296463945158455
thetao,W60p0,6,2,0.11274137987810949,0.11274137987810949
thetao,W20p0,5,1,-0.11264081124044642,0.11264081124044642
thetao,W20p0,1,13,-0.11259781816499247,0.11259781816499247
so,W10p0,5,9,-0.11256325360758267,0.11256325360758267
thetao,W30p0,3,5,-0.11250288614665556,0.11250288614665556
so,W30p0,4,3,0.11224136300819432,0.11224136300819432
so,W10p0,5,8,-0.11220673136929389,0.11220673136929389
so,W60p0,5,17,-0.11209795211279547,0.11209795211279547
so,W30p0,9,4,0.11195435438593829,0.11195435438593829
thetao,W10p0,6,9,-0.11193832496334435,0.11193832496334435
so,W10p0,10,7,0.11162384861143321,0.11162384861143321
thetao,W10p0,5,10,0.11139992771048937,0.11139992771048937
so,W30p0,4,18,-0.111140813112077,0.111140813112077
thetao,W20p0,1,8,0.11102900579301736,0.11102900579301736
thetao,W40p0,6,12,-0.11091779663847233,0.11091779663847233
thetao,W30p0,7,2,-0.11067546261043593,0.11067546261043593
thetao,W60p0,2,17,-0.11035557401178603,0.11035557401178603
so,W60p0,5,5,-0.10985468612052107,0.10985468612052107
so,W20p0,9,3,0.10982420088915097,0.10982420088915097
so,W40p0,6,10,0.10981483003323972,0.10981483003323972
thetao,W10p0,4,12,0.10977776571235585,0.10977776571235585
thetao,W10p0,8,13,0.10952212921743512,0.10952212921743512
so,W30p0,2,4,0.1094073825376968,0.1094073825376968
thetao,W30p0,10,4,0.10933696302840107,0.10933696302840107
so,W20p0,5,20,-0.10932128709512533,0.10932128709512533
thetao,W40p0,9,5,0.10921399787265053,0.10921399787265053
so,W40p0,10,12,-0.10918036788165103,0.10918036788165103
thetao,W60p0,8,0,0.10889941443208742,0.10889941443208742
thetao,W10p0,4,17,0.10889604286862381,0.10889604286862381
thetao,W60p0,1,7,0.10884347463968722,0.10884347463968722
so,W20p0,6,15,-0.10880575969662841,0.10880575969662841
thetao,W30p0,8,6,0.10851216514050913,0.10851216514050913
thetao,W60p0,5,9,0.10845612162676985,0.10845612162676985
thetao,W60p0,5,19,0.10845202041816585,0.10845202041816585
thetao,W10p0,10,14,-0.10836721330807246,0.10836721330807246
thetao,W60p0,8,11,0.10829595380313989,0.10829595380313989
thetao,W20p0,2,11,-0.10821141544131276,0.10821141544131276
so,W30p0,5,16,-0.10814682412867493,0.10814682412867493
thetao,W30p0,10,1,0.10792704675092882,0.10792704675092882
thetao,W20p0,2,5,-0.10790764387164413,0.10790764387164413
thetao,W40p0,8,13,-0.10789870660239802,0.10789870660239802
thetao,W60p0,10,17,0.1077676887882076,0.1077676887882076
thetao,W30p0,2,9,0.1076819173777385,0.1076819173777385
so,W40p0,10,0,-0.10765475804248069,0.10765475804248069
so,W20p0,9,1,0.10747543786955403,0.10747543786955403
so,W20p0,1,0,-0.10738127765638471,0.10738127765638471
so,W30p0,9,11,-0.1072764475603465,0.1072764475603465
thetao,W30p0,1,3,-0.10721444644543313,0.10721444644543313
so,W60p0,7,2,0.10703667034286984,0.10703667034286984
so,W60p0,4,8,-0.10691934087145667,0.10691934087145667
so,W40p0,5,11,0.10685086822761386,0.10685086822761386
thetao,W60p0,7,3,0.1068245232934089,0.1068245232934089
so,W10p0,5,16,-0.10679983899866713,0.10679983899866713
so,W60p0,6,20,0.10665139156818289,0.10665139156818289
so,W10p0,6,19,0.10642388285214915,0.10642388285214915
so,W60p0,1,14,-0.10599953536286366,0.10599953536286366
so,W30p0,6,3,0.1058658926599774,0.1058658926599774
so,W60p0,3,3,0.10584328746230669,0.10584328746230669
so,W40p0,2,10,0.1057719427852498,0.1057719427852498
thetao,W30p0,7,13,0.1057260322015514,0.1057260322015514
thetao,W10p0,7,8,-0.10572268236218096,0.10572268236218096
so,W20p0,3,0,0.10568148654136174,0.10568148654136174
thetao,W20p0,2,3,-0.1052434648476517,0.1052434648476517
thetao,W30p0,2,0,-0.10491463494924547,0.10491463494924547
so,W60p0,5,1,-0.10484606955469251,0.10484606955469251
thetao,W10p0,8,11,0.10482884602426414,0.10482884602426414
thetao,W10p0,3,3,-0.10476285223056653,0.10476285223056653
thetao,W40p0,2,0,0.10475152316166171,0.10475152316166171
thetao,W40p0,1,6,-0.10472754914073032,0.10472754914073032
so,W30p0,4,2,0.10465215147461664,0.10465215147461664
thetao,W40p0,7,6,-0.10465209805964971,0.10465209805964971
so,W40p0,9,2,0.1046357770727596,0.1046357770727596
thetao,W10p0,1,2,-0.10461901729634922,0.10461901729634922
thetao,W20p0,2,13,-0.10428347594975376,0.10428347594975376
thetao,W20p0,9,1,-0.10419489167475758,0.10419489167475758
so,W20p0,2,13,0.10416344513735834,0.10416344513735834
thetao,W40p0,3,20,0.10395236752431207,0.10395236752431207
thetao,W60p0,1,20,0.10390974880912984,0.10390974880912984
thetao,W40p0,9,18,0.10385070941152114,0.10385070941152114
thetao,W60p0,9,16,-0.10348571484905084,0.10348571484905084
so,W30p0,9,7,-0.10334043670312272,0.10334043670312272
so,W10p0,10,10,0.10315990745395882,0.10315990745395882
so,W30p0,7,19,-0.10303760111908837,0.10303760111908837
thetao,W20p0,4,3,-0.1028814613706182,0.1028814613706182
so,W10p0,7,8,0.10286839286731898,0.10286839286731898
so,W10p0,1,18,0.10272433715949447,0.10272433715949447
thetao,W40p0,10,12,-0.10268792380695439,0.10268792380695439
so,W40p0,2,18,0.10251612884300561,0.10251612884300561
so,W40p0,10,9,-0.10238493259277308,0.10238493259277308
so,W20p0,9,5,0.10222010005143851,0.10222010005143851
so,W60p0,9,8,-0.10221019484631426,0.10221019484631426
so,W40p0,1,20,0.10194660870591297,0.10194660870591297
so,W60p0,10,2,0.10182060626128,0.10182060626128
thetao,W60p0,6,1,0.10159872773951897,0.10159872773951897
thetao,W10p0,10,20,0.1015168068205188,0.1015168068205188
thetao,W40p0,6,20,-0.10148147795329457,0.10148147795329457
thetao,W20p0,7,0,-0.1014473986100908,0.1014473986100908
thetao,W40p0,3,16,-0.10143298476193743,0.10143298476193743
thetao,W20p0,9,3,-0.10125520069430882,0.10125520069430882
thetao,W10p0,3,2,-0.10114671139882493,0.10114671139882493
so,W40p0,4,7,0.1009907738874595,0.1009907738874595
thetao,W30p0,8,12,0.10087347158238329,0.10087347158238329
so,W40p0,6,7,0.10087069765305479,0.10087069765305479
thetao,W60p0,7,12,0.10068928315283596,0.10068928315283596
so,W60p0,10,6,0.1006776376118967,0.1006776376118967
thetao,W10p0,6,14,-0.10062137708858918,0.10062137708858918
thetao,W30p0,2,15,-0.10053677119713915,0.10053677119713915
so,W60p0,9,11,0.10034526329959634,0.10034526329959634
so,W10p0,3,18,0.10032292657083243,0.10032292657083243
thetao,W60p0,10,5,0.1000601188307122,0.1000601188307122
thetao,W10p0,9,4,0.09987843366342207,0.09987843366342207
so,W10p0,1,15,-0.09982653797440774,0.09982653797440774
thetao,W60p0,10,3,0.09981653523903106,0.09981653523903106
so,W10p0,10,5,0.09980000876238514,0.09980000876238514
so,W20p0,3,7,-0.09976003796443718,0.09976003796443718
so,W20p0,3,13,0.09971878841091354,0.09971878841091354
so,W40p0,5,8,-0.09966364330049288,0.09966364330049288
so,W60p0,2,0,-0.09935854798284782,0.09935854798284782
so,W30p0,9,15,-0.09930804128538372,0.09930804128538372
so,W20p0,5,8,0.0993048284368685,0.0993048284368685
so,W30p0,6,16,-0.09901040339119867,0.09901040339119867
so,W60p0,8,2,0.09896639415601531,0.09896639415601531
thetao,W20p0,1,12,-0.09894797372964012,0.09894797372964012
thetao,W30p0,8,4,0.09867139321323753,0.09867139321323753
thetao,W40p0,9,0,-0.09849842064696086,0.09849842064696086
thetao,W40p0,9,11,-0.09847018511866995,0.09847018511866995
so,W40p0,7,19,0.09829971152241106,0.09829971152241106
thetao,W60p0,1,10,-0.09818818152506847,0.09818818152506847
thetao,W20p0,9,5,-0.09818027735459649,0.09818027735459649
so,W10p0,10,20,0.09807582451801805,0.09807582451801805
thetao,W40p0,7,4,-0.0980458927201912,0.0980458927201912
thetao,W20p0,2,4,-0.09770091084929068,0.09770091084929068
thetao,W60p0,5,4,0.09735144708261262,0.09735144708261262
thetao,W40p0,5,12,-0.09731836796483903,0.09731836796483903
so,W10p0,5,17,-0.09711462286368981,0.09711462286368981
so,W20p0,8,6,-0.09678655126987991,0.09678655126987991
so,W40p0,1,5,-0.09669010214403458,0.09669010214403458
thetao,W10p0,6,2,-0.09665261560344234,0.09665261560344234
so,W60p0,1,13,-0.09664007433733883,0.09664007433733883
thetao,W10p0,1,6,-0.09654653173035557,0.09654653173035557
so,W30p0,7,5,0.09646051856300734,0.09646051856300734
thetao,W20p0,6,1,0.09643567031128357,0.09643567031128357
thetao,W60p0,10,19,0.09618059644045064,0.09618059644045064
so,W60p0,10,10,-0.0958508105985527,0.0958508105985527
so,W10p0,2,14,0.09584187495691456,0.09584187495691456
so,W10p0,3,11,-0.09566640476590058,0.09566640476590058
so,W30p0,6,9,0.0955107456860115,0.0955107456860115
thetao,W30p0,1,16,-0.09535533971425027,0.09535533971425027
so,W40p0,1,6,-0.09525513125914913,0.09525513125914913
thetao,W60p0,4,6,-0.0952361311634641,0.0952361311634641
so,W20p0,4,10,0.09518935997269319,0.09518935997269319
so,W10p0,8,18,-0.09496912539232483,0.09496912539232483
so,W60p0,5,2,-0.09492641561583638,0.09492641561583638
so,W30p0,10,8,-0.09492584766395523,0.09492584766395523
so,W40p0,10,8,-0.09490402534317255,0.09490402534317255
thetao,W60p0,9,4,-0.09486335738522982,0.09486335738522982
thetao,W20p0,2,12,-0.09480982128467626,0.09480982128467626
so,W10p0,1,7,0.09466365092107794,0.09466365092107794
so,W40p0,4,16,-0.09457962578688625,0.09457962578688625
thetao,W10p0,1,0,-0.09455236295183377,0.09455236295183377
so,W60p0,1,18,0.09420827543491525,0.09420827543491525
so,W60p0,9,1,0.09371540389454067,0.09371540389454067
so,W40p0,3,18,0.09365247710446017,0.09365247710446017
so,W30p0,10,3,0.09356560920208967,0.09356560920208967
thetao,W60p0,5,1,0.09319493529759507,0.09319493529759507
thetao,W10p0,6,12,0.09304144692946666,0.09304144692946666
thetao,W40p0,10,9,-0.0927269992015458,0.0927269992015458
so,W10p0,6,17,0.09242968455530039,0.09242968455530039
thetao,W40p0,8,7,0.09235283382980242,0.09235283382980242
thetao,W10p0,7,9,-0.09213870229279064,0.09213870229279064
thetao,W30p0,4,18,0.09198617980124466,0.09198617980124466
thetao,W20p0,9,7,-0.09186232459246502,0.09186232459246502
thetao,W40p0,4,0,-0.0918436250866867,0.0918436250866867
thetao,W30p0,3,0,-0.09175163099172111,0.09175163099172111
thetao,W60p0,9,18,-0.0916850198507392,0.0916850198507392
thetao,W10p0,7,6,-0.09148413835602691,0.09148413835602691
so,W60p0,3,10,-0.09121426872322436,0.09121426872322436
so,W40p0,8,18,0.09115214134873947,0.09115214134873947
so,W30p0,5,15,-0.09113395222476886,0.09113395222476886
thetao,W10p0,2,14,0.09089254442744628,0.09089254442744628
so,W40p0,6,18,0.09083596065318258,0.09083596065318258
thetao,W10p0,3,4,-0.09070983074477625,0.09070983074477625
thetao,W30p0,5,11,-0.09047290381604473,0.09047290381604473
thetao,W30p0,7,0,-0.09030599380549242,0.09030599380549242
thetao,W20p0,6,5,0.09018721609023846,0.09018721609023846
so,W10p0,3,17,0.08987204015828576,0.08987204015828576
thetao,W30p0,4,16,-0.08983309078748859,0.08983309078748859
so,W20p0,3,8,-0.08956128820952386,0.08956128820952386
thetao,W20p0,1,9,0.08955945408780523,0.08955945408780523
thetao,W30p0,7,12,0.08942464873730112,0.08942464873730112
so,W20p0,9,12,-0.08935039600993941,0.08935039600993941
so,W30p0,2,7,0.08933750538944431,0.08933750538944431
so,W30p0,9,20,0.08902052407016345,0.08902052407016345
so,W10p0,3,5,0.08894630646169181,0.08894630646169181
thetao,W60p0,5,5,0.0889278207146909,0.0889278207146909
thetao,W10p0,1,5,-0.0888062223157064,0.0888062223157064
thetao,W40p0,7,7,-0.08874224062123744,0.08874224062123744
thetao,W40p0,10,16,0.088623203069215,0.088623203069215
thetao,W10p0,7,2,-0.08824929559576632,0.08824929559576632
so,W40p0,2,9,0.08796314061213382,0.08796314061213382
thetao,W60p0,6,14,0.08792379579891692,0.08792379579891692
so,W20p0,8,14,0.08787644450677713,0.08787644450677713
thetao,W10p0,6,16,-0.08763949610094281,0.08763949610094281
so,W20p0,4,11,0.08762067333793358,0.08762067333793358
so,W20p0,5,0,0.08758611999682406,0.08758611999682406
thetao,W60p0,5,20,0.08745252001776056,0.08745252001776056
so,W40p0,8,0,-0.0874225250711743,0.0874225250711743
so,W60p0,10,5,0.08725196149833493,0.08725196149833493
so,W10p0,8,0,-0.0872224382093892,0.0872224382093892
so,W20p0,9,4,0.08716528724314374,0.08716528724314374
so,W20p0,4,14,0.08689829693719778,0.08689829693719778
so,W10p0,3,0,-0.08683484957604685,0.08683484957604685
so,W20p0,10,0,0.08653589575051433,0.08653589575051433
thetao,W60p0,5,11,0.08645338800796759,0.08645338800796759
so,W30p0,1,15,-0.08619138561931058,0.08619138561931058
thetao,W30p0,4,6,0.08588821309723922,0.08588821309723922
thetao,W10p0,2,12,0.08588060088133141,0.08588060088133141
thetao,W20p0,10,3,0.08584421162977274,0.08584421162977274
thetao,W60p0,5,18,0.08581575394294867,0.08581575394294867
so,W30p0,6,2,0.08576747319692908,0.08576747319692908
so,W10p0,5,6,-0.08568932759268812,0.08568932759268812
thetao,W40p0,3,17,-0.0853063757256575,0.0853063757256575
so,W40p0,7,15,0.08527268018887355,0.08527268018887355
thetao,W40p0,1,5,-0.08525315178804375,0.08525315178804375
so,W60p0,10,11,-0.08511831188981003,0.08511831188981003
thetao,W20p0,2,2,-0.0849990880849475,0.0849990880849475
thetao,W10p0,4,20,-0.08496237374003057,0.08496237374003057
so,W10p0,1,10,0.0848983131877155,0.0848983131877155
thetao,W60p0,6,3,0.08486197535097803,0.08486197535097803
so,W10p0,6,3,0.0847294831883767,0.0847294831883767
thetao,W20p0,4,6,-0.0845398819854473,0.0845398819854473
thetao,W30p0,3,20,-0.08452472167546507,0.08452472167546507
so,W30p0,9,12,-0.08448493785615738,0.08448493785615738
so,W20p0,7,20,-0.08447077711018577,0.08447077711018577
thetao,W60p0,3,4,-0.08431275322684544,0.08431275322684544
so,W10p0,10,19,0.08425585810223374,0.08425585810223374
thetao,W20p0,7,2,-0.0840333238687703,0.0840333238687703
so,W30p0,2,16,0.0840256542847298,0.0840256542847298
thetao,W30p0,7,4,0.08394577040954204,0.08394577040954204
so,W60p0,8,9,0.08390204818100165,0.08390204818100165
so,W20p0,9,13,-0.08376437624225937,0.08376437624225937
so,W20p0,6,14,-0.08372521554056818,0.08372521554056818
so,W60p0,7,0,0.08353924123484369,0.08353924123484369
thetao,W60p0,3,2,-0.08350421423729912,0.08350421423729912
so,W40p0,5,10,0.08338798549486552,0.08338798549486552
so,W60p0,9,6,0.08337375745040061,0.08337375745040061
thetao,W40p0,8,14,-0.08309648320404593,0.08309648320404593
thetao,W60p0,8,10,0.08308061075922053,0.08308061075922053
thetao,W60p0,3,0,-0.08301606146359852,0.08301606146359852
so,W10p0,6,16,0.08296194579907036,0.08296194579907036
so,W40p0,9,8,0.08292833819163017,0.08292833819163017
so,W20p0,9,0,0.08286651309576835,0.08286651309576835
thetao,W40p0,7,1,0.08282365736766781,0.08282365736766781
thetao,W40p0,5,13,-0.08270616671142836,0.08270616671142836
thetao,W30p0,5,7,-0.0826405181434915,0.0826405181434915
so,W60p0,10,16,0.08257827920006215,0.08257827920006215
thetao,W20p0,9,17,0.08252463198105252,0.08252463198105252
so,W10p0,7,2,-0.0820401026033479,0.0820401026033479
so,W20p0,6,13,-0.08201781321819529,0.08201781321819529
thetao,W20p0,3,18,-0.0818443231605663,0.0818443231605663
so,W30p0,6,6,0.08177268249961972,0.08177268249961972
thetao,W20p0,7,6,-0.0816435027763271,0.0816435027763271
so,W20p0,1,7,-0.08156556963464505,0.08156556963464505
thetao,W20p0,9,2,-0.08141302817651946,0.08141302817651946
so,W20p0,3,3,0.08124662300569749,0.08124662300569749
so,W40p0,2,16,0.08085367665001261,0.08085367665001261
so,W10p0,5,18,-0.08065100272357596,0.08065100272357596
thetao,W40p0,3,8,-0.08045868075158356,0.08045868075158356
thetao,W60p0,10,14,0.08019750755742079,0.08019750755742079
thetao,W20p0,10,20,-0.07999231526790103,0.07999231526790103
thetao,W20p0,5,19,-0.0799242982194333,0.0799242982194333
thetao,W20p0,7,1,-0.07981355162355672,0.07981355162355672
so,W60p0,4,1,0.07978847865152425,0.07978847865152425
thetao,W40p0,7,13,0.07964518201702793,0.07964518201702793
so,W10p0,10,6,0.0795390957475524,0.0795390957475524
so,W30p0,7,9,-0.0794588735314877,0.0794588735314877
thetao,W20p0,10,15,0.07938189858481098,0.07938189858481098
so,W20p0,1,6,-0.0792205237489757,0.0792205237489757
so,W60p0,3,2,0.0791874453793905,0.0791874453793905
so,W10p0,8,17,-0.07907332306519375,0.07907332306519375
so,W30p0,2,11,-0.07889091559016671,0.07889091559016671
so,W10p0,10,8,0.07886353984783712,0.07886353984783712
thetao,W20p0,3,16,0.07878766513257453,0.07878766513257453
so,W20p0,7,2,-0.07871339745112889,0.07871339745112889
so,W10p0,4,11,-0.07856162995267388,0.07856162995267388
thetao,W60p0,7,13,0.07835607129123877,0.07835607129123877
so,W40p0,10,7,-0.0783282312095406,0.0783282312095406
so,W60p0,4,3,0.07827864088634837,0.07827864088634837
thetao,W20p0,1,19,-0.07806735214180102,0.07806735214180102
so,W10p0,5,7,-0.07805265367144566,0.07805265367144566
so,W20p0,2,20,0.07791235183858561,0.07791235183858561
so,W20p0,7,19,0.07775915680575264,0.07775915680575264
so,W20p0,3,15,0.07775558343343204,0.07775558343343204
so,W20p0,5,17,-0.07763929453840407,0.07763929453840407
so,W20p0,4,13,0.07759718823595,0.07759718823595
thetao,W30p0,6,8,0.07729655794150893,0.07729655794150893
thetao,W60p0,4,11,-0.07655013774339427,0.07655013774339427
thetao,W10p0,8,17,0.07654920454810457,0.07654920454810457
so,W20p0,10,1,0.07652783196053813,0.07652783196053813
so,W10p0,6,7,-0.07638526372540856,0.07638526372540856
thetao,W60p0,9,20,-0.07637757573989859,0.07637757573989859
so,W10p0,1,1,0.07612592875552016,0.07612592875552016
thetao,W60p0,10,16,0.07603768567387306,0.07603768567387306
thetao,W10p0,5,11,0.07594170763446237,0.07594170763446237
so,W40p0,5,12,0.07590892888103098,0.07590892888103098
so,W30p0,3,16,-0.07574336047579416,0.07574336047579416
so,W40p0,4,17,-0.07560239566540575,0.07560239566540575
so,W20p0,8,16,-0.07531026953718153,0.07531026953718153
so,W60p0,3,5,0.07522381961378997,0.07522381961378997
thetao,W20p0,5,18,-0.0751370687132635,0.0751370687132635
thetao,W40p0,1,20,0.07512425269756395,0.07512425269756395
thetao,W40p0,1,2,0.07496458144920423,0.07496458144920423
so,W40p0,9,10,0.07492791944880324,0.07492791944880324
thetao,W10p0,3,18,0.07486749887352895,0.07486749887352895
so,W20p0,5,12,-0.07474428831289895,0.07474428831289895
so,W20p0,1,4,-0.07473227714333897,0.07473227714333897
so,W10p0,9,13,-0.0746936212323634,0.0746936212323634
so,W60p0,9,5,0.07435939218076645,0.07435939218076645
thetao,W60p0,1,18,-0.07432597454470546,0.07432597454470546
thetao,W30p0,5,4,-0.07431424499225195,0.07431424499225195
so,W40p0,4,10,0.07430033517824791,0.07430033517824791
thetao,W60p0,9,12,-0.07429343648982431,0.07429343648982431
thetao,W60p0,1,19,0.07419989405896817,0.07419989405896817
thetao,W20p0,6,6,0.07419494293373946,0.07419494293373946
thetao,W20p0,8,15,0.07396598549146711,0.07396598549146711
so,W40p0,4,4,0.07387247145430995,0.07387247145430995
so,W40p0,9,3,0.07384229869772675,0.07384229869772675
thetao,W10p0,3,6,-0.07336089656212053,0.07336089656212053
so,W30p0,2,8,0.07333551674469437,0.07333551674469437
so,W20p0,4,9,0.07332234485241364,0.07332234485241364
so,W30p0,9,14,-0.07329887960123911,0.07329887960123911
thetao,W10p0,7,1,-0.07323940890341932,0.07323940890341932
so,W20p0,4,20,-0.07303627690303874,0.07303627690303874
thetao,W60p0,2,5,-0.07280091571929063,0.07280091571929063
so,W40p0,4,6,0.07266582799571669,0.07266582799571669
so,W40p0,2,11,0.07265403916459173,0.07265403916459173
thetao,W40p0,9,17,0.07242914194597047,0.07242914194597047
thetao,W60p0,10,4,0.07241935187678938,0.07241935187678938
so,W30p0,9,17,-0.07219742062746069,0.07219742062746069
thetao,W40p0,6,9,0.07210974216466476,0.07210974216466476
so,W60p0,2,7,-0.07197278276308731,0.07197278276308731
thetao,W10p0,4,4,-0.07191984314609326,0.07191984314609326
thetao,W60p0,4,17,0.07189731069526817,0.07189731069526817
so,W30p0,9,8,-0.07181733305508337,0.07181733305508337
thetao,W10p0,3,13,-0.07177677499578661,0.07177677499578661
thetao,W10p0,1,16,-0.07174528111153697,0.07174528111153697
thetao,W20p0,8,16,0.07152335228371028,0.07152335228371028
so,W20p0,4,12,0.0714839462956491,0.0714839462956491
so,W20p0,3,20,0.07124908649462587,0.07124908649462587
so,W30p0,7,12,-0.07121632208026006,0.07121632208026006
so,W10p0,1,14,-0.07104084481056498,0.07104084481056498
so,W10p0,1,0,0.07075676338587826,0.07075676338587826
so,W20p0,3,18,0.07072261838644077,0.07072261838644077
thetao,W10p0,8,14,0.0705485514550065,0.0705485514550065
so,W20p0,10,17,-0.07044511261509871,0.07044511261509871
so,W10p0,1,13,-0.07041984304197622,0.07041984304197622
thetao,W10p0,10,16,-0.07013362827931988,0.07013362827931988
thetao,W30p0,9,2,-0.0699282187274075,0.0699282187274075
thetao,W40p0,9,6,0.0699072699798574,0.0699072699798574
thetao,W20p0,8,5,-0.06980411485406429,0.06980411485406429
thetao,W20p0,8,3,-0.06960356115301154,0.06960356115301154
thetao,W10p0,9,3,0.0695492521062123,0.0695492521062123
so,W20p0,3,10,0.0694448726143666,0.0694448726143666
thetao,W40p0,7,5,-0.0692785372366369,0.0692785372366369
so,W30p0,10,4,0.06890019038653315,0.06890019038653315
so,W60p0,7,1,0.06876000818328269,0.06876000818328269
so,W40p0,8,10,0.06862633776045031,0.06862633776045031
thetao,W20p0,6,8,-0.06850294272316532,0.06850294272316532
thetao,W10p0,4,9,-0.06838556322731021,0.06838556322731021
so,W40p0,2,17,0.0683842769178213,0.0683842769178213
thetao,W60p0,2,13,0.06824839272165718,0.06824839272165718
thetao,W10p0,2,15,0.0681989796216708,0.0681989796216708
so,W30p0,6,10,0.06811220652910703,0.06811220652910703
thetao,W40p0,9,8,-0.0679498064115122,0.0679498064115122
so,W10p0,5,15,-0.06782619140846745,0.06782619140846745
so,W10p0,9,15,0.06751567254798052,0.06751567254798052
so,W10p0,8,16,-0.06751363008712295,0.06751363008712295
so,W60p0,5,3,-0.06743594072076085,0.06743594072076085
thetao,W30p0,7,14,0.06731829973312917,0.06731829973312917
thetao,W60p0,2,14,0.06728293577658935,0.06728293577658935
thetao,W20p0,2,14,-0.06716122196923036,0.06716122196923036
so,W40p0,3,1,-0.06712426300816508,0.06712426300816508
so,W40p0,4,2,0.06704629733461907,0.06704629733461907
thetao,W30p0,10,9,-0.0670179684240956,0.0670179684240956
so,W30p0,2,6,0.06689068603086436,0.06689068603086436
thetao,W30p0,2,13,-0.06679988334091758,0.06679988334091758
thetao,W40p0,3,7,-0.06666851220928736,0.06666851220928736
thetao,W60p0,10,8,-0.06666084533245471,0.06666084533245471
so,W40p0,10,10,-0.06664907444948842,0.06664907444948842
thetao,W60p0,3,1,-0.06656077261364723,0.06656077261364723
thetao,W60p0,8,20,0.06640729218610485,0.06640729218610485
thetao,W30p0,7,16,-0.06605647568454069,0.06605647568454069
so,W20p0,7,3,-0.06605212304745998,0.06605212304745998
thetao,W30p0,6,17,0.06588491599376343,0.06588491599376343
so,W10p0,6,6,-0.06584745006359381,0.06584745006359381
thetao,W30p0,6,11,-0.06569781277629541,0.06569781277629541
so,W40p0,7,18,0.0655393592305615,0.0655393592305615
so,W40p0,9,19,-0.06535969376878517,0.06535969376878517
so,W60p0,1,15,-0.06525652414134986,0.06525652414134986
so,W20p0,1,5,-0.06519622798753319,0.06519622798753319
thetao,W40p0,4,8,0.06502512251687308,0.06502512251687308
thetao,W10p0,5,14,0.06500732170886528,0.06500732170886528
thetao,W60p0,7,1,-0.06492590867566819,0.06492590867566819
so,W20p0,2,14,0.06478660809072051,0.06478660809072051
thetao,W30p0,3,4,-0.06477178811239964,0.06477178811239964
so,W30p0,5,0,0.06462919399509642,0.06462919399509642
thetao,W20p0,8,12,0.06460598028231282,0.06460598028231282
so,W40p0,8,4,0.0645570143444212,0.0645570143444212
so,W40p0,4,15,-0.06448627612986078,0.06448627612986078
thetao,W10p0,7,7,-0.06429583881872314,0.06429583881872314
so,W20p0,4,15,0.06428812711115654,0.06428812711115654
so,W30p0,8,19,-0.06424626519878787,0.06424626519878787
so,W10p0,3,1,-0.06412041097780616,0.06412041097780616
thetao,W30p0,7,18,-0.06403543411130144,0.06403543411130144
so,W30p0,3,14,-0.06402680942109806,0.06402680942109806
thetao,W20p0,4,4,-0.06379982521473544,0.06379982521473544
thetao,W20p0,8,19,0.06371374427240584,0.06371374427240584
so,W10p0,2,16,0.06359571883994171,0.06359571883994171
thetao,W30p0,7,11,0.06358520668785707,0.06358520668785707
so,W60p0,8,8,0.06353601000991156,0.06353601000991156
thetao,W30p0,5,3,-0.06351700777594724,0.06351700777594724
so,W10p0,7,4,-0.0634111231385673,0.0634111231385673
so,W20p0,4,4,0.06336051991840715,0.06336051991840715
thetao,W30p0,6,18,0.06320076092530101,0.06320076092530101
thetao,W30p0,8,14,0.06312964022713119,0.06312964022713119
so,W10p0,6,2,0.06308886831484677,0.06308886831484677
so,W40p0,9,7,-0.0629361726185967,0.0629361726185967
thetao,W10p0,4,6,-0.0628759627373206,0.0628759627373206
so,W10p0,1,16,-0.06283178374110769,0.06283178374110769
so,W10p0,9,1,-0.06269650098045634,0.06269650098045634
thetao,W20p0,5,6,0.06253982851024475,0.06253982851024475
thetao,W20p0,10,14,0.06253498267512746,0.06253498267512746
thetao,W60p0,8,14,-0.06245456047683646,0.06245456047683646
thetao,W60p0,9,2,-0.062374762159294,0.062374762159294
thetao,W20p0,10,18,-0.062364760028356205,0.062364760028356205
thetao,W10p0,9,17,0.062168115496304126,0.062168115496304126
so,W30p0,8,11,0.06190677047626863,0.06190677047626863
so,W20p0,10,10,-0.06173210554006848,0.06173210554006848
thetao,W60p0,9,3,-0.06168198170094798,0.06168198170094798
thetao,W20p0,8,11,0.06156655438806915,0.06156655438806915
thetao,W20p0,6,2,0.06152950815180053,0.06152950815180053
so,W20p0,10,12,-0.061503282205372246,0.061503282205372246
thetao,W60p0,4,16,0.061483070316963664,0.061483070316963664
thetao,W60p0,2,6,-0.061422634477188515,0.061422634477188515
so,W30p0,5,14,-0.06137126823906838,0.06137126823906838
thetao,W40p0,8,8,0.06113105632930835,0.06113105632930835
thetao,W30p0,9,6,0.06101866847321643,0.06101866847321643
so,W20p0,10,20,-0.06089279477909116,0.06089279477909116
so,W10p0,6,0,0.060777279897020586,0.060777279897020586
thetao,W30p0,8,13,0.060684293785499104,0.060684293785499104
so,W20p0,10,3,-0.06062013001561597,0.06062013001561597
so,W40p0,8,14,0.06046338906241875,0.06046338906241875
so,W40p0,7,10,0.06036768712614624,0.06036768712614624
so,W10p0,7,5,-0.06028273402635398,0.06028273402635398
so,W30p0,8,4,-0.06024002388268845,0.06024002388268845
thetao,W30p0,2,10,0.060235079865016875,0.060235079865016875
so,W10p0,8,20,-0.059990737481823535,0.059990737481823535
thetao,W10p0,3,14,-0.05988778618522985,0.05988778618522985
so,W40p0,9,11,0.05978897584631649,0.05978897584631649
so,W40p0,6,1,-0.05971113188837422,0.05971113188837422
thetao,W30p0,9,5,0.05967578447927086,0.05967578447927086
so,W20p0,8,1,-0.05955259708880674,0.05955259708880674
so,W20p0,9,10,0.05932019694446018,0.05932019694446018
so,W20p0,10,16,-0.05930971972376097,0.05930971972376097
so,W60p0,9,2,0.05916853484357773,0.05916853484357773
thetao,W10p0,7,0,-0.0590782069707328,0.0590782069707328
thetao,W20p0,10,2,0.058871118888353974,0.058871118888353974
so,W40p0,4,12,0.058863646863935255,0.058863646863935255
so,W10p0,2,17,0.058806388224602345,0.058806388224602345
thetao,W40p0,10,7,-0.05880337158503458,0.05880337158503458
thetao,W20p0,6,0,-0.05871050834640115,0.05871050834640115
thetao,W60p0,8,13,-0.05867384774785766,0.05867384774785766
thetao,W40p0,10,19,-0.058490947425900344,0.058490947425900344
so,W40p0,4,5,0.05839606267041082,0.05839606267041082
so,W20p0,5,19,-0.05834011815402753,0.05834011815402753
so,W40p0,7,0,0.05825445618540154,0.05825445618540154
thetao,W30p0,1,1,0.058203581140936864,0.058203581140936864
so,W20p0,4,18,-0.05806097421154623,0.05806097421154623
so,W60p0,4,14,-0.05800197584889486,0.05800197584889486
so,W20p0,9,11,-0.057769780992343964,0.057769780992343964
thetao,W20p0,1,11,-0.05735705360697625,0.05735705360697625
so,W60p0,2,3,-0.05733351310768068,0.05733351310768068
thetao,W40p0,8,12,-0.05723069906047837,0.05723069906047837
so,W30p0,7,20,0.05722559443479305,0.05722559443479305
thetao,W10p0,5,15,0.05718965189478106,0.05718965189478106
so,W10p0,6,11,0.05718706501262938,0.05718706501262938
thetao,W40p0,10,15,0.05714851158232802,0.05714851158232802
thetao,W40p0,1,19,-0.05712469015548955,0.05712469015548955
thetao,W20p0,5,4,-0.057061215148139534,0.057061215148139534
so,W60p0,9,20,0.05697443206093386,0.05697443206093386
so,W20p0,10,6,-0.05695523186070083,0.05695523186070083
thetao,W30p0,8,0,-0.05692792978765653,0.05692792978765653
so,W30p0,8,6,-0.05685734470767931,0.05685734470767931
thetao,W30p0,2,14,-0.0567817409405204,0.0567817409405204
so,W40p0,8,12,0.05657979770456656,0.05657979770456656
thetao,W10p0,3,15,-0.05654885599448705,0.05654885599448705
thetao,W10p0,5,13,0.05640646610942477,0.05640646610942477
thetao,W10p0,3,12,-0.0563349159403922,0.0563349159403922
thetao,W30p0,2,11,0.05633019201479829,0.05633019201479829
so,W10p0,1,12,-0.05618910484175016,0.05618910484175016
so,W10p0,9,14,-0.056008521677535804,0.056008521677535804
thetao,W30p0,4,7,0.055969821730799084,0.055969821730799084
thetao,W20p0,8,17,0.05571907698428383,0.05571907698428383
thetao,W30p0,6,15,0.05560204674734276,0.05560204674734276
so,W60p0,2,9,0.05544861674835707,0.05544861674835707
thetao,W30p0,9,8,0.05535746539836502,0.05535746539836502
thetao,W20p0,8,18,0.055273885071361974,0.055273885071361974
so,W10p0,3,12,-0.05510910487512718,0.05510910487512718
so,W60p0,8,15,-0.0550512798892179,0.0550512798892179
so,W60p0,1,10,0.05497318928846304,0.05497318928846304
so,W10p0,9,12,-0.05476935569793903,0.05476935569793903
so,W40p0,1,1,0.05470079677649152,0.05470079677649152
thetao,W40p0,7,11,-0.054564493017459276,0.054564493017459276
so,W30p0,8,12,0.0545565686689933,0.0545565686689933
thetao,W40p0,10,14,-0.0544874270836498,0.0544874270836498
thetao,W40p0,6,11,-0.05446672020022496,0.05446672020022496
thetao,W30p0,6,16,0.054348578234312064,0.054348578234312064
so,W40p0,7,13,-0.05431226314116195,0.05431226314116195
so,W40p0,1,18,-0.054307099754314206,0.054307099754314206
thetao,W60p0,2,7,-0.05429691203905391,0.05429691203905391
so,W60p0,5,4,-0.05429501218476059,0.05429501218476059
so,W30p0,1,16,-0.0542738983611301,0.0542738983611301
thetao,W60p0,5,7,0.05395498090412325,0.05395498090412325
so,W20p0,6,12,-0.05385014749798168,0.05385014749798168
thetao,W10p0,10,17,-0.053837411002022294,0.053837411002022294
thetao,W60p0,9,15,-0.05367659947015229,0.05367659947015229
thetao,W30p0,9,3,-0.053523562518773694,0.053523562518773694
thetao,W40p0,6,10,-0.05348185135229325,0.05348185135229325
so,W60p0,9,3,0.05319348323240552,0.05319348323240552
so,W30p0,2,12,-0.053050129016756806,0.053050129016756806
thetao,W10p0,6,4,-0.05296664804685595,0.05296664804685595
thetao,W10p0,3,5,-0.05296426116726035,0.05296426116726035
so,W40p0,4,13,0.05287798201781818,0.05287798201781818
so,W60p0,5,14,-0.05286444024529182,0.05286444024529182
so,W20p0,6,20,-0.05282316281895364,0.05282316281895364
so,W10p0,7,7,0.052817444227895055,0.052817444227895055
thetao,W40p0,4,5,-0.05281579520578672,0.05281579520578672
so,W10p0,2,15,0.05277741576056095,0.05277741576056095
so,W60p0,6,17,0.052777234703218295,0.052777234703218295
so,W20p0,4,6,-0.052668084654180436,0.052668084654180436
thetao,W20p0,9,6,-0.05235572841893985,0.05235572841893985
so,W60p0,8,12,-0.052164599781610636,0.052164599781610636
so,W10p0,5,14,-0.05204358813935783,0.05204358813935783
so,W10p0,5,3,0.05200125969762341,0.05200125969762341
thetao,W20p0,2,16,-0.05181803922837485,0.05181803922837485
so,W20p0,3,9,-0.051802360482630025,0.051802360482630025
thetao,W60p0,9,6,-0.05169481739018737,0.05169481739018737
so,W60p0,10,15,-0.05159488241658429,0.05159488241658429
so,W20p0,4,5,0.05144898901498518,0.05144898901498518
so,W60p0,5,13,-0.05094116464366514,0.05094116464366514
so,W20p0,4,16,0.05087319916942416,0.05087319916942416
so,W20p0,5,18,-0.05066127089417579,0.05066127089417579
so,W40p0,7,11,0.05063604092738778,0.05063604092738778
thetao,W20p0,9,13,-0.05039929424997179,0.05039929424997179
so,W10p0,1,6,0.05012260052834139,0.05012260052834139
so,W10p0,6,14,0.05009708783320312,0.05009708783320312
so,W30p0,10,12,-0.04978991012839475,0.04978991012839475
thetao,W60p0,4,18,0.04978412534451557,0.04978412534451557
so,W40p0,4,11,0.04971939626694261,0.04971939626694261
thetao,W10p0,4,18,0.0496268877175908,0.0496268877175908
thetao,W30p0,6,12,-0.04958320059232191,0.04958320059232191
so,W30p0,5,7,-0.049473963546414215,0.049473963546414215
thetao,W40p0,10,11,-0.04942638151844124,0.04942638151844124
so,W30p0,2,15,0.04933756974178903,0.04933756974178903
so,W40p0,7,2,-0.04912115752574911,0.04912115752574911
so,W30p0,10,5,0.048985611559191705,0.048985611559191705
thetao,W20p0,8,4,-0.048948126324330855,0.048948126324330855
so,W30p0,5,10,-0.04889435617059699,0.04889435617059699
so,W30p0,1,19,0.04886998968090889,0.04886998968090889
so,W60p0,4,2,-0.04883739110562628,0.04883739110562628
thetao,W10p0,6,20,0.048635581873843044,0.048635581873843044
thetao,W20p0,9,16,0.04859851204765363,0.04859851204765363
so,W40p0,10,11,-0.048216949746870665,0.048216949746870665
thetao,W20p0,2,20,0.048158760750137926,0.048158760750137926
so,W20p0,3,14,0.04811042703882823,0.04811042703882823
thetao,W20p0,4,2,-0.048082070402935446,0.048082070402935446
so,W20p0,10,9,-0.04803694986560127,0.04803694986560127
so,W10p0,1,2,0.04792993180468867,0.04792993180468867
thetao,W10p0,4,8,-0.04791868384276559,0.04791868384276559
so,W60p0,4,7,0.04787902563379609,0.04787902563379609
thetao,W30p0,5,10,-0.047676615885508054,0.047676615885508054
thetao,W30p0,1,18,0.04743669176106027,0.04743669176106027
thetao,W60p0,10,7,-0.047432493814993607,0.047432493814993607
so,W30p0,8,13,0.047414461811447296,0.047414461811447296
thetao,W10p0,6,10,-0.047399435931096794,0.047399435931096794
so,W40p0,4,18,-0.04738989478599347,0.04738989478599347
so,W10p0,9,2,-0.04731498157202089,0.04731498157202089
so,W40p0,4,19,-0.04725287308208709,0.04725287308208709
thetao,W10p0,8,16,0.04724390076387868,0.04724390076387868
thetao,W40p0,10,8,-0.047147621890389346,0.047147621890389346
so,W30p0,5,1,-0.047133229525640696,0.047133229525640696
thetao,W10p0,8,18,0.047123204103274814,0.047123204103274814
so,W20p0,2,19,0.04696298909133395,0.04696298909133395
thetao,W40p0,9,2,-0.04695252874022748,0.04695252874022748
so,W40p0,10,19,0.04672767318320929,0.04672767318320929
so,W40p0,4,20,-0.04657854111508872,0.04657854111508872
thetao,W20p0,2,17,-0.046577511822996444,0.046577511822996444
so,W40p0,7,5,0.046575525332469836,0.046575525332469836
so,W30p0,8,16,-0.046389555379759646,0.046389555379759646
so,W40p0,3,2,-0.04635551581045436,0.04635551581045436
thetao,W30p0,7,6,0.04627069569360381,0.04627069569360381
thetao,W60p0,7,19,0.04610511408191691,0.04610511408191691
so,W40p0,9,15,-0.045826352107943794,0.045826352107943794
thetao,W40p0,4,4,-0.045788499128246056,0.045788499128246056
so,W30p0,8,9,-0.0457400423103534,0.0457400423103534
so,W30p0,10,13,0.045519515013624834,0.045519515013624834
so,W30p0,6,13,-0.045371472772735344,0.045371472772735344
thetao,W40p0,9,13,-0.045195188331343124,0.045195188331343124
so,W30p0,9,3,0.04509793482276018,0.04509793482276018
thetao,W10p0,10,19,0.04446313526872916,0.04446313526872916
so,W20p0,6,7,0.04441770887523853,0.04441770887523853
so,W40p0,7,9,0.04441186513855965,0.04441186513855965
thetao,W60p0,6,17,-0.04436673632272609,0.04436673632272609
thetao,W10p0,3,11,-0.044347937599022474,0.044347937599022474
so,W20p0,4,8,-0.044244307366643906,0.044244307366643906
so,W30p0,1,0,-0.04411934640841699,0.04411934640841699
thetao,W40p0,9,15,-0.04373562864613852,0.04373562864613852
so,W10p0,6,4,0.04371120668603621,0.04371120668603621
so,W20p0,8,9,0.04352766208202795,0.04352766208202795
so,W40p0,8,17,0.04347910468127113,0.04347910468127113
so,W20p0,1,1,-0.043459954761109136,0.043459954761109136
so,W20p0,8,10,0.04344781159376718,0.04344781159376718
thetao,W10p0,2,18,0.04334656354366869,0.04334656354366869
so,W40p0,8,19,-0.04317853337627806,0.04317853337627806
so,W60p0,8,13,-0.04312079214680772,0.04312079214680772
thetao,W10p0,3,16,-0.04306241404155465,0.04306241404155465
so,W20p0,6,11,-0.04299658973565576,0.04299658973565576
so,W60p0,10,13,0.042908906908315024,0.042908906908315024
so,W60p0,8,4,0.04281224146251049,0.04281224146251049
thetao,W60p0,6,18,0.04267077262501721,0.04267077262501721
thetao,W20p0,8,6,-0.0425430488844022,0.0425430488844022
so,W30p0,5,9,-0.04230022863621793,0.04230022863621793
thetao,W20p0,7,9,-0.042042262230143436,0.042042262230143436
thetao,W20p0,3,17,-0.04173443211598465,0.04173443211598465
so,W20p0,8,2,-0.04157877570924805,0.04157877570924805
thetao,W10p0,1,7,-0.04154837455881296,0.04154837455881296
thetao,W40p0,9,12,-0.04154271849794916,0.04154271849794916
so,W20p0,10,8,-0.04148198724728834,0.04148198724728834
thetao,W10p0,3,0,-0.04135836306170052,0.04135836306170052
so,W10p0,3,3,-0.04130850694286033,0.04130850694286033
so,W60p0,3,0,0.041259826393022336,0.041259826393022336
so,W20p0,3,1,-0.04121627444357197,0.04121627444357197
so,W30p0,9,9,-0.041061595345624494,0.041061595345624494
so,W20p0,8,13,0.04099470480276523,0.04099470480276523
so,W20p0,7,1,-0.040850131087484684,0.040850131087484684
so,W60p0,3,1,0.04079085682208584,0.04079085682208584
thetao,W60p0,7,16,0.04076285824479171,0.04076285824479171
thetao,W20p0,2,15,-0.040490549076606076,0.040490549076606076
so,W60p0,4,9,-0.040243357590940686,0.040243357590940686
thetao,W60p0,5,8,0.040240330920102804,0.040240330920102804
thetao,W60p0,8,19,0.03995951442591246,0.03995951442591246
thetao,W20p0,4,5,-0.03977173771782274,0.03977173771782274
thetao,W40p0,8,20,-0.039724683760136735,0.039724683760136735
so,W40p0,8,5,0.039657629457824625,0.039657629457824625
so,W40p0,9,16,0.03961712529844962,0.03961712529844962
so,W60p0,10,7,-0.039601138508956794,0.039601138508956794
thetao,W10p0,4,7,-0.039276741641713575,0.039276741641713575
thetao,W60p0,4,20,0.03916392774737703,0.03916392774737703
so,W40p0,10,18,0.03902885938333258,0.03902885938333258
thetao,W20p0,2,18,-0.039018431917762345,0.039018431917762345
thetao,W40p0,8,10,0.03899213930285629,0.03899213930285629
so,W10p0,9,3,-0.03886345297323689,0.03886345297323689
so,W60p0,4,20,0.03886150696131115,0.03886150696131115
thetao,W60p0,4,7,-0.03875248811620658,0.03875248811620658
thetao,W40p0,8,15,-0.03865035559607146,0.03865035559607146
so,W30p0,9,19,0.03861607254382321,0.03861607254382321
thetao,W10p0,8,20,0.0385991803899397,0.0385991803899397
so,W20p0,5,11,-0.038558907950071726,0.038558907950071726
so,W10p0,10,0,-0.0384814049697679,0.0384814049697679
so,W10p0,1,3,0.03837232508100971,0.03837232508100971
thetao,W20p0,6,12,0.038340948245570126,0.038340948245570126
so,W10p0,5,5,-0.03826792872589506,0.03826792872589506
thetao,W40p0,8,19,-0.03812168938488743,0.03812168938488743
so,W40p0,5,9,-0.038073646048251045,0.038073646048251045
thetao,W30p0,9,1,-0.03805961467065539,0.03805961467065539
so,W30p0,5,13,-0.038010140116506344,0.038010140116506344
so,W60p0,1,17,0.03788690187424598,0.03788690187424598
so,W10p0,3,2,-0.03780487756763155,0.03780487756763155
so,W20p0,6,10,-0.037797570376100514,0.037797570376100514
thetao,W20p0,10,0,0.03764353350529303,0.03764353350529303
so,W60p0,8,5,-0.03762461133430542,0.03762461133430542
so,W10p0,10,4,0.037450056643788136,0.037450056643788136
thetao,W60p0,8,6,0.037268432083391256,0.037268432083391256
thetao,W30p0,4,9,-0.03717017915416743,0.03717017915416743
so,W10p0,9,5,0.037051852401228706,0.037051852401228706
so,W40p0,10,20,0.037041456747026635,0.037041456747026635
so,W30p0,7,7,0.03703059579942671,0.03703059579942671
thetao,W30p0,6,9,0.03697878457137759,0.03697878457137759
thetao,W40p0,4,15,-0.03693318817236081,0.03693318817236081
so,W60p0,10,8,-0.03682668636255206,0.03682668636255206
thetao,W60p0,2,11,0.03672611007851539,0.03672611007851539
so,W60p0,10,12,-0.03647914832225052,0.03647914832225052
so,W30p0,6,14,-0.036158237245608946,0.036158237245608946
so,W20p0,5,10,-0.03611219562852525,0.03611219562852525
thetao,W20p0,6,4,0.03605128638886331,0.03605128638886331
thetao,W30p0,4,8,0.035869775743450655,0.035869775743450655
thetao,W30p0,3,1,-0.035857724061745665,0.035857724061745665
thetao,W10p0,1,9,-0.035827571002898594,0.035827571002898594
so,W20p0,1,3,-0.03578854945558509,0.03578854945558509
so,W40p0,10,16,0.0350945463609235,0.0350945463609235
so,W20p0,8,4,-0.03503860273286022,0.03503860273286022
so,W40p0,8,6,0.034882012580537185,0.034882012580537185
so,W30p0,3,18,-0.034858943071519925,0.034858943071519925
thetao,W40p0,4,3,-0.03483299606616785,0.03483299606616785
thetao,W20p0,1,20,-0.034724457278446176,0.034724457278446176
thetao,W30p0,7,5,0.0347072328871594,0.0347072328871594
thetao,W40p0,7,3,0.03445973862041678,0.03445973862041678
so,W60p0,9,4,-0.03440537674162284,0.03440537674162284
thetao,W60p0,5,2,0.03411576226249048,0.03411576226249048
so,W20p0,1,11,-0.03403276346091815,0.03403276346091815
so,W60p0,2,20,0.03392371908322332,0.03392371908322332
so,W10p0,8,19,-0.03385385026728814,0.03385385026728814
so,W40p0,1,19,-0.03380039196116127,0.03380039196116127
thetao,W60p0,1,8,0.03378286410788412,0.03378286410788412
so,W10p0,6,1,0.03369596378396814,0.03369596378396814
so,W60p0,1,16,-0.03354813818662821,0.03354813818662821
so,W60p0,1,12,-0.03346624966457855,0.03346624966457855
thetao,W30p0,5,8,-0.03336654302576187,0.03336654302576187
thetao,W40p0,10,20,-0.033291544529965196,0.033291544529965196
thetao,W40p0,4,9,-0.03322858142145624,0.03322858142145624
so,W20p0,8,7,0.03290653422277455,0.03290653422277455
thetao,W30p0,3,3,-0.03254849069536345,0.03254849069536345
so,W60p0,8,3,0.032446127190618505,0.032446127190618505
so,W40p0,6,4,0.032351849342184456,0.032351849342184456
thetao,W30p0,7,8,0.032259896181854285,0.032259896181854285
so,W20p0,4,3,0.032244090056613765,0.032244090056613765
so,W30p0,3,17,-0.032184860266099714,0.032184860266099714
so,W20p0,10,14,0.03214908525289878,0.03214908525289878
thetao,W60p0,9,19,-0.032143285335776296,0.032143285335776296
thetao,W40p0,1,3,0.03194954429602025,0.03194954429602025
so,W40p0,9,17,-0.03184113721147703,0.03184113721147703
thetao,W60p0,6,15,0.03181405957111255,0.03181405957111255
thetao,W10p0,1,11,-0.03141839007933721,0.03141839007933721
so,W40p0,9,13,0.03137554104069207,0.03137554104069207
so,W20p0,3,19,0.031234616885690274,0.031234616885690274
thetao,W40p0,8,11,-0.031131486828658985,0.031131486828658985
so,W20p0,6,8,0.031084311290893885,0.031084311290893885
thetao,W60p0,9,14,-0.03071691421753054,0.03071691421753054
so,W40p0,8,7,-0.03066696350330647,0.03066696350330647
thetao,W60p0,8,15,-0.030634193371827913,0.030634193371827913
thetao,W60p0,2,12,0.03061828558046487,0.03061828558046487
thetao,W20p0,9,14,-0.03058018526584576,0.03058018526584576
so,W20p0,9,8,0.03039752487811739,0.03039752487811739
so,W20p0,10,7,-0.030380371891572767,0.030380371891572767
thetao,W20p0,10,1,0.030378753842388095,0.030378753842388095
thetao,W40p0,4,17,-0.030369914037163957,0.030369914037163957
thetao,W40p0,9,14,0.03036852208539814,0.03036852208539814
thetao,W60p0,8,16,-0.030122608945224682,0.030122608945224682
so,W20p0,9,9,0.030097293990891873,0.030097293990891873
so,W40p0,10,13,-0.030076830091267142,0.030076830091267142
thetao,W60p0,2,16,-0.03005461467516231,0.03005461467516231
so,W60p0,6,0,0.029984621297299195,0.029984621297299195
thetao,W30p0,7,9,-0.029841310603875466,0.029841310603875466
so,W40p0,1,4,-0.029738859363261483,0.029738859363261483
so,W30p0,6,11,0.029715149778387316,0.029715149778387316
thetao,W30p0,6,10,-0.029674433330613873,0.029674433330613873
thetao,W40p0,8,17,-0.029624739678623387,0.029624739678623387
so,W20p0,6,6,0.029224899648673305,0.029224899648673305
so,W10p0,3,10,-0.02918172684892042,0.02918172684892042
so,W40p0,7,14,-0.029174231474881546,0.029174231474881546
thetao,W60p0,4,10,-0.02910904140301558,0.02910904140301558
thetao,W40p0,4,11,0.028848960755942187,0.028848960755942187
so,W10p0,3,15,0.028845739686944618,0.028845739686944618
so,W20p0,8,3,-0.028774123116406213,0.028774123116406213
so,W40p0,7,4,0.02873831155230982,0.02873831155230982
so,W10p0,2,20,0.028651536231690623,0.028651536231690623
thetao,W60p0,9,13,-0.028582259631564345,0.028582259631564345
so,W20p0,10,19,0.028432123601000385,0.028432123601000385
thetao,W20p0,10,17,0.028423492069819298,0.028423492069819298
so,W40p0,3,20,0.028341518102071667,0.028341518102071667
thetao,W60p0,8,18,-0.028319232124262978,0.028319232124262978
so,W30p0,5,12,0.028239187843874868,0.028239187843874868
so,W40p0,1,2,0.028217457504837513,0.028217457504837513
so,W20p0,5,9,0.0281589358567944,0.0281589358567944
so,W40p0,7,20,0.027939142096359542,0.027939142096359542
thetao,W10p0,1,12,-0.02777513377919041,0.02777513377919041
so,W60p0,5,15,0.02777119939139904,0.02777119939139904
so,W20p0,6,9,-0.02772411928689347,0.02772411928689347
thetao,W40p0,9,3,0.027591401626041623,0.027591401626041623
so,W30p0,7,18,-0.027403323846120327,0.027403323846120327
thetao,W10p0,6,0,0.027336012468172605,0.027336012468172605
so,W20p0,10,18,-0.026952267409042746,0.026952267409042746
so,W10p0,7,3,-0.026915061894464663,0.026915061894464663
so,W20p0,10,15,-0.02685393524364504,0.02685393524364504
thetao,W10p0,3,7,-0.026818001354890493,0.026818001354890493
so,W30p0,8,10,-0.026801939698047603,0.026801939698047603
so,W10p0,9,16,-0.02664662279087926,0.02664662279087926
thetao,W10p0,1,10,0.02639395096857582,0.02639395096857582
so,W40p0,7,12,-0.02637966788972439,0.02637966788972439
thetao,W10p0,6,13,-0.026313245755671757,0.026313245755671757
thetao,W40p0,7,2,0.026294521721721965,0.026294521721721965
so,W20p0,3,6,-0.026254993163911056,0.026254993163911056
so,W10p0,9,17,0.02613014425112593,0.02613014425112593
so,W10p0,3,16,0.026125337613179856,0.026125337613179856
thetao,W40p0,4,14,-0.026123548350288718,0.026123548350288718
thetao,W20p0,6,3,0.02606538887944829,0.02606538887944829
thetao,W40p0,8,9,0.025921034707584393,0.025921034707584393
thetao,W40p0,4,7,0.025754377526509435,0.025754377526509435
so,W60p0,3,7,0.02562971824081619,0.02562971824081619
so,W20p0,2,18,-0.025585750649748325,0.025585750649748325
so,W30p0,8,18,0.02550902375707906,0.02550902375707906
so,W40p0,9,20,0.025491925235384287,0.025491925235384287
so,W30p0,7,10,-0.025449602204634214,0.025449602204634214
so,W60p0,3,9,-0.02543192611908151,0.02543192611908151
thetao,W10p0,6,18,0.02520302797197478,0.02520302797197478
so,W40p0,9,12,0.025175031158216885,0.025175031158216885
thetao,W30p0,5,1,0.02515183686933423,0.02515183686933423
thetao,W30p0,1,17,-0.025041123164615507,0.025041123164615507
so,W10p0,7,6,-0.0250312583822927,0.0250312583822927
so,W10p0,4,16,-0.024872394011443935,0.024872394011443935
so,W60p0,9,9,0.02480678544839099,0.02480678544839099
so,W20p0,6,5,0.024803410193048683,0.024803410193048683
so,W20p0,4,17,-0.02464475782943131,0.02464475782943131
so,W30p0,8,17,0.02443959951969567,0.02443959951969567
so,W40p0,6,19,0.02434375574537322,0.02434375574537322
so,W40p0,9,6,-0.024181936498104545,0.024181936498104545
so,W30p0,3,15,-0.024088805258663235,0.024088805258663235
thetao,W20p0,5,5,0.023819997878700462,0.023819997878700462
so,W40p0,2,13,-0.023735819936088864,0.023735819936088864
so,W20p0,8,8,0.023584618844404156,0.023584618844404156
thetao,W30p0,6,13,-0.02353965355002586,0.02353965355002586
so,W10p0,6,9,-0.023492326138171822,0.023492326138171822
so,W40p0,8,16,0.02313125773124801,0.02313125773124801
so,W20p0,2,16,0.023062363526374436,0.023062363526374436
thetao,W20p0,8,9,-0.023014081391871704,0.023014081391871704
so,W40p0,8,3,-0.022981373626433377,0.022981373626433377
so,W40p0,3,3,0.022815663435392892,0.022815663435392892
so,W30p0,1,18,0.022650881283979216,0.022650881283979216
so,W60p0,4,0,0.022409228705609685,0.022409228705609685
so,W20p0,10,11,-0.022162307302089387,0.022162307302089387
thetao,W10p0,6,17,0.022085136026406348,0.022085136026406348
thetao,W60p0,8,4,0.022077390987003148,0.022077390987003148
thetao,W60p0,2,15,0.02192141659701612,0.02192141659701612
so,W10p0,1,11,0.02182987271650646,0.02182987271650646
thetao,W60p0,7,2,0.02182465505368772,0.02182465505368772
so,W30p0,5,8,-0.02174172497093027,0.02174172497093027
so,W40p0,4,14,-0.021669477368288743,0.021669477368288743
so,W60p0,4,19,0.02147288000240227,0.02147288000240227
so,W60p0,9,10,-0.021395765524921076,0.021395765524921076
so,W40p0,4,1,0.021270278374921937,0.021270278374921937
so,W20p0,7,5,-0.02110742642199758,0.02110742642199758
so,W40p0,7,3,0.021023739964000653,0.021023739964000653
thetao,W60p0,8,12,-0.020851743886584947,0.020851743886584947
thetao,W60p0,5,6,0.020662510727956107,0.020662510727956107
so,W40p0,6,20,-0.020656975866855103,0.020656975866855103
so,W10p0,3,14,-0.020520582511709518,0.020520582511709518
thetao,W20p0,7,8,-0.02046356905716591,0.02046356905716591
thetao,W10p0,3,17,0.020271353138524035,0.020271353138524035
thetao,W60p0,4,8,0.02016141131436142,0.02016141131436142
so,W60p0,8,11,0.02008787252679047,0.02008787252679047
thetao,W30p0,10,0,-0.019928624744017173,0.019928624744017173
so,W30p0,8,8,0.019666292447091015,0.019666292447091015
thetao,W40p0,6,0,-0.019648950741642208,0.019648950741642208
so,W30p0,5,3,-0.019647622412738697,0.019647622412738697
so,W60p0,9,7,0.019541321062367296,0.019541321062367296
so,W40p0,8,15,-0.01941634888038063,0.01941634888038063
thetao,W30p0,4,17,0.019378060137745564,0.019378060137745564
thetao,W30p0,5,2,-0.01937048022098169,0.01937048022098169
thetao,W60p0,4,19,0.019355855183589416,0.019355855183589416
so,W40p0,7,1,0.01933775697886881,0.01933775697886881
thetao,W60p0,1,9,-0.019330773959857103,0.019330773959857103
thetao,W40p0,1,4,-0.019325933699413336,0.019325933699413336
so,W20p0,1,2,-0.01929324963488196,0.01929324963488196
thetao,W60p0,4,9,0.019012689329175325,0.019012689329175325
thetao,W20p0,6,10,-0.018856400589008757,0.018856400589008757
thetao,W60p0,2,10,0.018785431014791108,0.018785431014791108
so,W10p0,3,9,0.01877867217570969,0.01877867217570969
so,W10p0,10,1,-0.0187580860619914,0.0187580860619914
so,W30p0,7,16,-0.018717619403684133,0.018717619403684133
thetao,W30p0,7,17,-0.01844590439295091,0.01844590439295091
so,W20p0,10,2,-0.018347062923396138,0.018347062923396138
so,W60p0,5,16,0.018319457365994794,0.018319457365994794
so,W40p0,9,9,-0.01826263252640201,0.01826263252640201
so,W10p0,5,19,-0.01804112614268606,0.01804112614268606
thetao,W60p0,8,5,-0.01796028346694342,0.01796028346694342
thetao,W60p0,2,8,-0.01785393446393605,0.01785393446393605
thetao,W10p0,6,3,-0.01761606791683501,0.01761606791683501
so,W40p0,9,18,0.017491578538953664,0.017491578538953664
thetao,W10p0,10,18,-0.017462410142506987,0.017462410142506987
thetao,W60p0,6,16,-0.01742709473063497,0.01742709473063497
thetao,W60p0,10,6,0.017373591726448832,0.017373591726448832
so,W40p0,4,3,0.017343924086794103,0.017343924086794103
so,W10p0,9,19,-0.017247520296020082,0.017247520296020082
so,W10p0,4,15,0.01697910308870924,0.01697910308870924
so,W60p0,2,19,0.016873195622170323,0.016873195622170323
so,W10p0,3,4,-0.01686987744915744,0.01686987744915744
thetao,W40p0,4,16,-0.01682213582028709,0.01682213582028709
so,W20p0,2,15,0.016796960861152385,0.016796960861152385
so,W10p0,5,13,-0.01673351107982677,0.01673351107982677
so,W40p0,6,3,-0.016492448782212645,0.016492448782212645
thetao,W20p0,7,7,0.01640202133487312,0.01640202133487312
so,W30p0,8,14,-0.016397303517452565,0.016397303517452565
so,W30p0,4,9,0.016355993185028866,0.016355993185028866
thetao,W30p0,10,8,0.016293100953722744,0.016293100953722744
thetao,W30p0,2,12,-0.016267465620365296,0.016267465620365296
so,W60p0,3,6,-0.016159979704543068,0.016159979704543068
thetao,W10p0,4,10,0.015966096832836795,0.015966096832836795
so,W30p0,8,5,0.015948204988805573,0.015948204988805573
so,W60p0,4,18,0.015844070559964375,0.015844070559964375
so,W30p0,7,8,0.01580973290214051,0.01580973290214051
so,W20p0,3,4,0.01569065122112467,0.01569065122112467
so,W40p0,8,20,-0.015626088104360492,0.015626088104360492
so,W60p0,2,8,0.015581428582379781,0.015581428582379781
so,W10p0,9,20,0.015558650614482058,0.015558650614482058
thetao,W10p0,8,15,0.01549217805061027,0.01549217805061027
so,W20p0,3,2,0.01545457497242148,0.01545457497242148
so,W20p0,3,5,0.01539201054416847,0.01539201054416847
so,W20p0,4,1,-0.015335143778702482,0.015335143778702482
so,W20p0,1,8,-0.0152494518107835,0.0152494518107835
so,W30p0,6,15,-0.01501986363131192,0.01501986363131192
thetao,W60p0,4,15,-0.01501939243038576,0.01501939243038576
thetao,W30p0,7,10,0.01501317875185521,0.01501317875185521
so,W40p0,9,5,-0.014958026463518742,0.014958026463518742
so,W60p0,1,11,0.014835954009816089,0.014835954009816089
thetao,W40p0,4,6,0.014706022999005437,0.014706022999005437
thetao,W40p0,10,10,-0.014593107883770846,0.014593107883770846
thetao,W60p0,5,0,0.014264346569496182,0.014264346569496182
so,W40p0,6,0,-0.014258156053350159,0.014258156053350159
so,W40p0,2,14,0.014166585908792348,0.014166585908792348
thetao,W40p0,9,16,0.014035668492353262,0.014035668492353262
so,W40p0,10,17,-0.013986851236155727,0.013986851236155727
thetao,W10p0,1,8,-0.013986096503871842,0.013986096503871842
so,W20p0,4,2,0.013919671381421382,0.013919671381421382
thetao,W20p0,9,0,-0.013736020826683624,0.013736020826683624
so,W60p0,3,8,0.013517897049090743,0.013517897049090743
so,W30p0,2,10,-0.013369499685374046,0.013369499685374046
thetao,W10p0,2,17,0.01323489511960441,0.01323489511960441
so,W40p0,2,12,0.013226458141545192,0.013226458141545192
thetao,W10p0,4,5,-0.013116233766232135,0.013116233766232135
thetao,W40p0,4,18,0.01297649040456907,0.01297649040456907
thetao,W40p0,9,1,-0.012964204026689194,0.012964204026689194
thetao,W10p0,2,19,0.012860249136131685,0.012860249136131685
so,W30p0,2,9,0.012411696905268913,0.012411696905268913
so,W60p0,2,5,0.012321829639879201,0.012321829639879201
so,W10p0,6,18,0.01216882108616169,0.01216882108616169
so,W40p0,7,16,0.012129026949950099,0.012129026949950099
so,W30p0,1,17,-0.012039310540938812,0.012039310540938812
thetao,W30p0,6,14,0.01172936809547722,0.01172936809547722
so,W30p0,5,4,-0.011627839978807947,0.011627839978807947
so,W10p0,5,20,-0.01145792903738671,0.01145792903738671
so,W40p0,6,2,-0.011451430556406914,0.011451430556406914
thetao,W40p0,3,6,-0.011422683818650239,0.011422683818650239
so,W20p0,1,10,0.011396888489077581,0.011396888489077581
thetao,W40p0,4,20,-0.011365049989562372,0.011365049989562372
so,W10p0,10,2,-0.011248141270500538,0.011248141270500538
thetao,W10p0,6,11,0.011011403147321292,0.011011403147321292
thetao,W40p0,7,12,-0.010993702054016436,0.010993702054016436
thetao,W60p0,7,18,-0.010949273328783106,0.010949273328783106
thetao,W20p0,5,17,-0.010835169253401077,0.010835169253401077
so,W30p0,6,12,-0.010718673866179999,0.010718673866179999
thetao,W10p0,3,10,0.01070653580178645,0.01070653580178645
so,W30p0,7,17,-0.010671216269654301,0.010671216269654301
so,W60p0,2,6,-0.010627340188127185,0.010627340188127185
thetao,W40p0,3,18,-0.0105966706678059,0.0105966706678059
so,W40p0,8,8,0.010595214590240938,0.010595214590240938
so,W20p0,1,9,0.010426256057034611,0.010426256057034611
thetao,W40p0,4,12,0.010414738909041111,0.010414738909041111
so,W20p0,9,7,-0.010279236691754024,0.010279236691754024
so,W40p0,9,14,-0.010264845932522814,0.010264845932522814
so,W30p0,2,14,0.010246520081062421,0.010246520081062421
thetao,W10p0,1,14,-0.010035094466745187,0.010035094466745187
so,W60p0,2,4,-0.00979370524132281,0.00979370524132281
thetao,W60p0,7,17,-0.00977595147067467,0.00977595147067467
so,W10p0,1,4,0.009754146517071472,0.009754146517071472
so,W10p0,4,14,0.009609378081163463,0.009609378081163463
so,W10p0,2,18,0.009595139399063512,0.009595139399063512
thetao,W40p0,4,13,-0.009440898932817873,0.009440898932817873
thetao,W10p0,1,15,-0.009418573123979486,0.009418573123979486
thetao,W10p0,8,19,-0.009406015127105318,0.009406015127105318
thetao,W40p0,8,18,-0.009346368454072291,0.009346368454072291
so,W40p0,10,14,0.0093350124246945,0.0093350124246945
so,W10p0,10,9,0.009107203090787922,0.009107203090787922
thetao,W40p0,9,7,0.008728291816003477,0.008728291816003477
so,W20p0,7,0,-0.008520826968888574,0.008520826968888574
thetao,W20p0,5,20,-0.00828867635771836,0.00828867635771836
thetao,W10p0,2,16,-0.008120016572914892,0.008120016572914892
so,W30p0,9,5,0.008034106388545513,0.008034106388545513
thetao,W20p0,6,7,0.007874172412472354,0.007874172412472354
thetao,W20p0,1,10,0.00785290287415123,0.00785290287415123
so,W10p0,9,4,0.0076887188734637195,0.0076887188734637195
thetao,W60p0,10,13,-0.007619364238910675,0.007619364238910675
so,W10p0,2,19,-0.007461025957255221,0.007461025957255221
so,W40p0,9,4,-0.007439276175317369,0.007439276175317369
thetao,W30p0,1,2,-0.007399673132633082,0.007399673132633082
so,W40p0,9,0,0.007249227368787322,0.007249227368787322
so,W10p0,5,4,-0.0070028011774824345,0.0070028011774824345
thetao,W10p0,1,13,-0.006958498016637554,0.006958498016637554
thetao,W30p0,7,7,-0.006527325538240812,0.006527325538240812
so,W60p0,8,6,0.006518551602416609,0.006518551602416609
so,W40p0,9,1,-0.006492504012226305,0.006492504012226305
so,W10p0,3,19,-0.006408441709861984,0.006408441709861984
so,W40p0,8,11,0.006198908857191532,0.006198908857191532
thetao,W30p0,9,7,0.006099931343592873,0.006099931343592873
so,W10p0,1,17,-0.006007395779359382,0.006007395779359382
so,W40p0,2,15,-0.005966049487409174,0.005966049487409174
thetao,W10p0,4,11,0.005918892041364511,0.005918892041364511
so,W10p0,3,13,0.005858780155218827,0.005858780155218827
thetao,W20p0,9,15,-0.005793236957833273,0.005793236957833273
thetao,W20p0,10,16,0.005522136674272785,0.005522136674272785
thetao,W10p0,5,12,0.00533660605603306,0.00533660605603306
thetao,W30p0,7,3,0.005255621389216888,0.005255621389216888
so,W60p0,8,14,0.005219579993022395,0.005219579993022395
so,W30p0,2,13,-0.005145810520523175,0.005145810520523175
thetao,W20p0,6,11,0.004161682675917247,0.004161682675917247
so,W20p0,9,6,0.004087350281097877,0.004087350281097877
thetao,W20p0,4,1,-0.004054418964686571,0.004054418964686571
so,W30p0,8,7,0.00402986289844807,0.00402986289844807
so,W30p0,6,1,0.003960865925884647,0.003960865925884647
thetao,W10p0,3,9,0.0038993652832943317,0.0038993652832943317
so,W10p0,9,18,0.0038824903102409537,0.0038824903102409537
so,W20p0,4,19,-0.003871279856601298,0.003871279856601298
so,W30p0,9,18,-0.0038401170670951047,0.0038401170670951047
so,W20p0,10,13,0.0037677167477847924,0.0037677167477847924
thetao,W40p0,3,19,-0.0036319422695153774,0.0036319422695153774
thetao,W60p0,5,3,0.0035563176731680463,0.0035563176731680463
thetao,W60p0,7,20,0.003447490044933955,0.003447490044933955
so,W40p0,8,9,0.003218007063423525,0.003218007063423525
so,W40p0,1,3,-0.0026417907634412314,0.0026417907634412314
so,W60p0,8,10,-0.002450941419976441,0.002450941419976441
thetao,W40p0,10,18,-0.002442864657590095,0.002442864657590095
thetao,W40p0,8,16,0.0023976147429011956,0.0023976147429011956
so,W30p0,7,11,-0.0022545647503408313,0.0022545647503408313
so,W10p0,4,12,-0.002204785502941024,0.002204785502941024
so,W60p0,10,18,-0.0021404684209796643,0.0021404684209796643
so,W30p0,5,11,0.002124760243548832,0.002124760243548832
thetao,W20p0,8,10,0.00210377792347982,0.00210377792347982
so,W60p0,8,7,0.001927775699520298,0.001927775699520298
thetao,W10p0,6,19,-0.00184132423863645,0.00184132423863645
thetao,W10p0,2,20,-0.0017439292655004395,0.0017439292655004395
thetao,W30p0,7,15,0.0017069746675445296,0.0017069746675445296
so,W10p0,4,13,0.0016339299454219626,0.0016339299454219626
so,W10p0,1,5,-0.0014822981382329153,0.0014822981382329153
thetao,W30p0,3,2,0.001457722599241026,0.001457722599241026
thetao,W40p0,4,19,0.001379874946817016,0.001379874946817016
thetao,W30p0,5,9,-0.0013599522230744723,0.0013599522230744723
so,W30p0,6,0,-0.001340486358118044,0.001340486358118044
so,W30p0,3,19,-0.0012200727368201045,0.0012200727368201045
so,W30p0,5,2,0.0011502397611452399,0.0011502397611452399
thetao,W40p0,10,17,-0.0011133250169284398,0.0011133250169284398
so,W60p0,10,9,-0.0009173555874207226,0.0009173555874207226
thetao,W60p0,8,17,-0.0009135753382129695,0.0009135753382129695
so,W20p0,2,17,-0.0009021336476751232,0.0009021336476751232
so,W30p0,8,15,-0.0008470605887323567,0.0008470605887323567
so,W60p0,4,17,0.000726618069316661,0.000726618069316661
thetao,W20p0,2,19,0.0007044006028238874,0.0007044006028238874
so,W10p0,10,3,0.0006455639323135528,0.0006455639323135528
thetao,W10p0,3,8,0.0005671436963029318,0.0005671436963029318
so,W10p0,6,10,-0.0005514403512731048,0.0005514403512731048
thetao,W60p0,2,9,0.00031241219782368195,0.00031241219782368195
thetao,W40p0,4,10,0.00021834986889534853,0.00021834986889534853
thetao,W20p0,6,9,0.00016964228392578657,0.00016964228392578657
thetao,W30p0,9,4,0.000158845076859266,0.000158845076859266
thetao,W40p0,3,5,-0.00015148976140130917,0.00015148976140130917
