var,lon_tag,mode,lag,corr,abs_corr
so,W40p0,2,3,-0.5589396656991734,0.5589396656991734
so,W40p0,2,4,-0.5086727480184849,0.5086727480184849
so,W60p0,1,0,0.4972545213410357,0.4972545213410357
so,W60p0,1,1,0.49381077943939516,0.49381077943939516
so,W40p0,2,2,-0.46618935569454,0.46618935569454
so,W10p0,10,0,-0.46118056160647347,0.46118056160647347
thetao,W40p0,5,7,0.4419073375566384,0.4419073375566384
so,W40p0,2,5,-0.43674646262445077,0.43674646262445077
so,W10p0,2,1,-0.43620711562347153,0.43620711562347153
so,W40p0,1,0,0.4315895386753841,0.4315895386753841
thetao,W30p0,5,7,-0.42821803006000825,0.42821803006000825
thetao,W40p0,8,20,0.4161731887377716,0.4161731887377716
thetao,W40p0,5,8,0.4148469082677909,0.4148469082677909
so,W10p0,2,0,-0.41430814568129665,0.41430814568129665
thetao,W60p0,9,1,0.411738619310697,0.411738619310697
so,W60p0,1,2,0.4036811293186555,0.4036811293186555
thetao,W60p0,3,14,-0.40021242051564065,0.40021242051564065
so,W20p0,6,19,-0.3953263770270494,0.3953263770270494
thetao,W40p0,1,11,-0.3944190737718147,0.3944190737718147
thetao,W30p0,5,8,-0.3845768409006678,0.3845768409006678
thetao,W30p0,5,6,-0.38397525399897264,0.38397525399897264
thetao,W20p0,1,8,0.3806605032407586,0.3806605032407586
so,W40p0,1,11,0.38006953213188843,0.38006953213188843
so,W10p0,2,2,-0.3799733080716627,0.3799733080716627
so,W10p0,10,1,-0.37890356839052103,0.37890356839052103
thetao,W20p0,1,7,0.37741101262904864,0.37741101262904864
thetao,W60p0,5,10,-0.3757666270961969,0.3757666270961969
thetao,W60p0,10,17,0.3756878141434244,0.3756878141434244
so,W20p0,2,0,0.37418088170520647,0.37418088170520647
thetao,W60p0,9,2,0.37322764595454616,0.37322764595454616
so,W40p0,2,6,-0.36641575681218036,0.36641575681218036
thetao,W60p0,3,15,-0.3656602267362539,0.3656602267362539
so,W20p0,6,20,-0.36436726865167324,0.36436726865167324
thetao,W60p0,9,0,0.36128676564680834,0.36128676564680834
thetao,W40p0,5,6,0.3567827134654578,0.3567827134654578
thetao,W10p0,8,15,-0.35566632016358285,0.35566632016358285
thetao,W20p0,1,6,0.35430263425027836,0.35430263425027836
thetao,W40p0,1,0,-0.3542175900681022,0.3542175900681022
thetao,W20p0,10,6,-0.35198101297342105,0.35198101297342105
thetao,W40p0,8,19,0.3510035368505466,0.3510035368505466
thetao,W60p0,10,16,0.3506349089437914,0.3506349089437914
thetao,W40p0,5,19,0.3503786521707154,0.3503786521707154
thetao,W20p0,1,9,0.34997424772450486,0.34997424772450486
so,W20p0,2,1,0.34799131461664556,0.34799131461664556
thetao,W40p0,10,1,0.3436843425017307,0.3436843425017307
thetao,W60p0,5,11,-0.3413894287928814,0.3413894287928814
so,W10p0,1,20,-0.3399369045374095,0.3399369045374095
so,W30p0,4,11,0.33856160698038085,0.33856160698038085
thetao,W20p0,1,5,0.3369429575876082,0.3369429575876082
so,W30p0,2,0,-0.33630598727886624,0.33630598727886624
thetao,W40p0,5,20,0.3354613265168839,0.3354613265168839
so,W10p0,6,0,0.3341808593904721,0.3341808593904721
so,W40p0,1,1,0.3341313771089482,0.3341313771089482
thetao,W20p0,3,2,0.3337691633480851,0.3337691633480851
so,W20p0,6,18,-0.3311248900110385,0.3311248900110385
so,W40p0,7,20,0.3303089525261351,0.3303089525261351
thetao,W20p0,1,10,0.3293883729748934,0.3293883729748934
so,W20p0,3,4,0.32831467568868333,0.32831467568868333
thetao,W60p0,5,9,-0.3280019503339577,0.3280019503339577
thetao,W40p0,10,2,0.3277093176742396,0.3277093176742396
thetao,W20p0,3,3,0.3272226419925759,0.3272226419925759
so,W60p0,3,14,0.3269458362483603,0.3269458362483603
thetao,W40p0,1,12,-0.32680008267257854,0.32680008267257854
thetao,W30p0,1,10,-0.3247190970807452,0.3247190970807452
thetao,W40p0,8,18,0.3215476175369935,0.3215476175369935
so,W40p0,7,19,0.32048019830596847,0.32048019830596847
so,W40p0,7,0,-0.3204216041061608,0.3204216041061608
thetao,W40p0,1,1,-0.32004808511981,0.32004808511981
so,W30p0,9,20,0.3199574239959456,0.3199574239959456
thetao,W60p0,10,18,0.31991409710307245,0.31991409710307245
thetao,W40p0,5,9,0.31942679924092615,0.31942679924092615
thetao,W30p0,5,9,-0.3189974599663269,0.3189974599663269
thetao,W40p0,5,18,0.31891480609430034,0.31891480609430034
so,W40p0,1,10,0.31818573041035203,0.31818573041035203
so,W40p0,5,1,-0.3160458848394633,0.3160458848394633
so,W40p0,7,18,0.315911022825496,0.315911022825496
thetao,W10p0,8,14,-0.31565257405110225,0.31565257405110225
thetao,W20p0,1,0,0.31551917494152903,0.31551917494152903
thetao,W40p0,10,3,0.31359862165140273,0.31359862165140273
so,W10p0,1,10,-0.31314235246379724,0.31314235246379724
thetao,W10p0,6,10,-0.31310394522654883,0.31310394522654883
so,W30p0,4,12,0.31221828423390885,0.31221828423390885
thetao,W20p0,1,4,0.3115854377672798,0.3115854377672798
thetao,W20p0,10,7,-0.30994908932200127,0.30994908932200127
thetao,W10p0,4,9,0.3097864277588781,0.3097864277588781
so,W10p0,1,9,-0.30963445261125216,0.30963445261125216
thetao,W10p0,4,8,0.3093656079889847,0.3093656079889847
so,W20p0,3,5,0.30872003995964775,0.30872003995964775
so,W30p0,5,13,-0.3082683798515853,0.3082683798515853
so,W40p0,8,13,-0.3074794840829117,0.3074794840829117
so,W20p0,3,3,0.30728545583516303,0.30728545583516303
so,W60p0,3,8,-0.30633782573793444,0.30633782573793444
so,W60p0,4,15,0.3062799860577531,0.3062799860577531
thetao,W20p0,1,1,0.30456460921430323,0.30456460921430323
so,W10p0,1,19,-0.30395064599456917,0.30395064599456917
thetao,W10p0,10,7,-0.30378011263681853,0.30378011263681853
so,W20p0,3,6,0.30105425793275575,0.30105425793275575
so,W30p0,4,10,0.30015188513977953,0.30015188513977953
thetao,W30p0,5,20,-0.30000833722938547,0.30000833722938547
thetao,W20p0,3,5,0.2995679260621209,0.2995679260621209
so,W20p0,1,11,-0.2994104526240598,0.2994104526240598
thetao,W40p0,1,10,-0.2980497178113397,0.2980497178113397
so,W30p0,7,0,-0.2979938562200192,0.2979938562200192
thetao,W10p0,8,17,-0.29743045815841623,0.29743045815841623
so,W40p0,6,0,-0.29690224388924,0.29690224388924
so,W20p0,2,11,0.2966174777185532,0.2966174777185532
so,W40p0,5,2,-0.2965780372746943,0.2965780372746943
thetao,W60p0,10,0,-0.29621166302893,0.29621166302893
so,W20p0,2,10,0.29592641874197567,0.29592641874197567
so,W60p0,3,9,-0.2959119889886191,0.2959119889886191
thetao,W40p0,5,1,-0.29563070404805486,0.29563070404805486
thetao,W10p0,4,7,0.2949429502007998,0.2949429502007998
thetao,W60p0,10,4,0.2949048292848305,0.2949048292848305
thetao,W10p0,4,19,0.29471126898293837,0.29471126898293837
so,W20p0,1,12,-0.29470815673841216,0.29470815673841216
so,W60p0,9,14,-0.29426200823582277,0.29426200823582277
thetao,W30p0,1,11,-0.29397285665193096,0.29397285665193096
so,W10p0,10,2,-0.2936286863442148,0.2936286863442148
so,W40p0,9,12,-0.29312556727767114,0.29312556727767114
thetao,W20p0,1,3,0.2925478637609846,0.2925478637609846
thetao,W30p0,5,5,-0.2913221438579839,0.2913221438579839
so,W20p0,8,0,-0.2906415593007368,0.2906415593007368
thetao,W20p0,10,1,0.2900374162990994,0.2900374162990994
thetao,W40p0,5,2,-0.2899848345047273,0.2899848345047273
so,W20p0,2,9,0.28976867335633316,0.28976867335633316
so,W40p0,4,11,0.289266902109285,0.289266902109285
thetao,W10p0,4,20,0.28863718433462515,0.28863718433462515
thetao,W40p0,1,13,-0.2881656262640349,0.2881656262640349
thetao,W20p0,1,2,0.28764750477158074,0.28764750477158074
thetao,W60p0,3,16,-0.28623438677956214,0.28623438677956214
thetao,W40p0,10,4,0.2850880513408899,0.2850880513408899
so,W40p0,2,1,-0.28507343397174095,0.28507343397174095
thetao,W60p0,10,6,0.28430702095283045,0.28430702095283045
thetao,W10p0,4,6,0.2842616680717532,0.2842616680717532
thetao,W40p0,10,5,0.282768537352555,0.282768537352555
so,W10p0,1,8,-0.2818724515099126,0.2818724515099126
thetao,W20p0,8,17,-0.28114991290637026,0.28114991290637026
thetao,W40p0,2,12,-0.2804368999106204,0.2804368999106204
so,W60p0,3,13,0.2800904786851237,0.2800904786851237
thetao,W10p0,6,12,-0.27989597388341403,0.27989597388341403
so,W40p0,1,12,0.27970157304233884,0.27970157304233884
thetao,W20p0,8,16,-0.2789874736381289,0.2789874736381289
so,W60p0,4,2,0.2787843389162626,0.2787843389162626
thetao,W40p0,4,12,-0.27845528363913796,0.27845528363913796
so,W10p0,1,7,-0.2784356304602142,0.2784356304602142
thetao,W60p0,8,18,-0.2782322257268796,0.2782322257268796
thetao,W10p0,10,6,-0.27821137757288106,0.27821137757288106
so,W60p0,1,3,0.27770197870763025,0.27770197870763025
so,W30p0,8,3,0.2772312701519311,0.2772312701519311
thetao,W10p0,5,13,-0.2772285118747853,0.2772285118747853
thetao,W60p0,10,5,0.27701700600175483,0.27701700600175483
so,W20p0,2,2,0.2765793560717684,0.2765793560717684
thetao,W30p0,1,9,-0.27644608203953674,0.27644608203953674
so,W30p0,5,7,0.27576383540001786,0.27576383540001786
so,W30p0,5,6,0.2755438629020632,0.2755438629020632
so,W30p0,5,8,0.27500145233444084,0.27500145233444084
thetao,W20p0,3,4,0.27476538344981805,0.27476538344981805
thetao,W20p0,10,0,0.27435970719772385,0.27435970719772385
thetao,W10p0,1,0,0.27294651701299716,0.27294651701299716
so,W60p0,10,0,-0.27224142403895096,0.27224142403895096
so,W40p0,6,13,-0.2717642223916753,0.2717642223916753
thetao,W60p0,8,17,-0.2716504969691411,0.2716504969691411
thetao,W10p0,8,16,-0.2714109803726525,0.2714109803726525
so,W30p0,5,5,0.2713885376029991,0.2713885376029991
so,W20p0,3,7,0.270669737790489,0.270669737790489
so,W60p0,7,20,-0.2691356915217706,0.2691356915217706
so,W10p0,2,14,-0.2688549493965869,0.2688549493965869
thetao,W40p0,9,8,0.2687327653313061,0.2687327653313061
so,W10p0,2,12,-0.2685976528691043,0.2685976528691043
thetao,W40p0,4,0,-0.2682719178315961,0.2682719178315961
so,W10p0,2,13,-0.26758460680589935,0.26758460680589935
so,W30p0,4,9,0.26739591495972714,0.26739591495972714
so,W20p0,2,12,0.26692226935408137,0.26692226935408137
thetao,W40p0,9,9,0.26687092898716513,0.26687092898716513
thetao,W10p0,10,8,-0.26591320370008287,0.26591320370008287
thetao,W60p0,10,3,0.2658164336071785,0.2658164336071785
so,W30p0,8,2,0.2656846432439185,0.2656846432439185
so,W60p0,8,14,-0.26561615443755543,0.26561615443755543
so,W60p0,4,3,0.2655839468236045,0.2655839468236045
thetao,W40p0,7,14,-0.26470134050017613,0.26470134050017613
thetao,W30p0,5,10,-0.26429386890171036,0.26429386890171036
so,W30p0,9,19,0.2641284602503301,0.2641284602503301
so,W30p0,4,13,0.2638762750682921,0.2638762750682921
so,W20p0,6,17,-0.2631912761535574,0.2631912761535574
thetao,W40p0,6,3,0.26274466723938344,0.26274466723938344
so,W10p0,1,6,-0.2623388502011951,0.2623388502011951
thetao,W40p0,6,2,0.26224816332499,0.26224816332499
thetao,W10p0,2,15,-0.26222941350032963,0.26222941350032963
so,W20p0,2,8,0.2621307345253209,0.2621307345253209
so,W60p0,3,1,0.2619585081527851,0.2619585081527851
thetao,W60p0,9,18,-0.2613950166682319,0.2613950166682319
so,W60p0,4,1,0.2599064634118666,0.2599064634118666
thetao,W10p0,5,12,-0.2583782597053459,0.2583782597053459
so,W20p0,5,7,-0.258124642114754,0.258124642114754
so,W40p0,2,7,-0.25743053207615246,0.25743053207615246
thetao,W40p0,10,0,0.25702012856961226,0.25702012856961226
so,W60p0,4,16,0.25691810611804344,0.25691810611804344
thetao,W20p0,2,20,0.2565351641431365,0.2565351641431365
thetao,W20p0,1,11,0.25600605778826463,0.25600605778826463
so,W60p0,7,18,-0.2559386435686983,0.2559386435686983
so,W10p0,6,18,-0.25559070939742956,0.25559070939742956
so,W20p0,5,8,-0.2553592939034284,0.2553592939034284
thetao,W60p0,3,13,-0.25523500671935195,0.25523500671935195
thetao,W20p0,3,6,0.2551205995817566,0.2551205995817566
so,W10p0,2,3,-0.254683712032808,0.254683712032808
thetao,W10p0,2,17,-0.25462742927794685,0.25462742927794685
so,W10p0,6,19,-0.2544356360581885,0.2544356360581885
thetao,W10p0,9,3,0.25440422067198337,0.25440422067198337
so,W60p0,9,15,-0.25404001557053196,0.25404001557053196
thetao,W40p0,9,7,0.253504960302969,0.253504960302969
thetao,W60p0,9,17,-0.25331653769195,0.25331653769195
so,W10p0,1,18,-0.2528104772757874,0.2528104772757874
thetao,W20p0,2,0,0.2528003385131168,0.2528003385131168
thetao,W60p0,10,15,0.252448747053118,0.252448747053118
thetao,W30p0,4,13,0.2512969890877224,0.2512969890877224
so,W60p0,9,12,-0.25106094248689315,0.25106094248689315
thetao,W60p0,9,19,-0.250928797323425,0.250928797323425
thetao,W20p0,10,2,0.25078532654482477,0.25078532654482477
so,W10p0,1,11,-0.2506542813467334,0.2506542813467334
thetao,W40p0,5,14,-0.250470085852086,0.250470085852086
thetao,W40p0,5,5,0.25000132053848567,0.25000132053848567
thetao,W10p0,8,13,-0.24985000315750083,0.24985000315750083
so,W60p0,9,0,-0.24983375165028246,0.24983375165028246
so,W40p0,6,12,-0.2494438012852437,0.2494438012852437
so,W60p0,8,2,-0.24944100873821948,0.24944100873821948
so,W60p0,3,7,-0.2489994595805354,0.2489994595805354
so,W40p0,6,1,-0.24870692736904979,0.24870692736904979
so,W10p0,1,17,-0.24857970772907512,0.24857970772907512
so,W60p0,3,2,0.2484345354713567,0.2484345354713567
thetao,W40p0,7,16,-0.24796579573007968,0.24796579573007968
thetao,W40p0,6,1,0.24765654727399275,0.24765654727399275
thetao,W40p0,7,15,-0.2473697598762698,0.2473697598762698
so,W60p0,9,13,-0.24673340179033498,0.24673340179033498
so,W10p0,6,14,-0.24544425774346348,0.24544425774346348
so,W30p0,1,12,0.2450025775483554,0.2450025775483554
thetao,W60p0,1,11,0.2444824529849095,0.2444824529849095
thetao,W40p0,2,13,-0.24443114572076657,0.24443114572076657
thetao,W10p0,3,4,0.24436893797808507,0.24436893797808507
so,W30p0,4,14,0.24417662925864259,0.24417662925864259
so,W20p0,3,2,0.244130879398168,0.244130879398168
thetao,W10p0,4,10,0.24338897969509588,0.24338897969509588
so,W30p0,8,18,0.24278262772558665,0.24278262772558665
so,W40p0,9,11,-0.24267605123605704,0.24267605123605704
thetao,W20p0,8,19,-0.24264312922111553,0.24264312922111553
so,W10p0,4,10,0.24225018291660116,0.24225018291660116
so,W10p0,2,11,-0.24219300916476125,0.24219300916476125
so,W60p0,4,14,0.2419602855868449,0.2419602855868449
thetao,W60p0,4,10,0.24188113238706793,0.24188113238706793
so,W60p0,7,19,-0.24173633955151666,0.24173633955151666
so,W10p0,8,7,0.2415085126844097,0.2415085126844097
thetao,W10p0,10,5,-0.24132725493894452,0.24132725493894452
thetao,W10p0,2,16,-0.24104000661199573,0.24104000661199573
so,W60p0,9,11,-0.24098279088094676,0.24098279088094676
so,W20p0,5,9,-0.24074547949015068,0.24074547949015068
so,W40p0,7,17,0.24051361601308574,0.24051361601308574
so,W40p0,4,18,0.2404302036994289,0.2404302036994289
so,W10p0,10,9,-0.24039314513846305,0.24039314513846305
so,W20p0,3,8,0.24008640560018596,0.24008640560018596
so,W40p0,4,10,0.24002199168029054,0.24002199168029054
thetao,W40p0,6,0,0.2398836295610479,0.2398836295610479
so,W30p0,7,14,-0.23974043823342228,0.23974043823342228
thetao,W20p0,8,18,-0.2396699364115845,0.2396699364115845
so,W10p0,10,11,-0.23963916296992357,0.23963916296992357
thetao,W40p0,10,20,-0.23953628735447344,0.23953628735447344
thetao,W60p0,10,7,0.2393894378930723,0.2393894378930723
thetao,W10p0,1,1,0.23900744592943873,0.23900744592943873
so,W30p0,5,14,-0.23893448166640655,0.23893448166640655
thetao,W10p0,1,6,0.23747915526400812,0.23747915526400812
so,W40p0,9,13,-0.23747395854133452,0.23747395854133452
so,W10p0,10,8,-0.23744157467980948,0.23744157467980948
so,W30p0,8,4,0.23721391986707144,0.23721391986707144
thetao,W40p0,9,4,0.23717574989824824,0.23717574989824824
so,W30p0,1,5,-0.23705653613887892,0.23705653613887892
thetao,W10p0,2,14,-0.23703548322707538,0.23703548322707538
so,W10p0,4,11,0.235738988921301,0.235738988921301
thetao,W10p0,8,18,-0.23529818150776136,0.23529818150776136
thetao,W40p0,4,13,-0.2352280398050776,0.2352280398050776
thetao,W30p0,8,15,-0.235157818427465,0.235157818427465
thetao,W40p0,6,4,0.23506874246048784,0.23506874246048784
so,W60p0,3,15,0.23504652441915058,0.23504652441915058
so,W30p0,4,8,0.23483954261683151,0.23483954261683151
so,W30p0,9,2,-0.23441717916475924,0.23441717916475924
so,W20p0,8,19,0.23429923369043787,0.23429923369043787
thetao,W10p0,4,0,-0.2339954554654686,0.2339954554654686
thetao,W30p0,1,12,-0.2339168466704264,0.2339168466704264
so,W20p0,1,13,-0.23258856083193014,0.23258856083193014
thetao,W60p0,9,3,0.23258053718264893,0.23258053718264893
so,W30p0,8,6,0.23246949528020797,0.23246949528020797
thetao,W40p0,5,13,-0.23220167755948087,0.23220167755948087
so,W30p0,5,9,0.23214007178763865,0.23214007178763865
so,W20p0,1,10,-0.23196277845685326,0.23196277845685326
thetao,W10p0,5,0,-0.2318030282484157,0.2318030282484157
so,W10p0,6,6,0.2315040436331784,0.2315040436331784
thetao,W60p0,8,13,-0.2310012225061835,0.2310012225061835
so,W10p0,7,2,-0.23056247933802634,0.23056247933802634
so,W10p0,6,15,-0.2305233428665235,0.2305233428665235
thetao,W10p0,10,19,0.2304022499166906,0.2304022499166906
so,W30p0,8,17,0.22987067502448447,0.22987067502448447
thetao,W30p0,5,19,-0.22973165512034924,0.22973165512034924
thetao,W10p0,6,9,-0.22948239490125044,0.22948239490125044
thetao,W40p0,4,11,-0.22902945195249527,0.22902945195249527
so,W40p0,6,14,-0.22862461451172833,0.22862461451172833
thetao,W10p0,3,5,0.22829291409825295,0.22829291409825295
thetao,W10p0,1,5,0.22803615981136904,0.22803615981136904
so,W10p0,7,11,0.2271367987183851,0.2271367987183851
so,W10p0,8,20,0.22697300370278864,0.22697300370278864
so,W10p0,10,10,-0.22656546569317107,0.22656546569317107
so,W30p0,1,13,0.22649501565589206,0.22649501565589206
thetao,W10p0,6,11,-0.22647687783964474,0.22647687783964474
so,W10p0,8,6,0.22553824322970317,0.22553824322970317
so,W10p0,8,8,0.22516325801968515,0.22516325801968515
so,W40p0,7,1,-0.22505330294345335,0.22505330294345335
so,W60p0,9,10,-0.22496711298690983,0.22496711298690983
so,W40p0,8,1,-0.22495483783212677,0.22495483783212677
so,W40p0,6,2,-0.2247765428162861,0.2247765428162861
thetao,W40p0,2,11,-0.22452392212410288,0.22452392212410288
thetao,W30p0,2,6,-0.22448764882875286,0.22448764882875286
thetao,W30p0,8,11,-0.22441641403758872,0.22441641403758872
so,W10p0,8,18,0.22380830213042227,0.22380830213042227
thetao,W30p0,10,10,0.22378408135939948,0.22378408135939948
thetao,W10p0,8,19,-0.22362429835600664,0.22362429835600664
so,W10p0,6,5,0.22355421826637273,0.22355421826637273
thetao,W40p0,4,6,0.22339831047568054,0.22339831047568054
so,W30p0,1,11,0.22334044703549494,0.22334044703549494
so,W10p0,7,3,-0.2231640990652891,0.2231640990652891
so,W40p0,10,2,0.22289424347595882,0.22289424347595882
so,W30p0,1,4,-0.22272813411526943,0.22272813411526943
thetao,W10p0,5,11,-0.2225836762014961,0.2225836762014961
thetao,W40p0,7,13,-0.22232235574737141,0.22232235574737141
thetao,W10p0,10,9,-0.22225731125875756,0.22225731125875756
thetao,W40p0,9,3,0.22221457280510476,0.22221457280510476
thetao,W60p0,9,16,-0.22213575060618382,0.22213575060618382
so,W10p0,4,12,0.22188732411065873,0.22188732411065873
thetao,W20p0,10,5,-0.2213294334467247,0.2213294334467247
so,W40p0,8,14,-0.22131893691923427,0.22131893691923427
so,W10p0,3,13,0.22113216956512372,0.22113216956512372
thetao,W40p0,10,6,0.2211296003018278,0.2211296003018278
so,W10p0,1,16,-0.22099388035254589,0.22099388035254589
thetao,W40p0,6,15,0.22095615352061987,0.22095615352061987
so,W10p0,8,1,-0.2208172591880625,0.2208172591880625
so,W10p0,2,15,-0.2207161924765209,0.2207161924765209
thetao,W10p0,10,18,0.22031921345064748,0.22031921345064748
so,W10p0,6,20,-0.22007907215538552,0.22007907215538552
so,W10p0,9,3,0.21952069050227352,0.21952069050227352
thetao,W60p0,8,19,-0.21941504080494884,0.21941504080494884
thetao,W10p0,6,8,-0.21928568347186736,0.21928568347186736
thetao,W40p0,6,14,0.2191092285053559,0.2191092285053559
thetao,W40p0,6,13,0.21849015720065298,0.21849015720065298
so,W40p0,1,9,0.2183064628326544,0.2183064628326544
so,W10p0,1,5,-0.2164985916848956,0.2164985916848956
thetao,W60p0,3,17,-0.2163713189676589,0.2163713189676589
thetao,W30p0,8,12,-0.21602669730796104,0.21602669730796104
thetao,W30p0,9,5,-0.21598956765321284,0.21598956765321284
so,W10p0,9,2,0.21583881021762222,0.21583881021762222
thetao,W60p0,9,11,0.215754850689871,0.215754850689871
thetao,W40p0,9,5,0.21545279457281874,0.21545279457281874
so,W10p0,10,3,-0.21543125328131307,0.21543125328131307
so,W10p0,3,12,0.21526531396319692,0.21526531396319692
so,W10p0,8,0,-0.2146379611338374,0.2146379611338374
so,W10p0,6,7,0.21437763729811057,0.21437763729811057
so,W10p0,6,17,-0.2143394851362691,0.2143394851362691
thetao,W20p0,2,19,0.2142888769290287,0.2142888769290287
so,W10p0,7,13,0.21414906831336777,0.21414906831336777
so,W30p0,10,17,-0.2135344526630421,0.2135344526630421
so,W10p0,6,1,0.21336180866115734,0.21336180866115734
so,W30p0,1,6,-0.21289703954887987,0.21289703954887987
so,W10p0,7,4,-0.21275926895768565,0.21275926895768565
thetao,W40p0,5,0,-0.2125316270243075,0.2125316270243075
thetao,W60p0,8,15,-0.21247166719280114,0.21247166719280114
thetao,W30p0,10,11,0.212081548885836,0.212081548885836
so,W30p0,7,9,-0.21197736806320328,0.21197736806320328
so,W60p0,3,10,-0.2119585643051341,0.2119585643051341
so,W20p0,5,6,-0.21189919646319968,0.21189919646319968
so,W10p0,7,12,0.21186801897571908,0.21186801897571908
thetao,W30p0,8,17,-0.2118468394519262,0.2118468394519262
thetao,W20p0,10,8,-0.21176699673477678,0.21176699673477678
so,W20p0,3,9,0.21160960750114252,0.21160960750114252
so,W30p0,8,5,0.21142209006025736,0.21142209006025736
thetao,W60p0,5,8,-0.21141925864202493,0.21141925864202493
so,W20p0,8,20,0.21123101284256798,0.21123101284256798
thetao,W60p0,9,20,-0.21098529447856615,0.21098529447856615
thetao,W40p0,1,2,-0.21086087477570772,0.21086087477570772
so,W20p0,4,20,-0.21085473354829376,0.21085473354829376
thetao,W30p0,9,6,-0.2106648107841755,0.2106648107841755
thetao,W10p0,5,16,-0.21056547573564433,0.21056547573564433
thetao,W40p0,4,5,0.21004662980742397,0.21004662980742397
so,W60p0,10,1,-0.20956644255346787,0.20956644255346787
thetao,W60p0,10,19,0.20906965126765864,0.20906965126765864
so,W10p0,8,19,0.2089550573220166,0.2089550573220166
so,W20p0,8,18,0.20815619973199434,0.20815619973199434
so,W10p0,6,13,-0.20799195376763394,0.20799195376763394
so,W20p0,6,16,-0.20793784576515004,0.20793784576515004
thetao,W40p0,1,14,-0.2078007948474343,0.2078007948474343
so,W10p0,3,11,0.2073871072043184,0.2073871072043184
thetao,W60p0,8,16,-0.20734646369476345,0.20734646369476345
thetao,W30p0,2,18,-0.20698218790539175,0.20698218790539175
so,W40p0,5,0,-0.20660100637189782,0.20660100637189782
so,W40p0,4,12,0.20603473211002013,0.20603473211002013
so,W10p0,6,16,-0.2059562921505531,0.2059562921505531
thetao,W10p0,1,2,0.20541464044210245,0.20541464044210245
so,W40p0,1,13,0.2052633614895505,0.2052633614895505
thetao,W40p0,6,16,0.20477540988820925,0.20477540988820925
thetao,W60p0,1,12,0.20440798691098477,0.20440798691098477
so,W10p0,10,7,-0.20388745105511458,0.20388745105511458
thetao,W20p0,7,17,0.20387807733513028,0.20387807733513028
so,W10p0,7,15,0.20386398446978193,0.20386398446978193
thetao,W60p0,5,12,-0.2037393266601079,0.2037393266601079
so,W20p0,8,13,-0.20293028855215536,0.20293028855215536
thetao,W10p0,6,13,-0.20279791573421949,0.20279791573421949
thetao,W60p0,9,12,0.20268981407516987,0.20268981407516987
so,W40p0,5,3,-0.20248634926293407,0.20248634926293407
thetao,W30p0,6,15,-0.202466811580059,0.202466811580059
so,W10p0,7,10,0.20242702022273942,0.20242702022273942
thetao,W40p0,9,2,0.20160046550637836,0.20160046550637836
so,W30p0,7,10,-0.20143563385602717,0.20143563385602717
thetao,W30p0,4,14,0.20062257398870217,0.20062257398870217
so,W30p0,7,13,-0.20058146623847622,0.20058146623847622
so,W20p0,2,13,0.2005697390262431,0.2005697390262431
so,W10p0,3,20,0.1993793521061634,0.1993793521061634
thetao,W30p0,10,9,0.199377454124918,0.199377454124918
thetao,W60p0,8,12,-0.19927554221469257,0.19927554221469257
so,W10p0,7,14,0.19909098003502004,0.19909098003502004
so,W60p0,9,16,-0.19854518115638178,0.19854518115638178
so,W40p0,7,2,-0.19820524567353318,0.19820524567353318
so,W10p0,10,6,-0.19811040004028832,0.19811040004028832
thetao,W40p0,5,10,0.1979153565528294,0.1979153565528294
so,W30p0,4,7,0.19767560093413863,0.19767560093413863
thetao,W10p0,4,5,0.19764301409432924,0.19764301409432924
so,W60p0,2,8,-0.1976278216716096,0.1976278216716096
thetao,W40p0,9,6,0.1975108171775189,0.1975108171775189
so,W30p0,7,12,-0.1970802269012626,0.1970802269012626
thetao,W30p0,8,14,-0.1965325160706874,0.1965325160706874
so,W40p0,8,12,-0.19588654847663406,0.19588654847663406
thetao,W10p0,3,6,0.19588528917439826,0.19588528917439826
thetao,W10p0,1,7,0.1957576415722309,0.1957576415722309
so,W60p0,3,6,-0.1954060709047916,0.1954060709047916
so,W20p0,2,7,0.1951882948151377,0.1951882948151377
thetao,W10p0,8,12,-0.19514692445877924,0.19514692445877924
so,W20p0,9,1,0.19501543821600967,0.19501543821600967
thetao,W10p0,4,18,0.19470366527598812,0.19470366527598812
so,W60p0,4,17,0.19454272577740508,0.19454272577740508
so,W40p0,5,14,-0.19434250901821948,0.19434250901821948
so,W60p0,7,17,-0.1942663090327223,0.1942663090327223
so,W30p0,4,6,0.19410211494330415,0.19410211494330415
thetao,W30p0,6,4,-0.19390308571060563,0.19390308571060563
so,W40p0,5,12,-0.1938544872753133,0.1938544872753133
so,W60p0,8,15,-0.19365609322996954,0.19365609322996954
so,W20p0,9,3,0.19365222613817906,0.19365222613817906
thetao,W10p0,1,3,0.19364515033308827,0.19364515033308827
thetao,W10p0,1,4,0.19357902067630334,0.19357902067630334
so,W20p0,8,1,-0.19266309844355714,0.19266309844355714
thetao,W30p0,6,5,-0.1925842688968954,0.1925842688968954
thetao,W10p0,8,20,-0.1914128297779961,0.1914128297779961
so,W20p0,6,0,0.19109385465755915,0.19109385465755915
so,W30p0,5,4,0.19100312345689277,0.19100312345689277
so,W10p0,10,4,-0.1910027551748683,0.1910027551748683
so,W10p0,10,12,-0.19084550998090852,0.19084550998090852
so,W10p0,1,12,-0.19078147731984718,0.19078147731984718
thetao,W60p0,1,10,0.19054236710688283,0.19054236710688283
thetao,W30p0,8,16,-0.19051216072666155,0.19051216072666155
so,W30p0,5,15,-0.19000032579631604,0.19000032579631604
so,W40p0,7,8,0.18992920325273102,0.18992920325273102
thetao,W60p0,6,20,-0.1898674672379459,0.1898674672379459
thetao,W20p0,4,20,-0.18981869372490945,0.18981869372490945
so,W40p0,5,13,-0.18938373419851426,0.18938373419851426
so,W30p0,2,19,0.18885364284723374,0.18885364284723374
thetao,W20p0,7,18,0.18862952320117782,0.18862952320117782
so,W10p0,3,16,0.18838037432051846,0.18838037432051846
so,W30p0,9,1,-0.1883652156053663,0.1883652156053663
thetao,W40p0,2,14,-0.18833453053575863,0.18833453053575863
thetao,W10p0,8,5,0.188144319498459,0.188144319498459
thetao,W10p0,9,4,0.18800128766420326,0.18800128766420326
so,W20p0,1,14,-0.18792341740430768,0.18792341740430768
thetao,W40p0,9,0,0.18781635041947006,0.18781635041947006
thetao,W10p0,1,8,0.1874378358005191,0.1874378358005191
thetao,W10p0,10,3,-0.18669722440955203,0.18669722440955203
so,W20p0,1,9,-0.1865024889917997,0.1865024889917997
so,W40p0,5,15,-0.18634551445343847,0.18634551445343847
thetao,W40p0,9,10,0.18623788768792834,0.18623788768792834
thetao,W10p0,10,4,-0.18603761479599043,0.18603761479599043
so,W10p0,9,1,0.18585505371806885,0.18585505371806885
thetao,W30p0,10,14,-0.18569916031896885,0.18569916031896885
thetao,W30p0,6,1,-0.1854395507123429,0.1854395507123429
thetao,W20p0,3,1,0.18521710570171648,0.18521710570171648
thetao,W30p0,6,14,-0.18489813346429707,0.18489813346429707
thetao,W40p0,6,12,0.18467657104961469,0.18467657104961469
so,W40p0,4,17,0.18444486306688232,0.18444486306688232
thetao,W20p0,2,16,0.18426620348004724,0.18426620348004724
thetao,W10p0,10,20,0.18417140093527415,0.18417140093527415
so,W60p0,8,3,-0.18389883134088153,0.18389883134088153
so,W60p0,7,1,0.1837244452762254,0.1837244452762254
thetao,W20p0,9,3,-0.18357257726187762,0.18357257726187762
so,W30p0,10,15,-0.18353847865647596,0.18353847865647596
so,W30p0,1,7,-0.18349790922782627,0.18349790922782627
so,W60p0,6,15,0.18338347172410083,0.18338347172410083
so,W40p0,2,17,-0.1831034129837537,0.1831034129837537
thetao,W30p0,1,8,-0.18307478833800073,0.18307478833800073
so,W60p0,7,2,0.18305781289425033,0.18305781289425033
so,W40p0,2,8,-0.18262012490649743,0.18262012490649743
thetao,W20p0,7,0,-0.18255196943104576,0.18255196943104576
thetao,W30p0,6,2,-0.18252550940388595,0.18252550940388595
thetao,W20p0,2,18,0.1825237945841322,0.1825237945841322
thetao,W30p0,6,3,-0.1822350670863296,0.1822350670863296
thetao,W60p0,10,8,0.18215379457543207,0.18215379457543207
thetao,W30p0,3,7,-0.18199553225673756,0.18199553225673756
so,W40p0,8,15,-0.18198134074607256,0.18198134074607256
thetao,W60p0,8,14,-0.18176771065638087,0.18176771065638087
so,W20p0,2,3,0.18175294030158817,0.18175294030158817
thetao,W10p0,8,4,0.18175043959183407,0.18175043959183407
thetao,W40p0,9,20,0.18171714843676284,0.18171714843676284
thetao,W60p0,4,9,0.18112421028659065,0.18112421028659065
so,W60p0,3,3,0.18104636942524285,0.18104636942524285
thetao,W10p0,10,10,-0.1809115618553648,0.1809115618553648
so,W40p0,4,19,0.18084349936762117,0.18084349936762117
thetao,W40p0,2,10,-0.18028555132076557,0.18028555132076557
thetao,W60p0,2,9,0.18019569819420606,0.18019569819420606
so,W10p0,3,0,0.18012412352968332,0.18012412352968332
so,W30p0,8,16,0.1800776961987966,0.1800776961987966
so,W60p0,5,17,0.1798176387377547,0.1798176387377547
so,W10p0,8,2,-0.17960107163553393,0.17960107163553393
so,W10p0,1,15,-0.17921192844040104,0.17921192844040104
thetao,W30p0,9,16,-0.17907319411778327,0.17907319411778327
thetao,W30p0,5,18,-0.178686864662345,0.178686864662345
so,W40p0,10,1,0.17863899008932407,0.17863899008932407
thetao,W40p0,3,8,-0.1782111387868426,0.1782111387868426
thetao,W20p0,8,15,-0.1780545798416573,0.1780545798416573
thetao,W20p0,7,20,0.17725404929849575,0.17725404929849575
so,W60p0,6,14,0.17707702591418228,0.17707702591418228
so,W30p0,8,19,0.17704097769654537,0.17704097769654537
thetao,W40p0,5,3,-0.17676742041857418,0.17676742041857418
thetao,W40p0,4,19,0.17647127922847722,0.17647127922847722
so,W30p0,6,13,0.1763047047049133,0.1763047047049133
so,W60p0,10,8,-0.17582552593647324,0.17582552593647324
thetao,W60p0,7,0,0.17562123825945655,0.17562123825945655
thetao,W40p0,5,17,0.1754605421709126,0.1754605421709126
thetao,W40p0,8,17,0.1754551268469407,0.1754551268469407
so,W10p0,9,7,0.1753902507463789,0.1753902507463789
so,W60p0,4,13,0.17532366206279035,0.17532366206279035
so,W10p0,4,13,0.17520360225206952,0.17520360225206952
thetao,W10p0,8,6,0.17512780417320492,0.17512780417320492
so,W30p0,10,7,0.17499469550494945,0.17499469550494945
so,W20p0,6,1,0.17498399298415085,0.17498399298415085
so,W10p0,5,6,-0.17495733002607397,0.17495733002607397
thetao,W30p0,9,18,-0.17495226091745028,0.17495226091745028
so,W20p0,1,8,-0.17469464022148296,0.17469464022148296
so,W40p0,7,7,0.17465615723443295,0.17465615723443295
thetao,W60p0,7,11,0.1743013396676948,0.1743013396676948
thetao,W30p0,2,7,-0.1742101612482356,0.1742101612482356
thetao,W40p0,4,4,0.17409582055077683,0.17409582055077683
so,W20p0,3,1,0.1739907726267926,0.1739907726267926
thetao,W10p0,10,0,-0.1739698696742796,0.1739698696742796
thetao,W40p0,4,7,0.17385191205585304,0.17385191205585304
thetao,W40p0,1,9,-0.17377480435535794,0.17377480435535794
so,W40p0,9,2,-0.1736748259883967,0.1736748259883967
so,W60p0,8,16,-0.17328149241202856,0.17328149241202856
so,W20p0,9,2,0.17291447539496324,0.17291447539496324
so,W40p0,1,2,0.17287081957459782,0.17287081957459782
so,W20p0,9,4,0.17281571656978587,0.17281571656978587
thetao,W60p0,3,2,-0.17249108853294318,0.17249108853294318
thetao,W60p0,2,10,0.17248039555810482,0.17248039555810482
thetao,W10p0,3,3,0.1719582637089028,0.1719582637089028
thetao,W10p0,4,11,0.17191275071143292,0.17191275071143292
thetao,W20p0,1,12,0.17186571879085955,0.17186571879085955
so,W30p0,5,12,-0.17142744579232735,0.17142744579232735
thetao,W20p0,7,16,0.17131440435684317,0.17131440435684317
thetao,W10p0,1,9,0.17113639633201735,0.17113639633201735
so,W60p0,7,16,-0.17105001256623922,0.17105001256623922
thetao,W10p0,3,15,0.1708854419183054,0.1708854419183054
so,W30p0,7,15,-0.1708182777963224,0.1708182777963224
thetao,W40p0,5,15,-0.1707356888069973,0.1707356888069973
so,W40p0,8,0,-0.1707181956982349,0.1707181956982349
so,W10p0,6,2,0.17069173022263923,0.17069173022263923
so,W30p0,4,15,0.1702381631029701,0.1702381631029701
so,W10p0,6,8,0.1701738195138151,0.1701738195138151
so,W10p0,7,1,-0.1700861717838844,0.1700861717838844
thetao,W30p0,2,17,-0.1694657117120692,0.1694657117120692
so,W40p0,2,13,0.16934618268574944,0.16934618268574944
so,W30p0,6,14,0.168912048160386,0.168912048160386
thetao,W10p0,2,13,-0.16849329380849687,0.16849329380849687
so,W10p0,5,18,-0.1683712702991312,0.1683712702991312
so,W40p0,9,5,0.1682207597413484,0.1682207597413484
so,W20p0,3,10,0.16815919687231642,0.16815919687231642
so,W60p0,7,10,-0.1680572182485708,0.1680572182485708
so,W10p0,6,9,0.1676505114588747,0.1676505114588747
thetao,W30p0,3,20,-0.16740621272217318,0.16740621272217318
thetao,W10p0,7,15,0.16734070562396122,0.16734070562396122
so,W40p0,4,13,0.16718155432608875,0.16718155432608875
so,W40p0,2,12,0.16701864010036002,0.16701864010036002
so,W30p0,7,1,-0.1667761760415613,0.1667761760415613
so,W30p0,10,6,0.16637147648590075,0.16637147648590075
thetao,W60p0,2,8,0.16622582328320668,0.16622582328320668
so,W60p0,10,2,-0.16611991565958087,0.16611991565958087
thetao,W30p0,9,19,-0.16605176235269178,0.16605176235269178
so,W60p0,5,19,0.16601727066642266,0.16601727066642266
thetao,W40p0,4,18,0.16591163180740745,0.16591163180740745
thetao,W60p0,5,7,-0.1658980584023587,0.1658980584023587
thetao,W60p0,4,20,0.16588820466603438,0.16588820466603438
thetao,W20p0,2,17,0.16574992805635216,0.16574992805635216
so,W40p0,5,11,-0.16509562296129082,0.16509562296129082
so,W10p0,6,4,0.16493958654864638,0.16493958654864638
so,W30p0,8,7,0.16478602700984155,0.16478602700984155
so,W20p0,10,5,-0.16476526612590178,0.16476526612590178
so,W30p0,9,8,0.16473122316828973,0.16473122316828973
thetao,W40p0,7,17,-0.16432169187584228,0.16432169187584228
so,W20p0,3,16,0.164281194509291,0.164281194509291
so,W40p0,6,3,-0.16420273247285552,0.16420273247285552
so,W60p0,8,1,-0.16413562142109764,0.16413562142109764
so,W60p0,6,8,-0.16397522451042681,0.16397522451042681
so,W20p0,9,0,0.16393055239480037,0.16393055239480037
so,W60p0,5,18,0.1636860039298093,0.1636860039298093
thetao,W30p0,9,4,-0.16361073361358883,0.16361073361358883
thetao,W60p0,4,8,0.1630461767151541,0.1630461767151541
thetao,W30p0,3,19,-0.16289919977953707,0.16289919977953707
so,W10p0,7,16,0.16283163968293943,0.16283163968293943
so,W10p0,8,12,-0.16277373965828582,0.16277373965828582
thetao,W30p0,1,13,-0.16274544805534807,0.16274544805534807
thetao,W10p0,3,0,-0.16273709423570357,0.16273709423570357
so,W60p0,4,4,0.16259283384438142,0.16259283384438142
thetao,W40p0,4,10,-0.1620938588796939,0.1620938588796939
so,W10p0,10,5,-0.1619384667267106,0.1619384667267106
so,W60p0,1,4,0.1619245807314008,0.1619245807314008
so,W40p0,4,9,0.16190880968957344,0.16190880968957344
thetao,W10p0,4,12,0.1618971035327891,0.1618971035327891
thetao,W10p0,1,20,-0.16185309515905094,0.16185309515905094
so,W40p0,8,16,-0.16183936192625087,0.16183936192625087
thetao,W30p0,9,17,-0.16146840864685555,0.16146840864685555
thetao,W20p0,9,4,-0.16132758229085317,0.16132758229085317
so,W30p0,5,10,0.16125119673637245,0.16125119673637245
thetao,W40p0,9,1,0.16101825838823772,0.16101825838823772
so,W20p0,5,10,-0.16098457817942544,0.16098457817942544
thetao,W30p0,8,13,-0.16062806876704114,0.16062806876704114
thetao,W40p0,3,5,0.16049243494899387,0.16049243494899387
thetao,W30p0,10,3,-0.16033521857679375,0.16033521857679375
thetao,W40p0,8,1,-0.16031727929246445,0.16031727929246445
thetao,W30p0,8,18,-0.16006308930360078,0.16006308930360078
thetao,W60p0,3,9,0.1600238665376235,0.1600238665376235
so,W60p0,7,9,-0.16000112146375545,0.16000112146375545
so,W30p0,6,2,0.1596236878681244,0.1596236878681244
so,W40p0,2,18,-0.15952589904668732,0.15952589904668732
thetao,W30p0,4,1,0.15949455922527475,0.15949455922527475
thetao,W30p0,9,10,0.15899127151187115,0.15899127151187115
thetao,W40p0,8,9,0.15894972410717118,0.15894972410717118
so,W20p0,1,18,-0.15883882275470437,0.15883882275470437
thetao,W30p0,7,19,-0.15872762185123185,0.15872762185123185
thetao,W60p0,2,20,0.15865771834243933,0.15865771834243933
so,W10p0,3,14,0.15832708973656315,0.15832708973656315
thetao,W30p0,1,2,-0.15805519607450697,0.15805519607450697
thetao,W20p0,4,10,-0.158011637987326,0.158011637987326
thetao,W60p0,4,0,0.15800055067767704,0.15800055067767704
so,W60p0,2,7,-0.15799034924671576,0.15799034924671576
thetao,W30p0,10,16,-0.15783667490117298,0.15783667490117298
so,W10p0,5,3,0.15767233199432584,0.15767233199432584
thetao,W40p0,8,2,-0.15747099412182788,0.15747099412182788
thetao,W60p0,9,13,0.15731721621602104,0.15731721621602104
so,W60p0,10,7,-0.15731475041399215,0.15731475041399215
so,W40p0,5,16,-0.15719169495199153,0.15719169495199153
so,W30p0,10,11,0.15704572403106018,0.15704572403106018
so,W10p0,1,13,-0.15692155605938016,0.15692155605938016
thetao,W30p0,4,19,-0.15691116978124384,0.15691116978124384
so,W60p0,2,16,0.15665450707685727,0.15665450707685727
so,W10p0,4,2,-0.1565695093577214,0.1565695093577214
thetao,W60p0,4,12,0.15654515350531945,0.15654515350531945
thetao,W60p0,2,1,-0.15642082800090437,0.15642082800090437
so,W20p0,3,17,0.15636798953004993,0.15636798953004993
so,W30p0,8,8,0.155971955965423,0.155971955965423
thetao,W60p0,7,10,0.1559342609825539,0.1559342609825539
thetao,W30p0,6,16,-0.15573586242577298,0.15573586242577298
so,W60p0,5,4,-0.15567589031394635,0.15567589031394635
thetao,W60p0,7,12,0.15564089085858537,0.15564089085858537
so,W60p0,1,10,0.155535572551124,0.155535572551124
so,W10p0,2,10,-0.15548717811662638,0.15548717811662638
thetao,W30p0,3,6,-0.1552754320117169,0.1552754320117169
thetao,W30p0,5,17,-0.15520588919699027,0.15520588919699027
thetao,W30p0,3,5,-0.15506091146738024,0.15506091146738024
thetao,W60p0,8,1,-0.15496484765081933,0.15496484765081933
so,W40p0,10,14,0.15476094473425253,0.15476094473425253
so,W30p0,1,3,-0.1547582457311952,0.1547582457311952
thetao,W30p0,5,4,-0.15446561377429296,0.15446561377429296
thetao,W60p0,5,5,-0.1542683515041066,0.1542683515041066
so,W30p0,1,14,0.15403478066257603,0.15403478066257603
thetao,W10p0,1,11,0.15394291211434527,0.15394291211434527
so,W40p0,6,4,-0.15387666018670423,0.15387666018670423
so,W60p0,4,0,0.15383483286653388,0.15383483286653388
so,W60p0,3,16,0.15381823346920556,0.15381823346920556
thetao,W20p0,2,15,0.15366922811590084,0.15366922811590084
so,W60p0,8,17,-0.153610461353385,0.153610461353385
thetao,W10p0,4,1,-0.15356368234306017,0.15356368234306017
thetao,W60p0,10,2,0.1533496180566186,0.1533496180566186
so,W10p0,4,5,-0.15318223259445152,0.15318223259445152
thetao,W40p0,6,5,0.1530470184097515,0.1530470184097515
so,W30p0,1,10,0.15300957138714194,0.15300957138714194
thetao,W30p0,4,18,-0.15264444165957144,0.15264444165957144
thetao,W30p0,10,15,-0.1525317026227552,0.1525317026227552
so,W40p0,10,15,0.15252370944684837,0.15252370944684837
so,W20p0,1,19,-0.15224438774689236,0.15224438774689236
so,W40p0,7,9,0.15210340942699796,0.15210340942699796
thetao,W60p0,1,17,0.1520967750199763,0.1520967750199763
thetao,W60p0,6,9,-0.15193757878143394,0.15193757878143394
thetao,W40p0,3,9,-0.15186007578218796,0.15186007578218796
thetao,W20p0,7,15,0.1518287951275729,0.1518287951275729
so,W30p0,3,3,0.15177906795075374,0.15177906795075374
thetao,W30p0,2,5,-0.15145408251174763,0.15145408251174763
thetao,W60p0,1,4,-0.15130045624569338,0.15130045624569338
thetao,W60p0,3,3,-0.15125202248314137,0.15125202248314137
thetao,W20p0,9,12,0.15121973730613034,0.15121973730613034
thetao,W10p0,2,8,0.15121902799038736,0.15121902799038736
so,W10p0,2,16,-0.15114584768461192,0.15114584768461192
so,W10p0,5,19,-0.1510188509817658,0.1510188509817658
so,W10p0,2,4,-0.1510101481425626,0.1510101481425626
thetao,W10p0,2,9,0.1508189808612513,0.1508189808612513
so,W30p0,4,5,0.15078627653991533,0.15078627653991533
so,W60p0,8,4,-0.15061308793584546,0.15061308793584546
so,W10p0,7,5,-0.15036511566870064,0.15036511566870064
so,W20p0,1,16,-0.15011135136749595,0.15011135136749595
thetao,W40p0,2,1,-0.1500836872019076,0.1500836872019076
so,W10p0,3,1,0.15008366914605506,0.15008366914605506
thetao,W10p0,1,10,0.15006936998159226,0.15006936998159226
thetao,W60p0,4,11,0.15003771091839316,0.15003771091839316
thetao,W10p0,2,1,0.14916057250078896,0.14916057250078896
thetao,W20p0,5,20,0.14908635566936454,0.14908635566936454
thetao,W60p0,5,6,-0.14898793915573774,0.14898793915573774
so,W40p0,10,3,0.14877524965288078,0.14877524965288078
so,W20p0,6,4,0.1485149909800861,0.1485149909800861
so,W20p0,5,13,0.14843170370884712,0.14843170370884712
thetao,W30p0,6,0,-0.14834625131651674,0.14834625131651674
so,W40p0,6,15,-0.14818804145156947,0.14818804145156947
so,W30p0,6,9,0.147821119573849,0.147821119573849
so,W60p0,7,3,0.14771064893337763,0.14771064893337763
thetao,W10p0,5,1,-0.14764228634510654,0.14764228634510654
so,W20p0,3,19,0.14762702922355803,0.14762702922355803
thetao,W40p0,10,19,-0.14707511867145553,0.14707511867145553
thetao,W40p0,2,9,-0.14680953264100086,0.14680953264100086
so,W10p0,1,14,-0.14671018092367322,0.14671018092367322
so,W60p0,6,20,-0.14661268308632208,0.14661268308632208
so,W10p0,4,9,0.14641653231286342,0.14641653231286342
so,W30p0,9,0,-0.14628792713340164,0.14628792713340164
so,W20p0,1,20,-0.14622349780743732,0.14622349780743732
thetao,W60p0,4,13,0.14621242550169586,0.14621242550169586
so,W60p0,3,12,0.1459737275916535,0.1459737275916535
so,W20p0,1,17,-0.1458530339465328,0.1458530339465328
thetao,W20p0,5,8,0.14562030537163295,0.14562030537163295
thetao,W30p0,1,3,-0.14557546924944806,0.14557546924944806
so,W30p0,7,16,-0.14549400769857934,0.14549400769857934
so,W10p0,8,17,0.14534896978636247,0.14534896978636247
so,W20p0,3,18,0.14519505808832733,0.14519505808832733
so,W60p0,5,20,0.14515903389963322,0.14515903389963322
so,W30p0,8,15,0.14499231979368415,0.14499231979368415
thetao,W30p0,2,8,-0.14495721170935053,0.14495721170935053
so,W30p0,7,11,-0.14492892288861892,0.14492892288861892
so,W20p0,2,14,0.1449010566863814,0.1449010566863814
so,W60p0,7,11,-0.14481295443673295,0.14481295443673295
so,W40p0,3,18,0.14443441636633791,0.14443441636633791
thetao,W40p0,4,14,-0.14419677736857542,0.14419677736857542
so,W10p0,4,14,0.14378628058343595,0.14378628058343595
so,W30p0,6,6,-0.14349859514585764,0.14349859514585764
so,W40p0,1,8,0.1433405355338659,0.1433405355338659
so,W10p0,4,4,-0.14332267988471883,0.14332267988471883
so,W40p0,3,13,0.1430921179753542,0.1430921179753542
so,W20p0,4,3,-0.14300667848895132,0.14300667848895132
thetao,W10p0,10,2,-0.14274517120107705,0.14274517120107705
thetao,W60p0,6,8,-0.1425925596205607,0.1425925596205607
thetao,W40p0,5,12,-0.1421273221682341,0.1421273221682341
so,W60p0,10,16,-0.14210785039362303,0.14210785039362303
so,W60p0,2,11,0.14205262908246608,0.14205262908246608
so,W60p0,2,17,0.14200603769228035,0.14200603769228035
so,W60p0,7,0,0.1418957551730527,0.1418957551730527
thetao,W10p0,6,14,-0.14181552550179607,0.14181552550179607
thetao,W10p0,7,0,0.14130588521245874,0.14130588521245874
so,W60p0,1,17,-0.14117002156290723,0.14117002156290723
so,W20p0,1,15,-0.14106546624127703,0.14106546624127703
thetao,W10p0,8,11,-0.1408855543021861,0.1408855543021861
thetao,W60p0,2,6,0.14064420053294163,0.14064420053294163
so,W20p0,9,5,0.14056011082476425,0.14056011082476425
so,W10p0,5,7,-0.14042078025491742,0.14042078025491742
thetao,W60p0,8,4,-0.14035771529437535,0.14035771529437535
so,W40p0,9,6,0.1403150565219013,0.1403150565219013
so,W30p0,7,8,-0.14020625780940116,0.14020625780940116
thetao,W20p0,8,20,-0.14008803851079685,0.14008803851079685
so,W30p0,6,1,0.1399930134963327,0.1399930134963327
thetao,W60p0,8,3,-0.1399642062354818,0.1399642062354818
thetao,W40p0,2,15,-0.13974225344030142,0.13974225344030142
thetao,W40p0,6,17,0.13971312811184178,0.13971312811184178
so,W40p0,10,7,-0.13965556946566493,0.13965556946566493
so,W60p0,2,12,0.13900019645724604,0.13900019645724604
thetao,W60p0,2,7,0.1389889745483304,0.1389889745483304
thetao,W40p0,3,10,-0.13884366149513946,0.13884366149513946
so,W40p0,3,2,-0.13880183843943628,0.13880183843943628
so,W60p0,8,11,0.13869992812855667,0.13869992812855667
so,W60p0,9,1,-0.1385564282020742,0.1385564282020742
so,W40p0,6,11,-0.13845723971034632,0.13845723971034632
so,W10p0,10,17,0.13819251277662617,0.13819251277662617
so,W10p0,6,3,0.1380994126059532,0.1380994126059532
thetao,W40p0,4,20,0.13749603680696607,0.13749603680696607
so,W30p0,6,0,0.13748523404860624,0.13748523404860624
so,W20p0,10,11,-0.13731661687064617,0.13731661687064617
thetao,W60p0,7,6,0.13729190729452692,0.13729190729452692
so,W60p0,10,15,-0.13726659566511254,0.13726659566511254
thetao,W60p0,8,5,-0.1372502509139308,0.1372502509139308
thetao,W10p0,7,4,0.137013242774803,0.137013242774803
so,W40p0,8,17,-0.13694988112802986,0.13694988112802986
thetao,W40p0,8,8,0.13694262293404866,0.13694262293404866
so,W30p0,9,9,0.13688156525200362,0.13688156525200362
so,W10p0,6,10,0.1368777815665004,0.1368777815665004
so,W40p0,7,16,0.1368228569570905,0.1368228569570905
thetao,W60p0,8,2,-0.13666707750455864,0.13666707750455864
so,W10p0,1,4,-0.13643255931945913,0.13643255931945913
thetao,W60p0,3,7,0.13637668939416908,0.13637668939416908
thetao,W60p0,1,5,-0.13636932414211475,0.13636932414211475
thetao,W30p0,4,0,0.13633868283037456,0.13633868283037456
thetao,W30p0,9,3,-0.13632361897928372,0.13632361897928372
so,W40p0,9,7,0.13605461960816603,0.13605461960816603
so,W60p0,5,1,-0.1358805139702318,0.1358805139702318
thetao,W20p0,3,7,0.1358759790141607,0.1358759790141607
thetao,W30p0,10,4,-0.13561620510278266,0.13561620510278266
so,W30p0,8,14,0.13543669869629293,0.13543669869629293
so,W20p0,3,20,0.1354117050361659,0.1354117050361659
so,W60p0,2,5,-0.13530627700815964,0.13530627700815964
thetao,W20p0,7,7,0.13528106240686996,0.13528106240686996
thetao,W10p0,5,10,-0.13522617148970154,0.13522617148970154
so,W60p0,1,16,-0.13510717483781348,0.13510717483781348
so,W60p0,2,4,-0.13496388832896364,0.13496388832896364
thetao,W30p0,6,6,-0.13495450028342387,0.13495450028342387
so,W40p0,2,16,-0.1349203030243302,0.1349203030243302
thetao,W10p0,3,13,0.13416539826264215,0.13416539826264215
so,W60p0,5,9,0.1341292714119063,0.1341292714119063
so,W30p0,9,3,-0.1340085373245172,0.1340085373245172
so,W60p0,7,8,-0.13399106462687993,0.13399106462687993
so,W10p0,4,3,-0.13375307342832007,0.13375307342832007
so,W10p0,5,15,0.13319074337638606,0.13319074337638606
thetao,W30p0,9,7,-0.13316246876023136,0.13316246876023136
so,W40p0,7,3,-0.13307470260773546,0.13307470260773546
so,W30p0,2,9,0.13302131358668629,0.13302131358668629
thetao,W60p0,9,10,0.1327982197667829,0.1327982197667829
so,W60p0,5,16,0.13278568490049894,0.13278568490049894
thetao,W10p0,3,16,0.13258783179594208,0.13258783179594208
thetao,W30p0,10,2,-0.13251449963851317,0.13251449963851317
so,W60p0,6,16,0.13238479510538953,0.13238479510538953
thetao,W20p0,10,18,-0.1323515158540794,0.1323515158540794
thetao,W10p0,5,14,-0.1320205699223439,0.1320205699223439
thetao,W20p0,3,9,0.1319971613829992,0.1319971613829992
so,W40p0,4,20,0.1318901090233937,0.1318901090233937
so,W30p0,2,20,0.13174758456054916,0.13174758456054916
thetao,W40p0,3,4,0.13169506159552113,0.13169506159552113
so,W40p0,10,6,-0.13161073312100371,0.13161073312100371
thetao,W30p0,8,10,-0.1315830823264696,0.1315830823264696
thetao,W10p0,6,20,0.1307461449210696,0.1307461449210696
so,W30p0,2,1,-0.13062274719964012,0.13062274719964012
so,W60p0,6,0,-0.13047240605352045,0.13047240605352045
so,W20p0,1,4,0.1303549755640854,0.1303549755640854
so,W20p0,9,9,-0.13033145017234474,0.13033145017234474
so,W10p0,2,17,-0.13030391940625993,0.13030391940625993
so,W30p0,9,18,0.1302752754858019,0.1302752754858019
thetao,W60p0,7,19,0.13016336039548806,0.13016336039548806
so,W10p0,3,15,0.13009247898647516,0.13009247898647516
so,W60p0,5,5,-0.1300358338379374,0.1300358338379374
so,W20p0,3,15,0.1299497592712478,0.1299497592712478
thetao,W20p0,2,1,0.12985312196235674,0.12985312196235674
thetao,W40p0,8,0,-0.1298330956014439,0.1298330956014439
thetao,W40p0,2,5,0.1297952737930348,0.1297952737930348
so,W30p0,2,8,0.12977553637758418,0.12977553637758418
so,W30p0,10,3,-0.12973128807319295,0.12973128807319295
thetao,W60p0,6,7,-0.12970328060686687,0.12970328060686687
so,W10p0,5,5,-0.1296357940708709,0.1296357940708709
thetao,W10p0,5,9,-0.12954925262902695,0.12954925262902695
thetao,W30p0,7,20,-0.1294410550562356,0.1294410550562356
so,W60p0,3,0,0.12903050269591185,0.12903050269591185
thetao,W60p0,10,14,0.12898412797057007,0.12898412797057007
so,W30p0,8,1,0.12893965963980802,0.12893965963980802
thetao,W60p0,3,18,-0.12892381056156063,0.12892381056156063
so,W40p0,3,3,-0.12891009118286795,0.12891009118286795
so,W30p0,2,18,0.12876446138985717,0.12876446138985717
so,W60p0,1,11,0.12859860041772986,0.12859860041772986
thetao,W20p0,7,19,0.12857434693810038,0.12857434693810038
thetao,W40p0,7,12,-0.1285588647297102,0.1285588647297102
so,W40p0,5,17,-0.1285140032866895,0.1285140032866895
thetao,W60p0,10,20,0.12815744952597147,0.12815744952597147
thetao,W20p0,6,18,-0.12787269980009067,0.12787269980009067
thetao,W30p0,8,20,-0.12774915158401787,0.12774915158401787
thetao,W10p0,7,14,0.12718055028799108,0.12718055028799108
thetao,W30p0,10,5,-0.1271717111907676,0.1271717111907676
thetao,W40p0,9,19,0.12710589838820646,0.12710589838820646
so,W30p0,5,3,0.12704047175302072,0.12704047175302072
so,W40p0,1,14,0.12702176802226697,0.12702176802226697
so,W10p0,5,17,-0.12701788239774914,0.12701788239774914
so,W20p0,6,3,0.12697766057558976,0.12697766057558976
so,W20p0,4,15,-0.12692156038472868,0.12692156038472868
thetao,W20p0,5,7,0.12689815693812526,0.12689815693812526
so,W40p0,9,10,-0.12672054399929603,0.12672054399929603
thetao,W40p0,4,1,-0.12627477015177513,0.12627477015177513
thetao,W30p0,2,19,-0.12620502276122697,0.12620502276122697
so,W60p0,1,19,-0.1255737995508217,0.1255737995508217
thetao,W10p0,3,14,0.1253621595252315,0.1253621595252315
so,W10p0,8,13,-0.1251679390178799,0.1251679390178799
thetao,W10p0,3,11,0.12508847255050615,0.12508847255050615
thetao,W10p0,9,2,0.12470381138181508,0.12470381138181508
so,W30p0,10,18,-0.12461814730969474,0.12461814730969474
so,W30p0,3,20,-0.12440392066160068,0.12440392066160068
so,W10p0,3,10,0.12435882081022831,0.12435882081022831
so,W40p0,9,1,-0.12433030042829317,0.12433030042829317
so,W40p0,10,19,-0.12427536035244839,0.12427536035244839
thetao,W10p0,6,16,0.12395878596053335,0.12395878596053335
thetao,W10p0,2,10,0.12350462769345791,0.12350462769345791
thetao,W10p0,9,10,0.12349747983204706,0.12349747983204706
thetao,W40p0,1,15,-0.12346335225792543,0.12346335225792543
thetao,W40p0,8,10,0.12345980044682191,0.12345980044682191
thetao,W40p0,8,12,0.12341494035391458,0.12341494035391458
thetao,W40p0,2,2,-0.12322811677880995,0.12322811677880995
so,W20p0,10,2,0.12311051068504336,0.12311051068504336
thetao,W40p0,10,7,0.12307334953538115,0.12307334953538115
so,W10p0,9,17,0.12272373568156708,0.12272373568156708
so,W20p0,7,0,-0.12264299883750733,0.12264299883750733
so,W30p0,10,0,0.12263792660837526,0.12263792660837526
so,W10p0,8,11,-0.12262542304164602,0.12262542304164602
thetao,W40p0,8,3,-0.12236539005932104,0.12236539005932104
thetao,W20p0,10,19,-0.12215299730045023,0.12215299730045023
so,W30p0,3,2,0.12195413542462144,0.12195413542462144
thetao,W30p0,10,0,0.12188791351527849,0.12188791351527849
thetao,W60p0,6,2,0.1217124400944752,0.1217124400944752
thetao,W60p0,3,8,0.1215874506458897,0.1215874506458897
so,W10p0,10,13,-0.12156261557149688,0.12156261557149688
so,W30p0,2,3,0.12150102684768774,0.12150102684768774
thetao,W40p0,2,8,-0.12146273387695751,0.12146273387695751
so,W40p0,8,20,0.12134432414904141,0.12134432414904141
so,W30p0,4,16,0.12122049011820611,0.12122049011820611
so,W20p0,8,12,-0.12121476477726702,0.12121476477726702
thetao,W60p0,2,2,-0.12118919849897565,0.12118919849897565
thetao,W30p0,3,8,-0.12076880781529094,0.12076880781529094
so,W40p0,8,5,0.1206831551752857,0.1206831551752857
thetao,W20p0,10,17,-0.12063135213083061,0.12063135213083061
thetao,W20p0,9,2,-0.12057753103227281,0.12057753103227281
thetao,W60p0,7,1,0.12009468782902366,0.12009468782902366
so,W20p0,5,14,0.11990496172800509,0.11990496172800509
thetao,W20p0,8,2,0.11981394214797808,0.11981394214797808
so,W40p0,4,16,0.11972257100009985,0.11972257100009985
thetao,W30p0,9,15,-0.11964002827448143,0.11964002827448143
thetao,W60p0,4,14,0.11963395458834863,0.11963395458834863
thetao,W20p0,5,19,0.11950528139458431,0.11950528139458431
thetao,W20p0,10,13,0.11938426417396587,0.11938426417396587
thetao,W10p0,2,7,0.11932531340487267,0.11932531340487267
thetao,W40p0,6,6,0.11924913045097589,0.11924913045097589
thetao,W40p0,4,17,0.11915642477949191,0.11915642477949191
so,W40p0,3,12,0.11910286979572307,0.11910286979572307
thetao,W10p0,4,17,0.11901327782331915,0.11901327782331915
so,W60p0,8,13,-0.1187980101893813,0.1187980101893813
so,W60p0,6,11,0.1186437011175524,0.1186437011175524
so,W60p0,1,5,0.11855046609701303,0.11855046609701303
so,W20p0,6,15,-0.11837146848350721,0.11837146848350721
thetao,W10p0,2,18,-0.1182849588572993,0.1182849588572993
so,W40p0,3,17,0.11825390168389836,0.11825390168389836
thetao,W10p0,6,18,0.11794751441071788,0.11794751441071788
thetao,W30p0,3,2,0.11786781567019147,0.11786781567019147
thetao,W30p0,6,20,0.1178508963187164,0.1178508963187164
so,W30p0,9,7,0.11773767180698418,0.11773767180698418
so,W60p0,10,14,-0.11760035615456678,0.11760035615456678
so,W60p0,6,7,-0.1175508188058099,0.1175508188058099
thetao,W30p0,10,8,0.11753642395112089,0.11753642395112089
thetao,W40p0,3,14,0.11734274556577748,0.11734274556577748
so,W20p0,2,4,0.11710795608480376,0.11710795608480376
thetao,W20p0,3,8,0.11709863266773507,0.11709863266773507
so,W60p0,8,18,-0.11700411063932695,0.11700411063932695
thetao,W20p0,2,8,0.11695191439663148,0.11695191439663148
thetao,W20p0,5,12,-0.11684215657082342,0.11684215657082342
thetao,W10p0,6,7,-0.11660182655488069,0.11660182655488069
thetao,W60p0,8,20,-0.11653239236280008,0.11653239236280008
so,W30p0,3,17,-0.1164710219259081,0.1164710219259081
so,W30p0,7,19,0.11637554830116885,0.11637554830116885
thetao,W60p0,4,19,0.11633757438628305,0.11633757438628305
so,W20p0,8,2,-0.116186233650957,0.116186233650957
thetao,W30p0,6,17,-0.11591485941765968,0.11591485941765968
so,W30p0,4,0,0.11551875555184711,0.11551875555184711
thetao,W40p0,7,18,-0.11541601775594555,0.11541601775594555
so,W10p0,10,16,0.11514553781001473,0.11514553781001473
so,W40p0,6,8,0.11509563859407843,0.11509563859407843
so,W40p0,10,9,-0.11493538643184051,0.11493538643184051
thetao,W40p0,9,18,0.11480458140838475,0.11480458140838475
so,W10p0,3,9,0.1147507633231381,0.1147507633231381
thetao,W20p0,5,9,0.1146704258077325,0.1146704258077325
so,W60p0,2,6,-0.11462266577992318,0.11462266577992318
so,W20p0,6,2,0.114503379824844,0.114503379824844
thetao,W20p0,5,13,-0.11450089617031474,0.11450089617031474
so,W60p0,1,18,-0.11443432132799677,0.11443432132799677
so,W10p0,7,9,0.11429460384257796,0.11429460384257796
so,W60p0,6,3,0.11420978676046546,0.11420978676046546
thetao,W20p0,7,8,0.11381731866881639,0.11381731866881639
thetao,W10p0,7,16,0.11378521419176091,0.11378521419176091
so,W10p0,9,6,0.11371452733572739,0.11371452733572739
thetao,W20p0,6,19,-0.11358769107290152,0.11358769107290152
so,W40p0,5,4,-0.11354343687945002,0.11354343687945002
thetao,W40p0,6,11,0.11344173867315599,0.11344173867315599
thetao,W30p0,4,8,-0.11329997354391547,0.11329997354391547
thetao,W10p0,6,0,-0.11304487831602751,0.11304487831602751
thetao,W20p0,2,9,0.11303114444928164,0.11303114444928164
so,W20p0,2,5,0.1128041412828763,0.1128041412828763
thetao,W30p0,9,20,-0.11277746420518948,0.11277746420518948
so,W40p0,3,19,0.11246157602608609,0.11246157602608609
thetao,W30p0,3,9,-0.11242516323039259,0.11242516323039259
so,W20p0,5,20,-0.11242151450741829,0.11242151450741829
so,W60p0,6,13,0.11241512837721443,0.11241512837721443
so,W20p0,8,14,-0.11203014136555162,0.11203014136555162
so,W10p0,8,5,0.11202319888588265,0.11202319888588265
so,W30p0,10,9,0.11194632228010395,0.11194632228010395
thetao,W60p0,6,19,-0.11173574017149027,0.11173574017149027
so,W60p0,4,6,0.11161031312876872,0.11161031312876872
so,W30p0,6,15,0.11152279720691444,0.11152279720691444
so,W30p0,10,16,-0.11138968215745518,0.11138968215745518
so,W40p0,8,4,0.11121597669785252,0.11121597669785252
so,W30p0,2,17,0.11104300486108956,0.11104300486108956
thetao,W10p0,8,7,0.11102175137672438,0.11102175137672438
thetao,W40p0,7,7,0.11085954313834709,0.11085954313834709
thetao,W30p0,5,2,0.11049479133145139,0.11049479133145139
thetao,W30p0,7,9,-0.11044275319316961,0.11044275319316961
so,W60p0,1,20,-0.11031345717288026,0.11031345717288026
thetao,W60p0,1,16,0.11021304501710003,0.11021304501710003
thetao,W10p0,2,20,0.1100723091354727,0.1100723091354727
thetao,W20p0,6,1,0.10980956237451082,0.10980956237451082
thetao,W40p0,8,13,0.10973185709305934,0.10973185709305934
thetao,W20p0,3,14,-0.10967448334513928,0.10967448334513928
thetao,W60p0,1,3,-0.10967359070648368,0.10967359070648368
thetao,W60p0,10,1,-0.10952038500917623,0.10952038500917623
so,W60p0,6,2,0.10948994712074885,0.10948994712074885
so,W60p0,5,10,0.10942798789281112,0.10942798789281112
thetao,W30p0,6,13,-0.10940414262417106,0.10940414262417106
thetao,W60p0,2,19,0.10939362877866075,0.10939362877866075
thetao,W60p0,7,20,0.10923819196725182,0.10923819196725182
thetao,W10p0,2,0,0.10911873500540453,0.10911873500540453
so,W30p0,9,4,-0.1088996388954646,0.1088996388954646
thetao,W60p0,5,17,-0.10883733692284586,0.10883733692284586
thetao,W30p0,3,14,0.10881467359293284,0.10881467359293284
thetao,W20p0,10,3,0.10875054471055963,0.10875054471055963
so,W30p0,10,10,0.10870891806638723,0.10870891806638723
so,W20p0,4,10,-0.10851454079374308,0.10851454079374308
so,W10p0,9,4,0.10850061794838343,0.10850061794838343
so,W30p0,6,5,-0.1081904256831827,0.1081904256831827
so,W20p0,3,0,0.10794142948037148,0.10794142948037148
so,W60p0,8,10,0.10780341852303173,0.10780341852303173
so,W40p0,7,4,-0.10771535020600248,0.10771535020600248
so,W60p0,4,5,0.10751235863539624,0.10751235863539624
so,W20p0,4,19,-0.10739356353043487,0.10739356353043487
so,W10p0,8,9,0.10736350893978727,0.10736350893978727
thetao,W40p0,9,13,-0.10730070203596118,0.10730070203596118
so,W40p0,2,19,-0.1070181782202419,0.1070181782202419
thetao,W10p0,10,1,-0.10682640648011042,0.10682640648011042
so,W10p0,5,2,0.10660181801372087,0.10660181801372087
so,W60p0,10,6,-0.10641496581821822,0.10641496581821822
so,W20p0,2,6,0.10610763847565259,0.10610763847565259
thetao,W10p0,1,12,0.10610224456739478,0.10610224456739478
so,W30p0,1,0,-0.10566061113218521,0.10566061113218521
so,W30p0,3,18,-0.10558408740517347,0.10558408740517347
thetao,W10p0,9,20,0.10554988292219254,0.10554988292219254
so,W60p0,7,7,-0.1055197416813226,0.1055197416813226
thetao,W10p0,9,9,0.10540751417943464,0.10540751417943464
so,W20p0,9,20,-0.1053174656221854,0.1053174656221854
thetao,W20p0,4,8,-0.10527895353377988,0.10527895353377988
so,W20p0,1,3,0.10524721565548938,0.10524721565548938
so,W10p0,4,1,-0.10473378686201675,0.10473378686201675
so,W30p0,10,12,0.10463506215410512,0.10463506215410512
so,W20p0,9,10,-0.10451101535232556,0.10451101535232556
thetao,W40p0,7,8,0.10438020165227685,0.10438020165227685
thetao,W20p0,9,17,0.10429048919472655,0.10429048919472655
so,W20p0,7,20,0.1041790566104338,0.1041790566104338
thetao,W30p0,1,14,-0.10412879979466723,0.10412879979466723
thetao,W40p0,4,3,0.1037288112998302,0.1037288112998302
thetao,W40p0,8,4,-0.10372874385912959,0.10372874385912959
so,W40p0,3,4,-0.10345153572648774,0.10345153572648774
thetao,W10p0,8,8,0.10338324983023985,0.10338324983023985
thetao,W30p0,8,19,-0.103324234391388,0.103324234391388
thetao,W10p0,4,13,0.10330625584804672,0.10330625584804672
thetao,W20p0,2,14,0.10323989453634985,0.10323989453634985
thetao,W60p0,3,1,-0.10322908135671133,0.10322908135671133
thetao,W60p0,7,18,0.10298245220207065,0.10298245220207065
so,W10p0,9,14,0.10283219824752347,0.10283219824752347
thetao,W40p0,10,8,0.10276133636848364,0.10276133636848364
so,W30p0,10,19,-0.10275190808311323,0.10275190808311323
thetao,W40p0,3,13,0.10248819130227291,0.10248819130227291
thetao,W60p0,7,13,0.1024833532852342,0.1024833532852342
so,W40p0,9,14,-0.10230793319447366,0.10230793319447366
so,W30p0,2,6,0.10217879924804633,0.10217879924804633
so,W60p0,2,15,0.10213557307596685,0.10213557307596685
thetao,W30p0,2,16,-0.10212544860002397,0.10212544860002397
thetao,W10p0,6,19,0.10189232775932118,0.10189232775932118
thetao,W20p0,4,13,0.10165471340875447,0.10165471340875447
thetao,W30p0,7,14,-0.10140135457389089,0.10140135457389089
thetao,W30p0,2,11,-0.10136551833802813,0.10136551833802813
thetao,W10p0,3,12,0.10111972666669156,0.10111972666669156
so,W10p0,4,17,0.10098033406004445,0.10098033406004445
so,W60p0,2,13,0.10077357617393173,0.10077357617393173
thetao,W20p0,2,7,0.10074685735799854,0.10074685735799854
so,W30p0,6,10,0.10064954068598883,0.10064954068598883
thetao,W30p0,8,2,-0.10059811100538958,0.10059811100538958
so,W40p0,8,9,0.10058557106351755,0.10058557106351755
thetao,W20p0,6,3,0.10027242468389581,0.10027242468389581
thetao,W40p0,7,4,-0.10026140199724362,0.10026140199724362
thetao,W20p0,5,14,-0.10007950915858867,0.10007950915858867
so,W20p0,5,12,0.1000033571994395,0.1000033571994395
thetao,W30p0,3,18,-0.09997402719785624,0.09997402719785624
thetao,W60p0,5,19,-0.09983388686009637,0.09983388686009637
so,W60p0,2,1,0.09949411596537258,0.09949411596537258
so,W40p0,7,6,0.09936496256294854,0.09936496256294854
so,W20p0,10,13,0.09890314851485761,0.09890314851485761
so,W40p0,10,10,-0.09865052746917517,0.09865052746917517
thetao,W60p0,5,18,-0.09818097586122902,0.09818097586122902
so,W20p0,10,18,-0.09793654518561111,0.09793654518561111
so,W60p0,8,8,-0.09792172577795816,0.09792172577795816
thetao,W20p0,1,13,0.0978264909760813,0.0978264909760813
thetao,W20p0,4,9,-0.0978120722689023,0.0978120722689023
thetao,W30p0,4,2,0.0977646502181679,0.0977646502181679
so,W10p0,4,15,0.0976540093768109,0.0976540093768109
so,W30p0,4,17,0.09758241207648126,0.09758241207648126
thetao,W30p0,1,1,-0.09748346260427701,0.09748346260427701
so,W60p0,10,9,-0.09741410512009151,0.09741410512009151
thetao,W20p0,5,18,0.09733217430789212,0.09733217430789212
thetao,W60p0,3,12,-0.09715753352960076,0.09715753352960076
thetao,W60p0,5,16,-0.09710016065572583,0.09710016065572583
thetao,W20p0,4,3,-0.09699452612700411,0.09699452612700411
so,W60p0,2,9,-0.09688562744164747,0.09688562744164747
thetao,W30p0,2,4,-0.09675388431958415,0.09675388431958415
so,W40p0,4,14,0.09669134817943027,0.09669134817943027
thetao,W40p0,3,11,-0.09666397710473536,0.09666397710473536
so,W10p0,2,18,-0.09652840810790224,0.09652840810790224
thetao,W60p0,6,3,0.096525649652195,0.096525649652195
thetao,W30p0,2,14,-0.0965053349905167,0.0965053349905167
thetao,W10p0,10,17,0.09646453186999342,0.09646453186999342
thetao,W60p0,7,2,0.09620779352870279,0.09620779352870279
so,W60p0,1,6,0.09616659280127661,0.09616659280127661
so,W60p0,10,3,-0.09609724124553819,0.09609724124553819
thetao,W30p0,9,11,0.09595887321638145,0.09595887321638145
so,W30p0,9,14,-0.0959418434423378,0.0959418434423378
so,W40p0,10,18,-0.09573147434441044,0.09573147434441044
so,W30p0,7,18,0.09569883988093929,0.09569883988093929
so,W20p0,10,6,-0.09569757673520952,0.09569757673520952
thetao,W20p0,3,13,-0.09554102655621186,0.09554102655621186
thetao,W10p0,7,19,-0.09549877960768409,0.09549877960768409
so,W30p0,3,7,-0.09542583859073478,0.09542583859073478
thetao,W60p0,1,18,0.09537344989754935,0.09537344989754935
thetao,W30p0,4,11,0.09536103427394294,0.09536103427394294
thetao,W30p0,8,8,-0.09516373202808592,0.09516373202808592
thetao,W10p0,2,2,0.09513854871709694,0.09513854871709694
thetao,W40p0,2,6,0.09510453189186603,0.09510453189186603
so,W30p0,3,19,-0.0950178947768638,0.0950178947768638
thetao,W20p0,5,3,-0.09487792119604632,0.09487792119604632
thetao,W60p0,2,11,0.09485017850999364,0.09485017850999364
so,W30p0,4,18,0.0948161770321135,0.0948161770321135
thetao,W20p0,10,14,0.09479720225087268,0.09479720225087268
so,W10p0,8,14,-0.09470481896486124,0.09470481896486124
so,W40p0,2,11,0.0943212580299067,0.0943212580299067
thetao,W40p0,2,4,0.09430690839077334,0.09430690839077334
so,W40p0,7,15,0.09419606411063812,0.09419606411063812
thetao,W20p0,2,2,0.09412046056891855,0.09412046056891855
so,W60p0,3,17,0.09410240046183421,0.09410240046183421
thetao,W20p0,9,11,0.093982906704335,0.093982906704335
thetao,W40p0,8,16,0.09395889264190825,0.09395889264190825
so,W40p0,10,5,-0.09342452298961931,0.09342452298961931
so,W40p0,10,8,-0.09340313978767291,0.09340313978767291
thetao,W10p0,3,17,0.0933654857205798,0.0933654857205798
thetao,W30p0,2,15,-0.09333860267968545,0.09333860267968545
thetao,W30p0,7,18,-0.09329369739806323,0.09329369739806323
so,W10p0,7,17,0.09304250767809784,0.09304250767809784
thetao,W20p0,6,2,0.09302059891712454,0.09302059891712454
so,W30p0,3,4,0.092900567762026,0.092900567762026
thetao,W60p0,3,6,0.09288300784017128,0.09288300784017128
thetao,W40p0,8,14,0.09274828515632522,0.09274828515632522
thetao,W20p0,8,8,-0.09272521040390644,0.09272521040390644
thetao,W10p0,3,20,-0.0926368040522297,0.0926368040522297
thetao,W60p0,10,9,0.09246681724999319,0.09246681724999319
thetao,W20p0,7,3,0.09241837722307798,0.09241837722307798
so,W10p0,6,12,-0.09214262767456396,0.09214262767456396
so,W30p0,2,13,0.09200568948325324,0.09200568948325324
thetao,W40p0,8,5,-0.09196462356858334,0.09196462356858334
so,W30p0,2,10,0.09179459530639057,0.09179459530639057
thetao,W40p0,6,10,0.09170823127007052,0.09170823127007052
so,W10p0,10,19,0.0916491640225209,0.0916491640225209
so,W40p0,8,6,0.09161262261278144,0.09161262261278144
thetao,W30p0,5,1,0.09138655825346229,0.09138655825346229
thetao,W20p0,5,15,-0.09114582819790713,0.09114582819790713
so,W20p0,5,18,-0.09111440735051436,0.09111440735051436
so,W20p0,8,3,-0.0910760886392283,0.0910760886392283
thetao,W10p0,3,7,0.091059477750192,0.091059477750192
so,W20p0,3,11,0.09069780346923238,0.09069780346923238
so,W20p0,10,12,-0.09059586961013028,0.09059586961013028
thetao,W20p0,8,3,0.09050316551034591,0.09050316551034591
thetao,W30p0,4,6,-0.09041931666439461,0.09041931666439461
so,W30p0,5,16,-0.08999579038646278,0.08999579038646278
so,W30p0,3,1,0.08998502185887387,0.08998502185887387
thetao,W20p0,3,0,-0.08991828505623879,0.08991828505623879
thetao,W60p0,8,11,-0.0897893217207795,0.0897893217207795
so,W20p0,10,17,-0.08965202115100249,0.08965202115100249
so,W60p0,7,6,-0.08964214101107716,0.08964214101107716
so,W60p0,1,12,0.08957114680298131,0.08957114680298131
so,W30p0,4,20,0.08935868418296941,0.08935868418296941
thetao,W60p0,1,6,-0.08933921081037698,0.08933921081037698
so,W20p0,10,19,-0.08925098852161567,0.08925098852161567
so,W60p0,4,12,0.08918514072925485,0.08918514072925485
thetao,W30p0,10,13,-0.0891735918043261,0.0891735918043261
so,W10p0,7,6,-0.08905698170592329,0.08905698170592329
so,W10p0,9,8,0.08903266600803957,0.08903266600803957
thetao,W30p0,9,2,-0.0887565847904215,0.0887565847904215
so,W30p0,3,16,-0.08864356877041939,0.08864356877041939
thetao,W10p0,9,13,-0.08859764257152637,0.08859764257152637
thetao,W60p0,1,19,0.08852792485418923,0.08852792485418923
so,W30p0,1,8,-0.08848652805155569,0.08848652805155569
thetao,W20p0,10,4,-0.08847897991582665,0.08847897991582665
thetao,W60p0,9,14,0.0882980325300296,0.0882980325300296
so,W60p0,7,15,-0.08813667150885411,0.08813667150885411
thetao,W60p0,7,16,0.08800280887278893,0.08800280887278893
so,W30p0,7,2,-0.08789165080056968,0.08789165080056968
so,W60p0,3,5,-0.08784442950614628,0.08784442950614628
so,W20p0,5,19,-0.08778436604008023,0.08778436604008023
thetao,W20p0,6,0,0.08776158811298893,0.08776158811298893
thetao,W20p0,6,6,-0.08772171862248328,0.08772171862248328
thetao,W40p0,7,1,-0.08759786134155081,0.08759786134155081
so,W20p0,10,14,0.08755128479827622,0.08755128479827622
thetao,W60p0,2,14,-0.08731508495698491,0.08731508495698491
so,W20p0,2,19,0.08705446372561455,0.08705446372561455
so,W10p0,5,20,-0.08702353739808934,0.08702353739808934
thetao,W10p0,1,19,-0.08693820523271668,0.08693820523271668
so,W30p0,10,5,0.08686662931756328,0.08686662931756328
thetao,W30p0,8,9,-0.08658878865867038,0.08658878865867038
so,W30p0,2,11,0.08656686647760178,0.08656686647760178
thetao,W10p0,10,11,-0.08645001602090123,0.08645001602090123
so,W60p0,10,19,0.08634772616141065,0.08634772616141065
so,W20p0,5,0,-0.08631823804581304,0.08631823804581304
thetao,W40p0,6,9,0.08623794816445483,0.08623794816445483
so,W30p0,4,19,0.08622485821011382,0.08622485821011382
so,W10p0,4,8,0.08618111772334457,0.08618111772334457
so,W60p0,5,8,0.0861535881668674,0.0861535881668674
so,W20p0,2,15,0.08603040781080473,0.08603040781080473
thetao,W60p0,2,18,0.08577718538199833,0.08577718538199833
so,W20p0,10,3,0.08568309315570277,0.08568309315570277
thetao,W10p0,8,3,0.08559701732864433,0.08559701732864433
so,W10p0,9,10,0.0855766297772659,0.0855766297772659
thetao,W40p0,7,9,0.0855389902125767,0.0855389902125767
thetao,W10p0,7,3,0.08546042145689656,0.08546042145689656
thetao,W20p0,4,15,-0.08537970340565088,0.08537970340565088
thetao,W60p0,6,4,0.08528276371127462,0.08528276371127462
thetao,W40p0,4,9,-0.08504663470468117,0.08504663470468117
thetao,W30p0,5,0,-0.08504523438198622,0.08504523438198622
thetao,W60p0,7,17,0.08502017115726364,0.08502017115726364
thetao,W40p0,10,14,-0.08489647786719524,0.08489647786719524
thetao,W10p0,9,18,-0.08485341016127483,0.08485341016127483
so,W20p0,1,5,0.08484724957718134,0.08484724957718134
so,W60p0,2,2,0.08455770867985472,0.08455770867985472
so,W40p0,8,2,-0.08407330389166393,0.08407330389166393
so,W10p0,9,0,0.08392935055382097,0.08392935055382097
thetao,W30p0,10,18,-0.08388308580940534,0.08388308580940534
so,W60p0,3,18,0.08388142373114935,0.08388142373114935
so,W60p0,1,9,0.08376406021343644,0.08376406021343644
so,W20p0,8,17,0.08355510142629848,0.08355510142629848
so,W60p0,6,19,-0.08355358861754633,0.08355358861754633
so,W20p0,5,17,-0.08338524952316309,0.08338524952316309
so,W30p0,3,8,-0.0833420043898079,0.0833420043898079
thetao,W30p0,7,17,-0.08308970608569739,0.08308970608569739
so,W10p0,1,1,0.08300886424116151,0.08300886424116151
thetao,W20p0,8,1,0.08291969805179489,0.08291969805179489
thetao,W60p0,4,18,0.08291535722065983,0.08291535722065983
thetao,W60p0,7,14,0.08283254490262713,0.08283254490262713
thetao,W10p0,5,15,-0.08280526157771391,0.08280526157771391
thetao,W60p0,6,1,0.0827312892543356,0.0827312892543356
so,W60p0,4,7,0.08250800299164146,0.08250800299164146
thetao,W30p0,5,11,-0.0823512122716042,0.0823512122716042
thetao,W30p0,8,1,-0.08228521277835438,0.08228521277835438
thetao,W20p0,3,20,-0.08204508469164563,0.08204508469164563
thetao,W20p0,7,13,-0.08188486611056427,0.08188486611056427
so,W60p0,5,2,-0.08188183513653852,0.08188183513653852
so,W40p0,10,13,0.08166392877494653,0.08166392877494653
so,W60p0,6,4,0.08157936852288727,0.08157936852288727
thetao,W20p0,10,9,-0.08150681839878453,0.08150681839878453
so,W40p0,4,3,0.08130503973335963,0.08130503973335963
thetao,W60p0,7,4,-0.08118204524692778,0.08118204524692778
so,W30p0,1,2,-0.08104434147608228,0.08104434147608228
thetao,W30p0,4,7,-0.0810103904031299,0.0810103904031299
so,W10p0,3,19,0.080907393606479,0.080907393606479
thetao,W40p0,4,15,-0.08077918402072133,0.08077918402072133
so,W20p0,5,15,0.08073190785006118,0.08073190785006118
thetao,W20p0,5,4,-0.08072676384974015,0.08072676384974015
so,W40p0,1,4,-0.08064803027289941,0.08064803027289941
so,W40p0,9,3,-0.08064657369396165,0.08064657369396165
thetao,W20p0,7,5,0.08056472157612828,0.08056472157612828
so,W30p0,1,15,0.08027078450165377,0.08027078450165377
thetao,W30p0,7,15,-0.08026738689973148,0.08026738689973148
thetao,W10p0,5,2,-0.079965201323305,0.079965201323305
thetao,W20p0,4,0,-0.07981427658427157,0.07981427658427157
so,W40p0,3,16,0.07980966515949935,0.07980966515949935
thetao,W10p0,2,11,0.079685925949236,0.079685925949236
thetao,W40p0,1,3,-0.07959636737764487,0.07959636737764487
thetao,W60p0,3,10,0.07938402947960756,0.07938402947960756
thetao,W20p0,8,14,-0.0793437286744121,0.0793437286744121
so,W20p0,2,20,0.07933273513813845,0.07933273513813845
thetao,W30p0,10,17,-0.07930562394654367,0.07930562394654367
thetao,W40p0,3,15,0.07929745891330695,0.07929745891330695
so,W40p0,10,20,-0.07918917364484009,0.07918917364484009
so,W20p0,9,18,-0.07915493685779848,0.07915493685779848
so,W40p0,3,14,0.07907149975520852,0.07907149975520852
so,W40p0,2,9,-0.0787887838943025,0.0787887838943025
so,W60p0,6,9,-0.07843753892372052,0.07843753892372052
so,W60p0,9,17,-0.07840639870841977,0.07840639870841977
so,W20p0,1,7,-0.07838841679692723,0.07838841679692723
so,W40p0,1,20,0.07816852133433476,0.07816852133433476
so,W20p0,9,19,-0.0778899656339881,0.0778899656339881
thetao,W40p0,2,17,-0.07782283080104936,0.07782283080104936
thetao,W10p0,3,8,0.07753318961269093,0.07753318961269093
so,W40p0,8,19,0.07740320497128667,0.07740320497128667
thetao,W60p0,1,9,0.0773546105698302,0.0773546105698302
so,W20p0,10,4,-0.07725695353796959,0.07725695353796959
so,W20p0,5,5,-0.0771382133359656,0.0771382133359656
so,W10p0,2,5,-0.07691046956021017,0.07691046956021017
thetao,W10p0,9,8,0.07677521744830454,0.07677521744830454
thetao,W10p0,10,16,0.07674518079271303,0.07674518079271303
so,W20p0,7,6,-0.07664945139769609,0.07664945139769609
thetao,W30p0,7,2,-0.076641471843803,0.076641471843803
thetao,W20p0,6,7,-0.07653843330475427,0.07653843330475427
so,W30p0,9,17,0.07652977241600552,0.07652977241600552
thetao,W20p0,1,17,0.07651241591447205,0.07651241591447205
thetao,W20p0,4,11,-0.07644538870767692,0.07644538870767692
so,W10p0,3,5,-0.07640946615607822,0.07640946615607822
so,W10p0,8,16,0.07635202604363608,0.07635202604363608
thetao,W20p0,4,19,-0.07625900755021943,0.07625900755021943
thetao,W10p0,4,2,-0.07617914602064968,0.07617914602064968
so,W40p0,8,7,0.07598947510244503,0.07598947510244503
thetao,W30p0,8,3,-0.07597175460904836,0.07597175460904836
so,W30p0,5,2,0.07596307804951369,0.07596307804951369
thetao,W30p0,7,16,-0.07588572350208247,0.07588572350208247
thetao,W60p0,3,19,-0.0758107792758384,0.0758107792758384
thetao,W40p0,7,2,-0.07580189357800722,0.07580189357800722
thetao,W60p0,1,0,-0.07564249475449761,0.07564249475449761
thetao,W20p0,7,12,-0.07554873299480785,0.07554873299480785
thetao,W20p0,1,18,0.075543115487439,0.075543115487439
thetao,W60p0,5,0,-0.07549198724061229,0.07549198724061229
so,W40p0,5,10,-0.07540369476393508,0.07540369476393508
so,W40p0,4,15,0.07530005233293735,0.07530005233293735
thetao,W30p0,10,19,-0.07526966245526485,0.07526966245526485
so,W40p0,4,0,-0.07518070415666572,0.07518070415666572
so,W60p0,5,11,0.07516980953773707,0.07516980953773707
so,W20p0,3,14,0.07507148620567305,0.07507148620567305
thetao,W10p0,5,19,0.07506876076905057,0.07506876076905057
thetao,W60p0,1,20,0.07491769152521047,0.07491769152521047
thetao,W40p0,9,14,-0.07491347605717548,0.07491347605717548
thetao,W60p0,1,13,0.07487514265168288,0.07487514265168288
so,W60p0,3,4,0.07480467404464745,0.07480467404464745
so,W30p0,9,5,-0.07480338846705295,0.07480338846705295
so,W30p0,2,7,0.07462724775963803,0.07462724775963803
thetao,W20p0,10,10,-0.07461887650428804,0.07461887650428804
thetao,W60p0,2,5,0.07453540088395329,0.07453540088395329
so,W20p0,7,7,-0.07439309291675715,0.07439309291675715
so,W60p0,1,15,-0.07418640473760145,0.07418640473760145
so,W20p0,4,13,0.0739507696543195,0.0739507696543195
so,W20p0,9,13,-0.07389777279947027,0.07389777279947027
so,W20p0,6,5,0.0738955979164973,0.0738955979164973
thetao,W40p0,6,7,0.07387767054198993,0.07387767054198993
thetao,W30p0,1,20,-0.07386543543348331,0.07386543543348331
thetao,W20p0,8,0,0.0738539708335766,0.0738539708335766
thetao,W60p0,9,9,0.07378153700519822,0.07378153700519822
thetao,W10p0,7,1,0.0736548854517885,0.0736548854517885
thetao,W60p0,7,7,0.07363308552639976,0.07363308552639976
so,W60p0,5,0,-0.07333014979349628,0.07333014979349628
thetao,W30p0,7,10,-0.07316127536409768,0.07316127536409768
thetao,W30p0,9,9,0.07307718801961648,0.07307718801961648
so,W30p0,2,5,0.07304872218089581,0.07304872218089581
so,W40p0,10,16,0.07300395131947678,0.07300395131947678
so,W40p0,6,5,-0.07264119977692159,0.07264119977692159
so,W40p0,2,14,0.07258023361391923,0.07258023361391923
thetao,W10p0,10,15,0.0725287567791591,0.0725287567791591
so,W40p0,6,16,-0.07250589426056192,0.07250589426056192
so,W20p0,4,4,-0.07245814313671883,0.07245814313671883
thetao,W60p0,7,8,0.07240844487804299,0.07240844487804299
so,W40p0,8,8,0.0721490945324974,0.0721490945324974
so,W60p0,6,12,0.0720708928785508,0.0720708928785508
thetao,W30p0,6,18,-0.07204615985056916,0.07204615985056916
so,W30p0,3,10,-0.0720217415276631,0.0720217415276631
so,W10p0,1,0,0.07164944777272202,0.07164944777272202
so,W20p0,8,16,0.07158167830450972,0.07158167830450972
thetao,W20p0,5,2,-0.07155764501795123,0.07155764501795123
thetao,W30p0,7,13,-0.07138294636227052,0.07138294636227052
thetao,W10p0,6,17,0.0713012484855499,0.0713012484855499
so,W10p0,9,20,-0.07120147913410195,0.07120147913410195
so,W10p0,4,6,-0.0710805409014036,0.0710805409014036
thetao,W10p0,10,13,0.07102422193855992,0.07102422193855992
so,W30p0,2,16,0.07084702784185809,0.07084702784185809
thetao,W20p0,6,17,-0.07072765024772378,0.07072765024772378
so,W10p0,10,18,0.07053516883159108,0.07053516883159108
thetao,W10p0,3,2,0.07045466555647521,0.07045466555647521
so,W40p0,5,7,-0.07039971264095045,0.07039971264095045
so,W30p0,10,2,-0.07031997083574303,0.07031997083574303
thetao,W40p0,1,8,-0.07030487273300771,0.07030487273300771
thetao,W60p0,5,4,-0.07025108853958421,0.07025108853958421
thetao,W30p0,4,9,-0.06970640597277676,0.06970640597277676
so,W10p0,5,14,0.06968576997352727,0.06968576997352727
thetao,W60p0,1,7,-0.06962992618674953,0.06962992618674953
thetao,W30p0,10,7,0.06957125628537188,0.06957125628537188
so,W60p0,10,4,-0.06956385629635711,0.06956385629635711
so,W60p0,9,20,-0.06946236965617457,0.06946236965617457
thetao,W40p0,7,3,-0.06945150016917682,0.06945150016917682
thetao,W40p0,7,0,-0.06937248227597234,0.06937248227597234
thetao,W40p0,7,5,-0.0693693148976376,0.0693693148976376
thetao,W30p0,1,4,-0.0689943433301019,0.0689943433301019
so,W20p0,2,18,0.06890250335201606,0.06890250335201606
thetao,W10p0,3,9,0.0687514335254276,0.0687514335254276
so,W20p0,9,8,-0.06867702199166396,0.06867702199166396
thetao,W30p0,6,12,-0.06861251924594113,0.06861251924594113
so,W10p0,7,0,-0.06848178103147619,0.06848178103147619
so,W20p0,7,1,-0.06834569240260122,0.06834569240260122
thetao,W30p0,5,16,-0.0682145922402006,0.0682145922402006
so,W20p0,4,14,-0.06815378365580974,0.06815378365580974
so,W30p0,9,6,0.06814756820952633,0.06814756820952633
so,W20p0,6,8,-0.06807860785795182,0.06807860785795182
thetao,W40p0,8,11,0.06803758145952901,0.06803758145952901
so,W40p0,3,11,0.06790424327027493,0.06790424327027493
thetao,W30p0,1,7,-0.06787421383018916,0.06787421383018916
thetao,W20p0,7,4,0.06784205964604481,0.06784205964604481
so,W30p0,6,19,0.06780916463629659,0.06780916463629659
so,W40p0,6,19,0.0677178093442894,0.0677178093442894
thetao,W30p0,5,12,0.06758239770295495,0.06758239770295495
so,W60p0,5,7,0.06757175671662338,0.06757175671662338
thetao,W20p0,3,10,0.06755591288622372,0.06755591288622372
thetao,W10p0,6,6,-0.0674236216287087,0.0674236216287087
so,W30p0,7,7,-0.0671768414065714,0.0671768414065714
so,W10p0,3,2,0.06714465066954763,0.06714465066954763
so,W40p0,8,18,-0.06713665980848355,0.06713665980848355
thetao,W30p0,2,10,-0.06685136320691652,0.06685136320691652
so,W40p0,9,9,-0.0667253406850934,0.0667253406850934
thetao,W60p0,6,5,0.06672163226379732,0.06672163226379732
so,W40p0,6,20,0.06672074868694837,0.06672074868694837
thetao,W20p0,1,19,0.06666316086740053,0.06666316086740053
so,W60p0,9,2,-0.06664419349732718,0.06664419349732718
so,W10p0,3,4,-0.06663850998297598,0.06663850998297598
thetao,W40p0,4,8,0.06647577299160486,0.06647577299160486
thetao,W30p0,5,13,0.06640641795783042,0.06640641795783042
so,W10p0,2,9,-0.06632488808153356,0.06632488808153356
so,W30p0,10,8,0.0660431924329036,0.0660431924329036
so,W60p0,5,12,0.06603042836668274,0.06603042836668274
so,W30p0,4,1,0.06585363501208046,0.06585363501208046
thetao,W40p0,10,15,-0.06584092632146774,0.06584092632146774
so,W60p0,2,14,0.06565067476156221,0.06565067476156221
thetao,W20p0,7,6,0.06564981670579452,0.06564981670579452
thetao,W60p0,1,2,-0.06541379462864835,0.06541379462864835
thetao,W30p0,4,12,0.0651414971590272,0.0651414971590272
thetao,W10p0,7,18,-0.06507663863453368,0.06507663863453368
so,W60p0,6,6,-0.06503835471484541,0.06503835471484541
thetao,W10p0,1,13,0.06484927178324892,0.06484927178324892
thetao,W60p0,2,13,-0.06470552846796328,0.06470552846796328
thetao,W30p0,4,15,0.06466477664828371,0.06466477664828371
thetao,W40p0,9,11,0.06450729598411226,0.06450729598411226
so,W10p0,5,4,0.06433128651254802,0.06433128651254802
so,W60p0,8,7,-0.06411264066929799,0.06411264066929799
thetao,W30p0,8,7,-0.06410533182457337,0.06410533182457337
so,W10p0,9,5,0.06402039215946422,0.06402039215946422
so,W40p0,1,15,0.06400649056964423,0.06400649056964423
so,W40p0,3,1,-0.06398442601983217,0.06398442601983217
so,W60p0,4,8,0.0635214515813032,0.0635214515813032
so,W20p0,7,2,-0.06348977059342231,0.06348977059342231
thetao,W20p0,2,13,0.06342877498928587,0.06342877498928587
so,W10p0,10,15,0.06334264831163543,0.06334264831163543
so,W20p0,1,1,-0.06330922977484378,0.06330922977484378
so,W40p0,4,6,0.06330134179299575,0.06330134179299575
so,W60p0,10,5,-0.06326871562879023,0.06326871562879023
thetao,W10p0,9,14,-0.06314539562672339,0.06314539562672339
so,W40p0,9,4,0.06309544136007819,0.06309544136007819
so,W60p0,4,20,-0.06305914611992787,0.06305914611992787
thetao,W60p0,9,4,0.06304033187348713,0.06304033187348713
so,W20p0,10,10,-0.06301648325998661,0.06301648325998661
thetao,W20p0,1,14,0.06300093139288747,0.06300093139288747
so,W40p0,7,10,0.06299918866327872,0.06299918866327872
thetao,W10p0,4,16,0.0629805878710471,0.0629805878710471
so,W20p0,10,0,0.06293894351050208,0.06293894351050208
thetao,W10p0,10,14,0.06283504122520954,0.06283504122520954
so,W30p0,3,11,-0.06279022941498073,0.06279022941498073
so,W40p0,9,19,-0.06275060279419847,0.06275060279419847
thetao,W20p0,1,16,0.0627440084666763,0.0627440084666763
thetao,W30p0,2,0,0.06269622141177886,0.06269622141177886
thetao,W20p0,8,7,-0.06267806581053109,0.06267806581053109
so,W20p0,3,13,0.0625802605319107,0.0625802605319107
thetao,W60p0,4,7,0.06239083070970386,0.06239083070970386
thetao,W30p0,9,12,0.06231648382209225,0.06231648382209225
thetao,W30p0,2,13,0.06204956275866019,0.06204956275866019
thetao,W60p0,8,6,-0.061985936282703095,0.061985936282703095
thetao,W40p0,7,11,-0.061923981193121196,0.061923981193121196
so,W30p0,6,7,-0.061900398434471954,0.061900398434471954
so,W40p0,8,11,-0.06188072119685931,0.06188072119685931
thetao,W60p0,7,15,0.06187962482817598,0.06187962482817598
so,W40p0,3,5,-0.06184625539813991,0.06184625539813991
so,W40p0,9,16,0.061821322783212826,0.061821322783212826
thetao,W20p0,6,5,-0.06168043710669284,0.06168043710669284
so,W10p0,4,0,-0.061597306560926234,0.061597306560926234
thetao,W10p0,5,8,-0.06155140803791079,0.06155140803791079
so,W20p0,2,16,0.06146618068013717,0.06146618068013717
thetao,W10p0,2,6,0.061403076897713495,0.061403076897713495
so,W40p0,5,8,-0.06139675937807433,0.06139675937807433
thetao,W30p0,3,3,0.0613245933051235,0.0613245933051235
thetao,W40p0,1,4,0.06128266878861255,0.06128266878861255
thetao,W60p0,7,9,0.061214060847904574,0.061214060847904574
thetao,W20p0,3,12,-0.061091495321221705,0.061091495321221705
so,W20p0,6,11,0.06103557881663248,0.06103557881663248
so,W10p0,5,16,-0.06089899691672962,0.06089899691672962
so,W60p0,3,19,0.06078968502136782,0.06078968502136782
thetao,W30p0,4,20,-0.060777399859716946,0.060777399859716946
so,W40p0,6,17,0.06050225226386333,0.06050225226386333
thetao,W20p0,1,15,0.060432002190398515,0.060432002190398515
thetao,W10p0,9,12,-0.060271965842822205,0.060271965842822205
so,W10p0,9,19,0.0602407718574252,0.0602407718574252
so,W20p0,7,3,-0.06019501114028395,0.06019501114028395
thetao,W60p0,4,2,-0.0601702317588262,0.0601702317588262
thetao,W20p0,3,15,-0.06007552041620822,0.06007552041620822
so,W60p0,1,13,0.060014318399278975,0.060014318399278975
thetao,W60p0,8,0,-0.05985227604242238,0.05985227604242238
thetao,W10p0,7,13,0.059748345094146005,0.059748345094146005
so,W20p0,2,17,0.059462307992384236,0.059462307992384236
so,W30p0,3,14,-0.05943920249979589,0.05943920249979589
thetao,W60p0,4,5,0.05939031334887601,0.05939031334887601
so,W10p0,7,20,0.0593601737321225,0.0593601737321225
thetao,W60p0,6,18,-0.05924119431931676,0.05924119431931676
so,W30p0,9,15,-0.05923234742937117,0.05923234742937117
thetao,W20p0,4,7,-0.059176232111665596,0.059176232111665596
thetao,W40p0,6,18,0.059174521226602494,0.059174521226602494
so,W20p0,9,14,-0.05910418282053522,0.05910418282053522
so,W60p0,5,15,0.058937611630949356,0.058937611630949356
so,W20p0,9,7,-0.05892387481517511,0.05892387481517511
so,W30p0,2,15,0.058736541628324375,0.058736541628324375
so,W30p0,6,12,0.05862612025982029,0.05862612025982029
thetao,W30p0,2,12,-0.05861238292605718,0.05861238292605718
thetao,W60p0,3,4,-0.05831485762578589,0.05831485762578589
thetao,W30p0,6,7,-0.05827678048482384,0.05827678048482384
thetao,W40p0,10,12,-0.05821214047429634,0.05821214047429634
so,W40p0,3,20,0.0582000515598253,0.0582000515598253
so,W30p0,9,16,-0.05766732649639787,0.05766732649639787
so,W30p0,3,15,-0.05765035363680937,0.05765035363680937
thetao,W10p0,9,11,0.05754587073664023,0.05754587073664023
thetao,W60p0,6,10,-0.05746877386669233,0.05746877386669233
thetao,W40p0,3,20,-0.056969528498343566,0.056969528498343566
thetao,W10p0,9,17,-0.05688484394055075,0.05688484394055075
so,W20p0,9,17,0.05682408771804403,0.05682408771804403
so,W30p0,2,4,0.056745750009671296,0.056745750009671296
so,W20p0,8,9,0.056710906213203766,0.056710906213203766
so,W60p0,5,14,-0.0565012177637998,0.0565012177637998
so,W40p0,5,20,0.05647212331786248,0.05647212331786248
thetao,W10p0,9,6,-0.056448154868307975,0.056448154868307975
so,W30p0,3,12,-0.05623083294036407,0.05623083294036407
thetao,W20p0,4,16,0.05615627100504437,0.05615627100504437
thetao,W20p0,7,9,0.05610925995312862,0.05610925995312862
so,W20p0,7,4,-0.05605454114232741,0.05605454114232741
thetao,W40p0,1,6,0.05603277359682882,0.05603277359682882
thetao,W60p0,2,0,-0.055712595555767366,0.055712595555767366
thetao,W20p0,6,4,0.05569378086360875,0.05569378086360875
so,W60p0,9,19,-0.05559213859007176,0.05559213859007176
thetao,W60p0,10,12,-0.05546821859547294,0.05546821859547294
so,W20p0,4,8,-0.05535882904710077,0.05535882904710077
thetao,W30p0,6,11,-0.05533203693198366,0.05533203693198366
thetao,W20p0,7,1,-0.05526019001257736,0.05526019001257736
thetao,W20p0,2,3,0.055123356389259304,0.055123356389259304
thetao,W30p0,1,19,-0.05508842428235342,0.05508842428235342
so,W60p0,9,9,-0.05505836037245348,0.05505836037245348
so,W10p0,3,8,0.05502247334598244,0.05502247334598244
so,W20p0,7,5,-0.05501549423561912,0.05501549423561912
so,W60p0,8,6,-0.05487091842346129,0.05487091842346129
thetao,W40p0,10,10,0.05485504455017249,0.05485504455017249
so,W20p0,3,12,0.05466847387548785,0.05466847387548785
so,W10p0,3,6,-0.054651793095671,0.054651793095671
thetao,W20p0,9,18,0.054591831446782764,0.054591831446782764
so,W10p0,8,3,-0.054474275873457316,0.054474275873457316
so,W60p0,4,18,0.05417658901529906,0.05417658901529906
thetao,W60p0,4,6,0.054013967432607404,0.054013967432607404
so,W40p0,10,0,0.054004611704453705,0.054004611704453705
so,W40p0,3,10,0.05396401445599325,0.05396401445599325
thetao,W60p0,3,20,-0.053903479408355194,0.053903479408355194
so,W30p0,4,4,0.053659242982076694,0.053659242982076694
thetao,W20p0,5,10,0.053398611940353974,0.053398611940353974
so,W30p0,2,12,0.05333017847251398,0.05333017847251398
so,W30p0,1,20,0.05310257743563324,0.05310257743563324
thetao,W40p0,3,3,0.05303642819559951,0.05303642819559951
thetao,W30p0,1,6,-0.05297686204134209,0.05297686204134209
thetao,W60p0,5,13,-0.052901284714882056,0.052901284714882056
thetao,W30p0,9,0,0.052698827957548204,0.052698827957548204
so,W60p0,1,7,0.052686141169075204,0.052686141169075204
so,W20p0,7,8,-0.05261152834183167,0.05261152834183167
thetao,W10p0,1,18,-0.052443790543689445,0.052443790543689445
thetao,W30p0,8,6,-0.05230394683855184,0.05230394683855184
thetao,W40p0,1,20,-0.052264426907416874,0.052264426907416874
thetao,W60p0,6,13,-0.052136752245044,0.052136752245044
so,W20p0,10,1,0.05197175598238342,0.05197175598238342
thetao,W30p0,1,5,-0.05187581313991223,0.05187581313991223
thetao,W30p0,7,4,-0.051776936512870714,0.051776936512870714
so,W40p0,4,8,0.0516260085889149,0.0516260085889149
thetao,W20p0,6,8,-0.05156244571383814,0.05156244571383814
so,W30p0,3,5,0.051346941969683625,0.051346941969683625
so,W20p0,4,9,-0.05133204575446386,0.05133204575446386
so,W40p0,4,5,0.0513120849917392,0.0513120849917392
thetao,W60p0,4,3,-0.05123566545821982,0.05123566545821982
so,W60p0,5,3,-0.051228943447370646,0.051228943447370646
thetao,W60p0,1,1,-0.051114681159234204,0.051114681159234204
so,W30p0,1,1,-0.05110614605878518,0.05110614605878518
thetao,W40p0,2,16,-0.050935206188252646,0.050935206188252646
thetao,W60p0,2,3,-0.05091272005616314,0.05091272005616314
thetao,W60p0,1,8,-0.0508127602026725,0.0508127602026725
so,W60p0,7,5,-0.05079975462253943,0.05079975462253943
thetao,W20p0,9,6,-0.0507426555095216,0.0507426555095216
so,W40p0,2,0,-0.05071359579567675,0.05071359579567675
so,W10p0,8,15,-0.05065143394455321,0.05065143394455321
so,W40p0,2,15,-0.050552480803677316,0.050552480803677316
so,W20p0,4,0,-0.05042816695219509,0.05042816695219509
thetao,W40p0,3,17,-0.0502936895577356,0.0502936895577356
thetao,W10p0,3,10,0.049978056215321115,0.049978056215321115
thetao,W40p0,1,5,0.04987821440687204,0.04987821440687204
so,W30p0,5,0,-0.04985174302579165,0.04985174302579165
so,W30p0,6,20,0.04956479641226828,0.04956479641226828
thetao,W20p0,9,9,-0.04947211384588384,0.04947211384588384
thetao,W40p0,7,20,0.04935377991561496,0.04935377991561496
thetao,W20p0,9,5,-0.049232084693826526,0.049232084693826526
so,W30p0,9,12,-0.04919285312081332,0.04919285312081332
so,W60p0,8,9,0.04916547923991807,0.04916547923991807
thetao,W40p0,1,16,-0.04913656652547974,0.04913656652547974
so,W20p0,7,19,0.04913504769280092,0.04913504769280092
thetao,W20p0,8,10,-0.04911622419452558,0.04911622419452558
so,W40p0,6,9,0.04910560820295794,0.04910560820295794
thetao,W60p0,10,11,-0.04889722515450415,0.04889722515450415
so,W10p0,2,20,0.048876819434275263,0.048876819434275263
so,W10p0,1,3,-0.04848921379365787,0.04848921379365787
thetao,W20p0,4,18,0.04833694266524948,0.04833694266524948
thetao,W30p0,1,15,-0.04824448430669059,0.04824448430669059
thetao,W30p0,5,14,0.04822035014750177,0.04822035014750177
so,W60p0,2,18,0.048015911017318724,0.048015911017318724
so,W10p0,3,18,0.04778162356667669,0.04778162356667669
so,W20p0,1,6,0.04769157713789285,0.04769157713789285
thetao,W30p0,4,10,0.04768580982201357,0.04768580982201357
so,W60p0,9,18,-0.04761929033672451,0.04761929033672451
thetao,W10p0,9,16,-0.047578655971824896,0.047578655971824896
thetao,W30p0,3,17,-0.04747443310172984,0.04747443310172984
so,W20p0,7,11,0.047427881213210024,0.047427881213210024
so,W30p0,8,0,-0.04727373970828634,0.04727373970828634
thetao,W40p0,8,15,0.04708442337708371,0.04708442337708371
thetao,W40p0,1,7,0.047078192511812424,0.047078192511812424
so,W20p0,6,12,0.04695337982403313,0.04695337982403313
thetao,W30p0,3,1,0.04684425927178857,0.04684425927178857
thetao,W40p0,10,18,-0.046814780823398176,0.046814780823398176
so,W10p0,4,18,0.04674036258542493,0.04674036258542493
so,W30p0,8,9,0.04669138707328789,0.04669138707328789
thetao,W30p0,9,14,-0.0465391179644655,0.0465391179644655
thetao,W60p0,5,3,-0.046477420675082676,0.046477420675082676
thetao,W40p0,3,6,0.04623754160271753,0.04623754160271753
so,W60p0,8,20,-0.046050703840156734,0.046050703840156734
thetao,W60p0,3,0,0.045657087026843964,0.045657087026843964
so,W40p0,4,4,0.04527969386118804,0.04527969386118804
so,W60p0,3,11,-0.045218995995208615,0.045218995995208615
so,W60p0,10,12,-0.04502398949717337,0.04502398949717337
so,W20p0,5,4,-0.0449919709283524,0.0449919709283524
thetao,W10p0,7,20,-0.044971826522743244,0.044971826522743244
thetao,W40p0,7,19,-0.044878144095730314,0.044878144095730314
so,W10p0,9,9,0.044821141024304796,0.044821141024304796
so,W30p0,3,9,-0.044706833751738624,0.044706833751738624
thetao,W40p0,8,6,-0.044380191503428014,0.044380191503428014
so,W60p0,2,0,0.044340923786051936,0.044340923786051936
thetao,W10p0,4,14,0.04429081682344373,0.04429081682344373
so,W20p0,8,11,-0.04418936687199071,0.04418936687199071
thetao,W20p0,5,17,0.044142404944941385,0.044142404944941385
thetao,W40p0,10,9,0.04404787743657369,0.04404787743657369
so,W10p0,8,4,0.04384445745302021,0.04384445745302021
thetao,W60p0,3,5,0.04377788177462447,0.04377788177462447
thetao,W40p0,9,12,-0.04365442819593415,0.04365442819593415
so,W10p0,1,2,0.04355332740981584,0.04355332740981584
so,W30p0,5,20,0.04353804825165496,0.04353804825165496
thetao,W10p0,1,15,0.043430737740610986,0.043430737740610986
thetao,W30p0,2,20,-0.043202525823197765,0.043202525823197765
thetao,W10p0,8,2,0.0431939257422998,0.0431939257422998
so,W40p0,1,5,-0.04293363963696101,0.04293363963696101
so,W20p0,6,10,0.04284712705447281,0.04284712705447281
thetao,W40p0,2,19,-0.042780306203400204,0.042780306203400204
thetao,W20p0,8,11,-0.04269962971849884,0.04269962971849884
so,W40p0,1,17,-0.04241621529084305,0.04241621529084305
thetao,W60p0,5,15,-0.042308985747575245,0.042308985747575245
so,W20p0,7,12,0.04230265772252031,0.04230265772252031
thetao,W10p0,1,14,0.04227230803914922,0.04227230803914922
so,W20p0,6,7,-0.04227121752796716,0.04227121752796716
thetao,W30p0,7,8,-0.04224595989728336,0.04224595989728336
so,W30p0,6,16,0.042191557474678794,0.042191557474678794
so,W60p0,9,3,-0.042109240688687245,0.042109240688687245
thetao,W30p0,6,8,-0.041929306795158605,0.041929306795158605
so,W10p0,5,8,-0.0417923707904461,0.0417923707904461
so,W60p0,10,11,-0.041791429810283304,0.041791429810283304
thetao,W20p0,5,6,0.04179056508839538,0.04179056508839538
thetao,W40p0,6,20,-0.04172623202313948,0.04172623202313948
thetao,W40p0,10,13,-0.04172116151589568,0.04172116151589568
thetao,W60p0,8,7,-0.04171376130677699,0.04171376130677699
so,W60p0,10,13,-0.04170358706269874,0.04170358706269874
so,W60p0,6,10,0.041596234233800496,0.041596234233800496
thetao,W10p0,8,10,-0.041356242875794154,0.041356242875794154
thetao,W30p0,2,2,-0.041178763764634925,0.041178763764634925
so,W10p0,9,18,0.041107916640455565,0.041107916640455565
so,W40p0,4,2,0.041038272497454044,0.041038272497454044
thetao,W60p0,4,4,0.040914142005718135,0.040914142005718135
so,W20p0,4,7,-0.04089860585259417,0.04089860585259417
thetao,W60p0,4,1,0.04087427406982043,0.04087427406982043
so,W40p0,9,20,-0.04070438700897627,0.04070438700897627
so,W20p0,9,6,0.040641393119073776,0.040641393119073776
so,W40p0,10,12,0.04059452075622278,0.04059452075622278
thetao,W60p0,5,14,0.04053569072206334,0.04053569072206334
thetao,W60p0,8,8,0.04023821104224584,0.04023821104224584
thetao,W30p0,2,3,-0.04009018635853813,0.04009018635853813
thetao,W30p0,9,13,-0.039879839020076385,0.039879839020076385
so,W60p0,4,10,-0.0396160860980175,0.0396160860980175
thetao,W10p0,6,3,-0.03944654615131588,0.03944654615131588
thetao,W10p0,9,1,0.039306403904709866,0.039306403904709866
so,W40p0,3,15,0.0391958681738942,0.0391958681738942
thetao,W60p0,8,10,0.03913545832158479,0.03913545832158479
thetao,W40p0,3,16,0.039115245145353014,0.039115245145353014
thetao,W60p0,6,15,-0.03885268406368554,0.03885268406368554
so,W60p0,10,18,0.03878923890628506,0.03878923890628506
so,W40p0,7,12,0.03875798339966345,0.03875798339966345
so,W30p0,1,9,0.03844428235991706,0.03844428235991706
so,W60p0,9,6,-0.03820228655094058,0.03820228655094058
so,W60p0,1,14,-0.03812581489581754,0.03812581489581754
so,W40p0,8,10,0.03803027519770019,0.03803027519770019
thetao,W40p0,3,7,-0.03794612432755448,0.03794612432755448
so,W40p0,4,7,0.03784749111519186,0.03784749111519186
thetao,W10p0,8,9,0.0377705643238898,0.0377705643238898
so,W10p0,5,12,-0.03762213213329659,0.03762213213329659
thetao,W20p0,5,0,0.03751326037544842,0.03751326037544842
so,W20p0,9,16,0.037497747546542316,0.037497747546542316
thetao,W10p0,7,2,0.03737416268396789,0.03737416268396789
thetao,W40p0,6,19,0.03736444578051847,0.03736444578051847
so,W20p0,5,11,-0.0372807384523281,0.0372807384523281
so,W20p0,8,7,-0.03727634013435196,0.03727634013435196
so,W10p0,6,11,0.0371482296905649,0.0371482296905649
so,W60p0,1,8,0.03712555366840101,0.03712555366840101
thetao,W60p0,5,20,-0.03702386766365586,0.03702386766365586
thetao,W60p0,1,15,0.03693323390397916,0.03693323390397916
so,W30p0,8,10,0.03692303572183641,0.03692303572183641
so,W20p0,10,20,-0.036822241456414814,0.036822241456414814
so,W10p0,4,19,0.03670814881993134,0.03670814881993134
thetao,W30p0,9,1,-0.036638232221987616,0.036638232221987616
so,W10p0,3,3,-0.036634115011229824,0.036634115011229824
thetao,W20p0,6,12,0.03654875411427936,0.03654875411427936
thetao,W20p0,1,20,0.036477824417467795,0.036477824417467795
thetao,W40p0,9,15,-0.0364720978781069,0.0364720978781069
so,W10p0,7,7,-0.0364321143916372,0.0364321143916372
thetao,W30p0,10,12,0.036412816833871736,0.036412816833871736
thetao,W10p0,2,19,0.03620672881945075,0.03620672881945075
so,W20p0,9,11,-0.03616631480141275,0.03616631480141275
so,W40p0,1,3,0.03580528047819375,0.03580528047819375
thetao,W10p0,9,7,-0.03580280888873165,0.03580280888873165
so,W60p0,6,5,0.03567396888262205,0.03567396888262205
thetao,W30p0,3,11,0.03566207794237306,0.03566207794237306
thetao,W20p0,8,4,0.035245484633537175,0.035245484633537175
thetao,W60p0,9,8,0.03520395260649785,0.03520395260649785
so,W40p0,3,9,0.035030464482534295,0.035030464482534295
thetao,W10p0,8,0,0.035027620235467544,0.035027620235467544
so,W30p0,7,17,0.03492953281519844,0.03492953281519844
so,W20p0,6,13,0.03490035787358448,0.03490035787358448
thetao,W20p0,5,11,-0.03486023874272121,0.03486023874272121
so,W30p0,6,3,0.03451858057556622,0.03451858057556622
so,W60p0,10,20,-0.03444726928728648,0.03444726928728648
thetao,W60p0,2,16,0.034432224007127296,0.034432224007127296
so,W30p0,7,3,-0.03433079767959955,0.03433079767959955
thetao,W20p0,7,14,0.03429702447943285,0.03429702447943285
thetao,W20p0,5,5,-0.03423796445567413,0.03423796445567413
thetao,W60p0,2,17,0.03409461270981535,0.03409461270981535
thetao,W30p0,7,12,0.034015432152530084,0.034015432152530084
so,W60p0,8,5,-0.0339768419865077,0.0339768419865077
thetao,W20p0,9,15,0.03361695116311629,0.03361695116311629
thetao,W20p0,10,20,-0.03356032831995101,0.03356032831995101
thetao,W20p0,8,12,-0.033545847432541055,0.033545847432541055
so,W10p0,5,10,0.03346949159596706,0.03346949159596706
thetao,W30p0,3,12,-0.03344312366314721,0.03344312366314721
thetao,W60p0,9,15,-0.0334056973593927,0.0334056973593927
so,W60p0,7,13,0.03331133926408567,0.03331133926408567
so,W20p0,8,4,-0.03313246909168112,0.03313246909168112
thetao,W30p0,4,16,0.03304853344033163,0.03304853344033163
thetao,W20p0,8,6,-0.032891169353768006,0.032891169353768006
thetao,W20p0,6,13,0.0327977222776352,0.0327977222776352
so,W40p0,5,9,-0.03264958523175158,0.03264958523175158
thetao,W10p0,6,1,-0.032562182932869985,0.032562182932869985
so,W10p0,4,20,0.0324598567006255,0.0324598567006255
thetao,W60p0,9,6,-0.03232699824498463,0.03232699824498463
so,W40p0,1,18,-0.03225504304199769,0.03225504304199769
so,W30p0,8,12,-0.03213711986362583,0.03213711986362583
thetao,W60p0,9,7,-0.032054448165831806,0.032054448165831806
thetao,W30p0,3,15,-0.03201785980495795,0.03201785980495795
so,W60p0,6,18,-0.03199159920424371,0.03199159920424371
so,W20p0,7,18,0.03186600640028162,0.03186600640028162
thetao,W10p0,5,5,-0.03185878676455203,0.03185878676455203
so,W30p0,5,17,-0.03157973088213636,0.03157973088213636
so,W40p0,9,0,0.03152024085837216,0.03152024085837216
so,W60p0,8,12,0.0314635384890952,0.0314635384890952
thetao,W40p0,5,16,-0.031231443630215943,0.031231443630215943
thetao,W40p0,9,17,0.031208302629808875,0.031208302629808875
so,W40p0,7,14,0.031145212254708354,0.031145212254708354
thetao,W40p0,7,10,0.03093366995307836,0.03093366995307836
so,W30p0,10,14,-0.030906336201753395,0.030906336201753395
thetao,W40p0,5,4,0.03087120420719556,0.03087120420719556
so,W30p0,3,0,-0.030730305009667336,0.030730305009667336
thetao,W10p0,2,12,-0.03069316036020813,0.03069316036020813
so,W10p0,9,11,-0.03066113614133398,0.03066113614133398
thetao,W10p0,9,0,0.030626595768731897,0.030626595768731897
thetao,W20p0,7,10,0.030545436601204862,0.030545436601204862
so,W40p0,6,7,0.0304966938113038,0.0304966938113038
thetao,W20p0,9,7,-0.030452655667305734,0.030452655667305734
so,W20p0,7,10,0.030403337041685633,0.030403337041685633
thetao,W20p0,10,16,-0.03034349541627578,0.03034349541627578
thetao,W60p0,7,3,0.030253543662829077,0.030253543662829077
so,W60p0,7,4,0.030076966919299494,0.030076966919299494
so,W30p0,2,14,-0.030002414761586833,0.030002414761586833
so,W60p0,10,10,-0.029907880495980522,0.029907880495980522
thetao,W10p0,3,19,-0.02957927481877495,0.02957927481877495
thetao,W40p0,1,17,0.02954237632571422,0.02954237632571422
so,W20p0,4,5,-0.029383990145760593,0.029383990145760593
thetao,W20p0,7,11,-0.029226853774691412,0.029226853774691412
thetao,W40p0,6,8,0.02920230522935915,0.02920230522935915
thetao,W30p0,4,3,0.029153282445879922,0.029153282445879922
thetao,W30p0,3,4,-0.029132235830883924,0.029132235830883924
so,W30p0,10,20,0.02906768515854469,0.02906768515854469
thetao,W20p0,4,4,-0.029063493065836405,0.029063493065836405
thetao,W30p0,1,0,0.028983181811905772,0.028983181811905772
so,W20p0,4,17,-0.02896959099792193,0.02896959099792193
thetao,W10p0,4,4,0.02886471681583513,0.02886471681583513
so,W30p0,8,11,0.028630205929136423,0.028630205929136423
thetao,W10p0,6,2,-0.028600872358773833,0.028600872358773833
thetao,W40p0,3,2,0.02857365126826437,0.02857365126826437
so,W20p0,4,16,0.028485322805371305,0.028485322805371305
so,W60p0,6,1,-0.02845927879798599,0.02845927879798599
thetao,W10p0,2,5,0.02844812925186074,0.02844812925186074
thetao,W30p0,10,20,0.028326458087608242,0.028326458087608242
so,W10p0,2,7,0.02831847437689411,0.02831847437689411
thetao,W60p0,6,6,-0.02824207404638035,0.02824207404638035
thetao,W20p0,2,10,0.028231089116752043,0.028231089116752043
thetao,W30p0,2,9,-0.028165259896867294,0.028165259896867294
thetao,W10p0,6,5,0.02816447541070994,0.02816447541070994
thetao,W20p0,9,8,-0.028135229608530397,0.028135229608530397
so,W40p0,6,10,-0.02808583050682457,0.02808583050682457
thetao,W20p0,6,11,0.0277179953739277,0.0277179953739277
thetao,W10p0,10,12,-0.02756869776835814,0.02756869776835814
thetao,W30p0,1,16,-0.027542323554716808,0.027542323554716808
so,W10p0,7,8,0.0274348928942373,0.0274348928942373
so,W30p0,6,8,0.02740191563723338,0.02740191563723338
so,W30p0,10,13,0.027187717204858193,0.027187717204858193
thetao,W20p0,9,13,0.026998574031235317,0.026998574031235317
thetao,W40p0,3,19,-0.026959436622868403,0.026959436622868403
so,W40p0,9,15,-0.026909671434397996,0.026909671434397996
thetao,W10p0,1,17,-0.026002078668412518,0.026002078668412518
thetao,W10p0,7,6,-0.02578612454683283,0.02578612454683283
thetao,W20p0,2,5,-0.02566850813774319,0.02566850813774319
so,W30p0,7,20,0.025633284929452733,0.025633284929452733
so,W60p0,9,8,-0.02561028704876904,0.02561028704876904
thetao,W40p0,2,7,-0.02556320827967399,0.02556320827967399
so,W20p0,4,11,-0.025286396194770383,0.025286396194770383
so,W20p0,7,13,0.025019825250893347,0.025019825250893347
thetao,W20p0,6,10,0.02500896660207576,0.02500896660207576
thetao,W30p0,8,4,-0.02489451551336949,0.02489451551336949
so,W40p0,7,13,0.024834030478743607,0.024834030478743607
thetao,W20p0,9,0,0.024768084788935853,0.024768084788935853
thetao,W20p0,3,11,0.024723300738839875,0.024723300738839875
so,W40p0,10,4,0.024315980070337497,0.024315980070337497
so,W20p0,10,16,0.024250320309034786,0.024250320309034786
thetao,W40p0,1,18,0.024147411230228347,0.024147411230228347
so,W40p0,3,7,-0.024134224412750115,0.024134224412750115
so,W10p0,5,1,0.024132037421372335,0.024132037421372335
so,W30p0,7,4,-0.02408406874839946,0.02408406874839946
thetao,W40p0,2,18,-0.023587279860185568,0.023587279860185568
thetao,W30p0,6,19,0.023420600466836833,0.023420600466836833
so,W60p0,7,12,-0.023347169519183416,0.023347169519183416
thetao,W60p0,6,11,-0.02334040566438631,0.02334040566438631
thetao,W30p0,5,3,0.0231061790468616,0.0231061790468616
so,W60p0,9,7,0.023054191001564653,0.023054191001564653
so,W30p0,8,13,-0.02304575424381697,0.02304575424381697
so,W30p0,5,1,0.022982192923764414,0.022982192923764414
so,W60p0,8,0,0.022857911920082342,0.022857911920082342
thetao,W20p0,4,12,-0.022827301335583652,0.022827301335583652
so,W20p0,9,15,-0.022784829655895057,0.022784829655895057
so,W30p0,9,13,-0.0226400336793404,0.0226400336793404
thetao,W30p0,7,7,-0.022587333037413115,0.022587333037413115
so,W40p0,5,19,0.02251910878127732,0.02251910878127732
thetao,W60p0,6,17,-0.02249910944508824,0.02249910944508824
thetao,W40p0,10,17,0.022456578013233745,0.022456578013233745
thetao,W10p0,3,1,-0.022269215003057046,0.022269215003057046
thetao,W10p0,4,3,-0.021947116050890707,0.021947116050890707
thetao,W30p0,3,0,-0.021946454201837703,0.021946454201837703
thetao,W20p0,2,4,0.021762740531311574,0.021762740531311574
so,W30p0,7,6,0.02158802743084349,0.02158802743084349
thetao,W10p0,2,3,0.02139566537854937,0.02139566537854937
thetao,W20p0,2,12,0.021392462828655416,0.021392462828655416
so,W30p0,1,18,-0.021290995110904168,0.021290995110904168
so,W30p0,1,16,0.021282781147344856,0.021282781147344856
so,W40p0,3,8,0.02117626850573335,0.02117626850573335
so,W20p0,10,15,0.02106182566590473,0.02106182566590473
thetao,W60p0,2,15,-0.0208672591558589,0.0208672591558589
thetao,W60p0,6,14,-0.020805989764528937,0.020805989764528937
so,W20p0,8,8,0.020632507413546847,0.020632507413546847
so,W20p0,5,2,0.020397123860762305,0.020397123860762305
thetao,W20p0,5,1,-0.020389503795893098,0.020389503795893098
so,W20p0,4,6,-0.02038829538770229,0.02038829538770229
so,W20p0,8,15,0.020326209517115255,0.020326209517115255
thetao,W20p0,6,15,0.020213194858314458,0.020213194858314458
so,W10p0,2,19,-0.020184616407934734,0.020184616407934734
so,W60p0,2,19,0.020124385644196715,0.020124385644196715
thetao,W20p0,6,14,0.02008821117480717,0.02008821117480717
thetao,W40p0,4,16,0.02003086972519425,0.02003086972519425
so,W20p0,8,5,-0.02001469286161812,0.02001469286161812
so,W10p0,10,20,0.01983975831849895,0.01983975831849895
thetao,W30p0,4,4,0.01980176449212739,0.01980176449212739
thetao,W60p0,10,13,-0.019797913847387147,0.019797913847387147
thetao,W10p0,2,4,-0.019782178258064456,0.019782178258064456
thetao,W30p0,4,17,-0.019756073998990906,0.019756073998990906
thetao,W10p0,9,15,0.019458966066537926,0.019458966066537926
so,W40p0,9,17,0.01938442666601805,0.01938442666601805
so,W20p0,7,16,0.019333675298103526,0.019333675298103526
so,W40p0,1,7,0.01924177740544399,0.01924177740544399
so,W20p0,6,14,-0.01923568126086915,0.01923568126086915
so,W10p0,9,13,0.019102232144250254,0.019102232144250254
so,W10p0,5,9,-0.019085721944113378,0.019085721944113378
so,W30p0,6,4,-0.019045813236688844,0.019045813236688844
so,W30p0,8,20,0.018924304133664242,0.018924304133664242
so,W20p0,4,18,0.018915777455227892,0.018915777455227892
so,W30p0,9,11,-0.01891218488435729,0.01891218488435729
thetao,W30p0,3,13,0.01867609850396436,0.01867609850396436
thetao,W60p0,3,11,0.01856738801432162,0.01856738801432162
so,W30p0,6,18,-0.018486646909104742,0.018486646909104742
thetao,W20p0,7,2,0.018456843840985955,0.018456843840985955
thetao,W30p0,1,17,0.01843492429083425,0.01843492429083425
thetao,W10p0,6,15,0.018331204185024527,0.018331204185024527
thetao,W60p0,2,4,0.018143482126598057,0.018143482126598057
thetao,W20p0,10,15,0.01799146708325855,0.01799146708325855
so,W20p0,7,15,0.017946926972453894,0.017946926972453894
so,W10p0,10,14,-0.01765059334601668,0.01765059334601668
thetao,W30p0,6,9,0.017604243016515923,0.017604243016515923
so,W40p0,1,6,-0.01726123866607175,0.01726123866607175
so,W40p0,1,16,0.017246940772291178,0.017246940772291178
thetao,W10p0,7,9,-0.01712495378083461,0.01712495378083461
so,W20p0,4,1,0.01710830429495316,0.01710830429495316
thetao,W10p0,5,4,-0.01705900641271112,0.01705900641271112
thetao,W20p0,9,14,-0.017055804153224174,0.017055804153224174
so,W40p0,9,18,-0.016959249123368512,0.016959249123368512
thetao,W30p0,7,3,-0.01692507779712709,0.01692507779712709
so,W40p0,9,8,-0.016919294022896256,0.016919294022896256
so,W20p0,8,6,-0.016899514094945674,0.016899514094945674
thetao,W40p0,4,2,-0.01676269266483211,0.01676269266483211
so,W40p0,8,3,0.01667702517981362,0.01667702517981362
so,W10p0,7,18,0.016613477834178752,0.016613477834178752
so,W40p0,7,11,0.01656666594122123,0.01656666594122123
so,W60p0,9,5,-0.016553758142845727,0.016553758142845727
thetao,W40p0,1,19,0.016507741180777417,0.016507741180777417
thetao,W40p0,3,0,-0.016492075812656114,0.016492075812656114
thetao,W10p0,5,6,-0.016435402512846885,0.016435402512846885
so,W20p0,6,6,0.016343323829362863,0.016343323829362863
so,W20p0,8,10,0.01626574030511129,0.01626574030511129
so,W10p0,9,12,0.016099875985640916,0.016099875985640916
so,W60p0,5,13,-0.015711950992174463,0.015711950992174463
thetao,W10p0,4,15,0.015688509845484797,0.015688509845484797
thetao,W20p0,8,5,0.015521335077693684,0.015521335077693684
thetao,W20p0,10,12,0.015515623507693019,0.015515623507693019
so,W30p0,10,1,-0.015502651881273748,0.015502651881273748
thetao,W20p0,10,11,-0.015440693832463883,0.015440693832463883
thetao,W30p0,9,8,-0.01543520778242441,0.01543520778242441
thetao,W30p0,1,18,-0.01543009751460776,0.01543009751460776
thetao,W30p0,3,16,-0.015228921663487412,0.015228921663487412
thetao,W30p0,5,15,0.015072623945317824,0.015072623945317824
so,W10p0,3,17,0.01502600241927334,0.01502600241927334
thetao,W40p0,3,18,0.014869693248893047,0.014869693248893047
thetao,W40p0,10,11,0.014792937497245405,0.014792937497245405
thetao,W60p0,8,9,0.014767006611954066,0.014767006611954066
thetao,W40p0,2,20,-0.014730639929548161,0.014730639929548161
thetao,W10p0,5,17,-0.01463667158985127,0.01463667158985127
thetao,W60p0,5,1,0.014617168280209704,0.014617168280209704
so,W40p0,5,18,-0.014591739164942948,0.014591739164942948
so,W40p0,10,11,-0.01435986639421848,0.01435986639421848
thetao,W10p0,9,5,0.014235257544014333,0.014235257544014333
thetao,W20p0,2,11,-0.014121517618818755,0.014121517618818755
thetao,W40p0,7,6,-0.013971624049108412,0.013971624049108412
thetao,W20p0,4,14,0.013947477104332348,0.013947477104332348
so,W10p0,9,16,0.01383230025369456,0.01383230025369456
thetao,W20p0,8,9,-0.013766181578731823,0.013766181578731823
thetao,W30p0,7,11,-0.013717675567719086,0.013717675567719086
so,W10p0,5,11,-0.013704944942133417,0.013704944942133417
so,W40p0,7,5,-0.013416288642243935,0.013416288642243935
thetao,W60p0,10,10,-0.013224976240450742,0.013224976240450742
so,W60p0,3,20,0.013061698839329193,0.013061698839329193
so,W30p0,1,19,0.013031260657235994,0.013031260657235994
thetao,W20p0,4,6,-0.013017561507372764,0.013017561507372764
so,W20p0,10,9,0.012877546842592374,0.012877546842592374
thetao,W20p0,9,1,0.012865128642690906,0.012865128642690906
thetao,W60p0,6,16,-0.012855286204762215,0.012855286204762215
so,W20p0,7,9,-0.012708109535104933,0.012708109535104933
thetao,W40p0,8,7,0.012457238907581046,0.012457238907581046
so,W20p0,5,1,-0.012447836333373633,0.012447836333373633
thetao,W30p0,10,6,-0.012379333906488989,0.012379333906488989
thetao,W20p0,6,16,0.012283675935798502,0.012283675935798502
so,W40p0,6,6,-0.01224918194431076,0.01224918194431076
so,W30p0,9,10,0.012225154099097356,0.012225154099097356
thetao,W10p0,5,3,0.0122177461382552,0.0122177461382552
thetao,W40p0,2,0,-0.012047969117002523,0.012047969117002523
thetao,W30p0,3,10,0.012036774820709308,0.012036774820709308
thetao,W20p0,8,13,0.01189953229868274,0.01189953229868274
so,W40p0,4,1,-0.011802157204698785,0.011802157204698785
thetao,W10p0,8,1,-0.011762932040094164,0.011762932040094164
so,W40p0,3,0,0.01173794656515644,0.01173794656515644
thetao,W10p0,7,10,0.01172296747541242,0.01172296747541242
so,W40p0,6,18,0.011713457191900617,0.011713457191900617
so,W60p0,8,19,-0.011684870955401034,0.011684870955401034
thetao,W60p0,4,16,-0.011521264871525279,0.011521264871525279
thetao,W10p0,5,20,-0.011490329867427434,0.011490329867427434
thetao,W20p0,3,17,0.01146461555056946,0.01146461555056946
so,W20p0,7,17,0.011368977251465422,0.011368977251465422
thetao,W20p0,2,6,0.01124480425914939,0.01124480425914939
thetao,W60p0,6,12,-0.011229757359238004,0.011229757359238004
so,W20p0,10,8,0.011197957959223175,0.011197957959223175
thetao,W10p0,9,19,-0.010901969765956757,0.010901969765956757
so,W60p0,4,11,0.01083691220582423,0.01083691220582423
so,W30p0,5,18,0.01055050282296306,0.01055050282296306
so,W60p0,2,3,-0.010473668768427695,0.010473668768427695
thetao,W40p0,2,3,-0.010338381091580416,0.010338381091580416
so,W40p0,10,17,0.010244152789169783,0.010244152789169783
thetao,W20p0,4,1,-0.010242431598677038,0.010242431598677038
so,W60p0,2,20,-0.010241136925748661,0.010241136925748661
thetao,W10p0,7,17,0.010189830274295956,0.010189830274295956
thetao,W60p0,9,5,-0.01005683214080448,0.01005683214080448
thetao,W30p0,10,1,-0.009869179983993505,0.009869179983993505
so,W60p0,7,14,0.00972800537312267,0.00972800537312267
thetao,W30p0,8,5,-0.009662393805664393,0.009662393805664393
so,W10p0,7,19,0.009430661929063439,0.009430661929063439
so,W30p0,1,17,-0.00939679193438738,0.00939679193438738
so,W40p0,2,10,0.00933836774794522,0.00933836774794522
thetao,W10p0,7,5,0.009067780164391108,0.009067780164391108
thetao,W40p0,3,12,-0.008895970891629175,0.008895970891629175
so,W30p0,4,2,0.008787960872270222,0.008787960872270222
thetao,W40p0,5,11,0.008767810359840393,0.008767810359840393
so,W20p0,10,7,-0.008626078274457289,0.008626078274457289
so,W30p0,7,5,-0.008472810873568092,0.008472810873568092
thetao,W40p0,10,16,-0.00835645446017637,0.00835645446017637
thetao,W30p0,7,5,0.008292979008894422,0.008292979008894422
thetao,W10p0,5,7,0.008055689388780072,0.008055689388780072
so,W20p0,6,9,-0.008054394935461054,0.008054394935461054
thetao,W20p0,4,5,-0.008035470235150253,0.008035470235150253
so,W60p0,4,19,-0.00790485754360671,0.00790485754360671
thetao,W20p0,9,19,0.007794768567667802,0.007794768567667802
so,W60p0,2,10,0.007696394203459724,0.007696394203459724
thetao,W60p0,7,5,-0.007667930095196964,0.007667930095196964
so,W10p0,9,15,0.007399145985777902,0.007399145985777902
so,W10p0,8,10,-0.007323549215562567,0.007323549215562567
thetao,W20p0,3,16,0.006929328782864474,0.006929328782864474
so,W60p0,5,6,-0.0068788307311046645,0.0068788307311046645
thetao,W60p0,4,15,-0.0068404093755605865,0.0068404093755605865
thetao,W30p0,7,6,0.0067979774826580856,0.0067979774826580856
so,W10p0,3,7,0.006796423914851675,0.006796423914851675
thetao,W30p0,8,0,-0.006745857823171952,0.006745857823171952
thetao,W60p0,4,17,0.0066754788667609454,0.0066754788667609454
so,W40p0,1,19,-0.006576624564260562,0.006576624564260562
thetao,W10p0,7,8,0.00649434262699525,0.00649434262699525
thetao,W20p0,6,20,-0.006278470979312835,0.006278470979312835
so,W30p0,2,2,0.006220718960684882,0.006220718960684882
thetao,W10p0,5,18,-0.006188932016716505,0.006188932016716505
so,W10p0,5,13,-0.006063415669418752,0.006063415669418752
thetao,W10p0,7,7,0.005970713573139735,0.005970713573139735
so,W40p0,2,20,0.0059270676339930484,0.0059270676339930484
so,W20p0,4,12,0.0058928140681621406,0.0058928140681621406
thetao,W10p0,3,18,0.0057995408573933704,0.0057995408573933704
thetao,W20p0,9,10,-0.005610110945980054,0.005610110945980054
so,W60p0,4,9,0.005441937121033128,0.005441937121033128
so,W30p0,6,11,0.005327961120860797,0.005327961120860797
so,W60p0,10,17,0.005152353729143088,0.005152353729143088
thetao,W40p0,9,16,0.005040747094004597,0.005040747094004597
thetao,W30p0,6,10,-0.005014803384902922,0.005014803384902922
thetao,W20p0,4,2,0.004864312373903144,0.004864312373903144
so,W60p0,6,17,0.004836477847067709,0.004836477847067709
thetao,W20p0,4,17,-0.004747948212356184,0.004747948212356184
so,W40p0,3,6,-0.004644529203980294,0.004644529203980294
so,W30p0,10,4,-0.004546017384499312,0.004546017384499312
so,W20p0,4,2,-0.004355731704264448,0.004355731704264448
thetao,W60p0,2,12,-0.004145563560385516,0.004145563560385516
thetao,W20p0,5,16,-0.004127174984807771,0.004127174984807771
so,W40p0,5,5,0.004090751702213042,0.004090751702213042
thetao,W20p0,3,18,-0.0038185428896827995,0.0038185428896827995
thetao,W60p0,5,2,0.0037544222166489617,0.0037544222166489617
thetao,W30p0,7,1,-0.0035440870259330634,0.0035440870259330634
thetao,W60p0,1,14,-0.0032216846455412344,0.0032216846455412344
thetao,W10p0,1,16,-0.00295480900747252,0.00295480900747252
thetao,W20p0,9,20,-0.0026261587154088454,0.0026261587154088454
so,W20p0,1,0,-0.0025490827897661286,0.0025490827897661286
so,W20p0,7,14,0.0023964902921961664,0.0023964902921961664
thetao,W10p0,7,11,-0.002282644976302371,0.002282644976302371
thetao,W10p0,6,4,0.002139743836696976,0.002139743836696976
so,W20p0,9,12,0.0021298840890208374,0.0021298840890208374
thetao,W20p0,6,9,-0.002095458754711644,0.002095458754711644
thetao,W20p0,3,19,0.001991860858604466,0.001991860858604466
so,W30p0,4,3,-0.0019862321418491623,0.0019862321418491623
so,W20p0,1,2,0.00193030181060725,0.00193030181060725
so,W30p0,3,6,0.0018531225126645024,0.0018531225126645024
thetao,W20p0,9,16,0.001721618581928389,0.001721618581928389
so,W20p0,5,3,-0.0016611517669283845,0.0016611517669283845
so,W10p0,2,6,0.0016297750508429667,0.0016297750508429667
so,W10p0,5,0,0.001550099368539378,0.001550099368539378
so,W10p0,4,7,0.0015458676860770322,0.0015458676860770322
so,W40p0,5,6,-0.001251843521399508,0.001251843521399508
so,W10p0,4,16,-0.0012357494792826205,0.0012357494792826205
so,W10p0,2,8,-0.0011597766957794403,0.0011597766957794403
thetao,W30p0,4,5,0.0010371879757701222,0.0010371879757701222
thetao,W40p0,3,1,-0.0007588271589083896,0.0007588271589083896
so,W60p0,9,4,0.0006890858839247024,0.0006890858839247024
thetao,W30p0,2,1,-0.0006038423177869384,0.0006038423177869384
so,W30p0,3,13,0.0005645291150463798,0.0005645291150463798
thetao,W60p0,6,0,0.0005326578818891783,0.0005326578818891783
so,W30p0,5,11,0.00037997715499262663,0.00037997715499262663
so,W30p0,6,17,-0.0003764106253357837,0.0003764106253357837
thetao,W30p0,7,0,0.00033012749482052656,0.00033012749482052656
thetao,W10p0,7,12,0.00021088641239945568,0.00021088641239945568
so,W20p0,5,16,0.00016984817099794373,0.00016984817099794373
so,W30p0,5,19,-0.00016717265767560806,0.00016717265767560806
