var,lon_tag,mode,lag,corr,abs_corr
so,W10p0,3,12,-0.5589212198134221,0.5589212198134221
so,W10p0,3,11,-0.5512357527804786,0.5512357527804786
so,W60p0,10,19,0.5397290683062629,0.5397290683062629
thetao,W10p0,2,13,-0.5338926788944209,0.5338926788944209
thetao,W60p0,2,12,0.5324078599751414,0.5324078599751414
thetao,W10p0,2,12,-0.5256543232158057,0.5256543232158057
thetao,W60p0,2,11,0.5243291221234714,0.5243291221234714
thetao,W60p0,2,9,0.5235056769168034,0.5235056769168034
so,W60p0,10,20,0.5205334008338133,0.5205334008338133
so,W60p0,2,17,0.519108973829998,0.519108973829998
so,W10p0,3,13,-0.517877202179844,0.517877202179844
thetao,W60p0,2,8,0.5172668084080687,0.5172668084080687
so,W60p0,10,18,0.5162481854467336,0.5162481854467336
thetao,W60p0,2,13,0.5111227662585743,0.5111227662585743
thetao,W60p0,2,10,0.5068600318401065,0.5068600318401065
thetao,W60p0,2,14,0.5055178932658786,0.5055178932658786
thetao,W60p0,2,7,0.5040015817316066,0.5040015817316066
thetao,W10p0,2,11,-0.5019117128786439,0.5019117128786439
so,W10p0,3,10,-0.49325205164383185,0.49325205164383185
thetao,W40p0,4,11,0.49096003353998036,0.49096003353998036
thetao,W20p0,5,5,0.49021010290492023,0.49021010290492023
thetao,W30p0,5,7,-0.4850127444941005,0.4850127444941005
thetao,W10p0,2,7,-0.47908109319225234,0.47908109319225234
thetao,W60p0,2,15,0.4780985269979845,0.4780985269979845
so,W60p0,2,16,0.47739990022629986,0.47739990022629986
thetao,W30p0,5,1,-0.47337596141988425,0.47337596141988425
so,W10p0,3,17,-0.47200450589481996,0.47200450589481996
thetao,W40p0,4,17,0.4701371973895199,0.4701371973895199
so,W30p0,2,12,0.46591238522863826,0.46591238522863826
thetao,W10p0,2,10,-0.4650893509488441,0.4650893509488441
thetao,W60p0,2,1,0.4638512836170464,0.4638512836170464
thetao,W10p0,2,14,-0.4630593488611443,0.4630593488611443
thetao,W10p0,2,8,-0.4623472041647556,0.4623472041647556
thetao,W60p0,2,6,0.45833683001665665,0.45833683001665665
thetao,W40p0,4,10,0.45814277987811425,0.45814277987811425
so,W10p0,3,14,-0.4578286117153489,0.4578286117153489
thetao,W40p0,4,16,0.4570974863920689,0.4570974863920689
thetao,W60p0,5,3,-0.4569468859720115,0.4569468859720115
so,W60p0,10,17,0.4568731612115395,0.4568731612115395
thetao,W20p0,5,4,0.4551918355458328,0.4551918355458328
thetao,W30p0,5,0,-0.45476789559332054,0.45476789559332054
thetao,W40p0,4,4,0.45423409259071934,0.45423409259071934
thetao,W30p0,5,6,-0.45406593380219035,0.45406593380219035
so,W10p0,3,16,-0.4537878387610068,0.4537878387610068
thetao,W10p0,2,9,-0.4536082293996385,0.4536082293996385
thetao,W10p0,2,6,-0.45222184702036455,0.45222184702036455
thetao,W60p0,3,17,0.4512216174528791,0.4512216174528791
thetao,W30p0,5,8,-0.4482389666225162,0.4482389666225162
so,W10p0,1,1,-0.44724082158950207,0.44724082158950207
thetao,W10p0,2,2,-0.4471771406768067,0.4471771406768067
so,W30p0,4,11,-0.4461612862638131,0.4461612862638131
so,W10p0,3,9,-0.44463849994030025,0.44463849994030025
thetao,W40p0,4,12,0.44458551517819295,0.44458551517819295
so,W40p0,4,16,-0.44435612584959727,0.44435612584959727
so,W10p0,3,18,-0.44342886778684487,0.44342886778684487
thetao,W10p0,2,1,-0.44199269441212174,0.44199269441212174
thetao,W40p0,4,5,0.4404175248888108,0.4404175248888108
so,W40p0,6,20,0.4401396841645042,0.4401396841645042
so,W60p0,4,20,0.4397794101017231,0.4397794101017231
thetao,W60p0,2,2,0.4394077000809694,0.4394077000809694
thetao,W10p0,2,5,-0.439214677733567,0.439214677733567
so,W60p0,2,18,0.43822360133692617,0.43822360133692617
thetao,W60p0,2,16,0.4377177912572823,0.4377177912572823
so,W60p0,2,15,0.43686993659876355,0.43686993659876355
so,W10p0,1,2,-0.435732343980048,0.435732343980048
thetao,W20p0,5,6,0.43273222146118767,0.43273222146118767
so,W20p0,2,7,-0.43174876204828155,0.43174876204828155
so,W30p0,3,16,0.431236360808065,0.431236360808065
so,W40p0,4,17,-0.43037454148875054,0.43037454148875054
so,W30p0,3,20,0.43010155603322014,0.43010155603322014
thetao,W30p0,5,5,-0.429617504108134,0.429617504108134
so,W30p0,4,12,-0.42954711729847395,0.42954711729847395
thetao,W60p0,5,4,-0.42883015657510143,0.42883015657510143
so,W10p0,3,15,-0.42813437382537006,0.42813437382537006
so,W60p0,5,0,0.4276326787960039,0.4276326787960039
thetao,W60p0,2,0,0.42707289427884904,0.42707289427884904
thetao,W30p0,5,2,-0.42652829026129935,0.42652829026129935
so,W30p0,4,13,-0.42589875146517764,0.42589875146517764
so,W60p0,2,12,0.42553736366223094,0.42553736366223094
so,W30p0,2,13,0.4232315862199805,0.4232315862199805
thetao,W10p0,2,3,-0.42309920040027615,0.42309920040027615
thetao,W20p0,5,3,0.4204720449295677,0.4204720449295677
so,W30p0,2,11,0.4197950949627188,0.4197950949627188
so,W10p0,1,0,-0.4188491841704748,0.4188491841704748
so,W60p0,10,16,0.4161516760108874,0.4161516760108874
so,W60p0,2,11,0.41606477053664565,0.41606477053664565
thetao,W20p0,5,0,0.4156628069297427,0.4156628069297427
thetao,W60p0,5,2,-0.41459435372806525,0.41459435372806525
so,W60p0,5,1,0.41453421469940416,0.41453421469940416
so,W30p0,4,10,-0.4141638418860291,0.4141638418860291
so,W60p0,5,2,0.4139462123099383,0.4139462123099383
so,W30p0,3,17,0.41353088348947814,0.41353088348947814
thetao,W10p0,2,4,-0.4129772113267883,0.4129772113267883
thetao,W60p0,3,18,0.411400220364182,0.411400220364182
thetao,W30p0,5,10,-0.41113416310627643,0.41113416310627643
so,W20p0,2,8,-0.4093042071489403,0.4093042071489403
so,W60p0,10,12,0.40927316027359517,0.40927316027359517
so,W30p0,3,19,0.40819519606294435,0.40819519606294435
thetao,W20p0,5,1,0.407818478126183,0.407818478126183
so,W10p0,3,8,-0.40764183788717573,0.40764183788717573
thetao,W20p0,5,2,0.4071506301774666,0.4071506301774666
thetao,W30p0,5,11,-0.4061180582741392,0.4061180582741392
so,W60p0,10,11,0.4059241390098263,0.4059241390098263
thetao,W30p0,5,9,-0.4054645844106277,0.4054645844106277
thetao,W10p0,2,15,-0.4043122911785195,0.4043122911785195
thetao,W60p0,2,18,0.40380057760155413,0.40380057760155413
so,W10p0,1,4,-0.40343240480130227,0.40343240480130227
so,W10p0,1,3,-0.40337460587999724,0.40337460587999724
so,W40p0,4,15,-0.4022662101592852,0.4022662101592852
so,W30p0,3,15,0.401564355805606,0.401564355805606
thetao,W40p0,4,9,0.40134526588023445,0.40134526588023445
thetao,W60p0,2,19,0.40021057811583494,0.40021057811583494
so,W60p0,2,14,0.39986220702274095,0.39986220702274095
thetao,W40p0,4,3,0.39909734462947244,0.39909734462947244
thetao,W10p0,2,0,-0.399076322399795,0.399076322399795
thetao,W40p0,2,2,-0.398667479709936,0.398667479709936
thetao,W10p0,4,17,0.39761444020476683,0.39761444020476683
so,W60p0,2,9,0.39696565240882364,0.39696565240882364
thetao,W40p0,2,3,-0.3960924577134235,0.3960924577134235
thetao,W60p0,2,17,0.3957335062089075,0.3957335062089075
so,W10p0,3,19,-0.3957155917695659,0.3957155917695659
so,W60p0,5,3,0.3956501247766217,0.3956501247766217
so,W40p0,5,1,-0.3954602713070434,0.3954602713070434
so,W10p0,3,7,-0.39349823983988674,0.39349823983988674
thetao,W40p0,4,15,0.3929897064958983,0.3929897064958983
so,W30p0,2,14,0.3926190066660253,0.3926190066660253
thetao,W60p0,2,5,0.39241124526337273,0.39241124526337273
so,W20p0,4,17,-0.3919633793584319,0.3919633793584319
thetao,W40p0,2,4,-0.39049916351779357,0.39049916351779357
thetao,W60p0,3,16,0.39031564206893443,0.39031564206893443
so,W30p0,3,18,0.3893309931965367,0.3893309931965367
so,W10p0,1,5,-0.3892386128635185,0.3892386128635185
thetao,W30p0,5,13,-0.38923274076229814,0.38923274076229814
thetao,W30p0,5,3,-0.3875097899899221,0.3875097899899221
so,W40p0,5,2,-0.3855155725994851,0.3855155725994851
thetao,W60p0,2,3,0.3844949258625538,0.3844949258625538
so,W30p0,2,8,0.3841847736011629,0.3841847736011629
thetao,W40p0,5,9,-0.383983192109865,0.383983192109865
thetao,W40p0,4,18,0.3839436283356588,0.3839436283356588
thetao,W30p0,1,15,0.3833295772608436,0.3833295772608436
thetao,W60p0,5,10,-0.38256699231848074,0.38256699231848074
so,W40p0,6,8,0.38223739118985944,0.38223739118985944
so,W30p0,4,14,-0.3821408113005119,0.3821408113005119
thetao,W60p0,5,11,-0.38155393628596046,0.38155393628596046
thetao,W30p0,5,14,-0.38064269640413695,0.38064269640413695
so,W60p0,10,13,0.38005085397305843,0.38005085397305843
so,W60p0,10,15,0.3799634105594144,0.3799634105594144
so,W30p0,2,9,0.3794513639292659,0.3794513639292659
so,W60p0,10,14,0.3793222628077191,0.3793222628077191
thetao,W20p0,5,7,0.3788851045559823,0.3788851045559823
thetao,W40p0,4,13,0.3785837641885248,0.3785837641885248
thetao,W30p0,5,4,-0.3780286069728157,0.3780286069728157
so,W40p0,9,20,-0.3773436567824431,0.3773436567824431
so,W30p0,3,9,0.37721639633125925,0.37721639633125925
so,W30p0,2,10,0.37665314557791346,0.37665314557791346
thetao,W60p0,2,20,0.37660848296973315,0.37660848296973315
so,W60p0,10,10,0.3765761337491771,0.3765761337491771
so,W40p0,6,9,0.3759688585504327,0.3759688585504327
thetao,W60p0,5,1,-0.37587531079972936,0.37587531079972936
so,W10p0,1,6,-0.37529797794264386,0.37529797794264386
so,W30p0,2,7,0.3750192559557908,0.3750192559557908
thetao,W30p0,4,5,0.3740301639789599,0.3740301639789599
thetao,W60p0,8,19,0.37401602143553575,0.37401602143553575
thetao,W30p0,1,14,0.37367256368488794,0.37367256368488794
thetao,W60p0,5,0,-0.37335859818109995,0.37335859818109995
so,W60p0,2,13,0.37173666265025934,0.37173666265025934
so,W30p0,4,9,-0.37154938977397617,0.37154938977397617
thetao,W30p0,2,1,-0.37045938758112884,0.37045938758112884
so,W10p0,3,6,-0.3693298407125333,0.3693298407125333
so,W20p0,2,12,-0.36924831604155256,0.36924831604155256
so,W40p0,6,19,0.36875382926756617,0.36875382926756617
thetao,W60p0,5,9,-0.36872319126226927,0.36872319126226927
so,W10p0,1,7,-0.3681636619768023,0.3681636619768023
thetao,W30p0,2,2,-0.36806833624326957,0.36806833624326957
thetao,W40p0,4,14,0.36654945728639365,0.36654945728639365
so,W20p0,2,9,-0.3648085221223596,0.3648085221223596
so,W40p0,4,9,-0.3647340331168401,0.3647340331168401
thetao,W30p0,1,16,0.3634490115565712,0.3634490115565712
so,W20p0,4,16,-0.36277631249351683,0.36277631249351683
thetao,W40p0,3,14,0.36198071673387405,0.36198071673387405
thetao,W40p0,2,5,-0.3614072886551618,0.3614072886551618
so,W60p0,2,10,0.3612542230391318,0.3612542230391318
thetao,W40p0,5,8,-0.3611753263885499,0.3611753263885499
thetao,W60p0,5,5,-0.3611148178319636,0.3611148178319636
thetao,W40p0,4,6,0.36062645715110414,0.36062645715110414
thetao,W30p0,2,0,-0.3603223147017767,0.3603223147017767
so,W40p0,9,16,-0.3598949527501488,0.3598949527501488
so,W20p0,2,6,-0.3597861596067894,0.3597861596067894
so,W60p0,10,9,0.35846705989573513,0.35846705989573513
so,W30p0,2,6,0.35807768321200606,0.35807768321200606
thetao,W30p0,4,4,0.3580400323883624,0.3580400323883624
thetao,W30p0,1,13,0.3579755543090508,0.3579755543090508
so,W60p0,4,19,0.35774712317908786,0.35774712317908786
thetao,W30p0,1,11,0.3575616818782553,0.3575616818782553
thetao,W30p0,4,17,0.35752617154761634,0.35752617154761634
thetao,W40p0,2,10,-0.35700957556575796,0.35700957556575796
so,W30p0,4,5,-0.35696747584882454,0.35696747584882454
thetao,W40p0,2,1,-0.3564694667139282,0.3564694667139282
thetao,W40p0,8,20,0.35646111108468015,0.35646111108468015
so,W30p0,4,4,-0.3562853815860253,0.3562853815860253
thetao,W20p0,4,17,0.35617168955267225,0.35617168955267225
thetao,W20p0,5,8,0.35527786807481504,0.35527786807481504
so,W10p0,3,20,-0.35467899215077253,0.35467899215077253
so,W30p0,4,17,-0.35437416432128616,0.35437416432128616
thetao,W30p0,1,12,0.35414108704513036,0.35414108704513036
so,W60p0,3,7,-0.35298190855349454,0.35298190855349454
so,W60p0,5,4,0.3527189395596419,0.3527189395596419
thetao,W10p0,2,16,-0.35269216601548803,0.35269216601548803
so,W30p0,3,8,0.3522054081982824,0.3522054081982824
so,W20p0,2,11,-0.3521336212180563,0.3521336212180563
thetao,W60p0,5,8,-0.35198331997447313,0.35198331997447313
thetao,W20p0,1,7,0.3515094227990888,0.3515094227990888
thetao,W40p0,5,15,-0.3514075844249938,0.3514075844249938
thetao,W40p0,3,13,0.35094621264957565,0.35094621264957565
so,W40p0,5,7,-0.3507923629909647,0.3507923629909647
thetao,W30p0,5,12,-0.35050615508352245,0.35050615508352245
thetao,W30p0,1,10,0.34942952682872924,0.34942952682872924
thetao,W60p0,2,4,0.34932287974162635,0.34932287974162635
thetao,W10p0,7,15,0.34860678760153085,0.34860678760153085
so,W40p0,2,5,-0.34785626957695875,0.34785626957695875
so,W10p0,1,8,-0.3476737775093241,0.3476737775093241
so,W30p0,3,14,0.34685384342116937,0.34685384342116937
so,W30p0,2,15,0.34622947391101255,0.34622947391101255
thetao,W20p0,3,14,-0.3453652789987463,0.3453652789987463
so,W40p0,6,10,0.34479561720340984,0.34479561720340984
so,W40p0,5,13,-0.3444181809411445,0.3444181809411445
so,W40p0,9,15,-0.3436017310637258,0.3436017310637258
so,W20p0,4,18,-0.3416363874000249,0.3416363874000249
thetao,W30p0,1,9,0.34162032504379203,0.34162032504379203
so,W40p0,4,14,-0.3402345043689739,0.3402345043689739
so,W60p0,2,20,0.3398169408662318,0.3398169408662318
so,W20p0,2,13,-0.33933103264411035,0.33933103264411035
thetao,W40p0,4,2,0.3378742180551087,0.3378742180551087
so,W60p0,9,18,-0.3374318554488472,0.3374318554488472
so,W40p0,5,12,-0.3373956935449121,0.3373956935449121
so,W30p0,3,10,0.33694236040481795,0.33694236040481795
thetao,W20p0,3,13,-0.33665153952788424,0.33665153952788424
so,W40p0,5,11,-0.33639086131563645,0.33639086131563645
so,W30p0,2,1,0.3357460808954088,0.3357460808954088
thetao,W40p0,2,0,-0.3355900663682033,0.3355900663682033
so,W10p0,3,5,-0.3354381129726347,0.3354381129726347
thetao,W30p0,4,11,0.33543237031806145,0.33543237031806145
so,W40p0,4,20,-0.33494213049758315,0.33494213049758315
so,W30p0,4,3,-0.33471702449027296,0.33471702449027296
so,W60p0,3,1,-0.33402669160441484,0.33402669160441484
thetao,W40p0,6,20,0.3340247901667489,0.3340247901667489
so,W30p0,4,8,-0.3328685569349053,0.3328685569349053
so,W20p0,4,15,-0.3317938597142581,0.3317938597142581
thetao,W60p0,3,20,0.331582003519875,0.331582003519875
so,W60p0,4,13,0.3315808032113484,0.3315808032113484
so,W30p0,4,0,-0.33105741831840296,0.33105741831840296
so,W60p0,4,14,0.3309287490386015,0.3309287490386015
thetao,W10p0,2,17,-0.33064382305729634,0.33064382305729634
thetao,W20p0,5,12,0.33020059805983276,0.33020059805983276
thetao,W30p0,4,16,0.3299717381844506,0.3299717381844506
so,W10p0,1,12,-0.32967400688623266,0.32967400688623266
so,W40p0,6,18,0.32949532295132883,0.32949532295132883
thetao,W20p0,1,8,0.32926749730733446,0.32926749730733446
so,W30p0,2,4,0.3291340891907584,0.3291340891907584
so,W40p0,5,10,-0.32897616659756934,0.32897616659756934
thetao,W40p0,3,9,0.32828095356903736,0.32828095356903736
thetao,W20p0,1,9,0.328063785011379,0.328063785011379
so,W30p0,4,1,-0.3279589679607689,0.3279589679607689
so,W10p0,1,9,-0.32779003782970706,0.32779003782970706
thetao,W40p0,2,6,-0.327260476231583,0.327260476231583
thetao,W40p0,3,8,0.3272146263471423,0.3272146263471423
so,W40p0,9,17,-0.32706375670714266,0.32706375670714266
so,W20p0,4,20,-0.32691553134269496,0.32691553134269496
so,W30p0,2,5,0.3268958670782124,0.3268958670782124
so,W40p0,5,9,-0.3268062201482618,0.3268062201482618
so,W30p0,3,13,0.32641663428757517,0.32641663428757517
so,W30p0,4,15,-0.32619399369804253,0.32619399369804253
so,W20p0,2,14,-0.326138236351313,0.326138236351313
so,W30p0,4,16,-0.32576070192094375,0.32576070192094375
so,W10p0,1,11,-0.3257118839042628,0.3257118839042628
so,W20p0,2,10,-0.32558074889145605,0.32558074889145605
so,W30p0,2,2,0.3255173364297611,0.3255173364297611
thetao,W10p0,4,18,0.3246850192309265,0.3246850192309265
thetao,W40p0,2,9,-0.32414820207174877,0.32414820207174877
thetao,W60p0,8,20,0.32406167207794667,0.32406167207794667
thetao,W40p0,3,2,0.32378893838151845,0.32378893838151845
so,W40p0,2,4,-0.32295218245171253,0.32295218245171253
thetao,W60p0,9,16,-0.3222263950037958,0.3222263950037958
so,W10p0,1,15,-0.32219778560770534,0.32219778560770534
thetao,W40p0,4,8,0.32202886833042876,0.32202886833042876
thetao,W10p0,4,20,0.32199798150466113,0.32199798150466113
so,W10p0,1,19,-0.3217613413679646,0.3217613413679646
so,W30p0,4,2,-0.3212463146504652,0.3212463146504652
so,W40p0,5,6,-0.3208785827119127,0.3208785827119127
thetao,W20p0,7,16,0.32007504887494453,0.32007504887494453
thetao,W40p0,3,15,0.31953893030577596,0.31953893030577596
so,W40p0,5,14,-0.31942441141781497,0.31942441141781497
so,W40p0,6,15,0.3190796280371138,0.3190796280371138
thetao,W40p0,2,11,-0.31857729425235315,0.31857729425235315
thetao,W20p0,3,15,-0.31857109811740253,0.31857109811740253
so,W40p0,5,8,-0.3184503912942702,0.3184503912942702
so,W60p0,4,15,0.3183821958880301,0.3183821958880301
so,W60p0,4,4,0.3180886057970567,0.3180886057970567
thetao,W40p0,5,20,-0.3177143864245496,0.3177143864245496
so,W30p0,2,0,0.3173317207734048,0.3173317207734048
thetao,W60p0,3,19,0.31691272882394245,0.31691272882394245
thetao,W20p0,5,13,0.31672261491563347,0.31672261491563347
so,W60p0,10,8,0.31656490614882027,0.31656490614882027
thetao,W10p0,4,16,0.31630043559598303,0.31630043559598303
so,W40p0,6,16,0.316218191196267,0.316218191196267
thetao,W40p0,5,18,-0.31569851494059853,0.31569851494059853
so,W40p0,4,10,-0.3154002860742509,0.3154002860742509
thetao,W60p0,8,18,0.31519471598129123,0.31519471598129123
so,W40p0,4,8,-0.3150180533209911,0.3150180533209911
so,W10p0,1,13,-0.31471614981597296,0.31471614981597296
thetao,W60p0,6,4,0.3146223143643115,0.3146223143643115
so,W10p0,1,10,-0.3143654421543441,0.3143654421543441
so,W10p0,1,20,-0.31433821797502287,0.31433821797502287
thetao,W20p0,5,11,0.31410164912105065,0.31410164912105065
so,W40p0,9,18,-0.31402117195458734,0.31402117195458734
thetao,W30p0,2,12,-0.31390534150950633,0.31390534150950633
so,W40p0,9,12,-0.3138843958244575,0.3138843958244575
thetao,W40p0,4,7,0.31371517064656257,0.31371517064656257
thetao,W60p0,5,12,-0.3126509703031137,0.3126509703031137
thetao,W20p0,5,9,0.31241682187555925,0.31241682187555925
so,W40p0,5,0,-0.31221102335196055,0.31221102335196055
so,W60p0,3,8,-0.3121270218115155,0.3121270218115155
thetao,W30p0,2,9,-0.3118687475151831,0.3118687475151831
so,W60p0,4,5,0.31184963833388396,0.31184963833388396
so,W40p0,3,20,0.31152854997094453,0.31152854997094453
thetao,W40p0,3,12,0.3111333470455054,0.3111333470455054
thetao,W20p0,4,16,0.31095984786584724,0.31095984786584724
so,W60p0,2,19,0.31023755661024366,0.31023755661024366
thetao,W30p0,5,15,-0.31008730108422466,0.31008730108422466
so,W10p0,1,14,-0.308865960560377,0.308865960560377
thetao,W40p0,5,19,-0.30863061931119484,0.30863061931119484
thetao,W40p0,2,8,-0.3083926647996529,0.3083926647996529
so,W40p0,4,13,-0.30816373129971547,0.30816373129971547
so,W20p0,7,10,-0.3075520683593555,0.3075520683593555
so,W60p0,5,5,0.30681104233284406,0.30681104233284406
so,W60p0,10,7,0.3066395910646998,0.3066395910646998
thetao,W10p0,2,18,-0.30653863582683377,0.30653863582683377
so,W30p0,10,20,-0.30639146824595026,0.30639146824595026
thetao,W60p0,3,15,0.30554922966631887,0.30554922966631887
thetao,W10p0,7,14,0.3050938889645077,0.3050938889645077
thetao,W40p0,5,14,-0.30401103718898465,0.30401103718898465
thetao,W60p0,5,6,-0.3033398079311181,0.3033398079311181
so,W60p0,3,6,-0.3033115913399317,0.3033115913399317
so,W30p0,2,3,0.30307109851219866,0.30307109851219866
thetao,W40p0,4,1,0.3029619057794306,0.3029619057794306
so,W40p0,9,14,-0.30244860735183665,0.30244860735183665
so,W40p0,5,19,-0.3020869040155587,0.3020869040155587
so,W40p0,6,11,0.30173965726983243,0.30173965726983243
thetao,W20p0,7,15,0.30170385722070986,0.30170385722070986
so,W40p0,4,3,-0.3016267979088284,0.3016267979088284
thetao,W30p0,2,8,-0.3014540885741486,0.3014540885741486
thetao,W40p0,3,7,0.3013728694811607,0.3013728694811607
thetao,W60p0,5,7,-0.3001074881467332,0.3001074881467332
so,W40p0,4,18,-0.3000388240261146,0.3000388240261146
thetao,W20p0,2,1,-0.2998223195411026,0.2998223195411026
thetao,W20p0,1,10,0.29977075676564674,0.29977075676564674
so,W30p0,10,19,-0.2993058457491812,0.2993058457491812
so,W40p0,6,7,0.2987727310702292,0.2987727310702292
so,W20p0,2,1,-0.2986857605808772,0.2986857605808772
so,W40p0,9,19,-0.29867211111168523,0.29867211111168523
thetao,W40p0,2,7,-0.2980684832644209,0.2980684832644209
thetao,W30p0,1,8,0.2980095916012516,0.2980095916012516
so,W30p0,3,11,0.29738821716813113,0.29738821716813113
so,W60p0,5,7,0.29738202472527053,0.29738202472527053
so,W40p0,2,6,-0.29715841427180867,0.29715841427180867
thetao,W60p0,9,15,-0.2969561035740963,0.2969561035740963
thetao,W40p0,7,19,-0.29693314131558285,0.29693314131558285
thetao,W30p0,2,3,-0.29681332711040387,0.29681332711040387
so,W30p0,3,12,0.29679008088338116,0.29679008088338116
thetao,W40p0,3,10,0.29656185017032727,0.29656185017032727
so,W60p0,9,19,-0.2964761910841348,0.2964761910841348
thetao,W20p0,5,10,0.2962249715780612,0.2962249715780612
so,W40p0,9,10,-0.2962171958513854,0.2962171958513854
so,W30p0,4,6,-0.2960630058586917,0.2960630058586917
thetao,W40p0,7,18,-0.29576242551621507,0.29576242551621507
thetao,W20p0,2,2,-0.29529747050978816,0.29529747050978816
so,W40p0,10,11,0.2940116674138739,0.2940116674138739
so,W40p0,2,11,-0.29392553571158464,0.29392553571158464
thetao,W30p0,4,10,0.29271942293648245,0.29271942293648245
so,W60p0,5,6,0.2925427127696721,0.2925427127696721
thetao,W30p0,1,17,0.2920687588469988,0.2920687588469988
so,W60p0,2,8,0.2918286806852274,0.2918286806852274
so,W20p0,2,0,-0.2914262054233448,0.2914262054233448
so,W40p0,3,19,0.2909552940378106,0.2909552940378106
so,W60p0,5,9,0.29093687885844904,0.29093687885844904
so,W20p0,4,19,-0.29070704113074086,0.29070704113074086
so,W40p0,5,16,-0.29061488472838676,0.29061488472838676
so,W40p0,5,15,-0.2904118153996249,0.2904118153996249
so,W60p0,4,7,0.2903699677879006,0.2903699677879006
so,W20p0,10,19,0.28992890583921677,0.28992890583921677
thetao,W60p0,7,17,0.2898655760979228,0.2898655760979228
thetao,W30p0,1,6,0.2895412586963159,0.2895412586963159
so,W60p0,10,6,0.28930924332559294,0.28930924332559294
so,W40p0,5,3,-0.2891322780290146,0.2891322780290146
thetao,W60p0,6,3,0.2884051458898084,0.2884051458898084
so,W40p0,5,20,-0.2871320645979602,0.2871320645979602
so,W30p0,7,6,-0.2868119562398611,0.2868119562398611
thetao,W30p0,6,9,0.2866352892977684,0.2866352892977684
so,W40p0,4,11,-0.28663337022747837,0.28663337022747837
so,W20p0,9,3,0.28623092974566,0.28623092974566
thetao,W30p0,2,10,-0.286203050465945,0.286203050465945
thetao,W30p0,1,7,0.2858062387557846,0.2858062387557846
so,W40p0,9,11,-0.2855074918295354,0.2855074918295354
thetao,W60p0,6,17,0.2852881421417882,0.2852881421417882
so,W60p0,4,8,0.2852141063611194,0.2852141063611194
thetao,W30p0,4,3,0.28505110067708606,0.28505110067708606
so,W10p0,1,16,-0.284809215893191,0.284809215893191
so,W20p0,2,15,-0.2845052621206698,0.2845052621206698
so,W10p0,2,2,-0.28413332772258293,0.28413332772258293
so,W30p0,2,16,0.2833103802181153,0.2833103802181153
thetao,W40p0,3,1,0.28286760883144146,0.28286760883144146
thetao,W30p0,6,8,0.2827790350447862,0.2827790350447862
thetao,W60p0,7,18,0.2826177446706591,0.2826177446706591
thetao,W20p0,1,6,0.28243170456462585,0.28243170456462585
thetao,W20p0,2,0,-0.2818144976782836,0.2818144976782836
thetao,W40p0,6,19,0.2816610447762843,0.2816610447762843
so,W30p0,8,16,-0.2814644351771282,0.2814644351771282
thetao,W40p0,3,20,0.2814172456454694,0.2814172456454694
so,W30p0,3,7,0.2809387563916687,0.2809387563916687
so,W20p0,10,20,0.28042228482082426,0.28042228482082426
thetao,W40p0,4,19,0.2798761891116173,0.2798761891116173
so,W20p0,9,4,0.2797495465660493,0.2797495465660493
so,W20p0,4,14,-0.2796351624254275,0.2796351624254275
thetao,W10p0,7,16,0.27944673943909937,0.27944673943909937
so,W60p0,6,0,0.27931674725513717,0.27931674725513717
so,W40p0,3,17,0.27903132353244886,0.27903132353244886
so,W40p0,5,5,-0.2783710536115755,0.2783710536115755
thetao,W30p0,2,7,-0.2783225626884781,0.2783225626884781
thetao,W40p0,7,20,-0.2779743818493111,0.2779743818493111
so,W60p0,4,18,0.27789593827953585,0.27789593827953585
so,W40p0,9,9,-0.27788296362660153,0.27788296362660153
so,W60p0,5,8,0.27745505222158745,0.27745505222158745
so,W30p0,8,1,-0.27718002172511896,0.27718002172511896
so,W40p0,4,19,-0.277067972374822,0.277067972374822
so,W10p0,2,1,-0.2770413214035227,0.2770413214035227
thetao,W30p0,4,12,0.2760195517544362,0.2760195517544362
so,W60p0,3,2,-0.2759160060942598,0.2759160060942598
thetao,W40p0,5,16,-0.27570255900270185,0.27570255900270185
so,W60p0,4,3,0.2753829437427883,0.2753829437427883
so,W40p0,5,18,-0.27383344149767064,0.27383344149767064
thetao,W60p0,10,19,-0.2737452163474344,0.2737452163474344
thetao,W60p0,6,5,0.27335299685173003,0.27335299685173003
so,W60p0,3,0,-0.2731529740121089,0.2731529740121089
so,W40p0,5,17,-0.2730665918129246,0.2730665918129246
so,W40p0,10,13,0.2726632823390381,0.2726632823390381
so,W40p0,6,12,0.27259051681109525,0.27259051681109525
thetao,W60p0,8,0,-0.2725649389844262,0.2725649389844262
thetao,W30p0,2,4,-0.27256401256251983,0.27256401256251983
so,W30p0,4,7,-0.2724413093808696,0.2724413093808696
thetao,W30p0,5,16,-0.27242665303266933,0.27242665303266933
so,W40p0,4,4,-0.2721794407342848,0.2721794407342848
thetao,W30p0,2,6,-0.27196097311498285,0.27196097311498285
so,W60p0,4,16,0.2715033042253685,0.2715033042253685
thetao,W30p0,2,11,-0.2714452491962082,0.2714452491962082
thetao,W40p0,7,16,-0.27139259092686346,0.27139259092686346
so,W60p0,4,12,0.2712895365410898,0.2712895365410898
so,W40p0,10,17,0.2711840727104298,0.2711840727104298
so,W10p0,2,3,-0.2711129818099634,0.2711129818099634
thetao,W30p0,8,20,-0.27062186189688314,0.27062186189688314
so,W10p0,2,0,-0.27039366302938167,0.27039366302938167
so,W30p0,8,5,-0.26980368436590285,0.26980368436590285
so,W20p0,1,0,-0.2698028589014982,0.2698028589014982
thetao,W40p0,5,7,-0.26962624828877996,0.26962624828877996
so,W30p0,8,4,-0.2691197265498769,0.2691197265498769
so,W40p0,3,18,0.2690209674030378,0.2690209674030378
so,W40p0,6,14,0.2687516952313118,0.2687516952313118
so,W40p0,6,17,0.2684075235803161,0.2684075235803161
so,W40p0,2,12,-0.26818949549079996,0.26818949549079996
so,W60p0,4,6,0.2679400880656421,0.2679400880656421
thetao,W30p0,4,18,0.2677788564020865,0.2677788564020865
thetao,W40p0,3,19,0.2677211962661611,0.2677211962661611
thetao,W20p0,3,16,-0.26683056813355716,0.26683056813355716
thetao,W20p0,3,12,-0.2667993886230254,0.2667993886230254
so,W60p0,5,20,-0.26671951026688095,0.26671951026688095
so,W30p0,8,6,-0.2664921974636415,0.2664921974636415
thetao,W40p0,6,8,0.26636155729252153,0.26636155729252153
thetao,W30p0,6,4,0.2660986598377694,0.2660986598377694
so,W60p0,9,17,-0.2659834528547469,0.2659834528547469
so,W40p0,3,12,0.26575404935936714,0.26575404935936714
thetao,W60p0,7,16,0.2656408322915354,0.2656408322915354
thetao,W30p0,1,5,0.26534850781398595,0.26534850781398595
thetao,W10p0,2,19,-0.26515346318854455,0.26515346318854455
thetao,W60p0,5,16,-0.2647427410474115,0.2647427410474115
thetao,W10p0,8,0,0.2645501798893089,0.2645501798893089
so,W40p0,9,13,-0.264360305528011,0.264360305528011
so,W40p0,5,4,-0.2633205643787957,0.2633205643787957
thetao,W40p0,3,0,0.26269533020961844,0.26269533020961844
so,W40p0,10,12,0.26232496091236124,0.26232496091236124
so,W10p0,8,5,0.26184966811995375,0.26184966811995375
thetao,W40p0,3,11,0.261784868816338,0.261784868816338
thetao,W20p0,2,3,-0.26131782660238567,0.26131782660238567
so,W30p0,8,9,-0.2609872477948193,0.2609872477948193
so,W30p0,8,3,-0.26056219971711575,0.26056219971711575
so,W40p0,3,13,0.2605384784533332,0.2605384784533332
so,W30p0,8,0,-0.2604769737669395,0.2604769737669395
thetao,W30p0,2,13,-0.2604692427344561,0.2604692427344561
so,W40p0,7,3,0.2603130276362709,0.2603130276362709
thetao,W20p0,4,18,0.2603093804706242,0.2603093804706242
thetao,W20p0,1,11,0.2601931037966704,0.2601931037966704
thetao,W40p0,8,18,0.2596685226359019,0.2596685226359019
so,W20p0,7,9,-0.25933139292031215,0.25933139292031215
thetao,W40p0,7,17,-0.259210465422196,0.259210465422196
thetao,W40p0,8,16,0.2589038718213536,0.2589038718213536
thetao,W40p0,4,0,0.25883762422251116,0.25883762422251116
thetao,W40p0,8,17,0.2587017992784578,0.2587017992784578
so,W40p0,2,10,-0.2585410141099127,0.2585410141099127
so,W60p0,4,10,0.25842932916584993,0.25842932916584993
so,W40p0,4,5,-0.2583086760703238,0.2583086760703238
thetao,W60p0,5,17,-0.25818355558549144,0.25818355558549144
so,W60p0,5,10,0.2574889071490849,0.2574889071490849
thetao,W60p0,6,16,0.2563777690259289,0.2563777690259289
so,W30p0,7,5,-0.25597389960644606,0.25597389960644606
so,W10p0,10,15,-0.2559414806558843,0.2559414806558843
so,W40p0,4,1,-0.25592525237393526,0.25592525237393526
so,W30p0,7,7,-0.2558798529904334,0.2558798529904334
thetao,W30p0,6,6,0.2553314734771759,0.2553314734771759
thetao,W40p0,5,10,-0.25513030934443326,0.25513030934443326
thetao,W60p0,8,17,0.25496322103641683,0.25496322103641683
thetao,W30p0,5,19,-0.25487835331637304,0.25487835331637304
thetao,W30p0,3,8,0.25421961381704383,0.25421961381704383
so,W10p0,8,4,0.2539825134192108,0.2539825134192108
so,W60p0,4,11,0.2536016838182062,0.2536016838182062
so,W40p0,10,18,0.25315558262534793,0.25315558262534793
so,W40p0,4,2,-0.2529536665052103,0.2529536665052103
so,W30p0,4,18,-0.25284977487383997,0.25284977487383997
so,W30p0,3,6,0.2526483370746754,0.2526483370746754
so,W40p0,3,16,0.25262723776017565,0.25262723776017565
thetao,W40p0,6,16,0.25252477932496725,0.25252477932496725
thetao,W30p0,8,0,0.25228622571511033,0.25228622571511033
so,W10p0,10,16,-0.2519904697755644,0.2519904697755644
so,W40p0,10,9,0.2516213411388775,0.2516213411388775
so,W40p0,7,2,0.2512249061283005,0.2512249061283005
thetao,W30p0,6,7,0.25117834926087823,0.25117834926087823
thetao,W40p0,7,15,-0.2510927166485992,0.2510927166485992
thetao,W20p0,3,19,-0.25105341142289556,0.25105341142289556
thetao,W20p0,3,1,-0.25097080998183297,0.25097080998183297
thetao,W60p0,7,20,0.25081402196001346,0.25081402196001346
thetao,W60p0,8,16,0.25059067579637684,0.25059067579637684
thetao,W60p0,6,15,0.2505505293082722,0.2505505293082722
so,W20p0,2,2,-0.2504910797418086,0.2504910797418086
so,W40p0,10,14,0.25047264006268444,0.25047264006268444
so,W10p0,3,4,-0.2501220934788821,0.2501220934788821
so,W40p0,10,16,0.24982200050169423,0.24982200050169423
thetao,W40p0,2,12,-0.249601886208517,0.249601886208517
so,W40p0,10,10,0.2495897300537301,0.2495897300537301
so,W60p0,3,5,-0.24948128529665606,0.24948128529665606
thetao,W30p0,4,6,0.24894208326413186,0.24894208326413186
so,W30p0,8,2,-0.24861095021227284,0.24861095021227284
so,W30p0,2,20,0.24816568733765768,0.24816568733765768
thetao,W30p0,6,5,0.24803437491083336,0.24803437491083336
thetao,W30p0,10,15,0.24802737514675582,0.24802737514675582
so,W40p0,3,14,0.24758751140551716,0.24758751140551716
so,W10p0,2,4,-0.24748236458213316,0.24748236458213316
thetao,W20p0,3,10,-0.24742755457777557,0.24742755457777557
so,W30p0,8,8,-0.24686615765928874,0.24686615765928874
so,W30p0,8,17,-0.24677130838493172,0.24677130838493172
thetao,W20p0,5,14,0.2466523176979218,0.2466523176979218
so,W10p0,1,18,-0.24622230964678007,0.24622230964678007
thetao,W30p0,9,13,-0.2459959409504885,0.2459959409504885
so,W20p0,2,5,-0.2457090227802366,0.2457090227802366
thetao,W40p0,6,15,0.24564339279293074,0.24564339279293074
thetao,W30p0,6,2,0.2456087774298343,0.2456087774298343
thetao,W40p0,8,19,0.24516375032503282,0.24516375032503282
thetao,W30p0,4,15,0.2450785667545754,0.2450785667545754
thetao,W30p0,6,10,0.24463977168297332,0.24463977168297332
thetao,W20p0,2,4,-0.24447115707323064,0.24447115707323064
thetao,W60p0,6,13,0.24422063004487393,0.24422063004487393
so,W20p0,9,2,0.2441804549898816,0.2441804549898816
so,W30p0,5,20,-0.24374076359888655,0.24374076359888655
thetao,W40p0,5,0,-0.24365691849783966,0.24365691849783966
so,W20p0,4,9,-0.2434758223279451,0.2434758223279451
thetao,W40p0,3,16,0.24320829754619055,0.24320829754619055
thetao,W40p0,7,14,-0.24307777546046858,0.24307777546046858
so,W20p0,1,1,-0.24276915730052917,0.24276915730052917
thetao,W60p0,3,14,0.24235812923483235,0.24235812923483235
thetao,W30p0,6,3,0.24186678357685534,0.24186678357685534
so,W20p0,5,2,-0.2418286641789909,0.2418286641789909
thetao,W10p0,4,19,0.24128920020901495,0.24128920020901495
so,W20p0,10,18,0.24127535135975053,0.24127535135975053
thetao,W30p0,3,7,0.24109799806550333,0.24109799806550333
so,W20p0,7,11,-0.24081029985358127,0.24081029985358127
so,W60p0,8,19,0.24071730251563458,0.24071730251563458
thetao,W60p0,6,18,0.2405084210889942,0.2405084210889942
so,W30p0,2,19,0.24034336842151865,0.24034336842151865
thetao,W20p0,3,0,-0.24030037068220997,0.24030037068220997
so,W30p0,8,15,-0.24022175504440024,0.24022175504440024
thetao,W40p0,6,9,0.23938819280595347,0.23938819280595347
so,W40p0,9,8,-0.23918003844434524,0.23918003844434524
thetao,W20p0,3,11,-0.23900920114794347,0.23900920114794347
so,W40p0,4,6,-0.2388197291433731,0.2388197291433731
so,W60p0,8,20,0.23873778824210737,0.23873778824210737
so,W20p0,9,1,0.23832986473278783,0.23832986473278783
so,W20p0,2,20,-0.23813331807147542,0.23813331807147542
so,W60p0,4,17,0.23807690668829642,0.23807690668829642
so,W40p0,4,12,-0.23760478813416808,0.23760478813416808
thetao,W30p0,3,20,0.23690659376732037,0.23690659376732037
so,W20p0,6,12,-0.23687222944127015,0.23687222944127015
so,W60p0,10,5,0.23656897664784063,0.23656897664784063
thetao,W20p0,7,17,0.2360526474730585,0.2360526474730585
thetao,W40p0,5,1,-0.23584856467089868,0.23584856467089868
thetao,W30p0,3,9,0.23575555479524615,0.23575555479524615
so,W30p0,5,19,-0.2357499288756111,0.2357499288756111
so,W40p0,10,15,0.235711865029961,0.235711865029961
so,W40p0,10,20,0.23534248062891147,0.23534248062891147
so,W30p0,8,7,-0.2352803413395879,0.2352803413395879
so,W40p0,2,3,-0.23527256018924975,0.23527256018924975
so,W30p0,1,16,0.23524672517345166,0.23524672517345166
thetao,W30p0,4,9,0.234909393984907,0.234909393984907
thetao,W10p0,4,12,0.23455924769465228,0.23455924769465228
so,W60p0,6,1,0.23450460956039154,0.23450460956039154
so,W30p0,1,15,0.23387696302073296,0.23387696302073296
thetao,W60p0,6,2,0.23384114638774323,0.23384114638774323
so,W60p0,3,13,-0.233358483488391,0.233358483488391
thetao,W40p0,5,17,-0.23256612806190016,0.23256612806190016
thetao,W60p0,5,15,-0.23254519699972426,0.23254519699972426
thetao,W60p0,6,14,0.23251081866054246,0.23251081866054246
thetao,W60p0,10,20,-0.23245987791954095,0.23245987791954095
thetao,W60p0,6,12,0.2322285595450436,0.2322285595450436
thetao,W30p0,1,4,0.231957033356529,0.231957033356529
thetao,W40p0,6,14,0.23182573195358208,0.23182573195358208
thetao,W60p0,7,19,0.231703855355478,0.231703855355478
thetao,W30p0,5,18,-0.23124773859381284,0.23124773859381284
so,W30p0,8,10,-0.23088265091629803,0.23088265091629803
thetao,W40p0,7,13,-0.23086464362681897,0.23086464362681897
so,W20p0,2,19,-0.2308503365882142,0.2308503365882142
so,W60p0,1,12,0.23073042712700628,0.23073042712700628
thetao,W20p0,3,7,-0.23064343487173616,0.23064343487173616
thetao,W40p0,3,3,0.23048393439121853,0.23048393439121853
thetao,W60p0,6,6,0.23030627163049897,0.23030627163049897
thetao,W20p0,10,8,-0.2300640514695881,0.2300640514695881
so,W40p0,2,7,-0.22916155102145308,0.22916155102145308
thetao,W60p0,7,11,0.2291076033914926,0.2291076033914926
thetao,W40p0,5,13,-0.22902129633821192,0.22902129633821192
thetao,W60p0,6,7,0.22901413882040594,0.22901413882040594
thetao,W20p0,3,9,-0.22897652569188975,0.22897652569188975
thetao,W60p0,6,19,0.2286812818972278,0.2286812818972278
thetao,W20p0,10,7,-0.22833079494515812,0.22833079494515812
so,W30p0,3,5,0.2280176249054472,0.2280176249054472
so,W40p0,3,15,0.2278831292498436,0.2278831292498436
thetao,W10p0,2,20,-0.2277130465014635,0.2277130465014635
so,W10p0,10,9,-0.2276978436064806,0.2276978436064806
thetao,W20p0,8,20,-0.22748685657104073,0.22748685657104073
thetao,W30p0,6,0,0.2274776132488806,0.2274776132488806
thetao,W20p0,8,14,-0.22745675726670855,0.22745675726670855
thetao,W60p0,8,15,0.2272272035044933,0.2272272035044933
thetao,W20p0,10,18,-0.22698341292856994,0.22698341292856994
thetao,W20p0,7,14,0.22693000928796003,0.22693000928796003
so,W20p0,5,3,-0.2267761547541898,0.2267761547541898
so,W60p0,8,14,0.22653766639756537,0.22653766639756537
thetao,W20p0,4,11,0.22603632982932872,0.22603632982932872
thetao,W40p0,4,20,0.22589128863668217,0.22589128863668217
so,W20p0,4,10,-0.22567938355588155,0.22567938355588155
thetao,W20p0,4,5,0.22567613170298467,0.22567613170298467
thetao,W40p0,3,18,0.22541900210443216,0.22541900210443216
so,W30p0,1,17,0.2252315815443404,0.2252315815443404
thetao,W60p0,5,14,-0.22514097799578697,0.22514097799578697
so,W30p0,5,16,-0.22502803091849077,0.22502803091849077
so,W60p0,4,9,0.22485107995857365,0.22485107995857365
thetao,W30p0,1,18,0.2247782575686606,0.2247782575686606
thetao,W30p0,6,12,0.2246957343384912,0.2246957343384912
so,W20p0,7,1,-0.22459834710419094,0.22459834710419094
so,W30p0,10,18,-0.22316217930874044,0.22316217930874044
so,W40p0,10,19,0.2230986881804422,0.2230986881804422
thetao,W30p0,8,19,-0.22298308008554069,0.22298308008554069
so,W30p0,2,17,0.22291494437515202,0.22291494437515202
so,W20p0,8,4,0.2227235378273693,0.2227235378273693
thetao,W10p0,7,20,0.22204999494059832,0.22204999494059832
so,W60p0,8,15,0.22168943340633906,0.22168943340633906
so,W20p0,4,13,-0.2206735033582522,0.2206735033582522
so,W10p0,3,1,-0.22050457248701133,0.22050457248701133
thetao,W10p0,8,1,0.22008925885240124,0.22008925885240124
thetao,W30p0,2,14,-0.22001519813988202,0.22001519813988202
so,W60p0,5,11,0.2199067453538868,0.2199067453538868
thetao,W30p0,6,11,0.21988400357916701,0.21988400357916701
thetao,W10p0,8,3,0.219438387282804,0.219438387282804
thetao,W30p0,5,17,-0.2189043186182826,0.2189043186182826
so,W60p0,1,13,0.2188845704084634,0.2188845704084634
so,W20p0,5,5,-0.2188375098510983,0.2188375098510983
so,W40p0,1,14,0.21865819438888626,0.21865819438888626
thetao,W30p0,7,18,0.21855823152248274,0.21855823152248274
so,W30p0,1,14,0.21824505043390144,0.21824505043390144
thetao,W60p0,9,17,-0.2181462368039448,0.2181462368039448
so,W20p0,7,2,-0.21813668446509377,0.21813668446509377
thetao,W20p0,2,9,-0.21807819051883565,0.21807819051883565
thetao,W30p0,8,4,0.21803469896824473,0.21803469896824473
thetao,W30p0,2,5,-0.21787769737255033,0.21787769737255033
so,W60p0,3,9,-0.21766885442061967,0.21766885442061967
so,W20p0,6,11,-0.2175673953081629,0.2175673953081629
so,W30p0,9,1,-0.21738803247662944,0.21738803247662944
thetao,W40p0,3,6,0.21705768376378606,0.21705768376378606
so,W20p0,6,13,-0.2167453294738896,0.2167453294738896
thetao,W20p0,2,6,-0.21651723875701578,0.21651723875701578
thetao,W20p0,6,6,0.21649424285583896,0.21649424285583896
so,W20p0,6,8,-0.2163944833004017,0.2163944833004017
thetao,W20p0,1,12,0.21638397366837486,0.21638397366837486
so,W20p0,5,1,-0.21616160171258458,0.21616160171258458
thetao,W60p0,3,12,0.21616045207762588,0.21616045207762588
thetao,W10p0,4,11,0.21613877388402547,0.21613877388402547
so,W30p0,3,4,0.21585277226718608,0.21585277226718608
thetao,W20p0,9,8,-0.21568060865875097,0.21568060865875097
thetao,W30p0,6,1,0.21563686412637842,0.21563686412637842
thetao,W60p0,7,15,0.21554678421957385,0.21554678421957385
so,W10p0,1,17,-0.21524904397972575,0.21524904397972575
thetao,W60p0,1,13,0.2151642480927268,0.2151642480927268
thetao,W40p0,6,18,0.21512148482914886,0.21512148482914886
thetao,W20p0,8,13,-0.2150889068087315,0.2150889068087315
thetao,W60p0,5,13,-0.21495193448162833,0.21495193448162833
thetao,W30p0,3,6,0.21479867708772618,0.21479867708772618
so,W60p0,3,14,-0.21476240454554046,0.21476240454554046
so,W10p0,6,0,-0.21450309060404485,0.21450309060404485
so,W60p0,10,4,0.2144385037826178,0.2144385037826178
so,W20p0,8,5,0.21431021615655296,0.21431021615655296
thetao,W30p0,7,17,0.2142380968921395,0.2142380968921395
thetao,W20p0,2,5,-0.2141405286166491,0.2141405286166491
thetao,W10p0,7,13,0.2135344082257464,0.2135344082257464
so,W10p0,8,3,0.2133762648900942,0.2133762648900942
so,W40p0,6,13,0.21309538439167097,0.21309538439167097
thetao,W30p0,4,13,0.21293743201744572,0.21293743201744572
so,W40p0,6,6,0.21226341208667104,0.21226341208667104
thetao,W30p0,9,14,-0.21222383864386657,0.21222383864386657
so,W10p0,5,3,0.21221344375275827,0.21221344375275827
so,W30p0,2,18,0.21145127659208768,0.21145127659208768
thetao,W20p0,2,7,-0.21142117724975407,0.21142117724975407
so,W30p0,5,18,-0.21104914952141762,0.21104914952141762
thetao,W20p0,4,12,0.21051605801354487,0.21051605801354487
so,W60p0,1,11,0.2104659622212952,0.2104659622212952
so,W20p0,5,4,-0.21024519542382605,0.21024519542382605
so,W60p0,3,3,-0.20967633445998737,0.20967633445998737
thetao,W30p0,3,16,0.20956571609768604,0.20956571609768604
thetao,W60p0,3,11,0.2089709140279523,0.2089709140279523
so,W20p0,1,2,-0.2088678166822928,0.2088678166822928
thetao,W30p0,8,5,0.20842739868367816,0.20842739868367816
so,W20p0,6,7,-0.2082077729616531,0.2082077729616531
so,W20p0,2,16,-0.20814927371671704,0.20814927371671704
so,W40p0,6,5,0.2080214303490287,0.2080214303490287
so,W20p0,2,18,-0.20792449647623956,0.20792449647623956
so,W60p0,10,3,0.20777070519321508,0.20777070519321508
thetao,W20p0,9,9,-0.20754692660634158,0.20754692660634158
so,W20p0,5,0,-0.20739328000011922,0.20739328000011922
thetao,W20p0,2,10,-0.20739326165629693,0.20739326165629693
thetao,W20p0,3,2,-0.20732665798362254,0.20732665798362254
so,W20p0,6,6,-0.20712662993386713,0.20712662993386713
thetao,W40p0,1,12,0.20686546725749128,0.20686546725749128
so,W60p0,3,19,-0.2062722349296206,0.2062722349296206
so,W20p0,2,3,-0.2061446941949437,0.2061446941949437
so,W40p0,3,11,0.20603085232939544,0.20603085232939544
thetao,W20p0,10,19,-0.20598365224156556,0.20598365224156556
so,W40p0,7,4,0.20597944822091502,0.20597944822091502
so,W20p0,7,5,-0.2058742381867563,0.2058742381867563
thetao,W20p0,3,18,-0.20573234484448633,0.20573234484448633
thetao,W60p0,8,14,0.2057173897868141,0.2057173897868141
so,W20p0,5,6,-0.20570235722107882,0.20570235722107882
thetao,W30p0,10,16,0.2055857061593439,0.2055857061593439
so,W10p0,2,5,-0.20543060375202346,0.20543060375202346
thetao,W20p0,4,4,0.20525697399905296,0.20525697399905296
so,W30p0,1,18,0.2052417305446488,0.2052417305446488
thetao,W40p0,1,11,0.20522725336042025,0.20522725336042025
so,W60p0,2,6,0.20490307072144986,0.20490307072144986
thetao,W20p0,8,0,0.20459861221896894,0.20459861221896894
so,W60p0,5,12,0.20429145906272858,0.20429145906272858
so,W30p0,10,0,0.20414986629813714,0.20414986629813714
thetao,W20p0,3,8,-0.20414577961914698,0.20414577961914698
thetao,W60p0,6,20,0.20405054498381475,0.20405054498381475
thetao,W20p0,7,18,0.20394711432223736,0.20394711432223736
so,W10p0,2,8,-0.20387037042836503,0.20387037042836503
so,W10p0,7,13,-0.20382442610504642,0.20382442610504642
so,W40p0,4,7,-0.2037202437448159,0.2037202437448159
so,W10p0,2,9,-0.2034882611712451,0.2034882611712451
so,W60p0,4,2,0.2032538919116538,0.2032538919116538
thetao,W30p0,7,5,0.20285438755175678,0.20285438755175678
thetao,W10p0,1,13,0.20284745347622068,0.20284745347622068
thetao,W20p0,2,8,-0.2028326794051169,0.2028326794051169
so,W60p0,9,20,-0.20281041365127875,0.20281041365127875
so,W20p0,7,3,-0.2026996144676206,0.2026996144676206
thetao,W20p0,10,9,-0.202676817180775,0.202676817180775
so,W30p0,9,2,-0.20263181296685362,0.20263181296685362
so,W30p0,8,14,-0.20260229883751596,0.20260229883751596
so,W10p0,9,20,0.20230270375119147,0.20230270375119147
so,W40p0,6,4,0.20223049208313848,0.20223049208313848
so,W30p0,5,17,-0.2022109970011626,0.2022109970011626
so,W40p0,1,13,0.20219543654423602,0.20219543654423602
thetao,W10p0,8,2,0.20216480243670285,0.20216480243670285
so,W20p0,7,0,-0.20193001376349914,0.20193001376349914
thetao,W60p0,7,12,0.2019076346792401,0.2019076346792401
so,W30p0,8,11,-0.20184251749005697,0.20184251749005697
thetao,W30p0,2,15,-0.20174915366288781,0.20174915366288781
so,W10p0,10,14,-0.20174000800524372,0.20174000800524372
so,W60p0,9,13,-0.2015239496676176,0.2015239496676176
so,W60p0,9,12,-0.2014900450358271,0.2014900450358271
so,W10p0,10,19,-0.2010891303102872,0.2010891303102872
thetao,W40p0,5,11,-0.20097473161053722,0.20097473161053722
so,W20p0,7,17,-0.20050526545088987,0.20050526545088987
so,W20p0,6,14,-0.2003951315506835,0.2003951315506835
so,W40p0,1,15,0.20032351219007483,0.20032351219007483
thetao,W40p0,6,10,0.1998091159277348,0.1998091159277348
thetao,W60p0,1,12,0.19976315876599496,0.19976315876599496
thetao,W30p0,1,3,0.19939482331659203,0.19939482331659203
so,W60p0,6,2,0.19910524500412227,0.19910524500412227
thetao,W40p0,1,10,0.1987836342451651,0.1987836342451651
thetao,W30p0,5,20,-0.1986616028320767,0.1986616028320767
thetao,W20p0,6,9,0.19849313973732385,0.19849313973732385
thetao,W20p0,10,20,-0.19832488714337917,0.19832488714337917
thetao,W30p0,8,1,0.19797102627456806,0.19797102627456806
so,W60p0,9,6,-0.19782344985962444,0.19782344985962444
so,W10p0,5,4,0.19719628657030525,0.19719628657030525
so,W20p0,4,11,-0.1966702057070082,0.1966702057070082
so,W20p0,9,16,0.19659309850537832,0.19659309850537832
so,W20p0,7,4,-0.19636283312144473,0.19636283312144473
so,W20p0,6,5,-0.19632929521902262,0.19632929521902262
so,W60p0,10,2,0.19623783590205063,0.19623783590205063
thetao,W10p0,4,10,0.19597819619242093,0.19597819619242093
so,W40p0,8,20,0.19594655238788872,0.19594655238788872
so,W40p0,10,6,0.1958033478331341,0.1958033478331341
thetao,W40p0,6,7,0.19558426781632376,0.19558426781632376
so,W40p0,2,0,-0.19545174516785882,0.19545174516785882
so,W10p0,2,15,-0.19543964937279035,0.19543964937279035
so,W10p0,2,6,-0.19525736688991005,0.19525736688991005
so,W20p0,6,9,-0.19523740585230273,0.19523740585230273
so,W10p0,3,3,-0.19506878725439367,0.19506878725439367
so,W40p0,10,5,0.19482154119632242,0.19482154119632242
thetao,W20p0,3,17,-0.19482144557617215,0.19482144557617215
thetao,W30p0,7,19,0.19461500991867803,0.19461500991867803
so,W30p0,8,12,-0.1944621933563957,0.1944621933563957
thetao,W20p0,10,12,-0.1942445917312505,0.1942445917312505
so,W60p0,3,12,-0.19401929224968914,0.19401929224968914
so,W10p0,4,13,-0.19398520244108639,0.19398520244108639
thetao,W40p0,6,11,0.19375287729132,0.19375287729132
thetao,W30p0,1,2,0.19363520243492038,0.19363520243492038
so,W10p0,3,0,-0.19332697786301273,0.19332697786301273
so,W10p0,3,2,-0.1932516923839572,0.1932516923839572
thetao,W20p0,7,11,0.19318465814998473,0.19318465814998473
thetao,W40p0,6,17,0.19307399961355456,0.19307399961355456
thetao,W60p0,3,13,0.19304368719308207,0.19304368719308207
thetao,W40p0,1,7,0.1930082205347702,0.1930082205347702
so,W40p0,10,4,0.19281818630034284,0.19281818630034284
so,W60p0,7,8,-0.1928036601061079,0.1928036601061079
so,W20p0,9,13,0.19278495960302827,0.19278495960302827
so,W40p0,1,9,0.19275974716739597,0.19275974716739597
so,W20p0,7,6,-0.19256847698847712,0.19256847698847712
so,W40p0,2,20,0.1924069928314035,0.1924069928314035
thetao,W20p0,8,12,-0.19220262699528937,0.19220262699528937
so,W30p0,8,13,-0.19216955363247812,0.19216955363247812
so,W60p0,2,7,0.192033464185581,0.192033464185581
so,W30p0,7,0,-0.19200240050770226,0.19200240050770226
thetao,W20p0,4,10,0.19162207219216312,0.19162207219216312
so,W30p0,5,15,-0.19144979807224916,0.19144979807224916
so,W20p0,5,7,-0.19140087808096043,0.19140087808096043
so,W60p0,5,19,-0.1914004702096768,0.1914004702096768
thetao,W40p0,1,9,0.19113460358702525,0.19113460358702525
thetao,W20p0,6,7,0.19109189189764417,0.19109189189764417
so,W10p0,2,7,-0.19090655653082117,0.19090655653082117
thetao,W60p0,5,18,-0.19086452202481385,0.19086452202481385
so,W20p0,10,11,0.19082114419047772,0.19082114419047772
thetao,W20p0,4,20,0.19020385592439668,0.19020385592439668
thetao,W20p0,1,2,0.19008132805695002,0.19008132805695002
thetao,W60p0,4,19,-0.19001523687279406,0.19001523687279406
so,W60p0,3,15,-0.18997361268771323,0.18997361268771323
thetao,W10p0,1,14,0.18994360282622266,0.18994360282622266
so,W60p0,8,18,0.18958599981763474,0.18958599981763474
thetao,W60p0,10,18,-0.18956233553602592,0.18956233553602592
thetao,W60p0,6,1,0.18955897965151805,0.18955897965151805
thetao,W20p0,2,11,-0.18954053835417137,0.18954053835417137
thetao,W30p0,4,2,0.18953581498768687,0.18953581498768687
thetao,W60p0,9,14,-0.18928619753345433,0.18928619753345433
so,W10p0,2,14,-0.18917212987805074,0.18917212987805074
so,W10p0,10,8,-0.18912865644097196,0.18912865644097196
thetao,W20p0,8,19,-0.18902469269704184,0.18902469269704184
thetao,W30p0,8,3,0.18868698510184517,0.18868698510184517
so,W20p0,2,4,-0.18867775746068624,0.18867775746068624
so,W60p0,10,0,0.18833661785093872,0.18833661785093872
so,W10p0,8,6,0.18798959056055936,0.18798959056055936
so,W10p0,4,14,-0.1876034024565815,0.1876034024565815
so,W20p0,9,5,0.18710215907557212,0.18710215907557212
thetao,W30p0,7,4,0.18688686470769433,0.18688686470769433
so,W20p0,6,10,-0.1866141963541418,0.1866141963541418
so,W20p0,4,12,-0.18657464355038675,0.18657464355038675
thetao,W20p0,1,1,0.18634813086602098,0.18634813086602098
thetao,W30p0,3,17,0.18592001031314942,0.18592001031314942
so,W60p0,1,14,0.18583700572871584,0.18583700572871584
thetao,W20p0,7,5,0.18568247443469327,0.18568247443469327
thetao,W20p0,3,6,-0.18547439491440015,0.18547439491440015
so,W60p0,9,11,-0.18545923692507812,0.18545923692507812
thetao,W40p0,1,8,0.1849493933400067,0.1849493933400067
so,W20p0,3,7,0.1847454693259435,0.1847454693259435
thetao,W30p0,3,19,0.1847429733308851,0.1847429733308851
thetao,W30p0,4,14,0.1844957848391779,0.1844957848391779
so,W10p0,9,18,0.18423261517118336,0.18423261517118336
so,W30p0,1,13,0.1841241502416055,0.1841241502416055
so,W20p0,9,17,0.18396457669529143,0.18396457669529143
thetao,W40p0,5,12,-0.1835752746282184,0.1835752746282184
thetao,W10p0,3,4,-0.1835196902221362,0.1835196902221362
so,W30p0,7,4,-0.18351888629800994,0.18351888629800994
so,W20p0,1,3,-0.1834792815727833,0.1834792815727833
so,W60p0,10,1,0.18345944188676444,0.18345944188676444
so,W60p0,1,10,0.18334520386423828,0.18334520386423828
so,W20p0,1,4,-0.18295432382560153,0.18295432382560153
thetao,W40p0,10,16,0.1825873950307846,0.1825873950307846
thetao,W60p0,7,14,0.18243264210474383,0.18243264210474383
thetao,W20p0,1,13,0.18223508093322544,0.18223508093322544
thetao,W60p0,6,11,0.18222559244862885,0.18222559244862885
so,W40p0,3,10,0.18203864930496436,0.18203864930496436
so,W30p0,3,3,0.18195423967893862,0.18195423967893862
so,W10p0,10,20,-0.18186887352133552,0.18186887352133552
so,W30p0,10,17,-0.18147906044632797,0.18147906044632797
thetao,W60p0,4,20,-0.18140463631608,0.18140463631608
thetao,W40p0,10,15,0.1811795945490235,0.1811795945490235
so,W30p0,8,20,-0.18105902130139004,0.18105902130139004
so,W30p0,10,1,0.18093327933150544,0.18093327933150544
thetao,W40p0,1,13,0.18089704822000421,0.18089704822000421
so,W20p0,10,17,0.18053081701531096,0.18053081701531096
thetao,W40p0,1,6,0.18049887018912153,0.18049887018912153
thetao,W60p0,6,10,0.18038547596176935,0.18038547596176935
so,W20p0,5,8,-0.1803830927152889,0.1803830927152889
so,W20p0,3,9,0.1799977096808882,0.1799977096808882
so,W60p0,3,4,-0.1798588950634936,0.1798588950634936
so,W40p0,1,8,0.17972946572368342,0.17972946572368342
so,W10p0,10,18,-0.17961795767347635,0.17961795767347635
so,W60p0,1,9,0.1794298575235442,0.1794298575235442
thetao,W20p0,4,15,0.1791585511551477,0.1791585511551477
so,W20p0,3,8,0.17904772118526935,0.17904772118526935
thetao,W20p0,7,19,0.17891222764568068,0.17891222764568068
thetao,W30p0,10,14,0.17890772701314497,0.17890772701314497
thetao,W40p0,10,14,0.17885027838064016,0.17885027838064016
so,W60p0,3,20,-0.1787785661141982,0.1787785661141982
thetao,W60p0,1,11,0.17848376804429844,0.17848376804429844
thetao,W40p0,9,10,0.17840431266152368,0.17840431266152368
so,W40p0,7,1,0.17836119767830586,0.17836119767830586
thetao,W60p0,1,14,0.17819244267560663,0.17819244267560663
thetao,W40p0,8,15,0.17811295083714634,0.17811295083714634
so,W40p0,10,8,0.17804468937919796,0.17804468937919796
thetao,W30p0,7,16,0.17789717403125604,0.17789717403125604
so,W40p0,1,12,0.17768505640757704,0.17768505640757704
so,W40p0,2,2,-0.177587136584538,0.177587136584538
thetao,W60p0,6,8,0.1775022215511421,0.1775022215511421
thetao,W10p0,6,4,-0.17725168047352144,0.17725168047352144
so,W10p0,5,17,0.17711815750768423,0.17711815750768423
thetao,W20p0,10,17,-0.17691311830567294,0.17691311830567294
so,W20p0,4,8,-0.17659798158135878,0.17659798158135878
thetao,W60p0,3,9,0.17659186052536155,0.17659186052536155
thetao,W20p0,10,13,-0.1765768919319115,0.1765768919319115
so,W60p0,6,3,0.17630578498492624,0.17630578498492624
thetao,W40p0,6,12,0.17610207674771403,0.17610207674771403
thetao,W40p0,8,0,-0.17605069783211208,0.17605069783211208
thetao,W10p0,6,5,-0.17566938851130423,0.17566938851130423
so,W20p0,6,0,-0.1755919294930443,0.1755919294930443
so,W20p0,10,12,0.17553747227954566,0.17553747227954566
thetao,W40p0,5,6,-0.17544041534732924,0.17544041534732924
thetao,W30p0,7,6,0.17529628914551784,0.17529628914551784
thetao,W20p0,2,12,-0.1750494975683566,0.1750494975683566
so,W30p0,7,1,-0.17477435202172115,0.17477435202172115
thetao,W20p0,1,14,0.17475858886182977,0.17475858886182977
so,W10p0,8,7,0.17468588761161613,0.17468588761161613
thetao,W60p0,7,10,0.1742742655265196,0.1742742655265196
so,W20p0,7,7,-0.17415189400479653,0.17415189400479653
thetao,W30p0,3,5,0.17412053133543023,0.17412053133543023
thetao,W20p0,6,0,0.17390234661043488,0.17390234661043488
thetao,W60p0,9,12,-0.173632021864789,0.173632021864789
so,W10p0,2,10,-0.17314389697430757,0.17314389697430757
thetao,W20p0,10,11,-0.1728955191102195,0.1728955191102195
thetao,W60p0,8,13,0.17282750751735698,0.17282750751735698
thetao,W30p0,7,13,0.17279192231960208,0.17279192231960208
thetao,W20p0,2,20,-0.17258974047980707,0.17258974047980707
thetao,W20p0,1,5,0.1723936950612504,0.1723936950612504
thetao,W40p0,6,13,0.17214966691162695,0.17214966691162695
thetao,W30p0,1,19,0.1718486396986475,0.1718486396986475
thetao,W30p0,8,17,-0.17158105890744776,0.17158105890744776
thetao,W40p0,9,7,0.17157441954910527,0.17157441954910527
so,W10p0,8,18,0.1714973069035717,0.1714973069035717
so,W60p0,7,19,-0.17138397683117168,0.17138397683117168
so,W10p0,7,14,-0.17133368462045495,0.17133368462045495
so,W60p0,3,10,-0.1713250062776995,0.1713250062776995
thetao,W20p0,6,1,0.17124396465672873,0.17124396465672873
thetao,W40p0,3,17,0.17116501798781333,0.17116501798781333
so,W20p0,6,15,-0.17100552383738424,0.17100552383738424
thetao,W30p0,8,16,-0.17099874647855945,0.17099874647855945
thetao,W10p0,10,8,0.1709311043600541,0.1709311043600541
thetao,W10p0,4,15,0.17073258804099015,0.17073258804099015
thetao,W60p0,7,13,0.17057372386793465,0.17057372386793465
so,W20p0,5,20,0.1702991752278196,0.1702991752278196
so,W40p0,10,3,0.17016873129847718,0.17016873129847718
thetao,W20p0,10,10,-0.16973627118845352,0.16973627118845352
thetao,W20p0,3,20,-0.16973602578898048,0.16973602578898048
so,W20p0,7,8,-0.16967292420332875,0.16967292420332875
so,W20p0,3,6,0.16952856705496083,0.16952856705496083
so,W20p0,7,18,-0.1690492187189283,0.1690492187189283
thetao,W30p0,7,12,0.16846636604562265,0.16846636604562265
so,W40p0,6,3,0.1684061504896786,0.1684061504896786
thetao,W30p0,4,8,0.16833931845347325,0.16833931845347325
so,W20p0,8,12,0.16812503577627932,0.16812503577627932
so,W20p0,2,17,-0.167758337930437,0.167758337930437
thetao,W30p0,8,18,-0.16770152850794728,0.16770152850794728
thetao,W20p0,6,2,0.16738051877573082,0.16738051877573082
thetao,W60p0,8,4,-0.16678686057241554,0.16678686057241554
thetao,W20p0,9,7,-0.1667723646772711,0.1667723646772711
thetao,W10p0,8,8,0.1667699165647024,0.1667699165647024
so,W10p0,5,16,0.16657028098601595,0.16657028098601595
thetao,W60p0,1,10,0.16652977933713534,0.16652977933713534
thetao,W60p0,6,9,0.1663865703193509,0.1663865703193509
thetao,W10p0,4,9,0.1661167766936134,0.1661167766936134
thetao,W40p0,10,19,0.16593835973927815,0.16593835973927815
thetao,W60p0,9,11,-0.16593562516145852,0.16593562516145852
so,W40p0,2,1,-0.16591155027021376,0.16591155027021376
so,W10p0,10,17,-0.16585754193398078,0.16585754193398078
so,W20p0,1,5,-0.16581532557873113,0.16581532557873113
thetao,W30p0,2,20,-0.16564230637097574,0.16564230637097574
thetao,W10p0,7,17,0.1655979410698358,0.1655979410698358
so,W40p0,3,4,0.16526992909821267,0.16526992909821267
thetao,W30p0,9,12,-0.16511648784785102,0.16511648784785102
thetao,W20p0,1,0,0.16487443046470832,0.16487443046470832
thetao,W10p0,4,0,-0.16457590633703137,0.16457590633703137
so,W30p0,7,8,-0.16450014242542843,0.16450014242542843
so,W30p0,9,0,-0.1644825874778722,0.1644825874778722
thetao,W10p0,6,0,-0.16439636450622377,0.16439636450622377
so,W20p0,9,11,0.1642016842196984,0.1642016842196984
so,W40p0,4,0,-0.1641789930616818,0.1641789930616818
so,W40p0,9,7,-0.16416918586304657,0.16416918586304657
thetao,W20p0,7,10,0.16404907100080146,0.16404907100080146
thetao,W60p0,1,9,0.16395290233313395,0.16395290233313395
thetao,W20p0,7,20,0.16384833723294087,0.16384833723294087
so,W60p0,4,1,0.16348151588104975,0.16348151588104975
so,W10p0,7,12,-0.1634755471769024,0.1634755471769024
so,W60p0,1,8,0.16311946903582245,0.16311946903582245
thetao,W40p0,3,4,0.16278357933904294,0.16278357933904294
so,W40p0,2,19,0.1627467073178568,0.1627467073178568
so,W10p0,7,8,-0.16272707113155882,0.16272707113155882
thetao,W20p0,7,13,0.16268313110596164,0.16268313110596164
thetao,W30p0,1,1,0.16266618749859393,0.16266618749859393
so,W20p0,3,0,0.16228844105008405,0.16228844105008405
so,W60p0,3,18,-0.1622407634557414,0.1622407634557414
so,W40p0,7,0,0.1619874266277363,0.1619874266277363
thetao,W20p0,9,10,-0.16183258659843283,0.16183258659843283
thetao,W10p0,10,4,0.16171514199785944,0.16171514199785944
so,W40p0,7,5,0.161535539540506,0.161535539540506
thetao,W20p0,7,3,0.16135263689835588,0.16135263689835588
thetao,W60p0,10,5,-0.16134718106873774,0.16134718106873774
so,W40p0,1,10,0.16119348336950692,0.16119348336950692
thetao,W30p0,8,6,0.16107164978321964,0.16107164978321964
so,W60p0,2,1,0.16086162728512726,0.16086162728512726
so,W60p0,8,13,0.16006784883707206,0.16006784883707206
thetao,W60p0,10,4,-0.1600628478642618,0.1600628478642618
thetao,W30p0,3,10,0.1599726756182787,0.1599726756182787
so,W10p0,2,13,-0.15970662194620855,0.15970662194620855
thetao,W20p0,6,10,0.1596680729899888,0.1596680729899888
thetao,W60p0,10,7,-0.15963608006560367,0.15963608006560367
so,W10p0,8,17,0.15949132607818908,0.15949132607818908
so,W30p0,1,19,0.15939088769292525,0.15939088769292525
thetao,W40p0,9,6,0.15922572967843185,0.15922572967843185
thetao,W40p0,2,13,-0.15916635289438455,0.15916635289438455
so,W10p0,8,8,0.15874627914230344,0.15874627914230344
so,W30p0,8,18,-0.15865129689113097,0.15865129689113097
so,W60p0,7,7,-0.15855787447346692,0.15855787447346692
thetao,W20p0,5,15,0.1585139353362269,0.1585139353362269
thetao,W30p0,2,16,-0.15829172823839457,0.15829172823839457
so,W60p0,2,5,0.15803039070823136,0.15803039070823136
thetao,W10p0,3,5,-0.15801110703240137,0.15801110703240137
thetao,W30p0,3,18,0.15789097281578754,0.15789097281578754
thetao,W40p0,9,11,0.15787046453641165,0.15787046453641165
so,W30p0,5,6,0.15774761751762992,0.15774761751762992
so,W10p0,8,19,0.157715329538874,0.157715329538874
so,W60p0,9,14,-0.15767653198404866,0.15767653198404866
so,W20p0,10,13,0.15761361012653058,0.15761361012653058
thetao,W40p0,7,12,-0.15722977845235012,0.15722977845235012
so,W10p0,7,7,-0.15705545744229688,0.15705545744229688
so,W10p0,4,12,-0.15705246643202733,0.15705246643202733
thetao,W10p0,8,4,0.15698613566862163,0.15698613566862163
thetao,W60p0,8,1,-0.15692022347383397,0.15692022347383397
so,W20p0,7,20,-0.15686166966845957,0.15686166966845957
thetao,W10p0,4,1,-0.15674250710048393,0.15674250710048393
so,W60p0,9,7,-0.1565539325288309,0.1565539325288309
so,W60p0,3,16,-0.15643398475371453,0.15643398475371453
so,W40p0,1,16,0.15639948929769112,0.15639948929769112
so,W10p0,9,17,0.15638328767930332,0.15638328767930332
thetao,W20p0,8,15,-0.1557183815276561,0.1557183815276561
so,W30p0,5,7,0.15570634058829824,0.15570634058829824
so,W20p0,3,1,0.15560070881988408,0.15560070881988408
so,W40p0,1,11,0.1552821012428985,0.1552821012428985
so,W20p0,10,14,0.15526695794676723,0.15526695794676723
so,W40p0,10,2,0.15520537859632985,0.15520537859632985
thetao,W10p0,7,19,0.1549650850265097,0.1549650850265097
so,W20p0,5,19,0.1546597419034637,0.1546597419034637
thetao,W10p0,7,8,0.15458152995306168,0.15458152995306168
so,W30p0,1,12,0.15457599821403267,0.15457599821403267
thetao,W40p0,9,1,0.15456901861528452,0.15456901861528452
so,W60p0,3,11,-0.1545289463958289,0.1545289463958289
thetao,W30p0,4,7,0.15442031698827807,0.15442031698827807
thetao,W20p0,8,16,-0.15430272491561267,0.15430272491561267
so,W10p0,9,19,0.1542702663270405,0.1542702663270405
so,W30p0,7,2,-0.15397576282535144,0.15397576282535144
thetao,W30p0,10,8,0.15376669354989528,0.15376669354989528
thetao,W30p0,4,1,0.1537515064865022,0.1537515064865022
so,W20p0,10,5,0.15370124278755656,0.15370124278755656
thetao,W20p0,1,15,0.15364356148054495,0.15364356148054495
so,W60p0,1,15,0.1535578789202546,0.1535578789202546
so,W20p0,10,10,0.15343809697979122,0.15343809697979122
thetao,W60p0,3,10,0.1532564034417814,0.1532564034417814
so,W40p0,10,7,0.1529321603936392,0.1529321603936392
so,W20p0,9,14,0.15260301661871134,0.15260301661871134
so,W40p0,2,8,-0.152397026758532,0.152397026758532
thetao,W20p0,10,6,-0.152204575246245,0.152204575246245
so,W60p0,7,20,-0.15210872081183813,0.15210872081183813
thetao,W20p0,2,16,-0.15174693314206741,0.15174693314206741
so,W40p0,1,18,0.15163367966173674,0.15163367966173674
thetao,W60p0,10,8,-0.15161802241476485,0.15161802241476485
thetao,W20p0,4,19,0.15148244479498985,0.15148244479498985
thetao,W20p0,8,11,-0.15132983103059552,0.15132983103059552
so,W40p0,2,9,-0.15118639283710822,0.15118639283710822
thetao,W60p0,3,8,0.1510366336269941,0.1510366336269941
so,W40p0,1,7,0.1507071548929749,0.1507071548929749
so,W20p0,4,4,-0.15031148854765383,0.15031148854765383
so,W10p0,4,20,-0.15013405682802172,0.15013405682802172
so,W20p0,9,10,0.15000635700829912,0.15000635700829912
so,W60p0,1,7,0.14993803088262736,0.14993803088262736
thetao,W20p0,6,5,0.1498697599655779,0.1498697599655779
thetao,W40p0,10,17,0.14983230040173945,0.14983230040173945
so,W20p0,6,1,-0.14979784367324575,0.14979784367324575
so,W60p0,2,4,0.1497553488574751,0.1497553488574751
so,W10p0,10,10,-0.14966114722370571,0.14966114722370571
thetao,W20p0,4,9,0.14933022411232577,0.14933022411232577
thetao,W30p0,10,19,0.14929322028647163,0.14929322028647163
so,W20p0,3,2,0.14926203065994875,0.14926203065994875
so,W20p0,7,16,-0.1490586246703384,0.1490586246703384
thetao,W30p0,7,14,0.14902899044697546,0.14902899044697546
so,W20p0,9,12,0.14886039838423465,0.14886039838423465
so,W60p0,9,16,-0.1487467858118533,0.1487467858118533
thetao,W30p0,4,19,0.14868165415648033,0.14868165415648033
thetao,W30p0,3,4,0.14856320521186883,0.14856320521186883
thetao,W10p0,6,20,0.14847156782657814,0.14847156782657814
so,W10p0,8,20,0.1478280721523036,0.1478280721523036
so,W20p0,3,5,0.14761064703267932,0.14761064703267932
so,W10p0,6,1,-0.1475833123737397,0.1475833123737397
thetao,W30p0,10,0,-0.1475353773278082,0.1475353773278082
so,W10p0,2,11,-0.1473821216801433,0.1473821216801433
so,W30p0,1,11,0.14716738196989146,0.14716738196989146
so,W10p0,7,15,-0.14684171365608328,0.14684171365608328
so,W30p0,7,10,-0.1466902434175995,0.1466902434175995
so,W20p0,9,15,0.14665329361868845,0.14665329361868845
thetao,W40p0,9,9,0.1466319935271342,0.1466319935271342
so,W40p0,2,13,-0.14643214702330293,0.14643214702330293
so,W20p0,4,3,-0.1463408542309957,0.1463408542309957
thetao,W30p0,9,20,-0.14602393353180843,0.14602393353180843
so,W10p0,6,16,0.14592385366020394,0.14592385366020394
thetao,W40p0,3,5,0.14564649390549872,0.14564649390549872
so,W20p0,8,13,0.1448931394059418,0.1448931394059418
thetao,W20p0,8,17,-0.14488664879971122,0.14488664879971122
thetao,W10p0,10,9,0.14482655487627769,0.14482655487627769
so,W30p0,8,19,-0.144740041162412,0.144740041162412
thetao,W40p0,9,16,0.14438396385145602,0.14438396385145602
thetao,W10p0,9,16,-0.14438030989054118,0.14438030989054118
thetao,W20p0,1,3,0.14437725149045355,0.14437725149045355
so,W20p0,10,8,0.14432671207350645,0.14432671207350645
so,W20p0,9,20,0.14425640723911357,0.14425640723911357
so,W20p0,10,9,0.14398805415111807,0.14398805415111807
thetao,W20p0,7,4,0.14391562638246314,0.14391562638246314
thetao,W30p0,7,20,0.1438661965199558,0.1438661965199558
thetao,W60p0,8,5,-0.14380936855494428,0.14380936855494428
thetao,W40p0,9,5,0.14357999797551224,0.14357999797551224
so,W30p0,1,0,-0.14335693998099175,0.14335693998099175
so,W60p0,8,8,0.14331022152256578,0.14331022152256578
so,W60p0,8,7,0.1432813866525511,0.1432813866525511
thetao,W40p0,1,5,0.14318511955779217,0.14318511955779217
thetao,W40p0,8,1,-0.1429638291197899,0.1429638291197899
so,W30p0,10,2,0.1429575833700644,0.1429575833700644
so,W30p0,7,9,-0.14291612947364266,0.14291612947364266
so,W60p0,8,16,0.14275039768669792,0.14275039768669792
thetao,W20p0,6,8,0.1427426774639365,0.1427426774639365
thetao,W40p0,9,13,0.1426482605683676,0.1426482605683676
so,W20p0,3,4,0.14250393263176264,0.14250393263176264
thetao,W20p0,10,14,-0.14244990352724302,0.14244990352724302
so,W20p0,7,12,-0.14235874623793382,0.14235874623793382
so,W10p0,5,2,0.14228292819437877,0.14228292819437877
thetao,W10p0,5,18,0.14184971388613912,0.14184971388613912
thetao,W60p0,1,8,0.14165522077474543,0.14165522077474543
so,W40p0,3,5,0.14164689944738917,0.14164689944738917
so,W10p0,5,15,0.1416375649441765,0.1416375649441765
thetao,W40p0,10,13,0.14157366270800856,0.14157366270800856
so,W10p0,6,17,0.14150003221534502,0.14150003221534502
so,W10p0,8,0,0.14123254043583158,0.14123254043583158
thetao,W10p0,7,18,0.1411925580580228,0.1411925580580228
so,W20p0,5,9,-0.14114088566245567,0.14114088566245567
so,W10p0,2,12,-0.14102882994379576,0.14102882994379576
thetao,W10p0,6,1,-0.14098771025322074,0.14098771025322074
so,W30p0,9,3,-0.1403428809384302,0.1403428809384302
so,W20p0,10,6,0.13987279023972404,0.13987279023972404
thetao,W20p0,2,15,-0.1398324349734847,0.1398324349734847
so,W20p0,9,0,0.13970916784466264,0.13970916784466264
thetao,W20p0,9,11,-0.13945389319719861,0.13945389319719861
thetao,W10p0,7,7,0.13938154344475054,0.13938154344475054
thetao,W10p0,6,3,-0.1392382565209924,0.1392382565209924
thetao,W30p0,7,15,0.1390969350935006,0.1390969350935006
thetao,W60p0,9,13,-0.13894640976748582,0.13894640976748582
so,W10p0,4,15,-0.13841595767947407,0.13841595767947407
so,W20p0,10,15,0.1382939747532497,0.1382939747532497
so,W30p0,7,18,-0.138225820373987,0.138225820373987
so,W60p0,3,17,-0.13804433683794334,0.13804433683794334
thetao,W30p0,4,0,0.13794118961439936,0.13794118961439936
so,W30p0,7,3,-0.13788808350221463,0.13788808350221463
thetao,W20p0,4,6,0.13774211975388298,0.13774211975388298
thetao,W40p0,9,8,0.13774171367499952,0.13774171367499952
so,W60p0,5,13,0.1376992545376255,0.1376992545376255
so,W20p0,7,19,-0.13762478796627164,0.13762478796627164
thetao,W40p0,5,2,-0.1374819431957269,0.1374819431957269
thetao,W30p0,7,11,0.13710161724941256,0.13710161724941256
so,W20p0,3,10,0.13705997563575012,0.13705997563575012
so,W30p0,10,13,-0.1368989707720326,0.1368989707720326
thetao,W40p0,10,18,0.1366804385465591,0.1366804385465591
thetao,W30p0,8,14,-0.13628724641094206,0.13628724641094206
thetao,W20p0,7,7,0.13626966373503538,0.13626966373503538
so,W60p0,2,0,0.13619813972037945,0.13619813972037945
so,W20p0,4,5,-0.13619465822511195,0.13619465822511195
thetao,W60p0,1,7,0.13612152963532795,0.13612152963532795
thetao,W10p0,9,7,0.13579875088894974,0.13579875088894974
thetao,W10p0,4,13,0.1357914382191169,0.1357914382191169
so,W30p0,7,11,-0.13575335374041875,0.13575335374041875
so,W10p0,10,1,-0.13574033441669048,0.13574033441669048
thetao,W60p0,4,14,-0.1355599153202652,0.1355599153202652
so,W30p0,5,5,0.13533357506684934,0.13533357506684934
thetao,W60p0,1,15,0.135089573220691,0.135089573220691
thetao,W40p0,9,12,0.1350113068529037,0.1350113068529037
thetao,W10p0,10,10,0.13466743303579268,0.13466743303579268
so,W60p0,7,0,-0.1346235499277302,0.1346235499277302
so,W40p0,1,17,0.13455214501229534,0.13455214501229534
so,W30p0,1,10,0.13450886519362443,0.13450886519362443
so,W30p0,4,19,-0.13407454103599453,0.13407454103599453
thetao,W40p0,1,14,0.1338699765913856,0.1338699765913856
so,W40p0,6,2,0.13365934226337983,0.13365934226337983
thetao,W40p0,9,0,0.1334026458580927,0.1334026458580927
thetao,W30p0,10,4,0.13279091404547774,0.13279091404547774
thetao,W40p0,6,6,0.13255848646489513,0.13255848646489513
so,W20p0,10,16,0.1323990913419406,0.1323990913419406
thetao,W30p0,10,13,0.13238696641542025,0.13238696641542025
so,W20p0,6,4,-0.1323856395984806,0.1323856395984806
thetao,W20p0,2,17,-0.13217231196235868,0.13217231196235868
thetao,W20p0,7,2,0.13212445187247407,0.13212445187247407
thetao,W10p0,7,10,0.13207280654103357,0.13207280654103357
so,W10p0,5,5,0.13201130776420478,0.13201130776420478
so,W40p0,7,9,0.13187447415603268,0.13187447415603268
thetao,W40p0,9,15,0.13175785382569608,0.13175785382569608
so,W10p0,4,19,-0.13158316429004752,0.13158316429004752
thetao,W60p0,10,17,-0.13149577807880855,0.13149577807880855
so,W60p0,5,18,-0.13148082060130425,0.13148082060130425
thetao,W20p0,8,18,-0.131473372749512,0.131473372749512
so,W20p0,3,3,0.13066811843619383,0.13066811843619383
thetao,W10p0,8,6,0.13058813197914343,0.13058813197914343
thetao,W10p0,7,11,0.13036127132019318,0.13036127132019318
thetao,W40p0,9,19,0.13018143613013836,0.13018143613013836
thetao,W60p0,4,18,-0.13011406322710226,0.13011406322710226
so,W10p0,9,6,-0.13003859622315142,0.13003859622315142
thetao,W10p0,8,7,0.12995113593951038,0.12995113593951038
thetao,W10p0,4,2,-0.12957854060893678,0.12957854060893678
thetao,W20p0,4,13,0.12954350518111227,0.12954350518111227
thetao,W40p0,9,14,0.12947638639516762,0.12947638639516762
so,W20p0,8,3,0.12891516281596374,0.12891516281596374
so,W40p0,3,3,0.12881339861207605,0.12881339861207605
so,W60p0,6,4,0.12875723524988203,0.12875723524988203
so,W40p0,1,19,0.12872205729698144,0.12872205729698144
thetao,W40p0,10,11,0.12871488621898572,0.12871488621898572
thetao,W30p0,10,12,0.12862686581560384,0.12862686581560384
thetao,W30p0,3,15,0.1283578902336927,0.1283578902336927
so,W20p0,10,7,0.12831617156828212,0.12831617156828212
so,W30p0,9,17,-0.12830082171732465,0.12830082171732465
so,W60p0,1,16,0.12811353917210203,0.12811353917210203
thetao,W30p0,8,2,0.12804010824032153,0.12804010824032153
so,W10p0,7,19,-0.1279853186350061,0.1279853186350061
thetao,W20p0,6,20,0.1279511546951814,0.1279511546951814
so,W60p0,6,20,-0.1279330054397321,0.1279330054397321
thetao,W40p0,8,9,0.1276173804051361,0.1276173804051361
so,W20p0,6,16,-0.12733188725159036,0.12733188725159036
so,W20p0,8,11,0.12727815031638998,0.12727815031638998
so,W30p0,6,0,-0.12714729000946848,0.12714729000946848
thetao,W40p0,10,12,0.127015407077187,0.127015407077187
thetao,W10p0,1,12,0.1263485532242683,0.1263485532242683
so,W30p0,6,14,0.12618964020625154,0.12618964020625154
so,W30p0,9,13,-0.12602597660304102,0.12602597660304102
thetao,W10p0,3,3,-0.12592155120968881,0.12592155120968881
so,W20p0,3,11,0.125648964663517,0.125648964663517
thetao,W30p0,10,11,0.1253137700638894,0.1253137700638894
so,W10p0,2,16,-0.12517979723085712,0.12517979723085712
thetao,W30p0,7,3,0.12516692203998958,0.12516692203998958
thetao,W60p0,8,12,0.12507599563104552,0.12507599563104552
thetao,W30p0,7,10,0.12489869496177454,0.12489869496177454
thetao,W40p0,8,10,0.1246037265650351,0.1246037265650351
so,W20p0,3,12,0.12453574930200066,0.12453574930200066
thetao,W30p0,8,15,-0.12445271074579511,0.12445271074579511
so,W10p0,9,8,-0.12430942170593819,0.12430942170593819
thetao,W20p0,1,16,0.12421105797889735,0.12421105797889735
thetao,W20p0,3,3,-0.12414050292496122,0.12414050292496122
so,W60p0,8,17,0.12404105537357969,0.12404105537357969
so,W20p0,1,6,-0.12399968182881022,0.12399968182881022
thetao,W20p0,4,3,0.12393465727182824,0.12393465727182824
so,W30p0,6,1,-0.12392837059781432,0.12392837059781432
so,W40p0,7,10,0.12372822567905427,0.12372822567905427
thetao,W40p0,1,0,0.12363598535761117,0.12363598535761117
thetao,W20p0,9,12,-0.12360803598562943,0.12360803598562943
thetao,W20p0,2,13,-0.12337795241698503,0.12337795241698503
thetao,W30p0,4,20,0.12328673959959986,0.12328673959959986
thetao,W20p0,7,6,0.12319607536754933,0.12319607536754933
so,W10p0,4,11,-0.12319133738147901,0.12319133738147901
thetao,W30p0,1,20,0.12311952742214757,0.12311952742214757
so,W20p0,4,6,-0.12278675026194347,0.12278675026194347
thetao,W20p0,2,18,-0.12259262561200825,0.12259262561200825
so,W10p0,8,9,0.12247516453786257,0.12247516453786257
thetao,W10p0,1,11,0.12201200244904706,0.12201200244904706
so,W10p0,10,7,-0.12194442376881046,0.12194442376881046
so,W30p0,3,2,0.12191810274685418,0.12191810274685418
thetao,W40p0,9,4,0.12138074482737488,0.12138074482737488
so,W30p0,1,9,0.1212498245340073,0.1212498245340073
so,W60p0,9,5,-0.12116738959430524,0.12116738959430524
thetao,W30p0,1,0,0.12106331355420215,0.12106331355420215
thetao,W60p0,10,6,-0.12084747103594373,0.12084747103594373
thetao,W30p0,10,17,0.12063274217863018,0.12063274217863018
thetao,W40p0,8,11,0.12058194075859607,0.12058194075859607
thetao,W10p0,3,9,0.1203271730041942,0.1203271730041942
so,W20p0,4,7,-0.12027887413864634,0.12027887413864634
thetao,W30p0,10,10,0.12008975761370266,0.12008975761370266
so,W20p0,4,2,-0.12006265652350878,0.12006265652350878
thetao,W30p0,9,19,-0.11894529734336196,0.11894529734336196
so,W10p0,5,10,0.11881124393238442,0.11881124393238442
so,W10p0,10,2,-0.11864528145779146,0.11864528145779146
thetao,W30p0,6,13,0.11857615363718017,0.11857615363718017
thetao,W30p0,7,7,0.11831480210505801,0.11831480210505801
so,W40p0,8,0,-0.11809836322388755,0.11809836322388755
so,W60p0,7,9,-0.11801377221994569,0.11801377221994569
so,W20p0,6,17,-0.11761700412816817,0.11761700412816817
so,W40p0,7,6,0.11755489026659023,0.11755489026659023
so,W60p0,9,10,-0.11752579582795722,0.11752579582795722
thetao,W10p0,10,7,0.1174378364461334,0.1174378364461334
thetao,W60p0,7,9,0.11730749203960107,0.11730749203960107
thetao,W20p0,1,4,0.11723787247254974,0.11723787247254974
thetao,W10p0,7,12,0.11721196633905341,0.11721196633905341
so,W10p0,8,2,0.11708433715378289,0.11708433715378289
thetao,W60p0,8,3,-0.1169894401704994,0.1169894401704994
so,W40p0,6,1,0.1169875422012265,0.1169875422012265
thetao,W20p0,6,3,0.11688838294030561,0.11688838294030561
thetao,W10p0,6,6,-0.11686940288314254,0.11686940288314254
thetao,W10p0,9,12,0.1166854780385248,0.1166854780385248
so,W10p0,7,11,-0.11662406885475415,0.11662406885475415
thetao,W10p0,9,8,0.11651076874597159,0.11651076874597159
so,W60p0,9,15,-0.11648045518583201,0.11648045518583201
thetao,W20p0,7,1,0.11629194461964695,0.11629194461964695
so,W20p0,8,6,0.11628423469956328,0.11628423469956328
thetao,W10p0,9,20,-0.11619344926316848,0.11619344926316848
so,W20p0,6,2,-0.11617116760571627,0.11617116760571627
thetao,W10p0,6,13,0.1161680250935724,0.1161680250935724
so,W30p0,5,4,0.11607102773574823,0.11607102773574823
thetao,W30p0,10,20,0.11605628664423921,0.11605628664423921
so,W30p0,9,18,-0.11604174129040862,0.11604174129040862
thetao,W30p0,7,9,0.11598643156279888,0.11598643156279888
thetao,W20p0,6,4,0.11530158506595745,0.11530158506595745
thetao,W40p0,1,1,0.11517678835840638,0.11517678835840638
thetao,W30p0,8,7,0.11464855249927869,0.11464855249927869
so,W60p0,4,0,0.1146388344238049,0.1146388344238049
so,W20p0,6,18,-0.1143618047541591,0.1143618047541591
thetao,W60p0,9,10,-0.11434173032822754,0.11434173032822754
thetao,W20p0,2,19,-0.11376876328175176,0.11376876328175176
thetao,W10p0,10,5,0.11368225331363649,0.11368225331363649
thetao,W40p0,10,20,0.11362909899541329,0.11362909899541329
so,W30p0,1,20,0.11344616814140693,0.11344616814140693
thetao,W60p0,3,0,-0.113444951170093,0.113444951170093
so,W40p0,8,19,0.11298731952431772,0.11298731952431772
so,W60p0,6,14,-0.11261494679924443,0.11261494679924443
thetao,W10p0,4,8,0.11232592861482903,0.11232592861482903
thetao,W20p0,3,5,-0.11219164630180288,0.11219164630180288
so,W60p0,7,18,-0.11214962526897189,0.11214962526897189
so,W60p0,1,6,0.11195539549948612,0.11195539549948612
so,W60p0,2,3,0.11176848949321558,0.11176848949321558
so,W40p0,7,8,0.11175223201746967,0.11175223201746967
thetao,W30p0,9,15,-0.11171206397884231,0.11171206397884231
thetao,W10p0,8,9,0.11157733895069648,0.11157733895069648
thetao,W30p0,10,7,0.11129302393796815,0.11129302393796815
thetao,W10p0,9,19,-0.11128379653897474,0.11128379653897474
thetao,W10p0,7,9,0.1112608425296756,0.1112608425296756
thetao,W20p0,8,10,-0.11121302413801841,0.11121302413801841
so,W60p0,1,17,0.11120058638634271,0.11120058638634271
so,W20p0,3,13,0.11117023425135147,0.11117023425135147
thetao,W20p0,2,14,-0.11091398040053091,0.11091398040053091
so,W20p0,9,19,0.11076934574623808,0.11076934574623808
thetao,W10p0,9,6,0.11061058647596081,0.11061058647596081
thetao,W10p0,1,15,0.11036838803702992,0.11036838803702992
thetao,W10p0,5,19,0.11017924894181157,0.11017924894181157
so,W30p0,6,2,-0.10987289946373077,0.10987289946373077
so,W10p0,5,9,0.10973607043841262,0.10973607043841262
thetao,W20p0,7,12,0.10936635573017123,0.10936635573017123
so,W20p0,6,3,-0.10891722131877227,0.10891722131877227
thetao,W60p0,6,0,0.1084900269658157,0.1084900269658157
thetao,W20p0,9,19,-0.10847416461429661,0.10847416461429661
thetao,W10p0,3,0,0.1083090513954314,0.1083090513954314
thetao,W10p0,10,11,0.10812163975382832,0.10812163975382832
thetao,W20p0,7,8,0.10795040673680772,0.10795040673680772
so,W60p0,6,15,-0.10787801622714327,0.10787801622714327
so,W30p0,4,20,-0.10777440375761503,0.10777440375761503
thetao,W10p0,1,2,-0.1077515247154551,0.1077515247154551
so,W40p0,7,18,-0.10773168920098533,0.10773168920098533
so,W10p0,9,9,-0.1076212305665914,0.1076212305665914
thetao,W40p0,1,4,0.10709984036849263,0.10709984036849263
so,W10p0,9,7,-0.10685978006251351,0.10685978006251351
thetao,W20p0,9,6,-0.10682551201364712,0.10682551201364712
so,W40p0,6,0,0.10681264853428334,0.10681264853428334
thetao,W40p0,9,3,0.10654854171401713,0.10654854171401713
thetao,W30p0,10,9,0.10638498787235726,0.10638498787235726
so,W40p0,8,6,-0.10636307705208234,0.10636307705208234
so,W10p0,10,13,-0.10540711170153566,0.10540711170153566
so,W30p0,10,14,-0.1052809173915989,0.1052809173915989
thetao,W40p0,6,5,0.10514074750134447,0.10514074750134447
so,W30p0,1,1,-0.10472549176624628,0.10472549176624628
so,W60p0,5,17,-0.10464230909323888,0.10464230909323888
thetao,W60p0,3,5,0.10386954663726701,0.10386954663726701
thetao,W10p0,3,1,0.10378845966478024,0.10378845966478024
thetao,W10p0,6,14,0.1033816851379999,0.1033816851379999
thetao,W10p0,7,5,0.10332917730950789,0.10332917730950789
thetao,W30p0,3,11,0.10268433905599622,0.10268433905599622
so,W10p0,6,20,0.10261738118416687,0.10261738118416687
thetao,W20p0,3,4,-0.102597930083104,0.102597930083104
thetao,W10p0,1,3,-0.10242127985638039,0.10242127985638039
thetao,W30p0,10,18,0.10215561958795805,0.10215561958795805
thetao,W40p0,9,17,0.10168252900202597,0.10168252900202597
so,W30p0,6,15,0.10163673026296903,0.10163673026296903
thetao,W40p0,5,3,-0.10150101603908962,0.10150101603908962
so,W10p0,6,15,0.10141179326324523,0.10141179326324523
thetao,W10p0,1,4,-0.1011113602360687,0.1011113602360687
thetao,W40p0,7,11,-0.10098878192958208,0.10098878192958208
so,W60p0,6,6,0.1009590618774852,0.1009590618774852
so,W20p0,9,8,0.1008868483169588,0.1008868483169588
thetao,W10p0,9,13,0.10080323001826398,0.10080323001826398
so,W20p0,1,7,-0.10074454504124525,0.10074454504124525
so,W30p0,10,16,-0.10074209758221826,0.10074209758221826
so,W60p0,2,2,0.10068882011503015,0.10068882011503015
thetao,W40p0,10,1,-0.10066985062314038,0.10066985062314038
so,W10p0,7,18,-0.10060176353641119,0.10060176353641119
thetao,W30p0,10,3,0.10056042931582727,0.10056042931582727
so,W10p0,9,5,-0.10029390394189368,0.10029390394189368
so,W60p0,7,6,-0.10028211298414498,0.10028211298414498
thetao,W60p0,8,2,-0.10028189202490724,0.10028189202490724
so,W10p0,8,16,0.10023568486681446,0.10023568486681446
so,W40p0,2,18,0.10014979784596392,0.10014979784596392
thetao,W10p0,8,5,0.10001941167338901,0.10001941167338901
so,W10p0,5,18,0.09963669084837072,0.09963669084837072
thetao,W10p0,7,6,0.09938742528178651,0.09938742528178651
so,W40p0,1,20,0.09937784034693885,0.09937784034693885
thetao,W20p0,9,20,-0.09905858656733506,0.09905858656733506
so,W10p0,6,18,0.09876837513051528,0.09876837513051528
so,W20p0,8,16,0.09875899813232666,0.09875899813232666
thetao,W10p0,4,14,0.09860447146282203,0.09860447146282203
thetao,W10p0,5,2,-0.0984983957433127,0.0984983957433127
thetao,W10p0,3,7,0.09849767795706474,0.09849767795706474
thetao,W10p0,9,15,-0.09830659988908158,0.09830659988908158
so,W40p0,7,17,-0.09824020608560988,0.09824020608560988
so,W40p0,9,2,-0.09816538450694441,0.09816538450694441
so,W60p0,6,5,0.09768688278642111,0.09768688278642111
so,W40p0,8,17,-0.0976332148888772,0.0976332148888772
thetao,W30p0,2,19,-0.09725620932441449,0.09725620932441449
thetao,W60p0,10,3,-0.09714452447662045,0.09714452447662045
so,W60p0,8,9,0.09680394765869128,0.09680394765869128
thetao,W10p0,6,19,0.09661487841635538,0.09661487841635538
thetao,W20p0,8,1,0.0965687679422013,0.0965687679422013
thetao,W60p0,3,4,0.09637146419471568,0.09637146419471568
thetao,W40p0,9,20,0.096152262067875,0.096152262067875
thetao,W20p0,6,12,0.09612181234582096,0.09612181234582096
so,W20p0,3,14,0.09590385038103728,0.09590385038103728
thetao,W60p0,1,16,0.09580348976998519,0.09580348976998519
so,W10p0,8,1,0.09559216399415806,0.09559216399415806
so,W30p0,5,14,-0.09555028785844132,0.09555028785844132
thetao,W40p0,5,5,-0.09538112803393572,0.09538112803393572
thetao,W30p0,7,8,0.09521444895117137,0.09521444895117137
thetao,W10p0,9,17,-0.09507212995476169,0.09507212995476169
thetao,W10p0,4,6,0.09499533895001189,0.09499533895001189
so,W40p0,1,6,0.0948989948947062,0.0948989948947062
so,W20p0,8,0,0.0948960623394454,0.0948960623394454
thetao,W60p0,9,9,-0.09452261512809217,0.09452261512809217
thetao,W40p0,10,0,-0.09439449282078856,0.09439449282078856
so,W20p0,8,7,0.09431512709139807,0.09431512709139807
thetao,W20p0,6,11,0.09423467380537938,0.09423467380537938
so,W40p0,10,1,0.09387257765591024,0.09387257765591024
so,W30p0,10,3,0.0937568629362629,0.0937568629362629
so,W40p0,3,9,0.09333694372260987,0.09333694372260987
thetao,W10p0,9,18,-0.09259350940670358,0.09259350940670358
thetao,W20p0,10,1,0.0923851433439853,0.0923851433439853
thetao,W10p0,10,3,0.0921709172854379,0.0921709172854379
thetao,W10p0,10,6,0.09215580465850419,0.09215580465850419
so,W30p0,5,2,0.09139498673290442,0.09139498673290442
so,W20p0,10,4,0.09129671577936507,0.09129671577936507
thetao,W20p0,9,14,-0.0912425936505502,0.0912425936505502
so,W30p0,6,17,0.09116936409422681,0.09116936409422681
thetao,W10p0,3,19,0.0907901281802027,0.0907901281802027
so,W30p0,6,13,0.09069305490922623,0.09069305490922623
thetao,W60p0,3,6,0.09066926778827301,0.09066926778827301
thetao,W10p0,9,0,0.09063805159993707,0.09063805159993707
thetao,W30p0,7,2,0.09045696596754614,0.09045696596754614
thetao,W10p0,6,2,-0.09027061910865207,0.09027061910865207
thetao,W60p0,4,15,-0.09024758153170996,0.09024758153170996
thetao,W60p0,8,8,0.0901635491494839,0.0901635491494839
so,W60p0,1,5,0.09006782695876771,0.09006782695876771
so,W20p0,5,18,0.09000156174273213,0.09000156174273213
so,W60p0,1,18,0.0898855264636645,0.0898855264636645
thetao,W10p0,1,18,0.08981050181428801,0.08981050181428801
so,W40p0,3,7,0.08968506025459533,0.08968506025459533
thetao,W40p0,1,2,0.08947300058253245,0.08947300058253245
so,W30p0,5,0,0.08925203920386295,0.08925203920386295
so,W60p0,5,14,0.08902672506878054,0.08902672506878054
so,W60p0,8,12,0.08897206125643224,0.08897206125643224
so,W30p0,10,12,-0.08897160956449744,0.08897160956449744
thetao,W10p0,9,9,0.08890381234972428,0.08890381234972428
thetao,W10p0,5,17,0.08849562632484141,0.08849562632484141
thetao,W10p0,3,20,0.08843987958219358,0.08843987958219358
so,W10p0,4,4,-0.08830213311078068,0.08830213311078068
so,W20p0,9,9,0.08820207873521241,0.08820207873521241
so,W60p0,6,16,-0.08806166395191319,0.08806166395191319
so,W40p0,9,3,-0.08803867411470585,0.08803867411470585
so,W30p0,5,3,0.08785372240173973,0.08785372240173973
thetao,W60p0,5,19,-0.08778295931716114,0.08778295931716114
so,W10p0,5,1,0.08777255557971965,0.08777255557971965
so,W40p0,8,5,-0.08761924627393068,0.08761924627393068
so,W10p0,9,4,-0.087600648463892,0.087600648463892
thetao,W60p0,9,6,0.08748177244088594,0.08748177244088594
thetao,W10p0,3,10,0.08706155705085238,0.08706155705085238
thetao,W40p0,1,20,-0.0870176906787723,0.0870176906787723
thetao,W20p0,9,13,-0.0869734983295281,0.0869734983295281
thetao,W40p0,9,2,0.0869242005946973,0.0869242005946973
thetao,W30p0,3,0,-0.08690499057407632,0.08690499057407632
thetao,W40p0,10,10,0.0868795760852947,0.0868795760852947
thetao,W10p0,10,17,-0.08686413560417318,0.08686413560417318
thetao,W10p0,9,10,0.08670400439327286,0.08670400439327286
thetao,W40p0,7,7,-0.08662276426145867,0.08662276426145867
thetao,W10p0,4,3,-0.08627351708879356,0.08627351708879356
so,W30p0,5,8,0.08594415839076462,0.08594415839076462
thetao,W10p0,1,19,0.08587955254921323,0.08587955254921323
thetao,W20p0,10,3,0.08575423766067107,0.08575423766067107
thetao,W60p0,4,13,-0.08552854553997073,0.08552854553997073
so,W20p0,9,18,0.08548441573681165,0.08548441573681165
so,W30p0,9,14,-0.08538689164444131,0.08538689164444131
thetao,W20p0,1,17,0.0853536386027218,0.0853536386027218
thetao,W60p0,4,1,0.08535077350135631,0.08535077350135631
so,W10p0,10,0,-0.08524245574475452,0.08524245574475452
so,W20p0,5,10,-0.08505508189899616,0.08505508189899616
thetao,W20p0,8,5,0.08503817841396696,0.08503817841396696
thetao,W20p0,10,2,0.0849858634502026,0.0849858634502026
so,W30p0,6,16,0.08493877427098961,0.08493877427098961
so,W10p0,6,19,0.08474875669148017,0.08474875669148017
so,W10p0,6,2,-0.08470506050467703,0.08470506050467703
so,W30p0,3,1,0.08468004031136728,0.08468004031136728
thetao,W40p0,1,3,0.08458233024972416,0.08458233024972416
thetao,W60p0,9,18,-0.08454087344746497,0.08454087344746497
so,W60p0,6,13,-0.08445488181123184,0.08445488181123184
thetao,W10p0,7,3,0.08421411380290665,0.08421411380290665
thetao,W10p0,9,11,0.0840495188209416,0.0840495188209416
so,W10p0,8,15,0.08401154802577321,0.08401154802577321
so,W10p0,4,18,-0.083867565107344,0.083867565107344
so,W60p0,6,19,-0.0833713740505259,0.0833713740505259
so,W30p0,6,6,0.0833058408539354,0.0833058408539354
so,W20p0,5,14,-0.08313520951329563,0.08313520951329563
thetao,W60p0,4,0,0.0830453091384462,0.0830453091384462
thetao,W30p0,8,13,-0.0828764271837411,0.0828764271837411
thetao,W20p0,4,14,0.0828724342426952,0.0828724342426952
thetao,W10p0,1,10,0.08274766946682735,0.08274766946682735
so,W30p0,6,5,0.08245201937632364,0.08245201937632364
thetao,W10p0,1,1,-0.08241054757301532,0.08241054757301532
thetao,W60p0,1,6,0.08227629444626072,0.08227629444626072
so,W20p0,8,10,0.08208118405500214,0.08208118405500214
thetao,W40p0,1,15,0.08199589496390099,0.08199589496390099
so,W40p0,3,6,0.08167245811697069,0.08167245811697069
so,W10p0,8,14,0.08164971846865524,0.08164971846865524
thetao,W20p0,5,16,0.08157815475885247,0.08157815475885247
so,W60p0,7,2,0.08132803559345843,0.08132803559345843
so,W20p0,8,14,0.0811766290795833,0.0811766290795833
so,W40p0,3,8,0.08084599249078266,0.08084599249078266
thetao,W60p0,3,2,-0.08072845466824397,0.08072845466824397
so,W40p0,9,6,-0.08057435135838319,0.08057435135838319
so,W20p0,1,8,-0.08015301562240718,0.08015301562240718
thetao,W60p0,1,17,0.07999549094043114,0.07999549094043114
thetao,W20p0,7,9,0.07991861390499364,0.07991861390499364
so,W20p0,7,13,-0.07970811808130181,0.07970811808130181
thetao,W40p0,6,4,0.07967809240745703,0.07967809240745703
thetao,W10p0,10,20,-0.07965926411638045,0.07965926411638045
thetao,W60p0,9,3,-0.07963830579713412,0.07963830579713412
thetao,W60p0,4,12,-0.07936027149699024,0.07936027149699024
so,W10p0,7,9,-0.07909236615262148,0.07909236615262148
so,W20p0,9,6,0.07893643801187687,0.07893643801187687
so,W30p0,10,9,0.07829970034145861,0.07829970034145861
so,W30p0,5,1,0.07809455138431695,0.07809455138431695
thetao,W40p0,8,8,0.0780624573010788,0.0780624573010788
thetao,W40p0,6,2,0.07787087698056398,0.07787087698056398
so,W30p0,10,11,-0.07783212685416961,0.07783212685416961
thetao,W60p0,8,9,0.07781693006826251,0.07781693006826251
so,W60p0,7,14,-0.07771088427094218,0.07771088427094218
thetao,W10p0,8,14,0.07746436805406294,0.07746436805406294
so,W60p0,9,9,-0.07738749632449059,0.07738749632449059
thetao,W20p0,6,17,0.07691925675350465,0.07691925675350465
so,W60p0,7,3,0.07642282328191098,0.07642282328191098
so,W10p0,4,16,-0.07632009948137455,0.07632009948137455
so,W40p0,8,1,-0.07617516625861709,0.07617516625861709
so,W40p0,7,7,0.07591228309143715,0.07591228309143715
so,W10p0,7,5,-0.07566617415775381,0.07566617415775381
so,W10p0,6,3,-0.07532651477901241,0.07532651477901241
thetao,W30p0,2,17,-0.07520145635622028,0.07520145635622028
so,W40p0,8,11,-0.07517322235069822,0.07517322235069822
thetao,W20p0,4,8,0.07506790982520056,0.07506790982520056
thetao,W30p0,8,8,0.07451952987979786,0.07451952987979786
so,W30p0,7,17,-0.07447241620028314,0.07447241620028314
thetao,W40p0,2,18,0.07442672301681799,0.07442672301681799
thetao,W40p0,8,12,0.0744165218980278,0.0744165218980278
thetao,W10p0,3,8,0.07434948722164185,0.07434948722164185
so,W10p0,10,11,-0.074265398949085,0.074265398949085
thetao,W10p0,8,10,0.07423966919542722,0.07423966919542722
so,W20p0,9,7,0.0742273016722379,0.0742273016722379
thetao,W10p0,6,12,0.07421967058843834,0.07421967058843834
so,W10p0,6,7,-0.07366483516958003,0.07366483516958003
so,W20p0,5,12,-0.07346868351475119,0.07346868351475119
so,W10p0,10,12,-0.07333415576819363,0.07333415576819363
so,W40p0,8,16,-0.07332476508418517,0.07332476508418517
thetao,W10p0,8,13,0.07332078170071965,0.07332078170071965
so,W10p0,7,6,-0.07320181247424791,0.07320181247424791
so,W10p0,10,6,-0.07305936658679653,0.07305936658679653
thetao,W60p0,10,16,-0.07294202336415087,0.07294202336415087
so,W40p0,8,10,-0.0729262900098326,0.0729262900098326
thetao,W60p0,9,2,-0.07287117645231754,0.07287117645231754
thetao,W10p0,1,17,0.07277371689902544,0.07277371689902544
thetao,W30p0,10,1,-0.07273487628527202,0.07273487628527202
so,W30p0,1,8,0.07250135958289756,0.07250135958289756
so,W20p0,8,8,0.07217378273625294,0.07217378273625294
so,W40p0,8,9,-0.07178919876274231,0.07178919876274231
so,W10p0,5,14,0.07168695041964754,0.07168695041964754
thetao,W20p0,8,3,0.0715755557417813,0.0715755557417813
so,W30p0,7,19,-0.07153743105705751,0.07153743105705751
so,W30p0,6,12,0.07142570991731663,0.07142570991731663
so,W30p0,9,8,0.07130722318844539,0.07130722318844539
thetao,W60p0,8,10,0.0710308397173738,0.0710308397173738
thetao,W10p0,8,11,0.0708533715578273,0.0708533715578273
thetao,W10p0,5,3,-0.07073592313079331,0.07073592313079331
thetao,W10p0,1,0,-0.07058565338755973,0.07058565338755973
thetao,W30p0,3,3,0.07051435493512474,0.07051435493512474
so,W40p0,10,0,0.07028118509401522,0.07028118509401522
so,W10p0,7,3,-0.06992441830062372,0.06992441830062372
so,W30p0,7,13,-0.06947533412677948,0.06947533412677948
so,W10p0,7,17,-0.06943656646072444,0.06943656646072444
thetao,W60p0,9,7,0.0693155534269798,0.0693155534269798
so,W20p0,7,15,-0.06917195541932128,0.06917195541932128
thetao,W20p0,8,4,0.06912809022334464,0.06912809022334464
so,W10p0,4,3,-0.06899978667226338,0.06899978667226338
so,W40p0,7,11,0.06886655165224753,0.06886655165224753
so,W20p0,5,17,0.06878976316923063,0.06878976316923063
thetao,W40p0,5,4,-0.06873576356397795,0.06873576356397795
so,W60p0,9,4,-0.0686327712879103,0.0686327712879103
thetao,W10p0,10,0,0.06862040957413304,0.06862040957413304
so,W40p0,3,2,0.06850748529219365,0.06850748529219365
so,W20p0,5,13,-0.06811496882027082,0.06811496882027082
so,W20p0,8,15,0.06793297686073184,0.06793297686073184
thetao,W40p0,2,16,-0.06769449454098653,0.06769449454098653
so,W30p0,7,14,-0.06763293225354185,0.06763293225354185
thetao,W10p0,10,14,0.06752015615969019,0.06752015615969019
so,W30p0,9,16,-0.06748573389440841,0.06748573389440841
thetao,W20p0,10,5,-0.06746388767070086,0.06746388767070086
thetao,W20p0,10,0,0.06711999574825862,0.06711999574825862
thetao,W20p0,9,15,-0.06705809444525078,0.06705809444525078
so,W20p0,5,11,-0.06704534171675035,0.06704534171675035
so,W10p0,7,4,-0.06703435618896328,0.06703435618896328
thetao,W30p0,8,11,-0.06671562978009056,0.06671562978009056
thetao,W60p0,8,7,0.06657530291002771,0.06657530291002771
thetao,W40p0,9,18,0.06652049627819603,0.06652049627819603
so,W30p0,7,12,-0.06641722309686396,0.06641722309686396
thetao,W10p0,4,7,0.06640848402257225,0.06640848402257225
thetao,W40p0,6,3,0.06627953165809611,0.06627953165809611
thetao,W30p0,9,3,0.06573626407883923,0.06573626407883923
thetao,W40p0,7,6,-0.06568239120031182,0.06568239120031182
so,W60p0,7,4,0.06558344720895941,0.06558344720895941
so,W10p0,4,17,-0.06551709410130081,0.06551709410130081
so,W30p0,9,10,-0.0654622026215198,0.0654622026215198
thetao,W40p0,2,14,-0.06545695121099432,0.06545695121099432
thetao,W40p0,10,2,-0.06512236502059417,0.06512236502059417
thetao,W10p0,4,5,0.06503979363730218,0.06503979363730218
thetao,W60p0,10,14,-0.06450433697180596,0.06450433697180596
thetao,W10p0,1,9,0.06447452548352282,0.06447452548352282
so,W20p0,8,2,0.06435799852725332,0.06435799852725332
thetao,W20p0,9,1,0.06386828335789882,0.06386828335789882
so,W60p0,1,19,0.06382435790384847,0.06382435790384847
thetao,W10p0,6,9,-0.0636187774506906,0.0636187774506906
thetao,W40p0,2,19,0.0633215498698322,0.0633215498698322
thetao,W10p0,8,12,0.06330378145257033,0.06330378145257033
thetao,W60p0,10,2,-0.06326981225140328,0.06326981225140328
so,W30p0,1,2,-0.0632286426454595,0.0632286426454595
thetao,W30p0,8,12,-0.06311712341134935,0.06311712341134935
thetao,W10p0,7,2,0.06299366423262448,0.06299366423262448
thetao,W10p0,9,1,0.06299343958325258,0.06299343958325258
thetao,W20p0,6,18,0.06298337257159255,0.06298337257159255
so,W40p0,9,4,-0.06270780785944442,0.06270780785944442
so,W30p0,9,11,-0.06242533733440492,0.06242533733440492
thetao,W60p0,3,7,0.062341583754703174,0.062341583754703174
thetao,W10p0,1,8,0.06204117270736964,0.06204117270736964
so,W40p0,2,15,0.0618683647213813,0.0618683647213813
so,W40p0,8,7,-0.06172467308631933,0.06172467308631933
thetao,W30p0,10,5,0.06168727101394755,0.06168727101394755
so,W20p0,8,1,0.061684358764615435,0.061684358764615435
thetao,W60p0,4,16,-0.061347308520709715,0.061347308520709715
thetao,W60p0,10,11,-0.061211223011801395,0.061211223011801395
thetao,W10p0,1,7,0.061190394551448084,0.061190394551448084
thetao,W30p0,7,0,0.06116652828329667,0.06116652828329667
so,W30p0,6,7,0.06109467811367657,0.06109467811367657
so,W60p0,1,4,0.061013935651328316,0.061013935651328316
so,W60p0,6,17,-0.060972645557575054,0.060972645557575054
so,W10p0,8,10,0.0609656139304106,0.0609656139304106
thetao,W40p0,7,8,-0.060769328618556,0.060769328618556
thetao,W20p0,10,16,-0.06054680322208039,0.06054680322208039
thetao,W10p0,8,15,0.06049881408840192,0.06049881408840192
so,W30p0,9,19,-0.060472690923987736,0.060472690923987736
so,W30p0,9,4,-0.05987444263487992,0.05987444263487992
thetao,W40p0,8,3,0.05973525784876152,0.05973525784876152
so,W10p0,10,3,-0.05957824013337104,0.05957824013337104
thetao,W20p0,6,16,0.05945512225222812,0.05945512225222812
so,W60p0,5,16,-0.059187265501726746,0.059187265501726746
thetao,W10p0,5,11,0.05889115036641137,0.05889115036641137
so,W30p0,10,7,0.05870203144324073,0.05870203144324073
so,W10p0,7,16,-0.058620538077982356,0.058620538077982356
so,W20p0,3,15,0.05840004598308838,0.05840004598308838
thetao,W40p0,6,1,0.058343810664801106,0.058343810664801106
so,W40p0,7,19,-0.05816084319557711,0.05816084319557711
thetao,W10p0,1,5,-0.05801913133974169,0.05801913133974169
thetao,W30p0,9,11,-0.05785035499745018,0.05785035499745018
so,W30p0,6,10,-0.057476275333088474,0.057476275333088474
so,W10p0,8,13,0.05745032805523485,0.05745032805523485
thetao,W10p0,10,18,-0.05717881019932436,0.05717881019932436
so,W10p0,7,10,-0.057122504965296,0.057122504965296
so,W30p0,10,15,-0.05701448621923128,0.05701448621923128
thetao,W20p0,9,16,-0.05686494557974251,0.05686494557974251
thetao,W10p0,1,16,0.056678185253217696,0.056678185253217696
thetao,W20p0,10,4,0.05584495418791582,0.05584495418791582
thetao,W40p0,8,14,0.05570667861487941,0.05570667861487941
so,W10p0,6,4,-0.055700189064597734,0.055700189064597734
thetao,W30p0,8,10,-0.055565772995555096,0.055565772995555096
so,W40p0,1,1,0.05549887562879123,0.05549887562879123
thetao,W20p0,5,18,0.0553649229761744,0.0553649229761744
thetao,W30p0,9,8,-0.055260005627507935,0.055260005627507935
thetao,W30p0,3,12,0.05487407830320213,0.05487407830320213
so,W10p0,6,6,-0.05487254636882869,0.05487254636882869
so,W10p0,9,13,0.0548521769729641,0.0548521769729641
so,W10p0,6,8,-0.05459166324569407,0.05459166324569407
thetao,W30p0,9,4,0.054533950845006944,0.054533950845006944
so,W20p0,1,17,0.054415398255788706,0.054415398255788706
thetao,W10p0,9,2,0.05431017305855713,0.05431017305855713
thetao,W60p0,8,11,0.054259620354892554,0.054259620354892554
thetao,W20p0,1,18,0.05413862637916192,0.05413862637916192
so,W10p0,9,3,-0.05396310475578924,0.05396310475578924
so,W30p0,10,8,0.05384134605517415,0.05384134605517415
thetao,W40p0,1,19,-0.05379963962083232,0.05379963962083232
thetao,W10p0,5,7,0.053714910065083485,0.053714910065083485
so,W10p0,4,2,-0.053620207959789966,0.053620207959789966
so,W30p0,6,3,-0.05358892567456357,0.05358892567456357
so,W60p0,8,6,0.05357832572235531,0.05357832572235531
thetao,W60p0,7,8,0.0535055054517719,0.0535055054517719
so,W10p0,5,8,0.053387593921670445,0.053387593921670445
so,W10p0,8,11,0.053280242750432596,0.053280242750432596
so,W10p0,5,11,0.05319890085145197,0.05319890085145197
thetao,W60p0,7,5,0.053081930165340886,0.053081930165340886
so,W40p0,7,20,-0.0530640165723013,0.0530640165723013
so,W60p0,6,18,-0.05292558039730761,0.05292558039730761
so,W30p0,6,4,0.05289370871367192,0.05289370871367192
so,W10p0,6,5,-0.05264766458125309,0.05264766458125309
so,W60p0,1,20,0.05213689121180683,0.05213689121180683
thetao,W60p0,7,4,0.052132953566835255,0.052132953566835255
thetao,W20p0,5,17,0.05190272851767878,0.05190272851767878
thetao,W20p0,9,4,-0.05181949931819859,0.05181949931819859
so,W20p0,8,9,0.051765397196237156,0.051765397196237156
thetao,W20p0,4,2,0.05164015063638083,0.05164015063638083
so,W30p0,9,12,-0.05159811998199007,0.05159811998199007
so,W10p0,6,13,-0.05145411868198803,0.05145411868198803
so,W30p0,9,15,-0.05098034517539433,0.05098034517539433
thetao,W10p0,10,1,0.050902191227219104,0.050902191227219104
thetao,W20p0,6,19,0.05086561083773693,0.05086561083773693
thetao,W60p0,10,15,-0.05077995929851385,0.05077995929851385
thetao,W60p0,7,1,-0.05056334196783809,0.05056334196783809
so,W40p0,1,5,0.050534862051763114,0.050534862051763114
thetao,W10p0,5,6,0.050277040256092746,0.050277040256092746
thetao,W30p0,9,9,-0.05008616419346136,0.05008616419346136
thetao,W10p0,10,12,0.04964259470859352,0.04964259470859352
so,W40p0,3,0,-0.04961388977357926,0.04961388977357926
so,W10p0,4,8,0.04940446756627011,0.04940446756627011
thetao,W10p0,3,17,-0.04898049343680106,0.04898049343680106
thetao,W60p0,1,5,0.04841688296447891,0.04841688296447891
so,W40p0,9,5,-0.04833618738951928,0.04833618738951928
so,W10p0,4,5,-0.048125144745415724,0.048125144745415724
so,W60p0,9,8,-0.0480693065867426,0.0480693065867426
thetao,W40p0,8,4,0.04778669720997038,0.04778669720997038
thetao,W30p0,3,14,0.047631195845745836,0.047631195845745836
thetao,W20p0,9,18,-0.04745698687444084,0.04745698687444084
thetao,W20p0,4,7,0.047439250002211095,0.047439250002211095
so,W60p0,7,16,0.047379488033326964,0.047379488033326964
thetao,W20p0,8,9,-0.04737079964066856,0.04737079964066856
thetao,W20p0,9,5,-0.04706129784012802,0.04706129784012802
so,W10p0,7,20,-0.046905979945932576,0.046905979945932576
thetao,W40p0,1,16,0.046896130678063086,0.046896130678063086
thetao,W60p0,10,13,-0.04676051869350464,0.04676051869350464
so,W40p0,8,4,-0.046525407912495036,0.046525407912495036
so,W20p0,7,14,-0.0463503810869174,0.0463503810869174
thetao,W30p0,6,18,-0.046312406861218354,0.046312406861218354
so,W30p0,6,18,0.04621696947042021,0.04621696947042021
so,W10p0,9,10,-0.04621552542774095,0.04621552542774095
thetao,W30p0,9,16,-0.04609705094739051,0.04609705094739051
so,W40p0,8,8,-0.0459324014873845,0.0459324014873845
thetao,W20p0,10,15,-0.04589612051957401,0.04589612051957401
thetao,W10p0,6,7,-0.04587409864983253,0.04587409864983253
thetao,W60p0,4,3,-0.04585332266793432,0.04585332266793432
thetao,W10p0,9,5,0.04580232953596499,0.04580232953596499
so,W40p0,1,2,0.04572238903294875,0.04572238903294875
so,W10p0,4,7,0.045528538346535745,0.045528538346535745
thetao,W60p0,8,6,-0.04503995134728838,0.04503995134728838
so,W10p0,9,2,-0.04501859775202763,0.04501859775202763
so,W40p0,9,1,-0.04489525737981294,0.04489525737981294
so,W20p0,8,18,-0.044821823920166884,0.044821823920166884
thetao,W60p0,9,5,0.04471734421320963,0.04471734421320963
thetao,W10p0,5,4,-0.044630509740362034,0.044630509740362034
so,W10p0,6,12,-0.04460719824238274,0.04460719824238274
so,W20p0,4,1,-0.04449178220923157,0.04449178220923157
thetao,W30p0,6,19,-0.0443843880907135,0.0443843880907135
thetao,W30p0,2,18,-0.04418124655431005,0.04418124655431005
thetao,W60p0,7,6,0.04399889551972205,0.04399889551972205
so,W30p0,9,7,0.043993825039177405,0.043993825039177405
thetao,W30p0,9,18,-0.043935148366126636,0.043935148366126636
so,W60p0,8,2,-0.04381445490629832,0.04381445490629832
so,W10p0,8,12,0.04378550849594828,0.04378550849594828
so,W20p0,5,16,0.043597735813126294,0.043597735813126294
thetao,W60p0,3,1,-0.04356925096600401,0.04356925096600401
so,W60p0,6,7,0.043518301445908805,0.043518301445908805
thetao,W40p0,7,10,-0.043201351686059035,0.043201351686059035
so,W20p0,1,9,-0.04298988426146831,0.04298988426146831
thetao,W60p0,10,9,-0.04298153307055125,0.04298153307055125
thetao,W20p0,1,20,0.04268477683264844,0.04268477683264844
thetao,W10p0,10,15,0.0424971614628142,0.0424971614628142
so,W20p0,8,17,0.04231232152817513,0.04231232152817513
thetao,W10p0,5,20,0.04206166036192119,0.04206166036192119
thetao,W20p0,5,19,0.04193465566345963,0.04193465566345963
so,W10p0,5,13,0.04177358978907705,0.04177358978907705
thetao,W20p0,9,17,-0.04171574356271738,0.04171574356271738
thetao,W40p0,10,6,-0.04166846690530712,0.04166846690530712
thetao,W30p0,7,1,0.041646562656336046,0.041646562656336046
so,W30p0,5,13,-0.04162632656664133,0.04162632656664133
so,W20p0,5,15,-0.041458548936811015,0.041458548936811015
so,W30p0,6,8,0.04126547189844265,0.04126547189844265
so,W10p0,9,1,-0.04123150721424381,0.04123150721424381
thetao,W60p0,10,10,-0.04098094391397746,0.04098094391397746
thetao,W60p0,9,8,-0.04097713781437911,0.04097713781437911
so,W20p0,3,19,0.040782210820590664,0.040782210820590664
thetao,W10p0,5,5,0.040684665473608425,0.040684665473608425
so,W40p0,7,16,-0.04052620784952387,0.04052620784952387
thetao,W30p0,6,14,0.04029165160484599,0.04029165160484599
so,W40p0,9,0,-0.0402160057593683,0.0402160057593683
so,W60p0,7,10,-0.04016350039094461,0.04016350039094461
so,W10p0,5,6,0.03985238485864101,0.03985238485864101
so,W10p0,9,0,-0.03968858744349905,0.03968858744349905
so,W10p0,4,9,0.039631422189500234,0.039631422189500234
so,W40p0,8,15,-0.039362704613018086,0.039362704613018086
so,W20p0,10,0,-0.03921100368912804,0.03921100368912804
thetao,W60p0,4,8,-0.03895967628219724,0.03895967628219724
so,W30p0,10,4,0.038910832735994064,0.038910832735994064
thetao,W10p0,7,4,0.038762699030063665,0.038762699030063665
so,W40p0,1,3,0.038749120877657466,0.038749120877657466
thetao,W40p0,10,8,0.03874741036110933,0.03874741036110933
so,W60p0,6,9,0.038116903039430244,0.038116903039430244
so,W60p0,7,11,-0.03776167786862752,0.03776167786862752
thetao,W40p0,7,5,-0.037576190133448435,0.037576190133448435
thetao,W10p0,9,3,0.03748644568496202,0.03748644568496202
thetao,W10p0,5,16,0.037154401805978586,0.037154401805978586
thetao,W60p0,5,20,-0.037136012944153834,0.037136012944153834
thetao,W40p0,7,0,0.036845195061761656,0.036845195061761656
thetao,W20p0,7,0,0.036265101094100825,0.036265101094100825
so,W40p0,1,4,0.03598194297503732,0.03598194297503732
thetao,W30p0,9,2,0.03584048999199648,0.03584048999199648
thetao,W10p0,10,2,0.03546165367100496,0.03546165367100496
so,W20p0,1,18,0.0350126549734552,0.0350126549734552
so,W30p0,9,5,-0.03494798303302093,0.03494798303302093
so,W30p0,6,20,-0.034793929205274646,0.034793929205274646
so,W30p0,10,6,0.03466202034609812,0.03466202034609812
so,W60p0,6,11,0.034587640973828174,0.034587640973828174
thetao,W20p0,6,13,0.034560253743425653,0.034560253743425653
thetao,W60p0,4,11,-0.034494189459321804,0.034494189459321804
thetao,W60p0,7,2,-0.034473217246736215,0.034473217246736215
thetao,W40p0,10,7,0.03446977199418348,0.03446977199418348
so,W10p0,2,17,-0.03353652013898675,0.03353652013898675
thetao,W10p0,5,12,0.033504971922489114,0.033504971922489114
thetao,W60p0,7,0,-0.033483810342697706,0.033483810342697706
thetao,W40p0,2,15,-0.03341792849928116,0.03341792849928116
thetao,W10p0,6,16,-0.033254971810571236,0.033254971810571236
thetao,W20p0,8,7,-0.033156750973264586,0.033156750973264586
so,W60p0,8,4,-0.03309786511719843,0.03309786511719843
so,W20p0,6,19,-0.033050825793216464,0.033050825793216464
thetao,W60p0,4,7,-0.03293526261308643,0.03293526261308643
thetao,W10p0,8,18,-0.03272876664528871,0.03272876664528871
so,W40p0,8,12,-0.03210553940118906,0.03210553940118906
thetao,W30p0,9,1,-0.031847039995609124,0.031847039995609124
so,W30p0,1,7,0.03174806121024625,0.03174806121024625
thetao,W60p0,1,3,-0.031604040021686396,0.031604040021686396
so,W60p0,7,13,-0.03158389166660815,0.03158389166660815
thetao,W60p0,1,18,0.03155579828761245,0.03155579828761245
thetao,W20p0,1,19,0.031541024712130356,0.031541024712130356
so,W40p0,8,2,-0.03147205979587465,0.03147205979587465
so,W60p0,9,2,0.03114518897536861,0.03114518897536861
so,W60p0,8,1,-0.03109381608048744,0.03109381608048744
so,W20p0,3,20,0.03090004954819727,0.03090004954819727
so,W60p0,6,10,0.030816769851821232,0.030816769851821232
thetao,W10p0,6,8,-0.030665192488872676,0.030665192488872676
so,W10p0,5,19,0.030584707455688368,0.030584707455688368
so,W20p0,1,16,0.030424165996021338,0.030424165996021338
thetao,W20p0,9,2,0.030406514730485005,0.030406514730485005
so,W30p0,5,10,-0.03018610206050926,0.03018610206050926
thetao,W60p0,4,17,-0.02990597298537713,0.02990597298537713
thetao,W30p0,10,2,0.029697920049451158,0.029697920049451158
thetao,W20p0,6,15,0.029677906559044932,0.029677906559044932
so,W10p0,9,16,0.029468769067443723,0.029468769067443723
so,W10p0,10,5,0.029334772599041204,0.029334772599041204
so,W10p0,4,10,-0.028937173514825283,0.028937173514825283
thetao,W60p0,1,0,-0.028910245043421188,0.028910245043421188
thetao,W40p0,1,17,0.028624506285635454,0.028624506285635454
thetao,W60p0,4,4,-0.02860828826919457,0.02860828826919457
thetao,W10p0,5,0,-0.028525805223056158,0.028525805223056158
thetao,W10p0,3,2,0.028349166108064275,0.028349166108064275
thetao,W60p0,4,10,-0.028002639709074965,0.028002639709074965
so,W10p0,6,9,0.02799987093685135,0.02799987093685135
thetao,W20p0,8,6,0.02781543264785176,0.02781543264785176
so,W30p0,6,9,-0.02769526117629697,0.02769526117629697
so,W10p0,6,11,-0.027645793923155117,0.027645793923155117
thetao,W10p0,5,1,-0.02762387576155158,0.02762387576155158
thetao,W20p0,8,2,0.027257174155866423,0.027257174155866423
so,W30p0,5,11,-0.026892950040555582,0.026892950040555582
thetao,W40p0,8,6,-0.02674325376806459,0.02674325376806459
so,W40p0,1,0,0.026698036223350697,0.026698036223350697
so,W30p0,1,3,-0.026671239426288074,0.026671239426288074
thetao,W30p0,9,6,-0.026662217857157847,0.026662217857157847
so,W10p0,5,0,0.026652559283971113,0.026652559283971113
thetao,W10p0,6,17,-0.026603828400201934,0.026603828400201934
thetao,W10p0,3,14,0.02611817458146384,0.02611817458146384
thetao,W10p0,3,16,-0.026019513646216824,0.026019513646216824
so,W10p0,6,10,0.025880943338252173,0.025880943338252173
thetao,W60p0,7,7,0.02564517112066657,0.02564517112066657
so,W40p0,7,13,0.025594702635710738,0.025594702635710738
thetao,W40p0,7,9,-0.025470419928872,0.025470419928872
so,W40p0,8,3,-0.02542682536240483,0.02542682536240483
so,W20p0,3,16,0.025072113542040045,0.025072113542040045
thetao,W10p0,6,11,0.024976273663540684,0.024976273663540684
thetao,W20p0,9,0,0.024671716471884188,0.024671716471884188
thetao,W60p0,9,19,-0.024561790185883198,0.024561790185883198
thetao,W60p0,9,4,-0.02448286778077456,0.02448286778077456
thetao,W10p0,5,13,0.024332229775706614,0.024332229775706614
so,W60p0,1,0,-0.024120004716624198,0.024120004716624198
thetao,W30p0,9,7,-0.02402812840108769,0.02402812840108769
so,W10p0,4,0,0.02395914011261652,0.02395914011261652
thetao,W60p0,10,0,-0.023880926673429618,0.023880926673429618
so,W10p0,9,12,0.023665038434852115,0.023665038434852115
thetao,W10p0,10,13,0.02365074324841277,0.02365074324841277
thetao,W60p0,1,20,0.023556101840085403,0.023556101840085403
thetao,W40p0,8,2,-0.0234947802037512,0.0234947802037512
so,W10p0,7,2,-0.02348000658003023,0.02348000658003023
thetao,W10p0,8,19,-0.023193706136258634,0.023193706136258634
thetao,W40p0,7,3,0.022828125053689283,0.022828125053689283
thetao,W10p0,5,10,0.02276371392430729,0.02276371392430729
so,W20p0,6,20,0.022611021328258655,0.022611021328258655
so,W60p0,8,5,-0.02234006042826853,0.02234006042826853
thetao,W30p0,6,20,0.021957327739114456,0.021957327739114456
thetao,W40p0,7,1,-0.021558875852685826,0.021558875852685826
thetao,W40p0,10,3,-0.021405591760715006,0.021405591760715006
so,W20p0,10,1,-0.021220765580474796,0.021220765580474796
so,W60p0,7,17,0.021164620611712627,0.021164620611712627
so,W40p0,2,16,0.02114358742000926,0.02114358742000926
thetao,W60p0,9,1,-0.02102086839902446,0.02102086839902446
so,W60p0,9,0,-0.020922578889663146,0.020922578889663146
thetao,W40p0,2,17,-0.02091493792404144,0.02091493792404144
thetao,W60p0,7,3,0.020801428729105724,0.020801428729105724
thetao,W30p0,9,17,-0.020545441524144396,0.020545441524144396
so,W60p0,8,0,-0.020497013247907026,0.020497013247907026
thetao,W60p0,9,20,0.020404645326007192,0.020404645326007192
so,W20p0,3,18,0.020388626449110405,0.020388626449110405
thetao,W30p0,3,1,-0.020371814411574343,0.020371814411574343
thetao,W10p0,4,4,-0.020260644672589482,0.020260644672589482
so,W60p0,9,3,0.020083558424644123,0.020083558424644123
thetao,W60p0,4,9,-0.019858381042348057,0.019858381042348057
thetao,W10p0,8,16,0.0197233154438037,0.0197233154438037
so,W20p0,8,20,-0.01967848071898997,0.01967848071898997
thetao,W30p0,9,10,-0.01960242737642219,0.01960242737642219
thetao,W20p0,4,1,-0.019412227158883574,0.019412227158883574
thetao,W10p0,10,16,-0.019292940041551465,0.019292940041551465
so,W60p0,1,3,0.019036475682636896,0.019036475682636896
so,W30p0,9,6,-0.018885819872056377,0.018885819872056377
so,W60p0,8,10,0.018771991382861168,0.018771991382861168
thetao,W40p0,10,9,0.018752541250397232,0.018752541250397232
so,W10p0,5,20,0.018556690130671596,0.018556690130671596
so,W40p0,7,12,0.018484095661179173,0.018484095661179173
thetao,W30p0,3,2,0.018306776265219035,0.018306776265219035
so,W30p0,6,19,-0.01817630011504592,0.01817630011504592
thetao,W10p0,7,1,0.018027895122945982,0.018027895122945982
so,W40p0,7,15,-0.017921423571062287,0.017921423571062287
so,W30p0,5,12,-0.017627387308743418,0.017627387308743418
thetao,W10p0,1,20,-0.01758673939260577,0.01758673939260577
thetao,W10p0,3,6,0.017297371030427444,0.017297371030427444
thetao,W20p0,6,14,0.0167602265335327,0.0167602265335327
so,W30p0,3,0,0.016745190099021836,0.016745190099021836
so,W40p0,3,1,-0.016697629772323815,0.016697629772323815
thetao,W60p0,4,6,-0.01646774615655005,0.01646774615655005
thetao,W60p0,4,5,-0.016448225708618036,0.016448225708618036
so,W60p0,6,8,0.016409997548079747,0.016409997548079747
thetao,W10p0,3,12,-0.016208904703728547,0.016208904703728547
so,W10p0,5,12,0.01573719818451759,0.01573719818451759
so,W20p0,1,19,0.015606122075234208,0.015606122075234208
so,W60p0,9,1,-0.015529248298301714,0.015529248298301714
thetao,W30p0,6,15,-0.015525951771427952,0.015525951771427952
thetao,W40p0,8,13,0.015259347693733471,0.015259347693733471
thetao,W10p0,5,8,0.0152137158991893,0.0152137158991893
so,W10p0,4,6,0.014974060979594582,0.014974060979594582
thetao,W10p0,6,18,0.014909928692092832,0.014909928692092832
thetao,W10p0,9,14,0.014480527565346268,0.014480527565346268
so,W10p0,7,1,-0.014449389904959482,0.014449389904959482
thetao,W40p0,8,7,-0.014416536443661488,0.014416536443661488
thetao,W10p0,3,15,-0.013318585888749542,0.013318585888749542
thetao,W10p0,10,19,0.013314091833497901,0.013314091833497901
thetao,W20p0,4,0,-0.01305086058030018,0.01305086058030018
so,W30p0,1,4,-0.012881720740730448,0.012881720740730448
so,W20p0,10,3,0.012851475117995793,0.012851475117995793
so,W30p0,10,5,-0.012701942929011958,0.012701942929011958
so,W30p0,9,20,-0.012659581411914981,0.012659581411914981
thetao,W10p0,3,13,-0.012324184614620735,0.012324184614620735
so,W60p0,7,12,-0.012044507889766763,0.012044507889766763
so,W60p0,7,5,0.011979771100506726,0.011979771100506726
so,W10p0,9,11,0.011928203385361857,0.011928203385361857
so,W40p0,2,14,-0.01181768295506457,0.01181768295506457
so,W10p0,9,14,0.011665793770861422,0.011665793770861422
thetao,W60p0,1,19,0.011394789719631981,0.011394789719631981
so,W60p0,7,15,-0.01125589003843118,0.01125589003843118
so,W60p0,1,2,0.01099767838193505,0.01099767838193505
thetao,W10p0,3,18,0.010974570416998303,0.010974570416998303
thetao,W60p0,3,3,0.01083361913199426,0.01083361913199426
so,W60p0,1,1,0.010820201234531653,0.010820201234531653
so,W30p0,1,6,0.01072958068264482,0.01072958068264482
so,W30p0,6,11,-0.010641862144101533,0.010641862144101533
so,W60p0,8,11,-0.010375122964888689,0.010375122964888689
thetao,W40p0,8,5,-0.010319671508697668,0.010319671508697668
so,W30p0,7,16,0.010278460455884491,0.010278460455884491
thetao,W10p0,6,10,-0.010040463529133351,0.010040463529133351
thetao,W40p0,10,5,-0.009678873629158211,0.009678873629158211
thetao,W30p0,8,9,0.009614302594468676,0.009614302594468676
so,W60p0,7,1,-0.009550263865915867,0.009550263865915867
so,W20p0,8,19,-0.009528727280838294,0.009528727280838294
so,W30p0,5,9,-0.00927280827886663,0.00927280827886663
so,W30p0,1,5,0.009037116625750876,0.009037116625750876
thetao,W30p0,9,5,-0.008526553573322089,0.008526553573322089
so,W20p0,1,10,-0.008378962879851733,0.008378962879851733
thetao,W10p0,3,11,-0.00835256280545899,0.00835256280545899
thetao,W20p0,8,8,-0.008339609216913693,0.008339609216913693
thetao,W30p0,9,0,0.00795899379847111,0.00795899379847111
so,W20p0,1,13,0.00793729031134025,0.00793729031134025
thetao,W30p0,10,6,0.007749347830416339,0.007749347830416339
so,W40p0,8,18,0.007494582198046593,0.007494582198046593
so,W30p0,10,10,-0.007469241110412953,0.007469241110412953
so,W10p0,4,1,0.007453170386517102,0.007453170386517102
thetao,W10p0,5,15,-0.007375732316505371,0.007375732316505371
thetao,W30p0,6,16,-0.007334808813604918,0.007334808813604918
thetao,W10p0,6,15,0.00729209115769216,0.00729209115769216
so,W30p0,7,20,0.007264703976634963,0.007264703976634963
thetao,W10p0,9,4,0.00706745222961054,0.00706745222961054
so,W10p0,2,20,0.006742683320087039,0.006742683320087039
so,W10p0,2,19,-0.006637240609255401,0.006637240609255401
thetao,W10p0,8,17,-0.006603814413045196,0.006603814413045196
thetao,W40p0,6,0,-0.006541819896695992,0.006541819896695992
so,W60p0,6,12,-0.0061453931004642895,0.0061453931004642895
so,W10p0,5,7,0.005908104903217439,0.005908104903217439
so,W40p0,8,13,-0.0058103820756669035,0.0058103820756669035
so,W10p0,6,14,0.005657619674748234,0.005657619674748234
thetao,W10p0,7,0,0.0051405233170875924,0.0051405233170875924
so,W20p0,1,11,-0.0050813154875319,0.0050813154875319
thetao,W60p0,10,12,-0.005053563917168284,0.005053563917168284
thetao,W60p0,4,2,0.005038109960601552,0.005038109960601552
so,W30p0,7,15,0.005017985700306004,0.005017985700306004
thetao,W60p0,10,1,0.004944949320900084,0.004944949320900084
so,W60p0,8,3,-0.004684521068458702,0.004684521068458702
so,W20p0,4,0,0.004308673604292237,0.004308673604292237
thetao,W60p0,1,4,0.004184552724829535,0.004184552724829535
thetao,W40p0,1,18,-0.004182890177387293,0.004182890177387293
so,W20p0,1,14,0.00393523435727888,0.00393523435727888
so,W20p0,1,15,0.0037597400927796864,0.0037597400927796864
so,W20p0,10,2,-0.003591594030082324,0.003591594030082324
thetao,W40p0,10,4,0.0032338179929317567,0.0032338179929317567
so,W60p0,5,15,0.0028137715280057915,0.0028137715280057915
so,W20p0,1,12,-0.0027955053712809866,0.0027955053712809866
thetao,W30p0,6,17,-0.002747594853824654,0.002747594853824654
so,W10p0,9,15,-0.00244871643901496,0.00244871643901496
so,W40p0,8,14,-0.002419809228419801,0.002419809228419801
so,W10p0,7,0,0.002349203493594773,0.002349203493594773
thetao,W10p0,5,14,-0.0023370038921154725,0.0023370038921154725
thetao,W40p0,7,2,0.0022707259666964294,0.0022707259666964294
so,W40p0,7,14,0.002105783951085365,0.002105783951085365
so,W10p0,2,18,0.0020655566506281933,0.0020655566506281933
thetao,W20p0,9,3,-0.0019280296248414086,0.0019280296248414086
thetao,W40p0,2,20,-0.0018003897595413772,0.0018003897595413772
thetao,W60p0,1,2,-0.0016937993862189324,0.0016937993862189324
thetao,W60p0,9,0,0.001437089237445384,0.001437089237445384
thetao,W20p0,5,20,-0.001370504094966168,0.001370504094966168
so,W40p0,2,17,0.001323443528134391,0.001323443528134391
so,W10p0,10,4,0.0009660922867709803,0.0009660922867709803
thetao,W60p0,1,1,-0.0009602944712793708,0.0009602944712793708
so,W20p0,3,17,0.0009218037419807242,0.0009218037419807242
thetao,W10p0,5,9,0.0007671001586219322,0.0007671001586219322
thetao,W40p0,7,4,-0.0005338827322465052,0.0005338827322465052
thetao,W30p0,3,13,-0.0004744501490976276,0.0004744501490976276
so,W20p0,1,20,0.0004567226852120106,0.0004567226852120106
thetao,W10p0,8,20,0.0003675278915608549,0.0003675278915608549
thetao,W10p0,1,6,0.00014654257888338312,0.00014654257888338312
so,W30p0,9,9,5.738081543003311e-05,5.738081543003311e-05
