var,lon,mode0,lag,corr,abs_corr
so,W60p0,0,1,0.5610561105702405,0.5610561105702405
so,W60p0,0,0,0.5432258818066927,0.5432258818066927
so,W60p0,0,2,0.5270397516492996,0.5270397516492996
so,W60p0,0,3,0.49146348712304605,0.49146348712304605
so,W40p0,1,2,0.48131413633182885,0.48131413633182885
so,W30p0,4,17,0.46524271489067154,0.46524271489067154
so,W10p0,4,16,0.45860157022103487,0.45860157022103487
so,W40p0,1,1,0.4453781382214983,0.4453781382214983
thetao,W30p0,8,16,-0.43156120146082066,0.43156120146082066
so,W30p0,0,2,0.4276206953972044,0.4276206953972044
so,W40p0,1,3,0.42684048358142335,0.42684048358142335
so,W30p0,0,3,0.42479179632936537,0.42479179632936537
thetao,W20p0,8,3,-0.4246085642200283,0.4246085642200283
so,W30p0,4,16,0.4228365915321102,0.4228365915321102
so,W40p0,1,0,0.42115174483175505,0.42115174483175505
so,W60p0,0,8,0.4185386014678867,0.4185386014678867
so,W10p0,4,14,0.41645300633310456,0.41645300633310456
thetao,W10p0,7,0,-0.4161758179996405,0.4161758179996405
so,W20p0,8,25,0.41512831436469816,0.41512831436469816
so,W60p0,0,5,0.4145437334849547,0.4145437334849547
so,W60p0,0,4,0.41302333476738157,0.41302333476738157
so,W60p0,0,6,0.4127460426876432,0.4127460426876432
so,W10p0,5,11,-0.40553013888755884,0.40553013888755884
so,W30p0,0,1,0.4049816301518772,0.4049816301518772
so,W10p0,5,8,-0.40457488384882795,0.40457488384882795
so,W30p0,5,12,-0.4039850108380543,0.4039850108380543
so,W10p0,4,21,0.4037527887059126,0.4037527887059126
thetao,W30p0,8,15,-0.40113320776796535,0.40113320776796535
thetao,W10p0,7,1,-0.3998892391844966,0.3998892391844966
so,W60p0,0,7,0.394217768161284,0.394217768161284
so,W10p0,7,10,-0.3930703495547383,0.3930703495547383
thetao,W20p0,9,22,0.3920602483150787,0.3920602483150787
so,W10p0,7,7,-0.3919113523513269,0.3919113523513269
so,W60p0,7,2,-0.39054705166903697,0.39054705166903697
so,W40p0,1,4,0.3903586121423542,0.3903586121423542
thetao,W10p0,8,1,-0.39026809778100874,0.39026809778100874
so,W40p0,5,10,0.38920073626325286,0.38920073626325286
thetao,W10p0,8,21,0.38885544673148975,0.38885544673148975
thetao,W30p0,8,17,-0.38797597197429834,0.38797597197429834
thetao,W20p0,0,3,0.38699493055601153,0.38699493055601153
so,W10p0,4,15,0.38686422511861895,0.38686422511861895
so,W30p0,4,15,0.3856543465016964,0.3856543465016964
thetao,W40p0,2,0,-0.38550962936222277,0.38550962936222277
so,W30p0,4,14,0.3825799359793162,0.3825799359793162
so,W10p0,7,9,-0.3810320736384981,0.3810320736384981
so,W30p0,0,6,0.37732488001824127,0.37732488001824127
so,W10p0,2,12,-0.37629250058668895,0.37629250058668895
so,W30p0,0,0,0.3723149088086768,0.3723149088086768
so,W30p0,0,4,0.3718795876640773,0.3718795876640773
so,W30p0,0,5,0.3712057121320859,0.3712057121320859
so,W30p0,5,10,-0.3704563879830884,0.3704563879830884
thetao,W30p0,4,0,0.37019892098084356,0.37019892098084356
thetao,W40p0,6,10,0.36800072959950586,0.36800072959950586
thetao,W10p0,8,20,0.3633957590579493,0.3633957590579493
so,W40p0,8,18,0.3621055207268267,0.3621055207268267
so,W20p0,0,1,0.36148689226827135,0.36148689226827135
thetao,W30p0,8,13,-0.3610743155867761,0.3610743155867761
thetao,W10p0,8,24,0.3602085439263295,0.3602085439263295
so,W40p0,5,14,0.35978326120522935,0.35978326120522935
thetao,W20p0,9,23,0.35965727276982407,0.35965727276982407
so,W30p0,5,13,-0.35760939861664615,0.35760939861664615
thetao,W30p0,8,14,-0.35741798621604143,0.35741798621604143
so,W20p0,0,5,0.3566288283064092,0.3566288283064092
thetao,W60p0,2,12,0.35621915651236247,0.35621915651236247
so,W20p0,0,6,0.35598700534733174,0.35598700534733174
thetao,W30p0,8,12,-0.35591586706746897,0.35591586706746897
so,W20p0,5,17,-0.3555141586949018,0.3555141586949018
so,W30p0,5,14,-0.3540235959328718,0.3540235959328718
so,W20p0,0,0,0.3539776753755669,0.3539776753755669
thetao,W10p0,8,23,0.35278818531492023,0.35278818531492023
so,W10p0,4,18,0.3517854557315729,0.3517854557315729
so,W20p0,1,12,0.3488791014002952,0.3488791014002952
thetao,W30p0,7,24,-0.3484448362877328,0.3484448362877328
thetao,W10p0,8,22,0.3477030261310906,0.3477030261310906
so,W20p0,0,3,0.3460686446688811,0.3460686446688811
thetao,W20p0,9,19,0.3434660607390972,0.3434660607390972
so,W30p0,5,11,-0.34307835166167155,0.34307835166167155
so,W10p0,4,17,0.34242023718057696,0.34242023718057696
so,W30p0,4,18,0.34182961739845036,0.34182961739845036
so,W20p0,0,2,0.3411453307755425,0.3411453307755425
thetao,W30p0,5,12,-0.340685365953563,0.340685365953563
thetao,W60p0,1,0,-0.3400181289187787,0.3400181289187787
so,W40p0,1,6,0.3392065664556609,0.3392065664556609
thetao,W10p0,7,3,-0.3389868098864753,0.3389868098864753
so,W60p0,5,7,0.3387236640460819,0.3387236640460819
thetao,W60p0,9,1,-0.3383439553154451,0.3383439553154451
so,W10p0,6,24,0.3368694419413171,0.3368694419413171
thetao,W10p0,8,19,0.3365433116046031,0.3365433116046031
so,W40p0,1,7,0.33546763392907514,0.33546763392907514
so,W20p0,2,11,0.33353818976450655,0.33353818976450655
so,W10p0,5,4,-0.33351723596856636,0.33351723596856636
so,W40p0,2,0,-0.33286433556954087,0.33286433556954087
thetao,W20p0,8,2,-0.332741879571391,0.332741879571391
thetao,W10p0,5,10,-0.33269663331830557,0.33269663331830557
thetao,W30p0,4,2,0.3315722231740479,0.3315722231740479
so,W40p0,2,2,-0.3298644870983427,0.3298644870983427
so,W40p0,5,11,0.32925990462986116,0.32925990462986116
thetao,W20p0,9,20,0.3291593573303108,0.3291593573303108
so,W10p0,4,20,0.32865182038576046,0.32865182038576046
thetao,W30p0,4,1,0.32842210935620414,0.32842210935620414
thetao,W10p0,7,2,-0.3283161173665621,0.3283161173665621
thetao,W10p0,8,0,-0.3278954339425413,0.3278954339425413
thetao,W60p0,3,21,-0.3277487993586285,0.3277487993586285
thetao,W20p0,0,4,0.3275317110370589,0.3275317110370589
thetao,W10p0,8,3,-0.3270412690158067,0.3270412690158067
so,W10p0,4,4,0.32703089126770024,0.32703089126770024
thetao,W20p0,2,25,-0.3257948657323551,0.3257948657323551
so,W30p0,0,7,0.32526167086969593,0.32526167086969593
thetao,W10p0,8,25,0.3250390362236157,0.3250390362236157
thetao,W30p0,7,9,-0.3234802058889234,0.3234802058889234
thetao,W20p0,0,2,0.3232596225461365,0.3232596225461365
so,W20p0,3,3,0.32208839504236236,0.32208839504236236
so,W40p0,1,5,0.32208089878081564,0.32208089878081564
thetao,W40p0,4,20,0.322043551272932,0.322043551272932
so,W20p0,2,18,0.3214988024535055,0.3214988024535055
thetao,W20p0,8,4,-0.32118846984504235,0.32118846984504235
so,W60p0,7,3,-0.3205431008995859,0.3205431008995859
so,W10p0,9,16,-0.31945854362503806,0.31945854362503806
thetao,W30p0,5,11,-0.3188934129181287,0.3188934129181287
so,W40p0,5,5,-0.3157360895616737,0.3157360895616737
thetao,W60p0,7,4,-0.31438349027211515,0.31438349027211515
thetao,W30p0,9,1,-0.3136899114737985,0.3136899114737985
so,W20p0,9,20,-0.3133402449049417,0.3133402449049417
so,W20p0,1,13,0.31279201371392407,0.31279201371392407
thetao,W10p0,8,2,-0.3117668430661374,0.3117668430661374
so,W10p0,2,15,-0.3113469789591039,0.3113469789591039
so,W60p0,0,9,0.31118256156059754,0.31118256156059754
thetao,W30p0,8,11,-0.31110987346273744,0.31110987346273744
so,W20p0,2,10,0.31054680817733893,0.31054680817733893
thetao,W10p0,5,16,0.30898047707420223,0.30898047707420223
thetao,W20p0,5,21,0.308947329672978,0.308947329672978
thetao,W40p0,6,12,0.3087070516308286,0.3087070516308286
thetao,W30p0,6,22,-0.30817471674032426,0.30817471674032426
so,W10p0,4,19,0.30742444598344015,0.30742444598344015
thetao,W20p0,2,24,-0.3071180453771959,0.3071180453771959
so,W20p0,1,14,0.3069761197500459,0.3069761197500459
so,W30p0,9,23,-0.3067421695252339,0.3067421695252339
so,W10p0,5,9,-0.3065049588711113,0.3065049588711113
thetao,W30p0,7,10,-0.3063581544587534,0.3063581544587534
thetao,W20p0,8,22,0.30611022171191155,0.30611022171191155
thetao,W40p0,6,11,0.3049557396648212,0.3049557396648212
so,W10p0,4,6,0.3042793978716955,0.3042793978716955
so,W10p0,4,22,0.3040256334307669,0.3040256334307669
so,W10p0,2,13,-0.30397467001635625,0.30397467001635625
so,W60p0,9,25,0.3037230294317125,0.3037230294317125
thetao,W10p0,3,25,0.30350985545540715,0.30350985545540715
thetao,W10p0,5,9,-0.3034000315528672,0.3034000315528672
so,W60p0,8,22,0.3024393523587614,0.3024393523587614
thetao,W30p0,8,21,-0.3019578644853323,0.3019578644853323
so,W10p0,2,14,-0.30163623590492383,0.30163623590492383
thetao,W60p0,2,8,0.30152909389274635,0.30152909389274635
thetao,W40p0,8,12,-0.3011543900198219,0.3011543900198219
thetao,W60p0,7,6,-0.3009832259473626,0.3009832259473626
so,W10p0,7,12,-0.3004533726372205,0.3004533726372205
thetao,W40p0,6,9,0.30044940166003836,0.30044940166003836
so,W60p0,0,25,-0.2999387430544689,0.2999387430544689
so,W10p0,4,23,0.29974636287170175,0.29974636287170175
thetao,W60p0,3,6,-0.29678547377874775,0.29678547377874775
so,W10p0,2,10,-0.29672085753859173,0.29672085753859173
so,W20p0,0,4,0.2964128689747452,0.2964128689747452
so,W40p0,2,7,-0.2961986419748142,0.2961986419748142
so,W20p0,4,8,0.29566538745366827,0.29566538745366827
so,W10p0,4,5,0.295479956279267,0.295479956279267
thetao,W30p0,6,21,-0.29540606648719636,0.29540606648719636
so,W10p0,7,11,-0.29500100520991746,0.29500100520991746
thetao,W60p0,9,23,0.29453006245702495,0.29453006245702495
so,W30p0,7,25,0.294306030454995,0.294306030454995
so,W20p0,6,3,-0.2940300804620121,0.2940300804620121
thetao,W60p0,6,0,0.29373411388401904,0.29373411388401904
so,W10p0,5,10,-0.293343547367841,0.293343547367841
thetao,W30p0,4,3,0.29314064468162,0.29314064468162
so,W40p0,5,15,0.29162849597377044,0.29162849597377044
so,W20p0,2,17,0.29141951834157875,0.29141951834157875
so,W10p0,2,11,-0.29127772138066055,0.29127772138066055
so,W20p0,9,21,-0.2911935784498799,0.2911935784498799
thetao,W60p0,9,6,-0.2901989265771355,0.2901989265771355
so,W10p0,9,17,-0.28996010394778593,0.28996010394778593
thetao,W20p0,4,20,0.28860766974439506,0.28860766974439506
thetao,W30p0,7,23,-0.2885569825676346,0.2885569825676346
so,W40p0,5,17,0.2885345544484791,0.2885345544484791
so,W20p0,5,15,-0.28829912639640964,0.28829912639640964
thetao,W60p0,7,3,-0.28785748866728134,0.28785748866728134
thetao,W60p0,3,22,-0.2875455245223356,0.2875455245223356
so,W60p0,2,8,-0.28745251259748106,0.28745251259748106
so,W30p0,9,3,0.2873160884819079,0.2873160884819079
thetao,W20p0,0,8,0.28646040809084,0.28646040809084
so,W10p0,9,18,-0.2861202894848569,0.2861202894848569
so,W60p0,4,7,0.2857300760867511,0.2857300760867511
thetao,W20p0,4,19,0.2853795021645554,0.2853795021645554
so,W40p0,5,16,0.2848066760663898,0.2848066760663898
so,W20p0,9,16,-0.28461140548223274,0.28461140548223274
so,W10p0,4,8,0.28455684807149817,0.28455684807149817
so,W10p0,7,8,-0.28431874419338526,0.28431874419338526
thetao,W40p0,5,13,0.28405414258503797,0.28405414258503797
thetao,W60p0,0,1,0.28332020771310057,0.28332020771310057
so,W20p0,2,13,0.283180993837425,0.283180993837425
thetao,W40p0,5,0,-0.282526784358467,0.282526784358467
so,W30p0,3,9,-0.2823380783451395,0.2823380783451395
thetao,W60p0,7,2,-0.2822038862377993,0.2822038862377993
thetao,W40p0,4,13,0.28175189942909373,0.28175189942909373
thetao,W60p0,7,24,-0.28175127921885756,0.28175127921885756
so,W10p0,2,9,-0.28145872083772366,0.28145872083772366
so,W40p0,2,10,-0.2809475822918658,0.2809475822918658
so,W10p0,5,1,-0.28050710705869386,0.28050710705869386
thetao,W20p0,9,21,0.28042172867638804,0.28042172867638804
so,W10p0,1,3,0.2792003901600218,0.2792003901600218
thetao,W20p0,8,1,-0.2790388964293134,0.2790388964293134
thetao,W40p0,7,18,-0.27873156103167207,0.27873156103167207
thetao,W10p0,5,15,0.2776348577519017,0.2776348577519017
so,W30p0,1,5,-0.277072274444696,0.277072274444696
thetao,W60p0,2,9,0.2767296661277176,0.2767296661277176
so,W20p0,3,4,0.27638040965321253,0.27638040965321253
so,W30p0,7,24,0.27633738761167553,0.27633738761167553
so,W20p0,6,6,-0.27624360092318473,0.27624360092318473
so,W10p0,7,2,-0.27612193372684024,0.27612193372684024
thetao,W60p0,2,13,0.27540833291786393,0.27540833291786393
so,W20p0,9,5,-0.27531450444082656,0.27531450444082656
so,W40p0,5,13,0.27520187810221736,0.27520187810221736
so,W60p0,0,12,0.2750837832930697,0.2750837832930697
so,W10p0,7,0,-0.27487857012256905,0.27487857012256905
so,W40p0,5,1,-0.27477657755716556,0.27477657755716556
thetao,W30p0,5,10,-0.2746399873517622,0.2746399873517622
thetao,W20p0,4,18,0.2746044919700316,0.2746044919700316
thetao,W60p0,7,8,-0.2739107326332247,0.2739107326332247
so,W20p0,5,16,-0.27389476406612023,0.27389476406612023
so,W60p0,0,24,-0.27373509955901826,0.27373509955901826
thetao,W60p0,9,2,-0.27361472364479855,0.27361472364479855
so,W20p0,9,18,-0.2731792443963606,0.2731792443963606
thetao,W60p0,7,23,-0.2731356021941625,0.2731356021941625
thetao,W30p0,2,24,0.27268731964623444,0.27268731964623444
thetao,W30p0,8,18,-0.27260443700001713,0.27260443700001713
so,W10p0,5,5,-0.2724145280476372,0.2724145280476372
so,W40p0,9,21,-0.27095381431717397,0.27095381431717397
so,W30p0,4,19,0.2682568087856017,0.2682568087856017
so,W40p0,7,20,-0.2680648056917284,0.2680648056917284
so,W60p0,0,11,0.26800432864753126,0.26800432864753126
thetao,W60p0,3,20,-0.26790389047022284,0.26790389047022284
thetao,W20p0,5,11,-0.26657675080857085,0.26657675080857085
so,W20p0,8,24,0.2665240494963485,0.2665240494963485
so,W10p0,5,7,-0.26641028162695807,0.26641028162695807
so,W30p0,9,24,-0.2659472128680709,0.2659472128680709
so,W60p0,1,25,-0.2653661197504047,0.2653661197504047
thetao,W40p0,7,21,-0.2651409718745212,0.2651409718745212
so,W40p0,2,1,-0.2650615490107724,0.2650615490107724
thetao,W60p0,6,5,0.26474646826032855,0.26474646826032855
so,W10p0,2,16,-0.26447393739504754,0.26447393739504754
thetao,W30p0,9,2,-0.2643713933949413,0.2643713933949413
so,W20p0,1,20,0.26436138859985503,0.26436138859985503
so,W20p0,9,17,-0.26404089141754056,0.26404089141754056
thetao,W20p0,4,17,0.2639716581935406,0.2639716581935406
thetao,W60p0,0,2,0.26375859101921373,0.26375859101921373
so,W20p0,1,11,0.2634622127368054,0.2634622127368054
thetao,W60p0,2,11,0.2631341397404652,0.2631341397404652
thetao,W10p0,2,16,0.26274460648682024,0.26274460648682024
so,W20p0,2,12,0.26246081019234524,0.26246081019234524
so,W10p0,4,13,0.2624520446185877,0.2624520446185877
so,W30p0,1,4,-0.26238127378268955,0.26238127378268955
thetao,W20p0,0,1,0.26209316123411963,0.26209316123411963
so,W10p0,1,4,0.26163441956077593,0.26163441956077593
so,W10p0,1,5,0.26159090886104436,0.26159090886104436
thetao,W60p0,9,7,-0.2613375878645505,0.2613375878645505
thetao,W10p0,2,15,0.26107716687074034,0.26107716687074034
thetao,W20p0,0,5,0.2609711448936458,0.2609711448936458
so,W30p0,1,8,-0.2603761581413424,0.2603761581413424
so,W30p0,4,13,0.25983512853457297,0.25983512853457297
thetao,W60p0,7,11,-0.25976780980493414,0.25976780980493414
so,W40p0,5,9,0.2596394311516723,0.2596394311516723
thetao,W20p0,4,16,0.259494239472633,0.259494239472633
so,W60p0,0,10,0.25875475227565614,0.25875475227565614
thetao,W30p0,8,20,-0.25863591413606063,0.25863591413606063
so,W40p0,4,18,0.25842664647487257,0.25842664647487257
so,W60p0,8,0,-0.2582888479949739,0.2582888479949739
so,W10p0,5,6,-0.25793456851117075,0.25793456851117075
so,W20p0,9,4,-0.2575515796206376,0.2575515796206376
so,W30p0,0,8,0.2573991765187206,0.2573991765187206
so,W10p0,7,13,-0.2569223214495418,0.2569223214495418
so,W40p0,8,19,0.2569111350222893,0.2569111350222893
thetao,W20p0,4,21,0.2566853484688177,0.2566853484688177
so,W30p0,7,18,-0.2557417341321278,0.2557417341321278
so,W20p0,2,9,0.2556192091618624,0.2556192091618624
so,W60p0,5,8,0.2552069161096416,0.2552069161096416
so,W10p0,6,25,0.25517883255713875,0.25517883255713875
thetao,W10p0,1,5,-0.25508382351510994,0.25508382351510994
so,W30p0,4,20,0.25493124139758094,0.25493124139758094
thetao,W40p0,8,6,0.25373149496109587,0.25373149496109587
thetao,W30p0,9,4,-0.2536520160881904,0.2536520160881904
so,W30p0,2,0,0.25329805362655955,0.25329805362655955
thetao,W30p0,8,10,-0.2532247650080967,0.2532247650080967
thetao,W20p0,9,5,-0.25318355568387435,0.25318355568387435
thetao,W10p0,7,22,0.25308654418868537,0.25308654418868537
so,W40p0,1,9,0.2529985808951284,0.2529985808951284
so,W60p0,8,21,0.25296691042422975,0.25296691042422975
thetao,W60p0,3,5,-0.25272471469626334,0.25272471469626334
thetao,W40p0,3,0,-0.25264684968748324,0.25264684968748324
so,W30p0,2,6,0.25226517575338864,0.25226517575338864
thetao,W30p0,5,13,-0.25212657027009855,0.25212657027009855
thetao,W60p0,0,0,0.2520315177282197,0.2520315177282197
thetao,W20p0,5,10,-0.2519111882878525,0.2519111882878525
thetao,W30p0,7,7,-0.2518531086148027,0.2518531086148027
so,W10p0,4,3,0.25183175180037587,0.25183175180037587
so,W10p0,4,7,0.25174293217784194,0.25174293217784194
thetao,W10p0,5,17,0.2515253166335642,0.2515253166335642
so,W10p0,1,2,0.25077169621373946,0.25077169621373946
thetao,W20p0,2,23,-0.2507405303459114,0.2507405303459114
thetao,W40p0,4,21,0.2506165368868535,0.2506165368868535
thetao,W30p0,9,5,-0.2504826302458625,0.2504826302458625
thetao,W20p0,0,7,0.2503696818949124,0.2503696818949124
thetao,W20p0,9,25,0.24943929994614172,0.24943929994614172
so,W20p0,0,7,0.24851496086801791,0.24851496086801791
thetao,W10p0,5,8,-0.24850436849924634,0.24850436849924634
thetao,W30p0,7,6,-0.24846044785807617,0.24846044785807617
so,W30p0,4,11,0.24771791356665135,0.24771791356665135
so,W40p0,7,13,-0.24769471337044918,0.24769471337044918
so,W20p0,1,19,0.2474862002544412,0.2474862002544412
thetao,W10p0,2,14,0.24717405865079767,0.24717405865079767
thetao,W60p0,2,7,0.24710608641654128,0.24710608641654128
thetao,W10p0,8,4,-0.24709863752457886,0.24709863752457886
so,W20p0,8,9,0.2470158931841346,0.2470158931841346
thetao,W60p0,7,5,-0.24676524873667174,0.24676524873667174
so,W10p0,1,1,0.24671751516812282,0.24671751516812282
so,W40p0,5,2,-0.24663964208694097,0.24663964208694097
thetao,W40p0,7,22,-0.2461617801995661,0.2461617801995661
thetao,W10p0,6,13,-0.24605392915888,0.24605392915888
so,W40p0,8,25,0.2459885450174345,0.2459885450174345
so,W40p0,5,12,0.245908693319169,0.245908693319169
so,W60p0,7,1,-0.24559592203915392,0.24559592203915392
thetao,W60p0,5,9,0.24518990190495785,0.24518990190495785
thetao,W40p0,8,11,-0.24513105154177225,0.24513105154177225
so,W20p0,9,6,-0.24486755644817404,0.24486755644817404
thetao,W10p0,3,24,0.24476533439326648,0.24476533439326648
so,W40p0,3,15,-0.24451932651808328,0.24451932651808328
thetao,W10p0,1,6,-0.24430649265829463,0.24430649265829463
thetao,W20p0,9,9,-0.24429818138912013,0.24429818138912013
so,W30p0,2,20,-0.2438187169975439,0.2438187169975439
so,W30p0,2,21,-0.24343736805106161,0.24343736805106161
so,W20p0,9,3,-0.24254087640976477,0.24254087640976477
thetao,W10p0,2,9,0.24249381722631713,0.24249381722631713
thetao,W60p0,5,4,0.24242446582944485,0.24242446582944485
so,W60p0,0,23,-0.2419547412038576,0.2419547412038576
thetao,W40p0,4,17,0.24181743784588025,0.24181743784588025
thetao,W10p0,2,10,0.24144872197011463,0.24144872197011463
thetao,W10p0,2,17,0.24134622381337856,0.24134622381337856
thetao,W10p0,8,18,0.24104614336564648,0.24104614336564648
so,W20p0,5,14,-0.24040013303454386,0.24040013303454386
so,W10p0,1,6,0.24025163369458893,0.24025163369458893
thetao,W10p0,7,4,-0.23999808949306495,0.23999808949306495
thetao,W10p0,2,13,0.2385706613518203,0.2385706613518203
thetao,W30p0,6,25,-0.23797512141773036,0.23797512141773036
so,W30p0,5,16,-0.23788615330498966,0.23788615330498966
so,W20p0,6,17,0.23701379294547748,0.23701379294547748
thetao,W60p0,6,7,0.23699896754341426,0.23699896754341426
so,W40p0,8,11,0.23696359507115256,0.23696359507115256
thetao,W30p0,6,2,0.23690937658268238,0.23690937658268238
so,W10p0,2,17,-0.23665879125471825,0.23665879125471825
so,W30p0,1,13,-0.23657412827779414,0.23657412827779414
thetao,W20p0,5,20,0.23639440886970803,0.23639440886970803
so,W40p0,8,17,0.23589686988062677,0.23589686988062677
so,W10p0,7,17,-0.2358655604666999,0.2358655604666999
thetao,W10p0,2,8,0.23543175202889674,0.23543175202889674
thetao,W30p0,2,25,0.23510675044157625,0.23510675044157625
so,W40p0,7,21,-0.234897227117094,0.234897227117094
thetao,W30p0,9,3,-0.2347601646230561,0.2347601646230561
so,W10p0,9,15,-0.23467704895386737,0.23467704895386737
thetao,W60p0,9,8,-0.23467182622169608,0.23467182622169608
thetao,W20p0,7,1,0.2346358469187991,0.2346358469187991
thetao,W20p0,8,9,-0.23448347166215558,0.23448347166215558
thetao,W40p0,5,14,0.23441069795068964,0.23441069795068964
so,W10p0,6,23,0.2343402806801745,0.2343402806801745
thetao,W10p0,2,12,0.23402859195645254,0.23402859195645254
thetao,W30p0,6,23,-0.23396750338074243,0.23396750338074243
so,W30p0,2,15,-0.2337421581460502,0.2337421581460502
thetao,W10p0,2,7,0.23339499133889266,0.23339499133889266
so,W10p0,1,7,0.23329686316495235,0.23329686316495235
so,W10p0,8,10,0.23300993053650515,0.23300993053650515
so,W40p0,8,15,0.232985309032839,0.232985309032839
so,W30p0,3,8,-0.23281594680407602,0.23281594680407602
thetao,W10p0,2,11,0.23276379092133562,0.23276379092133562
thetao,W20p0,5,9,-0.23268109543265866,0.23268109543265866
so,W60p0,5,10,0.23246984717306168,0.23246984717306168
thetao,W60p0,6,25,0.23213788761823326,0.23213788761823326
thetao,W60p0,9,24,0.23195015693985688,0.23195015693985688
so,W60p0,4,23,0.23176225314880772,0.23176225314880772
so,W10p0,1,0,0.23155833046553756,0.23155833046553756
thetao,W20p0,3,20,0.23136938499383847,0.23136938499383847
so,W60p0,5,11,0.2311674813725309,0.2311674813725309
so,W20p0,9,7,-0.23067593252696092,0.23067593252696092
thetao,W20p0,8,14,-0.23039007280845392,0.23039007280845392
thetao,W20p0,8,16,-0.23007178702674877,0.23007178702674877
thetao,W60p0,6,24,0.2300241047872594,0.2300241047872594
thetao,W20p0,3,17,0.23002317759711383,0.23002317759711383
thetao,W20p0,9,24,0.2299742932033847,0.2299742932033847
so,W30p0,7,1,-0.22994773921834413,0.22994773921834413
thetao,W60p0,5,10,0.2294395966955471,0.2294395966955471
thetao,W20p0,8,12,-0.22925065312797355,0.22925065312797355
so,W60p0,1,24,-0.22912427484072917,0.22912427484072917
thetao,W20p0,3,21,0.22878394116487932,0.22878394116487932
thetao,W20p0,4,15,0.22850123666445252,0.22850123666445252
so,W20p0,6,7,-0.22814234517740545,0.22814234517740545
so,W30p0,0,9,0.22799501836101702,0.22799501836101702
thetao,W20p0,5,18,0.2277569510138882,0.2277569510138882
so,W60p0,7,4,-0.2272834250907942,0.2272834250907942
thetao,W10p0,1,7,-0.22701262737553116,0.22701262737553116
thetao,W10p0,6,12,-0.2269133154083834,0.2269133154083834
thetao,W10p0,7,18,0.22672709438245098,0.22672709438245098
thetao,W30p0,8,8,-0.22642807234933848,0.22642807234933848
thetao,W30p0,3,10,0.2262077177523366,0.2262077177523366
thetao,W10p0,5,11,-0.22597313120665186,0.22597313120665186
so,W10p0,1,8,0.22560340726488656,0.22560340726488656
so,W40p0,8,20,0.2253970883005702,0.2253970883005702
so,W10p0,1,13,0.22531137114483105,0.22531137114483105
thetao,W60p0,9,5,-0.2248610621157166,0.2248610621157166
so,W60p0,5,12,0.2246753614642748,0.2246753614642748
thetao,W20p0,8,0,-0.22459158417537178,0.22459158417537178
so,W10p0,8,11,0.22439849769369424,0.22439849769369424
so,W20p0,9,19,-0.2240884834635079,0.2240884834635079
thetao,W20p0,8,10,-0.22394280286816598,0.22394280286816598
thetao,W30p0,7,22,-0.2239373705610694,0.2239373705610694
so,W60p0,0,13,0.2236951754878333,0.2236951754878333
so,W20p0,6,2,-0.22364552817503922,0.22364552817503922
thetao,W30p0,9,23,0.22358177924564757,0.22358177924564757
thetao,W60p0,3,7,-0.22329085727365974,0.22329085727365974
thetao,W10p0,2,18,0.22323458800346604,0.22323458800346604
so,W30p0,5,15,-0.22317695074133462,0.22317695074133462
so,W20p0,4,4,0.22301220880943434,0.22301220880943434
thetao,W30p0,6,3,0.2227868672839237,0.2227868672839237
thetao,W20p0,5,12,-0.22274542596262184,0.22274542596262184
thetao,W20p0,9,8,-0.2226270047186644,0.2226270047186644
thetao,W30p0,8,9,-0.22248397647611756,0.22248397647611756
thetao,W30p0,8,4,-0.22223137412385752,0.22223137412385752
thetao,W40p0,4,23,0.22190748885332023,0.22190748885332023
so,W10p0,1,14,0.2218304828887138,0.2218304828887138
so,W60p0,5,18,-0.22131082846281047,0.22131082846281047
so,W40p0,2,11,-0.22124321660011492,0.22124321660011492
thetao,W60p0,2,10,0.2211806175917605,0.2211806175917605
thetao,W20p0,0,6,0.22083321281941973,0.22083321281941973
thetao,W10p0,7,19,0.2206623883005453,0.2206623883005453
so,W40p0,1,10,0.2202322841516797,0.2202322841516797
thetao,W30p0,5,14,-0.21949075439240728,0.21949075439240728
thetao,W20p0,0,9,0.21941459263466498,0.21941459263466498
so,W30p0,9,22,-0.21931959411803675,0.21931959411803675
thetao,W60p0,6,6,0.21930126234481293,0.21930126234481293
so,W20p0,6,12,0.21891543700009386,0.21891543700009386
so,W40p0,5,4,-0.21887559569706494,0.21887559569706494
thetao,W40p0,3,17,0.21881023640660643,0.21881023640660643
thetao,W20p0,4,12,0.21799255233417633,0.21799255233417633
so,W40p0,4,1,0.2179486497403406,0.2179486497403406
so,W10p0,4,1,0.21773445786558845,0.21773445786558845
so,W40p0,4,9,-0.2171510986304932,0.2171510986304932
thetao,W40p0,4,14,0.2170846748116485,0.2170846748116485
so,W40p0,1,8,0.21674165052168592,0.21674165052168592
thetao,W10p0,1,4,-0.2159349822682072,0.2159349822682072
so,W40p0,3,8,-0.21590235548512784,0.21590235548512784
so,W40p0,8,10,0.2157704073722662,0.2157704073722662
so,W60p0,9,0,0.21574534978294224,0.21574534978294224
thetao,W10p0,2,4,0.21568049777027365,0.21568049777027365
so,W40p0,9,20,-0.21545101987125043,0.21545101987125043
so,W40p0,9,4,-0.21524306360280931,0.21524306360280931
so,W30p0,4,10,0.21514154292049306,0.21514154292049306
so,W20p0,0,8,0.2148662419744617,0.2148662419744617
thetao,W10p0,2,3,0.21481974803349807,0.21481974803349807
so,W30p0,6,7,-0.21466974517876838,0.21466974517876838
thetao,W20p0,8,13,-0.21447432643023842,0.21447432643023842
thetao,W20p0,5,17,0.2142024402027801,0.2142024402027801
thetao,W40p0,6,25,0.21412384091799308,0.21412384091799308
so,W30p0,0,25,-0.21396394055147494,0.21396394055147494
so,W30p0,9,25,-0.21396364295427175,0.21396364295427175
thetao,W10p0,3,23,0.21381191464919147,0.21381191464919147
so,W20p0,2,16,0.21378098220008795,0.21378098220008795
thetao,W60p0,7,22,-0.21366351986303056,0.21366351986303056
so,W20p0,2,15,0.213652830370864,0.213652830370864
so,W20p0,1,15,0.21348123689103485,0.21348123689103485
so,W60p0,4,10,0.21318670567207318,0.21318670567207318
thetao,W20p0,4,14,0.2131799963011969,0.2131799963011969
so,W30p0,3,10,-0.21311683853724678,0.21311683853724678
thetao,W60p0,6,4,0.21302133194245168,0.21302133194245168
thetao,W40p0,5,8,0.21301453565233927,0.21301453565233927
so,W60p0,2,12,-0.21284851522640788,0.21284851522640788
thetao,W20p0,5,7,-0.2128054631675941,0.2128054631675941
thetao,W40p0,6,8,0.2127591940402875,0.2127591940402875
so,W20p0,2,14,0.2121933894963675,0.2121933894963675
so,W40p0,9,23,-0.21203976792080553,0.21203976792080553
thetao,W30p0,8,19,-0.21188553207174887,0.21188553207174887
thetao,W10p0,2,5,0.21165819333706745,0.21165819333706745
thetao,W30p0,0,11,-0.21145249476860586,0.21145249476860586
thetao,W20p0,4,11,0.2112929271854751,0.2112929271854751
so,W10p0,1,15,0.21125842669848663,0.21125842669848663
thetao,W30p0,3,9,0.21115961053631252,0.21115961053631252
thetao,W20p0,3,18,0.21081741684379138,0.21081741684379138
thetao,W40p0,7,19,-0.21063100822231864,0.21063100822231864
thetao,W40p0,6,1,-0.21027685680419214,0.21027685680419214
thetao,W60p0,5,3,0.21018315542622745,0.21018315542622745
thetao,W60p0,6,23,0.21000515375386022,0.21000515375386022
so,W30p0,4,12,0.20987922931332315,0.20987922931332315
thetao,W30p0,9,6,-0.20958451366668027,0.20958451366668027
so,W60p0,2,17,0.20950861369308715,0.20950861369308715
thetao,W20p0,4,13,0.20936413004001214,0.20936413004001214
thetao,W30p0,8,5,-0.20915141519990113,0.20915141519990113
so,W60p0,6,25,-0.20904321122173994,0.20904321122173994
so,W20p0,2,25,0.20897894963992403,0.20897894963992403
so,W60p0,9,10,0.20877530799171937,0.20877530799171937
so,W40p0,8,16,0.20823798390611498,0.20823798390611498
so,W40p0,5,6,-0.2075447107220311,0.2075447107220311
so,W30p0,1,3,-0.20713997534318232,0.20713997534318232
thetao,W30p0,0,12,-0.20697734886893446,0.20697734886893446
so,W40p0,3,18,-0.20684691634679422,0.20684691634679422
so,W30p0,7,9,0.20654288307504043,0.20654288307504043
so,W10p0,0,12,-0.20606281867790202,0.20606281867790202
thetao,W10p0,2,6,0.2059115061571309,0.2059115061571309
thetao,W40p0,3,15,0.20577660603539688,0.20577660603539688
so,W40p0,0,15,-0.20570580498207733,0.20570580498207733
thetao,W30p0,1,3,0.2056691305266057,0.2056691305266057
thetao,W30p0,6,24,-0.20522510795215576,0.20522510795215576
so,W10p0,5,12,-0.20510676979097925,0.20510676979097925
so,W60p0,2,18,0.20503773072187723,0.20503773072187723
so,W30p0,3,2,0.2049434479658898,0.2049434479658898
thetao,W30p0,6,20,-0.20462680533747166,0.20462680533747166
thetao,W40p0,3,14,0.20459177121618116,0.20459177121618116
thetao,W40p0,9,21,0.2045738095839294,0.2045738095839294
so,W40p0,9,19,-0.20438992005683676,0.20438992005683676
thetao,W40p0,4,16,0.2042858114611066,0.2042858114611066
thetao,W60p0,7,1,-0.20425261959360044,0.20425261959360044
thetao,W60p0,3,2,-0.2041259846352568,0.2041259846352568
so,W30p0,5,5,0.20390772343321487,0.20390772343321487
thetao,W60p0,7,7,-0.2036609319019503,0.2036609319019503
thetao,W40p0,6,13,0.20365902789649812,0.20365902789649812
so,W60p0,2,9,-0.2033958243871136,0.2033958243871136
thetao,W60p0,9,11,-0.20333725855452864,0.20333725855452864
thetao,W40p0,8,13,-0.20278510310471645,0.20278510310471645
thetao,W40p0,7,15,-0.20272253187144607,0.20272253187144607
thetao,W40p0,5,12,0.20230539374607512,0.20230539374607512
thetao,W60p0,9,14,-0.20226493451400676,0.20226493451400676
so,W10p0,4,2,0.202010743400717,0.202010743400717
thetao,W30p0,6,0,0.20183402168796452,0.20183402168796452
so,W40p0,1,11,0.20175957713392603,0.20175957713392603
thetao,W40p0,8,23,0.2012928355981612,0.2012928355981612
thetao,W20p0,0,10,0.2012773862408732,0.2012773862408732
so,W60p0,1,23,-0.20091606588156438,0.20091606588156438
thetao,W30p0,8,24,-0.2008834951435766,0.2008834951435766
so,W30p0,0,10,0.20081475182796057,0.20081475182796057
thetao,W40p0,3,2,-0.2006307494804377,0.2006307494804377
thetao,W20p0,8,11,-0.20057591423370197,0.20057591423370197
so,W10p0,6,0,-0.20029917047495094,0.20029917047495094
so,W40p0,7,19,-0.1998467249752948,0.1998467249752948
thetao,W20p0,7,2,0.199667517909564,0.199667517909564
so,W20p0,9,14,-0.1995449686554311,0.1995449686554311
thetao,W40p0,4,12,0.19939691396213755,0.19939691396213755
thetao,W20p0,4,10,0.1987197029770221,0.1987197029770221
thetao,W40p0,7,24,-0.19853704766000457,0.19853704766000457
thetao,W10p0,3,22,0.19808624011513,0.19808624011513
so,W10p0,7,3,-0.19772495298947917,0.19772495298947917
thetao,W60p0,4,20,-0.1970578624774668,0.1970578624774668
thetao,W30p0,5,25,0.19692405594369622,0.19692405594369622
thetao,W30p0,2,0,-0.19686959813778263,0.19686959813778263
thetao,W60p0,5,12,0.1967017586526022,0.1967017586526022
thetao,W30p0,9,8,-0.1967015758836933,0.1967015758836933
so,W30p0,1,12,-0.1964395246158543,0.1964395246158543
thetao,W10p0,4,16,0.1964066091664208,0.1964066091664208
thetao,W10p0,4,14,0.1962232198377756,0.1962232198377756
so,W40p0,4,17,0.19579868398839684,0.19579868398839684
thetao,W10p0,0,25,-0.1957364043925629,0.1957364043925629
so,W10p0,0,4,-0.19552115984330665,0.19552115984330665
so,W40p0,5,3,-0.1953647711038384,0.1953647711038384
thetao,W20p0,2,22,-0.1953523248700648,0.1953523248700648
so,W10p0,6,22,0.19504551864541203,0.19504551864541203
so,W60p0,9,7,0.194887113907918,0.194887113907918
so,W40p0,9,22,-0.19480988808791028,0.19480988808791028
thetao,W60p0,5,8,0.19480061278944588,0.19480061278944588
thetao,W10p0,8,5,-0.19478146159871215,0.19478146159871215
thetao,W60p0,8,22,-0.1944782155762858,0.1944782155762858
thetao,W10p0,2,19,0.1943985411651297,0.1943985411651297
so,W10p0,9,14,-0.19400497198575434,0.19400497198575434
so,W10p0,7,6,-0.1939872582961969,0.1939872582961969
thetao,W40p0,6,7,0.19378975620903763,0.19378975620903763
thetao,W10p0,1,8,-0.19338236381358295,0.19338236381358295
so,W10p0,4,9,0.1933521318711132,0.1933521318711132
thetao,W40p0,3,16,0.1932543195420096,0.1932543195420096
thetao,W40p0,2,2,-0.19269228694745993,0.19269228694745993
thetao,W60p0,0,3,0.19265821087565513,0.19265821087565513
so,W20p0,0,25,-0.19261401233348147,0.19261401233348147
so,W60p0,6,24,-0.1922890240992517,0.1922890240992517
so,W20p0,9,15,-0.19209791476211563,0.19209791476211563
thetao,W30p0,2,23,0.1920450014498332,0.1920450014498332
thetao,W40p0,5,3,0.19198602833942344,0.19198602833942344
thetao,W30p0,6,1,0.1919830421941529,0.1919830421941529
thetao,W60p0,7,25,-0.1916021446450674,0.1916021446450674
so,W20p0,6,16,0.19152701869157202,0.19152701869157202
thetao,W30p0,5,1,0.1915084565044203,0.1915084565044203
thetao,W60p0,8,25,-0.19147642741760507,0.19147642741760507
so,W60p0,6,23,-0.1913771444494552,0.1913771444494552
so,W20p0,1,10,0.1912804333950125,0.1912804333950125
so,W10p0,1,12,0.19125056565102774,0.19125056565102774
so,W30p0,5,19,-0.19108726547031463,0.19108726547031463
thetao,W60p0,3,8,-0.19085155537590653,0.19085155537590653
so,W30p0,6,1,0.19064014616150632,0.19064014616150632
so,W10p0,2,8,-0.19048432679473543,0.19048432679473543
thetao,W40p0,4,19,0.19036852502829774,0.19036852502829774
thetao,W10p0,9,12,-0.19030700916251914,0.19030700916251914
so,W30p0,2,2,0.1902375626543489,0.1902375626543489
thetao,W30p0,3,11,0.19015659353130226,0.19015659353130226
thetao,W40p0,8,10,-0.1899930328730508,0.1899930328730508
so,W10p0,0,0,-0.18976119304472525,0.18976119304472525
so,W40p0,7,14,-0.1892396966444239,0.1892396966444239
so,W20p0,6,14,0.1886307179418687,0.1886307179418687
thetao,W10p0,4,15,0.18856993425542298,0.18856993425542298
so,W10p0,7,14,-0.1883412467472394,0.1883412467472394
thetao,W60p0,1,1,-0.18801000385512956,0.18801000385512956
thetao,W40p0,7,14,-0.18785588715634846,0.18785588715634846
so,W60p0,5,6,0.18781481083301918,0.18781481083301918
so,W10p0,4,11,0.18759328816436355,0.18759328816436355
thetao,W30p0,4,14,-0.18748069850733765,0.18748069850733765
so,W40p0,2,3,-0.18743879592942955,0.18743879592942955
thetao,W40p0,2,1,-0.18737182385137086,0.18737182385137086
so,W60p0,2,13,-0.18727187717682994,0.18727187717682994
thetao,W10p0,5,18,0.18712906998459733,0.18712906998459733
so,W40p0,4,19,0.18706295247670304,0.18706295247670304
thetao,W60p0,9,3,-0.18694663652798865,0.18694663652798865
so,W30p0,8,23,0.18687722402841406,0.18687722402841406
thetao,W30p0,7,13,0.1868341334606563,0.1868341334606563
thetao,W20p0,4,22,0.18651107214898002,0.18651107214898002
so,W40p0,2,9,-0.18629932884453496,0.18629932884453496
so,W20p0,6,15,0.18627874681677484,0.18627874681677484
so,W20p0,6,24,-0.18593840901515798,0.18593840901515798
thetao,W40p0,7,17,-0.18589685365633823,0.18589685365633823
thetao,W20p0,8,23,0.1852069620023603,0.1852069620023603
so,W60p0,3,3,-0.18500369766585675,0.18500369766585675
so,W10p0,8,3,0.18498977598202612,0.18498977598202612
so,W30p0,3,19,0.18472808123058715,0.18472808123058715
thetao,W20p0,9,18,0.18466175112737762,0.18466175112737762
thetao,W10p0,4,12,0.18457539642826457,0.18457539642826457
thetao,W10p0,2,2,0.18453282359930956,0.18453282359930956
so,W60p0,8,24,0.1844532198214015,0.1844532198214015
thetao,W30p0,7,25,-0.18445253498165023,0.18445253498165023
thetao,W10p0,9,24,-0.18436690536839792,0.18436690536839792
so,W20p0,9,8,-0.18433584426409638,0.18433584426409638
thetao,W40p0,5,15,0.18430547395444097,0.18430547395444097
so,W10p0,0,14,-0.1842808327912159,0.1842808327912159
thetao,W30p0,4,12,-0.18413784071952738,0.18413784071952738
thetao,W40p0,9,5,0.18406748492418185,0.18406748492418185
so,W20p0,9,1,-0.1840174548838786,0.1840174548838786
thetao,W40p0,4,15,0.18390215165750576,0.18390215165750576
thetao,W30p0,4,15,-0.1838698859287351,0.1838698859287351
thetao,W60p0,3,19,-0.18383439335784973,0.18383439335784973
thetao,W40p0,2,12,-0.18372100098484193,0.18372100098484193
so,W60p0,1,20,-0.18350568025001077,0.18350568025001077
thetao,W40p0,9,4,0.18349510116234663,0.18349510116234663
thetao,W10p0,9,2,0.18349461444584952,0.18349461444584952
thetao,W20p0,3,16,0.18346771906905535,0.18346771906905535
thetao,W10p0,5,14,0.18341717553751857,0.18341717553751857
thetao,W10p0,4,13,0.18336815750504326,0.18336815750504326
thetao,W30p0,4,13,-0.18331480017123009,0.18331480017123009
so,W60p0,0,22,-0.1826299672795878,0.1826299672795878
thetao,W40p0,2,7,-0.18258364847395495,0.18258364847395495
so,W10p0,0,13,-0.18253162726406744,0.18253162726406744
so,W20p0,2,19,0.1825175627842325,0.1825175627842325
so,W40p0,1,25,-0.182044611206468,0.182044611206468
so,W20p0,8,0,-0.18172532383058057,0.18172532383058057
so,W40p0,0,14,-0.1816849268147501,0.1816849268147501
thetao,W60p0,8,24,-0.18162557561655593,0.18162557561655593
thetao,W40p0,5,11,0.18101330659430298,0.18101330659430298
thetao,W60p0,9,0,-0.18056932589389713,0.18056932589389713
thetao,W10p0,5,6,-0.1805177443673167,0.1805177443673167
so,W60p0,0,21,-0.18042149652436149,0.18042149652436149
so,W20p0,6,18,0.18008531070321815,0.18008531070321815
so,W30p0,2,10,0.17998630139900998,0.17998630139900998
thetao,W20p0,4,9,0.17985414624742896,0.17985414624742896
so,W60p0,5,9,0.17976867256643853,0.17976867256643853
so,W10p0,9,13,-0.17944866692411646,0.17944866692411646
thetao,W60p0,9,4,-0.17933535627704053,0.17933535627704053
so,W10p0,1,9,0.17907445279832535,0.17907445279832535
thetao,W40p0,0,17,-0.17906173853228155,0.17906173853228155
so,W40p0,0,16,-0.1788135893562304,0.1788135893562304
thetao,W30p0,7,5,-0.17880763739735123,0.17880763739735123
so,W20p0,6,5,-0.17873065786634,0.17873065786634
thetao,W10p0,8,6,-0.17871688264309873,0.17871688264309873
so,W30p0,2,13,-0.17862362358717143,0.17862362358717143
thetao,W20p0,8,5,-0.1784458297847488,0.1784458297847488
thetao,W30p0,4,11,-0.17781207084386833,0.17781207084386833
so,W20p0,5,4,-0.17772409975879572,0.17772409975879572
thetao,W60p0,3,18,-0.17696603256688562,0.17696603256688562
so,W60p0,7,11,-0.17696342785699817,0.17696342785699817
thetao,W60p0,3,1,-0.1768009712405178,0.1768009712405178
so,W40p0,9,3,-0.17663456783415707,0.17663456783415707
thetao,W20p0,6,0,-0.17644970578180863,0.17644970578180863
so,W20p0,8,23,0.17642643509601053,0.17642643509601053
thetao,W60p0,9,15,-0.17640216734725123,0.17640216734725123
so,W20p0,2,1,0.17639220579058273,0.17639220579058273
thetao,W30p0,9,24,0.17617484226522498,0.17617484226522498
so,W40p0,0,17,-0.17571059152143698,0.17571059152143698
thetao,W60p0,5,13,0.17558266290632374,0.17558266290632374
thetao,W30p0,0,6,-0.17543368216154898,0.17543368216154898
thetao,W60p0,3,4,-0.1753240123046622,0.1753240123046622
thetao,W20p0,6,7,-0.17512509802895138,0.17512509802895138
so,W30p0,0,12,0.174844141368762,0.174844141368762
so,W10p0,9,19,-0.1748074019925959,0.1748074019925959
thetao,W40p0,6,16,0.1748032170124519,0.1748032170124519
so,W20p0,3,2,0.17474529557808915,0.17474529557808915
so,W40p0,1,12,0.17474167896187925,0.17474167896187925
thetao,W30p0,0,5,-0.17468346070129903,0.17468346070129903
thetao,W60p0,0,5,0.17458619779133638,0.17458619779133638
so,W60p0,5,19,-0.17420319730589107,0.17420319730589107
so,W10p0,4,24,0.17418391753072834,0.17418391753072834
thetao,W30p0,8,3,-0.1740942939250648,0.1740942939250648
so,W30p0,2,9,0.17409281454759346,0.17409281454759346
thetao,W40p0,8,4,0.17360562617381306,0.17360562617381306
thetao,W20p0,9,6,-0.17337685930415986,0.17337685930415986
so,W10p0,8,4,0.17328594305031525,0.17328594305031525
thetao,W60p0,0,4,0.1731536217970912,0.1731536217970912
so,W10p0,8,12,0.1730581898301381,0.1730581898301381
thetao,W10p0,9,25,-0.17296862496829934,0.17296862496829934
so,W10p0,0,3,-0.17291258057095027,0.17291258057095027
thetao,W10p0,6,11,-0.17285500524033373,0.17285500524033373
thetao,W20p0,2,21,-0.17264211560901377,0.17264211560901377
thetao,W10p0,8,17,0.17251619098953724,0.17251619098953724
so,W60p0,1,2,0.17216705803772417,0.17216705803772417
thetao,W20p0,6,9,-0.1721357022900817,0.1721357022900817
thetao,W30p0,3,24,0.17207762287363343,0.17207762287363343
so,W30p0,0,24,-0.17130578112385803,0.17130578112385803
so,W40p0,4,8,-0.17109692551617087,0.17109692551617087
thetao,W30p0,0,13,-0.17093431202011858,0.17093431202011858
thetao,W10p0,9,23,-0.1708744057318123,0.1708744057318123
thetao,W40p0,7,20,-0.17086299076381523,0.17086299076381523
so,W30p0,8,16,0.17085502446316175,0.17085502446316175
so,W20p0,6,11,0.17080087682315975,0.17080087682315975
thetao,W60p0,7,12,-0.17036144388147864,0.17036144388147864
thetao,W30p0,3,8,0.1701643751780436,0.1701643751780436
thetao,W40p0,4,25,0.16993135099088216,0.16993135099088216
so,W30p0,5,9,-0.16992483169465802,0.16992483169465802
thetao,W10p0,7,25,0.16984997091798926,0.16984997091798926
so,W10p0,1,16,0.1696792245725197,0.1696792245725197
thetao,W20p0,5,19,0.1694730437293546,0.1694730437293546
so,W30p0,3,20,0.16930287526541993,0.16930287526541993
so,W10p0,6,18,-0.1692756560059743,0.1692756560059743
thetao,W40p0,8,14,-0.16923320522827862,0.16923320522827862
so,W60p0,2,24,-0.16907185685123105,0.16907185685123105
thetao,W30p0,8,25,-0.169052704188476,0.169052704188476
thetao,W30p0,4,23,0.16892934494664025,0.16892934494664025
so,W30p0,8,22,0.16892096962491038,0.16892096962491038
thetao,W60p0,0,6,0.16891827792649355,0.16891827792649355
thetao,W20p0,3,3,0.16888703184451825,0.16888703184451825
so,W10p0,7,15,-0.16875674188278775,0.16875674188278775
so,W40p0,2,4,-0.16862427344112652,0.16862427344112652
so,W20p0,8,11,0.16851244066033194,0.16851244066033194
so,W10p0,9,21,-0.16808161488731263,0.16808161488731263
thetao,W60p0,6,15,-0.16804556159317643,0.16804556159317643
so,W60p0,6,1,-0.16803392327687655,0.16803392327687655
so,W20p0,8,1,-0.16793689529682693,0.16793689529682693
so,W20p0,4,5,0.16789513130765252,0.16789513130765252
thetao,W60p0,2,14,0.16784691271970795,0.16784691271970795
so,W20p0,9,2,-0.1677526479814491,0.1677526479814491
thetao,W60p0,5,11,0.16764351950844392,0.16764351950844392
so,W30p0,3,11,-0.16741129304279323,0.16741129304279323
thetao,W40p0,7,16,-0.16729048075620534,0.16729048075620534
so,W60p0,9,23,0.16722168421728065,0.16722168421728065
thetao,W10p0,2,20,0.16716579682445176,0.16716579682445176
thetao,W10p0,7,23,0.16708949572672113,0.16708949572672113
so,W30p0,8,19,0.1663295037051412,0.1663295037051412
so,W30p0,1,11,-0.1661863008429544,0.1661863008429544
so,W10p0,8,25,0.16593808982462557,0.16593808982462557
so,W30p0,1,14,-0.1658681793960853,0.1658681793960853
so,W40p0,4,2,0.16577887387074763,0.16577887387074763
so,W10p0,1,10,0.16577627594671873,0.16577627594671873
thetao,W60p0,4,6,0.16566160711252176,0.16566160711252176
so,W30p0,8,21,0.16547270191751864,0.16547270191751864
thetao,W60p0,9,13,-0.1654065891583818,0.1654065891583818
thetao,W10p0,5,7,-0.16510400089497249,0.16510400089497249
thetao,W10p0,7,5,-0.16488474261397582,0.16488474261397582
thetao,W30p0,5,9,-0.16486814372386469,0.16486814372386469
so,W30p0,2,1,0.16484907154319264,0.16484907154319264
thetao,W30p0,7,0,-0.16484125586869414,0.16484125586869414
thetao,W30p0,4,4,0.16465507414576683,0.16465507414576683
thetao,W40p0,6,17,0.16451827048797,0.16451827048797
so,W10p0,0,11,-0.1644093283075241,0.1644093283075241
thetao,W20p0,1,6,-0.1643684253117572,0.1643684253117572
thetao,W10p0,1,3,-0.16413258585087487,0.16413258585087487
so,W40p0,9,5,-0.16412541027096036,0.16412541027096036
so,W40p0,3,0,0.16408559986343765,0.16408559986343765
so,W10p0,1,25,-0.1640754097691714,0.1640754097691714
thetao,W10p0,7,21,0.1639126594517016,0.1639126594517016
thetao,W10p0,5,19,0.16388302991481013,0.16388302991481013
thetao,W10p0,6,17,-0.1638391379894096,0.1638391379894096
so,W40p0,5,25,0.1637853096619025,0.1637853096619025
thetao,W10p0,8,8,-0.16359653279814693,0.16359653279814693
so,W20p0,6,23,-0.16339088658410858,0.16339088658410858
so,W10p0,7,1,-0.16335689016837582,0.16335689016837582
so,W10p0,0,25,0.16313407847538253,0.16313407847538253
so,W60p0,9,9,0.16302529462452237,0.16302529462452237
so,W20p0,9,9,-0.16291172578818403,0.16291172578818403
thetao,W60p0,5,23,0.16274127484832449,0.16274127484832449
so,W40p0,4,10,-0.16258213712836575,0.16258213712836575
so,W40p0,7,9,0.16250695613471633,0.16250695613471633
so,W60p0,0,20,-0.16235734124753146,0.16235734124753146
thetao,W40p0,8,22,0.16230170777918543,0.16230170777918543
thetao,W40p0,7,25,-0.16217691737056406,0.16217691737056406
so,W10p0,0,18,0.16208185336527198,0.16208185336527198
thetao,W40p0,8,3,0.16199326160284375,0.16199326160284375
thetao,W30p0,0,10,-0.16136207380909356,0.16136207380909356
thetao,W60p0,6,14,-0.16110764433538294,0.16110764433538294
so,W60p0,5,17,-0.1610879643025781,0.1610879643025781
thetao,W60p0,9,22,0.16099761383297484,0.16099761383297484
so,W30p0,8,20,0.16093507388742131,0.16093507388742131
so,W60p0,9,15,-0.16070449710553628,0.16070449710553628
so,W60p0,2,7,-0.16064251192360238,0.16064251192360238
thetao,W40p0,6,24,0.16059033726391334,0.16059033726391334
thetao,W20p0,6,5,-0.1604745412206052,0.1604745412206052
so,W20p0,9,0,-0.16039196970338057,0.16039196970338057
so,W40p0,4,0,0.16029819334183532,0.16029819334183532
thetao,W40p0,0,16,-0.1601329012428985,0.1601329012428985
thetao,W10p0,9,13,-0.16005825800418477,0.16005825800418477
thetao,W20p0,6,6,-0.1599729345341651,0.1599729345341651
thetao,W60p0,7,0,0.15991311000698066,0.15991311000698066
thetao,W10p0,9,19,-0.15946302697947926,0.15946302697947926
so,W20p0,2,2,0.1592740055494977,0.1592740055494977
thetao,W40p0,6,14,0.15925188548505048,0.15925188548505048
thetao,W30p0,3,25,0.15868176240981344,0.15868176240981344
so,W10p0,2,1,0.1586573749593391,0.1586573749593391
thetao,W30p0,8,23,-0.15860841222866315,0.15860841222866315
thetao,W40p0,2,11,-0.1585060999306753,0.1585060999306753
thetao,W60p0,4,21,-0.15803576871885391,0.15803576871885391
thetao,W20p0,6,13,0.15797736901626547,0.15797736901626547
so,W40p0,5,0,-0.15792974287314565,0.15792974287314565
thetao,W40p0,7,13,-0.1578993534615241,0.1578993534615241
so,W60p0,1,19,-0.15781565678097773,0.15781565678097773
so,W60p0,1,21,-0.15760711073129197,0.15760711073129197
so,W40p0,4,20,0.1575452392589973,0.1575452392589973
thetao,W10p0,1,1,-0.1572990437701706,0.1572990437701706
thetao,W60p0,2,6,0.1571008579607259,0.1571008579607259
thetao,W60p0,6,13,-0.15705540157914635,0.15705540157914635
so,W10p0,9,22,-0.15684144666402142,0.15684144666402142
thetao,W20p0,7,9,-0.15657250394726133,0.15657250394726133
thetao,W30p0,3,7,0.1565470908647633,0.1565470908647633
thetao,W10p0,3,6,0.15647607339143238,0.15647607339143238
so,W60p0,7,13,-0.1563057207201768,0.1563057207201768
so,W60p0,3,12,-0.15621469762741177,0.15621469762741177
thetao,W40p0,6,15,0.15618384920219225,0.15618384920219225
so,W20p0,6,13,0.15607471188230934,0.15607471188230934
thetao,W40p0,1,3,0.15593599678409495,0.15593599678409495
so,W60p0,0,14,0.15579353982240893,0.15579353982240893
thetao,W30p0,5,2,0.1555957431294671,0.1555957431294671
so,W30p0,7,2,-0.15550730815390518,0.15550730815390518
so,W30p0,1,15,-0.15512724972664355,0.15512724972664355
thetao,W30p0,5,5,0.15484829842072753,0.15484829842072753
so,W40p0,3,16,-0.15464349358692275,0.15464349358692275
so,W60p0,9,24,0.15454653203610105,0.15454653203610105
so,W20p0,4,9,0.15437066960743606,0.15437066960743606
thetao,W10p0,6,10,-0.15418474336107452,0.15418474336107452
thetao,W20p0,4,8,0.15411661893122988,0.15411661893122988
so,W10p0,0,8,-0.15402055737010859,0.15402055737010859
thetao,W30p0,3,12,0.15400409632797463,0.15400409632797463
thetao,W30p0,1,13,0.15397291963600176,0.15397291963600176
thetao,W60p0,5,7,0.1538517847558862,0.1538517847558862
thetao,W30p0,8,22,-0.15381552435669,0.15381552435669
thetao,W20p0,8,8,-0.15359595811084023,0.15359595811084023
so,W30p0,6,18,0.1535771915358868,0.1535771915358868
thetao,W10p0,6,16,-0.15344573451653032,0.15344573451653032
thetao,W60p0,2,18,-0.15343001791795718,0.15343001791795718
thetao,W10p0,1,10,-0.15328630345441493,0.15328630345441493
thetao,W20p0,3,19,0.15273076083705434,0.15273076083705434
thetao,W40p0,9,24,0.15267781016991328,0.15267781016991328
thetao,W40p0,2,9,-0.15266142339635616,0.15266142339635616
thetao,W10p0,9,8,-0.15247324897143177,0.15247324897143177
thetao,W20p0,6,2,-0.15237900175418173,0.15237900175418173
thetao,W20p0,2,20,-0.15217656475153063,0.15217656475153063
so,W60p0,5,25,-0.15216442336475544,0.15216442336475544
thetao,W40p0,2,10,-0.15208355100249626,0.15208355100249626
so,W40p0,1,14,0.1516072592693053,0.1516072592693053
thetao,W30p0,9,25,0.1515111147385755,0.1515111147385755
thetao,W30p0,1,2,0.1513624615278091,0.1513624615278091
thetao,W60p0,2,17,-0.15115290981128182,0.15115290981128182
thetao,W30p0,5,18,0.15099232002796115,0.15099232002796115
thetao,W40p0,7,23,-0.1508006802669146,0.1508006802669146
so,W40p0,2,21,0.15066822597525864,0.15066822597525864
so,W30p0,0,11,0.15064207744974006,0.15064207744974006
thetao,W30p0,1,25,-0.15056693134982654,0.15056693134982654
so,W20p0,0,9,0.1504112723420869,0.1504112723420869
so,W10p0,0,19,0.1503564419818324,0.1503564419818324
so,W60p0,6,18,-0.1503319941736521,0.1503319941736521
so,W30p0,3,3,0.1502209078561743,0.1502209078561743
thetao,W20p0,2,19,-0.15002503967549913,0.15002503967549913
thetao,W20p0,8,15,-0.14978557267370704,0.14978557267370704
thetao,W10p0,1,9,-0.14972786861545828,0.14972786861545828
thetao,W10p0,0,24,-0.14972689998898603,0.14972689998898603
so,W60p0,6,14,0.1496232961929619,0.1496232961929619
so,W60p0,6,21,-0.14960844880161203,0.14960844880161203
thetao,W40p0,0,15,-0.14957332301797202,0.14957332301797202
so,W20p0,8,8,0.14957158136617418,0.14957158136617418
so,W60p0,4,9,0.14954031335642923,0.14954031335642923
thetao,W20p0,5,22,0.14945760855303244,0.14945760855303244
so,W60p0,7,12,-0.14943256229676857,0.14943256229676857
thetao,W40p0,9,8,0.14936003980608198,0.14936003980608198
so,W30p0,9,13,0.1493447361703535,0.1493447361703535
thetao,W40p0,9,22,0.14913580576037974,0.14913580576037974
thetao,W20p0,3,7,-0.14896033870277017,0.14896033870277017
so,W10p0,0,5,-0.14895454094639282,0.14895454094639282
so,W60p0,6,3,0.1486953905218006,0.1486953905218006
thetao,W30p0,6,4,0.1485264558552367,0.1485264558552367
so,W40p0,8,3,0.14843480856488434,0.14843480856488434
thetao,W20p0,0,25,0.14819368425340032,0.14819368425340032
so,W30p0,8,7,-0.14819247827946871,0.14819247827946871
thetao,W60p0,9,12,-0.148052728363419,0.148052728363419
thetao,W20p0,7,10,-0.14804763620410233,0.14804763620410233
thetao,W60p0,4,17,-0.14780227931909343,0.14780227931909343
so,W20p0,8,21,0.14753889949592228,0.14753889949592228
so,W30p0,2,7,0.14752181659598262,0.14752181659598262
so,W60p0,3,11,-0.14740516069321405,0.14740516069321405
thetao,W40p0,3,13,0.1471188404248479,0.1471188404248479
thetao,W20p0,0,11,0.14711122446768898,0.14711122446768898
so,W10p0,9,20,-0.14705467937783526,0.14705467937783526
thetao,W30p0,9,0,-0.14659460351106376,0.14659460351106376
thetao,W20p0,6,14,0.1465677032118929,0.1465677032118929
so,W10p0,2,2,0.1465402193839138,0.1465402193839138
so,W40p0,0,4,-0.1464893782210111,0.1464893782210111
thetao,W20p0,8,25,0.1462689690306386,0.1462689690306386
so,W40p0,3,21,-0.1461235974268986,0.1461235974268986
so,W20p0,2,6,0.14611114930755162,0.14611114930755162
thetao,W60p0,9,25,0.1455907170621274,0.1455907170621274
so,W20p0,9,22,-0.14536013544661788,0.14536013544661788
thetao,W20p0,3,15,0.14535166476428338,0.14535166476428338
thetao,W10p0,6,19,-0.14527992311676072,0.14527992311676072
so,W30p0,1,9,-0.1452041592908965,0.1452041592908965
thetao,W30p0,8,6,-0.145109091498364,0.145109091498364
so,W40p0,7,1,-0.14510294139703717,0.14510294139703717
so,W30p0,1,0,0.14503451283393973,0.14503451283393973
thetao,W40p0,8,1,0.14489609082019217,0.14489609082019217
so,W20p0,7,7,-0.14477788921956028,0.14477788921956028
thetao,W40p0,4,24,0.14467654837503688,0.14467654837503688
so,W30p0,4,21,0.14467425142726761,0.14467425142726761
so,W20p0,9,23,-0.1446555462918025,0.1446555462918025
thetao,W60p0,4,16,-0.14447456393851307,0.14447456393851307
so,W60p0,2,23,-0.144229994427224,0.144229994427224
thetao,W60p0,3,11,-0.1440792312708593,0.1440792312708593
so,W60p0,1,3,0.14407469871360737,0.14407469871360737
so,W20p0,4,19,-0.14390299116436298,0.14390299116436298
thetao,W10p0,9,20,-0.14379160775090527,0.14379160775090527
so,W40p0,1,24,-0.14375836104430462,0.14375836104430462
thetao,W30p0,1,12,0.143331514236672,0.143331514236672
so,W30p0,8,18,0.14312714317387792,0.14312714317387792
so,W40p0,1,15,0.14311512715867877,0.14311512715867877
so,W10p0,1,11,0.14305053432376613,0.14305053432376613
so,W40p0,6,25,-0.1430352336777636,0.1430352336777636
so,W10p0,5,0,-0.14298834211299496,0.14298834211299496
so,W10p0,6,1,-0.14277421708194601,0.14277421708194601
thetao,W40p0,0,14,-0.14270659151211426,0.14270659151211426
thetao,W10p0,7,12,-0.1427005405098208,0.1427005405098208
thetao,W40p0,8,24,0.14253911562342553,0.14253911562342553
so,W40p0,3,11,-0.1424952189966133,0.1424952189966133
so,W40p0,8,1,-0.14183829915224885,0.14183829915224885
thetao,W30p0,1,4,0.14170611641755848,0.14170611641755848
thetao,W40p0,8,21,0.14167148648594394,0.14167148648594394
thetao,W60p0,6,18,-0.14162082472245957,0.14162082472245957
thetao,W10p0,1,2,-0.14153430741572628,0.14153430741572628
so,W40p0,0,0,0.14147273259158183,0.14147273259158183
thetao,W40p0,9,3,0.141373062210347,0.141373062210347
thetao,W10p0,3,21,0.14132851037341548,0.14132851037341548
thetao,W40p0,5,4,0.14129923076194514,0.14129923076194514
so,W10p0,0,10,-0.1412822601357495,0.1412822601357495
so,W60p0,2,6,-0.14127128519617896,0.14127128519617896
thetao,W60p0,0,7,0.14120368626778473,0.14120368626778473
thetao,W60p0,6,9,0.1411844993404462,0.1411844993404462
so,W20p0,5,2,0.14098933151114798,0.14098933151114798
so,W20p0,9,13,-0.14097149072526,0.14097149072526
thetao,W20p0,9,10,-0.1408341761994103,0.1408341761994103
thetao,W20p0,5,8,-0.14056585385940568,0.14056585385940568
thetao,W40p0,3,1,-0.14048058420071852,0.14048058420071852
so,W60p0,5,5,0.14033495536675314,0.14033495536675314
so,W60p0,4,1,-0.14015028797403248,0.14015028797403248
thetao,W40p0,4,22,0.13997758654411893,0.13997758654411893
thetao,W30p0,5,6,0.1398536665609182,0.1398536665609182
so,W40p0,0,3,-0.13981580400025934,0.13981580400025934
so,W40p0,0,13,-0.1397265414633732,0.1397265414633732
so,W40p0,2,16,0.13959814919726826,0.13959814919726826
so,W20p0,6,8,-0.13943492517669792,0.13943492517669792
so,W20p0,3,20,0.13938989450630754,0.13938989450630754
thetao,W10p0,1,0,-0.1391516233755581,0.1391516233755581
so,W60p0,3,7,-0.13912742195540476,0.13912742195540476
thetao,W60p0,5,16,0.13912054039713492,0.13912054039713492
thetao,W60p0,3,9,-0.1390686747454545,0.1390686747454545
thetao,W40p0,2,19,-0.13901787975939447,0.13901787975939447
thetao,W60p0,4,14,-0.13880287830404647,0.13880287830404647
so,W20p0,7,5,0.13849050155614215,0.13849050155614215
thetao,W10p0,8,7,-0.13824265561015758,0.13824265561015758
thetao,W60p0,3,3,-0.13819927733852289,0.13819927733852289
thetao,W20p0,4,23,0.13818586404507152,0.13818586404507152
so,W30p0,4,7,0.13813465292337815,0.13813465292337815
thetao,W40p0,9,23,0.13809723430773505,0.13809723430773505
thetao,W40p0,4,2,-0.13808877683252735,0.13808877683252735
so,W60p0,9,5,0.13781640827636368,0.13781640827636368
thetao,W10p0,4,11,0.13772728361970285,0.13772728361970285
thetao,W10p0,6,15,-0.13756944328393272,0.13756944328393272
thetao,W40p0,8,2,0.13744486217553825,0.13744486217553825
thetao,W60p0,3,0,-0.13735122151571452,0.13735122151571452
thetao,W20p0,1,7,-0.13716425555937445,0.13716425555937445
so,W20p0,4,7,0.13712086240534171,0.13712086240534171
so,W10p0,9,23,-0.13706573665251748,0.13706573665251748
so,W30p0,7,10,0.13696796061863412,0.13696796061863412
so,W40p0,1,13,0.1368792605426882,0.1368792605426882
thetao,W60p0,3,15,-0.13683092295145463,0.13683092295145463
so,W10p0,0,15,-0.13678763471503017,0.13678763471503017
thetao,W10p0,4,1,-0.13666580002350698,0.13666580002350698
thetao,W40p0,7,6,-0.13655320549599828,0.13655320549599828
thetao,W10p0,6,18,-0.13644257626018685,0.13644257626018685
so,W10p0,1,17,0.1362891921594893,0.1362891921594893
so,W20p0,6,4,-0.13618870494712335,0.13618870494712335
thetao,W10p0,9,15,-0.13613719755476703,0.13613719755476703
thetao,W20p0,2,18,-0.13588408509316224,0.13588408509316224
thetao,W30p0,1,11,0.13583674039346857,0.13583674039346857
so,W60p0,6,20,-0.13577379476728063,0.13577379476728063
so,W40p0,7,23,-0.1357401599285098,0.1357401599285098
so,W40p0,9,17,-0.13572891854007624,0.13572891854007624
thetao,W10p0,6,14,-0.13566780866582578,0.13566780866582578
thetao,W40p0,4,6,-0.13565454453627396,0.13565454453627396
so,W30p0,9,0,0.13549364953297957,0.13549364953297957
so,W60p0,6,22,-0.13543887455221837,0.13543887455221837
so,W60p0,2,19,0.13539031490343503,0.13539031490343503
thetao,W30p0,9,9,-0.134959436354638,0.134959436354638
so,W60p0,7,22,0.13481087640467856,0.13481087640467856
so,W60p0,0,19,-0.13480057900439749,0.13480057900439749
so,W40p0,7,22,-0.13440182059726227,0.13440182059726227
thetao,W20p0,0,24,0.13440027473677,0.13440027473677
thetao,W10p0,9,9,-0.13424627919694138,0.13424627919694138
so,W30p0,4,4,0.1340417569693539,0.1340417569693539
so,W40p0,3,14,-0.13397745269758501,0.13397745269758501
thetao,W40p0,4,18,0.13383430808550056,0.13383430808550056
so,W40p0,9,15,-0.13376475393607865,0.13376475393607865
so,W30p0,7,8,0.13368659805030167,0.13368659805030167
thetao,W20p0,0,16,-0.13365145972860756,0.13365145972860756
so,W30p0,9,2,0.1333462046823077,0.1333462046823077
so,W10p0,8,13,0.13322628271137318,0.13322628271137318
thetao,W20p0,5,13,-0.13318974294196903,0.13318974294196903
thetao,W20p0,6,15,0.13313494286611904,0.13313494286611904
so,W10p0,0,9,-0.13313309356702174,0.13313309356702174
so,W30p0,5,4,0.13290864861906035,0.13290864861906035
thetao,W60p0,7,10,-0.1328918826140371,0.1328918826140371
so,W20p0,1,5,-0.13269451699128681,0.13269451699128681
so,W10p0,7,23,0.13264698151540652,0.13264698151540652
thetao,W60p0,1,8,-0.13264064373222884,0.13264064373222884
so,W10p0,7,21,0.13252367568196213,0.13252367568196213
so,W20p0,8,10,0.1324609442403518,0.1324609442403518
thetao,W30p0,6,19,-0.1324587803324751,0.1324587803324751
thetao,W40p0,8,15,-0.13220970602451285,0.13220970602451285
thetao,W30p0,0,8,-0.13206279137728694,0.13206279137728694
thetao,W30p0,0,14,-0.13203214333191604,0.13203214333191604
thetao,W20p0,2,17,-0.13200771032389322,0.13200771032389322
thetao,W40p0,2,5,-0.13200525870174515,0.13200525870174515
thetao,W30p0,5,24,0.13198411529801257,0.13198411529801257
so,W60p0,6,12,0.13189524063388594,0.13189524063388594
so,W30p0,8,10,-0.1317498175270444,0.1317498175270444
so,W30p0,0,14,0.1317349750412452,0.1317349750412452
thetao,W10p0,6,24,0.13167357122279594,0.13167357122279594
thetao,W60p0,7,21,-0.1314885637227614,0.1314885637227614
so,W10p0,4,12,0.13135937923387522,0.13135937923387522
so,W20p0,0,24,-0.13131318214542956,0.13131318214542956
thetao,W60p0,7,9,-0.13122782463873814,0.13122782463873814
thetao,W40p0,1,4,0.13114729136121842,0.13114729136121842
thetao,W30p0,7,8,-0.13104690191477453,0.13104690191477453
so,W60p0,2,11,-0.1309442524508012,0.1309442524508012
thetao,W30p0,7,2,-0.13085731497876527,0.13085731497876527
so,W60p0,3,23,0.13070553181093758,0.13070553181093758
so,W30p0,8,15,0.13064539730215438,0.13064539730215438
thetao,W20p0,4,4,0.13058089293900205,0.13058089293900205
so,W20p0,4,12,0.13019425444880137,0.13019425444880137
so,W20p0,5,21,-0.13015808558636596,0.13015808558636596
thetao,W30p0,4,20,0.12983563118339495,0.12983563118339495
so,W10p0,4,10,0.12983094426428607,0.12983094426428607
so,W20p0,9,11,-0.12977830438943438,0.12977830438943438
so,W20p0,7,22,-0.1297734476478922,0.1297734476478922
thetao,W20p0,3,1,0.1297461662687646,0.1297461662687646
so,W60p0,3,10,-0.12974294711176648,0.12974294711176648
so,W30p0,2,23,-0.12960576703114618,0.12960576703114618
so,W40p0,4,12,-0.12959096357254382,0.12959096357254382
thetao,W10p0,2,1,0.12955781603730784,0.12955781603730784
thetao,W30p0,5,4,0.12952489512610485,0.12952489512610485
thetao,W20p0,6,1,-0.12946471868297138,0.12946471868297138
so,W10p0,5,17,0.1291429238745097,0.1291429238745097
thetao,W30p0,5,22,0.12889633210503346,0.12889633210503346
so,W60p0,3,2,-0.1287759480769663,0.1287759480769663
so,W10p0,3,18,0.12865646685791304,0.12865646685791304
so,W10p0,9,3,-0.1286530841781614,0.1286530841781614
thetao,W20p0,4,5,0.1285034872557434,0.1285034872557434
so,W10p0,3,10,0.1284394512373222,0.1284394512373222
so,W60p0,1,1,0.128167458419169,0.128167458419169
thetao,W30p0,0,7,-0.12814811714909793,0.12814811714909793
thetao,W10p0,9,14,-0.12790855024004616,0.12790855024004616
thetao,W30p0,0,23,0.12788075812989042,0.12788075812989042
thetao,W60p0,0,8,0.12779027330551565,0.12779027330551565
thetao,W30p0,6,18,-0.1277277221960291,0.1277277221960291
thetao,W10p0,7,20,0.12761642436776618,0.12761642436776618
so,W20p0,1,16,0.12726900215455578,0.12726900215455578
so,W30p0,6,2,0.1271885872753252,0.1271885872753252
so,W10p0,2,3,0.12702468526578461,0.12702468526578461
so,W10p0,2,22,0.12700534786696457,0.12700534786696457
so,W20p0,7,19,-0.1269717756389544,0.1269717756389544
so,W30p0,0,13,0.1269540610407009,0.1269540610407009
so,W30p0,3,12,-0.12676786684844585,0.12676786684844585
thetao,W40p0,4,11,0.12667915767953836,0.12667915767953836
thetao,W20p0,7,3,0.12639451693407694,0.12639451693407694
so,W10p0,8,7,0.12633293239757576,0.12633293239757576
so,W10p0,8,16,0.12632171521858906,0.12632171521858906
so,W40p0,3,13,-0.12617434490744991,0.12617434490744991
thetao,W20p0,4,7,0.12614058137311812,0.12614058137311812
so,W10p0,8,9,0.1260492794682933,0.1260492794682933
so,W10p0,3,9,0.1259888298749368,0.1259888298749368
thetao,W30p0,0,19,0.1258171011327153,0.1258171011327153
so,W20p0,1,3,0.12580569235005837,0.12580569235005837
so,W40p0,9,16,-0.12578478812792382,0.12578478812792382
thetao,W30p0,5,0,0.1257124790689148,0.1257124790689148
so,W10p0,3,25,0.12570406930405703,0.12570406930405703
thetao,W30p0,4,19,0.1255823151454077,0.1255823151454077
thetao,W40p0,3,25,0.12554826052713128,0.12554826052713128
so,W60p0,4,24,0.1254492654837323,0.1254492654837323
so,W60p0,5,20,-0.12542870200231945,0.12542870200231945
thetao,W10p0,7,17,0.1252743422444748,0.1252743422444748
so,W20p0,7,24,-0.1250877988031809,0.1250877988031809
thetao,W20p0,6,19,0.12501837511348565,0.12501837511348565
so,W40p0,4,4,0.12498836091745806,0.12498836091745806
thetao,W30p0,1,18,-0.12490714603999882,0.12490714603999882
thetao,W10p0,6,25,0.12486383301837858,0.12486383301837858
so,W30p0,5,17,-0.12446583553231222,0.12446583553231222
so,W10p0,5,3,-0.12439706997329218,0.12439706997329218
thetao,W30p0,7,14,0.1243894581921079,0.1243894581921079
thetao,W40p0,6,19,0.12433269078666705,0.12433269078666705
so,W40p0,7,17,-0.12427735317928545,0.12427735317928545
so,W60p0,5,21,-0.12415646317416584,0.12415646317416584
thetao,W20p0,1,9,-0.12373813198300816,0.12373813198300816
thetao,W20p0,0,12,0.12368345747874222,0.12368345747874222
so,W40p0,0,1,-0.1234678862982022,0.1234678862982022
thetao,W60p0,3,13,-0.1234023335938285,0.1234023335938285
thetao,W40p0,6,0,-0.1233462336935405,0.1233462336935405
thetao,W30p0,0,9,-0.12302761720483417,0.12302761720483417
thetao,W30p0,5,3,0.12287244181103284,0.12287244181103284
so,W60p0,9,14,-0.12269541366052072,0.12269541366052072
thetao,W10p0,7,24,0.12257361011315238,0.12257361011315238
so,W60p0,3,19,-0.12249595413657734,0.12249595413657734
so,W30p0,7,15,-0.12232134891740201,0.12232134891740201
thetao,W60p0,4,19,-0.12216581748476056,0.12216581748476056
so,W20p0,9,10,-0.12178152893571648,0.12178152893571648
thetao,W60p0,9,10,-0.12161887099307593,0.12161887099307593
thetao,W30p0,4,24,0.12157922254429415,0.12157922254429415
thetao,W40p0,1,1,0.1213994008848625,0.1213994008848625
thetao,W60p0,5,14,0.12101635286640774,0.12101635286640774
thetao,W60p0,1,5,-0.12093516570725624,0.12093516570725624
so,W40p0,9,8,-0.12076280850568452,0.12076280850568452
thetao,W20p0,4,24,0.12074915499138858,0.12074915499138858
so,W20p0,2,3,0.12055221989031317,0.12055221989031317
thetao,W20p0,8,21,0.12047100339678829,0.12047100339678829
thetao,W40p0,1,2,0.12034808261124348,0.12034808261124348
thetao,W30p0,2,21,0.1202801370168125,0.1202801370168125
so,W40p0,6,1,0.12015843561557778,0.12015843561557778
thetao,W40p0,9,9,0.1199343508598048,0.1199343508598048
so,W40p0,5,18,0.11978769421223714,0.11978769421223714
thetao,W40p0,2,18,-0.11977300338390957,0.11977300338390957
thetao,W40p0,0,3,-0.11974672063975784,0.11974672063975784
so,W30p0,8,8,-0.11963909574093103,0.11963909574093103
thetao,W10p0,4,9,0.11957047993653057,0.11957047993653057
thetao,W30p0,4,10,-0.11935010878389574,0.11935010878389574
thetao,W20p0,4,25,0.11929524404026445,0.11929524404026445
so,W40p0,6,10,-0.11922465668820525,0.11922465668820525
thetao,W60p0,0,20,-0.11911069510673862,0.11911069510673862
thetao,W30p0,2,20,0.11907797504450315,0.11907797504450315
so,W60p0,6,0,-0.11905399027218048,0.11905399027218048
so,W60p0,4,18,-0.11902265569549085,0.11902265569549085
so,W20p0,5,20,-0.11898646337480544,0.11898646337480544
so,W20p0,6,0,-0.11884996668154656,0.11884996668154656
so,W40p0,8,14,0.11881487342897348,0.11881487342897348
so,W60p0,8,19,0.11877978381925387,0.11877978381925387
so,W20p0,6,1,-0.11865930971043097,0.11865930971043097
thetao,W10p0,9,17,-0.11861876831589065,0.11861876831589065
so,W40p0,0,8,-0.11860114520401588,0.11860114520401588
so,W20p0,1,21,0.11855051841450795,0.11855051841450795
so,W30p0,6,5,0.1185331059836568,0.1185331059836568
thetao,W40p0,6,2,-0.11829695008820944,0.11829695008820944
so,W10p0,8,5,0.118194941907599,0.118194941907599
so,W10p0,6,20,-0.11815615373378846,0.11815615373378846
so,W30p0,9,21,-0.117986672796314,0.117986672796314
so,W20p0,7,10,-0.11793450248767735,0.11793450248767735
thetao,W20p0,7,11,-0.11791533939405996,0.11791533939405996
thetao,W30p0,1,10,0.11778418664487186,0.11778418664487186
so,W20p0,7,11,-0.11765410916097022,0.11765410916097022
thetao,W60p0,9,9,-0.11756999983479331,0.11756999983479331
so,W10p0,8,17,0.11735395832518457,0.11735395832518457
so,W30p0,0,23,-0.11729952276225308,0.11729952276225308
thetao,W20p0,5,16,0.11728126551069515,0.11728126551069515
so,W20p0,7,9,-0.11719150680450229,0.11719150680450229
so,W20p0,0,15,0.11692255766018782,0.11692255766018782
thetao,W40p0,4,1,-0.11680112267566607,0.11680112267566607
thetao,W60p0,8,23,-0.11659981648732809,0.11659981648732809
thetao,W20p0,9,0,-0.11656072077669137,0.11656072077669137
thetao,W10p0,1,20,-0.11655967350305263,0.11655967350305263
so,W10p0,0,7,-0.11655731136631314,0.11655731136631314
so,W40p0,2,8,-0.116488881960227,0.116488881960227
thetao,W10p0,3,5,0.1160938996494461,0.1160938996494461
so,W20p0,6,19,0.11596006441202278,0.11596006441202278
so,W40p0,9,24,-0.11594867550940258,0.11594867550940258
so,W60p0,1,5,0.11588015190371788,0.11588015190371788
so,W40p0,3,17,-0.11584810005108377,0.11584810005108377
so,W20p0,1,0,-0.11561031208720428,0.11561031208720428
so,W30p0,1,6,-0.11550150987462901,0.11550150987462901
thetao,W30p0,9,7,-0.11547755895207217,0.11547755895207217
so,W30p0,0,15,0.1153643882218298,0.1153643882218298
thetao,W60p0,4,7,0.11533796174507972,0.11533796174507972
thetao,W10p0,2,0,0.11528714988198456,0.11528714988198456
so,W10p0,7,20,-0.11507616614062642,0.11507616614062642
so,W10p0,9,6,-0.11499106140434115,0.11499106140434115
so,W10p0,0,2,-0.11489013245628978,0.11489013245628978
so,W20p0,4,10,0.11457792768529304,0.11457792768529304
so,W40p0,5,23,0.11450638075748187,0.11450638075748187
so,W10p0,0,1,-0.11448215906420409,0.11448215906420409
thetao,W20p0,1,16,0.11447896774948926,0.11447896774948926
thetao,W10p0,2,21,0.11425088424447086,0.11425088424447086
thetao,W30p0,3,23,0.11420466142350316,0.11420466142350316
so,W10p0,5,2,-0.11416846508947817,0.11416846508947817
so,W40p0,6,15,0.11411989113185937,0.11411989113185937
so,W60p0,7,10,-0.11411275185273655,0.11411275185273655
so,W10p0,7,5,-0.11404714883121016,0.11404714883121016
thetao,W60p0,6,8,0.11402708469481579,0.11402708469481579
so,W60p0,1,4,0.11395278464412481,0.11395278464412481
so,W20p0,3,18,-0.113799539988362,0.113799539988362
thetao,W30p0,9,16,0.11376254810923274,0.11376254810923274
thetao,W60p0,4,15,-0.11370798235384777,0.11370798235384777
so,W40p0,0,18,-0.11349623421158359,0.11349623421158359
so,W10p0,8,15,0.11344142701354099,0.11344142701354099
so,W10p0,2,23,0.11342785548692358,0.11342785548692358
thetao,W30p0,1,17,-0.11342591165453514,0.11342591165453514
thetao,W30p0,5,15,-0.11328482384641589,0.11328482384641589
thetao,W20p0,1,17,0.1132277111712627,0.1132277111712627
so,W20p0,4,11,0.11320301011698505,0.11320301011698505
thetao,W20p0,4,6,0.11315321121709764,0.11315321121709764
thetao,W20p0,6,4,-0.11288343672209422,0.11288343672209422
so,W40p0,9,14,-0.11282735815421814,0.11282735815421814
thetao,W30p0,7,11,-0.112715404055559,0.112715404055559
thetao,W10p0,0,23,-0.1126220890486844,0.1126220890486844
thetao,W10p0,3,7,0.11251694747175002,0.11251694747175002
so,W30p0,4,25,0.1124718956138662,0.1124718956138662
so,W10p0,2,20,0.11245919898476264,0.11245919898476264
thetao,W10p0,8,16,0.11245524597662776,0.11245524597662776
thetao,W60p0,5,21,0.11242697542693512,0.11242697542693512
so,W40p0,4,13,-0.11236564340483664,0.11236564340483664
thetao,W10p0,9,1,0.11234720741180108,0.11234720741180108
thetao,W30p0,2,22,0.11204713024954237,0.11204713024954237
so,W40p0,7,15,-0.11200293333318416,0.11200293333318416
so,W10p0,0,22,0.11180356602172008,0.11180356602172008
thetao,W10p0,8,15,0.11152297325721974,0.11152297325721974
so,W40p0,6,2,0.11149256004407415,0.11149256004407415
so,W20p0,6,25,-0.11144109948156958,0.11144109948156958
thetao,W20p0,3,14,0.11132936008126339,0.11132936008126339
thetao,W40p0,9,6,0.11132085755990966,0.11132085755990966
so,W30p0,7,0,-0.1112333273390061,0.1112333273390061
thetao,W30p0,9,11,-0.11119945516400691,0.11119945516400691
thetao,W30p0,8,7,-0.11107521715202559,0.11107521715202559
so,W60p0,0,18,-0.11099138588141585,0.11099138588141585
so,W60p0,1,6,0.110910214881716,0.110910214881716
thetao,W10p0,9,0,0.1108275523902467,0.1108275523902467
thetao,W20p0,8,7,-0.11059558001917065,0.11059558001917065
so,W30p0,8,17,0.1105944400509484,0.1105944400509484
so,W20p0,8,20,0.11059404419364205,0.11059404419364205
thetao,W60p0,8,21,-0.11054311315416172,0.11054311315416172
thetao,W40p0,3,3,-0.11047652733969057,0.11047652733969057
thetao,W20p0,8,17,-0.11041134106207878,0.11041134106207878
so,W40p0,3,19,-0.11033943031794857,0.11033943031794857
thetao,W60p0,3,14,-0.10989263451990469,0.10989263451990469
thetao,W60p0,1,9,-0.10987665426715658,0.10987665426715658
so,W10p0,8,14,0.10979886593056229,0.10979886593056229
thetao,W60p0,3,12,-0.10978681694862658,0.10978681694862658
so,W30p0,8,13,0.10965090621013286,0.10965090621013286
thetao,W40p0,9,20,0.10963383613954536,0.10963383613954536
thetao,W20p0,3,13,0.10947696232394395,0.10947696232394395
so,W30p0,3,18,0.10943818888779303,0.10943818888779303
thetao,W20p0,1,15,0.10934277339669848,0.10934277339669848
thetao,W30p0,9,10,-0.10927965761238982,0.10927965761238982
thetao,W10p0,1,11,-0.10921001846954512,0.10921001846954512
so,W20p0,3,17,-0.10915892909725639,0.10915892909725639
thetao,W40p0,3,18,0.1090794519336407,0.1090794519336407
thetao,W40p0,7,1,-0.10896273681658304,0.10896273681658304
thetao,W20p0,3,6,-0.10890149937578407,0.10890149937578407
so,W40p0,2,22,0.10886037269543596,0.10886037269543596
thetao,W20p0,1,21,0.10885724902887103,0.10885724902887103
thetao,W60p0,4,13,-0.10883669148183747,0.10883669148183747
so,W60p0,9,13,-0.10879349455454514,0.10879349455454514
thetao,W30p0,1,8,0.10870609828645897,0.10870609828645897
thetao,W60p0,5,5,0.10827726372838763,0.10827726372838763
so,W60p0,1,8,0.10812408622513987,0.10812408622513987
thetao,W30p0,4,25,0.10804662112568504,0.10804662112568504
thetao,W60p0,1,7,-0.10802020066560093,0.10802020066560093
so,W20p0,3,7,0.10800543974563663,0.10800543974563663
thetao,W60p0,5,20,0.10798495092166527,0.10798495092166527
so,W10p0,9,8,-0.10797697208108938,0.10797697208108938
so,W60p0,2,16,0.10778445577423271,0.10778445577423271
so,W20p0,5,0,0.10749326222234427,0.10749326222234427
thetao,W20p0,4,3,0.1070344208204171,0.1070344208204171
thetao,W60p0,3,25,0.10696207694288137,0.10696207694288137
so,W60p0,8,15,0.1068081651899223,0.1068081651899223
so,W10p0,4,0,0.1067938637089102,0.1067938637089102
so,W40p0,7,12,-0.10677079119865224,0.10677079119865224
so,W10p0,8,24,0.10665486275886822,0.10665486275886822
so,W10p0,8,2,0.1065694484820903,0.1065694484820903
thetao,W60p0,1,21,-0.10645142653159753,0.10645142653159753
thetao,W20p0,5,4,0.10638050522456675,0.10638050522456675
so,W20p0,1,6,-0.10622830049797602,0.10622830049797602
thetao,W40p0,6,23,0.10606964421541829,0.10606964421541829
thetao,W30p0,0,20,0.10593799722830523,0.10593799722830523
thetao,W30p0,1,1,0.10588135739520559,0.10588135739520559
so,W60p0,2,25,-0.10563947625219136,0.10563947625219136
so,W40p0,7,10,0.10550390146471204,0.10550390146471204
thetao,W60p0,2,5,0.1052175018062161,0.1052175018062161
thetao,W40p0,0,4,-0.10487445207471742,0.10487445207471742
thetao,W60p0,7,13,-0.10475058027318783,0.10475058027318783
so,W40p0,7,16,-0.10470123088817883,0.10470123088817883
thetao,W30p0,1,22,-0.10463610801639864,0.10463610801639864
thetao,W40p0,9,2,0.1045248628375011,0.1045248628375011
so,W30p0,5,0,0.10441432698180776,0.10441432698180776
thetao,W20p0,8,24,0.10438377821103052,0.10438377821103052
thetao,W20p0,1,14,0.10428675031239486,0.10428675031239486
thetao,W10p0,7,8,-0.10426938730356643,0.10426938730356643
thetao,W20p0,6,8,-0.1042444066049894,0.1042444066049894
thetao,W40p0,3,7,-0.10423959102831039,0.10423959102831039
so,W20p0,6,20,0.10417467441871643,0.10417467441871643
so,W40p0,2,5,-0.10402295830693417,0.10402295830693417
thetao,W20p0,7,21,0.10387908108213778,0.10387908108213778
thetao,W60p0,4,8,0.10348877257716782,0.10348877257716782
thetao,W30p0,6,14,-0.10319077196653653,0.10319077196653653
so,W10p0,0,24,0.10307542165422763,0.10307542165422763
thetao,W10p0,3,0,-0.10296114132485952,0.10296114132485952
thetao,W60p0,1,6,-0.1028461403159518,0.1028461403159518
thetao,W30p0,6,15,-0.10272064204523472,0.10272064204523472
thetao,W10p0,5,20,0.10259608905359972,0.10259608905359972
so,W10p0,6,17,-0.10254228300389627,0.10254228300389627
so,W10p0,3,12,0.10246911642299114,0.10246911642299114
thetao,W20p0,8,18,0.10234580708135144,0.10234580708135144
thetao,W20p0,5,1,0.10221262327856115,0.10221262327856115
so,W60p0,4,0,0.10163915775070358,0.10163915775070358
so,W30p0,1,7,-0.10147955480622436,0.10147955480622436
so,W30p0,1,10,-0.10146611956483498,0.10146611956483498
so,W10p0,2,18,-0.10134667491960271,0.10134667491960271
so,W10p0,0,23,0.10131144325559432,0.10131144325559432
thetao,W20p0,2,1,0.10129527526150355,0.10129527526150355
thetao,W40p0,7,12,-0.10108308273383664,0.10108308273383664
thetao,W10p0,4,25,-0.10104624525217477,0.10104624525217477
thetao,W40p0,0,23,0.10098896999229297,0.10098896999229297
so,W10p0,5,24,0.10089625795588206,0.10089625795588206
thetao,W10p0,4,10,0.10077632839424,0.10077632839424
so,W40p0,8,7,0.10071516449763293,0.10071516449763293
thetao,W20p0,7,4,0.10054777540798626,0.10054777540798626
so,W10p0,9,12,-0.10044491485885138,0.10044491485885138
so,W10p0,6,8,0.10030690787112354,0.10030690787112354
so,W20p0,2,24,0.10026597607860706,0.10026597607860706
thetao,W10p0,6,1,-0.10025816502870172,0.10025816502870172
so,W40p0,3,12,-0.10019549656398642,0.10019549656398642
thetao,W30p0,0,24,0.10012716904161484,0.10012716904161484
thetao,W20p0,0,17,-0.10004314261038726,0.10004314261038726
so,W60p0,8,17,0.09979938341330813,0.09979938341330813
so,W10p0,7,16,-0.09979838475998057,0.09979838475998057
thetao,W10p0,9,3,0.09971031825611591,0.09971031825611591
thetao,W60p0,7,17,0.09967088978235357,0.09967088978235357
so,W20p0,4,24,0.09959825719120992,0.09959825719120992
thetao,W40p0,8,16,-0.0995113455554271,0.0995113455554271
thetao,W60p0,3,17,-0.09945639087643396,0.09945639087643396
thetao,W20p0,3,2,0.09944876540525996,0.09944876540525996
so,W60p0,5,16,-0.09925526928626095,0.09925526928626095
thetao,W20p0,5,6,-0.09923734681001514,0.09923734681001514
thetao,W10p0,9,7,-0.0991930710010159,0.0991930710010159
so,W60p0,2,20,0.09919227607423667,0.09919227607423667
so,W20p0,1,18,0.09888779696802469,0.09888779696802469
so,W60p0,7,20,0.09885766145256854,0.09885766145256854
so,W10p0,7,25,0.09882267398719774,0.09882267398719774
so,W10p0,8,18,0.0985294058008307,0.0985294058008307
thetao,W10p0,1,12,-0.09812600865247137,0.09812600865247137
thetao,W20p0,3,9,-0.09810097523839097,0.09810097523839097
thetao,W10p0,3,15,-0.09804650466373777,0.09804650466373777
thetao,W60p0,7,16,0.09778485314266254,0.09778485314266254
thetao,W60p0,5,19,0.09771243013539076,0.09771243013539076
so,W60p0,4,2,-0.09758655372960547,0.09758655372960547
so,W60p0,4,22,0.09747909971004341,0.09747909971004341
so,W10p0,6,15,-0.09740675623710136,0.09740675623710136
so,W60p0,6,2,-0.0969642760760156,0.0969642760760156
so,W60p0,1,22,-0.09691166166457632,0.09691166166457632
so,W40p0,7,6,0.09668281412067464,0.09668281412067464
thetao,W10p0,4,17,0.0964347398013094,0.0964347398013094
thetao,W20p0,1,8,-0.09597374547147747,0.09597374547147747
so,W10p0,5,19,0.09595323821879903,0.09595323821879903
thetao,W60p0,2,3,0.09588166217425922,0.09588166217425922
so,W30p0,7,12,0.0958677028652886,0.0958677028652886
thetao,W30p0,1,23,-0.09581351345010743,0.09581351345010743
so,W40p0,1,16,0.09574705903446301,0.09574705903446301
so,W20p0,7,6,-0.09562995621102385,0.09562995621102385
thetao,W30p0,6,13,-0.0952486258421813,0.0952486258421813
thetao,W20p0,6,24,-0.09524386643862874,0.09524386643862874
thetao,W40p0,0,24,0.09518906382253468,0.09518906382253468
thetao,W60p0,8,2,-0.09505099833450444,0.09505099833450444
so,W10p0,7,4,-0.09501560895249288,0.09501560895249288
thetao,W20p0,2,16,-0.09501416084254921,0.09501416084254921
so,W30p0,9,14,0.09478839696145379,0.09478839696145379
so,W20p0,4,25,0.09466736935614564,0.09466736935614564
so,W10p0,8,19,0.09466330731060281,0.09466330731060281
thetao,W30p0,1,14,0.09464862928857803,0.09464862928857803
so,W10p0,6,19,-0.09457702293558604,0.09457702293558604
thetao,W60p0,3,10,-0.0945676980910255,0.0945676980910255
so,W20p0,7,13,0.09448099929889181,0.09448099929889181
thetao,W30p0,7,19,-0.09442544207595743,0.09442544207595743
thetao,W40p0,2,20,-0.09428420336640664,0.09428420336640664
thetao,W40p0,9,13,0.09420019576502135,0.09420019576502135
so,W30p0,4,24,0.09418450930923505,0.09418450930923505
thetao,W60p0,0,9,0.09405565790645719,0.09405565790645719
thetao,W10p0,6,23,0.09386555063856827,0.09386555063856827
so,W60p0,8,6,0.0938629563469466,0.0938629563469466
so,W30p0,9,12,0.09381982502163352,0.09381982502163352
thetao,W10p0,0,22,-0.0937900015627612,0.0937900015627612
thetao,W40p0,8,19,0.09377843296372218,0.09377843296372218
so,W40p0,8,21,0.09374087255260363,0.09374087255260363
thetao,W30p0,3,6,0.09373145653915316,0.09373145653915316
so,W20p0,5,22,-0.0935825947128038,0.0935825947128038
thetao,W30p0,1,19,-0.09353277510224935,0.09353277510224935
so,W10p0,4,25,0.09348784301095575,0.09348784301095575
so,W20p0,0,13,0.0934723760902502,0.0934723760902502
so,W20p0,1,2,0.09328814326734088,0.09328814326734088
so,W30p0,6,20,-0.09316434830985276,0.09316434830985276
so,W10p0,9,2,-0.09314390116677035,0.09314390116677035
thetao,W60p0,4,18,-0.09306101531535231,0.09306101531535231
so,W30p0,1,19,0.09291663792615562,0.09291663792615562
thetao,W10p0,3,1,-0.09280745356396117,0.09280745356396117
thetao,W20p0,8,19,0.09264972102097185,0.09264972102097185
thetao,W40p0,3,5,-0.09261745420881184,0.09261745420881184
so,W40p0,9,7,-0.09212857198449041,0.09212857198449041
thetao,W40p0,9,12,0.09212558466487193,0.09212558466487193
so,W10p0,0,20,0.09205183433210401,0.09205183433210401
so,W20p0,0,14,0.09204032754329015,0.09204032754329015
thetao,W10p0,9,18,-0.09187139677185797,0.09187139677185797
thetao,W60p0,6,10,0.09184849140054566,0.09184849140054566
so,W10p0,8,20,0.0915512965447547,0.0915512965447547
thetao,W20p0,1,20,0.09147667581367032,0.09147667581367032
thetao,W40p0,8,9,-0.0913273247817244,0.0913273247817244
thetao,W30p0,4,7,0.09131087432996551,0.09131087432996551
so,W20p0,9,12,-0.09130341680397994,0.09130341680397994
thetao,W30p0,2,19,0.09109194794086344,0.09109194794086344
thetao,W10p0,9,22,-0.09105365458918514,0.09105365458918514
so,W60p0,9,3,0.09098625464924395,0.09098625464924395
so,W40p0,3,9,-0.09076411962729927,0.09076411962729927
so,W40p0,9,12,-0.09072395765650565,0.09072395765650565
so,W30p0,6,21,0.09071902820632154,0.09071902820632154
thetao,W40p0,2,8,-0.09071184123418018,0.09071184123418018
thetao,W40p0,7,8,-0.09069281047925312,0.09069281047925312
thetao,W40p0,9,25,0.09068283356286706,0.09068283356286706
so,W60p0,9,20,0.09064481797520994,0.09064481797520994
so,W10p0,3,11,0.09061870381614609,0.09061870381614609
so,W10p0,3,17,0.09058209833652212,0.09058209833652212
so,W40p0,7,5,0.09052925968701728,0.09052925968701728
thetao,W10p0,6,3,-0.09050453652458047,0.09050453652458047
so,W30p0,3,6,0.09046305519650605,0.09046305519650605
so,W40p0,2,12,-0.09042764452995039,0.09042764452995039
thetao,W40p0,4,5,-0.09024270886949276,0.09024270886949276
so,W60p0,2,14,-0.09017881493268225,0.09017881493268225
thetao,W20p0,7,13,-0.09004327729416753,0.09004327729416753
thetao,W30p0,5,23,0.09002675088725166,0.09002675088725166
so,W40p0,6,16,0.08998129196151343,0.08998129196151343
thetao,W40p0,4,0,-0.08995437557950636,0.08995437557950636
thetao,W30p0,3,13,0.08992282219426023,0.08992282219426023
so,W20p0,2,8,0.08986417801834953,0.08986417801834953
thetao,W10p0,1,21,-0.08975426694291598,0.08975426694291598
thetao,W40p0,8,20,0.08972086181211564,0.08972086181211564
so,W20p0,5,13,-0.08967288662512056,0.08967288662512056
thetao,W40p0,6,20,0.08966443866432315,0.08966443866432315
thetao,W10p0,3,19,0.08962316925537821,0.08962316925537821
so,W20p0,5,18,-0.08959697332674436,0.08959697332674436
thetao,W10p0,3,9,0.08952546836795643,0.08952546836795643
thetao,W40p0,9,18,-0.08921625331015261,0.08921625331015261
thetao,W60p0,4,12,-0.0892058859132399,0.0892058859132399
thetao,W30p0,0,25,0.08904958970456635,0.08904958970456635
thetao,W10p0,9,11,-0.08887806505816813,0.08887806505816813
thetao,W60p0,0,19,-0.08886656277431218,0.08886656277431218
thetao,W20p0,1,10,-0.08874341775874452,0.08874341775874452
so,W40p0,9,9,-0.08871108271582849,0.08871108271582849
so,W40p0,7,24,-0.08867843476173588,0.08867843476173588
so,W10p0,7,19,-0.08862355223565113,0.08862355223565113
thetao,W20p0,2,0,0.0885556717553856,0.0885556717553856
thetao,W40p0,0,13,-0.08855102248582836,0.08855102248582836
so,W10p0,5,18,0.08854191524008016,0.08854191524008016
so,W40p0,7,8,0.08849345073308063,0.08849345073308063
so,W60p0,1,7,0.08825664438788539,0.08825664438788539
so,W10p0,3,5,0.08810490280865663,0.08810490280865663
thetao,W10p0,1,22,-0.08798580649235856,0.08798580649235856
thetao,W40p0,0,1,-0.08795585671348297,0.08795585671348297
thetao,W30p0,5,21,0.08794344592164789,0.08794344592164789
thetao,W60p0,4,5,0.0876392686420517,0.0876392686420517
thetao,W10p0,6,5,0.08749960170663909,0.08749960170663909
thetao,W60p0,5,24,0.08734802815195515,0.08734802815195515
thetao,W10p0,9,16,-0.08725480203746691,0.08725480203746691
so,W20p0,1,17,0.08712208193287403,0.08712208193287403
so,W60p0,7,19,0.08700814360628005,0.08700814360628005
so,W30p0,2,14,-0.08696892499859495,0.08696892499859495
so,W20p0,0,10,0.08687946214400907,0.08687946214400907
thetao,W40p0,6,6,0.08669580354560591,0.08669580354560591
so,W60p0,6,9,0.08649912426983294,0.08649912426983294
thetao,W40p0,9,7,0.08636331478269339,0.08636331478269339
thetao,W60p0,2,24,0.086277070286097,0.086277070286097
thetao,W20p0,7,19,-0.08627670059099234,0.08627670059099234
so,W30p0,0,20,-0.08620510680523462,0.08620510680523462
thetao,W40p0,7,11,-0.08610586006258321,0.08610586006258321
thetao,W30p0,8,0,0.08608788419309092,0.08608788419309092
so,W40p0,5,24,0.08604707689134887,0.08604707689134887
so,W40p0,6,21,0.0859573877680353,0.0859573877680353
thetao,W30p0,0,18,0.08586530268612357,0.08586530268612357
thetao,W60p0,2,23,0.08584892592855589,0.08584892592855589
so,W30p0,6,9,0.08579850538494434,0.08579850538494434
thetao,W10p0,0,21,-0.08577267361707067,0.08577267361707067
so,W10p0,3,8,0.08575622412546353,0.08575622412546353
so,W20p0,0,16,0.08550125238607581,0.08550125238607581
so,W20p0,4,1,0.08546583661936479,0.08546583661936479
thetao,W60p0,8,9,-0.08545578670818102,0.08545578670818102
so,W20p0,6,9,-0.08518480116493987,0.08518480116493987
thetao,W40p0,0,18,-0.08513505564053926,0.08513505564053926
so,W10p0,1,24,-0.08491072740005408,0.08491072740005408
so,W10p0,7,18,-0.08482541927763979,0.08482541927763979
so,W10p0,7,24,0.08478478842080008,0.08478478842080008
so,W10p0,8,6,0.08473605329876129,0.08473605329876129
thetao,W30p0,7,15,0.08463735964660075,0.08463735964660075
so,W40p0,9,2,-0.08461766416244423,0.08461766416244423
thetao,W30p0,7,21,-0.0844939996299749,0.0844939996299749
so,W60p0,7,21,0.0844476212303001,0.0844476212303001
so,W30p0,7,5,0.08442065246973227,0.08442065246973227
thetao,W60p0,9,17,-0.08437355804329263,0.08437355804329263
so,W60p0,7,17,0.08436643484775093,0.08436643484775093
so,W60p0,2,0,0.08431573838367494,0.08431573838367494
so,W30p0,7,23,0.08422340838119079,0.08422340838119079
thetao,W60p0,8,18,-0.08389887652490119,0.08389887652490119
thetao,W10p0,5,24,0.08384577913318503,0.08384577913318503
so,W40p0,6,22,0.08378516555463927,0.08378516555463927
so,W30p0,2,22,-0.08376468756751518,0.08376468756751518
thetao,W60p0,9,18,-0.0836186010324007,0.0836186010324007
thetao,W10p0,6,20,-0.08346896458576182,0.08346896458576182
thetao,W10p0,1,18,-0.08339613035644522,0.08339613035644522
so,W40p0,8,13,0.08334692055800604,0.08334692055800604
thetao,W20p0,1,5,-0.08312984908987864,0.08312984908987864
thetao,W20p0,9,11,-0.08312462668107543,0.08312462668107543
thetao,W20p0,9,4,-0.08309775442821374,0.08309775442821374
so,W20p0,3,6,0.08299052379766751,0.08299052379766751
so,W60p0,7,16,0.08286949531774358,0.08286949531774358
thetao,W40p0,8,8,-0.08249613478744118,0.08249613478744118
so,W20p0,2,5,0.08239080141602834,0.08239080141602834
thetao,W20p0,5,14,-0.08236466413630118,0.08236466413630118
thetao,W20p0,6,3,-0.08233450747358101,0.08233450747358101
thetao,W20p0,3,22,0.08224921704439087,0.08224921704439087
so,W30p0,3,1,0.08217674447542782,0.08217674447542782
so,W30p0,5,1,0.08217364727529355,0.08217364727529355
so,W60p0,4,8,0.08214716126477539,0.08214716126477539
thetao,W30p0,7,4,-0.08180935371737691,0.08180935371737691
thetao,W20p0,9,7,-0.08154900123888228,0.08154900123888228
so,W20p0,1,25,-0.08149485503223462,0.08149485503223462
thetao,W30p0,9,22,0.08147590894896536,0.08147590894896536
so,W60p0,8,18,0.08131171108439104,0.08131171108439104
so,W10p0,5,14,-0.08110386562519542,0.08110386562519542
thetao,W30p0,5,8,-0.08100897734409893,0.08100897734409893
thetao,W30p0,0,22,0.08075449260343665,0.08075449260343665
thetao,W30p0,0,4,-0.08044079134217477,0.08044079134217477
thetao,W10p0,5,13,0.08042448478568176,0.08042448478568176
so,W40p0,7,25,-0.08040211440217464,0.08040211440217464
so,W30p0,8,25,0.0798376501748663,0.0798376501748663
so,W40p0,9,18,-0.07981105607696337,0.07981105607696337
so,W10p0,1,18,0.0797895164416291,0.0797895164416291
thetao,W60p0,4,2,0.07978884354985963,0.07978884354985963
so,W30p0,0,21,-0.07977940716571648,0.07977940716571648
so,W40p0,5,8,0.07975412580846428,0.07975412580846428
thetao,W30p0,8,2,-0.07973768947879287,0.07973768947879287
so,W30p0,1,2,-0.07969545782884464,0.07969545782884464
so,W20p0,3,0,-0.07967176032602895,0.07967176032602895
thetao,W10p0,1,19,-0.07954455221442683,0.07954455221442683
so,W30p0,9,1,0.0795295543832527,0.0795295543832527
thetao,W10p0,1,17,-0.0794743577596049,0.0794743577596049
so,W60p0,8,20,0.07937821964754842,0.07937821964754842
thetao,W30p0,7,3,-0.07936150121870102,0.07936150121870102
thetao,W60p0,9,21,0.07927258245343505,0.07927258245343505
thetao,W20p0,6,12,0.07924487914442664,0.07924487914442664
thetao,W10p0,8,9,-0.07913184717746159,0.07913184717746159
thetao,W30p0,6,7,0.07908646686309417,0.07908646686309417
thetao,W20p0,7,12,-0.07908007325381222,0.07908007325381222
thetao,W30p0,3,3,0.07900276111605152,0.07900276111605152
thetao,W10p0,5,0,0.07891176870895802,0.07891176870895802
so,W30p0,3,22,0.07886624642426746,0.07886624642426746
thetao,W30p0,0,21,0.07882099459075277,0.07882099459075277
thetao,W20p0,1,0,-0.07872419639153258,0.07872419639153258
so,W60p0,8,16,0.0785930351985517,0.0785930351985517
so,W40p0,4,11,-0.07848680510357414,0.07848680510357414
so,W40p0,8,2,-0.07846179290425231,0.07846179290425231
thetao,W10p0,4,7,0.0783745543813921,0.0783745543813921
thetao,W40p0,0,22,0.07827978061775989,0.07827978061775989
so,W20p0,3,14,0.07815938143405288,0.07815938143405288
thetao,W60p0,1,2,-0.07796096220903292,0.07796096220903292
thetao,W20p0,5,24,0.07786277796344063,0.07786277796344063
so,W30p0,4,9,0.0778537612345246,0.0778537612345246
so,W40p0,8,12,0.07767195360326062,0.07767195360326062
thetao,W60p0,6,12,-0.077638682125207,0.077638682125207
thetao,W60p0,8,6,-0.07761432393492647,0.07761432393492647
so,W30p0,1,21,-0.07759295656775751,0.07759295656775751
thetao,W20p0,6,23,-0.07748418821021602,0.07748418821021602
thetao,W30p0,6,17,-0.07747030085150274,0.07747030085150274
thetao,W20p0,6,20,0.07744676559185562,0.07744676559185562
thetao,W40p0,1,17,0.07739954089991294,0.07739954089991294
so,W40p0,8,4,0.07732662394807725,0.07732662394807725
so,W30p0,9,6,-0.07730134473861792,0.07730134473861792
thetao,W60p0,2,4,0.07726919767576948,0.07726919767576948
thetao,W10p0,7,7,-0.07715064080074192,0.07715064080074192
so,W10p0,9,24,-0.07706796413909651,0.07706796413909651
so,W40p0,9,0,-0.07703875426457382,0.07703875426457382
so,W40p0,2,6,-0.07695844572168571,0.07695844572168571
so,W60p0,4,3,0.07681503927414242,0.07681503927414242
thetao,W30p0,2,1,-0.07671874423511714,0.07671874423511714
thetao,W60p0,9,20,0.0766973915185869,0.0766973915185869
thetao,W60p0,3,24,0.07669375022765244,0.07669375022765244
thetao,W10p0,8,10,-0.07666639168273841,0.07666639168273841
thetao,W40p0,5,19,-0.07666064606483021,0.07666064606483021
thetao,W10p0,3,8,0.07661124007458232,0.07661124007458232
so,W40p0,0,11,-0.07659563936884743,0.07659563936884743
so,W20p0,3,16,-0.07641237879663441,0.07641237879663441
thetao,W20p0,0,13,0.07631373465025573,0.07631373465025573
thetao,W60p0,6,19,-0.07611866084923517,0.07611866084923517
thetao,W40p0,1,16,0.0761120674651362,0.0761120674651362
so,W30p0,4,23,0.07607602888312205,0.07607602888312205
thetao,W40p0,9,10,0.07599495131219701,0.07599495131219701
so,W10p0,6,2,-0.07594293506880956,0.07594293506880956
thetao,W60p0,0,21,-0.07566788657763303,0.07566788657763303
thetao,W40p0,2,13,-0.07564794649803419,0.07564794649803419
so,W30p0,8,9,-0.07544819351611734,0.07544819351611734
so,W60p0,6,13,0.0752607163759171,0.0752607163759171
so,W20p0,7,23,-0.07525837532398019,0.07525837532398019
so,W10p0,9,7,-0.07515200752701229,0.07515200752701229
thetao,W30p0,6,5,0.07514475538476516,0.07514475538476516
thetao,W30p0,3,4,0.0750487942489444,0.0750487942489444
so,W40p0,4,21,0.07503481936115816,0.07503481936115816
thetao,W40p0,3,4,-0.0749003307422423,0.0749003307422423
so,W60p0,9,6,0.07487200623923203,0.07487200623923203
so,W60p0,7,6,0.07466282845443453,0.07466282845443453
thetao,W20p0,9,15,0.0746166485933997,0.0746166485933997
so,W20p0,8,18,0.07460032325209202,0.07460032325209202
thetao,W20p0,0,23,0.07453368799925209,0.07453368799925209
so,W40p0,0,5,-0.07450858740192505,0.07450858740192505
thetao,W20p0,3,4,0.07446318066525408,0.07446318066525408
so,W20p0,8,5,0.07437628817373208,0.07437628817373208
thetao,W10p0,7,9,-0.07436848970058288,0.07436848970058288
so,W40p0,1,22,-0.07416214717700298,0.07416214717700298
thetao,W60p0,1,20,-0.07379363508106569,0.07379363508106569
thetao,W30p0,0,15,-0.07376761259068551,0.07376761259068551
so,W30p0,8,11,-0.07356191380929299,0.07356191380929299
so,W60p0,8,25,0.07353672135130745,0.07353672135130745
so,W30p0,9,4,0.07348891331096731,0.07348891331096731
thetao,W20p0,0,18,-0.07334988344990803,0.07334988344990803
so,W60p0,9,22,0.07327825209230775,0.07327825209230775
so,W30p0,2,16,-0.0732573010925105,0.0732573010925105
thetao,W60p0,3,16,-0.07323416785311555,0.07323416785311555
thetao,W20p0,5,25,0.07323298127078437,0.07323298127078437
so,W60p0,0,15,0.07315105717235074,0.07315105717235074
thetao,W20p0,6,17,0.07312052647534006,0.07312052647534006
thetao,W30p0,5,16,-0.0730318091592456,0.0730318091592456
so,W60p0,5,3,0.07296076264799956,0.07296076264799956
thetao,W10p0,5,23,0.07291258386328815,0.07291258386328815
thetao,W20p0,7,24,-0.07289145438258432,0.07289145438258432
so,W10p0,8,8,0.07275927133234082,0.07275927133234082
thetao,W30p0,1,9,0.07274594025501853,0.07274594025501853
thetao,W40p0,5,18,-0.072719323081497,0.072719323081497
so,W30p0,9,7,-0.07263980329659495,0.07263980329659495
so,W10p0,2,19,0.07245603988630187,0.07245603988630187
so,W30p0,7,17,-0.07213312168360114,0.07213312168360114
thetao,W40p0,8,25,0.07212294658605757,0.07212294658605757
thetao,W10p0,9,10,-0.07195948661084992,0.07195948661084992
thetao,W20p0,7,25,-0.07189092569903713,0.07189092569903713
thetao,W40p0,8,5,0.07179678001612334,0.07179678001612334
thetao,W60p0,1,12,-0.07168682537071125,0.07168682537071125
thetao,W40p0,5,22,-0.07159137915075622,0.07159137915075622
so,W30p0,0,16,0.07148895872132341,0.07148895872132341
thetao,W40p0,3,6,-0.07148882308570259,0.07148882308570259
thetao,W30p0,1,24,-0.07125521754653,0.07125521754653
thetao,W30p0,1,20,-0.07107228931016855,0.07107228931016855
thetao,W40p0,5,10,0.07104943896341577,0.07104943896341577
thetao,W30p0,4,18,0.07103276343492378,0.07103276343492378
so,W40p0,1,23,-0.07101827145962539,0.07101827145962539
so,W20p0,3,23,-0.07101077394217532,0.07101077394217532
thetao,W60p0,0,23,-0.07092647103884457,0.07092647103884457
thetao,W20p0,7,15,0.07049220868498225,0.07049220868498225
so,W30p0,6,0,-0.0703746150047366,0.0703746150047366
thetao,W40p0,3,11,0.07035502246993404,0.07035502246993404
so,W20p0,8,15,-0.07035232239125307,0.07035232239125307
thetao,W10p0,5,5,-0.07035214786199953,0.07035214786199953
thetao,W30p0,2,3,0.07021531095148432,0.07021531095148432
so,W30p0,7,6,0.0699229697170224,0.0699229697170224
so,W20p0,4,18,-0.06976421701403707,0.06976421701403707
thetao,W10p0,8,14,0.06967711132510092,0.06967711132510092
thetao,W10p0,6,7,0.06958619379719133,0.06958619379719133
thetao,W20p0,0,15,-0.06958252373191992,0.06958252373191992
thetao,W60p0,4,11,-0.0695513810994551,0.0695513810994551
so,W60p0,1,18,-0.06954586065808482,0.06954586065808482
so,W40p0,4,16,0.06950268370115258,0.06950268370115258
thetao,W40p0,5,1,0.06946605250933226,0.06946605250933226
so,W60p0,7,14,-0.06945307339580518,0.06945307339580518
so,W40p0,7,18,-0.06931560864686276,0.06931560864686276
so,W40p0,2,15,0.06918849133402584,0.06918849133402584
thetao,W20p0,1,13,0.06911224210183887,0.06911224210183887
thetao,W30p0,4,22,0.06901448418650433,0.06901448418650433
so,W20p0,5,19,-0.06901399359676257,0.06901399359676257
so,W20p0,5,9,0.06898545059693327,0.06898545059693327
so,W10p0,2,21,0.06887587273194071,0.06887587273194071
thetao,W60p0,6,3,0.06864521789007509,0.06864521789007509
thetao,W60p0,6,1,0.0685128026542977,0.0685128026542977
so,W60p0,8,10,-0.06837905927533765,0.06837905927533765
so,W40p0,7,7,0.06836110132938726,0.06836110132938726
so,W60p0,8,23,0.06828741463305515,0.06828741463305515
so,W40p0,0,6,-0.06818511549682493,0.06818511549682493
so,W60p0,7,5,-0.06807155678983925,0.06807155678983925
so,W30p0,3,13,-0.06802599029331814,0.06802599029331814
so,W30p0,7,7,0.06801527317274388,0.06801527317274388
thetao,W20p0,3,8,-0.06790163695061172,0.06790163695061172
so,W30p0,9,18,-0.06783026765744796,0.06783026765744796
thetao,W20p0,5,23,0.06782699769690455,0.06782699769690455
thetao,W40p0,6,5,0.06777827606704652,0.06777827606704652
so,W30p0,7,3,0.06776208878229134,0.06776208878229134
thetao,W10p0,1,16,-0.06769142906868966,0.06769142906868966
so,W40p0,5,20,0.06752314616730218,0.06752314616730218
thetao,W40p0,0,2,-0.0674795297955384,0.0674795297955384
so,W60p0,8,8,0.06745470947364378,0.06745470947364378
so,W40p0,9,13,-0.06737623519578857,0.06737623519578857
thetao,W40p0,5,2,0.06722220966805686,0.06722220966805686
so,W10p0,3,6,0.06720728008504932,0.06720728008504932
so,W30p0,5,7,0.06711491366921232,0.06711491366921232
so,W20p0,8,19,0.06707656640886143,0.06707656640886143
so,W20p0,0,20,-0.06701793293473188,0.06701793293473188
thetao,W20p0,2,15,-0.06698245642947281,0.06698245642947281
so,W40p0,2,17,0.06696176145863461,0.06696176145863461
thetao,W60p0,0,24,-0.06665546623318203,0.06665546623318203
so,W60p0,9,8,0.06654237968628415,0.06654237968628415
so,W30p0,8,5,0.06644086666958708,0.06644086666958708
thetao,W10p0,3,20,0.06625075762765731,0.06625075762765731
thetao,W40p0,5,9,0.06609389080632463,0.06609389080632463
thetao,W40p0,2,6,-0.06602125464059459,0.06602125464059459
so,W20p0,3,21,0.06590425166248459,0.06590425166248459
so,W20p0,7,8,-0.06585093235434718,0.06585093235434718
thetao,W30p0,6,16,-0.06577885841581363,0.06577885841581363
so,W10p0,2,5,-0.06574671267207374,0.06574671267207374
so,W10p0,2,24,0.06573631842656394,0.06573631842656394
so,W10p0,6,16,-0.06572987527912465,0.06572987527912465
thetao,W10p0,2,22,0.06562133471523937,0.06562133471523937
thetao,W60p0,8,4,0.06509218291532454,0.06509218291532454
so,W10p0,0,16,-0.0650876592287421,0.0650876592287421
thetao,W10p0,4,21,-0.06501923700649455,0.06501923700649455
thetao,W10p0,1,23,-0.06500483185658819,0.06500483185658819
so,W20p0,4,17,0.06498268945915389,0.06498268945915389
so,W20p0,0,17,0.0647672067119362,0.0647672067119362
so,W60p0,5,13,0.06471430511050827,0.06471430511050827
so,W30p0,9,15,0.06463900687500285,0.06463900687500285
so,W40p0,1,21,-0.06456306380231248,0.06456306380231248
thetao,W20p0,6,18,0.06449318536066598,0.06449318536066598
so,W60p0,3,24,0.06444995968764192,0.06444995968764192
thetao,W20p0,1,11,-0.06418590474963029,0.06418590474963029
so,W30p0,3,4,0.06411506722022593,0.06411506722022593
so,W60p0,2,5,-0.06410183978699503,0.06410183978699503
so,W60p0,2,10,-0.06393732940697897,0.06393732940697897
thetao,W10p0,6,6,0.06382163850128708,0.06382163850128708
thetao,W20p0,2,2,0.06373196101624712,0.06373196101624712
so,W40p0,3,10,-0.06371831999788338,0.06371831999788338
thetao,W30p0,6,9,0.06350429654502233,0.06350429654502233
thetao,W20p0,7,0,0.06349685514658335,0.06349685514658335
so,W60p0,3,15,-0.06330331341534469,0.06330331341534469
so,W20p0,5,1,0.06320042521921637,0.06320042521921637
so,W20p0,7,25,-0.06308332138280609,0.06308332138280609
so,W60p0,2,1,0.06288716268195121,0.06288716268195121
thetao,W40p0,1,6,0.0627969739396028,0.0627969739396028
thetao,W40p0,5,16,0.06278912015152222,0.06278912015152222
so,W30p0,8,12,0.06278119080828602,0.06278119080828602
so,W40p0,0,23,0.06265693795968304,0.06265693795968304
thetao,W30p0,9,20,0.06264896145944006,0.06264896145944006
so,W10p0,9,0,0.06263501105722791,0.06263501105722791
thetao,W30p0,3,2,0.06262957515011919,0.06262957515011919
so,W60p0,2,15,0.062457717417495104,0.062457717417495104
thetao,W10p0,3,16,-0.06237956577452201,0.06237956577452201
thetao,W60p0,8,11,-0.06226790073747434,0.06226790073747434
thetao,W30p0,1,0,-0.06226028716259297,0.06226028716259297
so,W40p0,1,18,0.062186614182032515,0.062186614182032515
thetao,W60p0,4,10,-0.06211176484293659,0.06211176484293659
thetao,W20p0,5,3,0.06170352360021786,0.06170352360021786
thetao,W30p0,5,17,0.061507786897488696,0.061507786897488696
thetao,W20p0,5,5,0.0615057327326324,0.0615057327326324
so,W60p0,9,19,0.06144435305678805,0.06144435305678805
so,W30p0,2,12,-0.06144123455360095,0.06144123455360095
thetao,W40p0,4,10,0.06142633568892044,0.06142633568892044
thetao,W40p0,6,22,0.06136374668781129,0.06136374668781129
thetao,W10p0,4,5,0.06136163767818098,0.06136163767818098
thetao,W10p0,4,22,-0.061317906679531124,0.061317906679531124
thetao,W40p0,2,3,-0.061307992454650934,0.061307992454650934
thetao,W60p0,5,0,-0.0612991195078701,0.0612991195078701
thetao,W20p0,0,0,0.06116934275801643,0.06116934275801643
so,W10p0,1,20,0.060909842519185284,0.060909842519185284
so,W30p0,9,5,-0.0608693877619369,0.0608693877619369
thetao,W30p0,3,5,0.06085925186985906,0.06085925186985906
so,W10p0,6,14,-0.060731964054337,0.060731964054337
so,W30p0,0,22,-0.060712420557662274,0.060712420557662274
so,W40p0,6,7,-0.060691686291916506,0.060691686291916506
so,W30p0,5,8,0.06063998972976551,0.06063998972976551
so,W10p0,5,13,-0.06049314416086389,0.06049314416086389
thetao,W40p0,8,17,-0.06028102510952775,0.06028102510952775
so,W40p0,7,2,-0.06009592347468298,0.06009592347468298
so,W40p0,0,9,-0.060094060603486134,0.060094060603486134
so,W40p0,9,6,-0.06007375517207197,0.06007375517207197
thetao,W20p0,1,19,0.05999487800769492,0.05999487800769492
thetao,W10p0,2,23,0.05982850456887606,0.05982850456887606
so,W30p0,7,4,0.059786429636463065,0.059786429636463065
so,W30p0,7,21,0.05967451167656783,0.05967451167656783
so,W60p0,6,5,-0.05964702934661033,0.05964702934661033
thetao,W40p0,7,2,-0.05963156605066124,0.05963156605066124
so,W10p0,1,19,0.05958527477494772,0.05958527477494772
thetao,W30p0,9,17,0.059448135319729645,0.059448135319729645
so,W40p0,3,2,0.05944661148150586,0.05944661148150586
so,W20p0,3,19,0.05941636049409697,0.05941636049409697
so,W60p0,3,6,-0.0593084901251476,0.0593084901251476
thetao,W30p0,0,17,0.05924471846679285,0.05924471846679285
thetao,W60p0,0,25,-0.05917379604445724,0.05917379604445724
so,W60p0,9,4,0.059160717716745734,0.059160717716745734
so,W20p0,4,6,-0.059159280456292124,0.059159280456292124
so,W20p0,1,24,-0.05913629263648666,0.05913629263648666
so,W60p0,6,4,0.05895000043061919,0.05895000043061919
thetao,W60p0,8,10,-0.05878631563093009,0.05878631563093009
so,W40p0,6,14,0.05874940776922468,0.05874940776922468
so,W40p0,1,19,0.05874681008225406,0.05874681008225406
so,W60p0,9,16,-0.058721865997578636,0.058721865997578636
thetao,W60p0,6,17,-0.05872116462853689,0.05872116462853689
so,W60p0,0,17,-0.05872102983257865,0.05872102983257865
thetao,W30p0,5,19,0.05865756983657554,0.05865756983657554
so,W30p0,6,16,-0.058641112988168986,0.058641112988168986
so,W60p0,5,14,-0.05861254276793716,0.05861254276793716
so,W20p0,4,23,0.058586907113334676,0.058586907113334676
thetao,W30p0,1,5,0.05846500198011156,0.05846500198011156
so,W10p0,6,21,0.05845923022838858,0.05845923022838858
so,W60p0,4,13,-0.05829235036371627,0.05829235036371627
thetao,W20p0,9,1,-0.0582025397479218,0.0582025397479218
thetao,W10p0,1,13,-0.058137152873458886,0.058137152873458886
thetao,W30p0,8,1,-0.058125147136990685,0.058125147136990685
so,W20p0,3,13,0.05810092359800296,0.05810092359800296
thetao,W10p0,3,18,0.05806219321563994,0.05806219321563994
thetao,W40p0,6,18,0.05800771623584699,0.05800771623584699
thetao,W20p0,1,18,0.05797439196509624,0.05797439196509624
thetao,W60p0,8,8,-0.0579682967814856,0.0579682967814856
so,W10p0,8,21,0.05790536984965322,0.05790536984965322
so,W10p0,3,22,-0.05787230734301997,0.05787230734301997
thetao,W10p0,2,24,0.057753362502719084,0.057753362502719084
thetao,W30p0,4,21,0.05752608799531186,0.05752608799531186
thetao,W30p0,3,20,0.0574584387398679,0.0574584387398679
so,W20p0,7,17,-0.05743590025969977,0.05743590025969977
thetao,W40p0,5,24,-0.0573654250516096,0.0573654250516096
thetao,W20p0,3,25,-0.05731219336495251,0.05731219336495251
so,W20p0,0,12,0.057234001511419455,0.057234001511419455
thetao,W60p0,6,22,0.057148227680783634,0.057148227680783634
so,W10p0,5,20,0.05707103932294176,0.05707103932294176
so,W40p0,7,0,-0.05701857623868599,0.05701857623868599
so,W60p0,3,18,-0.05688505562086223,0.05688505562086223
thetao,W20p0,1,24,0.05683816020387206,0.05683816020387206
so,W40p0,8,0,0.05681933495390273,0.05681933495390273
so,W20p0,3,1,0.056797205604987,0.056797205604987
thetao,W30p0,7,20,-0.05668418309610807,0.05668418309610807
thetao,W30p0,1,21,-0.056614646722809664,0.056614646722809664
thetao,W40p0,7,0,0.056592191032338625,0.056592191032338625
so,W30p0,1,22,0.056523689408563955,0.056523689408563955
so,W10p0,6,9,0.05651581668908866,0.05651581668908866
so,W60p0,3,14,0.0564247583345626,0.0564247583345626
so,W60p0,4,16,0.05640509983879358,0.05640509983879358
so,W20p0,4,21,0.05636951929229889,0.05636951929229889
thetao,W20p0,6,10,-0.05632751503805641,0.05632751503805641
so,W30p0,6,12,-0.055949166395999395,0.055949166395999395
so,W30p0,8,24,0.055919782993744595,0.055919782993744595
so,W30p0,8,3,0.05589008719984898,0.05589008719984898
so,W10p0,9,10,-0.055812303536822566,0.055812303536822566
so,W10p0,9,4,-0.05579873823689751,0.05579873823689751
thetao,W40p0,0,6,-0.05555705435813362,0.05555705435813362
thetao,W10p0,6,8,-0.055532710056330155,0.055532710056330155
thetao,W60p0,6,16,-0.055286108049400165,0.055286108049400165
thetao,W10p0,1,15,-0.05528479755605656,0.05528479755605656
so,W20p0,0,23,-0.05527509911344805,0.05527509911344805
thetao,W40p0,9,16,-0.05524473057763038,0.05524473057763038
thetao,W10p0,9,6,-0.05520927464942277,0.05520927464942277
thetao,W30p0,3,14,0.055128284941203455,0.055128284941203455
thetao,W40p0,5,25,-0.05512775146546962,0.05512775146546962
thetao,W30p0,6,10,0.05511910998939725,0.05511910998939725
thetao,W40p0,0,21,0.055054065837835287,0.055054065837835287
so,W30p0,7,22,0.055049682049285516,0.055049682049285516
thetao,W40p0,9,1,0.05502937066655606,0.05502937066655606
so,W20p0,8,12,0.05500543921276746,0.05500543921276746
so,W30p0,7,16,0.05483001968890365,0.05483001968890365
so,W20p0,5,24,-0.05477172847507671,0.05477172847507671
thetao,W60p0,1,22,-0.05464042227878221,0.05464042227878221
thetao,W40p0,1,0,0.054611125447050296,0.054611125447050296
so,W30p0,5,24,-0.05416611938429645,0.05416611938429645
thetao,W30p0,3,19,0.05412433904344346,0.05412433904344346
so,W30p0,7,14,-0.05392968884081782,0.05392968884081782
thetao,W10p0,2,25,0.053861323244908395,0.053861323244908395
thetao,W10p0,7,10,-0.05375042788278106,0.05375042788278106
thetao,W40p0,8,0,0.05374223119872573,0.05374223119872573
so,W40p0,5,19,0.05373534607814232,0.05373534607814232
so,W40p0,4,7,-0.05371151672893528,0.05371151672893528
so,W10p0,7,22,0.05369144373519568,0.05369144373519568
thetao,W40p0,9,0,-0.05358320079344513,0.05358320079344513
thetao,W40p0,9,11,0.05341836401731566,0.05341836401731566
thetao,W20p0,2,3,0.05331929529551979,0.05331929529551979
thetao,W40p0,3,21,0.05313474110768362,0.05313474110768362
thetao,W60p0,5,1,-0.05306379505125903,0.05306379505125903
thetao,W60p0,3,23,-0.05306196082194093,0.05306196082194093
so,W10p0,0,21,0.05300835537407851,0.05300835537407851
so,W60p0,8,2,0.052917403482478594,0.052917403482478594
so,W30p0,6,24,-0.0529130692802422,0.0529130692802422
thetao,W20p0,9,13,-0.05288534413819331,0.05288534413819331
thetao,W20p0,7,5,0.05283369411362104,0.05283369411362104
thetao,W30p0,9,14,0.05282781003021323,0.05282781003021323
thetao,W40p0,1,15,0.05277555149057271,0.05277555149057271
so,W60p0,3,22,-0.05270261276842356,0.05270261276842356
so,W10p0,0,6,-0.05266328141487136,0.05266328141487136
thetao,W30p0,1,15,0.052617305419898217,0.052617305419898217
so,W30p0,1,1,-0.05251342565802321,0.05251342565802321
thetao,W20p0,4,2,0.05248395546402692,0.05248395546402692
thetao,W40p0,1,14,0.05241740312322573,0.05241740312322573
so,W60p0,4,17,-0.052404832361073114,0.052404832361073114
so,W60p0,3,17,0.052241087572561684,0.052241087572561684
thetao,W40p0,5,23,-0.05214577966140026,0.05214577966140026
thetao,W20p0,7,7,-0.05209750626308927,0.05209750626308927
so,W30p0,8,4,-0.05206931909870807,0.05206931909870807
so,W30p0,8,14,0.05196833186920278,0.05196833186920278
thetao,W60p0,4,22,0.051961025885926014,0.051961025885926014
so,W20p0,8,17,-0.05191746392684922,0.05191746392684922
so,W30p0,1,18,0.051735386988612186,0.051735386988612186
thetao,W20p0,9,3,-0.05171517175832539,0.05171517175832539
so,W40p0,6,3,-0.05161390870643515,0.05161390870643515
thetao,W60p0,4,1,-0.051604831304283824,0.051604831304283824
thetao,W60p0,8,1,-0.051593017472565075,0.051593017472565075
thetao,W20p0,7,23,-0.05153442251765583,0.05153442251765583
thetao,W40p0,0,20,0.05153075400203842,0.05153075400203842
thetao,W20p0,3,12,0.05138990843056232,0.05138990843056232
thetao,W30p0,7,17,-0.051183021662838515,0.051183021662838515
so,W10p0,0,17,0.05117329461549193,0.05117329461549193
so,W60p0,9,12,0.05114571393569164,0.05114571393569164
so,W60p0,1,15,0.051032163752232206,0.051032163752232206
so,W30p0,4,1,0.050944696843594525,0.050944696843594525
thetao,W40p0,0,11,-0.050885867373919334,0.050885867373919334
so,W40p0,2,13,0.050809939092997546,0.050809939092997546
so,W30p0,4,8,0.05065500976338651,0.05065500976338651
so,W30p0,5,18,-0.05056513637214638,0.05056513637214638
thetao,W20p0,7,18,0.050554671042609134,0.050554671042609134
so,W10p0,9,5,-0.05048696516042698,0.05048696516042698
so,W20p0,6,22,-0.05046557078116306,0.05046557078116306
thetao,W10p0,6,21,-0.05007371889044153,0.05007371889044153
thetao,W60p0,9,16,-0.0500576270772428,0.0500576270772428
thetao,W30p0,6,8,0.05004270944490894,0.05004270944490894
thetao,W40p0,3,12,0.049966925166913916,0.049966925166913916
so,W40p0,4,3,0.04976490266061531,0.04976490266061531
thetao,W30p0,1,16,-0.04973143996603244,0.04973143996603244
so,W40p0,3,20,-0.0495966236180989,0.0495966236180989
thetao,W60p0,0,14,-0.04937328985607041,0.04937328985607041
so,W20p0,3,9,-0.04934016430932978,0.04934016430932978
thetao,W30p0,2,8,0.04903543010381871,0.04903543010381871
thetao,W60p0,0,10,0.04901168297607479,0.04901168297607479
so,W60p0,1,17,-0.04897580344161663,0.04897580344161663
so,W30p0,3,21,0.048829738119752296,0.048829738119752296
thetao,W60p0,8,7,-0.04865417703948933,0.04865417703948933
thetao,W40p0,4,8,0.04861195710859342,0.04861195710859342
thetao,W20p0,0,21,0.04851997661639578,0.04851997661639578
so,W40p0,0,7,0.04840274898922891,0.04840274898922891
thetao,W20p0,1,2,-0.04834823192626622,0.04834823192626622
so,W10p0,1,21,0.048278876994232056,0.048278876994232056
so,W60p0,8,3,0.04827064419234209,0.04827064419234209
so,W20p0,3,8,0.048262981907013745,0.048262981907013745
thetao,W10p0,4,4,0.048144305531027984,0.048144305531027984
thetao,W30p0,7,1,0.04804649728721054,0.04804649728721054
thetao,W10p0,6,0,0.04797275905044445,0.04797275905044445
so,W30p0,5,21,0.047923947997024846,0.047923947997024846
thetao,W40p0,1,25,-0.04781277260392165,0.04781277260392165
so,W40p0,4,6,-0.04774630162101339,0.04774630162101339
so,W10p0,6,12,0.047647123440682095,0.047647123440682095
so,W10p0,2,4,0.04757462021046596,0.04757462021046596
so,W20p0,1,7,0.04754080572528056,0.04754080572528056
thetao,W40p0,7,5,-0.047475425756848544,0.047475425756848544
thetao,W40p0,1,24,-0.047466394782601375,0.047466394782601375
thetao,W30p0,9,18,-0.047401449892446997,0.047401449892446997
so,W30p0,3,23,0.047360126928227136,0.047360126928227136
so,W20p0,6,10,0.04729152589069854,0.04729152589069854
thetao,W30p0,2,10,0.04722515217568349,0.04722515217568349
thetao,W60p0,5,15,0.046941409608118746,0.046941409608118746
thetao,W60p0,0,22,-0.046883960718934636,0.046883960718934636
so,W60p0,8,9,0.04686500290650419,0.04686500290650419
thetao,W10p0,3,10,0.04682613285804396,0.04682613285804396
thetao,W10p0,3,14,-0.04682169062838924,0.04682169062838924
so,W10p0,9,1,-0.046783590596045845,0.046783590596045845
thetao,W20p0,2,14,-0.046782923425780255,0.046782923425780255
thetao,W20p0,9,16,0.04670587176790708,0.04670587176790708
thetao,W20p0,7,8,-0.04663859678860177,0.04663859678860177
thetao,W60p0,5,17,0.04637356913395948,0.04637356913395948
thetao,W30p0,9,12,-0.04634553032756082,0.04634553032756082
thetao,W10p0,3,13,-0.046247356306669055,0.046247356306669055
thetao,W60p0,1,24,-0.046169660863123095,0.046169660863123095
so,W40p0,0,2,-0.04597276667677166,0.04597276667677166
so,W40p0,6,0,0.0458654107727357,0.0458654107727357
so,W60p0,6,11,-0.04580408413729669,0.04580408413729669
thetao,W40p0,3,24,0.04572746905520519,0.04572746905520519
so,W20p0,7,2,0.045706025815068795,0.045706025815068795
so,W20p0,8,2,-0.04570471111150049,0.04570471111150049
thetao,W40p0,7,9,-0.04564183008004967,0.04564183008004967
thetao,W60p0,2,2,0.04563942849093271,0.04563942849093271
so,W20p0,3,24,-0.04563066185649284,0.04563066185649284
thetao,W40p0,0,25,0.045490932657831315,0.045490932657831315
thetao,W10p0,4,20,-0.04545427290627704,0.04545427290627704
so,W10p0,2,0,0.045384093073810264,0.045384093073810264
so,W20p0,4,14,0.04537047342106943,0.04537047342106943
so,W40p0,6,6,0.04529637354479417,0.04529637354479417
thetao,W30p0,5,7,-0.04523268810049335,0.04523268810049335
so,W40p0,0,22,0.04513430741029225,0.04513430741029225
so,W60p0,4,6,0.045100043783590026,0.045100043783590026
so,W60p0,1,9,0.04509687817821524,0.04509687817821524
so,W10p0,9,25,0.045060066775428585,0.045060066775428585
so,W10p0,5,25,0.04504562295465486,0.04504562295465486
thetao,W60p0,5,2,0.0449658727029935,0.0449658727029935
so,W30p0,8,6,-0.04494249293537244,0.04494249293537244
thetao,W30p0,6,6,0.0449396317222215,0.0449396317222215
so,W40p0,3,24,-0.04491017803104243,0.04491017803104243
thetao,W60p0,0,13,-0.04478433718116681,0.04478433718116681
so,W10p0,3,19,0.04475427839761799,0.04475427839761799
so,W10p0,2,25,0.044603117555825036,0.044603117555825036
thetao,W40p0,1,5,0.04440219159176299,0.04440219159176299
so,W40p0,3,25,-0.04433396429179524,0.04433396429179524
so,W40p0,2,18,-0.044317981722545766,0.044317981722545766
thetao,W60p0,9,19,0.044235230322639915,0.044235230322639915
so,W30p0,2,18,-0.0442034449990087,0.0442034449990087
so,W60p0,3,0,-0.044070402225440945,0.044070402225440945
thetao,W20p0,6,16,0.043958363351258085,0.043958363351258085
thetao,W40p0,1,13,0.04377893122713732,0.04377893122713732
so,W60p0,3,8,-0.04364232791370197,0.04364232791370197
so,W20p0,7,3,0.04361396111577306,0.04361396111577306
thetao,W10p0,0,12,0.04351632807205703,0.04351632807205703
so,W60p0,9,18,-0.04320474753635622,0.04320474753635622
thetao,W30p0,4,17,0.043171472774364436,0.043171472774364436
so,W10p0,2,7,-0.043108337300453346,0.043108337300453346
thetao,W60p0,4,9,0.04310146416252269,0.04310146416252269
so,W40p0,4,15,0.04299159043457043,0.04299159043457043
thetao,W60p0,1,15,0.042868449679260914,0.042868449679260914
thetao,W40p0,7,4,-0.04284059702428947,0.04284059702428947
thetao,W10p0,7,13,-0.04281959526419804,0.04281959526419804
thetao,W20p0,3,0,-0.042725489106324906,0.042725489106324906
so,W60p0,5,23,0.042542299048709376,0.042542299048709376
so,W40p0,0,10,-0.042227934677396106,0.042227934677396106
thetao,W40p0,2,17,-0.042210225762902086,0.042210225762902086
so,W40p0,0,12,-0.04205474529093857,0.04205474529093857
so,W30p0,1,25,-0.0419884761359082,0.0419884761359082
thetao,W10p0,0,13,0.04198065516998348,0.04198065516998348
so,W20p0,8,16,0.04194487692363775,0.04194487692363775
so,W40p0,0,21,-0.041941983804559914,0.041941983804559914
thetao,W60p0,8,5,-0.04184035250422501,0.04184035250422501
thetao,W20p0,0,19,-0.04159798905127621,0.04159798905127621
so,W30p0,4,22,0.041485415059921225,0.041485415059921225
thetao,W60p0,4,4,-0.041335586598632505,0.041335586598632505
thetao,W60p0,2,16,-0.04133137543283771,0.04133137543283771
so,W30p0,6,10,-0.04131755915440659,0.04131755915440659
thetao,W40p0,1,18,0.041143426185301486,0.041143426185301486
thetao,W60p0,1,25,-0.041008693051862895,0.041008693051862895
so,W60p0,8,13,-0.04099520783951556,0.04099520783951556
thetao,W10p0,4,19,-0.04092169773043889,0.04092169773043889
thetao,W40p0,4,3,0.04091220316286106,0.04091220316286106
so,W10p0,9,9,-0.04078756768741734,0.04078756768741734
so,W10p0,6,6,0.04063842799628152,0.04063842799628152
thetao,W20p0,7,6,0.04063028799152086,0.04063028799152086
thetao,W40p0,2,4,-0.040601379753279536,0.040601379753279536
so,W30p0,9,9,-0.04046614602135952,0.04046614602135952
thetao,W40p0,0,10,-0.040381908962979815,0.040381908962979815
thetao,W40p0,8,18,0.040351850908214304,0.040351850908214304
so,W20p0,8,13,0.04020845750027701,0.04020845750027701
so,W20p0,7,15,0.04020106282784637,0.04020106282784637
thetao,W10p0,5,1,-0.04019071786635615,0.04019071786635615
thetao,W20p0,1,23,0.04017592757081464,0.04017592757081464
so,W10p0,8,22,-0.04009404863219859,0.04009404863219859
thetao,W40p0,9,19,-0.03996587991989315,0.03996587991989315
thetao,W30p0,4,6,0.03989074294840201,0.03989074294840201
so,W60p0,1,12,0.03977205363571787,0.03977205363571787
thetao,W20p0,2,9,-0.039725100610758436,0.039725100610758436
so,W10p0,5,16,-0.039560944832390026,0.039560944832390026
so,W30p0,9,16,0.03952767600009706,0.03952767600009706
thetao,W30p0,2,9,0.03952565468564956,0.03952565468564956
so,W10p0,6,3,-0.03949435062113495,0.03949435062113495
thetao,W10p0,6,4,-0.03938073787132292,0.03938073787132292
so,W30p0,1,23,0.03921931353529995,0.03921931353529995
so,W20p0,8,14,-0.0390900263844162,0.0390900263844162
so,W20p0,1,4,0.038978778628458534,0.038978778628458534
thetao,W10p0,3,12,-0.038954983199052606,0.038954983199052606
so,W10p0,5,23,-0.03839697080782698,0.03839697080782698
thetao,W10p0,0,6,-0.03829036700929345,0.03829036700929345
so,W60p0,4,5,-0.03822906630537311,0.03822906630537311
so,W40p0,1,17,0.03818413256797713,0.03818413256797713
thetao,W30p0,9,15,0.0381818528221417,0.0381818528221417
so,W60p0,5,15,-0.03806892491719842,0.03806892491719842
so,W30p0,6,23,-0.03773802899696054,0.03773802899696054
so,W20p0,3,12,0.03770812411549127,0.03770812411549127
so,W30p0,4,5,-0.037658060892758805,0.037658060892758805
so,W20p0,5,25,-0.03764834733351946,0.03764834733351946
thetao,W60p0,2,22,0.03754230782823815,0.03754230782823815
thetao,W10p0,7,16,0.03753133101634889,0.03753133101634889
thetao,W10p0,7,11,-0.0374410168705506,0.0374410168705506
so,W20p0,7,18,-0.03738569353350805,0.03738569353350805
so,W20p0,3,5,0.037219140818735966,0.037219140818735966
thetao,W60p0,2,21,0.03716983328958459,0.03716983328958459
thetao,W10p0,0,19,-0.03716634702099377,0.03716634702099377
so,W30p0,1,16,-0.03705673192262588,0.03705673192262588
so,W30p0,4,3,0.03700437976718424,0.03700437976718424
thetao,W40p0,5,5,0.03671562390516137,0.03671562390516137
so,W20p0,0,11,0.03663486232567367,0.03663486232567367
thetao,W20p0,3,10,-0.03662452456925289,0.03662452456925289
so,W40p0,8,22,0.03662380591345982,0.03662380591345982
so,W20p0,0,19,-0.03660930760251564,0.03660930760251564
thetao,W10p0,6,2,-0.0365146113673109,0.0365146113673109
so,W20p0,0,18,0.03647383650254254,0.03647383650254254
so,W40p0,9,25,0.03646743603216291,0.03646743603216291
so,W40p0,7,3,-0.036455467654011114,0.036455467654011114
thetao,W20p0,1,1,-0.03639671900258542,0.03639671900258542
so,W40p0,6,12,0.036335754680948275,0.036335754680948275
so,W20p0,8,3,-0.036295559215480035,0.036295559215480035
so,W60p0,3,21,0.03625004398106514,0.03625004398106514
thetao,W20p0,7,16,-0.03620838822615721,0.03620838822615721
thetao,W30p0,0,0,0.036182338368437435,0.036182338368437435
thetao,W20p0,3,23,0.03616454191475198,0.03616454191475198
so,W60p0,5,0,0.036159488226651736,0.036159488226651736
so,W20p0,3,22,-0.03598791157298709,0.03598791157298709
so,W10p0,2,6,0.03585945230467211,0.03585945230467211
so,W30p0,7,19,0.03583044654872064,0.03583044654872064
thetao,W60p0,7,15,-0.035819887878919876,0.035819887878919876
so,W60p0,4,4,-0.035780758090826426,0.035780758090826426
thetao,W10p0,0,18,-0.0357423748345125,0.0357423748345125
so,W30p0,2,3,0.03572937996155408,0.03572937996155408
so,W40p0,3,3,0.03567286483584448,0.03567286483584448
thetao,W10p0,7,6,-0.03560360216685951,0.03560360216685951
thetao,W60p0,5,22,0.03550416800961734,0.03550416800961734
so,W10p0,9,11,-0.03546772077110844,0.03546772077110844
so,W10p0,5,15,0.03546661630361316,0.03546661630361316
so,W10p0,3,13,0.03542444522082629,0.03542444522082629
so,W40p0,6,24,-0.03541505519025376,0.03541505519025376
thetao,W40p0,0,7,0.035408647092676056,0.035408647092676056
so,W20p0,7,0,-0.0353795575028849,0.0353795575028849
thetao,W60p0,7,20,-0.03532359508565034,0.03532359508565034
thetao,W10p0,0,20,-0.03523811970921666,0.03523811970921666
so,W60p0,9,21,0.035188753142606666,0.035188753142606666
thetao,W60p0,0,11,0.03514393367573563,0.03514393367573563
thetao,W10p0,3,4,0.03506868846163579,0.03506868846163579
so,W40p0,4,5,0.034974315455616585,0.034974315455616585
so,W60p0,2,22,-0.03492088381420354,0.03492088381420354
thetao,W40p0,3,20,0.034773838507394815,0.034773838507394815
thetao,W60p0,2,25,0.034765362260465026,0.034765362260465026
thetao,W60p0,8,3,0.03474983857326927,0.03474983857326927
so,W20p0,5,11,0.03461680832370758,0.03461680832370758
thetao,W40p0,7,10,-0.034504423799385855,0.034504423799385855
so,W40p0,6,13,0.034462153530774364,0.034462153530774364
thetao,W30p0,2,5,-0.03445348898820195,0.03445348898820195
thetao,W40p0,1,19,0.03441734621752245,0.03441734621752245
so,W20p0,1,22,0.03432063871677112,0.03432063871677112
so,W40p0,2,20,0.03353566587277674,0.03353566587277674
thetao,W60p0,1,19,-0.03343517522829894,0.03343517522829894
thetao,W20p0,1,25,0.03341671709646303,0.03341671709646303
so,W60p0,3,25,0.03339087464661413,0.03339087464661413
so,W30p0,9,10,0.033315583346060655,0.033315583346060655
so,W60p0,3,16,0.03330252016929288,0.03330252016929288
so,W60p0,5,4,0.03329147731531358,0.03329147731531358
thetao,W20p0,1,22,0.03317698914112218,0.03317698914112218
thetao,W30p0,2,6,-0.032978922366648615,0.032978922366648615
thetao,W60p0,8,15,-0.032769680292172323,0.032769680292172323
so,W60p0,8,5,0.03264335029798677,0.03264335029798677
thetao,W40p0,0,9,-0.032545091372123844,0.032545091372123844
thetao,W60p0,6,11,-0.03252373200717256,0.03252373200717256
thetao,W10p0,4,0,0.03245729040098506,0.03245729040098506
so,W20p0,5,5,-0.03236172617546274,0.03236172617546274
so,W60p0,2,2,-0.03235553333693788,0.03235553333693788
so,W20p0,7,14,0.032193859426135146,0.032193859426135146
so,W20p0,4,16,-0.03216076807894974,0.03216076807894974
so,W30p0,6,6,0.03199809955319349,0.03199809955319349
thetao,W20p0,3,5,-0.03197872040235346,0.03197872040235346
thetao,W30p0,6,12,-0.03193968735580063,0.03193968735580063
thetao,W20p0,5,15,0.03189183795786359,0.03189183795786359
so,W20p0,1,8,0.03184796032857514,0.03184796032857514
so,W10p0,3,7,0.03183861764299436,0.03183861764299436
thetao,W30p0,3,22,0.0317718860878672,0.0317718860878672
thetao,W10p0,5,3,0.03163262476380523,0.03163262476380523
thetao,W60p0,1,10,-0.03158445716476076,0.03158445716476076
so,W40p0,6,17,-0.031584180031344854,0.031584180031344854
thetao,W40p0,5,20,-0.03153124446288023,0.03153124446288023
so,W10p0,8,23,0.0314774361903768,0.0314774361903768
so,W40p0,5,7,0.03146884013229116,0.03146884013229116
thetao,W30p0,2,4,0.03139396223023374,0.03139396223023374
thetao,W10p0,4,8,0.03127415338174376,0.03127415338174376
so,W20p0,3,10,0.03110733253297159,0.03110733253297159
so,W40p0,9,11,0.03110241930113895,0.03110241930113895
thetao,W60p0,6,20,0.030740233010007355,0.030740233010007355
so,W60p0,3,20,0.030711434993939583,0.030711434993939583
so,W30p0,6,13,0.030598758692808783,0.030598758692808783
so,W40p0,8,24,-0.030426380217699167,0.030426380217699167
thetao,W20p0,7,20,-0.030418112486296896,0.030418112486296896
so,W60p0,3,4,0.030318246354675154,0.030318246354675154
so,W30p0,2,8,-0.030228146046772424,0.030228146046772424
thetao,W60p0,8,12,-0.03022383476199561,0.03022383476199561
so,W30p0,2,25,0.030023629784151188,0.030023629784151188
so,W40p0,6,9,0.029976028366334857,0.029976028366334857
thetao,W60p0,1,4,-0.0298715119348926,0.0298715119348926
thetao,W30p0,1,6,0.029783294148239277,0.029783294148239277
thetao,W10p0,1,24,-0.029767710609860457,0.029767710609860457
thetao,W20p0,7,22,-0.029581318964218454,0.029581318964218454
thetao,W60p0,6,21,0.02951731358485401,0.02951731358485401
thetao,W40p0,8,7,0.029440279925316296,0.029440279925316296
so,W40p0,2,19,-0.029371845172723607,0.029371845172723607
so,W30p0,6,25,0.02933670414836764,0.02933670414836764
thetao,W40p0,9,17,-0.02927009549345085,0.02927009549345085
so,W40p0,4,14,-0.029184519145815026,0.029184519145815026
so,W40p0,4,24,-0.02915426362182426,0.02915426362182426
so,W60p0,4,19,0.02910250686125804,0.02910250686125804
so,W40p0,3,5,-0.02905777065284006,0.02905777065284006
so,W40p0,0,19,-0.02885603873826023,0.02885603873826023
thetao,W40p0,1,20,0.02866389914868734,0.02866389914868734
so,W30p0,2,17,-0.028302221141133264,0.028302221141133264
so,W20p0,0,21,-0.02827116374541674,0.02827116374541674
so,W40p0,6,23,0.02810568236184299,0.02810568236184299
thetao,W10p0,1,25,-0.028056664121483315,0.028056664121483315
so,W40p0,3,22,-0.0280133786834789,0.0280133786834789
so,W30p0,4,0,0.027878739721695953,0.027878739721695953
thetao,W60p0,5,25,0.027807412860800008,0.027807412860800008
thetao,W40p0,3,10,0.027747358214198967,0.027747358214198967
thetao,W60p0,8,17,-0.02774562155217428,0.02774562155217428
so,W60p0,2,21,-0.02773310166742294,0.02773310166742294
thetao,W10p0,0,5,-0.02768333553785719,0.02768333553785719
so,W40p0,4,23,-0.02739030614182399,0.02739030614182399
thetao,W60p0,0,15,-0.027358528903048362,0.027358528903048362
so,W60p0,6,8,-0.02734360160464612,0.02734360160464612
so,W60p0,4,25,-0.027310088934166893,0.027310088934166893
so,W10p0,6,5,0.027220739066338387,0.027220739066338387
so,W20p0,7,21,0.027132219837087312,0.027132219837087312
so,W60p0,1,13,0.027009703694643075,0.027009703694643075
so,W20p0,8,6,0.026970449268745252,0.026970449268745252
thetao,W40p0,5,17,-0.026887388395244155,0.026887388395244155
thetao,W30p0,1,7,0.026653703733838355,0.026653703733838355
so,W40p0,7,11,0.026618704667570787,0.026618704667570787
thetao,W40p0,7,3,-0.026549378785920855,0.026549378785920855
thetao,W60p0,1,14,0.02650455208347261,0.02650455208347261
thetao,W20p0,2,10,-0.026495712553290404,0.026495712553290404
thetao,W60p0,1,17,-0.026489523917775027,0.026489523917775027
thetao,W30p0,2,13,0.026470053212429758,0.026470053212429758
thetao,W60p0,8,13,-0.026429415654983933,0.026429415654983933
thetao,W40p0,0,5,-0.02637540114221582,0.02637540114221582
so,W30p0,3,17,0.026362009888977085,0.026362009888977085
so,W20p0,8,7,0.02621540956684281,0.02621540956684281
so,W60p0,9,2,-0.026129447453155995,0.026129447453155995
so,W20p0,2,22,-0.026016112974360694,0.026016112974360694
so,W60p0,4,11,0.02591326301983436,0.02591326301983436
so,W10p0,3,23,-0.025787016307295303,0.025787016307295303
so,W40p0,6,5,-0.025786745802611304,0.025786745802611304
thetao,W60p0,8,0,0.02570212196057269,0.02570212196057269
thetao,W30p0,5,20,0.02553790688665586,0.02553790688665586
thetao,W60p0,7,18,-0.025474407335156803,0.025474407335156803
thetao,W40p0,7,7,-0.02545724920906151,0.02545724920906151
so,W40p0,8,6,-0.02526074915873183,0.02526074915873183
so,W30p0,7,13,0.025257326330993566,0.025257326330993566
so,W40p0,6,8,-0.025168650666409755,0.025168650666409755
thetao,W40p0,5,6,0.025135579819257153,0.025135579819257153
so,W30p0,8,2,0.02507162978284174,0.02507162978284174
so,W40p0,0,20,0.025039427511017977,0.025039427511017977
thetao,W60p0,2,1,-0.024908021702664387,0.024908021702664387
so,W20p0,2,21,0.02483897365481976,0.02483897365481976
so,W40p0,6,20,0.024717381892423868,0.024717381892423868
thetao,W20p0,3,11,-0.024651237661527572,0.024651237661527572
so,W30p0,5,20,-0.02463274333300409,0.02463274333300409
thetao,W30p0,2,17,-0.024592648660270354,0.024592648660270354
so,W20p0,1,1,0.02456659865375148,0.02456659865375148
so,W30p0,5,3,-0.02450489795349226,0.02450489795349226
thetao,W40p0,4,7,-0.024503974358127893,0.024503974358127893
thetao,W60p0,2,15,0.024328380426068677,0.024328380426068677
thetao,W20p0,9,12,-0.024264164660977798,0.024264164660977798
so,W20p0,8,4,-0.024170815294072348,0.024170815294072348
so,W60p0,7,15,-0.024166468537866033,0.024166468537866033
thetao,W30p0,9,21,-0.02389585035387722,0.02389585035387722
so,W10p0,8,1,-0.023513761637764797,0.023513761637764797
thetao,W40p0,1,11,-0.02350128751009599,0.02350128751009599
so,W20p0,5,7,0.02340652495651068,0.02340652495651068
thetao,W40p0,1,10,-0.023329181132674372,0.023329181132674372
so,W20p0,2,20,0.023241666111502475,0.023241666111502475
so,W60p0,9,17,-0.023233287002340012,0.023233287002340012
thetao,W60p0,1,23,-0.023108840751626322,0.023108840751626322
thetao,W40p0,2,14,-0.02307441805945698,0.02307441805945698
so,W30p0,2,5,-0.022980773682355272,0.022980773682355272
thetao,W60p0,1,16,-0.022885078662163234,0.022885078662163234
thetao,W60p0,8,20,-0.0228664124303348,0.0228664124303348
so,W60p0,8,14,-0.022829279702051692,0.022829279702051692
so,W30p0,9,17,0.02246430276339002,0.02246430276339002
so,W60p0,5,1,-0.02244876284341541,0.02244876284341541
so,W30p0,6,17,0.02244608014270669,0.02244608014270669
so,W20p0,5,8,-0.02233993294282691,0.02233993294282691
so,W60p0,3,9,0.02228070393858157,0.02228070393858157
thetao,W40p0,2,16,-0.02209737701102321,0.02209737701102321
so,W10p0,3,1,0.022037208482423867,0.022037208482423867
thetao,W10p0,0,15,0.021906267934318734,0.021906267934318734
thetao,W20p0,2,4,0.021880969375110398,0.021880969375110398
so,W10p0,3,24,0.02174327514944533,0.02174327514944533
so,W60p0,9,11,0.021699430178928798,0.021699430178928798
so,W60p0,7,18,-0.02163660794720118,0.02163660794720118
thetao,W60p0,0,12,-0.021632245522257808,0.021632245522257808
so,W40p0,2,14,0.021380019289540957,0.021380019289540957
thetao,W20p0,5,0,0.02134914764001406,0.02134914764001406
so,W40p0,0,25,0.02128430061494547,0.02128430061494547
thetao,W20p0,9,2,-0.02126144403601703,0.02126144403601703
thetao,W30p0,3,21,0.02116302817560679,0.02116302817560679
so,W30p0,2,4,0.021131089492191623,0.021131089492191623
so,W60p0,8,12,0.021120551688435872,0.021120551688435872
thetao,W30p0,2,11,0.0210743899907103,0.0210743899907103
thetao,W60p0,1,11,-0.020993551210715063,0.020993551210715063
so,W60p0,4,20,0.02091849435711378,0.02091849435711378
thetao,W10p0,3,2,-0.02083147719055403,0.02083147719055403
so,W20p0,4,22,0.020722485475254196,0.020722485475254196
so,W20p0,3,11,0.020707053493760813,0.020707053493760813
so,W10p0,6,11,-0.020684125793192912,0.020684125793192912
so,W10p0,1,23,-0.02064105355904409,0.02064105355904409
thetao,W30p0,4,5,0.02056508361504786,0.02056508361504786
thetao,W40p0,6,4,0.020510783324502544,0.020510783324502544
so,W60p0,6,17,-0.020339058913744244,0.020339058913744244
thetao,W40p0,0,19,0.020221860561190685,0.020221860561190685
thetao,W10p0,6,9,0.02011357676134029,0.02011357676134029
thetao,W60p0,2,19,-0.020102314083000145,0.020102314083000145
thetao,W10p0,7,15,-0.01999785043970274,0.01999785043970274
so,W60p0,7,7,0.019791143171249213,0.019791143171249213
so,W60p0,0,16,-0.019747380290543497,0.019747380290543497
thetao,W40p0,3,22,-0.01971021932928374,0.01971021932928374
so,W30p0,1,24,-0.019622183578712135,0.019622183578712135
thetao,W60p0,4,25,0.01956123359749237,0.01956123359749237
so,W10p0,3,21,-0.019451400916262764,0.019451400916262764
thetao,W60p0,1,18,0.01936447692128402,0.01936447692128402
thetao,W10p0,0,14,0.019310127379727704,0.019310127379727704
so,W60p0,3,5,0.019291775089576482,0.019291775089576482
thetao,W40p0,9,14,0.019256411802314265,0.019256411802314265
so,W60p0,1,11,0.01922811224043629,0.01922811224043629
so,W10p0,1,22,0.01905279441542382,0.01905279441542382
so,W30p0,9,8,0.019037337365262048,0.019037337365262048
so,W30p0,8,0,-0.019020199281206535,0.019020199281206535
thetao,W60p0,5,6,0.019000584911227157,0.019000584911227157
so,W10p0,3,0,-0.018966411716890542,0.018966411716890542
so,W30p0,0,17,0.018961355012407085,0.018961355012407085
thetao,W40p0,4,9,-0.018891817578226132,0.018891817578226132
so,W10p0,3,2,0.018885055304829246,0.018885055304829246
so,W60p0,8,4,0.018872482932941734,0.018872482932941734
thetao,W30p0,3,15,0.01878341164459811,0.01878341164459811
thetao,W10p0,4,23,-0.018676804525181785,0.018676804525181785
thetao,W20p0,0,20,0.01861318859992503,0.01861318859992503
so,W10p0,3,20,-0.018549560619205794,0.018549560619205794
thetao,W60p0,2,20,-0.01848380477708642,0.01848380477708642
so,W30p0,7,20,0.018474951604488216,0.018474951604488216
so,W30p0,3,16,-0.018376168059672817,0.018376168059672817
so,W10p0,6,10,-0.018353326667389182,0.018353326667389182
thetao,W30p0,7,16,0.018283898282422616,0.018283898282422616
thetao,W40p0,1,9,-0.018176758115619158,0.018176758115619158
thetao,W20p0,4,1,0.01809280314649185,0.01809280314649185
thetao,W10p0,4,24,-0.01807397642233262,0.01807397642233262
thetao,W20p0,2,8,-0.017871510543921096,0.017871510543921096
so,W30p0,5,6,0.017820414543844317,0.017820414543844317
so,W30p0,5,2,-0.01776455481679164,0.01776455481679164
so,W40p0,0,24,0.01772801024384962,0.01772801024384962
so,W60p0,5,22,-0.017687339092014673,0.017687339092014673
so,W20p0,4,20,0.017577240539130238,0.017577240539130238
so,W60p0,1,16,-0.0174839953655024,0.0174839953655024
thetao,W10p0,8,12,0.017431325711496793,0.017431325711496793
so,W20p0,1,9,0.017418132235896833,0.017418132235896833
so,W60p0,8,7,-0.0174100526334423,0.0174100526334423
thetao,W60p0,0,18,-0.017350000887311978,0.017350000887311978
so,W10p0,3,16,0.017324705422091167,0.017324705422091167
so,W60p0,4,12,-0.017294388544197133,0.017294388544197133
so,W10p0,3,3,-0.01726866672497577,0.01726866672497577
so,W60p0,8,11,-0.01725482365467266,0.01725482365467266
thetao,W40p0,3,19,0.017222228503081603,0.017222228503081603
thetao,W10p0,0,11,0.017203984298604015,0.017203984298604015
thetao,W30p0,0,2,-0.017161303132235618,0.017161303132235618
thetao,W40p0,1,12,-0.017158494148365965,0.017158494148365965
so,W20p0,5,3,-0.017123046816889545,0.017123046816889545
thetao,W40p0,3,23,0.016945862718067462,0.016945862718067462
thetao,W20p0,1,4,-0.016945215297850494,0.016945215297850494
so,W20p0,2,7,-0.0169351541018099,0.0169351541018099
so,W60p0,2,3,-0.016915219710689603,0.016915219710689603
so,W20p0,7,4,0.01675175732985094,0.01675175732985094
thetao,W20p0,2,7,-0.016652867163940568,0.016652867163940568
thetao,W30p0,3,18,-0.016643503546036987,0.016643503546036987
thetao,W20p0,2,11,-0.01664078098241961,0.01664078098241961
thetao,W30p0,0,16,0.01655696980612613,0.01655696980612613
thetao,W40p0,1,21,0.016470374145753548,0.016470374145753548
thetao,W10p0,0,9,-0.016456274192402236,0.016456274192402236
so,W20p0,8,22,0.016316040938777466,0.016316040938777466
thetao,W40p0,2,25,0.016101364427173137,0.016101364427173137
so,W40p0,6,18,0.01607844253596685,0.01607844253596685
thetao,W10p0,0,8,-0.016055624385220416,0.016055624385220416
so,W10p0,8,0,-0.015936344019513646,0.015936344019513646
so,W30p0,6,11,-0.01585110511772097,0.01585110511772097
thetao,W40p0,0,12,-0.015839085939505424,0.015839085939505424
thetao,W60p0,8,16,0.015837595394497334,0.015837595394497334
so,W40p0,2,25,-0.015799678477662796,0.015799678477662796
so,W30p0,3,0,-0.015787638962609568,0.015787638962609568
so,W60p0,5,2,0.015742523226854585,0.015742523226854585
thetao,W10p0,8,11,-0.01573281304350162,0.01573281304350162
so,W60p0,7,0,-0.01569429038881191,0.01569429038881191
thetao,W40p0,9,15,-0.015693899718470752,0.015693899718470752
thetao,W10p0,0,1,-0.015643337060748698,0.015643337060748698
so,W30p0,9,19,-0.015568343770052201,0.015568343770052201
thetao,W20p0,9,17,-0.01556743079222964,0.01556743079222964
so,W40p0,8,8,0.015542696678211886,0.015542696678211886
thetao,W30p0,2,15,0.015476420222972942,0.015476420222972942
so,W30p0,6,4,-0.015434637862697104,0.015434637862697104
so,W30p0,6,14,-0.015428337127815644,0.015428337127815644
thetao,W40p0,4,4,0.015238425706384652,0.015238425706384652
so,W40p0,8,5,0.015190373622643185,0.015190373622643185
thetao,W10p0,6,22,-0.015157167853127472,0.015157167853127472
thetao,W60p0,0,16,-0.014880111275758364,0.014880111275758364
thetao,W30p0,3,1,0.014696063841999738,0.014696063841999738
so,W10p0,6,7,0.014637521568072742,0.014637521568072742
thetao,W40p0,0,0,-0.014589668029754987,0.014589668029754987
thetao,W60p0,2,0,-0.014450335948350828,0.014450335948350828
thetao,W20p0,7,14,0.014415840719366978,0.014415840719366978
so,W30p0,3,24,-0.014266913385319482,0.014266913385319482
so,W20p0,9,24,-0.014191713975172543,0.014191713975172543
thetao,W30p0,7,18,-0.0141160544210058,0.0141160544210058
thetao,W20p0,6,25,-0.014049300998342798,0.014049300998342798
so,W20p0,4,0,0.013932486392725232,0.013932486392725232
so,W20p0,2,23,-0.013909360996105007,0.013909360996105007
thetao,W10p0,9,4,0.013841378937780298,0.013841378937780298
so,W30p0,6,19,0.013828382165851725,0.013828382165851725
so,W20p0,2,4,0.013814628686445491,0.013814628686445491
so,W60p0,2,4,-0.013795735799186597,0.013795735799186597
thetao,W10p0,5,4,-0.013711578821306693,0.013711578821306693
thetao,W20p0,3,24,0.013698168048035303,0.013698168048035303
so,W40p0,7,4,-0.013660382531228818,0.013660382531228818
thetao,W10p0,3,17,0.013636788224537105,0.013636788224537105
so,W60p0,3,13,-0.01358614795919943,0.01358614795919943
so,W20p0,5,10,0.013515302982306037,0.013515302982306037
so,W30p0,7,11,-0.013447379886946557,0.013447379886946557
so,W60p0,6,10,0.01337507454916632,0.01337507454916632
thetao,W40p0,6,3,-0.013329046348048006,0.013329046348048006
thetao,W10p0,0,2,-0.013136425832584212,0.013136425832584212
so,W30p0,3,14,0.013130382529731853,0.013130382529731853
so,W10p0,5,22,0.01295936766918309,0.01295936766918309
so,W60p0,8,1,-0.012869415452176727,0.012869415452176727
so,W40p0,8,23,-0.012799349165092157,0.012799349165092157
thetao,W60p0,8,19,-0.012777990967870557,0.012777990967870557
thetao,W30p0,7,12,-0.012649957720388188,0.012649957720388188
thetao,W10p0,0,16,0.012594114398602325,0.012594114398602325
thetao,W60p0,0,17,-0.012579303964068244,0.012579303964068244
thetao,W60p0,4,24,0.012569945730913159,0.012569945730913159
so,W30p0,9,11,0.012408747164076183,0.012408747164076183
so,W30p0,5,22,-0.012397170224453895,0.012397170224453895
thetao,W20p0,2,13,-0.012391221103178095,0.012391221103178095
thetao,W10p0,0,0,-0.012325865022800028,0.012325865022800028
so,W40p0,3,7,-0.012303734441976638,0.012303734441976638
thetao,W40p0,3,9,-0.012015831984433099,0.012015831984433099
so,W30p0,3,15,0.011725293573125921,0.011725293573125921
so,W30p0,8,1,-0.011679214394437127,0.011679214394437127
thetao,W60p0,1,3,0.011606627617942792,0.011606627617942792
so,W30p0,2,19,0.011578328073971193,0.011578328073971193
thetao,W20p0,6,11,-0.011572295398658856,0.011572295398658856
so,W20p0,7,12,-0.011485079946773124,0.011485079946773124
thetao,W30p0,4,16,-0.011452350184156981,0.011452350184156981
so,W40p0,4,25,-0.011282296314194746,0.011282296314194746
thetao,W10p0,0,7,-0.011274507289524689,0.011274507289524689
thetao,W20p0,5,2,-0.011181987890161945,0.011181987890161945
thetao,W10p0,5,25,-0.011173445199671424,0.011173445199671424
thetao,W10p0,5,22,0.011088400205506457,0.011088400205506457
so,W10p0,3,15,-0.010968987442183475,0.010968987442183475
so,W30p0,6,22,0.010949865418724702,0.010949865418724702
thetao,W20p0,0,22,0.010918023945248972,0.010918023945248972
so,W30p0,9,20,-0.010916045550196344,0.010916045550196344
so,W20p0,7,16,-0.010882385834440221,0.010882385834440221
thetao,W30p0,3,17,-0.010880775065753202,0.010880775065753202
so,W40p0,3,6,0.010869553822156517,0.010869553822156517
thetao,W30p0,9,19,0.010802301287489682,0.010802301287489682
so,W60p0,6,16,-0.010698333063699257,0.010698333063699257
so,W40p0,9,1,-0.010689803688786583,0.010689803688786583
thetao,W20p0,2,6,-0.010673318792499907,0.010673318792499907
thetao,W60p0,8,14,-0.010597419126681698,0.010597419126681698
so,W60p0,6,6,-0.01059605672209525,0.01059605672209525
so,W30p0,6,8,-0.010541241089536886,0.010541241089536886
thetao,W10p0,3,11,0.01049348506150051,0.01049348506150051
so,W60p0,7,25,-0.010480443678311213,0.010480443678311213
so,W60p0,7,8,-0.010311241983117619,0.010311241983117619
thetao,W40p0,5,7,0.010291693458592594,0.010291693458592594
thetao,W10p0,0,4,-0.010235790552678821,0.010235790552678821
so,W20p0,1,23,-0.010235309817957627,0.010235309817957627
thetao,W10p0,5,21,0.010218516281903416,0.010218516281903416
thetao,W30p0,2,2,0.009885359228399261,0.009885359228399261
so,W20p0,0,22,-0.009586586366698098,0.009586586366698098
thetao,W60p0,4,0,0.009498707232857721,0.009498707232857721
thetao,W10p0,3,3,-0.009416112780382492,0.009416112780382492
thetao,W40p0,5,21,0.009254229967219477,0.009254229967219477
thetao,W60p0,6,2,0.00922700136024195,0.00922700136024195
so,W20p0,6,21,-0.009177572765694803,0.009177572765694803
thetao,W60p0,7,19,-0.009126330361243214,0.009126330361243214
so,W10p0,6,13,0.009101212231113655,0.009101212231113655
so,W40p0,5,22,0.008950224873220038,0.008950224873220038
so,W30p0,0,19,-0.008913061886054228,0.008913061886054228
so,W30p0,3,5,0.00890354707210877,0.00890354707210877
so,W30p0,6,3,-0.008850065799313588,0.008850065799313588
thetao,W10p0,9,5,-0.008812337003703525,0.008812337003703525
thetao,W30p0,2,16,-0.008793613327268933,0.008793613327268933
thetao,W10p0,4,2,-0.008714397831609936,0.008714397831609936
thetao,W10p0,4,6,0.008701766386985147,0.008701766386985147
thetao,W30p0,2,14,0.008651421407930645,0.008651421407930645
so,W60p0,7,23,0.008619857828059406,0.008619857828059406
thetao,W30p0,2,12,0.008606404387261167,0.008606404387261167
so,W40p0,6,19,0.008554040333051032,0.008554040333051032
thetao,W40p0,1,22,0.008501734707723307,0.008501734707723307
so,W60p0,7,24,-0.008490023138925917,0.008490023138925917
thetao,W10p0,4,3,-0.008461170670899782,0.008461170670899782
so,W30p0,5,25,0.008345348141368645,0.008345348141368645
so,W20p0,7,1,-0.00825391081224823,0.00825391081224823
so,W10p0,6,4,-0.008240591797795929,0.008240591797795929
thetao,W40p0,2,23,-0.008123416983838196,0.008123416983838196
thetao,W10p0,1,14,-0.008047810682562911,0.008047810682562911
thetao,W20p0,0,14,0.007820228098411243,0.007820228098411243
thetao,W20p0,4,0,0.007668755175578015,0.007668755175578015
so,W40p0,1,20,-0.007650684056536325,0.007650684056536325
thetao,W10p0,0,17,-0.00763059041684642,0.00763059041684642
thetao,W30p0,2,18,0.007611333541702228,0.007611333541702228
so,W20p0,7,20,0.007561048621656389,0.007561048621656389
thetao,W20p0,1,12,-0.0074540486437774,0.0074540486437774
so,W20p0,5,6,0.007431718967244043,0.007431718967244043
so,W30p0,3,7,0.007395981820409257,0.007395981820409257
thetao,W10p0,5,12,-0.0073687895924991415,0.0073687895924991415
so,W40p0,3,23,-0.007212005035263707,0.007212005035263707
thetao,W30p0,3,0,-0.007184281135094222,0.007184281135094222
thetao,W60p0,7,14,-0.007133190408902179,0.007133190408902179
so,W60p0,6,15,-0.0070628050740586925,0.0070628050740586925
thetao,W20p0,2,12,-0.007040654314715956,0.007040654314715956
so,W30p0,0,18,-0.007003511356559173,0.007003511356559173
thetao,W30p0,0,3,-0.006990946618157263,0.006990946618157263
so,W60p0,4,14,-0.006965463426939313,0.006965463426939313
so,W30p0,1,17,0.006765896810727544,0.006765896810727544
thetao,W20p0,8,6,-0.006687295801033004,0.006687295801033004
so,W60p0,7,9,-0.0065610807195965746,0.0065610807195965746
thetao,W20p0,8,20,0.006472099446727652,0.006472099446727652
thetao,W40p0,1,23,-0.006458772851633658,0.006458772851633658
so,W20p0,5,12,-0.006286595338732209,0.006286595338732209
so,W30p0,3,25,0.006202237479771174,0.006202237479771174
so,W60p0,4,15,0.006027229683856231,0.006027229683856231
so,W60p0,6,19,-0.005879084345652486,0.005879084345652486
so,W60p0,1,0,0.005846999965226432,0.005846999965226432
so,W10p0,3,14,-0.005817765711493616,0.005817765711493616
thetao,W30p0,3,16,-0.005739954226235788,0.005739954226235788
thetao,W20p0,9,14,0.005555174708700148,0.005555174708700148
thetao,W30p0,6,11,0.005534488980645704,0.005534488980645704
so,W20p0,3,15,0.005531953803759287,0.005531953803759287
thetao,W40p0,0,8,0.005481814153851668,0.005481814153851668
thetao,W60p0,4,23,-0.005352544061222947,0.005352544061222947
so,W30p0,5,23,0.0052492751074471955,0.0052492751074471955
so,W30p0,1,20,-0.005209616370134353,0.005209616370134353
so,W60p0,5,24,0.005132122936722841,0.005132122936722841
so,W30p0,4,6,0.004906174896654089,0.004906174896654089
thetao,W30p0,4,8,0.004851498748752898,0.004851498748752898
so,W30p0,6,15,-0.004797143262054395,0.004797143262054395
so,W40p0,2,23,-0.0047367871235635675,0.0047367871235635675
so,W40p0,9,10,0.00443167796438447,0.00443167796438447
thetao,W40p0,1,8,-0.0040705689618933455,0.0040705689618933455
so,W10p0,5,21,-0.004058371516584675,0.004058371516584675
so,W20p0,4,15,-0.004050123103491605,0.004050123103491605
thetao,W30p0,4,9,-0.004005624507014073,0.004005624507014073
so,W40p0,6,11,-0.004002145789689172,0.004002145789689172
thetao,W10p0,0,10,0.003945119302916225,0.003945119302916225
so,W60p0,1,14,0.0037869271901057257,0.0037869271901057257
so,W60p0,3,1,-0.0037465692818854654,0.0037465692818854654
so,W40p0,6,4,-0.003691201698995848,0.003691201698995848
thetao,W10p0,8,13,-0.0036640667284833246,0.0036640667284833246
thetao,W20p0,6,22,0.003644816486549361,0.003644816486549361
so,W40p0,3,4,-0.003558498904095104,0.003558498904095104
so,W20p0,4,13,0.0034471897592370706,0.0034471897592370706
thetao,W10p0,7,14,0.0034136871343897995,0.0034136871343897995
thetao,W40p0,3,8,0.0033188486577789876,0.0033188486577789876
so,W20p0,4,3,0.0032721694833478913,0.0032721694833478913
so,W30p0,2,24,-0.00321257887880372,0.00321257887880372
so,W40p0,3,1,-0.003057208673146664,0.003057208673146664
so,W20p0,5,23,-0.003043398685461294,0.003043398685461294
so,W20p0,4,2,-0.0029857824105192264,0.0029857824105192264
thetao,W40p0,2,22,0.0029854492690936053,0.0029854492690936053
so,W40p0,5,21,-0.0028906828663911267,0.0028906828663911267
thetao,W20p0,1,3,0.0027445360485448336,0.0027445360485448336
so,W10p0,3,4,-0.0026851659981026533,0.0026851659981026533
thetao,W20p0,6,21,-0.00246782837682781,0.00246782837682781
so,W60p0,9,1,0.002466793726694832,0.002466793726694832
so,W30p0,2,11,-0.0024445239118666895,0.0024445239118666895
so,W20p0,9,25,0.002247721243564061,0.002247721243564061
thetao,W60p0,1,13,0.0020929118869570974,0.0020929118869570974
thetao,W40p0,2,15,0.0019016418894151686,0.0019016418894151686
thetao,W40p0,6,21,0.0018755285173497854,0.0018755285173497854
so,W20p0,2,0,0.0016150058739890561,0.0016150058739890561
thetao,W10p0,0,3,-0.001458834293547312,0.001458834293547312
so,W60p0,4,21,-0.0013186799349246445,0.0013186799349246445
so,W60p0,1,10,0.0012839428641203232,0.0012839428641203232
so,W30p0,4,2,-0.001215036302818004,0.001215036302818004
thetao,W30p0,0,1,0.001207013818081386,0.001207013818081386
thetao,W10p0,9,21,0.001205835075396357,0.001205835075396357
thetao,W40p0,1,7,0.001140867526085022,0.001140867526085022
so,W40p0,4,22,-0.0011340082218206475,0.0011340082218206475
thetao,W10p0,5,2,0.0011016980215189898,0.0011016980215189898
thetao,W20p0,7,17,-0.0009617848958618656,0.0009617848958618656
so,W40p0,2,24,0.0009560113774584622,0.0009560113774584622
so,W40p0,8,9,0.0009283795693534959,0.0009283795693534959
so,W60p0,6,7,-0.0008711430384215965,0.0008711430384215965
thetao,W30p0,9,13,-0.0008052066238943111,0.0008052066238943111
thetao,W40p0,2,21,-0.0007511206633283452,0.0007511206633283452
so,W20p0,3,25,0.0006396154171786408,0.0006396154171786408
thetao,W20p0,2,5,0.0005491546002567672,0.0005491546002567672
thetao,W30p0,2,7,0.00037368560733300996,0.00037368560733300996
thetao,W60p0,4,3,-0.0003136007506793098,0.0003136007506793098
thetao,W10p0,4,18,0.00022957683250980542,0.00022957683250980542
thetao,W40p0,2,24,0.00019899013078320435,0.00019899013078320435
thetao,W60p0,5,18,0.00015344339110984843,0.00015344339110984843
