var,lon,mode0,mode,lag,corr,abs_corr
so,W60p0,0,1,1,0.5412793564487206,0.5412793564487206
so,W60p0,0,1,2,0.5241054172436127,0.5241054172436127
so,W40p0,1,2,2,0.5165820749291216,0.5165820749291216
so,W60p0,0,1,3,0.49549799117798143,0.49549799117798143
thetao,W20p0,9,10,22,0.4845466308840565,0.4845466308840565
so,W60p0,0,1,0,0.48157296356455104,0.48157296356455104
so,W30p0,0,1,3,0.47825775087963796,0.47825775087963796
so,W10p0,4,5,16,0.4776273213003939,0.4776273213003939
so,W40p0,1,2,3,0.4714629244852239,0.4714629244852239
so,W30p0,0,1,2,0.4710992584470142,0.4710992584470142
thetao,W30p0,8,9,16,-0.4679478590815435,0.4679478590815435
thetao,W20p0,9,10,23,0.4583810995872009,0.4583810995872009
so,W40p0,1,2,1,0.4575663703942365,0.4575663703942365
so,W40p0,1,2,0,0.4502347671213906,0.4502347671213906
so,W30p0,4,5,17,0.44368744087994655,0.44368744087994655
thetao,W20p0,0,1,3,0.4338545727825413,0.4338545727825413
so,W30p0,0,1,1,0.4324567236174834,0.4324567236174834
so,W40p0,1,2,4,0.4310746510941085,0.4310746510941085
thetao,W30p0,8,9,17,-0.42803728171537747,0.42803728171537747
thetao,W10p0,8,9,21,0.4214890964649123,0.4214890964649123
so,W30p0,0,1,4,0.415614731524508,0.415614731524508
thetao,W10p0,8,9,20,0.4153840053355226,0.4153840053355226
thetao,W30p0,8,9,15,-0.41398248263777543,0.41398248263777543
so,W60p0,0,1,4,0.41100252015606553,0.41100252015606553
so,W60p0,0,1,6,0.40943131833789653,0.40943131833789653
so,W20p0,0,1,1,0.40721776430118606,0.40721776430118606
thetao,W60p0,3,4,21,-0.4057557317630086,0.4057557317630086
thetao,W40p0,2,3,0,-0.40487338758650804,0.40487338758650804
so,W10p0,4,5,14,0.40422738756689863,0.40422738756689863
thetao,W10p0,7,8,3,-0.4042108568161149,0.4042108568161149
thetao,W60p0,3,4,22,-0.40299921170317066,0.40299921170317066
so,W20p0,0,1,3,0.40282810575027334,0.40282810575027334
so,W20p0,0,1,2,0.4016364222705531,0.4016364222705531
so,W30p0,0,1,5,0.3990406238791297,0.3990406238791297
thetao,W10p0,7,8,1,-0.39876946574750055,0.39876946574750055
so,W60p0,0,1,5,0.39764309396775765,0.39764309396775765
so,W30p0,0,1,0,0.3955859460236208,0.3955859460236208
so,W40p0,2,3,0,-0.3940971246957037,0.3940971246957037
so,W60p0,0,1,7,0.3938609448222433,0.3938609448222433
so,W30p0,0,1,6,0.38901068627762625,0.38901068627762625
thetao,W30p0,8,9,13,-0.3838823177942472,0.3838823177942472
thetao,W30p0,4,5,0,0.3829090068568977,0.3829090068568977
so,W60p0,0,1,8,0.38270084457528997,0.38270084457528997
so,W20p0,0,1,5,0.3822195375840029,0.3822195375840029
so,W20p0,0,1,0,0.3818565558536195,0.3818565558536195
so,W10p0,4,5,15,0.3815251649766005,0.3815251649766005
so,W40p0,5,6,17,0.38065206270733315,0.38065206270733315
thetao,W30p0,8,9,14,-0.3789044357122792,0.3789044357122792
so,W20p0,1,2,12,0.3769953436566931,0.3769953436566931
thetao,W20p0,0,1,2,0.3752622439686424,0.3752622439686424
thetao,W10p0,7,8,2,-0.375242452547396,0.375242452547396
so,W40p0,1,2,7,0.3739767982880517,0.3739767982880517
thetao,W60p0,9,10,6,-0.37258563953453727,0.37258563953453727
thetao,W20p0,9,10,20,0.3717703046626424,0.3717703046626424
so,W30p0,4,5,16,0.3715866718652044,0.3715866718652044
so,W10p0,4,5,21,0.37155148163506696,0.37155148163506696
thetao,W10p0,8,9,24,0.37139233547024764,0.37139233547024764
thetao,W20p0,0,1,4,0.3707734495192876,0.3707734495192876
so,W20p0,8,9,25,0.3694615481673682,0.3694615481673682
so,W30p0,5,6,10,-0.369015493229554,0.369015493229554
so,W10p0,4,5,17,0.3686919483775015,0.3686919483775015
thetao,W20p0,9,10,19,0.36826233728470564,0.36826233728470564
so,W30p0,0,1,7,0.3666986425162698,0.3666986425162698
so,W40p0,1,2,6,0.3645295352675356,0.3645295352675356
so,W40p0,1,2,5,0.36301292155798753,0.36301292155798753
so,W20p0,0,1,6,0.3627999136703283,0.3627999136703283
thetao,W10p0,8,9,23,0.360411299926597,0.360411299926597
thetao,W40p0,5,6,0,-0.35929327564506325,0.35929327564506325
so,W10p0,6,7,24,0.3586556938644376,0.3586556938644376
thetao,W10p0,7,8,4,-0.35857930973998303,0.35857930973998303
thetao,W10p0,8,9,19,0.35714329932875294,0.35714329932875294
thetao,W10p0,8,9,22,0.3551325689369471,0.3551325689369471
so,W60p0,8,9,0,-0.3542430179054297,0.3542430179054297
so,W20p0,5,6,17,-0.3536424271382724,0.3536424271382724
thetao,W30p0,8,9,12,-0.35015256960662317,0.35015256960662317
thetao,W20p0,2,3,25,-0.3484950695297709,0.3484950695297709
so,W30p0,5,6,12,-0.34675029736043705,0.34675029736043705
so,W20p0,0,1,4,0.34638391069954555,0.34638391069954555
thetao,W20p0,9,10,21,0.3462504123648499,0.3462504123648499
thetao,W60p0,9,10,7,-0.34539337154103195,0.34539337154103195
thetao,W60p0,1,2,0,-0.34483376127829446,0.34483376127829446
thetao,W30p0,1,2,3,0.3431219045255523,0.3431219045255523
so,W20p0,1,2,11,0.342718545644694,0.342718545644694
so,W10p0,7,8,9,-0.3426809159433396,0.3426809159433396
thetao,W40p0,5,6,8,0.3415388942331415,0.3415388942331415
so,W10p0,7,8,7,-0.34031713769437455,0.34031713769437455
so,W10p0,5,6,8,-0.33991831954720186,0.33991831954720186
thetao,W10p0,7,8,0,-0.3394350260683447,0.3394350260683447
thetao,W10p0,8,9,25,0.33903335464989537,0.33903335464989537
so,W10p0,7,8,10,-0.33837454897820884,0.33837454897820884
so,W40p0,7,8,13,-0.33818817127320816,0.33818817127320816
so,W10p0,4,5,18,0.3380937033645767,0.3380937033645767
so,W30p0,9,10,23,-0.3351224414493387,0.3351224414493387
so,W20p0,9,10,20,-0.3336182778514389,0.3336182778514389
so,W30p0,4,5,15,0.3330637995756022,0.3330637995756022
so,W10p0,1,2,3,0.3323416254049732,0.3323416254049732
so,W30p0,4,5,18,0.33117569934989555,0.33117569934989555
so,W10p0,4,5,23,0.328031755080361,0.328031755080361
thetao,W60p0,0,1,2,0.3259206096402035,0.3259206096402035
so,W10p0,2,3,9,-0.3258785736196097,0.3258785736196097
so,W10p0,4,5,20,0.3244835692621979,0.3244835692621979
thetao,W20p0,8,9,22,0.3241110049618623,0.3241110049618623
thetao,W60p0,0,1,1,0.32405653429824227,0.32405653429824227
so,W20p0,6,7,3,-0.3215310144040555,0.3215310144040555
so,W60p0,8,9,22,0.3214908509920103,0.3214908509920103
so,W10p0,5,6,11,-0.31881756242446374,0.31881756242446374
thetao,W20p0,0,1,1,0.3183797648142575,0.3183797648142575
so,W40p0,8,9,18,0.31771913539684443,0.31771913539684443
thetao,W40p0,7,8,18,-0.31741935738391486,0.31741935738391486
thetao,W60p0,6,7,0,0.3172372424665503,0.3172372424665503
thetao,W60p0,9,10,24,0.3161927545684445,0.3161927545684445
thetao,W10p0,3,4,25,0.31505589524045585,0.31505589524045585
thetao,W20p0,8,9,3,-0.3145913895741867,0.3145913895741867
thetao,W60p0,9,10,1,-0.3137554465525373,0.3137554465525373
thetao,W30p0,7,8,0,-0.3129339886781572,0.3129339886781572
so,W30p0,5,6,11,-0.31291858628490876,0.31291858628490876
so,W40p0,5,6,15,0.312609688093552,0.312609688093552
thetao,W30p0,5,6,12,-0.3123296039794734,0.3123296039794734
thetao,W60p0,7,8,24,-0.31220768997514575,0.31220768997514575
thetao,W30p0,7,8,24,-0.31158724621029493,0.31158724621029493
so,W30p0,5,6,14,-0.3114775759933662,0.3114775759933662
thetao,W60p0,3,4,20,-0.3112232674144692,0.3112232674144692
so,W60p0,7,8,2,-0.3110869301127047,0.3110869301127047
thetao,W30p0,8,9,18,-0.3107876415781584,0.3107876415781584
so,W10p0,1,2,4,0.3107418710319008,0.3107418710319008
so,W10p0,1,2,5,0.3105330214763235,0.3105330214763235
thetao,W30p0,1,2,4,0.30998931351672865,0.30998931351672865
so,W30p0,7,8,25,0.3099085095258758,0.3099085095258758
thetao,W20p0,4,5,20,0.30828574773935213,0.30828574773935213
so,W30p0,0,1,8,0.3077814532889832,0.3077814532889832
thetao,W30p0,5,6,11,-0.3077618802522231,0.3077618802522231
thetao,W20p0,0,1,5,0.3071849749537625,0.3071849749537625
so,W40p0,5,6,16,0.3052858637580072,0.3052858637580072
so,W10p0,5,6,4,-0.30426322532288014,0.30426322532288014
thetao,W30p0,5,6,18,0.30361618510300264,0.30361618510300264
so,W20p0,2,3,10,0.3027624587888824,0.3027624587888824
so,W10p0,2,3,8,-0.3024397749262782,0.3024397749262782
thetao,W20p0,4,5,16,0.3022882989007779,0.3022882989007779
thetao,W10p0,7,8,5,-0.30177114837711505,0.30177114837711505
thetao,W40p0,6,7,10,0.30165562686100117,0.30165562686100117
so,W20p0,9,10,21,-0.30107061090932863,0.30107061090932863
thetao,W40p0,4,5,13,0.30033900512669837,0.30033900512669837
thetao,W20p0,8,9,9,-0.3003039939833677,0.3003039939833677
thetao,W30p0,9,10,1,-0.30011519898586453,0.30011519898586453
so,W40p0,2,3,2,-0.29978456450451807,0.29978456450451807
thetao,W30p0,5,6,10,-0.2992469213131825,0.2992469213131825
thetao,W20p0,9,10,9,-0.2991569928377942,0.2991569928377942
so,W10p0,1,2,2,0.29856103312691656,0.29856103312691656
thetao,W10p0,2,3,16,0.2983173621729125,0.2983173621729125
thetao,W40p0,3,4,0,-0.29763513545143694,0.29763513545143694
so,W30p0,4,5,20,0.2968469798282827,0.2968469798282827
thetao,W30p0,1,2,8,0.29613570633901126,0.29613570633901126
so,W20p0,6,7,2,-0.29583143074802404,0.29583143074802404
thetao,W60p0,5,6,9,0.2951115867769182,0.2951115867769182
thetao,W30p0,8,9,21,-0.2944342069833963,0.2944342069833963
thetao,W20p0,9,10,5,-0.2938553694610054,0.2938553694610054
thetao,W10p0,2,3,15,0.2934125842088482,0.2934125842088482
so,W10p0,1,2,8,0.2927641779004145,0.2927641779004145
so,W60p0,0,1,9,0.2926933662603196,0.2926933662603196
so,W10p0,4,5,19,0.29249653865168085,0.29249653865168085
thetao,W20p0,5,6,21,0.2921504067555703,0.2921504067555703
so,W10p0,6,7,25,0.29205631612626126,0.29205631612626126
so,W60p0,2,3,17,0.29069092329199026,0.29069092329199026
so,W10p0,5,6,1,-0.289658153366063,0.289658153366063
so,W10p0,1,2,7,0.2895514549145748,0.2895514549145748
so,W10p0,4,5,22,0.28896928689834395,0.28896928689834395
thetao,W20p0,4,5,18,0.2887414823876064,0.2887414823876064
thetao,W20p0,9,10,8,-0.2886373733442677,0.2886373733442677
so,W20p0,0,1,7,0.28802737509389326,0.28802737509389326
so,W30p0,7,8,24,0.28795222729869846,0.28795222729869846
thetao,W20p0,4,5,17,0.2878685360992643,0.2878685360992643
so,W20p0,2,3,9,0.28719197736615676,0.28719197736615676
so,W20p0,9,10,16,-0.2870125270194698,0.2870125270194698
thetao,W40p0,7,8,21,-0.28667842647610114,0.28667842647610114
so,W10p0,1,2,6,0.2862838277935273,0.2862838277935273
so,W10p0,1,2,13,0.2857093849581536,0.2857093849581536
thetao,W30p0,4,5,1,0.28549854711229355,0.28549854711229355
so,W10p0,9,10,16,-0.2854697411819183,0.2854697411819183
thetao,W20p0,4,5,19,0.28410420625439964,0.28410420625439964
thetao,W60p0,7,8,3,-0.283838128969789,0.283838128969789
thetao,W60p0,5,6,23,0.2835086884728414,0.2835086884728414
so,W40p0,1,2,9,0.28248701106333585,0.28248701106333585
thetao,W30p0,4,5,2,0.28242070431469923,0.28242070431469923
thetao,W30p0,2,3,24,0.28214483410540714,0.28214483410540714
thetao,W60p0,7,8,23,-0.28213253926231213,0.28213253926231213
thetao,W20p0,8,9,10,-0.2820536496561619,0.2820536496561619
thetao,W20p0,2,3,24,-0.28163689161459543,0.28163689161459543
thetao,W20p0,8,9,4,-0.2816341500458491,0.2816341500458491
so,W60p0,7,8,3,-0.28128716180403174,0.28128716180403174
thetao,W60p0,0,1,0,0.280920825342611,0.280920825342611
thetao,W30p0,6,7,22,-0.2805752223393645,0.2805752223393645
thetao,W30p0,6,7,21,-0.2800949878808652,0.2800949878808652
thetao,W60p0,9,10,23,0.28009005298370426,0.28009005298370426
thetao,W30p0,9,10,4,-0.2800350652295673,0.2800350652295673
so,W30p0,4,5,19,0.2797573450472705,0.2797573450472705
so,W60p0,9,10,25,0.2797402368754725,0.2797402368754725
so,W10p0,7,8,2,-0.2792810972051927,0.2792810972051927
so,W10p0,2,3,12,-0.27913531053061125,0.27913531053061125
so,W60p0,4,5,23,0.2778930378029985,0.2778930378029985
thetao,W60p0,7,8,2,-0.27761382943665314,0.27761382943665314
thetao,W20p0,4,5,15,0.27685001901842016,0.27685001901842016
so,W30p0,5,6,13,-0.276620947105848,0.276620947105848
so,W40p0,9,10,12,-0.27582638504299817,0.27582638504299817
so,W30p0,2,3,13,-0.2752390375243277,0.2752390375243277
thetao,W30p0,9,10,5,-0.27506586476813344,0.27506586476813344
so,W20p0,1,2,10,0.27472233563827214,0.27472233563827214
so,W10p0,2,3,10,-0.27463836573679706,0.27463836573679706
thetao,W40p0,0,1,17,-0.2745464255403355,0.2745464255403355
so,W60p0,5,6,18,-0.2745236176182557,0.2745236176182557
so,W30p0,2,3,0,0.27418597224075464,0.27418597224075464
thetao,W40p0,9,10,24,0.27384793861340745,0.27384793861340745
so,W30p0,5,6,9,-0.2733308867276623,0.2733308867276623
thetao,W60p0,0,1,6,0.27328225049568194,0.27328225049568194
so,W40p0,5,6,10,0.27305174228190054,0.27305174228190054
thetao,W10p0,8,9,18,0.272965853078218,0.272965853078218
so,W60p0,6,7,12,0.27260739307208876,0.27260739307208876
so,W40p0,0,1,15,-0.272122485000305,0.272122485000305
so,W60p0,0,1,10,0.2714732585287705,0.2714732585287705
so,W60p0,0,1,11,0.27116385532306814,0.27116385532306814
thetao,W20p0,5,6,18,0.2704940507780408,0.2704940507780408
thetao,W30p0,9,10,25,0.2700647538273427,0.2700647538273427
so,W40p0,5,6,18,0.26938649871093495,0.26938649871093495
so,W20p0,0,1,8,0.26934297180441324,0.26934297180441324
so,W20p0,9,10,18,-0.269128438670343,0.269128438670343
thetao,W60p0,9,10,5,-0.2691203574490916,0.2691203574490916
so,W10p0,1,2,1,0.2691070284339657,0.2691070284339657
so,W20p0,3,4,3,0.2683199800139296,0.2683199800139296
thetao,W30p0,9,10,2,-0.2682530995502891,0.2682530995502891
so,W60p0,8,9,21,0.2680525332484672,0.2680525332484672
thetao,W30p0,8,9,11,-0.26792023094765927,0.26792023094765927
thetao,W10p0,9,10,24,-0.2677664714071645,0.2677664714071645
thetao,W30p0,9,10,3,-0.26764359649432595,0.26764359649432595
thetao,W10p0,5,6,1,-0.26763320009492114,0.26763320009492114
thetao,W60p0,5,6,24,0.26686190456217074,0.26686190456217074
thetao,W30p0,9,10,24,0.2665342706687036,0.2665342706687036
thetao,W40p0,5,6,6,0.26620560594859927,0.26620560594859927
thetao,W10p0,2,3,17,0.26613528766222355,0.26613528766222355
thetao,W40p0,1,2,3,0.26559000787567055,0.26559000787567055
so,W40p0,0,1,16,-0.26522889102528435,0.26522889102528435
thetao,W30p0,5,6,25,0.2648983871330584,0.2648983871330584
thetao,W20p0,8,9,12,-0.2634832014734784,0.2634832014734784
so,W30p0,3,4,8,-0.2630178584404678,0.2630178584404678
thetao,W60p0,0,1,3,0.2630152276641556,0.2630152276641556
thetao,W20p0,4,5,21,0.2627709234763125,0.2627709234763125
so,W30p0,9,10,24,-0.26264705321263115,0.26264705321263115
so,W40p0,1,2,8,0.26257380778046197,0.26257380778046197
so,W40p0,0,1,17,-0.2625658079097016,0.2625658079097016
so,W20p0,2,3,18,0.26211881560901507,0.26211881560901507
so,W60p0,7,8,4,-0.26177724708475325,0.26177724708475325
so,W30p0,0,1,9,0.2611545915062883,0.2611545915062883
thetao,W30p0,4,5,23,0.2610957627581729,0.2610957627581729
thetao,W10p0,9,10,25,-0.2609172661306308,0.2609172661306308
thetao,W30p0,7,8,23,-0.2608764020346976,0.2608764020346976
thetao,W60p0,5,6,12,0.26052523086055646,0.26052523086055646
so,W40p0,8,9,11,0.26009392917578833,0.26009392917578833
thetao,W40p0,5,6,7,0.2600292302368541,0.2600292302368541
thetao,W20p0,0,1,6,0.2597028244515918,0.2597028244515918
so,W30p0,4,5,14,0.25894021674624623,0.25894021674624623
thetao,W20p0,9,10,24,0.25890697200504875,0.25890697200504875
thetao,W60p0,0,1,5,0.2584151520494076,0.2584151520494076
so,W20p0,1,2,13,0.25834399653868906,0.25834399653868906
thetao,W10p0,4,5,1,-0.25804257290470295,0.25804257290470295
so,W40p0,5,6,14,0.25797487358096993,0.25797487358096993
thetao,W60p0,2,3,17,-0.25784781068296875,0.25784781068296875
so,W10p0,9,10,18,-0.2572695493927469,0.2572695493927469
thetao,W30p0,8,9,20,-0.2570347055014431,0.2570347055014431
so,W40p0,3,4,18,-0.25688953451986,0.25688953451986
so,W20p0,5,6,16,-0.2568209880811167,0.2568209880811167
so,W20p0,9,10,17,-0.25675818735058886,0.25675818735058886
thetao,W60p0,9,10,25,0.256656417109505,0.256656417109505
so,W60p0,0,1,12,0.25647298450267797,0.25647298450267797
thetao,W30p0,4,5,20,0.2564456224164606,0.2564456224164606
thetao,W40p0,0,1,16,-0.2563177607767572,0.2563177607767572
so,W60p0,9,10,0,0.2555934931031257,0.2555934931031257
so,W10p0,1,2,12,0.25545733612539145,0.25545733612539145
so,W60p0,0,1,25,-0.2544597935692571,0.2544597935692571
thetao,W60p0,5,6,10,0.25421071324019096,0.25421071324019096
thetao,W60p0,5,6,13,0.2540725498574394,0.2540725498574394
so,W40p0,1,2,11,0.25405537657064314,0.25405537657064314
so,W40p0,7,8,14,-0.2533315672579604,0.2533315672579604
thetao,W30p0,1,2,5,0.2533241056900633,0.2533241056900633
so,W10p0,1,2,14,0.2529587524870813,0.2529587524870813
thetao,W30p0,2,3,0,-0.25242771538247766,0.25242771538247766
thetao,W10p0,2,3,18,0.25239732918507657,0.25239732918507657
thetao,W40p0,8,9,23,0.25206201638267767,0.25206201638267767
thetao,W60p0,7,8,4,-0.2515168226944631,0.2515168226944631
so,W30p0,9,10,25,-0.2512280065260733,0.2512280065260733
so,W10p0,4,5,13,0.2511800665349621,0.2511800665349621
so,W30p0,1,2,13,-0.2507460036747085,0.2507460036747085
thetao,W40p0,0,1,15,-0.2504629364222466,0.2504629364222466
thetao,W20p0,0,1,7,0.250421562858435,0.250421562858435
so,W10p0,5,6,9,-0.2501339558838395,0.2501339558838395
thetao,W60p0,9,10,2,-0.2497926847551332,0.2497926847551332
thetao,W40p0,6,7,9,0.24968475667631457,0.24968475667631457
so,W10p0,7,8,0,-0.24953983208305283,0.24953983208305283
thetao,W40p0,4,5,20,0.24916634971868437,0.24916634971868437
so,W10p0,9,10,17,-0.24888678480248055,0.24888678480248055
thetao,W30p0,4,5,3,0.24834169276268162,0.24834169276268162
thetao,W20p0,8,9,11,-0.24707983745989937,0.24707983745989937
thetao,W60p0,0,1,4,0.2462762822282466,0.2462762822282466
so,W10p0,1,2,0,0.24613654922255254,0.24613654922255254
thetao,W20p0,3,4,21,0.24612172953658418,0.24612172953658418
thetao,W20p0,3,4,17,0.24606568354294656,0.24606568354294656
thetao,W20p0,5,6,17,0.24568676180898358,0.24568676180898358
thetao,W40p0,6,7,12,0.24547549149930484,0.24547549149930484
thetao,W60p0,0,1,7,0.2452604804836889,0.2452604804836889
so,W30p0,1,2,5,-0.2450502425091414,0.2450502425091414
thetao,W40p0,1,2,17,0.24502483751638462,0.24502483751638462
thetao,W30p0,1,2,10,0.24485484174517336,0.24485484174517336
so,W30p0,7,8,1,-0.24417723164751906,0.24417723164751906
so,W10p0,7,8,3,-0.24399951087576158,0.24399951087576158
so,W10p0,1,2,9,0.24358954124795773,0.24358954124795773
so,W40p0,4,5,18,0.24357475286012148,0.24357475286012148
so,W40p0,3,4,0,0.24319372694870572,0.24319372694870572
so,W20p0,1,2,20,0.24305638333332985,0.24305638333332985
so,W20p0,2,3,11,0.24300082887112567,0.24300082887112567
thetao,W40p0,7,8,19,-0.24291059314153352,0.24291059314153352
thetao,W30p0,9,10,23,0.24205188318946122,0.24205188318946122
thetao,W40p0,1,2,4,0.24170315835222317,0.24170315835222317
thetao,W40p0,4,5,12,0.2415738716083079,0.2415738716083079
thetao,W20p0,0,1,8,0.24142800948385995,0.24142800948385995
so,W40p0,1,2,10,0.24129803409611508,0.24129803409611508
thetao,W60p0,2,3,18,-0.2411331192696732,0.2411331192696732
thetao,W30p0,5,6,22,0.24100884209383866,0.24100884209383866
so,W30p0,1,2,4,-0.24094608772123272,0.24094608772123272
so,W20p0,4,5,8,0.24093520620472203,0.24093520620472203
thetao,W40p0,1,2,16,0.24075757531251665,0.24075757531251665
thetao,W30p0,5,6,9,-0.2398499493186583,0.2398499493186583
so,W10p0,7,8,8,-0.23984448035392933,0.23984448035392933
so,W10p0,2,3,1,0.23977213767576916,0.23977213767576916
so,W60p0,2,3,18,0.23975117736331406,0.23975117736331406
so,W40p0,0,1,14,-0.2395366964809652,0.2395366964809652
thetao,W20p0,7,8,9,-0.23928127143243577,0.23928127143243577
thetao,W10p0,2,3,14,0.23924418680650708,0.23924418680650708
so,W30p0,7,8,18,-0.2391838540821089,0.2391838540821089
so,W10p0,4,5,4,0.23918352922159733,0.23918352922159733
thetao,W60p0,7,8,11,-0.2391487982540194,0.2391487982540194
so,W60p0,1,2,2,0.23913410050204098,0.23913410050204098
so,W40p0,5,6,20,0.23872744280837732,0.23872744280837732
thetao,W40p0,9,10,21,0.23848534044088668,0.23848534044088668
thetao,W40p0,7,8,15,-0.23833563709175284,0.23833563709175284
thetao,W30p0,1,2,6,0.23808895605772118,0.23808895605772118
so,W10p0,5,6,7,-0.23776663500534703,0.23776663500534703
so,W20p0,5,6,15,-0.23774548766280112,0.23774548766280112
thetao,W30p0,1,2,13,0.23765516956743948,0.23765516956743948
thetao,W40p0,7,8,17,-0.23755931238824102,0.23755931238824102
thetao,W30p0,9,10,6,-0.2369280760884568,0.2369280760884568
thetao,W30p0,1,2,9,0.23649403873724886,0.23649403873724886
so,W40p0,8,9,20,0.23516804551381326,0.23516804551381326
thetao,W30p0,1,2,11,0.23481782441512403,0.23481782441512403
thetao,W60p0,6,7,25,0.2340738364667118,0.2340738364667118
thetao,W60p0,1,2,1,-0.23405673760989454,0.23405673760989454
so,W40p0,8,9,25,0.2339933577028815,0.2339933577028815
thetao,W20p0,9,10,25,0.2336480368529395,0.2336480368529395
thetao,W20p0,9,10,18,0.23357861343021563,0.23357861343021563
thetao,W30p0,1,2,12,0.23350168045095177,0.23350168045095177
thetao,W40p0,7,8,22,-0.2334884120468889,0.2334884120468889
so,W20p0,2,3,6,0.2334503475765438,0.2334503475765438
so,W10p0,1,2,15,0.2331692146666057,0.2331692146666057
thetao,W30p0,1,2,2,0.23311434003652243,0.23311434003652243
thetao,W40p0,3,4,17,0.23302434229615968,0.23302434229615968
thetao,W30p0,8,9,19,-0.23237269853285883,0.23237269853285883
thetao,W40p0,6,7,11,0.23233776243448745,0.23233776243448745
so,W60p0,3,4,3,-0.2323074502832528,0.2323074502832528
so,W20p0,6,7,6,-0.23219740888571055,0.23219740888571055
so,W40p0,2,3,1,-0.23219168600134124,0.23219168600134124
thetao,W20p0,8,9,5,-0.2313519864110433,0.2313519864110433
so,W30p0,3,4,9,-0.23072623989405439,0.23072623989405439
so,W40p0,5,6,9,0.23066712876958778,0.23066712876958778
thetao,W60p0,9,10,8,-0.23007460993157425,0.23007460993157425
so,W20p0,9,10,19,-0.22945054932019643,0.22945054932019643
thetao,W10p0,4,5,22,-0.22917754767499565,0.22917754767499565
thetao,W30p0,5,6,21,0.2288158850418319,0.2288158850418319
so,W10p0,9,10,15,-0.22856051342424116,0.22856051342424116
so,W30p0,0,1,10,0.2284560672639157,0.2284560672639157
thetao,W40p0,4,5,17,0.2284252886504902,0.2284252886504902
thetao,W20p0,4,5,14,0.2283308326429964,0.2283308326429964
thetao,W20p0,5,6,20,0.22807987774221922,0.22807987774221922
thetao,W10p0,8,9,17,0.22779013476495316,0.22779013476495316
thetao,W60p0,5,6,4,0.22759182622707336,0.22759182622707336
thetao,W60p0,2,3,8,0.22726232121413775,0.22726232121413775
thetao,W60p0,5,6,8,0.22718532252368653,0.22718532252368653
so,W20p0,4,5,4,0.22717942314203657,0.22717942314203657
thetao,W40p0,3,4,2,-0.226967064282273,0.226967064282273
so,W60p0,5,6,19,-0.22664644172595025,0.22664644172595025
thetao,W20p0,3,4,18,0.22610888777502594,0.22610888777502594
thetao,W60p0,7,8,6,-0.22594438044007906,0.22594438044007906
so,W40p0,8,9,19,0.22566210978928095,0.22566210978928095
thetao,W30p0,4,5,19,0.22527321602610711,0.22527321602610711
so,W60p0,5,6,7,0.22524916108447476,0.22524916108447476
so,W40p0,4,5,1,0.22469903557847304,0.22469903557847304
thetao,W30p0,7,8,22,-0.22439060661645463,0.22439060661645463
thetao,W40p0,4,5,6,-0.22417641071971872,0.22417641071971872
so,W20p0,6,7,24,-0.22393711207684708,0.22393711207684708
thetao,W10p0,5,6,2,-0.22302649793482396,0.22302649793482396
so,W10p0,2,3,11,-0.22266871495415003,0.22266871495415003
so,W40p0,6,7,1,0.22211880394391478,0.22211880394391478
so,W30p0,0,1,12,0.22132722522736484,0.22132722522736484
so,W40p0,9,10,21,-0.22130209894429398,0.22130209894429398
so,W40p0,9,10,23,-0.22118426988073644,0.22118426988073644
thetao,W20p0,3,4,20,0.22111774289514463,0.22111774289514463
thetao,W30p0,1,2,7,0.2208090081116375,0.2208090081116375
thetao,W40p0,5,6,13,0.22080426352073024,0.22080426352073024
so,W20p0,6,7,1,-0.22078437186733424,0.22078437186733424
so,W20p0,6,7,23,-0.2207448699407448,0.2207448699407448
so,W30p0,1,2,8,-0.22057493369978584,0.22057493369978584
thetao,W20p0,3,4,16,0.22047554378516723,0.22047554378516723
thetao,W60p0,0,1,8,0.2200689868321899,0.2200689868321899
thetao,W60p0,7,8,25,-0.22005320640142703,0.22005320640142703
so,W30p0,6,7,18,0.21967738586873709,0.21967738586873709
thetao,W40p0,7,8,16,-0.21963898938975526,0.21963898938975526
thetao,W60p0,2,3,12,0.21937596558286643,0.21937596558286643
so,W30p0,5,6,15,-0.219090387405529,0.219090387405529
so,W40p0,1,2,12,0.2189714990319585,0.2189714990319585
so,W60p0,0,1,24,-0.21771696972018606,0.21771696972018606
thetao,W20p0,8,9,2,-0.21771422546250288,0.21771422546250288
thetao,W40p0,9,10,25,0.21663571747545204,0.21663571747545204
thetao,W40p0,5,6,3,0.2160017577820058,0.2160017577820058
so,W40p0,4,5,17,0.2156815880500838,0.2156815880500838
so,W10p0,6,7,20,-0.2156452505775095,0.2156452505775095
thetao,W20p0,8,9,16,-0.21526258466348278,0.21526258466348278
thetao,W40p0,4,5,23,0.21511470234061594,0.21511470234061594
so,W10p0,7,8,6,-0.21498687624703983,0.21498687624703983
so,W40p0,5,6,11,0.21456662567559778,0.21456662567559778
thetao,W40p0,4,5,16,0.21420386664690233,0.21420386664690233
so,W60p0,2,3,19,0.2138448035228094,0.2138448035228094
thetao,W30p0,2,3,25,0.21341786489283557,0.21341786489283557
so,W30p0,9,10,3,0.21311214341218904,0.21311214341218904
so,W10p0,5,6,10,-0.21307521889145542,0.21307521889145542
so,W20p0,8,9,24,0.21307259571156237,0.21307259571156237
thetao,W40p0,1,2,2,0.2130640017504066,0.2130640017504066
thetao,W60p0,3,4,6,-0.2122896764988221,0.2122896764988221
thetao,W20p0,8,9,8,-0.21147198500134315,0.21147198500134315
so,W10p0,2,3,13,-0.21146298011564224,0.21146298011564224
so,W20p0,6,7,5,-0.2112545340623232,0.2112545340623232
so,W40p0,4,5,0,0.21103572377117072,0.21103572377117072
thetao,W30p0,6,7,25,-0.21103233747149414,0.21103233747149414
so,W30p0,9,10,22,-0.21085223794715108,0.21085223794715108
thetao,W10p0,2,3,19,0.21036641532167255,0.21036641532167255
so,W10p0,7,8,17,-0.210084538694768,0.210084538694768
thetao,W60p0,3,4,19,-0.2095842954157591,0.2095842954157591
so,W20p0,9,10,4,-0.20889898937752668,0.20889898937752668
thetao,W40p0,3,4,15,0.20873855654030127,0.20873855654030127
thetao,W60p0,7,8,8,-0.20857383497711515,0.20857383497711515
so,W20p0,5,6,14,-0.20854027175509696,0.20854027175509696
so,W20p0,6,7,12,0.20815976222596988,0.20815976222596988
so,W10p0,1,2,10,0.20804731821243394,0.20804731821243394
thetao,W10p0,2,3,13,0.20763324436033168,0.20763324436033168
thetao,W30p0,5,6,19,0.2074273702753357,0.2074273702753357
thetao,W40p0,4,5,14,0.206997719607816,0.206997719607816
so,W40p0,8,9,10,0.20689120993801072,0.20689120993801072
so,W30p0,2,3,6,0.20630639695182795,0.20630639695182795
so,W60p0,4,5,24,0.20624017491416127,0.20624017491416127
thetao,W60p0,5,6,11,0.2059864940315805,0.2059864940315805
so,W60p0,1,2,3,0.20586028008698476,0.20586028008698476
so,W40p0,2,3,3,-0.20568724045578105,0.20568724045578105
thetao,W20p0,4,5,12,0.2055163282328834,0.2055163282328834
so,W10p0,0,1,4,-0.2051421487231383,0.2051421487231383
so,W20p0,9,10,3,-0.2050991128793017,0.2050991128793017
thetao,W60p0,8,9,22,-0.20498614907294446,0.20498614907294446
so,W20p0,9,10,15,-0.20489390733952148,0.20489390733952148
so,W30p0,1,2,12,-0.2047319307751721,0.2047319307751721
thetao,W40p0,5,6,4,0.20470958949363915,0.20470958949363915
so,W60p0,2,3,8,-0.20447963698477026,0.20447963698477026
thetao,W30p0,0,1,12,-0.20443003973446175,0.20443003973446175
thetao,W20p0,4,5,13,0.20438890690231085,0.20438890690231085
so,W60p0,6,7,9,0.20418630438688032,0.20418630438688032
thetao,W40p0,7,8,20,-0.20418482787939074,0.20418482787939074
thetao,W40p0,1,2,15,0.20402796645688787,0.20402796645688787
thetao,W20p0,9,10,6,-0.2038647514451315,0.2038647514451315
thetao,W60p0,7,8,12,-0.20319851382145404,0.20319851382145404
thetao,W10p0,6,7,12,-0.20289389244186123,0.20289389244186123
so,W40p0,4,5,19,0.20283106842100465,0.20283106842100465
thetao,W40p0,0,1,14,-0.20214325857343046,0.20214325857343046
so,W60p0,4,5,1,-0.20201725709750973,0.20201725709750973
thetao,W60p0,9,10,3,-0.2019774840065972,0.2019774840065972
thetao,W40p0,5,6,5,0.2019629251350223,0.2019629251350223
thetao,W40p0,9,10,23,0.20173245373993565,0.20173245373993565
thetao,W60p0,6,7,24,0.201096985848819,0.201096985848819
so,W30p0,2,3,21,-0.20103720557364688,0.20103720557364688
thetao,W10p0,8,9,15,0.2003857886629655,0.2003857886629655
so,W10p0,2,3,2,0.20000438489185493,0.20000438489185493
so,W10p0,4,5,6,0.1999969969562888,0.1999969969562888
so,W40p0,5,6,1,-0.19995031252653164,0.19995031252653164
so,W30p0,1,2,14,-0.19980115299451104,0.19980115299451104
so,W40p0,9,10,24,-0.1997275127034285,0.1997275127034285
so,W30p0,5,6,16,-0.19956060065244807,0.19956060065244807
so,W60p0,6,7,25,-0.1995377999551016,0.1995377999551016
thetao,W30p0,8,9,24,-0.19933952975499453,0.19933952975499453
so,W30p0,0,1,11,0.19881755504232557,0.19881755504232557
so,W60p0,2,3,15,0.1985446794573944,0.1985446794573944
thetao,W10p0,2,3,11,0.1983281853794175,0.1983281853794175
so,W10p0,0,1,25,0.19826872865504933,0.19826872865504933
thetao,W20p0,5,6,11,-0.19780939039879927,0.19780939039879927
thetao,W30p0,9,10,8,-0.1977295115036995,0.1977295115036995
so,W10p0,9,10,13,-0.1976648404305604,0.1976648404305604
thetao,W10p0,9,10,23,-0.1971800623938752,0.1971800623938752
so,W40p0,5,6,19,0.19715944596585575,0.19715944596585575
so,W30p0,6,7,1,0.19673308879058948,0.19673308879058948
so,W20p0,2,3,17,0.19638098082074465,0.19638098082074465
thetao,W10p0,2,3,20,0.19634247329342477,0.19634247329342477
so,W60p0,9,10,10,0.1963171421128863,0.1963171421128863
thetao,W40p0,1,2,18,0.19631374710091934,0.19631374710091934
thetao,W60p0,9,10,4,-0.19607535961085357,0.19607535961085357
thetao,W30p0,6,7,23,-0.19601924536733456,0.19601924536733456
thetao,W40p0,1,2,1,0.19584572547823392,0.19584572547823392
thetao,W10p0,2,3,12,0.19574893743517774,0.19574893743517774
so,W10p0,5,6,5,-0.19553795389010165,0.19553795389010165
so,W40p0,6,7,6,0.19546737251944815,0.19546737251944815
so,W20p0,2,3,8,0.19537122594744988,0.19537122594744988
so,W20p0,6,7,17,0.1953161667456346,0.1953161667456346
thetao,W20p0,7,8,2,0.19503389264991058,0.19503389264991058
so,W20p0,6,7,0,-0.19500656134491237,0.19500656134491237
so,W20p0,1,2,14,0.1948761545136383,0.1948761545136383
so,W30p0,7,8,2,-0.1946561739434787,0.1946561739434787
so,W40p0,6,7,22,0.19417159681057042,0.19417159681057042
thetao,W10p0,3,4,24,0.1941266779939397,0.1941266779939397
thetao,W30p0,0,1,13,-0.19404770535845933,0.19404770535845933
thetao,W20p0,3,4,13,0.19369762128992635,0.19369762128992635
so,W30p0,2,3,2,0.19362047239424598,0.19362047239424598
thetao,W30p0,7,8,2,-0.19333171769633475,0.19333171769633475
thetao,W30p0,0,1,6,-0.19324995216554444,0.19324995216554444
so,W10p0,8,9,16,0.19316784496737507,0.19316784496737507
thetao,W10p0,4,5,21,-0.19282705043965015,0.19282705043965015
thetao,W30p0,0,1,11,-0.19257348917461745,0.19257348917461745
thetao,W10p0,4,5,25,-0.19230017484977505,0.19230017484977505
so,W10p0,1,2,11,0.19198325103162778,0.19198325103162778
so,W60p0,3,4,11,-0.19196245106985035,0.19196245106985035
thetao,W60p0,7,8,22,-0.19194923743447082,0.19194923743447082
so,W60p0,5,6,17,-0.19179724572567944,0.19179724572567944
so,W60p0,8,9,24,0.19158262496811912,0.19158262496811912
so,W40p0,3,4,8,-0.19153602794844948,0.19153602794844948
thetao,W60p0,7,8,1,-0.19141137183350554,0.19141137183350554
thetao,W10p0,2,3,7,0.19125339055297375,0.19125339055297375
so,W60p0,3,4,7,-0.19121924533585447,0.19121924533585447
thetao,W20p0,5,6,10,-0.1912118538466063,0.1912118538466063
thetao,W60p0,3,4,2,-0.19118704990541427,0.19118704990541427
so,W10p0,4,5,1,0.19109690989115985,0.19109690989115985
so,W10p0,7,8,4,-0.1910113558428633,0.1910113558428633
thetao,W40p0,3,4,16,0.190926963940935,0.190926963940935
so,W20p0,6,7,14,0.19083863832286238,0.19083863832286238
thetao,W20p0,5,6,19,0.19072711522180905,0.19072711522180905
so,W30p0,8,9,7,-0.19069678092535433,0.19069678092535433
thetao,W60p0,2,3,7,0.19048897945069435,0.19048897945069435
so,W10p0,7,8,11,-0.19040986089255382,0.19040986089255382
thetao,W10p0,2,3,10,0.1902634788838466,0.1902634788838466
so,W60p0,1,2,20,-0.19021763070985714,0.19021763070985714
thetao,W40p0,9,10,22,0.1898061616317275,0.1898061616317275
so,W30p0,4,5,7,0.1897012332984346,0.1897012332984346
so,W40p0,6,7,2,0.18944647529855324,0.18944647529855324
so,W20p0,3,4,4,0.18932792362366013,0.18932792362366013
so,W20p0,9,10,14,-0.1891944551929672,0.1891944551929672
thetao,W10p0,2,3,5,0.1890119257763801,0.1890119257763801
thetao,W20p0,2,3,23,-0.18894079858595278,0.18894079858595278
thetao,W30p0,6,7,20,-0.1888268056772728,0.1888268056772728
so,W30p0,4,5,11,0.18881681391939148,0.18881681391939148
so,W60p0,2,3,16,0.18878562501489607,0.18878562501489607
so,W40p0,8,9,1,-0.18854322053663777,0.18854322053663777
thetao,W40p0,1,2,14,0.18849299127410632,0.18849299127410632
thetao,W30p0,5,6,13,-0.18848725967926103,0.18848725967926103
thetao,W10p0,6,7,8,-0.18830420011390456,0.18830420011390456
thetao,W20p0,5,6,9,-0.18828369289080638,0.18828369289080638
so,W10p0,2,3,7,-0.18813052963042046,0.18813052963042046
so,W40p0,2,3,7,-0.18793124182182666,0.18793124182182666
thetao,W10p0,8,9,16,0.18757338275626814,0.18757338275626814
so,W60p0,6,7,23,-0.1875197314435817,0.1875197314435817
so,W10p0,1,2,16,0.1874375085939358,0.1874375085939358
so,W10p0,4,5,24,0.18739363779659163,0.18739363779659163
so,W10p0,0,1,3,-0.18733997662746293,0.18733997662746293
thetao,W20p0,8,9,23,0.18733234277578417,0.18733234277578417
thetao,W40p0,1,2,6,0.18727782492231618,0.18727782492231618
so,W60p0,1,2,8,0.18721936851791735,0.18721936851791735
thetao,W60p0,2,3,16,-0.18718410449100806,0.18718410449100806
so,W20p0,9,10,1,-0.18690882403379758,0.18690882403379758
thetao,W20p0,7,8,1,0.1868453060335913,0.1868453060335913
thetao,W10p0,2,3,4,0.18661674409965318,0.18661674409965318
so,W40p0,9,10,13,-0.18655717800983124,0.18655717800983124
so,W60p0,1,2,6,0.18585642056229587,0.18585642056229587
so,W40p0,6,7,21,0.1857124426104054,0.1857124426104054
so,W30p0,8,9,23,0.18531706643146595,0.18531706643146595
thetao,W60p0,5,6,25,0.18514464739160386,0.18514464739160386
so,W40p0,0,1,13,-0.18495688262273,0.18495688262273
thetao,W40p0,8,9,8,-0.18463610203432054,0.18463610203432054
thetao,W60p0,0,1,9,0.18420091944296377,0.18420091944296377
thetao,W20p0,8,9,13,-0.18411600674951972,0.18411600674951972
thetao,W10p0,2,3,6,0.18404551904191507,0.18404551904191507
thetao,W40p0,8,9,22,0.18389397535373428,0.18389397535373428
so,W40p0,2,3,16,0.18386021200156993,0.18386021200156993
so,W10p0,9,10,14,-0.18382105831398302,0.18382105831398302
so,W30p0,6,7,21,0.18381934794852442,0.18381934794852442
thetao,W20p0,4,5,22,0.18375834247540707,0.18375834247540707
thetao,W60p0,4,5,25,0.18353699444632288,0.18353699444632288
so,W10p0,4,5,5,0.18327063065292865,0.18327063065292865
so,W60p0,1,2,1,0.18306640840015903,0.18306640840015903
so,W30p0,2,3,12,-0.18303543322181903,0.18303543322181903
thetao,W20p0,4,5,11,0.18273628431539915,0.18273628431539915
thetao,W40p0,1,2,23,0.18242494564656386,0.18242494564656386
thetao,W30p0,0,1,5,-0.1823783636058256,0.1823783636058256
thetao,W60p0,3,4,1,-0.18232698347147075,0.18232698347147075
thetao,W60p0,5,6,14,0.18224316521582418,0.18224316521582418
so,W20p0,6,7,13,0.18204791261114997,0.18204791261114997
thetao,W10p0,9,10,2,0.1818706657761265,0.1818706657761265
so,W10p0,1,2,17,0.18181580983008527,0.18181580983008527
so,W20p0,0,1,9,0.1817781491835698,0.1817781491835698
so,W40p0,2,3,13,0.18142628138718989,0.18142628138718989
thetao,W40p0,3,4,14,0.1810046434147852,0.1810046434147852
thetao,W30p0,5,6,1,0.18084689432299908,0.18084689432299908
thetao,W30p0,4,5,21,0.1806595995855216,0.1806595995855216
so,W20p0,2,3,19,0.18063042095331,0.18063042095331
thetao,W30p0,2,3,23,0.1804851314566116,0.1804851314566116
thetao,W40p0,4,5,2,-0.18016575356806508,0.18016575356806508
so,W20p0,9,10,5,-0.180154844167176,0.180154844167176
so,W30p0,1,2,3,-0.1801312988164535,0.1801312988164535
so,W40p0,1,2,15,0.18006806013484575,0.18006806013484575
so,W30p0,2,3,20,-0.18001727399786402,0.18001727399786402
thetao,W20p0,9,10,2,-0.17990196718125048,0.17990196718125048
so,W10p0,4,5,7,0.17989603448438213,0.17989603448438213
so,W20p0,6,7,15,0.17987081954686307,0.17987081954686307
so,W20p0,1,2,19,0.17963508094265207,0.17963508094265207
so,W30p0,4,5,21,0.17955007275826854,0.17955007275826854
thetao,W30p0,4,5,18,0.17954050376635342,0.17954050376635342
so,W10p0,6,7,23,0.17945503467976687,0.17945503467976687
thetao,W30p0,5,6,24,0.17891048360996537,0.17891048360996537
thetao,W40p0,1,2,19,0.17852804257388907,0.17852804257388907
so,W40p0,4,5,20,0.17840670454183782,0.17840670454183782
thetao,W10p0,7,8,8,-0.178301988277437,0.178301988277437
so,W30p0,5,6,19,-0.17825086823710812,0.17825086823710812
so,W40p0,0,1,18,-0.1782299852143158,0.1782299852143158
so,W60p0,1,2,25,-0.17809293633045764,0.17809293633045764
so,W40p0,1,2,13,0.17805990740339317,0.17805990740339317
thetao,W40p0,7,8,14,-0.17790270083784557,0.17790270083784557
thetao,W60p0,3,4,18,-0.17783312919009733,0.17783312919009733
so,W20p0,6,7,4,-0.17769929791522335,0.17769929791522335
thetao,W20p0,7,8,10,-0.17758206569535587,0.17758206569535587
thetao,W20p0,3,4,15,0.17741400738334157,0.17741400738334157
so,W60p0,1,2,4,0.17737100253731838,0.17737100253731838
so,W10p0,7,8,5,-0.17710895899087595,0.17710895899087595
so,W10p0,4,5,3,0.1770777318093668,0.1770777318093668
thetao,W40p0,2,3,2,-0.17705587681780663,0.17705587681780663
thetao,W30p0,5,6,20,0.17684180488882742,0.17684180488882742
so,W60p0,7,8,5,-0.17671711029320458,0.17671711029320458
so,W30p0,4,5,10,0.1766421010317487,0.1766421010317487
thetao,W30p0,0,1,14,-0.1765268175823226,0.1765268175823226
thetao,W10p0,6,7,13,-0.17629839455431132,0.17629839455431132
thetao,W60p0,7,8,7,-0.1761669340337817,0.1761669340337817
so,W60p0,0,1,13,0.17612570195269653,0.17612570195269653
thetao,W10p0,6,7,10,-0.17608175508066706,0.17608175508066706
thetao,W10p0,2,3,8,0.17601717669346567,0.17601717669346567
thetao,W10p0,1,2,0,-0.17589090457808768,0.17589090457808768
thetao,W40p0,4,5,25,0.17581541725271882,0.17581541725271882
so,W30p0,1,2,15,-0.17565033099870123,0.17565033099870123
thetao,W60p0,1,2,21,-0.17563954165233908,0.17563954165233908
so,W20p0,5,6,0,0.17519693578807946,0.17519693578807946
so,W20p0,6,7,11,0.1751421153679977,0.1751421153679977
thetao,W60p0,2,3,9,0.17509156264493578,0.17509156264493578
so,W40p0,9,10,22,-0.17509063000347164,0.17509063000347164
thetao,W40p0,8,9,24,0.17506833667612423,0.17506833667612423
so,W60p0,5,6,20,-0.17485953327429724,0.17485953327429724
so,W40p0,8,9,15,0.17448581712076708,0.17448581712076708
so,W40p0,7,8,15,-0.1744011336553744,0.1744011336553744
thetao,W40p0,1,2,13,0.17420726949603957,0.17420726949603957
thetao,W60p0,7,8,13,-0.17405911006663835,0.17405911006663835
thetao,W30p0,5,6,17,0.17405850226842323,0.17405850226842323
thetao,W10p0,2,3,9,0.17365770559177698,0.17365770559177698
thetao,W10p0,2,3,3,0.17363929964977665,0.17363929964977665
so,W10p0,0,1,5,-0.1736008244505422,0.1736008244505422
so,W10p0,7,8,25,0.17358580127153866,0.17358580127153866
thetao,W30p0,4,5,24,0.17355834480774823,0.17355834480774823
so,W60p0,1,2,7,0.17351539767046686,0.17351539767046686
thetao,W20p0,7,8,18,0.1734220680657738,0.1734220680657738
so,W40p0,2,3,10,-0.17337036230509234,0.17337036230509234
thetao,W10p0,0,1,12,0.1732533789000638,0.1732533789000638
so,W30p0,6,7,7,-0.1727655823187697,0.1727655823187697
so,W20p0,2,3,25,0.17272210499093651,0.17272210499093651
so,W60p0,1,2,5,0.17259706417082518,0.17259706417082518
thetao,W10p0,7,8,7,-0.17232792458153676,0.17232792458153676
thetao,W20p0,9,10,0,-0.17227764908224513,0.17227764908224513
thetao,W60p0,7,8,0,0.17211605623416473,0.17211605623416473
thetao,W60p0,2,3,15,-0.17197077358079055,0.17197077358079055
so,W20p0,9,10,23,-0.17174230237498447,0.17174230237498447
thetao,W40p0,6,7,8,0.17168464969511887,0.17168464969511887
so,W10p0,8,9,15,0.1716244169442897,0.1716244169442897
thetao,W30p0,5,6,23,0.17145558527167426,0.17145558527167426
thetao,W40p0,1,2,22,0.17128761528109504,0.17128761528109504
thetao,W40p0,1,2,20,0.1710939237911066,0.1710939237911066
so,W60p0,6,7,3,0.17104352101724424,0.17104352101724424
thetao,W60p0,9,10,0,-0.1709289378675484,0.1709289378675484
thetao,W60p0,3,4,23,-0.17060253110311815,0.17060253110311815
thetao,W40p0,2,3,1,-0.1705426684145015,0.1705426684145015
thetao,W60p0,3,4,15,-0.1704624847477904,0.1704624847477904
so,W20p0,9,10,22,-0.17005907636071055,0.17005907636071055
so,W30p0,5,6,6,-0.16978607500785065,0.16978607500785065
thetao,W30p0,8,9,10,-0.16943921003466308,0.16943921003466308
so,W30p0,8,9,16,0.16936410572609215,0.16936410572609215
so,W40p0,1,2,14,0.16930880483581112,0.16930880483581112
so,W40p0,7,8,6,0.16929792203566496,0.16929792203566496
thetao,W10p0,6,7,6,-0.16920261306126472,0.16920261306126472
so,W30p0,2,3,15,-0.1691791278222574,0.1691791278222574
so,W10p0,5,6,0,-0.16913425627490308,0.16913425627490308
so,W10p0,4,5,8,0.16912722863649254,0.16912722863649254
thetao,W20p0,7,8,3,0.16878343050306588,0.16878343050306588
so,W60p0,2,3,24,-0.16877051465042323,0.16877051465042323
so,W10p0,5,6,6,-0.16863299199471976,0.16863299199471976
so,W40p0,7,8,12,-0.16848938864996985,0.16848938864996985
thetao,W20p0,9,10,1,-0.16829208874957208,0.16829208874957208
thetao,W30p0,4,5,22,0.16827842098135853,0.16827842098135853
so,W40p0,5,6,13,0.1682568500748916,0.1682568500748916
thetao,W30p0,4,5,13,-0.16825644923151617,0.16825644923151617
thetao,W10p0,4,5,23,-0.16823370004247298,0.16823370004247298
thetao,W40p0,0,1,18,-0.16820388465298625,0.16820388465298625
so,W40p0,8,9,17,0.1680658530251464,0.1680658530251464
thetao,W10p0,7,8,22,0.16802458890637983,0.16802458890637983
so,W60p0,7,8,1,-0.1678078085855827,0.1678078085855827
thetao,W30p0,8,9,25,-0.16762375322738451,0.16762375322738451
so,W20p0,2,3,5,0.167449516847298,0.167449516847298
thetao,W20p0,8,9,7,-0.16722321143632024,0.16722321143632024
so,W10p0,8,9,3,0.1671848777016807,0.1671848777016807
thetao,W10p0,7,8,12,-0.16701654440376998,0.16701654440376998
thetao,W20p0,8,9,1,-0.16692083231612234,0.16692083231612234
so,W30p0,0,1,13,0.16689289564593324,0.16689289564593324
thetao,W40p0,8,9,10,-0.16685508314342376,0.16685508314342376
so,W60p0,8,9,10,-0.16664331292380347,0.16664331292380347
thetao,W40p0,7,8,1,-0.166631825751475,0.166631825751475
so,W40p0,7,8,9,0.16661299258605872,0.16661299258605872
thetao,W40p0,4,5,21,0.16658664764405048,0.16658664764405048
thetao,W20p0,1,2,24,0.1664359836512501,0.1664359836512501
so,W40p0,7,8,1,-0.1664241610186241,0.1664241610186241
so,W40p0,5,6,12,0.16597991153585617,0.16597991153585617
so,W60p0,6,7,24,-0.16585116807600045,0.16585116807600045
so,W10p0,0,1,22,0.165536211898729,0.165536211898729
so,W60p0,5,6,21,-0.16553266993677537,0.16553266993677537
thetao,W30p0,5,6,8,-0.16551719995990327,0.16551719995990327
thetao,W30p0,8,9,23,-0.16485302658283904,0.16485302658283904
so,W20p0,4,5,7,0.16463366613084063,0.16463366613084063
thetao,W40p0,4,5,15,0.16446818933377158,0.16446818933377158
so,W60p0,3,4,12,-0.16433899301618732,0.16433899301618732
so,W40p0,5,6,7,0.16412444169286683,0.16412444169286683
so,W10p0,5,6,12,-0.1640408299261967,0.1640408299261967
so,W10p0,7,8,12,-0.16387039709532142,0.16387039709532142
so,W20p0,6,7,25,-0.16356691045382768,0.16356691045382768
thetao,W10p0,3,4,23,0.16338993255155476,0.16338993255155476
so,W40p0,2,3,21,0.16329055947505303,0.16329055947505303
so,W20p0,9,10,7,-0.1632166104425384,0.1632166104425384
so,W30p0,2,3,23,-0.16305382328924353,0.16305382328924353
so,W20p0,9,10,2,-0.16280359942968373,0.16280359942968373
so,W20p0,7,8,19,-0.1627914087970359,0.1627914087970359
so,W20p0,2,3,16,0.16270274113868397,0.16270274113868397
so,W20p0,1,2,15,0.16267336338028116,0.16267336338028116
so,W30p0,4,5,13,0.16244627170827539,0.16244627170827539
so,W40p0,7,8,16,-0.1624282800984808,0.1624282800984808
thetao,W20p0,3,4,3,0.16232241824108953,0.16232241824108953
so,W40p0,9,10,20,-0.16220449451017113,0.16220449451017113
so,W10p0,2,3,14,-0.16212668228757202,0.16212668228757202
thetao,W20p0,8,9,21,0.16209821149483203,0.16209821149483203
thetao,W30p0,6,7,15,-0.16165339640102142,0.16165339640102142
thetao,W30p0,7,8,10,-0.16133160032572022,0.16133160032572022
thetao,W40p0,1,2,21,0.16101784037422553,0.16101784037422553
so,W20p0,9,10,0,-0.16096016419401094,0.16096016419401094
thetao,W20p0,5,6,7,-0.1609011133347485,0.1609011133347485
so,W60p0,8,9,13,-0.16072832008971222,0.16072832008971222
thetao,W40p0,2,3,19,-0.16066054906770455,0.16066054906770455
so,W20p0,3,4,2,0.16065315557812374,0.16065315557812374
so,W20p0,0,1,13,0.1606452436330445,0.1606452436330445
so,W10p0,9,10,23,-0.16044898343644967,0.16044898343644967
thetao,W20p0,8,9,14,-0.16039506247139765,0.16039506247139765
thetao,W40p0,1,2,5,0.16034998763837996,0.16034998763837996
so,W10p0,7,8,13,-0.1603204576571789,0.1603204576571789
so,W10p0,7,8,20,-0.16022971547279155,0.16022971547279155
thetao,W30p0,4,5,14,-0.16019111903310607,0.16019111903310607
thetao,W40p0,6,7,7,0.16012454146186603,0.16012454146186603
thetao,W60p0,4,5,6,0.16005266590110398,0.16005266590110398
thetao,W60p0,3,4,5,-0.15978144398008384,0.15978144398008384
so,W30p0,1,2,0,0.15950931408078714,0.15950931408078714
so,W60p0,0,1,23,-0.15947512910901235,0.15947512910901235
so,W10p0,2,3,0,0.15933986782989074,0.15933986782989074
so,W40p0,9,10,19,-0.1591632432601344,0.1591632432601344
thetao,W20p0,3,4,14,0.15889148928015484,0.15889148928015484
thetao,W10p0,0,1,10,0.1587756376080841,0.1587756376080841
thetao,W20p0,7,8,25,-0.1587101746478926,0.1587101746478926
thetao,W10p0,0,1,13,0.15866162179017188,0.15866162179017188
thetao,W30p0,1,2,14,0.15863377339262386,0.15863377339262386
so,W40p0,4,5,8,-0.15858812955751972,0.15858812955751972
thetao,W20p0,0,1,24,0.15839049253622153,0.15839049253622153
so,W40p0,7,8,7,0.1582919027881237,0.1582919027881237
so,W20p0,7,8,13,0.15813710097501726,0.15813710097501726
so,W60p0,6,7,20,-0.15805783560966297,0.15805783560966297
so,W60p0,2,3,0,0.1576608930837744,0.1576608930837744
so,W60p0,6,7,22,-0.15765849218028705,0.15765849218028705
so,W10p0,6,7,19,-0.15758947469640683,0.15758947469640683
thetao,W40p0,4,5,1,-0.15744161648466048,0.15744161648466048
thetao,W20p0,2,3,1,0.15739677739713764,0.15739677739713764
thetao,W10p0,1,2,1,-0.15699496137776645,0.15699496137776645
so,W10p0,6,7,0,-0.1568840511339603,0.1568840511339603
so,W10p0,7,8,23,0.1565514531778104,0.1565514531778104
so,W10p0,6,7,18,-0.15653457992520484,0.15653457992520484
thetao,W40p0,4,5,24,0.1564686218726401,0.1564686218726401
thetao,W10p0,9,10,3,0.15622199723085092,0.15622199723085092
so,W60p0,2,3,20,0.15613696623391,0.15613696623391
thetao,W10p0,7,8,6,-0.15597532421287172,0.15597532421287172
so,W10p0,8,9,11,0.1558331057940442,0.1558331057940442
so,W40p0,3,4,15,-0.15581253536462378,0.15581253536462378
thetao,W60p0,5,6,16,0.15569341135566395,0.15569341135566395
thetao,W40p0,5,6,12,0.15561514235796275,0.15561514235796275
thetao,W20p0,9,10,4,-0.15509722804588005,0.15509722804588005
thetao,W30p0,1,2,1,0.1550117578949894,0.1550117578949894
so,W10p0,2,3,23,0.15489750068134114,0.15489750068134114
thetao,W30p0,4,5,12,-0.15484370765424388,0.15484370765424388
thetao,W60p0,5,6,3,0.15472334188537834,0.15472334188537834
thetao,W60p0,9,10,11,-0.15472048596755708,0.15472048596755708
so,W60p0,6,7,13,0.15458948662565522,0.15458948662565522
so,W40p0,6,7,23,0.154503196239052,0.154503196239052
thetao,W40p0,6,7,1,-0.1544774794563622,0.1544774794563622
thetao,W10p0,6,7,11,-0.15397711440684578,0.15397711440684578
so,W60p0,6,7,21,-0.15394432828367702,0.15394432828367702
so,W10p0,8,9,4,0.1539411715707638,0.1539411715707638
thetao,W30p0,4,5,17,0.15392425865558057,0.15392425865558057
thetao,W60p0,1,2,20,-0.15387575379141497,0.15387575379141497
so,W60p0,3,4,6,-0.15364649269466066,0.15364649269466066
thetao,W10p0,0,1,11,0.15360134931748815,0.15360134931748815
so,W10p0,0,1,12,-0.15346540240364157,0.15346540240364157
thetao,W20p0,3,4,19,0.15328204982521776,0.15328204982521776
so,W20p0,5,6,2,0.15311004156677158,0.15311004156677158
thetao,W30p0,8,9,4,-0.15303359255299875,0.15303359255299875
thetao,W60p0,4,5,20,-0.15270618905589115,0.15270618905589115
so,W30p0,3,4,2,0.15270060259877277,0.15270060259877277
so,W40p0,5,6,23,0.1526541717978522,0.1526541717978522
thetao,W40p0,6,7,25,0.15234236338712145,0.15234236338712145
so,W60p0,5,6,8,0.15219556870111436,0.15219556870111436
so,W30p0,8,9,6,-0.15214579448480492,0.15214579448480492
so,W20p0,7,8,5,0.15186802641069197,0.15186802641069197
so,W20p0,8,9,0,-0.15173388198890395,0.15173388198890395
so,W40p0,2,3,4,-0.15114953901368658,0.15114953901368658
so,W30p0,0,1,15,0.15099589902408841,0.15099589902408841
thetao,W20p0,8,9,19,0.15075344617868958,0.15075344617868958
thetao,W30p0,4,5,4,0.15058827847899733,0.15058827847899733
thetao,W60p0,7,8,5,-0.15056686322106985,0.15056686322106985
so,W10p0,0,1,0,-0.15052351649977297,0.15052351649977297
thetao,W40p0,3,4,1,-0.15044908137129745,0.15044908137129745
so,W30p0,0,1,14,0.1504056914499985,0.1504056914499985
thetao,W40p0,8,9,9,-0.15030105360874355,0.15030105360874355
thetao,W20p0,1,2,21,0.1501635681544361,0.1501635681544361
thetao,W30p0,8,9,22,-0.15015922419618224,0.15015922419618224
so,W40p0,6,7,16,0.15005223979219048,0.15005223979219048
so,W40p0,9,10,17,-0.15002445136448175,0.15002445136448175
thetao,W10p0,3,4,22,0.14998291456687474,0.14998291456687474
thetao,W10p0,4,5,20,-0.1498245584374413,0.1498245584374413
thetao,W30p0,0,1,7,-0.14978046690739463,0.14978046690739463
thetao,W60p0,2,3,19,-0.14968029994587306,0.14968029994587306
so,W30p0,8,9,8,-0.14951548265463482,0.14951548265463482
so,W40p0,7,8,2,-0.14928190069119374,0.14928190069119374
so,W40p0,1,2,16,0.14923166221469672,0.14923166221469672
so,W30p0,8,9,9,-0.14919841299811934,0.14919841299811934
so,W60p0,5,6,16,-0.1490666577852834,0.1490666577852834
thetao,W10p0,6,7,3,-0.14905446490882843,0.14905446490882843
so,W30p0,1,2,11,-0.14904234681751993,0.14904234681751993
thetao,W20p0,8,9,25,0.1490418442173307,0.1490418442173307
thetao,W40p0,4,5,0,-0.149016248638781,0.149016248638781
so,W20p0,2,3,15,0.1490076528753878,0.1490076528753878
so,W10p0,8,9,17,0.14882541742493027,0.14882541742493027
so,W10p0,0,1,19,0.14845452442697757,0.14845452442697757
thetao,W40p0,5,6,11,0.14822506133181876,0.14822506133181876
so,W40p0,7,8,8,0.14814062958121552,0.14814062958121552
so,W40p0,8,9,16,0.148012161356012,0.148012161356012
thetao,W20p0,2,3,3,0.14780688610744752,0.14780688610744752
thetao,W40p0,8,9,7,-0.14777235826370022,0.14777235826370022
thetao,W30p0,3,4,10,0.14776918165296452,0.14776918165296452
so,W20p0,8,9,23,0.1477438028106086,0.1477438028106086
so,W40p0,5,6,2,-0.14766901020375875,0.14766901020375875
thetao,W30p0,9,10,7,-0.1476643284808222,0.1476643284808222
thetao,W60p0,3,4,0,-0.1474708290581695,0.1474708290581695
thetao,W10p0,6,7,19,-0.147353731661068,0.147353731661068
thetao,W10p0,2,3,2,0.14716808872133344,0.14716808872133344
thetao,W40p0,8,9,12,-0.1471057502327282,0.1471057502327282
so,W60p0,5,6,14,-0.14684233585770057,0.14684233585770057
so,W10p0,2,3,22,0.1468003796160681,0.1468003796160681
so,W30p0,2,3,9,0.1467991987068296,0.1467991987068296
so,W20p0,0,1,15,0.1467512133766929,0.1467512133766929
thetao,W20p0,9,10,10,-0.14666039067694933,0.14666039067694933
so,W60p0,3,4,25,0.1464433522193306,0.1464433522193306
thetao,W60p0,2,3,11,0.14623329985034061,0.14623329985034061
thetao,W30p0,0,1,10,-0.1461374279559208,0.1461374279559208
thetao,W30p0,7,8,9,-0.14580147012741562,0.14580147012741562
so,W10p0,2,3,5,-0.1457718702048835,0.1457718702048835
so,W20p0,0,1,14,0.14571462209709118,0.14571462209709118
thetao,W10p0,1,2,7,-0.14553685670177627,0.14553685670177627
thetao,W20p0,5,6,22,0.14542221055513188,0.14542221055513188
thetao,W40p0,3,4,3,-0.1447422048755301,0.1447422048755301
so,W10p0,9,10,8,-0.14473087967930834,0.14473087967930834
so,W40p0,3,4,21,-0.14422402648041338,0.14422402648041338
so,W60p0,3,4,10,-0.14412046485030489,0.14412046485030489
so,W10p0,4,5,2,0.14407729778961853,0.14407729778961853
thetao,W30p0,6,7,24,-0.14403886110052683,0.14403886110052683
thetao,W20p0,0,1,23,0.1440369036914765,0.1440369036914765
thetao,W20p0,5,6,16,0.14398009174573656,0.14398009174573656
thetao,W10p0,0,1,9,0.1437429177556814,0.1437429177556814
so,W30p0,3,4,22,0.1436668771850009,0.1436668771850009
so,W60p0,6,7,4,0.14357629400835142,0.14357629400835142
so,W10p0,7,8,1,-0.14354166981521593,0.14354166981521593
so,W60p0,3,4,2,-0.14353312475568356,0.14353312475568356
so,W40p0,7,8,17,-0.14344937261906704,0.14344937261906704
thetao,W10p0,5,6,10,-0.14334545875970056,0.14334545875970056
thetao,W10p0,8,9,3,-0.14322467043937792,0.14322467043937792
thetao,W40p0,6,7,16,0.14315557173715301,0.14315557173715301
thetao,W20p0,6,7,0,-0.14272416409628674,0.14272416409628674
so,W10p0,2,3,15,-0.1426811649056626,0.1426811649056626
thetao,W30p0,5,6,14,-0.14262658019634103,0.14262658019634103
thetao,W60p0,2,3,0,-0.14219655972110123,0.14219655972110123
so,W20p0,9,10,13,-0.14202011662622188,0.14202011662622188
thetao,W20p0,4,5,10,0.1418442384009184,0.1418442384009184
so,W20p0,4,5,5,0.14147711307553174,0.14147711307553174
so,W60p0,4,5,18,-0.1413307125163674,0.1413307125163674
so,W30p0,3,4,19,0.1412532066950186,0.1412532066950186
thetao,W40p0,6,7,15,0.1408989649723937,0.1408989649723937
so,W10p0,6,7,15,-0.140848549831045,0.140848549831045
thetao,W40p0,5,6,9,0.14070467549297802,0.14070467549297802
so,W40p0,9,10,9,-0.14058610733876215,0.14058610733876215
so,W10p0,8,9,10,0.1405786450900385,0.1405786450900385
so,W60p0,0,1,20,-0.14056041599248267,0.14056041599248267
so,W20p0,1,2,21,0.14053073386452258,0.14053073386452258
thetao,W20p0,7,8,15,0.14052987321518146,0.14052987321518146
so,W60p0,6,7,10,0.14040252208444326,0.14040252208444326
so,W30p0,1,2,6,-0.14014148796931292,0.14014148796931292
so,W30p0,9,10,21,-0.1400677575919995,0.1400677575919995
so,W40p0,2,3,14,0.1399441066949806,0.1399441066949806
so,W10p0,7,8,19,-0.13991922298100062,0.13991922298100062
thetao,W20p0,0,1,9,0.1398292211229738,0.1398292211229738
thetao,W30p0,3,4,9,0.1397146938991795,0.1397146938991795
thetao,W20p0,2,3,0,0.13971075187310586,0.13971075187310586
so,W10p0,9,10,6,-0.1396530951252497,0.1396530951252497
thetao,W30p0,6,7,9,0.13964673003218248,0.13964673003218248
so,W10p0,4,5,11,0.13964020740082816,0.13964020740082816
thetao,W30p0,5,6,7,-0.13955333850292562,0.13955333850292562
thetao,W20p0,2,3,2,0.1394982488922268,0.1394982488922268
so,W30p0,2,3,1,0.1393944126925437,0.1393944126925437
so,W20p0,2,3,14,0.1393342552281271,0.1393342552281271
so,W40p0,8,9,2,-0.1392141786471358,0.1392141786471358
thetao,W20p0,7,8,21,0.13903979982117964,0.13903979982117964
so,W40p0,6,7,20,0.1390325199581104,0.1390325199581104
thetao,W60p0,4,5,22,0.13902937894880493,0.13902937894880493
thetao,W30p0,4,5,11,-0.13899884644417074,0.13899884644417074
thetao,W30p0,7,8,25,-0.13892010979840463,0.13892010979840463
so,W40p0,6,7,4,0.1386458618119356,0.1386458618119356
so,W30p0,5,6,24,-0.13853959798381313,0.13853959798381313
thetao,W60p0,4,5,24,0.13824635396149,0.13824635396149
thetao,W60p0,0,1,10,0.13814733716384145,0.13814733716384145
thetao,W30p0,8,9,5,-0.13811297602015388,0.13811297602015388
so,W30p0,0,1,25,-0.1378566378473153,0.1378566378473153
thetao,W10p0,1,2,5,-0.13782293222484143,0.13782293222484143
thetao,W40p0,7,8,6,-0.13778315928014903,0.13778315928014903
so,W40p0,7,8,20,-0.13769814670088135,0.13769814670088135
so,W30p0,8,9,21,0.13767121926588247,0.13767121926588247
so,W30p0,8,9,10,-0.1375597193209902,0.1375597193209902
thetao,W30p0,0,1,23,0.13744521675217142,0.13744521675217142
so,W10p0,8,9,18,0.13716015180843852,0.13716015180843852
so,W60p0,0,1,21,-0.13710553458229266,0.13710553458229266
thetao,W40p0,8,9,21,0.13679844812267805,0.13679844812267805
thetao,W60p0,5,6,21,0.1367867600405086,0.1367867600405086
so,W40p0,5,6,8,0.1367657457911931,0.1367657457911931
so,W20p0,1,2,0,-0.1367172600420038,0.1367172600420038
thetao,W40p0,2,3,25,0.13667065763272998,0.13667065763272998
so,W10p0,5,6,3,-0.13645693678259344,0.13645693678259344
so,W60p0,1,2,9,0.13642981990073963,0.13642981990073963
so,W60p0,8,9,17,0.13627440292067938,0.13627440292067938
so,W10p0,2,3,3,0.13620256444011128,0.13620256444011128
so,W40p0,4,5,15,0.13604036219036766,0.13604036219036766
so,W40p0,0,1,4,-0.1357309495323488,0.1357309495323488
so,W20p0,2,3,13,0.13565536569082126,0.13565536569082126
thetao,W20p0,9,10,3,-0.13555307728428392,0.13555307728428392
so,W30p0,3,4,20,0.13537067569913463,0.13537067569913463
thetao,W20p0,5,6,12,-0.1353673080941844,0.1353673080941844
thetao,W40p0,8,9,1,0.1353092250173193,0.1353092250173193
so,W10p0,9,10,22,-0.13530178746280838,0.13530178746280838
thetao,W20p0,3,4,12,0.13527557338529717,0.13527557338529717
so,W10p0,1,2,18,0.13513041875025605,0.13513041875025605
so,W10p0,1,2,20,0.13497524719975543,0.13497524719975543
thetao,W20p0,0,1,25,0.13472894958513976,0.13472894958513976
thetao,W10p0,6,7,4,-0.13470447763029195,0.13470447763029195
so,W40p0,2,3,9,-0.13468244879465519,0.13468244879465519
so,W60p0,1,2,19,-0.1346317697241098,0.1346317697241098
so,W10p0,0,1,18,0.13451702988561395,0.13451702988561395
so,W10p0,7,8,14,-0.13412370302300183,0.13412370302300183
thetao,W20p0,1,2,25,0.13404486411389543,0.13404486411389543
so,W30p0,8,9,22,0.1338465377004653,0.1338465377004653
so,W40p0,9,10,14,-0.13379998735378584,0.13379998735378584
so,W40p0,9,10,15,-0.13370563059840782,0.13370563059840782
thetao,W30p0,6,7,18,-0.13355123017991202,0.13355123017991202
thetao,W60p0,3,4,14,-0.13327678716873603,0.13327678716873603
so,W10p0,4,5,12,0.13318716253228305,0.13318716253228305
thetao,W40p0,4,5,5,-0.13300280397119865,0.13300280397119865
thetao,W20p0,7,8,24,-0.13285555704392502,0.13285555704392502
so,W20p0,4,5,12,0.1328036835765245,0.1328036835765245
so,W60p0,4,5,7,0.1324814504900986,0.1324814504900986
so,W60p0,5,6,12,0.1322469795592702,0.1322469795592702
thetao,W30p0,0,1,15,-0.13217080442958767,0.13217080442958767
thetao,W10p0,7,8,25,0.13214358597431278,0.13214358597431278
so,W60p0,3,4,23,0.13191071430612777,0.13191071430612777
thetao,W20p0,8,9,18,0.13181529505133757,0.13181529505133757
so,W60p0,3,4,24,0.13113351889348115,0.13113351889348115
thetao,W40p0,2,3,12,-0.13110100155697904,0.13110100155697904
so,W60p0,4,5,2,-0.1310424019427531,0.1310424019427531
so,W40p0,0,1,1,-0.1310208607851121,0.1310208607851121
thetao,W40p0,4,5,18,0.1310160025955769,0.1310160025955769
so,W30p0,4,5,12,0.13088191307827196,0.13088191307827196
thetao,W10p0,1,2,6,-0.1306812070228518,0.1306812070228518
thetao,W30p0,5,6,0,0.13054054938499132,0.13054054938499132
thetao,W30p0,8,9,0,0.13044354788805773,0.13044354788805773
so,W10p0,0,1,23,0.130404646507294,0.130404646507294
thetao,W30p0,8,9,8,-0.13038215202849548,0.13038215202849548
thetao,W40p0,0,1,6,-0.13038174750692114,0.13038174750692114
thetao,W60p0,5,6,5,0.13029707457539258,0.13029707457539258
so,W10p0,8,9,5,0.13014992421916874,0.13014992421916874
so,W60p0,0,1,19,-0.12982446820754184,0.12982446820754184
so,W10p0,5,6,2,-0.12968171967009795,0.12968171967009795
so,W60p0,6,7,14,0.12964870061168537,0.12964870061168537
thetao,W40p0,2,3,20,-0.12962394292601453,0.12962394292601453
thetao,W10p0,8,9,1,-0.12943706233334742,0.12943706233334742
thetao,W40p0,9,10,20,0.12928397758281074,0.12928397758281074
thetao,W40p0,4,5,11,0.12922504135045815,0.12922504135045815
so,W10p0,0,1,13,-0.12899227517251008,0.12899227517251008
thetao,W20p0,6,7,13,0.12898257551620562,0.12898257551620562
thetao,W60p0,9,10,10,-0.12876151452207743,0.12876151452207743
thetao,W30p0,6,7,10,0.12866311416818899,0.12866311416818899
thetao,W30p0,7,8,13,0.12849935663975565,0.12849935663975565
so,W40p0,3,4,16,-0.12848485552420683,0.12848485552420683
thetao,W10p0,1,2,12,-0.12839525738818006,0.12839525738818006
so,W60p0,1,2,21,-0.12820716333035775,0.12820716333035775
thetao,W40p0,3,4,22,-0.1281874728535251,0.1281874728535251
thetao,W20p0,4,5,23,0.12817976552223054,0.12817976552223054
so,W10p0,1,2,21,0.12797506535415581,0.12797506535415581
so,W60p0,3,4,19,-0.12792469147274554,0.12792469147274554
thetao,W10p0,1,2,10,-0.12791285712829542,0.12791285712829542
so,W40p0,4,5,9,-0.12773369437019033,0.12773369437019033
so,W40p0,4,5,16,0.12772128819918763,0.12772128819918763
thetao,W20p0,6,7,2,-0.12703899334379623,0.12703899334379623
thetao,W10p0,5,6,0,-0.12686071062426657,0.12686071062426657
thetao,W60p0,3,4,17,-0.12662006868361494,0.12662006868361494
so,W10p0,4,5,25,0.12638458691229282,0.12638458691229282
thetao,W40p0,1,2,24,0.12629265878869028,0.12629265878869028
so,W40p0,9,10,16,-0.12605615485826327,0.12605615485826327
thetao,W10p0,4,5,9,0.12603891324193323,0.12603891324193323
so,W20p0,6,7,16,0.12591378982146165,0.12591378982146165
so,W20p0,9,10,6,-0.12584174834908113,0.12584174834908113
thetao,W10p0,0,1,8,0.12577454123352882,0.12577454123352882
thetao,W60p0,8,9,25,-0.1256871932775372,0.1256871932775372
thetao,W20p0,1,2,17,0.12559088548647288,0.12559088548647288
so,W20p0,1,2,22,0.12555629157628817,0.12555629157628817
so,W60p0,5,6,15,-0.12544187750405647,0.12544187750405647
thetao,W40p0,1,2,25,0.12527536075006793,0.12527536075006793
thetao,W10p0,2,3,21,0.12526706603060325,0.12526706603060325
thetao,W30p0,2,3,1,-0.12524178164971342,0.12524178164971342
thetao,W60p0,9,10,22,0.1251135367548909,0.1251135367548909
so,W10p0,7,8,24,0.12508878731818512,0.12508878731818512
thetao,W30p0,4,5,25,0.12503618373027575,0.12503618373027575
so,W20p0,6,7,7,-0.1250016304986651,0.1250016304986651
so,W40p0,2,3,11,-0.1249339232007855,0.1249339232007855
so,W40p0,0,1,0,0.12485819207076554,0.12485819207076554
thetao,W10p0,0,1,25,-0.12473148275060363,0.12473148275060363
thetao,W30p0,6,7,16,-0.12466003036248058,0.12466003036248058
thetao,W20p0,8,9,17,-0.12450840826582568,0.12450840826582568
thetao,W40p0,0,1,4,-0.12448174282567798,0.12448174282567798
so,W30p0,8,9,18,0.124462418839401,0.124462418839401
thetao,W20p0,3,4,1,0.12426163377795825,0.12426163377795825
thetao,W40p0,9,10,13,0.12420370492769882,0.12420370492769882
thetao,W30p0,5,6,2,0.12405641930080695,0.12405641930080695
thetao,W30p0,3,4,7,0.1240403938333924,0.1240403938333924
so,W60p0,5,6,11,0.12398798499129392,0.12398798499129392
thetao,W10p0,7,8,18,0.12390539114937875,0.12390539114937875
thetao,W20p0,2,3,20,-0.12382180608288261,0.12382180608288261
so,W40p0,3,4,19,-0.12336078747575986,0.12336078747575986
thetao,W20p0,4,5,4,0.12335435759528322,0.12335435759528322
so,W60p0,0,1,22,-0.12307814172819546,0.12307814172819546
so,W20p0,8,9,18,0.12259943106814232,0.12259943106814232
thetao,W10p0,4,5,11,0.12259795714053363,0.12259795714053363
thetao,W40p0,0,1,24,0.12252420745659397,0.12252420745659397
thetao,W10p0,1,2,15,-0.12247568849103838,0.12247568849103838
so,W30p0,7,8,9,0.12231837170221427,0.12231837170221427
so,W30p0,1,2,7,-0.12220069299371793,0.12220069299371793
thetao,W60p0,6,7,23,0.12216884614310883,0.12216884614310883
so,W40p0,6,7,19,0.12211703785440202,0.12211703785440202
so,W20p0,5,6,18,-0.12208886087981605,0.12208886087981605
so,W10p0,6,7,5,0.12206375768508311,0.12206375768508311
thetao,W40p0,7,8,24,-0.12198645412151278,0.12198645412151278
thetao,W60p0,4,5,7,0.12197502793573806,0.12197502793573806
thetao,W20p0,7,8,11,-0.12194399571762717,0.12194399571762717
so,W10p0,0,1,14,-0.1217121442836393,0.1217121442836393
so,W60p0,7,8,22,0.12170480511497654,0.12170480511497654
thetao,W20p0,7,8,4,0.1214649400604874,0.1214649400604874
thetao,W40p0,6,7,17,0.12127430797904937,0.12127430797904937
so,W60p0,2,3,7,-0.12118488121998128,0.12118488121998128
thetao,W30p0,0,1,8,-0.12117008398350596,0.12117008398350596
so,W10p0,6,7,10,-0.12103521232832302,0.12103521232832302
so,W20p0,5,6,20,-0.12094666999645239,0.12094666999645239
thetao,W40p0,0,1,3,-0.12091748998316991,0.12091748998316991
thetao,W10p0,6,7,7,-0.12085297875709262,0.12085297875709262
thetao,W20p0,4,5,5,0.12070025013767297,0.12070025013767297
so,W20p0,0,1,16,0.12059952453909017,0.12059952453909017
so,W30p0,5,6,0,0.12059621767822012,0.12059621767822012
thetao,W20p0,2,3,19,-0.12058221456586043,0.12058221456586043
thetao,W10p0,5,6,24,0.12050159326742031,0.12050159326742031
so,W10p0,9,10,12,-0.12046907129577182,0.12046907129577182
thetao,W60p0,0,1,22,0.12040168774507211,0.12040168774507211
thetao,W30p0,9,10,0,-0.12039068761833874,0.12039068761833874
so,W40p0,1,2,19,0.12035810897196979,0.12035810897196979
so,W10p0,5,6,15,0.12024168954426163,0.12024168954426163
so,W60p0,5,6,25,-0.12018526821260997,0.12018526821260997
thetao,W10p0,4,5,14,0.12018025501455731,0.12018025501455731
so,W10p0,1,2,19,0.12011743547419108,0.12011743547419108
thetao,W10p0,5,6,3,-0.12005442361149862,0.12005442361149862
so,W40p0,6,7,15,0.12004759290653953,0.12004759290653953
thetao,W60p0,4,5,21,-0.12004635831643148,0.12004635831643148
so,W10p0,7,8,15,-0.11991986161856695,0.11991986161856695
thetao,W30p0,0,1,4,-0.11987387484158697,0.11987387484158697
thetao,W20p0,0,1,21,0.11986149000087153,0.11986149000087153
so,W40p0,2,3,22,0.11975973175756144,0.11975973175756144
so,W20p0,4,5,19,-0.1196724461519978,0.1196724461519978
thetao,W10p0,9,10,22,-0.11958013582200923,0.11958013582200923
so,W20p0,8,9,9,0.11954939302529216,0.11954939302529216
thetao,W10p0,4,5,12,0.11947572754923873,0.11947572754923873
so,W30p0,1,2,19,0.11942365919304374,0.11942365919304374
so,W40p0,2,3,17,0.11939876586907776,0.11939876586907776
so,W40p0,9,10,8,-0.11935859856246944,0.11935859856246944
thetao,W20p0,8,9,0,-0.11898200986987865,0.11898200986987865
thetao,W20p0,1,2,23,0.118979876250187,0.118979876250187
so,W30p0,1,2,22,0.1189571311964228,0.1189571311964228
thetao,W20p0,9,10,16,0.11892941077439344,0.11892941077439344
so,W30p0,6,7,9,0.11892896632798595,0.11892896632798595
so,W10p0,9,10,3,-0.11889481743376562,0.11889481743376562
so,W60p0,2,3,1,0.11882006266119026,0.11882006266119026
so,W30p0,8,9,19,0.11874858746341327,0.11874858746341327
so,W20p0,8,9,20,0.11867927035041163,0.11867927035041163
thetao,W30p0,4,5,10,-0.11867787946201704,0.11867787946201704
thetao,W20p0,2,3,22,-0.11864446776053493,0.11864446776053493
thetao,W40p0,7,8,23,-0.11843213840811603,0.11843213840811603
thetao,W30p0,1,2,18,-0.1184314015848808,0.1184314015848808
so,W10p0,0,1,2,-0.11836553521211084,0.11836553521211084
so,W20p0,0,1,17,0.11835309104026796,0.11835309104026796
thetao,W20p0,0,1,10,0.1182987804449418,0.1182987804449418
thetao,W10p0,4,5,19,-0.11828955808600097,0.11828955808600097
thetao,W40p0,8,9,11,-0.11825241295686323,0.11825241295686323
thetao,W30p0,3,4,8,0.11819586813037772,0.11819586813037772
thetao,W60p0,2,3,20,-0.11803955257963872,0.11803955257963872
thetao,W40p0,4,5,19,0.1180247780233982,0.1180247780233982
thetao,W20p0,3,4,22,0.11787597263293402,0.11787597263293402
thetao,W30p0,8,9,3,-0.11785548696414619,0.11785548696414619
thetao,W10p0,2,3,0,0.11784905947581871,0.11784905947581871
thetao,W10p0,2,3,1,0.11766424616197753,0.11766424616197753
thetao,W40p0,2,3,18,-0.1176369051627008,0.1176369051627008
thetao,W20p0,2,3,21,-0.11729021621242576,0.11729021621242576
thetao,W10p0,8,9,14,0.11718473028008233,0.11718473028008233
thetao,W40p0,6,7,13,0.11679169760519656,0.11679169760519656
thetao,W10p0,4,5,24,-0.11675825726635089,0.11675825726635089
so,W40p0,8,9,7,0.11656809252140508,0.11656809252140508
so,W60p0,8,9,19,0.11654790704611044,0.11654790704611044
so,W20p0,2,3,2,0.11654720041155969,0.11654720041155969
thetao,W40p0,5,6,14,0.11648878099753454,0.11648878099753454
thetao,W30p0,0,1,19,0.1163866161635334,0.1163866161635334
thetao,W10p0,5,6,11,-0.11634396851593862,0.11634396851593862
so,W20p0,3,4,9,-0.1163401903896316,0.1163401903896316
so,W40p0,5,6,25,0.11608701697183264,0.11608701697183264
thetao,W20p0,7,8,17,0.11606283645697794,0.11606283645697794
so,W60p0,9,10,5,0.11598091375922547,0.11598091375922547
so,W60p0,2,3,9,-0.11595392105956168,0.11595392105956168
so,W20p0,2,3,12,0.11593772135623723,0.11593772135623723
thetao,W10p0,1,2,4,-0.11586349387520957,0.11586349387520957
so,W40p0,4,5,2,0.1158039836779203,0.1158039836779203
thetao,W60p0,5,6,7,0.11579922871337893,0.11579922871337893
so,W10p0,9,10,24,-0.11562001326793325,0.11562001326793325
so,W20p0,8,9,21,0.11558879418767536,0.11558879418767536
so,W20p0,7,8,22,-0.11557559924473552,0.11557559924473552
thetao,W10p0,1,2,8,-0.11553866558911464,0.11553866558911464
so,W40p0,8,9,21,0.11551460159470708,0.11551460159470708
thetao,W10p0,9,10,20,-0.11544800637789643,0.11544800637789643
thetao,W60p0,0,1,11,0.11544566634271086,0.11544566634271086
so,W10p0,8,9,2,0.11542523662317097,0.11542523662317097
thetao,W10p0,8,9,8,-0.11528501673311665,0.11528501673311665
thetao,W40p0,1,2,7,0.11517222467073705,0.11517222467073705
thetao,W10p0,9,10,12,-0.11507354105409597,0.11507354105409597
so,W30p0,8,9,20,0.11498986363619647,0.11498986363619647
thetao,W40p0,0,1,13,-0.11498177255032863,0.11498177255032863
so,W60p0,1,2,24,-0.11496166557394193,0.11496166557394193
so,W60p0,6,7,11,0.114892834299927,0.114892834299927
so,W30p0,7,8,0,-0.11487068709023693,0.11487068709023693
thetao,W20p0,1,2,16,0.11479916140333271,0.11479916140333271
thetao,W10p0,7,8,9,-0.11468841626154463,0.11468841626154463
so,W20p0,0,1,12,0.11435021149219378,0.11435021149219378
so,W60p0,9,10,24,0.11423742532038576,0.11423742532038576
so,W30p0,0,1,16,0.11422528520617617,0.11422528520617617
thetao,W60p0,2,3,10,0.11398222135385408,0.11398222135385408
thetao,W10p0,4,5,15,0.11397349395927651,0.11397349395927651
so,W20p0,5,6,13,-0.11394836626143673,0.11394836626143673
thetao,W40p0,7,8,2,-0.11390293965696875,0.11390293965696875
so,W20p0,5,6,21,-0.11382971026843917,0.11382971026843917
thetao,W30p0,4,5,15,-0.11365064613883197,0.11365064613883197
so,W10p0,9,10,5,-0.11350194353405407,0.11350194353405407
thetao,W60p0,8,9,2,-0.11348360980994013,0.11348360980994013
thetao,W20p0,1,2,0,-0.1132952462047981,0.1132952462047981
thetao,W60p0,3,4,3,-0.11324967257683391,0.11324967257683391
thetao,W20p0,3,4,2,0.11312795653571392,0.11312795653571392
so,W20p0,1,2,3,0.11311482970792036,0.11311482970792036
so,W10p0,9,10,21,-0.11303496140609659,0.11303496140609659
thetao,W60p0,3,4,16,-0.11302941400206903,0.11302941400206903
so,W10p0,3,4,9,0.11301523804723926,0.11301523804723926
so,W10p0,7,8,18,-0.11291706042088179,0.11291706042088179
so,W60p0,5,6,10,0.11271400910787677,0.11271400910787677
thetao,W20p0,2,3,4,0.11261500462600625,0.11261500462600625
so,W40p0,0,1,3,-0.11257302275037177,0.11257302275037177
thetao,W20p0,4,5,9,0.1125095993686376,0.1125095993686376
so,W40p0,4,5,21,0.11248609758471018,0.11248609758471018
thetao,W10p0,7,8,19,0.11244593964204139,0.11244593964204139
so,W20p0,4,5,24,0.11231173441887417,0.11231173441887417
so,W10p0,0,1,24,0.11222430819039006,0.11222430819039006
thetao,W20p0,2,3,18,-0.11214899220508064,0.11214899220508064
thetao,W30p0,0,1,24,0.11210826954108097,0.11210826954108097
so,W20p0,1,2,9,0.1120450291622457,0.1120450291622457
so,W10p0,8,9,20,0.11193090456550922,0.11193090456550922
so,W60p0,2,3,25,-0.11179416698794695,0.11179416698794695
thetao,W60p0,4,5,16,-0.11176595407396925,0.11176595407396925
thetao,W60p0,8,9,24,-0.11175229558574068,0.11175229558574068
so,W60p0,7,8,19,0.11160501107270471,0.11160501107270471
so,W20p0,1,2,23,0.11157601606545212,0.11157601606545212
so,W30p0,2,3,14,-0.11111898553364515,0.11111898553364515
thetao,W40p0,0,1,1,-0.11107313424397156,0.11107313424397156
thetao,W10p0,6,7,18,-0.11105808686739371,0.11105808686739371
thetao,W60p0,9,10,9,-0.1110320416374164,0.1110320416374164
so,W60p0,0,1,14,0.11097782512482693,0.11097782512482693
thetao,W30p0,6,7,14,-0.11080371124008773,0.11080371124008773
so,W60p0,9,10,9,0.11078032726578196,0.11078032726578196
so,W20p0,0,1,10,0.11062755047840911,0.11062755047840911
thetao,W40p0,3,4,5,-0.11046753868345215,0.11046753868345215
so,W40p0,9,10,1,0.11038274424263986,0.11038274424263986
thetao,W40p0,5,6,19,-0.11032510128676845,0.11032510128676845
so,W10p0,2,3,20,0.11026739969382687,0.11026739969382687
thetao,W40p0,6,7,14,0.11023618874629039,0.11023618874629039
thetao,W10p0,3,4,21,0.11019287573660101,0.11019287573660101
so,W20p0,2,3,3,0.11010808146758048,0.11010808146758048
so,W40p0,3,4,13,-0.11009308582807345,0.11009308582807345
so,W30p0,3,4,10,-0.10996496263158702,0.10996496263158702
so,W40p0,1,2,25,-0.10991043940338038,0.10991043940338038
so,W30p0,3,4,23,0.10990281348248243,0.10990281348248243
thetao,W20p0,9,10,7,-0.10988180823256195,0.10988180823256195
thetao,W60p0,1,2,13,0.10982910570570552,0.10982910570570552
so,W60p0,6,7,1,-0.10980550025285284,0.10980550025285284
so,W10p0,8,9,19,0.10979059355867318,0.10979059355867318
so,W40p0,2,3,15,0.10969364822471302,0.10969364822471302
thetao,W10p0,6,7,5,-0.10932316804121432,0.10932316804121432
thetao,W40p0,1,2,0,0.10931542434872786,0.10931542434872786
thetao,W10p0,1,2,2,-0.10919234281659036,0.10919234281659036
thetao,W60p0,2,3,1,-0.10886293865757116,0.10886293865757116
so,W10p0,0,1,20,0.10866115124523036,0.10866115124523036
thetao,W40p0,3,4,4,-0.10842380818636084,0.10842380818636084
so,W10p0,6,7,1,-0.10839151095406711,0.10839151095406711
thetao,W30p0,8,9,9,-0.10832479123915774,0.10832479123915774
thetao,W20p0,9,10,15,0.108022521227283,0.108022521227283
thetao,W40p0,3,4,7,-0.1080121431325934,0.1080121431325934
thetao,W10p0,0,1,7,0.107890952270846,0.107890952270846
thetao,W20p0,5,6,2,-0.10788879233709651,0.10788879233709651
thetao,W40p0,3,4,13,0.10786555201050181,0.10786555201050181
so,W10p0,3,4,10,0.10778740798921047,0.10778740798921047
thetao,W40p0,2,3,24,0.10775495610665857,0.10775495610665857
so,W20p0,9,10,12,-0.10773884235181945,0.10773884235181945
so,W20p0,0,1,18,0.10767963185223191,0.10767963185223191
so,W30p0,4,5,6,0.10765757275288222,0.10765757275288222
thetao,W20p0,1,2,20,0.10765263726794838,0.10765263726794838
thetao,W20p0,2,3,8,0.10760911246891007,0.10760911246891007
thetao,W10p0,1,2,20,-0.10757809985704173,0.10757809985704173
thetao,W10p0,4,5,13,0.1075743894941369,0.1075743894941369
thetao,W30p0,0,1,9,-0.10755477610099062,0.10755477610099062
so,W60p0,8,9,14,-0.10728427987466281,0.10728427987466281
thetao,W20p0,9,10,17,0.10726462268735464,0.10726462268735464
thetao,W20p0,2,3,12,0.1072027163832594,0.1072027163832594
thetao,W40p0,2,3,11,-0.1070980932515233,0.1070980932515233
thetao,W60p0,8,9,21,-0.10700620871484164,0.10700620871484164
so,W20p0,5,6,4,-0.10670315516377578,0.10670315516377578
thetao,W30p0,3,4,11,0.10647276392223323,0.10647276392223323
so,W60p0,5,6,6,0.1063657233553249,0.1063657233553249
so,W20p0,6,7,22,-0.10635536331033131,0.10635536331033131
thetao,W40p0,7,8,13,-0.10634776779542181,0.10634776779542181
so,W20p0,6,7,10,0.106250645866469,0.106250645866469
so,W10p0,8,9,12,0.10621812168105245,0.10621812168105245
thetao,W20p0,1,2,13,0.10604912401287707,0.10604912401287707
thetao,W30p0,9,10,16,0.10600170604900373,0.10600170604900373
thetao,W20p0,1,2,14,0.10571333927634487,0.10571333927634487
so,W60p0,8,9,23,0.10569431183318212,0.10569431183318212
so,W60p0,1,2,23,-0.10557338661207098,0.10557338661207098
so,W10p0,8,9,14,0.10554087223572103,0.10554087223572103
so,W30p0,7,8,15,-0.10535885969028633,0.10535885969028633
thetao,W40p0,1,2,8,0.10529295922890601,0.10529295922890601
thetao,W60p0,4,5,17,-0.10523299005706285,0.10523299005706285
thetao,W10p0,1,2,11,-0.10509561334491607,0.10509561334491607
thetao,W30p0,3,4,18,-0.10506708783991658,0.10506708783991658
thetao,W30p0,6,7,19,-0.10506063057472523,0.10506063057472523
so,W20p0,8,9,1,-0.1047705806516463,0.1047705806516463
so,W60p0,9,10,23,0.1044746840700338,0.1044746840700338
thetao,W20p0,4,5,6,0.10445346708142192,0.10445346708142192
thetao,W20p0,2,3,10,0.10440705861159987,0.10440705861159987
thetao,W20p0,2,3,17,-0.10433370098772639,0.10433370098772639
so,W40p0,6,7,10,-0.10410457388434456,0.10410457388434456
thetao,W60p0,3,4,4,-0.10408637177199911,0.10408637177199911
thetao,W10p0,5,6,16,0.10407405736560363,0.10407405736560363
thetao,W20p0,8,9,15,-0.10402283131675819,0.10402283131675819
thetao,W60p0,3,4,7,-0.10401975960731913,0.10401975960731913
thetao,W10p0,9,10,9,-0.10386976844997066,0.10386976844997066
so,W30p0,0,1,24,-0.10380244173735748,0.10380244173735748
so,W10p0,3,4,23,-0.10379081507094619,0.10379081507094619
so,W40p0,1,2,18,0.1037373236660438,0.1037373236660438
so,W30p0,9,10,12,0.10368926423216802,0.10368926423216802
thetao,W20p0,6,7,24,-0.10364699020835319,0.10364699020835319
thetao,W40p0,8,9,5,-0.10356856191568245,0.10356856191568245
so,W10p0,6,7,6,0.10352512550872447,0.10352512550872447
thetao,W20p0,7,8,16,0.1034964037413411,0.1034964037413411
so,W60p0,8,9,12,-0.10337197537408767,0.10337197537408767
so,W60p0,7,8,21,0.10332117706280647,0.10332117706280647
so,W30p0,6,7,22,0.10325466508605088,0.10325466508605088
so,W40p0,3,4,11,-0.10313937936641646,0.10313937936641646
so,W20p0,2,3,1,0.10307575556149012,0.10307575556149012
so,W40p0,7,8,10,0.10306333697866604,0.10306333697866604
thetao,W10p0,7,8,13,-0.10299570132026063,0.10299570132026063
thetao,W20p0,6,7,23,-0.10295173572758307,0.10295173572758307
so,W10p0,9,10,19,-0.10287808484636514,0.10287808484636514
so,W10p0,5,6,24,0.10286785977759082,0.10286785977759082
thetao,W40p0,4,5,7,-0.10284533302971628,0.10284533302971628
so,W60p0,6,7,8,0.1026511470767785,0.1026511470767785
so,W60p0,9,10,15,-0.1025557215269302,0.1025557215269302
thetao,W10p0,6,7,25,0.10242158715801579,0.10242158715801579
thetao,W30p0,4,5,7,0.102331076451008,0.102331076451008
thetao,W20p0,4,5,3,0.10231120186245449,0.10231120186245449
so,W40p0,5,6,21,0.10230161765787964,0.10230161765787964
so,W20p0,1,2,7,0.10224668802269575,0.10224668802269575
thetao,W10p0,6,7,17,-0.10219518817836355,0.10219518817836355
so,W40p0,6,7,5,0.10213456248948462,0.10213456248948462
thetao,W10p0,4,5,2,-0.10207848040615021,0.10207848040615021
so,W40p0,7,8,3,-0.10202730156996057,0.10202730156996057
so,W20p0,7,8,14,0.10198820591639897,0.10198820591639897
so,W60p0,9,10,7,0.10198544850991796,0.10198544850991796
thetao,W20p0,0,1,22,0.10192161673910297,0.10192161673910297
so,W60p0,4,5,22,0.10185167210249349,0.10185167210249349
so,W40p0,0,1,8,-0.10183899750810299,0.10183899750810299
thetao,W30p0,3,4,24,0.1018334530815959,0.1018334530815959
thetao,W20p0,5,6,6,-0.10178007808950343,0.10178007808950343
thetao,W10p0,1,2,13,-0.10173611780216409,0.10173611780216409
so,W40p0,7,8,21,-0.10171267183981102,0.10171267183981102
thetao,W20p0,2,3,13,0.10169941331847765,0.10169941331847765
thetao,W40p0,3,4,18,0.10162872545706161,0.10162872545706161
thetao,W20p0,2,3,11,0.10161261136861126,0.10161261136861126
so,W40p0,5,6,0,-0.10153835221261458,0.10153835221261458
thetao,W20p0,4,5,7,0.1011900192387937,0.1011900192387937
thetao,W10p0,0,1,14,0.10115096837112822,0.10115096837112822
thetao,W10p0,9,10,19,-0.10100330275418853,0.10100330275418853
so,W30p0,8,9,17,0.10092473849981416,0.10092473849981416
thetao,W20p0,7,8,8,-0.10088801079440575,0.10088801079440575
thetao,W20p0,5,6,8,-0.10054183573399068,0.10054183573399068
so,W10p0,3,4,8,0.10052747910241695,0.10052747910241695
thetao,W20p0,4,5,8,0.10046732073833758,0.10046732073833758
so,W60p0,6,7,0,-0.10045833480844807,0.10045833480844807
so,W60p0,9,10,14,-0.10036695418424296,0.10036695418424296
so,W20p0,8,9,3,-0.10034695099913503,0.10034695099913503
thetao,W10p0,8,9,4,-0.10027578474578955,0.10027578474578955
so,W10p0,2,3,6,-0.1001917499214632,0.1001917499214632
so,W30p0,1,2,16,-0.1001729226300567,0.1001729226300567
thetao,W30p0,6,7,17,-0.10008169637114046,0.10008169637114046
thetao,W30p0,0,1,20,0.10002684356102695,0.10002684356102695
thetao,W40p0,0,1,23,0.09997343176718872,0.09997343176718872
thetao,W60p0,3,4,13,-0.09993997199677701,0.09993997199677701
so,W10p0,1,2,22,0.09964155509058244,0.09964155509058244
so,W10p0,2,3,17,-0.09958562714569578,0.09958562714569578
so,W60p0,1,2,10,0.09957742785924915,0.09957742785924915
so,W30p0,6,7,5,0.09946371780713682,0.09946371780713682
thetao,W10p0,1,2,16,-0.0993966027492519,0.0993966027492519
thetao,W20p0,5,6,25,0.09939572016716164,0.09939572016716164
so,W30p0,8,9,4,-0.09927044512646735,0.09927044512646735
thetao,W20p0,6,7,14,0.09926609325430254,0.09926609325430254
thetao,W20p0,0,1,16,-0.09916049281138346,0.09916049281138346
so,W10p0,9,10,7,-0.09907704214600337,0.09907704214600337
so,W20p0,5,6,25,-0.09900254308640925,0.09900254308640925
so,W20p0,5,6,24,-0.0989050232281136,0.0989050232281136
so,W20p0,2,3,0,-0.09888377567625868,0.09888377567625868
so,W20p0,9,10,11,-0.09869251907399804,0.09869251907399804
so,W60p0,0,1,18,-0.09858946677780393,0.09858946677780393
thetao,W60p0,5,6,22,0.09858023074450639,0.09858023074450639
thetao,W10p0,9,10,5,0.09856180415930542,0.09856180415930542
thetao,W10p0,4,5,16,0.09844095346731611,0.09844095346731611
thetao,W40p0,2,3,10,-0.09842863474380853,0.09842863474380853
thetao,W60p0,4,5,8,0.09838913741236147,0.09838913741236147
thetao,W10p0,6,7,1,-0.09832361317599285,0.09832361317599285
so,W30p0,6,7,2,0.09816635585696457,0.09816635585696457
thetao,W20p0,2,3,7,0.09788186216196108,0.09788186216196108
thetao,W60p0,8,9,15,-0.09784344034020451,0.09784344034020451
thetao,W60p0,1,2,11,0.09775329968364321,0.09775329968364321
so,W40p0,8,9,22,0.09773439448737506,0.09773439448737506
so,W30p0,4,5,9,0.09733427729641408,0.09733427729641408
so,W60p0,3,4,8,-0.09724370884559498,0.09724370884559498
so,W20p0,4,5,9,0.09714157659678317,0.09714157659678317
thetao,W30p0,1,2,19,-0.09711152160017988,0.09711152160017988
so,W30p0,1,2,9,-0.09703551639883506,0.09703551639883506
thetao,W10p0,1,2,3,-0.09697970759224371,0.09697970759224371
thetao,W40p0,8,9,25,0.0969052362997026,0.0969052362997026
so,W40p0,6,7,18,0.09689163924502377,0.09689163924502377
thetao,W20p0,8,9,24,0.09675792944013584,0.09675792944013584
so,W60p0,7,8,20,0.0967349439107406,0.0967349439107406
so,W40p0,2,3,5,-0.09650082535026275,0.09650082535026275
so,W30p0,8,9,15,0.09639936223165416,0.09639936223165416
thetao,W60p0,4,5,13,-0.09630034278227563,0.09630034278227563
thetao,W40p0,3,4,6,-0.09629190485061863,0.09629190485061863
thetao,W20p0,6,7,15,0.09604464738255859,0.09604464738255859
so,W40p0,3,4,17,-0.09597066626833275,0.09597066626833275
thetao,W20p0,2,3,5,0.09568278830932334,0.09568278830932334
so,W30p0,2,3,11,-0.09566060203271039,0.09566060203271039
thetao,W10p0,8,9,2,-0.09532658713046033,0.09532658713046033
so,W20p0,3,4,18,-0.09528664989362086,0.09528664989362086
thetao,W40p0,6,7,6,0.09527940904032481,0.09527940904032481
thetao,W60p0,1,2,2,-0.09517445732563264,0.09517445732563264
so,W10p0,5,6,17,0.09514270843231677,0.09514270843231677
so,W20p0,5,6,1,0.09505921180319958,0.09505921180319958
so,W30p0,4,5,23,0.0949069323926618,0.0949069323926618
thetao,W30p0,9,10,9,-0.09486357441039285,0.09486357441039285
thetao,W40p0,5,6,10,0.09468139834431062,0.09468139834431062
so,W60p0,3,4,22,-0.09464713306113891,0.09464713306113891
thetao,W40p0,0,1,5,-0.0946353129615492,0.0946353129615492
so,W10p0,9,10,10,-0.09456048303611139,0.09456048303611139
thetao,W10p0,8,9,6,-0.09449950736491454,0.09449950736491454
so,W60p0,9,10,20,0.0943724193781286,0.0943724193781286
so,W10p0,3,4,18,0.0942248578964428,0.0942248578964428
so,W30p0,3,4,15,0.09404459845722027,0.09404459845722027
thetao,W60p0,0,1,25,0.09385071421113951,0.09385071421113951
so,W20p0,3,4,1,0.09357351235834731,0.09357351235834731
thetao,W20p0,2,3,9,0.09352482932659885,0.09352482932659885
so,W20p0,4,5,17,0.09347378296352117,0.09347378296352117
so,W20p0,2,3,21,0.09345404273146328,0.09345404273146328
so,W10p0,0,1,1,-0.09341900311669013,0.09341900311669013
thetao,W20p0,8,9,6,-0.09330817959680715,0.09330817959680715
thetao,W10p0,1,2,9,-0.09324446409204695,0.09324446409204695
so,W30p0,8,9,25,0.09323362118802817,0.09323362118802817
thetao,W30p0,6,7,8,0.09317203244478874,0.09317203244478874
so,W10p0,6,7,11,-0.0930690199225484,0.0930690199225484
so,W10p0,0,1,21,0.09306273700563564,0.09306273700563564
thetao,W40p0,9,10,12,0.09301185290028983,0.09301185290028983
thetao,W60p0,5,6,20,0.09288660940394199,0.09288660940394199
thetao,W60p0,5,6,15,0.0927947528639641,0.0927947528639641
so,W60p0,3,4,16,0.0927877675546566,0.0927877675546566
so,W10p0,9,10,20,-0.09278702582060984,0.09278702582060984
so,W60p0,8,9,5,-0.09275120976496452,0.09275120976496452
so,W40p0,1,2,17,0.09272531780914549,0.09272531780914549
so,W40p0,9,10,11,-0.09271252406940154,0.09271252406940154
so,W10p0,0,1,8,-0.09260088346839003,0.09260088346839003
so,W30p0,9,10,4,0.09259660464982346,0.09259660464982346
so,W20p0,1,2,16,0.09259605464938765,0.09259605464938765
thetao,W40p0,6,7,5,0.09236270521787024,0.09236270521787024
thetao,W20p0,1,2,22,0.09213884903690761,0.09213884903690761
thetao,W30p0,0,1,22,0.09212638497202623,0.09212638497202623
so,W60p0,8,9,20,0.09211740106411195,0.09211740106411195
so,W20p0,3,4,12,0.09192921660745886,0.09192921660745886
so,W60p0,2,3,23,-0.09189712422461215,0.09189712422461215
thetao,W10p0,9,10,13,-0.09183370131711589,0.09183370131711589
thetao,W10p0,7,8,23,0.09181191487608892,0.09181191487608892
so,W60p0,5,6,5,0.09180396416317543,0.09180396416317543
so,W30p0,3,4,5,-0.09164671932161547,0.09164671932161547
so,W10p0,5,6,18,0.09156610181368229,0.09156610181368229
so,W40p0,4,5,12,-0.091532482857944,0.091532482857944
thetao,W40p0,8,9,2,0.09153118713849501,0.09153118713849501
thetao,W30p0,2,3,17,-0.0913671335726716,0.0913671335726716
thetao,W40p0,6,7,24,0.09136713298618007,0.09136713298618007
thetao,W60p0,7,8,10,-0.09129844633252485,0.09129844633252485
thetao,W30p0,1,2,17,-0.091013342461076,0.091013342461076
so,W60p0,9,10,13,-0.09088587088927483,0.09088587088927483
thetao,W20p0,1,2,15,0.09080340645250161,0.09080340645250161
so,W10p0,8,9,6,0.09077622277329361,0.09077622277329361
so,W60p0,3,4,17,0.09073697474406486,0.09073697474406486
so,W10p0,9,10,4,-0.09065473998103121,0.09065473998103121
thetao,W40p0,8,9,20,0.09054145167652622,0.09054145167652622
so,W40p0,0,1,11,-0.09053297153680731,0.09053297153680731
so,W20p0,0,1,25,-0.09048304713110955,0.09048304713110955
thetao,W30p0,3,4,6,0.09047034307576567,0.09047034307576567
so,W40p0,3,4,12,-0.09044261538454154,0.09044261538454154
so,W10p0,9,10,9,-0.09043815504536365,0.09043815504536365
thetao,W10p0,9,10,0,0.09038669137247926,0.09038669137247926
thetao,W20p0,0,1,11,0.09037460388399153,0.09037460388399153
so,W30p0,6,7,12,-0.09025387843717125,0.09025387843717125
thetao,W20p0,2,3,6,0.09018951674210547,0.09018951674210547
so,W20p0,8,9,16,0.09008961897189287,0.09008961897189287
thetao,W40p0,5,6,22,-0.08989076698084064,0.08989076698084064
thetao,W60p0,7,8,21,-0.08987571023018995,0.08987571023018995
thetao,W10p0,9,10,1,0.08984984981301884,0.08984984981301884
so,W10p0,6,7,16,-0.08977933078356667,0.08977933078356667
thetao,W60p0,8,9,1,-0.08976988085248616,0.08976988085248616
so,W10p0,2,3,16,-0.08976289327269531,0.08976289327269531
so,W20p0,9,10,8,-0.08963154297898111,0.08963154297898111
thetao,W20p0,9,10,13,-0.08958276255599139,0.08958276255599139
thetao,W10p0,9,10,8,-0.08943489529365406,0.08943489529365406
so,W60p0,3,4,14,0.08938925651696322,0.08938925651696322
thetao,W60p0,1,2,10,0.08937458592638342,0.08937458592638342
thetao,W40p0,1,2,9,0.08914927877017322,0.08914927877017322
thetao,W40p0,9,10,4,0.0891402439213913,0.0891402439213913
thetao,W40p0,1,2,12,0.08913461478589489,0.08913461478589489
so,W30p0,9,10,8,0.08889189945045471,0.08889189945045471
so,W40p0,9,10,6,0.08887941156101342,0.08887941156101342
so,W10p0,0,1,7,-0.08887423354785125,0.08887423354785125
thetao,W40p0,3,4,23,-0.08885621085495361,0.08885621085495361
thetao,W60p0,2,3,6,0.08884494334685737,0.08884494334685737
thetao,W10p0,5,6,23,0.0887956881850597,0.0887956881850597
so,W20p0,5,6,19,-0.08870405688418287,0.08870405688418287
thetao,W40p0,9,10,5,0.08860086390372243,0.08860086390372243
thetao,W30p0,6,7,2,0.08857375004695257,0.08857375004695257
thetao,W30p0,7,8,5,-0.0885193065984909,0.0885193065984909
so,W40p0,9,10,10,-0.08851124816723613,0.08851124816723613
thetao,W20p0,6,7,12,0.08846050985270079,0.08846050985270079
thetao,W60p0,3,4,11,-0.08819605502420468,0.08819605502420468
so,W30p0,4,5,22,0.08806898757573514,0.08806898757573514
so,W30p0,5,6,7,-0.08803806830386073,0.08803806830386073
thetao,W20p0,0,1,0,0.0879006772759983,0.0879006772759983
so,W30p0,5,6,22,-0.08786909344881252,0.08786909344881252
so,W40p0,7,8,25,-0.08776514886629515,0.08776514886629515
thetao,W60p0,0,1,24,0.08765801563220647,0.08765801563220647
so,W20p0,6,7,18,0.08763366859250711,0.08763366859250711
thetao,W10p0,6,7,24,0.08760471087623499,0.08760471087623499
thetao,W20p0,1,2,6,-0.08745860817121473,0.08745860817121473
so,W20p0,8,9,7,-0.08720928559406964,0.08720928559406964
so,W10p0,0,1,11,-0.08718657292391864,0.08718657292391864
thetao,W40p0,6,7,2,-0.0871232580804389,0.0871232580804389
thetao,W20p0,0,1,15,-0.08710559934114045,0.08710559934114045
thetao,W30p0,0,1,25,0.08705851659254203,0.08705851659254203
so,W60p0,4,5,10,0.0869202711426822,0.0869202711426822
so,W60p0,8,9,16,0.08679090158257999,0.08679090158257999
thetao,W40p0,5,6,18,-0.08656626404392924,0.08656626404392924
so,W10p0,4,5,0,0.08636780022487046,0.08636780022487046
so,W60p0,2,3,2,0.08634740588327033,0.08634740588327033
so,W30p0,7,8,11,-0.08630591187781003,0.08630591187781003
thetao,W10p0,8,9,10,-0.08626335246490843,0.08626335246490843
so,W60p0,7,8,17,0.08607355904972842,0.08607355904972842
thetao,W20p0,5,6,3,-0.08598454579738886,0.08598454579738886
so,W10p0,3,4,22,-0.08589650767988934,0.08589650767988934
so,W10p0,2,3,24,0.08584143438807529,0.08584143438807529
so,W30p0,3,4,7,-0.08582573332555768,0.08582573332555768
so,W30p0,1,2,10,-0.08580443766626006,0.08580443766626006
thetao,W30p0,6,7,3,0.08570439197316242,0.08570439197316242
thetao,W10p0,4,5,5,0.08558729199864065,0.08558729199864065
thetao,W30p0,3,4,17,-0.08545588807866342,0.08545588807866342
so,W40p0,6,7,7,0.08525574740170125,0.08525574740170125
so,W10p0,0,1,15,-0.08521422729163992,0.08521422729163992
thetao,W40p0,7,8,4,-0.08520983773852978,0.08520983773852978
so,W30p0,9,10,13,0.08515784741041141,0.08515784741041141
thetao,W60p0,0,1,23,0.0849740340178977,0.0849740340178977
so,W30p0,6,7,19,0.08494127164949687,0.08494127164949687
so,W20p0,2,3,7,0.08489549019013333,0.08489549019013333
thetao,W40p0,7,8,3,-0.0848287185564698,0.0848287185564698
thetao,W20p0,0,1,12,0.08473156135727941,0.08473156135727941
so,W30p0,3,4,18,0.08457114406770222,0.08457114406770222
thetao,W30p0,0,1,21,0.08449987451899092,0.08449987451899092
so,W40p0,0,1,23,0.08439934553137866,0.08439934553137866
thetao,W20p0,1,2,18,0.08433789446439037,0.08433789446439037
thetao,W40p0,3,4,24,-0.08422589591646915,0.08422589591646915
thetao,W20p0,5,6,24,0.08417055324502107,0.08417055324502107
so,W20p0,4,5,1,0.08409777142171167,0.08409777142171167
so,W40p0,7,8,19,-0.08373908662324986,0.08373908662324986
so,W10p0,9,10,2,-0.08368971455064286,0.08368971455064286
thetao,W60p0,7,8,9,-0.08367046860579354,0.08367046860579354
so,W60p0,2,3,6,-0.08338763300848569,0.08338763300848569
thetao,W30p0,1,2,15,0.08338133678234731,0.08338133678234731
so,W30p0,1,2,23,0.08333629044948503,0.08333629044948503
so,W10p0,6,7,14,-0.08321774756870301,0.08321774756870301
thetao,W30p0,3,4,4,0.08319817769312055,0.08319817769312055
so,W40p0,6,7,25,-0.0831009230440636,0.0831009230440636
thetao,W10p0,4,5,7,0.08295293869854092,0.08295293869854092
so,W30p0,4,5,8,0.08283146915420865,0.08283146915420865
thetao,W40p0,6,7,19,0.08272829772218546,0.08272829772218546
thetao,W40p0,2,3,7,-0.0825865055191172,0.0825865055191172
so,W60p0,9,10,22,0.08254110030431834,0.08254110030431834
so,W10p0,1,2,25,-0.08237694089625862,0.08237694089625862
thetao,W10p0,3,4,1,-0.08229461132665807,0.08229461132665807
so,W10p0,6,7,8,0.08222944055293122,0.08222944055293122
thetao,W40p0,1,2,11,0.08202315524504254,0.08202315524504254
so,W40p0,0,1,6,-0.08156538815761366,0.08156538815761366
so,W20p0,1,2,8,0.08142716094412994,0.08142716094412994
so,W20p0,1,2,5,-0.08130500969247395,0.08130500969247395
so,W40p0,0,1,12,-0.0812692680143882,0.0812692680143882
so,W30p0,6,7,17,0.08122233954976779,0.08122233954976779
thetao,W20p0,6,7,1,-0.08117790830503156,0.08117790830503156
so,W60p0,5,6,23,0.08104875900266963,0.08104875900266963
so,W30p0,5,6,1,0.08095078251985517,0.08095078251985517
so,W30p0,2,3,7,0.08090577710794812,0.08090577710794812
so,W40p0,0,1,22,0.08069100754891707,0.08069100754891707
thetao,W10p0,8,9,5,-0.08069070159938313,0.08069070159938313
so,W20p0,5,6,22,-0.0806332945791816,0.0806332945791816
thetao,W30p0,9,10,14,0.08048603969186453,0.08048603969186453
thetao,W20p0,1,2,19,0.08045142089071083,0.08045142089071083
so,W20p0,8,9,2,-0.08031953348979326,0.08031953348979326
thetao,W10p0,1,2,22,-0.08018590574412104,0.08018590574412104
thetao,W10p0,4,5,10,0.08006187483840888,0.08006187483840888
so,W40p0,2,3,25,0.0799871425656221,0.0799871425656221
so,W30p0,3,4,1,0.07998672105508181,0.07998672105508181
so,W20p0,4,5,13,0.07985117799284405,0.07985117799284405
thetao,W20p0,3,4,25,-0.07975956226600438,0.07975956226600438
thetao,W40p0,4,5,10,0.07972552866800682,0.07972552866800682
thetao,W30p0,4,5,16,0.07970783634219222,0.07970783634219222
so,W10p0,2,3,19,0.0796651576990568,0.0796651576990568
so,W60p0,6,7,7,0.0796247177523388,0.0796247177523388
thetao,W40p0,0,1,2,-0.07959212040161921,0.07959212040161921
thetao,W30p0,2,3,18,-0.07952553204384026,0.07952553204384026
so,W30p0,6,7,14,0.07946175175164263,0.07946175175164263
thetao,W20p0,3,4,7,-0.07940225740241344,0.07940225740241344
so,W20p0,7,8,15,0.07938487577757708,0.07938487577757708
so,W30p0,5,6,17,-0.07922917936500025,0.07922917936500025
so,W30p0,7,8,12,0.07908500556750554,0.07908500556750554
thetao,W20p0,3,4,4,0.0790825557445278,0.0790825557445278
so,W60p0,1,2,12,0.0785621247084703,0.0785621247084703
thetao,W60p0,4,5,2,0.07855916817411958,0.07855916817411958
so,W30p0,4,5,25,0.07853616856223371,0.07853616856223371
thetao,W30p0,6,7,0,0.07850857950310358,0.07850857950310358
thetao,W30p0,8,9,6,-0.07847637264637898,0.07847637264637898
thetao,W10p0,5,6,20,0.07842731457391638,0.07842731457391638
so,W30p0,2,3,16,-0.07838322319236771,0.07838322319236771
thetao,W10p0,8,9,9,-0.07825151766003363,0.07825151766003363
so,W20p0,3,4,20,0.0782482085786749,0.0782482085786749
thetao,W60p0,4,5,9,0.07804929216480387,0.07804929216480387
so,W10p0,6,7,17,-0.0780472864717443,0.0780472864717443
thetao,W10p0,8,9,7,-0.07802989494963426,0.07802989494963426
thetao,W10p0,5,6,15,0.07800712213990234,0.07800712213990234
so,W60p0,5,6,9,0.07799536224689829,0.07799536224689829
thetao,W20p0,4,5,24,0.07799492071647832,0.07799492071647832
thetao,W20p0,7,8,7,-0.07781138979914008,0.07781138979914008
thetao,W60p0,6,7,1,0.07767865495030359,0.07767865495030359
thetao,W10p0,1,2,17,-0.07758536697756852,0.07758536697756852
so,W10p0,3,4,25,0.07750040716803695,0.07750040716803695
thetao,W40p0,7,8,25,-0.07748163043834237,0.07748163043834237
thetao,W30p0,4,5,6,0.07744671367240788,0.07744671367240788
thetao,W40p0,2,3,23,0.0772974228230298,0.0772974228230298
so,W10p0,8,9,13,0.07729499306814007,0.07729499306814007
so,W30p0,5,6,23,-0.07712052203702291,0.07712052203702291
so,W40p0,5,6,22,0.07707800057400482,0.07707800057400482
thetao,W40p0,2,3,9,-0.0768596218397764,0.0768596218397764
thetao,W40p0,9,10,9,0.07677473722282288,0.07677473722282288
thetao,W30p0,9,10,22,0.07668345198688954,0.07668345198688954
thetao,W20p0,6,7,19,0.07647750115779957,0.07647750115779957
thetao,W30p0,3,4,5,0.07618612227184865,0.07618612227184865
so,W10p0,4,5,9,0.07614256139739665,0.07614256139739665
so,W30p0,5,6,3,-0.07608298592367295,0.07608298592367295
so,W30p0,0,1,17,0.07602508418333669,0.07602508418333669
thetao,W10p0,5,6,19,0.07598126522634109,0.07598126522634109
thetao,W40p0,1,2,10,0.07596944452264098,0.07596944452264098
so,W60p0,8,9,1,-0.07595720911052076,0.07595720911052076
thetao,W10p0,0,1,15,0.07575663939754301,0.07575663939754301
so,W20p0,6,7,8,-0.07567231569252972,0.07567231569252972
so,W40p0,3,4,2,0.07558562047176304,0.07558562047176304
thetao,W40p0,9,10,2,0.07527639820589177,0.07527639820589177
so,W30p0,2,3,10,0.07518564647241423,0.07518564647241423
so,W60p0,2,3,14,0.07517881835399502,0.07517881835399502
so,W40p0,7,8,4,-0.07517638307271465,0.07517638307271465
so,W60p0,1,2,11,0.07506230075520948,0.07506230075520948
thetao,W20p0,5,6,0,-0.0749656961764069,0.0749656961764069
thetao,W10p0,6,7,9,-0.07488396085194947,0.07488396085194947
thetao,W20p0,0,1,20,0.07476319716076933,0.07476319716076933
so,W60p0,8,9,11,-0.07457625946916945,0.07457625946916945
so,W10p0,6,7,22,0.07453507956214868,0.07453507956214868
so,W10p0,8,9,7,0.07442669341234907,0.07442669341234907
thetao,W30p0,1,2,20,-0.07435118247910846,0.07435118247910846
so,W60p0,4,5,12,0.07428764113383729,0.07428764113383729
thetao,W30p0,6,7,11,0.07423919526087351,0.07423919526087351
thetao,W60p0,7,8,15,-0.07415428622754874,0.07415428622754874
thetao,W10p0,9,10,4,0.07407867568325713,0.07407867568325713
so,W30p0,7,8,7,-0.07405100908976608,0.07405100908976608
so,W30p0,4,5,4,0.07400865749609917,0.07400865749609917
thetao,W10p0,1,2,21,-0.073962426897798,0.073962426897798
so,W60p0,6,7,18,-0.0735918876848,0.0735918876848
thetao,W20p0,7,8,12,-0.07352576100299674,0.07352576100299674
thetao,W60p0,1,2,14,0.07348031558768053,0.07348031558768053
thetao,W30p0,7,8,17,-0.07344952538073973,0.07344952538073973
so,W30p0,5,6,8,-0.07343334562654694,0.07343334562654694
thetao,W60p0,8,9,4,0.07336081387347532,0.07336081387347532
so,W30p0,6,7,25,0.07310797790578576,0.07310797790578576
so,W20p0,0,1,11,0.07302124458371662,0.07302124458371662
thetao,W30p0,0,1,3,-0.07301065701042013,0.07301065701042013
thetao,W60p0,6,7,18,-0.07292770286468886,0.07292770286468886
thetao,W30p0,7,8,11,-0.07283080787957588,0.07283080787957588
thetao,W60p0,4,5,23,0.0727426852639325,0.0727426852639325
so,W40p0,0,1,5,-0.07268149614074879,0.07268149614074879
so,W60p0,4,5,9,0.07257208647879622,0.07257208647879622
so,W30p0,3,4,3,0.07255401934200205,0.07255401934200205
so,W30p0,7,8,6,-0.07244995454291239,0.07244995454291239
so,W20p0,4,5,3,0.07241654121394894,0.07241654121394894
so,W60p0,2,3,3,0.07226611557506778,0.07226611557506778
thetao,W10p0,3,4,12,-0.07224043185422908,0.07224043185422908
so,W30p0,8,9,13,0.07215009201320266,0.07215009201320266
thetao,W40p0,9,10,8,0.0720462146994909,0.0720462146994909
thetao,W60p0,1,2,5,-0.07196180746877652,0.07196180746877652
thetao,W30p0,0,1,2,-0.07184549328015362,0.07184549328015362
so,W40p0,9,10,18,-0.07182142018307307,0.07182142018307307
so,W10p0,2,3,25,0.07181574846924967,0.07181574846924967
thetao,W30p0,7,8,21,-0.07175747894120944,0.07175747894120944
thetao,W60p0,2,3,13,0.07164723734301674,0.07164723734301674
so,W10p0,5,6,23,-0.07150597261660177,0.07150597261660177
so,W40p0,4,5,10,-0.07147414378061986,0.07147414378061986
so,W30p0,4,5,24,0.07134688138959862,0.07134688138959862
so,W20p0,7,8,7,-0.07124877312134455,0.07124877312134455
thetao,W20p0,9,10,14,-0.07116111358157735,0.07116111358157735
so,W60p0,2,3,12,-0.07115624666619272,0.07115624666619272
so,W40p0,7,8,23,-0.07112275932517187,0.07112275932517187
so,W60p0,4,5,17,-0.07110620685787736,0.07110620685787736
thetao,W30p0,0,1,18,0.07104218396179865,0.07104218396179865
so,W40p0,4,5,6,-0.07093491519656861,0.07093491519656861
thetao,W10p0,7,8,21,0.0708390231089294,0.0708390231089294
thetao,W40p0,7,8,5,-0.07077251485034321,0.07077251485034321
so,W40p0,4,5,13,-0.07062201919588525,0.07062201919588525
so,W40p0,8,9,3,0.07053816959944643,0.07053816959944643
so,W60p0,8,9,9,-0.07048694031617836,0.07048694031617836
thetao,W30p0,1,2,24,0.07042513542219161,0.07042513542219161
thetao,W20p0,5,6,4,-0.07041727165624823,0.07041727165624823
thetao,W60p0,0,1,21,0.07004630259263929,0.07004630259263929
so,W20p0,5,6,8,-0.07001958914181375,0.07001958914181375
thetao,W30p0,5,6,3,0.06975161134424784,0.06975161134424784
thetao,W20p0,8,9,20,0.06972692332303959,0.06972692332303959
so,W10p0,8,9,25,0.06971701345879759,0.06971701345879759
so,W30p0,9,10,10,0.06962479182636587,0.06962479182636587
so,W20p0,4,5,25,0.0695546046645281,0.0695546046645281
so,W30p0,3,4,17,0.06952737917417749,0.06952737917417749
thetao,W20p0,4,5,2,0.06951340509261145,0.06951340509261145
so,W20p0,7,8,25,0.06934121560204658,0.06934121560204658
so,W20p0,8,9,11,0.06915932596038443,0.06915932596038443
so,W60p0,4,5,5,-0.06896113577284853,0.06896113577284853
thetao,W40p0,3,4,9,-0.06891750081304351,0.06891750081304351
so,W20p0,6,7,20,0.06882405995304974,0.06882405995304974
so,W30p0,3,4,0,0.06881104305630588,0.06881104305630588
thetao,W40p0,2,3,5,-0.06872251879746087,0.06872251879746087
thetao,W40p0,9,10,3,0.06848534446456538,0.06848534446456538
thetao,W30p0,3,4,16,-0.06848062169102086,0.06848062169102086
thetao,W60p0,7,8,14,-0.06839730532951357,0.06839730532951357
thetao,W10p0,4,5,3,-0.0683561458113098,0.0683561458113098
thetao,W40p0,7,8,10,0.06828138381108773,0.06828138381108773
so,W20p0,4,5,16,-0.06820685129998116,0.06820685129998116
so,W30p0,7,8,16,0.06807439957962966,0.06807439957962966
thetao,W40p0,0,1,11,-0.06803072698249914,0.06803072698249914
thetao,W60p0,4,5,12,-0.06787717853403213,0.06787717853403213
so,W10p0,0,1,6,-0.06779782768437903,0.06779782768437903
thetao,W60p0,4,5,14,-0.06772967434588033,0.06772967434588033
thetao,W60p0,2,3,24,0.06758655915832584,0.06758655915832584
thetao,W20p0,4,5,1,0.06752238735413817,0.06752238735413817
thetao,W60p0,9,10,15,-0.0675207746016528,0.0675207746016528
thetao,W60p0,4,5,15,-0.06748862841791134,0.06748862841791134
so,W20p0,9,10,10,-0.06743293181261857,0.06743293181261857
thetao,W10p0,0,1,6,0.0673689644841119,0.0673689644841119
so,W40p0,6,7,0,0.06736474447954556,0.06736474447954556
so,W40p0,5,6,24,0.06736140416167244,0.06736140416167244
so,W40p0,7,8,24,-0.06733664509396495,0.06733664509396495
thetao,W10p0,9,10,6,0.06693986242654716,0.06693986242654716
thetao,W40p0,6,7,20,0.06669946481729774,0.06669946481729774
so,W10p0,8,9,22,-0.0666636276876804,0.0666636276876804
thetao,W30p0,1,2,0,-0.06663557084357616,0.06663557084357616
thetao,W60p0,6,7,15,-0.06663552983983002,0.06663552983983002
so,W10p0,2,3,21,0.06659361983415432,0.06659361983415432
thetao,W60p0,5,6,1,-0.06655708400928782,0.06655708400928782
so,W30p0,2,3,22,-0.06635167431705968,0.06635167431705968
so,W30p0,1,2,1,-0.0662715410672023,0.0662715410672023
so,W40p0,4,5,7,-0.06625378619154403,0.06625378619154403
thetao,W30p0,7,8,4,-0.06624321414540578,0.06624321414540578
so,W40p0,3,4,25,0.06616864731972467,0.06616864731972467
so,W60p0,1,2,15,0.06612088227102739,0.06612088227102739
thetao,W10p0,1,2,14,-0.06609011808593046,0.06609011808593046
so,W20p0,0,1,24,-0.06596583276685918,0.06596583276685918
so,W30p0,6,7,8,0.0658095202615371,0.0658095202615371
so,W40p0,6,7,24,0.065807491572645,0.065807491572645
thetao,W10p0,7,8,10,-0.0658005023331277,0.0658005023331277
thetao,W10p0,0,1,5,0.06566112265990005,0.06566112265990005
thetao,W10p0,4,5,18,-0.06561452511902618,0.06561452511902618
thetao,W40p0,4,5,22,0.06536676886808183,0.06536676886808183
thetao,W20p0,7,8,14,0.06525663933746674,0.06525663933746674
thetao,W60p0,6,7,9,0.0652095516923114,0.0652095516923114
thetao,W20p0,1,2,7,-0.0651954688349342,0.0651954688349342
so,W10p0,3,4,24,-0.06505574220759665,0.06505574220759665
thetao,W10p0,3,4,3,-0.06502914268193886,0.06502914268193886
thetao,W10p0,5,6,7,0.06496825833154671,0.06496825833154671
thetao,W60p0,1,2,15,0.06464350363583239,0.06464350363583239
so,W30p0,9,10,14,0.06463551279413496,0.06463551279413496
so,W30p0,5,6,20,-0.06463361301766153,0.06463361301766153
thetao,W40p0,5,6,20,-0.06461139166700433,0.06461139166700433
so,W10p0,1,2,23,0.06460841072711061,0.06460841072711061
thetao,W30p0,2,3,16,-0.06456990998155035,0.06456990998155035
thetao,W30p0,2,3,22,0.06452299369362496,0.06452299369362496
so,W10p0,9,10,11,-0.06443499495077351,0.06443499495077351
so,W30p0,3,4,12,-0.06426435623408587,0.06426435623408587
thetao,W40p0,5,6,15,0.06356783729153208,0.06356783729153208
thetao,W10p0,9,10,10,-0.06338005612488204,0.06338005612488204
so,W60p0,8,9,15,0.06324237228163418,0.06324237228163418
so,W20p0,7,8,11,-0.06316097656568967,0.06316097656568967
so,W10p0,3,4,12,0.0631539207774335,0.0631539207774335
so,W30p0,6,7,15,0.06307567105998126,0.06307567105998126
so,W60p0,4,5,25,0.06303392889127689,0.06303392889127689
thetao,W20p0,4,5,25,0.06300844121888491,0.06300844121888491
so,W20p0,3,4,11,0.06288257228617157,0.06288257228617157
so,W30p0,3,4,25,0.06273555141339604,0.06273555141339604
thetao,W40p0,0,1,22,0.06271997232763732,0.06271997232763732
so,W20p0,7,8,6,-0.06264097957939577,0.06264097957939577
so,W20p0,3,4,25,-0.06260004880618227,0.06260004880618227
so,W40p0,1,2,24,-0.06257054287803389,0.06257054287803389
so,W30p0,9,10,9,0.06256640223799072,0.06256640223799072
so,W30p0,3,4,4,-0.06240810435584218,0.06240810435584218
thetao,W30p0,2,3,15,-0.06239174695223001,0.06239174695223001
thetao,W30p0,6,7,7,0.06220840624428093,0.06220840624428093
so,W40p0,8,9,12,0.062157315278900775,0.062157315278900775
thetao,W10p0,8,9,0,-0.06215421922982213,0.06215421922982213
thetao,W20p0,3,4,23,0.06214902513111427,0.06214902513111427
so,W30p0,2,3,24,-0.06202094893881158,0.06202094893881158
thetao,W60p0,7,8,18,-0.06198242678877936,0.06198242678877936
so,W60p0,8,9,18,0.06161614476635044,0.06161614476635044
so,W40p0,2,3,24,0.0614966222854807,0.0614966222854807
thetao,W30p0,2,3,14,-0.06143797070386029,0.06143797070386029
thetao,W40p0,0,1,7,-0.06136935569875683,0.06136935569875683
so,W10p0,2,3,18,-0.06125077901425432,0.06125077901425432
so,W40p0,0,1,24,0.06122852948831354,0.06122852948831354
thetao,W60p0,1,2,22,-0.06105395387102798,0.06105395387102798
so,W30p0,8,9,11,-0.06084037015687826,0.06084037015687826
so,W60p0,1,2,0,0.06076918771626951,0.06076918771626951
thetao,W60p0,1,2,19,-0.0607507297318012,0.0607507297318012
thetao,W20p0,4,5,0,0.060644521925557276,0.060644521925557276
so,W20p0,1,2,17,0.06028283442050304,0.06028283442050304
so,W30p0,2,3,8,-0.0601851737449497,0.0601851737449497
so,W30p0,0,1,19,0.060138781106711905,0.060138781106711905
thetao,W10p0,0,1,4,0.0600256470259433,0.0600256470259433
so,W20p0,8,9,6,-0.05995263249562891,0.05995263249562891
so,W40p0,8,9,24,-0.05987035629006144,0.05987035629006144
thetao,W20p0,5,6,23,0.059866316029742045,0.059866316029742045
thetao,W60p0,5,6,19,0.059819895438548855,0.059819895438548855
so,W40p0,3,4,14,-0.05977009066583874,0.05977009066583874
thetao,W60p0,9,10,20,0.05965967476406971,0.05965967476406971
so,W20p0,3,4,0,-0.05940284143854078,0.05940284143854078
thetao,W20p0,6,7,21,-0.05932978747250372,0.05932978747250372
so,W20p0,5,6,6,-0.05914201040543146,0.05914201040543146
so,W60p0,8,9,7,-0.05899157329470261,0.05899157329470261
thetao,W30p0,4,5,5,0.05889276922528538,0.05889276922528538
thetao,W10p0,6,7,20,-0.05885563015756873,0.05885563015756873
thetao,W30p0,7,8,19,-0.058817451934433676,0.058817451934433676
so,W20p0,1,2,25,-0.05881465815881723,0.05881465815881723
so,W20p0,6,7,21,-0.05873108782299832,0.05873108782299832
thetao,W20p0,0,1,17,-0.05856060014008214,0.05856060014008214
thetao,W10p0,2,3,22,0.05842185698361507,0.05842185698361507
thetao,W40p0,8,9,19,0.05837879491404817,0.05837879491404817
so,W30p0,9,10,11,0.05835150397591286,0.05835150397591286
thetao,W10p0,5,6,12,-0.05828150288743893,0.05828150288743893
thetao,W30p0,6,7,13,-0.058231398820312634,0.058231398820312634
so,W60p0,9,10,19,0.05822511182050828,0.05822511182050828
so,W30p0,7,8,3,-0.05808664508625016,0.05808664508625016
so,W40p0,6,7,8,0.058043047524001724,0.058043047524001724
thetao,W60p0,3,4,12,-0.05798576070291365,0.05798576070291365
so,W30p0,9,10,18,-0.057979621025788755,0.057979621025788755
thetao,W60p0,2,3,14,-0.05791210102306702,0.05791210102306702
so,W20p0,8,9,4,-0.05790422483859075,0.05790422483859075
thetao,W60p0,6,7,10,0.05780628802066053,0.05780628802066053
so,W10p0,5,6,25,0.0577184800606162,0.0577184800606162
so,W10p0,8,9,21,0.05761455213849098,0.05761455213849098
so,W20p0,3,4,15,0.05759840252577246,0.05759840252577246
thetao,W40p0,9,10,1,0.05752416451938484,0.05752416451938484
thetao,W10p0,1,2,18,-0.057464639705488665,0.057464639705488665
thetao,W30p0,7,8,8,0.057388449777540436,0.057388449777540436
so,W40p0,9,10,2,0.057380552531855304,0.057380552531855304
so,W10p0,3,4,5,0.057078906270656635,0.057078906270656635
so,W20p0,8,9,22,-0.05697202209991972,0.05697202209991972
so,W30p0,1,2,2,-0.05690995533080513,0.05690995533080513
thetao,W60p0,4,5,5,0.056864656135798546,0.056864656135798546
thetao,W30p0,3,4,25,0.05683370266504311,0.05683370266504311
thetao,W60p0,8,9,23,-0.05670923600689007,0.05670923600689007
so,W40p0,4,5,22,0.05664435566881174,0.05664435566881174
thetao,W30p0,2,3,21,0.056610607614631804,0.056610607614631804
thetao,W20p0,6,7,5,-0.05635724742109061,0.05635724742109061
thetao,W60p0,9,10,14,-0.05632001493188242,0.05632001493188242
thetao,W60p0,1,2,12,0.05619743194836954,0.05619743194836954
so,W60p0,8,9,3,-0.05586706587995039,0.05586706587995039
so,W20p0,7,8,12,0.055860293012252184,0.055860293012252184
so,W20p0,3,4,24,-0.05583305059775111,0.05583305059775111
thetao,W30p0,3,4,12,0.05580714358292609,0.05580714358292609
thetao,W20p0,7,8,23,-0.055756419332872176,0.055756419332872176
so,W20p0,0,1,22,0.05573075231107053,0.05573075231107053
thetao,W20p0,5,6,13,-0.055720856397100664,0.055720856397100664
so,W60p0,4,5,6,-0.055688429118680945,0.055688429118680945
thetao,W20p0,3,4,11,0.05568819052765977,0.05568819052765977
so,W20p0,3,4,8,-0.05556619629953298,0.05556619629953298
so,W40p0,3,4,20,-0.05555045042360899,0.05555045042360899
thetao,W10p0,5,6,9,-0.05548423444572876,0.05548423444572876
so,W20p0,1,2,2,0.055462166733186394,0.055462166733186394
so,W30p0,2,3,19,0.05534900231422057,0.05534900231422057
thetao,W40p0,9,10,10,0.055308174715534446,0.055308174715534446
thetao,W30p0,2,3,12,-0.05525147561104213,0.05525147561104213
thetao,W30p0,9,10,18,-0.055231095951228125,0.055231095951228125
so,W10p0,3,4,11,0.054977436883784946,0.054977436883784946
thetao,W20p0,3,4,6,-0.054599412726098674,0.054599412726098674
thetao,W20p0,7,8,0,-0.054506971231151016,0.054506971231151016
so,W40p0,1,2,20,0.054486410080495505,0.054486410080495505
thetao,W60p0,3,4,25,0.05440607235105465,0.05440607235105465
so,W60p0,5,6,24,0.05414353002714273,0.05414353002714273
so,W40p0,5,6,3,-0.054017926915628775,0.054017926915628775
thetao,W10p0,0,1,3,0.05386816992787735,0.05386816992787735
so,W30p0,3,4,13,-0.05382800759237815,0.05382800759237815
thetao,W10p0,4,5,8,0.05382570442046192,0.05382570442046192
thetao,W10p0,0,1,16,0.05372787696956644,0.05372787696956644
thetao,W30p0,9,10,11,-0.05364845014033568,0.05364845014033568
thetao,W30p0,6,7,4,0.05354237689279195,0.05354237689279195
so,W60p0,7,8,13,-0.05351260738500708,0.05351260738500708
thetao,W20p0,1,2,2,-0.053508745223887225,0.053508745223887225
so,W30p0,6,7,0,-0.053484128447048467,0.053484128447048467
thetao,W30p0,0,1,1,-0.05347689479125544,0.05347689479125544
so,W20p0,7,8,3,0.053454430581199856,0.053454430581199856
thetao,W40p0,0,1,25,0.05336482651860032,0.05336482651860032
so,W10p0,5,6,19,0.05333894635147709,0.05333894635147709
thetao,W40p0,8,9,4,0.05321890796640858,0.05321890796640858
so,W10p0,9,10,1,-0.05320772764044855,0.05320772764044855
so,W30p0,0,1,23,-0.05319351017528185,0.05319351017528185
thetao,W30p0,7,8,3,-0.05318731919253737,0.05318731919253737
so,W10p0,0,1,9,-0.053175888702825996,0.053175888702825996
thetao,W10p0,3,4,4,-0.053063777625640955,0.053063777625640955
thetao,W40p0,8,9,13,-0.053048873653031174,0.053048873653031174
so,W60p0,7,8,15,-0.05286332280679487,0.05286332280679487
thetao,W30p0,2,3,2,-0.052720348801422894,0.052720348801422894
thetao,W30p0,3,4,23,0.05269988426870354,0.05269988426870354
so,W60p0,7,8,10,-0.05267023834361544,0.05267023834361544
thetao,W60p0,8,9,14,-0.052540751135847524,0.052540751135847524
so,W30p0,3,4,11,-0.052527179005065136,0.052527179005065136
thetao,W10p0,3,4,13,-0.052316355635982664,0.052316355635982664
so,W10p0,5,6,21,-0.05213128489587481,0.05213128489587481
thetao,W30p0,9,10,13,0.052121539509081646,0.052121539509081646
thetao,W20p0,0,1,14,-0.051975555000769086,0.051975555000769086
so,W40p0,2,3,6,-0.05187771090322123,0.05187771090322123
so,W60p0,3,4,1,0.051863402773688554,0.051863402773688554
thetao,W30p0,3,4,15,-0.05184414985848557,0.05184414985848557
so,W20p0,9,10,9,-0.05176873671154969,0.05176873671154969
thetao,W10p0,7,8,15,-0.05173959592231022,0.05173959592231022
thetao,W40p0,0,1,10,-0.05173851341341441,0.05173851341341441
so,W40p0,0,1,25,0.051707715277465656,0.051707715277465656
so,W20p0,5,6,11,0.05166708563867051,0.05166708563867051
thetao,W20p0,1,2,12,0.0516667149413315,0.0516667149413315
thetao,W10p0,3,4,2,-0.05160466778883493,0.05160466778883493
thetao,W40p0,5,6,2,0.051286438236647386,0.051286438236647386
thetao,W20p0,2,3,16,-0.051205952257697286,0.051205952257697286
thetao,W60p0,4,5,0,0.05115181427560333,0.05115181427560333
thetao,W60p0,8,9,7,0.05111248061953029,0.05111248061953029
thetao,W20p0,9,10,11,-0.05104820237374327,0.05104820237374327
thetao,W30p0,2,3,6,-0.05102652643738769,0.05102652643738769
thetao,W20p0,6,7,4,-0.05101105156699462,0.05101105156699462
thetao,W10p0,1,2,23,-0.050994329813817664,0.050994329813817664
so,W60p0,9,10,21,0.05092367026914218,0.05092367026914218
so,W10p0,6,7,4,0.05086905435742631,0.05086905435742631
thetao,W60p0,0,1,18,0.050831908784674217,0.050831908784674217
so,W10p0,3,4,7,0.05083006184104928,0.05083006184104928
thetao,W40p0,6,7,21,-0.05076860129313235,0.05076860129313235
thetao,W40p0,8,9,18,0.05057762802378536,0.05057762802378536
thetao,W40p0,7,8,9,0.05052206548720061,0.05052206548720061
so,W10p0,3,4,6,0.05045594430254791,0.05045594430254791
so,W60p0,0,1,17,-0.050429008829719756,0.050429008829719756
thetao,W60p0,0,1,17,0.050359321994654434,0.050359321994654434
thetao,W30p0,3,4,3,0.05030830425951314,0.05030830425951314
so,W10p0,3,4,15,-0.050291555844295455,0.050291555844295455
so,W10p0,0,1,10,-0.050221364502594644,0.050221364502594644
thetao,W30p0,1,2,25,-0.05006536090175989,0.05006536090175989
thetao,W30p0,7,8,1,-0.0500233204274496,0.0500233204274496
so,W30p0,7,8,17,-0.05001061814080124,0.05001061814080124
thetao,W30p0,2,3,11,-0.04994737254027218,0.04994737254027218
thetao,W10p0,3,4,19,0.04977400501274721,0.04977400501274721
thetao,W20p0,1,2,1,-0.04947775684326112,0.04947775684326112
thetao,W30p0,7,8,20,-0.04943411994389778,0.04943411994389778
so,W10p0,8,9,24,0.04928699761530355,0.04928699761530355
so,W30p0,8,9,12,0.04925721692270162,0.04925721692270162
so,W10p0,3,4,0,-0.04922502869591523,0.04922502869591523
thetao,W60p0,0,1,16,0.04922264726309497,0.04922264726309497
so,W60p0,3,4,0,0.04898989444475018,0.04898989444475018
thetao,W40p0,3,4,19,-0.04896398242165592,0.04896398242165592
so,W10p0,6,7,2,-0.048941346450502694,0.048941346450502694
so,W30p0,4,5,2,-0.04873420260796112,0.04873420260796112
so,W30p0,5,6,2,-0.048674508700268716,0.048674508700268716
thetao,W10p0,5,6,4,-0.0485648948567444,0.0485648948567444
thetao,W60p0,3,4,8,-0.048197079734433775,0.048197079734433775
so,W20p0,3,4,22,-0.048144993753960086,0.048144993753960086
so,W10p0,3,4,16,-0.048110253970033656,0.048110253970033656
thetao,W10p0,5,6,13,-0.048090579546246986,0.048090579546246986
so,W20p0,2,3,4,0.04788108532840521,0.04788108532840521
thetao,W20p0,6,7,9,-0.04781924943142189,0.04781924943142189
thetao,W10p0,4,5,0,-0.0477533543882891,0.0477533543882891
thetao,W10p0,6,7,23,0.047645198542574575,0.047645198542574575
so,W40p0,4,5,5,-0.047590751492293644,0.047590751492293644
thetao,W60p0,2,3,5,0.04757886228340036,0.04757886228340036
thetao,W10p0,3,4,0,-0.04739856245262386,0.04739856245262386
so,W30p0,8,9,24,0.04721465849563147,0.04721465849563147
thetao,W40p0,8,9,3,0.047119066914501774,0.047119066914501774
thetao,W60p0,2,3,23,0.04704187317780114,0.04704187317780114
so,W10p0,4,5,10,0.04680191000133264,0.04680191000133264
thetao,W40p0,5,6,17,-0.046775655149466154,0.046775655149466154
thetao,W30p0,2,3,7,-0.04669405626808125,0.04669405626808125
thetao,W60p0,0,1,15,0.04667197060561741,0.04667197060561741
thetao,W30p0,9,10,15,0.04660786923588877,0.04660786923588877
thetao,W30p0,6,7,1,0.04649090684925943,0.04649090684925943
so,W30p0,2,3,25,-0.04646170426617125,0.04646170426617125
so,W10p0,6,7,21,-0.04645616315554018,0.04645616315554018
so,W40p0,0,1,2,-0.04630971706002617,0.04630971706002617
thetao,W40p0,6,7,4,0.04621797825075088,0.04621797825075088
thetao,W60p0,9,10,17,-0.04603952236351876,0.04603952236351876
so,W30p0,7,8,10,0.04597319649611781,0.04597319649611781
thetao,W40p0,0,1,19,-0.0458585121545314,0.0458585121545314
thetao,W30p0,9,10,17,0.04574798596960988,0.04574798596960988
thetao,W10p0,6,7,16,-0.04574366798904576,0.04574366798904576
thetao,W60p0,6,7,5,0.045712750046486096,0.045712750046486096
thetao,W60p0,5,6,17,0.04564260118257045,0.04564260118257045
so,W20p0,7,8,17,-0.04536647256748274,0.04536647256748274
so,W20p0,8,9,19,0.04527869628341685,0.04527869628341685
thetao,W30p0,2,3,13,-0.045175771105651026,0.045175771105651026
so,W40p0,7,8,18,-0.045046074217289275,0.045046074217289275
so,W30p0,3,4,21,0.04481506046108912,0.04481506046108912
thetao,W60p0,4,5,1,-0.04479232540960394,0.04479232540960394
thetao,W30p0,2,3,20,0.044742406164648016,0.044742406164648016
so,W10p0,7,8,21,0.044733977602181146,0.044733977602181146
so,W40p0,6,7,3,0.044668195221384516,0.044668195221384516
thetao,W20p0,5,6,15,0.04453646074096435,0.04453646074096435
so,W20p0,7,8,2,0.044467935514191,0.044467935514191
so,W20p0,4,5,15,-0.04440150053786019,0.04440150053786019
so,W30p0,9,10,2,0.04433864889154773,0.04433864889154773
thetao,W40p0,9,10,15,-0.04431382138201325,0.04431382138201325
so,W20p0,6,7,19,0.044306269362733165,0.044306269362733165
thetao,W20p0,5,6,5,-0.04429630825992329,0.04429630825992329
thetao,W60p0,2,3,2,-0.04429237479416027,0.04429237479416027
thetao,W60p0,6,7,20,0.04412387982064322,0.04412387982064322
so,W60p0,1,2,13,0.043952467313543304,0.043952467313543304
so,W40p0,6,7,9,0.04384873520274709,0.04384873520274709
so,W20p0,5,6,7,-0.04379041373276255,0.04379041373276255
thetao,W40p0,0,1,8,-0.04374719552634933,0.04374719552634933
so,W10p0,0,1,16,-0.04357867575976932,0.04357867575976932
thetao,W10p0,6,7,14,-0.043576033338055674,0.043576033338055674
thetao,W10p0,5,6,17,0.043489964629223415,0.043489964629223415
thetao,W10p0,3,4,18,0.04339940844980063,0.04339940844980063
thetao,W40p0,0,1,9,-0.04326807196225324,0.04326807196225324
so,W20p0,4,5,14,0.043140732785552416,0.043140732785552416
thetao,W30p0,5,6,16,0.043080007361321726,0.043080007361321726
thetao,W40p0,0,1,0,-0.04292079568462937,0.04292079568462937
so,W30p0,5,6,5,-0.042851660570968196,0.042851660570968196
thetao,W60p0,4,5,11,-0.042739100692418264,0.042739100692418264
so,W20p0,2,3,20,0.04268178027363246,0.04268178027363246
so,W30p0,2,3,18,-0.042560672267950295,0.042560672267950295
so,W30p0,3,4,16,0.04254850905477869,0.04254850905477869
so,W30p0,4,5,0,-0.042516980763112174,0.042516980763112174
so,W40p0,0,1,19,-0.04248555528889216,0.04248555528889216
so,W20p0,0,1,19,0.04239016261040099,0.04239016261040099
thetao,W40p0,5,6,25,-0.04229407667785763,0.04229407667785763
thetao,W30p0,9,10,21,-0.04203964181669915,0.04203964181669915
thetao,W10p0,1,2,19,-0.042023219704476714,0.042023219704476714
so,W30p0,6,7,23,0.04187913511971317,0.04187913511971317
so,W30p0,1,2,20,0.041852252332629784,0.041852252332629784
so,W60p0,7,8,16,0.04178401587165216,0.04178401587165216
so,W60p0,7,8,7,0.04177192408757219,0.04177192408757219
so,W60p0,6,7,6,0.04175134410363059,0.04175134410363059
thetao,W20p0,7,8,5,0.041723955677442484,0.041723955677442484
so,W20p0,1,2,4,0.04170369527783902,0.04170369527783902
thetao,W40p0,9,10,0,-0.04165655450723002,0.04165655450723002
thetao,W30p0,8,9,7,-0.04162771853879167,0.04162771853879167
thetao,W60p0,8,9,0,-0.04152505847616897,0.04152505847616897
thetao,W30p0,8,9,1,-0.041462875411435174,0.041462875411435174
thetao,W30p0,8,9,2,-0.041351514070752035,0.041351514070752035
so,W40p0,2,3,23,0.04125976555033846,0.04125976555033846
thetao,W60p0,2,3,21,-0.041207598687743166,0.041207598687743166
thetao,W10p0,9,10,11,-0.04108943109706623,0.04108943109706623
so,W60p0,4,5,4,-0.041070760309139955,0.041070760309139955
thetao,W40p0,4,5,4,-0.041015255434071266,0.041015255434071266
so,W60p0,3,4,4,-0.04095747377792991,0.04095747377792991
so,W60p0,4,5,21,-0.04082776729167728,0.04082776729167728
thetao,W60p0,4,5,18,-0.04079032000374769,0.04079032000374769
so,W10p0,3,4,3,-0.04069861239661694,0.04069861239661694
so,W30p0,8,9,0,-0.040672382198682605,0.040672382198682605
thetao,W60p0,8,9,18,-0.04051844312513036,0.04051844312513036
so,W40p0,6,7,17,0.0405106000658636,0.0405106000658636
so,W60p0,7,8,24,-0.04021372456865883,0.04021372456865883
thetao,W60p0,5,6,0,-0.040142516997133205,0.040142516997133205
so,W20p0,3,4,13,0.04012337143850106,0.04012337143850106
so,W60p0,5,6,22,-0.04004436147529537,0.04004436147529537
so,W60p0,0,1,15,0.039971012017049175,0.039971012017049175
thetao,W20p0,6,7,22,-0.039847692501383425,0.039847692501383425
so,W40p0,0,1,10,-0.039800269494122846,0.039800269494122846
so,W30p0,0,1,18,0.03963824264919296,0.03963824264919296
thetao,W60p0,9,10,21,0.03933657608350515,0.03933657608350515
thetao,W10p0,6,7,0,0.039320338775386585,0.039320338775386585
thetao,W10p0,5,6,18,0.03912958466986447,0.03912958466986447
thetao,W40p0,6,7,0,-0.03877090776240923,0.03877090776240923
so,W10p0,3,4,14,-0.03865887432670867,0.03865887432670867
so,W30p0,7,8,20,-0.038536339527372857,0.038536339527372857
thetao,W10p0,5,6,21,0.03852183397556305,0.03852183397556305
thetao,W40p0,8,9,0,0.03847723241070643,0.03847723241070643
thetao,W40p0,6,7,23,0.038427574080566324,0.038427574080566324
thetao,W10p0,3,4,6,0.03841259515722815,0.03841259515722815
so,W10p0,0,1,17,0.03830046855800196,0.03830046855800196
thetao,W10p0,0,1,17,0.03822074306797229,0.03822074306797229
so,W60p0,3,4,21,0.03820951517009664,0.03820951517009664
so,W40p0,4,5,4,0.038190477406840624,0.038190477406840624
so,W60p0,1,2,18,-0.03817869123117582,0.03817869123117582
thetao,W60p0,8,9,11,-0.03817176538211415,0.03817176538211415
thetao,W10p0,9,10,14,-0.038152900874482275,0.038152900874482275
thetao,W30p0,9,10,10,-0.038094813522859705,0.038094813522859705
thetao,W20p0,5,6,14,-0.037900571702774256,0.037900571702774256
so,W20p0,7,8,4,0.0377628611131524,0.0377628611131524
thetao,W40p0,8,9,14,-0.03765244193425333,0.03765244193425333
so,W20p0,7,8,10,-0.03761514359153441,0.03761514359153441
thetao,W10p0,7,8,11,-0.037379914919633925,0.037379914919633925
thetao,W10p0,3,4,15,-0.03728149773391978,0.03728149773391978
so,W20p0,4,5,20,0.037223769416135574,0.037223769416135574
so,W20p0,2,3,24,0.03712469779400437,0.03712469779400437
so,W60p0,5,6,1,-0.037072089400243195,0.037072089400243195
thetao,W20p0,7,8,20,0.03697418647804462,0.03697418647804462
so,W30p0,2,3,3,0.03678215744944384,0.03678215744944384
so,W20p0,3,4,6,0.03672286793412991,0.03672286793412991
thetao,W30p0,6,7,12,0.036627704483756504,0.036627704483756504
so,W20p0,3,4,16,0.03659961590381494,0.03659961590381494
thetao,W60p0,6,7,3,-0.036592165460927015,0.036592165460927015
so,W60p0,9,10,11,-0.03656806315987218,0.03656806315987218
thetao,W20p0,3,4,9,-0.036447476681667076,0.036447476681667076
so,W60p0,8,9,6,0.036434803182426305,0.036434803182426305
thetao,W40p0,9,10,18,-0.03638618300188078,0.03638618300188078
so,W30p0,1,2,17,-0.03636042908453346,0.03636042908453346
so,W40p0,0,1,9,-0.03631077205006736,0.03631077205006736
thetao,W10p0,6,7,21,-0.03620386661569836,0.03620386661569836
so,W20p0,2,3,22,0.036016934607718175,0.036016934607718175
so,W20p0,4,5,21,0.03596541192707962,0.03596541192707962
so,W40p0,2,3,20,0.03590634759188273,0.03590634759188273
thetao,W60p0,2,3,22,-0.03583120469128021,0.03583120469128021
so,W20p0,0,1,21,0.03580962313293687,0.03580962313293687
so,W60p0,4,5,8,0.03576673502985822,0.03576673502985822
thetao,W60p0,6,7,19,-0.035522142887075704,0.035522142887075704
thetao,W10p0,6,7,2,-0.035455203628595444,0.035455203628595444
so,W20p0,4,5,18,-0.03539244430296677,0.03539244430296677
so,W40p0,8,9,0,0.035353505628767476,0.035353505628767476
thetao,W10p0,3,4,20,0.035278850488899755,0.035278850488899755
so,W40p0,5,6,5,-0.03524438467902949,0.03524438467902949
thetao,W40p0,0,1,12,-0.03509692522780097,0.03509692522780097
thetao,W20p0,1,2,5,-0.03507735239932933,0.03507735239932933
so,W40p0,9,10,4,-0.03498707878225726,0.03498707878225726
so,W60p0,9,10,8,0.03489168478871578,0.03489168478871578
thetao,W20p0,9,10,12,-0.03483259781498634,0.03483259781498634
thetao,W30p0,3,4,14,-0.03449303727878855,0.03449303727878855
so,W30p0,5,6,25,-0.03445869036509689,0.03445869036509689
so,W20p0,4,5,2,0.034452182442768,0.034452182442768
so,W60p0,2,3,4,0.03443603635176421,0.03443603635176421
thetao,W60p0,4,5,19,-0.03441574315933112,0.03441574315933112
so,W30p0,9,10,6,0.03439255996873415,0.03439255996873415
thetao,W60p0,6,7,4,0.034351467576066816,0.034351467576066816
thetao,W30p0,3,4,22,-0.034349595668951745,0.034349595668951745
so,W30p0,7,8,22,-0.034333789655824905,0.034333789655824905
so,W20p0,5,6,5,-0.03427094824750232,0.03427094824750232
so,W20p0,4,5,11,0.034241025956264125,0.034241025956264125
so,W40p0,6,7,14,0.03420623942210902,0.03420623942210902
thetao,W10p0,5,6,5,0.03408590456409283,0.03408590456409283
thetao,W60p0,6,7,6,-0.03407392216291492,0.03407392216291492
thetao,W60p0,7,8,19,-0.03378914112855568,0.03378914112855568
thetao,W60p0,9,10,19,0.033764208659667755,0.033764208659667755
so,W40p0,9,10,3,-0.03367169532717449,0.03367169532717449
thetao,W40p0,2,3,22,0.03354882192553475,0.03354882192553475
thetao,W20p0,2,3,14,0.03351658555518921,0.03351658555518921
thetao,W60p0,1,2,9,0.03348962640714961,0.03348962640714961
so,W40p0,7,8,5,0.03345717740111111,0.03345717740111111
so,W60p0,4,5,13,0.03344928566660003,0.03344928566660003
thetao,W30p0,2,3,5,-0.033389440578270306,0.033389440578270306
so,W40p0,2,3,8,-0.03314865189137946,0.03314865189137946
so,W40p0,4,5,14,0.03313994146824041,0.03313994146824041
so,W20p0,8,9,10,0.03303963367774176,0.03303963367774176
thetao,W10p0,4,5,6,0.03299797423579018,0.03299797423579018
thetao,W40p0,3,4,8,-0.03291701538257059,0.03291701538257059
thetao,W60p0,4,5,4,-0.032803884411368237,0.032803884411368237
thetao,W30p0,3,4,21,-0.03277834322400026,0.03277834322400026
so,W40p0,8,9,5,-0.03270726274932035,0.03270726274932035
thetao,W30p0,3,4,2,0.032705335942742844,0.032705335942742844
thetao,W10p0,7,8,14,-0.032676083006940956,0.032676083006940956
so,W10p0,9,10,0,0.03265210790139676,0.03265210790139676
thetao,W30p0,0,1,17,0.03252766245801449,0.03252766245801449
so,W40p0,5,6,6,0.03250463355362704,0.03250463355362704
thetao,W40p0,4,5,9,-0.03245977481899184,0.03245977481899184
so,W40p0,8,9,4,-0.03238465590725001,0.03238465590725001
so,W60p0,9,10,16,-0.03216176400264855,0.03216176400264855
so,W20p0,7,8,23,-0.03209722698375175,0.03209722698375175
thetao,W30p0,1,2,22,-0.031860465778713785,0.031860465778713785
so,W60p0,5,6,13,-0.031828506473836844,0.031828506473836844
thetao,W60p0,2,3,4,0.03181247684112185,0.03181247684112185
thetao,W10p0,3,4,11,-0.03167474469170004,0.03167474469170004
so,W60p0,5,6,4,0.03164017989962754,0.03164017989962754
so,W60p0,5,6,2,-0.0316069298440203,0.0316069298440203
so,W20p0,3,4,7,0.03158399982972033,0.03158399982972033
thetao,W20p0,3,4,10,0.03138112133132027,0.03138112133132027
thetao,W10p0,2,3,23,0.031369826065518205,0.031369826065518205
thetao,W40p0,9,10,16,-0.03133715215491058,0.03133715215491058
so,W40p0,9,10,5,0.031015845160749764,0.031015845160749764
so,W10p0,6,7,13,-0.030802581563325392,0.030802581563325392
so,W60p0,7,8,11,-0.030733566323614483,0.030733566323614483
so,W30p0,3,4,14,0.03070188070302591,0.03070188070302591
thetao,W40p0,2,3,3,-0.03067957732710876,0.03067957732710876
thetao,W20p0,1,2,9,-0.03065855389261988,0.03065855389261988
thetao,W60p0,9,10,18,-0.030637703476068767,0.030637703476068767
so,W40p0,3,4,7,-0.030612431689191685,0.030612431689191685
thetao,W10p0,3,4,16,-0.03052040723272561,0.03052040723272561
so,W60p0,9,10,17,-0.030422407380662462,0.030422407380662462
thetao,W10p0,5,6,22,0.030375828269363254,0.030375828269363254
so,W60p0,9,10,1,0.030324857694673232,0.030324857694673232
so,W60p0,3,4,13,0.03025036561262813,0.03025036561262813
so,W60p0,3,4,20,0.03017307018953096,0.03017307018953096
thetao,W40p0,7,8,8,-0.03013501888139527,0.03013501888139527
so,W20p0,3,4,23,-0.029943963636107847,0.029943963636107847
so,W20p0,1,2,6,-0.02992886475299601,0.02992886475299601
so,W20p0,5,6,12,-0.02983039007376887,0.02983039007376887
thetao,W20p0,6,7,3,-0.029818720163477936,0.029818720163477936
thetao,W40p0,9,10,14,0.029816856042924774,0.029816856042924774
so,W30p0,9,10,15,0.02971560822536578,0.02971560822536578
so,W30p0,0,1,20,-0.02968080321190197,0.02968080321190197
so,W30p0,6,7,16,0.02968011020295381,0.02968011020295381
so,W20p0,1,2,24,0.029658489905576003,0.029658489905576003
thetao,W60p0,0,1,12,0.029537772138544544,0.029537772138544544
thetao,W40p0,3,4,21,-0.029517534274496913,0.029517534274496913
thetao,W10p0,6,7,22,-0.029452086418464397,0.029452086418464397
so,W30p0,6,7,6,0.02935360830547537,0.02935360830547537
so,W30p0,5,6,4,-0.02934093917100793,0.02934093917100793
thetao,W10p0,0,1,24,-0.029129707966761433,0.029129707966761433
thetao,W20p0,3,4,24,0.029079861973298368,0.029079861973298368
so,W20p0,7,8,24,-0.029063007620484856,0.029063007620484856
thetao,W30p0,9,10,20,0.02902728958963493,0.02902728958963493
so,W60p0,8,9,2,-0.02901919118555587,0.02901919118555587
thetao,W10p0,7,8,16,-0.02890450750528818,0.02890450750528818
so,W60p0,3,4,9,-0.02877813178512299,0.02877813178512299
so,W60p0,8,9,4,-0.028531341026120805,0.028531341026120805
so,W30p0,8,9,1,-0.028418124985586542,0.028418124985586542
thetao,W10p0,2,3,25,-0.028172899750570055,0.028172899750570055
so,W40p0,2,3,12,0.02816436496470759,0.02816436496470759
thetao,W30p0,2,3,9,-0.02815097460434475,0.02815097460434475
so,W30p0,1,2,18,0.028137471389600592,0.028137471389600592
thetao,W10p0,0,1,2,0.028099463994186613,0.028099463994186613
so,W30p0,3,4,24,0.028027068547129642,0.028027068547129642
thetao,W30p0,0,1,16,-0.028009657606146043,0.028009657606146043
so,W10p0,3,4,17,0.027955383791869307,0.027955383791869307
thetao,W10p0,7,8,17,0.02770335919062239,0.02770335919062239
so,W20p0,7,8,0,-0.027683786699194777,0.027683786699194777
so,W40p0,6,7,13,0.027445893096702485,0.027445893096702485
thetao,W10p0,7,8,24,0.027364578038606046,0.027364578038606046
thetao,W30p0,2,3,10,-0.0273365181006371,0.0273365181006371
thetao,W40p0,0,1,21,0.027174460879228122,0.027174460879228122
so,W60p0,4,5,20,-0.026958453359191052,0.026958453359191052
so,W10p0,3,4,4,-0.026744857214764516,0.026744857214764516
thetao,W60p0,1,2,25,0.02667106998745048,0.02667106998745048
so,W30p0,0,1,21,-0.02658174287216912,0.02658174287216912
thetao,W30p0,4,5,8,0.02655507010727167,0.02655507010727167
so,W10p0,3,4,20,-0.026425068544834902,0.026425068544834902
so,W20p0,4,5,10,0.0262768788498282,0.0262768788498282
thetao,W10p0,8,9,12,0.026261204484597355,0.026261204484597355
thetao,W20p0,6,7,7,-0.026206416049627028,0.026206416049627028
thetao,W20p0,6,7,18,0.026166333020282373,0.026166333020282373
so,W20p0,7,8,1,0.02610442973267006,0.02610442973267006
so,W10p0,6,7,12,-0.025977952301288337,0.025977952301288337
so,W60p0,4,5,16,0.02579834173585191,0.02579834173585191
thetao,W60p0,1,2,6,-0.025646959002826805,0.025646959002826805
thetao,W20p0,5,6,1,0.025488674124092548,0.025488674124092548
so,W30p0,8,9,3,-0.025444915356290808,0.025444915356290808
thetao,W30p0,5,6,4,0.02534493963727137,0.02534493963727137
so,W30p0,8,9,14,0.025304045559777083,0.025304045559777083
so,W30p0,9,10,16,0.025269143679879997,0.025269143679879997
thetao,W60p0,8,9,19,0.0252624009289266,0.0252624009289266
so,W30p0,5,6,21,-0.025162054805712705,0.025162054805712705
so,W40p0,4,5,3,0.025091827029844485,0.025091827029844485
thetao,W60p0,1,2,23,0.02498619029957645,0.02498619029957645
thetao,W40p0,8,9,17,0.02489299490813701,0.02489299490813701
thetao,W10p0,3,4,10,-0.024873601809391768,0.024873601809391768
so,W30p0,8,9,2,-0.02481469884101846,0.02481469884101846
thetao,W10p0,5,6,8,0.024701191064531343,0.024701191064531343
so,W20p0,5,6,3,0.024668575808842,0.024668575808842
thetao,W40p0,8,9,6,-0.02463511657835285,0.02463511657835285
thetao,W30p0,1,2,23,0.024598794823890085,0.024598794823890085
thetao,W60p0,6,7,11,-0.02459371721250815,0.02459371721250815
so,W40p0,9,10,0,0.024514957498701945,0.024514957498701945
so,W10p0,7,8,16,-0.024480676197435932,0.024480676197435932
thetao,W60p0,8,9,5,0.024478564888285582,0.024478564888285582
so,W40p0,3,4,5,0.02447299154518566,0.02447299154518566
thetao,W40p0,3,4,25,0.024454327634690683,0.024454327634690683
so,W40p0,3,4,3,0.024343437069575317,0.024343437069575317
thetao,W20p0,0,1,13,0.02428678178065395,0.02428678178065395
so,W30p0,1,2,25,-0.02395116725919348,0.02395116725919348
thetao,W40p0,3,4,10,-0.02394820892542826,0.02394820892542826
so,W40p0,7,8,11,0.023860858761681144,0.023860858761681144
thetao,W20p0,3,4,0,-0.023838232325767428,0.023838232325767428
thetao,W40p0,7,8,7,-0.023763352025442046,0.023763352025442046
thetao,W60p0,1,2,4,-0.02367001664889958,0.02367001664889958
thetao,W10p0,6,7,15,-0.023286650965979608,0.023286650965979608
so,W30p0,6,7,13,0.02326355219823328,0.02326355219823328
thetao,W30p0,2,3,3,0.023256348937282543,0.023256348937282543
so,W60p0,7,8,14,-0.023238522883618967,0.023238522883618967
so,W20p0,7,8,21,0.023227645869995685,0.023227645869995685
thetao,W60p0,8,9,13,-0.023119327353065978,0.023119327353065978
so,W10p0,5,6,20,-0.02290609920065324,0.02290609920065324
so,W40p0,9,10,7,-0.022899897517343865,0.022899897517343865
thetao,W40p0,9,10,7,-0.02288487799344396,0.02288487799344396
so,W20p0,5,6,9,0.022841971325865462,0.022841971325865462
thetao,W40p0,2,3,21,-0.022587460252880723,0.022587460252880723
thetao,W20p0,6,7,20,0.022561211583190296,0.022561211583190296
thetao,W60p0,1,2,24,0.022513138140480227,0.022513138140480227
thetao,W60p0,0,1,14,0.02250151663849387,0.02250151663849387
thetao,W40p0,5,6,24,-0.02241771103653371,0.02241771103653371
thetao,W20p0,3,4,8,-0.02237140006411405,0.02237140006411405
so,W60p0,0,1,16,-0.022295679156196707,0.022295679156196707
thetao,W40p0,9,10,17,0.022264030200394372,0.022264030200394372
so,W10p0,2,3,4,0.022022689445979026,0.022022689445979026
so,W40p0,8,9,9,-0.021992214513917387,0.021992214513917387
so,W20p0,3,4,14,0.02193389048652928,0.02193389048652928
so,W60p0,7,8,9,0.02189338848997962,0.02189338848997962
thetao,W60p0,8,9,8,0.021881887538628367,0.021881887538628367
thetao,W40p0,2,3,16,-0.021809076294777744,0.021809076294777744
so,W60p0,2,3,22,0.02175266420743758,0.02175266420743758
so,W20p0,4,5,22,-0.02173347954107794,0.02173347954107794
so,W40p0,5,6,4,-0.021697015198472752,0.021697015198472752
so,W30p0,2,3,4,0.02164864760649735,0.02164864760649735
thetao,W20p0,7,8,13,-0.02151479910558851,0.02151479910558851
thetao,W10p0,0,1,19,0.02141399510643576,0.02141399510643576
thetao,W40p0,9,10,11,0.02135918351221536,0.02135918351221536
so,W40p0,2,3,19,-0.021282619243149285,0.021282619243149285
so,W60p0,4,5,11,0.021261185813581465,0.021261185813581465
thetao,W20p0,6,7,17,0.02124942583202995,0.02124942583202995
so,W20p0,4,5,6,-0.021182859775288155,0.021182859775288155
thetao,W60p0,6,7,21,0.020994346788284143,0.020994346788284143
so,W60p0,4,5,14,0.0209907426301688,0.0209907426301688
so,W20p0,4,5,0,-0.020975086141630007,0.020975086141630007
thetao,W30p0,3,4,13,-0.020919016000952622,0.020919016000952622
so,W60p0,8,9,8,-0.020779495182905318,0.020779495182905318
so,W30p0,7,8,14,-0.02070376653332002,0.02070376653332002
so,W60p0,6,7,15,-0.02022601098827687,0.02022601098827687
thetao,W10p0,9,10,7,-0.020225057920860535,0.020225057920860535
thetao,W30p0,7,8,16,-0.020177418361092683,0.020177418361092683
so,W60p0,9,10,2,0.020005074890558576,0.020005074890558576
so,W30p0,7,8,8,0.019989308506877246,0.019989308506877246
thetao,W10p0,3,4,8,-0.019804061551679363,0.019804061551679363
so,W60p0,5,6,3,0.01972249083365067,0.01972249083365067
so,W30p0,8,9,5,-0.019706045415732083,0.019706045415732083
so,W60p0,4,5,3,0.019678129179441,0.019678129179441
thetao,W30p0,1,2,21,-0.01959148223821121,0.01959148223821121
so,W30p0,5,6,18,-0.019392306769714013,0.019392306769714013
so,W10p0,6,7,3,0.019377986471187148,0.019377986471187148
thetao,W60p0,3,4,9,-0.019364343064598548,0.019364343064598548
so,W40p0,4,5,25,0.01934531069935214,0.01934531069935214
thetao,W30p0,2,3,4,0.01932960302326253,0.01932960302326253
so,W10p0,5,6,16,-0.019327833046426327,0.019327833046426327
so,W20p0,1,2,18,0.01917979612018662,0.01917979612018662
thetao,W60p0,8,9,3,0.019165850838307102,0.019165850838307102
thetao,W40p0,3,4,20,-0.01906927860546485,0.01906927860546485
thetao,W40p0,5,6,21,-0.01905623377737756,0.01905623377737756
so,W40p0,3,4,9,-0.019033271732926797,0.019033271732926797
so,W40p0,0,1,20,0.018970280105419856,0.018970280105419856
thetao,W10p0,9,10,18,0.0188691853006827,0.0188691853006827
thetao,W10p0,7,8,20,0.018868095782151553,0.018868095782151553
thetao,W30p0,3,4,19,-0.018710265852246256,0.018710265852246256
thetao,W10p0,4,5,17,0.01862564185607607,0.01862564185607607
thetao,W60p0,2,3,3,0.018616038352387374,0.018616038352387374
so,W30p0,9,10,20,-0.018613092298741148,0.018613092298741148
thetao,W40p0,2,3,14,0.018578377362416576,0.018578377362416576
thetao,W20p0,0,1,18,-0.018520005663446443,0.018520005663446443
thetao,W40p0,2,3,15,0.018400571940887775,0.018400571940887775
so,W60p0,7,8,12,-0.018369212999615078,0.018369212999615078
so,W10p0,3,4,19,0.018331528871606936,0.018331528871606936
so,W30p0,9,10,1,-0.018299317009485536,0.018299317009485536
so,W40p0,8,9,8,0.018270242893520253,0.018270242893520253
thetao,W20p0,7,8,22,0.018144779297292597,0.018144779297292597
thetao,W40p0,8,9,15,0.017969255559708783,0.017969255559708783
so,W40p0,8,9,23,0.017941106117990185,0.017941106117990185
thetao,W10p0,0,1,0,0.01791930359042087,0.01791930359042087
so,W20p0,8,9,5,0.01779652933465226,0.01779652933465226
thetao,W20p0,6,7,25,-0.01777028177560954,0.01777028177560954
thetao,W10p0,0,1,20,0.01775917188294654,0.01775917188294654
so,W20p0,3,4,17,-0.017542239537761753,0.017542239537761753
thetao,W40p0,4,5,3,-0.01746740388514883,0.01746740388514883
thetao,W10p0,0,1,18,0.017371312530686373,0.017371312530686373
so,W20p0,1,2,1,-0.017286804864338878,0.017286804864338878
so,W60p0,6,7,17,-0.017129946956530053,0.017129946956530053
thetao,W40p0,6,7,18,0.017122517439524546,0.017122517439524546
so,W60p0,6,7,19,0.01708612574041396,0.01708612574041396
thetao,W10p0,4,5,4,0.017072175671252847,0.017072175671252847
so,W30p0,1,2,21,-0.017044936602267618,0.017044936602267618
so,W40p0,3,4,10,-0.01697021184168707,0.01697021184168707
so,W10p0,3,4,21,-0.01690916624591721,0.01690916624591721
so,W60p0,9,10,12,0.016658169448953243,0.016658169448953243
thetao,W40p0,2,3,17,-0.01653143105638272,0.01653143105638272
so,W30p0,9,10,0,0.016495412530282326,0.016495412530282326
so,W40p0,4,5,11,-0.01647771662438249,0.01647771662438249
so,W30p0,2,3,17,-0.01607169502339137,0.01607169502339137
so,W40p0,3,4,24,0.016010018561515987,0.016010018561515987
thetao,W10p0,8,9,13,0.0158339013430969,0.0158339013430969
so,W20p0,2,3,23,-0.015598031070159104,0.015598031070159104
thetao,W10p0,9,10,21,-0.015583358119663578,0.015583358119663578
thetao,W20p0,2,3,15,-0.015561474517204152,0.015561474517204152
so,W10p0,8,9,0,0.015533165992219204,0.015533165992219204
so,W20p0,8,9,8,0.01551886255380491,0.01551886255380491
thetao,W30p0,6,7,5,0.015514747535891795,0.015514747535891795
so,W40p0,0,1,21,-0.015492011045264487,0.015492011045264487
so,W20p0,8,9,15,-0.015460310684681624,0.015460310684681624
thetao,W60p0,7,8,17,0.015332326884094189,0.015332326884094189
thetao,W60p0,1,2,16,-0.015257415582169984,0.015257415582169984
thetao,W20p0,1,2,8,-0.015255249787214263,0.015255249787214263
so,W20p0,3,4,5,-0.015212709085342984,0.015212709085342984
so,W40p0,8,9,6,0.015190227448176814,0.015190227448176814
so,W10p0,5,6,22,-0.01508922226763919,0.01508922226763919
so,W60p0,6,7,16,-0.0150713345352072,0.0150713345352072
thetao,W60p0,6,7,7,0.015037765380707308,0.015037765380707308
thetao,W60p0,6,7,17,-0.0150085374333352,0.0150085374333352
so,W10p0,5,6,13,0.014983102311589724,0.014983102311589724
thetao,W40p0,7,8,12,-0.014937158435721248,0.014937158435721248
so,W40p0,8,9,14,0.01491439169039597,0.01491439169039597
so,W60p0,2,3,5,-0.014903557534318377,0.014903557534318377
so,W40p0,7,8,0,-0.014792229104461369,0.014792229104461369
so,W20p0,7,8,16,-0.014738291927496577,0.014738291927496577
so,W30p0,9,10,7,0.014715425999503744,0.014715425999503744
thetao,W30p0,3,4,20,0.014635557198925647,0.014635557198925647
thetao,W10p0,9,10,16,0.014525941506019616,0.014525941506019616
so,W40p0,9,10,25,-0.014339113070979619,0.014339113070979619
thetao,W60p0,4,5,3,0.014312700416806825,0.014312700416806825
thetao,W40p0,2,3,13,-0.014242913041902052,0.014242913041902052
thetao,W40p0,9,10,6,0.014197055564492045,0.014197055564492045
thetao,W30p0,3,4,0,-0.014156569854570577,0.014156569854570577
thetao,W60p0,1,2,17,-0.014072906283808619,0.014072906283808619
thetao,W30p0,5,6,15,-0.014057100590490139,0.014057100590490139
so,W60p0,2,3,10,0.014045066819775928,0.014045066819775928
thetao,W40p0,2,3,4,-0.014040607460997874,0.014040607460997874
so,W40p0,2,3,18,0.01403081871545601,0.01403081871545601
thetao,W10p0,0,1,21,-0.013992251791918073,0.013992251791918073
so,W30p0,6,7,24,-0.01378060555636055,0.01378060555636055
so,W60p0,1,2,14,0.013665849600788288,0.013665849600788288
thetao,W60p0,4,5,10,-0.013596629882927192,0.013596629882927192
thetao,W30p0,7,8,12,-0.01351062245683346,0.01351062245683346
thetao,W10p0,0,1,23,-0.013445057810540072,0.013445057810540072
thetao,W10p0,5,6,6,0.013407573872844896,0.013407573872844896
thetao,W30p0,9,10,19,-0.013401396829290054,0.013401396829290054
so,W40p0,8,9,13,-0.013362063879396568,0.013362063879396568
so,W20p0,8,9,17,-0.013314958948116754,0.013314958948116754
so,W60p0,3,4,15,-0.013280190962404164,0.013280190962404164
so,W20p0,3,4,21,-0.013273764223369847,0.013273764223369847
so,W10p0,8,9,8,-0.013190374674232955,0.013190374674232955
thetao,W60p0,5,6,2,0.013142558710355407,0.013142558710355407
thetao,W20p0,1,2,10,-0.01314094999094126,0.01314094999094126
so,W10p0,8,9,1,0.013114213086193828,0.013114213086193828
so,W40p0,1,2,23,0.012882551889315629,0.012882551889315629
so,W60p0,2,3,11,-0.012872809181775515,0.012872809181775515
so,W20p0,4,5,23,0.012740272771185602,0.012740272771185602
thetao,W60p0,1,2,7,-0.012706736841641527,0.012706736841641527
so,W60p0,1,2,16,0.012575421248559218,0.012575421248559218
thetao,W40p0,7,8,0,0.012504236350909826,0.012504236350909826
so,W40p0,3,4,1,-0.012296196122479562,0.012296196122479562
thetao,W40p0,2,3,6,0.011993866247383068,0.011993866247383068
thetao,W60p0,8,9,17,-0.01198681936345833,0.01198681936345833
so,W30p0,6,7,4,0.011871490051960063,0.011871490051960063
thetao,W10p0,9,10,15,-0.011727896211517269,0.011727896211517269
so,W10p0,3,4,1,0.011485316009883817,0.011485316009883817
thetao,W60p0,6,7,14,-0.011467432671230375,0.011467432671230375
thetao,W60p0,6,7,12,-0.011453321594091313,0.011453321594091313
thetao,W30p0,5,6,5,0.011363365576211641,0.011363365576211641
so,W10p0,1,2,24,0.011127272262942257,0.011127272262942257
thetao,W30p0,4,5,9,-0.011096859957961168,0.011096859957961168
so,W40p0,6,7,12,0.010923868694279719,0.010923868694279719
thetao,W40p0,0,1,20,-0.010808324671347328,0.010808324671347328
thetao,W20p0,0,1,19,0.010798960653369008,0.010798960653369008
thetao,W60p0,6,7,8,0.010756502790475866,0.010756502790475866
so,W60p0,7,8,25,-0.010752005140199665,0.010752005140199665
so,W30p0,7,8,21,0.010744465282848272,0.010744465282848272
so,W30p0,6,7,20,-0.010728262012148911,0.010728262012148911
thetao,W20p0,6,7,10,0.010672194811868095,0.010672194811868095
so,W20p0,3,4,10,0.010507217852615923,0.010507217852615923
so,W20p0,8,9,14,0.010480435209366413,0.010480435209366413
so,W60p0,7,8,6,-0.01042218078184557,0.01042218078184557
so,W20p0,8,9,12,-0.010377162994846367,0.010377162994846367
so,W40p0,1,2,21,-0.010320627014191832,0.010320627014191832
thetao,W30p0,1,2,16,-0.010291248204002448,0.010291248204002448
so,W30p0,6,7,3,-0.010266991825501613,0.010266991825501613
thetao,W40p0,7,8,11,-0.01025656400595386,0.01025656400595386
thetao,W30p0,9,10,12,0.010156497572262595,0.010156497572262595
thetao,W60p0,8,9,9,-0.010151300072454572,0.010151300072454572
so,W60p0,3,4,18,-0.010001974687950435,0.010001974687950435
so,W60p0,9,10,18,-0.00991195939879931,0.00991195939879931
thetao,W60p0,8,9,20,-0.009895099813844172,0.009895099813844172
so,W30p0,7,8,5,0.00974724651832955,0.00974724651832955
so,W30p0,9,10,5,0.009745887310142191,0.009745887310142191
thetao,W20p0,6,7,16,0.009682125358954024,0.009682125358954024
so,W60p0,8,9,25,0.009627098148895119,0.009627098148895119
thetao,W60p0,9,10,16,0.009615209505613514,0.009615209505613514
thetao,W30p0,7,8,15,-0.009454682101074035,0.009454682101074035
so,W40p0,3,4,4,-0.009448614363948383,0.009448614363948383
thetao,W30p0,2,3,8,-0.009444739801088196,0.009444739801088196
thetao,W40p0,6,7,22,0.009421172064171458,0.009421172064171458
so,W30p0,0,1,22,0.009354656443872868,0.009354656443872868
thetao,W60p0,0,1,20,-0.00930268496547721,0.00930268496547721
thetao,W10p0,0,1,1,0.009196506524980854,0.009196506524980854
thetao,W60p0,9,10,13,0.009062350511868754,0.009062350511868754
thetao,W40p0,3,4,11,0.009016716846297334,0.009016716846297334
so,W30p0,7,8,19,0.009003811769004059,0.009003811769004059
so,W60p0,2,3,21,0.008858247456422184,0.008858247456422184
so,W30p0,1,2,24,0.008836013614617258,0.008836013614617258
so,W30p0,7,8,13,-0.00876787098113358,0.00876787098113358
thetao,W30p0,7,8,14,0.00872385307816747,0.00872385307816747
so,W30p0,2,3,5,0.008701411845387662,0.008701411845387662
thetao,W10p0,3,4,5,0.008608393040684623,0.008608393040684623
thetao,W40p0,3,4,12,-0.00848530538333167,0.00848530538333167
so,W60p0,3,4,5,-0.008396369066564983,0.008396369066564983
thetao,W20p0,6,7,6,0.008366494730215725,0.008366494730215725
thetao,W60p0,7,8,16,0.008348360062583151,0.008348360062583151
thetao,W20p0,6,7,11,-0.00833309678453789,0.00833309678453789
so,W10p0,9,10,25,-0.008316055987605929,0.008316055987605929
thetao,W10p0,5,6,14,-0.008275514193278153,0.008275514193278153
so,W10p0,3,4,2,-0.008129276751404508,0.008129276751404508
thetao,W10p0,2,3,24,-0.008018573580443656,0.008018573580443656
so,W20p0,7,8,9,-0.007936852999580763,0.007936852999580763
so,W60p0,7,8,8,0.007774728336687178,0.007774728336687178
so,W20p0,5,6,10,0.0077343229910402204,0.0077343229910402204
so,W10p0,7,8,22,0.0075383065043004675,0.0075383065043004675
thetao,W30p0,7,8,6,-0.007523167992758423,0.007523167992758423
so,W30p0,4,5,5,0.007514542071824188,0.007514542071824188
so,W40p0,0,1,7,-0.007276901134119229,0.007276901134119229
thetao,W20p0,3,4,5,0.007170959059736074,0.007170959059736074
thetao,W60p0,1,2,3,0.007086108788271133,0.007086108788271133
thetao,W60p0,3,4,10,-0.0070517786863638614,0.0070517786863638614
so,W20p0,7,8,8,0.007046308573290226,0.007046308573290226
so,W60p0,9,10,4,-0.0069473865024420696,0.0069473865024420696
thetao,W40p0,5,6,23,-0.0068688561912468755,0.0068688561912468755
thetao,W10p0,1,2,25,0.006641860884509194,0.006641860884509194
so,W30p0,9,10,17,0.006600778850710584,0.006600778850710584
thetao,W20p0,1,2,4,-0.006571710177710018,0.006571710177710018
so,W40p0,3,4,23,0.00651905719077929,0.00651905719077929
thetao,W60p0,8,9,10,-0.006465686315361761,0.006465686315361761
so,W60p0,4,5,15,0.006386058747264165,0.006386058747264165
so,W10p0,6,7,7,-0.006343867426125892,0.006343867426125892
thetao,W30p0,5,6,6,0.006315154227542118,0.006315154227542118
thetao,W20p0,7,8,19,0.006255689255254515,0.006255689255254515
so,W60p0,1,2,17,-0.005926726218352132,0.005926726218352132
so,W10p0,6,7,9,0.005823430519010858,0.005823430519010858
so,W40p0,6,7,11,-0.00573004169728973,0.00573004169728973
so,W30p0,7,8,4,0.00567588148280271,0.00567588148280271
thetao,W20p0,7,8,6,-0.005664060102678282,0.005664060102678282
thetao,W60p0,0,1,13,0.005606672778075763,0.005606672778075763
so,W10p0,5,6,14,0.0055714024968028285,0.0055714024968028285
thetao,W60p0,8,9,16,0.005563495473246746,0.005563495473246746
so,W10p0,8,9,23,0.00529149366517607,0.00529149366517607
thetao,W40p0,2,3,8,-0.005213537120552505,0.005213537120552505
thetao,W60p0,8,9,12,-0.005150971259253621,0.005150971259253621
so,W40p0,7,8,22,-0.004837097757733295,0.004837097757733295
thetao,W60p0,6,7,13,-0.004782119188099808,0.004782119188099808
so,W40p0,1,2,22,-0.004719535490761069,0.004719535490761069
so,W40p0,3,4,22,0.004615182419896237,0.004615182419896237
so,W60p0,4,5,19,0.0046092210903653065,0.0046092210903653065
so,W20p0,9,10,25,0.004607929782799426,0.004607929782799426
so,W60p0,5,6,0,-0.004494843360958705,0.004494843360958705
so,W10p0,8,9,9,0.0044787827270697,0.0044787827270697
so,W20p0,9,10,24,-0.004404007580971907,0.004404007580971907
thetao,W20p0,6,7,8,0.0043751313224257285,0.0043751313224257285
thetao,W40p0,5,6,1,-0.0042915014690605045,0.0042915014690605045
so,W60p0,7,8,23,-0.004069518774890746,0.004069518774890746
thetao,W60p0,5,6,18,0.003932511913859991,0.003932511913859991
so,W40p0,4,5,23,0.003916610928277353,0.003916610928277353
so,W60p0,1,2,22,-0.0037521780063840956,0.0037521780063840956
thetao,W30p0,7,8,7,-0.0037340699933952766,0.0037340699933952766
so,W20p0,0,1,20,-0.003731408304281445,0.003731408304281445
so,W30p0,7,8,23,-0.0037191771889846566,0.0037191771889846566
thetao,W40p0,8,9,16,0.003703644584979484,0.003703644584979484
so,W60p0,7,8,0,0.0036044642514397674,0.0036044642514397674
so,W20p0,8,9,13,0.0035437374614714417,0.0035437374614714417
so,W30p0,6,7,10,0.0034734948418167666,0.0034734948418167666
thetao,W40p0,6,7,3,0.0033435974321177693,0.0033435974321177693
so,W60p0,9,10,6,-0.0032563950398292268,0.0032563950398292268
thetao,W60p0,5,6,6,-0.0032535680200688126,0.0032535680200688126
thetao,W10p0,0,1,22,-0.0032262379674760358,0.0032262379674760358
so,W10p0,3,4,13,0.0032105392436268055,0.0032105392436268055
thetao,W60p0,7,8,20,-0.0031069974967130637,0.0031069974967130637
thetao,W30p0,3,4,1,-0.0029114507017039526,0.0029114507017039526
thetao,W60p0,6,7,2,-0.002860350308675474,0.002860350308675474
so,W30p0,9,10,19,-0.0028259280147325035,0.0028259280147325035
thetao,W60p0,6,7,16,-0.0027401299049937644,0.0027401299049937644
thetao,W40p0,5,6,16,-0.0026051162996738836,0.0026051162996738836
thetao,W30p0,7,8,18,-0.002545651826389368,0.002545651826389368
thetao,W10p0,3,4,7,-0.002520403126777281,0.002520403126777281
so,W60p0,2,3,13,-0.0024892220597589384,0.0024892220597589384
thetao,W20p0,1,2,3,0.0023771739481836954,0.0023771739481836954
so,W60p0,9,10,3,0.0022624810412509235,0.0022624810412509235
thetao,W10p0,9,10,17,0.0022258997165165743,0.0022258997165165743
so,W30p0,6,7,11,0.0022188493267014135,0.0022188493267014135
so,W60p0,4,5,0,0.002157843201272056,0.002157843201272056
thetao,W10p0,1,2,24,0.0021519967634258505,0.0021519967634258505
so,W20p0,7,8,18,0.0020552252590201286,0.0020552252590201286
thetao,W40p0,9,10,19,-0.0020025496565848028,0.0020025496565848028
thetao,W40p0,4,5,8,0.0019840515326385723,0.0019840515326385723
thetao,W10p0,3,4,14,0.001980377800793611,0.001980377800793611
so,W30p0,3,4,6,-0.0016647447685494976,0.0016647447685494976
so,W20p0,7,8,20,0.0016373450019338486,0.0016373450019338486
thetao,W60p0,0,1,19,-0.0016025142855068035,0.0016025142855068035
thetao,W60p0,9,10,12,-0.0015303728178070713,0.0015303728178070713
so,W20p0,3,4,19,0.001480537006636159,0.001480537006636159
so,W30p0,4,5,3,0.001452053357731873,0.001452053357731873
thetao,W10p0,8,9,11,0.0014058462309820131,0.0014058462309820131
so,W40p0,4,5,24,-0.001282030345651834,0.001282030345651834
thetao,W30p0,2,3,19,0.001280976044067495,0.001280976044067495
so,W20p0,6,7,9,-0.0008942381978229224,0.0008942381978229224
thetao,W30p0,6,7,6,0.0008706671978894641,0.0008706671978894641
thetao,W10p0,3,4,9,-0.000860801510261031,0.000860801510261031
so,W20p0,5,6,23,-0.0008452215106768611,0.0008452215106768611
thetao,W60p0,1,2,18,-0.0008271903931316065,0.0008271903931316065
so,W60p0,6,7,2,0.0007847465259223176,0.0007847465259223176
thetao,W10p0,3,4,17,0.0007798224761959673,0.0007798224761959673
thetao,W30p0,0,1,0,-0.0007304117933480459,0.0007304117933480459
so,W30p0,4,5,1,-0.000696515730973524,0.000696515730973524
so,W60p0,7,8,18,0.0006224052003132703,0.0006224052003132703
thetao,W20p0,1,2,11,-0.0006224033772421885,0.0006224033772421885
so,W20p0,0,1,23,-0.0003674200139144022,0.0003674200139144022
thetao,W60p0,8,9,6,0.00034547028499301493,0.00034547028499301493
thetao,W10p0,5,6,25,-0.0002986995680444867,0.0002986995680444867
thetao,W60p0,6,7,22,0.00027975231488487303,0.00027975231488487303
so,W60p0,6,7,5,0.00024172129084363495,0.00024172129084363495
thetao,W60p0,3,4,24,0.00022216413001305323,0.00022216413001305323
thetao,W60p0,2,3,25,-0.00020773160616543567,0.00020773160616543567
so,W40p0,3,4,6,-0.00016630013829996466,0.00016630013829996466
thetao,W60p0,1,2,8,-8.810927489671479e-05,8.810927489671479e-05
