var,lon_tag,mode,lag,corr,abs_corr
thetao,W40p0,3,0,0.8008512654801018,0.8008512654801018
thetao,W20p0,1,3,0.7751724534010281,0.7751724534010281
so,W30p0,1,4,-0.7729821187591662,0.7729821187591662
thetao,W20p0,1,2,0.7676796176837271,0.7676796176837271
thetao,W60p0,2,0,-0.7563868975870097,0.7563868975870097
so,W30p0,1,5,-0.7432871316875198,0.7432871316875198
so,W30p0,1,3,-0.7431317765010982,0.7431317765010982
thetao,W20p0,1,4,0.7331158715470277,0.7331158715470277
thetao,W30p0,4,3,0.7309757294625244,0.7309757294625244
thetao,W30p0,4,0,0.7258421248336628,0.7258421248336628
thetao,W30p0,4,2,0.7247642859702078,0.7247642859702078
thetao,W20p0,1,1,0.7238179277992184,0.7238179277992184
thetao,W60p0,2,1,-0.7194823448984401,0.7194823448984401
so,W30p0,1,6,-0.7145304616488791,0.7145304616488791
thetao,W30p0,4,1,0.703907467668023,0.703907467668023
so,W30p0,1,2,-0.701463167796384,0.701463167796384
so,W60p0,1,1,0.6924041534621321,0.6924041534621321
so,W30p0,1,7,-0.6919578505536128,0.6919578505536128
thetao,W30p0,1,6,-0.689863109193187,0.689863109193187
so,W60p0,1,2,0.6894260191159828,0.6894260191159828
thetao,W30p0,1,7,-0.68891440557415,0.68891440557415
thetao,W30p0,4,4,0.6874300019363679,0.6874300019363679
thetao,W30p0,1,8,-0.6812111841507881,0.6812111841507881
so,W30p0,1,9,-0.6808528321760854,0.6808528321760854
thetao,W60p0,2,2,-0.6807927490919577,0.6807927490919577
so,W30p0,1,8,-0.6791999908257532,0.6791999908257532
so,W40p0,1,4,-0.6787912745746988,0.6787912745746988
thetao,W30p0,4,8,0.6779053690614347,0.6779053690614347
so,W30p0,1,10,-0.6768932919173434,0.6768932919173434
thetao,W40p0,1,8,-0.673712571384706,0.673712571384706
thetao,W40p0,1,9,-0.6724961548616797,0.6724961548616797
thetao,W30p0,1,5,-0.6721024718047581,0.6721024718047581
thetao,W30p0,1,9,-0.6706597397192422,0.6706597397192422
thetao,W20p0,1,5,0.6706438958527182,0.6706438958527182
thetao,W40p0,1,10,-0.6686612730895685,0.6686612730895685
thetao,W20p0,2,0,-0.6686239384110574,0.6686239384110574
so,W40p0,1,5,-0.6660895283817502,0.6660895283817502
thetao,W30p0,4,7,0.6628674411719653,0.6628674411719653
so,W30p0,1,11,-0.6617229678732162,0.6617229678732162
thetao,W40p0,1,7,-0.6607690944344389,0.6607690944344389
thetao,W30p0,1,10,-0.6600367937993006,0.6600367937993006
so,W60p0,1,0,0.6550155384813201,0.6550155384813201
thetao,W30p0,4,9,0.6534620381575672,0.6534620381575672
thetao,W40p0,1,6,-0.6529727049153689,0.6529727049153689
thetao,W30p0,4,6,0.6518449581258681,0.6518449581258681
so,W40p0,1,6,-0.6507252685569306,0.6507252685569306
so,W40p0,1,7,-0.6506361745937878,0.6506361745937878
so,W40p0,1,8,-0.6502103956878286,0.6502103956878286
so,W60p0,1,3,0.6497298351217842,0.6497298351217842
thetao,W30p0,4,11,0.647021793546558,0.647021793546558
thetao,W30p0,4,12,0.6469016759914623,0.6469016759914623
thetao,W30p0,4,10,0.646303456779882,0.646303456779882
thetao,W30p0,4,5,0.6459252315009828,0.6459252315009828
thetao,W40p0,1,5,-0.6454094784892715,0.6454094784892715
so,W10p0,4,1,-0.6447743708045514,0.6447743708045514
so,W30p0,1,1,-0.6447216629462048,0.6447216629462048
thetao,W40p0,3,1,0.6412053374636268,0.6412053374636268
thetao,W40p0,1,11,-0.6411437176066139,0.6411437176066139
so,W40p0,1,9,-0.6386681857112524,0.6386681857112524
thetao,W30p0,1,4,-0.6386565863761546,0.6386565863761546
thetao,W60p0,2,3,-0.637938638157035,0.637938638157035
so,W10p0,4,0,-0.632770953661358,0.632770953661358
thetao,W40p0,1,12,-0.6310510906775278,0.6310510906775278
so,W30p0,1,12,-0.6305402200389086,0.6305402200389086
so,W40p0,1,10,-0.6271155790983802,0.6271155790983802
thetao,W30p0,1,11,-0.6271104969136305,0.6271104969136305
thetao,W40p0,1,4,-0.6197286021284885,0.6197286021284885
so,W40p0,1,11,-0.6190595380637758,0.6190595380637758
so,W10p0,4,2,-0.6175316696606449,0.6175316696606449
so,W40p0,1,3,-0.6147314067572769,0.6147314067572769
thetao,W30p0,4,13,0.6144472876606536,0.6144472876606536
so,W40p0,1,12,-0.6141869842123243,0.6141869842123243
thetao,W20p0,1,6,0.6089705586121608,0.6089705586121608
so,W10p0,4,4,-0.6077257651498595,0.6077257651498595
thetao,W60p0,2,4,-0.6059671461443276,0.6059671461443276
thetao,W30p0,1,2,-0.6052450070900941,0.6052450070900941
thetao,W30p0,1,1,-0.605153888785278,0.605153888785278
thetao,W10p0,2,14,0.6040416969652619,0.6040416969652619
thetao,W30p0,1,3,-0.6038437458212156,0.6038437458212156
so,W60p0,1,4,0.6031376388289055,0.6031376388289055
thetao,W40p0,1,13,-0.6028139443655557,0.6028139443655557
thetao,W30p0,4,20,0.6018149242112117,0.6018149242112117
so,W10p0,4,3,-0.6006426569395409,0.6006426569395409
thetao,W60p0,2,5,-0.5965234249900007,0.5965234249900007
thetao,W20p0,2,7,-0.596372414895663,0.596372414895663
thetao,W20p0,2,6,-0.5948787006737337,0.5948787006737337
thetao,W20p0,2,8,-0.594629438755377,0.594629438755377
thetao,W10p0,2,13,0.5941173325233972,0.5941173325233972
so,W30p0,1,13,-0.5939027014946945,0.5939027014946945
thetao,W30p0,4,19,0.5909293591935666,0.5909293591935666
so,W30p0,1,14,-0.5888616920075572,0.5888616920075572
thetao,W60p0,2,6,-0.5884451248470349,0.5884451248470349
thetao,W30p0,1,12,-0.5880434003326385,0.5880434003326385
so,W10p0,4,5,-0.5868790826563972,0.5868790826563972
thetao,W10p0,2,7,0.5863616663052821,0.5863616663052821
thetao,W10p0,2,12,0.5859570403096739,0.5859570403096739
so,W30p0,1,15,-0.5849588957707065,0.5849588957707065
thetao,W10p0,2,6,0.5821475759176993,0.5821475759176993
so,W60p0,1,7,0.5806675588609009,0.5806675588609009
thetao,W20p0,1,7,0.5795285469132463,0.5795285469132463
thetao,W20p0,2,1,-0.5785885103219164,0.5785885103219164
thetao,W20p0,2,9,-0.5779064463971549,0.5779064463971549
thetao,W40p0,1,14,-0.5777399436230878,0.5777399436230878
thetao,W60p0,2,7,-0.5776978068963539,0.5776978068963539
so,W30p0,1,17,-0.577693537177948,0.577693537177948
so,W20p0,9,20,-0.5774725637135507,0.5774725637135507
thetao,W30p0,4,14,0.5774476490473267,0.5774476490473267
so,W20p0,6,0,0.5764958592312713,0.5764958592312713
thetao,W30p0,1,13,-0.5739455747292539,0.5739455747292539
thetao,W10p0,2,11,0.5727845280948731,0.5727845280948731
so,W30p0,1,18,-0.5725888910966831,0.5725888910966831
thetao,W20p0,1,0,0.5723863450337358,0.5723863450337358
thetao,W10p0,2,15,0.5723066955002922,0.5723066955002922
so,W20p0,9,18,-0.5722625517265671,0.5722625517265671
so,W30p0,1,16,-0.5721835855345879,0.5721835855345879
thetao,W60p0,2,8,-0.5719273501833947,0.5719273501833947
thetao,W10p0,2,10,0.5717299546334188,0.5717299546334188
so,W60p0,1,6,0.5717267463373983,0.5717267463373983
so,W60p0,1,8,0.5715762697482675,0.5715762697482675
so,W20p0,9,19,-0.5700292225031756,0.5700292225031756
thetao,W30p0,4,18,0.569024462025643,0.569024462025643
thetao,W30p0,1,14,-0.5685765136534754,0.5685765136534754
thetao,W20p0,4,20,-0.5682877869189381,0.5682877869189381
thetao,W20p0,2,10,-0.568267037716816,0.568267037716816
thetao,W30p0,4,17,0.5662120519638415,0.5662120519638415
thetao,W20p0,2,5,-0.5658553240316342,0.5658553240316342
so,W40p0,1,14,-0.5647210010649117,0.5647210010649117
thetao,W10p0,2,17,0.5643010997903317,0.5643010997903317
so,W60p0,1,5,0.5640675653887738,0.5640675653887738
thetao,W40p0,3,2,0.5634087660137127,0.5634087660137127
thetao,W30p0,1,0,-0.5628028652520457,0.5628028652520457
thetao,W30p0,4,15,0.561201469547456,0.561201469547456
so,W40p0,1,13,-0.561003623226233,0.561003623226233
so,W20p0,5,3,0.5606808091857515,0.5606808091857515
thetao,W20p0,2,11,-0.5599839209652488,0.5599839209652488
thetao,W10p0,2,5,0.5586267803142053,0.5586267803142053
thetao,W20p0,2,12,-0.557828329639984,0.557828329639984
thetao,W30p0,1,15,-0.5569029474808732,0.5569029474808732
thetao,W30p0,4,16,0.5560335585582464,0.5560335585582464
so,W40p0,1,15,-0.5552706651582777,0.5552706651582777
so,W40p0,1,2,-0.5552233162321137,0.5552233162321137
so,W20p0,4,2,0.5551856736153082,0.5551856736153082
thetao,W60p0,2,9,-0.5542495561828744,0.5542495561828744
thetao,W20p0,1,8,0.5536502253404364,0.5536502253404364
thetao,W20p0,2,2,-0.5530642096685982,0.5530642096685982
thetao,W10p0,2,8,0.5525026078041266,0.5525026078041266
thetao,W40p0,1,15,-0.550265533340695,0.550265533340695
thetao,W40p0,1,3,-0.548936397865079,0.548936397865079
so,W20p0,4,3,0.5488176061238259,0.5488176061238259
thetao,W10p0,1,0,-0.5481743622724589,0.5481743622724589
thetao,W10p0,2,16,0.5478450138084846,0.5478450138084846
thetao,W20p0,2,13,-0.5474057029596011,0.5474057029596011
thetao,W10p0,2,9,0.545971161186541,0.545971161186541
so,W20p0,9,17,-0.5449237924665775,0.5449237924665775
so,W60p0,1,9,0.544361063547422,0.544361063547422
thetao,W20p0,1,9,0.5442050958108217,0.5442050958108217
so,W10p0,4,9,-0.5438488732753294,0.5438488732753294
thetao,W10p0,2,18,0.5406104992977088,0.5406104992977088
thetao,W10p0,2,4,0.539646523478625,0.539646523478625
so,W60p0,1,10,0.5391846223936014,0.5391846223936014
thetao,W20p0,4,19,-0.5390625101389869,0.5390625101389869
so,W10p0,4,10,-0.5380405049718585,0.5380405049718585
so,W10p0,4,6,-0.537508689673391,0.537508689673391
thetao,W60p0,2,10,-0.5370201604592222,0.5370201604592222
so,W60p0,1,11,0.5356625061246364,0.5356625061246364
so,W60p0,1,20,0.5351411907397647,0.5351411907397647
so,W30p0,1,19,-0.5350176461340391,0.5350176461340391
thetao,W10p0,1,1,-0.534826934998578,0.534826934998578
so,W40p0,1,16,-0.534454263882581,0.534454263882581
so,W60p0,1,19,0.5330314402052552,0.5330314402052552
so,W40p0,2,20,0.5319928341488004,0.5319928341488004
thetao,W20p0,1,10,0.5314659066444655,0.5314659066444655
thetao,W10p0,2,19,0.5314353033280942,0.5314353033280942
thetao,W30p0,1,16,-0.5309797099158315,0.5309797099158315
thetao,W10p0,9,20,-0.5300375778317592,0.5300375778317592
thetao,W20p0,2,15,-0.5286394767487766,0.5286394767487766
thetao,W40p0,6,3,0.5275701955930219,0.5275701955930219
so,W10p0,4,11,-0.5269110292418688,0.5269110292418688
so,W20p0,5,4,0.5268952918536768,0.5268952918536768
so,W60p0,1,14,0.5268159745694247,0.5268159745694247
thetao,W60p0,2,11,-0.5261043443765965,0.5261043443765965
so,W30p0,1,0,-0.5258086345878468,0.5258086345878468
thetao,W40p0,1,16,-0.525725559525425,0.525725559525425
so,W40p0,1,17,-0.5254457939505656,0.5254457939505656
thetao,W10p0,2,20,0.5253785747119034,0.5253785747119034
so,W60p0,1,12,0.5219881449292227,0.5219881449292227
so,W60p0,1,15,0.5217479361204969,0.5217479361204969
so,W10p0,4,8,-0.5216537098494662,0.5216537098494662
thetao,W20p0,2,14,-0.5215942064741502,0.5215942064741502
thetao,W20p0,2,16,-0.5214825743500936,0.5214825743500936
thetao,W20p0,2,4,-0.5213955069344672,0.5213955069344672
thetao,W20p0,1,14,0.5212118902611138,0.5212118902611138
so,W40p0,2,2,0.5199417092662367,0.5199417092662367
thetao,W10p0,1,2,-0.5196616407708988,0.5196616407708988
thetao,W60p0,2,12,-0.5170456645345465,0.5170456645345465
so,W60p0,1,16,0.516737549829317,0.516737549829317
so,W60p0,1,17,0.5160764919621501,0.5160764919621501
so,W40p0,2,1,0.5158248671787747,0.5158248671787747
so,W60p0,1,13,0.5152971949981603,0.5152971949981603
thetao,W40p0,1,17,-0.5152964926640793,0.5152964926640793
so,W40p0,1,18,-0.5150616593713107,0.5150616593713107
so,W40p0,2,3,0.5145365203895135,0.5145365203895135
so,W10p0,4,12,-0.5143895483136397,0.5143895483136397
thetao,W20p0,2,3,-0.5141298149181819,0.5141298149181819
so,W20p0,4,4,0.5140016016791037,0.5140016016791037
so,W10p0,4,7,-0.5139298101740011,0.5139298101740011
so,W40p0,2,19,0.5137251905299794,0.5137251905299794
thetao,W20p0,1,15,0.510122652879942,0.510122652879942
so,W30p0,1,20,-0.5097579459359848,0.5097579459359848
thetao,W20p0,2,17,-0.5089972223395179,0.5089972223395179
thetao,W40p0,1,2,-0.5082174128198472,0.5082174128198472
thetao,W30p0,1,17,-0.5078154924442615,0.5078154924442615
so,W60p0,1,18,0.5077948086711694,0.5077948086711694
thetao,W10p0,2,1,0.5070697109367018,0.5070697109367018
so,W10p0,4,15,-0.5060097651991331,0.5060097651991331
so,W20p0,6,2,0.5048835009029193,0.5048835009029193
so,W20p0,4,1,0.5045420359543297,0.5045420359543297
thetao,W60p0,2,14,-0.5041453584815867,0.5041453584815867
thetao,W20p0,1,11,0.5035917938186241,0.5035917938186241
so,W10p0,4,14,-0.5029174856990287,0.5029174856990287
thetao,W60p0,2,15,-0.5027902563936946,0.5027902563936946
thetao,W60p0,2,13,-0.5027534489784988,0.5027534489784988
thetao,W10p0,1,3,-0.5025209440774577,0.5025209440774577
thetao,W40p0,6,2,0.5019474775667087,0.5019474775667087
thetao,W20p0,4,18,-0.5006097402983352,0.5006097402983352
so,W40p0,2,13,0.5001128720786016,0.5001128720786016
thetao,W10p0,2,3,0.4995937310476027,0.4995937310476027
thetao,W10p0,2,2,0.49928447453296243,0.49928447453296243
so,W40p0,2,10,0.4991250853656593,0.4991250853656593
so,W40p0,2,0,0.4988262712413762,0.4988262712413762
thetao,W40p0,6,4,0.49866675235390046,0.49866675235390046
thetao,W10p0,1,5,-0.4974616931623109,0.4974616931623109
so,W40p0,2,17,0.49735754640265284,0.49735754640265284
so,W40p0,2,18,0.4960380032690327,0.4960380032690327
thetao,W10p0,1,4,-0.49581305006487053,0.49581305006487053
so,W20p0,6,1,0.4942482077896322,0.4942482077896322
thetao,W60p0,2,16,-0.4940803111733428,0.4940803111733428
so,W10p0,4,13,-0.4940294658685265,0.4940294658685265
thetao,W20p0,2,18,-0.49396737750439434,0.49396737750439434
thetao,W10p0,2,0,0.4929805933736005,0.4929805933736005
so,W40p0,2,11,0.4915859198841013,0.4915859198841013
so,W10p0,1,3,-0.4914651605510664,0.4914651605510664
so,W20p0,9,16,-0.49083266526747305,0.49083266526747305
so,W60p0,2,13,0.4903481440641804,0.4903481440641804
so,W40p0,2,12,0.48982062549224836,0.48982062549224836
thetao,W20p0,1,13,0.4884060108098643,0.4884060108098643
so,W10p0,4,16,-0.48686200050165496,0.48686200050165496
thetao,W40p0,1,18,-0.48644418199376016,0.48644418199376016
so,W40p0,1,1,-0.4858443305766941,0.4858443305766941
thetao,W20p0,1,16,0.4858327251698116,0.4858327251698116
thetao,W40p0,3,3,0.48570970825057697,0.48570970825057697
so,W60p0,2,12,0.48550080946193014,0.48550080946193014
so,W20p0,4,5,0.48453871549192956,0.48453871549192956
so,W40p0,2,16,0.4843071003427715,0.4843071003427715
thetao,W60p0,2,17,-0.4833318714685221,0.4833318714685221
thetao,W40p0,1,1,-0.4833076464663854,0.4833076464663854
thetao,W10p0,1,6,-0.481134782081322,0.481134782081322
so,W40p0,2,5,0.4807186919969089,0.4807186919969089
thetao,W10p0,9,19,-0.480367395497646,0.480367395497646
thetao,W20p0,1,12,0.479725128202198,0.479725128202198
thetao,W60p0,2,18,-0.4796567881574286,0.4796567881574286
thetao,W30p0,1,18,-0.4796338434346888,0.4796338434346888
so,W40p0,2,6,0.4774666911322138,0.4774666911322138
thetao,W60p0,2,19,-0.47746529083199896,0.47746529083199896
so,W40p0,2,14,0.47675292360525395,0.47675292360525395
so,W40p0,2,15,0.47621934535934507,0.47621934535934507
thetao,W10p0,1,9,-0.4730697868182117,0.4730697868182117
thetao,W20p0,4,17,-0.4729941852072582,0.4729941852072582
thetao,W10p0,1,7,-0.47298172147601836,0.47298172147601836
so,W40p0,2,9,0.4723303622458608,0.4723303622458608
thetao,W10p0,1,8,-0.4721029225588795,0.4721029225588795
so,W60p0,2,9,0.46849546343434634,0.46849546343434634
so,W40p0,2,4,0.46812560416284377,0.46812560416284377
thetao,W20p0,2,19,-0.4680287791087638,0.4680287791087638
thetao,W10p0,9,16,-0.4668405588440744,0.4668405588440744
thetao,W10p0,1,10,-0.4625433082369343,0.4625433082369343
thetao,W10p0,3,20,0.46222450806540144,0.46222450806540144
so,W10p0,1,2,-0.4621685802535157,0.4621685802535157
thetao,W10p0,3,19,0.46134963655070904,0.46134963655070904
so,W10p0,4,17,-0.4612520157368072,0.4612520157368072
thetao,W60p0,2,20,-0.46116957022202626,0.46116957022202626
thetao,W10p0,3,18,0.46073424416667025,0.46073424416667025
thetao,W60p0,10,15,-0.4606584064508769,0.4606584064508769
so,W20p0,5,2,0.4584315235486745,0.4584315235486745
so,W10p0,1,4,-0.4573363277764896,0.4573363277764896
thetao,W10p0,3,17,0.45653255087128203,0.45653255087128203
thetao,W40p0,3,13,0.45630322208510227,0.45630322208510227
so,W20p0,5,1,0.4561792880985343,0.4561792880985343
so,W40p0,2,7,0.4540704954949279,0.4540704954949279
thetao,W20p0,4,16,-0.4539938836381588,0.4539938836381588
thetao,W40p0,3,20,0.45383023561723507,0.45383023561723507
thetao,W20p0,1,17,0.45357592661715807,0.45357592661715807
so,W20p0,4,6,0.4517534778503888,0.4517534778503888
so,W60p0,2,10,0.45156726307234824,0.45156726307234824
thetao,W60p0,7,2,0.4507463005420827,0.4507463005420827
thetao,W40p0,10,20,-0.448713026298966,0.448713026298966
so,W40p0,1,19,-0.448099972817504,0.448099972817504
so,W60p0,9,2,0.4471140627127491,0.4471140627127491
thetao,W10p0,1,11,-0.44554660972315185,0.44554660972315185
so,W20p0,4,10,0.4454641355545071,0.4454641355545071
so,W60p0,2,16,0.44507700764142194,0.44507700764142194
thetao,W40p0,10,19,-0.44455458722531593,0.44455458722531593
so,W40p0,2,8,0.44399943417212756,0.44399943417212756
thetao,W60p0,7,3,0.44379386975592133,0.44379386975592133
thetao,W20p0,6,10,0.4436585753344547,0.4436585753344547
so,W40p0,3,0,-0.44300860192832137,0.44300860192832137
thetao,W20p0,2,20,-0.44292239813161216,0.44292239813161216
thetao,W60p0,10,16,-0.44273764005145855,0.44273764005145855
thetao,W40p0,9,5,0.4425945210795165,0.4425945210795165
thetao,W60p0,10,14,-0.4417248443260799,0.4417248443260799
thetao,W10p0,3,8,0.4417118160279604,0.4417118160279604
thetao,W40p0,1,0,-0.4413137129975824,0.4413137129975824
thetao,W40p0,1,19,-0.4408429155555182,0.4408429155555182
thetao,W40p0,2,18,0.440792555468326,0.440792555468326
thetao,W30p0,1,19,-0.4391478938088069,0.4391478938088069
thetao,W40p0,3,15,0.4387076918119775,0.4387076918119775
thetao,W40p0,3,19,0.4386190000216089,0.4386190000216089
so,W60p0,2,11,0.4382427899278586,0.4382427899278586
thetao,W40p0,3,14,0.43790656808114814,0.43790656808114814
thetao,W40p0,2,19,0.43772427751402393,0.43772427751402393
thetao,W40p0,3,7,0.4367048976279498,0.4367048976279498
thetao,W40p0,2,20,0.4358749571113059,0.4358749571113059
thetao,W60p0,10,13,-0.43578939964473223,0.43578939964473223
thetao,W20p0,6,11,0.43409616823535846,0.43409616823535846
thetao,W10p0,3,7,0.43359545334489846,0.43359545334489846
thetao,W40p0,3,16,0.4330923420404256,0.4330923420404256
so,W20p0,6,3,0.4330603002141609,0.4330603002141609
thetao,W40p0,10,18,-0.43228212719327846,0.43228212719327846
thetao,W40p0,3,8,0.4301393415008494,0.4301393415008494
so,W20p0,9,12,-0.4295279269477409,0.4295279269477409
thetao,W40p0,3,6,0.4288469801448633,0.4288469801448633
thetao,W40p0,9,4,0.4285673918564928,0.4285673918564928
thetao,W60p0,5,4,0.42829453912989307,0.42829453912989307
so,W60p0,2,17,0.42829445917546277,0.42829445917546277
thetao,W10p0,1,12,-0.4279317864850444,0.4279317864850444
so,W60p0,2,0,0.42748616537102235,0.42748616537102235
thetao,W60p0,10,8,-0.42734421976081616,0.42734421976081616
thetao,W20p0,4,15,-0.4267199456775734,0.4267199456775734
thetao,W10p0,9,18,-0.4264958697851864,0.4264958697851864
so,W10p0,1,1,-0.4263763954322085,0.4263763954322085
thetao,W40p0,9,6,0.4244767061758072,0.4244767061758072
thetao,W10p0,3,16,0.42447083943622677,0.42447083943622677
thetao,W40p0,2,17,0.4243868599320822,0.4243868599320822
thetao,W40p0,3,17,0.4214835003309687,0.4214835003309687
thetao,W10p0,3,9,0.4209561219281965,0.4209561219281965
thetao,W20p0,6,19,0.42066329778118977,0.42066329778118977
so,W60p0,2,8,0.420593087793466,0.420593087793466
so,W10p0,1,7,-0.4205890396849376,0.4205890396849376
so,W10p0,4,18,-0.42000081984904375,0.42000081984904375
thetao,W40p0,3,5,0.4197535369218061,0.4197535369218061
thetao,W40p0,3,4,0.4178347548311295,0.4178347548311295
thetao,W10p0,9,17,-0.4177654563839544,0.4177654563839544
thetao,W40p0,3,9,0.41763477558014395,0.41763477558014395
thetao,W20p0,6,20,0.4170382675830478,0.4170382675830478
so,W20p0,4,9,0.41507482103230603,0.41507482103230603
thetao,W40p0,3,12,0.41507101462354073,0.41507101462354073
thetao,W20p0,4,12,-0.4146989054002686,0.4146989054002686
so,W20p0,5,7,0.41377750973975475,0.41377750973975475
so,W40p0,1,20,-0.41367379761229867,0.41367379761229867
thetao,W40p0,6,5,0.4128871595594047,0.4128871595594047
thetao,W10p0,3,10,0.4128788039002557,0.4128788039002557
so,W10p0,1,0,-0.41276518078152635,0.41276518078152635
thetao,W30p0,1,20,-0.4124389940506806,0.4124389940506806
so,W60p0,2,14,0.4116756702586107,0.4116756702586107
thetao,W10p0,3,11,0.409790419742811,0.409790419742811
so,W20p0,1,0,-0.40968111126329265,0.40968111126329265
thetao,W10p0,3,6,0.4096392790942696,0.4096392790942696
so,W60p0,9,1,0.4092337827360902,0.4092337827360902
thetao,W20p0,6,12,0.40920590974122084,0.40920590974122084
thetao,W20p0,4,13,-0.40867939911460666,0.40867939911460666
thetao,W60p0,10,9,-0.4084581988690219,0.4084581988690219
thetao,W40p0,3,18,0.4082301504750185,0.4082301504750185
thetao,W40p0,3,11,0.40758969608656903,0.40758969608656903
so,W60p0,2,15,0.4066932534611507,0.4066932534611507
so,W20p0,4,11,0.40626192817172985,0.40626192817172985
so,W10p0,1,5,-0.40601931495027743,0.40601931495027743
so,W20p0,4,7,0.4053032684864671,0.4053032684864671
thetao,W40p0,1,20,-0.4048690595660403,0.4048690595660403
so,W10p0,1,6,-0.4047610076479785,0.4047610076479785
thetao,W60p0,5,3,0.4047119854895804,0.4047119854895804
thetao,W10p0,9,15,-0.4040675084697932,0.4040675084697932
so,W20p0,4,18,0.4040592384279918,0.4040592384279918
thetao,W10p0,1,13,-0.40396483581624,0.40396483581624
thetao,W20p0,1,18,0.4038807090054224,0.4038807090054224
thetao,W60p0,10,7,-0.40382156675643566,0.40382156675643566
thetao,W20p0,6,18,0.4037748901825675,0.4037748901825675
so,W10p0,1,8,-0.4031854590861437,0.4031854590861437
thetao,W60p0,7,4,0.4027193056612374,0.4027193056612374
so,W20p0,9,15,-0.40192336897851527,0.40192336897851527
thetao,W10p0,3,12,0.4014780971631522,0.4014780971631522
so,W20p0,5,5,0.40079039297497665,0.40079039297497665
thetao,W40p0,3,10,0.3990610842016502,0.3990610842016502
thetao,W20p0,4,11,-0.3989635210735447,0.3989635210735447
thetao,W20p0,6,9,0.39883759568212346,0.39883759568212346
thetao,W40p0,2,16,0.39861238947237815,0.39861238947237815
thetao,W10p0,1,14,-0.3983547087386511,0.3983547087386511
thetao,W30p0,10,10,-0.3972892550167822,0.3972892550167822
thetao,W20p0,6,14,0.3968490145305967,0.3968490145305967
thetao,W10p0,3,13,0.3962129996696829,0.3962129996696829
thetao,W10p0,1,15,-0.39610857729473237,0.39610857729473237
thetao,W10p0,3,15,0.395689882110756,0.395689882110756
thetao,W30p0,10,9,-0.3946463796888053,0.3946463796888053
so,W20p0,5,14,0.39397990786677567,0.39397990786677567
so,W20p0,9,11,-0.3934776467185696,0.3934776467185696
thetao,W10p0,3,14,0.39307758032270457,0.39307758032270457
thetao,W20p0,4,14,-0.39261134876353876,0.39261134876353876
thetao,W60p0,10,6,-0.3897530697541733,0.3897530697541733
so,W60p0,2,18,0.3874744040214395,0.3874744040214395
thetao,W60p0,10,17,-0.38744261736975816,0.38744261736975816
thetao,W40p0,9,3,0.38633850673952636,0.38633850673952636
thetao,W10p0,6,2,-0.385453744679983,0.385453744679983
thetao,W10p0,1,16,-0.3846627818263879,0.3846627818263879
thetao,W60p0,6,20,-0.38455780526741495,0.38455780526741495
so,W20p0,5,15,0.3837639568404878,0.3837639568404878
so,W10p0,8,20,0.3834158208778319,0.3834158208778319
so,W20p0,9,13,-0.38144926260449014,0.38144926260449014
so,W20p0,2,5,0.38127396058048574,0.38127396058048574
thetao,W10p0,3,5,0.3812100623719098,0.3812100623719098
thetao,W20p0,1,20,0.3809739484748713,0.3809739484748713
so,W20p0,1,9,-0.37939549425659164,0.37939549425659164
thetao,W20p0,6,15,0.37937497838202916,0.37937497838202916
so,W20p0,4,8,0.37923776246444535,0.37923776246444535
so,W20p0,4,17,0.3773432402877077,0.3773432402877077
so,W10p0,9,18,0.37695926569621224,0.37695926569621224
thetao,W20p0,1,19,0.376873962890284,0.376873962890284
so,W20p0,1,8,-0.3765214104064611,0.3765214104064611
thetao,W10p0,6,3,-0.37643706847082314,0.37643706847082314
so,W20p0,5,11,0.3756708121466354,0.3756708121466354
thetao,W60p0,10,12,-0.37550376852910544,0.37550376852910544
so,W20p0,5,8,0.374987527749742,0.374987527749742
so,W20p0,6,4,0.37296400766978627,0.37296400766978627
thetao,W40p0,10,17,-0.37194431159496005,0.37194431159496005
so,W20p0,2,4,0.37150455257896214,0.37150455257896214
thetao,W40p0,9,7,0.37084398016539505,0.37084398016539505
so,W20p0,9,9,-0.3707236425901078,0.3707236425901078
thetao,W10p0,3,4,0.37009029687683975,0.37009029687683975
thetao,W60p0,10,5,-0.37006357632716885,0.37006357632716885
so,W60p0,2,5,0.3691077794704313,0.3691077794704313
so,W60p0,2,4,0.368789340759852,0.368789340759852
thetao,W60p0,10,10,-0.3679539960259487,0.3679539960259487
so,W20p0,2,6,0.3669915855077394,0.3669915855077394
thetao,W10p0,6,1,-0.36691342577072455,0.36691342577072455
thetao,W60p0,10,18,-0.3668714741801787,0.3668714741801787
thetao,W40p0,6,6,0.3666717355673243,0.3666717355673243
thetao,W40p0,6,1,0.36639810433480796,0.36639810433480796
thetao,W30p0,9,18,0.3663709174115049,0.3663709174115049
so,W20p0,6,5,0.36629553076985016,0.36629553076985016
so,W20p0,4,19,0.366025395426651,0.366025395426651
so,W10p0,1,9,-0.36428595392736673,0.36428595392736673
so,W10p0,4,19,-0.36418009972827436,0.36418009972827436
thetao,W60p0,5,1,0.3640303256027543,0.3640303256027543
so,W20p0,5,0,0.36393741156076675,0.36393741156076675
thetao,W40p0,2,15,0.36387526481836857,0.36387526481836857
so,W30p0,3,0,0.3634983163715048,0.3634983163715048
thetao,W40p0,9,0,0.362127559076276,0.362127559076276
so,W20p0,1,5,-0.3615715213369862,0.3615715213369862
thetao,W20p0,3,0,-0.3611819541379247,0.3611819541379247
so,W20p0,5,6,0.36100269187542605,0.36100269187542605
so,W20p0,6,7,0.3607659857709206,0.3607659857709206
thetao,W10p0,9,12,-0.36007543992669633,0.36007543992669633
thetao,W40p0,10,12,-0.3600434738092105,0.3600434738092105
so,W20p0,9,8,-0.35856569020270285,0.35856569020270285
so,W20p0,6,6,0.3583345047215718,0.3583345047215718
thetao,W10p0,1,17,-0.3579912115162314,0.3579912115162314
so,W60p0,2,19,0.3577029775916628,0.3577029775916628
thetao,W60p0,6,14,-0.3575718740434472,0.3575718740434472
thetao,W20p0,6,17,0.35752663706035737,0.35752663706035737
so,W20p0,8,0,-0.3572869923481417,0.3572869923481417
thetao,W60p0,10,4,-0.35697546617857867,0.35697546617857867
so,W20p0,2,3,0.3566787259499021,0.3566787259499021
thetao,W60p0,6,19,-0.35508734441818884,0.35508734441818884
thetao,W40p0,8,3,-0.35484642936298477,0.35484642936298477
so,W20p0,2,18,0.35458075819746443,0.35458075819746443
so,W20p0,9,10,-0.3536676952361599,0.3536676952361599
so,W40p0,1,0,-0.3534295461947315,0.3534295461947315
thetao,W20p0,4,10,-0.3530790030670151,0.3530790030670151
so,W10p0,1,13,-0.3528285341148208,0.3528285341148208
thetao,W10p0,7,16,-0.3527021952641846,0.3527021952641846
so,W20p0,1,12,-0.3525254286263363,0.3525254286263363
so,W60p0,2,6,0.35240098001481357,0.35240098001481357
so,W10p0,1,10,-0.352150617022845,0.352150617022845
so,W20p0,4,12,0.35213772646235947,0.35213772646235947
so,W20p0,9,14,-0.3521124199636401,0.3521124199636401
thetao,W60p0,6,15,-0.3520353206918595,0.3520353206918595
so,W60p0,6,0,-0.35132673111939244,0.35132673111939244
thetao,W60p0,7,6,0.35112614611240295,0.35112614611240295
so,W10p0,4,20,-0.350613108155965,0.350613108155965
so,W20p0,2,11,0.350305992578081,0.350305992578081
thetao,W60p0,5,5,0.35027032294578003,0.35027032294578003
so,W10p0,1,14,-0.3501966958799334,0.3501966958799334
thetao,W60p0,10,19,-0.34991689517399305,0.34991689517399305
so,W60p0,2,20,0.3493658342341015,0.3493658342341015
so,W20p0,6,8,0.3488735328047469,0.3488735328047469
so,W20p0,2,10,0.3487543624802279,0.3487543624802279
so,W10p0,1,11,-0.34873671087665137,0.34873671087665137
so,W10p0,1,12,-0.3486672756581516,0.3486672756581516
thetao,W40p0,10,16,-0.34865190772021804,0.34865190772021804
thetao,W30p0,9,15,0.3486347507630054,0.3486347507630054
so,W20p0,5,10,0.34853170708417885,0.34853170708417885
thetao,W60p0,7,1,0.3482856943011739,0.3482856943011739
thetao,W10p0,6,4,-0.34752754745958986,0.34752754745958986
so,W20p0,2,12,0.34745696510046364,0.34745696510046364
so,W20p0,1,10,-0.34732948216391196,0.34732948216391196
so,W20p0,1,6,-0.3472832676831106,0.3472832676831106
thetao,W10p0,9,13,-0.347238393793936,0.347238393793936
thetao,W20p0,6,4,0.34700082869290216,0.34700082869290216
so,W20p0,2,17,0.34585054758736006,0.34585054758736006
thetao,W60p0,10,11,-0.34419620986691696,0.34419620986691696
so,W60p0,9,18,0.3431841278422438,0.3431841278422438
so,W60p0,2,3,0.34253600154066793,0.34253600154066793
so,W20p0,2,19,0.3416706082147626,0.3416706082147626
so,W20p0,1,7,-0.3416255762530289,0.3416255762530289
thetao,W20p0,6,8,0.3415681572972441,0.3415681572972441
so,W20p0,1,11,-0.3414752653104161,0.3414752653104161
thetao,W20p0,6,16,0.3413923413995907,0.3413923413995907
thetao,W60p0,7,5,0.341209766669748,0.341209766669748
thetao,W10p0,3,3,0.34070326750148383,0.34070326750148383
thetao,W40p0,2,14,0.34070153611540155,0.34070153611540155
thetao,W60p0,6,11,-0.34056849859988775,0.34056849859988775
so,W10p0,9,17,0.3402318540838189,0.3402318540838189
thetao,W60p0,6,12,-0.3398660335813282,0.3398660335813282
so,W30p0,2,0,0.3394533512243654,0.3394533512243654
so,W60p0,8,2,0.33873989966414614,0.33873989966414614
thetao,W30p0,9,16,0.3386461307583605,0.3386461307583605
thetao,W30p0,9,17,0.33836134440232846,0.33836134440232846
thetao,W20p0,6,13,0.33833978658192637,0.33833978658192637
so,W20p0,2,2,0.33815420884653397,0.33815420884653397
thetao,W40p0,9,1,0.337936773661278,0.337936773661278
so,W60p0,2,7,0.3377068302071005,0.3377068302071005
so,W20p0,2,9,0.33763252015924544,0.33763252015924544
so,W20p0,2,16,0.33614488744483106,0.33614488744483106
thetao,W40p0,9,12,0.33561532528075266,0.33561532528075266
so,W20p0,2,14,0.33537384157785716,0.33537384157785716
so,W20p0,2,13,0.3349733651052067,0.3349733651052067
thetao,W10p0,9,14,-0.3348892416703807,0.3348892416703807
so,W20p0,1,13,-0.33417804160397,0.33417804160397
so,W20p0,5,9,0.3338436242791923,0.3338436242791923
so,W20p0,2,15,0.33364488569580364,0.33364488569580364
thetao,W40p0,9,2,0.33285322692550856,0.33285322692550856
so,W20p0,2,20,0.3326341693625277,0.3326341693625277
thetao,W40p0,10,13,-0.332576829668469,0.332576829668469
thetao,W40p0,8,18,-0.3324073286951516,0.3324073286951516
thetao,W40p0,8,19,-0.3321166426420835,0.3321166426420835
thetao,W10p0,6,5,-0.3318642064969263,0.3318642064969263
thetao,W20p0,3,8,-0.33166963392234045,0.33166963392234045
so,W20p0,4,0,0.3310142414756398,0.3310142414756398
so,W20p0,6,13,0.330793330858265,0.330793330858265
so,W40p0,5,3,-0.3306104047901964,0.3306104047901964
so,W20p0,2,7,0.33059649059162133,0.33059649059162133
thetao,W60p0,8,0,-0.33034777207619576,0.33034777207619576
thetao,W10p0,7,15,-0.3302988606821759,0.3302988606821759
thetao,W20p0,3,9,-0.32993466967990254,0.32993466967990254
thetao,W40p0,10,11,-0.3298977769795614,0.3298977769795614
thetao,W10p0,1,18,-0.329260295185456,0.329260295185456
thetao,W20p0,6,1,0.32922441909882355,0.32922441909882355
thetao,W40p0,10,15,-0.32867845046468036,0.32867845046468036
so,W20p0,4,16,0.32844191434909026,0.32844191434909026
thetao,W10p0,7,14,-0.3283847458727206,0.3283847458727206
thetao,W30p0,10,8,-0.32818640983900416,0.32818640983900416
thetao,W20p0,6,2,0.32729654568575617,0.32729654568575617
so,W60p0,9,15,0.32696146995119474,0.32696146995119474
thetao,W40p0,6,7,0.3264944922565101,0.3264944922565101
thetao,W40p0,8,2,-0.32530763730001827,0.32530763730001827
thetao,W30p0,10,11,-0.3252770541890234,0.3252770541890234
thetao,W60p0,10,3,-0.32506969251325485,0.32506969251325485
so,W10p0,2,20,0.32417770302529886,0.32417770302529886
thetao,W10p0,7,13,-0.32409514629352526,0.32409514629352526
so,W10p0,8,8,0.32340034048468347,0.32340034048468347
thetao,W60p0,9,0,0.3233862508812418,0.3233862508812418
so,W60p0,9,3,0.3230727772905178,0.3230727772905178
so,W20p0,1,15,-0.32292434280890353,0.32292434280890353
thetao,W10p0,7,12,-0.32252895828250366,0.32252895828250366
so,W20p0,5,12,0.32241246864138845,0.32241246864138845
thetao,W10p0,9,3,-0.3218964159652602,0.3218964159652602
thetao,W20p0,6,3,0.3214577900058416,0.3214577900058416
so,W10p0,7,9,0.320984084404153,0.320984084404153
so,W20p0,4,15,0.3205564573696153,0.3205564573696153
thetao,W40p0,8,1,-0.32036318721005425,0.32036318721005425
so,W10p0,7,10,0.3199930413755488,0.3199930413755488
thetao,W10p0,6,10,-0.3195872719672172,0.3195872719672172
thetao,W40p0,9,10,0.31942841451135034,0.31942841451135034
so,W20p0,4,14,0.3193669799332501,0.3193669799332501
thetao,W60p0,7,7,0.31915057764134136,0.31915057764134136
so,W20p0,5,16,0.3191042501691789,0.3191042501691789
thetao,W40p0,10,14,-0.3182049712974283,0.3182049712974283
so,W20p0,1,16,-0.3178430285379978,0.3178430285379978
so,W20p0,1,4,-0.317215401862382,0.317215401862382
thetao,W20p0,4,9,-0.31712378350688347,0.31712378350688347
thetao,W40p0,9,8,0.31656897870208045,0.31656897870208045
so,W20p0,1,14,-0.3162819005415698,0.3162819005415698
so,W20p0,5,13,0.3162346185321313,0.3162346185321313
thetao,W40p0,2,13,0.3157768475589739,0.3157768475589739
so,W60p0,9,16,0.3153589889424473,0.3153589889424473
so,W40p0,5,2,-0.3150877079202721,0.3150877079202721
thetao,W40p0,2,12,0.3149190246776381,0.3149190246776381
so,W20p0,2,8,0.3141082127268315,0.3141082127268315
so,W60p0,8,1,0.3139608218398927,0.3139608218398927
so,W10p0,1,15,-0.3132882027536974,0.3132882027536974
thetao,W60p0,5,2,0.3130222116787852,0.3130222116787852
so,W40p0,3,1,-0.3127627894389525,0.3127627894389525
thetao,W40p0,9,11,0.31266364628347276,0.31266364628347276
so,W10p0,3,0,-0.31250346785422606,0.31250346785422606
thetao,W30p0,5,15,-0.3110483875902395,0.3110483875902395
thetao,W30p0,9,19,0.3110141472937985,0.3110141472937985
so,W20p0,6,12,0.3102287601995585,0.3102287601995585
so,W10p0,3,1,-0.3101613529542671,0.3101613529542671
so,W60p0,8,3,0.31011173608872805,0.31011173608872805
so,W10p0,9,19,0.3096515871490141,0.3096515871490141
thetao,W40p0,8,0,-0.309146094043827,0.309146094043827
so,W60p0,9,19,0.3088513478499841,0.3088513478499841
thetao,W40p0,9,9,0.3087935076524816,0.3087935076524816
thetao,W20p0,3,7,-0.30859153492485364,0.30859153492485364
so,W10p0,3,18,-0.3084288226701786,0.3084288226701786
thetao,W40p0,8,4,-0.3077621649631661,0.3077621649631661
thetao,W20p0,6,5,0.30759242189195896,0.30759242189195896
so,W20p0,7,2,-0.30729129301860336,0.30729129301860336
thetao,W60p0,6,13,-0.3051365598453363,0.3051365598453363
so,W20p0,4,13,0.3049231187802301,0.3049231187802301
thetao,W10p0,3,0,0.30449279447504396,0.30449279447504396
so,W20p0,4,20,0.304255805778597,0.304255805778597
so,W30p0,7,0,0.30423651592790635,0.30423651592790635
thetao,W40p0,8,20,-0.3033790492773496,0.3033790492773496
thetao,W20p0,3,10,-0.3033606669821089,0.3033606669821089
so,W10p0,3,2,-0.3032955929039498,0.3032955929039498
thetao,W30p0,5,16,-0.30267738522382837,0.30267738522382837
thetao,W10p0,9,11,-0.3022791934017508,0.3022791934017508
thetao,W20p0,4,8,-0.3022506798454367,0.3022506798454367
thetao,W20p0,3,11,-0.30216523909783294,0.30216523909783294
so,W20p0,5,17,0.30206245388387465,0.30206245388387465
thetao,W60p0,5,10,0.30175420750363285,0.30175420750363285
so,W10p0,1,19,-0.30162524564878374,0.30162524564878374
so,W10p0,8,19,0.3008009510942513,0.3008009510942513
thetao,W60p0,5,18,0.30050379352344525,0.30050379352344525
thetao,W20p0,3,6,-0.2993348508774127,0.2993348508774127
so,W10p0,2,19,0.29896086481742956,0.29896086481742956
thetao,W60p0,6,16,-0.2989102934352608,0.2989102934352608
so,W10p0,7,16,0.2986166618311292,0.2986166618311292
thetao,W10p0,7,11,-0.29782667043051825,0.29782667043051825
so,W60p0,9,20,0.29763148168453324,0.29763148168453324
thetao,W30p0,7,20,-0.2972289461991245,0.2972289461991245
thetao,W60p0,7,10,0.29688002428443727,0.29688002428443727
so,W10p0,1,16,-0.2965212593230958,0.2965212593230958
thetao,W30p0,9,9,0.2956118508630122,0.2956118508630122
so,W20p0,6,9,0.29502557974912746,0.29502557974912746
thetao,W40p0,2,11,0.2947918838232755,0.2947918838232755
thetao,W20p0,6,7,0.29461828982921684,0.29461828982921684
so,W60p0,8,4,0.2936767256075405,0.2936767256075405
thetao,W60p0,6,18,-0.29312411404351363,0.29312411404351363
thetao,W30p0,9,10,0.2922871973632314,0.2922871973632314
thetao,W40p0,8,6,-0.29155148150597865,0.29155148150597865
thetao,W20p0,3,5,-0.2915082035802577,0.2915082035802577
thetao,W40p0,8,5,-0.29088910176486715,0.29088910176486715
so,W20p0,1,17,-0.2908068145416605,0.2908068145416605
so,W20p0,1,20,-0.2907906162946416,0.2907906162946416
thetao,W40p0,6,11,0.289238080310095,0.289238080310095
so,W60p0,2,1,0.2891630714876085,0.2891630714876085
so,W30p0,10,10,-0.2889800346166371,0.2889800346166371
so,W10p0,8,7,0.2889717001171834,0.2889717001171834
so,W20p0,2,1,0.28868296491585294,0.28868296491585294
so,W60p0,9,4,0.28829470121946293,0.28829470121946293
thetao,W40p0,8,17,-0.28787877644036897,0.28787877644036897
thetao,W60p0,10,20,-0.2877117936525213,0.2877117936525213
thetao,W10p0,7,17,-0.28758761118317044,0.28758761118317044
thetao,W60p0,6,10,-0.28708298320580883,0.28708298320580883
thetao,W20p0,8,16,0.2870738932412452,0.2870738932412452
thetao,W10p0,3,2,0.2869855857683931,0.2869855857683931
so,W20p0,1,18,-0.28630921813602744,0.28630921813602744
so,W60p0,8,0,0.28559891682970406,0.28559891682970406
thetao,W40p0,2,10,0.28500611098115797,0.28500611098115797
so,W20p0,7,0,-0.28499730343051477,0.28499730343051477
so,W60p0,9,17,0.2846303308757225,0.2846303308757225
thetao,W10p0,1,19,-0.2837558387138325,0.2837558387138325
thetao,W40p0,6,10,0.28363960759059725,0.28363960759059725
so,W40p0,7,17,-0.28346092376988724,0.28346092376988724
thetao,W20p0,3,12,-0.2833969017035819,0.2833969017035819
so,W20p0,9,7,-0.2832893828575779,0.2832893828575779
so,W10p0,8,10,0.2832052513936395,0.2832052513936395
thetao,W20p0,8,17,0.28259209183862893,0.28259209183862893
so,W20p0,1,1,-0.28195531068999097,0.28195531068999097
thetao,W40p0,8,8,-0.28177865533225127,0.28177865533225127
thetao,W10p0,3,1,0.2816805922037654,0.2816805922037654
thetao,W40p0,6,12,0.2815989401398,0.2815989401398
thetao,W30p0,9,2,0.28137520504899366,0.28137520504899366
thetao,W60p0,5,14,0.28133299503580544,0.28133299503580544
so,W40p0,5,4,-0.2811519408039701,0.2811519408039701
thetao,W60p0,5,9,0.2811172628725617,0.2811172628725617
so,W10p0,1,17,-0.2808814584626258,0.2808814584626258
thetao,W60p0,5,17,0.28062995286975606,0.28062995286975606
thetao,W30p0,3,20,-0.28007965476366914,0.28007965476366914
so,W10p0,1,18,-0.27991214940963094,0.27991214940963094
thetao,W30p0,5,14,-0.27973379008055177,0.27973379008055177
thetao,W40p0,6,8,0.27947562846740104,0.27947562846740104
so,W20p0,1,19,-0.27941707337924987,0.27941707337924987
so,W10p0,1,20,-0.27919224444705104,0.27919224444705104
thetao,W10p0,7,8,-0.279148587193276,0.279148587193276
thetao,W10p0,6,11,-0.2783502437714529,0.2783502437714529
so,W40p0,7,16,-0.27795762598812906,0.27795762598812906
so,W10p0,2,12,0.2776357652165146,0.2776357652165146
thetao,W30p0,3,18,-0.2775459439208911,0.2775459439208911
thetao,W60p0,7,11,0.2768492788680619,0.2768492788680619
thetao,W60p0,5,11,0.27629445911136596,0.27629445911136596
thetao,W30p0,3,19,-0.27598965949062537,0.27598965949062537
so,W30p0,10,8,-0.2756500060868244,0.2756500060868244
thetao,W40p0,8,16,-0.2750937867540431,0.2750937867540431
thetao,W40p0,9,13,0.2749586938460865,0.2749586938460865
thetao,W60p0,7,9,0.27487540821684175,0.27487540821684175
thetao,W30p0,9,20,0.2748540824262057,0.2748540824262057
thetao,W20p0,6,6,0.2748292757572894,0.2748292757572894
thetao,W10p0,9,2,-0.27436678661307784,0.27436678661307784
so,W20p0,6,16,0.2738456027848252,0.2738456027848252
so,W20p0,7,1,-0.2735272699604492,0.2735272699604492
so,W20p0,6,14,0.27347501620229697,0.27347501620229697
thetao,W30p0,5,11,-0.2734018582181873,0.2734018582181873
so,W40p0,8,11,0.2731401151640865,0.2731401151640865
thetao,W10p0,8,20,0.27310165945567566,0.27310165945567566
thetao,W40p0,10,10,-0.27309175547974607,0.27309175547974607
thetao,W20p0,3,20,-0.27302694034215846,0.27302694034215846
so,W10p0,2,18,0.2723156708789687,0.2723156708789687
thetao,W10p0,7,9,-0.2722077597002471,0.2722077597002471
thetao,W20p0,3,4,-0.27123830418764033,0.27123830418764033
thetao,W30p0,2,0,-0.27032991403930967,0.27032991403930967
so,W10p0,2,13,0.27002646435424715,0.27002646435424715
so,W60p0,10,0,0.2689840713624775,0.2689840713624775
thetao,W20p0,3,1,-0.26889287269361717,0.26889287269361717
thetao,W10p0,7,7,-0.26882743400101644,0.26882743400101644
so,W60p0,9,0,0.2686043266105951,0.2686043266105951
thetao,W30p0,9,11,0.2682938892975596,0.2682938892975596
thetao,W40p0,8,7,-0.26804706538914524,0.26804706538914524
so,W10p0,2,7,0.26795531032593833,0.26795531032593833
so,W60p0,2,2,0.267881242283895,0.267881242283895
thetao,W40p0,9,17,0.2677271966409053,0.2677271966409053
so,W10p0,8,9,0.2675647385285355,0.2675647385285355
thetao,W30p0,5,10,-0.2675295448317804,0.2675295448317804
thetao,W60p0,7,8,0.2672943712034021,0.2672943712034021
thetao,W40p0,6,9,0.26689716986673695,0.26689716986673695
thetao,W10p0,6,14,-0.26671361726873866,0.26671361726873866
thetao,W30p0,9,1,0.26656504834976613,0.26656504834976613
so,W10p0,2,11,0.2665412679494938,0.2665412679494938
so,W10p0,3,7,-0.26641171105389155,0.26641171105389155
thetao,W30p0,9,8,0.26635831802019233,0.26635831802019233
so,W10p0,8,2,0.26634452265469044,0.26634452265469044
so,W10p0,3,6,-0.26529386089248524,0.26529386089248524
thetao,W60p0,5,19,0.26458671326789557,0.26458671326789557
thetao,W10p0,7,6,-0.264581932678502,0.264581932678502
thetao,W30p0,3,17,-0.264332923454989,0.264332923454989
so,W10p0,8,3,0.2640899718808754,0.2640899718808754
thetao,W20p0,4,7,-0.2636516357936618,0.2636516357936618
thetao,W10p0,8,19,0.2633823550242481,0.2633823550242481
so,W40p0,10,20,0.2627494938416653,0.2627494938416653
so,W10p0,2,6,0.2624510620091356,0.2624510620091356
thetao,W60p0,6,17,-0.26236549792032915,0.26236549792032915
thetao,W60p0,5,12,0.2622157491733664,0.2622157491733664
thetao,W40p0,5,2,-0.26203430305115616,0.26203430305115616
thetao,W60p0,5,13,0.26186855064369646,0.26186855064369646
thetao,W20p0,8,15,0.2617796283856547,0.2617796283856547
thetao,W10p0,7,10,-0.2617367128408687,0.2617367128408687
so,W20p0,6,15,0.26124758655939556,0.26124758655939556
thetao,W30p0,9,14,0.26108775252596195,0.26108775252596195
thetao,W30p0,5,17,-0.2609670328563392,0.2609670328563392
thetao,W30p0,7,2,-0.2607569363648564,0.2607569363648564
so,W10p0,9,16,0.26051983925185784,0.26051983925185784
thetao,W10p0,6,6,-0.2604506887248809,0.2604506887248809
thetao,W10p0,6,15,-0.26016168278495944,0.26016168278495944
thetao,W20p0,3,19,-0.25989849065991577,0.25989849065991577
thetao,W10p0,6,9,-0.25989636566044844,0.25989636566044844
so,W20p0,6,11,0.2594552685683174,0.2594552685683174
thetao,W30p0,10,12,-0.25941384537757955,0.25941384537757955
so,W10p0,7,15,0.25912455741199597,0.25912455741199597
so,W10p0,3,19,-0.25865390803444555,0.25865390803444555
so,W30p0,10,11,-0.2580141504522439,0.2580141504522439
so,W20p0,5,20,0.2578610109403225,0.2578610109403225
thetao,W10p0,8,16,0.2574917323966406,0.2574917323966406
so,W10p0,2,10,0.2570608946956739,0.2570608946956739
thetao,W20p0,10,19,-0.2569227185000558,0.2569227185000558
thetao,W40p0,2,9,0.2566080383851632,0.2566080383851632
so,W10p0,2,9,0.25644895191479866,0.25644895191479866
thetao,W10p0,8,15,0.25638349668830673,0.25638349668830673
so,W10p0,7,17,0.2563573744009623,0.2563573744009623
so,W10p0,2,14,0.2561467975496791,0.2561467975496791
so,W60p0,9,5,0.255873135028119,0.255873135028119
thetao,W40p0,6,14,0.25561886059874556,0.25561886059874556
thetao,W30p0,5,18,-0.2555419189624529,0.2555419189624529
so,W20p0,8,2,-0.25541584157945274,0.25541584157945274
thetao,W10p0,1,20,-0.25502929346673614,0.25502929346673614
thetao,W20p0,3,18,-0.254838780547923,0.254838780547923
thetao,W10p0,5,1,0.2546185213012889,0.2546185213012889
so,W60p0,9,14,0.2542530210971783,0.2542530210971783
thetao,W40p0,5,3,-0.2540039480852438,0.2540039480852438
thetao,W40p0,10,0,-0.25372807766701355,0.25372807766701355
thetao,W40p0,10,1,-0.25324407677907756,0.25324407677907756
so,W10p0,2,17,0.25276876780721147,0.25276876780721147
thetao,W20p0,3,17,-0.2524423379313526,0.2524423379313526
so,W30p0,3,1,0.2523242240727572,0.2523242240727572
thetao,W60p0,5,15,0.2517919616037939,0.2517919616037939
so,W30p0,5,10,-0.25172536752536867,0.25172536752536867
thetao,W60p0,5,6,0.2514834003172347,0.2514834003172347
thetao,W40p0,8,11,-0.2513506949240872,0.2513506949240872
thetao,W40p0,9,18,0.2513246043320172,0.2513246043320172
so,W20p0,8,10,-0.25124266478514623,0.25124266478514623
so,W10p0,2,8,0.25090838392839,0.25090838392839
so,W10p0,2,5,0.25037458518137556,0.25037458518137556
thetao,W10p0,9,4,-0.2502327757901243,0.2502327757901243
so,W20p0,8,20,-0.25003584816885593,0.25003584816885593
thetao,W40p0,10,9,-0.24985504248231666,0.24985504248231666
so,W40p0,7,18,-0.24972775384352935,0.24972775384352935
so,W10p0,7,8,0.24946351449653062,0.24946351449653062
so,W20p0,6,17,0.2493330006639119,0.2493330006639119
so,W60p0,3,5,-0.24907591046897729,0.24907591046897729
thetao,W40p0,8,10,-0.24885935584651697,0.24885935584651697
thetao,W20p0,3,16,-0.24872459716888345,0.24872459716888345
so,W10p0,2,15,0.24842451386589207,0.24842451386589207
thetao,W20p0,8,18,0.24833530070050286,0.24833530070050286
thetao,W40p0,10,8,-0.24825435239016352,0.24825435239016352
thetao,W60p0,9,1,0.24798259766184377,0.24798259766184377
thetao,W60p0,6,7,-0.2476073720182841,0.2476073720182841
so,W30p0,10,20,-0.24702637715310619,0.24702637715310619
so,W10p0,9,14,0.24671811387485432,0.24671811387485432
thetao,W30p0,5,8,-0.24637744124122984,0.24637744124122984
so,W60p0,9,11,0.24614228536881003,0.24614228536881003
thetao,W60p0,9,6,0.24552809340252396,0.24552809340252396
thetao,W30p0,7,19,-0.24535678419552326,0.24535678419552326
so,W60p0,8,5,0.2448244418996445,0.2448244418996445
thetao,W10p0,5,2,0.24451677352168177,0.24451677352168177
thetao,W60p0,5,16,0.2444502017413903,0.2444502017413903
thetao,W30p0,5,19,-0.24416650583027175,0.24416650583027175
thetao,W30p0,5,9,-0.2433659906420809,0.2433659906420809
thetao,W20p0,10,18,-0.2429094280712852,0.2429094280712852
so,W10p0,3,17,-0.2428447730691501,0.2428447730691501
thetao,W30p0,5,12,-0.2415917464098705,0.2415917464098705
so,W10p0,2,16,0.24151608920858492,0.24151608920858492
thetao,W10p0,6,7,-0.24149181208478568,0.24149181208478568
so,W10p0,9,13,0.24097583332874017,0.24097583332874017
so,W30p0,8,17,0.2408876166165599,0.2408876166165599
thetao,W10p0,4,16,-0.24084602467083957,0.24084602467083957
thetao,W20p0,3,3,-0.24049907181387495,0.24049907181387495
so,W10p0,7,11,0.2402989015028167,0.2402989015028167
thetao,W60p0,3,20,-0.24014801780347184,0.24014801780347184
so,W40p0,5,1,-0.2400623824846853,0.2400623824846853
so,W20p0,6,10,0.239857595043094,0.239857595043094
thetao,W10p0,6,13,-0.23943071992532916,0.23943071992532916
so,W10p0,8,0,0.23879704786798622,0.23879704786798622
so,W20p0,7,3,-0.23871875614084637,0.23871875614084637
thetao,W40p0,8,9,-0.2381126190320643,0.2381126190320643
so,W60p0,3,6,-0.23810576324239394,0.23810576324239394
thetao,W60p0,9,2,0.23794640513064244,0.23794640513064244
so,W30p0,5,14,-0.2378090811391976,0.2378090811391976
thetao,W30p0,5,13,-0.23762480228287544,0.23762480228287544
so,W20p0,6,18,0.2372491054258107,0.2372491054258107
thetao,W30p0,3,16,-0.23685344257415594,0.23685344257415594
so,W20p0,6,19,0.23655842655708,0.23655842655708
thetao,W30p0,9,7,0.2364363846581071,0.2364363846581071
thetao,W40p0,2,8,0.2360921826282044,0.2360921826282044
thetao,W60p0,6,8,-0.23555837272492766,0.23555837272492766
so,W10p0,3,3,-0.23496770576064827,0.23496770576064827
thetao,W60p0,3,16,-0.23483389011072375,0.23483389011072375
thetao,W10p0,8,14,0.23451652968561607,0.23451652968561607
thetao,W30p0,5,6,-0.23448340425858702,0.23448340425858702
thetao,W30p0,10,13,-0.2342168983057665,0.2342168983057665
so,W10p0,3,10,-0.23294225620743933,0.23294225620743933
thetao,W20p0,10,20,-0.23276192930089318,0.23276192930089318
thetao,W20p0,3,13,-0.23268058640423228,0.23268058640423228
so,W30p0,10,7,-0.23263700565152798,0.23263700565152798
thetao,W10p0,8,18,0.2317916105749863,0.2317916105749863
so,W30p0,7,3,0.2315816171426031,0.2315816171426031
thetao,W30p0,10,7,-0.2312217257785747,0.2312217257785747
so,W30p0,8,18,0.23088667760245393,0.23088667760245393
thetao,W10p0,6,12,-0.23078097694553582,0.23078097694553582
thetao,W60p0,3,18,-0.23011578796679483,0.23011578796679483
thetao,W20p0,3,2,-0.2296847124240361,0.2296847124240361
so,W20p0,1,3,-0.2294077134756509,0.2294077134756509
thetao,W60p0,10,2,-0.2285926703764792,0.2285926703764792
so,W10p0,2,4,0.227943144661058,0.227943144661058
so,W10p0,9,12,0.22789105400725934,0.22789105400725934
so,W10p0,7,12,0.2276260573890436,0.2276260573890436
thetao,W60p0,6,6,-0.22757199996351163,0.22757199996351163
so,W60p0,6,1,-0.22691750381905826,0.22691750381905826
so,W10p0,9,4,0.22690467100428308,0.22690467100428308
thetao,W60p0,5,7,0.22673994400846026,0.22673994400846026
so,W60p0,9,10,0.2257853531616975,0.2257853531616975
so,W40p0,7,14,-0.22555584086124522,0.22555584086124522
thetao,W60p0,6,9,-0.22543502025527146,0.22543502025527146
thetao,W60p0,5,8,0.2253807683906177,0.2253807683906177
thetao,W30p0,5,5,-0.22535862552901917,0.22535862552901917
thetao,W60p0,5,0,0.22507970635278018,0.22507970635278018
so,W20p0,8,6,-0.22507309967075786,0.22507309967075786
so,W10p0,5,9,-0.22470109451204015,0.22470109451204015
thetao,W10p0,8,17,0.22396169713489247,0.22396169713489247
thetao,W30p0,5,7,-0.22372601760760835,0.22372601760760835
so,W10p0,3,11,-0.22357599515301857,0.22357599515301857
thetao,W10p0,4,15,-0.2235628291972585,0.2235628291972585
thetao,W10p0,6,8,-0.22340378629962768,0.22340378629962768
so,W10p0,8,1,0.22282373375662176,0.22282373375662176
so,W30p0,10,12,-0.22268000896454038,0.22268000896454038
thetao,W30p0,9,5,0.22239345173310324,0.22239345173310324
so,W20p0,1,2,-0.22225324860345366,0.22225324860345366
so,W10p0,8,18,0.22220733478654145,0.22220733478654145
so,W10p0,9,15,0.22219448731376726,0.22219448731376726
thetao,W30p0,5,20,-0.2215777279487772,0.2215777279487772
thetao,W40p0,9,16,0.22122344651877948,0.22122344651877948
so,W40p0,7,19,-0.22092596735313066,0.22092596735313066
thetao,W30p0,9,3,0.22072847111186789,0.22072847111186789
thetao,W30p0,8,20,-0.22064953749657154,0.22064953749657154
so,W10p0,7,6,0.22054724353979033,0.22054724353979033
thetao,W10p0,9,10,-0.22019160213466016,0.22019160213466016
thetao,W60p0,9,7,0.21951885227143866,0.21951885227143866
thetao,W30p0,8,14,0.2194346680587986,0.2194346680587986
so,W20p0,9,3,-0.21889024979498356,0.21889024979498356
so,W20p0,7,5,-0.2186959122426265,0.2186959122426265
thetao,W40p0,8,12,-0.2183460228878661,0.2183460228878661
so,W20p0,6,20,0.21799211893588782,0.21799211893588782
thetao,W60p0,10,0,-0.2179211223900154,0.2179211223900154
so,W40p0,5,8,-0.2175739657368582,0.2175739657368582
thetao,W40p0,9,14,0.21753945654070653,0.21753945654070653
thetao,W10p0,7,5,-0.2174357642518108,0.2174357642518108
thetao,W20p0,4,6,-0.2173275670111714,0.2173275670111714
thetao,W30p0,6,0,0.21659269307665147,0.21659269307665147
thetao,W30p0,9,4,0.21655794667403475,0.21655794667403475
so,W20p0,9,0,-0.21601322500135173,0.21601322500135173
so,W30p0,10,9,-0.21581774580101515,0.21581774580101515
so,W10p0,9,20,0.21580214391316105,0.21580214391316105
thetao,W60p0,3,17,-0.21573988000441904,0.21573988000441904
so,W20p0,5,18,0.2155331469136245,0.2155331469136245
so,W40p0,7,13,-0.21545257965673803,0.21545257965673803
thetao,W60p0,3,19,-0.21539419250067796,0.21539419250067796
so,W30p0,7,6,0.21526931897859658,0.21526931897859658
thetao,W20p0,10,11,-0.21511543040953393,0.21511543040953393
thetao,W10p0,4,11,-0.21482399820852194,0.21482399820852194
so,W60p0,9,12,0.21396147704183144,0.21396147704183144
so,W30p0,7,1,0.21380120568206917,0.21380120568206917
so,W20p0,10,9,-0.2137076980449001,0.2137076980449001
thetao,W60p0,1,20,0.21343717948240146,0.21343717948240146
so,W40p0,7,15,-0.21324155445904583,0.21324155445904583
thetao,W10p0,8,2,0.21315877418973653,0.21315877418973653
thetao,W10p0,8,3,0.21314811795612104,0.21314811795612104
thetao,W40p0,7,15,0.21292019969441806,0.21292019969441806
thetao,W10p0,9,8,-0.21263554547437793,0.21263554547437793
thetao,W30p0,9,12,0.21261972911300006,0.21261972911300006
so,W20p0,8,1,-0.2123819627168256,0.2123819627168256
thetao,W40p0,8,15,-0.21229396545663007,0.21229396545663007
so,W10p0,5,5,-0.21226289751510818,0.21226289751510818
thetao,W20p0,3,15,-0.21213596030886023,0.21213596030886023
so,W10p0,7,14,0.2118059048036877,0.2118059048036877
thetao,W60p0,5,20,0.21123447597169487,0.21123447597169487
so,W30p0,10,6,-0.2109813501296693,0.2109813501296693
thetao,W60p0,3,10,-0.21086068561015528,0.21086068561015528
so,W20p0,9,2,-0.21070122334802344,0.21070122334802344
thetao,W60p0,3,15,-0.21064214602878292,0.21064214602878292
thetao,W20p0,10,10,-0.21049709473651138,0.21049709473651138
so,W10p0,10,17,0.21047763102647338,0.21047763102647338
so,W10p0,3,5,-0.21019795083544443,0.21019795083544443
thetao,W60p0,9,10,0.21017477417716174,0.21017477417716174
so,W10p0,9,3,0.21012857238228885,0.21012857238228885
thetao,W10p0,4,17,-0.20997911598045,0.20997911598045
thetao,W30p0,3,3,0.20974528868894918,0.20974528868894918
so,W40p0,3,2,-0.20946339140078624,0.20946339140078624
so,W10p0,2,3,0.20926171227660134,0.20926171227660134
so,W10p0,7,13,0.2088894777546164,0.2088894777546164
so,W10p0,5,6,-0.20880148350848188,0.20880148350848188
thetao,W30p0,9,6,0.2086180232793267,0.2086180232793267
so,W20p0,8,19,-0.20799956184460608,0.20799956184460608
thetao,W60p0,3,11,-0.20786903699113504,0.20786903699113504
thetao,W60p0,9,8,0.2078280236262946,0.2078280236262946
so,W40p0,5,5,-0.20782481070676884,0.20782481070676884
thetao,W10p0,9,9,-0.20771283858841755,0.20771283858841755
so,W10p0,7,18,0.20769303978527567,0.20769303978527567
so,W10p0,8,11,0.20767731275991794,0.20767731275991794
thetao,W10p0,6,18,-0.20756672602700882,0.20756672602700882
thetao,W10p0,9,0,-0.20751783666788903,0.20751783666788903
thetao,W60p0,9,9,0.20703168153966447,0.20703168153966447
thetao,W10p0,8,13,0.20624901799103076,0.20624901799103076
so,W10p0,5,7,-0.20584303917651484,0.20584303917651484
thetao,W40p0,6,13,0.20574637723316325,0.20574637723316325
so,W20p0,7,4,-0.20567324268499312,0.20567324268499312
so,W40p0,10,19,0.204764550455235,0.204764550455235
thetao,W10p0,4,10,-0.2042139841085417,0.2042139841085417
thetao,W60p0,9,5,0.20367273842540395,0.20367273842540395
thetao,W30p0,3,15,-0.203362408523837,0.203362408523837
thetao,W60p0,7,12,0.2024062310699213,0.2024062310699213
so,W30p0,5,15,-0.20202322549281154,0.20202322549281154
so,W20p0,8,13,-0.20172977041771747,0.20172977041771747
thetao,W60p0,9,11,0.20161547863487989,0.20161547863487989
thetao,W30p0,7,3,-0.2016088781684356,0.2016088781684356
so,W10p0,3,8,-0.20126897631728544,0.20126897631728544
so,W30p0,9,0,0.2010047209531417,0.2010047209531417
so,W40p0,10,0,0.2009669401577608,0.2009669401577608
thetao,W40p0,7,16,0.2009547516162122,0.2009547516162122
thetao,W20p0,10,2,-0.20087587729959183,0.20087587729959183
so,W30p0,5,11,-0.2004854927148084,0.2004854927148084
so,W10p0,7,7,0.2004495219562045,0.2004495219562045
so,W20p0,9,4,-0.20024940490585583,0.20024940490585583
so,W60p0,8,6,0.19996851132383409,0.19996851132383409
so,W20p0,10,7,-0.1996572024877936,0.1996572024877936
so,W10p0,3,12,-0.1991737379963958,0.1991737379963958
thetao,W40p0,2,7,0.19907316577867296,0.19907316577867296
thetao,W40p0,10,2,-0.19901125661480054,0.19901125661480054
thetao,W40p0,7,17,0.19885817323652802,0.19885817323652802
so,W10p0,5,10,-0.1984939216565619,0.1984939216565619
thetao,W10p0,4,12,-0.19843683635744672,0.19843683635744672
so,W20p0,9,1,-0.19838621506975984,0.19838621506975984
thetao,W20p0,3,14,-0.19838457850954852,0.19838457850954852
thetao,W30p0,3,2,0.1983487153157946,0.1983487153157946
so,W20p0,10,5,-0.1982111301067445,0.1982111301067445
so,W10p0,8,16,0.19817603545884868,0.19817603545884868
so,W60p0,3,7,-0.1978457518570114,0.1978457518570114
so,W10p0,9,5,0.19780900639130225,0.19780900639130225
thetao,W20p0,5,18,0.1976962064190439,0.1976962064190439
so,W40p0,5,7,-0.19678868046582162,0.19678868046582162
so,W30p0,5,19,-0.1967778360138235,0.1967778360138235
thetao,W10p0,7,18,-0.19651244720252686,0.19651244720252686
thetao,W10p0,6,16,-0.19639842464957333,0.19639842464957333
so,W20p0,3,1,-0.19595231856164774,0.19595231856164774
so,W40p0,8,12,0.19571559417884618,0.19571559417884618
so,W20p0,8,8,-0.19559096908805146,0.19559096908805146
thetao,W40p0,6,15,0.1955387269948637,0.1955387269948637
so,W10p0,5,11,-0.19533739363342434,0.19533739363342434
so,W30p0,5,17,-0.19531723427735126,0.19531723427735126
so,W30p0,10,19,-0.19514466852458093,0.19514466852458093
thetao,W30p0,7,1,-0.19514306854134097,0.19514306854134097
thetao,W30p0,8,10,0.19466220764109618,0.19466220764109618
thetao,W40p0,5,1,-0.19426242533633029,0.19426242533633029
thetao,W30p0,8,11,0.19385854478549508,0.19385854478549508
so,W60p0,7,18,0.19335312080571013,0.19335312080571013
thetao,W40p0,9,15,0.19329016749566394,0.19329016749566394
so,W20p0,8,11,-0.19270983711291903,0.19270983711291903
so,W40p0,8,10,0.19263267676438448,0.19263267676438448
so,W10p0,3,9,-0.19174961711654204,0.19174961711654204
so,W10p0,5,14,-0.19121534197978973,0.19121534197978973
so,W20p0,9,6,-0.19105411228991653,0.19105411228991653
thetao,W30p0,10,3,-0.19102045681499866,0.19102045681499866
thetao,W10p0,6,17,-0.1900766816725861,0.1900766816725861
so,W60p0,7,2,-0.18985047490595802,0.18985047490595802
so,W30p0,8,16,0.1896890866400928,0.1896890866400928
so,W10p0,5,18,-0.1895872987837129,0.1895872987837129
so,W10p0,6,8,0.18958480082902046,0.18958480082902046
so,W10p0,8,17,0.1891323603483202,0.1891323603483202
so,W20p0,10,8,-0.18853730198507918,0.18853730198507918
so,W40p0,6,2,-0.18850767929880743,0.18850767929880743
so,W60p0,3,8,-0.18804934066060885,0.18804934066060885
so,W20p0,5,19,0.18791327038448516,0.18791327038448516
so,W30p0,5,13,-0.1876369393884781,0.1876369393884781
so,W40p0,8,20,0.18738020399907945,0.18738020399907945
thetao,W60p0,4,1,-0.18729757657122312,0.18729757657122312
so,W10p0,8,15,0.18677162964605948,0.18677162964605948
so,W30p0,5,18,-0.18665943882381422,0.18665943882381422
so,W40p0,5,0,-0.1865095599403555,0.1865095599403555
thetao,W10p0,9,1,-0.18648737261173168,0.18648737261173168
so,W10p0,5,17,-0.1853709670529017,0.1853709670529017
thetao,W40p0,7,18,0.18506726081149508,0.18506726081149508
thetao,W20p0,5,19,0.18455816768458294,0.18455816768458294
so,W40p0,7,12,-0.1844024610674165,0.1844024610674165
so,W30p0,8,9,0.18420648845855067,0.18420648845855067
so,W20p0,9,5,-0.18409459976545725,0.18409459976545725
thetao,W60p0,3,14,-0.18385434281984556,0.18385434281984556
so,W30p0,7,2,0.18376068540037602,0.18376068540037602
so,W10p0,6,0,0.18325250759196718,0.18325250759196718
so,W30p0,2,1,0.18306871827342625,0.18306871827342625
thetao,W10p0,8,12,0.18289365736381324,0.18289365736381324
so,W10p0,5,8,-0.18283030760876054,0.18283030760876054
so,W60p0,7,19,0.18274903407666077,0.18274903407666077
so,W40p0,10,12,0.1825063450461397,0.1825063450461397
thetao,W10p0,6,19,-0.1823067079536248,0.1823067079536248
so,W30p0,7,5,0.18225296591792578,0.18225296591792578
so,W30p0,10,16,-0.18220179375908227,0.18220179375908227
thetao,W40p0,10,3,-0.1820952903763959,0.1820952903763959
thetao,W20p0,10,12,-0.18177613445054097,0.18177613445054097
thetao,W30p0,6,1,0.18163901255985218,0.18163901255985218
so,W10p0,3,13,-0.1815295214671685,0.1815295214671685
so,W30p0,10,17,-0.18116768274610484,0.18116768274610484
thetao,W10p0,9,5,-0.1803632752668052,0.1803632752668052
thetao,W30p0,10,6,-0.17993876635204867,0.17993876635204867
thetao,W40p0,10,7,-0.17991176155307065,0.17991176155307065
so,W30p0,2,20,0.17989437521624507,0.17989437521624507
thetao,W30p0,9,0,0.17975545206952767,0.17975545206952767
thetao,W10p0,4,9,-0.17972284079268605,0.17972284079268605
so,W40p0,5,6,-0.17958032640017785,0.17958032640017785
thetao,W60p0,1,19,0.17952879685774406,0.17952879685774406
so,W60p0,3,10,-0.17869047548596081,0.17869047548596081
so,W60p0,3,9,-0.17840121589241792,0.17840121589241792
thetao,W30p0,9,13,0.17836960760631987,0.17836960760631987
so,W10p0,7,19,0.17833779043005402,0.17833779043005402
so,W40p0,10,7,0.1782250771746119,0.1782250771746119
thetao,W10p0,7,4,-0.17772481541807603,0.17772481541807603
thetao,W20p0,4,5,-0.177678308673676,0.177678308673676
thetao,W30p0,8,15,0.1776312441451519,0.1776312441451519
so,W30p0,7,7,0.17717095749184478,0.17717095749184478
so,W40p0,8,8,0.17697337902678192,0.17697337902678192
thetao,W30p0,10,5,-0.17677141565602303,0.17677141565602303
so,W30p0,8,2,-0.17671253715120608,0.17671253715120608
so,W60p0,9,13,0.17662663819972194,0.17662663819972194
so,W10p0,3,4,-0.1765647065459134,0.1765647065459134
thetao,W30p0,10,0,-0.17651987960219073,0.17651987960219073
so,W20p0,7,6,-0.1763039105824016,0.1763039105824016
thetao,W20p0,5,17,0.17584261481886826,0.17584261481886826
so,W60p0,9,6,0.1757848125603524,0.1757848125603524
thetao,W60p0,10,1,-0.17563062123470638,0.17563062123470638
thetao,W10p0,7,0,-0.17555556565265862,0.17555556565265862
so,W10p0,5,15,-0.17541744523404754,0.17541744523404754
so,W60p0,3,20,0.17526001914149902,0.17526001914149902
so,W30p0,9,3,0.17494634203216747,0.17494634203216747
so,W30p0,5,12,-0.17492066124199263,0.17492066124199263
so,W10p0,2,2,0.174895647624113,0.174895647624113
so,W20p0,8,9,-0.17474648334818219,0.17474648334818219
thetao,W60p0,4,3,-0.17459534015933328,0.17459534015933328
so,W30p0,5,16,-0.17434904293952921,0.17434904293952921
so,W20p0,10,6,-0.17428940291603262,0.17428940291603262
thetao,W10p0,9,6,-0.17428906336935826,0.17428906336935826
thetao,W10p0,9,7,-0.17428777225431502,0.17428777225431502
so,W10p0,7,5,0.17428389978505435,0.17428389978505435
so,W30p0,3,2,0.17406666810630345,0.17406666810630345
so,W40p0,8,0,0.17405993036874945,0.17405993036874945
thetao,W30p0,5,4,-0.17401631764636627,0.17401631764636627
so,W20p0,3,2,-0.17381114724015204,0.17381114724015204
thetao,W20p0,8,8,0.17350996365736088,0.17350996365736088
thetao,W60p0,3,9,-0.17316686743117665,0.17316686743117665
thetao,W30p0,3,14,-0.17312416702406327,0.17312416702406327
thetao,W60p0,3,12,-0.172847910679112,0.172847910679112
thetao,W10p0,4,14,-0.17130980362642234,0.17130980362642234
so,W40p0,5,12,-0.17130800216168013,0.17130800216168013
so,W40p0,7,3,-0.17127614058746193,0.17127614058746193
so,W40p0,4,0,0.17120988884585908,0.17120988884585908
so,W60p0,7,17,0.17117198316935392,0.17117198316935392
thetao,W40p0,5,13,0.1709195516357209,0.1709195516357209
thetao,W20p0,8,9,0.1706149451830868,0.1706149451830868
thetao,W30p0,3,1,0.17057462223583697,0.17057462223583697
so,W60p0,5,20,-0.1705216674043405,0.1705216674043405
thetao,W20p0,10,13,-0.17026600203595893,0.17026600203595893
thetao,W30p0,3,4,0.17011049459308125,0.17011049459308125
so,W10p0,5,16,-0.1699658732862853,0.1699658732862853
thetao,W30p0,7,4,-0.1699423068408971,0.1699423068408971
so,W20p0,8,12,-0.16993620642513266,0.16993620642513266
so,W30p0,5,20,-0.16975590303544547,0.16975590303544547
so,W10p0,10,14,0.1696662002101602,0.1696662002101602
so,W30p0,8,19,0.16938412718099696,0.16938412718099696
so,W40p0,7,11,-0.1693301649052208,0.1693301649052208
thetao,W30p0,7,18,-0.16928122834636258,0.16928122834636258
thetao,W30p0,3,0,0.16927301771402015,0.16927301771402015
so,W30p0,8,15,0.16915863374180914,0.16915863374180914
so,W40p0,5,9,-0.1691433817383924,0.1691433817383924
thetao,W30p0,6,2,0.1690642814495157,0.1690642814495157
thetao,W30p0,8,0,-0.16890896886868942,0.16890896886868942
so,W60p0,7,20,0.1687119500630332,0.1687119500630332
so,W60p0,7,3,-0.16830184638787518,0.16830184638787518
thetao,W30p0,7,14,-0.1681381420540781,0.1681381420540781
so,W30p0,7,4,0.16792699844388817,0.16792699844388817
so,W30p0,9,12,0.16789849279698874,0.16789849279698874
so,W30p0,8,14,0.16771954698463584,0.16771954698463584
thetao,W10p0,4,13,-0.16711070719595314,0.16711070719595314
thetao,W30p0,7,15,-0.16684013674727277,0.16684013674727277
thetao,W40p0,8,13,-0.16665288460120897,0.16665288460120897
so,W10p0,9,11,0.16663279873433065,0.16663279873433065
thetao,W40p0,2,6,0.16639417732796002,0.16639417732796002
so,W30p0,5,9,-0.16608535537498118,0.16608535537498118
so,W30p0,10,13,-0.16565443679875402,0.16565443679875402
so,W20p0,10,0,-0.16549664419224475,0.16549664419224475
so,W40p0,10,18,0.16529170575517135,0.16529170575517135
thetao,W60p0,7,0,0.16526002166485426,0.16526002166485426
thetao,W40p0,5,14,0.16508797205611708,0.16508797205611708
thetao,W60p0,3,13,-0.16503740421232946,0.16503740421232946
so,W10p0,3,20,-0.16491511483299934,0.16491511483299934
so,W20p0,8,7,-0.1646041225011463,0.1646041225011463
thetao,W30p0,10,4,-0.16454353767467603,0.16454353767467603
so,W10p0,6,2,0.1644919666765321,0.1644919666765321
thetao,W30p0,8,9,0.16442598172337983,0.16442598172337983
so,W40p0,7,20,-0.16400607042168777,0.16400607042168777
so,W20p0,2,0,0.16369612564670807,0.16369612564670807
so,W10p0,10,18,0.16361634383167944,0.16361634383167944
so,W30p0,2,13,0.1636132531396139,0.1636132531396139
so,W40p0,8,9,0.16342934854048202,0.16342934854048202
thetao,W60p0,9,3,0.16290320777887757,0.16290320777887757
thetao,W30p0,8,4,0.16242742176271482,0.16242742176271482
thetao,W40p0,6,20,0.16240253770470775,0.16240253770470775
so,W60p0,7,1,-0.16209959550956932,0.16209959550956932
so,W30p0,2,12,0.16209110871814705,0.16209110871814705
thetao,W30p0,8,8,0.16197082630719722,0.16197082630719722
thetao,W20p0,8,10,0.1616887626427387,0.1616887626427387
thetao,W60p0,8,6,0.16105553418462687,0.16105553418462687
thetao,W40p0,4,20,0.1610530891199692,0.1610530891199692
so,W40p0,7,1,-0.16069105356238542,0.16069105356238542
so,W10p0,10,16,0.16068226541524955,0.16068226541524955
thetao,W10p0,10,10,-0.16019919483834746,0.16019919483834746
so,W40p0,10,8,0.16010350989570163,0.16010350989570163
so,W20p0,8,3,-0.15991614094032844,0.15991614094032844
thetao,W30p0,10,14,-0.1598477260850836,0.1598477260850836
thetao,W20p0,10,17,-0.15966963842910625,0.15966963842910625
so,W10p0,8,6,0.15961312354643464,0.15961312354643464
thetao,W10p0,4,18,-0.15935094926670493,0.15935094926670493
thetao,W20p0,10,14,-0.1592210839889275,0.1592210839889275
so,W40p0,3,3,-0.1591662253108456,0.1591662253108456
so,W10p0,10,8,0.15895542157025266,0.15895542157025266
so,W30p0,9,17,0.1585503109080317,0.1585503109080317
so,W40p0,7,9,-0.1573386960144169,0.1573386960144169
so,W10p0,3,16,-0.15725596784205284,0.15725596784205284
so,W60p0,7,14,0.15674740419544006,0.15674740419544006
thetao,W40p0,10,6,-0.15664538999633984,0.15664538999633984
so,W40p0,10,11,0.15636397822050832,0.15636397822050832
thetao,W20p0,10,15,-0.15599573850690512,0.15599573850690512
so,W40p0,10,15,0.15574407903161255,0.15574407903161255
so,W60p0,9,9,0.15539684974356904,0.15539684974356904
thetao,W20p0,10,1,-0.15505832713781728,0.15505832713781728
thetao,W30p0,10,1,-0.15474750418503563,0.15474750418503563
so,W10p0,7,20,0.15462723058335306,0.15462723058335306
thetao,W30p0,6,9,-0.15443236449689862,0.15443236449689862
so,W20p0,10,4,-0.15442103138869306,0.15442103138869306
so,W10p0,6,4,0.15419330264294834,0.15419330264294834
so,W10p0,10,19,0.15415700583664788,0.15415700583664788
thetao,W10p0,6,20,-0.153828447377349,0.153828447377349
so,W20p0,3,4,-0.15355712714770717,0.15355712714770717
so,W40p0,7,0,-0.15351861559204233,0.15351861559204233
thetao,W30p0,8,19,-0.15281370064235508,0.15281370064235508
so,W20p0,8,5,-0.15257016200181545,0.15257016200181545
thetao,W60p0,7,20,0.15232766271148676,0.15232766271148676
thetao,W60p0,9,16,0.15222847262617822,0.15222847262617822
so,W30p0,9,18,0.15151329187739834,0.15151329187739834
so,W20p0,10,12,-0.1512479056672716,0.1512479056672716
so,W30p0,10,1,-0.1511886293740922,0.1511886293740922
thetao,W30p0,6,10,-0.1511248639494038,0.1511248639494038
so,W20p0,3,16,-0.15093650285984433,0.15093650285984433
so,W30p0,8,20,0.15087248831870853,0.15087248831870853
so,W20p0,3,5,-0.15085483170133726,0.15085483170133726
thetao,W30p0,7,7,-0.15059874646391713,0.15059874646391713
thetao,W20p0,8,0,-0.15057222197900202,0.15057222197900202
so,W10p0,5,13,-0.15044532677362274,0.15044532677362274
so,W20p0,7,8,-0.1498720933696878,0.1498720933696878
so,W60p0,7,16,0.14937955663083777,0.14937955663083777
thetao,W60p0,8,20,-0.1490344044440478,0.1490344044440478
thetao,W40p0,2,5,0.14830847596390354,0.14830847596390354
so,W30p0,9,9,0.14821502938405293,0.14821502938405293
so,W60p0,7,0,-0.14782981716891364,0.14782981716891364
so,W40p0,6,1,-0.1473120346885991,0.1473120346885991
so,W60p0,7,13,0.14710169484214877,0.14710169484214877
so,W20p0,8,14,-0.14696205541703836,0.14696205541703836
thetao,W60p0,4,2,-0.1468813570096978,0.1468813570096978
so,W10p0,9,6,0.14682885079831082,0.14682885079831082
thetao,W30p0,8,7,0.14680386525691067,0.14680386525691067
thetao,W30p0,8,12,0.14675281060855794,0.14675281060855794
so,W40p0,9,5,0.14665911648923188,0.14665911648923188
so,W30p0,3,3,0.1463101469008253,0.1463101469008253
thetao,W40p0,7,14,0.1460224789456485,0.1460224789456485
so,W10p0,7,0,-0.14599231497512452,0.14599231497512452
so,W10p0,5,12,-0.14593555740950445,0.14593555740950445
thetao,W40p0,2,4,0.14560592158057842,0.14560592158057842
thetao,W60p0,3,8,-0.1455215774122102,0.1455215774122102
so,W30p0,2,10,0.14547380805679722,0.14547380805679722
thetao,W20p0,6,0,0.14523850885724734,0.14523850885724734
so,W30p0,10,18,-0.14432471780974393,0.14432471780974393
thetao,W30p0,8,3,0.14431241741158207,0.14431241741158207
thetao,W60p0,4,4,-0.1441262374476211,0.1441262374476211
so,W30p0,10,14,-0.14411474271665695,0.14411474271665695
thetao,W30p0,7,16,-0.1438650428288737,0.1438650428288737
so,W40p0,7,10,-0.14365669735459563,0.14365669735459563
thetao,W60p0,7,19,0.14347101988289507,0.14347101988289507
so,W20p0,8,15,-0.14346605357387676,0.14346605357387676
so,W10p0,3,14,-0.14337429068723917,0.14337429068723917
so,W60p0,9,7,0.14337063219269522,0.14337063219269522
so,W10p0,10,13,0.14315433846468922,0.14315433846468922
thetao,W10p0,7,19,-0.14314773831790703,0.14314773831790703
so,W40p0,10,16,0.14309000085389006,0.14309000085389006
so,W60p0,3,11,-0.14304431356637992,0.14304431356637992
thetao,W20p0,5,20,0.14303319607380643,0.14303319607380643
so,W10p0,8,14,0.143022001886444,0.143022001886444
thetao,W30p0,7,5,-0.14302017588475502,0.14302017588475502
thetao,W10p0,8,4,0.14300592603969967,0.14300592603969967
so,W40p0,10,17,0.14281397592293432,0.14281397592293432
thetao,W30p0,7,6,-0.14275532492815152,0.14275532492815152
thetao,W60p0,9,4,0.14246497910763736,0.14246497910763736
thetao,W30p0,7,8,-0.1424434042041898,0.1424434042041898
so,W40p0,9,1,0.14239428240800553,0.14239428240800553
so,W40p0,7,4,-0.14235799631802476,0.14235799631802476
so,W20p0,7,9,-0.1420727930968349,0.1420727930968349
so,W40p0,9,8,0.14160266643646813,0.14160266643646813
so,W40p0,7,8,-0.1414903755128148,0.1414903755128148
thetao,W40p0,7,20,0.14144415629268503,0.14144415629268503
so,W30p0,10,15,-0.14127989156115497,0.14127989156115497
so,W20p0,10,18,-0.14067068660944396,0.14067068660944396
thetao,W60p0,1,18,0.1406468265111659,0.1406468265111659
thetao,W20p0,8,14,0.14053083005282493,0.14053083005282493
so,W60p0,7,15,0.1405299219834639,0.1405299219834639
thetao,W20p0,10,8,-0.14027781316601962,0.14027781316601962
so,W30p0,2,9,0.14019916349525532,0.14019916349525532
so,W30p0,2,17,0.14014755582043242,0.14014755582043242
thetao,W10p0,6,0,-0.13977397174277287,0.13977397174277287
thetao,W20p0,8,19,0.13956335025766003,0.13956335025766003
thetao,W60p0,3,3,0.1394379431231274,0.1394379431231274
thetao,W40p0,10,4,-0.13896755150147713,0.13896755150147713
thetao,W60p0,9,15,0.1388912819212581,0.1388912819212581
thetao,W60p0,6,5,-0.1386750395792053,0.1386750395792053
so,W30p0,9,13,0.13837419833856177,0.13837419833856177
thetao,W30p0,2,3,0.1383304843478551,0.1383304843478551
so,W10p0,9,2,0.1382291446972048,0.1382291446972048
thetao,W30p0,3,13,-0.138165747933721,0.138165747933721
so,W40p0,5,11,-0.13811309061421892,0.13811309061421892
thetao,W20p0,8,11,0.13810300402388678,0.13810300402388678
thetao,W20p0,4,4,-0.1380123120360549,0.1380123120360549
thetao,W10p0,7,2,-0.13796178748044896,0.13796178748044896
thetao,W10p0,7,1,-0.13789731536096841,0.13789731536096841
thetao,W20p0,9,0,0.13762879659629226,0.13762879659629226
thetao,W40p0,6,19,0.13736779157051404,0.13736779157051404
so,W10p0,10,20,0.137326351475448,0.137326351475448
thetao,W40p0,6,18,0.1372621335084776,0.1372621335084776
so,W40p0,10,14,0.1372463407080286,0.1372463407080286
so,W40p0,6,0,-0.1372342982224599,0.1372342982224599
so,W40p0,9,7,0.13699464634245365,0.13699464634245365
so,W40p0,8,13,0.1369697769360281,0.1369697769360281
thetao,W10p0,5,3,0.1369614170834822,0.1369614170834822
thetao,W40p0,5,0,-0.13685101681473427,0.13685101681473427
thetao,W10p0,8,1,0.13659427716005262,0.13659427716005262
so,W30p0,3,9,0.13643992969673693,0.13643992969673693
so,W20p0,10,13,-0.13594415570416643,0.13594415570416643
thetao,W40p0,8,14,-0.1355932418840056,0.1355932418840056
so,W10p0,10,11,0.13555947192118037,0.13555947192118037
so,W20p0,8,16,-0.13550243203310117,0.13550243203310117
thetao,W30p0,7,12,-0.1354616852302811,0.1354616852302811
thetao,W20p0,8,7,0.13485289832137812,0.13485289832137812
thetao,W60p0,1,1,0.1345295932702243,0.1345295932702243
thetao,W30p0,6,3,0.13419400837642861,0.13419400837642861
so,W40p0,5,20,-0.13396411926918134,0.13396411926918134
so,W40p0,8,19,0.13375297502084196,0.13375297502084196
so,W30p0,2,18,0.13348001773219828,0.13348001773219828
thetao,W10p0,10,9,-0.13313250111268485,0.13313250111268485
thetao,W40p0,5,17,0.13298891845238472,0.13298891845238472
so,W10p0,6,1,0.13262427782355846,0.13262427782355846
so,W10p0,2,1,0.13251888455502037,0.13251888455502037
thetao,W30p0,7,11,-0.13247795889168965,0.13247795889168965
thetao,W40p0,5,12,0.13222286975715308,0.13222286975715308
thetao,W60p0,3,6,-0.13218546880471413,0.13218546880471413
thetao,W30p0,8,13,0.13162064951729704,0.13162064951729704
thetao,W20p0,7,0,-0.13136098584193254,0.13136098584193254
so,W30p0,2,19,0.1308415452399125,0.1308415452399125
so,W40p0,3,20,0.1307395613908817,0.1307395613908817
thetao,W60p0,9,18,0.13062558065174448,0.13062558065174448
so,W10p0,10,7,0.13045242576342125,0.13045242576342125
thetao,W30p0,8,5,0.13037905425805613,0.13037905425805613
so,W10p0,8,12,0.13030489198570053,0.13030489198570053
thetao,W30p0,6,11,-0.12998328554125146,0.12998328554125146
thetao,W20p0,10,9,-0.12975210409102528,0.12975210409102528
so,W20p0,10,17,-0.12967886214761332,0.12967886214761332
so,W30p0,2,16,0.1296548126080989,0.1296548126080989
so,W30p0,10,5,-0.12960053237593278,0.12960053237593278
so,W60p0,8,20,-0.1294611862248114,0.1294611862248114
thetao,W30p0,10,2,-0.1292348090229512,0.1292348090229512
so,W40p0,10,13,0.12922200643327691,0.12922200643327691
so,W40p0,3,18,0.12866118616136707,0.12866118616136707
so,W40p0,6,3,-0.12835319204480422,0.12835319204480422
thetao,W60p0,1,9,-0.1282433554753402,0.1282433554753402
thetao,W60p0,4,19,0.1281450642322355,0.1281450642322355
so,W30p0,3,5,0.12748310070356444,0.12748310070356444
thetao,W30p0,8,2,0.1273180396218407,0.1273180396218407
so,W40p0,10,6,0.1273098185285713,0.1273098185285713
thetao,W20p0,5,16,0.12706509814308467,0.12706509814308467
thetao,W10p0,7,20,-0.12693720854606158,0.12693720854606158
thetao,W40p0,10,5,-0.12677674590810598,0.12677674590810598
thetao,W20p0,9,19,0.12656767524972723,0.12656767524972723
thetao,W30p0,6,18,-0.12618901597521176,0.12618901597521176
thetao,W10p0,5,20,-0.125815835018926,0.125815835018926
so,W30p0,9,4,0.125779566176017,0.125779566176017
thetao,W10p0,4,1,-0.12566204481366447,0.12566204481366447
so,W20p0,3,17,-0.12537183298938165,0.12537183298938165
so,W60p0,4,4,-0.1252068920502436,0.1252068920502436
thetao,W30p0,2,13,-0.12507233094543987,0.12507233094543987
so,W10p0,6,10,0.12465701994548942,0.12465701994548942
thetao,W40p0,6,16,0.12463767789196502,0.12463767789196502
so,W20p0,8,18,-0.12458594678913322,0.12458594678913322
thetao,W30p0,5,2,-0.12457346900480167,0.12457346900480167
so,W10p0,10,10,0.12446465441406253,0.12446465441406253
so,W30p0,8,10,0.12409110093513313,0.12409110093513313
thetao,W60p0,1,10,-0.12407695714750003,0.12407695714750003
so,W20p0,3,15,-0.12389427301384112,0.12389427301384112
so,W10p0,10,15,0.12383183196083156,0.12383183196083156
thetao,W40p0,9,19,0.12380275387125153,0.12380275387125153
so,W10p0,5,19,-0.12361746161173524,0.12361746161173524
thetao,W20p0,7,18,-0.12344805603452777,0.12344805603452777
thetao,W30p0,3,5,0.12332464037227822,0.12332464037227822
so,W40p0,6,13,0.12328369903763353,0.12328369903763353
so,W40p0,7,2,-0.12317330504529085,0.12317330504529085
so,W20p0,3,0,-0.12297461112362394,0.12297461112362394
thetao,W20p0,9,20,0.12264390006170828,0.12264390006170828
so,W10p0,6,7,0.12257261782267219,0.12257261782267219
so,W30p0,8,13,0.12249736584099988,0.12249736584099988
so,W30p0,7,8,0.12240786143692606,0.12240786143692606
so,W10p0,3,15,-0.12221003763351664,0.12221003763351664
so,W10p0,6,9,0.12190422815847203,0.12190422815847203
so,W40p0,9,4,0.12136532082047487,0.12136532082047487
thetao,W20p0,10,6,-0.12124060342832066,0.12124060342832066
so,W10p0,8,4,0.12119683412045144,0.12119683412045144
so,W20p0,10,10,-0.12077188550885846,0.12077188550885846
so,W30p0,2,11,0.12038126629590674,0.12038126629590674
so,W20p0,7,7,-0.12031964289732221,0.12031964289732221
so,W20p0,3,9,-0.12028704645599103,0.12028704645599103
so,W30p0,3,8,0.1202849650839626,0.1202849650839626
thetao,W10p0,10,1,-0.11994294579502172,0.11994294579502172
thetao,W20p0,10,7,-0.11956355079076454,0.11956355079076454
so,W30p0,6,19,-0.11858962798077219,0.11858962798077219
thetao,W30p0,6,8,-0.11856882239996787,0.11856882239996787
so,W30p0,3,6,0.11836563815089214,0.11836563815089214
so,W30p0,8,8,0.11814316496397133,0.11814316496397133
so,W30p0,9,11,0.1180711329359912,0.1180711329359912
so,W10p0,10,9,0.11793505690715102,0.11793505690715102
thetao,W60p0,8,19,-0.11768984258307877,0.11768984258307877
so,W20p0,3,3,-0.11753089080938445,0.11753089080938445
so,W40p0,9,6,0.1170756810843738,0.1170756810843738
thetao,W60p0,9,12,0.11692343612874664,0.11692343612874664
so,W30p0,2,14,0.11686651412607826,0.11686651412607826
so,W30p0,9,8,0.11683225284000631,0.11683225284000631
thetao,W60p0,4,0,-0.11680545618775674,0.11680545618775674
so,W40p0,10,9,0.11655192292219384,0.11655192292219384
thetao,W10p0,7,3,-0.11641981547557945,0.11641981547557945
so,W60p0,3,2,-0.11640227180281677,0.11640227180281677
thetao,W40p0,5,4,-0.11633534345009339,0.11633534345009339
thetao,W40p0,2,3,0.11617808100295694,0.11617808100295694
so,W60p0,6,4,0.1159463529387905,0.1159463529387905
thetao,W20p0,10,16,-0.11565507012847619,0.11565507012847619
thetao,W30p0,5,3,-0.11550992293709321,0.11550992293709321
thetao,W20p0,5,3,0.11541187460593653,0.11541187460593653
thetao,W60p0,1,2,0.11520247389841043,0.11520247389841043
so,W40p0,5,10,-0.11493026066499588,0.11493026066499588
so,W10p0,10,12,0.11484819049432703,0.11484819049432703
thetao,W40p0,5,18,0.11415297207425465,0.11415297207425465
thetao,W60p0,1,8,-0.11408407955019072,0.11408407955019072
thetao,W30p0,8,6,0.11376256925874433,0.11376256925874433
so,W10p0,5,4,-0.11369660078009539,0.11369660078009539
thetao,W30p0,7,10,-0.1135198395201983,0.1135198395201983
thetao,W60p0,9,17,0.11344468440556779,0.11344468440556779
so,W30p0,10,0,-0.11315312324628973,0.11315312324628973
thetao,W60p0,4,20,0.1128655943073377,0.1128655943073377
thetao,W60p0,1,5,-0.11254918003660694,0.11254918003660694
thetao,W60p0,1,6,-0.11238240000728546,0.11238240000728546
so,W60p0,8,7,0.11235684213483757,0.11235684213483757
thetao,W20p0,9,7,0.11224601212430978,0.11224601212430978
thetao,W30p0,7,17,-0.11198233598159972,0.11198233598159972
thetao,W40p0,4,17,0.11160153914742628,0.11160153914742628
so,W60p0,9,8,0.11154691482270906,0.11154691482270906
so,W60p0,7,11,0.11137968230233246,0.11137968230233246
so,W60p0,4,3,-0.11131018096852098,0.11131018096852098
thetao,W20p0,4,0,-0.11101410002637963,0.11101410002637963
so,W30p0,3,4,0.11092059135108867,0.11092059135108867
so,W20p0,10,19,-0.11067378817017948,0.11067378817017948
so,W20p0,3,10,-0.11057478389352025,0.11057478389352025
so,W30p0,3,7,0.11055568764085458,0.11055568764085458
so,W40p0,8,17,0.11020418105148219,0.11020418105148219
so,W40p0,3,19,0.11005532067089864,0.11005532067089864
so,W40p0,4,20,-0.11002972984543169,0.11002972984543169
thetao,W60p0,8,7,0.10978588857143765,0.10978588857143765
so,W40p0,10,2,0.10964652316686499,0.10964652316686499
thetao,W10p0,5,14,0.10957315993779297,0.10957315993779297
so,W40p0,6,4,-0.10930103250024047,0.10930103250024047
thetao,W60p0,9,19,0.10925603694483153,0.10925603694483153
so,W20p0,7,13,-0.10910566577606978,0.10910566577606978
thetao,W40p0,5,15,0.1089020065087668,0.1089020065087668
so,W30p0,2,6,0.10885665811754253,0.10885665811754253
so,W30p0,2,15,0.10871549424250643,0.10871549424250643
so,W10p0,10,2,-0.1085073525247799,0.1085073525247799
so,W10p0,10,6,0.10846151146845712,0.10846151146845712
so,W20p0,10,11,-0.10837041722728422,0.10837041722728422
so,W30p0,4,0,0.10819124408350259,0.10819124408350259
so,W60p0,8,14,0.10792888202273489,0.10792888202273489
thetao,W60p0,1,17,0.10769050315255169,0.10769050315255169
so,W30p0,9,16,0.10749815247577457,0.10749815247577457
so,W60p0,7,10,0.10730631235374359,0.10730631235374359
thetao,W30p0,7,13,-0.10729210610050806,0.10729210610050806
thetao,W60p0,3,7,-0.10703449359611837,0.10703449359611837
thetao,W20p0,4,3,-0.1068990535706368,0.1068990535706368
so,W60p0,5,0,-0.10688050039190915,0.10688050039190915
so,W60p0,3,1,-0.10686278244240335,0.10686278244240335
so,W40p0,9,17,0.10667458084233478,0.10667458084233478
so,W40p0,5,13,-0.10646909857771365,0.10646909857771365
so,W30p0,9,2,0.10635502403141883,0.10635502403141883
thetao,W60p0,8,5,0.10620617318476003,0.10620617318476003
so,W30p0,3,10,0.1060260318978091,0.1060260318978091
thetao,W20p0,9,8,0.1057691693123819,0.1057691693123819
thetao,W30p0,2,12,-0.10559743351041492,0.10559743351041492
thetao,W10p0,4,5,-0.10544731961391275,0.10544731961391275
thetao,W30p0,6,17,-0.10535025271812236,0.10535025271812236
so,W60p0,7,6,0.10533540851204445,0.10533540851204445
so,W40p0,10,1,0.10518667240569043,0.10518667240569043
so,W40p0,9,3,0.10508011260670638,0.10508011260670638
thetao,W40p0,6,17,0.10499812758799879,0.10499812758799879
thetao,W10p0,10,11,-0.10482730828283605,0.10482730828283605
so,W30p0,4,3,0.10476010785566689,0.10476010785566689
thetao,W60p0,7,18,0.10468464144339383,0.10468464144339383
thetao,W60p0,8,1,-0.10464323867076053,0.10464323867076053
so,W30p0,4,18,-0.10447331441686368,0.10447331441686368
so,W40p0,8,3,-0.10406129373772834,0.10406129373772834
so,W10p0,6,12,0.1039942265560452,0.1039942265560452
so,W40p0,9,2,0.10342364012358737,0.10342364012358737
so,W10p0,6,3,0.10308229584996063,0.10308229584996063
so,W40p0,6,14,0.1026140417955518,0.1026140417955518
so,W30p0,6,9,0.10261121029986199,0.10261121029986199
so,W60p0,4,0,-0.10255304982251282,0.10255304982251282
so,W30p0,7,13,0.10242606024747539,0.10242606024747539
thetao,W30p0,2,4,0.10220853398290117,0.10220853398290117
thetao,W60p0,3,1,0.10178534946164652,0.10178534946164652
thetao,W60p0,7,13,0.10177554044174043,0.10177554044174043
so,W60p0,7,12,0.1010807801883608,0.1010807801883608
thetao,W20p0,8,6,0.10096029594121114,0.10096029594121114
so,W60p0,7,9,0.10085746841056523,0.10085746841056523
so,W60p0,6,14,-0.10068496191362039,0.10068496191362039
thetao,W20p0,9,12,0.10063773571639913,0.10063773571639913
thetao,W20p0,9,13,0.10013035134006021,0.10013035134006021
so,W40p0,7,7,-0.1000638852442182,0.1000638852442182
thetao,W30p0,3,12,-0.09995430120351005,0.09995430120351005
so,W20p0,10,16,-0.09957173667696072,0.09957173667696072
thetao,W30p0,8,18,-0.09951373225933861,0.09951373225933861
so,W20p0,3,18,-0.09951160702547265,0.09951160702547265
thetao,W60p0,3,2,0.09934005811284978,0.09934005811284978
so,W30p0,2,5,0.09933944887638602,0.09933944887638602
thetao,W10p0,8,11,0.09886773051218908,0.09886773051218908
thetao,W20p0,7,19,-0.09884264122144817,0.09884264122144817
so,W30p0,4,2,0.09873298608503954,0.09873298608503954
so,W30p0,2,2,0.09854058440871806,0.09854058440871806
thetao,W30p0,10,17,-0.09850402291228669,0.09850402291228669
so,W30p0,5,3,-0.09827054570165789,0.09827054570165789
thetao,W20p0,10,3,-0.09820964414844104,0.09820964414844104
so,W20p0,10,14,-0.09820809906222516,0.09820809906222516
so,W40p0,4,9,0.09818547394702731,0.09818547394702731
so,W10p0,7,1,-0.09809588209792672,0.09809588209792672
so,W40p0,6,5,-0.09787228984016291,0.09787228984016291
so,W30p0,9,1,0.09772179983933406,0.09772179983933406
so,W40p0,3,17,0.09770139780874834,0.09770139780874834
so,W30p0,5,4,-0.09729508762775246,0.09729508762775246
thetao,W40p0,7,19,0.09698143704725268,0.09698143704725268
thetao,W20p0,5,2,0.09689253512159635,0.09689253512159635
thetao,W60p0,1,11,-0.09677283848475547,0.09677283848475547
thetao,W10p0,10,3,-0.09660961900570804,0.09660961900570804
thetao,W30p0,6,19,-0.09650389142257587,0.09650389142257587
thetao,W30p0,5,1,-0.09629146711750443,0.09629146711750443
so,W30p0,8,1,-0.09563080239717062,0.09563080239717062
so,W10p0,10,4,0.09559760813887935,0.09559760813887935
so,W30p0,7,9,0.09541025634310073,0.09541025634310073
so,W30p0,6,13,0.09540270513170897,0.09540270513170897
thetao,W60p0,3,5,-0.09523043875311536,0.09523043875311536
so,W60p0,10,6,-0.0951301105640079,0.0951301105640079
thetao,W30p0,7,9,-0.09482467803363223,0.09482467803363223
thetao,W20p0,5,15,0.09480448677589087,0.09480448677589087
so,W10p0,8,13,0.09473275271661176,0.09473275271661176
thetao,W20p0,7,17,-0.09461828176481415,0.09461828176481415
so,W10p0,7,4,0.09435594889663687,0.09435594889663687
thetao,W30p0,3,6,0.09411201304486169,0.09411201304486169
so,W10p0,9,7,0.09390972931289956,0.09390972931289956
so,W20p0,8,4,-0.09375713486433353,0.09375713486433353
so,W60p0,7,8,0.0934526928528201,0.0934526928528201
so,W40p0,8,7,0.0934394613643097,0.0934394613643097
so,W40p0,8,6,0.09343820364556206,0.09343820364556206
so,W10p0,9,10,0.09302669437216417,0.09302669437216417
so,W20p0,3,6,-0.09301255567753433,0.09301255567753433
so,W30p0,4,17,-0.09283784038987652,0.09283784038987652
so,W40p0,8,18,0.09245296030758263,0.09245296030758263
so,W20p0,3,14,-0.09243807909564647,0.09243807909564647
so,W60p0,3,4,-0.09230971625998322,0.09230971625998322
thetao,W20p0,8,5,0.09209239170237346,0.09209239170237346
thetao,W30p0,6,20,-0.09198807540290176,0.09198807540290176
so,W40p0,8,14,0.09198003049939696,0.09198003049939696
so,W60p0,3,19,0.09136734936349027,0.09136734936349027
thetao,W30p0,2,14,-0.09136239339585081,0.09136239339585081
so,W60p0,4,18,0.09135108821785289,0.09135108821785289
so,W60p0,4,17,0.09108279069746418,0.09108279069746418
so,W30p0,5,6,-0.09025776297591266,0.09025776297591266
so,W60p0,4,16,0.0900422640672945,0.0900422640672945
thetao,W60p0,1,7,-0.09002980104283025,0.09002980104283025
thetao,W10p0,10,4,-0.089707771199545,0.089707771199545
so,W30p0,8,4,-0.08958304859554281,0.08958304859554281
thetao,W10p0,10,7,-0.08949720327700185,0.08949720327700185
thetao,W60p0,9,13,0.08948598681618712,0.08948598681618712
so,W40p0,9,20,0.08948534883181321,0.08948534883181321
thetao,W60p0,8,13,-0.08913041873451592,0.08913041873451592
thetao,W20p0,5,0,-0.08889977114439482,0.08889977114439482
so,W30p0,6,20,-0.08853770104728932,0.08853770104728932
thetao,W40p0,4,16,0.08822651445376317,0.08822651445376317
so,W10p0,10,1,-0.08794979737314589,0.08794979737314589
thetao,W40p0,4,6,0.0877066874871795,0.0877066874871795
thetao,W60p0,9,14,0.08763333701576166,0.08763333701576166
thetao,W10p0,5,15,0.0871338090729725,0.0871338090729725
thetao,W30p0,6,16,-0.08711357223598683,0.08711357223598683
so,W60p0,10,1,0.0869193744684814,0.0869193744684814
so,W30p0,5,1,-0.08653178436293334,0.08653178436293334
so,W60p0,7,7,0.08645209569378366,0.08645209569378366
thetao,W40p0,4,18,0.08637569305663237,0.08637569305663237
so,W40p0,10,10,0.08623668920547649,0.08623668920547649
thetao,W10p0,10,18,-0.08570026798985202,0.08570026798985202
thetao,W10p0,10,0,-0.08563304968967976,0.08563304968967976
so,W10p0,5,3,-0.08559569466450719,0.08559569466450719
thetao,W20p0,9,18,0.08540186806090559,0.08540186806090559
thetao,W30p0,2,15,-0.08513321306197746,0.08513321306197746
thetao,W10p0,10,2,-0.08425101298166415,0.08425101298166415
thetao,W10p0,5,4,0.08406708408682649,0.08406708408682649
so,W10p0,6,13,0.08398314548541061,0.08398314548541061
so,W30p0,2,8,0.08389524720419242,0.08389524720419242
thetao,W40p0,2,2,0.0838609699104411,0.0838609699104411
so,W60p0,8,13,0.08381519955532006,0.08381519955532006
thetao,W10p0,4,8,-0.08370769024696949,0.08370769024696949
thetao,W30p0,2,16,-0.08322402096004572,0.08322402096004572
thetao,W40p0,5,11,0.08305710822298576,0.08305710822298576
so,W40p0,3,16,0.08296568303122515,0.08296568303122515
so,W10p0,10,5,0.08294318401674994,0.08294318401674994
so,W60p0,5,19,-0.08278167237309018,0.08278167237309018
so,W20p0,10,3,-0.08272778718181223,0.08272778718181223
so,W60p0,4,10,-0.08270358956757069,0.08270358956757069
so,W30p0,8,3,-0.08254772026921565,0.08254772026921565
so,W30p0,9,10,0.08254613494751327,0.08254613494751327
thetao,W30p0,6,12,-0.08254102635898541,0.08254102635898541
thetao,W40p0,5,16,0.082405812006741,0.082405812006741
so,W10p0,6,5,0.08228489172416449,0.08228489172416449
thetao,W20p0,8,12,0.08213293516652662,0.08213293516652662
so,W60p0,6,3,0.08206796522932018,0.08206796522932018
so,W60p0,6,8,-0.08201870463882972,0.08201870463882972
so,W40p0,3,5,-0.08192803657641905,0.08192803657641905
thetao,W40p0,7,11,0.08180345604784253,0.08180345604784253
so,W30p0,8,5,-0.08163469111203628,0.08163469111203628
thetao,W30p0,10,15,-0.08130932444092615,0.08130932444092615
so,W40p0,6,6,-0.08117012861912067,0.08117012861912067
so,W30p0,10,2,-0.08060702042192419,0.08060702042192419
so,W10p0,9,1,0.08006453385835405,0.08006453385835405
thetao,W20p0,7,20,-0.07985404456551962,0.07985404456551962
thetao,W10p0,5,0,0.07981559434478962,0.07981559434478962
thetao,W10p0,4,2,-0.07967275579878702,0.07967275579878702
so,W60p0,10,7,-0.07938877944762539,0.07938877944762539
so,W20p0,10,1,-0.07932325794897156,0.07932325794897156
thetao,W40p0,4,19,0.07931836119295539,0.07931836119295539
so,W10p0,6,18,0.07925046162139798,0.07925046162139798
so,W30p0,5,8,-0.07920019663222852,0.07920019663222852
thetao,W30p0,6,7,-0.07905033407071599,0.07905033407071599
thetao,W20p0,4,2,-0.07888391603173209,0.07888391603173209
so,W10p0,6,11,0.0788716762789971,0.0788716762789971
so,W10p0,5,0,-0.07866290870742328,0.07866290870742328
so,W20p0,7,20,-0.07862835834858083,0.07862835834858083
so,W30p0,4,4,0.07829593939428695,0.07829593939428695
so,W30p0,2,7,0.0782264176983471,0.0782264176983471
so,W10p0,6,6,0.07819142756938681,0.07819142756938681
so,W30p0,4,1,0.07813981180057421,0.07813981180057421
so,W40p0,10,5,0.07744581972210486,0.07744581972210486
so,W30p0,7,18,-0.07737433439301794,0.07737433439301794
so,W40p0,8,16,0.07735159397936299,0.07735159397936299
thetao,W20p0,5,14,0.07728648930318187,0.07728648930318187
thetao,W40p0,5,9,0.07716654922447008,0.07716654922447008
so,W30p0,7,10,0.07633123123171265,0.07633123123171265
thetao,W20p0,8,20,0.07632653907400004,0.07632653907400004
so,W40p0,3,4,-0.07622932184565659,0.07622932184565659
so,W30p0,7,14,0.0760475974686102,0.0760475974686102
thetao,W10p0,10,20,-0.07602868286911005,0.07602868286911005
so,W40p0,8,2,-0.07591771105066593,0.07591771105066593
so,W10p0,5,1,-0.07582823796528948,0.07582823796528948
thetao,W40p0,4,15,0.07574445939165225,0.07574445939165225
thetao,W40p0,7,12,0.07553261542500597,0.07553261542500597
so,W30p0,10,4,-0.07521437601396681,0.07521437601396681
so,W20p0,7,14,-0.07439083158998606,0.07439083158998606
thetao,W40p0,9,20,0.07437966196659895,0.07437966196659895
so,W60p0,5,18,-0.07436106717517962,0.07436106717517962
so,W20p0,7,12,-0.0743506507443727,0.0743506507443727
thetao,W40p0,6,0,0.0743210651437906,0.0743210651437906
thetao,W60p0,6,4,-0.07411312686551817,0.07411312686551817
so,W60p0,4,5,-0.0738340201606298,0.0738340201606298
thetao,W60p0,4,18,0.07378658574123455,0.07378658574123455
so,W30p0,6,3,0.07366449421361061,0.07366449421361061
so,W60p0,4,1,-0.0733912077264079,0.0733912077264079
thetao,W40p0,7,1,0.07334179095764114,0.07334179095764114
thetao,W10p0,4,19,-0.07303527302717454,0.07303527302717454
so,W20p0,8,17,-0.07303432872236684,0.07303432872236684
thetao,W30p0,3,11,-0.07292785783491533,0.07292785783491533
so,W60p0,7,4,-0.07266021068008015,0.07266021068008015
so,W20p0,3,8,-0.07223547012178388,0.07223547012178388
so,W40p0,6,20,0.07186578798574471,0.07186578798574471
so,W10p0,6,17,0.07168015948622612,0.07168015948622612
thetao,W60p0,7,14,0.07153495554932873,0.07153495554932873
so,W60p0,4,13,0.0714268262509397,0.0714268262509397
thetao,W30p0,2,2,0.071290400896526,0.071290400896526
so,W30p0,9,19,0.07126846784186706,0.07126846784186706
thetao,W20p0,9,16,0.07108139792205817,0.07108139792205817
so,W60p0,4,19,0.07107577333024404,0.07107577333024404
so,W30p0,5,7,-0.07097658070825338,0.07097658070825338
so,W40p0,3,6,-0.07094030812959463,0.07094030812959463
thetao,W20p0,4,1,-0.07093622510860156,0.07093622510860156
so,W30p0,2,3,0.07091546200527073,0.07091546200527073
so,W60p0,6,17,-0.07082918309695918,0.07082918309695918
so,W30p0,9,14,0.07081658066429843,0.07081658066429843
so,W60p0,5,7,0.07080968925579076,0.07080968925579076
thetao,W40p0,7,2,0.0707043491215272,0.0707043491215272
so,W60p0,8,8,0.07062248015354114,0.07062248015354114
thetao,W40p0,4,3,-0.07040277597298068,0.07040277597298068
so,W30p0,5,2,-0.07033356183280498,0.07033356183280498
so,W30p0,9,20,0.07022472576632144,0.07022472576632144
thetao,W30p0,3,7,0.0695580359573704,0.0695580359573704
so,W60p0,6,2,-0.06955635671218208,0.06955635671218208
so,W30p0,5,5,-0.06953578536649709,0.06953578536649709
so,W30p0,6,14,0.06920077140168797,0.06920077140168797
thetao,W20p0,7,3,0.0691225854734231,0.0691225854734231
thetao,W10p0,4,0,-0.06897620068143985,0.06897620068143985
so,W60p0,3,17,0.06891133786992852,0.06891133786992852
thetao,W40p0,4,11,0.06886145887962139,0.06886145887962139
thetao,W10p0,8,10,0.068206420962753,0.068206420962753
thetao,W30p0,2,11,-0.06808606310086093,0.06808606310086093
so,W30p0,4,19,-0.06800484571001314,0.06800484571001314
thetao,W20p0,5,4,0.0679534819534103,0.0679534819534103
so,W60p0,6,15,-0.06761972412900846,0.06761972412900846
thetao,W10p0,4,4,-0.06758468033107072,0.06758468033107072
thetao,W20p0,7,16,-0.06755821573220694,0.06755821573220694
thetao,W20p0,9,4,-0.0672661938180947,0.0672661938180947
thetao,W10p0,10,8,-0.06715945421121185,0.06715945421121185
thetao,W10p0,8,0,0.06666875320164838,0.06666875320164838
so,W30p0,6,12,0.0659657377538771,0.0659657377538771
thetao,W60p0,8,12,-0.06561451875980363,0.06561451875980363
so,W60p0,5,17,-0.06556263259859428,0.06556263259859428
so,W40p0,6,19,0.06512935161877292,0.06512935161877292
so,W40p0,10,3,0.06505300391386712,0.06505300391386712
so,W30p0,7,17,-0.0649398547072374,0.0649398547072374
thetao,W20p0,5,9,0.06487930478999049,0.06487930478999049
thetao,W20p0,9,15,0.06478269497975318,0.06478269497975318
so,W40p0,4,10,0.06477201123744913,0.06477201123744913
thetao,W60p0,1,12,-0.0646865023988505,0.0646865023988505
so,W30p0,8,12,0.06440624167578857,0.06440624167578857
thetao,W20p0,5,7,0.06394219871927025,0.06394219871927025
thetao,W20p0,9,6,0.06346718935572936,0.06346718935572936
so,W10p0,2,0,0.0633050759878075,0.0633050759878075
so,W60p0,5,11,0.06327080712622221,0.06327080712622221
thetao,W10p0,10,19,-0.06274946466974282,0.06274946466974282
so,W40p0,3,15,0.06267695909365414,0.06267695909365414
thetao,W10p0,5,10,0.06251588137674288,0.06251588137674288
so,W60p0,6,13,-0.0623843615201835,0.0623843615201835
so,W20p0,3,11,-0.062359113446050544,0.062359113446050544
so,W40p0,4,15,-0.06227653424927683,0.06227653424927683
so,W40p0,7,5,-0.06216696064342932,0.06216696064342932
thetao,W30p0,6,15,-0.062094428225103165,0.062094428225103165
so,W30p0,3,12,0.061973418130927466,0.061973418130927466
so,W20p0,7,10,-0.06189984830659786,0.06189984830659786
so,W40p0,9,9,0.06189961459361412,0.06189961459361412
so,W10p0,5,20,-0.06156560910534865,0.06156560910534865
so,W60p0,10,17,0.06144864275148773,0.06144864275148773
thetao,W60p0,4,8,0.061294739088131024,0.061294739088131024
thetao,W20p0,5,8,0.061217371654173736,0.061217371654173736
so,W60p0,4,6,0.06109928883336357,0.06109928883336357
so,W30p0,6,10,0.06098849337762274,0.06098849337762274
so,W60p0,10,5,-0.06079214200003619,0.06079214200003619
thetao,W30p0,8,16,0.06069261058574265,0.06069261058574265
thetao,W40p0,5,19,0.060676866071520195,0.060676866071520195
so,W40p0,5,14,-0.06067089440772005,0.06067089440772005
thetao,W30p0,10,18,-0.06066529763017198,0.06066529763017198
so,W60p0,8,19,-0.06036666844034086,0.06036666844034086
so,W40p0,6,12,0.06032975052793043,0.06032975052793043
thetao,W40p0,5,10,0.06011907017490883,0.06011907017490883
so,W60p0,4,9,-0.05997935557327898,0.05997935557327898
thetao,W40p0,4,2,-0.05993226224778963,0.05993226224778963
so,W40p0,4,19,-0.059648382517669594,0.059648382517669594
so,W60p0,10,18,0.059640811311599276,0.059640811311599276
so,W60p0,10,13,0.05925661356698406,0.05925661356698406
thetao,W30p0,2,17,-0.05912672074115363,0.05912672074115363
so,W10p0,8,5,0.05864822885696675,0.05864822885696675
thetao,W60p0,1,3,0.05851468003245323,0.05851468003245323
thetao,W10p0,8,8,0.05850601286479583,0.05850601286479583
so,W60p0,4,8,-0.058383200260312594,0.058383200260312594
so,W60p0,3,14,-0.058208174385789596,0.058208174385789596
thetao,W60p0,8,18,-0.05816375977164232,0.05816375977164232
so,W30p0,3,11,0.05811730147186607,0.05811730147186607
so,W40p0,4,3,0.05810844950521438,0.05810844950521438
thetao,W10p0,4,3,-0.0580643065263116,0.0580643065263116
thetao,W30p0,10,16,-0.058060103850867024,0.058060103850867024
thetao,W60p0,8,4,0.057903177637677945,0.057903177637677945
so,W60p0,10,19,0.057880753396463674,0.057880753396463674
thetao,W20p0,9,11,0.05771852747291718,0.05771852747291718
thetao,W10p0,4,20,-0.05764121225039374,0.05764121225039374
so,W60p0,3,18,0.05759428200832254,0.05759428200832254
thetao,W20p0,10,0,-0.057588554575498975,0.057588554575498975
thetao,W30p0,8,1,0.057519971248421606,0.057519971248421606
so,W40p0,6,15,0.05733152709676907,0.05733152709676907
thetao,W60p0,8,2,0.057142526331428356,0.057142526331428356
so,W60p0,10,9,-0.05711643662977897,0.05711643662977897
thetao,W20p0,7,15,-0.05705835517119348,0.05705835517119348
so,W20p0,10,2,-0.05700809333698793,0.05700809333698793
thetao,W10p0,10,17,-0.05695587117809403,0.05695587117809403
so,W20p0,3,13,-0.056752628131974354,0.056752628131974354
so,W40p0,9,0,0.05655578476112995,0.05655578476112995
so,W20p0,10,20,-0.0562541652548684,0.0562541652548684
so,W40p0,10,4,0.055961354545140576,0.055961354545140576
thetao,W20p0,9,9,0.0556150218164977,0.0556150218164977
thetao,W30p0,8,17,-0.05515232225259904,0.05515232225259904
thetao,W10p0,5,13,0.055102880882684786,0.055102880882684786
thetao,W40p0,7,7,0.054732872258170355,0.054732872258170355
so,W40p0,4,13,0.05455063620896812,0.05455063620896812
thetao,W40p0,4,4,-0.05438614470463092,0.05438614470463092
so,W40p0,3,12,0.054276534072507134,0.054276534072507134
so,W60p0,3,15,-0.05409706994833969,0.05409706994833969
thetao,W40p0,5,5,-0.05399186815476872,0.05399186815476872
thetao,W20p0,9,10,0.0534739488473499,0.0534739488473499
so,W60p0,5,6,0.0532771425483379,0.0532771425483379
so,W40p0,8,15,0.053025953910040426,0.053025953910040426
thetao,W60p0,1,13,-0.05276679035659743,0.05276679035659743
so,W60p0,10,16,0.0527249941969291,0.0527249941969291
so,W60p0,6,16,-0.05270781895382183,0.05270781895382183
thetao,W30p0,6,6,-0.05235247454960831,0.05235247454960831
so,W20p0,10,15,-0.052229629622676785,0.052229629622676785
so,W30p0,6,8,0.052076440338031785,0.052076440338031785
so,W30p0,3,20,-0.05198724798888969,0.05198724798888969
thetao,W30p0,2,8,-0.0517954018198845,0.0517954018198845
thetao,W40p0,7,13,0.05172438425963867,0.05172438425963867
so,W60p0,6,20,-0.05157243175493395,0.05157243175493395
so,W40p0,4,8,0.05149337628528861,0.05149337628528861
so,W20p0,3,12,-0.05148049155296299,0.05148049155296299
so,W30p0,8,11,0.05124038531248534,0.05124038531248534
so,W60p0,10,20,0.05116945228094932,0.05116945228094932
thetao,W40p0,2,1,0.051116762810210874,0.051116762810210874
so,W40p0,6,9,0.05106877375024654,0.05106877375024654
thetao,W10p0,5,12,0.05080456057294735,0.05080456057294735
so,W20p0,7,19,-0.05071957482766335,0.05071957482766335
so,W40p0,9,14,0.05071681235869867,0.05071681235869867
so,W60p0,6,7,-0.050400885318573924,0.050400885318573924
so,W30p0,3,13,0.05039591026540752,0.05039591026540752
thetao,W30p0,2,10,-0.05021945133577928,0.05021945133577928
thetao,W30p0,3,10,-0.050181054210376795,0.050181054210376795
so,W60p0,5,13,-0.05015236725744358,0.05015236725744358
so,W60p0,8,9,0.05011334750075094,0.05011334750075094
thetao,W30p0,2,9,-0.049959852290859294,0.049959852290859294
thetao,W40p0,7,6,0.04995127225537904,0.04995127225537904
thetao,W40p0,7,10,0.04990770472402214,0.04990770472402214
so,W40p0,9,11,0.04949806586240458,0.04949806586240458
thetao,W10p0,4,6,-0.04933259007583472,0.04933259007583472
so,W30p0,4,9,0.04900409090864645,0.04900409090864645
thetao,W30p0,5,0,-0.04878272346177373,0.04878272346177373
so,W30p0,6,2,0.04856480565882846,0.04856480565882846
so,W60p0,10,8,-0.048501247209087404,0.048501247209087404
thetao,W60p0,8,8,0.048334828563223096,0.048334828563223096
so,W60p0,5,2,0.04832708490794367,0.04832708490794367
so,W20p0,7,16,-0.048194297955323664,0.048194297955323664
so,W60p0,6,5,0.04800720297688047,0.04800720297688047
thetao,W30p0,2,19,-0.04776577811934122,0.04776577811934122
so,W60p0,5,8,0.04769541855199546,0.04769541855199546
thetao,W30p0,7,0,-0.04754206861258487,0.04754206861258487
thetao,W20p0,8,2,0.047535214268224095,0.047535214268224095
so,W40p0,5,17,0.047490880545566314,0.047490880545566314
so,W60p0,7,5,0.04725205625172774,0.04725205625172774
thetao,W20p0,7,14,-0.04722052218559736,0.04722052218559736
so,W30p0,10,3,-0.046816828960236666,0.046816828960236666
thetao,W60p0,3,0,0.04652379984215084,0.04652379984215084
thetao,W20p0,5,10,0.04636607231629401,0.04636607231629401
thetao,W60p0,1,16,0.04635914489744221,0.04635914489744221
thetao,W60p0,1,0,0.0461744377887238,0.0461744377887238
so,W60p0,8,15,0.04548463233565498,0.04548463233565498
so,W60p0,5,15,0.04527540946354723,0.04527540946354723
so,W30p0,4,8,0.04522972391506702,0.04522972391506702
thetao,W10p0,10,5,-0.044706865097953845,0.044706865097953845
thetao,W20p0,9,3,-0.04468757169417686,0.04468757169417686
thetao,W10p0,8,5,0.04466311370863866,0.04466311370863866
thetao,W30p0,2,1,-0.04447717798406492,0.04447717798406492
so,W30p0,9,15,0.043953510375290536,0.043953510375290536
so,W40p0,9,10,0.04390721292660654,0.04390721292660654
thetao,W10p0,4,7,-0.043784652934066234,0.043784652934066234
thetao,W60p0,4,5,-0.0437750289140769,0.0437750289140769
so,W30p0,8,7,0.04376085477844214,0.04376085477844214
thetao,W60p0,4,6,0.043586983698219034,0.043586983698219034
so,W30p0,4,5,0.04350920888687701,0.04350920888687701
thetao,W10p0,8,9,0.04318042120798955,0.04318042120798955
so,W30p0,8,6,-0.042891742813503345,0.042891742813503345
so,W40p0,6,7,-0.042725548342358234,0.042725548342358234
so,W40p0,8,4,-0.04205435237318746,0.04205435237318746
thetao,W20p0,5,1,0.0419499628091272,0.0419499628091272
thetao,W20p0,5,6,0.041902056869149364,0.041902056869149364
thetao,W40p0,5,6,-0.0418338423194126,0.0418338423194126
thetao,W30p0,2,18,-0.04155744513156429,0.04155744513156429
thetao,W20p0,8,13,0.041554139393410294,0.041554139393410294
so,W10p0,5,2,-0.04147760880372605,0.04147760880372605
so,W40p0,9,18,0.041355738291158656,0.041355738291158656
so,W60p0,3,13,-0.041195813643863106,0.041195813643863106
thetao,W20p0,9,14,0.041159795336426046,0.041159795336426046
so,W10p0,6,19,0.04093373647828141,0.04093373647828141
thetao,W40p0,7,0,-0.04041909735526011,0.04041909735526011
so,W60p0,3,12,-0.040398633666356584,0.040398633666356584
so,W30p0,3,19,-0.04037084496504347,0.04037084496504347
so,W40p0,5,19,-0.04026984068949417,0.04026984068949417
thetao,W60p0,6,1,-0.040266374533898336,0.040266374533898336
thetao,W60p0,4,7,0.03988070175684222,0.03988070175684222
so,W60p0,3,0,-0.03983491032938901,0.03983491032938901
so,W30p0,7,12,0.039801164166123115,0.039801164166123115
thetao,W60p0,8,9,0.039733270474031517,0.039733270474031517
so,W60p0,5,14,0.03962829939140983,0.03962829939140983
thetao,W40p0,4,1,-0.039575916418977654,0.039575916418977654
thetao,W60p0,1,4,-0.039394323431777754,0.039394323431777754
thetao,W10p0,5,19,-0.039161191166596714,0.039161191166596714
thetao,W40p0,4,14,0.03905705337874262,0.03905705337874262
so,W30p0,7,16,-0.03894225174867091,0.03894225174867091
so,W30p0,9,5,0.038893538753070715,0.038893538753070715
thetao,W40p0,7,3,-0.038775343777055625,0.038775343777055625
so,W60p0,5,10,0.038311499583089124,0.038311499583089124
so,W30p0,6,1,0.03830059000090639,0.03830059000090639
so,W40p0,4,14,-0.03828088953513682,0.03828088953513682
thetao,W30p0,3,8,0.03826203699710634,0.03826203699710634
thetao,W60p0,8,3,0.0382199168606743,0.0382199168606743
so,W10p0,10,3,-0.03812177095543478,0.03812177095543478
so,W60p0,6,19,-0.038057514285683776,0.038057514285683776
so,W10p0,9,9,0.03781975263233587,0.03781975263233587
thetao,W40p0,4,5,0.0376796147743592,0.0376796147743592
so,W40p0,3,11,0.03692313578341694,0.03692313578341694
thetao,W60p0,3,4,0.03687899544976132,0.03687899544976132
so,W60p0,10,12,-0.03667282939109961,0.03667282939109961
so,W40p0,4,18,-0.03659072317122967,0.03659072317122967
thetao,W30p0,6,4,0.03647944829716408,0.03647944829716408
so,W40p0,7,6,-0.03634887629304836,0.03634887629304836
thetao,W20p0,10,4,-0.03631019376860087,0.03631019376860087
thetao,W40p0,4,12,0.036069717095342416,0.036069717095342416
so,W60p0,10,3,-0.035993204288356395,0.035993204288356395
so,W60p0,5,5,0.035864616283406967,0.035864616283406967
thetao,W60p0,8,17,-0.03585688551279288,0.03585688551279288
so,W60p0,6,6,-0.03580225062994867,0.03580225062994867
so,W10p0,9,8,0.03554641075019583,0.03554641075019583
so,W20p0,3,20,0.03529474774830667,0.03529474774830667
so,W30p0,2,4,0.035196280390076815,0.035196280390076815
thetao,W10p0,5,11,0.034797695728556045,0.034797695728556045
so,W10p0,6,20,-0.03462270992633269,0.03462270992633269
thetao,W20p0,10,5,-0.0344046750880899,0.0344046750880899
thetao,W60p0,8,15,0.034303631937196336,0.034303631937196336
so,W40p0,6,10,0.03416488531683256,0.03416488531683256
so,W60p0,8,10,0.03331211426550482,0.03331211426550482
thetao,W60p0,4,9,0.03294128910976398,0.03294128910976398
thetao,W10p0,5,8,-0.03293792263050172,0.03293792263050172
so,W30p0,6,15,0.03292055575964676,0.03292055575964676
so,W30p0,4,20,0.032908936751028316,0.032908936751028316
so,W30p0,3,14,0.03289200990529037,0.03289200990529037
thetao,W30p0,6,14,-0.032507456739997546,0.032507456739997546
so,W60p0,6,18,-0.03249603287410644,0.03249603287410644
so,W40p0,4,5,0.03243405589985627,0.03243405589985627
so,W20p0,7,15,-0.03238310670916892,0.03238310670916892
thetao,W30p0,6,13,-0.03234988640999997,0.03234988640999997
thetao,W20p0,5,13,0.03228854683564827,0.03228854683564827
so,W20p0,3,7,-0.03226619779779442,0.03226619779779442
so,W40p0,5,18,0.03226374751376804,0.03226374751376804
so,W30p0,6,18,-0.032222705273592396,0.032222705273592396
so,W60p0,10,15,-0.03183193540638725,0.03183193540638725
so,W40p0,3,7,-0.031572243238454346,0.031572243238454346
so,W10p0,9,0,0.0313711404659068,0.0313711404659068
so,W60p0,6,9,-0.03137100599403059,0.03137100599403059
so,W40p0,3,14,0.03127518210189136,0.03127518210189136
thetao,W20p0,9,1,0.03126491946954042,0.03126491946954042
thetao,W10p0,5,5,0.031227989694425178,0.031227989694425178
thetao,W60p0,6,2,-0.031200655870840994,0.031200655870840994
so,W40p0,5,15,-0.031146940773057196,0.031146940773057196
thetao,W20p0,7,9,-0.03110426089732262,0.03110426089732262
thetao,W60p0,9,20,0.03103874765322122,0.03103874765322122
thetao,W40p0,4,10,0.030777479341252353,0.030777479341252353
thetao,W60p0,1,15,0.030634173679582797,0.030634173679582797
so,W10p0,7,3,0.030455313966167116,0.030455313966167116
so,W10p0,10,0,0.030166948304583028,0.030166948304583028
so,W10p0,6,16,0.029513650149543047,0.029513650149543047
so,W60p0,4,7,-0.029427418544682307,0.029427418544682307
so,W60p0,5,9,0.0292662895065775,0.0292662895065775
so,W40p0,9,19,0.0291196342007714,0.0291196342007714
so,W30p0,9,6,-0.028997576187773058,0.028997576187773058
thetao,W40p0,7,8,0.028975039193586124,0.028975039193586124
so,W30p0,3,17,0.028922817437944653,0.028922817437944653
so,W40p0,4,16,-0.028616141813625654,0.028616141813625654
thetao,W20p0,8,1,0.028502382036810835,0.028502382036810835
thetao,W20p0,7,5,0.028330163061915728,0.028330163061915728
thetao,W10p0,8,6,0.0282200507031879,0.0282200507031879
so,W30p0,4,7,0.0281504826515457,0.0281504826515457
so,W30p0,6,0,0.02785540810595418,0.02785540810595418
so,W40p0,4,1,0.027694016089074482,0.027694016089074482
so,W40p0,4,4,0.02744432073233743,0.02744432073233743
thetao,W10p0,10,13,0.02735530787714428,0.02735530787714428
so,W60p0,5,16,-0.027054886834708393,0.027054886834708393
thetao,W40p0,7,5,0.027051854844720155,0.027051854844720155
so,W30p0,6,16,0.026804211601030494,0.026804211601030494
thetao,W40p0,7,9,0.026463608507431804,0.026463608507431804
thetao,W60p0,8,10,0.02640410569184975,0.02640410569184975
thetao,W20p0,5,11,0.02624656869105151,0.02624656869105151
so,W20p0,3,19,-0.026069482444085024,0.026069482444085024
thetao,W30p0,2,7,-0.02604656503867515,0.02604656503867515
thetao,W20p0,7,4,0.025901307207737895,0.025901307207737895
so,W30p0,4,16,-0.025687769957444574,0.025687769957444574
thetao,W40p0,5,7,-0.025441385117853682,0.025441385117853682
thetao,W40p0,4,7,0.025378100415698494,0.025378100415698494
thetao,W60p0,7,16,-0.025011650669793405,0.025011650669793405
so,W60p0,10,10,-0.024665644257874965,0.024665644257874965
thetao,W60p0,4,13,0.024436189578324618,0.024436189578324618
thetao,W10p0,5,17,0.024305020550921375,0.024305020550921375
so,W30p0,7,11,0.024228135974488273,0.024228135974488273
so,W60p0,6,12,0.02383101162498626,0.02383101162498626
so,W30p0,9,7,0.023804529039766677,0.023804529039766677
thetao,W40p0,5,8,0.023456348606252706,0.023456348606252706
thetao,W10p0,10,14,0.022372190716766775,0.022372190716766775
thetao,W30p0,2,5,0.02223391459703314,0.02223391459703314
thetao,W30p0,10,20,0.02204729482699979,0.02204729482699979
thetao,W20p0,5,5,0.02177040113762609,0.02177040113762609
so,W30p0,4,10,0.021765875899063675,0.021765875899063675
so,W60p0,4,11,-0.021728622421502884,0.021728622421502884
thetao,W20p0,7,12,-0.02164915437788512,0.02164915437788512
so,W30p0,6,7,0.021504578527319684,0.021504578527319684
thetao,W30p0,2,20,-0.021414086280712587,0.021414086280712587
thetao,W10p0,5,7,-0.02134708287834998,0.02134708287834998
thetao,W40p0,7,4,-0.020930191668654757,0.020930191668654757
so,W30p0,3,16,0.020786133242363784,0.020786133242363784
so,W40p0,4,12,0.020781593341634173,0.020781593341634173
so,W30p0,3,15,0.02075479288583872,0.02075479288583872
thetao,W10p0,10,6,-0.020701718929531494,0.020701718929531494
so,W60p0,6,11,0.02054806654725038,0.02054806654725038
thetao,W10p0,8,7,0.019898094644737036,0.019898094644737036
so,W60p0,8,12,-0.019722017029737093,0.019722017029737093
so,W60p0,5,3,0.019702075634545988,0.019702075634545988
thetao,W10p0,5,18,0.019682060306483562,0.019682060306483562
thetao,W20p0,7,13,-0.01954764494251848,0.01954764494251848
thetao,W10p0,10,15,0.01936160338834472,0.01936160338834472
thetao,W20p0,5,12,0.01935032247067875,0.01935032247067875
so,W30p0,7,19,-0.019135839800498107,0.019135839800498107
so,W40p0,9,15,-0.018997033091770595,0.018997033091770595
thetao,W40p0,4,0,0.01871473721722143,0.01871473721722143
so,W30p0,5,0,0.018377141628494874,0.018377141628494874
thetao,W60p0,4,14,0.01827712794496472,0.01827712794496472
thetao,W20p0,9,17,0.018175827119316434,0.018175827119316434
thetao,W60p0,8,16,0.017846189518669772,0.017846189518669772
so,W40p0,6,18,0.017665625699830965,0.017665625699830965
thetao,W30p0,10,19,-0.017629456609246336,0.017629456609246336
thetao,W10p0,5,16,0.017524231375658242,0.017524231375658242
so,W30p0,6,11,0.01746821988146888,0.01746821988146888
so,W40p0,5,16,0.017418657637066442,0.017418657637066442
so,W40p0,4,7,0.017226709124424658,0.017226709124424658
so,W20p0,7,17,0.017205621945534072,0.017205621945534072
so,W60p0,5,4,-0.016882904272204353,0.016882904272204353
thetao,W60p0,7,17,0.016557988138045546,0.016557988138045546
thetao,W20p0,7,7,-0.016271086214390915,0.016271086214390915
so,W40p0,8,5,0.016265449059441255,0.016265449059441255
thetao,W20p0,9,2,0.016152640136380767,0.016152640136380767
so,W40p0,9,12,-0.01602881621093013,0.01602881621093013
so,W60p0,3,16,-0.01599960928616043,0.01599960928616043
thetao,W30p0,6,5,-0.015598842234516143,0.015598842234516143
so,W60p0,4,15,0.015404609542228997,0.015404609542228997
so,W20p0,7,18,0.015250287743486362,0.015250287743486362
thetao,W10p0,5,9,0.01455847455481646,0.01455847455481646
so,W60p0,5,1,-0.014514621218600383,0.014514621218600383
thetao,W10p0,10,12,-0.014287439863889993,0.014287439863889993
so,W30p0,8,0,0.014227244791338299,0.014227244791338299
so,W10p0,6,15,-0.01358546204691605,0.01358546204691605
thetao,W10p0,10,16,0.013421145698695807,0.013421145698695807
so,W60p0,10,2,0.013402725916614911,0.013402725916614911
so,W40p0,6,8,0.01314201290609652,0.01314201290609652
so,W60p0,4,20,0.012341634136316715,0.012341634136316715
thetao,W60p0,4,15,0.01170481157154136,0.01170481157154136
so,W30p0,3,18,0.011647290244508699,0.011647290244508699
thetao,W60p0,8,14,0.011491808340861321,0.011491808340861321
thetao,W40p0,5,20,0.011368471974509298,0.011368471974509298
so,W20p0,7,11,-0.010618144705746645,0.010618144705746645
so,W40p0,6,17,0.010512319289057253,0.010512319289057253
thetao,W40p0,4,13,0.010485829159305243,0.010485829159305243
so,W30p0,4,13,0.010143021598542972,0.010143021598542972
thetao,W60p0,8,11,-0.010013111541790224,0.010013111541790224
so,W30p0,4,14,0.009950627719961963,0.009950627719961963
so,W60p0,5,12,-0.009865052026610652,0.009865052026610652
thetao,W20p0,9,5,0.00975152914786836,0.00975152914786836
so,W30p0,4,15,0.009688336385835168,0.009688336385835168
so,W60p0,8,16,-0.00965238015331283,0.00965238015331283
thetao,W60p0,6,0,-0.009640618463901792,0.009640618463901792
so,W60p0,4,14,0.009605754714049694,0.009605754714049694
so,W60p0,8,17,-0.009586315630101995,0.009586315630101995
so,W40p0,6,16,0.009261619529263132,0.009261619529263132
so,W60p0,8,18,-0.008945794645732653,0.008945794645732653
so,W40p0,4,11,-0.008909885167368205,0.008909885167368205
thetao,W20p0,7,2,0.008749562403844504,0.008749562403844504
thetao,W20p0,7,6,-0.008196650100268151,0.008196650100268151
so,W60p0,10,4,-0.007612949300476174,0.007612949300476174
thetao,W30p0,3,9,-0.007486524397124219,0.007486524397124219
thetao,W60p0,1,14,0.007191699339699654,0.007191699339699654
so,W30p0,6,17,0.007005349912000337,0.007005349912000337
thetao,W20p0,8,3,-0.006587040330366324,0.006587040330366324
so,W30p0,6,6,0.006287302918405222,0.006287302918405222
so,W40p0,4,2,0.0062095021563597416,0.0062095021563597416
so,W60p0,10,11,-0.005656065128712417,0.005656065128712417
so,W10p0,7,2,-0.005567290976016141,0.005567290976016141
so,W40p0,4,17,0.0054592647738414095,0.0054592647738414095
so,W30p0,4,12,0.005431128748458592,0.005431128748458592
so,W40p0,3,8,0.005149395070584321,0.005149395070584321
so,W30p0,6,5,-0.005076275242278291,0.005076275242278291
thetao,W60p0,4,17,-0.005058397728991492,0.005058397728991492
thetao,W60p0,4,16,-0.004570294033312894,0.004570294033312894
so,W30p0,7,15,0.004501125977115019,0.004501125977115019
so,W30p0,4,11,0.0044171247228625855,0.0044171247228625855
thetao,W40p0,2,0,-0.004319063293839238,0.004319063293839238
so,W40p0,3,10,0.004310195845321907,0.004310195845321907
so,W30p0,4,6,0.004223229726874871,0.004223229726874871
so,W60p0,4,12,-0.004168074497572355,0.004168074497572355
thetao,W10p0,5,6,-0.004068061318895898,0.004068061318895898
thetao,W30p0,2,6,-0.004058309493153329,0.004058309493153329
thetao,W60p0,4,12,0.0039100042979413555,0.0039100042979413555
so,W60p0,6,10,-0.0038885592361159295,0.0038885592361159295
thetao,W60p0,4,11,0.003875806415038234,0.003875806415038234
so,W60p0,4,2,-0.003731418885720021,0.003731418885720021
so,W30p0,6,4,-0.003210531149398486,0.003210531149398486
thetao,W60p0,7,15,-0.0031804652296743854,0.0031804652296743854
thetao,W40p0,4,9,0.003073292548228051,0.003073292548228051
so,W40p0,9,13,0.003024161833438498,0.003024161833438498
thetao,W40p0,4,8,-0.003019225072302144,0.003019225072302144
thetao,W20p0,7,11,0.0028347816379857603,0.0028347816379857603
thetao,W20p0,7,10,0.0028100010454499766,0.0028100010454499766
so,W40p0,9,16,-0.002769956123443515,0.002769956123443515
so,W40p0,3,13,-0.0027693724255192127,0.0027693724255192127
so,W40p0,4,6,-0.0024623785709215946,0.0024623785709215946
so,W10p0,6,14,0.0022859486745006236,0.0022859486745006236
so,W60p0,3,3,0.0022026799473515955,0.0022026799473515955
so,W40p0,3,9,-0.002186701115932332,0.002186701115932332
so,W40p0,6,11,0.002166481387369734,0.002166481387369734
so,W30p0,7,20,-0.0017725261600359237,0.0017725261600359237
thetao,W20p0,8,4,0.0017215359316759581,0.0017215359316759581
so,W60p0,8,11,0.0015726213275408022,0.0015726213275408022
thetao,W60p0,4,10,0.0014707930889872186,0.0014707930889872186
thetao,W20p0,7,1,-0.0012708738705247027,0.0012708738705247027
so,W40p0,8,1,-0.0008280732029019383,0.0008280732029019383
thetao,W20p0,7,8,0.00042230585547798645,0.00042230585547798645
so,W60p0,10,14,-0.0002983919738308843,0.0002983919738308843
thetao,W60p0,6,3,0.00029155024246538367,0.00029155024246538367
