var,lon_tag,mode,lag,corr,abs_corr
so,W40p0,5,1,-0.5621487064228409,0.5621487064228409
thetao,W40p0,6,1,0.5319043643861835,0.5319043643861835
thetao,W40p0,6,2,0.516747446718913,0.516747446718913
thetao,W10p0,3,2,0.5083807656727833,0.5083807656727833
so,W40p0,5,0,-0.5006687241062607,0.5006687241062607
thetao,W10p0,3,3,0.49503623114440304,0.49503623114440304
thetao,W20p0,3,2,0.4649720851373283,0.4649720851373283
so,W40p0,2,3,-0.4555964362827293,0.4555964362827293
so,W40p0,2,2,-0.45463786528991085,0.45463786528991085
so,W60p0,4,2,0.44998868024171396,0.44998868024171396
thetao,W40p0,6,0,0.4375026696321364,0.4375026696321364
thetao,W60p0,3,1,-0.4296408550052216,0.4296408550052216
so,W60p0,4,3,0.4213011581796955,0.4213011581796955
so,W10p0,10,17,-0.41261318761878424,0.41261318761878424
so,W20p0,3,2,0.40962255371755485,0.40962255371755485
thetao,W20p0,1,2,0.40953399027874376,0.40953399027874376
so,W20p0,3,1,0.39915303633709504,0.39915303633709504
thetao,W40p0,6,3,0.3983079725057916,0.3983079725057916
so,W40p0,5,2,-0.3973906924303747,0.3973906924303747
so,W60p0,4,1,0.39730518262635084,0.39730518262635084
thetao,W20p0,1,1,0.3967978593691797,0.3967978593691797
so,W20p0,7,18,0.3940606576966423,0.3940606576966423
so,W10p0,10,18,-0.39077574465442744,0.39077574465442744
so,W30p0,5,3,0.38893083903315107,0.38893083903315107
thetao,W20p0,3,3,0.38617833319073,0.38617833319073
so,W10p0,4,9,0.38376303960201147,0.38376303960201147
so,W30p0,5,2,0.3791441104954326,0.3791441104954326
so,W60p0,6,0,0.3770252605881718,0.3770252605881718
thetao,W10p0,3,1,0.37532393321413204,0.37532393321413204
so,W20p0,3,3,0.3728114172866194,0.3728114172866194
so,W30p0,7,0,-0.37269441094221173,0.37269441094221173
so,W60p0,1,15,-0.36978030144839313,0.36978030144839313
thetao,W20p0,3,1,0.36873287836792845,0.36873287836792845
thetao,W60p0,3,0,-0.36856686185011456,0.36856686185011456
thetao,W60p0,3,2,-0.36383213590317787,0.36383213590317787
so,W20p0,3,0,0.36320584141333107,0.36320584141333107
thetao,W40p0,10,1,0.3619219310638921,0.3619219310638921
thetao,W60p0,9,0,0.3611567676344805,0.3611567676344805
thetao,W30p0,8,2,-0.3608589204867192,0.3608589204867192
so,W60p0,1,0,0.35811495921640607,0.35811495921640607
so,W30p0,3,1,0.3575964087687665,0.3575964087687665
so,W60p0,1,1,0.3557518834636161,0.3557518834636161
thetao,W60p0,9,1,0.35517443254138853,0.35517443254138853
so,W30p0,5,4,0.3541907936575854,0.3541907936575854
thetao,W20p0,1,3,0.35256880646203875,0.35256880646203875
so,W30p0,3,2,0.3505747642312516,0.3505747642312516
so,W60p0,1,14,-0.34992238536601417,0.34992238536601417
thetao,W30p0,8,3,-0.3495532150800772,0.3495532150800772
thetao,W40p0,2,1,-0.34867909949293013,0.34867909949293013
so,W40p0,7,18,0.34691380870383437,0.34691380870383437
thetao,W60p0,5,0,-0.3454989327077934,0.3454989327077934
thetao,W30p0,1,3,-0.3454605668715586,0.3454605668715586
thetao,W30p0,1,4,-0.3451327031767118,0.3451327031767118
thetao,W10p0,3,4,0.34111338237079175,0.34111338237079175
so,W40p0,2,4,-0.3376448287999381,0.3376448287999381
thetao,W40p0,2,9,-0.3376131452237193,0.3376131452237193
thetao,W30p0,1,7,-0.334752015486353,0.334752015486353
thetao,W30p0,1,6,-0.33226686333100797,0.33226686333100797
thetao,W10p0,7,12,-0.32898923772420496,0.32898923772420496
thetao,W20p0,1,0,0.3284284601814857,0.3284284601814857
so,W40p0,7,19,0.3274675488193916,0.3274675488193916
thetao,W10p0,4,3,0.32729975935097627,0.32729975935097627
so,W30p0,1,8,0.3266924589324629,0.3266924589324629
thetao,W40p0,10,14,-0.32585028014319434,0.32585028014319434
thetao,W20p0,2,0,0.32364053327087355,0.32364053327087355
thetao,W10p0,4,5,0.32288478363922446,0.32288478363922446
so,W10p0,2,1,-0.3216815509385757,0.3216815509385757
thetao,W10p0,4,4,0.3209840921382641,0.3209840921382641
so,W10p0,1,4,-0.3209746113965689,0.3209746113965689
so,W20p0,3,4,0.3199699304671721,0.3199699304671721
so,W10p0,4,10,0.3199179028314375,0.3199179028314375
thetao,W40p0,10,0,0.31610404068385345,0.31610404068385345
thetao,W40p0,10,15,-0.31445053003375834,0.31445053003375834
so,W20p0,7,19,0.31437830425941854,0.31437830425941854
so,W10p0,1,5,-0.3140135950944003,0.3140135950944003
so,W60p0,1,13,-0.3138327272271105,0.3138327272271105
so,W20p0,7,17,0.3109281166400979,0.3109281166400979
thetao,W30p0,5,16,0.30978127704114317,0.30978127704114317
thetao,W60p0,5,3,-0.3075592048173959,0.3075592048173959
so,W30p0,3,3,0.3075228973779558,0.3075228973779558
thetao,W40p0,10,16,-0.30703062577525014,0.30703062577525014
so,W10p0,2,0,-0.3063094939861537,0.3063094939861537
so,W10p0,10,10,-0.305865645289802,0.305865645289802
thetao,W60p0,5,2,-0.30570519589983514,0.30570519589983514
so,W10p0,1,3,-0.3055340964249492,0.3055340964249492
thetao,W30p0,1,5,-0.30478575294115656,0.30478575294115656
thetao,W20p0,1,4,0.3041890680012735,0.3041890680012735
so,W40p0,10,5,-0.30228134931315914,0.30228134931315914
so,W60p0,4,4,0.3011283060376128,0.3011283060376128
thetao,W40p0,2,10,-0.3004612779294502,0.3004612779294502
so,W60p0,2,1,0.2986777676501344,0.2986777676501344
thetao,W40p0,6,4,0.29861840251639604,0.29861840251639604
thetao,W40p0,5,1,-0.2984335788064123,0.2984335788064123
so,W10p0,10,8,-0.2963422903806,0.2963422903806
so,W30p0,1,9,0.2959772227078861,0.2959772227078861
so,W30p0,6,0,0.29572379430124396,0.29572379430124396
so,W30p0,2,0,-0.29520842942523584,0.29520842942523584
thetao,W30p0,9,0,-0.2945402657929116,0.2945402657929116
thetao,W60p0,5,4,-0.29363100523178115,0.29363100523178115
thetao,W40p0,5,2,-0.29135216033462596,0.29135216033462596
so,W10p0,10,9,-0.290283663671969,0.290283663671969
so,W40p0,6,0,-0.2886932553773479,0.2886932553773479
thetao,W40p0,2,2,-0.28749574590155047,0.28749574590155047
so,W30p0,5,5,0.2857411158952675,0.2857411158952675
so,W10p0,1,6,-0.28573237846786187,0.28573237846786187
thetao,W20p0,9,11,0.28517335727438153,0.28517335727438153
thetao,W60p0,3,3,-0.2847911433512033,0.2847911433512033
thetao,W60p0,5,1,-0.283215647395368,0.283215647395368
thetao,W30p0,1,8,-0.2830884490508713,0.2830884490508713
so,W30p0,4,17,-0.2810120514493517,0.2810120514493517
thetao,W30p0,9,1,-0.2803195541909162,0.2803195541909162
so,W40p0,7,0,-0.27998789335729307,0.27998789335729307
thetao,W30p0,2,1,0.2793541204438048,0.2793541204438048
so,W10p0,1,2,-0.27833754499234437,0.27833754499234437
so,W20p0,1,11,-0.2781678464131364,0.2781678464131364
so,W30p0,1,7,0.2781114939548404,0.2781114939548404
thetao,W40p0,10,2,0.2779833499460361,0.2779833499460361
so,W60p0,3,1,0.27717293560197975,0.27717293560197975
thetao,W40p0,10,17,-0.2758050019062755,0.2758050019062755
so,W40p0,10,7,-0.2744460423226392,0.2744460423226392
so,W20p0,3,5,0.27369445132905507,0.27369445132905507
thetao,W40p0,7,6,0.2714813103189099,0.2714813103189099
so,W60p0,6,1,0.2708850554368404,0.2708850554368404
so,W60p0,3,0,0.2707850987072425,0.2707850987072425
thetao,W60p0,9,20,-0.2699398716878886,0.2699398716878886
thetao,W10p0,9,2,0.26987347826413477,0.26987347826413477
so,W60p0,4,0,0.26895416967056757,0.26895416967056757
so,W30p0,1,11,0.2671353756292191,0.2671353756292191
thetao,W20p0,5,18,0.26690891426951335,0.26690891426951335
thetao,W10p0,9,9,0.26667902536019444,0.26667902536019444
thetao,W10p0,4,2,0.2648679004398383,0.2648679004398383
so,W20p0,7,4,0.26447325761645013,0.26447325761645013
so,W10p0,2,2,-0.263495015920038,0.263495015920038
so,W30p0,1,19,0.26344095615567886,0.26344095615567886
so,W10p0,10,7,-0.26341336769188084,0.26341336769188084
so,W20p0,7,5,0.2634065442865928,0.2634065442865928
so,W30p0,1,10,0.26311323163282707,0.26311323163282707
so,W40p0,7,17,0.26230567173984287,0.26230567173984287
so,W40p0,4,18,-0.2611537063252476,0.2611537063252476
so,W40p0,10,0,-0.26092101672205914,0.26092101672205914
thetao,W60p0,9,19,-0.2602812218590283,0.2602812218590283
thetao,W10p0,1,2,0.26016908939378053,0.26016908939378053
thetao,W10p0,4,6,0.25977698211019695,0.25977698211019695
thetao,W30p0,1,2,-0.2590754795023435,0.2590754795023435
so,W10p0,8,0,-0.2588154448949996,0.2588154448949996
so,W20p0,3,6,0.25853536576744357,0.25853536576744357
so,W40p0,2,1,-0.2562071432446186,0.2562071432446186
thetao,W10p0,9,1,0.2556133340783266,0.2556133340783266
thetao,W30p0,8,11,-0.2555421497955212,0.2555421497955212
thetao,W10p0,7,11,-0.25515274284789585,0.25515274284789585
thetao,W10p0,7,13,-0.25496759343096626,0.25496759343096626
thetao,W10p0,6,9,-0.25413507557227805,0.25413507557227805
so,W20p0,1,12,-0.25364472629802487,0.25364472629802487
thetao,W10p0,9,3,0.2524217722143357,0.2524217722143357
so,W30p0,5,1,0.25234339646175774,0.25234339646175774
thetao,W40p0,2,11,-0.2518950459414719,0.2518950459414719
so,W40p0,10,6,-0.25161480797292574,0.25161480797292574
thetao,W30p0,2,3,0.25119375184251225,0.25119375184251225
so,W30p0,4,16,-0.2511758661591055,0.2511758661591055
so,W60p0,10,0,-0.2510919564392453,0.2510919564392453
so,W20p0,1,8,-0.25056940999965743,0.25056940999965743
so,W20p0,1,7,-0.25032829788784666,0.25032829788784666
so,W10p0,4,8,0.2469859676289122,0.2469859676289122
thetao,W20p0,1,5,0.24463156531551325,0.24463156531551325
thetao,W20p0,2,5,-0.24415257458400774,0.24415257458400774
thetao,W40p0,10,13,-0.24409945982391765,0.24409945982391765
so,W40p0,1,0,0.2437572893125154,0.2437572893125154
thetao,W10p0,1,3,0.2410749955095727,0.2410749955095727
so,W20p0,2,1,0.2410641211451952,0.2410641211451952
thetao,W40p0,8,5,-0.24069987841668242,0.24069987841668242
thetao,W10p0,1,1,0.24033836563803757,0.24033836563803757
so,W40p0,4,17,-0.24031663964141606,0.24031663964141606
thetao,W20p0,1,7,0.24026258566947753,0.24026258566947753
so,W30p0,5,6,0.24008388957958454,0.24008388957958454
thetao,W40p0,4,10,-0.2400602169448516,0.2400602169448516
thetao,W30p0,5,1,0.23950069494418794,0.23950069494418794
so,W30p0,2,3,0.23861110151348977,0.23861110151348977
so,W10p0,10,16,-0.23819149351897337,0.23819149351897337
thetao,W40p0,6,7,0.23809020979003653,0.23809020979003653
thetao,W30p0,2,0,0.23748688830634782,0.23748688830634782
thetao,W30p0,8,12,-0.2367888935935249,0.2367888935935249
so,W10p0,8,1,-0.23639467418698443,0.23639467418698443
so,W10p0,6,11,-0.23636701024808973,0.23636701024808973
so,W40p0,1,8,0.23617818162220078,0.23617818162220078
so,W30p0,1,18,0.2360845226259292,0.2360845226259292
thetao,W20p0,5,17,0.23539350242449586,0.23539350242449586
thetao,W40p0,6,5,0.23431157511550565,0.23431157511550565
so,W10p0,1,7,-0.23353082114456478,0.23353082114456478
so,W20p0,1,9,-0.23350817929130546,0.23350817929130546
thetao,W10p0,1,0,0.23349182865588614,0.23349182865588614
so,W20p0,7,10,0.23340236436214423,0.23340236436214423
so,W40p0,8,15,0.23277025014751368,0.23277025014751368
so,W20p0,10,1,-0.23273544846027794,0.23273544846027794
so,W20p0,3,7,0.23267463715182513,0.23267463715182513
so,W20p0,8,1,0.23253067303191277,0.23253067303191277
thetao,W40p0,1,8,-0.232273059773534,0.232273059773534
so,W30p0,1,12,0.2322246028587798,0.2322246028587798
so,W30p0,3,4,0.23196247239533427,0.23196247239533427
so,W30p0,7,1,-0.23149701548601856,0.23149701548601856
so,W60p0,1,2,0.23147265643138745,0.23147265643138745
so,W40p0,9,13,-0.23120962954304097,0.23120962954304097
so,W10p0,5,12,-0.2310976422817591,0.2310976422817591
so,W10p0,9,19,0.23091204745854976,0.23091204745854976
so,W60p0,1,16,-0.2304351252757774,0.2304351252757774
so,W40p0,4,9,0.23033908655133997,0.23033908655133997
thetao,W60p0,9,17,-0.22921742962367794,0.22921742962367794
thetao,W60p0,3,11,-0.22883963511152824,0.22883963511152824
so,W60p0,2,0,0.22882764640116596,0.22882764640116596
so,W30p0,9,14,0.22729250630696646,0.22729250630696646
thetao,W60p0,3,12,-0.22722846895851453,0.22722846895851453
thetao,W30p0,8,16,-0.22717330245253542,0.22717330245253542
so,W20p0,2,0,0.22707208601938075,0.22707208601938075
thetao,W30p0,2,2,0.2257028477692131,0.2257028477692131
thetao,W60p0,10,0,-0.22530143291445676,0.22530143291445676
so,W30p0,4,3,-0.22486141589529293,0.22486141589529293
thetao,W40p0,9,0,0.22450773537302904,0.22450773537302904
so,W20p0,10,11,-0.22424067056635696,0.22424067056635696
so,W60p0,9,14,0.2239071014532441,0.2239071014532441
thetao,W60p0,2,14,-0.2234142920172575,0.2234142920172575
thetao,W10p0,6,8,-0.22335661711668206,0.22335661711668206
thetao,W30p0,5,14,0.2217875100373712,0.2217875100373712
thetao,W60p0,9,18,-0.22140742558515977,0.22140742558515977
thetao,W10p0,10,5,0.22073589878016414,0.22073589878016414
so,W20p0,5,8,-0.22057940503675305,0.22057940503675305
thetao,W10p0,2,12,0.22027133793619944,0.22027133793619944
thetao,W40p0,4,11,-0.21993899188468513,0.21993899188468513
so,W40p0,2,14,0.21975304576120266,0.21975304576120266
thetao,W10p0,2,13,0.21932019626129787,0.21932019626129787
thetao,W40p0,2,0,-0.21930405197068067,0.21930405197068067
so,W40p0,7,20,0.21916043694164875,0.21916043694164875
so,W20p0,1,10,-0.21898457389932965,0.21898457389932965
thetao,W10p0,9,8,0.21865603006398177,0.21865603006398177
thetao,W10p0,9,10,0.21853070511090267,0.21853070511090267
so,W20p0,10,2,-0.2185239848289682,0.2185239848289682
thetao,W10p0,10,6,0.21849987562084722,0.21849987562084722
so,W40p0,10,4,-0.21841114946365908,0.21841114946365908
so,W40p0,10,1,-0.2180640576362844,0.2180640576362844
thetao,W10p0,4,8,0.21788494764833516,0.21788494764833516
thetao,W20p0,5,13,-0.21772798557153325,0.21772798557153325
thetao,W30p0,9,6,-0.21762625799464563,0.21762625799464563
thetao,W30p0,5,2,0.21699126837707552,0.21699126837707552
thetao,W40p0,1,9,-0.21691812451248804,0.21691812451248804
thetao,W60p0,2,1,-0.21681939893184896,0.21681939893184896
so,W60p0,1,5,0.2167640563041163,0.2167640563041163
so,W60p0,6,16,-0.21648081138795394,0.21648081138795394
thetao,W30p0,5,15,0.2162637626147494,0.2162637626147494
so,W30p0,6,1,0.2161526065194168,0.2161526065194168
thetao,W30p0,8,13,-0.21580081939614154,0.21580081939614154
thetao,W60p0,3,4,-0.21500761058589848,0.21500761058589848
thetao,W20p0,6,15,-0.21436653056454436,0.21436653056454436
thetao,W20p0,2,6,-0.21428463922913235,0.21428463922913235
so,W30p0,8,8,0.21414771493042795,0.21414771493042795
thetao,W60p0,5,5,-0.2140189578804605,0.2140189578804605
so,W30p0,3,14,0.21342799780103702,0.21342799780103702
thetao,W20p0,6,20,0.21260375035729837,0.21260375035729837
thetao,W20p0,1,6,0.2123440960395801,0.2123440960395801
thetao,W60p0,6,5,-0.21189234143514105,0.21189234143514105
thetao,W20p0,1,8,0.2117864206353902,0.2117864206353902
so,W60p0,1,4,0.2113704592106354,0.2113704592106354
thetao,W30p0,5,13,0.21123476920575468,0.21123476920575468
thetao,W40p0,4,12,-0.21074146482890233,0.21074146482890233
thetao,W40p0,7,5,0.21060854795098927,0.21060854795098927
so,W20p0,9,15,-0.21018424468711241,0.21018424468711241
thetao,W20p0,2,4,-0.20994256273281525,0.20994256273281525
so,W40p0,6,10,-0.20928995405151268,0.20928995405151268
so,W30p0,10,6,0.20896186338442016,0.20896186338442016
so,W40p0,8,16,0.2087795319055445,0.2087795319055445
so,W40p0,1,6,0.20870227999594745,0.20870227999594745
thetao,W40p0,2,12,-0.20848162307523163,0.20848162307523163
thetao,W10p0,4,7,0.2083089282653693,0.2083089282653693
thetao,W30p0,9,2,-0.2080694919744973,0.2080694919744973
thetao,W20p0,3,4,0.20802585795186074,0.20802585795186074
thetao,W30p0,4,1,0.20799649546268628,0.20799649546268628
so,W10p0,1,1,-0.20792032302782607,0.20792032302782607
thetao,W40p0,3,19,0.20752406626981007,0.20752406626981007
so,W60p0,6,14,-0.20747440122966687,0.20747440122966687
so,W60p0,8,12,-0.20739685483507478,0.20739685483507478
so,W40p0,2,13,0.2072434309780848,0.2072434309780848
so,W10p0,3,7,0.20705874007573108,0.20705874007573108
thetao,W40p0,7,7,0.20691889633217408,0.20691889633217408
thetao,W40p0,6,8,0.2067558591407222,0.2067558591407222
so,W30p0,1,20,0.2066720948745692,0.2066720948745692
so,W40p0,6,12,-0.20625667231281947,0.20625667231281947
so,W40p0,4,19,-0.20601243776349645,0.20601243776349645
thetao,W60p0,9,16,-0.20589696925502002,0.20589696925502002
so,W10p0,2,16,0.20565408099903176,0.20565408099903176
so,W20p0,7,16,0.20482692325441187,0.20482692325441187
so,W10p0,2,17,0.2048169032558734,0.2048169032558734
thetao,W60p0,6,14,-0.20455938237848684,0.20455938237848684
so,W30p0,4,18,-0.20439711423920554,0.20439711423920554
thetao,W40p0,10,12,-0.20428610820020826,0.20428610820020826
so,W30p0,9,13,0.20387530412316934,0.20387530412316934
thetao,W60p0,6,6,-0.20274901510178905,0.20274901510178905
so,W20p0,7,6,0.202446720772596,0.202446720772596
so,W60p0,2,20,-0.20183076134326228,0.20183076134326228
thetao,W40p0,1,6,-0.20150030197032137,0.20150030197032137
so,W20p0,5,10,-0.20140172172219264,0.20140172172219264
thetao,W10p0,1,18,-0.2013372193493285,0.2013372193493285
so,W30p0,2,4,0.2011061593412474,0.2011061593412474
thetao,W60p0,2,2,-0.20084035399449798,0.20084035399449798
so,W30p0,3,13,0.199982802396202,0.199982802396202
thetao,W20p0,6,16,-0.19958474689343803,0.19958474689343803
so,W10p0,10,6,-0.19951709327892905,0.19951709327892905
thetao,W40p0,2,8,-0.1988655461765803,0.1988655461765803
thetao,W10p0,10,4,0.19821604061113596,0.19821604061113596
thetao,W30p0,1,9,-0.19692861415242624,0.19692861415242624
so,W10p0,6,12,-0.1966547529542919,0.1966547529542919
thetao,W60p0,9,2,0.1959202275843429,0.1959202275843429
so,W20p0,5,9,-0.19585808669225824,0.19585808669225824
so,W20p0,7,9,0.19585004874478648,0.19585004874478648
thetao,W10p0,7,10,-0.19576185933971443,0.19576185933971443
so,W60p0,8,20,0.1950717006515683,0.1950717006515683
so,W60p0,1,12,-0.19439493893149107,0.19439493893149107
so,W40p0,1,7,0.19423905057962573,0.19423905057962573
thetao,W30p0,8,4,-0.19414411719018979,0.19414411719018979
so,W20p0,3,8,0.19384872270052778,0.19384872270052778
so,W30p0,4,2,-0.19377579738710513,0.19377579738710513
so,W40p0,2,15,0.1935724149679149,0.1935724149679149
thetao,W40p0,2,13,-0.19338197495635315,0.19338197495635315
so,W20p0,1,18,-0.19326574925622908,0.19326574925622908
thetao,W40p0,1,11,-0.1930963151645384,0.1930963151645384
so,W30p0,2,12,0.19208593234949523,0.19208593234949523
so,W40p0,9,6,-0.19171372713474874,0.19171372713474874
so,W40p0,2,10,0.19111886334281994,0.19111886334281994
thetao,W40p0,6,6,0.19102881668923286,0.19102881668923286
so,W10p0,5,11,-0.19100105391316846,0.19100105391316846
thetao,W40p0,5,20,0.19094962248007996,0.19094962248007996
so,W10p0,10,11,-0.19093824193862938,0.19093824193862938
thetao,W60p0,5,16,0.19057048966331505,0.19057048966331505
thetao,W30p0,6,9,-0.1903598445470429,0.1903598445470429
thetao,W60p0,1,14,-0.1901831810502297,0.1901831810502297
so,W40p0,2,5,-0.1900513232180976,0.1900513232180976
so,W60p0,6,15,-0.18974582222760236,0.18974582222760236
thetao,W30p0,2,8,-0.1896212498591856,0.1896212498591856
so,W20p0,1,19,-0.18935455007361995,0.18935455007361995
thetao,W10p0,4,9,0.18893307211915775,0.18893307211915775
thetao,W10p0,2,8,0.18840760974747145,0.18840760974747145
so,W40p0,1,9,0.18808107844285998,0.18808107844285998
so,W30p0,8,7,0.1879288954250337,0.1879288954250337
thetao,W60p0,7,14,-0.18777077321789512,0.18777077321789512
thetao,W60p0,4,8,0.1876200145862866,0.1876200145862866
thetao,W30p0,6,5,0.18725812677905349,0.18725812677905349
thetao,W10p0,9,17,-0.1870325863771149,0.1870325863771149
so,W40p0,6,11,-0.1869739358937683,0.1869739358937683
so,W30p0,3,0,0.18697322157813404,0.18697322157813404
thetao,W60p0,7,20,-0.18695206430653463,0.18695206430653463
thetao,W20p0,3,10,0.18646705503629243,0.18646705503629243
so,W10p0,8,11,-0.18589272819740893,0.18589272819740893
thetao,W40p0,1,12,-0.18557423506672097,0.18557423506672097
thetao,W30p0,2,4,0.1855242576162023,0.1855242576162023
thetao,W30p0,6,10,-0.18526737586840708,0.18526737586840708
so,W10p0,10,0,-0.18517438576767414,0.18517438576767414
thetao,W20p0,10,0,0.18508826755930124,0.18508826755930124
so,W10p0,2,3,-0.1845482101343936,0.1845482101343936
thetao,W60p0,4,9,0.18403900973237777,0.18403900973237777
so,W40p0,8,5,0.1838666940190497,0.1838666940190497
so,W10p0,3,6,0.18373603293459312,0.18373603293459312
thetao,W40p0,10,18,-0.18365826299262877,0.18365826299262877
so,W10p0,7,14,0.1834742073128201,0.1834742073128201
thetao,W60p0,5,6,-0.1832666102943523,0.1832666102943523
so,W20p0,8,2,0.1829302146443185,0.1829302146443185
thetao,W30p0,10,19,0.18288939424429884,0.18288939424429884
so,W20p0,2,2,0.18225743101538094,0.18225743101538094
thetao,W20p0,9,12,0.18219699383108495,0.18219699383108495
thetao,W60p0,5,15,0.18206985734125106,0.18206985734125106
thetao,W20p0,5,16,0.1819144219127335,0.1819144219127335
thetao,W40p0,4,8,-0.18162653697540765,0.18162653697540765
thetao,W60p0,5,14,0.18159068674037962,0.18159068674037962
thetao,W40p0,5,3,-0.18106506702758482,0.18106506702758482
thetao,W10p0,2,11,0.1807130890414526,0.1807130890414526
thetao,W10p0,3,18,-0.18064181638473634,0.18064181638473634
so,W10p0,2,15,0.18025340779984106,0.18025340779984106
so,W40p0,6,5,-0.1802357642391681,0.1802357642391681
thetao,W10p0,9,0,0.17996138315135515,0.17996138315135515
so,W10p0,2,18,0.17964131375620723,0.17964131375620723
thetao,W20p0,6,19,0.17933891872692928,0.17933891872692928
so,W20p0,5,17,-0.17897263002928543,0.17897263002928543
so,W60p0,1,6,0.17861306650217462,0.17861306650217462
so,W60p0,7,8,0.1786109192753593,0.1786109192753593
so,W20p0,7,11,0.17788470987290275,0.17788470987290275
thetao,W60p0,9,15,-0.17781297200654883,0.17781297200654883
thetao,W20p0,7,11,-0.1777135078112114,0.1777135078112114
thetao,W20p0,3,9,0.17752973619400264,0.17752973619400264
thetao,W30p0,9,5,-0.17723797404380795,0.17723797404380795
so,W30p0,4,12,0.17666424623987464,0.17666424623987464
so,W60p0,5,20,0.17658046330635807,0.17658046330635807
so,W30p0,3,15,0.17653029023075534,0.17653029023075534
thetao,W40p0,4,9,-0.17608723722044842,0.17608723722044842
thetao,W60p0,4,7,0.17600904561555855,0.17600904561555855
thetao,W30p0,8,10,-0.1758698527867413,0.1758698527867413
thetao,W10p0,8,9,-0.175626763595593,0.175626763595593
so,W60p0,1,3,0.1753174610745078,0.1753174610745078
thetao,W40p0,5,16,-0.1752856238388996,0.1752856238388996
so,W10p0,6,10,-0.17527357425717693,0.17527357425717693
so,W30p0,8,0,-0.17511520735169636,0.17511520735169636
so,W20p0,4,5,-0.1748243774539647,0.1748243774539647
thetao,W20p0,8,9,0.17473538701709165,0.17473538701709165
thetao,W60p0,1,13,-0.17462922843979636,0.17462922843979636
so,W40p0,7,1,-0.1743874846666936,0.1743874846666936
so,W20p0,6,16,-0.17419866578909474,0.17419866578909474
thetao,W10p0,5,7,-0.17417290904940605,0.17417290904940605
thetao,W10p0,4,10,0.17390178592393674,0.17390178592393674
thetao,W40p0,9,1,0.1737264575123204,0.1737264575123204
thetao,W30p0,6,4,0.17334685570202063,0.17334685570202063
so,W20p0,8,0,0.17324175494026933,0.17324175494026933
so,W10p0,4,11,0.17288249010039713,0.17288249010039713
so,W60p0,5,0,-0.17274434968262664,0.17274434968262664
so,W20p0,4,3,-0.17203005792656517,0.17203005792656517
thetao,W40p0,3,18,0.17191740437427921,0.17191740437427921
thetao,W40p0,3,10,0.17105458093501222,0.17105458093501222
thetao,W40p0,1,10,-0.17105331215692404,0.17105331215692404
thetao,W30p0,8,1,-0.17090118612837835,0.17090118612837835
so,W10p0,6,17,-0.17077716756676922,0.17077716756676922
thetao,W20p0,8,14,0.17068460475574115,0.17068460475574115
so,W20p0,10,10,-0.17034897678674488,0.17034897678674488
so,W60p0,5,6,0.1698891346549372,0.1698891346549372
so,W30p0,5,7,0.16986467720604823,0.16986467720604823
so,W40p0,9,0,0.16982260102054375,0.16982260102054375
thetao,W20p0,10,6,-0.16952336705274973,0.16952336705274973
thetao,W30p0,1,11,-0.16924825541853988,0.16924825541853988
thetao,W20p0,7,13,-0.16913058922829904,0.16913058922829904
so,W20p0,1,5,-0.16887992160604887,0.16887992160604887
so,W60p0,2,13,-0.1688557086323921,0.1688557086323921
so,W10p0,7,13,0.1687063083282077,0.1687063083282077
so,W20p0,5,7,-0.16854588597324974,0.16854588597324974
so,W20p0,9,4,-0.1684537713218787,0.1684537713218787
so,W20p0,9,14,-0.16826047515535877,0.16826047515535877
thetao,W40p0,6,9,0.16783061703721386,0.16783061703721386
thetao,W10p0,2,16,-0.1676973249892297,0.1676973249892297
thetao,W60p0,3,20,0.16735633672176062,0.16735633672176062
thetao,W30p0,5,17,0.16704733417739753,0.16704733417739753
so,W10p0,10,19,-0.16700587419738128,0.16700587419738128
so,W10p0,6,4,-0.16700035293356233,0.16700035293356233
so,W60p0,8,11,-0.16692144919361324,0.16692144919361324
so,W10p0,3,20,-0.16673178413785741,0.16673178413785741
thetao,W20p0,8,10,0.16669614270797453,0.16669614270797453
so,W40p0,6,1,-0.1666452678690006,0.1666452678690006
so,W40p0,10,8,-0.166236417904784,0.166236417904784
so,W20p0,8,3,0.16611642453450565,0.16611642453450565
thetao,W10p0,1,19,-0.16611030190523796,0.16611030190523796
thetao,W10p0,8,10,-0.16604348711791553,0.16604348711791553
so,W60p0,1,20,-0.16577961661907928,0.16577961661907928
thetao,W40p0,2,15,-0.1656504186308249,0.1656504186308249
so,W10p0,2,19,0.1656021198991399,0.1656021198991399
so,W20p0,6,9,-0.16516858956471955,0.16516858956471955
so,W20p0,9,8,-0.16499142422481589,0.16499142422481589
thetao,W20p0,4,9,-0.1647712447038491,0.1647712447038491
thetao,W20p0,6,0,0.16446372696593242,0.16446372696593242
thetao,W20p0,7,12,-0.16443696515877243,0.16443696515877243
thetao,W10p0,10,3,0.163985851618474,0.163985851618474
thetao,W40p0,1,7,-0.16369908276238948,0.16369908276238948
so,W60p0,6,17,-0.1633874933950547,0.1633874933950547
thetao,W20p0,10,19,-0.16327809457382103,0.16327809457382103
thetao,W10p0,6,7,-0.16294099076547233,0.16294099076547233
thetao,W30p0,2,9,-0.16256532148557176,0.16256532148557176
so,W30p0,2,13,0.16254203614998305,0.16254203614998305
so,W40p0,8,4,0.16238105697265484,0.16238105697265484
thetao,W10p0,3,17,-0.162266983690681,0.162266983690681
thetao,W60p0,10,19,0.16222926366437326,0.16222926366437326
thetao,W20p0,10,7,-0.16221744047878495,0.16221744047878495
thetao,W10p0,10,1,0.16199622088240212,0.16199622088240212
thetao,W40p0,2,5,0.16195290767256001,0.16195290767256001
thetao,W30p0,3,5,0.16193761426583037,0.16193761426583037
so,W60p0,2,2,0.16151288677973974,0.16151288677973974
so,W40p0,1,18,-0.1613711860892849,0.1613711860892849
thetao,W30p0,3,11,-0.1613330184150985,0.1613330184150985
so,W40p0,3,3,-0.16131185881155494,0.16131185881155494
thetao,W40p0,8,4,-0.1612111088539038,0.1612111088539038
thetao,W30p0,2,14,0.16093602690278289,0.16093602690278289
thetao,W40p0,10,3,0.16057472256936564,0.16057472256936564
thetao,W60p0,7,7,-0.16055528641222375,0.16055528641222375
so,W40p0,1,19,-0.16008810198783105,0.16008810198783105
so,W60p0,7,19,-0.15998034473962733,0.15998034473962733
so,W40p0,6,16,0.1599163056520788,0.1599163056520788
so,W40p0,2,12,0.15962366703224015,0.15962366703224015
thetao,W40p0,1,13,-0.1595423873746025,0.1595423873746025
thetao,W40p0,2,14,-0.15936922293576802,0.15936922293576802
so,W40p0,9,2,-0.15910222351320882,0.15910222351320882
so,W40p0,2,11,0.15856068945679996,0.15856068945679996
so,W40p0,10,3,-0.15845844765245612,0.15845844765245612
thetao,W10p0,6,15,-0.15842338714294307,0.15842338714294307
so,W20p0,8,10,-0.15842206409540766,0.15842206409540766
so,W60p0,3,4,-0.15824336160158337,0.15824336160158337
so,W40p0,4,20,-0.15822981965101982,0.15822981965101982
thetao,W40p0,7,8,0.15801289444854724,0.15801289444854724
thetao,W30p0,1,10,-0.15782619892583147,0.15782619892583147
so,W20p0,1,6,-0.15780585305111616,0.15780585305111616
thetao,W60p0,2,15,-0.1578020998733512,0.1578020998733512
so,W10p0,6,18,-0.15751923536476858,0.15751923536476858
thetao,W20p0,10,20,-0.1574611205294525,0.1574611205294525
so,W10p0,2,20,0.15729167965357096,0.15729167965357096
thetao,W60p0,2,13,-0.15710140211840856,0.15710140211840856
so,W40p0,2,20,0.1570004938613702,0.1570004938613702
thetao,W10p0,4,1,0.15671028982682564,0.15671028982682564
so,W60p0,10,15,-0.15656002270970068,0.15656002270970068
so,W30p0,10,20,-0.15645865332140033,0.15645865332140033
so,W40p0,1,11,0.15641613565887816,0.15641613565887816
thetao,W20p0,6,14,-0.15639567537015456,0.15639567537015456
so,W40p0,4,16,-0.15630689556074823,0.15630689556074823
thetao,W60p0,6,4,-0.1561844117964475,0.1561844117964475
so,W40p0,6,6,-0.15585825439826298,0.15585825439826298
thetao,W60p0,10,18,0.1555716459375725,0.1555716459375725
so,W40p0,3,5,-0.1553150135490033,0.1553150135490033
thetao,W20p0,3,11,0.15513793976319723,0.15513793976319723
thetao,W10p0,10,2,0.15513035184077112,0.15513035184077112
thetao,W10p0,6,20,-0.15488768227970692,0.15488768227970692
thetao,W10p0,9,20,0.15463074107578417,0.15463074107578417
thetao,W20p0,1,9,0.15452046303905456,0.15452046303905456
thetao,W20p0,9,17,0.15442717012985846,0.15442717012985846
so,W30p0,1,17,0.15424293907715053,0.15424293907715053
thetao,W10p0,6,13,-0.15417085049598547,0.15417085049598547
so,W10p0,2,14,0.15346743283184533,0.15346743283184533
so,W60p0,10,1,-0.15326300758143094,0.15326300758143094
so,W10p0,3,8,0.152957041084068,0.152957041084068
so,W60p0,7,9,0.15286136628813835,0.15286136628813835
so,W40p0,5,9,-0.15242270397024427,0.15242270397024427
so,W30p0,4,4,-0.15241186794976047,0.15241186794976047
so,W60p0,7,20,-0.15232418606535203,0.15232418606535203
so,W30p0,9,15,0.15223771319519716,0.15223771319519716
thetao,W10p0,9,4,0.15183057612976683,0.15183057612976683
so,W30p0,4,19,-0.1517230330457605,0.1517230330457605
so,W20p0,5,16,-0.15143301006824453,0.15143301006824453
so,W40p0,4,11,0.15069474094981813,0.15069474094981813
so,W40p0,9,12,-0.1506891125864107,0.1506891125864107
thetao,W10p0,1,17,-0.15059759828219568,0.15059759828219568
thetao,W20p0,7,14,-0.15047704095128267,0.15047704095128267
so,W60p0,3,14,0.15044929446590039,0.15044929446590039
so,W60p0,5,1,-0.1502328574514877,0.1502328574514877
so,W30p0,6,16,-0.15015215819132677,0.15015215819132677
so,W10p0,1,0,-0.14997847841492568,0.14997847841492568
so,W30p0,10,5,0.14965602544941048,0.14965602544941048
thetao,W30p0,10,9,0.14928642239601791,0.14928642239601791
so,W40p0,9,8,-0.1492587883355002,0.1492587883355002
thetao,W20p0,3,12,0.14923426268606615,0.14923426268606615
so,W10p0,1,8,-0.1490988508826922,0.1490988508826922
so,W30p0,3,6,0.14885028852601542,0.14885028852601542
so,W60p0,10,4,0.148634137975759,0.148634137975759
thetao,W10p0,8,2,-0.1486321705800602,0.1486321705800602
thetao,W60p0,4,20,-0.14852000980386887,0.14852000980386887
so,W30p0,4,15,-0.1482183447226786,0.1482183447226786
so,W40p0,9,3,-0.14810250805659206,0.14810250805659206
thetao,W10p0,1,4,0.14809797403820182,0.14809797403820182
thetao,W10p0,4,12,0.1479709511797772,0.1479709511797772
so,W30p0,6,4,0.14757742073212934,0.14757742073212934
so,W40p0,4,10,0.14748817933477312,0.14748817933477312
thetao,W60p0,2,0,-0.1473855096417384,0.1473855096417384
thetao,W30p0,10,7,0.14733205702308372,0.14733205702308372
so,W30p0,4,1,-0.14726635033493343,0.14726635033493343
so,W40p0,2,17,0.14721801363080034,0.14721801363080034
so,W40p0,5,3,-0.14720323245542524,0.14720323245542524
thetao,W20p0,2,7,-0.14695350255628314,0.14695350255628314
thetao,W10p0,3,0,0.1467977695245519,0.1467977695245519
so,W30p0,4,11,0.14670054892349696,0.14670054892349696
so,W30p0,2,11,0.14658420819374482,0.14658420819374482
thetao,W20p0,4,3,-0.1464796110534951,0.1464796110534951
thetao,W20p0,4,2,-0.1463058661302413,0.1463058661302413
so,W10p0,5,4,0.1462963622722666,0.1462963622722666
so,W40p0,2,16,0.14605232177425764,0.14605232177425764
so,W20p0,4,4,-0.14564708754471786,0.14564708754471786
so,W40p0,7,10,0.14561983083868446,0.14561983083868446
thetao,W60p0,5,13,0.14555087391035912,0.14555087391035912
so,W60p0,3,10,0.14539963333007364,0.14539963333007364
so,W30p0,8,12,-0.14529129144169162,0.14529129144169162
thetao,W40p0,10,10,-0.14514457356866325,0.14514457356866325
so,W20p0,7,3,0.1450851312634947,0.1450851312634947
thetao,W30p0,4,8,0.1450581366269691,0.1450581366269691
so,W30p0,9,16,0.14503407070552593,0.14503407070552593
so,W40p0,9,14,-0.14448848067599535,0.14448848067599535
thetao,W60p0,3,8,-0.14438198638632682,0.14438198638632682
thetao,W60p0,3,13,-0.14426497174695754,0.14426497174695754
thetao,W30p0,3,12,-0.14422015853766287,0.14422015853766287
so,W20p0,5,3,-0.14418597076291653,0.14418597076291653
so,W30p0,1,6,0.14418221023860506,0.14418221023860506
thetao,W30p0,8,15,-0.1435809369381129,0.1435809369381129
thetao,W30p0,1,12,-0.14346688206739078,0.14346688206739078
thetao,W10p0,8,1,-0.14344313259985164,0.14344313259985164
thetao,W30p0,3,4,0.14331014689067584,0.14331014689067584
thetao,W20p0,4,5,-0.14326876054368984,0.14326876054368984
thetao,W10p0,6,10,-0.14323030684180363,0.14323030684180363
so,W10p0,4,16,0.1428511032902041,0.1428511032902041
so,W20p0,9,9,-0.1426806069870656,0.1426806069870656
thetao,W20p0,3,8,0.14258214665358235,0.14258214665358235
so,W10p0,5,3,0.14254347293144323,0.14254347293144323
thetao,W60p0,1,20,-0.1422571832259995,0.1422571832259995
so,W40p0,2,19,0.1420634930238993,0.1420634930238993
thetao,W20p0,7,17,-0.14205216133236578,0.14205216133236578
thetao,W10p0,7,0,0.14184849747653633,0.14184849747653633
thetao,W10p0,7,2,-0.14181648508790415,0.14181648508790415
so,W30p0,1,13,0.14161090160287482,0.14161090160287482
so,W60p0,7,7,0.14159336300637798,0.14159336300637798
thetao,W10p0,10,16,-0.14147769275583902,0.14147769275583902
so,W40p0,3,20,0.14147210058284487,0.14147210058284487
thetao,W20p0,7,15,-0.14134886258179585,0.14134886258179585
so,W60p0,9,20,0.14133504525331916,0.14133504525331916
so,W40p0,1,20,-0.14117268182489529,0.14117268182489529
so,W30p0,10,18,0.14103359614963262,0.14103359614963262
thetao,W60p0,6,13,-0.140767913709654,0.140767913709654
thetao,W40p0,5,17,-0.14075259013074815,0.14075259013074815
so,W10p0,8,2,-0.1405988637803597,0.1405988637803597
so,W40p0,3,17,-0.1402827091243553,0.1402827091243553
thetao,W10p0,5,1,0.14027925176215608,0.14027925176215608
thetao,W10p0,10,15,-0.14025432464442986,0.14025432464442986
so,W60p0,5,9,0.14023011439982344,0.14023011439982344
so,W40p0,2,18,0.14000005527427048,0.14000005527427048
thetao,W10p0,5,8,-0.13977640415086942,0.13977640415086942
so,W10p0,6,3,-0.1397360108451641,0.1397360108451641
thetao,W10p0,4,11,0.13955779175483732,0.13955779175483732
so,W40p0,10,16,-0.13933053075414534,0.13933053075414534
so,W30p0,7,2,-0.13897410049894465,0.13897410049894465
thetao,W60p0,6,0,-0.13833287047545853,0.13833287047545853
thetao,W60p0,6,10,-0.1381029286978898,0.1381029286978898
so,W20p0,9,20,0.13801148691384554,0.13801148691384554
thetao,W30p0,7,17,0.13798233100214655,0.13798233100214655
so,W40p0,1,17,-0.13783114462064472,0.13783114462064472
thetao,W10p0,10,0,0.13767530944317982,0.13767530944317982
thetao,W10p0,1,10,-0.13764394733618315,0.13764394733618315
so,W60p0,5,19,0.13686788248795317,0.13686788248795317
so,W40p0,6,4,-0.13672190466988085,0.13672190466988085
so,W30p0,3,5,0.13671624006021543,0.13671624006021543
thetao,W10p0,6,14,-0.13656929053176897,0.13656929053176897
thetao,W20p0,5,0,-0.13656375837564388,0.13656375837564388
so,W30p0,10,7,0.1363228329396206,0.1363228329396206
thetao,W30p0,6,11,-0.1362455644687059,0.1362455644687059
so,W40p0,4,8,0.1361030752927168,0.1361030752927168
so,W20p0,7,7,0.1360752792170942,0.1360752792170942
so,W20p0,8,4,0.135986520109999,0.135986520109999
thetao,W60p0,1,1,0.13561375469504558,0.13561375469504558
thetao,W10p0,9,7,0.1354554950165468,0.1354554950165468
so,W40p0,3,9,0.13545506787062658,0.13545506787062658
thetao,W20p0,9,10,0.13541351910112046,0.13541351910112046
thetao,W40p0,2,16,-0.13540828516675282,0.13540828516675282
so,W30p0,10,1,0.13536618251038263,0.13536618251038263
so,W20p0,1,17,-0.1353164061480973,0.1353164061480973
thetao,W30p0,4,9,0.13503341044940162,0.13503341044940162
so,W10p0,8,15,0.13496740166089685,0.13496740166089685
thetao,W60p0,2,5,0.13475293381384876,0.13475293381384876
so,W40p0,9,15,-0.1346621759720269,0.1346621759720269
so,W20p0,5,2,-0.13462876414331457,0.13462876414331457
so,W30p0,6,17,-0.1346245154950389,0.1346245154950389
so,W30p0,6,3,0.1345297038573411,0.1345297038573411
thetao,W40p0,7,9,0.13442759103486718,0.13442759103486718
thetao,W40p0,7,4,0.13408957396550975,0.13408957396550975
thetao,W40p0,9,15,-0.13391387074279376,0.13391387074279376
so,W20p0,10,3,-0.13328879667921106,0.13328879667921106
thetao,W40p0,1,17,0.133159384552596,0.133159384552596
so,W30p0,6,2,0.13310679464053007,0.13310679464053007
so,W20p0,9,16,-0.13306589660885568,0.13306589660885568
so,W60p0,9,13,0.13297213972749627,0.13297213972749627
thetao,W40p0,6,10,0.132930595732894,0.132930595732894
thetao,W40p0,7,10,0.1328645745675733,0.1328645745675733
thetao,W10p0,2,6,0.1328211412012821,0.1328211412012821
so,W40p0,3,8,0.13276945417037248,0.13276945417037248
so,W20p0,4,2,-0.13257155783554878,0.13257155783554878
so,W60p0,2,14,-0.1324085303330543,0.1324085303330543
so,W30p0,5,20,-0.13227408965202125,0.13227408965202125
thetao,W20p0,2,12,-0.1319244817438398,0.1319244817438398
so,W40p0,10,2,-0.13190187759373978,0.13190187759373978
thetao,W20p0,5,12,-0.13179358837951435,0.13179358837951435
so,W60p0,4,18,0.1315803184835315,0.1315803184835315
so,W20p0,4,18,0.13140224828513172,0.13140224828513172
so,W40p0,6,7,-0.13138025255347638,0.13138025255347638
so,W40p0,1,12,0.13089362840374313,0.13089362840374313
so,W20p0,7,8,0.13088507941198985,0.13088507941198985
thetao,W40p0,9,14,-0.13087485140755062,0.13087485140755062
so,W60p0,3,2,0.13079412347291167,0.13079412347291167
so,W30p0,2,2,0.1302133042083879,0.1302133042083879
thetao,W10p0,5,19,0.12965220834593993,0.12965220834593993
thetao,W40p0,8,20,0.12928195084988098,0.12928195084988098
thetao,W10p0,1,11,-0.129201552808566,0.129201552808566
so,W30p0,8,13,-0.12909875207845437,0.12909875207845437
thetao,W60p0,6,9,-0.1290740946870572,0.1290740946870572
thetao,W30p0,10,20,0.12888851776264165,0.12888851776264165
so,W60p0,6,13,-0.12872670425222685,0.12872670425222685
thetao,W40p0,8,15,0.12855054031505941,0.12855054031505941
thetao,W40p0,4,0,-0.12829827816921607,0.12829827816921607
so,W10p0,8,10,-0.1280228220663038,0.1280228220663038
thetao,W30p0,7,8,-0.12795506987239164,0.12795506987239164
so,W30p0,3,10,-0.12777546729431177,0.12777546729431177
thetao,W60p0,8,17,0.1277603284773488,0.1277603284773488
thetao,W60p0,1,12,-0.1277234038278263,0.1277234038278263
thetao,W20p0,8,17,-0.1277075163341289,0.1277075163341289
so,W10p0,8,16,0.12742927226257775,0.12742927226257775
so,W10p0,6,9,-0.1271906203207535,0.1271906203207535
thetao,W10p0,1,16,-0.12715391877598992,0.12715391877598992
thetao,W20p0,7,10,-0.12705809794886333,0.12705809794886333
so,W20p0,1,13,-0.12699442247020773,0.12699442247020773
so,W60p0,1,17,-0.1269097751705584,0.1269097751705584
thetao,W30p0,9,15,0.12679508515409985,0.12679508515409985
thetao,W30p0,6,16,0.12663336806443387,0.12663336806443387
so,W20p0,10,12,-0.1266271865148252,0.1266271865148252
thetao,W30p0,4,0,0.12653356988012593,0.12653356988012593
thetao,W10p0,9,18,-0.12642145558687254,0.12642145558687254
so,W10p0,3,1,-0.12642057779744267,0.12642057779744267
thetao,W30p0,5,12,0.1263408800643485,0.1263408800643485
thetao,W30p0,3,10,-0.12623050418500928,0.12623050418500928
thetao,W30p0,8,9,-0.12616916468240608,0.12616916468240608
thetao,W60p0,9,14,-0.1261583081210546,0.1261583081210546
thetao,W20p0,2,1,0.12606726853047134,0.12606726853047134
thetao,W40p0,7,16,0.12582982873566853,0.12582982873566853
thetao,W30p0,1,1,-0.12577297668098647,0.12577297668098647
thetao,W10p0,9,16,-0.12567900203552673,0.12567900203552673
so,W30p0,10,16,0.12553965147359605,0.12553965147359605
so,W40p0,1,5,0.12541717426290902,0.12541717426290902
thetao,W60p0,6,20,-0.1252106666379623,0.1252106666379623
so,W20p0,5,15,-0.12513173309368786,0.12513173309368786
thetao,W10p0,3,13,0.1250469548007245,0.1250469548007245
thetao,W20p0,2,3,-0.124909012013467,0.124909012013467
thetao,W20p0,8,13,0.12489324861883214,0.12489324861883214
so,W10p0,10,13,0.12473441780083173,0.12473441780083173
thetao,W40p0,4,7,-0.12473210457959247,0.12473210457959247
so,W20p0,6,17,-0.12463532639793462,0.12463532639793462
so,W60p0,3,11,0.1245798376167896,0.1245798376167896
thetao,W20p0,10,1,0.12446122221754148,0.12446122221754148
so,W20p0,4,6,-0.12431000524046827,0.12431000524046827
so,W10p0,5,15,-0.12412066760234562,0.12412066760234562
thetao,W20p0,5,19,0.12344672285309172,0.12344672285309172
thetao,W10p0,5,6,-0.12335589898971122,0.12335589898971122
thetao,W10p0,2,7,0.12327592216754021,0.12327592216754021
so,W60p0,5,5,0.12307482839725764,0.12307482839725764
so,W30p0,8,14,-0.12272819798526417,0.12272819798526417
thetao,W20p0,5,1,-0.12266423437237502,0.12266423437237502
thetao,W20p0,5,14,-0.12233906223748456,0.12233906223748456
so,W40p0,10,15,-0.1222011224815865,0.1222011224815865
so,W40p0,3,18,-0.12206165840709399,0.12206165840709399
so,W20p0,8,16,-0.1218385763694178,0.1218385763694178
thetao,W40p0,7,14,0.12152474114046073,0.12152474114046073
so,W10p0,9,16,-0.1215147161812555,0.1215147161812555
so,W10p0,9,18,0.12136914884927345,0.12136914884927345
so,W30p0,8,9,0.12120639797365897,0.12120639797365897
so,W20p0,7,20,0.12082616403227925,0.12082616403227925
so,W30p0,5,14,-0.12068643283273216,0.12068643283273216
thetao,W30p0,2,15,0.12064113526343691,0.12064113526343691
thetao,W40p0,10,11,-0.12046622006198326,0.12046622006198326
so,W10p0,4,0,-0.12043623549212139,0.12043623549212139
thetao,W30p0,4,7,0.1204190194153758,0.1204190194153758
thetao,W30p0,6,3,0.12038757795915178,0.12038757795915178
thetao,W30p0,5,0,0.12034963338235168,0.12034963338235168
so,W10p0,8,12,-0.1202834505977376,0.1202834505977376
thetao,W30p0,9,7,-0.12025832794053473,0.12025832794053473
so,W30p0,10,17,0.11983516302929911,0.11983516302929911
so,W40p0,6,15,0.11976261667329928,0.11976261667329928
thetao,W20p0,9,18,0.11967432431557899,0.11967432431557899
so,W60p0,6,3,-0.11923876183661543,0.11923876183661543
so,W20p0,10,4,-0.11920158167710306,0.11920158167710306
so,W30p0,9,9,-0.11909009492928149,0.11909009492928149
thetao,W10p0,4,13,0.11904317398202337,0.11904317398202337
so,W10p0,6,5,-0.1189628710032856,0.1189628710032856
thetao,W20p0,7,16,-0.11859648398115966,0.11859648398115966
so,W20p0,8,17,-0.11844552794236514,0.11844552794236514
so,W30p0,10,0,0.1183934262879483,0.1183934262879483
thetao,W30p0,9,4,-0.11833265098694652,0.11833265098694652
so,W60p0,4,5,0.11807186759762707,0.11807186759762707
thetao,W30p0,6,8,-0.11806951410864466,0.11806951410864466
thetao,W60p0,1,9,0.11783219689042543,0.11783219689042543
thetao,W20p0,4,10,-0.11764672117013257,0.11764672117013257
so,W40p0,10,14,-0.11741015322030356,0.11741015322030356
thetao,W60p0,4,10,0.1172695155935528,0.1172695155935528
so,W40p0,9,9,-0.11712899667894665,0.11712899667894665
so,W10p0,3,19,-0.1171198888603953,0.1171198888603953
so,W60p0,2,12,-0.1170131814555082,0.1170131814555082
so,W60p0,1,11,-0.11679341235687533,0.11679341235687533
thetao,W30p0,8,17,-0.11676346137117204,0.11676346137117204
so,W40p0,8,14,0.11664395116574101,0.11664395116574101
so,W40p0,3,4,-0.11636354193128234,0.11636354193128234
thetao,W30p0,6,17,0.11631354042189564,0.11631354042189564
so,W40p0,7,12,0.11586435331955208,0.11586435331955208
so,W60p0,4,17,0.11576568632824423,0.11576568632824423
so,W20p0,6,15,-0.11557086682261111,0.11557086682261111
so,W40p0,2,6,-0.11553863328717566,0.11553863328717566
so,W60p0,3,13,0.11550251867397257,0.11550251867397257
thetao,W40p0,9,2,0.11544628194171724,0.11544628194171724
so,W40p0,3,0,0.1153740115586931,0.1153740115586931
thetao,W20p0,10,10,0.11534001303701041,0.11534001303701041
so,W10p0,5,20,0.11532793906340325,0.11532793906340325
so,W20p0,7,14,-0.1153198570296126,0.1153198570296126
thetao,W60p0,5,17,0.11527780014887098,0.11527780014887098
so,W60p0,4,6,0.11521698326387642,0.11521698326387642
thetao,W20p0,2,11,-0.11515455119861796,0.11515455119861796
so,W20p0,6,8,-0.11513982622893042,0.11513982622893042
thetao,W30p0,10,12,0.11510360438087815,0.11510360438087815
thetao,W40p0,1,18,0.11505003287699507,0.11505003287699507
thetao,W20p0,7,7,0.11446044958822181,0.11446044958822181
so,W40p0,1,10,0.11438610868442287,0.11438610868442287
thetao,W40p0,2,4,0.11407442102044596,0.11407442102044596
thetao,W40p0,1,0,-0.11385856973700827,0.11385856973700827
so,W10p0,6,16,-0.11378122787176997,0.11378122787176997
thetao,W40p0,6,20,-0.11374717521772386,0.11374717521772386
so,W40p0,9,7,-0.11368819861496626,0.11368819861496626
thetao,W10p0,3,12,0.1136724129893119,0.1136724129893119
so,W40p0,4,15,-0.11345631038852691,0.11345631038852691
thetao,W60p0,2,17,-0.11321185800309133,0.11321185800309133
so,W60p0,3,12,0.11320466378830442,0.11320466378830442
so,W10p0,4,7,0.11318825691297697,0.11318825691297697
thetao,W20p0,8,18,-0.11293938360896018,0.11293938360896018
so,W10p0,5,2,0.11291502156234941,0.11291502156234941
thetao,W30p0,5,3,0.1129131293502344,0.1129131293502344
thetao,W20p0,8,15,0.11289459947540989,0.11289459947540989
thetao,W40p0,5,15,-0.11274881419391274,0.11274881419391274
thetao,W60p0,6,16,-0.11272209670403681,0.11272209670403681
thetao,W60p0,4,19,-0.11272046616105745,0.11272046616105745
thetao,W60p0,7,1,0.11264143873189163,0.11264143873189163
thetao,W10p0,3,20,-0.11257557568298855,0.11257557568298855
thetao,W60p0,6,7,-0.11253413174985502,0.11253413174985502
so,W20p0,5,18,-0.11249505736985803,0.11249505736985803
so,W30p0,4,13,0.11241949324593344,0.11241949324593344
so,W60p0,10,16,-0.11220634930697447,0.11220634930697447
thetao,W60p0,2,19,0.11217792982797832,0.11217792982797832
thetao,W20p0,8,7,0.11211391180185201,0.11211391180185201
so,W30p0,1,0,-0.11200829829683459,0.11200829829683459
thetao,W30p0,10,1,-0.11163943629662382,0.11163943629662382
thetao,W30p0,4,12,0.11146016515760651,0.11146016515760651
so,W20p0,10,19,0.11142192767793295,0.11142192767793295
so,W30p0,8,5,0.11130122787441929,0.11130122787441929
thetao,W60p0,3,10,-0.1112775027874138,0.1112775027874138
so,W40p0,6,14,0.11121737496677636,0.11121737496677636
thetao,W40p0,7,0,0.11109599941120635,0.11109599941120635
so,W40p0,7,6,0.11095178794884616,0.11095178794884616
thetao,W60p0,6,17,-0.11082382464394674,0.11082382464394674
thetao,W40p0,8,6,-0.1098982988001821,0.1098982988001821
so,W60p0,10,10,-0.10989149747052222,0.10989149747052222
thetao,W60p0,3,5,-0.10974896842705383,0.10974896842705383
so,W60p0,9,15,0.10948302372834964,0.10948302372834964
so,W20p0,1,20,-0.10937394623073148,0.10937394623073148
so,W30p0,8,6,0.10923707625520326,0.10923707625520326
thetao,W10p0,7,3,-0.10909313311707135,0.10909313311707135
thetao,W20p0,9,4,-0.10901327493693862,0.10901327493693862
thetao,W30p0,4,2,0.10901171246692248,0.10901171246692248
thetao,W40p0,9,16,-0.10868369668406729,0.10868369668406729
so,W60p0,8,1,-0.10852639672600578,0.10852639672600578
thetao,W10p0,3,14,0.10844998094290675,0.10844998094290675
thetao,W60p0,2,20,0.10837449820804948,0.10837449820804948
so,W30p0,3,11,-0.10828475235347929,0.10828475235347929
thetao,W40p0,1,16,0.10809617700750794,0.10809617700750794
thetao,W10p0,1,20,-0.1079744461223621,0.1079744461223621
so,W40p0,7,11,0.107778810258714,0.107778810258714
thetao,W60p0,6,12,-0.10775148515924987,0.10775148515924987
thetao,W20p0,9,16,0.10764853400753908,0.10764853400753908
thetao,W20p0,9,13,0.10737221862032693,0.10737221862032693
thetao,W10p0,8,11,-0.10723499803887113,0.10723499803887113
so,W40p0,8,20,-0.1072082919907744,0.1072082919907744
so,W10p0,7,20,0.10702885902836673,0.10702885902836673
so,W30p0,5,13,-0.10690617517311148,0.10690617517311148
thetao,W20p0,4,4,-0.1069011221063019,0.1069011221063019
so,W60p0,3,9,0.10676132023270615,0.10676132023270615
thetao,W20p0,6,13,-0.1067329407705459,0.1067329407705459
thetao,W40p0,5,10,0.10667429591225343,0.10667429591225343
so,W40p0,7,13,0.10652677045185747,0.10652677045185747
thetao,W60p0,10,9,-0.10651932110063811,0.10651932110063811
thetao,W40p0,3,20,0.10630048326582515,0.10630048326582515
thetao,W60p0,1,15,-0.10613848486284826,0.10613848486284826
so,W60p0,6,8,0.10603620169495649,0.10603620169495649
so,W60p0,9,17,0.10573008755316689,0.10573008755316689
thetao,W30p0,7,16,0.10561790065281706,0.10561790065281706
so,W20p0,2,6,-0.10550535444832145,0.10550535444832145
thetao,W20p0,5,4,0.10542021717874209,0.10542021717874209
thetao,W40p0,2,3,-0.10517963196626758,0.10517963196626758
thetao,W10p0,5,2,0.10514280984687184,0.10514280984687184
thetao,W60p0,6,15,-0.10490207547399553,0.10490207547399553
so,W20p0,7,0,-0.10485420509712864,0.10485420509712864
thetao,W20p0,3,13,0.10485036689918378,0.10485036689918378
thetao,W30p0,2,17,0.10474719507960248,0.10474719507960248
thetao,W60p0,8,18,0.10471379541080318,0.10471379541080318
thetao,W60p0,2,12,-0.10450711610908321,0.10450711610908321
thetao,W30p0,2,13,0.10448893479419932,0.10448893479419932
so,W10p0,3,2,-0.10448512149535702,0.10448512149535702
thetao,W60p0,5,12,0.10417324386815396,0.10417324386815396
thetao,W60p0,8,8,0.10412939383602084,0.10412939383602084
thetao,W30p0,3,19,-0.10406330799983163,0.10406330799983163
so,W40p0,2,9,0.10389528820293598,0.10389528820293598
thetao,W30p0,8,14,-0.10336227166819562,0.10336227166819562
so,W40p0,4,4,0.10320363657702333,0.10320363657702333
so,W20p0,8,14,-0.10293525482769632,0.10293525482769632
thetao,W10p0,6,19,-0.10282333919913605,0.10282333919913605
so,W60p0,7,12,-0.10266811841252954,0.10266811841252954
thetao,W10p0,3,5,0.10266721001105465,0.10266721001105465
thetao,W60p0,2,16,-0.10247005798712322,0.10247005798712322
thetao,W60p0,9,12,0.1020722375458573,0.1020722375458573
so,W10p0,5,5,0.10205623319756095,0.10205623319756095
so,W20p0,3,9,0.10205269368305,0.10205269368305
so,W10p0,9,14,-0.10178026440276097,0.10178026440276097
thetao,W10p0,5,13,0.1016116509889582,0.1016116509889582
so,W20p0,9,5,-0.10161043794069459,0.10161043794069459
so,W40p0,1,16,-0.10160869901256407,0.10160869901256407
thetao,W10p0,1,9,-0.10140798230992802,0.10140798230992802
so,W20p0,1,16,-0.10138088611351653,0.10138088611351653
so,W40p0,1,13,0.10129161497710104,0.10129161497710104
so,W30p0,8,4,0.10127569682730217,0.10127569682730217
thetao,W60p0,6,3,-0.10122595059130203,0.10122595059130203
thetao,W40p0,8,0,-0.10121637853724773,0.10121637853724773
thetao,W30p0,2,7,-0.10097462716776666,0.10097462716776666
thetao,W10p0,6,6,-0.10096696533601629,0.10096696533601629
so,W60p0,9,18,0.10094218363042683,0.10094218363042683
thetao,W20p0,6,18,0.10065047063941415,0.10065047063941415
thetao,W30p0,7,4,-0.1006219903478558,0.1006219903478558
so,W20p0,1,4,-0.10056820538597488,0.10056820538597488
thetao,W40p0,1,5,-0.10043363563230323,0.10043363563230323
thetao,W10p0,5,11,-0.10031529229192448,0.10031529229192448
thetao,W10p0,6,5,-0.10030617437092272,0.10030617437092272
so,W60p0,1,19,-0.09998907061353646,0.09998907061353646
thetao,W30p0,9,3,-0.09996628095672791,0.09996628095672791
so,W10p0,7,8,0.09990205032603731,0.09990205032603731
so,W30p0,2,5,0.09979182560810464,0.09979182560810464
so,W30p0,1,14,0.09978842027439763,0.09978842027439763
thetao,W20p0,9,8,-0.09976664630703168,0.09976664630703168
so,W10p0,5,1,0.09960333993332197,0.09960333993332197
thetao,W40p0,6,11,0.09930999732631433,0.09930999732631433
so,W10p0,7,9,0.09910743895991427,0.09910743895991427
so,W40p0,4,14,-0.09906432823773753,0.09906432823773753
thetao,W60p0,1,6,0.09904629892650844,0.09904629892650844
so,W20p0,9,6,-0.09892554213300701,0.09892554213300701
so,W10p0,2,9,0.09890161507662289,0.09890161507662289
thetao,W40p0,8,2,-0.09887356124651252,0.09887356124651252
so,W30p0,4,10,0.09872895494796652,0.09872895494796652
thetao,W10p0,2,5,0.0985559268392148,0.0985559268392148
thetao,W30p0,10,8,0.09846189459495815,0.09846189459495815
thetao,W40p0,3,17,0.09841142197847708,0.09841142197847708
so,W60p0,3,5,-0.09837948502952364,0.09837948502952364
so,W60p0,3,20,0.09837263894192479,0.09837263894192479
so,W60p0,7,6,0.09836120351732311,0.09836120351732311
so,W60p0,10,5,0.09831667252819302,0.09831667252819302
thetao,W10p0,5,20,0.09829784296310348,0.09829784296310348
so,W40p0,7,7,0.09828634981368707,0.09828634981368707
thetao,W40p0,1,20,0.09818187784292405,0.09818187784292405
so,W60p0,10,6,0.09808030572910482,0.09808030572910482
so,W40p0,5,6,0.097754737022745,0.097754737022745
thetao,W30p0,4,20,-0.09754278547635965,0.09754278547635965
so,W30p0,8,17,-0.0974197278006184,0.0974197278006184
thetao,W60p0,7,16,0.09739620973642818,0.09739620973642818
thetao,W60p0,1,10,0.0973927940740833,0.0973927940740833
so,W20p0,10,9,-0.09738817421866984,0.09738817421866984
so,W40p0,6,17,0.09738428454263005,0.09738428454263005
thetao,W30p0,5,18,0.09725759257633183,0.09725759257633183
so,W60p0,5,10,0.09698707207772031,0.09698707207772031
thetao,W10p0,10,20,-0.0968590701729076,0.0968590701729076
thetao,W10p0,9,5,0.09682262948141497,0.09682262948141497
thetao,W10p0,3,16,-0.0966487187503008,0.0966487187503008
thetao,W40p0,4,6,-0.09652646922751189,0.09652646922751189
thetao,W10p0,5,10,-0.09646733384707626,0.09646733384707626
thetao,W20p0,3,18,0.09592241488743021,0.09592241488743021
thetao,W30p0,5,11,0.0958375533888456,0.0958375533888456
thetao,W10p0,10,14,-0.09583467716099946,0.09583467716099946
so,W10p0,1,16,-0.09580643357446401,0.09580643357446401
thetao,W30p0,6,6,0.09550833016286386,0.09550833016286386
thetao,W10p0,9,11,0.09530728999175818,0.09530728999175818
so,W30p0,8,2,0.0950318389500993,0.0950318389500993
so,W60p0,2,18,0.09495200121779815,0.09495200121779815
thetao,W10p0,2,14,0.09492532003891989,0.09492532003891989
thetao,W10p0,5,15,-0.09492400579762796,0.09492400579762796
so,W40p0,5,17,0.094874512150421,0.094874512150421
so,W20p0,10,5,-0.09481153960849781,0.09481153960849781
thetao,W10p0,8,19,0.09476707863433566,0.09476707863433566
so,W60p0,6,4,-0.09462487816340265,0.09462487816340265
thetao,W30p0,4,16,-0.09455457761668058,0.09455457761668058
so,W60p0,9,8,-0.09442542043696531,0.09442542043696531
thetao,W60p0,2,11,-0.09429306197719882,0.09429306197719882
thetao,W40p0,8,1,-0.09413297888908961,0.09413297888908961
so,W40p0,8,17,0.09413160863982231,0.09413160863982231
so,W40p0,5,5,0.0940509070786774,0.0940509070786774
thetao,W20p0,7,6,0.0940045752832257,0.0940045752832257
so,W20p0,10,20,0.09387678662984378,0.09387678662984378
thetao,W20p0,4,1,-0.09378169754597306,0.09378169754597306
thetao,W60p0,3,19,0.09371442694697914,0.09371442694697914
thetao,W20p0,3,0,0.0937064617829214,0.0937064617829214
so,W40p0,5,18,0.09369338008960558,0.09369338008960558
so,W30p0,8,3,0.09368934676665597,0.09368934676665597
so,W10p0,7,7,0.09364712269815695,0.09364712269815695
so,W40p0,8,19,-0.09362159092118377,0.09362159092118377
thetao,W10p0,6,16,-0.09359314991024405,0.09359314991024405
so,W20p0,4,1,-0.09355105638631796,0.09355105638631796
so,W40p0,3,2,-0.09335326149359045,0.09335326149359045
thetao,W60p0,7,13,-0.09324188109932137,0.09324188109932137
so,W60p0,1,8,0.0931626219228088,0.0931626219228088
so,W60p0,10,19,-0.09303987350233536,0.09303987350233536
thetao,W30p0,6,20,-0.09303731239664807,0.09303731239664807
so,W30p0,7,16,0.09303134371786387,0.09303134371786387
so,W30p0,10,8,0.09279503472171238,0.09279503472171238
thetao,W10p0,7,20,-0.09278959638152645,0.09278959638152645
so,W10p0,8,14,0.09278258011047422,0.09278258011047422
so,W60p0,8,13,-0.09275480781440933,0.09275480781440933
so,W10p0,7,12,0.09267932560225896,0.09267932560225896
so,W20p0,4,12,0.09257527343546977,0.09257527343546977
thetao,W10p0,9,6,0.0925339218255311,0.0925339218255311
thetao,W20p0,10,8,-0.09244694586771747,0.09244694586771747
thetao,W40p0,7,13,0.09235187189525915,0.09235187189525915
thetao,W30p0,4,10,0.09233621871284316,0.09233621871284316
so,W20p0,1,15,-0.09232170969020849,0.09232170969020849
thetao,W40p0,1,19,0.09223207173069164,0.09223207173069164
so,W10p0,6,2,-0.09211366105256717,0.09211366105256717
so,W20p0,6,10,-0.09188911008849032,0.09188911008849032
so,W60p0,1,7,0.09187133947518292,0.09187133947518292
thetao,W20p0,5,5,0.09176089512360476,0.09176089512360476
thetao,W30p0,7,9,-0.09172846970471245,0.09172846970471245
so,W10p0,7,6,0.09167388408849533,0.09167388408849533
thetao,W10p0,8,8,-0.09135233383410843,0.09135233383410843
so,W40p0,8,6,0.09121185875982099,0.09121185875982099
thetao,W60p0,3,7,-0.09113072219095804,0.09113072219095804
so,W10p0,4,13,0.09106099780829174,0.09106099780829174
thetao,W40p0,8,3,-0.09104995492612876,0.09104995492612876
thetao,W20p0,8,19,-0.0909833569092967,0.0909833569092967
so,W30p0,5,15,-0.09096394289541987,0.09096394289541987
thetao,W60p0,6,11,-0.09094627438040039,0.09094627438040039
thetao,W60p0,4,18,-0.09084043513106896,0.09084043513106896
so,W10p0,2,4,-0.09083100777263511,0.09083100777263511
thetao,W30p0,8,18,-0.09077511739250799,0.09077511739250799
so,W40p0,5,11,-0.09014850736230183,0.09014850736230183
so,W20p0,9,3,-0.0901121605094218,0.0901121605094218
thetao,W10p0,8,15,0.08992199735222355,0.08992199735222355
so,W10p0,7,15,0.08986417293872982,0.08986417293872982
thetao,W40p0,9,8,-0.0897264104453658,0.0897264104453658
so,W10p0,10,5,-0.0897143592710075,0.0897143592710075
so,W20p0,10,13,-0.08962040046331379,0.08962040046331379
thetao,W20p0,3,7,0.08954833344733171,0.08954833344733171
so,W30p0,10,10,0.0895153127291352,0.0895153127291352
thetao,W30p0,6,14,0.08948884662758662,0.08948884662758662
so,W10p0,8,20,0.08945801130117864,0.08945801130117864
thetao,W30p0,3,7,0.08940046569619682,0.08940046569619682
thetao,W10p0,8,20,0.0893696010064485,0.0893696010064485
so,W30p0,9,10,-0.08934676333767222,0.08934676333767222
so,W40p0,4,12,0.08902117624251957,0.08902117624251957
so,W30p0,4,20,-0.08901282664319315,0.08901282664319315
so,W10p0,5,19,0.08901183487521833,0.08901183487521833
so,W20p0,5,1,-0.08900554342749473,0.08900554342749473
so,W30p0,2,8,-0.08895432792851163,0.08895432792851163
thetao,W20p0,4,18,0.08891536900587674,0.08891536900587674
so,W60p0,5,18,0.08875705032079559,0.08875705032079559
so,W10p0,9,13,0.08856017999853992,0.08856017999853992
thetao,W40p0,6,19,-0.08834162120455276,0.08834162120455276
so,W10p0,3,11,0.08828819672998711,0.08828819672998711
thetao,W20p0,1,10,0.08789237088305231,0.08789237088305231
thetao,W30p0,1,0,0.08786838996909789,0.08786838996909789
so,W30p0,5,11,-0.0878524721787222,0.0878524721787222
thetao,W60p0,8,13,0.08749835616130944,0.08749835616130944
thetao,W40p0,3,16,0.08734300950567027,0.08734300950567027
thetao,W10p0,10,10,-0.08722976414790838,0.08722976414790838
thetao,W60p0,3,14,-0.08712914300535109,0.08712914300535109
thetao,W30p0,4,18,-0.08700386578782235,0.08700386578782235
thetao,W10p0,2,20,0.0868146259918701,0.0868146259918701
thetao,W20p0,10,18,-0.08678508655486532,0.08678508655486532
so,W10p0,3,0,0.08676915761524719,0.08676915761524719
so,W10p0,3,5,0.08668399759325417,0.08668399759325417
so,W40p0,5,4,0.08655626616175957,0.08655626616175957
thetao,W60p0,8,10,-0.08655521806701252,0.08655521806701252
so,W20p0,8,18,-0.08649700608879271,0.08649700608879271
so,W10p0,3,18,0.08647027546862851,0.08647027546862851
so,W60p0,2,17,0.08632893136051804,0.08632893136051804
so,W30p0,8,11,-0.08624385935937365,0.08624385935937365
so,W10p0,2,10,0.08591271149526046,0.08591271149526046
so,W40p0,5,10,-0.08585952220626517,0.08585952220626517
thetao,W60p0,10,10,-0.08563766877389851,0.08563766877389851
thetao,W40p0,9,7,-0.0854711910592398,0.0854711910592398
thetao,W10p0,5,0,-0.08520881965574861,0.08520881965574861
thetao,W30p0,7,6,0.08506163757080507,0.08506163757080507
so,W10p0,10,1,-0.08496978811884809,0.08496978811884809
so,W30p0,3,18,-0.08485559182137194,0.08485559182137194
so,W10p0,6,1,-0.08484037435453526,0.08484037435453526
so,W40p0,1,1,0.08476069975663703,0.08476069975663703
so,W60p0,3,15,0.08471830391678392,0.08471830391678392
so,W60p0,9,19,0.08471607640406377,0.08471607640406377
thetao,W40p0,9,17,-0.08468828937639195,0.08468828937639195
so,W40p0,10,17,-0.0845696651411002,0.0845696651411002
thetao,W30p0,6,12,-0.0845667949677816,0.0845667949677816
thetao,W20p0,9,5,-0.0843086933178176,0.0843086933178176
so,W10p0,2,13,0.08423733949531167,0.08423733949531167
so,W30p0,5,10,-0.08423275581932238,0.08423275581932238
so,W30p0,10,2,0.08417145894741461,0.08417145894741461
thetao,W20p0,4,12,0.08404159231276367,0.08404159231276367
thetao,W30p0,3,9,-0.08403391837203696,0.08403391837203696
so,W20p0,4,9,-0.08394314864618031,0.08394314864618031
thetao,W30p0,9,14,0.0838150541197968,0.0838150541197968
so,W40p0,3,16,-0.08370336670920195,0.08370336670920195
thetao,W20p0,2,10,-0.0833818929745563,0.0833818929745563
thetao,W60p0,4,5,0.08329617746944293,0.08329617746944293
thetao,W40p0,5,0,-0.08309170091489775,0.08309170091489775
thetao,W10p0,2,19,0.08307278471785907,0.08307278471785907
thetao,W60p0,7,15,-0.08303121364211694,0.08303121364211694
so,W10p0,6,13,-0.08302537675824641,0.08302537675824641
thetao,W40p0,8,14,0.08299191613600115,0.08299191613600115
thetao,W10p0,2,10,0.08282682286441186,0.08282682286441186
thetao,W10p0,8,3,-0.08259598437749296,0.08259598437749296
so,W30p0,2,19,0.0825633909133361,0.0825633909133361
thetao,W60p0,2,8,0.0825226360827755,0.0825226360827755
so,W30p0,7,20,0.08248731360129713,0.08248731360129713
thetao,W60p0,3,9,-0.08246150119961343,0.08246150119961343
thetao,W30p0,1,13,-0.08243093737792812,0.08243093737792812
thetao,W20p0,4,6,-0.08236987447340675,0.08236987447340675
thetao,W60p0,6,18,-0.08223262817537753,0.08223262817537753
thetao,W40p0,8,16,0.08204776746189327,0.08204776746189327
so,W30p0,1,16,0.08186542795467608,0.08186542795467608
thetao,W30p0,3,13,-0.08174665106098783,0.08174665106098783
so,W60p0,4,20,-0.08165023802879481,0.08165023802879481
so,W60p0,5,4,0.08164123183210438,0.08164123183210438
thetao,W20p0,8,16,0.08138005339893138,0.08138005339893138
thetao,W30p0,2,10,-0.08126800763091997,0.08126800763091997
so,W60p0,4,7,0.08122937153909816,0.08122937153909816
thetao,W20p0,10,5,-0.081221324958825,0.081221324958825
thetao,W20p0,8,11,0.08107939688045802,0.08107939688045802
so,W10p0,4,3,-0.08097269577946803,0.08097269577946803
thetao,W20p0,2,13,-0.08081597231669158,0.08081597231669158
so,W60p0,6,18,-0.08081267822185137,0.08081267822185137
so,W10p0,1,15,-0.08081101515140093,0.08081101515140093
thetao,W60p0,6,1,-0.08067498200244323,0.08067498200244323
thetao,W40p0,9,3,0.08023284001278627,0.08023284001278627
thetao,W30p0,3,6,0.08014267531471696,0.08014267531471696
thetao,W40p0,7,17,0.08013136396467861,0.08013136396467861
thetao,W40p0,9,13,-0.08002340614666145,0.08002340614666145
thetao,W30p0,10,11,0.08001577283721652,0.08001577283721652
so,W30p0,7,7,-0.07990192547852856,0.07990192547852856
so,W20p0,7,13,-0.07990137183432743,0.07990137183432743
thetao,W10p0,4,16,0.07989110206555634,0.07989110206555634
thetao,W30p0,6,19,-0.07987052834818924,0.07987052834818924
so,W20p0,3,11,-0.07980191298150814,0.07980191298150814
so,W20p0,10,16,-0.07971248906590538,0.07971248906590538
thetao,W60p0,3,16,0.07967049767170263,0.07967049767170263
so,W30p0,9,5,-0.079654114616248,0.079654114616248
so,W30p0,10,19,-0.07961927410030223,0.07961927410030223
so,W40p0,6,19,-0.07961389508323463,0.07961389508323463
so,W60p0,2,16,0.07950100103066732,0.07950100103066732
so,W20p0,2,3,0.07938584181225466,0.07938584181225466
so,W20p0,5,6,-0.0793379305560597,0.0793379305560597
thetao,W40p0,5,7,0.07928245783090529,0.07928245783090529
so,W20p0,1,2,-0.07925303855411568,0.07925303855411568
so,W20p0,5,11,-0.07913242703251307,0.07913242703251307
so,W10p0,5,0,0.07907220616182482,0.07907220616182482
so,W30p0,2,15,-0.07906789861006455,0.07906789861006455
so,W20p0,3,13,-0.07904460211189893,0.07904460211189893
thetao,W40p0,6,12,0.07898999463878606,0.07898999463878606
thetao,W20p0,5,7,0.0789891310272519,0.0789891310272519
so,W10p0,9,2,-0.07897886761754463,0.07897886761754463
thetao,W10p0,8,12,-0.07890510454610343,0.07890510454610343
so,W30p0,10,15,0.07890017436766608,0.07890017436766608
so,W20p0,10,0,-0.07889264458943905,0.07889264458943905
so,W20p0,6,20,0.07876050935925795,0.07876050935925795
thetao,W20p0,9,20,0.07863804342334531,0.07863804342334531
so,W10p0,1,14,-0.07847402097536119,0.07847402097536119
so,W10p0,1,19,-0.07840004625046701,0.07840004625046701
so,W60p0,7,11,-0.07833314305756187,0.07833314305756187
thetao,W40p0,7,3,0.07830936545088069,0.07830936545088069
thetao,W60p0,10,1,-0.07814216986506818,0.07814216986506818
thetao,W60p0,5,20,0.07811156417135522,0.07811156417135522
thetao,W20p0,3,5,0.07808160347138723,0.07808160347138723
thetao,W10p0,6,4,-0.07804701492406257,0.07804701492406257
so,W60p0,10,11,-0.07796266011041311,0.07796266011041311
thetao,W30p0,8,8,-0.07783593572267872,0.07783593572267872
thetao,W40p0,3,3,-0.07780980101731484,0.07780980101731484
thetao,W10p0,1,12,-0.07773301141111043,0.07773301141111043
so,W60p0,5,14,0.07771026442039972,0.07771026442039972
thetao,W20p0,10,2,0.07748517520519595,0.07748517520519595
so,W10p0,1,9,-0.07740671829866033,0.07740671829866033
so,W40p0,6,2,-0.0772760447829974,0.0772760447829974
so,W30p0,3,9,-0.07717296056917919,0.07717296056917919
so,W30p0,1,5,0.07713260900397649,0.07713260900397649
so,W10p0,3,10,0.07710997648738824,0.07710997648738824
so,W30p0,2,20,0.0770251495192045,0.0770251495192045
thetao,W10p0,10,9,-0.0770055462742228,0.0770055462742228
thetao,W20p0,5,6,0.07697593369332593,0.07697593369332593
thetao,W10p0,1,15,-0.07697537365960891,0.07697537365960891
so,W20p0,4,11,0.07693191691189506,0.07693191691189506
so,W30p0,6,10,-0.07665781841093874,0.07665781841093874
so,W30p0,5,0,0.07656760819840248,0.07656760819840248
so,W60p0,8,8,-0.07646713685994853,0.07646713685994853
so,W30p0,10,9,0.07642724073577857,0.07642724073577857
so,W20p0,5,14,-0.07642137614419167,0.07642137614419167
thetao,W40p0,5,18,-0.07637850336525188,0.07637850336525188
so,W30p0,2,7,-0.07635217911321407,0.07635217911321407
so,W10p0,1,20,-0.07631587906559496,0.07631587906559496
thetao,W40p0,8,7,-0.07625822418279186,0.07625822418279186
so,W10p0,6,20,0.0762345895189155,0.0762345895189155
thetao,W30p0,4,19,-0.07606448706071513,0.07606448706071513
so,W10p0,4,17,0.07602511973762031,0.07602511973762031
so,W20p0,9,11,0.07596604100147378,0.07596604100147378
so,W40p0,9,18,0.07585066839876965,0.07585066839876965
so,W10p0,5,10,-0.07579873991937752,0.07579873991937752
so,W60p0,7,14,0.07574666584823586,0.07574666584823586
thetao,W60p0,6,19,-0.07566985909559015,0.07566985909559015
thetao,W20p0,4,0,0.07560746272787215,0.07560746272787215
so,W30p0,6,6,-0.07556349902389232,0.07556349902389232
so,W20p0,8,11,-0.07552218223109884,0.07552218223109884
so,W30p0,3,16,0.07535968246065289,0.07535968246065289
thetao,W10p0,2,18,0.07514232156068269,0.07514232156068269
so,W60p0,3,3,-0.07506599840813487,0.07506599840813487
so,W60p0,2,9,0.07479504635174572,0.07479504635174572
so,W20p0,8,8,-0.07448492421896574,0.07448492421896574
thetao,W60p0,2,6,0.07447699706097022,0.07447699706097022
thetao,W30p0,3,15,0.07435027292813885,0.07435027292813885
thetao,W30p0,9,20,0.0742677943002943,0.0742677943002943
so,W20p0,8,9,-0.07420402945851234,0.07420402945851234
thetao,W20p0,2,8,-0.07407069028691686,0.07407069028691686
thetao,W60p0,10,14,-0.07399381816598613,0.07399381816598613
thetao,W10p0,7,16,0.07366062762458365,0.07366062762458365
thetao,W60p0,1,18,0.07365286814598226,0.07365286814598226
so,W40p0,5,19,0.07356135802842824,0.07356135802842824
thetao,W10p0,5,12,-0.07353531485899688,0.07353531485899688
so,W60p0,10,3,0.07343566045060335,0.07343566045060335
so,W60p0,2,3,0.07335015194754702,0.07335015194754702
thetao,W30p0,7,0,-0.07332597497353358,0.07332597497353358
so,W20p0,3,15,-0.07316995009427554,0.07316995009427554
thetao,W60p0,2,4,0.07310560282045542,0.07310560282045542
so,W10p0,3,17,0.0730310503609003,0.0730310503609003
so,W30p0,6,18,-0.07292036418121782,0.07292036418121782
so,W10p0,9,0,0.07284454650540992,0.07284454650540992
so,W60p0,7,1,-0.07273124027508204,0.07273124027508204
so,W60p0,8,2,-0.07268987243269892,0.07268987243269892
so,W20p0,8,15,-0.07268647386255395,0.07268647386255395
so,W10p0,2,8,0.0726216507248282,0.0726216507248282
thetao,W10p0,9,14,0.07241906029590685,0.07241906029590685
thetao,W40p0,2,6,0.07237178114809245,0.07237178114809245
thetao,W40p0,6,14,-0.07226069285430788,0.07226069285430788
so,W10p0,1,17,-0.07225576260608599,0.07225576260608599
thetao,W20p0,5,8,0.0721697378086107,0.0721697378086107
thetao,W30p0,4,15,0.07214269674830846,0.07214269674830846
so,W40p0,7,3,0.0721356557443999,0.0721356557443999
thetao,W30p0,10,10,0.07206109352162766,0.07206109352162766
so,W60p0,1,18,-0.07202372198419736,0.07202372198419736
so,W10p0,4,19,0.07187552260033092,0.07187552260033092
so,W60p0,7,17,0.07181913226806522,0.07181913226806522
so,W10p0,9,6,-0.07161223185431541,0.07161223185431541
thetao,W60p0,1,0,0.0714211626457599,0.0714211626457599
thetao,W20p0,6,12,-0.07141479107621984,0.07141479107621984
thetao,W30p0,10,0,-0.07127951886008742,0.07127951886008742
so,W10p0,5,6,0.07126141793550729,0.07126141793550729
thetao,W40p0,5,8,0.07116944572449273,0.07116944572449273
thetao,W20p0,10,12,0.07112619117699202,0.07112619117699202
so,W40p0,3,6,-0.07086698558338222,0.07086698558338222
thetao,W30p0,8,0,0.07073865793241561,0.07073865793241561
thetao,W20p0,9,6,-0.07071380056564365,0.07071380056564365
so,W10p0,5,13,-0.0706250112848393,0.0706250112848393
thetao,W40p0,3,5,0.07062097725362955,0.07062097725362955
thetao,W30p0,6,15,0.07022562202084451,0.07022562202084451
so,W60p0,2,10,0.07021556607690727,0.07021556607690727
thetao,W60p0,8,12,0.07003436036527214,0.07003436036527214
so,W20p0,2,7,-0.0699985476865307,0.0699985476865307
so,W20p0,8,12,-0.06983622439867673,0.06983622439867673
so,W60p0,7,15,0.06979587297704601,0.06979587297704601
so,W40p0,9,10,-0.06977302820691202,0.06977302820691202
thetao,W10p0,6,2,0.06975854356930865,0.06975854356930865
so,W20p0,9,7,-0.06964699570278847,0.06964699570278847
so,W60p0,9,6,0.06958498738290504,0.06958498738290504
so,W30p0,7,10,-0.06956165779717839,0.06956165779717839
so,W60p0,6,12,-0.0694402880922797,0.0694402880922797
so,W10p0,4,20,0.06929412870747956,0.06929412870747956
thetao,W10p0,6,11,-0.06927669373137195,0.06927669373137195
thetao,W60p0,9,11,0.0692470455319685,0.0692470455319685
so,W60p0,6,2,0.06922726227348905,0.06922726227348905
so,W40p0,7,9,0.06920962022871391,0.06920962022871391
so,W30p0,3,7,0.06918198200849562,0.06918198200849562
so,W60p0,10,9,-0.06915059942784921,0.06915059942784921
so,W10p0,4,4,-0.06894570055143273,0.06894570055143273
so,W30p0,1,2,-0.06889806064305644,0.06889806064305644
thetao,W20p0,3,17,0.06856263524902378,0.06856263524902378
so,W30p0,5,19,-0.06852133901440054,0.06852133901440054
so,W10p0,3,15,0.06848645467445093,0.06848645467445093
thetao,W10p0,4,17,0.06846129345711313,0.06846129345711313
thetao,W20p0,9,3,-0.06845593672046925,0.06845593672046925
so,W60p0,9,2,0.06825944868718638,0.06825944868718638
thetao,W10p0,3,19,-0.06812432017440018,0.06812432017440018
so,W20p0,4,13,-0.06810659082073926,0.06810659082073926
so,W40p0,1,4,0.06810239080860878,0.06810239080860878
thetao,W40p0,1,15,0.0680281924966387,0.0680281924966387
thetao,W20p0,2,16,-0.0679792064762038,0.0679792064762038
thetao,W20p0,2,19,-0.0676306724821427,0.0676306724821427
so,W40p0,3,13,-0.06751442515946288,0.06751442515946288
thetao,W20p0,6,9,-0.06750509176682125,0.06750509176682125
so,W10p0,8,3,-0.06728800479113503,0.06728800479113503
so,W20p0,2,11,0.0671635482492202,0.0671635482492202
so,W60p0,7,4,-0.06715442934607119,0.06715442934607119
so,W30p0,5,12,-0.06702088950270749,0.06702088950270749
thetao,W10p0,2,17,-0.0669607493553717,0.0669607493553717
so,W30p0,6,14,0.0668030302909436,0.0668030302909436
thetao,W10p0,4,14,0.06670812190515285,0.06670812190515285
thetao,W10p0,10,7,0.06656445248982165,0.06656445248982165
so,W10p0,10,4,-0.06646540983176003,0.06646540983176003
so,W30p0,9,7,-0.06640878718435722,0.06640878718435722
thetao,W60p0,1,2,0.06637262486503825,0.06637262486503825
so,W10p0,4,2,-0.06635892399992646,0.06635892399992646
so,W20p0,2,12,0.0663570067554185,0.0663570067554185
so,W20p0,3,12,-0.06626371435918023,0.06626371435918023
so,W60p0,5,3,0.06624871974020008,0.06624871974020008
thetao,W30p0,5,4,0.06615094344727336,0.06615094344727336
so,W10p0,4,15,0.06609999808845554,0.06609999808845554
thetao,W30p0,10,6,0.0660603747584861,0.0660603747584861
so,W60p0,5,2,-0.06595075916946051,0.06595075916946051
thetao,W60p0,2,3,-0.06587184929399185,0.06587184929399185
so,W40p0,9,11,-0.06575156310174464,0.06575156310174464
so,W20p0,6,7,-0.06572659722704402,0.06572659722704402
thetao,W40p0,7,15,0.06524782481205726,0.06524782481205726
thetao,W60p0,10,8,-0.06517178487782282,0.06517178487782282
thetao,W60p0,4,11,0.06477666601529508,0.06477666601529508
so,W40p0,8,10,0.06417791841926607,0.06417791841926607
so,W10p0,7,10,0.06413865956651145,0.06413865956651145
so,W10p0,6,8,-0.06404288831390584,0.06404288831390584
so,W40p0,9,19,0.06399746818313964,0.06399746818313964
thetao,W40p0,3,11,0.06396229394037664,0.06396229394037664
thetao,W40p0,9,10,0.06377313324714808,0.06377313324714808
thetao,W30p0,7,1,-0.06375539868495292,0.06375539868495292
so,W40p0,3,7,0.06371842726862127,0.06371842726862127
so,W40p0,8,9,0.06350981781404243,0.06350981781404243
thetao,W20p0,3,6,0.06346046396158045,0.06346046396158045
so,W60p0,10,14,-0.06335442968731197,0.06335442968731197
thetao,W20p0,8,1,-0.06306266669274672,0.06306266669274672
thetao,W10p0,9,15,-0.06298739243437244,0.06298739243437244
thetao,W60p0,5,11,0.06291633329369627,0.06291633329369627
so,W40p0,4,5,0.06284572150959285,0.06284572150959285
so,W30p0,3,19,-0.0628350771106743,0.0628350771106743
so,W30p0,3,20,-0.06283323295912796,0.06283323295912796
thetao,W20p0,10,17,-0.06263082351476183,0.06263082351476183
thetao,W40p0,10,7,-0.06257963009097003,0.06257963009097003
thetao,W60p0,3,6,-0.06256712687302216,0.06256712687302216
thetao,W10p0,2,0,-0.06254534266272214,0.06254534266272214
so,W10p0,7,3,-0.062497454889425985,0.062497454889425985
thetao,W30p0,10,15,-0.06234474752414562,0.06234474752414562
so,W60p0,5,7,0.062326196851398216,0.062326196851398216
thetao,W40p0,10,19,-0.06211229797726899,0.06211229797726899
thetao,W20p0,2,18,-0.061996105046217505,0.061996105046217505
thetao,W20p0,3,16,0.0619574503131524,0.0619574503131524
thetao,W60p0,8,15,0.061924251382785116,0.061924251382785116
thetao,W20p0,8,12,0.06189777957438942,0.06189777957438942
thetao,W60p0,6,8,-0.06179943492938432,0.06179943492938432
so,W60p0,7,2,-0.061731196297777666,0.061731196297777666
thetao,W60p0,7,6,-0.061666732214900016,0.061666732214900016
thetao,W40p0,4,19,0.061511099582815816,0.061511099582815816
thetao,W60p0,7,4,-0.06149944158479105,0.06149944158479105
so,W60p0,10,2,-0.061422547354912906,0.061422547354912906
so,W30p0,9,1,0.06140146315565521,0.06140146315565521
so,W60p0,2,6,0.061400493577098,0.061400493577098
thetao,W40p0,5,19,0.06135951209550745,0.06135951209550745
thetao,W10p0,4,20,0.06127714645755185,0.06127714645755185
thetao,W60p0,8,19,0.061254183045640544,0.061254183045640544
so,W40p0,8,8,0.061054226643587235,0.061054226643587235
thetao,W30p0,9,12,-0.06097645590765456,0.06097645590765456
so,W60p0,9,9,-0.06095507340345504,0.06095507340345504
so,W10p0,9,15,-0.06089975027311769,0.06089975027311769
so,W30p0,4,5,-0.06080287697807633,0.06080287697807633
so,W30p0,10,13,0.060792226630960934,0.060792226630960934
so,W30p0,9,0,0.06075347226938468,0.06075347226938468
so,W20p0,1,14,-0.06066726815569588,0.06066726815569588
thetao,W20p0,7,0,-0.06065864792688713,0.06065864792688713
thetao,W60p0,5,7,-0.060596681454738704,0.060596681454738704
so,W20p0,3,14,-0.06047971944039891,0.06047971944039891
thetao,W40p0,6,18,-0.06041418930649162,0.06041418930649162
thetao,W20p0,2,9,-0.06024700154384978,0.06024700154384978
so,W10p0,3,12,0.060225636959561124,0.060225636959561124
thetao,W40p0,3,0,0.06016404118143472,0.06016404118143472
thetao,W20p0,10,11,0.06011095661180665,0.06011095661180665
thetao,W10p0,6,18,0.06000641144039028,0.06000641144039028
thetao,W30p0,5,6,0.05996154539490803,0.05996154539490803
so,W30p0,5,8,0.05987159166851325,0.05987159166851325
thetao,W10p0,10,17,-0.05979833253996633,0.05979833253996633
so,W20p0,8,13,-0.05972702455962638,0.05972702455962638
so,W20p0,1,1,-0.05955459027271649,0.05955459027271649
so,W20p0,6,14,-0.059530754262213215,0.059530754262213215
so,W30p0,1,15,0.059249121388141694,0.059249121388141694
so,W10p0,9,20,0.059215391596141316,0.059215391596141316
thetao,W30p0,5,5,0.05915436584783247,0.05915436584783247
thetao,W10p0,4,15,0.05889494910011717,0.05889494910011717
thetao,W60p0,9,5,-0.058835676917816875,0.058835676917816875
thetao,W10p0,3,7,0.0587615690725315,0.0587615690725315
so,W30p0,9,4,-0.05850355228468908,0.05850355228468908
thetao,W40p0,4,20,0.058490467269973194,0.058490467269973194
thetao,W10p0,7,14,-0.058428444549711946,0.058428444549711946
so,W30p0,7,6,-0.05799854304199122,0.05799854304199122
thetao,W60p0,10,7,-0.0578859227923193,0.0578859227923193
so,W20p0,5,4,-0.057793235850072525,0.057793235850072525
thetao,W30p0,2,16,0.05776098681592003,0.05776098681592003
so,W10p0,2,7,0.05767058656017277,0.05767058656017277
thetao,W60p0,9,3,0.057662106326187006,0.057662106326187006
thetao,W40p0,9,9,-0.057604779212487404,0.057604779212487404
so,W30p0,7,14,0.057507290391051256,0.057507290391051256
so,W30p0,9,20,-0.0572196660383792,0.0572196660383792
so,W10p0,1,18,-0.05710770975523266,0.05710770975523266
thetao,W40p0,4,17,0.057063825445200354,0.057063825445200354
thetao,W10p0,2,15,-0.05689423571327854,0.05689423571327854
so,W20p0,8,19,-0.05683485221964491,0.05683485221964491
so,W40p0,5,12,-0.05671881878395392,0.05671881878395392
thetao,W20p0,10,14,0.0567065009331266,0.0567065009331266
thetao,W20p0,3,19,0.05669708816411902,0.05669708816411902
thetao,W20p0,10,9,0.056634504731747956,0.056634504731747956
so,W20p0,9,17,-0.05646822645645456,0.05646822645645456
so,W60p0,8,10,-0.056412780691100936,0.056412780691100936
thetao,W30p0,4,17,-0.05635371187941138,0.05635371187941138
so,W60p0,7,3,-0.056250401568051424,0.056250401568051424
so,W10p0,8,7,0.05621976416187077,0.05621976416187077
so,W10p0,8,17,0.05621226831546112,0.05621226831546112
thetao,W20p0,6,1,0.0561084668422712,0.0561084668422712
thetao,W30p0,10,13,0.05604261561895443,0.05604261561895443
so,W30p0,4,8,0.055975028724413615,0.055975028724413615
thetao,W20p0,8,2,-0.055716193289312065,0.055716193289312065
thetao,W10p0,8,0,-0.05542755050991744,0.05542755050991744
thetao,W60p0,5,10,0.05531257075683319,0.05531257075683319
thetao,W20p0,8,5,-0.055246448961657785,0.055246448961657785
thetao,W20p0,7,20,0.055237592349906516,0.055237592349906516
thetao,W40p0,7,1,0.055028942118451156,0.055028942118451156
so,W10p0,5,16,-0.05497748960989379,0.05497748960989379
thetao,W20p0,10,15,0.05457570455240184,0.05457570455240184
so,W30p0,8,19,-0.05427876282773645,0.05427876282773645
thetao,W10p0,5,4,-0.05423377462675183,0.05423377462675183
thetao,W20p0,5,9,0.05417120874015633,0.05417120874015633
thetao,W20p0,2,17,-0.05414692670160777,0.05414692670160777
so,W10p0,4,14,0.05413826912586226,0.05413826912586226
so,W10p0,9,1,0.0537288980490735,0.0537288980490735
so,W40p0,9,16,-0.05372688539818497,0.05372688539818497
so,W40p0,6,8,-0.05368202597213533,0.05368202597213533
so,W40p0,7,16,0.053593100447553596,0.053593100447553596
thetao,W10p0,8,14,0.05356742445369115,0.05356742445369115
so,W10p0,6,19,-0.05351590891809989,0.05351590891809989
thetao,W60p0,8,16,0.0534886337616667,0.0534886337616667
thetao,W60p0,8,4,0.05346458664262245,0.05346458664262245
thetao,W10p0,7,8,-0.053455040545897295,0.053455040545897295
thetao,W40p0,1,2,0.05342757695908837,0.05342757695908837
thetao,W30p0,2,5,0.053406318284120444,0.053406318284120444
thetao,W60p0,1,5,0.053351321362249474,0.053351321362249474
so,W60p0,10,12,-0.05335116731698959,0.05335116731698959
so,W60p0,9,12,0.05328761696720033,0.05328761696720033
so,W40p0,5,16,0.05325153761342738,0.05325153761342738
so,W20p0,10,18,0.05301693105256254,0.05301693105256254
so,W40p0,10,12,0.05293949129345717,0.05293949129345717
so,W10p0,10,15,-0.05289278562797182,0.05289278562797182
so,W60p0,7,13,-0.052846272101594635,0.052846272101594635
so,W30p0,7,15,0.05281293188860288,0.05281293188860288
thetao,W20p0,7,18,-0.05268122749150551,0.05268122749150551
so,W20p0,10,6,-0.05263617629112482,0.05263617629112482
thetao,W60p0,6,2,-0.05262374381648989,0.05262374381648989
thetao,W40p0,10,4,0.05248325842047899,0.05248325842047899
so,W60p0,2,5,0.05247333372022895,0.05247333372022895
thetao,W10p0,1,13,-0.05244402595455622,0.05244402595455622
thetao,W60p0,5,19,0.0524349945140585,0.0524349945140585
so,W20p0,9,19,0.052350752004239116,0.052350752004239116
so,W40p0,2,0,0.052177273060820574,0.052177273060820574
so,W10p0,9,11,0.05204801347616975,0.05204801347616975
so,W30p0,7,11,-0.051957789990519046,0.051957789990519046
thetao,W40p0,4,2,0.05187193583962972,0.05187193583962972
thetao,W40p0,4,1,0.05184647587942058,0.05184647587942058
so,W20p0,4,8,0.05184087294824282,0.05184087294824282
so,W10p0,3,14,0.05183187171610774,0.05183187171610774
thetao,W60p0,2,10,-0.05182985691730217,0.05182985691730217
so,W60p0,4,13,-0.05176822632758522,0.05176822632758522
so,W20p0,1,3,-0.05173358260352533,0.05173358260352533
so,W60p0,4,15,-0.051560499523065274,0.051560499523065274
so,W30p0,9,17,0.05147895807382326,0.05147895807382326
so,W40p0,1,15,-0.05129440159625806,0.05129440159625806
thetao,W20p0,5,20,-0.051189176564151534,0.051189176564151534
thetao,W60p0,8,5,0.05110297814187106,0.05110297814187106
so,W40p0,9,4,-0.05109591163817561,0.05109591163817561
thetao,W60p0,10,13,-0.050579708054996834,0.050579708054996834
thetao,W10p0,7,9,-0.05046836454013327,0.05046836454013327
thetao,W60p0,4,1,-0.05044116505270286,0.05044116505270286
thetao,W20p0,5,11,-0.050430266856912785,0.050430266856912785
so,W30p0,1,3,-0.050244725785776496,0.050244725785776496
so,W60p0,6,9,0.050119216680791175,0.050119216680791175
so,W40p0,1,14,0.05009645347569511,0.05009645347569511
thetao,W60p0,9,7,-0.05007731876089074,0.05007731876089074
thetao,W60p0,5,8,-0.05006207621858617,0.05006207621858617
thetao,W20p0,5,15,0.05004308335635278,0.05004308335635278
thetao,W30p0,5,9,0.0498915792506906,0.0498915792506906
so,W40p0,8,3,0.04984690507741919,0.04984690507741919
so,W60p0,5,12,-0.0498185764321296,0.0498185764321296
so,W10p0,5,17,-0.049615701732779814,0.049615701732779814
thetao,W10p0,2,9,0.04953468606459327,0.04953468606459327
thetao,W30p0,1,18,-0.04950809096860427,0.04950809096860427
thetao,W60p0,7,12,-0.04947810822497826,0.04947810822497826
so,W30p0,5,16,-0.04947625962116958,0.04947625962116958
so,W60p0,6,5,-0.04937593777033604,0.04937593777033604
so,W40p0,9,5,-0.049369423165688486,0.049369423165688486
thetao,W30p0,4,11,0.049322317411446374,0.049322317411446374
so,W10p0,7,5,0.04927345061136303,0.04927345061136303
thetao,W40p0,4,3,0.049011671185772564,0.049011671185772564
so,W20p0,5,20,0.048973731883979,0.048973731883979
so,W30p0,2,9,-0.048898592654611175,0.048898592654611175
so,W40p0,10,11,0.04879589452843205,0.04879589452843205
thetao,W30p0,3,16,0.048792088902267036,0.048792088902267036
so,W40p0,9,1,-0.04873209509153841,0.04873209509153841
so,W60p0,4,11,0.048731954894650195,0.048731954894650195
thetao,W60p0,8,7,0.04870659446685399,0.04870659446685399
thetao,W40p0,7,12,0.048697981453579835,0.048697981453579835
so,W30p0,4,9,0.04869135204872505,0.04869135204872505
thetao,W60p0,4,14,-0.048572292958913195,0.048572292958913195
so,W30p0,9,11,-0.04854793730929658,0.04854793730929658
thetao,W40p0,5,6,0.04842375056916945,0.04842375056916945
so,W30p0,10,3,0.04826441143283508,0.04826441143283508
thetao,W10p0,9,13,0.04808507739566655,0.04808507739566655
thetao,W60p0,4,13,-0.047973161016105936,0.047973161016105936
so,W60p0,4,12,0.04796114824869924,0.04796114824869924
so,W60p0,4,14,-0.04780820763726717,0.04780820763726717
thetao,W60p0,9,8,0.04741687864899176,0.04741687864899176
thetao,W40p0,3,12,0.04740559052530621,0.04740559052530621
thetao,W30p0,5,10,0.04725046560986885,0.04725046560986885
thetao,W10p0,4,18,0.04721301620875705,0.04721301620875705
thetao,W40p0,1,14,-0.04718715673313788,0.04718715673313788
thetao,W30p0,8,7,0.047108784378405884,0.047108784378405884
so,W60p0,3,6,-0.04697903842174827,0.04697903842174827
so,W30p0,1,1,-0.0468678668867743,0.0468678668867743
so,W10p0,7,16,0.04681985463607106,0.04681985463607106
thetao,W10p0,2,1,-0.04675244246795563,0.04675244246795563
so,W60p0,9,16,0.046743236581057404,0.046743236581057404
so,W30p0,7,3,-0.046726171072306665,0.046726171072306665
thetao,W30p0,1,17,-0.04672421899429652,0.04672421899429652
so,W60p0,5,13,0.046566999224229924,0.046566999224229924
thetao,W10p0,7,15,0.0461969858364474,0.0461969858364474
so,W10p0,1,13,-0.04618568904566427,0.04618568904566427
thetao,W40p0,5,9,0.04605865789543576,0.04605865789543576
thetao,W20p0,5,2,-0.046027381584553356,0.046027381584553356
thetao,W30p0,1,19,-0.045890981687007504,0.045890981687007504
so,W30p0,7,13,0.045822933274430114,0.045822933274430114
thetao,W30p0,7,3,-0.045707324970617975,0.045707324970617975
thetao,W40p0,9,12,0.04566711204407825,0.04566711204407825
thetao,W20p0,5,10,0.045666245513744735,0.045666245513744735
thetao,W60p0,4,4,0.04563560999457238,0.04563560999457238
so,W60p0,3,19,0.045624246856373334,0.045624246856373334
thetao,W30p0,3,3,0.045610301187956434,0.045610301187956434
so,W30p0,7,18,0.045484167383316176,0.045484167383316176
thetao,W40p0,3,8,-0.045482887116416265,0.045482887116416265
thetao,W20p0,8,6,0.0454700995733194,0.0454700995733194
thetao,W60p0,9,6,0.04541810859389077,0.04541810859389077
thetao,W20p0,1,14,-0.045404104046461044,0.045404104046461044
thetao,W10p0,8,13,-0.045395744889919064,0.045395744889919064
so,W20p0,2,9,0.045357720294117096,0.045357720294117096
thetao,W30p0,3,14,-0.04519873984200818,0.04519873984200818
thetao,W10p0,2,4,-0.04516091284768556,0.04516091284768556
thetao,W10p0,7,5,-0.045069489659673535,0.045069489659673535
so,W40p0,6,18,-0.04500858267703193,0.04500858267703193
thetao,W40p0,3,1,0.0447715026182504,0.0447715026182504
so,W60p0,5,8,0.044533932534172656,0.044533932534172656
thetao,W20p0,10,3,0.04445132415849967,0.04445132415849967
so,W10p0,9,8,0.04439077029135246,0.04439077029135246
so,W60p0,7,5,-0.044302849121373826,0.044302849121373826
thetao,W10p0,10,8,-0.044255455292327876,0.044255455292327876
so,W10p0,4,12,0.04425457713350434,0.04425457713350434
thetao,W40p0,2,7,-0.04418878327590495,0.04418878327590495
so,W40p0,4,1,-0.04408053780154699,0.04408053780154699
thetao,W20p0,10,13,0.04396508554469988,0.04396508554469988
so,W10p0,6,15,-0.04389118960372379,0.04389118960372379
so,W30p0,5,9,-0.04359321977661781,0.04359321977661781
so,W30p0,2,18,0.04343945875678529,0.04343945875678529
thetao,W20p0,1,13,-0.043400293979565845,0.043400293979565845
thetao,W60p0,5,9,0.04296636407042848,0.04296636407042848
thetao,W30p0,9,16,0.04286842175283259,0.04286842175283259
so,W40p0,8,2,-0.04278801775334888,0.04278801775334888
so,W40p0,5,8,-0.04274636021099448,0.04274636021099448
so,W20p0,7,2,0.04273458203773592,0.04273458203773592
thetao,W60p0,5,18,0.042723534022785975,0.042723534022785975
so,W10p0,7,19,0.04238191947860036,0.04238191947860036
thetao,W20p0,6,17,-0.04232388636168267,0.04232388636168267
so,W10p0,1,11,0.04215446893633788,0.04215446893633788
so,W40p0,5,20,0.042047391617978234,0.042047391617978234
thetao,W40p0,4,5,-0.04195678861482007,0.04195678861482007
so,W10p0,6,6,-0.04183938646662167,0.04183938646662167
so,W40p0,7,14,0.041799302647820634,0.041799302647820634
thetao,W30p0,6,2,0.04171298727947581,0.04171298727947581
so,W40p0,10,13,-0.04162902299115573,0.04162902299115573
thetao,W40p0,2,17,-0.041620405267206374,0.041620405267206374
thetao,W20p0,7,3,0.04161031005671251,0.04161031005671251
thetao,W10p0,8,5,-0.04159733513653262,0.04159733513653262
so,W60p0,7,18,-0.0413320464453037,0.0413320464453037
so,W20p0,7,12,0.04124804410859213,0.04124804410859213
so,W30p0,8,20,0.041194557947151204,0.041194557947151204
so,W20p0,5,12,0.041152419146882044,0.041152419146882044
thetao,W60p0,7,10,-0.04107786250164464,0.04107786250164464
thetao,W30p0,10,17,-0.04107127855923731,0.04107127855923731
so,W60p0,1,9,0.04087502689862094,0.04087502689862094
thetao,W20p0,6,7,0.0405402405610818,0.0405402405610818
thetao,W30p0,9,11,-0.040500299760177626,0.040500299760177626
so,W30p0,2,10,0.040430119066753784,0.040430119066753784
thetao,W30p0,4,5,-0.04037698350304796,0.04037698350304796
so,W10p0,10,20,-0.04023062270576253,0.04023062270576253
thetao,W60p0,4,17,-0.039830601834946314,0.039830601834946314
so,W40p0,4,13,-0.039742887242053576,0.039742887242053576
thetao,W10p0,10,13,-0.03972319995295691,0.03972319995295691
thetao,W40p0,9,6,-0.03967524440289252,0.03967524440289252
so,W60p0,3,16,0.03963433369463018,0.03963433369463018
so,W20p0,9,18,-0.039524811579298456,0.039524811579298456
thetao,W40p0,6,13,-0.03948607745730112,0.03948607745730112
thetao,W40p0,10,6,-0.03937458781729009,0.03937458781729009
so,W10p0,3,13,-0.0392315653750037,0.0392315653750037
so,W30p0,4,7,0.03919663041929805,0.03919663041929805
so,W30p0,6,19,-0.039097873153804225,0.039097873153804225
so,W60p0,8,18,-0.038943691347210145,0.038943691347210145
thetao,W10p0,4,19,0.03890440963284769,0.03890440963284769
so,W60p0,6,7,-0.0387478198737376,0.0387478198737376
thetao,W10p0,7,19,-0.038506612861036314,0.038506612861036314
so,W20p0,5,5,0.038405991155289546,0.038405991155289546
so,W20p0,2,19,0.038080227823472514,0.038080227823472514
so,W10p0,3,16,-0.038040085994445985,0.038040085994445985
so,W40p0,8,18,-0.038025382530581645,0.038025382530581645
so,W60p0,9,3,0.03798559115475562,0.03798559115475562
thetao,W40p0,1,3,0.037948453888113715,0.037948453888113715
so,W30p0,10,12,0.0379398052783751,0.0379398052783751
so,W60p0,7,16,0.03793422278169289,0.03793422278169289
thetao,W40p0,4,16,0.037585364771931584,0.037585364771931584
so,W10p0,8,8,0.03743171807335356,0.03743171807335356
thetao,W30p0,7,15,0.03741516843156838,0.03741516843156838
so,W30p0,5,18,-0.03734489424859261,0.03734489424859261
so,W40p0,7,4,0.03730483590863631,0.03730483590863631
thetao,W20p0,4,8,0.03724579010531234,0.03724579010531234
thetao,W40p0,4,13,-0.03722361621470368,0.03722361621470368
thetao,W20p0,6,6,0.03702847842435994,0.03702847842435994
so,W40p0,8,13,0.03698873200620236,0.03698873200620236
so,W60p0,2,19,-0.03692243115149205,0.03692243115149205
thetao,W10p0,5,9,-0.03685768420487909,0.03685768420487909
so,W10p0,3,4,0.03673093535349783,0.03673093535349783
thetao,W20p0,7,5,0.03664365209390867,0.03664365209390867
so,W60p0,1,10,-0.0366195781788839,0.0366195781788839
so,W40p0,7,8,0.036537015534561984,0.036537015534561984
thetao,W20p0,10,16,0.03646720097449065,0.03646720097449065
thetao,W40p0,9,11,0.03645048918113272,0.03645048918113272
thetao,W10p0,5,18,0.03638906089887328,0.03638906089887328
thetao,W60p0,3,18,0.03627355440767766,0.03627355440767766
thetao,W20p0,9,7,-0.03610454569835955,0.03610454569835955
thetao,W10p0,2,3,-0.03603744889850751,0.03603744889850751
so,W20p0,6,13,-0.03600652531160931,0.03600652531160931
so,W10p0,10,3,-0.03595990871564979,0.03595990871564979
so,W20p0,5,0,-0.035860394101507494,0.035860394101507494
so,W10p0,7,18,-0.03573704300561783,0.03573704300561783
thetao,W30p0,4,3,0.0356950361617039,0.0356950361617039
so,W30p0,9,8,-0.03566786752129559,0.03566786752129559
so,W30p0,2,6,0.035582972133201454,0.035582972133201454
thetao,W30p0,2,12,0.03556210395843355,0.03556210395843355
so,W20p0,6,4,0.035541951598832396,0.035541951598832396
so,W20p0,2,10,0.035422195854064434,0.035422195854064434
thetao,W60p0,10,4,0.03530851327099542,0.03530851327099542
thetao,W40p0,9,20,-0.035303724502902055,0.035303724502902055
thetao,W60p0,7,18,0.03508461641013062,0.03508461641013062
thetao,W10p0,4,0,0.03507759120503995,0.03507759120503995
so,W60p0,4,9,-0.035049469221454285,0.035049469221454285
thetao,W60p0,3,17,0.0349218028819914,0.0349218028819914
so,W10p0,2,11,0.03491454691271254,0.03491454691271254
thetao,W20p0,7,19,0.03488550126959648,0.03488550126959648
thetao,W20p0,8,4,-0.03487540358269545,0.03487540358269545
so,W20p0,7,1,-0.03487087388236942,0.03487087388236942
thetao,W40p0,5,5,0.034782734125594426,0.034782734125594426
so,W60p0,7,10,0.034715523438381496,0.034715523438381496
thetao,W40p0,10,20,-0.03470266794983603,0.03470266794983603
so,W60p0,7,0,-0.034633997138532165,0.034633997138532165
so,W40p0,2,7,-0.03461090886028592,0.03461090886028592
thetao,W60p0,10,12,0.034477076190805304,0.034477076190805304
thetao,W60p0,4,2,-0.03444217888437513,0.03444217888437513
so,W30p0,10,14,0.034355026361404584,0.034355026361404584
thetao,W30p0,7,12,-0.03433950318107937,0.03433950318107937
thetao,W40p0,7,19,0.03421929151391346,0.03421929151391346
so,W60p0,5,17,0.03406675215688411,0.03406675215688411
thetao,W60p0,7,11,-0.03405370498118524,0.03405370498118524
thetao,W40p0,9,18,0.0339580341492855,0.0339580341492855
so,W40p0,8,11,-0.033950608277824895,0.033950608277824895
thetao,W10p0,5,5,-0.03387075663622278,0.03387075663622278
so,W40p0,7,15,-0.03368146429536379,0.03368146429536379
so,W60p0,8,16,0.033659546199219965,0.033659546199219965
thetao,W30p0,7,2,-0.03358818884747851,0.03358818884747851
so,W60p0,8,0,0.03352759101316346,0.03352759101316346
thetao,W60p0,2,7,0.03335538185805566,0.03335538185805566
so,W20p0,8,7,-0.03327712980894987,0.03327712980894987
thetao,W40p0,7,18,-0.03327404845790147,0.03327404845790147
thetao,W30p0,7,11,-0.03320330763248698,0.03320330763248698
so,W20p0,6,2,-0.033141998387923234,0.033141998387923234
so,W60p0,9,10,0.033141909011556586,0.033141909011556586
so,W40p0,6,3,-0.033123654894530764,0.033123654894530764
so,W10p0,7,1,-0.03299356959280289,0.03299356959280289
thetao,W20p0,4,13,-0.0329780992250585,0.0329780992250585
thetao,W60p0,8,3,0.03294609661325796,0.03294609661325796
so,W60p0,4,10,-0.03287793844677775,0.03287793844677775
so,W60p0,6,10,0.03286314825864908,0.03286314825864908
so,W10p0,10,14,0.032750927119354005,0.032750927119354005
thetao,W20p0,1,11,0.032616687786378995,0.032616687786378995
thetao,W40p0,3,7,-0.03247226160205298,0.03247226160205298
so,W60p0,4,8,0.032453169396834805,0.032453169396834805
so,W20p0,2,18,0.032415521168793246,0.032415521168793246
thetao,W40p0,5,4,-0.03217291930896506,0.03217291930896506
thetao,W40p0,2,18,0.032120938555190416,0.032120938555190416
thetao,W40p0,3,15,0.03210300882848033,0.03210300882848033
thetao,W30p0,7,13,0.031977978082416,0.031977978082416
thetao,W20p0,8,20,0.031975095069955085,0.031975095069955085
thetao,W60p0,8,6,0.03195607962614448,0.03195607962614448
thetao,W60p0,7,3,-0.031903694238176836,0.031903694238176836
so,W30p0,3,12,0.03183012129791927,0.03183012129791927
thetao,W60p0,8,9,-0.031773328483952375,0.031773328483952375
so,W60p0,9,5,-0.03170247796113902,0.03170247796113902
thetao,W60p0,10,17,0.031651480120022675,0.031651480120022675
so,W10p0,7,2,-0.03163657926469737,0.03163657926469737
so,W30p0,7,19,0.031428447657853485,0.031428447657853485
so,W30p0,9,12,0.03134423719492851,0.03134423719492851
thetao,W40p0,3,2,-0.03127743051197275,0.03127743051197275
thetao,W20p0,7,1,-0.03127064137189373,0.03127064137189373
so,W60p0,10,20,-0.03125932871757296,0.03125932871757296
thetao,W60p0,4,6,0.031186092604867523,0.031186092604867523
thetao,W20p0,5,3,0.031133679160333782,0.031133679160333782
so,W30p0,6,8,0.03110091168187177,0.03110091168187177
thetao,W40p0,1,4,-0.031057424853570586,0.031057424853570586
thetao,W30p0,10,2,-0.031050520231401885,0.031050520231401885
so,W20p0,2,15,0.03093905273015384,0.03093905273015384
thetao,W30p0,6,1,0.030868117011876535,0.030868117011876535
so,W10p0,8,9,-0.03078685455467682,0.03078685455467682
thetao,W60p0,8,14,0.030774621793430833,0.030774621793430833
so,W20p0,10,17,0.030439000917538463,0.030439000917538463
thetao,W30p0,9,8,0.03043075153222311,0.03043075153222311
thetao,W40p0,8,10,-0.03032925209763161,0.03032925209763161
so,W40p0,6,20,-0.03031221996349099,0.03031221996349099
so,W10p0,7,11,0.03027598620913386,0.03027598620913386
thetao,W60p0,1,8,0.030262846686931247,0.030262846686931247
thetao,W10p0,9,19,0.030223298601803155,0.030223298601803155
thetao,W20p0,4,7,-0.03007979581262565,0.03007979581262565
thetao,W10p0,7,1,-0.030002058994927885,0.030002058994927885
thetao,W40p0,8,8,-0.02990464304544516,0.02990464304544516
thetao,W20p0,1,20,0.029792042499455548,0.029792042499455548
thetao,W30p0,9,17,0.02972021228689202,0.02972021228689202
so,W40p0,6,9,-0.02942025249510972,0.02942025249510972
so,W30p0,6,9,-0.029399153607560718,0.029399153607560718
so,W30p0,2,16,-0.029187058152458208,0.029187058152458208
so,W10p0,4,6,0.02908330157095102,0.02908330157095102
thetao,W20p0,10,4,-0.02902463095151534,0.02902463095151534
so,W60p0,9,1,0.028993209215225295,0.028993209215225295
thetao,W40p0,5,12,-0.02895193437848261,0.02895193437848261
thetao,W60p0,1,17,0.028866826965346874,0.028866826965346874
so,W20p0,6,0,0.028835484531988767,0.028835484531988767
so,W60p0,8,4,-0.028816605281080543,0.028816605281080543
thetao,W10p0,3,6,0.028734614632826942,0.028734614632826942
so,W10p0,2,12,0.028732632023506344,0.028732632023506344
so,W60p0,9,4,0.028700157001790714,0.028700157001790714
thetao,W30p0,7,7,-0.0286807806197685,0.0286807806197685
thetao,W30p0,1,15,0.028616422705857653,0.028616422705857653
thetao,W30p0,5,20,-0.028603454159479402,0.028603454159479402
so,W60p0,10,18,-0.028564896656281712,0.028564896656281712
thetao,W10p0,1,8,-0.028277334765296272,0.028277334765296272
thetao,W30p0,10,4,0.02819861328294319,0.02819861328294319
so,W60p0,10,17,-0.028181018600159802,0.028181018600159802
thetao,W40p0,2,19,0.02812709549325717,0.02812709549325717
thetao,W40p0,4,18,0.028102373280089132,0.028102373280089132
so,W40p0,4,2,-0.028010249962696434,0.028010249962696434
so,W60p0,5,15,0.027934387163970738,0.027934387163970738
thetao,W20p0,8,3,0.02789618378107702,0.02789618378107702
thetao,W40p0,4,4,-0.02784119201332774,0.02784119201332774
so,W60p0,8,7,-0.027769682076479143,0.027769682076479143
so,W40p0,8,1,-0.02765731949898259,0.02765731949898259
thetao,W20p0,7,2,0.02755805993135749,0.02755805993135749
thetao,W60p0,8,0,-0.027472524323272216,0.027472524323272216
thetao,W10p0,10,12,-0.027394988823681597,0.027394988823681597
thetao,W10p0,10,19,-0.02732579014506503,0.02732579014506503
thetao,W30p0,9,18,0.027273177674828064,0.027273177674828064
thetao,W10p0,5,14,-0.02724243604435889,0.02724243604435889
so,W60p0,9,0,0.027214098386018487,0.027214098386018487
so,W10p0,4,1,-0.027168947781505928,0.027168947781505928
thetao,W20p0,7,9,0.027163379907589026,0.027163379907589026
thetao,W20p0,4,17,-0.027141426677584773,0.027141426677584773
so,W10p0,9,12,0.026898911161541646,0.026898911161541646
so,W40p0,4,6,0.026568284607824053,0.026568284607824053
so,W20p0,4,10,-0.026513140509540043,0.026513140509540043
so,W10p0,8,18,-0.026374367597562703,0.026374367597562703
thetao,W20p0,8,0,0.0262818407219912,0.0262818407219912
thetao,W60p0,10,11,0.0262732034739419,0.0262732034739419
thetao,W60p0,3,15,-0.02615238014283651,0.02615238014283651
so,W40p0,4,3,0.02606985040428307,0.02606985040428307
so,W30p0,4,0,0.026024662949893862,0.026024662949893862
thetao,W60p0,2,18,-0.02577361971278445,0.02577361971278445
thetao,W20p0,6,10,-0.025737378847275734,0.025737378847275734
so,W40p0,2,8,0.025702259562903944,0.025702259562903944
so,W10p0,8,19,-0.025633059161907272,0.025633059161907272
so,W10p0,6,0,-0.025615090660302414,0.025615090660302414
so,W30p0,9,18,0.025306657011114408,0.025306657011114408
so,W30p0,2,14,0.025264072961040777,0.025264072961040777
thetao,W30p0,4,14,-0.025230031637774906,0.025230031637774906
thetao,W10p0,7,4,-0.0251192184893479,0.0251192184893479
so,W20p0,4,7,-0.02511549344592628,0.02511549344592628
so,W10p0,5,8,-0.02508785530438119,0.02508785530438119
thetao,W30p0,5,7,-0.025079845811773138,0.025079845811773138
so,W60p0,8,15,0.024940590524406503,0.024940590524406503
thetao,W20p0,4,19,-0.02473730109100741,0.02473730109100741
so,W10p0,8,13,-0.02466416662379956,0.02466416662379956
thetao,W30p0,8,6,0.024196127259074926,0.024196127259074926
so,W10p0,3,3,-0.024169320728141628,0.024169320728141628
thetao,W30p0,9,10,-0.024159404102464033,0.024159404102464033
thetao,W20p0,4,16,-0.024133493621003855,0.024133493621003855
thetao,W10p0,1,14,-0.024053490963287787,0.024053490963287787
so,W20p0,10,15,-0.023941506634109124,0.023941506634109124
thetao,W20p0,9,19,0.023925031001396677,0.023925031001396677
thetao,W30p0,10,14,-0.0236688883405948,0.0236688883405948
thetao,W40p0,10,5,0.02327821068091164,0.02327821068091164
so,W30p0,6,12,0.02326321007690027,0.02326321007690027
so,W40p0,9,20,0.02324322186442682,0.02324322186442682
so,W20p0,10,14,0.023189781234867417,0.023189781234867417
thetao,W10p0,8,6,-0.023110728588302543,0.023110728588302543
so,W10p0,4,5,-0.02302043222135309,0.02302043222135309
so,W40p0,7,5,0.022985876036113392,0.022985876036113392
thetao,W60p0,7,2,0.022969322765868782,0.022969322765868782
thetao,W10p0,8,17,-0.02293330074524864,0.02293330074524864
thetao,W20p0,8,8,0.02293285478403767,0.02293285478403767
thetao,W10p0,8,4,-0.022858456236018964,0.022858456236018964
so,W20p0,5,13,0.022650349955956477,0.022650349955956477
thetao,W30p0,2,6,-0.02261226967946724,0.02261226967946724
so,W30p0,8,1,-0.022483361764579553,0.022483361764579553
so,W20p0,8,5,0.02247694659692935,0.02247694659692935
thetao,W60p0,2,9,0.022417719016236234,0.022417719016236234
so,W20p0,2,14,-0.022264249708868474,0.022264249708868474
thetao,W60p0,1,3,0.02225084090412675,0.02225084090412675
thetao,W10p0,5,17,0.022204755950408484,0.022204755950408484
so,W40p0,4,0,-0.022126750506354053,0.022126750506354053
so,W30p0,8,18,-0.022103339485028673,0.022103339485028673
so,W10p0,5,14,-0.02177869498084475,0.02177869498084475
so,W60p0,3,8,-0.021769671983498027,0.021769671983498027
thetao,W20p0,1,15,-0.021697583259358336,0.021697583259358336
so,W20p0,5,19,0.021636695387304287,0.021636695387304287
so,W10p0,9,7,-0.021625371108255947,0.021625371108255947
thetao,W40p0,8,12,0.021552324295130224,0.021552324295130224
thetao,W20p0,2,2,-0.021351514873255196,0.021351514873255196
thetao,W40p0,5,13,-0.021320661986863977,0.021320661986863977
so,W20p0,1,0,0.021307756852443283,0.021307756852443283
so,W20p0,3,19,0.0212069476466596,0.0212069476466596
so,W60p0,6,20,-0.02118127281207988,0.02118127281207988
so,W20p0,6,12,-0.021114971294887496,0.021114971294887496
thetao,W30p0,5,19,0.02109127297032357,0.02109127297032357
thetao,W30p0,10,18,0.02108766288443059,0.02108766288443059
so,W20p0,9,12,0.021069001346960478,0.021069001346960478
thetao,W60p0,7,17,0.021068230181257,0.021068230181257
thetao,W30p0,3,2,0.020917633682763618,0.020917633682763618
so,W40p0,8,0,-0.020895040442874505,0.020895040442874505
thetao,W40p0,7,11,-0.020883903448638105,0.020883903448638105
so,W30p0,4,6,-0.020844832522551014,0.020844832522551014
thetao,W30p0,4,13,0.020662688401504616,0.020662688401504616
thetao,W60p0,4,3,0.020661713622628055,0.020661713622628055
so,W60p0,2,7,-0.02045179881553782,0.02045179881553782
so,W10p0,3,9,0.020373197676046933,0.020373197676046933
thetao,W60p0,4,0,0.02006386305006733,0.02006386305006733
so,W20p0,4,15,-0.020061819341293,0.020061819341293
thetao,W40p0,4,15,0.02003903271266009,0.02003903271266009
thetao,W40p0,5,14,0.019923695172003056,0.019923695172003056
thetao,W40p0,1,1,-0.019917383130757374,0.019917383130757374
thetao,W10p0,3,10,-0.019877658475931554,0.019877658475931554
so,W20p0,3,16,-0.019871050554568215,0.019871050554568215
thetao,W40p0,6,15,-0.019847805498527712,0.019847805498527712
thetao,W30p0,7,20,-0.01964651207187768,0.01964651207187768
so,W40p0,3,12,-0.01964635090527242,0.01964635090527242
thetao,W20p0,2,20,-0.019645503278483776,0.019645503278483776
thetao,W20p0,9,15,-0.01950581026822599,0.01950581026822599
so,W60p0,10,7,0.01925161771568177,0.01925161771568177
thetao,W40p0,6,16,0.019236282228791417,0.019236282228791417
so,W60p0,2,15,-0.019225621383151766,0.019225621383151766
thetao,W60p0,9,4,-0.019156130308055706,0.019156130308055706
so,W20p0,6,3,0.0191384327873089,0.0191384327873089
so,W60p0,3,17,0.018972398735424247,0.018972398735424247
thetao,W20p0,1,18,0.01894034135168086,0.01894034135168086
so,W30p0,2,1,-0.01893130795295741,0.01893130795295741
thetao,W30p0,7,10,-0.018921514519344512,0.018921514519344512
so,W30p0,2,17,0.018917961038212167,0.018917961038212167
thetao,W10p0,5,16,0.01886524120407012,0.01886524120407012
thetao,W10p0,6,17,0.018725387096096127,0.018725387096096127
so,W10p0,10,12,0.018642869281061313,0.018642869281061313
thetao,W30p0,9,19,-0.01856909352093483,0.01856909352093483
so,W20p0,4,14,-0.018437064333241365,0.018437064333241365
so,W10p0,9,4,-0.01832012396199517,0.01832012396199517
so,W20p0,2,8,-0.018244535269322532,0.018244535269322532
thetao,W60p0,8,1,-0.018222917840705507,0.018222917840705507
thetao,W30p0,1,20,-0.018184397395765366,0.018184397395765366
so,W20p0,6,1,-0.0181426671943308,0.0181426671943308
thetao,W60p0,4,16,-0.017878588695038916,0.017878588695038916
thetao,W10p0,10,11,-0.01785565885562191,0.01785565885562191
thetao,W20p0,1,19,0.017840751560265964,0.017840751560265964
so,W40p0,10,18,0.01782326757840667,0.01782326757840667
thetao,W30p0,4,4,0.017804636740665198,0.017804636740665198
so,W10p0,4,18,0.017679722090939844,0.017679722090939844
thetao,W10p0,3,9,-0.017561700413147984,0.017561700413147984
thetao,W10p0,1,5,0.01744730688948639,0.01744730688948639
so,W40p0,10,9,-0.017171314944816666,0.017171314944816666
so,W60p0,3,18,-0.01715724273206062,0.01715724273206062
thetao,W40p0,6,17,-0.01707837721081374,0.01707837721081374
so,W20p0,2,5,-0.016969334552735044,0.016969334552735044
so,W30p0,6,15,-0.01693874218999686,0.01693874218999686
thetao,W20p0,4,11,-0.016844983551814453,0.016844983551814453
thetao,W20p0,9,0,-0.01679355893328443,0.01679355893328443
so,W20p0,3,20,0.016771889806469285,0.016771889806469285
thetao,W60p0,4,15,-0.016710861786827028,0.016710861786827028
so,W40p0,1,2,-0.016491931300265553,0.016491931300265553
thetao,W30p0,6,0,0.01642014902476333,0.01642014902476333
so,W20p0,4,17,0.016284119756492632,0.016284119756492632
so,W20p0,10,7,0.016279977780824312,0.016279977780824312
so,W10p0,7,0,0.0161353507603958,0.0161353507603958
so,W40p0,3,10,0.016094509123052592,0.016094509123052592
thetao,W20p0,1,17,0.016088221945921705,0.016088221945921705
thetao,W30p0,7,18,-0.01607497722588678,0.01607497722588678
thetao,W20p0,1,12,0.016056520769786666,0.016056520769786666
so,W10p0,2,5,-0.01588094934812359,0.01588094934812359
thetao,W30p0,3,1,-0.015859736131597968,0.015859736131597968
so,W60p0,2,8,-0.015839982109019657,0.015839982109019657
so,W30p0,8,16,0.015823655983754133,0.015823655983754133
so,W30p0,8,15,-0.015719474805056217,0.015719474805056217
thetao,W10p0,7,18,0.0156861998415425,0.0156861998415425
thetao,W60p0,7,9,0.015577121552132294,0.015577121552132294
thetao,W40p0,8,13,-0.015555624341088358,0.015555624341088358
so,W10p0,7,4,-0.015545834266887338,0.015545834266887338
so,W10p0,6,14,-0.015531239432892703,0.015531239432892703
thetao,W60p0,10,5,-0.015351994064156339,0.015351994064156339
so,W30p0,4,14,-0.015270444918721416,0.015270444918721416
thetao,W10p0,7,6,-0.015243270775633373,0.015243270775633373
thetao,W20p0,9,9,0.015152236586114051,0.015152236586114051
thetao,W30p0,2,11,-0.015083831345426417,0.015083831345426417
so,W60p0,9,7,0.015015784818889074,0.015015784818889074
thetao,W10p0,10,18,-0.014973543326935249,0.014973543326935249
so,W60p0,8,9,-0.01495975365944875,0.01495975365944875
thetao,W20p0,4,14,0.014423097563468837,0.014423097563468837
thetao,W30p0,6,7,-0.014390675547919271,0.014390675547919271
thetao,W20p0,2,14,-0.014239243260179467,0.014239243260179467
so,W60p0,3,7,0.014204804431050093,0.014204804431050093
thetao,W30p0,7,14,0.01414588026231482,0.01414588026231482
thetao,W10p0,3,11,0.014081905329037763,0.014081905329037763
so,W10p0,9,3,-0.0140528445958171,0.0140528445958171
thetao,W30p0,2,19,0.013878918732729105,0.013878918732729105
so,W60p0,2,11,-0.01363394779899401,0.01363394779899401
so,W40p0,5,14,0.013359169685038547,0.013359169685038547
thetao,W40p0,8,17,0.013314809450865868,0.013314809450865868
thetao,W40p0,10,8,0.013293931741322004,0.013293931741322004
so,W40p0,10,20,0.013257801764451764,0.013257801764451764
thetao,W40p0,3,6,-0.013220029279088127,0.013220029279088127
thetao,W10p0,1,6,-0.013052206214795997,0.013052206214795997
thetao,W30p0,8,5,-0.012934121923050958,0.012934121923050958
thetao,W40p0,3,4,0.01291382328459035,0.01291382328459035
so,W30p0,7,4,0.012851889112754694,0.012851889112754694
so,W60p0,10,13,-0.012817270230237607,0.012817270230237607
so,W10p0,9,5,-0.01277033218726438,0.01277033218726438
so,W20p0,6,19,0.012767005681256749,0.012767005681256749
so,W10p0,9,9,0.012696291437657619,0.012696291437657619
so,W20p0,6,18,-0.0126529714491461,0.0126529714491461
thetao,W30p0,2,20,-0.012549850186374965,0.012549850186374965
thetao,W60p0,7,8,0.012469194344450705,0.012469194344450705
thetao,W20p0,9,1,-0.012429987870488374,0.012429987870488374
so,W20p0,4,16,-0.012384458826077424,0.012384458826077424
so,W20p0,9,1,0.012278567112396234,0.012278567112396234
so,W40p0,5,13,-0.012268091933685665,0.012268091933685665
so,W10p0,2,6,0.012228557242799885,0.012228557242799885
so,W60p0,6,19,0.012186772070551986,0.012186772070551986
thetao,W10p0,6,12,-0.012156003024406383,0.012156003024406383
thetao,W60p0,8,20,-0.011827566314515125,0.011827566314515125
thetao,W20p0,4,20,0.011808553736534014,0.011808553736534014
thetao,W30p0,3,17,-0.0117414142007817,0.0117414142007817
so,W20p0,4,20,0.011693448562086064,0.011693448562086064
thetao,W10p0,3,8,0.011601209320647326,0.011601209320647326
so,W20p0,9,10,-0.011545591458693489,0.011545591458693489
thetao,W30p0,10,16,0.011541483882807325,0.011541483882807325
so,W10p0,7,17,-0.01153684846842158,0.01153684846842158
thetao,W10p0,3,15,0.01146017117292617,0.01146017117292617
thetao,W30p0,6,18,0.011459726366282699,0.011459726366282699
so,W10p0,6,7,-0.011452033243693554,0.011452033243693554
thetao,W30p0,3,18,0.011259172756006575,0.011259172756006575
thetao,W60p0,7,5,-0.011056122160499497,0.011056122160499497
thetao,W20p0,6,5,0.011048227728074414,0.011048227728074414
thetao,W30p0,10,5,0.01094691160144907,0.01094691160144907
so,W20p0,6,11,-0.010880487586912325,0.010880487586912325
so,W30p0,10,4,-0.010876870255137765,0.010876870255137765
thetao,W60p0,7,19,0.010858654279569011,0.010858654279569011
so,W10p0,10,2,0.010849520967356122,0.010849520967356122
thetao,W60p0,4,12,0.010821825725421686,0.010821825725421686
so,W20p0,4,19,0.010727780462803047,0.010727780462803047
so,W40p0,4,7,0.010719167397366166,0.010719167397366166
so,W30p0,6,7,0.010681098860183735,0.010681098860183735
thetao,W10p0,8,16,-0.010649184272625558,0.010649184272625558
thetao,W20p0,3,20,-0.010530872014751233,0.010530872014751233
thetao,W20p0,3,15,-0.010526454797400445,0.010526454797400445
so,W60p0,8,5,0.01042899833158747,0.01042899833158747
so,W20p0,3,17,-0.010426861577430639,0.010426861577430639
thetao,W10p0,2,2,-0.010364564083955759,0.010364564083955759
so,W20p0,2,4,0.010336434476813669,0.010336434476813669
so,W10p0,5,7,0.01028268675056386,0.01028268675056386
so,W40p0,3,14,-0.010114449106688416,0.010114449106688416
so,W20p0,3,10,0.010071416416294547,0.010071416416294547
thetao,W20p0,9,14,-0.01000004145499779,0.01000004145499779
so,W60p0,8,14,-0.009962375529326812,0.009962375529326812
so,W60p0,8,3,-0.00974525015022244,0.00974525015022244
so,W10p0,9,17,-0.009738989687314781,0.009738989687314781
so,W60p0,8,19,-0.009718898397992375,0.009718898397992375
so,W20p0,9,2,-0.009652806694618708,0.009652806694618708
so,W20p0,3,18,0.009626628093661778,0.009626628093661778
so,W40p0,3,1,0.00953029378506832,0.00953029378506832
so,W30p0,7,17,0.009390197415446305,0.009390197415446305
so,W60p0,5,11,-0.009378190473877855,0.009378190473877855
so,W20p0,8,20,0.009325728464166032,0.009325728464166032
thetao,W40p0,8,9,-0.009277626917198115,0.009277626917198115
thetao,W20p0,2,15,-0.00927423407712355,0.00927423407712355
so,W40p0,3,19,-0.009236727192623598,0.009236727192623598
thetao,W60p0,1,11,-0.009224121517939304,0.009224121517939304
so,W30p0,7,12,-0.009163505599086732,0.009163505599086732
thetao,W30p0,9,9,-0.009155427276481148,0.009155427276481148
thetao,W40p0,3,14,-0.008993990006022485,0.008993990006022485
so,W30p0,7,9,-0.008993751306899365,0.008993751306899365
thetao,W20p0,6,3,0.008919548424636069,0.008919548424636069
thetao,W30p0,7,19,-0.008900811560407614,0.008900811560407614
thetao,W20p0,4,15,-0.008890066479186089,0.008890066479186089
thetao,W30p0,1,16,0.008863218878382493,0.008863218878382493
so,W60p0,5,16,0.008736322102289308,0.008736322102289308
thetao,W10p0,7,7,0.008594082231139324,0.008594082231139324
so,W30p0,1,4,-0.008540937062855691,0.008540937062855691
thetao,W40p0,10,9,-0.008514257303587935,0.008514257303587935
so,W40p0,10,10,0.00847675947752382,0.00847675947752382
so,W60p0,10,8,0.008192734331993063,0.008192734331993063
so,W60p0,8,17,0.00816936595017081,0.00816936595017081
so,W20p0,8,6,-0.008150724214907859,0.008150724214907859
thetao,W60p0,1,4,0.00811501370773079,0.00811501370773079
thetao,W20p0,9,2,0.008108086203027137,0.008108086203027137
thetao,W40p0,3,13,0.008041737701313967,0.008041737701313967
thetao,W30p0,8,20,-0.008041486889339885,0.008041486889339885
so,W20p0,6,6,-0.008036962448716727,0.008036962448716727
thetao,W60p0,9,10,-0.008000589348499615,0.008000589348499615
so,W20p0,9,13,-0.007981602921583512,0.007981602921583512
thetao,W20p0,3,14,0.00792282277265319,0.00792282277265319
thetao,W40p0,9,4,-0.007906263607558358,0.007906263607558358
thetao,W30p0,10,3,-0.007632418377626059,0.007632418377626059
thetao,W60p0,10,3,0.007547045890535916,0.007547045890535916
thetao,W20p0,6,2,0.007414675975659045,0.007414675975659045
thetao,W40p0,5,11,0.0073810300726569016,0.0073810300726569016
thetao,W30p0,4,6,-0.007189024727442277,0.007189024727442277
thetao,W40p0,7,20,-0.0071518671684926,0.0071518671684926
thetao,W60p0,8,11,-0.006914042225741118,0.006914042225741118
so,W60p0,6,6,-0.006892200723028152,0.006892200723028152
thetao,W30p0,2,18,0.006766268236327978,0.006766268236327978
so,W60p0,2,4,0.006611707438635163,0.006611707438635163
so,W20p0,2,13,0.00644814956384976,0.00644814956384976
so,W30p0,6,11,0.006389660372165719,0.006389660372165719
thetao,W60p0,1,19,0.006247374299091023,0.006247374299091023
so,W30p0,6,20,-0.006245164415427175,0.006245164415427175
thetao,W20p0,7,4,-0.0062189979950704605,0.0062189979950704605
so,W40p0,5,7,-0.00614650378217006,0.00614650378217006
thetao,W60p0,10,16,-0.006085766471150779,0.006085766471150779
thetao,W10p0,1,7,-0.0060834328964787365,0.0060834328964787365
so,W60p0,4,16,-0.006031230411368415,0.006031230411368415
thetao,W30p0,3,0,-0.0060211569862710255,0.0060211569862710255
so,W30p0,9,19,0.005924112189134367,0.005924112189134367
so,W40p0,5,15,0.005883362232981143,0.005883362232981143
thetao,W10p0,6,3,-0.005806045674748753,0.005806045674748753
thetao,W40p0,9,5,0.00568467676827728,0.00568467676827728
thetao,W30p0,9,13,0.005590801931958578,0.005590801931958578
thetao,W60p0,8,2,0.005533522404876086,0.005533522404876086
thetao,W20p0,6,4,0.0054904714487908355,0.0054904714487908355
thetao,W20p0,7,8,-0.004953114757913137,0.004953114757913137
so,W30p0,6,5,0.004932874011347186,0.004932874011347186
thetao,W40p0,4,14,-0.004842342965017912,0.004842342965017912
thetao,W40p0,8,11,0.004619930276623121,0.004619930276623121
so,W10p0,8,5,0.004497990146713365,0.004497990146713365
so,W30p0,6,13,0.004468981166702195,0.004468981166702195
so,W30p0,9,3,0.004200564953119162,0.004200564953119162
so,W10p0,5,18,-0.004153046166478292,0.004153046166478292
so,W30p0,5,17,-0.004099287309320517,0.004099287309320517
so,W10p0,9,10,-0.004035688093611714,0.004035688093611714
thetao,W30p0,3,20,0.004014983746041503,0.004014983746041503
thetao,W40p0,9,19,-0.003979729342369709,0.003979729342369709
thetao,W10p0,6,1,0.0037716087058397743,0.0037716087058397743
so,W30p0,8,10,0.0036870451134525333,0.0036870451134525333
thetao,W40p0,8,18,-0.0035897978962753136,0.0035897978962753136
thetao,W60p0,1,7,0.0034535421150004705,0.0034535421150004705
so,W60p0,6,11,-0.0034251147021204906,0.0034251147021204906
so,W60p0,8,6,-0.003336409504050005,0.003336409504050005
thetao,W30p0,6,13,0.0032370434158422844,0.0032370434158422844
so,W40p0,7,2,0.0032334524415355195,0.0032334524415355195
thetao,W10p0,6,0,0.003225795299165515,0.003225795299165515
so,W20p0,2,17,-0.0032131155351570583,0.0032131155351570583
so,W40p0,3,15,0.0032117431231274795,0.0032117431231274795
thetao,W10p0,8,7,-0.003158176410642842,0.003158176410642842
so,W40p0,1,3,-0.003050755928236937,0.003050755928236937
thetao,W30p0,1,14,-0.0030301579337281724,0.0030301579337281724
so,W30p0,3,17,0.0030101504327030614,0.0030101504327030614
thetao,W40p0,8,19,-0.0029047864185544545,0.0029047864185544545
so,W20p0,7,15,-0.002755812762802454,0.002755812762802454
thetao,W20p0,1,16,0.002683248720646827,0.002683248720646827
so,W40p0,9,17,0.0026584907282836807,0.0026584907282836807
thetao,W10p0,8,18,-0.0026520188034160376,0.0026520188034160376
so,W40p0,8,7,-0.00255245993781915,0.00255245993781915
so,W40p0,3,11,0.002446453987454248,0.002446453987454248
so,W30p0,9,6,-0.0023971602159289147,0.0023971602159289147
so,W60p0,4,19,-0.002360935429885965,0.002360935429885965
so,W30p0,10,11,-0.002354167630726154,0.002354167630726154
thetao,W30p0,7,5,0.002326846247835139,0.002326846247835139
so,W10p0,5,9,0.002319982985818077,0.002319982985818077
thetao,W40p0,3,9,0.002250983784796939,0.002250983784796939
so,W60p0,9,11,0.002243943120216074,0.002243943120216074
so,W20p0,9,0,-0.0022152534807098785,0.0022152534807098785
so,W30p0,3,8,-0.002213263754456548,0.002213263754456548
so,W20p0,4,0,0.0021958587492060555,0.0021958587492060555
so,W20p0,2,20,0.0021880387862641885,0.0021880387862641885
thetao,W30p0,5,8,-0.0020748817041041207,0.0020748817041041207
thetao,W20p0,6,8,-0.0020654081818948706,0.0020654081818948706
thetao,W40p0,7,2,-0.002022439171257864,0.002022439171257864
thetao,W10p0,5,3,-0.001936577801084757,0.001936577801084757
thetao,W60p0,10,6,-0.0018831814177673813,0.0018831814177673813
so,W10p0,8,6,-0.0018428169154799897,0.0018428169154799897
so,W10p0,1,10,-0.0015777897837857917,0.0015777897837857917
thetao,W10p0,7,17,0.001528403873493365,0.001528403873493365
so,W10p0,8,4,-0.0014452711376800383,0.0014452711376800383
so,W20p0,10,8,0.0013538316645861775,0.0013538316645861775
so,W40p0,10,19,-0.0013087926820149179,0.0013087926820149179
thetao,W60p0,9,9,-0.0011742073326156048,0.0011742073326156048
so,W30p0,9,2,0.0011729917265051312,0.0011729917265051312
thetao,W60p0,10,20,-0.001115738237710972,0.001115738237710972
thetao,W60p0,10,15,-0.0011109626404266128,0.0011109626404266128
so,W30p0,7,8,-0.0010824005515710472,0.0010824005515710472
thetao,W30p0,3,8,0.0010484449635082109,0.0010484449635082109
so,W10p0,1,12,-0.0010139594063886335,0.0010139594063886335
thetao,W60p0,9,13,0.0009991153330527114,0.0009991153330527114
so,W40p0,8,12,0.0008885284828051825,0.0008885284828051825
thetao,W60p0,10,2,0.0007832251577114122,0.0007832251577114122
so,W20p0,2,16,-0.0006665579229132236,0.0006665579229132236
so,W20p0,6,5,0.0006603892466466621,0.0006603892466466621
thetao,W60p0,1,16,-0.0006325833522264951,0.0006325833522264951
so,W40p0,6,13,0.0006071620193535448,0.0006071620193535448
thetao,W60p0,7,0,-0.0004465455198545155,0.0004465455198545155
thetao,W20p0,6,11,-0.00039751339546048733,0.00039751339546048733
thetao,W40p0,2,20,-0.0003896331008729899,0.0003896331008729899
thetao,W30p0,8,19,0.00026486795661079086,0.00026486795661079086
thetao,W10p0,9,12,-0.00016861459432614674,0.00016861459432614674
so,W30p0,7,5,-9.065387388775602e-05,9.065387388775602e-05
