var,lon_tag,mode,lag,corr,abs_corr
so,W60p0,1,1,0.4319884618589499,0.4319884618589499
thetao,W30p0,6,13,0.3999792872965,0.3999792872965
thetao,W30p0,6,12,0.3998281429803165,0.3998281429803165
so,W20p0,10,3,-0.3922256427423677,0.3922256427423677
so,W20p0,10,4,-0.39030125314206127,0.39030125314206127
thetao,W30p0,6,11,0.38968441134707926,0.38968441134707926
thetao,W10p0,4,3,0.38274731450605615,0.38274731450605615
thetao,W30p0,8,6,-0.3759843522939256,0.3759843522939256
so,W10p0,1,4,-0.37301342862941794,0.37301342862941794
so,W60p0,1,0,0.37044448752007375,0.37044448752007375
so,W10p0,1,5,-0.37027090289825265,0.37027090289825265
thetao,W10p0,4,2,0.36926784655004025,0.36926784655004025
thetao,W30p0,6,14,0.3690964372295767,0.3690964372295767
so,W60p0,1,2,0.36531518534777513,0.36531518534777513
so,W40p0,9,3,-0.35523720481581345,0.35523720481581345
thetao,W40p0,10,9,-0.3532837307435861,0.3532837307435861
so,W30p0,4,6,-0.35253912048784086,0.35253912048784086
so,W10p0,1,3,-0.3505228352146457,0.3505228352146457
thetao,W10p0,4,4,0.3504562775921351,0.3504562775921351
thetao,W40p0,9,12,-0.34978942517141454,0.34978942517141454
thetao,W30p0,6,10,0.3496154101167762,0.3496154101167762
so,W10p0,1,6,-0.34804157056697166,0.34804157056697166
thetao,W40p0,9,11,-0.3469497689205862,0.3469497689205862
so,W20p0,10,5,-0.34589024154912457,0.34589024154912457
thetao,W40p0,10,10,-0.34570400031713,0.34570400031713
so,W10p0,8,2,-0.34413087876066834,0.34413087876066834
thetao,W30p0,1,7,-0.3398133338900081,0.3398133338900081
thetao,W30p0,8,4,-0.33843769603971785,0.33843769603971785
thetao,W10p0,4,1,0.33752733659848894,0.33752733659848894
so,W60p0,3,12,0.33628395825325597,0.33628395825325597
so,W40p0,7,0,-0.3347883606140445,0.3347883606140445
so,W20p0,10,2,-0.33373243679544917,0.33373243679544917
thetao,W30p0,8,5,-0.33228570729922474,0.33228570729922474
thetao,W30p0,1,6,-0.33146518087086146,0.33146518087086146
thetao,W40p0,2,1,-0.3294918735199453,0.3294918735199453
so,W10p0,2,1,-0.3288034437627748,0.3288034437627748
thetao,W10p0,4,6,0.32879235406637486,0.32879235406637486
thetao,W20p0,9,3,0.3259654424507382,0.3259654424507382
thetao,W60p0,9,1,0.32556098520098836,0.32556098520098836
thetao,W20p0,9,2,0.32348112496901954,0.32348112496901954
so,W60p0,3,11,0.32290259304677404,0.32290259304677404
so,W30p0,2,0,-0.32245922127702825,0.32245922127702825
thetao,W30p0,8,3,-0.3208686166176604,0.3208686166176604
so,W20p0,7,17,0.32042418157774066,0.32042418157774066
so,W10p0,2,2,-0.3194103764842261,0.3194103764842261
thetao,W30p0,6,15,0.3188599813566999,0.3188599813566999
so,W30p0,1,8,0.317937432150022,0.317937432150022
thetao,W40p0,2,2,-0.31720944270028184,0.31720944270028184
thetao,W40p0,10,8,-0.3170332497161809,0.3170332497161809
so,W20p0,7,16,0.3157103187096827,0.3157103187096827
so,W60p0,7,9,-0.31376207431705677,0.31376207431705677
so,W30p0,4,5,-0.3125958169164411,0.3125958169164411
so,W40p0,5,0,-0.31135198275552206,0.31135198275552206
so,W10p0,2,16,0.3090603406737388,0.3090603406737388
thetao,W10p0,4,5,0.3082100809656864,0.3082100809656864
so,W10p0,2,18,0.3081216867412239,0.3081216867412239
thetao,W60p0,9,6,-0.3073895594408739,0.3073895594408739
so,W40p0,2,4,-0.3067095290153227,0.3067095290153227
so,W40p0,5,1,-0.30451674947261465,0.30451674947261465
thetao,W30p0,1,8,-0.3045141302110871,0.3045141302110871
so,W40p0,9,4,-0.3041019892933468,0.3041019892933468
so,W10p0,2,17,0.30354661068932415,0.30354661068932415
thetao,W40p0,2,3,-0.30335324990605206,0.30335324990605206
so,W10p0,2,19,0.3023023989314553,0.3023023989314553
thetao,W40p0,10,11,-0.3019679916722128,0.3019679916722128
so,W60p0,7,10,-0.30036403155696884,0.30036403155696884
so,W10p0,8,3,-0.2988511298043242,0.2988511298043242
so,W10p0,1,7,-0.2961319996253604,0.2961319996253604
so,W40p0,9,2,-0.29593384625651337,0.29593384625651337
thetao,W20p0,2,2,-0.2958074683489415,0.2958074683489415
so,W10p0,3,16,0.29298790954791926,0.29298790954791926
thetao,W60p0,9,7,-0.29292676941909945,0.29292676941909945
so,W30p0,4,7,-0.2927522628766756,0.2927522628766756
thetao,W10p0,4,7,0.2908406780168996,0.2908406780168996
so,W30p0,7,15,0.28963875968801017,0.28963875968801017
so,W10p0,1,2,-0.28958913185038093,0.28958913185038093
thetao,W20p0,2,3,-0.28931730884951523,0.28931730884951523
so,W40p0,7,11,0.28911946828127705,0.28911946828127705
thetao,W60p0,9,0,0.28840838407144453,0.28840838407144453
so,W60p0,3,13,0.2881054379324735,0.2881054379324735
so,W10p0,7,7,-0.2877203263176012,0.2877203263176012
thetao,W30p0,1,5,-0.28666381276797726,0.28666381276797726
thetao,W60p0,7,2,0.28540248379206123,0.28540248379206123
thetao,W20p0,9,4,0.28524477613719224,0.28524477613719224
so,W20p0,7,15,0.28490878583546386,0.28490878583546386
thetao,W20p0,2,19,-0.28343174582262526,0.28343174582262526
thetao,W30p0,8,7,-0.2828683431138978,0.2828683431138978
so,W30p0,5,11,0.2828496684594823,0.2828496684594823
so,W10p0,7,19,0.28217166488995343,0.28217166488995343
so,W40p0,2,3,-0.281817074516391,0.281817074516391
so,W20p0,7,18,0.28164186005707564,0.28164186005707564
so,W10p0,7,20,0.2809760946309557,0.2809760946309557
thetao,W40p0,10,12,-0.2796507261406079,0.2796507261406079
thetao,W20p0,2,17,-0.2787788952652837,0.2787788952652837
so,W30p0,4,0,0.2787713321072576,0.2787713321072576
so,W20p0,9,2,0.27836005013071774,0.27836005013071774
so,W60p0,3,10,0.2778810289345912,0.2778810289345912
thetao,W20p0,2,16,-0.27686595580976653,0.27686595580976653
so,W30p0,1,7,0.27626599462492973,0.27626599462492973
so,W10p0,2,20,0.27549700897652263,0.27549700897652263
thetao,W20p0,3,11,0.2754785269901129,0.2754785269901129
so,W10p0,2,0,-0.2749166113711412,0.2749166113711412
thetao,W20p0,2,18,-0.27378545469507654,0.27378545469507654
so,W60p0,4,2,0.27308277609418097,0.27308277609418097
thetao,W60p0,9,5,-0.2723844737494085,0.2723844737494085
thetao,W60p0,8,20,0.2706295596563092,0.2706295596563092
so,W40p0,5,2,-0.27061347518343376,0.27061347518343376
thetao,W20p0,10,3,-0.26961839209331556,0.26961839209331556
thetao,W20p0,3,10,0.2696017236369452,0.2696017236369452
so,W10p0,10,8,-0.26954499685470706,0.26954499685470706
thetao,W10p0,3,12,0.26828932126252464,0.26828932126252464
so,W30p0,1,9,0.2681119080070929,0.2681119080070929
so,W20p0,3,3,0.267877355498063,0.267877355498063
so,W20p0,4,16,-0.2677486326107185,0.2677486326107185
thetao,W20p0,6,6,-0.2675746458399353,0.2675746458399353
so,W60p0,4,20,0.26703642328711324,0.26703642328711324
thetao,W20p0,4,14,-0.2665421868890873,0.2665421868890873
so,W20p0,10,6,-0.2656132436572516,0.2656132436572516
thetao,W10p0,10,15,-0.265379522001782,0.265379522001782
thetao,W10p0,7,15,0.2648382610083789,0.2648382610083789
so,W10p0,7,8,-0.2647677185099113,0.2647677185099113
thetao,W40p0,9,5,-0.26380774763655424,0.26380774763655424
so,W10p0,3,17,0.2637108108910865,0.2637108108910865
so,W40p0,7,10,0.2629246795801707,0.2629246795801707
thetao,W20p0,2,1,-0.26267559863736745,0.26267559863736745
so,W30p0,8,4,0.26132758434041675,0.26132758434041675
so,W30p0,5,14,0.26111432704997956,0.26111432704997956
so,W20p0,3,0,0.26077991985791843,0.26077991985791843
so,W10p0,10,7,-0.26030801304043694,0.26030801304043694
so,W40p0,4,3,-0.26025951660861385,0.26025951660861385
so,W20p0,3,1,0.2601937790765572,0.2601937790765572
thetao,W60p0,7,3,0.2601101064539766,0.2601101064539766
thetao,W20p0,10,14,0.25982574421507393,0.25982574421507393
so,W20p0,9,1,0.2592864291195211,0.2592864291195211
so,W40p0,7,12,0.2590630104941773,0.2590630104941773
thetao,W20p0,2,20,-0.25824281373510366,0.25824281373510366
thetao,W40p0,10,7,-0.2579896513367048,0.2579896513367048
thetao,W20p0,6,7,-0.257956316745275,0.257956316745275
thetao,W40p0,6,4,0.2574158870131784,0.2574158870131784
so,W10p0,7,6,-0.256952705536358,0.256952705536358
so,W20p0,10,7,-0.2567079239608263,0.2567079239608263
thetao,W10p0,5,5,0.25662227909662116,0.25662227909662116
so,W40p0,2,5,-0.2557500132661965,0.2557500132661965
thetao,W40p0,6,1,0.2553929679326426,0.2553929679326426
so,W30p0,1,6,0.2542657880966464,0.2542657880966464
thetao,W10p0,3,13,0.254216578276277,0.254216578276277
so,W30p0,8,3,0.2541702881961402,0.2541702881961402
thetao,W40p0,9,13,-0.25381997605064316,0.25381997605064316
thetao,W20p0,3,6,0.2532559163399936,0.2532559163399936
so,W20p0,3,2,0.25265014824382154,0.25265014824382154
thetao,W20p0,2,4,-0.252535952982142,0.252535952982142
thetao,W20p0,4,16,-0.2521095685747498,0.2521095685747498
so,W40p0,2,2,-0.2515112915969762,0.2515112915969762
thetao,W40p0,6,10,0.2513467528295996,0.2513467528295996
thetao,W10p0,10,18,-0.2511276727565865,0.2511276727565865
so,W10p0,4,20,0.25086174992183036,0.25086174992183036
thetao,W60p0,7,1,0.2504319246388428,0.2504319246388428
thetao,W10p0,10,16,-0.24994096856871667,0.24994096856871667
thetao,W40p0,10,13,-0.24975995825423025,0.24975995825423025
thetao,W10p0,4,8,0.24975308901295998,0.24975308901295998
thetao,W40p0,1,18,-0.24959329354864979,0.24959329354864979
so,W10p0,8,1,-0.24869065714536331,0.24869065714536331
thetao,W20p0,3,9,0.2482305480125728,0.2482305480125728
so,W10p0,7,9,-0.24768661845104628,0.24768661845104628
so,W10p0,2,7,0.24764743905446188,0.24764743905446188
so,W30p0,8,5,0.24693888343489043,0.24693888343489043
thetao,W10p0,9,10,-0.24619437721247703,0.24619437721247703
thetao,W40p0,6,5,0.24615369975463774,0.24615369975463774
so,W60p0,5,1,-0.24592841607853122,0.24592841607853122
so,W20p0,5,11,-0.24576118922971776,0.24576118922971776
so,W10p0,2,6,0.2451540790880692,0.2451540790880692
thetao,W60p0,9,10,-0.24478252020461846,0.24478252020461846
so,W30p0,10,2,0.24443808794733102,0.24443808794733102
thetao,W30p0,6,16,0.24435879896615523,0.24435879896615523
so,W60p0,1,3,0.24427951426558045,0.24427951426558045
so,W30p0,8,6,0.24405670863661535,0.24405670863661535
thetao,W40p0,8,5,0.24367000504072003,0.24367000504072003
so,W30p0,3,13,-0.24366995975960765,0.24366995975960765
so,W10p0,7,5,-0.24340980098955875,0.24340980098955875
thetao,W10p0,10,17,-0.24338160399025205,0.24338160399025205
thetao,W10p0,2,0,0.24337039220858173,0.24337039220858173
thetao,W20p0,3,13,0.24315210104093476,0.24315210104093476
thetao,W40p0,6,2,0.24311076437324164,0.24311076437324164
thetao,W10p0,8,8,0.24249304384336742,0.24249304384336742
thetao,W40p0,6,9,0.2419376085895251,0.2419376085895251
thetao,W60p0,3,8,-0.24189870435614005,0.24189870435614005
so,W40p0,4,4,-0.24171602421962693,0.24171602421962693
thetao,W20p0,3,12,0.24163711636273122,0.24163711636273122
so,W20p0,5,6,-0.2414295104016985,0.2414295104016985
thetao,W10p0,8,7,0.24119798889785404,0.24119798889785404
thetao,W10p0,4,0,0.24027299682030984,0.24027299682030984
thetao,W30p0,1,4,-0.23975081476367854,0.23975081476367854
so,W30p0,7,16,0.23952195382220848,0.23952195382220848
thetao,W10p0,8,9,0.23927856014575316,0.23927856014575316
thetao,W20p0,5,16,0.2385960752718928,0.2385960752718928
thetao,W20p0,5,15,0.23816431649800265,0.23816431649800265
thetao,W10p0,10,19,-0.23796886357174132,0.23796886357174132
thetao,W40p0,6,3,0.23755949468073767,0.23755949468073767
so,W30p0,5,10,0.2373276231331795,0.2373276231331795
so,W60p0,7,11,-0.2371107715634344,0.2371107715634344
thetao,W20p0,9,1,0.23694642998083357,0.23694642998083357
thetao,W10p0,9,4,-0.23659043459263548,0.23659043459263548
thetao,W10p0,7,0,0.23650632396714902,0.23650632396714902
so,W20p0,5,7,-0.23615928911270584,0.23615928911270584
thetao,W10p0,5,16,-0.2361481733878798,0.2361481733878798
so,W40p0,7,9,0.2359739143331828,0.2359739143331828
thetao,W10p0,10,20,-0.23540076801859675,0.23540076801859675
so,W40p0,5,20,0.23457946640438165,0.23457946640438165
so,W10p0,10,9,-0.23414990258605858,0.23414990258605858
so,W20p0,4,14,-0.2341107285329846,0.2341107285329846
thetao,W60p0,8,19,0.2338016558349619,0.2338016558349619
thetao,W60p0,9,2,0.2334141194906603,0.2334141194906603
so,W20p0,3,20,-0.23312041140403786,0.23312041140403786
so,W30p0,3,14,-0.2327370189182612,0.2327370189182612
so,W40p0,5,19,0.23262823683948122,0.23262823683948122
so,W20p0,5,12,-0.23256345210060864,0.23256345210060864
so,W30p0,8,7,0.23222054840902956,0.23222054840902956
thetao,W30p0,6,9,0.23219624359602437,0.23219624359602437
thetao,W60p0,8,3,-0.23206970248992803,0.23206970248992803
thetao,W20p0,6,5,-0.23182800479209278,0.23182800479209278
thetao,W40p0,2,4,-0.23149729103361075,0.23149729103361075
thetao,W10p0,2,20,-0.2308353545576641,0.2308353545576641
so,W40p0,1,0,0.23045722563519067,0.23045722563519067
so,W40p0,9,5,-0.23045429569905765,0.23045429569905765
so,W40p0,7,8,0.22884791613784963,0.22884791613784963
thetao,W10p0,7,16,0.22830452517715621,0.22830452517715621
thetao,W20p0,6,18,0.22803498410126327,0.22803498410126327
thetao,W20p0,10,15,0.22760162581121532,0.22760162581121532
thetao,W40p0,6,6,0.22758957036283892,0.22758957036283892
so,W10p0,1,1,-0.2273009998071648,0.2273009998071648
thetao,W10p0,3,14,0.22725567614876876,0.22725567614876876
so,W10p0,1,8,-0.2266723638893291,0.2266723638893291
thetao,W60p0,9,20,-0.22641863076379157,0.22641863076379157
thetao,W20p0,3,7,0.22641602968357533,0.22641602968357533
thetao,W40p0,2,5,-0.22535206119263598,0.22535206119263598
so,W30p0,5,12,0.22520439880672916,0.22520439880672916
thetao,W10p0,7,14,0.22480384698090006,0.22480384698090006
so,W10p0,2,15,0.22460283064140085,0.22460283064140085
so,W20p0,6,1,0.22417605961265932,0.22417605961265932
so,W40p0,4,5,-0.22401677920763247,0.22401677920763247
so,W40p0,4,2,-0.22368990372683378,0.22368990372683378
so,W10p0,7,4,-0.22340761420084854,0.22340761420084854
so,W60p0,1,14,-0.223219773024739,0.223219773024739
thetao,W30p0,2,0,-0.2229725949800548,0.2229725949800548
thetao,W40p0,10,6,-0.22292546819127415,0.22292546819127415
so,W40p0,7,6,0.22287826226556273,0.22287826226556273
so,W20p0,6,11,-0.22253862788377213,0.22253862788377213
thetao,W20p0,10,4,-0.2222683974083542,0.2222683974083542
so,W30p0,4,4,-0.22213400837325536,0.22213400837325536
thetao,W40p0,6,0,0.22204553235191032,0.22204553235191032
so,W20p0,7,19,0.22197512569679306,0.22197512569679306
so,W30p0,6,6,-0.22168004210213868,0.22168004210213868
thetao,W60p0,5,6,-0.22107125804473615,0.22107125804473615
thetao,W60p0,3,7,-0.22062059808679213,0.22062059808679213
thetao,W20p0,5,17,0.22053836242579172,0.22053836242579172
thetao,W20p0,3,8,0.21998333218970698,0.21998333218970698
so,W40p0,5,16,0.21977553706099937,0.21977553706099937
so,W60p0,3,14,0.2194801607847988,0.2194801607847988
thetao,W60p0,5,16,0.21856654840449372,0.21856654840449372
thetao,W10p0,4,10,0.21827672177069135,0.21827672177069135
thetao,W20p0,4,15,-0.21825707228839775,0.21825707228839775
so,W40p0,7,14,0.218139992462138,0.218139992462138
so,W60p0,1,13,-0.21781395251112043,0.21781395251112043
so,W20p0,6,10,-0.21779588277247197,0.21779588277247197
thetao,W40p0,6,11,0.21776860524673006,0.21776860524673006
thetao,W30p0,8,2,-0.21702788329806205,0.21702788329806205
thetao,W60p0,9,8,-0.21693012529059927,0.21693012529059927
so,W10p0,3,15,0.21624627030118262,0.21624627030118262
thetao,W40p0,1,17,-0.21613484273832267,0.21613484273832267
thetao,W40p0,10,14,-0.21481236919978122,0.21481236919978122
thetao,W20p0,9,5,0.2148078443422181,0.2148078443422181
so,W40p0,7,13,0.21480195747288575,0.21480195747288575
thetao,W20p0,5,13,0.21471348426992978,0.21471348426992978
thetao,W40p0,10,0,0.2145490634503105,0.2145490634503105
thetao,W20p0,6,8,-0.21419436371808048,0.21419436371808048
thetao,W20p0,5,14,0.21349230684643525,0.21349230684643525
thetao,W40p0,9,6,-0.2133288874969417,0.2133288874969417
thetao,W60p0,5,8,-0.21323776060219693,0.21323776060219693
so,W40p0,7,7,0.21281336611342414,0.21281336611342414
so,W60p0,9,19,-0.21259735728006623,0.21259735728006623
so,W60p0,5,7,0.21256057315666368,0.21256057315666368
thetao,W60p0,8,2,-0.2125377719130641,0.2125377719130641
so,W30p0,5,13,0.21200419275857205,0.21200419275857205
so,W20p0,10,14,0.21158526673648254,0.21158526673648254
thetao,W10p0,5,4,0.2114968396223455,0.2114968396223455
so,W30p0,2,6,0.21132165780141454,0.21132165780141454
thetao,W10p0,10,14,-0.21101262119193423,0.21101262119193423
so,W30p0,5,15,0.2110059758307371,0.2110059758307371
thetao,W60p0,3,13,-0.2109795216345059,0.2109795216345059
thetao,W20p0,6,17,0.21079314328873106,0.21079314328873106
so,W30p0,1,0,-0.2103406157656968,0.2103406157656968
thetao,W30p0,6,2,-0.20984924800418678,0.20984924800418678
so,W10p0,4,19,0.20978284101583236,0.20978284101583236
so,W40p0,3,5,0.20964690376627793,0.20964690376627793
so,W30p0,1,16,0.2092696265817244,0.2092696265817244
thetao,W60p0,10,3,0.20898418433718233,0.20898418433718233
so,W20p0,5,13,-0.2080730354726984,0.2080730354726984
thetao,W40p0,8,3,0.20799588585231787,0.20799588585231787
thetao,W30p0,1,9,-0.20784330936410372,0.20784330936410372
so,W30p0,3,15,-0.20701902469258035,0.20701902469258035
thetao,W60p0,9,9,-0.20701728705223818,0.20701728705223818
so,W20p0,7,6,-0.2066479244451205,0.2066479244451205
so,W40p0,3,11,0.20607745105397537,0.20607745105397537
thetao,W10p0,5,17,-0.20607611827600938,0.20607611827600938
thetao,W10p0,2,1,0.20596561286491752,0.20596561286491752
thetao,W30p0,3,1,-0.20596336555387282,0.20596336555387282
thetao,W10p0,4,9,0.20582214351167952,0.20582214351167952
so,W20p0,10,1,-0.2058198463627385,0.2058198463627385
so,W20p0,10,8,-0.20574356371914523,0.20574356371914523
thetao,W40p0,9,4,-0.205690284965974,0.205690284965974
so,W30p0,1,5,0.20563859209251933,0.20563859209251933
so,W60p0,4,1,0.20555234400213046,0.20555234400213046
thetao,W10p0,9,11,-0.2052787003440167,0.2052787003440167
thetao,W40p0,9,10,-0.2051610191813659,0.2051610191813659
thetao,W60p0,3,2,-0.2051154430528289,0.2051154430528289
so,W30p0,10,1,0.20501005410253215,0.20501005410253215
so,W40p0,1,18,0.20479448798892846,0.20479448798892846
thetao,W10p0,3,11,0.2047379440645881,0.2047379440645881
thetao,W60p0,5,18,0.20419047858760916,0.20419047858760916
so,W60p0,4,3,0.20400884537962033,0.20400884537962033
so,W10p0,3,13,0.20386384335054133,0.20386384335054133
thetao,W40p0,8,4,0.20364251923608973,0.20364251923608973
thetao,W60p0,10,0,-0.20360828320058316,0.20360828320058316
thetao,W20p0,3,20,-0.20315629759160023,0.20315629759160023
thetao,W60p0,9,18,-0.20287965289093723,0.20287965289093723
thetao,W30p0,8,8,-0.20236542476561475,0.20236542476561475
so,W20p0,3,4,0.202318481338728,0.202318481338728
thetao,W10p0,4,20,-0.20143759142440937,0.20143759142440937
thetao,W60p0,4,2,-0.20141549735329592,0.20141549735329592
so,W30p0,6,5,-0.20116711327201342,0.20116711327201342
thetao,W10p0,3,15,0.201091913670232,0.201091913670232
so,W30p0,3,12,-0.2008888945844096,0.2008888945844096
so,W30p0,7,14,0.2008344804413306,0.2008344804413306
thetao,W10p0,9,5,-0.20082134628110965,0.20082134628110965
thetao,W10p0,9,9,-0.2007605943702785,0.2007605943702785
so,W20p0,1,5,-0.20063560401345915,0.20063560401345915
so,W20p0,7,14,0.20041831882502972,0.20041831882502972
thetao,W10p0,9,12,-0.20040355392358877,0.20040355392358877
so,W30p0,10,0,0.20037915352152869,0.20037915352152869
so,W10p0,2,8,0.19988068101822556,0.19988068101822556
so,W20p0,4,15,-0.19987455777534793,0.19987455777534793
thetao,W60p0,5,5,-0.19962033780736016,0.19962033780736016
so,W10p0,1,0,-0.1994702167888704,0.1994702167888704
so,W20p0,6,12,-0.19935690363609868,0.19935690363609868
thetao,W60p0,5,17,0.1989934638334783,0.1989934638334783
so,W40p0,4,6,-0.19893550718927439,0.19893550718927439
so,W40p0,1,17,0.19862452627102337,0.19862452627102337
thetao,W10p0,6,8,-0.19849765152233065,0.19849765152233065
thetao,W60p0,9,17,-0.19815862149386756,0.19815862149386756
so,W40p0,7,19,0.19735584316729746,0.19735584316729746
so,W40p0,7,1,-0.19731865596594148,0.19731865596594148
thetao,W20p0,3,4,0.19723558224282448,0.19723558224282448
so,W10p0,7,3,-0.19723089579916758,0.19723089579916758
so,W20p0,6,0,0.1968744215359887,0.1968744215359887
so,W30p0,1,15,0.19685615713769739,0.19685615713769739
so,W20p0,10,15,0.19682283020323926,0.19682283020323926
so,W20p0,7,5,-0.19661708800610334,0.19661708800610334
so,W30p0,6,2,-0.1957099371673324,0.1957099371673324
so,W60p0,6,18,-0.19551144647463467,0.19551144647463467
thetao,W40p0,9,0,0.19547278222628311,0.19547278222628311
so,W30p0,4,8,-0.19543868783032264,0.19543868783032264
so,W20p0,8,17,-0.1953527399243466,0.1953527399243466
so,W20p0,8,0,-0.19524487078518074,0.19524487078518074
so,W60p0,3,5,-0.19484577821237511,0.19484577821237511
so,W40p0,9,1,-0.19481117281643162,0.19481117281643162
thetao,W40p0,2,6,-0.1946469184314598,0.1946469184314598
thetao,W60p0,5,9,-0.19421455886106676,0.19421455886106676
thetao,W10p0,9,3,-0.19338077547563712,0.19338077547563712
thetao,W10p0,3,19,0.19315390153713294,0.19315390153713294
thetao,W40p0,1,16,-0.1931462242271191,0.1931462242271191
so,W40p0,3,12,0.1927592836537492,0.1927592836537492
so,W20p0,6,20,0.19250845885527926,0.19250845885527926
so,W40p0,6,19,0.19245858643105407,0.19245858643105407
thetao,W60p0,9,12,-0.1923539010395927,0.1923539010395927
so,W20p0,9,7,-0.19146005835874963,0.19146005835874963
so,W10p0,5,15,0.19112694466653238,0.19112694466653238
so,W10p0,6,7,0.1902678383657356,0.1902678383657356
so,W40p0,4,20,-0.19008730118612716,0.19008730118612716
thetao,W20p0,3,5,0.18912275380139243,0.18912275380139243
thetao,W20p0,1,0,0.18897099056585542,0.18897099056585542
thetao,W20p0,4,12,-0.18879230638886413,0.18879230638886413
so,W10p0,1,9,-0.18835432442926808,0.18835432442926808
so,W60p0,2,2,0.18813203979498497,0.18813203979498497
so,W30p0,1,18,0.18807415344526182,0.18807415344526182
thetao,W30p0,6,3,-0.18797998869934698,0.18797998869934698
thetao,W60p0,4,20,0.1879646794625117,0.1879646794625117
thetao,W10p0,7,17,0.1873524187328668,0.1873524187328668
so,W10p0,6,6,0.18703973927846088,0.18703973927846088
so,W60p0,7,8,-0.18689673130616097,0.18689673130616097
thetao,W60p0,9,16,-0.18645526299308088,0.18645526299308088
so,W20p0,10,17,0.18639218859496912,0.18639218859496912
thetao,W60p0,3,14,-0.18615784435018826,0.18615784435018826
so,W10p0,7,18,0.18602867723046815,0.18602867723046815
thetao,W60p0,3,9,-0.1857987563119997,0.1857987563119997
so,W10p0,7,2,-0.1857641034471246,0.1857641034471246
so,W10p0,8,0,-0.1857052680325846,0.1857052680325846
so,W60p0,5,0,-0.18520811997342312,0.18520811997342312
so,W30p0,1,10,0.18510839697933765,0.18510839697933765
so,W60p0,3,0,0.18463665536921262,0.18463665536921262
thetao,W40p0,10,1,0.1843260987095931,0.1843260987095931
so,W10p0,3,14,0.18418915013984427,0.18418915013984427
thetao,W60p0,7,15,0.1841248611825812,0.1841248611825812
thetao,W60p0,7,16,0.18370426310471613,0.18370426310471613
so,W20p0,2,4,-0.1836831869852952,0.1836831869852952
thetao,W60p0,3,4,-0.1836201799187417,0.1836201799187417
so,W10p0,7,10,-0.1833323513171218,0.1833323513171218
thetao,W20p0,2,5,-0.1828633570084484,0.1828633570084484
thetao,W20p0,5,12,0.182572638363584,0.182572638363584
so,W20p0,6,9,-0.18231352647104776,0.18231352647104776
so,W10p0,2,5,0.18223025680208962,0.18223025680208962
so,W30p0,7,13,0.18206540776370927,0.18206540776370927
so,W30p0,2,17,-0.18196915651722007,0.18196915651722007
thetao,W20p0,8,6,0.1817860235430168,0.1817860235430168
so,W60p0,4,4,0.18161373515444407,0.18161373515444407
thetao,W10p0,2,4,0.18159224656158168,0.18159224656158168
thetao,W20p0,6,19,0.1808280805103116,0.1808280805103116
thetao,W60p0,8,4,-0.18037821846055463,0.18037821846055463
so,W10p0,3,12,0.17988972910689638,0.17988972910689638
thetao,W30p0,4,2,0.17956966540058594,0.17956966540058594
so,W60p0,6,19,-0.17950682080513283,0.17950682080513283
so,W30p0,2,7,0.17923360758708057,0.17923360758708057
thetao,W10p0,2,3,0.17913863386872161,0.17913863386872161
thetao,W20p0,2,15,-0.17897519150715133,0.17897519150715133
thetao,W20p0,3,3,0.1787732897282053,0.1787732897282053
so,W40p0,10,2,-0.17868416470228038,0.17868416470228038
so,W60p0,10,10,0.178516635820475,0.178516635820475
thetao,W60p0,9,4,-0.17850216560757562,0.17850216560757562
thetao,W10p0,1,8,-0.17841954100439777,0.17841954100439777
so,W60p0,2,3,0.17813820780523298,0.17813820780523298
thetao,W30p0,4,1,0.1780328224404185,0.1780328224404185
thetao,W10p0,3,17,0.17780234565201924,0.17780234565201924
so,W10p0,1,10,-0.17768603131476474,0.17768603131476474
thetao,W20p0,9,17,-0.17763654271554902,0.17763654271554902
so,W20p0,6,19,0.1774458341764829,0.1774458341764829
thetao,W10p0,3,18,0.17738603310043932,0.17738603310043932
so,W10p0,5,3,-0.17734996042792958,0.17734996042792958
so,W60p0,1,12,-0.17726034018831197,0.17726034018831197
thetao,W30p0,1,3,-0.17652052086493983,0.17652052086493983
thetao,W60p0,8,1,-0.17618494229091977,0.17618494229091977
so,W40p0,7,15,0.17607791486078944,0.17607791486078944
thetao,W40p0,1,19,-0.17600074504393337,0.17600074504393337
so,W20p0,1,9,-0.17599732273837332,0.17599732273837332
thetao,W60p0,1,11,0.17589418593887646,0.17589418593887646
so,W20p0,2,17,-0.17560146382780553,0.17560146382780553
so,W60p0,6,0,0.17559726896242378,0.17559726896242378
so,W20p0,1,10,-0.17548367568592552,0.17548367568592552
thetao,W20p0,1,1,0.17531100932779575,0.17531100932779575
thetao,W60p0,8,0,-0.17529107078401118,0.17529107078401118
so,W10p0,3,18,0.17483589334703759,0.17483589334703759
so,W60p0,4,8,0.17480476537762804,0.17480476537762804
so,W60p0,10,0,-0.17468402911376082,0.17468402911376082
thetao,W60p0,9,19,-0.17462106079607664,0.17462106079607664
so,W30p0,1,19,0.17425258532774754,0.17425258532774754
thetao,W30p0,4,19,0.17405745610150294,0.17405745610150294
so,W10p0,10,6,-0.17399906970917875,0.17399906970917875
thetao,W60p0,6,1,0.17388950616056437,0.17388950616056437
thetao,W10p0,6,0,-0.17326392322798112,0.17326392322798112
so,W60p0,5,8,0.17302041893908865,0.17302041893908865
thetao,W60p0,3,6,-0.17294449952643484,0.17294449952643484
so,W30p0,4,17,-0.1725325471124564,0.1725325471124564
thetao,W40p0,6,8,0.17166576847159706,0.17166576847159706
so,W20p0,10,13,0.17134655162544613,0.17134655162544613
so,W40p0,6,20,0.17115038993182796,0.17115038993182796
thetao,W60p0,4,19,0.17113021583649632,0.17113021583649632
thetao,W40p0,9,9,-0.17112273682003282,0.17112273682003282
so,W60p0,5,6,0.17107537207008022,0.17107537207008022
thetao,W10p0,1,7,-0.17094015507232807,0.17094015507232807
thetao,W10p0,10,2,0.17088935152754203,0.17088935152754203
so,W60p0,3,9,0.1704917931228881,0.1704917931228881
so,W20p0,5,9,-0.17037343679361172,0.17037343679361172
thetao,W60p0,2,11,-0.16978861467634285,0.16978861467634285
so,W60p0,6,20,-0.16914642115498368,0.16914642115498368
so,W40p0,5,3,-0.16879612662927387,0.16879612662927387
thetao,W20p0,6,0,0.16857837301265924,0.16857837301265924
so,W40p0,5,18,0.16825001349654917,0.16825001349654917
thetao,W60p0,5,7,-0.1682338448835701,0.1682338448835701
so,W20p0,7,20,0.16790785069379166,0.16790785069379166
thetao,W30p0,6,1,-0.16790530379717442,0.16790530379717442
thetao,W60p0,3,3,-0.16758854603291518,0.16758854603291518
thetao,W40p0,6,7,0.16741845028352723,0.16741845028352723
so,W40p0,9,6,-0.16741051906801066,0.16741051906801066
so,W60p0,6,1,0.16730015811069227,0.16730015811069227
thetao,W60p0,6,10,-0.16719493932671253,0.16719493932671253
so,W10p0,7,13,-0.1670820581791266,0.1670820581791266
so,W20p0,5,10,-0.16707558967360042,0.16707558967360042
thetao,W10p0,1,9,-0.16680729628401167,0.16680729628401167
thetao,W30p0,6,17,0.16665206657886886,0.16665206657886886
thetao,W60p0,1,20,-0.16664100167761406,0.16664100167761406
thetao,W40p0,8,15,0.16659771895654207,0.16659771895654207
thetao,W60p0,2,19,0.16630154795036978,0.16630154795036978
thetao,W40p0,8,17,0.16609429921718638,0.16609429921718638
so,W40p0,5,9,-0.16598827500582633,0.16598827500582633
thetao,W20p0,10,20,-0.16557494431538677,0.16557494431538677
thetao,W30p0,10,3,-0.16556976440671223,0.16556976440671223
thetao,W40p0,8,16,0.165549773728131,0.165549773728131
thetao,W60p0,3,1,-0.16553954510821622,0.16553954510821622
thetao,W20p0,10,13,0.16527928496875724,0.16527928496875724
thetao,W60p0,3,5,-0.16525073717710903,0.16525073717710903
so,W20p0,6,8,-0.16522370375275,0.16522370375275
thetao,W20p0,4,11,-0.16495414051135493,0.16495414051135493
so,W20p0,4,17,-0.16481448312993902,0.16481448312993902
thetao,W10p0,4,11,0.16473653393932472,0.16473653393932472
thetao,W60p0,5,2,-0.1647212987679003,0.1647212987679003
thetao,W10p0,9,2,-0.16428449768226663,0.16428449768226663
so,W60p0,2,12,0.16348540166427705,0.16348540166427705
thetao,W40p0,7,4,-0.1634138036678856,0.1634138036678856
thetao,W40p0,2,0,-0.16308204278872182,0.16308204278872182
thetao,W30p0,1,10,-0.1630227359130796,0.1630227359130796
thetao,W10p0,8,20,-0.16301662127131694,0.16301662127131694
thetao,W10p0,8,10,0.16300409434106175,0.16300409434106175
thetao,W30p0,8,9,-0.1625533894712727,0.1625533894712727
thetao,W20p0,10,2,-0.1624174981701314,0.1624174981701314
so,W60p0,10,11,0.1623107534065246,0.1623107534065246
thetao,W60p0,5,19,0.16229521397960442,0.16229521397960442
so,W40p0,3,6,0.16207023783462776,0.16207023783462776
thetao,W10p0,2,2,0.16186716111393937,0.16186716111393937
so,W30p0,6,3,-0.1617406216402692,0.1617406216402692
thetao,W40p0,7,5,-0.16173739037836113,0.16173739037836113
so,W30p0,1,17,0.16170609398436003,0.16170609398436003
thetao,W10p0,10,1,0.16170590859026615,0.16170590859026615
thetao,W60p0,5,4,-0.16145570838399803,0.16145570838399803
thetao,W10p0,8,6,0.1613624212925187,0.1613624212925187
so,W20p0,2,18,-0.161075146674139,0.161075146674139
thetao,W40p0,5,19,-0.16058315266869824,0.16058315266869824
thetao,W30p0,2,15,-0.16052837741677314,0.16052837741677314
thetao,W10p0,3,16,0.16051914613076795,0.16051914613076795
so,W10p0,1,20,0.16044032263035246,0.16044032263035246
so,W30p0,10,3,0.16042146874854804,0.16042146874854804
so,W40p0,3,10,0.1604185665735066,0.1604185665735066
so,W60p0,2,1,0.1602397080408001,0.1602397080408001
so,W40p0,4,19,-0.15998052518618502,0.15998052518618502
so,W30p0,3,16,-0.15997625626688508,0.15997625626688508
thetao,W60p0,6,17,-0.15990768198894867,0.15990768198894867
so,W30p0,1,1,-0.15972646406344065,0.15972646406344065
so,W40p0,1,16,0.1596357900223981,0.1596357900223981
thetao,W60p0,3,11,-0.15953331046758268,0.15953331046758268
thetao,W60p0,9,11,-0.15952767682609315,0.15952767682609315
so,W10p0,5,14,0.15941230370773712,0.15941230370773712
thetao,W60p0,8,9,0.15931342697814777,0.15931342697814777
so,W10p0,5,4,-0.1589840381909088,0.1589840381909088
thetao,W20p0,1,2,0.15879731388572899,0.15879731388572899
thetao,W60p0,7,13,0.15872906615970947,0.15872906615970947
thetao,W20p0,6,4,-0.15838099443303913,0.15838099443303913
thetao,W40p0,5,7,0.15824796962372806,0.15824796962372806
so,W60p0,2,13,0.1581039048672339,0.1581039048672339
so,W40p0,5,17,0.15805390576655268,0.15805390576655268
so,W30p0,4,1,0.1577991601508721,0.1577991601508721
so,W60p0,8,3,-0.15767745636754532,0.15767745636754532
so,W30p0,9,5,-0.15766648384458473,0.15766648384458473
so,W40p0,1,1,0.1572820868187335,0.1572820868187335
so,W40p0,8,8,0.15723550651964227,0.15723550651964227
thetao,W60p0,5,15,0.15695397342999842,0.15695397342999842
so,W60p0,6,16,-0.15646719487324082,0.15646719487324082
so,W30p0,6,13,0.1564046483766161,0.1564046483766161
so,W20p0,5,5,-0.1563372182834328,0.1563372182834328
thetao,W10p0,8,19,-0.15623633817678895,0.15623633817678895
so,W30p0,4,9,-0.15592757313448394,0.15592757313448394
so,W10p0,5,2,-0.1558108457106455,0.1558108457106455
thetao,W10p0,4,13,0.1555481876195955,0.1555481876195955
so,W40p0,5,12,-0.155465517903941,0.155465517903941
so,W10p0,4,18,0.1550999375944312,0.1550999375944312
so,W60p0,4,16,-0.155093091255327,0.155093091255327
thetao,W10p0,5,13,-0.15508497447521102,0.15508497447521102
so,W30p0,7,12,0.15490917362493895,0.15490917362493895
thetao,W20p0,7,3,0.15461481008902772,0.15461481008902772
thetao,W60p0,3,12,-0.1545259823316993,0.1545259823316993
so,W30p0,2,5,0.15438647889594867,0.15438647889594867
thetao,W40p0,8,2,0.15418925878255582,0.15418925878255582
so,W60p0,6,15,-0.15399226262238827,0.15399226262238827
thetao,W40p0,6,12,0.15389456254821085,0.15389456254821085
so,W40p0,3,4,0.15353603000827504,0.15353603000827504
thetao,W10p0,5,15,-0.15341604642039738,0.15341604642039738
thetao,W20p0,4,4,0.15244355452747776,0.15244355452747776
so,W30p0,9,9,0.15242045658889958,0.15242045658889958
so,W40p0,3,13,0.15241434175459131,0.15241434175459131
so,W60p0,7,12,-0.15238642680356262,0.15238642680356262
so,W10p0,9,7,0.1523516586114812,0.1523516586114812
thetao,W60p0,2,12,-0.1519893449769917,0.1519893449769917
thetao,W20p0,8,7,0.15179058632610962,0.15179058632610962
so,W10p0,2,9,0.15169301019415557,0.15169301019415557
so,W30p0,6,4,-0.1516820894551895,0.1516820894551895
thetao,W30p0,2,14,-0.15161206169007158,0.15161206169007158
so,W60p0,9,20,-0.151605621337899,0.151605621337899
thetao,W30p0,2,13,-0.15160428275905813,0.15160428275905813
so,W30p0,5,18,0.15135172672187797,0.15135172672187797
so,W20p0,1,8,-0.15127626481801076,0.15127626481801076
so,W40p0,2,1,-0.15113250650087967,0.15113250650087967
thetao,W60p0,2,17,0.1509480491387952,0.1509480491387952
so,W20p0,9,0,0.15092050951573954,0.15092050951573954
thetao,W60p0,7,9,-0.15091898583676178,0.15091898583676178
so,W20p0,10,16,0.15082889622507512,0.15082889622507512
so,W60p0,4,19,0.1507330834494323,0.1507330834494323
thetao,W20p0,6,16,0.15068685176407703,0.15068685176407703
thetao,W60p0,1,19,-0.15067030022031702,0.15067030022031702
thetao,W60p0,1,12,0.1505041570475518,0.1505041570475518
so,W20p0,5,8,-0.1504836929086462,0.1504836929086462
so,W20p0,10,9,-0.15012787335796807,0.15012787335796807
so,W10p0,8,12,0.150068540217767,0.150068540217767
thetao,W40p0,5,10,0.14931326758570287,0.14931326758570287
thetao,W60p0,6,11,-0.14902071468967223,0.14902071468967223
so,W30p0,7,0,-0.14900667772094914,0.14900667772094914
thetao,W40p0,7,7,-0.14886248539356728,0.14886248539356728
thetao,W30p0,3,6,-0.1488207708078346,0.1488207708078346
so,W10p0,1,11,-0.14861793089938424,0.14861793089938424
thetao,W10p0,3,4,0.14841872399563,0.14841872399563
so,W20p0,2,3,-0.1482703266427738,0.1482703266427738
thetao,W60p0,10,2,0.14799506247334596,0.14799506247334596
thetao,W40p0,10,15,-0.14785364563198686,0.14785364563198686
so,W20p0,4,18,-0.14778866347305408,0.14778866347305408
so,W40p0,3,9,0.14772406831538445,0.14772406831538445
so,W20p0,2,16,-0.14760962770524033,0.14760962770524033
thetao,W40p0,3,5,-0.14738570063645304,0.14738570063645304
so,W30p0,1,20,0.1473440483434687,0.1473440483434687
so,W10p0,2,3,-0.14722792967416454,0.14722792967416454
so,W10p0,7,12,-0.14714406080130069,0.14714406080130069
so,W20p0,9,3,0.14699754488759403,0.14699754488759403
so,W20p0,6,2,0.14682295070564347,0.14682295070564347
thetao,W60p0,4,1,-0.14679322631304478,0.14679322631304478
thetao,W60p0,5,3,-0.14677020385369405,0.14677020385369405
so,W20p0,1,12,-0.1467042650007683,0.1467042650007683
thetao,W30p0,3,5,-0.14663719879062995,0.14663719879062995
thetao,W60p0,10,4,0.14626319949791627,0.14626319949791627
so,W60p0,6,17,-0.1461957550090528,0.1461957550090528
thetao,W60p0,8,8,0.1459941179905178,0.1459941179905178
thetao,W10p0,7,10,-0.1454733800524951,0.1454733800524951
so,W40p0,7,18,0.14533753632955437,0.14533753632955437
thetao,W10p0,1,6,-0.14493271314078968,0.14493271314078968
thetao,W10p0,5,14,-0.14479513900081978,0.14479513900081978
thetao,W10p0,2,5,0.14479313384084816,0.14479313384084816
thetao,W40p0,8,6,0.14458845404369097,0.14458845404369097
so,W10p0,3,3,-0.14439089582957063,0.14439089582957063
so,W40p0,5,10,-0.14422922654990475,0.14422922654990475
thetao,W40p0,3,9,-0.1441403296042705,0.1441403296042705
thetao,W10p0,5,3,0.14410449873357153,0.14410449873357153
so,W20p0,2,19,-0.14374693370192715,0.14374693370192715
thetao,W40p0,9,8,-0.1434558903576109,0.1434558903576109
so,W60p0,3,4,-0.14312070450810932,0.14312070450810932
thetao,W20p0,3,19,-0.14300033689610253,0.14300033689610253
thetao,W20p0,4,13,-0.1429116390689765,0.1429116390689765
so,W20p0,7,7,-0.1428973680944966,0.1428973680944966
so,W10p0,3,4,-0.1426908730680184,0.1426908730680184
thetao,W30p0,2,12,-0.14264042576116764,0.14264042576116764
thetao,W10p0,5,12,-0.1425551002770988,0.1425551002770988
so,W60p0,4,5,0.14228932995261456,0.14228932995261456
so,W10p0,3,19,0.14207482231512367,0.14207482231512367
thetao,W20p0,9,19,-0.14193245617019765,0.14193245617019765
so,W10p0,8,11,0.14184876430031695,0.14184876430031695
so,W20p0,3,19,-0.14184417082279643,0.14184417082279643
thetao,W20p0,8,5,0.14170660310365027,0.14170660310365027
thetao,W20p0,7,19,-0.1414999130787107,0.1414999130787107
thetao,W30p0,3,4,-0.14129973794216286,0.14129973794216286
thetao,W40p0,9,7,-0.14128444999893883,0.14128444999893883
so,W10p0,3,5,-0.14127727335239723,0.14127727335239723
thetao,W20p0,6,1,0.14123714083230454,0.14123714083230454
thetao,W40p0,5,6,0.14118934407844813,0.14118934407844813
thetao,W40p0,2,7,-0.14090919102900035,0.14090919102900035
thetao,W60p0,7,14,0.14071268583240557,0.14071268583240557
thetao,W20p0,5,11,0.14052548834747794,0.14052548834747794
so,W20p0,8,16,-0.14044343945026122,0.14044343945026122
thetao,W40p0,7,6,-0.14043737977413667,0.14043737977413667
so,W40p0,10,7,0.13965304774136644,0.13965304774136644
so,W40p0,8,7,0.13962847212612034,0.13962847212612034
so,W40p0,10,3,-0.13941563374955698,0.13941563374955698
thetao,W10p0,9,13,-0.13934907167054764,0.13934907167054764
thetao,W40p0,3,12,-0.1392324112294079,0.1392324112294079
thetao,W10p0,7,8,-0.13898771925381354,0.13898771925381354
thetao,W10p0,7,3,-0.13881135603576644,0.13881135603576644
so,W40p0,8,9,0.1387812692697405,0.1387812692697405
thetao,W60p0,3,15,-0.13865883423273956,0.13865883423273956
thetao,W60p0,5,1,-0.13855214324509288,0.13855214324509288
so,W10p0,7,11,-0.13837070330085458,0.13837070330085458
thetao,W60p0,6,16,-0.1383614231488196,0.1383614231488196
thetao,W10p0,2,19,-0.13815486109461947,0.13815486109461947
thetao,W20p0,9,18,-0.13805316328954273,0.13805316328954273
so,W20p0,4,0,-0.13797715179383527,0.13797715179383527
so,W30p0,4,18,-0.137878426538149,0.137878426538149
thetao,W60p0,9,13,-0.13772974733212304,0.13772974733212304
thetao,W10p0,7,7,-0.13770156477730483,0.13770156477730483
so,W40p0,7,5,0.13765084868000424,0.13765084868000424
so,W10p0,8,4,-0.13761852865256355,0.13761852865256355
thetao,W30p0,6,4,-0.13689090488978872,0.13689090488978872
thetao,W60p0,6,2,0.13673613652191588,0.13673613652191588
thetao,W40p0,9,14,-0.13613167594475564,0.13613167594475564
thetao,W60p0,7,10,-0.13604881278128472,0.13604881278128472
so,W60p0,1,11,-0.13600673409833638,0.13600673409833638
so,W10p0,7,1,-0.1359224437550194,0.1359224437550194
so,W60p0,8,0,0.13590063418102655,0.13590063418102655
thetao,W40p0,5,11,0.13530017093260238,0.13530017093260238
thetao,W60p0,2,7,0.1352933585124192,0.1352933585124192
thetao,W30p0,10,4,-0.13529200054245394,0.13529200054245394
so,W30p0,1,14,0.13516259828567237,0.13516259828567237
thetao,W60p0,8,15,-0.13511567584596915,0.13511567584596915
thetao,W60p0,7,20,-0.13501675346146083,0.13501675346146083
thetao,W60p0,8,16,-0.13495894239853626,0.13495894239853626
thetao,W30p0,9,2,-0.134945546382474,0.134945546382474
thetao,W60p0,9,15,-0.13440563487511983,0.13440563487511983
thetao,W40p0,2,16,0.13409511940560753,0.13409511940560753
thetao,W40p0,3,20,0.13399544934502908,0.13399544934502908
so,W30p0,3,17,-0.13397825034495642,0.13397825034495642
thetao,W30p0,5,10,0.13383880951356716,0.13383880951356716
so,W20p0,1,14,-0.1337987803636107,0.1337987803636107
so,W10p0,4,13,-0.13366281512849035,0.13366281512849035
thetao,W20p0,3,2,0.13365037731174947,0.13365037731174947
thetao,W60p0,9,14,-0.13363241593520206,0.13363241593520206
thetao,W10p0,6,14,-0.13314398928021953,0.13314398928021953
so,W10p0,10,4,-0.13282383058814473,0.13282383058814473
so,W60p0,1,15,-0.1326396005775671,0.1326396005775671
so,W60p0,8,10,0.13259951074342954,0.13259951074342954
so,W30p0,9,10,0.13257548960489351,0.13257548960489351
thetao,W60p0,1,13,0.13253718328683844,0.13253718328683844
so,W30p0,8,2,0.13250236119503217,0.13250236119503217
so,W20p0,2,5,-0.13240296532493973,0.13240296532493973
thetao,W20p0,10,5,-0.13239212470049472,0.13239212470049472
thetao,W10p0,6,7,-0.1322377036376399,0.1322377036376399
thetao,W60p0,4,3,-0.13214059407811476,0.13214059407811476
so,W40p0,4,7,-0.1321211869721118,0.1321211869721118
so,W20p0,9,6,-0.13211589745338753,0.13211589745338753
thetao,W60p0,6,12,-0.13191778832695128,0.13191778832695128
thetao,W60p0,3,10,-0.13170145065446764,0.13170145065446764
thetao,W20p0,7,2,0.13159969220990797,0.13159969220990797
so,W30p0,3,11,-0.13134532200658738,0.13134532200658738
thetao,W40p0,3,14,-0.13132390842852368,0.13132390842852368
so,W40p0,2,6,-0.13128093461585574,0.13128093461585574
so,W20p0,10,18,0.13120383726927926,0.13120383726927926
so,W40p0,10,8,0.13101556293725364,0.13101556293725364
thetao,W10p0,3,10,0.13090346413906215,0.13090346413906215
so,W60p0,2,11,0.13083482579372474,0.13083482579372474
thetao,W40p0,3,8,-0.13074904469091436,0.13074904469091436
so,W60p0,10,6,0.1300392438520697,0.1300392438520697
so,W60p0,3,19,-0.12965584989481602,0.12965584989481602
so,W20p0,7,4,-0.1296169282539601,0.1296169282539601
so,W30p0,5,17,0.1290965568961047,0.1290965568961047
so,W20p0,3,16,0.12900838383877028,0.12900838383877028
thetao,W40p0,6,17,-0.12896405218106974,0.12896405218106974
thetao,W40p0,9,1,0.12887645177981163,0.12887645177981163
thetao,W20p0,1,3,0.12869061803525747,0.12869061803525747
thetao,W30p0,3,2,-0.12867399023122736,0.12867399023122736
thetao,W40p0,5,2,-0.12854624726630268,0.12854624726630268
thetao,W10p0,8,5,0.12850404129427814,0.12850404129427814
thetao,W30p0,9,16,0.12835211341368016,0.12835211341368016
so,W60p0,4,6,0.12827624764483206,0.12827624764483206
thetao,W60p0,2,13,-0.12821957025543462,0.12821957025543462
thetao,W10p0,4,12,0.12820372786247947,0.12820372786247947
so,W30p0,2,8,0.1281821966863749,0.1281821966863749
thetao,W60p0,7,0,0.12779466158115976,0.12779466158115976
thetao,W10p0,4,14,0.12776661337852024,0.12776661337852024
thetao,W10p0,1,10,-0.1277628352196593,0.1277628352196593
so,W40p0,8,4,-0.12756287971775662,0.12756287971775662
so,W60p0,3,15,0.1275402391027835,0.1275402391027835
so,W40p0,9,15,-0.127417741305064,0.127417741305064
thetao,W10p0,3,9,0.12693551133954803,0.12693551133954803
so,W20p0,1,6,-0.12670737081680075,0.12670737081680075
thetao,W40p0,9,17,0.1267044511466656,0.1267044511466656
thetao,W60p0,6,20,-0.12662704887809798,0.12662704887809798
so,W60p0,2,20,-0.12653475506096584,0.12653475506096584
thetao,W40p0,10,2,0.1258582310785009,0.1258582310785009
so,W20p0,1,11,-0.12572925159908044,0.12572925159908044
so,W30p0,9,14,0.12562982349341043,0.12562982349341043
thetao,W30p0,6,0,-0.1254689789858341,0.1254689789858341
thetao,W20p0,6,9,-0.12546174002992033,0.12546174002992033
so,W30p0,2,1,-0.12535146627405735,0.12535146627405735
thetao,W20p0,6,15,0.12527823633865917,0.12527823633865917
so,W20p0,1,13,-0.1252545708207895,0.1252545708207895
thetao,W40p0,6,18,-0.12524034344633572,0.12524034344633572
thetao,W30p0,1,0,0.12507235613949153,0.12507235613949153
thetao,W60p0,2,6,0.12497225520514531,0.12497225520514531
thetao,W60p0,5,10,-0.12492039904649263,0.12492039904649263
so,W30p0,6,10,0.12491887784912563,0.12491887784912563
thetao,W40p0,4,9,-0.12486975659897881,0.12486975659897881
so,W30p0,3,2,0.12482250232582974,0.12482250232582974
so,W60p0,3,6,-0.12474990837997363,0.12474990837997363
thetao,W10p0,10,3,0.12474714239478454,0.12474714239478454
so,W10p0,6,5,0.12445413039878397,0.12445413039878397
so,W60p0,4,7,0.12438147113276547,0.12438147113276547
so,W20p0,6,13,-0.12435208575802965,0.12435208575802965
thetao,W40p0,1,0,-0.12395817873880398,0.12395817873880398
thetao,W40p0,10,16,-0.12375708721924299,0.12375708721924299
thetao,W10p0,3,0,-0.12356191515183622,0.12356191515183622
thetao,W60p0,7,4,0.12353009528978509,0.12353009528978509
thetao,W40p0,4,6,-0.12331332517797307,0.12331332517797307
thetao,W40p0,1,15,-0.12330546249778386,0.12330546249778386
thetao,W40p0,9,19,-0.12306818113203094,0.12306818113203094
so,W40p0,7,17,0.12300371019206303,0.12300371019206303
thetao,W40p0,9,20,-0.12278127610016029,0.12278127610016029
so,W40p0,7,16,0.12269047901494151,0.12269047901494151
thetao,W40p0,2,9,-0.12261632564697593,0.12261632564697593
so,W20p0,6,18,0.12252903379961226,0.12252903379961226
thetao,W30p0,6,18,0.12251819784439826,0.12251819784439826
so,W10p0,9,0,0.12240774440298124,0.12240774440298124
thetao,W30p0,1,2,-0.12232266275456251,0.12232266275456251
so,W20p0,6,15,-0.12203416081468374,0.12203416081468374
so,W40p0,4,1,-0.12197171783815677,0.12197171783815677
so,W60p0,10,19,0.12175042966521855,0.12175042966521855
so,W60p0,6,9,0.12138733364715196,0.12138733364715196
thetao,W20p0,9,14,-0.12129421700257928,0.12129421700257928
so,W20p0,5,4,-0.1212134988685122,0.1212134988685122
thetao,W10p0,9,19,0.12103605101556514,0.12103605101556514
thetao,W40p0,5,12,0.12089544324390936,0.12089544324390936
thetao,W10p0,7,4,-0.12043136892735126,0.12043136892735126
thetao,W40p0,10,19,-0.1200306704476964,0.1200306704476964
so,W10p0,4,12,-0.12003018822042037,0.12003018822042037
so,W20p0,1,20,-0.11989849695825716,0.11989849695825716
thetao,W30p0,6,8,0.1197898335120353,0.1197898335120353
thetao,W20p0,4,3,0.11961701485548196,0.11961701485548196
thetao,W40p0,8,18,0.1195057868451527,0.1195057868451527
so,W20p0,4,3,0.11943120146631248,0.11943120146631248
thetao,W30p0,4,16,0.11910118129141277,0.11910118129141277
thetao,W40p0,5,9,0.11904030666237182,0.11904030666237182
thetao,W60p0,5,0,-0.11901898888832116,0.11901898888832116
thetao,W30p0,2,16,-0.11887224366862809,0.11887224366862809
thetao,W20p0,1,4,0.11870297888119924,0.11870297888119924
so,W20p0,8,18,-0.11861898867836056,0.11861898867836056
so,W60p0,5,16,0.1185885568006951,0.1185885568006951
so,W40p0,9,19,-0.11857108218339282,0.11857108218339282
thetao,W10p0,8,12,0.11851284507227483,0.11851284507227483
so,W60p0,5,14,0.11849885464831884,0.11849885464831884
so,W10p0,8,10,0.11841776049843261,0.11841776049843261
so,W10p0,1,19,0.11827979591393435,0.11827979591393435
so,W40p0,1,2,0.11820681134006711,0.11820681134006711
thetao,W10p0,6,9,-0.11801664720770223,0.11801664720770223
so,W30p0,1,13,0.11796720645929822,0.11796720645929822
thetao,W40p0,2,17,0.11780854739804185,0.11780854739804185
thetao,W10p0,1,5,-0.11780811613882866,0.11780811613882866
thetao,W10p0,8,11,0.11766639722541407,0.11766639722541407
so,W40p0,8,3,-0.11765328354880598,0.11765328354880598
so,W10p0,5,16,0.11763243036700415,0.11763243036700415
thetao,W40p0,5,20,-0.11762852817300322,0.11762852817300322
so,W20p0,2,20,-0.11759633987439508,0.11759633987439508
thetao,W10p0,9,8,-0.11733678697534261,0.11733678697534261
thetao,W40p0,6,15,-0.11730119578475026,0.11730119578475026
thetao,W30p0,7,20,0.11719916101176386,0.11719916101176386
so,W20p0,6,14,-0.11718789797593121,0.11718789797593121
so,W30p0,2,16,-0.11709799717196967,0.11709799717196967
so,W20p0,1,19,-0.11703203227586605,0.11703203227586605
thetao,W30p0,10,18,-0.11697790692468149,0.11697790692468149
thetao,W10p0,3,20,0.11696628971530935,0.11696628971530935
so,W60p0,5,2,-0.11627518789284343,0.11627518789284343
so,W40p0,9,14,-0.11610652249870823,0.11610652249870823
so,W20p0,4,4,0.11583629347194908,0.11583629347194908
thetao,W30p0,4,18,0.11583513880114618,0.11583513880114618
thetao,W30p0,10,2,-0.11583417296167657,0.11583417296167657
so,W40p0,10,1,-0.11567066967575798,0.11567066967575798
thetao,W30p0,6,19,0.11565696655048613,0.11565696655048613
thetao,W60p0,2,18,0.11559489636131279,0.11559489636131279
so,W30p0,3,3,0.11537868878735563,0.11537868878735563
so,W30p0,9,15,0.11536164747035031,0.11536164747035031
thetao,W30p0,2,1,-0.11512904690965796,0.11512904690965796
so,W40p0,3,8,0.11485600058348536,0.11485600058348536
thetao,W40p0,4,0,-0.11467995769306703,0.11467995769306703
thetao,W30p0,5,7,-0.11467174567223325,0.11467174567223325
thetao,W10p0,7,6,-0.11451751629003215,0.11451751629003215
thetao,W60p0,1,16,-0.11445567466659747,0.11445567466659747
thetao,W20p0,5,18,0.1144485729709982,0.1144485729709982
thetao,W40p0,8,19,0.114298251270512,0.114298251270512
so,W60p0,5,17,0.11424640085857997,0.11424640085857997
so,W30p0,8,8,0.113925046141742,0.113925046141742
thetao,W30p0,3,0,-0.11388838177201319,0.11388838177201319
thetao,W10p0,3,5,0.11378668005084398,0.11378668005084398
thetao,W30p0,6,5,-0.11372381604786763,0.11372381604786763
thetao,W40p0,3,4,-0.113710217343851,0.113710217343851
thetao,W20p0,1,20,-0.11369187442261061,0.11369187442261061
so,W60p0,2,4,0.11362261281609913,0.11362261281609913
thetao,W30p0,6,20,0.11359860223627488,0.11359860223627488
thetao,W40p0,3,13,-0.11342741876138333,0.11342741876138333
so,W10p0,7,14,-0.11341698409254004,0.11341698409254004
so,W10p0,10,19,0.11327945977049765,0.11327945977049765
thetao,W60p0,1,10,0.1131668166469155,0.1131668166469155
so,W60p0,5,5,0.11302374583246431,0.11302374583246431
thetao,W20p0,2,6,-0.11276804702366913,0.11276804702366913
so,W40p0,5,13,-0.11271438706780953,0.11271438706780953
so,W60p0,4,9,0.11248674747090899,0.11248674747090899
thetao,W40p0,7,9,-0.11235360709102532,0.11235360709102532
thetao,W40p0,2,8,-0.11230484493706891,0.11230484493706891
thetao,W40p0,5,8,0.11207755894123789,0.11207755894123789
so,W10p0,6,1,-0.11204507331418445,0.11204507331418445
thetao,W30p0,2,3,-0.11189454747779815,0.11189454747779815
so,W10p0,8,9,0.1117585027849951,0.1117585027849951
thetao,W20p0,3,14,0.11169853811021035,0.11169853811021035
thetao,W60p0,2,14,-0.11150486969180676,0.11150486969180676
thetao,W40p0,7,8,-0.11149692661768758,0.11149692661768758
so,W20p0,10,10,-0.11142966014237402,0.11142966014237402
thetao,W20p0,6,14,0.11141837334768365,0.11141837334768365
thetao,W20p0,7,20,-0.11139820928653363,0.11139820928653363
so,W20p0,9,8,-0.111082805582017,0.111082805582017
thetao,W10p0,4,19,-0.11097747388927323,0.11097747388927323
so,W60p0,8,2,-0.11096224937334837,0.11096224937334837
thetao,W60p0,2,16,0.11089466000386221,0.11089466000386221
thetao,W10p0,2,9,-0.11055359151877403,0.11055359151877403
thetao,W10p0,3,2,0.11048790789234601,0.11048790789234601
so,W40p0,6,3,0.11028666427294409,0.11028666427294409
so,W30p0,9,13,0.11022486358120348,0.11022486358120348
thetao,W20p0,2,0,-0.11003700094055713,0.11003700094055713
so,W20p0,6,5,-0.10987134181148374,0.10987134181148374
so,W30p0,9,11,0.10975714137883005,0.10975714137883005
thetao,W60p0,8,7,0.10974442761197506,0.10974442761197506
so,W60p0,2,19,-0.10933967673491087,0.10933967673491087
so,W30p0,4,16,-0.10930928562231193,0.10930928562231193
thetao,W10p0,5,6,0.10928130335965477,0.10928130335965477
thetao,W30p0,9,1,-0.10900871392040302,0.10900871392040302
so,W40p0,7,20,0.10894447646714724,0.10894447646714724
so,W30p0,1,11,0.10877770083653092,0.10877770083653092
so,W20p0,4,11,-0.10852987452085738,0.10852987452085738
so,W60p0,5,9,0.10843637109143255,0.10843637109143255
so,W20p0,1,18,-0.10836140160387796,0.10836140160387796
thetao,W40p0,7,18,-0.10834149672941144,0.10834149672941144
thetao,W10p0,1,17,-0.10828102980319554,0.10828102980319554
thetao,W10p0,1,16,-0.10827064393182811,0.10827064393182811
so,W20p0,7,13,0.1080064396246563,0.1080064396246563
thetao,W40p0,9,3,-0.10799050901866547,0.10799050901866547
thetao,W10p0,4,15,0.10785387345629792,0.10785387345629792
thetao,W40p0,2,20,0.1077467531478649,0.1077467531478649
thetao,W40p0,1,1,-0.10773030231264051,0.10773030231264051
so,W30p0,4,20,-0.10712907031158612,0.10712907031158612
so,W30p0,10,4,0.10709526640635018,0.10709526640635018
so,W40p0,10,0,-0.10679619894904396,0.10679619894904396
thetao,W10p0,2,8,-0.10670689327489738,0.10670689327489738
thetao,W10p0,2,17,-0.10646510093965335,0.10646510093965335
so,W60p0,2,14,0.10642683456042584,0.10642683456042584
so,W20p0,1,7,-0.1063313440428393,0.1063313440428393
thetao,W40p0,6,19,-0.1062495880657208,0.1062495880657208
thetao,W30p0,9,17,0.10597130076684041,0.10597130076684041
so,W60p0,5,15,0.10593223367954012,0.10593223367954012
so,W30p0,7,2,-0.10588578874201166,0.10588578874201166
so,W30p0,5,16,0.10576801118857079,0.10576801118857079
thetao,W40p0,3,3,-0.10560759702761124,0.10560759702761124
thetao,W40p0,10,17,-0.10548669111237466,0.10548669111237466
thetao,W40p0,6,16,-0.10538441656639502,0.10538441656639502
thetao,W30p0,8,17,0.1053022768104214,0.1053022768104214
so,W10p0,10,18,0.10498547222290187,0.10498547222290187
thetao,W40p0,1,20,-0.10480282966283463,0.10480282966283463
so,W30p0,1,4,0.10449038266253914,0.10449038266253914
thetao,W60p0,2,10,-0.1042164914504496,0.1042164914504496
so,W40p0,6,14,0.10412236619078001,0.10412236619078001
thetao,W60p0,1,17,-0.10409730155162172,0.10409730155162172
thetao,W20p0,10,16,0.10390315124785267,0.10390315124785267
thetao,W20p0,10,12,0.10378992621905757,0.10378992621905757
so,W20p0,1,2,-0.10376571027073545,0.10376571027073545
so,W60p0,1,9,-0.10373191669217495,0.10373191669217495
so,W40p0,1,15,0.10370416362264417,0.10370416362264417
thetao,W30p0,9,15,0.10370224316675349,0.10370224316675349
thetao,W10p0,9,6,-0.10362485015907767,0.10362485015907767
thetao,W60p0,2,1,-0.10348274512127928,0.10348274512127928
so,W10p0,6,0,-0.10340556744074575,0.10340556744074575
thetao,W20p0,7,18,-0.10332787308504364,0.10332787308504364
thetao,W10p0,3,3,0.1032892917132122,0.1032892917132122
so,W40p0,5,15,0.10323122000057573,0.10323122000057573
so,W60p0,10,14,0.1031841026615377,0.1031841026615377
thetao,W10p0,6,15,-0.10317691329442208,0.10317691329442208
thetao,W60p0,2,5,0.10302341089376377,0.10302341089376377
so,W60p0,1,10,-0.10291912702582248,0.10291912702582248
thetao,W60p0,4,7,0.10284918131381723,0.10284918131381723
thetao,W30p0,3,20,0.1027057583422426,0.1027057583422426
thetao,W40p0,8,14,0.10252390687079915,0.10252390687079915
thetao,W30p0,7,6,0.10244586448950423,0.10244586448950423
thetao,W10p0,2,18,-0.1023279074948395,0.1023279074948395
thetao,W10p0,6,1,-0.10214938006767062,0.10214938006767062
so,W30p0,9,12,0.10205687663980617,0.10205687663980617
so,W20p0,10,19,0.10200967568282551,0.10200967568282551
thetao,W10p0,7,18,0.10179672063389968,0.10179672063389968
so,W20p0,1,15,-0.10170192918244146,0.10170192918244146
so,W20p0,4,12,-0.10164633196122987,0.10164633196122987
so,W60p0,10,13,0.1015544805196925,0.1015544805196925
so,W20p0,2,6,-0.10148618434500423,0.10148618434500423
so,W10p0,10,0,0.10135485499652129,0.10135485499652129
thetao,W30p0,10,19,-0.10126404508646865,0.10126404508646865
so,W30p0,9,4,-0.10125071064061832,0.10125071064061832
so,W30p0,1,12,0.10123158643487848,0.10123158643487848
so,W40p0,6,0,-0.10114525971797993,0.10114525971797993
thetao,W40p0,6,13,0.10109126860738259,0.10109126860738259
so,W60p0,1,5,0.10106759500877545,0.10106759500877545
so,W20p0,2,13,0.10103208627756018,0.10103208627756018
so,W20p0,1,4,-0.10091035908750513,0.10091035908750513
so,W30p0,5,9,0.10083042041021913,0.10083042041021913
thetao,W60p0,6,9,-0.10051060387177513,0.10051060387177513
thetao,W20p0,8,3,0.10036040069102034,0.10036040069102034
thetao,W40p0,4,7,-0.09979379454711072,0.09979379454711072
so,W30p0,4,10,-0.09977820526036152,0.09977820526036152
thetao,W10p0,9,7,-0.09941340135179888,0.09941340135179888
thetao,W40p0,5,13,0.09938613135229728,0.09938613135229728
so,W10p0,10,10,-0.09934536364136975,0.09934536364136975
thetao,W20p0,4,17,-0.09925818519550048,0.09925818519550048
so,W30p0,2,10,0.09925113736538793,0.09925113736538793
so,W60p0,8,17,0.09904157335804147,0.09904157335804147
so,W20p0,4,2,0.09887140033601627,0.09887140033601627
so,W30p0,8,11,-0.0988041144888831,0.0988041144888831
so,W10p0,10,20,0.09878629159253996,0.09878629159253996
thetao,W30p0,2,2,-0.09822529431778619,0.09822529431778619
so,W10p0,10,5,-0.09819007013804827,0.09819007013804827
so,W10p0,4,8,0.0979379113983118,0.0979379113983118
thetao,W30p0,5,12,0.09751398119490447,0.09751398119490447
thetao,W30p0,5,6,-0.09746098654923324,0.09746098654923324
so,W40p0,1,19,0.0974488753808925,0.0974488753808925
thetao,W30p0,8,1,-0.09734447922515262,0.09734447922515262
so,W40p0,2,16,0.09732503953519153,0.09732503953519153
so,W30p0,7,20,0.09704516914893418,0.09704516914893418
so,W30p0,7,1,-0.09694931797126857,0.09694931797126857
so,W10p0,7,0,-0.09691726140550208,0.09691726140550208
thetao,W20p0,6,20,0.09681384610899238,0.09681384610899238
thetao,W60p0,10,16,-0.09679488707007733,0.09679488707007733
so,W40p0,6,5,0.0966824175046939,0.0966824175046939
so,W10p0,1,12,-0.09664978874076964,0.09664978874076964
thetao,W40p0,10,3,0.09663068562379508,0.09663068562379508
thetao,W10p0,10,13,-0.09650371949933766,0.09650371949933766
thetao,W20p0,6,13,0.09620379933013969,0.09620379933013969
thetao,W30p0,4,17,0.09613242680456864,0.09613242680456864
so,W10p0,2,14,0.09603567583277296,0.09603567583277296
so,W20p0,4,19,-0.0960270081670368,0.0960270081670368
thetao,W20p0,9,20,-0.09599043776395526,0.09599043776395526
thetao,W40p0,4,5,-0.0958448893458942,0.0958448893458942
so,W10p0,8,15,0.0958228317421331,0.0958228317421331
thetao,W10p0,5,18,-0.09556819859778685,0.09556819859778685
so,W60p0,3,20,-0.09556109250304533,0.09556109250304533
thetao,W30p0,7,11,0.09554317399947793,0.09554317399947793
thetao,W40p0,2,10,-0.09541321053314034,0.09541321053314034
so,W60p0,10,9,0.09539641678782268,0.09539641678782268
thetao,W10p0,5,19,-0.09525000403817108,0.09525000403817108
so,W40p0,3,17,-0.095167387417966,0.095167387417966
thetao,W10p0,9,20,0.09511323311695156,0.09511323311695156
so,W30p0,4,3,-0.09508139129996171,0.09508139129996171
thetao,W30p0,4,0,0.09507384581705797,0.09507384581705797
so,W40p0,8,1,0.09483172881979648,0.09483172881979648
so,W10p0,4,5,0.09482575413602076,0.09482575413602076
so,W10p0,9,16,0.09465560994047206,0.09465560994047206
so,W10p0,5,10,-0.09461309307199751,0.09461309307199751
thetao,W30p0,4,3,0.09447962912177756,0.09447962912177756
thetao,W20p0,1,19,-0.09447663327636187,0.09447663327636187
so,W30p0,9,16,0.0944695957966988,0.0944695957966988
so,W10p0,3,20,0.09441473698680905,0.09441473698680905
thetao,W30p0,4,10,-0.09438075950999947,0.09438075950999947
thetao,W10p0,6,18,-0.09429986838543924,0.09429986838543924
thetao,W30p0,10,5,-0.0942911053665473,0.0942911053665473
thetao,W40p0,10,18,-0.09422586312837922,0.09422586312837922
thetao,W20p0,8,4,0.0941423006404042,0.0941423006404042
so,W10p0,6,8,0.09397319465719636,0.09397319465719636
so,W30p0,5,20,0.09394457298575412,0.09394457298575412
thetao,W10p0,7,9,-0.09390047590427389,0.09390047590427389
so,W10p0,5,0,0.09367519024991201,0.09367519024991201
thetao,W20p0,8,8,0.09361366523426874,0.09361366523426874
so,W40p0,2,12,0.09348194566381912,0.09348194566381912
thetao,W10p0,3,8,0.09339337268767096,0.09339337268767096
thetao,W60p0,2,8,0.0932698206400144,0.0932698206400144
so,W10p0,8,13,0.09301455781475942,0.09301455781475942
thetao,W30p0,4,15,0.09298374236680367,0.09298374236680367
so,W60p0,4,17,-0.09272205817757237,0.09272205817757237
thetao,W20p0,8,18,-0.09232646618518534,0.09232646618518534
thetao,W40p0,3,17,0.09230650628762618,0.09230650628762618
thetao,W20p0,1,5,0.09224203956164823,0.09224203956164823
thetao,W20p0,7,4,0.09221469816112966,0.09221469816112966
thetao,W60p0,7,12,0.0921355705583674,0.0921355705583674
thetao,W40p0,6,20,-0.09198279820754258,0.09198279820754258
so,W30p0,5,19,0.0919755949750658,0.0919755949750658
thetao,W20p0,4,10,-0.09196764703038038,0.09196764703038038
thetao,W40p0,1,5,0.09196237526345051,0.09196237526345051
so,W60p0,10,8,0.09172277655217079,0.09172277655217079
so,W40p0,8,15,-0.09151526591396071,0.09151526591396071
thetao,W30p0,10,7,-0.09148583354584613,0.09148583354584613
thetao,W40p0,3,7,-0.09147404323546926,0.09147404323546926
thetao,W20p0,9,15,-0.09145604086496535,0.09145604086496535
so,W30p0,3,7,-0.09143126508805072,0.09143126508805072
thetao,W40p0,5,18,-0.09133074206942271,0.09133074206942271
so,W30p0,3,0,-0.09126628529233781,0.09126628529233781
so,W30p0,7,17,0.09125004863468496,0.09125004863468496
so,W60p0,9,10,0.09118937050282684,0.09118937050282684
so,W40p0,6,12,0.09115578572083219,0.09115578572083219
so,W30p0,3,18,-0.0910665471412545,0.0910665471412545
thetao,W20p0,10,19,-0.09086136086131892,0.09086136086131892
thetao,W30p0,8,20,0.09084177673848452,0.09084177673848452
so,W10p0,3,2,-0.09079263300390743,0.09079263300390743
thetao,W30p0,7,5,0.09059737091206435,0.09059737091206435
thetao,W20p0,4,0,-0.09057187815936178,0.09057187815936178
so,W10p0,9,17,0.09025637199670801,0.09025637199670801
thetao,W40p0,3,18,0.09020403599251169,0.09020403599251169
thetao,W30p0,4,20,0.09016770069389324,0.09016770069389324
thetao,W60p0,4,6,0.09016698550395905,0.09016698550395905
so,W60p0,8,14,0.0901504726459125,0.0901504726459125
so,W60p0,10,20,0.09008751559857478,0.09008751559857478
thetao,W40p0,4,10,-0.08976046700542054,0.08976046700542054
thetao,W40p0,1,6,0.0897237530173629,0.0897237530173629
thetao,W40p0,2,18,0.08964512757519234,0.08964512757519234
so,W20p0,6,6,-0.08963772064909738,0.08963772064909738
thetao,W10p0,8,18,-0.08919373232752775,0.08919373232752775
thetao,W30p0,8,0,0.08913216113421048,0.08913216113421048
so,W10p0,4,4,0.08912129523336751,0.08912129523336751
so,W60p0,1,8,-0.08903957674456422,0.08903957674456422
thetao,W10p0,10,0,0.08900062675478937,0.08900062675478937
so,W40p0,4,14,-0.08897304340440469,0.08897304340440469
thetao,W30p0,5,11,0.08876130773729889,0.08876130773729889
thetao,W10p0,1,20,-0.08843305566055555,0.08843305566055555
so,W60p0,6,2,0.08841400841830928,0.08841400841830928
so,W20p0,7,0,0.08836418546736577,0.08836418546736577
so,W40p0,8,18,0.08833341989451679,0.08833341989451679
so,W10p0,3,11,0.08828107705981013,0.08828107705981013
thetao,W60p0,3,19,-0.08794238343547228,0.08794238343547228
thetao,W60p0,8,10,0.08790648721371515,0.08790648721371515
thetao,W60p0,1,3,0.08777981236373289,0.08777981236373289
so,W60p0,1,4,0.08777446787136829,0.08777446787136829
so,W60p0,3,1,0.08770398133598942,0.08770398133598942
so,W40p0,2,14,0.08757161834208643,0.08757161834208643
so,W30p0,8,14,-0.08751060313747208,0.08751060313747208
thetao,W40p0,3,10,-0.08747018353204003,0.08747018353204003
thetao,W60p0,1,0,-0.08740258041676142,0.08740258041676142
so,W30p0,1,2,-0.08728063207568247,0.08728063207568247
so,W10p0,2,12,0.08724283268748366,0.08724283268748366
so,W10p0,2,10,0.08721843641523268,0.08721843641523268
thetao,W20p0,4,9,-0.08719325487344594,0.08719325487344594
so,W60p0,5,20,-0.08715851848336528,0.08715851848336528
so,W10p0,4,7,0.08713238940560365,0.08713238940560365
so,W20p0,3,15,0.0868546000247119,0.0868546000247119
so,W40p0,6,15,0.08679148521560408,0.08679148521560408
so,W60p0,2,0,0.08662954700741685,0.08662954700741685
so,W30p0,7,19,0.0863977655492254,0.0863977655492254
so,W40p0,5,11,-0.08633128081754109,0.08633128081754109
so,W60p0,6,10,0.08619515073965177,0.08619515073965177
thetao,W60p0,10,20,0.08615091748625306,0.08615091748625306
so,W30p0,9,7,-0.08585331669542266,0.08585331669542266
so,W40p0,3,7,0.0858385355707159,0.0858385355707159
thetao,W30p0,8,16,0.0857772131235424,0.0857772131235424
thetao,W40p0,3,15,-0.08567310276660371,0.08567310276660371
so,W40p0,2,13,0.08549928851277931,0.08549928851277931
thetao,W10p0,10,7,-0.0854699618834101,0.0854699618834101
so,W40p0,8,5,-0.08543314975106789,0.08543314975106789
so,W30p0,5,1,0.08539492031029694,0.08539492031029694
thetao,W20p0,9,16,-0.08538033868383797,0.08538033868383797
so,W20p0,2,14,0.085363388689727,0.085363388689727
so,W20p0,4,13,-0.08518293867450852,0.08518293867450852
so,W40p0,3,3,0.0851820688027775,0.0851820688027775
thetao,W30p0,4,14,0.0850530808791752,0.0850530808791752
thetao,W60p0,5,12,0.08488945003222562,0.08488945003222562
thetao,W10p0,6,16,-0.08470277905828097,0.08470277905828097
so,W60p0,5,10,0.0846732518656249,0.0846732518656249
so,W30p0,4,19,-0.0844969628192383,0.0844969628192383
thetao,W10p0,9,18,0.08434897517638079,0.08434897517638079
so,W60p0,6,8,0.0842520409430451,0.0842520409430451
thetao,W30p0,3,9,-0.0839463960995683,0.0839463960995683
so,W30p0,6,7,-0.08387270898152373,0.08387270898152373
thetao,W20p0,3,15,0.08385451811362636,0.08385451811362636
so,W40p0,9,17,0.08372127723804597,0.08372127723804597
thetao,W20p0,6,10,-0.08362860056033165,0.08362860056033165
so,W20p0,6,7,-0.08327114877699524,0.08327114877699524
so,W30p0,8,15,-0.08311338327270469,0.08311338327270469
thetao,W60p0,6,3,0.08301204178420163,0.08301204178420163
so,W10p0,4,14,-0.08279899463974232,0.08279899463974232
thetao,W60p0,2,2,-0.08248251783547232,0.08248251783547232
thetao,W40p0,7,10,-0.08244704519043851,0.08244704519043851
so,W30p0,2,9,0.08241013452344109,0.08241013452344109
thetao,W20p0,5,10,0.08235380999988778,0.08235380999988778
thetao,W30p0,4,6,-0.08234243242092701,0.08234243242092701
so,W60p0,10,7,0.08209490167731606,0.08209490167731606
thetao,W30p0,4,5,-0.08201529461743076,0.08201529461743076
thetao,W40p0,5,3,-0.08170991020755372,0.08170991020755372
thetao,W40p0,7,17,-0.0816555253884709,0.0816555253884709
thetao,W60p0,10,12,-0.08154254495227627,0.08154254495227627
thetao,W20p0,5,5,-0.08116688568383001,0.08116688568383001
so,W30p0,8,19,-0.08111799173370224,0.08111799173370224
so,W40p0,2,17,0.08104249324399475,0.08104249324399475
thetao,W20p0,4,2,0.08074754337624436,0.08074754337624436
thetao,W20p0,3,1,0.08074040554404391,0.08074040554404391
thetao,W30p0,5,18,0.08073218122033107,0.08073218122033107
so,W40p0,8,12,-0.08071284017248014,0.08071284017248014
thetao,W30p0,2,17,-0.08065691604536106,0.08065691604536106
thetao,W60p0,8,17,-0.08053311453451045,0.08053311453451045
thetao,W20p0,1,18,-0.08051939218643435,0.08051939218643435
so,W40p0,8,14,-0.08039904604177853,0.08039904604177853
thetao,W10p0,7,13,0.08013694317852758,0.08013694317852758
so,W30p0,3,4,0.08009847474506177,0.08009847474506177
so,W40p0,1,6,-0.07958815646557482,0.07958815646557482
thetao,W40p0,1,12,0.07946025448678046,0.07946025448678046
so,W10p0,4,3,0.07945583308101957,0.07945583308101957
so,W30p0,8,10,-0.07939668203386031,0.07939668203386031
thetao,W60p0,6,7,-0.07932079799667441,0.07932079799667441
so,W40p0,4,12,-0.07926500018138914,0.07926500018138914
so,W30p0,5,2,0.0791715894771127,0.0791715894771127
thetao,W40p0,7,2,-0.07913101730237583,0.07913101730237583
thetao,W30p0,7,12,0.0791044547733616,0.0791044547733616
thetao,W60p0,3,16,-0.07895819865315948,0.07895819865315948
thetao,W10p0,1,4,-0.07863873820158758,0.07863873820158758
so,W30p0,9,3,-0.07858118880457088,0.07858118880457088
so,W10p0,9,13,0.07835961294944692,0.07835961294944692
thetao,W60p0,1,6,0.0782012773706785,0.0782012773706785
so,W30p0,2,18,-0.07800054755384445,0.07800054755384445
thetao,W40p0,3,11,-0.07799068777665696,0.07799068777665696
thetao,W60p0,4,18,0.07796176863104975,0.07796176863104975
so,W20p0,6,3,0.07762456645608377,0.07762456645608377
thetao,W30p0,4,7,-0.07746236520730039,0.07746236520730039
so,W40p0,2,15,0.0774507524779806,0.0774507524779806
so,W60p0,8,19,-0.07743776773647845,0.07743776773647845
so,W60p0,7,17,0.07740413561831079,0.07740413561831079
so,W60p0,8,16,0.07734704414664781,0.07734704414664781
so,W30p0,6,20,-0.07713154868201265,0.07713154868201265
so,W60p0,7,18,0.07700032468428937,0.07700032468428937
so,W60p0,7,7,-0.07699860970705007,0.07699860970705007
thetao,W20p0,9,11,0.0769955991549012,0.0769955991549012
thetao,W60p0,1,18,-0.07692235178594521,0.07692235178594521
thetao,W10p0,7,2,-0.07668150207954853,0.07668150207954853
so,W60p0,4,15,-0.07667821724851823,0.07667821724851823
thetao,W40p0,8,11,-0.07665502747275603,0.07665502747275603
thetao,W40p0,5,1,-0.07662907953259557,0.07662907953259557
so,W20p0,1,1,-0.07659791012497764,0.07659791012497764
so,W60p0,4,13,-0.07650467158176276,0.07650467158176276
thetao,W20p0,9,9,0.07647080367379333,0.07647080367379333
thetao,W60p0,10,14,-0.07633834160790744,0.07633834160790744
thetao,W40p0,3,6,-0.07624630125392198,0.07624630125392198
so,W20p0,10,12,0.07623493290085107,0.07623493290085107
so,W10p0,10,1,0.07618643792310537,0.07618643792310537
thetao,W20p0,7,5,0.07610685834807188,0.07610685834807188
thetao,W40p0,8,10,-0.07606571361954223,0.07606571361954223
thetao,W40p0,1,2,-0.07590181066250119,0.07590181066250119
thetao,W60p0,5,13,0.07589675859860458,0.07589675859860458
thetao,W30p0,4,9,-0.07587659340175064,0.07587659340175064
so,W10p0,10,13,0.07586569341984199,0.07586569341984199
thetao,W20p0,10,17,0.07584385979613871,0.07584385979613871
thetao,W40p0,10,5,-0.07577114715179514,0.07577114715179514
thetao,W20p0,7,13,-0.07574032070480909,0.07574032070480909
thetao,W20p0,4,8,-0.07571479368524843,0.07571479368524843
so,W10p0,10,14,0.07568467625049054,0.07568467625049054
thetao,W60p0,8,5,-0.07556650254395832,0.07556650254395832
so,W10p0,9,14,0.07556562236295863,0.07556562236295863
so,W10p0,9,8,0.07554092727010134,0.07554092727010134
so,W10p0,5,18,0.07549428655369894,0.07549428655369894
so,W40p0,5,8,-0.07544816113365332,0.07544816113365332
thetao,W60p0,10,5,0.07544629947692337,0.07544629947692337
thetao,W60p0,6,4,0.07544600110918379,0.07544600110918379
so,W20p0,5,2,0.07533937883768957,0.07533937883768957
so,W60p0,6,13,0.07532379447651495,0.07532379447651495
thetao,W20p0,5,4,-0.07512063984096481,0.07512063984096481
so,W20p0,9,9,-0.07507174618788741,0.07507174618788741
thetao,W60p0,10,17,-0.07503322299890818,0.07503322299890818
so,W10p0,7,17,0.07488900208492169,0.07488900208492169
so,W20p0,3,17,0.07459628768997247,0.07459628768997247
so,W60p0,9,18,-0.07452442271418631,0.07452442271418631
so,W10p0,1,18,0.07438694774808678,0.07438694774808678
thetao,W10p0,3,1,0.07437383150205666,0.07437383150205666
thetao,W60p0,10,13,-0.07415072768117288,0.07415072768117288
so,W40p0,10,6,0.07378017759354936,0.07378017759354936
thetao,W60p0,1,14,0.07349900872728148,0.07349900872728148
thetao,W10p0,1,18,-0.07348983025182905,0.07348983025182905
thetao,W60p0,2,20,0.07338949742084978,0.07338949742084978
thetao,W20p0,3,0,-0.07329529666025784,0.07329529666025784
so,W40p0,8,6,0.07326401076359285,0.07326401076359285
thetao,W40p0,4,8,-0.0729803500704161,0.0729803500704161
thetao,W40p0,7,19,-0.07295769371936903,0.07295769371936903
thetao,W30p0,9,3,-0.07239027806329804,0.07239027806329804
thetao,W10p0,7,11,-0.07221495186530055,0.07221495186530055
thetao,W30p0,5,9,0.07217568951563569,0.07217568951563569
thetao,W10p0,1,11,-0.07213408981707796,0.07213408981707796
thetao,W20p0,5,3,-0.07204643539661015,0.07204643539661015
so,W30p0,9,2,-0.07203444896901612,0.07203444896901612
so,W60p0,8,9,0.07199379419128626,0.07199379419128626
thetao,W60p0,2,0,-0.07188821486938908,0.07188821486938908
so,W60p0,4,14,-0.07184071763297115,0.07184071763297115
thetao,W20p0,4,18,-0.07180613895129287,0.07180613895129287
thetao,W40p0,2,11,-0.07175662097936937,0.07175662097936937
so,W10p0,8,5,-0.0717244272928476,0.0717244272928476
thetao,W10p0,6,11,-0.07171297153191293,0.07171297153191293
thetao,W10p0,2,6,0.0716311500725973,0.0716311500725973
so,W60p0,10,15,0.07153910929235152,0.07153910929235152
so,W30p0,2,11,0.07145149791135252,0.07145149791135252
thetao,W30p0,1,11,-0.07131244387678072,0.07131244387678072
so,W30p0,3,20,-0.07127675846620958,0.07127675846620958
so,W40p0,8,0,0.07125930854048149,0.07125930854048149
so,W30p0,3,10,-0.071142321266875,0.071142321266875
so,W20p0,5,15,0.07104340181550599,0.07104340181550599
so,W20p0,8,3,-0.07071271499265656,0.07071271499265656
so,W60p0,9,11,0.07062819144807762,0.07062819144807762
so,W60p0,4,10,0.07051201824493757,0.07051201824493757
so,W60p0,8,15,0.07021309623603189,0.07021309623603189
so,W20p0,10,11,-0.07012723080343866,0.07012723080343866
so,W20p0,7,1,0.07011432316019543,0.07011432316019543
thetao,W60p0,6,0,0.0700167043988701,0.0700167043988701
so,W20p0,2,12,0.07001095988578393,0.07001095988578393
thetao,W10p0,8,1,-0.06997139656646234,0.06997139656646234
so,W60p0,10,18,0.06994745160498282,0.06994745160498282
thetao,W40p0,2,12,-0.06986265818412223,0.06986265818412223
thetao,W10p0,5,11,-0.06979313804051192,0.06979313804051192
so,W40p0,2,20,0.06967576906868364,0.06967576906868364
so,W10p0,9,18,0.06966476164414935,0.06966476164414935
so,W60p0,7,6,-0.06956418706919362,0.06956418706919362
thetao,W10p0,7,5,-0.06955731160016661,0.06955731160016661
so,W10p0,8,14,0.06953499721514428,0.06953499721514428
thetao,W40p0,9,15,-0.06948062466489169,0.06948062466489169
thetao,W10p0,5,7,0.06939485030910066,0.06939485030910066
so,W60p0,9,4,0.06931701961748601,0.06931701961748601
thetao,W60p0,4,11,-0.06929948665313489,0.06929948665313489
thetao,W10p0,5,10,-0.06921233038046003,0.06921233038046003
thetao,W20p0,10,10,0.06915954236052022,0.06915954236052022
thetao,W30p0,4,4,-0.06912511169457322,0.06912511169457322
thetao,W30p0,8,12,0.06908788300898729,0.06908788300898729
thetao,W10p0,3,6,0.06908145578639725,0.06908145578639725
thetao,W20p0,9,8,0.06899133070634623,0.06899133070634623
so,W10p0,8,8,0.06894079841563026,0.06894079841563026
so,W30p0,9,18,-0.06892228287488202,0.06892228287488202
thetao,W60p0,7,17,0.06883840714556311,0.06883840714556311
so,W10p0,8,7,0.06870936184380189,0.06870936184380189
thetao,W40p0,7,13,-0.06870456253548851,0.06870456253548851
thetao,W30p0,3,10,-0.06855377573702243,0.06855377573702243
so,W10p0,10,12,0.06854917770402733,0.06854917770402733
so,W60p0,9,13,-0.06849121064578785,0.06849121064578785
thetao,W10p0,6,2,-0.06839599883765421,0.06839599883765421
thetao,W10p0,1,1,0.06836243151470867,0.06836243151470867
so,W10p0,5,17,0.06834073114646967,0.06834073114646967
thetao,W30p0,6,6,-0.0683180455118473,0.0683180455118473
so,W30p0,5,6,-0.06827377110176852,0.06827377110176852
thetao,W60p0,4,4,-0.06816198377796052,0.06816198377796052
so,W20p0,9,14,-0.0680027845731003,0.0680027845731003
so,W40p0,10,9,0.0678843595031629,0.0678843595031629
so,W40p0,10,14,0.06779297977791345,0.06779297977791345
thetao,W20p0,2,12,0.0676655596877613,0.0676655596877613
so,W20p0,3,5,0.06746211362708514,0.06746211362708514
thetao,W60p0,6,15,-0.06742573334194676,0.06742573334194676
so,W60p0,6,11,0.06733345943628355,0.06733345943628355
so,W60p0,3,18,-0.06713470073652612,0.06713470073652612
thetao,W20p0,4,20,0.06703023271526506,0.06703023271526506
thetao,W30p0,7,13,-0.0669538902316585,0.0669538902316585
thetao,W60p0,6,8,-0.06661479392014738,0.06661479392014738
thetao,W60p0,5,20,0.06648741514378259,0.06648741514378259
thetao,W20p0,1,17,-0.06647215812030755,0.06647215812030755
thetao,W30p0,1,13,0.06646322566058771,0.06646322566058771
so,W60p0,8,4,-0.0663696269856229,0.0663696269856229
thetao,W30p0,8,18,0.06630509050361988,0.06630509050361988
thetao,W60p0,3,20,-0.06623164451265967,0.06623164451265967
thetao,W30p0,9,8,-0.06617732035191341,0.06617732035191341
thetao,W20p0,5,2,-0.06613474392539177,0.06613474392539177
thetao,W30p0,1,19,-0.06603026471074996,0.06603026471074996
so,W40p0,7,2,-0.06601148547054564,0.06601148547054564
so,W40p0,6,4,0.06566146818931085,0.06566146818931085
so,W30p0,3,1,0.06562699557795032,0.06562699557795032
thetao,W10p0,7,12,0.06543754588530051,0.06543754588530051
so,W40p0,10,12,0.06541304143480645,0.06541304143480645
so,W60p0,7,3,-0.06540015671300876,0.06540015671300876
so,W60p0,1,20,-0.06536276102287737,0.06536276102287737
thetao,W20p0,9,12,0.06522208561295405,0.06522208561295405
so,W40p0,10,13,0.06520923177018952,0.06520923177018952
so,W40p0,10,4,-0.06515859264317427,0.06515859264317427
thetao,W30p0,7,9,0.06513099557373916,0.06513099557373916
so,W30p0,3,8,-0.06510276114902482,0.06510276114902482
thetao,W20p0,9,6,0.0650757206332412,0.0650757206332412
thetao,W60p0,6,6,-0.06497512589178327,0.06497512589178327
so,W40p0,4,13,-0.06480487756106332,0.06480487756106332
thetao,W60p0,6,18,-0.06472951727017805,0.06472951727017805
so,W20p0,2,2,-0.06462287968843977,0.06462287968843977
thetao,W30p0,1,12,0.06439690729326024,0.06439690729326024
so,W40p0,2,19,0.06434375264869908,0.06434375264869908
so,W30p0,6,1,-0.06433646928570362,0.06433646928570362
thetao,W10p0,2,16,-0.06430423459543946,0.06430423459543946
thetao,W30p0,8,10,-0.06429404543838105,0.06429404543838105
so,W20p0,7,8,-0.06428509170926244,0.06428509170926244
so,W30p0,9,1,-0.06426945939517428,0.06426945939517428
so,W30p0,7,9,-0.06426398326492654,0.06426398326492654
so,W10p0,10,15,0.06424513167770513,0.06424513167770513
thetao,W10p0,3,7,0.06423837923560122,0.06423837923560122
so,W40p0,1,12,-0.06394644398064578,0.06394644398064578
thetao,W10p0,6,13,-0.06392923395389254,0.06392923395389254
so,W10p0,5,12,-0.06392259713551172,0.06392259713551172
so,W30p0,7,8,-0.06386867979922944,0.06386867979922944
thetao,W30p0,5,1,0.06385465165815495,0.06385465165815495
so,W20p0,9,12,0.06351995802901286,0.06351995802901286
thetao,W40p0,4,1,-0.0632684041858562,0.0632684041858562
thetao,W10p0,1,19,-0.06326788903474251,0.06326788903474251
so,W40p0,10,15,0.06320412931474058,0.06320412931474058
thetao,W40p0,8,7,0.0631005611223415,0.0631005611223415
thetao,W20p0,10,11,0.06299161762873028,0.06299161762873028
thetao,W10p0,2,15,-0.06286836795775917,0.06286836795775917
thetao,W40p0,2,19,0.06283590111308814,0.06283590111308814
so,W20p0,8,14,0.06271824834206306,0.06271824834206306
thetao,W20p0,8,12,-0.06253079372038732,0.06253079372038732
so,W40p0,5,4,-0.06250828493581831,0.06250828493581831
thetao,W10p0,4,16,0.06218427894426752,0.06218427894426752
so,W30p0,8,12,-0.06195191138065181,0.06195191138065181
thetao,W20p0,6,3,-0.061934003844056194,0.061934003844056194
so,W60p0,9,17,0.061853681615511295,0.061853681615511295
so,W20p0,8,13,0.061676690240760286,0.061676690240760286
so,W60p0,7,1,0.06150335017626443,0.06150335017626443
thetao,W60p0,8,18,0.06130787352791449,0.06130787352791449
so,W60p0,3,3,-0.06122115587014365,0.06122115587014365
thetao,W30p0,10,1,-0.06102769711400145,0.06102769711400145
thetao,W40p0,7,16,-0.060921894103571926,0.060921894103571926
thetao,W60p0,4,8,0.060841037559935716,0.060841037559935716
so,W10p0,9,15,0.06083904536475428,0.06083904536475428
thetao,W30p0,5,5,-0.060803693024129905,0.060803693024129905
thetao,W10p0,10,6,-0.060799433578085135,0.060799433578085135
so,W30p0,6,14,0.06073454134203477,0.06073454134203477
thetao,W30p0,7,19,0.06072040104990502,0.06072040104990502
thetao,W20p0,5,8,0.06061297019609056,0.06061297019609056
so,W10p0,8,16,0.060611700292596264,0.060611700292596264
thetao,W20p0,9,10,0.060412420264255695,0.060412420264255695
so,W20p0,7,12,0.0603991025443216,0.0603991025443216
so,W60p0,9,3,0.06022215783514506,0.06022215783514506
thetao,W30p0,2,11,-0.06019872430534925,0.06019872430534925
so,W60p0,6,12,0.060178350864765286,0.060178350864765286
thetao,W10p0,1,12,-0.05997664449689767,0.05997664449689767
so,W20p0,9,18,0.05993336982660793,0.05993336982660793
so,W30p0,9,0,-0.059803518986072446,0.059803518986072446
thetao,W60p0,9,3,0.059791960193481264,0.059791960193481264
so,W10p0,3,10,0.05978483906387685,0.05978483906387685
so,W20p0,5,1,0.05953587916426917,0.05953587916426917
thetao,W30p0,9,18,0.059453739516792024,0.059453739516792024
thetao,W30p0,2,20,-0.05934638320623529,0.05934638320623529
thetao,W10p0,4,18,-0.05930904759369744,0.05930904759369744
so,W30p0,6,8,-0.05912981937201573,0.05912981937201573
thetao,W30p0,3,8,-0.059064012561541146,0.059064012561541146
so,W60p0,5,13,0.05897968502546852,0.05897968502546852
thetao,W60p0,10,15,-0.05888271331181209,0.05888271331181209
so,W40p0,4,0,-0.058817683216666375,0.058817683216666375
so,W30p0,4,2,0.058814344503877576,0.058814344503877576
thetao,W20p0,10,0,0.058794575443931595,0.058794575443931595
thetao,W20p0,8,17,-0.05878593296158723,0.05878593296158723
thetao,W30p0,4,8,-0.05872716861894312,0.05872716861894312
thetao,W10p0,6,10,-0.05870418208830746,0.05870418208830746
thetao,W40p0,4,20,0.058571420819863385,0.058571420819863385
thetao,W60p0,1,8,0.058556877122409944,0.058556877122409944
so,W60p0,1,7,-0.058544780178821934,0.058544780178821934
thetao,W30p0,7,4,0.058544077805890514,0.058544077805890514
so,W60p0,5,3,-0.058497045728272946,0.058497045728272946
so,W60p0,7,19,0.05837044033978678,0.05837044033978678
so,W40p0,3,18,-0.05828166120718371,0.05828166120718371
so,W40p0,7,4,0.05825433106140766,0.05825433106140766
so,W20p0,5,0,0.05804996383236122,0.05804996383236122
so,W10p0,2,4,0.05802447789319132,0.05802447789319132
so,W60p0,9,0,-0.05794799322329801,0.05794799322329801
thetao,W40p0,9,18,0.05791621762400378,0.05791621762400378
so,W30p0,7,11,0.05783164194000567,0.05783164194000567
thetao,W30p0,9,14,0.05781289005208908,0.05781289005208908
thetao,W20p0,5,20,0.05773711301388111,0.05773711301388111
thetao,W10p0,10,4,0.0577046131017602,0.0577046131017602
so,W40p0,2,7,-0.05759396426048762,0.05759396426048762
thetao,W30p0,5,19,0.05739837898042904,0.05739837898042904
thetao,W10p0,5,8,0.057315940217065854,0.057315940217065854
so,W30p0,2,4,0.057160166151926796,0.057160166151926796
so,W60p0,8,5,-0.05687086962924313,0.05687086962924313
thetao,W10p0,6,12,-0.05686729942206745,0.05686729942206745
so,W60p0,10,16,0.05666957442037822,0.05666957442037822
so,W60p0,9,8,-0.056664611396404656,0.056664611396404656
so,W20p0,8,8,-0.056539414699566255,0.056539414699566255
so,W10p0,4,6,0.05649517907725348,0.05649517907725348
thetao,W20p0,5,9,0.05645575924139846,0.05645575924139846
thetao,W20p0,10,1,-0.05641882301891826,0.05641882301891826
thetao,W30p0,5,2,0.056410044576790566,0.056410044576790566
so,W20p0,9,10,-0.05636498896635242,0.05636498896635242
so,W10p0,2,11,0.05635362492071011,0.05635362492071011
so,W30p0,8,18,-0.056332516142057205,0.056332516142057205
thetao,W40p0,2,13,-0.05630591624848008,0.05630591624848008
thetao,W40p0,4,4,-0.0562903118962499,0.0562903118962499
so,W10p0,6,17,0.05621846943665506,0.05621846943665506
so,W40p0,2,18,0.0562050854821286,0.0562050854821286
so,W60p0,2,9,-0.05614436251360826,0.05614436251360826
thetao,W60p0,4,0,-0.05608587980614726,0.05608587980614726
thetao,W30p0,9,0,-0.05608231681250143,0.05608231681250143
thetao,W30p0,1,20,-0.056066236056994706,0.056066236056994706
thetao,W60p0,10,7,0.05600996678929108,0.05600996678929108
so,W10p0,10,2,0.055917613193424635,0.055917613193424635
thetao,W10p0,7,19,0.055755379391194126,0.055755379391194126
thetao,W30p0,3,16,-0.05574544832254318,0.05574544832254318
so,W10p0,5,11,-0.055602706416937986,0.055602706416937986
thetao,W20p0,10,8,0.05559375341147278,0.05559375341147278
so,W10p0,4,11,-0.055327487825648565,0.055327487825648565
thetao,W40p0,5,4,-0.05527381870193297,0.05527381870193297
thetao,W60p0,1,4,0.05512269787664334,0.05512269787664334
so,W40p0,3,0,0.05511343963575088,0.05511343963575088
thetao,W10p0,5,20,-0.0548959990970781,0.0548959990970781
thetao,W20p0,10,9,0.05475294227545968,0.05475294227545968
so,W60p0,8,13,0.05473889479995973,0.05473889479995973
so,W30p0,9,6,-0.05472875671493515,0.05472875671493515
so,W30p0,10,18,-0.05468641998916405,0.05468641998916405
so,W10p0,5,19,0.054563852694224445,0.054563852694224445
so,W20p0,6,17,0.05451923185016066,0.05451923185016066
so,W20p0,1,17,-0.05447342387911612,0.05447342387911612
thetao,W20p0,4,19,-0.05437160725554124,0.05437160725554124
thetao,W30p0,5,20,0.05435114459275714,0.05435114459275714
so,W40p0,1,13,-0.05427202397824315,0.05427202397824315
thetao,W30p0,7,2,0.05426366526184762,0.05426366526184762
so,W10p0,5,5,-0.054157200025414486,0.054157200025414486
thetao,W60p0,1,9,0.054019433624465624,0.054019433624465624
thetao,W60p0,1,15,-0.053964367725082035,0.053964367725082035
so,W20p0,8,10,0.05396131372897476,0.05396131372897476
so,W40p0,6,13,0.053816143651252986,0.053816143651252986
so,W30p0,6,17,0.05375341326526199,0.05375341326526199
thetao,W30p0,10,17,-0.05374451402065621,0.05374451402065621
thetao,W60p0,6,19,-0.053735639253132,0.053735639253132
thetao,W20p0,8,16,-0.0535449863341998,0.0535449863341998
so,W20p0,8,1,-0.05346675489622215,0.05346675489622215
thetao,W20p0,7,1,0.05343133720675111,0.05343133720675111
thetao,W30p0,8,19,0.053173368211785935,0.053173368211785935
thetao,W10p0,6,4,0.053115887824301836,0.053115887824301836
thetao,W60p0,3,18,-0.053027481678881515,0.053027481678881515
thetao,W30p0,3,7,-0.05302554648140031,0.05302554648140031
so,W40p0,2,11,0.052705068168386555,0.052705068168386555
thetao,W20p0,4,6,0.052650158132697876,0.052650158132697876
so,W30p0,6,18,0.05245163951842329,0.05245163951842329
thetao,W20p0,7,0,0.05241504291423188,0.05241504291423188
thetao,W40p0,10,4,0.05237151201430816,0.05237151201430816
thetao,W30p0,9,20,0.05236924884091854,0.05236924884091854
thetao,W30p0,3,3,-0.05224023435439991,0.05224023435439991
thetao,W60p0,10,19,0.05215426135812678,0.05215426135812678
thetao,W60p0,5,14,0.05214438113681141,0.05214438113681141
so,W10p0,3,8,-0.05204469677175984,0.05204469677175984
thetao,W30p0,5,13,0.051977373694778395,0.051977373694778395
so,W10p0,4,17,0.051931692154223316,0.051931692154223316
so,W60p0,10,3,-0.05192799533332242,0.05192799533332242
thetao,W40p0,3,2,-0.05184889104930773,0.05184889104930773
so,W60p0,3,16,0.05177587286066997,0.05177587286066997
thetao,W30p0,5,0,-0.05173516825936826,0.05173516825936826
thetao,W30p0,7,8,0.051644492195582446,0.051644492195582446
thetao,W20p0,3,18,-0.051636753562367146,0.051636753562367146
so,W60p0,1,6,0.051559180952296405,0.051559180952296405
thetao,W10p0,1,0,0.0514280498534649,0.0514280498534649
so,W10p0,1,13,-0.051366116810666024,0.051366116810666024
thetao,W10p0,8,4,0.05133685613172118,0.05133685613172118
thetao,W30p0,7,1,-0.05097280828020145,0.05097280828020145
thetao,W60p0,4,15,-0.05096378333225424,0.05096378333225424
so,W40p0,6,18,0.05095461992852949,0.05095461992852949
so,W40p0,3,20,0.05092517119115852,0.05092517119115852
thetao,W60p0,4,14,-0.05091386848589277,0.05091386848589277
so,W20p0,6,16,-0.050770946108498395,0.050770946108498395
thetao,W30p0,2,6,0.050590098191010666,0.050590098191010666
so,W10p0,9,5,0.05057341205228383,0.05057341205228383
thetao,W10p0,8,13,0.050533261527304286,0.050533261527304286
so,W60p0,2,17,-0.05049831259848013,0.05049831259848013
thetao,W30p0,9,13,0.0504590695116975,0.0504590695116975
thetao,W30p0,3,15,-0.05033761374767084,0.05033761374767084
so,W10p0,6,4,0.04988459630313739,0.04988459630313739
thetao,W60p0,4,5,0.049790616439632174,0.049790616439632174
so,W60p0,3,8,0.04976728727891818,0.04976728727891818
so,W20p0,1,3,-0.04971595248959855,0.04971595248959855
thetao,W30p0,7,0,-0.049688756212245465,0.049688756212245465
so,W60p0,9,16,0.049675190194894275,0.049675190194894275
so,W30p0,5,3,0.049382366308958626,0.049382366308958626
so,W40p0,6,6,-0.049301208863100326,0.049301208863100326
thetao,W20p0,5,19,0.049265757169128795,0.049265757169128795
so,W10p0,9,3,-0.049156668347573755,0.049156668347573755
so,W30p0,10,5,0.049134810386629535,0.049134810386629535
thetao,W10p0,9,15,0.04905599132178074,0.04905599132178074
so,W10p0,2,13,0.048964018454510864,0.048964018454510864
thetao,W20p0,1,16,-0.048926621863237124,0.048926621863237124
thetao,W60p0,1,7,0.048821463069807995,0.048821463069807995
thetao,W40p0,8,8,0.04873593027831365,0.04873593027831365
so,W60p0,10,1,-0.048716926226890216,0.048716926226890216
thetao,W60p0,8,13,0.048710300762093976,0.048710300762093976
thetao,W30p0,8,11,0.048641998657679,0.048641998657679
thetao,W20p0,5,6,-0.048564012483526306,0.048564012483526306
thetao,W40p0,8,13,0.04839416784173382,0.04839416784173382
thetao,W30p0,9,6,-0.048370629216522874,0.048370629216522874
so,W30p0,3,19,-0.048293244082031915,0.048293244082031915
so,W20p0,4,1,0.04819948751364941,0.04819948751364941
thetao,W20p0,1,6,0.04817185632372276,0.04817185632372276
so,W60p0,8,6,-0.04815239267149311,0.04815239267149311
so,W20p0,3,7,-0.04796209635863564,0.04796209635863564
thetao,W40p0,4,16,-0.04795010311577517,0.04795010311577517
thetao,W10p0,1,13,-0.04791121589512416,0.04791121589512416
thetao,W40p0,7,1,-0.04756322275891894,0.04756322275891894
so,W40p0,6,17,-0.04754378497883298,0.04754378497883298
thetao,W30p0,9,12,0.047474188534065036,0.047474188534065036
thetao,W40p0,1,13,0.04739816264056545,0.04739816264056545
thetao,W20p0,2,13,0.04719145157985783,0.04719145157985783
so,W40p0,8,10,0.04711705254491533,0.04711705254491533
thetao,W40p0,3,16,0.04705390629167374,0.04705390629167374
thetao,W20p0,6,12,0.04704365704679209,0.04704365704679209
thetao,W10p0,9,17,0.04702852466364168,0.04702852466364168
thetao,W20p0,4,1,0.04701771690696468,0.04701771690696468
so,W20p0,7,3,-0.04701498799500178,0.04701498799500178
thetao,W30p0,1,16,0.047011947749495096,0.047011947749495096
thetao,W30p0,4,12,-0.04698423744863628,0.04698423744863628
thetao,W10p0,5,9,-0.046941841748313354,0.046941841748313354
thetao,W30p0,9,4,-0.046816058940932395,0.046816058940932395
thetao,W40p0,4,2,0.046707585481370995,0.046707585481370995
thetao,W60p0,8,11,0.046658441264754415,0.046658441264754415
thetao,W10p0,8,17,-0.04624894113790238,0.04624894113790238
so,W60p0,1,16,-0.046224374030297014,0.046224374030297014
so,W20p0,2,7,-0.0461755151058121,0.0461755151058121
so,W40p0,1,3,0.046091624105414064,0.046091624105414064
so,W40p0,6,7,-0.04601222039976747,0.04601222039976747
so,W30p0,10,19,-0.04595597317396561,0.04595597317396561
so,W40p0,6,2,0.04595230700133506,0.04595230700133506
thetao,W30p0,5,16,-0.0459388465854008,0.0459388465854008
so,W10p0,5,6,-0.04592733758515846,0.04592733758515846
so,W30p0,2,2,-0.04588823392988631,0.04588823392988631
so,W20p0,2,1,-0.04575755032737246,0.04575755032737246
thetao,W10p0,7,20,0.045696696704805036,0.045696696704805036
thetao,W10p0,2,10,-0.045693871717272364,0.045693871717272364
so,W60p0,10,5,0.04541401604448679,0.04541401604448679
thetao,W20p0,10,6,-0.04529612970881499,0.04529612970881499
so,W20p0,8,11,0.04528908054566698,0.04528908054566698
thetao,W40p0,9,2,0.045104240844975586,0.045104240844975586
thetao,W20p0,5,0,0.04482355713815481,0.04482355713815481
thetao,W20p0,8,13,-0.044798823057921364,0.044798823057921364
thetao,W40p0,7,3,-0.04479775729816769,0.04479775729816769
so,W30p0,6,16,0.044702617423229694,0.044702617423229694
so,W30p0,10,10,0.04468594706275581,0.04468594706275581
thetao,W30p0,10,8,-0.04454392043898412,0.04454392043898412
so,W10p0,6,12,-0.04452978271735422,0.04452978271735422
so,W30p0,6,12,0.04451885085798067,0.04451885085798067
so,W30p0,2,19,0.04451840685344931,0.04451840685344931
so,W60p0,4,12,-0.04448440994715465,0.04448440994715465
thetao,W30p0,7,15,-0.044414539275659616,0.044414539275659616
so,W20p0,3,11,0.04441012528431087,0.04441012528431087
thetao,W40p0,7,14,-0.044271817798069456,0.044271817798069456
so,W10p0,6,2,-0.044154829994826096,0.044154829994826096
so,W60p0,9,14,-0.04410513132620355,0.04410513132620355
thetao,W40p0,5,15,-0.043999756064096035,0.043999756064096035
so,W30p0,10,20,-0.04390435464100516,0.04390435464100516
thetao,W30p0,2,4,-0.043898252873932266,0.043898252873932266
so,W30p0,8,13,-0.043818536111719,0.043818536111719
so,W20p0,8,20,-0.04347918423122724,0.04347918423122724
thetao,W40p0,3,19,0.043429121375969916,0.043429121375969916
thetao,W30p0,3,19,0.0434103247858488,0.0434103247858488
thetao,W60p0,1,5,0.043355223843605246,0.043355223843605246
so,W10p0,4,10,-0.04333363446295872,0.04333363446295872
so,W60p0,9,1,-0.04326496393163376,0.04326496393163376
thetao,W60p0,2,3,-0.04323261743326138,0.04323261743326138
so,W40p0,3,16,-0.043224304817999964,0.043224304817999964
thetao,W10p0,8,0,-0.043166829272115646,0.043166829272115646
so,W20p0,7,9,-0.043053128511134214,0.043053128511134214
so,W40p0,8,2,-0.042986727847604045,0.042986727847604045
so,W30p0,7,3,-0.04292501430240686,0.04292501430240686
thetao,W40p0,5,17,-0.04252728717709111,0.04252728717709111
so,W60p0,8,20,-0.04251663074412434,0.04251663074412434
thetao,W60p0,4,12,-0.042488887407458764,0.042488887407458764
thetao,W40p0,5,16,-0.04248234505959026,0.04248234505959026
so,W10p0,5,9,-0.04239148694160982,0.04239148694160982
thetao,W20p0,7,7,-0.04231338713461155,0.04231338713461155
so,W10p0,9,11,0.0422020466943968,0.0422020466943968
thetao,W30p0,2,9,0.042154802175083377,0.042154802175083377
thetao,W60p0,10,11,-0.04212617496202682,0.04212617496202682
thetao,W30p0,10,6,-0.042119368453280216,0.042119368453280216
thetao,W60p0,10,6,0.04205688249608722,0.04205688249608722
so,W20p0,4,6,0.04205344898539523,0.04205344898539523
thetao,W20p0,9,0,0.042045226685320354,0.042045226685320354
thetao,W30p0,7,18,0.041991548404691846,0.041991548404691846
thetao,W10p0,8,2,-0.04197143031644695,0.04197143031644695
thetao,W10p0,1,2,0.04194178660120449,0.04194178660120449
thetao,W30p0,2,10,0.04182759665215217,0.04182759665215217
so,W10p0,10,3,-0.041780524804047106,0.041780524804047106
so,W60p0,10,12,0.04171118344622179,0.04171118344622179
thetao,W20p0,2,7,-0.041503978640930514,0.041503978640930514
so,W60p0,7,16,0.04139389386693914,0.04139389386693914
so,W40p0,1,11,-0.04139254733609073,0.04139254733609073
so,W60p0,8,12,0.04137334223782036,0.04137334223782036
so,W30p0,3,9,-0.04136340699253476,0.04136340699253476
thetao,W30p0,10,15,0.04124480794365006,0.04124480794365006
so,W10p0,5,7,-0.04103777764637454,0.04103777764637454
thetao,W20p0,6,2,0.0407291615989671,0.0407291615989671
so,W40p0,9,16,-0.04058686298772444,0.04058686298772444
thetao,W30p0,3,18,0.04046025954017286,0.04046025954017286
thetao,W20p0,2,14,-0.04045945947462648,0.04045945947462648
thetao,W60p0,1,2,0.040123030868933984,0.040123030868933984
so,W60p0,2,16,-0.039810955076826575,0.039810955076826575
thetao,W60p0,3,0,-0.039663134864892716,0.039663134864892716
so,W40p0,6,11,0.03965716298261923,0.03965716298261923
thetao,W20p0,7,17,-0.03958295983363904,0.03958295983363904
so,W10p0,3,6,-0.039517816757067684,0.039517816757067684
so,W10p0,8,19,0.039478802188724654,0.039478802188724654
so,W40p0,9,13,-0.039312729506956155,0.039312729506956155
so,W30p0,8,0,0.03926921157809178,0.03926921157809178
thetao,W10p0,5,2,0.03924555406687594,0.03924555406687594
so,W30p0,8,1,0.03920774564272378,0.03920774564272378
so,W10p0,1,17,0.03919109566213812,0.03919109566213812
so,W10p0,9,6,0.03917766516005707,0.03917766516005707
thetao,W30p0,9,7,-0.038995625050377014,0.038995625050377014
thetao,W30p0,9,9,-0.03895450702744423,0.03895450702744423
so,W40p0,3,19,0.0389366250089049,0.0389366250089049
so,W40p0,6,16,-0.03884190494218037,0.03884190494218037
thetao,W30p0,10,10,-0.03854369907500402,0.03854369907500402
thetao,W10p0,9,16,0.03849464609766596,0.03849464609766596
so,W60p0,3,7,-0.03846858951728583,0.03846858951728583
thetao,W30p0,1,15,0.038390090725803294,0.038390090725803294
thetao,W20p0,7,14,-0.03828179038037589,0.03828179038037589
so,W40p0,6,10,-0.03824336501583151,0.03824336501583151
so,W30p0,10,14,-0.038171360736167,0.038171360736167
so,W40p0,3,15,-0.03813794262844811,0.03813794262844811
so,W40p0,10,16,0.038109767905392,0.038109767905392
so,W40p0,4,18,-0.03787306578857436,0.03787306578857436
thetao,W30p0,8,13,0.0378573077099264,0.0378573077099264
so,W60p0,9,5,0.037730939261484665,0.037730939261484665
so,W10p0,8,20,0.03752058744850885,0.03752058744850885
thetao,W30p0,10,14,0.03750752331178243,0.03750752331178243
thetao,W60p0,2,9,0.037471225905828145,0.037471225905828145
so,W20p0,4,7,0.03737637397474863,0.03737637397474863
so,W30p0,6,15,0.037270182928010966,0.037270182928010966
so,W30p0,9,20,-0.03723250416775043,0.03723250416775043
thetao,W30p0,9,5,-0.03708917870804229,0.03708917870804229
so,W40p0,10,17,0.03695196783453735,0.03695196783453735
thetao,W30p0,7,3,0.03693354779566426,0.03693354779566426
so,W30p0,6,11,0.03675366450230856,0.03675366450230856
so,W40p0,1,8,0.03660932001801744,0.03660932001801744
thetao,W20p0,1,7,0.03636579687845414,0.03636579687845414
thetao,W30p0,3,12,0.03626358068478036,0.03626358068478036
thetao,W10p0,2,14,-0.036168631013166634,0.036168631013166634
so,W20p0,2,0,0.03586730458951108,0.03586730458951108
thetao,W10p0,10,8,-0.03537248193167792,0.03537248193167792
thetao,W30p0,6,7,0.03531208717302966,0.03531208717302966
so,W30p0,7,10,-0.03528864519295721,0.03528864519295721
thetao,W20p0,4,5,0.03517195252743279,0.03517195252743279
so,W40p0,2,10,0.03515973190724949,0.03515973190724949
so,W60p0,5,18,0.035115623264440524,0.035115623264440524
so,W40p0,2,9,0.03506576410144725,0.03506576410144725
thetao,W20p0,1,15,-0.03504353848530217,0.03504353848530217
thetao,W10p0,6,19,-0.03504059098074054,0.03504059098074054
so,W40p0,5,7,-0.03504037100092707,0.03504037100092707
so,W40p0,8,17,0.03492792258295172,0.03492792258295172
thetao,W20p0,8,2,0.03450472906181164,0.03450472906181164
thetao,W30p0,1,14,0.034497390082596564,0.034497390082596564
so,W30p0,9,8,0.034279066773201396,0.034279066773201396
so,W20p0,3,14,0.03419736702436069,0.03419736702436069
thetao,W20p0,4,7,0.03418554771681998,0.03418554771681998
so,W60p0,7,15,0.03403547371795823,0.03403547371795823
thetao,W40p0,1,4,0.03376017430743501,0.03376017430743501
thetao,W60p0,8,6,0.03361099406932413,0.03361099406932413
so,W60p0,2,10,0.03357439607126514,0.03357439607126514
thetao,W30p0,5,3,0.03333171255642161,0.03333171255642161
thetao,W40p0,8,12,-0.03323482688370392,0.03323482688370392
so,W30p0,7,18,0.03289909854327388,0.03289909854327388
so,W20p0,9,4,0.032891683814536374,0.032891683814536374
thetao,W60p0,7,7,0.03286298869225286,0.03286298869225286
thetao,W20p0,3,16,0.03282373454958272,0.03282373454958272
so,W40p0,4,15,-0.03278212756114488,0.03278212756114488
so,W10p0,3,7,-0.03270727859278332,0.03270727859278332
so,W20p0,3,18,-0.032430654798355336,0.032430654798355336
so,W40p0,1,5,-0.03228117894955701,0.03228117894955701
so,W20p0,3,8,-0.032222201747252426,0.032222201747252426
so,W30p0,10,16,-0.03222062616353896,0.03222062616353896
thetao,W40p0,2,15,0.03212449423914478,0.03212449423914478
thetao,W10p0,8,15,-0.03210397439541943,0.03210397439541943
thetao,W60p0,4,9,0.03194175875912169,0.03194175875912169
thetao,W20p0,8,1,-0.031925408091998515,0.031925408091998515
so,W20p0,5,14,-0.031918234172858585,0.031918234172858585
thetao,W20p0,2,11,0.031746375973622565,0.031746375973622565
so,W20p0,5,16,0.03159244411557266,0.03159244411557266
so,W20p0,4,8,-0.03145054642904322,0.03145054642904322
so,W60p0,8,18,0.031445945550547395,0.031445945550547395
thetao,W30p0,1,18,-0.031192540593317695,0.031192540593317695
so,W30p0,8,16,-0.03106261635526349,0.03106261635526349
so,W20p0,8,2,-0.030896179501066472,0.030896179501066472
thetao,W60p0,10,10,-0.030746584808487357,0.030746584808487357
so,W20p0,1,16,-0.03064765517999633,0.03064765517999633
so,W60p0,8,1,-0.030574154100909176,0.030574154100909176
thetao,W20p0,7,11,0.030480546589607246,0.030480546589607246
so,W60p0,9,7,-0.03046247173909432,0.03046247173909432
thetao,W20p0,8,19,-0.030444755985506198,0.030444755985506198
so,W20p0,8,6,-0.03041821288618374,0.03041821288618374
so,W60p0,8,11,0.030333994303318616,0.030333994303318616
thetao,W60p0,10,8,0.030294491267581946,0.030294491267581946
thetao,W60p0,7,6,0.030234839587689057,0.030234839587689057
thetao,W60p0,4,10,-0.030120780106904655,0.030120780106904655
so,W10p0,6,18,0.03011339066659932,0.03011339066659932
thetao,W40p0,8,1,0.02986794775098898,0.02986794775098898
thetao,W40p0,10,20,-0.029814685836091665,0.029814685836091665
so,W60p0,2,5,0.029756279145665775,0.029756279145665775
so,W30p0,5,5,-0.02958347132882298,0.02958347132882298
thetao,W20p0,9,7,0.029385986539217677,0.029385986539217677
so,W40p0,6,9,-0.029293221670795407,0.029293221670795407
thetao,W60p0,4,13,-0.029274614360937534,0.029274614360937534
so,W20p0,8,9,0.02927154225955227,0.02927154225955227
so,W10p0,9,12,0.02907306358189234,0.02907306358189234
so,W10p0,3,0,0.02904819623782296,0.02904819623782296
so,W30p0,10,15,0.028985399386999098,0.028985399386999098
so,W30p0,3,5,0.028953286146086714,0.028953286146086714
so,W10p0,7,16,0.02867154082998875,0.02867154082998875
thetao,W20p0,7,16,-0.028652172497654907,0.028652172497654907
so,W10p0,4,15,-0.028539573294560663,0.028539573294560663
so,W20p0,7,11,0.028486819521930617,0.028486819521930617
so,W10p0,1,15,-0.028476564082817075,0.028476564082817075
thetao,W40p0,4,19,0.028334124035654915,0.028334124035654915
thetao,W60p0,7,5,0.02831073419316095,0.02831073419316095
so,W20p0,3,13,0.028129642584545686,0.028129642584545686
so,W30p0,4,14,-0.02801668350125335,0.02801668350125335
so,W10p0,9,19,-0.02798793109475977,0.02798793109475977
thetao,W10p0,4,17,-0.02788457946128269,0.02788457946128269
so,W60p0,4,0,0.027877414164398383,0.027877414164398383
so,W40p0,9,7,-0.027831406611430975,0.027831406611430975
so,W10p0,9,1,-0.027768957054443343,0.027768957054443343
thetao,W30p0,1,17,0.027643157420638047,0.027643157420638047
thetao,W10p0,1,14,-0.027371546599225915,0.027371546599225915
so,W60p0,7,0,0.0273379746838785,0.0273379746838785
so,W30p0,4,11,-0.02729678447531837,0.02729678447531837
thetao,W30p0,4,11,-0.027272293461523867,0.027272293461523867
thetao,W40p0,1,14,-0.02723182173289112,0.02723182173289112
so,W60p0,9,15,0.027158658254803777,0.027158658254803777
thetao,W20p0,5,1,-0.027129297636857178,0.027129297636857178
thetao,W20p0,2,8,-0.027097896273527693,0.027097896273527693
so,W40p0,8,20,-0.02706720221531465,0.02706720221531465
so,W20p0,8,19,-0.026835504208940063,0.026835504208940063
so,W10p0,10,16,0.026790025469720306,0.026790025469720306
so,W10p0,10,17,0.026782963883843516,0.026782963883843516
thetao,W40p0,1,11,0.02677671203570162,0.02677671203570162
thetao,W30p0,7,17,0.02677579847468706,0.02677579847468706
thetao,W60p0,2,15,-0.026687777838917497,0.026687777838917497
thetao,W20p0,6,11,-0.026594148245650335,0.026594148245650335
so,W40p0,10,20,0.026533973440310662,0.026533973440310662
thetao,W60p0,10,1,-0.026496212307271422,0.026496212307271422
thetao,W40p0,5,5,0.026320605391654987,0.026320605391654987
thetao,W20p0,3,17,-0.02617293625225138,0.02617293625225138
so,W60p0,4,18,0.0260914248945409,0.0260914248945409
thetao,W40p0,1,7,0.025974466203938222,0.025974466203938222
so,W40p0,9,12,0.025826234906913312,0.025826234906913312
so,W10p0,9,10,0.025780564720722994,0.025780564720722994
thetao,W20p0,7,15,-0.02557896392027645,0.02557896392027645
thetao,W60p0,7,18,0.025520545208906262,0.025520545208906262
thetao,W10p0,6,20,-0.02549977530225649,0.02549977530225649
so,W60p0,6,3,0.025497535912749218,0.025497535912749218
so,W20p0,8,4,-0.02546899567875466,0.02546899567875466
thetao,W40p0,4,17,0.025468560039032834,0.025468560039032834
so,W60p0,6,7,0.02540578755997422,0.02540578755997422
thetao,W10p0,8,3,-0.025376498392953837,0.025376498392953837
thetao,W40p0,6,14,-0.02532906762374017,0.02532906762374017
so,W10p0,5,8,0.025278749826511,0.025278749826511
thetao,W40p0,7,0,0.025258322477883753,0.025258322477883753
so,W10p0,6,9,0.025151806743917097,0.025151806743917097
thetao,W40p0,7,20,-0.02504131397769122,0.02504131397769122
thetao,W10p0,1,15,-0.025016137051279135,0.025016137051279135
so,W20p0,8,12,0.025000782092029793,0.025000782092029793
so,W40p0,4,10,0.024920371860060013,0.024920371860060013
thetao,W60p0,10,9,-0.02490265972825122,0.02490265972825122
thetao,W10p0,7,1,0.024879500764779905,0.024879500764779905
thetao,W60p0,1,1,-0.024833469700813675,0.024833469700813675
so,W40p0,9,9,-0.024758642710196593,0.024758642710196593
thetao,W40p0,1,8,-0.02452574447485071,0.02452574447485071
so,W60p0,1,18,-0.024057639082268822,0.024057639082268822
so,W40p0,1,9,0.023966984588552374,0.023966984588552374
thetao,W40p0,4,13,-0.023850080588950055,0.023850080588950055
so,W20p0,3,10,0.023599394041800618,0.023599394041800618
so,W60p0,9,2,0.023499418877532714,0.023499418877532714
thetao,W30p0,2,18,-0.02341428123948695,0.02341428123948695
so,W60p0,5,11,0.023348211108047166,0.023348211108047166
thetao,W30p0,9,19,0.023222721718684208,0.023222721718684208
so,W10p0,4,2,0.02319046375030758,0.02319046375030758
thetao,W20p0,8,20,0.023051007678469564,0.023051007678469564
so,W40p0,9,10,0.022918304223581428,0.022918304223581428
thetao,W20p0,8,10,-0.022797001438461806,0.022797001438461806
thetao,W20p0,1,8,0.022777044530769123,0.022777044530769123
so,W60p0,6,5,-0.022447585902407165,0.022447585902407165
thetao,W10p0,5,1,-0.022404534828352144,0.022404534828352144
so,W40p0,4,16,0.02238450153183003,0.02238450153183003
so,W20p0,5,3,-0.022293300397373626,0.022293300397373626
thetao,W60p0,3,17,-0.022145212574573,0.022145212574573
so,W60p0,4,11,0.0219507020368322,0.0219507020368322
thetao,W20p0,1,9,0.02193894682710074,0.02193894682710074
thetao,W60p0,8,12,0.021788713324215985,0.021788713324215985
so,W40p0,9,20,0.021779754846355855,0.021779754846355855
thetao,W30p0,3,11,0.021513544205063448,0.021513544205063448
thetao,W30p0,2,5,0.021483628887935882,0.021483628887935882
thetao,W30p0,10,0,-0.021437456989534653,0.021437456989534653
so,W30p0,4,15,-0.021313031108422562,0.021313031108422562
thetao,W40p0,4,12,0.02129758362876253,0.02129758362876253
so,W30p0,5,4,0.021121183947772685,0.021121183947772685
so,W20p0,2,15,-0.021005995770751133,0.021005995770751133
thetao,W20p0,1,11,0.020908630508621993,0.020908630508621993
so,W10p0,6,14,-0.020908356041906495,0.020908356041906495
so,W40p0,3,2,0.020837415995459102,0.020837415995459102
so,W20p0,1,0,0.020835502549398383,0.020835502549398383
so,W60p0,8,7,-0.02083419644244738,0.02083419644244738
thetao,W20p0,7,8,0.020733810799721333,0.020733810799721333
so,W30p0,10,6,-0.020710591508528883,0.020710591508528883
thetao,W40p0,1,9,-0.020640957997286297,0.020640957997286297
so,W60p0,7,4,-0.020639146678795895,0.020639146678795895
so,W40p0,1,4,0.020609115608504525,0.020609115608504525
so,W30p0,4,13,-0.020244975637394514,0.020244975637394514
so,W60p0,9,9,0.020082401275870073,0.020082401275870073
thetao,W60p0,4,16,-0.020003828502839046,0.020003828502839046
so,W10p0,6,16,0.01997485084646047,0.01997485084646047
thetao,W60p0,6,13,-0.019952152682280025,0.019952152682280025
thetao,W60p0,7,11,0.01990156885652227,0.01990156885652227
thetao,W20p0,8,15,-0.0198146742236783,0.0198146742236783
so,W40p0,8,16,-0.019742348717903473,0.019742348717903473
so,W10p0,1,14,-0.01965723790733577,0.01965723790733577
so,W60p0,7,5,-0.019653467040156282,0.019653467040156282
so,W30p0,2,3,-0.019629291721495835,0.019629291721495835
so,W60p0,6,6,0.019611873891461816,0.019611873891461816
so,W40p0,5,14,-0.01960556972393705,0.01960556972393705
so,W40p0,9,0,0.019603788493776156,0.019603788493776156
thetao,W30p0,3,13,0.019522494334137414,0.019522494334137414
so,W10p0,6,10,0.019454293955781066,0.019454293955781066
thetao,W30p0,1,1,-0.019196984373458587,0.019196984373458587
thetao,W40p0,8,0,0.01918329081106839,0.01918329081106839
so,W60p0,6,4,0.01900670538584079,0.01900670538584079
so,W20p0,9,15,-0.018932185280498854,0.018932185280498854
thetao,W10p0,6,17,-0.018912143518541123,0.018912143518541123
so,W20p0,4,5,0.018865332675138125,0.018865332675138125
so,W40p0,3,14,0.01884514076802331,0.01884514076802331
thetao,W40p0,4,15,0.018784285071526012,0.018784285071526012
so,W10p0,3,9,0.018776789865152948,0.018776789865152948
so,W40p0,9,8,-0.01875284296327325,0.01875284296327325
so,W20p0,9,17,0.018692599755152865,0.018692599755152865
so,W10p0,6,3,0.01852167966093136,0.01852167966093136
so,W40p0,9,18,-0.01845310089156038,0.01845310089156038
so,W60p0,7,13,-0.018348325997134,0.018348325997134
so,W40p0,4,9,0.018318663833058253,0.018318663833058253
so,W30p0,7,5,0.01818666089074557,0.01818666089074557
thetao,W30p0,3,14,-0.018130305653227766,0.018130305653227766
thetao,W30p0,7,14,-0.018085135659130624,0.018085135659130624
thetao,W40p0,7,12,0.018065447877361442,0.018065447877361442
thetao,W10p0,8,16,-0.01788607289801533,0.01788607289801533
so,W40p0,10,19,0.017869086781867903,0.017869086781867903
thetao,W30p0,7,10,0.017738223622597374,0.017738223622597374
so,W60p0,2,15,0.017726835586752244,0.017726835586752244
so,W60p0,2,18,-0.017538677334998413,0.017538677334998413
so,W60p0,5,12,-0.017512255600910197,0.017512255600910197
so,W10p0,5,1,-0.017500815405260408,0.017500815405260408
so,W60p0,10,17,0.017431273166840892,0.017431273166840892
so,W10p0,4,1,0.017328814534673807,0.017328814534673807
so,W40p0,5,5,0.017041902903010404,0.017041902903010404
thetao,W40p0,8,9,-0.016984047200883135,0.016984047200883135
thetao,W20p0,2,10,0.0169763615051618,0.0169763615051618
thetao,W10p0,2,11,-0.01675974864276193,0.01675974864276193
so,W30p0,10,11,0.016613890275127958,0.016613890275127958
so,W20p0,8,15,-0.016541047216315507,0.016541047216315507
so,W30p0,8,20,-0.016518633750885102,0.016518633750885102
thetao,W30p0,9,10,-0.01644032116278133,0.01644032116278133
so,W40p0,8,13,-0.016267817672698942,0.016267817672698942
so,W60p0,5,19,-0.016179548694295682,0.016179548694295682
thetao,W60p0,8,14,-0.016173724026036652,0.016173724026036652
thetao,W30p0,8,14,0.016149518450194047,0.016149518450194047
so,W40p0,4,11,-0.016130763823979405,0.016130763823979405
so,W40p0,4,17,0.016081242596049847,0.016081242596049847
so,W40p0,1,20,0.015951308010374123,0.015951308010374123
so,W60p0,10,4,-0.015737230442141818,0.015737230442141818
so,W20p0,5,17,-0.015729900872701572,0.015729900872701572
so,W10p0,4,0,0.015690203141549532,0.015690203141549532
thetao,W60p0,6,14,0.015647022739641664,0.015647022739641664
so,W60p0,10,2,-0.015597559332537746,0.015597559332537746
so,W20p0,2,10,0.015411094973482573,0.015411094973482573
so,W30p0,3,6,-0.015257501524886679,0.015257501524886679
so,W10p0,3,1,-0.015197933044015857,0.015197933044015857
so,W40p0,1,14,0.015157759913923758,0.015157759913923758
thetao,W30p0,10,11,-0.014913509190665041,0.014913509190665041
so,W60p0,7,14,0.014802386323037195,0.014802386323037195
thetao,W30p0,2,19,0.014691739116364936,0.014691739116364936
so,W30p0,2,13,-0.014686900416558563,0.014686900416558563
thetao,W30p0,2,7,0.014571090751143193,0.014571090751143193
thetao,W40p0,2,14,-0.014455686605758182,0.014455686605758182
so,W30p0,10,8,0.014317291934801442,0.014317291934801442
thetao,W60p0,7,19,0.014316421600074777,0.014316421600074777
thetao,W10p0,6,5,0.01414415845518737,0.01414415845518737
so,W10p0,6,20,-0.014039729428002074,0.014039729428002074
so,W30p0,8,17,-0.013889478555933669,0.013889478555933669
thetao,W20p0,7,12,-0.013779434243097195,0.013779434243097195
so,W10p0,8,18,0.013746985756975373,0.013746985756975373
thetao,W10p0,6,6,0.013740109641572525,0.013740109641572525
so,W10p0,6,19,-0.013707235813298784,0.013707235813298784
so,W10p0,9,2,-0.013702095936500834,0.013702095936500834
thetao,W10p0,9,14,-0.013495833241796752,0.013495833241796752
thetao,W30p0,10,16,0.013465662020106616,0.013465662020106616
so,W20p0,7,2,0.013388548326465,0.013388548326465
thetao,W20p0,7,10,0.013292006906768699,0.013292006906768699
so,W30p0,2,15,-0.013256669882151942,0.013256669882151942
thetao,W10p0,8,14,0.01322821552118645,0.01322821552118645
so,W10p0,6,13,-0.013140342612974925,0.013140342612974925
thetao,W30p0,3,17,0.013133703357199081,0.013133703357199081
thetao,W20p0,1,10,0.013021532919915453,0.013021532919915453
so,W10p0,9,9,-0.013020007611156396,0.013020007611156396
so,W20p0,4,10,-0.012908390135545124,0.012908390135545124
thetao,W40p0,7,15,-0.012891135533048067,0.012891135533048067
thetao,W10p0,1,3,-0.01274084905528533,0.01274084905528533
so,W60p0,8,8,0.012636007232785714,0.012636007232785714
so,W20p0,10,0,0.012593495583508287,0.012593495583508287
so,W60p0,2,7,-0.012544748610169023,0.012544748610169023
thetao,W10p0,9,1,-0.012176435186185471,0.012176435186185471
thetao,W30p0,5,15,-0.012104144625704619,0.012104144625704619
so,W20p0,3,12,0.011998182317790042,0.011998182317790042
thetao,W20p0,10,18,-0.011853946116280774,0.011853946116280774
thetao,W30p0,7,16,-0.01178367372212094,0.01178367372212094
thetao,W30p0,4,13,-0.011728203283946106,0.011728203283946106
so,W20p0,9,16,0.01163628449158515,0.01163628449158515
thetao,W10p0,2,12,0.011498955385526878,0.011498955385526878
so,W30p0,10,17,-0.011458468850825352,0.011458468850825352
so,W60p0,2,8,-0.011396255981110995,0.011396255981110995
so,W10p0,4,16,-0.011335845794603968,0.011335845794603968
so,W10p0,7,15,-0.011228937873070728,0.011228937873070728
thetao,W20p0,1,12,0.011141753896824213,0.011141753896824213
thetao,W40p0,3,1,-0.011105417220251408,0.011105417220251408
so,W30p0,6,19,-0.01110378243396133,0.01110378243396133
so,W10p0,8,6,0.011035443164288262,0.011035443164288262
so,W20p0,7,10,-0.011014353908066425,0.011014353908066425
so,W60p0,1,19,0.010981143619101259,0.010981143619101259
thetao,W40p0,4,3,0.010824721905546519,0.010824721905546519
thetao,W40p0,5,0,0.010791677682519828,0.010791677682519828
so,W40p0,6,1,-0.010657421863202305,0.010657421863202305
so,W20p0,9,19,0.010590947726520476,0.010590947726520476
thetao,W20p0,8,14,-0.01058486520479903,0.01058486520479903
thetao,W30p0,10,13,0.010539465418173575,0.010539465418173575
so,W30p0,10,7,0.010528750617138809,0.010528750617138809
so,W30p0,5,8,0.010361907754079396,0.010361907754079396
so,W20p0,9,20,-0.010217511738705588,0.010217511738705588
so,W60p0,9,6,0.010154201770211877,0.010154201770211877
so,W40p0,10,10,-0.010054953125135225,0.010054953125135225
so,W40p0,8,11,-0.009925765894642256,0.009925765894642256
thetao,W20p0,8,9,-0.00990668363481627,0.00990668363481627
so,W30p0,10,9,-0.009826069950152302,0.009826069950152302
so,W20p0,5,19,0.009797255967378616,0.009797255967378616
so,W40p0,10,11,-0.00975112102015143,0.00975112102015143
so,W30p0,9,19,-0.009710541203563154,0.009710541203563154
so,W40p0,9,11,0.009684857571235063,0.009684857571235063
so,W10p0,4,9,0.009626817763037733,0.009626817763037733
so,W10p0,6,15,-0.009611789639585522,0.009611789639585522
thetao,W20p0,1,13,0.009499398546505231,0.009499398546505231
thetao,W20p0,7,6,-0.009386091832730824,0.009386091832730824
so,W20p0,2,11,0.009329698942752004,0.009329698942752004
thetao,W20p0,9,13,-0.009311198076392748,0.009311198076392748
so,W60p0,2,6,0.009121947303014773,0.009121947303014773
so,W60p0,9,12,0.009077090775016521,0.009077090775016521
thetao,W40p0,4,18,0.00891216458041105,0.00891216458041105
so,W30p0,6,9,0.008871659329889085,0.008871659329889085
so,W20p0,5,18,-0.008611006051789627,0.008611006051789627
thetao,W40p0,1,3,-0.008586795313922157,0.008586795313922157
thetao,W30p0,8,15,0.00856671093744902,0.00856671093744902
so,W40p0,2,8,0.008473217693428469,0.008473217693428469
thetao,W30p0,2,8,0.008209296902114369,0.008209296902114369
so,W10p0,5,20,-0.008186961136208185,0.008186961136208185
so,W30p0,4,12,-0.008017964472810198,0.008017964472810198
so,W20p0,9,11,0.007718262442335168,0.007718262442335168
thetao,W30p0,5,8,-0.007692367501084518,0.007692367501084518
thetao,W10p0,9,0,-0.007611447277711329,0.007611447277711329
so,W10p0,9,20,-0.007589145991561331,0.007589145991561331
so,W60p0,7,20,0.0075770771317331,0.0075770771317331
thetao,W30p0,10,9,-0.007275331445433386,0.007275331445433386
thetao,W40p0,9,16,-0.007116306271069038,0.007116306271069038
so,W60p0,3,17,-0.00687518072911524,0.00687518072911524
so,W40p0,10,5,-0.00686058950123519,0.00686058950123519
thetao,W60p0,7,8,0.00683279233792241,0.00683279233792241
so,W30p0,7,6,-0.006749389107050672,0.006749389107050672
so,W60p0,1,17,-0.0067318803853157385,0.0067318803853157385
so,W40p0,3,1,-0.006600428348058851,0.006600428348058851
so,W60p0,3,2,-0.006485699129370092,0.006485699129370092
thetao,W30p0,10,12,-0.006293503965707749,0.006293503965707749
so,W40p0,5,6,0.006176373148150681,0.006176373148150681
thetao,W30p0,5,17,0.006162483261440388,0.006162483261440388
so,W60p0,7,2,0.006093781840326285,0.006093781840326285
so,W20p0,2,9,-0.006086585890586488,0.006086585890586488
thetao,W30p0,5,14,0.006021052611876547,0.006021052611876547
so,W20p0,6,4,-0.005779033897504581,0.005779033897504581
so,W30p0,1,3,0.005751536072606628,0.005751536072606628
thetao,W20p0,5,7,0.005706245247049432,0.005706245247049432
so,W40p0,10,18,-0.005705904001906822,0.005705904001906822
thetao,W40p0,1,10,-0.005469878723254584,0.005469878723254584
so,W30p0,2,14,0.0053865344003384856,0.0053865344003384856
thetao,W40p0,3,0,-0.005351674613390209,0.005351674613390209
so,W40p0,8,19,0.005345766128433186,0.005345766128433186
thetao,W60p0,2,4,0.005260922018678332,0.005260922018678332
so,W40p0,1,7,-0.005181210536763661,0.005181210536763661
so,W40p0,4,8,-0.005035241134260263,0.005035241134260263
thetao,W40p0,7,11,-0.0050319096121872586,0.0050319096121872586
thetao,W20p0,8,11,0.00491588359038319,0.00491588359038319
so,W30p0,5,7,-0.004886472154138121,0.004886472154138121
thetao,W40p0,4,14,0.0048654879771007605,0.0048654879771007605
thetao,W30p0,5,4,0.004850226868403377,0.004850226868403377
thetao,W40p0,8,20,0.004831080796537605,0.004831080796537605
so,W20p0,10,20,-0.004770611485698379,0.004770611485698379
so,W30p0,2,20,-0.004723854617507849,0.004723854617507849
so,W20p0,2,8,0.004695925007859197,0.004695925007859197
so,W30p0,10,13,0.004669041126249694,0.004669041126249694
so,W10p0,5,13,0.004650147896797225,0.004650147896797225
thetao,W20p0,7,9,0.004524608472999761,0.004524608472999761
so,W30p0,9,17,-0.0045033301143144805,0.0045033301143144805
thetao,W20p0,1,14,-0.004271322643641594,0.004271322643641594
so,W20p0,3,6,-0.003922807001987104,0.003922807001987104
thetao,W10p0,10,12,-0.003887589125216874,0.003887589125216874
so,W30p0,7,7,-0.0038672424317641955,0.0038672424317641955
so,W40p0,6,8,0.003812958821561607,0.003812958821561607
so,W10p0,9,4,-0.0037545994768596216,0.0037545994768596216
so,W30p0,2,12,-0.0037400670467154546,0.0037400670467154546
thetao,W30p0,7,7,-0.0036320876380591875,0.0036320876380591875
thetao,W10p0,2,7,0.0035058397630440908,0.0035058397630440908
thetao,W10p0,2,13,0.0032663197343460663,0.0032663197343460663
thetao,W60p0,5,11,-0.003212455321500108,0.003212455321500108
thetao,W60p0,6,5,-0.0031935854731139457,0.0031935854731139457
so,W60p0,5,4,-0.003157918907191434,0.003157918907191434
so,W40p0,7,3,0.003126918857130998,0.003126918857130998
so,W20p0,9,13,0.0028729472312836435,0.0028729472312836435
thetao,W10p0,6,3,0.002857772493630611,0.002857772493630611
so,W20p0,9,5,0.00270957339871349,0.00270957339871349
so,W20p0,4,20,0.0025836185910974472,0.0025836185910974472
thetao,W30p0,9,11,-0.00250764529464659,0.00250764529464659
so,W20p0,5,20,-0.0024019160688099413,0.0024019160688099413
so,W30p0,8,9,0.0021876798702259535,0.0021876798702259535
so,W10p0,8,17,0.002120909969383989,0.002120909969383989
so,W30p0,10,12,-0.0021162249357873776,0.0021162249357873776
so,W40p0,2,0,0.0017851379293767741,0.0017851379293767741
thetao,W40p0,4,11,-0.0017432209369738982,0.0017432209369738982
thetao,W30p0,10,20,-0.0017344654747590237,0.0017344654747590237
thetao,W40p0,5,14,-0.0017283815233914554,0.0017283815233914554
so,W30p0,7,4,-0.001663055641485078,0.001663055641485078
thetao,W60p0,10,18,-0.0016273343530309938,0.0016273343530309938
so,W20p0,3,9,-0.0013934725069022998,0.0013934725069022998
thetao,W20p0,10,7,-0.0013772553119466393,0.0013772553119466393
so,W60p0,6,14,0.0013318401313137593,0.0013318401313137593
thetao,W10p0,10,11,-0.0013301422270020876,0.0013301422270020876
so,W30p0,6,0,0.0012675937365114064,0.0012675937365114064
thetao,W10p0,5,0,0.00125247219931968,0.00125247219931968
so,W10p0,1,16,-0.0012168368747655144,0.0012168368747655144
thetao,W20p0,2,9,0.0010494106812200055,0.0010494106812200055
so,W20p0,4,9,-0.0010322868079581337,0.0010322868079581337
so,W10p0,10,11,0.0010138761136527202,0.0010138761136527202
so,W20p0,8,5,-0.000965551942668525,0.000965551942668525
thetao,W10p0,10,10,0.0009517867648334808,0.0009517867648334808
so,W20p0,8,7,-0.0009367244417828137,0.0009367244417828137
thetao,W20p0,8,0,0.0008395975073369337,0.0008395975073369337
thetao,W10p0,10,5,0.0007489379814400593,0.0007489379814400593
so,W40p0,1,10,0.0005798399038532585,0.0005798399038532585
so,W10p0,6,11,-0.0005581272681220668,0.0005581272681220668
thetao,W10p0,10,9,-0.0005332969355436765,0.0005332969355436765
thetao,W60p0,4,17,-0.00045213818623386116,0.00045213818623386116
so,W30p0,5,0,-0.00040958523826356715,0.00040958523826356715
