var,lon_tag,mode,lag,corr,abs_corr
so,W10p0,1,11,-0.440768641259544,0.440768641259544
so,W30p0,2,14,0.4367651116425448,0.4367651116425448
so,W10p0,1,10,-0.4206321681816897,0.4206321681816897
thetao,W40p0,2,1,-0.41768626750142357,0.41768626750142357
thetao,W30p0,6,15,0.3941042444805939,0.3941042444805939
thetao,W60p0,3,12,-0.3868851298570289,0.3868851298570289
so,W30p0,2,15,0.38380375850303855,0.38380375850303855
so,W10p0,1,9,-0.37806609276939673,0.37806609276939673
so,W10p0,1,12,-0.37681965018866626,0.37681965018866626
so,W40p0,5,1,-0.3708213961988447,0.3708213961988447
thetao,W60p0,3,11,-0.370095717555007,0.370095717555007
so,W40p0,1,9,0.3646480003915151,0.3646480003915151
so,W10p0,6,1,0.36436007379406715,0.36436007379406715
so,W40p0,2,4,-0.3642930657562646,0.3642930657562646
so,W10p0,2,2,-0.36253930895403524,0.36253930895403524
so,W40p0,7,0,-0.36205890983019157,0.36205890983019157
so,W40p0,2,3,-0.3618633887742208,0.3618633887742208
so,W10p0,6,2,0.3610946276855814,0.3610946276855814
so,W40p0,1,0,0.3601120493289956,0.3601120493289956
so,W10p0,2,1,-0.3565690197733216,0.3565690197733216
thetao,W60p0,3,13,-0.3526483881248008,0.3526483881248008
thetao,W30p0,6,16,0.35231793551882334,0.35231793551882334
thetao,W60p0,10,0,-0.3482739397620081,0.3482739397620081
thetao,W20p0,5,18,0.347943458656766,0.347943458656766
so,W20p0,7,19,0.3454115637419259,0.3454115637419259
so,W10p0,1,8,-0.3439820895611904,0.3439820895611904
so,W20p0,1,13,-0.3392989632851407,0.3392989632851407
thetao,W40p0,9,0,0.3366795705736049,0.3366795705736049
so,W10p0,7,5,-0.33648712766957634,0.33648712766957634
so,W10p0,6,0,0.33591866242642665,0.33591866242642665
so,W40p0,2,2,-0.33525175135668933,0.33525175135668933
thetao,W30p0,8,12,-0.3346469248669137,0.3346469248669137
so,W10p0,4,12,0.3299808286289824,0.3299808286289824
thetao,W40p0,1,9,-0.327557984965637,0.327557984965637
so,W60p0,1,0,0.3256675650806822,0.3256675650806822
so,W40p0,2,5,-0.325309473440657,0.325309473440657
thetao,W20p0,1,12,0.3252916460617994,0.3252916460617994
thetao,W20p0,5,17,0.3247516541215818,0.3247516541215818
thetao,W30p0,8,11,-0.3238927943132033,0.3238927943132033
so,W10p0,2,0,-0.32107207680583655,0.32107207680583655
thetao,W40p0,2,2,-0.3210630519642751,0.3210630519642751
so,W10p0,6,12,0.32104453035530434,0.32104453035530434
so,W40p0,4,20,-0.3209889200587158,0.3209889200587158
so,W20p0,1,14,-0.32081849239805954,0.32081849239805954
thetao,W60p0,2,2,-0.3182011840607458,0.3182011840607458
so,W30p0,2,13,0.3160844580800769,0.3160844580800769
thetao,W30p0,6,18,0.31524727951213083,0.31524727951213083
so,W10p0,6,13,0.3132676556405347,0.3132676556405347
so,W10p0,2,3,-0.31271672872959677,0.31271672872959677
so,W60p0,10,13,0.31128245668990867,0.31128245668990867
thetao,W20p0,1,13,0.31024290045031433,0.31024290045031433
thetao,W20p0,3,2,0.3096373571872657,0.3096373571872657
thetao,W30p0,6,14,0.30897605158911023,0.30897605158911023
thetao,W30p0,1,17,-0.3085777089527869,0.3085777089527869
thetao,W10p0,1,1,0.30852138868493206,0.30852138868493206
so,W40p0,1,8,0.3081871725419292,0.3081871725419292
so,W40p0,8,18,-0.3059768232403195,0.3059768232403195
so,W60p0,4,3,0.305620654378642,0.305620654378642
so,W20p0,7,20,0.3050464158857109,0.3050464158857109
so,W40p0,8,1,0.3046066493507118,0.3046066493507118
so,W40p0,2,20,0.30451506268599077,0.30451506268599077
thetao,W40p0,10,0,0.3039460869154535,0.3039460869154535
so,W10p0,7,6,-0.30370518180423156,0.30370518180423156
so,W10p0,4,13,0.3020036375144338,0.3020036375144338
so,W20p0,1,15,-0.3019653159999224,0.3019653159999224
so,W10p0,8,4,0.2988815710482294,0.2988815710482294
thetao,W30p0,6,17,0.2986541456415772,0.2986541456415772
thetao,W40p0,6,2,0.2967965280498311,0.2967965280498311
thetao,W20p0,1,11,0.2959039412335918,0.2959039412335918
so,W20p0,7,18,0.2957354252464862,0.2957354252464862
thetao,W30p0,1,16,-0.29564241532465013,0.29564241532465013
so,W30p0,1,18,0.2948695520242824,0.2948695520242824
so,W40p0,1,10,0.2936411208862769,0.2936411208862769
so,W10p0,8,5,0.2907941099256881,0.2907941099256881
so,W20p0,6,4,0.2902829160827987,0.2902829160827987
thetao,W40p0,4,3,0.2901751285728902,0.2901751285728902
so,W20p0,1,12,-0.2895347774497052,0.2895347774497052
thetao,W60p0,2,1,-0.2884975284705965,0.2884975284705965
so,W30p0,1,17,0.28845207133109896,0.28845207133109896
so,W40p0,5,0,-0.28764898015105733,0.28764898015105733
thetao,W20p0,3,3,0.2875683306031421,0.2875683306031421
so,W30p0,2,3,0.28622335749818023,0.28622335749818023
thetao,W40p0,9,1,0.28609688351584195,0.28609688351584195
so,W40p0,5,2,-0.28606146507046193,0.28606146507046193
so,W60p0,4,2,0.2858908670560792,0.2858908670560792
thetao,W30p0,6,19,0.28569939882510537,0.28569939882510537
thetao,W30p0,6,20,0.2855599307024834,0.2855599307024834
thetao,W10p0,1,2,0.2854197864586316,0.2854197864586316
so,W10p0,4,11,0.28463772909394836,0.28463772909394836
so,W20p0,3,8,0.28450294263911063,0.28450294263911063
thetao,W40p0,6,12,0.2844003330896262,0.2844003330896262
so,W10p0,4,10,0.2842488051166824,0.2842488051166824
thetao,W20p0,5,19,0.2819585220011966,0.2819585220011966
so,W40p0,8,17,-0.2814237030030898,0.2814237030030898
so,W10p0,5,2,-0.2810154730995704,0.2810154730995704
so,W10p0,1,7,-0.2798972593661077,0.2798972593661077
thetao,W60p0,3,14,-0.27976867861860655,0.27976867861860655
thetao,W40p0,1,0,-0.2792557956336503,0.2792557956336503
so,W10p0,1,13,-0.2786447004670452,0.2786447004670452
so,W40p0,7,17,0.27645750834829735,0.27645750834829735
thetao,W10p0,1,0,0.2763367108255544,0.2763367108255544
thetao,W20p0,7,20,-0.2754249187427675,0.2754249187427675
so,W20p0,8,17,-0.27540926922634157,0.27540926922634157
so,W10p0,7,4,-0.27413268026565957,0.27413268026565957
thetao,W20p0,3,19,-0.27350683404654513,0.27350683404654513
thetao,W60p0,4,17,0.2733086510081457,0.2733086510081457
so,W20p0,6,5,0.2726079476563834,0.2726079476563834
thetao,W40p0,1,10,-0.2723049585736144,0.2723049585736144
so,W30p0,4,1,-0.2717121522188517,0.2717121522188517
thetao,W30p0,1,15,-0.27158571105883367,0.27158571105883367
thetao,W10p0,4,11,0.2714690664347432,0.2714690664347432
so,W30p0,2,4,0.2707832165913958,0.2707832165913958
so,W10p0,6,3,0.27057104060259457,0.27057104060259457
so,W20p0,5,12,-0.2699161978109429,0.2699161978109429
thetao,W40p0,10,16,-0.268966007841158,0.268966007841158
thetao,W40p0,3,7,-0.2688669888053777,0.2688669888053777
thetao,W20p0,3,18,-0.2687337304888936,0.2687337304888936
thetao,W10p0,4,10,0.26842898471532056,0.26842898471532056
thetao,W20p0,6,15,-0.26836134307875276,0.26836134307875276
so,W40p0,7,16,0.2682930224320866,0.2682930224320866
thetao,W10p0,4,9,0.2679873406230923,0.2679873406230923
so,W20p0,2,17,0.26765635413825245,0.26765635413825245
so,W20p0,5,2,-0.267508907299365,0.267508907299365
thetao,W30p0,1,18,-0.266911843464034,0.266911843464034
thetao,W40p0,6,13,0.26643790069750134,0.26643790069750134
so,W30p0,2,0,-0.26570235700864425,0.26570235700864425
so,W60p0,1,1,0.2647410988686593,0.2647410988686593
thetao,W20p0,1,14,0.26401577911501267,0.26401577911501267
so,W40p0,8,4,0.2633675659195003,0.2633675659195003
so,W20p0,6,6,0.26309890968697897,0.26309890968697897
thetao,W30p0,10,1,-0.26264837724061774,0.26264837724061774
so,W20p0,5,13,-0.2624337860968983,0.2624337860968983
so,W40p0,8,3,0.26213336915132723,0.26213336915132723
thetao,W20p0,1,9,0.2620228136758184,0.2620228136758184
so,W40p0,4,19,-0.2619142101379648,0.2619142101379648
so,W40p0,8,5,0.26170238835169574,0.26170238835169574
thetao,W20p0,6,16,-0.2616869106852808,0.2616869106852808
so,W20p0,9,17,-0.2613397895832259,0.2613397895832259
thetao,W10p0,4,8,0.2609188553180617,0.2609188553180617
so,W10p0,6,14,0.2606713625110672,0.2606713625110672
so,W20p0,3,9,0.2597810688455507,0.2597810688455507
so,W40p0,9,0,0.2593346833038823,0.2593346833038823
so,W60p0,10,14,0.2592955834853151,0.2592955834853151
so,W20p0,6,3,0.25927552032074536,0.25927552032074536
so,W40p0,2,19,0.25878142728808323,0.25878142728808323
thetao,W20p0,1,10,0.258482369723958,0.258482369723958
thetao,W30p0,5,17,-0.25818933064398814,0.25818933064398814
so,W60p0,7,12,-0.25753182193534396,0.25753182193534396
thetao,W60p0,3,2,-0.25680074013723597,0.25680074013723597
so,W20p0,8,16,-0.2562744129392829,0.2562744129392829
thetao,W20p0,1,8,0.25617640236040085,0.25617640236040085
so,W20p0,8,18,-0.25551997052682035,0.25551997052682035
so,W20p0,3,10,0.2552640201727192,0.2552640201727192
so,W40p0,7,18,0.25429460535359055,0.25429460535359055
thetao,W60p0,1,20,0.2539376355498585,0.2539376355498585
thetao,W20p0,2,13,-0.25381791907689205,0.25381791907689205
so,W30p0,1,19,0.2534927409495456,0.2534927409495456
thetao,W30p0,10,2,-0.25303975368512754,0.25303975368512754
so,W40p0,7,15,0.25276618445678284,0.25276618445678284
so,W60p0,10,12,0.2527347346385019,0.2527347346385019
so,W40p0,8,0,0.2521484156300432,0.2521484156300432
thetao,W10p0,8,10,-0.25191194107306564,0.25191194107306564
so,W40p0,2,6,-0.2518748244325849,0.2518748244325849
so,W60p0,6,11,0.251167547855543,0.251167547855543
thetao,W20p0,3,4,0.25077840456879363,0.25077840456879363
thetao,W30p0,9,14,-0.25067615161217893,0.25067615161217893
thetao,W60p0,4,9,-0.25032029805192607,0.25032029805192607
so,W30p0,2,16,0.25013866912197863,0.25013866912197863
thetao,W60p0,4,19,0.24999273385643578,0.24999273385643578
so,W40p0,8,2,0.24993547682369427,0.24993547682369427
so,W30p0,7,7,-0.24984037875578932,0.24984037875578932
thetao,W10p0,7,20,0.24850371753731632,0.24850371753731632
so,W40p0,6,0,-0.2481254854118444,0.2481254854118444
so,W20p0,9,18,-0.24805863272074075,0.24805863272074075
so,W30p0,4,2,-0.24766537197749383,0.24766537197749383
so,W10p0,4,15,0.24754565617522886,0.24754565617522886
so,W30p0,5,3,0.2475383342416534,0.2475383342416534
thetao,W10p0,4,12,0.24698962683078068,0.24698962683078068
so,W20p0,3,0,0.24620160996629656,0.24620160996629656
so,W20p0,2,18,0.24466212685585215,0.24466212685585215
thetao,W60p0,10,1,-0.2444532664854591,0.2444532664854591
thetao,W30p0,8,3,-0.24404367085035214,0.24404367085035214
thetao,W20p0,1,15,0.24396499821174866,0.24396499821174866
so,W20p0,9,1,0.24384813214106227,0.24384813214106227
thetao,W60p0,4,18,0.2435453640981891,0.2435453640981891
so,W10p0,2,4,-0.24348676878875017,0.24348676878875017
so,W20p0,1,11,-0.24341404979145287,0.24341404979145287
so,W10p0,4,14,0.24314878793892156,0.24314878793892156
so,W10p0,5,3,-0.24245613391210105,0.24245613391210105
so,W10p0,9,10,-0.2421437405249826,0.2421437405249826
thetao,W30p0,1,14,-0.24125784792564947,0.24125784792564947
thetao,W40p0,6,3,0.2406388589472892,0.2406388589472892
thetao,W60p0,4,16,0.24052878648270212,0.24052878648270212
so,W20p0,9,2,0.2404554375021554,0.2404554375021554
thetao,W30p0,8,2,-0.24027500207701966,0.24027500207701966
thetao,W40p0,1,8,-0.23998627600518677,0.23998627600518677
thetao,W30p0,8,13,-0.23976068761378563,0.23976068761378563
so,W30p0,7,6,-0.2391581231348442,0.2391581231348442
thetao,W30p0,1,8,-0.23890437398443806,0.23890437398443806
thetao,W20p0,6,20,0.23801631788978533,0.23801631788978533
thetao,W20p0,5,16,0.23796509426222706,0.23796509426222706
thetao,W10p0,6,15,-0.23730859433702492,0.23730859433702492
so,W30p0,5,4,0.23725811463227126,0.23725811463227126
thetao,W20p0,2,12,-0.23675881554938977,0.23675881554938977
so,W30p0,7,1,-0.23629493474150084,0.23629493474150084
so,W10p0,6,11,0.23599321870512788,0.23599321870512788
so,W30p0,6,19,0.23585954179979854,0.23585954179979854
so,W10p0,8,14,0.23576628221045257,0.23576628221045257
thetao,W40p0,10,20,-0.23511900990034681,0.23511900990034681
so,W20p0,6,8,0.234863693204599,0.234863693204599
so,W20p0,6,7,0.2348107602027475,0.2348107602027475
so,W20p0,1,16,-0.2339442982345517,0.2339442982345517
thetao,W20p0,3,20,-0.23352099629621664,0.23352099629621664
so,W60p0,7,11,-0.23351006182365533,0.23351006182365533
so,W10p0,4,9,0.23343599873254964,0.23343599873254964
thetao,W60p0,4,10,-0.23296408658816975,0.23296408658816975
thetao,W60p0,3,3,-0.23291785556964886,0.23291785556964886
so,W30p0,5,2,0.23263206100470885,0.23263206100470885
thetao,W40p0,10,17,-0.23253681215848376,0.23253681215848376
so,W60p0,6,10,0.23099579579366097,0.23099579579366097
thetao,W20p0,2,14,-0.23072859258327444,0.23072859258327444
thetao,W40p0,6,14,0.2304125896251722,0.2304125896251722
so,W60p0,8,11,-0.23007594686627936,0.23007594686627936
so,W40p0,7,1,-0.2294897956030692,0.2294897956030692
thetao,W10p0,8,9,-0.22945108105393514,0.22945108105393514
so,W20p0,8,19,-0.2290944971344451,0.2290944971344451
so,W30p0,9,6,0.22783464320780442,0.22783464320780442
so,W60p0,6,17,-0.22685084960309124,0.22685084960309124
thetao,W30p0,9,2,-0.22678222619010374,0.22678222619010374
thetao,W10p0,10,13,-0.2265804170638354,0.2265804170638354
so,W60p0,4,4,0.22657528255782006,0.22657528255782006
thetao,W20p0,2,0,0.22657386329811438,0.22657386329811438
thetao,W60p0,3,10,-0.22639282546513712,0.22639282546513712
thetao,W30p0,8,10,-0.2258480008042584,0.2258480008042584
so,W10p0,4,4,0.22573331456184956,0.22573331456184956
so,W40p0,8,11,0.22555957337267707,0.22555957337267707
thetao,W40p0,10,19,-0.22533810931652118,0.22533810931652118
so,W20p0,5,14,-0.22487917601528634,0.22487917601528634
so,W20p0,3,7,0.2246810414025345,0.2246810414025345
thetao,W10p0,1,11,0.2246244148341982,0.2246244148341982
thetao,W30p0,1,6,-0.22367293053399243,0.22367293053399243
so,W20p0,8,4,0.22351688292409994,0.22351688292409994
thetao,W20p0,1,7,0.22350238471073092,0.22350238471073092
so,W60p0,10,4,0.223230480404757,0.223230480404757
thetao,W10p0,10,0,-0.22292410279135527,0.22292410279135527
thetao,W40p0,4,2,0.22273214598294963,0.22273214598294963
thetao,W40p0,10,15,-0.22269111446158288,0.22269111446158288
thetao,W40p0,6,11,0.22225220655561817,0.22225220655561817
thetao,W20p0,6,14,-0.22224538060176646,0.22224538060176646
so,W30p0,7,0,-0.22200982036261474,0.22200982036261474
so,W60p0,9,0,-0.22172104220319036,0.22172104220319036
thetao,W40p0,6,1,0.2206514806834253,0.2206514806834253
thetao,W20p0,10,17,-0.2204424086431589,0.2204424086431589
thetao,W20p0,1,16,0.21971457660403915,0.21971457660403915
thetao,W40p0,8,11,0.21963046787517773,0.21963046787517773
thetao,W10p0,2,7,0.21938132025637086,0.21938132025637086
thetao,W10p0,8,11,-0.21914569392463454,0.21914569392463454
so,W60p0,4,1,0.21886099259768166,0.21886099259768166
thetao,W10p0,5,2,-0.21851999645817405,0.21851999645817405
thetao,W10p0,7,19,0.21822762312265984,0.21822762312265984
thetao,W40p0,8,15,0.21818830719082738,0.21818830719082738
thetao,W10p0,9,17,-0.2176115039691215,0.2176115039691215
thetao,W40p0,2,0,-0.2172517005578791,0.2172517005578791
thetao,W10p0,6,17,-0.21693143861048603,0.21693143861048603
thetao,W40p0,8,10,0.21672631110108834,0.21672631110108834
thetao,W10p0,1,12,0.21666581945667743,0.21666581945667743
thetao,W20p0,1,2,0.21658887305480135,0.21658887305480135
thetao,W60p0,9,16,-0.2165606610801397,0.2165606610801397
so,W30p0,9,5,0.21627091294859668,0.21627091294859668
so,W40p0,2,1,-0.21625386359552853,0.21625386359552853
thetao,W20p0,1,5,0.21600628480681136,0.21600628480681136
thetao,W20p0,7,19,-0.21595812450739546,0.21595812450739546
thetao,W60p0,9,15,-0.2159559361004429,0.2159559361004429
thetao,W10p0,1,3,0.2157325622466411,0.2157325622466411
thetao,W10p0,2,20,-0.21500439320943063,0.21500439320943063
thetao,W60p0,6,18,-0.21471612483756716,0.21471612483756716
thetao,W20p0,10,0,0.2146210346281283,0.2146210346281283
thetao,W20p0,3,17,-0.21457801165258109,0.21457801165258109
so,W20p0,5,3,-0.21451947087756326,0.21451947087756326
thetao,W10p0,10,14,-0.21441156608383194,0.21441156608383194
thetao,W60p0,6,17,-0.2143234699413756,0.2143234699413756
thetao,W30p0,10,0,-0.2139525992460488,0.2139525992460488
thetao,W10p0,3,17,-0.21351985499194637,0.21351985499194637
thetao,W30p0,8,4,-0.21344027608198599,0.21344027608198599
so,W20p0,10,6,-0.21343720717172185,0.21343720717172185
so,W30p0,1,16,0.21315189740865956,0.21315189740865956
so,W10p0,8,3,0.21289082435498288,0.21289082435498288
thetao,W40p0,6,15,0.21258610850711893,0.21258610850711893
thetao,W30p0,10,3,-0.21245398996144174,0.21245398996144174
thetao,W10p0,7,2,-0.21218983432780425,0.21218983432780425
thetao,W20p0,1,6,0.21206254630117832,0.21206254630117832
so,W40p0,2,18,0.21102143467876056,0.21102143467876056
so,W40p0,10,9,0.21033601900661023,0.21033601900661023
thetao,W20p0,2,15,-0.21030406238713154,0.21030406238713154
so,W10p0,8,15,0.20886578453980542,0.20886578453980542
so,W60p0,8,12,-0.2087979401554178,0.2087979401554178
thetao,W10p0,4,13,0.20829166110528788,0.20829166110528788
thetao,W40p0,5,3,-0.20793182329145465,0.20793182329145465
so,W20p0,5,1,-0.20765006625661656,0.20765006625661656
thetao,W10p0,6,16,-0.2074251660947661,0.2074251660947661
thetao,W10p0,4,7,0.2072002039331226,0.2072002039331226
so,W30p0,6,20,0.2068570456061628,0.2068570456061628
so,W40p0,7,19,0.20674370317883545,0.20674370317883545
so,W30p0,5,13,0.20649122131343509,0.20649122131343509
so,W20p0,1,10,-0.20648398021499093,0.20648398021499093
thetao,W10p0,3,2,0.2064486992590302,0.2064486992590302
so,W20p0,3,11,0.20612001496669122,0.20612001496669122
thetao,W10p0,6,18,-0.20572255466113046,0.20572255466113046
thetao,W30p0,5,16,-0.2049379924180809,0.2049379924180809
thetao,W30p0,1,7,-0.2047987056077504,0.2047987056077504
thetao,W10p0,8,12,-0.2047679108856904,0.2047679108856904
so,W40p0,9,15,-0.2047173005693669,0.2047173005693669
thetao,W40p0,3,2,0.20455466914489928,0.20455466914489928
so,W10p0,9,11,-0.20429022265538266,0.20429022265538266
thetao,W20p0,1,3,0.20370671171035462,0.20370671171035462
thetao,W40p0,10,18,-0.20368772570215984,0.20368772570215984
thetao,W10p0,7,3,-0.20349870148768687,0.20349870148768687
thetao,W40p0,10,1,0.20312574595770583,0.20312574595770583
so,W10p0,7,7,-0.20311962402415504,0.20311962402415504
thetao,W60p0,10,15,0.20208057841589605,0.20208057841589605
so,W10p0,4,5,0.20205807964931322,0.20205807964931322
so,W30p0,6,4,-0.2014654839915233,0.2014654839915233
thetao,W10p0,7,18,0.20124804503473306,0.20124804503473306
so,W40p0,7,14,0.20093368903520067,0.20093368903520067
so,W20p0,10,7,-0.20082166437791368,0.20082166437791368
so,W20p0,1,9,-0.2007474285305964,0.2007474285305964
thetao,W20p0,3,1,0.20065269430467553,0.20065269430467553
so,W20p0,10,5,-0.20042555525322242,0.20042555525322242
so,W20p0,4,8,0.20013464079267224,0.20013464079267224
so,W30p0,3,14,-0.20012803014943775,0.20012803014943775
so,W40p0,4,9,0.2000939372900396,0.2000939372900396
thetao,W60p0,6,8,-0.20006950446498206,0.20006950446498206
so,W40p0,3,11,0.19970291111820998,0.19970291111820998
so,W20p0,7,13,-0.1997025238020468,0.1997025238020468
so,W10p0,8,13,0.1992436824593262,0.1992436824593262
so,W10p0,9,3,0.19895574544413705,0.19895574544413705
so,W20p0,6,12,0.19884729542450916,0.19884729542450916
thetao,W20p0,1,4,0.19873235021153532,0.19873235021153532
so,W20p0,6,2,0.1986073497242791,0.1986073497242791
so,W10p0,6,4,0.19846822116381224,0.19846822116381224
so,W20p0,9,16,-0.19833221793342415,0.19833221793342415
so,W30p0,7,8,-0.19775672664884203,0.19775672664884203
so,W60p0,8,13,-0.1977130738711779,0.1977130738711779
so,W30p0,7,2,-0.19753022096993092,0.19753022096993092
thetao,W60p0,7,0,0.19687697719617803,0.19687697719617803
thetao,W40p0,3,8,-0.19649413092035428,0.19649413092035428
thetao,W40p0,9,17,-0.19646416367359787,0.19646416367359787
so,W10p0,2,5,-0.19635324204062463,0.19635324204062463
so,W30p0,5,15,0.19623620453291024,0.19623620453291024
thetao,W30p0,10,13,-0.19620435056098592,0.19620435056098592
so,W30p0,1,20,0.19618092912768267,0.19618092912768267
thetao,W60p0,4,8,-0.19594717491344302,0.19594717491344302
thetao,W20p0,4,8,0.19589554173087906,0.19589554173087906
so,W60p0,10,3,0.19568807909150143,0.19568807909150143
so,W60p0,10,11,0.195438132080619,0.195438132080619
so,W20p0,3,1,0.19538065387934153,0.19538065387934153
so,W40p0,6,1,-0.1952181667961622,0.1952181667961622
so,W30p0,2,12,0.19512191652358138,0.19512191652358138
thetao,W30p0,9,13,-0.19457030705195394,0.19457030705195394
so,W60p0,1,5,0.1944722647392325,0.1944722647392325
thetao,W10p0,10,1,-0.19443531744276815,0.19443531744276815
thetao,W60p0,4,11,-0.1943849178850482,0.1943849178850482
thetao,W30p0,3,11,-0.19410237621966211,0.19410237621966211
thetao,W10p0,8,0,-0.19407929303143934,0.19407929303143934
so,W30p0,7,16,-0.19400186439340253,0.19400186439340253
thetao,W20p0,1,17,0.19382313244283136,0.19382313244283136
so,W60p0,2,2,0.19362371943739176,0.19362371943739176
thetao,W40p0,8,12,0.19358433732271182,0.19358433732271182
thetao,W10p0,10,12,-0.19329750832726997,0.19329750832726997
so,W10p0,10,6,-0.19309281899982547,0.19309281899982547
so,W20p0,8,15,-0.1928728035823521,0.1928728035823521
so,W20p0,2,16,0.19287269462318304,0.19287269462318304
so,W10p0,9,12,-0.1928666300789811,0.1928666300789811
so,W20p0,5,15,-0.19281050698606944,0.19281050698606944
thetao,W10p0,1,10,0.19277121406823763,0.19277121406823763
so,W10p0,5,1,-0.19268074048178946,0.19268074048178946
thetao,W60p0,10,5,0.19236152168324916,0.19236152168324916
so,W10p0,4,7,0.1923119829772264,0.1923119829772264
thetao,W10p0,2,8,0.19180239200053717,0.19180239200053717
thetao,W60p0,10,4,0.19123473417076298,0.19123473417076298
thetao,W60p0,5,16,0.19123371203843387,0.19123371203843387
thetao,W10p0,7,17,0.19108148496859262,0.19108148496859262
thetao,W10p0,3,7,-0.1910013303017956,0.1910013303017956
so,W10p0,5,0,-0.19077550422339445,0.19077550422339445
so,W40p0,8,10,0.19072909680888947,0.19072909680888947
thetao,W60p0,4,20,0.19063293057660863,0.19063293057660863
so,W10p0,8,6,0.19057025280842846,0.19057025280842846
thetao,W40p0,2,3,-0.19033606752131352,0.19033606752131352
thetao,W40p0,2,11,-0.19032504957379345,0.19032504957379345
thetao,W60p0,6,7,-0.19000874014457628,0.19000874014457628
thetao,W60p0,3,1,-0.1894773812638966,0.1894773812638966
so,W30p0,2,2,0.188836857269935,0.188836857269935
thetao,W30p0,1,19,-0.18862362162808394,0.18862362162808394
thetao,W10p0,2,6,0.1885021586785787,0.1885021586785787
thetao,W10p0,8,3,-0.18847572558164183,0.18847572558164183
so,W40p0,10,10,0.18789613912318168,0.18789613912318168
thetao,W60p0,1,8,-0.1876796671778458,0.1876796671778458
thetao,W20p0,2,11,-0.18744903332963175,0.18744903332963175
so,W40p0,7,13,0.18736341908555992,0.18736341908555992
so,W60p0,3,15,0.18725618112280634,0.18725618112280634
so,W40p0,7,20,0.1868090248320195,0.1868090248320195
so,W30p0,5,14,0.186798488150637,0.186798488150637
so,W20p0,7,12,-0.18673498795155768,0.18673498795155768
so,W10p0,7,3,-0.18672569764512,0.18672569764512
thetao,W30p0,1,9,-0.18620642002113558,0.18620642002113558
so,W40p0,1,7,0.18592208364164262,0.18592208364164262
so,W10p0,4,3,0.18587414315008158,0.18587414315008158
so,W30p0,2,5,0.18549263498983132,0.18549263498983132
so,W40p0,8,6,0.18544921613080745,0.18544921613080745
so,W60p0,1,6,0.18443504300623884,0.18443504300623884
so,W30p0,3,15,-0.184356721080795,0.184356721080795
thetao,W10p0,5,0,-0.18393983762141386,0.18393983762141386
so,W40p0,9,16,-0.18354390553738942,0.18354390553738942
thetao,W30p0,8,5,-0.18326659169658152,0.18326659169658152
thetao,W30p0,9,15,-0.1830979860694335,0.1830979860694335
thetao,W20p0,1,1,0.1830260013736917,0.1830260013736917
so,W10p0,9,4,0.18264334108929722,0.18264334108929722
so,W40p0,5,12,-0.18256881096458857,0.18256881096458857
thetao,W60p0,6,6,-0.18193442550749742,0.18193442550749742
thetao,W20p0,10,16,-0.18169238183598038,0.18169238183598038
so,W20p0,7,14,-0.18159763646057472,0.18159763646057472
so,W60p0,8,15,-0.18140422244603488,0.18140422244603488
so,W20p0,7,17,0.18109291363290825,0.18109291363290825
thetao,W30p0,9,1,-0.18061571865211246,0.18061571865211246
so,W60p0,3,1,0.1804248184200146,0.1804248184200146
so,W40p0,1,15,-0.18040270635713707,0.18040270635713707
thetao,W40p0,3,16,-0.18032698159956043,0.18032698159956043
thetao,W40p0,7,20,0.18005015847423553,0.18005015847423553
so,W20p0,2,5,0.1799511699241424,0.1799511699241424
thetao,W60p0,1,19,0.17989289690532753,0.17989289690532753
so,W10p0,1,14,-0.17979129774006092,0.17979129774006092
so,W60p0,5,20,-0.179766970600576,0.179766970600576
thetao,W60p0,2,3,-0.17934815066671486,0.17934815066671486
so,W40p0,8,12,0.1792990185865361,0.1792990185865361
thetao,W10p0,8,1,-0.17929496604087092,0.17929496604087092
so,W30p0,3,16,-0.17876604256132658,0.17876604256132658
so,W20p0,2,4,0.1787493680918491,0.1787493680918491
so,W40p0,3,12,0.17853252520027105,0.17853252520027105
so,W30p0,3,17,-0.17845996521118196,0.17845996521118196
thetao,W20p0,5,20,0.17828991650927886,0.17828991650927886
thetao,W40p0,8,9,0.17823767448673222,0.17823767448673222
so,W40p0,6,16,0.17791834732356646,0.17791834732356646
thetao,W20p0,1,18,0.1777809051029237,0.1777809051029237
so,W40p0,4,10,0.17774068084458214,0.17774068084458214
so,W20p0,6,13,0.17765790635229783,0.17765790635229783
thetao,W60p0,8,13,-0.17763727345140412,0.17763727345140412
so,W30p0,3,20,-0.1776178268886087,0.1776178268886087
so,W40p0,5,11,-0.1773421620722486,0.1773421620722486
so,W20p0,8,20,-0.17699483736134247,0.17699483736134247
thetao,W20p0,1,0,0.17690879094732287,0.17690879094732287
so,W40p0,4,18,-0.17690019132658003,0.17690019132658003
thetao,W40p0,3,6,-0.17672407981310825,0.17672407981310825
thetao,W10p0,9,16,-0.17633706852566805,0.17633706852566805
thetao,W30p0,9,12,-0.17620565120125775,0.17620565120125775
so,W30p0,6,5,-0.17616895135139962,0.17616895135139962
so,W10p0,1,6,-0.17591983440575806,0.17591983440575806
thetao,W40p0,3,1,0.17584401601468277,0.17584401601468277
so,W60p0,6,9,0.1757235909451217,0.1757235909451217
thetao,W10p0,10,3,-0.17567817396181026,0.17567817396181026
thetao,W40p0,4,4,0.17543630163443383,0.17543630163443383
so,W10p0,10,5,-0.1754046277226895,0.1754046277226895
thetao,W10p0,10,2,-0.17529239839149818,0.17529239839149818
thetao,W10p0,8,20,-0.17514174701883892,0.17514174701883892
thetao,W30p0,10,14,-0.1748614871350867,0.1748614871350867
thetao,W10p0,8,13,-0.1746384188870347,0.1746384188870347
thetao,W60p0,5,17,0.174242534099471,0.174242534099471
so,W30p0,6,6,-0.17421899100953503,0.17421899100953503
thetao,W30p0,5,7,-0.17398888313394067,0.17398888313394067
thetao,W10p0,8,4,-0.17376667197793974,0.17376667197793974
thetao,W10p0,1,13,0.17311332367893356,0.17311332367893356
thetao,W30p0,3,7,-0.17286356385249782,0.17286356385249782
so,W10p0,9,13,-0.172715445337363,0.172715445337363
thetao,W30p0,5,18,-0.17268946526716078,0.17268946526716078
so,W10p0,7,17,-0.17263013730070276,0.17263013730070276
thetao,W10p0,3,8,-0.17258407938977358,0.17258407938977358
thetao,W40p0,8,14,0.17255844820427257,0.17255844820427257
so,W10p0,6,19,-0.1718176437026402,0.1718176437026402
so,W60p0,3,16,0.17146669453874178,0.17146669453874178
so,W40p0,8,19,-0.17123509797624326,0.17123509797624326
thetao,W60p0,6,19,-0.1709195346587131,0.1709195346587131
so,W20p0,10,13,-0.17084206710924768,0.17084206710924768
thetao,W40p0,8,16,0.17077315120197972,0.17077315120197972
so,W20p0,2,0,0.17044124106514233,0.17044124106514233
thetao,W40p0,2,12,-0.17008026142265784,0.17008026142265784
thetao,W60p0,8,14,-0.1699658728098445,0.1699658728098445
thetao,W30p0,6,13,0.16970231387612697,0.16970231387612697
so,W60p0,4,14,0.16947634862668304,0.16947634862668304
so,W10p0,7,16,-0.16885587320672016,0.16885587320672016
so,W40p0,5,3,-0.16876576955927014,0.16876576955927014
thetao,W30p0,1,5,-0.1686730500332967,0.1686730500332967
thetao,W30p0,5,2,0.16842865962582995,0.16842865962582995
thetao,W60p0,9,9,0.16835254370823918,0.16835254370823918
so,W30p0,4,7,0.16825374699699122,0.16825374699699122
so,W40p0,1,16,-0.16797225327858858,0.16797225327858858
so,W30p0,4,8,0.1678319494317219,0.1678319494317219
thetao,W40p0,1,15,0.16776566166079762,0.16776566166079762
thetao,W40p0,9,2,0.16763428540790168,0.16763428540790168
thetao,W20p0,6,7,0.16749279669213005,0.16749279669213005
thetao,W20p0,9,7,0.1671753448496117,0.1671753448496117
so,W20p0,8,3,0.16707260355962417,0.16707260355962417
so,W30p0,3,13,-0.16699803381832184,0.16699803381832184
so,W30p0,2,17,0.16699608176240555,0.16699608176240555
thetao,W40p0,9,6,-0.16494528587002344,0.16494528587002344
thetao,W60p0,5,3,-0.1649256799004925,0.1649256799004925
so,W40p0,6,12,-0.1647786415069131,0.1647786415069131
thetao,W30p0,10,18,0.16467109729525792,0.16467109729525792
thetao,W60p0,8,6,-0.1645082198613728,0.1645082198613728
so,W60p0,9,8,0.16423988720068966,0.16423988720068966
so,W60p0,8,14,-0.1637531255348819,0.1637531255348819
so,W10p0,2,6,-0.16372616328916642,0.16372616328916642
thetao,W10p0,7,1,-0.16361953521412187,0.16361953521412187
so,W40p0,3,15,0.16341256603262264,0.16341256603262264
thetao,W40p0,3,12,0.16340039447116497,0.16340039447116497
thetao,W60p0,1,7,-0.1633283470938268,0.1633283470938268
so,W40p0,2,13,-0.16314194309746968,0.16314194309746968
so,W20p0,5,11,-0.16288713621272374,0.16288713621272374
so,W30p0,9,15,0.16287371571267356,0.16287371571267356
thetao,W40p0,6,4,0.16262324542826048,0.16262324542826048
so,W10p0,4,8,0.16261479862361278,0.16261479862361278
thetao,W10p0,8,8,-0.1625012096216796,0.1625012096216796
thetao,W10p0,6,14,-0.16243133316549307,0.16243133316549307
thetao,W40p0,5,7,0.16218853741126452,0.16218853741126452
thetao,W20p0,3,8,-0.16206936364255742,0.16206936364255742
so,W10p0,10,7,-0.16194413081290565,0.16194413081290565
so,W60p0,6,12,0.16160768140868403,0.16160768140868403
so,W40p0,2,17,0.16159314585553042,0.16159314585553042
thetao,W30p0,1,2,-0.16140563601935967,0.16140563601935967
so,W20p0,3,16,-0.16140079530761373,0.16140079530761373
so,W30p0,5,16,0.16119865251388482,0.16119865251388482
so,W10p0,3,16,0.16108438854657925,0.16108438854657925
thetao,W40p0,3,13,0.16097323405462963,0.16097323405462963
thetao,W30p0,6,8,-0.16087289886683348,0.16087289886683348
thetao,W40p0,5,4,-0.1606777613972154,0.1606777613972154
so,W60p0,3,2,0.1606490580929759,0.1606490580929759
thetao,W20p0,6,13,-0.16060872396687242,0.16060872396687242
thetao,W10p0,2,19,-0.16060122171443733,0.16060122171443733
so,W30p0,4,14,0.16045784764462317,0.16045784764462317
thetao,W10p0,4,14,0.1604013082710785,0.1604013082710785
thetao,W30p0,10,4,-0.1603522997441441,0.1603522997441441
thetao,W10p0,3,12,0.1601061608770548,0.1601061608770548
so,W30p0,1,9,0.15994085908232203,0.15994085908232203
so,W10p0,4,6,0.15967863348705258,0.15967863348705258
so,W40p0,8,16,-0.15951365563743364,0.15951365563743364
so,W30p0,4,15,0.1594432833558478,0.1594432833558478
so,W40p0,3,14,0.15943166412145518,0.15943166412145518
thetao,W10p0,8,2,-0.15913676675549832,0.15913676675549832
thetao,W30p0,8,14,-0.15909726290023948,0.15909726290023948
so,W60p0,5,5,0.15907133599781037,0.15907133599781037
thetao,W10p0,3,3,0.1588522799910108,0.1588522799910108
thetao,W30p0,8,1,-0.1586338314818098,0.1586338314818098
thetao,W20p0,10,20,0.15847131756892488,0.15847131756892488
thetao,W20p0,6,17,-0.15817308362120674,0.15817308362120674
thetao,W30p0,7,7,0.1580868161644133,0.1580868161644133
so,W10p0,5,15,0.1580415973471528,0.1580415973471528
so,W40p0,9,14,-0.15799127267737836,0.15799127267737836
thetao,W60p0,8,15,-0.15786941870983592,0.15786941870983592
so,W10p0,4,16,0.1578244594985342,0.1578244594985342
thetao,W10p0,7,16,0.15756866983097254,0.15756866983097254
thetao,W60p0,1,9,-0.15649843408395875,0.15649843408395875
so,W10p0,6,20,-0.15645192571377747,0.15645192571377747
thetao,W10p0,6,19,-0.15641839059596904,0.15641839059596904
thetao,W40p0,8,13,0.15631348258932834,0.15631348258932834
thetao,W10p0,5,1,-0.15614763374335466,0.15614763374335466
so,W10p0,5,19,0.1560419213690744,0.1560419213690744
thetao,W20p0,9,2,0.15600545140894245,0.15600545140894245
so,W10p0,4,1,0.15597381410479155,0.15597381410479155
thetao,W40p0,3,17,-0.15578579855547087,0.15578579855547087
so,W30p0,10,6,0.15564475748105455,0.15564475748105455
so,W10p0,3,20,0.15559736159943388,0.15559736159943388
thetao,W40p0,1,16,0.1553097042220791,0.1553097042220791
thetao,W10p0,2,10,0.15530271212215793,0.15530271212215793
so,W10p0,6,15,0.15520262385931846,0.15520262385931846
so,W20p0,10,15,-0.15499545221127775,0.15499545221127775
so,W20p0,4,7,0.1548611695079956,0.1548611695079956
thetao,W10p0,2,9,0.15482215071814595,0.15482215071814595
so,W60p0,4,11,0.15443659179389527,0.15443659179389527
so,W30p0,7,15,-0.15422290169530758,0.15422290169530758
thetao,W30p0,3,8,-0.1541239182682561,0.1541239182682561
so,W20p0,9,0,0.15397930116504688,0.15397930116504688
thetao,W10p0,3,13,0.1539576306900495,0.1539576306900495
thetao,W60p0,7,2,0.15388483976139095,0.15388483976139095
so,W20p0,3,15,-0.1538394224006198,0.1538394224006198
so,W60p0,1,4,0.1537270701908948,0.1537270701908948
thetao,W30p0,9,3,-0.15327247655762927,0.15327247655762927
thetao,W10p0,3,1,0.15321995145328676,0.15321995145328676
so,W60p0,8,19,0.15272353696822072,0.15272353696822072
thetao,W20p0,4,9,0.15269790567814762,0.15269790567814762
thetao,W10p0,9,3,-0.1526377634662325,0.1526377634662325
thetao,W60p0,9,14,-0.1525167535961636,0.1525167535961636
thetao,W30p0,5,1,0.15218802403845974,0.15218802403845974
so,W20p0,9,19,-0.15216180381921934,0.15216180381921934
thetao,W60p0,3,15,-0.1520965344017199,0.1520965344017199
so,W20p0,10,12,-0.1520719711251401,0.1520719711251401
so,W30p0,8,3,0.15183050259115166,0.15183050259115166
so,W20p0,4,20,-0.15176128530379251,0.15176128530379251
thetao,W40p0,2,18,0.15172610284961446,0.15172610284961446
thetao,W20p0,3,5,0.1513127185115932,0.1513127185115932
so,W60p0,1,2,0.1513125403282683,0.1513125403282683
so,W20p0,2,3,0.15125822965226793,0.15125822965226793
thetao,W60p0,10,16,0.15118007857600763,0.15118007857600763
so,W60p0,6,16,-0.15091495417610717,0.15091495417610717
so,W10p0,8,12,0.15071898695091432,0.15071898695091432
thetao,W60p0,9,0,0.15057094106799535,0.15057094106799535
thetao,W60p0,4,3,-0.15054388386186815,0.15054388386186815
so,W10p0,5,18,0.15054238039506626,0.15054238039506626
thetao,W20p0,6,8,0.1503830954010148,0.1503830954010148
so,W30p0,10,5,0.15035734128407238,0.15035734128407238
so,W40p0,2,12,-0.15023683751480404,0.15023683751480404
thetao,W40p0,8,5,0.15021944533201742,0.15021944533201742
so,W60p0,4,18,-0.14985826777704503,0.14985826777704503
thetao,W40p0,8,8,0.14983914811506072,0.14983914811506072
thetao,W10p0,10,4,-0.14952716269319277,0.14952716269319277
so,W10p0,7,15,-0.14947039987560767,0.14947039987560767
so,W10p0,7,0,0.1493433730804083,0.1493433730804083
so,W20p0,8,2,0.14931076418183906,0.14931076418183906
thetao,W40p0,7,2,-0.14901976549050922,0.14901976549050922
so,W20p0,3,6,0.14899818211815627,0.14899818211815627
thetao,W20p0,8,8,0.14843949130603531,0.14843949130603531
so,W40p0,8,13,0.14808330013041154,0.14808330013041154
so,W10p0,5,20,0.14804646002360722,0.14804646002360722
thetao,W10p0,3,18,-0.14788006184629462,0.14788006184629462
so,W30p0,7,9,-0.1477263973826884,0.1477263973826884
thetao,W10p0,6,12,-0.14764319378830745,0.14764319378830745
thetao,W20p0,9,1,0.14744789008015605,0.14744789008015605
so,W60p0,3,14,0.14710595416895872,0.14710595416895872
so,W20p0,6,9,0.1470464879605529,0.1470464879605529
thetao,W40p0,5,2,-0.14703318602984253,0.14703318602984253
thetao,W10p0,2,5,0.14693376327569257,0.14693376327569257
so,W20p0,5,7,0.14672223444831636,0.14672223444831636
so,W30p0,1,4,-0.1466295519204141,0.1466295519204141
so,W40p0,2,7,-0.14651979521810207,0.14651979521810207
so,W20p0,6,11,0.1462629549473579,0.1462629549473579
so,W60p0,2,3,0.146003274683319,0.146003274683319
so,W10p0,10,16,-0.1459656359369943,0.1459656359369943
so,W20p0,2,19,0.1455922694197942,0.1455922694197942
so,W30p0,1,10,0.14558189310131403,0.14558189310131403
so,W40p0,4,8,0.14547460067887816,0.14547460067887816
so,W20p0,4,3,0.1451822691308752,0.1451822691308752
so,W10p0,7,18,-0.14516900335994104,0.14516900335994104
thetao,W40p0,8,20,-0.1451172928219567,0.1451172928219567
thetao,W60p0,8,16,-0.14510617908245155,0.14510617908245155
so,W30p0,6,7,-0.1450271734287859,0.1450271734287859
so,W20p0,8,5,0.14501562422482678,0.14501562422482678
thetao,W20p0,7,15,-0.14488803263504416,0.14488803263504416
so,W20p0,10,1,-0.14486337571916594,0.14486337571916594
thetao,W60p0,4,4,-0.14442954356867604,0.14442954356867604
thetao,W10p0,2,11,0.14442076900211273,0.14442076900211273
so,W30p0,1,15,0.14422107175758292,0.14422107175758292
so,W10p0,9,9,-0.14416889598823576,0.14416889598823576
thetao,W60p0,1,10,-0.1441554583870761,0.1441554583870761
thetao,W40p0,7,19,0.1441354834170155,0.1441354834170155
thetao,W30p0,10,19,0.1440763349878765,0.1440763349878765
so,W40p0,6,2,-0.14401267153315286,0.14401267153315286
thetao,W30p0,3,10,-0.14371292754308332,0.14371292754308332
so,W20p0,7,7,0.14324363138991633,0.14324363138991633
thetao,W20p0,6,6,0.1429976696684341,0.1429976696684341
so,W30p0,4,6,0.14286587110233664,0.14286587110233664
thetao,W40p0,9,15,-0.14274911029705692,0.14274911029705692
thetao,W60p0,1,11,-0.14271890759249722,0.14271890759249722
so,W10p0,10,4,-0.14269299965314017,0.14269299965314017
so,W10p0,2,9,-0.14258134731741948,0.14258134731741948
thetao,W60p0,6,5,-0.1425808822200115,0.1425808822200115
so,W20p0,1,17,-0.1423129252392881,0.1423129252392881
so,W30p0,7,14,-0.14206813485360115,0.14206813485360115
so,W30p0,10,15,0.142019513371015,0.142019513371015
so,W60p0,10,15,0.14194991951508457,0.14194991951508457
thetao,W10p0,4,1,-0.1417396860011212,0.1417396860011212
so,W10p0,5,6,-0.1416967007117948,0.1416967007117948
so,W10p0,4,2,0.1415896612752995,0.1415896612752995
thetao,W10p0,7,10,0.14146281258764554,0.14146281258764554
thetao,W60p0,9,7,0.14134238462568513,0.14134238462568513
thetao,W20p0,9,9,0.14134040313126878,0.14134040313126878
thetao,W30p0,7,16,0.14133593022320376,0.14133593022320376
so,W40p0,4,17,-0.14123659085909687,0.14123659085909687
so,W20p0,3,2,0.14118083790105937,0.14118083790105937
thetao,W30p0,7,17,0.14116801356632563,0.14116801356632563
so,W60p0,2,1,0.14091288572451172,0.14091288572451172
so,W40p0,6,7,0.14067692131973322,0.14067692131973322
so,W60p0,4,12,0.14048191892469186,0.14048191892469186
so,W40p0,6,17,0.14042755385069047,0.14042755385069047
thetao,W10p0,7,0,-0.14037658619489735,0.14037658619489735
thetao,W20p0,6,4,0.14021025281596822,0.14021025281596822
thetao,W20p0,8,16,-0.14000909516630497,0.14000909516630497
so,W30p0,5,5,0.1399972935127332,0.1399972935127332
so,W40p0,3,13,0.13937950648884204,0.13937950648884204
thetao,W10p0,6,13,-0.13916327483112936,0.13916327483112936
so,W20p0,9,3,0.1391526119189248,0.1391526119189248
so,W20p0,4,6,0.13902040947635483,0.13902040947635483
thetao,W60p0,10,3,0.13885665202538905,0.13885665202538905
thetao,W30p0,5,8,-0.13863650342750072,0.13863650342750072
thetao,W10p0,9,8,-0.13863103308649405,0.13863103308649405
thetao,W60p0,7,9,0.1383827633583275,0.1383827633583275
so,W60p0,7,20,-0.13837434033196064,0.13837434033196064
thetao,W20p0,10,5,-0.1383489824061729,0.1383489824061729
so,W40p0,10,8,0.13830390464601555,0.13830390464601555
thetao,W30p0,4,4,-0.13825919080929472,0.13825919080929472
so,W10p0,8,17,0.1380415414952646,0.1380415414952646
thetao,W20p0,3,9,-0.13803703942536394,0.13803703942536394
so,W20p0,1,3,-0.13767477558766109,0.13767477558766109
so,W60p0,2,11,-0.13746799932142942,0.13746799932142942
thetao,W10p0,9,15,-0.13744737374673602,0.13744737374673602
thetao,W20p0,10,18,-0.13739971779900478,0.13739971779900478
so,W60p0,9,6,0.13726863960922764,0.13726863960922764
so,W40p0,9,5,-0.13720776308996707,0.13720776308996707
thetao,W10p0,5,18,-0.13706574291880003,0.13706574291880003
so,W60p0,1,3,0.13687153442012953,0.13687153442012953
so,W30p0,6,10,-0.13679478295754896,0.13679478295754896
so,W30p0,8,19,0.13679318206297508,0.13679318206297508
thetao,W10p0,3,16,-0.1366175527572442,0.1366175527572442
thetao,W20p0,10,4,-0.13656277270837122,0.13656277270837122
so,W10p0,6,5,0.1362776242963298,0.1362776242963298
so,W60p0,3,8,-0.13624277199899362,0.13624277199899362
so,W60p0,10,0,-0.1362320071332118,0.1362320071332118
thetao,W60p0,6,16,-0.13615128500277932,0.13615128500277932
thetao,W20p0,2,16,-0.13609169934850834,0.13609169934850834
thetao,W40p0,8,19,-0.13583810747585714,0.13583810747585714
so,W40p0,5,5,0.1357351499269136,0.1357351499269136
thetao,W20p0,6,3,0.13532769721728635,0.13532769721728635
so,W40p0,1,1,0.13507826709076587,0.13507826709076587
thetao,W40p0,9,16,-0.1350648778760526,0.1350648778760526
thetao,W30p0,8,18,0.13501279486230888,0.13501279486230888
so,W30p0,6,18,0.13495242489587703,0.13495242489587703
thetao,W20p0,7,14,-0.1346396253743896,0.1346396253743896
thetao,W30p0,6,9,-0.1344558241718491,0.1344558241718491
so,W60p0,1,7,0.13437371884325364,0.13437371884325364
thetao,W30p0,5,3,0.13436057930583542,0.13436057930583542
thetao,W60p0,5,4,-0.13432624165956958,0.13432624165956958
so,W30p0,4,0,-0.13423962666479164,0.13423962666479164
so,W30p0,1,3,-0.1341020264014927,0.1341020264014927
thetao,W10p0,8,6,-0.1339597885569828,0.1339597885569828
so,W20p0,7,6,0.1339141833239262,0.1339141833239262
so,W60p0,6,6,-0.13389450967667127,0.13389450967667127
so,W30p0,6,11,-0.13381929795265543,0.13381929795265543
so,W40p0,7,12,0.13376671272193674,0.13376671272193674
so,W10p0,10,8,-0.13363415680287088,0.13363415680287088
so,W40p0,3,10,0.13350699186579618,0.13350699186579618
so,W60p0,4,19,-0.1333652442251176,0.1333652442251176
so,W10p0,10,20,0.13299327061439156,0.13299327061439156
so,W30p0,1,2,-0.13292028876772968,0.13292028876772968
thetao,W10p0,3,14,0.13269720651090405,0.13269720651090405
so,W40p0,6,13,-0.13251863443428716,0.13251863443428716
thetao,W30p0,1,3,-0.1323619730312369,0.1323619730312369
so,W30p0,10,14,0.13198554559848621,0.13198554559848621
thetao,W10p0,1,4,0.13186564029066028,0.13186564029066028
thetao,W60p0,8,7,-0.1318480777215923,0.1318480777215923
so,W10p0,3,17,0.1317607613181922,0.1317607613181922
thetao,W30p0,9,0,-0.13172323729494206,0.13172323729494206
so,W60p0,5,4,0.13164968945678326,0.13164968945678326
thetao,W60p0,6,13,0.13157925576918597,0.13157925576918597
thetao,W30p0,6,10,-0.13136506390241223,0.13136506390241223
so,W20p0,4,2,0.13134292071188788,0.13134292071188788
thetao,W20p0,4,10,0.13133887002928873,0.13133887002928873
so,W40p0,8,9,0.13113573478962676,0.13113573478962676
so,W60p0,9,7,0.13103848438413268,0.13103848438413268
thetao,W10p0,8,5,-0.13102084371542663,0.13102084371542663
thetao,W40p0,9,18,-0.1304000908290436,0.1304000908290436
so,W10p0,10,3,-0.1302941395564416,0.1302941395564416
thetao,W30p0,8,9,-0.13008091220801224,0.13008091220801224
thetao,W20p0,9,8,0.13004642869692243,0.13004642869692243
so,W60p0,1,19,-0.12996769378277473,0.12996769378277473
thetao,W40p0,7,1,-0.12961692063946412,0.12961692063946412
so,W40p0,10,12,0.12952435077483102,0.12952435077483102
thetao,W40p0,9,14,-0.129250257694266,0.129250257694266
thetao,W60p0,8,12,-0.12911949738490053,0.12911949738490053
so,W60p0,2,20,0.12900105667132575,0.12900105667132575
so,W20p0,5,6,0.1287312509455887,0.1287312509455887
thetao,W60p0,8,5,-0.12832454607592567,0.12832454607592567
thetao,W30p0,1,13,-0.12817198935662388,0.12817198935662388
so,W10p0,8,16,0.12795522849261678,0.12795522849261678
thetao,W60p0,4,5,-0.12786775510131543,0.12786775510131543
thetao,W10p0,5,9,0.1276127616851156,0.1276127616851156
thetao,W40p0,4,8,-0.12750615999339301,0.12750615999339301
so,W30p0,3,19,-0.12727373067378234,0.12727373067378234
thetao,W60p0,9,8,0.1272098125028234,0.1272098125028234
thetao,W10p0,9,14,-0.12710725624034314,0.12710725624034314
so,W60p0,1,18,-0.12706717929268083,0.12706717929268083
so,W20p0,7,15,-0.1270413044748386,0.1270413044748386
thetao,W20p0,10,1,0.12701756416162505,0.12701756416162505
thetao,W10p0,4,0,-0.1270089775447919,0.1270089775447919
thetao,W40p0,5,8,0.1269161954901901,0.1269161954901901
thetao,W30p0,5,6,-0.12691565956760312,0.12691565956760312
so,W40p0,10,11,0.12662044411676981,0.12662044411676981
thetao,W40p0,6,0,0.1265799890635763,0.1265799890635763
thetao,W10p0,5,10,0.1265439408186071,0.1265439408186071
so,W60p0,4,13,0.126079134904805,0.126079134904805
thetao,W60p0,9,17,-0.1259895547341324,0.1259895547341324
so,W30p0,9,7,0.125925330674813,0.125925330674813
so,W10p0,3,10,-0.1257567571255135,0.1257567571255135
so,W60p0,3,9,-0.12570014330944465,0.12570014330944465
thetao,W20p0,5,15,0.12552071962457118,0.12552071962457118
so,W20p0,5,4,-0.12542640305716848,0.12542640305716848
thetao,W10p0,4,6,0.12497255577859495,0.12497255577859495
thetao,W30p0,4,5,-0.12493458168529792,0.12493458168529792
thetao,W60p0,4,2,-0.1247861520986343,0.1247861520986343
thetao,W10p0,6,4,-0.12478438752478113,0.12478438752478113
thetao,W10p0,8,7,-0.12475349217471184,0.12475349217471184
so,W10p0,2,10,-0.12466760438711615,0.12466760438711615
thetao,W40p0,9,9,0.12454295295329053,0.12454295295329053
so,W20p0,10,9,-0.12438252550551453,0.12438252550551453
thetao,W30p0,7,6,0.1241715111588493,0.1241715111588493
thetao,W30p0,1,4,-0.12413378146070073,0.12413378146070073
thetao,W30p0,2,2,0.12412657128013194,0.12412657128013194
so,W20p0,2,11,-0.12411073644717142,0.12411073644717142
thetao,W10p0,10,11,-0.12401651493074119,0.12401651493074119
thetao,W20p0,9,6,0.12389700307318469,0.12389700307318469
so,W60p0,7,13,-0.12386523814672269,0.12386523814672269
thetao,W40p0,1,7,-0.12367559525043491,0.12367559525043491
thetao,W10p0,2,12,0.12357298106847177,0.12357298106847177
so,W10p0,2,7,-0.12341027320064171,0.12341027320064171
thetao,W30p0,9,11,-0.1233209459430797,0.1233209459430797
thetao,W60p0,2,7,0.1232113356312098,0.1232113356312098
so,W10p0,3,9,-0.12305888701324268,0.12305888701324268
so,W10p0,2,8,-0.12303442006770629,0.12303442006770629
so,W60p0,9,9,0.12301610804989384,0.12301610804989384
thetao,W40p0,9,10,0.12292158461532104,0.12292158461532104
thetao,W30p0,6,7,-0.1227990348410611,0.1227990348410611
so,W60p0,6,7,-0.1226006887875855,0.1226006887875855
thetao,W60p0,2,4,-0.12253365497977108,0.12253365497977108
so,W30p0,2,8,-0.12251485363585264,0.12251485363585264
thetao,W40p0,10,2,0.12248690431788134,0.12248690431788134
so,W10p0,4,19,0.12213834208438906,0.12213834208438906
so,W10p0,4,17,0.12198036286201791,0.12198036286201791
thetao,W60p0,4,7,-0.12185617795695576,0.12185617795695576
thetao,W20p0,7,18,-0.12153403175192701,0.12153403175192701
so,W30p0,4,9,0.12152367689930445,0.12152367689930445
so,W60p0,10,5,0.12087060357747757,0.12087060357747757
thetao,W10p0,1,14,0.12086739744870843,0.12086739744870843
so,W40p0,9,20,0.12059169581964622,0.12059169581964622
so,W60p0,3,7,-0.12057321714309097,0.12057321714309097
thetao,W60p0,3,20,-0.12052077149932412,0.12052077149932412
thetao,W30p0,3,6,-0.1203099575756394,0.1203099575756394
thetao,W60p0,8,10,-0.12025144844422717,0.12025144844422717
so,W20p0,4,9,0.12018515438032598,0.12018515438032598
thetao,W60p0,7,1,0.12016916163609544,0.12016916163609544
so,W40p0,9,4,-0.12004935885348086,0.12004935885348086
so,W60p0,3,0,0.11993288943801819,0.11993288943801819
so,W30p0,7,17,-0.11989645815768538,0.11989645815768538
so,W10p0,9,20,-0.11965703957840552,0.11965703957840552
thetao,W20p0,7,13,-0.11958374359676714,0.11958374359676714
so,W30p0,1,8,0.1194690355027437,0.1194690355027437
so,W20p0,2,10,-0.11941630258519272,0.11941630258519272
thetao,W20p0,2,10,-0.11908162037921993,0.11908162037921993
so,W60p0,5,3,0.11906953847766068,0.11906953847766068
thetao,W60p0,2,6,0.1188115290893562,0.1188115290893562
thetao,W60p0,2,9,0.11877148733655377,0.11877148733655377
thetao,W20p0,9,5,0.11876009895103307,0.11876009895103307
so,W30p0,6,12,-0.11874799041295743,0.11874799041295743
so,W30p0,9,4,0.11870259528080673,0.11870259528080673
thetao,W60p0,6,12,0.1184260408327468,0.1184260408327468
so,W20p0,10,16,-0.11829988488699057,0.11829988488699057
so,W60p0,10,18,-0.1181646622494142,0.1181646622494142
so,W10p0,10,15,-0.11797784509833392,0.11797784509833392
so,W20p0,6,14,0.1179436319296361,0.1179436319296361
thetao,W20p0,6,5,0.11781407255532372,0.11781407255532372
thetao,W10p0,6,5,-0.11778805242744314,0.11778805242744314
thetao,W60p0,3,9,-0.11768051536426517,0.11768051536426517
thetao,W60p0,4,1,-0.11758822636830606,0.11758822636830606
thetao,W10p0,1,9,0.11752137688818992,0.11752137688818992
thetao,W40p0,3,0,0.11740967430207389,0.11740967430207389
thetao,W10p0,9,18,-0.11739135614727644,0.11739135614727644
so,W40p0,9,6,-0.11713491184083145,0.11713491184083145
thetao,W30p0,2,9,-0.11710266101763385,0.11710266101763385
so,W10p0,7,8,-0.11704595153885701,0.11704595153885701
thetao,W30p0,2,1,0.11700479868979478,0.11700479868979478
thetao,W60p0,10,14,0.11699599244063118,0.11699599244063118
thetao,W60p0,5,5,-0.11677031888274679,0.11677031888274679
so,W10p0,3,18,0.11660140905622099,0.11660140905622099
thetao,W60p0,7,20,-0.11638492080034767,0.11638492080034767
thetao,W40p0,8,6,0.11632657601102865,0.11632657601102865
thetao,W30p0,8,6,-0.11628224731238311,0.11628224731238311
so,W60p0,3,17,0.1160206149789876,0.1160206149789876
so,W10p0,8,7,0.11595006463172981,0.11595006463172981
so,W60p0,8,10,-0.11587235047668398,0.11587235047668398
so,W20p0,10,10,-0.11585946687464192,0.11585946687464192
thetao,W20p0,8,17,-0.1158117719814266,0.1158117719814266
so,W60p0,6,0,0.11537739787166984,0.11537739787166984
thetao,W60p0,8,8,-0.11528141345181017,0.11528141345181017
so,W10p0,9,1,0.11518245269014515,0.11518245269014515
so,W10p0,8,18,0.11508108803513784,0.11508108803513784
so,W30p0,2,9,-0.11496515878241508,0.11496515878241508
thetao,W60p0,10,19,-0.11460789985411772,0.11460789985411772
so,W10p0,4,18,0.11448341943956711,0.11448341943956711
thetao,W40p0,3,5,-0.11447798492260353,0.11447798492260353
so,W60p0,2,12,-0.11431063721563016,0.11431063721563016
so,W60p0,3,13,0.11430291610413493,0.11430291610413493
so,W40p0,10,5,-0.11415343738701238,0.11415343738701238
thetao,W40p0,5,6,0.11410583567477293,0.11410583567477293
so,W40p0,5,16,-0.11408102809000131,0.11408102809000131
thetao,W30p0,2,10,-0.11401125869507481,0.11401125869507481
so,W20p0,10,20,0.11393696379676369,0.11393696379676369
so,W60p0,4,20,-0.11386979702984117,0.11386979702984117
so,W40p0,9,17,-0.11348798378528856,0.11348798378528856
thetao,W40p0,9,5,-0.11332588094497005,0.11332588094497005
so,W60p0,1,9,0.11295372623628956,0.11295372623628956
so,W60p0,3,20,0.11281112709729153,0.11281112709729153
so,W40p0,6,11,-0.11262149571907769,0.11262149571907769
so,W30p0,2,7,-0.11227579072118275,0.11227579072118275
thetao,W40p0,3,15,-0.11225255777836515,0.11225255777836515
thetao,W60p0,5,2,-0.11224361949274773,0.11224361949274773
thetao,W60p0,1,18,0.11217091628019854,0.11217091628019854
thetao,W20p0,3,16,-0.11206469010062753,0.11206469010062753
so,W10p0,7,14,-0.11185517196889366,0.11185517196889366
so,W60p0,9,10,0.1117758562698147,0.1117758562698147
so,W60p0,8,3,-0.11061247667572832,0.11061247667572832
thetao,W60p0,2,11,0.11049992257575914,0.11049992257575914
thetao,W10p0,6,3,-0.11035655424434979,0.11035655424434979
thetao,W40p0,10,14,-0.1103130889088149,0.1103130889088149
so,W20p0,10,2,-0.11026192075814747,0.11026192075814747
thetao,W40p0,7,18,0.11025269712765286,0.11025269712765286
so,W60p0,7,5,-0.11019165051877845,0.11019165051877845
thetao,W30p0,10,17,0.11008018916011907,0.11008018916011907
thetao,W20p0,6,19,0.10997842030829892,0.10997842030829892
so,W30p0,3,7,0.10990497882104383,0.10990497882104383
thetao,W40p0,1,1,-0.10963516478035017,0.10963516478035017
so,W60p0,3,19,0.1095805252738373,0.1095805252738373
thetao,W30p0,10,12,-0.10957304387780266,0.10957304387780266
so,W10p0,5,8,-0.1095007949217261,0.1095007949217261
so,W20p0,10,8,-0.10941640700255527,0.10941640700255527
so,W20p0,3,14,-0.1093955257504638,0.1093955257504638
so,W10p0,5,7,-0.10936340411102682,0.10936340411102682
so,W10p0,4,20,0.10932858338128573,0.10932858338128573
thetao,W60p0,3,4,-0.10920534725517049,0.10920534725517049
so,W60p0,2,7,-0.10914567959259419,0.10914567959259419
thetao,W20p0,9,15,0.10913888383172643,0.10913888383172643
so,W10p0,9,8,-0.10913472762803342,0.10913472762803342
so,W10p0,2,11,-0.10907867305170772,0.10907867305170772
so,W40p0,2,11,-0.10906436856841528,0.10906436856841528
thetao,W60p0,10,6,0.10891004857209871,0.10891004857209871
thetao,W60p0,6,15,-0.10890816498715712,0.10890816498715712
thetao,W30p0,4,2,0.10849326791273511,0.10849326791273511
so,W60p0,2,4,0.10846022896072847,0.10846022896072847
so,W40p0,2,14,-0.10824249055403928,0.10824249055403928
so,W60p0,4,5,0.10820302130606742,0.10820302130606742
so,W30p0,5,1,0.10781668018914715,0.10781668018914715
thetao,W20p0,9,3,0.10772821880921507,0.10772821880921507
so,W60p0,5,6,0.10770404621021111,0.10770404621021111
so,W30p0,9,1,0.10767505561646055,0.10767505561646055
thetao,W10p0,8,19,-0.10762521767743909,0.10762521767743909
so,W40p0,3,0,0.10747877763044138,0.10747877763044138
so,W30p0,10,18,-0.1074390691314831,0.1074390691314831
thetao,W40p0,4,1,0.10719694465504755,0.10719694465504755
thetao,W30p0,4,6,-0.10704041021286789,0.10704041021286789
so,W20p0,7,1,-0.10695540958447479,0.10695540958447479
thetao,W60p0,1,12,-0.10685003456768959,0.10685003456768959
thetao,W20p0,8,18,-0.10682275204773757,0.10682275204773757
so,W20p0,6,10,0.10681636212834787,0.10681636212834787
thetao,W60p0,9,10,0.10671101928966892,0.10671101928966892
so,W30p0,6,3,-0.10648983072390734,0.10648983072390734
thetao,W30p0,10,20,0.1061895037780948,0.1061895037780948
so,W20p0,3,12,0.106164639055027,0.106164639055027
so,W10p0,6,18,-0.10614965402985009,0.10614965402985009
thetao,W60p0,7,19,-0.10610201234962635,0.10610201234962635
thetao,W60p0,6,2,0.10597193205752978,0.10597193205752978
thetao,W40p0,2,10,-0.10596551642844533,0.10596551642844533
so,W40p0,6,6,0.10580196501745456,0.10580196501745456
so,W20p0,7,11,-0.10566260976418505,0.10566260976418505
thetao,W20p0,10,6,-0.10545151195957149,0.10545151195957149
thetao,W30p0,7,9,0.10543717380892838,0.10543717380892838
thetao,W60p0,6,20,-0.10490438466107689,0.10490438466107689
thetao,W60p0,9,1,0.10486555438289225,0.10486555438289225
so,W40p0,3,9,0.10482296927651867,0.10482296927651867
so,W30p0,4,5,0.1047413684567183,0.1047413684567183
thetao,W30p0,1,10,-0.10464587742695139,0.10464587742695139
thetao,W60p0,3,0,-0.10459325209374219,0.10459325209374219
thetao,W10p0,9,2,-0.10457905641254361,0.10457905641254361
so,W10p0,3,7,-0.10451148032884203,0.10451148032884203
thetao,W60p0,9,6,0.1045008645025789,0.1045008645025789
thetao,W40p0,4,5,0.10449844039660376,0.10449844039660376
so,W20p0,10,11,-0.1044713536090543,0.1044713536090543
thetao,W10p0,10,15,-0.10440344682311829,0.10440344682311829
so,W20p0,1,4,-0.10439493696110096,0.10439493696110096
thetao,W40p0,6,5,0.10424981076757023,0.10424981076757023
so,W30p0,7,13,-0.10416449276635051,0.10416449276635051
thetao,W40p0,6,17,0.10410702290240324,0.10410702290240324
thetao,W60p0,2,18,0.1036986554296914,0.1036986554296914
so,W60p0,8,16,-0.10367822599069101,0.10367822599069101
so,W10p0,9,14,-0.10348844333321094,0.10348844333321094
thetao,W10p0,5,16,-0.10332797022075553,0.10332797022075553
so,W20p0,5,16,-0.10329042097647104,0.10329042097647104
thetao,W20p0,2,5,-0.10325571306091295,0.10325571306091295
so,W20p0,2,6,0.10323261198712852,0.10323261198712852
so,W30p0,3,18,-0.10322485302069977,0.10322485302069977
thetao,W10p0,7,9,0.1028182437871785,0.1028182437871785
so,W10p0,3,19,0.10230728746437312,0.10230728746437312
thetao,W10p0,5,20,-0.10227452890522729,0.10227452890522729
so,W10p0,3,0,0.10215769820507928,0.10215769820507928
so,W40p0,5,15,-0.10199767552567264,0.10199767552567264
so,W60p0,3,18,0.10178128729337803,0.10178128729337803
thetao,W40p0,6,18,0.10160737765795132,0.10160737765795132
so,W20p0,2,15,0.10153680618204604,0.10153680618204604
thetao,W20p0,2,4,-0.101446280345792,0.101446280345792
so,W10p0,10,2,-0.10141006213548738,0.10141006213548738
thetao,W60p0,8,17,-0.10135478563540498,0.10135478563540498
thetao,W20p0,4,7,0.10114238782552368,0.10114238782552368
so,W30p0,9,0,0.10104508732527058,0.10104508732527058
thetao,W20p0,6,2,0.10090837223310782,0.10090837223310782
thetao,W40p0,7,3,-0.10088567371657113,0.10088567371657113
thetao,W60p0,6,11,0.10055017010616354,0.10055017010616354
thetao,W20p0,9,13,0.10029853102425627,0.10029853102425627
so,W40p0,4,4,-0.10015160442446266,0.10015160442446266
so,W30p0,3,12,-0.10001840101949654,0.10001840101949654
thetao,W40p0,4,16,0.09990189815615708,0.09990189815615708
thetao,W10p0,9,4,-0.09964496394274083,0.09964496394274083
so,W20p0,3,17,-0.09926703336914097,0.09926703336914097
so,W20p0,4,5,0.09917354231296223,0.09917354231296223
so,W40p0,4,1,-0.09912153052617065,0.09912153052617065
so,W60p0,9,5,0.09899109249971107,0.09899109249971107
so,W60p0,6,5,-0.09891921496367913,0.09891921496367913
thetao,W10p0,10,5,-0.09887931382169686,0.09887931382169686
so,W10p0,5,11,-0.09886708193621807,0.09886708193621807
thetao,W10p0,9,9,-0.09872605679806722,0.09872605679806722
so,W40p0,7,2,-0.09842518569467555,0.09842518569467555
thetao,W10p0,10,20,0.09838768208208144,0.09838768208208144
so,W60p0,10,2,0.09835590981563962,0.09835590981563962
so,W60p0,7,1,0.09831548193435051,0.09831548193435051
so,W60p0,4,10,0.09831134582812535,0.09831134582812535
so,W20p0,4,10,0.09790960239595871,0.09790960239595871
so,W20p0,5,19,0.09789768604331638,0.09789768604331638
thetao,W40p0,6,16,0.09783589527292814,0.09783589527292814
so,W60p0,5,7,0.09775374830121927,0.09775374830121927
so,W20p0,4,17,0.09769587596769859,0.09769587596769859
so,W40p0,4,3,-0.09764373780680828,0.09764373780680828
so,W40p0,3,16,0.09762149006676672,0.09762149006676672
thetao,W20p0,4,1,-0.09747046895513559,0.09747046895513559
so,W60p0,5,9,0.09738121917555914,0.09738121917555914
thetao,W40p0,8,18,-0.09730807362768663,0.09730807362768663
so,W30p0,10,19,-0.09728223039634003,0.09728223039634003
thetao,W20p0,4,11,0.09721775492313901,0.09721775492313901
thetao,W60p0,8,9,-0.09718274138688307,0.09718274138688307
so,W20p0,6,20,0.09706084005808868,0.09706084005808868
so,W60p0,2,19,0.09700306208836096,0.09700306208836096
thetao,W30p0,1,1,-0.09698306542480424,0.09698306542480424
so,W30p0,1,1,-0.09694824022238246,0.09694824022238246
thetao,W10p0,5,19,-0.0968895047236214,0.0968895047236214
so,W20p0,4,4,0.0966953085466003,0.0966953085466003
so,W60p0,7,6,-0.09663178337699845,0.09663178337699845
so,W10p0,5,16,0.09659930371031704,0.09659930371031704
so,W10p0,6,10,0.09658268857137986,0.09658268857137986
thetao,W60p0,7,3,0.09655135547428698,0.09655135547428698
so,W10p0,2,17,0.09648261994492882,0.09648261994492882
thetao,W20p0,6,9,0.0963567997276691,0.0963567997276691
thetao,W20p0,10,11,0.0961997547136835,0.0961997547136835
so,W30p0,9,16,0.0961130931026299,0.0961130931026299
so,W10p0,9,19,-0.09608628555393496,0.09608628555393496
thetao,W60p0,10,20,-0.0959492917367125,0.0959492917367125
so,W30p0,5,12,0.09584466579773643,0.09584466579773643
so,W60p0,6,20,0.09577121163613812,0.09577121163613812
so,W10p0,5,4,-0.0955620511340252,0.0955620511340252
thetao,W60p0,2,8,0.09548659234461691,0.09548659234461691
so,W20p0,8,1,0.09548116809570976,0.09548116809570976
so,W30p0,3,6,0.09531588185702546,0.09531588185702546
thetao,W10p0,2,13,0.09510159610811983,0.09510159610811983
so,W60p0,1,17,-0.09509450997467231,0.09509450997467231
thetao,W20p0,9,0,0.09486470467147741,0.09486470467147741
so,W60p0,5,19,-0.09475684400704742,0.09475684400704742
thetao,W10p0,9,7,-0.0947529557485323,0.0947529557485323
thetao,W60p0,2,0,-0.0947399176561599,0.0947399176561599
thetao,W40p0,9,8,0.09459142914912422,0.09459142914912422
so,W20p0,7,8,0.09456958784033324,0.09456958784033324
so,W20p0,2,1,0.09452354697622918,0.09452354697622918
so,W20p0,10,14,-0.09446233103579038,0.09446233103579038
so,W40p0,10,6,-0.09438538423125473,0.09438538423125473
so,W30p0,5,19,-0.09426599768609395,0.09426599768609395
thetao,W10p0,7,15,0.09404646968816012,0.09404646968816012
thetao,W60p0,5,12,-0.09396819841077429,0.09396819841077429
thetao,W60p0,9,13,-0.09390346326551761,0.09390346326551761
thetao,W30p0,7,2,0.09385097563623233,0.09385097563623233
thetao,W20p0,1,19,0.09375442359967213,0.09375442359967213
so,W30p0,7,18,-0.0935570475925874,0.0935570475925874
so,W60p0,1,8,0.09348457807047886,0.09348457807047886
thetao,W20p0,10,15,-0.0934808583555702,0.0934808583555702
so,W30p0,6,9,-0.09337013033112869,0.09337013033112869
so,W20p0,1,2,-0.09310889669346326,0.09310889669346326
thetao,W10p0,1,20,0.09309629279718701,0.09309629279718701
so,W10p0,8,11,0.09302862134930696,0.09302862134930696
thetao,W20p0,8,15,-0.09299955196939863,0.09299955196939863
so,W60p0,1,10,0.09281009105455018,0.09281009105455018
so,W60p0,2,13,-0.09280319484942386,0.09280319484942386
so,W10p0,8,0,-0.0928018086884873,0.0928018086884873
thetao,W40p0,6,20,0.09276155797587779,0.09276155797587779
so,W30p0,8,2,0.09274424473236995,0.09274424473236995
thetao,W30p0,3,19,0.09257192997719135,0.09257192997719135
so,W40p0,1,17,-0.09250009003513816,0.09250009003513816
thetao,W30p0,5,19,-0.09237320641475907,0.09237320641475907
so,W60p0,9,13,-0.09236247389566968,0.09236247389566968
so,W60p0,2,8,-0.09235108486841123,0.09235108486841123
thetao,W60p0,4,6,-0.09225548183877502,0.09225548183877502
so,W60p0,4,17,-0.09217471371612423,0.09217471371612423
so,W60p0,5,8,0.09217180027805852,0.09217180027805852
so,W40p0,10,2,-0.0920681937175942,0.0920681937175942
so,W30p0,8,1,0.09179678408593149,0.09179678408593149
thetao,W60p0,8,4,-0.09173200810043503,0.09173200810043503
so,W40p0,3,6,0.09158292994690992,0.09158292994690992
thetao,W60p0,4,12,-0.09116609145335638,0.09116609145335638
so,W40p0,2,8,-0.09114601113375383,0.09114601113375383
so,W40p0,4,16,-0.09112004055903054,0.09112004055903054
so,W30p0,8,10,0.0911032547390717,0.0911032547390717
so,W60p0,10,10,0.0910454106495309,0.0910454106495309
thetao,W40p0,2,19,0.09099946786100165,0.09099946786100165
thetao,W20p0,2,3,-0.09098527255358568,0.09098527255358568
thetao,W30p0,6,11,-0.09096208333056456,0.09096208333056456
so,W20p0,1,5,-0.09058967602620747,0.09058967602620747
so,W40p0,8,7,0.09058217764890975,0.09058217764890975
so,W30p0,9,18,0.09054707084486116,0.09054707084486116
thetao,W30p0,7,18,0.09042236268780257,0.09042236268780257
so,W20p0,1,8,-0.09039578521455528,0.09039578521455528
thetao,W20p0,2,9,-0.09016350538311114,0.09016350538311114
so,W30p0,8,17,0.08995390411256723,0.08995390411256723
thetao,W60p0,5,15,0.0898839865647525,0.0898839865647525
thetao,W10p0,3,4,0.0897731551946927,0.0897731551946927
thetao,W10p0,5,12,0.08976890258929478,0.08976890258929478
thetao,W10p0,10,19,0.089722994148156,0.089722994148156
so,W40p0,5,20,-0.0896952410184612,0.0896952410184612
so,W10p0,3,14,0.08968996449441798,0.08968996449441798
thetao,W30p0,3,9,-0.08962226489431105,0.08962226489431105
thetao,W10p0,3,11,0.08953123816816914,0.08953123816816914
so,W10p0,5,17,0.08939210250273026,0.08939210250273026
so,W10p0,3,15,0.08924963126811483,0.08924963126811483
thetao,W10p0,9,19,-0.08921722034675376,0.08921722034675376
thetao,W30p0,5,5,-0.08919538687769946,0.08919538687769946
so,W40p0,4,2,-0.08918677075334781,0.08918677075334781
thetao,W30p0,7,15,0.08912121650162744,0.08912121650162744
thetao,W10p0,4,2,-0.08904255599745162,0.08904255599745162
so,W30p0,8,4,0.08875082424002992,0.08875082424002992
so,W40p0,7,8,-0.08859406599281722,0.08859406599281722
thetao,W10p0,2,18,-0.08859404772461904,0.08859404772461904
so,W20p0,9,14,-0.08846081362846801,0.08846081362846801
thetao,W10p0,2,4,0.08832918902888562,0.08832918902888562
so,W40p0,6,10,-0.08832301089464215,0.08832301089464215
thetao,W30p0,8,8,-0.0883144801874583,0.0883144801874583
thetao,W10p0,3,9,-0.08829449047796539,0.08829449047796539
so,W30p0,5,6,0.08814717528405465,0.08814717528405465
so,W30p0,9,9,-0.0880172870351512,0.0880172870351512
so,W10p0,1,20,-0.08796032272405625,0.08796032272405625
so,W30p0,7,12,-0.08778711610728282,0.08778711610728282
so,W30p0,7,10,-0.08771319468164156,0.08771319468164156
so,W20p0,7,2,-0.08760813611442328,0.08760813611442328
thetao,W40p0,3,18,-0.08740062765517263,0.08740062765517263
so,W30p0,7,5,-0.0873910243001055,0.0873910243001055
so,W20p0,7,0,-0.08736977882213003,0.08736977882213003
so,W10p0,3,2,0.08736723952792136,0.08736723952792136
so,W30p0,5,0,-0.08724746333545963,0.08724746333545963
so,W30p0,6,2,-0.08722528183429296,0.08722528183429296
thetao,W30p0,3,1,-0.08699168666288078,0.08699168666288078
thetao,W30p0,8,19,0.08698286210722085,0.08698286210722085
so,W40p0,6,15,0.08697597783003888,0.08697597783003888
so,W30p0,6,15,-0.08692450009479198,0.08692450009479198
thetao,W20p0,9,20,-0.086904824011897,0.086904824011897
thetao,W60p0,1,16,0.08682316314768218,0.08682316314768218
so,W20p0,2,12,-0.0867812009773615,0.0867812009773615
thetao,W60p0,8,1,-0.08665321302680823,0.08665321302680823
so,W40p0,5,6,0.0866524064254119,0.0866524064254119
so,W60p0,6,1,0.0865559291272794,0.0865559291272794
so,W20p0,9,8,-0.08646158845365058,0.08646158845365058
thetao,W60p0,7,12,-0.08642126349389379,0.08642126349389379
so,W20p0,2,2,0.08626129863759309,0.08626129863759309
so,W60p0,4,0,0.0862269496910639,0.0862269496910639
so,W40p0,1,11,0.08621965781650036,0.08621965781650036
so,W10p0,1,0,-0.08606777876114315,0.08606777876114315
thetao,W20p0,9,12,0.08551652042554783,0.08551652042554783
so,W40p0,9,7,-0.08535516972526497,0.08535516972526497
thetao,W20p0,3,7,-0.0852288440171961,0.0852288440171961
thetao,W20p0,3,12,0.08522212344360586,0.08522212344360586
thetao,W40p0,7,13,-0.08513562130722309,0.08513562130722309
thetao,W60p0,6,9,-0.0851127816532231,0.0851127816532231
so,W10p0,1,15,-0.08499386566460347,0.08499386566460347
so,W10p0,2,16,0.08480254815216129,0.08480254815216129
so,W20p0,2,9,-0.08466962416666837,0.08466962416666837
thetao,W40p0,2,5,0.08461237998198284,0.08461237998198284
thetao,W60p0,7,15,-0.0846038136513509,0.0846038136513509
thetao,W30p0,4,1,0.08458891293978732,0.08458891293978732
so,W10p0,2,12,-0.08428750352693336,0.08428750352693336
thetao,W30p0,8,15,-0.08426845140846669,0.08426845140846669
thetao,W60p0,5,11,-0.08425512265844608,0.08425512265844608
thetao,W40p0,8,7,0.08419135974165519,0.08419135974165519
so,W40p0,10,3,-0.08396648846660204,0.08396648846660204
so,W30p0,9,14,0.08390290610585306,0.08390290610585306
thetao,W40p0,6,7,-0.08387960689335845,0.08387960689335845
thetao,W10p0,5,13,0.08382407901842881,0.08382407901842881
so,W40p0,10,13,0.08369609290382402,0.08369609290382402
so,W30p0,8,18,0.08342574302362757,0.08342574302362757
so,W10p0,4,0,0.0832696892179448,0.0832696892179448
so,W40p0,3,5,0.08318638616622001,0.08318638616622001
so,W60p0,2,10,-0.08310410399110844,0.08310410399110844
thetao,W60p0,1,0,-0.08306639997151115,0.08306639997151115
so,W40p0,8,8,0.0830069102853268,0.0830069102853268
thetao,W10p0,4,15,0.08281603268328483,0.08281603268328483
thetao,W40p0,7,4,-0.08276276073351142,0.08276276073351142
so,W20p0,10,4,-0.08271302205507602,0.08271302205507602
thetao,W10p0,10,10,-0.08268956017878916,0.08268956017878916
thetao,W10p0,5,17,-0.08260443242194355,0.08260443242194355
thetao,W60p0,5,1,-0.08258462296060294,0.08258462296060294
thetao,W10p0,8,14,-0.08232940308412603,0.08232940308412603
so,W30p0,3,3,-0.08214067712242339,0.08214067712242339
thetao,W20p0,6,12,-0.08203764179565247,0.08203764179565247
thetao,W10p0,3,6,-0.08203478989489973,0.08203478989489973
thetao,W60p0,4,15,0.08163478763679645,0.08163478763679645
so,W30p0,9,17,0.08163213505570668,0.08163213505570668
thetao,W10p0,5,7,0.08155022941499536,0.08155022941499536
so,W60p0,9,2,-0.08153890588346932,0.08153890588346932
so,W10p0,1,5,-0.08150808184340586,0.08150808184340586
thetao,W30p0,10,15,-0.08137570809738465,0.08137570809738465
so,W60p0,9,4,0.08130667464841163,0.08130667464841163
so,W40p0,2,10,-0.08122880194704585,0.08122880194704585
thetao,W20p0,4,15,-0.08109007323991957,0.08109007323991957
thetao,W60p0,2,12,0.08092011041854576,0.08092011041854576
thetao,W10p0,9,11,-0.08090375910901297,0.08090375910901297
so,W60p0,6,18,-0.08086160894449029,0.08086160894449029
thetao,W60p0,2,17,0.08070731405434978,0.08070731405434978
thetao,W10p0,7,4,-0.08067431402991222,0.08067431402991222
so,W60p0,8,4,-0.08059619069578111,0.08059619069578111
so,W40p0,4,7,0.08058093292557723,0.08058093292557723
thetao,W30p0,2,8,-0.08055833156223,0.08055833156223
so,W30p0,3,8,0.08045222208417675,0.08045222208417675
thetao,W40p0,9,7,-0.08044811972421566,0.08044811972421566
so,W20p0,2,8,-0.08043974246430995,0.08043974246430995
thetao,W30p0,7,8,0.07989967069036905,0.07989967069036905
thetao,W40p0,9,12,0.07945929026422913,0.07945929026422913
thetao,W10p0,6,7,-0.07922561261486771,0.07922561261486771
thetao,W20p0,7,16,-0.07917872588427884,0.07917872588427884
thetao,W40p0,2,17,0.07917526193066274,0.07917526193066274
thetao,W60p0,2,10,0.07916794312672933,0.07916794312672933
so,W40p0,3,17,0.07912420528710136,0.07912420528710136
thetao,W60p0,1,6,-0.07910494996306071,0.07910494996306071
so,W40p0,10,0,0.07894815804592016,0.07894815804592016
so,W40p0,8,14,0.07890669989066457,0.07890669989066457
so,W10p0,3,8,-0.07880672280468015,0.07880672280468015
thetao,W30p0,5,15,-0.07875624425030239,0.07875624425030239
so,W20p0,4,11,0.07875378687710988,0.07875378687710988
thetao,W20p0,8,7,0.07869198599368932,0.07869198599368932
so,W60p0,10,6,0.07865358446057122,0.07865358446057122
thetao,W40p0,3,3,0.07858845098878584,0.07858845098878584
thetao,W20p0,7,3,0.0782534600406619,0.0782534600406619
thetao,W10p0,10,18,0.07820039743325669,0.07820039743325669
so,W40p0,7,9,-0.078173451232795,0.078173451232795
thetao,W30p0,5,0,0.07810348160866744,0.07810348160866744
thetao,W20p0,10,3,-0.078082637214349,0.078082637214349
so,W60p0,1,20,-0.07800046485354027,0.07800046485354027
so,W10p0,7,13,-0.07799056771866697,0.07799056771866697
thetao,W10p0,5,3,-0.07794920909063419,0.07794920909063419
so,W10p0,9,5,0.077654249730036,0.077654249730036
so,W20p0,8,6,0.0774824923119629,0.0774824923119629
thetao,W10p0,9,6,-0.07746527406394652,0.07746527406394652
thetao,W20p0,2,6,-0.07746285298714589,0.07746285298714589
thetao,W20p0,9,10,0.07725326874573027,0.07725326874573027
thetao,W40p0,6,10,0.07724260883548338,0.07724260883548338
thetao,W60p0,5,0,-0.07716806934593094,0.07716806934593094
so,W30p0,1,14,0.07716368138798037,0.07716368138798037
thetao,W10p0,3,20,0.07689242278543577,0.07689242278543577
so,W10p0,8,19,0.07667051061949139,0.07667051061949139
thetao,W40p0,3,20,0.07659405769584977,0.07659405769584977
so,W30p0,8,0,0.0765715846800989,0.0765715846800989
thetao,W40p0,4,9,-0.07654810517544931,0.07654810517544931
thetao,W40p0,7,17,0.07639529410889218,0.07639529410889218
so,W40p0,3,2,0.07632663963723925,0.07632663963723925
thetao,W30p0,4,13,-0.07608432259082687,0.07608432259082687
thetao,W20p0,7,4,0.07598594520173464,0.07598594520173464
so,W30p0,8,12,0.0759348402131714,0.0759348402131714
so,W10p0,1,1,-0.07584160055967526,0.07584160055967526
so,W60p0,9,17,0.07570582758623517,0.07570582758623517
thetao,W30p0,7,20,-0.07565019087324623,0.07565019087324623
thetao,W20p0,8,0,0.07549224600940539,0.07549224600940539
thetao,W40p0,5,14,-0.07545815488232076,0.07545815488232076
so,W30p0,4,20,-0.07534621503104931,0.07534621503104931
so,W10p0,9,2,0.07533892796857934,0.07533892796857934
so,W10p0,2,15,0.07526459549422429,0.07526459549422429
thetao,W60p0,1,17,0.07500142458913493,0.07500142458913493
so,W10p0,9,0,0.07497419439417294,0.07497419439417294
thetao,W30p0,6,0,-0.07496742012981393,0.07496742012981393
so,W10p0,8,2,0.07493335202758636,0.07493335202758636
thetao,W30p0,3,12,-0.07453972802362908,0.07453972802362908
thetao,W40p0,6,19,0.07453782191486245,0.07453782191486245
thetao,W60p0,3,6,0.0745032687925064,0.0745032687925064
so,W30p0,9,20,0.0744804235327391,0.0744804235327391
thetao,W10p0,7,8,0.07433633030948143,0.07433633030948143
so,W10p0,3,1,0.07431931965435155,0.07431931965435155
so,W60p0,8,2,-0.07431174541290286,0.07431174541290286
thetao,W40p0,1,11,-0.07429880859635539,0.07429880859635539
so,W10p0,10,14,-0.07425728437541171,0.07425728437541171
thetao,W10p0,6,11,-0.07417874807372207,0.07417874807372207
so,W30p0,6,16,-0.07401482114901874,0.07401482114901874
so,W40p0,6,9,-0.07378142521398917,0.07378142521398917
so,W30p0,9,19,0.0734907435876211,0.0734907435876211
so,W10p0,10,17,-0.07345018123361605,0.07345018123361605
thetao,W30p0,3,3,0.07343422195318541,0.07343422195318541
so,W40p0,7,7,-0.0733905314959902,0.0733905314959902
so,W30p0,6,0,0.07310136284595761,0.07310136284595761
thetao,W60p0,8,11,-0.07302017740934008,0.07302017740934008
thetao,W30p0,9,16,-0.07291007352815447,0.07291007352815447
so,W30p0,4,16,0.07273627637446217,0.07273627637446217
thetao,W30p0,3,5,-0.07254125935401448,0.07254125935401448
thetao,W60p0,5,7,0.07237545358739217,0.07237545358739217
thetao,W60p0,7,7,0.07221261085646138,0.07221261085646138
thetao,W30p0,3,15,0.07192810739374,0.07192810739374
thetao,W40p0,2,6,0.07188825023609954,0.07188825023609954
so,W10p0,5,12,-0.071823719729521,0.071823719729521
thetao,W40p0,10,9,0.07182142592480702,0.07182142592480702
thetao,W30p0,7,12,0.07175217628268053,0.07175217628268053
so,W40p0,10,4,-0.07170146643840432,0.07170146643840432
thetao,W40p0,4,14,0.07166390487567859,0.07166390487567859
so,W20p0,9,15,-0.07165571687196298,0.07165571687196298
thetao,W20p0,7,12,-0.0715383358587653,0.0715383358587653
so,W40p0,10,20,-0.07140870064301137,0.07140870064301137
so,W60p0,10,17,-0.07136452944290228,0.07136452944290228
so,W10p0,10,9,-0.07131408075394462,0.07131408075394462
thetao,W10p0,6,10,-0.07086251170647734,0.07086251170647734
thetao,W20p0,4,0,-0.07078738688862525,0.07078738688862525
so,W20p0,7,5,0.07075357641579723,0.07075357641579723
thetao,W40p0,7,10,-0.07072276771624168,0.07072276771624168
so,W60p0,8,18,0.07065629088895414,0.07065629088895414
thetao,W30p0,3,16,0.07061232908773882,0.07061232908773882
so,W60p0,5,0,-0.07059655698131469,0.07059655698131469
so,W60p0,9,20,0.07054255133447976,0.07054255133447976
so,W30p0,8,9,0.07028468917144218,0.07028468917144218
so,W60p0,3,3,0.07022699819769397,0.07022699819769397
so,W10p0,10,11,0.07013722443620901,0.07013722443620901
thetao,W60p0,1,13,-0.06981991666502115,0.06981991666502115
so,W30p0,10,7,0.0697470192554973,0.0697470192554973
so,W40p0,7,6,-0.06973162607308798,0.06973162607308798
thetao,W40p0,9,11,0.0696564489829564,0.0696564489829564
so,W10p0,7,2,-0.06945155319472991,0.06945155319472991
thetao,W30p0,7,4,0.0694440249228055,0.0694440249228055
so,W20p0,6,1,0.06923223852105083,0.06923223852105083
thetao,W30p0,10,7,0.06875407690949804,0.06875407690949804
so,W30p0,10,17,-0.06802503205582296,0.06802503205582296
thetao,W40p0,1,17,0.06784340618341049,0.06784340618341049
so,W60p0,8,0,0.06782387538608814,0.06782387538608814
thetao,W40p0,9,19,-0.06780821468552424,0.06780821468552424
so,W60p0,3,6,-0.0677772780449866,0.0677772780449866
thetao,W60p0,7,8,0.0677093628776999,0.0677093628776999
thetao,W60p0,2,16,0.06764645836801976,0.06764645836801976
so,W30p0,10,4,0.06757473010330192,0.06757473010330192
thetao,W60p0,7,14,-0.06734109905587576,0.06734109905587576
thetao,W20p0,10,10,0.06731963607155626,0.06731963607155626
thetao,W40p0,5,0,0.06727808320412025,0.06727808320412025
so,W10p0,9,18,-0.06726517066705048,0.06726517066705048
so,W40p0,2,9,-0.06697755531236577,0.06697755531236577
thetao,W40p0,4,10,-0.06696895485330188,0.06696895485330188
thetao,W10p0,9,20,-0.06693791889579377,0.06693791889579377
so,W10p0,10,18,-0.06688645742587727,0.06688645742587727
so,W60p0,6,4,-0.0668557750500313,0.0668557750500313
so,W60p0,7,18,-0.06683081351910317,0.06683081351910317
thetao,W40p0,10,13,-0.06669787576034862,0.06669787576034862
so,W40p0,1,14,-0.06663808952473937,0.06663808952473937
thetao,W60p0,9,4,0.06658680206738539,0.06658680206738539
so,W60p0,8,9,-0.06656270569870408,0.06656270569870408
so,W30p0,1,5,-0.06647987732948446,0.06647987732948446
thetao,W30p0,6,4,0.06642954742130772,0.06642954742130772
so,W60p0,7,19,-0.06641947737212173,0.06641947737212173
thetao,W20p0,2,2,-0.0663150725780882,0.0663150725780882
thetao,W20p0,9,16,0.06625475217476674,0.06625475217476674
so,W20p0,6,15,0.0662498906884731,0.0662498906884731
thetao,W20p0,7,1,0.0661083283456526,0.0661083283456526
so,W10p0,3,11,-0.06605599373744182,0.06605599373744182
so,W60p0,1,16,-0.06604659689250277,0.06604659689250277
thetao,W20p0,8,9,0.06597848649638129,0.06597848649638129
so,W60p0,4,16,-0.06588348883017471,0.06588348883017471
thetao,W30p0,2,11,-0.06588095430844595,0.06588095430844595
thetao,W10p0,7,13,-0.06575457463927697,0.06575457463927697
thetao,W20p0,4,20,-0.06574191248461428,0.06574191248461428
thetao,W30p0,3,17,0.0655416435123783,0.0655416435123783
thetao,W20p0,5,14,0.0655400738591866,0.0655400738591866
so,W10p0,9,17,0.06548212859088759,0.06548212859088759
so,W20p0,9,4,0.06546763565922616,0.06546763565922616
so,W10p0,2,18,0.06537268842589856,0.06537268842589856
so,W40p0,3,1,0.06515858901130493,0.06515858901130493
thetao,W10p0,4,16,0.06499947374030517,0.06499947374030517
thetao,W60p0,10,10,-0.06495242455763162,0.06495242455763162
so,W10p0,7,1,0.06484456443804767,0.06484456443804767
thetao,W40p0,5,11,0.06475977985228189,0.06475977985228189
thetao,W20p0,2,1,0.06464953964504003,0.06464953964504003
thetao,W10p0,1,19,0.06464822359702951,0.06464822359702951
thetao,W60p0,6,1,0.0645793977114703,0.0645793977114703
thetao,W40p0,7,9,-0.06452946318191566,0.06452946318191566
thetao,W20p0,8,11,0.0645081114384706,0.0645081114384706
so,W60p0,7,16,0.06403779743857146,0.06403779743857146
thetao,W40p0,4,15,0.0640343201000228,0.0640343201000228
so,W40p0,3,3,0.06371637153786054,0.06371637153786054
thetao,W20p0,5,3,0.06366210202273366,0.06366210202273366
thetao,W20p0,4,12,0.0636434734175187,0.0636434734175187
so,W30p0,8,11,0.06349393646615709,0.06349393646615709
so,W30p0,3,11,-0.06341467644830343,0.06341467644830343
thetao,W20p0,9,11,0.06338483488552704,0.06338483488552704
thetao,W10p0,7,12,-0.06331121846227927,0.06331121846227927
thetao,W30p0,9,10,-0.06328672626500874,0.06328672626500874
thetao,W40p0,5,15,-0.06312449099019954,0.06312449099019954
thetao,W20p0,5,10,-0.06308230779743244,0.06308230779743244
so,W60p0,2,5,0.0628060606981349,0.0628060606981349
thetao,W60p0,10,8,-0.06277975258560138,0.06277975258560138
so,W40p0,9,1,0.06277260851026119,0.06277260851026119
so,W20p0,4,15,-0.06276482515265315,0.06276482515265315
thetao,W30p0,7,1,0.06261366725213285,0.06261366725213285
so,W30p0,2,20,-0.062298471752819364,0.062298471752819364
thetao,W30p0,6,5,0.06226984629037352,0.06226984629037352
thetao,W30p0,2,0,0.06221172051716535,0.06221172051716535
so,W20p0,4,18,0.06200117583518011,0.06200117583518011
so,W40p0,6,4,0.06195053744660591,0.06195053744660591
thetao,W10p0,5,11,0.06179810983803377,0.06179810983803377
so,W60p0,3,10,-0.06177557640006844,0.06177557640006844
so,W10p0,6,6,0.06169099882994166,0.06169099882994166
thetao,W60p0,5,18,0.06165784094367805,0.06165784094367805
thetao,W10p0,5,5,0.06148167375609924,0.06148167375609924
so,W40p0,10,16,-0.06140856194600147,0.06140856194600147
so,W10p0,10,1,-0.06140102478916899,0.06140102478916899
thetao,W20p0,6,1,0.06139131982974524,0.06139131982974524
so,W60p0,10,9,-0.06133262656130318,0.06133262656130318
so,W60p0,9,15,0.06124021279733334,0.06124021279733334
so,W60p0,10,19,-0.06123890511819671,0.06123890511819671
thetao,W20p0,10,7,-0.06114740865382324,0.06114740865382324
so,W60p0,7,2,0.060947017861096894,0.060947017861096894
so,W40p0,4,11,0.060905770193601265,0.060905770193601265
thetao,W30p0,2,7,-0.060872876487388365,0.060872876487388365
so,W60p0,9,1,-0.0608535076160668,0.0608535076160668
so,W30p0,4,3,-0.06078369422155786,0.06078369422155786
so,W10p0,1,2,-0.06077544217226026,0.06077544217226026
so,W20p0,10,0,-0.0607724233850152,0.0607724233850152
so,W20p0,5,8,0.060762793898336546,0.060762793898336546
thetao,W40p0,5,20,0.06060956167190412,0.06060956167190412
thetao,W40p0,10,3,0.06043114292563337,0.06043114292563337
thetao,W10p0,6,20,-0.0602825458058477,0.0602825458058477
so,W40p0,6,5,0.060259489285621165,0.060259489285621165
so,W10p0,3,12,-0.06019337008241894,0.06019337008241894
thetao,W60p0,10,9,-0.06010088583137071,0.06010088583137071
so,W30p0,7,11,-0.05985967958441286,0.05985967958441286
thetao,W20p0,2,20,-0.0597944732452038,0.0597944732452038
thetao,W30p0,10,16,0.059735549165123955,0.059735549165123955
so,W10p0,2,20,0.05969873432099934,0.05969873432099934
so,W30p0,10,3,-0.059668281046003,0.059668281046003
thetao,W30p0,9,4,-0.05956923846316192,0.05956923846316192
thetao,W20p0,2,8,-0.059296550656620206,0.059296550656620206
so,W20p0,8,14,-0.05924725667432244,0.05924725667432244
thetao,W30p0,10,5,-0.05907161315994919,0.05907161315994919
so,W60p0,6,13,0.05903597074516473,0.05903597074516473
so,W30p0,1,0,-0.05883545653389085,0.05883545653389085
so,W10p0,2,19,0.05877986886993709,0.05877986886993709
thetao,W10p0,5,15,0.058703601194559946,0.058703601194559946
thetao,W40p0,7,11,-0.058530832750554665,0.058530832750554665
so,W40p0,9,19,0.05844160162998217,0.05844160162998217
thetao,W40p0,2,20,-0.05844006835685509,0.05844006835685509
thetao,W40p0,10,5,-0.05839547091566842,0.05839547091566842
thetao,W30p0,4,18,-0.05833619232697455,0.05833619232697455
so,W30p0,8,5,0.058153746066474124,0.058153746066474124
thetao,W60p0,7,6,0.0581416317415991,0.0581416317415991
so,W20p0,5,20,0.05812470163163061,0.05812470163163061
thetao,W10p0,1,17,-0.05806014934135295,0.05806014934135295
thetao,W40p0,5,12,0.05799999584855192,0.05799999584855192
thetao,W30p0,2,17,-0.057961660924834194,0.057961660924834194
thetao,W40p0,7,12,-0.05788741491571534,0.05788741491571534
so,W20p0,6,0,-0.05785423116610034,0.05785423116610034
thetao,W20p0,5,2,0.05772344576277389,0.05772344576277389
thetao,W40p0,7,7,-0.05755400639876262,0.05755400639876262
so,W20p0,5,9,0.05746356319597241,0.05746356319597241
so,W10p0,8,9,-0.057457422591471116,0.057457422591471116
so,W60p0,2,0,0.05733598755738556,0.05733598755738556
thetao,W40p0,2,13,-0.057123635002807815,0.057123635002807815
thetao,W40p0,7,0,-0.05676740390402432,0.05676740390402432
so,W30p0,6,8,-0.056723478805234054,0.056723478805234054
so,W60p0,9,11,0.05667082771592565,0.05667082771592565
so,W40p0,2,15,-0.056670153702024884,0.056670153702024884
so,W10p0,5,14,0.05666689553036698,0.05666689553036698
so,W10p0,7,19,-0.056528435653398684,0.056528435653398684
thetao,W60p0,10,13,0.056501250826457496,0.056501250826457496
thetao,W30p0,3,14,0.05649085121958232,0.05649085121958232
so,W20p0,7,3,-0.05645065526366001,0.05645065526366001
thetao,W10p0,4,4,-0.05610225261535243,0.05610225261535243
so,W60p0,9,18,0.05605007414657238,0.05605007414657238
thetao,W40p0,4,6,0.055847360206847205,0.055847360206847205
so,W40p0,7,5,-0.05571944764429086,0.05571944764429086
so,W20p0,9,20,-0.05552007269040253,0.05552007269040253
so,W20p0,3,20,0.05550979706592258,0.05550979706592258
so,W40p0,5,4,0.055438984652934994,0.055438984652934994
thetao,W10p0,5,4,0.05500863353795322,0.05500863353795322
thetao,W10p0,6,9,-0.05486036279903476,0.05486036279903476
thetao,W20p0,7,0,0.05464239087362967,0.05464239087362967
so,W60p0,2,9,-0.054375896058658967,0.054375896058658967
so,W60p0,4,15,0.05419253148720733,0.05419253148720733
so,W30p0,4,11,-0.05409900367532559,0.05409900367532559
so,W30p0,5,20,-0.053892319054186996,0.053892319054186996
thetao,W10p0,2,3,0.053887272791681644,0.053887272791681644
thetao,W40p0,8,4,0.0537943166786169,0.0537943166786169
thetao,W10p0,4,17,0.05360553046694819,0.05360553046694819
so,W30p0,5,18,-0.053379820365815095,0.053379820365815095
thetao,W10p0,2,17,-0.053337772656779955,0.053337772656779955
thetao,W20p0,7,2,0.0531818172585287,0.0531818172585287
thetao,W20p0,3,15,-0.05287847643528184,0.05287847643528184
so,W30p0,4,17,0.05280929310613975,0.05280929310613975
thetao,W20p0,4,3,0.05276722639866522,0.05276722639866522
so,W60p0,7,15,0.052759917102147155,0.052759917102147155
so,W20p0,5,0,-0.052744672667655985,0.052744672667655985
thetao,W10p0,7,6,-0.05269961609376583,0.05269961609376583
thetao,W30p0,4,12,-0.052456655130332555,0.052456655130332555
thetao,W20p0,9,4,0.052446062070861006,0.052446062070861006
thetao,W40p0,8,1,0.05241699516051979,0.05241699516051979
so,W10p0,8,20,0.05234625519311058,0.05234625519311058
thetao,W30p0,7,10,0.05228143561271298,0.05228143561271298
thetao,W20p0,5,9,-0.052245484837706725,0.052245484837706725
thetao,W60p0,9,5,0.052218253818164015,0.052218253818164015
thetao,W60p0,5,8,0.052093768254328154,0.052093768254328154
thetao,W40p0,5,1,-0.0518519035278784,0.0518519035278784
so,W60p0,1,14,-0.05170888821661816,0.05170888821661816
thetao,W10p0,2,14,0.051336209477727046,0.051336209477727046
so,W40p0,7,11,0.05126602722028402,0.05126602722028402
thetao,W60p0,9,12,-0.05123461824345201,0.05123461824345201
thetao,W60p0,7,13,-0.051136811512464304,0.051136811512464304
thetao,W10p0,6,2,-0.050978149118758254,0.050978149118758254
thetao,W40p0,6,8,-0.05096967078852792,0.05096967078852792
so,W60p0,5,15,0.05094439627281029,0.05094439627281029
so,W60p0,1,13,-0.05087109285273543,0.05087109285273543
thetao,W10p0,10,17,0.050861976748180805,0.050861976748180805
thetao,W10p0,4,3,-0.050785160559598586,0.050785160559598586
so,W60p0,10,1,0.05073158179792542,0.05073158179792542
so,W30p0,6,14,-0.050439744156676576,0.050439744156676576
so,W40p0,10,17,-0.05038312030585297,0.05038312030585297
thetao,W40p0,4,7,-0.050192742835347026,0.050192742835347026
so,W60p0,8,20,0.05015487688334277,0.05015487688334277
so,W10p0,6,17,-0.050104936007561544,0.050104936007561544
thetao,W30p0,1,20,-0.05006907200566121,0.05006907200566121
so,W30p0,1,11,0.04994037110184544,0.04994037110184544
thetao,W10p0,6,6,-0.04988460153476532,0.04988460153476532
thetao,W30p0,9,18,0.049819919288996733,0.049819919288996733
thetao,W30p0,3,18,0.04955434397274918,0.04955434397274918
so,W30p0,10,20,-0.04948990254448379,0.04948990254448379
thetao,W40p0,1,20,0.04947031978777067,0.04947031978777067
so,W20p0,6,18,0.049212626184495484,0.049212626184495484
so,W20p0,4,19,-0.048927823599422035,0.048927823599422035
so,W40p0,4,5,-0.04870275945619226,0.04870275945619226
thetao,W60p0,3,7,0.04855238376537234,0.04855238376537234
so,W30p0,9,10,-0.048350533819356056,0.048350533819356056
thetao,W40p0,2,15,-0.048325751059464954,0.048325751059464954
so,W40p0,1,6,0.04830720950588787,0.04830720950588787
so,W10p0,5,5,-0.048257610292407396,0.048257610292407396
thetao,W20p0,4,18,0.04820896726692778,0.04820896726692778
so,W20p0,8,10,-0.04814468781532668,0.04814468781532668
thetao,W20p0,3,6,0.048136937162267975,0.048136937162267975
so,W60p0,10,8,-0.04781140864548466,0.04781140864548466
so,W60p0,2,6,-0.047755217418428184,0.047755217418428184
thetao,W30p0,8,17,0.04763940945638362,0.04763940945638362
thetao,W30p0,3,0,-0.047636036213720825,0.047636036213720825
so,W60p0,6,2,0.047631310952711114,0.047631310952711114
thetao,W60p0,2,13,0.047582274307679355,0.047582274307679355
thetao,W10p0,7,11,0.04754335007739648,0.04754335007739648
so,W40p0,2,16,0.04744328461144411,0.04744328461144411
so,W30p0,6,1,-0.04737776176751443,0.04737776176751443
so,W30p0,8,14,-0.047357652895509306,0.047357652895509306
so,W40p0,1,20,-0.0471368113024785,0.0471368113024785
so,W30p0,4,19,-0.04709530578253277,0.04709530578253277
so,W20p0,10,17,-0.04697894880263092,0.04697894880263092
thetao,W10p0,6,0,0.04696013204106531,0.04696013204106531
thetao,W30p0,7,19,-0.046956436453181344,0.046956436453181344
so,W30p0,2,10,-0.04692066165118475,0.04692066165118475
thetao,W60p0,10,18,-0.046864521958086436,0.046864521958086436
so,W60p0,7,14,-0.04661458023225258,0.04661458023225258
so,W40p0,7,3,-0.04655484004968185,0.04655484004968185
so,W20p0,1,6,-0.046498326535085475,0.046498326535085475
so,W20p0,1,1,-0.046448746553384206,0.046448746553384206
so,W60p0,10,20,0.046341424403477,0.046341424403477
thetao,W60p0,10,12,0.04607955334616329,0.04607955334616329
thetao,W60p0,9,20,0.046045547603846874,0.046045547603846874
so,W20p0,3,5,0.046006089152228785,0.046006089152228785
so,W20p0,5,18,0.045940008840365996,0.045940008840365996
so,W10p0,10,0,-0.04586348199503594,0.04586348199503594
so,W30p0,2,18,0.045755373394201826,0.045755373394201826
so,W20p0,4,12,0.04571085906731117,0.04571085906731117
thetao,W10p0,6,1,-0.04564288697647901,0.04564288697647901
so,W60p0,6,15,-0.0454661936768795,0.0454661936768795
thetao,W40p0,9,4,-0.04541145518969555,0.04541145518969555
so,W60p0,10,7,0.04523700417951927,0.04523700417951927
thetao,W40p0,7,8,-0.04496855577672651,0.04496855577672651
so,W40p0,10,7,0.04484508624945507,0.04484508624945507
so,W10p0,5,10,0.044785754452339455,0.044785754452339455
so,W20p0,9,5,0.0447846210762729,0.0447846210762729
so,W10p0,7,20,0.04455662216244748,0.04455662216244748
thetao,W40p0,4,17,0.044494515279832586,0.044494515279832586
so,W20p0,6,19,0.04448630977741925,0.04448630977741925
thetao,W20p0,8,4,-0.044405408357779175,0.044405408357779175
thetao,W20p0,7,8,0.04437673306624151,0.04437673306624151
so,W40p0,1,5,0.044365861319116934,0.044365861319116934
thetao,W20p0,5,4,0.04395757723712182,0.04395757723712182
thetao,W40p0,9,3,0.04393995301888517,0.04393995301888517
thetao,W30p0,6,1,-0.04381747118455925,0.04381747118455925
thetao,W10p0,9,5,-0.04377976734801111,0.04377976734801111
so,W30p0,7,3,-0.04374312023118228,0.04374312023118228
thetao,W30p0,5,20,-0.04357154244979734,0.04357154244979734
so,W30p0,6,13,-0.04347855331571908,0.04347855331571908
so,W30p0,4,12,-0.043220277555978175,0.043220277555978175
thetao,W30p0,4,19,-0.043201373747876,0.043201373747876
so,W20p0,3,13,-0.04311382400961016,0.04311382400961016
thetao,W40p0,3,9,-0.04286439354143906,0.04286439354143906
so,W30p0,5,17,0.04281708038781524,0.04281708038781524
thetao,W10p0,1,15,0.04276589550058132,0.04276589550058132
so,W30p0,9,12,0.042679510677186436,0.042679510677186436
so,W20p0,1,18,-0.042578633732890364,0.042578633732890364
so,W60p0,6,14,-0.04236097951120775,0.04236097951120775
thetao,W20p0,4,14,0.04234713829801976,0.04234713829801976
so,W20p0,1,7,-0.042164807558194295,0.042164807558194295
thetao,W10p0,9,12,-0.04202588583324145,0.04202588583324145
thetao,W30p0,4,7,-0.04198929211168086,0.04198929211168086
thetao,W40p0,4,20,0.04190782137835084,0.04190782137835084
thetao,W60p0,8,2,-0.0417772057683262,0.0417772057683262
thetao,W20p0,4,6,0.041729201226386285,0.041729201226386285
so,W60p0,9,19,0.04156749153680798,0.04156749153680798
so,W40p0,4,15,-0.04132946221208208,0.04132946221208208
so,W20p0,1,19,-0.04121829850606902,0.04121829850606902
thetao,W60p0,7,11,-0.0411738763954064,0.0411738763954064
so,W30p0,4,13,0.04108446083128378,0.04108446083128378
so,W40p0,8,20,-0.04105514993149872,0.04105514993149872
thetao,W20p0,9,17,0.04100099017114674,0.04100099017114674
thetao,W20p0,2,7,-0.040969194951978975,0.040969194951978975
thetao,W20p0,8,10,0.040944686656707995,0.040944686656707995
thetao,W30p0,4,17,-0.04093116506760841,0.04093116506760841
thetao,W40p0,7,5,-0.040801119455156805,0.040801119455156805
thetao,W30p0,9,19,0.04077939905062016,0.04077939905062016
so,W10p0,10,12,0.04044073358146544,0.04044073358146544
thetao,W10p0,10,7,0.0403753959812392,0.0403753959812392
so,W40p0,4,0,-0.040335036298217594,0.040335036298217594
thetao,W40p0,8,0,0.04027641220510876,0.04027641220510876
thetao,W60p0,7,10,0.04014085036220805,0.04014085036220805
thetao,W40p0,4,12,0.04013081227220496,0.04013081227220496
so,W60p0,3,4,0.03991703208692196,0.03991703208692196
thetao,W60p0,7,18,-0.039847503402868134,0.039847503402868134
so,W20p0,4,16,0.039845299278503214,0.039845299278503214
thetao,W30p0,2,14,0.039835976280053066,0.039835976280053066
thetao,W60p0,3,19,-0.03974621303445244,0.03974621303445244
thetao,W60p0,10,7,-0.03974408317167876,0.03974408317167876
so,W30p0,10,16,0.03971561542600387,0.03971561542600387
so,W20p0,9,13,-0.03970788347560363,0.03970788347560363
so,W10p0,1,4,-0.03965746541190943,0.03965746541190943
so,W40p0,1,13,-0.039639521643590435,0.039639521643590435
thetao,W40p0,5,18,0.03962958644807167,0.03962958644807167
thetao,W60p0,5,19,0.03957680902393002,0.03957680902393002
thetao,W40p0,5,19,0.03947161528977623,0.03947161528977623
so,W60p0,1,12,-0.039421891297173654,0.039421891297173654
thetao,W40p0,3,11,0.039260698904582295,0.039260698904582295
thetao,W40p0,1,14,0.039260641933139856,0.039260641933139856
thetao,W10p0,2,16,-0.03925497481704158,0.03925497481704158
thetao,W40p0,7,16,0.039161243797257786,0.039161243797257786
so,W10p0,2,14,0.03914239854246104,0.03914239854246104
so,W10p0,3,3,0.03900789272170474,0.03900789272170474
so,W60p0,9,14,-0.03899168004678793,0.03899168004678793
thetao,W20p0,10,9,0.03859431941111278,0.03859431941111278
thetao,W30p0,8,16,-0.03856164394344322,0.03856164394344322
so,W20p0,6,16,0.03853593810447282,0.03853593810447282
so,W40p0,1,12,-0.03840085515299305,0.03840085515299305
so,W40p0,5,7,0.03838624737129131,0.03838624737129131
thetao,W30p0,1,0,0.038292009951970817,0.038292009951970817
thetao,W60p0,6,3,0.03828648921444294,0.03828648921444294
thetao,W10p0,2,0,-0.0382288725593822,0.0382288725593822
thetao,W40p0,9,20,-0.038199945923559187,0.038199945923559187
so,W30p0,10,2,-0.038109601487835286,0.038109601487835286
so,W10p0,7,9,-0.03810603778569089,0.03810603778569089
thetao,W30p0,8,7,-0.03805323398067622,0.03805323398067622
thetao,W10p0,4,18,0.03782333099046687,0.03782333099046687
thetao,W30p0,4,14,-0.03773130493428963,0.03773130493428963
so,W60p0,6,8,-0.037730245013267986,0.037730245013267986
thetao,W10p0,5,8,0.03772939528797187,0.03772939528797187
thetao,W40p0,5,5,-0.03765569304508275,0.03765569304508275
thetao,W10p0,3,19,-0.03750755081105073,0.03750755081105073
thetao,W30p0,10,8,0.03742759127945123,0.03742759127945123
thetao,W60p0,10,2,-0.037416827112770536,0.037416827112770536
thetao,W30p0,9,9,-0.037402400902590775,0.037402400902590775
so,W10p0,10,13,-0.037309994935617895,0.037309994935617895
thetao,W20p0,7,17,-0.0372535794679499,0.0372535794679499
thetao,W10p0,9,13,-0.03720936730939127,0.03720936730939127
thetao,W60p0,2,5,0.03707098000198703,0.03707098000198703
so,W20p0,1,20,-0.036874534417157455,0.036874534417157455
thetao,W40p0,2,9,-0.03682389694629832,0.03682389694629832
thetao,W30p0,7,11,0.036769189386193085,0.036769189386193085
so,W60p0,1,15,-0.036739156567761166,0.036739156567761166
thetao,W60p0,6,10,0.036654941205974546,0.036654941205974546
thetao,W40p0,7,14,-0.03664490076130021,0.03664490076130021
so,W20p0,3,19,0.03662999935316018,0.03662999935316018
so,W40p0,5,10,-0.03659413022375313,0.03659413022375313
so,W20p0,4,0,-0.03656325297970241,0.03656325297970241
so,W60p0,7,10,-0.03633038977023303,0.03633038977023303
so,W40p0,9,9,0.03628309465037692,0.03628309465037692
thetao,W30p0,7,13,0.03617726826117007,0.03617726826117007
so,W40p0,1,2,0.03615164163464613,0.03615164163464613
thetao,W30p0,4,15,-0.03599187672355648,0.03599187672355648
so,W30p0,2,6,0.03564381880747897,0.03564381880747897
so,W40p0,1,4,0.035601399986482714,0.035601399986482714
so,W30p0,2,11,0.03550596334406153,0.03550596334406153
thetao,W60p0,2,19,0.03530252071220035,0.03530252071220035
so,W60p0,5,1,-0.03524782106279819,0.03524782106279819
so,W30p0,3,2,-0.035244000921128366,0.035244000921128366
so,W30p0,7,19,-0.035232483728053134,0.035232483728053134
thetao,W30p0,7,5,0.035175122788902745,0.035175122788902745
thetao,W20p0,9,14,0.03506808763561802,0.03506808763561802
so,W60p0,9,16,0.035050462240658324,0.035050462240658324
thetao,W10p0,8,18,-0.034935587194140645,0.034935587194140645
so,W10p0,1,3,-0.034823658256371764,0.034823658256371764
thetao,W20p0,6,10,0.03480264732960944,0.03480264732960944
thetao,W30p0,1,12,-0.03476634235593891,0.03476634235593891
so,W30p0,9,3,0.034722461836141236,0.034722461836141236
so,W30p0,3,9,0.03466413305353295,0.03466413305353295
so,W60p0,4,7,-0.03464581783091043,0.03464581783091043
thetao,W20p0,3,13,0.034642556707214084,0.034642556707214084
thetao,W10p0,8,15,-0.03446461927370382,0.03446461927370382
thetao,W30p0,10,11,-0.03435056756383144,0.03435056756383144
so,W60p0,7,8,-0.03427079161922431,0.03427079161922431
thetao,W10p0,1,16,-0.03425537249225392,0.03425537249225392
thetao,W60p0,4,13,0.0341618552303267,0.0341618552303267
so,W20p0,8,11,-0.03393007923031983,0.03393007923031983
so,W20p0,5,5,0.033852533601703504,0.033852533601703504
thetao,W20p0,10,13,-0.03380796468861179,0.03380796468861179
thetao,W20p0,3,11,0.03375517133250189,0.03375517133250189
thetao,W30p0,4,3,-0.033748551534978084,0.033748551534978084
thetao,W40p0,2,4,-0.03366257055576866,0.03366257055576866
so,W10p0,8,8,0.03363828726659302,0.03363828726659302
so,W20p0,3,3,0.03357743354065976,0.03357743354065976
so,W40p0,3,7,0.033547569191813474,0.033547569191813474
thetao,W20p0,2,18,0.03351277599592013,0.03351277599592013
thetao,W10p0,1,5,0.033489583396457814,0.033489583396457814
thetao,W60p0,4,14,0.033353405573373116,0.033353405573373116
so,W10p0,1,19,-0.033315248909275876,0.033315248909275876
thetao,W60p0,1,15,0.03331071535893551,0.03331071535893551
thetao,W20p0,8,19,-0.03320505600299747,0.03320505600299747
thetao,W20p0,7,6,-0.033185241704808285,0.033185241704808285
thetao,W40p0,10,11,-0.033145480794226474,0.033145480794226474
thetao,W60p0,9,18,-0.03306874655722499,0.03306874655722499
thetao,W40p0,1,19,-0.03302476806534781,0.03302476806534781
so,W40p0,5,13,-0.03299894854897042,0.03299894854897042
so,W40p0,1,3,0.0329726427684794,0.0329726427684794
thetao,W40p0,4,13,0.032883190803611795,0.032883190803611795
so,W20p0,10,18,-0.032820193953943005,0.032820193953943005
thetao,W30p0,9,8,0.03250648849787085,0.03250648849787085
so,W10p0,3,5,-0.032470234833616086,0.032470234833616086
thetao,W10p0,1,8,0.03243071383758276,0.03243071383758276
so,W40p0,3,4,0.032127115134445716,0.032127115134445716
so,W60p0,8,6,-0.032089519491329745,0.032089519491329745
so,W40p0,9,18,-0.03205878146141954,0.03205878146141954
thetao,W60p0,3,8,-0.032019797665240754,0.032019797665240754
thetao,W20p0,4,16,-0.0319987568568744,0.0319987568568744
thetao,W20p0,5,7,-0.031977538124394966,0.031977538124394966
so,W30p0,8,6,0.031955641717175465,0.031955641717175465
thetao,W20p0,6,11,-0.03193161372276173,0.03193161372276173
so,W30p0,9,8,-0.031863228571760674,0.031863228571760674
thetao,W30p0,5,12,0.031818000385954476,0.031818000385954476
thetao,W30p0,7,14,0.031687254988020684,0.031687254988020684
so,W10p0,3,6,-0.03164147121946168,0.03164147121946168
so,W30p0,4,10,0.031629257552855145,0.031629257552855145
so,W20p0,7,9,0.03162618549054669,0.03162618549054669
thetao,W60p0,5,13,-0.031557757586040604,0.031557757586040604
so,W40p0,1,19,0.031469230817374495,0.031469230817374495
thetao,W60p0,6,0,0.031179612114869543,0.031179612114869543
thetao,W10p0,3,15,0.03117478835547678,0.03117478835547678
thetao,W20p0,8,13,-0.03090008728371374,0.03090008728371374
thetao,W20p0,6,0,0.03049987092046814,0.03049987092046814
so,W20p0,8,7,0.030309851724524373,0.030309851724524373
so,W60p0,9,3,-0.030156425256830665,0.030156425256830665
so,W30p0,5,7,0.029982060279880453,0.029982060279880453
thetao,W60p0,8,20,0.02995377106850866,0.02995377106850866
thetao,W40p0,4,11,-0.029829449063250742,0.029829449063250742
thetao,W10p0,3,0,-0.02982260364013043,0.02982260364013043
thetao,W60p0,10,17,0.029632399235336802,0.029632399235336802
so,W30p0,7,20,-0.029559125020090313,0.029559125020090313
thetao,W20p0,10,12,0.029402867248589187,0.029402867248589187
so,W20p0,5,10,-0.02930155560406415,0.02930155560406415
so,W40p0,6,18,0.02926645908158364,0.02926645908158364
so,W60p0,5,2,0.02910566362287003,0.02910566362287003
thetao,W40p0,3,4,-0.028960205410579355,0.028960205410579355
so,W30p0,9,2,0.028918233752594235,0.028918233752594235
thetao,W30p0,9,17,0.0287074378493634,0.0287074378493634
thetao,W60p0,9,3,0.028672601405678625,0.028672601405678625
so,W40p0,4,14,-0.02842298495735923,0.02842298495735923
so,W30p0,3,1,0.028046250046749998,0.028046250046749998
thetao,W20p0,8,6,0.027997389710509458,0.027997389710509458
so,W60p0,4,6,-0.02781852300346569,0.02781852300346569
so,W10p0,7,12,-0.027786775463678838,0.027786775463678838
thetao,W30p0,7,3,0.02775721586551598,0.02775721586551598
thetao,W10p0,7,7,0.027731189875906954,0.027731189875906954
thetao,W60p0,8,18,-0.027651188889264787,0.027651188889264787
thetao,W10p0,10,8,0.027630609152977426,0.027630609152977426
so,W60p0,5,14,0.027615712061702418,0.027615712061702418
thetao,W30p0,5,13,0.027476005903883608,0.027476005903883608
so,W10p0,6,8,-0.02721610574578658,0.02721610574578658
thetao,W30p0,5,4,0.02719660306927292,0.02719660306927292
thetao,W20p0,2,17,-0.027176480533892045,0.027176480533892045
so,W10p0,6,16,0.027138441642930375,0.027138441642930375
thetao,W20p0,10,19,0.027043732725639303,0.027043732725639303
so,W60p0,10,16,-0.026951269400699987,0.026951269400699987
thetao,W20p0,3,14,-0.02691022091962599,0.02691022091962599
thetao,W40p0,5,17,0.026820184693705857,0.026820184693705857
thetao,W40p0,5,9,0.026741165058015437,0.026741165058015437
thetao,W30p0,6,12,0.026616341499736924,0.026616341499736924
so,W10p0,2,13,-0.026594445227724247,0.026594445227724247
so,W30p0,10,8,0.02653909395106078,0.02653909395106078
thetao,W20p0,8,20,0.026463526476307096,0.026463526476307096
thetao,W30p0,6,3,0.02636114832571569,0.02636114832571569
thetao,W40p0,10,6,-0.02622101233539946,0.02622101233539946
so,W60p0,7,0,0.026153356137414974,0.026153356137414974
so,W20p0,2,13,-0.02575030936436676,0.02575030936436676
so,W20p0,7,16,0.025743558522970705,0.025743558522970705
thetao,W40p0,1,2,-0.02573840040937838,0.02573840040937838
thetao,W60p0,6,4,-0.025728135607145496,0.025728135607145496
so,W40p0,9,13,-0.025637247525394386,0.025637247525394386
so,W20p0,2,14,0.025505598727664388,0.025505598727664388
so,W10p0,6,7,-0.025482262577309338,0.025482262577309338
thetao,W20p0,4,2,0.025471489617352145,0.025471489617352145
thetao,W10p0,2,2,0.02530986585778505,0.02530986585778505
so,W30p0,1,7,0.025196640097472644,0.025196640097472644
so,W40p0,3,8,0.025107353755199926,0.025107353755199926
thetao,W40p0,6,6,0.02503162466925103,0.02503162466925103
thetao,W60p0,8,0,-0.02502686321698799,0.02502686321698799
so,W40p0,5,18,0.025007466656592155,0.025007466656592155
so,W60p0,4,8,0.02494462457973401,0.02494462457973401
so,W20p0,7,10,-0.024846326359861493,0.024846326359861493
so,W40p0,5,8,0.02458398448510722,0.02458398448510722
so,W40p0,3,18,0.024570296145860725,0.024570296145860725
so,W30p0,8,15,-0.024488621407653653,0.024488621407653653
thetao,W10p0,10,6,-0.02448319398753415,0.02448319398753415
thetao,W20p0,8,1,0.024474804408808813,0.024474804408808813
thetao,W60p0,5,10,-0.02430120789141171,0.02430120789141171
so,W40p0,4,13,0.024132438081816886,0.024132438081816886
so,W30p0,8,13,0.02412401594852897,0.02412401594852897
so,W30p0,3,5,0.024121994260975322,0.024121994260975322
so,W10p0,5,13,-0.02411867090683635,0.02411867090683635
thetao,W30p0,3,20,-0.024100354506781243,0.024100354506781243
so,W40p0,4,6,0.024070520463013192,0.024070520463013192
thetao,W60p0,7,17,-0.02400817693197659,0.02400817693197659
thetao,W30p0,3,2,0.023966166396537834,0.023966166396537834
thetao,W30p0,4,8,-0.023963347189263694,0.023963347189263694
thetao,W40p0,10,10,0.02374586008901982,0.02374586008901982
so,W60p0,2,16,0.0237067735265979,0.0237067735265979
so,W60p0,3,12,0.023579540000463292,0.023579540000463292
so,W20p0,8,12,-0.023520097716117103,0.023520097716117103
thetao,W60p0,3,17,0.023496493617591017,0.023496493617591017
so,W20p0,8,8,0.02348150696451208,0.02348150696451208
so,W60p0,5,17,-0.023377090308599517,0.023377090308599517
so,W20p0,6,17,0.02331198210898427,0.02331198210898427
thetao,W40p0,10,4,-0.023126967760623316,0.023126967760623316
so,W40p0,5,17,-0.023009499083378078,0.023009499083378078
so,W60p0,2,14,-0.022822582160422877,0.022822582160422877
thetao,W20p0,8,2,-0.022781400686209565,0.022781400686209565
thetao,W60p0,8,19,-0.02243874823750731,0.02243874823750731
thetao,W10p0,10,9,-0.02240050256086904,0.02240050256086904
thetao,W20p0,8,3,-0.022220673132068002,0.022220673132068002
so,W60p0,7,9,0.022172879072102462,0.022172879072102462
thetao,W20p0,4,4,0.022169743563144217,0.022169743563144217
so,W20p0,8,9,-0.021965919148012276,0.021965919148012276
so,W40p0,9,11,-0.021959806888381287,0.021959806888381287
thetao,W10p0,1,7,-0.021786514904559108,0.021786514904559108
thetao,W60p0,2,15,0.021709251373656643,0.021709251373656643
so,W30p0,5,8,-0.021630112624348153,0.021630112624348153
thetao,W40p0,10,8,0.02162437235819447,0.02162437235819447
thetao,W40p0,7,15,0.02137851316666216,0.02137851316666216
thetao,W30p0,4,11,-0.021354871887944146,0.021354871887944146
so,W30p0,9,11,-0.021327292634127294,0.021327292634127294
so,W40p0,5,14,-0.021320824147006524,0.021320824147006524
so,W40p0,10,1,0.0211741402590343,0.0211741402590343
so,W10p0,6,9,0.021120889938855976,0.021120889938855976
so,W30p0,3,0,0.0207618810691674,0.0207618810691674
thetao,W20p0,7,5,0.02050869020707379,0.02050869020707379
so,W60p0,6,19,-0.020412353167025183,0.020412353167025183
thetao,W60p0,7,4,0.020327980618624546,0.020327980618624546
so,W40p0,8,15,-0.020283264024502156,0.020283264024502156
so,W60p0,4,9,0.02024787510420439,0.02024787510420439
so,W60p0,5,16,-0.02018103919164287,0.02018103919164287
thetao,W20p0,5,0,0.01984742573427082,0.01984742573427082
so,W40p0,3,19,-0.01976237204880452,0.01976237204880452
so,W10p0,7,10,0.019637640692894396,0.019637640692894396
thetao,W30p0,2,12,-0.01929747988208203,0.01929747988208203
so,W40p0,4,12,0.019287607374654046,0.019287607374654046
so,W40p0,10,15,0.019286423997239156,0.019286423997239156
thetao,W20p0,5,8,-0.019279357069262718,0.019279357069262718
so,W10p0,8,1,-0.01916637052490698,0.01916637052490698
so,W60p0,8,17,-0.019090791789869953,0.019090791789869953
so,W10p0,7,11,0.019004159354007455,0.019004159354007455
so,W10p0,1,16,-0.018796343440049712,0.018796343440049712
so,W60p0,3,11,-0.018712754169120147,0.018712754169120147
thetao,W60p0,5,6,0.018667023769098522,0.018667023769098522
thetao,W30p0,3,4,-0.01866648110960319,0.01866648110960319
so,W30p0,3,4,-0.018624750165182457,0.018624750165182457
thetao,W40p0,5,16,-0.018433376491663454,0.018433376491663454
so,W40p0,6,14,-0.018397407208812926,0.018397407208812926
so,W60p0,8,1,0.018134285343001554,0.018134285343001554
so,W20p0,8,0,0.017975706246394028,0.017975706246394028
so,W30p0,8,16,0.01789617921676383,0.01789617921676383
thetao,W10p0,5,6,0.01786976178960083,0.01786976178960083
thetao,W60p0,1,3,-0.017847645941164444,0.017847645941164444
so,W30p0,8,8,0.017828484939489804,0.017828484939489804
so,W60p0,2,18,0.017719044421747966,0.017719044421747966
so,W60p0,1,11,0.01768868736745516,0.01768868736745516
thetao,W20p0,4,17,0.017593882764348156,0.017593882764348156
thetao,W30p0,10,6,0.017589846148480377,0.017589846148480377
thetao,W40p0,2,16,-0.017555911812761196,0.017555911812761196
so,W30p0,2,19,-0.017529312034964436,0.017529312034964436
thetao,W30p0,2,20,-0.017486902418083428,0.017486902418083428
thetao,W30p0,5,9,-0.017432710283200443,0.017432710283200443
thetao,W30p0,1,11,-0.017385738492693082,0.017385738492693082
so,W60p0,2,17,-0.017376678639531483,0.017376678639531483
so,W40p0,10,14,0.017361096666072835,0.017361096666072835
so,W60p0,6,3,0.017325254951284383,0.017325254951284383
thetao,W20p0,4,19,-0.017271099197347223,0.017271099197347223
thetao,W10p0,7,5,-0.017191721950752147,0.017191721950752147
thetao,W30p0,10,9,0.017096728218703512,0.017096728218703512
thetao,W40p0,1,18,-0.01709148883332821,0.01709148883332821
thetao,W30p0,3,13,0.016964849818614666,0.016964849818614666
so,W40p0,9,2,0.016881217441355643,0.016881217441355643
so,W40p0,5,19,0.016834088238459163,0.016834088238459163
thetao,W30p0,2,18,0.016686334166835577,0.016686334166835577
so,W30p0,5,11,0.016666367920913465,0.016666367920913465
so,W30p0,10,12,-0.01660909218489751,0.01660909218489751
so,W60p0,7,4,-0.016579197432300283,0.016579197432300283
thetao,W20p0,8,5,-0.016532079130021554,0.016532079130021554
so,W30p0,6,17,-0.016488865994386558,0.016488865994386558
so,W30p0,4,4,0.016250349280903686,0.016250349280903686
so,W40p0,3,20,-0.016145407456773276,0.016145407456773276
thetao,W10p0,1,18,0.01607637950813339,0.01607637950813339
thetao,W20p0,5,11,-0.016007101087471658,0.016007101087471658
so,W30p0,2,1,-0.015864318071268254,0.015864318071268254
thetao,W10p0,5,14,0.015716655162517995,0.015716655162517995
so,W10p0,9,15,0.015695080195284226,0.015695080195284226
so,W40p0,7,10,-0.015593850463784203,0.015593850463784203
so,W10p0,9,6,0.015407390488692196,0.015407390488692196
so,W40p0,6,3,0.015241665974160622,0.015241665974160622
thetao,W30p0,2,4,-0.015210756498456138,0.015210756498456138
so,W40p0,6,19,0.015187746866296817,0.015187746866296817
so,W30p0,5,9,-0.01513745068236432,0.01513745068236432
thetao,W60p0,1,14,-0.015091550591431736,0.015091550591431736
so,W30p0,8,20,0.015069664138494457,0.015069664138494457
so,W60p0,7,7,-0.015045860422628756,0.015045860422628756
thetao,W60p0,1,1,-0.015043019913113366,0.015043019913113366
so,W20p0,9,12,0.015032007109778108,0.015032007109778108
thetao,W20p0,8,12,-0.015029143293606296,0.015029143293606296
thetao,W40p0,3,19,-0.015027721079184889,0.015027721079184889
so,W30p0,1,6,-0.014980083592899457,0.014980083592899457
so,W60p0,3,5,-0.01485526149825824,0.01485526149825824
thetao,W40p0,8,17,-0.014844739017432306,0.014844739017432306
so,W20p0,10,19,0.014751417377535611,0.014751417377535611
thetao,W30p0,7,0,-0.01465966874416779,0.01465966874416779
so,W30p0,1,13,-0.014458346881632665,0.014458346881632665
so,W20p0,4,1,-0.014447856347071148,0.014447856347071148
thetao,W30p0,2,6,-0.014445719589365308,0.014445719589365308
thetao,W20p0,3,0,-0.01444236049674001,0.01444236049674001
thetao,W40p0,7,6,-0.014409788100327173,0.014409788100327173
so,W60p0,5,13,-0.014348142264458937,0.014348142264458937
thetao,W40p0,3,14,0.0143175093766963,0.0143175093766963
thetao,W20p0,5,6,-0.014271870110932183,0.014271870110932183
so,W40p0,6,8,0.014066993551404472,0.014066993551404472
thetao,W10p0,9,1,0.013996153169280776,0.013996153169280776
thetao,W30p0,5,14,-0.013973047239045005,0.013973047239045005
thetao,W40p0,4,19,-0.013941270414880032,0.013941270414880032
thetao,W20p0,8,14,0.013919999372071501,0.013919999372071501
thetao,W60p0,10,11,0.013917615934980879,0.013917615934980879
thetao,W20p0,10,2,-0.013896946748879542,0.013896946748879542
thetao,W20p0,7,10,-0.01365879515805649,0.01365879515805649
thetao,W30p0,5,11,0.013535343832414873,0.013535343832414873
so,W20p0,9,10,0.013287080542947865,0.013287080542947865
thetao,W20p0,1,20,0.01322289865708297,0.01322289865708297
thetao,W30p0,8,0,0.01317594924709965,0.01317594924709965
so,W40p0,7,4,-0.01315059357969976,0.01315059357969976
thetao,W20p0,5,5,0.013016897466163378,0.013016897466163378
thetao,W60p0,3,5,0.012962184564895856,0.012962184564895856
so,W60p0,8,7,0.012919335642049274,0.012919335642049274
so,W60p0,9,12,-0.012831001895825202,0.012831001895825202
thetao,W30p0,4,0,0.012753293008291179,0.012753293008291179
thetao,W20p0,3,10,-0.012724774111578862,0.012724774111578862
thetao,W60p0,1,4,0.012668644605812327,0.012668644605812327
thetao,W30p0,2,3,-0.012241675213220499,0.012241675213220499
thetao,W40p0,1,4,-0.012103722128077468,0.012103722128077468
so,W60p0,8,5,-0.011996568864044816,0.011996568864044816
thetao,W60p0,5,14,-0.011779810504193711,0.011779810504193711
thetao,W40p0,5,10,-0.011620785825109718,0.011620785825109718
thetao,W10p0,4,19,0.011579680738855486,0.011579680738855486
thetao,W30p0,2,19,-0.011526559910442638,0.011526559910442638
thetao,W60p0,2,14,-0.011510474658479654,0.011510474658479654
thetao,W30p0,4,20,-0.011358974274297997,0.011358974274297997
thetao,W30p0,4,16,-0.011225786543444012,0.011225786543444012
so,W20p0,3,18,0.011176463763713021,0.011176463763713021
so,W20p0,9,11,0.011077542817756525,0.011077542817756525
thetao,W40p0,1,12,0.011030743134629373,0.011030743134629373
thetao,W20p0,7,11,0.010987471590398154,0.010987471590398154
so,W60p0,8,8,-0.010964002852125168,0.010964002852125168
thetao,W60p0,6,14,0.01089525227477105,0.01089525227477105
thetao,W10p0,8,17,0.010879024025679949,0.010879024025679949
so,W60p0,5,10,0.010871797974267742,0.010871797974267742
so,W30p0,7,4,-0.010806784779937278,0.010806784779937278
thetao,W20p0,5,1,0.010692957503688318,0.010692957503688318
so,W40p0,2,0,0.010649950465371252,0.010649950465371252
thetao,W40p0,4,0,0.010573240275825459,0.010573240275825459
so,W40p0,10,18,-0.0105273168641522,0.0105273168641522
thetao,W40p0,10,12,-0.01046701881297036,0.01046701881297036
thetao,W40p0,1,13,-0.01036916027643269,0.01036916027643269
thetao,W40p0,1,3,-0.010223295048109406,0.010223295048109406
so,W20p0,5,17,0.010200861153732371,0.010200861153732371
so,W20p0,8,13,0.010028984103297223,0.010028984103297223
thetao,W40p0,2,8,-0.00997954501834669,0.00997954501834669
thetao,W60p0,9,2,0.00987337371792286,0.00987337371792286
so,W10p0,3,4,-0.009405808090312528,0.009405808090312528
thetao,W10p0,1,6,-0.009295396673166837,0.009295396673166837
thetao,W60p0,4,0,0.009005006563781096,0.009005006563781096
thetao,W60p0,7,16,-0.008942374088491922,0.008942374088491922
thetao,W30p0,2,16,-0.00877816107631823,0.00877816107631823
so,W30p0,4,18,-0.008761927261305374,0.008761927261305374
thetao,W30p0,8,20,0.008730900264759105,0.008730900264759105
so,W20p0,9,7,-0.008726963985543,0.008726963985543
so,W10p0,10,10,-0.008687411402280933,0.008687411402280933
thetao,W40p0,4,18,-0.008545770949594834,0.008545770949594834
so,W20p0,3,4,-0.008479664722576758,0.008479664722576758
thetao,W10p0,8,16,0.008472500275238319,0.008472500275238319
so,W20p0,2,7,0.008349558294156715,0.008349558294156715
so,W30p0,10,9,0.008290408373538139,0.008290408373538139
thetao,W30p0,2,15,0.008065728182454391,0.008065728182454391
so,W30p0,10,1,0.007900444984220639,0.007900444984220639
so,W10p0,9,7,-0.007894804692613515,0.007894804692613515
thetao,W30p0,6,2,-0.007887491167426547,0.007887491167426547
so,W60p0,7,17,-0.0077368502875268695,0.0077368502875268695
so,W10p0,5,9,-0.0074648830494596545,0.0074648830494596545
thetao,W20p0,9,19,-0.007437209354408368,0.007437209354408368
thetao,W40p0,2,7,0.007308633357366979,0.007308633357366979
thetao,W40p0,6,9,0.007295617269520742,0.007295617269520742
thetao,W10p0,4,5,-0.007234511697949222,0.007234511697949222
so,W40p0,10,19,0.007181054046467166,0.007181054046467166
thetao,W20p0,5,13,0.007177477130265057,0.007177477130265057
thetao,W30p0,9,7,0.007132082232998073,0.007132082232998073
thetao,W20p0,7,9,0.0069868868877444425,0.0069868868877444425
so,W20p0,4,13,-0.006952286499837665,0.006952286499837665
thetao,W10p0,2,15,-0.006933580912862177,0.006933580912862177
thetao,W40p0,2,14,-0.006772531058182263,0.006772531058182263
thetao,W60p0,9,19,-0.006748292487643062,0.006748292487643062
so,W40p0,9,8,0.006722314290411604,0.006722314290411604
thetao,W10p0,3,10,0.006687605200166,0.006687605200166
thetao,W60p0,7,5,0.006626475094890061,0.006626475094890061
thetao,W60p0,5,9,-0.006601354981368488,0.006601354981368488
thetao,W30p0,4,9,-0.006475221610983802,0.006475221610983802
so,W60p0,5,11,-0.006446184712377426,0.006446184712377426
thetao,W30p0,2,5,-0.006308963801085085,0.006308963801085085
so,W60p0,2,15,0.006306279484094966,0.006306279484094966
so,W60p0,7,3,-0.006176464568964587,0.006176464568964587
so,W40p0,5,9,-0.006144779877708253,0.006144779877708253
so,W60p0,5,18,0.00610877005621998,0.00610877005621998
so,W10p0,8,10,0.006072613992916502,0.006072613992916502
thetao,W20p0,6,18,-0.006067808466305155,0.006067808466305155
thetao,W30p0,4,10,0.006011513843131114,0.006011513843131114
so,W20p0,7,4,0.005998186587371734,0.005998186587371734
thetao,W60p0,1,2,0.005888609548334298,0.005888609548334298
thetao,W10p0,10,16,0.005875848609273187,0.005875848609273187
so,W30p0,10,11,0.005596262123591282,0.005596262123591282
thetao,W30p0,5,10,0.005570356286638108,0.005570356286638108
thetao,W30p0,9,5,0.00532297882199878,0.00532297882199878
so,W20p0,9,6,-0.005291912072287555,0.005291912072287555
so,W40p0,1,18,-0.00525393916247659,0.00525393916247659
thetao,W10p0,9,10,-0.005121918114659923,0.005121918114659923
thetao,W20p0,10,8,-0.005101943777465072,0.005101943777465072
thetao,W10p0,9,0,-0.005026702049532869,0.005026702049532869
thetao,W20p0,7,7,0.004921895349848398,0.004921895349848398
thetao,W40p0,1,5,0.004669560302166436,0.004669560302166436
so,W40p0,6,20,0.004642632977764126,0.004642632977764126
so,W10p0,3,13,0.004594246481520507,0.004594246481520507
thetao,W40p0,8,3,-0.004494244749806491,0.004494244749806491
thetao,W60p0,2,20,-0.004375145791230844,0.004375145791230844
thetao,W40p0,1,6,-0.004314121135279388,0.004314121135279388
so,W10p0,1,18,0.00417774438460291,0.00417774438460291
so,W30p0,9,13,0.0037710777481812503,0.0037710777481812503
so,W60p0,5,12,-0.0037573548811212477,0.0037573548811212477
so,W10p0,10,19,0.003658429882071075,0.003658429882071075
thetao,W60p0,9,11,0.003605738005130275,0.003605738005130275
so,W20p0,1,0,-0.0036005431289663097,0.0036005431289663097
so,W20p0,9,9,-0.0035228648103655174,0.0035228648103655174
thetao,W40p0,8,2,0.0034540961256078646,0.0034540961256078646
so,W30p0,10,0,-0.003268042361200164,0.003268042361200164
thetao,W10p0,2,1,-0.003241758264652488,0.003241758264652488
thetao,W30p0,2,13,-0.0030124994642065335,0.0030124994642065335
so,W40p0,9,3,-0.0029899123632937817,0.0029899123632937817
so,W30p0,5,10,-0.0029431195057474193,0.0029431195057474193
thetao,W10p0,4,20,0.0028893398088214724,0.0028893398088214724
thetao,W40p0,10,7,0.0027471080316440644,0.0027471080316440644
thetao,W30p0,6,6,-0.0026804804618037305,0.0026804804618037305
thetao,W60p0,1,5,-0.0026509486609905507,0.0026509486609905507
thetao,W20p0,4,13,0.002647034751878664,0.002647034751878664
so,W30p0,1,12,0.0025137073823088317,0.0025137073823088317
thetao,W60p0,5,20,-0.002464461730193783,0.002464461730193783
so,W20p0,10,3,-0.0024506620484962605,0.0024506620484962605
thetao,W20p0,2,19,-0.0023491341459288074,0.0023491341459288074
so,W20p0,2,20,0.0022989728992049508,0.0022989728992049508
so,W20p0,4,14,0.0022551122298521357,0.0022551122298521357
so,W10p0,9,16,0.002246624817440037,0.002246624817440037
thetao,W30p0,10,10,0.0021386590327145544,0.0021386590327145544
thetao,W40p0,5,13,-0.002047685142779902,0.002047685142779902
thetao,W10p0,6,8,0.001841460053518071,0.001841460053518071
thetao,W40p0,3,10,0.0018242686470245147,0.0018242686470245147
so,W30p0,10,13,-0.0017975272872304707,0.0017975272872304707
so,W40p0,9,12,0.0017915992518694867,0.0017915992518694867
thetao,W60p0,3,18,0.0016448982081194382,0.0016448982081194382
thetao,W20p0,10,14,-0.00163770774366117,0.00163770774366117
thetao,W60p0,8,3,0.0015768848089751796,0.0015768848089751796
thetao,W60p0,3,16,0.0015400757253689762,0.0015400757253689762
so,W30p0,8,7,0.001424665642600267,0.001424665642600267
thetao,W20p0,4,5,0.001250425776144844,0.001250425776144844
thetao,W10p0,3,5,-0.0010182621891770517,0.0010182621891770517
thetao,W20p0,9,18,-0.0009913596143340962,0.0009913596143340962
thetao,W20p0,5,12,-0.00086690475266677,0.00086690475266677
thetao,W30p0,9,6,-0.0008336930442758223,0.0008336930442758223
thetao,W30p0,9,20,-0.0008091700801141632,0.0008091700801141632
so,W40p0,9,10,-0.0006493772523957619,0.0006493772523957619
thetao,W40p0,9,13,0.0006312290314718851,0.0006312290314718851
so,W10p0,1,17,-0.00026257757318814723,0.00026257757318814723
so,W30p0,3,10,0.00023313653717135544,0.00023313653717135544
thetao,W10p0,7,14,-0.00021444800606501273,0.00021444800606501273
so,W30p0,10,10,-0.0001563049623103121,0.0001563049623103121
