var,lon_tag,mode,lag,corr,abs_corr
so,W20p0,1,10,-0.653852057471726,0.653852057471726
so,W10p0,1,2,-0.6417896224015311,0.6417896224015311
so,W10p0,1,1,-0.6414348554811893,0.6414348554811893
so,W20p0,1,9,-0.6402233847044981,0.6402233847044981
so,W20p0,1,11,-0.6367534189975866,0.6367534189975866
so,W10p0,1,3,-0.6244030202834587,0.6244030202834587
so,W20p0,1,12,-0.622293149198413,0.622293149198413
so,W10p0,1,0,-0.6214117095911097,0.6214117095911097
so,W30p0,1,11,-0.6198592938556462,0.6198592938556462
so,W30p0,1,10,-0.6197772463977625,0.6197772463977625
so,W20p0,1,13,-0.6179663039506387,0.6179663039506387
thetao,W20p0,2,3,-0.6171775899764297,0.6171775899764297
so,W20p0,1,8,-0.6122168158357649,0.6122168158357649
so,W20p0,1,0,-0.6116389483931731,0.6116389483931731
so,W10p0,1,4,-0.6104343778837352,0.6104343778837352
so,W20p0,1,1,-0.6060724560762618,0.6060724560762618
thetao,W20p0,2,4,-0.6051204673046682,0.6051204673046682
thetao,W20p0,2,5,-0.6029633356601983,0.6029633356601983
so,W20p0,1,14,-0.6026921659926073,0.6026921659926073
so,W10p0,1,12,-0.6006021619358994,0.6006021619358994
so,W10p0,1,5,-0.5989350533099713,0.5989350533099713
so,W10p0,1,11,-0.5986416374859393,0.5986416374859393
so,W10p0,1,13,-0.5884774268666992,0.5884774268666992
so,W20p0,1,7,-0.5883209429799217,0.5883209429799217
so,W20p0,1,6,-0.5873011429159629,0.5873011429159629
so,W10p0,1,6,-0.5862757021614781,0.5862757021614781
so,W10p0,1,10,-0.5847745921993265,0.5847745921993265
so,W20p0,1,2,-0.5843554601789828,0.5843554601789828
so,W10p0,1,9,-0.5829802740034464,0.5829802740034464
so,W20p0,1,5,-0.5824054519826223,0.5824054519826223
thetao,W20p0,2,6,-0.5789353305739559,0.5789353305739559
so,W30p0,1,12,-0.5765864672351474,0.5765864672351474
so,W10p0,1,14,-0.5758494386781817,0.5758494386781817
thetao,W20p0,2,1,-0.5758087337202515,0.5758087337202515
thetao,W20p0,2,14,-0.5757044654666864,0.5757044654666864
so,W20p0,1,3,-0.5753521893978925,0.5753521893978925
so,W20p0,1,4,-0.575082324456549,0.575082324456549
so,W10p0,1,8,-0.5748014953221311,0.5748014953221311
so,W10p0,1,7,-0.5740669155229763,0.5740669155229763
thetao,W20p0,2,2,-0.5732415299228081,0.5732415299228081
so,W20p0,1,15,-0.5711177004146126,0.5711177004146126
thetao,W40p0,2,16,-0.5640106656911354,0.5640106656911354
thetao,W20p0,2,11,-0.5636141178866153,0.5636141178866153
so,W30p0,1,9,-0.5635135917510672,0.5635135917510672
thetao,W20p0,2,15,-0.5575684662603996,0.5575684662603996
thetao,W20p0,2,0,-0.5573387459140091,0.5573387459140091
so,W30p0,1,13,-0.5570614392102693,0.5570614392102693
so,W30p0,1,0,-0.5527514882605576,0.5527514882605576
thetao,W20p0,2,12,-0.5490977545568304,0.5490977545568304
thetao,W10p0,1,11,-0.548769203839198,0.548769203839198
so,W10p0,1,15,-0.544112778262036,0.544112778262036
so,W30p0,1,14,-0.5374230447343955,0.5374230447343955
so,W20p0,1,16,-0.5345974565694859,0.5345974565694859
thetao,W40p0,2,0,-0.5333969300011971,0.5333969300011971
so,W30p0,1,1,-0.5314002232920187,0.5314002232920187
thetao,W20p0,2,10,-0.5300910927218874,0.5300910927218874
thetao,W40p0,2,15,-0.5299635353835898,0.5299635353835898
thetao,W20p0,2,13,-0.5286980792171286,0.5286980792171286
thetao,W40p0,2,1,-0.5286974258987703,0.5286974258987703
thetao,W20p0,2,16,-0.5282693926974223,0.5282693926974223
thetao,W20p0,2,7,-0.5219520901421071,0.5219520901421071
thetao,W10p0,1,14,-0.5191479389021397,0.5191479389021397
so,W30p0,1,2,-0.5134075730345029,0.5134075730345029
so,W30p0,4,20,-0.5095053833234064,0.5095053833234064
thetao,W40p0,2,2,-0.5076292059433776,0.5076292059433776
so,W20p0,1,17,-0.5062101736364983,0.5062101736364983
thetao,W10p0,2,4,-0.5053320061015496,0.5053320061015496
thetao,W20p0,2,9,-0.5014781921301894,0.5014781921301894
so,W10p0,1,16,-0.5005228819155997,0.5005228819155997
so,W30p0,1,3,-0.5002626751033794,0.5002626751033794
so,W30p0,4,19,-0.4993642372970173,0.4993642372970173
so,W30p0,1,8,-0.4978697742553405,0.4978697742553405
thetao,W10p0,1,10,-0.4972520388849026,0.4972520388849026
thetao,W10p0,1,12,-0.4970186938662281,0.4970186938662281
thetao,W40p0,2,17,-0.49477088231776684,0.49477088231776684
thetao,W40p0,2,3,-0.49357180692993247,0.49357180692993247
thetao,W20p0,2,8,-0.49325526093939237,0.49325526093939237
thetao,W60p0,5,19,-0.49314457799205474,0.49314457799205474
thetao,W30p0,2,5,-0.4921474563075251,0.4921474563075251
so,W30p0,1,15,-0.4915745303620438,0.4915745303620438
thetao,W10p0,1,15,-0.48966997015004243,0.48966997015004243
thetao,W10p0,2,5,-0.4885264840739251,0.4885264840739251
so,W20p0,1,18,-0.48732090190863087,0.48732090190863087
thetao,W20p0,2,17,-0.4865630627265163,0.4865630627265163
thetao,W60p0,5,18,-0.4857429214984456,0.4857429214984456
thetao,W10p0,2,3,-0.4847712233867366,0.4847712233867366
thetao,W10p0,1,0,-0.48299282183166525,0.48299282183166525
thetao,W40p0,2,4,-0.48211416792679956,0.48211416792679956
so,W40p0,4,13,-0.479016172588824,0.479016172588824
thetao,W10p0,1,3,-0.4778672443012639,0.4778672443012639
so,W30p0,4,1,-0.4766941166777757,0.4766941166777757
so,W30p0,4,18,-0.4731621421329044,0.4731621421329044
thetao,W40p0,2,14,-0.4730489496505067,0.4730489496505067
so,W30p0,1,16,-0.472254746288415,0.472254746288415
so,W60p0,1,10,-0.47177195080920425,0.47177195080920425
thetao,W10p0,1,13,-0.47132281226022754,0.47132281226022754
so,W40p0,4,14,-0.4698920457323801,0.4698920457323801
thetao,W40p0,2,5,-0.4668864835102855,0.4668864835102855
so,W40p0,1,9,-0.46655475330666585,0.46655475330666585
so,W30p0,1,4,-0.4651159911153928,0.4651159911153928
so,W40p0,1,0,-0.4643333359203031,0.4643333359203031
so,W40p0,1,10,-0.46422592783884703,0.46422592783884703
so,W10p0,1,17,-0.4614215836673198,0.4614215836673198
thetao,W20p0,2,18,-0.4603340073438771,0.4603340073438771
so,W20p0,1,19,-0.45981356248652067,0.45981356248652067
so,W30p0,1,5,-0.4577869082923801,0.4577869082923801
so,W30p0,4,0,-0.45707267130235335,0.45707267130235335
thetao,W10p0,1,1,-0.45542904996150546,0.45542904996150546
thetao,W30p0,2,6,-0.45501716602563047,0.45501716602563047
thetao,W30p0,2,16,-0.45415436036618134,0.45415436036618134
thetao,W10p0,1,16,-0.4537986828662848,0.4537986828662848
so,W30p0,1,17,-0.4531263297883351,0.4531263297883351
thetao,W60p0,5,0,-0.4519227348789269,0.4519227348789269
thetao,W30p0,2,4,-0.4500197456306656,0.4500197456306656
so,W60p0,1,11,-0.44848016946471897,0.44848016946471897
thetao,W30p0,2,15,-0.44802387260545906,0.44802387260545906
so,W40p0,1,1,-0.4469975054791019,0.4469975054791019
so,W30p0,4,2,-0.4462467521993866,0.4462467521993866
so,W30p0,1,7,-0.44508386566840225,0.44508386566840225
thetao,W40p0,9,10,0.44407476113211763,0.44407476113211763
so,W30p0,4,17,-0.4435691206126304,0.4435691206126304
thetao,W10p0,1,2,-0.4431349730659601,0.4431349730659601
thetao,W10p0,2,2,-0.4418534466328362,0.4418534466328362
so,W30p0,1,6,-0.4356357364365342,0.4356357364365342
thetao,W30p0,2,3,-0.4354047314847149,0.4354047314847149
thetao,W60p0,5,17,-0.4353235669890898,0.4353235669890898
so,W10p0,1,18,-0.4338740096410084,0.4338740096410084
so,W60p0,1,12,-0.43170911212944507,0.43170911212944507
thetao,W30p0,5,0,-0.4307615337383402,0.4307615337383402
thetao,W10p0,1,17,-0.43064173221115903,0.43064173221115903
thetao,W30p0,5,1,-0.42996358912139465,0.42996358912139465
thetao,W20p0,2,19,-0.42978860574813216,0.42978860574813216
thetao,W40p0,2,6,-0.4291274873360875,0.4291274873360875
so,W40p0,1,8,-0.42809326319180674,0.42809326319180674
thetao,W60p0,5,20,-0.4258058640449871,0.4258058640449871
so,W40p0,1,2,-0.42423736510980636,0.42423736510980636
so,W40p0,1,3,-0.42402008606720437,0.42402008606720437
thetao,W30p0,3,20,-0.42353528164040083,0.42353528164040083
so,W60p0,1,0,-0.42191282259552015,0.42191282259552015
so,W60p0,1,9,-0.4215213543577664,0.4215213543577664
so,W30p0,1,18,-0.4213399646800702,0.4213399646800702
thetao,W10p0,1,4,-0.4195476196343481,0.4195476196343481
so,W20p0,1,20,-0.41831026148099343,0.41831026148099343
thetao,W20p0,9,12,-0.4172416792364635,0.4172416792364635
thetao,W40p0,2,13,-0.4168621973079975,0.4168621973079975
thetao,W40p0,2,18,-0.41657820968362846,0.41657820968362846
so,W10p0,1,19,-0.4164549686535619,0.4164549686535619
thetao,W30p0,5,2,-0.41510281720165954,0.41510281720165954
so,W20p0,3,14,0.4148621968866921,0.4148621968866921
thetao,W20p0,9,13,-0.4147178602230843,0.4147178602230843
so,W20p0,3,13,0.41222793523556306,0.41222793523556306
thetao,W30p0,2,7,-0.4088948973168739,0.4088948973168739
thetao,W10p0,2,6,-0.4075588708041351,0.4075588708041351
thetao,W30p0,2,14,-0.4065421102105214,0.4065421102105214
so,W40p0,1,7,-0.4052870425890073,0.4052870425890073
thetao,W10p0,1,9,-0.40501915216398926,0.40501915216398926
thetao,W40p0,9,11,0.4043326874625203,0.4043326874625203
thetao,W10p0,1,19,-0.4022506376502393,0.4022506376502393
so,W40p0,1,6,-0.4018025714796782,0.4018025714796782
thetao,W20p0,2,20,-0.4013684533391992,0.4013684533391992
thetao,W10p0,1,6,-0.4009506014434465,0.4009506014434465
thetao,W30p0,2,9,-0.4002184737144908,0.4002184737144908
thetao,W20p0,9,11,-0.39960481816286947,0.39960481816286947
so,W40p0,1,4,-0.39902657521612206,0.39902657521612206
thetao,W10p0,1,18,-0.39890222486812493,0.39890222486812493
thetao,W30p0,2,8,-0.3980886839472578,0.3980886839472578
so,W40p0,1,11,-0.396877351374189,0.396877351374189
thetao,W60p0,5,16,-0.39526094286816615,0.39526094286816615
thetao,W30p0,2,11,-0.3940924142039907,0.3940924142039907
thetao,W30p0,2,2,-0.3910199484404594,0.3910199484404594
thetao,W30p0,3,19,-0.3897710950554462,0.3897710950554462
so,W40p0,2,1,-0.38927044430454927,0.38927044430454927
so,W10p0,1,20,-0.3890737270726511,0.3890737270726511
thetao,W30p0,2,10,-0.38885287739415614,0.38885287739415614
thetao,W40p0,9,0,0.3880183058091261,0.3880183058091261
thetao,W30p0,2,17,-0.3878116083797144,0.3878116083797144
so,W30p0,4,3,-0.3868662410339604,0.3868662410339604
thetao,W40p0,9,12,0.3866171378864972,0.3866171378864972
so,W20p0,3,12,0.3864798148105902,0.3864798148105902
thetao,W10p0,9,15,-0.38615757296571424,0.38615757296571424
thetao,W30p0,5,4,-0.38550770929497813,0.38550770929497813
thetao,W60p0,5,1,-0.38413523122905757,0.38413523122905757
so,W60p0,5,1,0.3835633268389839,0.3835633268389839
so,W60p0,5,0,0.38349632997215327,0.38349632997215327
so,W40p0,2,3,-0.38315647413840287,0.38315647413840287
thetao,W30p0,4,2,0.38265735120281996,0.38265735120281996
so,W40p0,2,2,-0.38235259122484305,0.38235259122484305
thetao,W10p0,1,5,-0.38227827777943296,0.38227827777943296
so,W30p0,4,16,-0.3821073852229685,0.3821073852229685
thetao,W30p0,2,1,-0.37996086667828016,0.37996086667828016
so,W40p0,1,5,-0.37901766747534793,0.37901766747534793
thetao,W10p0,9,16,-0.3780214354108553,0.3780214354108553
so,W40p0,4,15,-0.3777517191764453,0.3777517191764453
so,W30p0,4,15,-0.37752765203465255,0.37752765203465255
so,W60p0,1,1,-0.377315168756207,0.377315168756207
thetao,W30p0,2,12,-0.3769116882356208,0.3769116882356208
so,W30p0,4,14,-0.37676148404287935,0.37676148404287935
thetao,W20p0,9,14,-0.37572425712399127,0.37572425712399127
thetao,W30p0,2,0,-0.37510358778663794,0.37510358778663794
thetao,W30p0,5,3,-0.3748576803295125,0.3748576803295125
so,W40p0,2,0,-0.37427047691188814,0.37427047691188814
thetao,W40p0,2,11,-0.37360077105743017,0.37360077105743017
so,W60p0,10,18,0.3725693004943319,0.3725693004943319
so,W40p0,9,17,-0.3724850993345953,0.3724850993345953
so,W30p0,2,5,0.37214011589072354,0.37214011589072354
thetao,W40p0,9,13,0.37106074352459073,0.37106074352459073
thetao,W40p0,8,14,0.37065118397021757,0.37065118397021757
so,W20p0,3,15,0.3706506824574486,0.3706506824574486
thetao,W60p0,5,14,-0.37001995362063367,0.37001995362063367
so,W60p0,1,13,-0.3698947256064544,0.3698947256064544
thetao,W40p0,9,9,0.36903236241401155,0.36903236241401155
so,W40p0,4,12,-0.36833017068983914,0.36833017068983914
thetao,W30p0,4,1,0.36799552313274453,0.36799552313274453
so,W40p0,9,18,-0.3679665492803926,0.3679665492803926
so,W30p0,1,19,-0.3672874816196312,0.3672874816196312
thetao,W20p0,9,10,-0.3655117572807002,0.3655117572807002
thetao,W40p0,8,12,0.3651606533471892,0.3651606533471892
thetao,W40p0,8,19,0.36456457601473824,0.36456457601473824
so,W10p0,9,0,0.36398960161100113,0.36398960161100113
thetao,W40p0,2,12,-0.36330537509646654,0.36330537509646654
so,W20p0,3,11,0.363231394273162,0.363231394273162
thetao,W60p0,5,15,-0.3625397391892401,0.3625397391892401
thetao,W10p0,1,7,-0.3624659333813903,0.3624659333813903
thetao,W40p0,8,18,0.36229412326733423,0.36229412326733423
thetao,W10p0,2,1,-0.36223993527593884,0.36223993527593884
so,W40p0,9,19,-0.36218570657772486,0.36218570657772486
thetao,W30p0,3,18,-0.3618784351475056,0.3618784351475056
thetao,W40p0,8,16,0.36162871560922194,0.36162871560922194
thetao,W40p0,2,10,-0.3596608840109142,0.3596608840109142
thetao,W60p0,5,13,-0.35925042973935706,0.35925042973935706
so,W40p0,7,16,0.3584563681833512,0.3584563681833512
thetao,W20p0,7,7,0.35827511216567937,0.35827511216567937
so,W10p0,9,9,0.35789421660085946,0.35789421660085946
thetao,W10p0,1,8,-0.35775952670786626,0.35775952670786626
so,W40p0,4,11,-0.35751440310521704,0.35751440310521704
thetao,W40p0,8,15,0.35692038011615307,0.35692038011615307
so,W60p0,10,19,0.35666474059917963,0.35666474059917963
thetao,W60p0,6,8,0.3563199626934228,0.3563199626934228
thetao,W60p0,1,0,-0.35572333403045087,0.35572333403045087
thetao,W40p0,8,17,0.35511314710639197,0.35511314710639197
so,W30p0,2,6,0.3547386286331785,0.3547386286331785
thetao,W40p0,2,19,-0.3545630681129092,0.3545630681129092
thetao,W30p0,2,13,-0.3527973987489743,0.3527973987489743
thetao,W10p0,2,7,-0.3516024874948897,0.3516024874948897
so,W20p0,3,10,0.3515743730552827,0.3515743730552827
so,W10p0,9,1,0.3514761365547507,0.3514761365547507
thetao,W40p0,6,20,-0.3507459287120587,0.3507459287120587
so,W60p0,10,17,0.35039551208154174,0.35039551208154174
so,W40p0,2,20,-0.34719488455148556,0.34719488455148556
thetao,W60p0,6,9,0.346442342642962,0.346442342642962
so,W30p0,4,13,-0.3459889622404857,0.3459889622404857
thetao,W10p0,1,20,-0.3459076804159704,0.3459076804159704
so,W40p0,2,16,-0.34486089683173526,0.34486089683173526
so,W60p0,1,8,-0.3431012196425264,0.3431012196425264
thetao,W30p0,4,3,0.3429804860199849,0.3429804860199849
thetao,W60p0,1,10,-0.34283630166676327,0.34283630166676327
so,W40p0,9,20,-0.342367864218285,0.342367864218285
so,W60p0,1,2,-0.3418166912220964,0.3418166912220964
thetao,W10p0,4,0,-0.3417358570637804,0.3417358570637804
thetao,W20p0,9,15,-0.34159775371287604,0.34159775371287604
thetao,W40p0,8,13,0.34147757693067665,0.34147757693067665
thetao,W20p0,7,5,0.34045924105080355,0.34045924105080355
thetao,W20p0,7,2,0.34007374107969485,0.34007374107969485
thetao,W20p0,7,6,0.33981305957949254,0.33981305957949254
thetao,W60p0,1,11,-0.339793243996668,0.339793243996668
so,W10p0,9,10,0.3394714041271775,0.3394714041271775
so,W60p0,5,20,0.33922792562957393,0.33922792562957393
thetao,W40p0,8,11,0.3385444721765621,0.3385444721765621
thetao,W30p0,5,5,-0.33690564083725566,0.33690564083725566
so,W20p0,2,4,-0.3368427938605449,0.3368427938605449
so,W10p0,9,8,0.33657430920723475,0.33657430920723475
so,W60p0,5,2,0.33583731602755784,0.33583731602755784
so,W40p0,2,17,-0.33581302155579196,0.33581302155579196
thetao,W40p0,2,7,-0.33578459154824986,0.33578459154824986
thetao,W30p0,2,18,-0.33484402936972724,0.33484402936972724
thetao,W40p0,2,20,-0.33427534139225606,0.33427534139225606
thetao,W30p0,4,20,0.334274324403724,0.334274324403724
thetao,W20p0,7,3,0.3331131644627634,0.3331131644627634
so,W60p0,7,6,0.3321833946260282,0.3321833946260282
thetao,W60p0,6,6,0.3310734577580419,0.3310734577580419
so,W60p0,9,8,-0.33078341889547164,0.33078341889547164
so,W60p0,10,20,0.3305465404019031,0.3305465404019031
thetao,W40p0,5,0,-0.3303743129751924,0.3303743129751924
so,W40p0,4,0,-0.3299927540985279,0.3299927540985279
so,W40p0,2,4,-0.32987017428254145,0.32987017428254145
so,W60p0,4,10,0.3295520870849461,0.3295520870849461
thetao,W30p0,1,11,-0.3295516523069774,0.3295516523069774
so,W30p0,2,7,0.32859280284218406,0.32859280284218406
thetao,W60p0,8,13,0.3283480397315238,0.3283480397315238
so,W20p0,3,9,0.32793609410646357,0.32793609410646357
so,W30p0,1,20,-0.32785752480498986,0.32785752480498986
thetao,W10p0,9,17,-0.3272334717891379,0.3272334717891379
so,W20p0,4,20,-0.32675610156909035,0.32675610156909035
so,W20p0,3,16,0.32673745681601246,0.32673745681601246
thetao,W10p0,9,14,-0.3257807925680915,0.3257807925680915
so,W30p0,4,4,-0.32557145033104906,0.32557145033104906
thetao,W60p0,8,12,0.32483969753895614,0.32483969753895614
thetao,W20p0,7,1,0.3238252945144037,0.3238252945144037
so,W40p0,10,17,0.32220228422278296,0.32220228422278296
so,W30p0,2,8,0.3221245395832521,0.3221245395832521
so,W20p0,2,5,-0.3218483982322087,0.3218483982322087
thetao,W30p0,5,7,-0.3217772769615322,0.3217772769615322
thetao,W40p0,9,1,0.3211422874979862,0.3211422874979862
so,W60p0,4,9,0.3200895442234997,0.3200895442234997
so,W10p0,10,13,-0.31971225149206645,0.31971225149206645
thetao,W60p0,1,12,-0.3187164092663978,0.3187164092663978
so,W30p0,7,4,-0.3185729006724933,0.3185729006724933
thetao,W40p0,9,2,0.31808889065140733,0.31808889065140733
thetao,W60p0,5,2,-0.31806110873397797,0.31806110873397797
thetao,W60p0,6,7,0.31803280988594396,0.31803280988594396
thetao,W40p0,5,14,-0.3172598166134552,0.3172598166134552
so,W20p0,6,4,-0.3169458152138004,0.3169458152138004
thetao,W30p0,6,7,-0.31670424168147776,0.31670424168147776
thetao,W60p0,2,4,0.3165696830464672,0.3165696830464672
thetao,W40p0,2,9,-0.3164556972350165,0.3164556972350165
thetao,W20p0,7,4,0.31633135540504104,0.31633135540504104
so,W30p0,4,11,-0.31561099514668206,0.31561099514668206
so,W40p0,2,18,-0.3151068625721721,0.3151068625721721
so,W40p0,1,12,-0.31301255868477745,0.31301255868477745
thetao,W30p0,5,6,-0.3128999986757276,0.3128999986757276
thetao,W60p0,9,3,0.312813045224678,0.312813045224678
thetao,W30p0,5,8,-0.3127071666186195,0.3127071666186195
thetao,W60p0,1,1,-0.31253776253610005,0.31253776253610005
so,W60p0,7,7,0.31157127288244135,0.31157127288244135
thetao,W30p0,5,12,-0.3110758781260649,0.3110758781260649
so,W10p0,10,14,-0.31071116693607187,0.31071116693607187
thetao,W10p0,4,1,-0.31068627343495697,0.31068627343495697
so,W40p0,9,16,-0.3105985221556887,0.3105985221556887
so,W20p0,2,3,-0.31054545319269805,0.31054545319269805
so,W30p0,2,4,0.31052229124645503,0.31052229124645503
so,W60p0,7,8,0.31032703762261127,0.31032703762261127
so,W40p0,2,15,-0.31027635797496683,0.31027635797496683
thetao,W10p0,9,6,-0.3096131962810295,0.3096131962810295
so,W10p0,9,2,0.3091106679466827,0.3091106679466827
thetao,W30p0,4,0,0.30878682921899336,0.30878682921899336
thetao,W30p0,3,17,-0.3080428059072796,0.3080428059072796
so,W40p0,4,16,-0.3078594938759745,0.3078594938759745
so,W30p0,2,9,0.3073165310599845,0.3073165310599845
so,W60p0,5,3,0.30625465545295977,0.30625465545295977
thetao,W30p0,1,13,-0.30553428708564556,0.30553428708564556
so,W30p0,4,12,-0.30502124117713364,0.30502124117713364
so,W40p0,2,19,-0.30497851447474256,0.30497851447474256
so,W60p0,10,16,0.3049555808332561,0.3049555808332561
thetao,W60p0,7,20,0.30465020257725955,0.30465020257725955
so,W60p0,7,5,0.3040292600375227,0.3040292600375227
thetao,W60p0,4,2,0.3036489668883863,0.3036489668883863
so,W40p0,10,18,0.30361057502278826,0.30361057502278826
so,W10p0,9,3,0.30315444638120015,0.30315444638120015
thetao,W30p0,1,12,-0.302835516958392,0.302835516958392
thetao,W10p0,6,18,0.3028301419456251,0.3028301419456251
thetao,W30p0,9,17,0.3014325434976549,0.3014325434976549
thetao,W20p0,9,9,-0.3011418562078539,0.3011418562078539
thetao,W30p0,4,19,0.3010303821825463,0.3010303821825463
thetao,W30p0,6,6,-0.300721558722106,0.300721558722106
so,W40p0,10,16,0.3006700824672137,0.3006700824672137
thetao,W30p0,1,10,-0.3004158729701286,0.3004158729701286
so,W60p0,1,3,-0.2984422934634395,0.2984422934634395
thetao,W30p0,9,16,0.2970315475529163,0.2970315475529163
so,W40p0,7,17,0.29702056370053603,0.29702056370053603
thetao,W60p0,7,17,0.2967916688536881,0.2967916688536881
so,W40p0,7,15,0.2964564455781882,0.2964564455781882
thetao,W60p0,2,5,0.296248160255385,0.296248160255385
thetao,W40p0,8,20,0.29620866463633455,0.29620866463633455
thetao,W30p0,8,20,-0.29615315545418325,0.29615315545418325
so,W20p0,4,19,-0.29583852150506285,0.29583852150506285
thetao,W10p0,9,13,-0.29557810900537296,0.29557810900537296
thetao,W10p0,9,7,-0.2952095000904943,0.2952095000904943
so,W60p0,7,9,0.29501168554707236,0.29501168554707236
thetao,W60p0,5,12,-0.2941828034546252,0.2941828034546252
thetao,W60p0,9,9,0.29405480813704254,0.29405480813704254
thetao,W30p0,5,9,-0.2927328855437016,0.2927328855437016
thetao,W20p0,7,0,0.2924403477707645,0.2924403477707645
so,W30p0,7,3,-0.2921164577296488,0.2921164577296488
thetao,W20p0,7,8,0.29205347094304424,0.29205347094304424
so,W60p0,5,4,0.2913680908517604,0.2913680908517604
thetao,W60p0,2,3,0.29091555741396513,0.29091555741396513
so,W10p0,10,6,-0.2907106781675341,0.2907106781675341
so,W20p0,6,5,-0.2896191419539167,0.2896191419539167
thetao,W60p0,8,11,0.2892905332901277,0.2892905332901277
thetao,W30p0,8,19,-0.28832853618322,0.28832853618322
thetao,W10p0,2,8,-0.28780755768355093,0.28780755768355093
thetao,W60p0,7,19,0.2876513267716388,0.2876513267716388
thetao,W60p0,8,14,0.28690632774107644,0.28690632774107644
thetao,W30p0,6,5,-0.2866210440178352,0.2866210440178352
so,W40p0,2,11,-0.2863924237680864,0.2863924237680864
so,W40p0,4,17,-0.2863652474027413,0.2863652474027413
thetao,W60p0,1,9,-0.28594686699303407,0.28594686699303407
thetao,W60p0,4,1,0.2854344593390318,0.2854344593390318
thetao,W60p0,9,2,0.28493126200738167,0.28493126200738167
so,W10p0,9,20,0.2848792784631671,0.2848792784631671
so,W40p0,4,10,-0.2844032732502014,0.2844032732502014
so,W20p0,6,3,-0.2832468880198343,0.2832468880198343
so,W60p0,4,16,0.28261373058853967,0.28261373058853967
so,W20p0,3,17,0.28253071520332956,0.28253071520332956
thetao,W60p0,6,5,0.2825241873659845,0.2825241873659845
thetao,W40p0,5,1,-0.2825100498564496,0.2825100498564496
thetao,W60p0,9,10,0.2822740663255574,0.2822740663255574
so,W30p0,2,15,0.28222253225349053,0.28222253225349053
thetao,W30p0,5,13,-0.2818897416434279,0.2818897416434279
thetao,W40p0,9,3,0.2813938556518157,0.2813938556518157
thetao,W20p0,9,16,-0.28127608353452094,0.28127608353452094
thetao,W40p0,5,4,-0.281240316013879,0.281240316013879
thetao,W40p0,5,13,-0.2810388040709014,0.2810388040709014
thetao,W60p0,7,18,0.28101009537310434,0.28101009537310434
thetao,W10p0,6,17,0.2808808716039473,0.2808808716039473
thetao,W60p0,4,0,0.28079560641235346,0.28079560641235346
thetao,W40p0,9,8,0.280531647360262,0.280531647360262
so,W60p0,9,7,-0.27965544370327955,0.27965544370327955
so,W40p0,1,16,-0.279602693445136,0.279602693445136
so,W20p0,4,1,-0.2787516492707198,0.2787516492707198
so,W10p0,10,5,-0.2785639344693869,0.2785639344693869
so,W40p0,4,18,-0.27844567311340535,0.27844567311340535
thetao,W40p0,2,8,-0.27838677421641245,0.27838677421641245
thetao,W10p0,2,20,-0.2776914779967599,0.2776914779967599
so,W60p0,1,7,-0.27758000417589423,0.27758000417589423
thetao,W40p0,8,10,0.27738094401897306,0.27738094401897306
thetao,W40p0,5,3,-0.2767595160295004,0.2767595160295004
so,W10p0,9,7,0.27637853081257063,0.27637853081257063
thetao,W10p0,4,4,-0.27562783570740806,0.27562783570740806
thetao,W60p0,8,9,0.2752948474213337,0.2752948474213337
thetao,W10p0,6,19,0.2746963740155692,0.2746963740155692
so,W40p0,2,14,-0.2739728262056067,0.2739728262056067
thetao,W60p0,9,4,0.2736781880254092,0.2736781880254092
thetao,W30p0,4,18,0.2734256499611656,0.2734256499611656
thetao,W40p0,5,2,-0.27338966086781363,0.27338966086781363
so,W60p0,5,19,0.27294886343727104,0.27294886343727104
thetao,W40p0,5,5,-0.2723975983031116,0.2723975983031116
so,W40p0,2,13,-0.27212568298758144,0.27212568298758144
so,W60p0,4,11,0.27173762908793736,0.27173762908793736
thetao,W60p0,6,10,0.2717287528646098,0.2717287528646098
so,W20p0,6,12,-0.2714681177968035,0.2714681177968035
so,W40p0,9,9,-0.27131075013053607,0.27131075013053607
so,W10p0,9,4,0.2712029604532553,0.2712029604532553
so,W40p0,4,20,-0.2709841533056542,0.2709841533056542
so,W60p0,7,4,0.2709252915302352,0.2709252915302352
thetao,W60p0,8,10,0.27092306043170106,0.27092306043170106
so,W20p0,3,8,0.2699071620828469,0.2699071620828469
so,W30p0,4,5,-0.26971894155995313,0.26971894155995313
so,W60p0,7,1,0.268671084970175,0.268671084970175
so,W20p0,6,2,-0.26809329898551904,0.26809329898551904
so,W40p0,2,5,-0.2676605523631569,0.2676605523631569
so,W40p0,10,20,0.2675885075758842,0.2675885075758842
so,W30p0,2,3,0.2673469098742945,0.2673469098742945
so,W40p0,3,10,0.26728870346748723,0.26728870346748723
thetao,W60p0,9,20,0.26726062933532624,0.26726062933532624
so,W20p0,6,11,-0.26717693541070486,0.26717693541070486
thetao,W10p0,4,2,-0.26699206812053067,0.26699206812053067
so,W30p0,10,15,0.2667169998665061,0.2667169998665061
so,W60p0,9,9,-0.2664145778890849,0.2664145778890849
thetao,W10p0,2,0,-0.2657976865661562,0.2657976865661562
so,W60p0,7,3,0.2656008912494345,0.2656008912494345
so,W40p0,6,5,0.2655527725122742,0.2655527725122742
thetao,W40p0,6,18,-0.26549013416461353,0.26549013416461353
thetao,W40p0,6,19,-0.2654361670053873,0.2654361670053873
so,W20p0,4,2,-0.26522421277110003,0.26522421277110003
thetao,W20p0,5,0,0.2650634352040511,0.2650634352040511
thetao,W30p0,6,8,-0.26504496072731865,0.26504496072731865
so,W40p0,5,9,-0.2649188786174236,0.2649188786174236
thetao,W20p0,9,17,-0.2647938746234052,0.2647938746234052
thetao,W60p0,7,16,0.264643857878933,0.264643857878933
so,W30p0,2,14,0.26458722134380147,0.26458722134380147
so,W40p0,10,19,0.26452280867767713,0.26452280867767713
so,W40p0,7,18,0.2636576373816037,0.2636576373816037
so,W40p0,2,10,-0.26358080337606826,0.26358080337606826
thetao,W30p0,6,4,-0.26333038866840086,0.26333038866840086
thetao,W60p0,1,13,-0.26278440531536723,0.26278440531536723
thetao,W10p0,2,18,-0.26269947919381553,0.26269947919381553
so,W20p0,4,0,-0.2626631100255483,0.2626631100255483
so,W40p0,4,19,-0.2625955552928076,0.2625955552928076
so,W60p0,2,14,0.26248216025822796,0.26248216025822796
thetao,W30p0,4,4,0.2623685688614006,0.2623685688614006
so,W40p0,1,15,-0.26223650905481444,0.26223650905481444
so,W30p0,6,11,0.26222795758654976,0.26222795758654976
so,W60p0,7,16,0.26196524841560453,0.26196524841560453
thetao,W10p0,2,19,-0.26186787492798563,0.26186787492798563
so,W30p0,2,10,0.2615571093698344,0.2615571093698344
thetao,W30p0,8,18,-0.26118692753520845,0.26118692753520845
thetao,W10p0,9,5,-0.2610250127630597,0.2610250127630597
so,W40p0,9,10,-0.2610213311046975,0.2610213311046975
so,W60p0,7,0,0.26083308799848864,0.26083308799848864
thetao,W20p0,6,14,0.26054417058449664,0.26054417058449664
so,W60p0,5,18,0.25995711378344877,0.25995711378344877
so,W20p0,7,3,-0.25938672955041703,0.25938672955041703
so,W40p0,4,1,-0.25916279424600236,0.25916279424600236
thetao,W60p0,5,5,-0.258786683337633,0.258786683337633
so,W30p0,2,16,0.25837274637240587,0.25837274637240587
thetao,W60p0,9,17,0.2583691796485236,0.2583691796485236
so,W40p0,9,12,-0.25829854563875543,0.25829854563875543
so,W10p0,10,12,-0.25823553318616504,0.25823553318616504
thetao,W10p0,10,14,-0.2579224552332834,0.2579224552332834
thetao,W60p0,1,2,-0.2575966688942679,0.2575966688942679
thetao,W20p0,10,17,0.2575683129240228,0.2575683129240228
so,W60p0,7,10,0.25737168989517906,0.25737168989517906
thetao,W60p0,8,15,0.25734159058651906,0.25734159058651906
thetao,W60p0,9,0,0.2571747566802972,0.2571747566802972
so,W10p0,5,1,0.2563122847952304,0.2563122847952304
thetao,W60p0,8,16,0.255944310954831,0.255944310954831
thetao,W10p0,6,10,0.25582767182677874,0.25582767182677874
so,W10p0,9,19,0.25562058895420936,0.25562058895420936
thetao,W30p0,4,17,0.2555769676650385,0.2555769676650385
so,W60p0,1,14,-0.25507180758202475,0.25507180758202475
so,W20p0,7,0,-0.2550285941935472,0.2550285941935472
so,W30p0,9,16,-0.2548168629415099,0.2548168629415099
thetao,W20p0,6,10,0.2547662574298236,0.2547662574298236
so,W60p0,4,17,0.25455697067369376,0.25455697067369376
so,W30p0,4,6,-0.25453642218749606,0.25453642218749606
so,W20p0,4,18,-0.2541954204638784,0.2541954204638784
so,W60p0,10,15,0.253302971927867,0.253302971927867
thetao,W60p0,9,8,0.2532570138787627,0.2532570138787627
so,W10p0,5,2,0.25317297918612974,0.25317297918612974
so,W10p0,10,15,-0.25315704615397605,0.25315704615397605
so,W40p0,6,8,0.2531393501017052,0.2531393501017052
so,W40p0,1,13,-0.25298188810539873,0.25298188810539873
thetao,W20p0,7,19,0.2526514033587472,0.2526514033587472
so,W60p0,1,6,-0.2526503582319413,0.2526503582319413
so,W30p0,6,10,0.2524580332609718,0.2524580332609718
thetao,W60p0,6,4,0.2520397447941821,0.2520397447941821
so,W30p0,7,2,-0.25187739656826347,0.25187739656826347
so,W20p0,4,14,-0.2518253611578166,0.2518253611578166
thetao,W60p0,2,16,0.2517284110248535,0.2517284110248535
so,W60p0,7,15,0.25171177736810085,0.25171177736810085
so,W60p0,1,4,-0.2516808417497361,0.2516808417497361
thetao,W60p0,9,15,0.2513583071526596,0.2513583071526596
thetao,W10p0,2,9,-0.2512260660508131,0.2512260660508131
so,W20p0,2,6,-0.2512114915346315,0.2512114915346315
thetao,W30p0,1,14,-0.25100953197329373,0.25100953197329373
so,W60p0,9,3,-0.2507740717948616,0.2507740717948616
thetao,W60p0,4,3,0.2504463187805431,0.2504463187805431
thetao,W10p0,9,8,-0.25043601831747764,0.25043601831747764
so,W60p0,5,5,0.250295485683017,0.250295485683017
thetao,W30p0,2,19,-0.2501792179832358,0.2501792179832358
so,W30p0,10,14,0.2500902129853451,0.2500902129853451
so,W30p0,8,17,0.24971606976951977,0.24971606976951977
thetao,W20p0,7,9,0.24916776491474912,0.24916776491474912
so,W40p0,4,2,-0.2491429857595362,0.2491429857595362
so,W20p0,7,1,-0.24742079536675554,0.24742079536675554
so,W10p0,9,11,0.24737110360555908,0.24737110360555908
thetao,W60p0,4,20,0.2471264048649674,0.2471264048649674
so,W30p0,3,13,0.24686514939910045,0.24686514939910045
so,W60p0,5,12,0.24656009873485912,0.24656009873485912
thetao,W10p0,5,10,0.2463717227889216,0.2463717227889216
thetao,W10p0,2,14,-0.2462312336857159,0.2462312336857159
thetao,W10p0,2,15,-0.24621777787023758,0.24621777787023758
so,W30p0,4,10,-0.24551624230701313,0.24551624230701313
thetao,W10p0,9,12,-0.24539463933155087,0.24539463933155087
thetao,W20p0,10,18,0.2452635795679402,0.2452635795679402
thetao,W10p0,9,18,-0.24513257952936285,0.24513257952936285
so,W20p0,3,18,0.24512013805993485,0.24512013805993485
thetao,W60p0,5,3,-0.24511642914292586,0.24511642914292586
thetao,W60p0,6,1,0.2450526968502949,0.2450526968502949
so,W30p0,9,17,-0.24487655078873005,0.24487655078873005
so,W10p0,9,5,0.2448383785996007,0.2448383785996007
thetao,W60p0,9,1,0.24482330069086386,0.24482330069086386
so,W60p0,9,2,-0.24467562375221402,0.24467562375221402
so,W30p0,7,1,-0.24456240674556531,0.24456240674556531
thetao,W10p0,6,11,0.24452074220351697,0.24452074220351697
so,W20p0,6,6,-0.2441320508483907,0.2441320508483907
thetao,W10p0,5,9,0.24410174418443012,0.24410174418443012
so,W20p0,2,2,-0.2440361953927205,0.2440361953927205
thetao,W20p0,7,10,0.2435668357152742,0.2435668357152742
so,W40p0,2,12,-0.2424882983896247,0.2424882983896247
thetao,W20p0,3,7,-0.2418848061878538,0.2418848061878538
thetao,W40p0,1,9,-0.24186449413536013,0.24186449413536013
so,W60p0,1,5,-0.24162845076246395,0.24162845076246395
so,W40p0,2,6,-0.2411733063661997,0.2411733063661997
thetao,W10p0,2,17,-0.24086109127969474,0.24086109127969474
so,W60p0,4,18,0.24031540454369163,0.24031540454369163
so,W40p0,9,8,-0.23980642856690934,0.23980642856690934
thetao,W20p0,5,1,0.23972563286957624,0.23972563286957624
thetao,W60p0,9,18,0.23954194457978972,0.23954194457978972
thetao,W60p0,5,6,-0.23896845201537348,0.23896845201537348
so,W60p0,7,2,0.23887833737446665,0.23887833737446665
thetao,W10p0,4,5,-0.23884734993973095,0.23884734993973095
so,W40p0,9,15,-0.2387438737325148,0.2387438737325148
so,W20p0,4,3,-0.23871712968340453,0.23871712968340453
so,W30p0,3,10,0.23870485425578744,0.23870485425578744
so,W20p0,7,4,-0.23864988999290948,0.23864988999290948
thetao,W10p0,5,8,0.23853228785214287,0.23853228785214287
thetao,W40p0,5,15,-0.2385151271359354,0.2385151271359354
so,W30p0,8,18,0.238486397409066,0.238486397409066
thetao,W60p0,2,2,0.23816593648798814,0.23816593648798814
thetao,W10p0,5,11,0.23748673557916106,0.23748673557916106
thetao,W20p0,3,8,-0.23740958475802357,0.23740958475802357
so,W60p0,9,6,-0.23733010437588317,0.23733010437588317
thetao,W20p0,8,18,-0.23715795675022264,0.23715795675022264
thetao,W30p0,4,6,0.23694640285260635,0.23694640285260635
thetao,W60p0,2,6,0.236706727725337,0.236706727725337
thetao,W10p0,6,12,0.23651518898467927,0.23651518898467927
so,W40p0,6,4,0.2364345535833607,0.2364345535833607
thetao,W60p0,1,3,-0.23630952863081633,0.23630952863081633
thetao,W60p0,6,11,0.23562616706394557,0.23562616706394557
so,W20p0,4,13,-0.23556505664042596,0.23556505664042596
thetao,W20p0,1,18,-0.23538650415328152,0.23538650415328152
so,W40p0,9,11,-0.2350349679454716,0.2350349679454716
so,W40p0,4,5,-0.23486139639432135,0.23486139639432135
thetao,W60p0,5,4,-0.2348390631934076,0.2348390631934076
so,W20p0,6,20,-0.2347483630285687,0.2347483630285687
thetao,W60p0,8,8,0.23424170871857533,0.23424170871857533
thetao,W30p0,9,18,0.23375604324060031,0.23375604324060031
so,W40p0,1,17,-0.23330836428837012,0.23330836428837012
thetao,W20p0,3,6,-0.2328666873942099,0.2328666873942099
so,W40p0,6,7,0.23272043073705598,0.23272043073705598
so,W30p0,3,9,0.23251552395175834,0.23251552395175834
thetao,W10p0,3,2,-0.23222459983082014,0.23222459983082014
so,W60p0,2,13,0.23198915422340488,0.23198915422340488
thetao,W30p0,9,19,0.23165762451597285,0.23165762451597285
thetao,W60p0,2,9,0.2316556844342944,0.2316556844342944
thetao,W30p0,1,0,-0.23152702177890283,0.23152702177890283
so,W60p0,5,11,0.23152292149310855,0.23152292149310855
so,W30p0,2,11,0.23138516549615015,0.23138516549615015
thetao,W60p0,2,15,0.23122458554047046,0.23122458554047046
so,W40p0,4,6,-0.23072391209143447,0.23072391209143447
thetao,W30p0,5,10,-0.2306591113046966,0.2306591113046966
so,W20p0,6,7,-0.2302290401170844,0.2302290401170844
so,W20p0,4,17,-0.23021757168765974,0.23021757168765974
so,W10p0,5,0,0.2300557855678517,0.2300557855678517
thetao,W20p0,7,12,0.22995762219164873,0.22995762219164873
so,W30p0,10,16,0.22992674418660788,0.22992674418660788
so,W30p0,7,5,-0.22987361581713717,0.22987361581713717
so,W20p0,6,1,-0.22982563543280773,0.22982563543280773
so,W40p0,10,15,0.22974552537551954,0.22974552537551954
thetao,W10p0,4,3,-0.22969726397756118,0.22969726397756118
thetao,W10p0,2,16,-0.2294134963371654,0.2294134963371654
thetao,W10p0,10,7,-0.22926713309431776,0.22926713309431776
thetao,W60p0,9,16,0.22899192559216228,0.22899192559216228
thetao,W20p0,7,20,0.22894940832526461,0.22894940832526461
so,W20p0,4,15,-0.22862894401430522,0.22862894401430522
so,W40p0,3,9,0.22834795605418648,0.22834795605418648
so,W10p0,9,18,0.22817288317543705,0.22817288317543705
thetao,W30p0,5,18,-0.22794425025417656,0.22794425025417656
thetao,W10p0,2,12,-0.2278097285139682,0.2278097285139682
thetao,W30p0,5,11,-0.22768532945076086,0.22768532945076086
thetao,W20p0,3,5,-0.22765251621020324,0.22765251621020324
so,W30p0,9,18,-0.22754845559043121,0.22754845559043121
thetao,W40p0,9,14,0.22699686549160725,0.22699686549160725
so,W60p0,9,4,-0.22666118802983604,0.22666118802983604
thetao,W40p0,1,20,0.2265158496083247,0.2265158496083247
so,W60p0,7,18,0.22624733364891936,0.22624733364891936
thetao,W20p0,5,12,0.2257259674704227,0.2257259674704227
so,W60p0,7,20,0.2257141651824162,0.2257141651824162
thetao,W60p0,1,8,-0.22547848050766883,0.22547848050766883
thetao,W20p0,6,11,0.22544356338096191,0.22544356338096191
thetao,W20p0,9,18,-0.22526436800776237,0.22526436800776237
so,W10p0,9,6,0.2250554074452241,0.2250554074452241
so,W10p0,7,10,-0.22474964943588843,0.22474964943588843
thetao,W10p0,5,12,0.22467640339856765,0.22467640339856765
so,W40p0,1,14,-0.22461326981483729,0.22461326981483729
so,W30p0,3,12,0.22438345022620768,0.22438345022620768
thetao,W30p0,5,19,-0.22328557443857988,0.22328557443857988
thetao,W20p0,5,2,0.22243114961633106,0.22243114961633106
so,W30p0,2,13,0.22185205178364822,0.22185205178364822
thetao,W10p0,10,3,-0.22177602961654366,0.22177602961654366
thetao,W10p0,2,13,-0.22155939393468663,0.22155939393468663
thetao,W10p0,6,20,0.22148082470315636,0.22148082470315636
so,W60p0,5,10,0.22140245354912463,0.22140245354912463
thetao,W60p0,6,2,0.22135580525241383,0.22135580525241383
thetao,W10p0,10,6,-0.22062858898802762,0.22062858898802762
so,W20p0,5,0,-0.22043286346941723,0.22043286346941723
thetao,W60p0,2,1,0.22004944167326845,0.22004944167326845
thetao,W40p0,1,10,-0.21973498534332372,0.21973498534332372
so,W20p0,7,2,-0.21964554232031047,0.21964554232031047
so,W60p0,7,17,0.2196174585178581,0.2196174585178581
so,W30p0,5,11,0.21961543367550265,0.21961543367550265
thetao,W20p0,7,18,0.21961351931404766,0.21961351931404766
so,W30p0,3,11,0.21952405387330984,0.21952405387330984
so,W60p0,5,16,0.2194255875154516,0.2194255875154516
thetao,W60p0,8,18,0.21923105040556748,0.21923105040556748
thetao,W20p0,5,11,0.2184404031596732,0.2184404031596732
thetao,W30p0,2,20,-0.2182826350943603,0.2182826350943603
thetao,W40p0,5,6,-0.21824694024286329,0.21824694024286329
thetao,W60p0,2,10,0.21781850073820871,0.21781850073820871
so,W40p0,6,6,0.21777095001626873,0.21777095001626873
so,W60p0,4,13,0.2175802115212041,0.2175802115212041
thetao,W30p0,8,16,-0.21752174929416318,0.21752174929416318
so,W30p0,2,12,0.21748830503250471,0.21748830503250471
thetao,W40p0,9,5,0.21722646593710448,0.21722646593710448
thetao,W10p0,9,9,-0.21694315788437518,0.21694315788437518
thetao,W20p0,7,17,0.216841341688166,0.216841341688166
so,W30p0,4,7,-0.2166354472024532,0.2166354472024532
thetao,W30p0,8,3,-0.21636621897447006,0.21636621897447006
thetao,W60p0,5,11,-0.21625050160508397,0.21625050160508397
thetao,W60p0,9,19,0.21576199827782017,0.21576199827782017
thetao,W20p0,9,8,-0.21531490067951536,0.21531490067951536
thetao,W30p0,8,17,-0.21471568734032395,0.21471568734032395
so,W30p0,3,8,0.21464529500787843,0.21464529500787843
thetao,W20p0,5,20,0.2146095403530634,0.2146095403530634
thetao,W10p0,6,16,0.21457915572342517,0.21457915572342517
thetao,W40p0,4,20,0.2144472439163399,0.2144472439163399
thetao,W10p0,6,13,0.2144014861498947,0.2144014861498947
thetao,W40p0,6,17,-0.21422791969615188,0.21422791969615188
so,W40p0,6,18,-0.21378943870013276,0.21378943870013276
so,W30p0,6,12,0.21321759234986096,0.21321759234986096
thetao,W40p0,6,0,-0.21305779611455086,0.21305779611455086
thetao,W40p0,9,4,0.2130556503890889,0.2130556503890889
thetao,W40p0,5,7,-0.21268334011712145,0.21268334011712145
thetao,W40p0,7,6,-0.21234133451346368,0.21234133451346368
thetao,W60p0,9,7,0.21223823672834127,0.21223823672834127
so,W10p0,2,3,-0.2121119486766796,0.2121119486766796
so,W40p0,9,13,-0.211773610733363,0.211773610733363
so,W30p0,10,17,0.2115518802117082,0.2115518802117082
so,W10p0,2,4,-0.21126744037391954,0.21126744037391954
thetao,W30p0,1,18,-0.21126016010297477,0.21126016010297477
so,W60p0,5,17,0.21104758490856101,0.21104758490856101
thetao,W30p0,9,15,0.21101155751790673,0.21101155751790673
thetao,W20p0,4,17,0.2103758587578232,0.2103758587578232
thetao,W20p0,5,19,0.21033325084265475,0.21033325084265475
thetao,W30p0,4,5,0.210188173075321,0.210188173075321
so,W40p0,5,10,-0.2100961941354371,0.2100961941354371
thetao,W30p0,5,20,-0.2098310521854194,0.2098310521854194
thetao,W20p0,1,19,-0.20955909014722462,0.20955909014722462
so,W60p0,5,13,0.20947358580171593,0.20947358580171593
so,W20p0,4,11,-0.20898533516326132,0.20898533516326132
so,W30p0,8,16,0.20850304416419163,0.20850304416419163
thetao,W10p0,5,0,0.20817287828738326,0.20817287828738326
thetao,W20p0,1,17,-0.20813101634283157,0.20813101634283157
thetao,W10p0,6,14,0.20757095660025213,0.20757095660025213
thetao,W10p0,2,10,-0.20746910799240445,0.20746910799240445
thetao,W60p0,6,3,0.20735857734037136,0.20735857734037136
thetao,W10p0,6,15,0.20694943436622432,0.20694943436622432
so,W20p0,3,7,0.20676818360004398,0.20676818360004398
thetao,W30p0,3,16,-0.20672569308584507,0.20672569308584507
thetao,W40p0,10,11,-0.20672534608097887,0.20672534608097887
so,W10p0,7,9,-0.20670843475693684,0.20670843475693684
so,W20p0,4,16,-0.20666610729868098,0.20666610729868098
so,W60p0,5,15,0.20646293886893874,0.20646293886893874
so,W60p0,4,12,0.20567779540709397,0.20567779540709397
so,W30p0,10,6,0.20545477751725313,0.20545477751725313
thetao,W10p0,6,9,0.20539177924852814,0.20539177924852814
so,W40p0,4,3,-0.20507357071847662,0.20507357071847662
thetao,W40p0,5,19,-0.20503836521440444,0.20503836521440444
thetao,W10p0,3,0,-0.2048279995851269,0.2048279995851269
thetao,W40p0,7,12,-0.20469594667157842,0.20469594667157842
so,W40p0,7,0,0.20461469370294372,0.20461469370294372
thetao,W40p0,1,8,-0.2045252852348003,0.2045252852348003
thetao,W40p0,8,9,0.20430616914532884,0.20430616914532884
so,W20p0,2,7,-0.20386241651038225,0.20386241651038225
thetao,W30p0,4,16,0.20373278340331155,0.20373278340331155
thetao,W10p0,2,11,-0.2035762890871119,0.2035762890871119
thetao,W10p0,10,15,-0.2028855304521259,0.2028855304521259
thetao,W60p0,3,1,-0.20267571013237212,0.20267571013237212
so,W60p0,7,14,0.20265944020058224,0.20265944020058224
so,W60p0,3,4,-0.2026504991104668,0.2026504991104668
so,W60p0,5,6,0.2026126207712718,0.2026126207712718
thetao,W60p0,4,15,0.2025525007831991,0.2025525007831991
thetao,W60p0,2,17,0.20240167375314197,0.20240167375314197
thetao,W60p0,1,5,-0.20238437096103717,0.20238437096103717
so,W10p0,6,11,0.20234999340940396,0.20234999340940396
thetao,W40p0,4,18,0.20234647072358403,0.20234647072358403
thetao,W10p0,3,1,-0.20231117465961915,0.20231117465961915
thetao,W30p0,1,19,-0.20228939147690747,0.20228939147690747
thetao,W60p0,2,8,0.2022831921901408,0.2022831921901408
thetao,W30p0,5,14,-0.20226931602592282,0.20226931602592282
so,W20p0,5,1,-0.20223754554637327,0.20223754554637327
thetao,W40p0,8,6,0.20201780464828797,0.20201780464828797
thetao,W30p0,4,7,0.2018587188955074,0.2018587188955074
thetao,W20p0,5,18,0.2018430155479443,0.2018430155479443
thetao,W30p0,9,20,0.20164539751385016,0.20164539751385016
thetao,W30p0,5,16,-0.201640268077887,0.201640268077887
so,W20p0,6,19,-0.20161191263555878,0.20161191263555878
so,W60p0,9,19,-0.20140347216066623,0.20140347216066623
so,W60p0,4,19,0.20138443767412448,0.20138443767412448
thetao,W20p0,7,11,0.2013800038502478,0.2013800038502478
thetao,W10p0,5,13,0.20107919370136065,0.20107919370136065
thetao,W40p0,5,12,-0.20106350584401314,0.20106350584401314
thetao,W20p0,8,19,-0.20074001543077682,0.20074001543077682
so,W30p0,9,15,-0.20046708279396844,0.20046708279396844
thetao,W60p0,3,17,-0.20010849526199861,0.20010849526199861
thetao,W40p0,5,20,-0.20005791145399462,0.20005791145399462
so,W40p0,7,14,0.2000317101839604,0.2000317101839604
thetao,W40p0,4,17,0.1995167626550676,0.1995167626550676
thetao,W30p0,4,15,0.19949121708957335,0.19949121708957335
thetao,W60p0,7,15,0.1992448634309662,0.1992448634309662
so,W40p0,6,20,-0.19903343957747216,0.19903343957747216
so,W60p0,9,20,-0.19899836056487857,0.19899836056487857
so,W30p0,10,12,0.19824462554009573,0.19824462554009573
so,W10p0,5,3,0.19794096525518037,0.19794096525518037
so,W40p0,8,19,0.19792296587412364,0.19792296587412364
thetao,W60p0,2,7,0.19777233127048155,0.19777233127048155
so,W30p0,5,10,0.19765989350184965,0.19765989350184965
thetao,W60p0,3,18,-0.19742652970743554,0.19742652970743554
thetao,W60p0,1,4,-0.19704377831127332,0.19704377831127332
so,W40p0,7,19,0.19699482590634593,0.19699482590634593
thetao,W30p0,5,17,-0.19690036745701522,0.19690036745701522
thetao,W20p0,4,19,0.19675076402533975,0.19675076402533975
thetao,W10p0,10,8,-0.19659481546728239,0.19659481546728239
thetao,W60p0,4,14,0.19639820541087136,0.19639820541087136
so,W10p0,9,17,0.19638706999213607,0.19638706999213607
so,W10p0,10,16,-0.19601789633374378,0.19601789633374378
thetao,W60p0,8,17,0.19599777581852254,0.19599777581852254
thetao,W40p0,10,14,-0.19599298329573706,0.19599298329573706
so,W20p0,6,10,-0.19586655671746017,0.19586655671746017
so,W30p0,7,6,-0.19550749891367197,0.19550749891367197
thetao,W30p0,1,9,-0.1954756460071942,0.1954756460071942
so,W20p0,4,4,-0.19546642504979173,0.19546642504979173
thetao,W40p0,9,18,0.19502200936263503,0.19502200936263503
thetao,W60p0,4,4,0.194830887503142,0.194830887503142
thetao,W60p0,2,11,0.19461546039735586,0.19461546039735586
thetao,W20p0,6,9,0.1945409021320255,0.1945409021320255
so,W30p0,3,14,0.19447034237296248,0.19447034237296248
so,W30p0,9,7,-0.1944592761406138,0.1944592761406138
so,W40p0,9,14,-0.19439536271175065,0.19439536271175065
so,W40p0,4,4,-0.19438735455094258,0.19438735455094258
so,W60p0,4,8,0.19430513757618634,0.19430513757618634
thetao,W60p0,1,7,-0.19419570570176414,0.19419570570176414
so,W10p0,8,10,0.19418268970845545,0.19418268970845545
thetao,W60p0,6,0,0.19413702441544523,0.19413702441544523
so,W40p0,3,11,0.1939281005009039,0.1939281005009039
so,W20p0,4,12,-0.19383087926962725,0.19383087926962725
thetao,W30p0,1,17,-0.19379938095143656,0.19379938095143656
thetao,W30p0,8,2,-0.19371864380514178,0.19371864380514178
thetao,W20p0,4,20,0.19365430814916187,0.19365430814916187
thetao,W40p0,7,7,-0.19354193096819752,0.19354193096819752
so,W30p0,9,6,-0.19334471480229265,0.19334471480229265
so,W60p0,7,19,0.19333380110892198,0.19333380110892198
so,W30p0,10,7,0.1930690969113861,0.1930690969113861
thetao,W10p0,5,7,0.192723782741305,0.192723782741305
thetao,W60p0,3,16,-0.1924735302428767,0.1924735302428767
so,W10p0,10,4,-0.19208413259916923,0.19208413259916923
so,W30p0,2,2,0.19204219051837002,0.19204219051837002
so,W10p0,10,7,-0.19189183972373333,0.19189183972373333
so,W40p0,2,7,-0.19134073705445695,0.19134073705445695
thetao,W30p0,4,14,0.1911184835244148,0.1911184835244148
so,W20p0,6,13,-0.19106251423762338,0.19106251423762338
so,W60p0,7,11,0.19087456066811967,0.19087456066811967
so,W20p0,6,8,-0.19048738573314394,0.19048738573314394
thetao,W60p0,2,12,0.19015006151170166,0.19015006151170166
so,W40p0,5,8,-0.1897603348027072,0.1897603348027072
thetao,W20p0,1,10,-0.18974788963695297,0.18974788963695297
thetao,W60p0,4,13,0.18967489238967059,0.18967489238967059
thetao,W20p0,3,9,-0.18960152071646327,0.18960152071646327
thetao,W40p0,9,7,0.1895640816371573,0.1895640816371573
thetao,W20p0,4,16,0.1892740052747111,0.1892740052747111
thetao,W30p0,5,15,-0.18888570068095217,0.18888570068095217
thetao,W20p0,5,13,0.18876175941591516,0.18876175941591516
so,W60p0,3,3,-0.18864467650256914,0.18864467650256914
thetao,W20p0,10,16,0.18839436262995593,0.18839436262995593
so,W30p0,9,19,-0.18786592732823396,0.18786592732823396
thetao,W60p0,9,11,0.18783246345553373,0.18783246345553373
thetao,W60p0,1,6,-0.18777824506936297,0.18777824506936297
so,W60p0,5,14,0.1871912663112527,0.1871912663112527
thetao,W20p0,4,18,0.18717139236991107,0.18717139236991107
thetao,W30p0,7,0,-0.18716817899611396,0.18716817899611396
so,W40p0,6,19,-0.18680811343978437,0.18680811343978437
so,W10p0,2,5,-0.18669124925330607,0.18669124925330607
thetao,W60p0,5,7,-0.18661126232472897,0.18661126232472897
thetao,W60p0,8,19,0.18658508705239235,0.18658508705239235
so,W30p0,10,5,0.18645852447454855,0.18645852447454855
so,W40p0,2,9,-0.1862915563417183,0.1862915563417183
thetao,W30p0,7,9,0.1860841385248251,0.1860841385248251
so,W20p0,5,2,-0.18600736811808338,0.18600736811808338
so,W40p0,10,7,0.18595205853675031,0.18595205853675031
thetao,W30p0,8,1,-0.1859489932851327,0.1859489932851327
so,W40p0,3,2,-0.18514567588489517,0.18514567588489517
so,W30p0,8,19,0.18500587234512378,0.18500587234512378
thetao,W60p0,2,18,0.18499907395590034,0.18499907395590034
thetao,W40p0,9,6,0.1849456057105405,0.1849456057105405
thetao,W60p0,8,7,0.1849087664456721,0.1849087664456721
so,W20p0,7,5,-0.18489587408262637,0.18489587408262637
thetao,W10p0,8,13,0.1847913516307503,0.1847913516307503
so,W30p0,7,0,-0.1846395309611174,0.1846395309611174
thetao,W60p0,9,14,0.18444172729274466,0.18444172729274466
thetao,W60p0,3,19,-0.1844288695488508,0.1844288695488508
thetao,W20p0,7,13,0.18441058887559553,0.18441058887559553
so,W10p0,8,9,0.18437358873983742,0.18437358873983742
so,W60p0,5,7,0.18403295123223962,0.18403295123223962
thetao,W30p0,1,15,-0.18372814140393662,0.18372814140393662
thetao,W20p0,6,15,0.1835841397385047,0.1835841397385047
so,W60p0,3,20,0.1835527110614063,0.1835527110614063
so,W30p0,8,0,-0.18338979029093097,0.18338979029093097
so,W40p0,3,1,-0.18299342414962785,0.18299342414962785
thetao,W60p0,3,0,-0.18257058528081066,0.18257058528081066
thetao,W10p0,3,20,-0.18243010513193078,0.18243010513193078
thetao,W40p0,9,15,0.182071591488666,0.182071591488666
thetao,W10p0,10,5,-0.18157135727618065,0.18157135727618065
so,W30p0,10,13,0.18132482580772347,0.18132482580772347
so,W60p0,3,19,0.1811972374516071,0.1811972374516071
so,W10p0,2,2,-0.18079572954629472,0.18079572954629472
so,W30p0,5,12,0.1806067939167678,0.1806067939167678
thetao,W40p0,9,16,0.18019747921415594,0.18019747921415594
so,W60p0,3,5,-0.18006243489639284,0.18006243489639284
thetao,W10p0,10,16,-0.1800196296478378,0.1800196296478378
so,W30p0,7,7,-0.17969856351446883,0.17969856351446883
so,W30p0,2,17,0.1796171641734008,0.1796171641734008
thetao,W10p0,9,4,-0.17961177903226477,0.17961177903226477
so,W20p0,3,6,0.17951936730786702,0.17951936730786702
so,W20p0,6,9,-0.179304478847293,0.179304478847293
thetao,W40p0,10,15,-0.17912470856130433,0.17912470856130433
so,W30p0,4,8,-0.17848174715323692,0.17848174715323692
so,W10p0,10,11,-0.17841913630826503,0.17841913630826503
so,W30p0,9,0,-0.17792405302034725,0.17792405302034725
thetao,W20p0,7,16,0.1778943877286059,0.1778943877286059
so,W60p0,8,2,0.17771382742066197,0.17771382742066197
thetao,W40p0,7,5,-0.17768300980078583,0.17768300980078583
so,W40p0,3,4,-0.17750851195522213,0.17750851195522213
thetao,W60p0,2,14,0.17736472856539867,0.17736472856539867
so,W60p0,8,4,0.177178288432927,0.177178288432927
so,W10p0,6,14,0.17717355234571408,0.17717355234571408
thetao,W60p0,9,5,0.17694167016862902,0.17694167016862902
so,W60p0,5,9,0.17659934699632077,0.17659934699632077
thetao,W30p0,6,9,-0.17656158284817491,0.17656158284817491
so,W30p0,6,7,0.17644344212280333,0.17644344212280333
so,W30p0,3,7,0.17633293594540755,0.17633293594540755
thetao,W10p0,3,3,-0.17631290737642513,0.17631290737642513
so,W30p0,6,5,0.17619612448180863,0.17619612448180863
thetao,W10p0,5,1,0.1759110607179192,0.1759110607179192
thetao,W40p0,7,2,-0.17579328898746874,0.17579328898746874
so,W40p0,6,9,0.17572648568401042,0.17572648568401042
thetao,W40p0,3,0,-0.17527500004442575,0.17527500004442575
so,W40p0,3,0,-0.17524177207111102,0.17524177207111102
thetao,W40p0,9,17,0.17505928992992345,0.17505928992992345
so,W20p0,6,0,-0.17457516085753183,0.17457516085753183
so,W10p0,7,11,-0.1744643292715125,0.1744643292715125
so,W30p0,6,6,0.17446038408870448,0.17446038408870448
so,W40p0,3,5,-0.17434594077433127,0.17434594077433127
so,W60p0,4,15,0.17423295829424387,0.17423295829424387
thetao,W10p0,10,4,-0.17374498016711407,0.17374498016711407
so,W40p0,3,8,0.1737015784966333,0.1737015784966333
thetao,W60p0,1,20,0.17245652555263322,0.17245652555263322
thetao,W20p0,3,16,-0.1723022080667755,0.1723022080667755
so,W60p0,9,5,-0.17208435636635813,0.17208435636635813
thetao,W40p0,4,19,0.1718074693129411,0.1718074693129411
thetao,W20p0,10,19,0.17174713733789956,0.17174713733789956
thetao,W60p0,4,5,0.1716929092527762,0.1716929092527762
so,W60p0,10,12,0.17128570138032573,0.17128570138032573
so,W30p0,6,8,0.17084842148520285,0.17084842148520285
thetao,W40p0,1,19,0.1708357999083871,0.1708357999083871
thetao,W40p0,8,5,0.17074087099116642,0.17074087099116642
so,W20p0,9,2,0.17045256228490963,0.17045256228490963
thetao,W20p0,6,13,0.17037597067140595,0.17037597067140595
thetao,W10p0,7,5,0.17029527268616837,0.17029527268616837
thetao,W30p0,8,9,-0.17014487962102515,0.17014487962102515
thetao,W40p0,5,18,-0.1697396777986058,0.1697396777986058
thetao,W20p0,5,17,0.16929414491641384,0.16929414491641384
thetao,W60p0,1,14,-0.1687276737343569,0.1687276737343569
so,W60p0,9,1,-0.16870727513709158,0.16870727513709158
so,W60p0,9,10,-0.16850945313597152,0.16850945313597152
thetao,W20p0,1,9,-0.16845520789510313,0.16845520789510313
so,W30p0,6,9,0.16844863365063048,0.16844863365063048
so,W30p0,9,20,-0.16811090050590796,0.16811090050590796
thetao,W40p0,5,8,-0.16796175259294888,0.16796175259294888
thetao,W30p0,1,20,-0.16766949420856525,0.16766949420856525
so,W10p0,4,18,-0.16763031478077425,0.16763031478077425
so,W60p0,5,8,0.16759628494680212,0.16759628494680212
so,W60p0,2,15,0.16750405641330696,0.16750405641330696
thetao,W30p0,8,10,-0.16742928375817015,0.16742928375817015
so,W30p0,9,8,-0.1672169452455463,0.1672169452455463
so,W20p0,8,6,-0.1670810956058552,0.1670810956058552
so,W40p0,6,13,0.1670286555856181,0.1670286555856181
thetao,W30p0,7,10,0.16696754761114654,0.16696754761114654
thetao,W40p0,3,2,-0.16661507815706456,0.16661507815706456
so,W20p0,2,1,-0.16651610900565647,0.16651610900565647
so,W40p0,2,8,-0.1663359179646537,0.1663359179646537
so,W40p0,10,6,0.16623979118098062,0.16623979118098062
so,W40p0,3,3,-0.1661564859961234,0.1661564859961234
thetao,W40p0,7,8,-0.16606122154639072,0.16606122154639072
so,W20p0,9,1,0.16582681892124249,0.16582681892124249
so,W30p0,7,13,0.1657015862771078,0.1657015862771078
thetao,W30p0,6,2,-0.16563009670926007,0.16563009670926007
so,W40p0,8,20,0.16556735328316394,0.16556735328316394
so,W60p0,8,1,0.16554152973906325,0.16554152973906325
so,W20p0,8,7,-0.16553235503145994,0.16553235503145994
so,W10p0,3,15,0.16443063559365886,0.16443063559365886
so,W20p0,9,0,0.1639988244525094,0.1639988244525094
thetao,W40p0,8,7,0.1635615912538516,0.1635615912538516
thetao,W20p0,5,3,0.16352255409029287,0.16352255409029287
thetao,W40p0,3,13,-0.16321721258525076,0.16321721258525076
thetao,W30p0,4,11,0.16301356553873636,0.16301356553873636
so,W10p0,6,18,0.1629181606905633,0.1629181606905633
thetao,W20p0,5,10,0.1626435469018269,0.1626435469018269
so,W10p0,5,20,0.16255766115932385,0.16255766115932385
thetao,W60p0,4,19,0.16254343078520977,0.16254343078520977
thetao,W60p0,5,10,-0.1621115314106096,0.1621115314106096
so,W60p0,10,14,0.1621104534466273,0.1621104534466273
thetao,W40p0,9,20,0.1620601334991552,0.1620601334991552
thetao,W20p0,1,16,-0.1611530366026169,0.1611530366026169
so,W30p0,4,9,-0.16109512777557583,0.16109512777557583
thetao,W30p0,1,16,-0.16102035795144684,0.16102035795144684
so,W20p0,4,5,-0.16084990278361355,0.16084990278361355
thetao,W30p0,1,1,-0.1604937442620281,0.1604937442620281
so,W60p0,3,18,0.16044042874073838,0.16044042874073838
thetao,W60p0,6,12,0.16032968693610564,0.16032968693610564
so,W20p0,7,13,0.16020206806931406,0.16020206806931406
so,W30p0,9,1,-0.16004926636970054,0.16004926636970054
so,W10p0,6,10,0.1596492624560499,0.1596492624560499
so,W30p0,3,20,-0.15881754929886904,0.15881754929886904
so,W30p0,3,19,-0.15855184951803186,0.15855184951803186
thetao,W30p0,8,11,-0.1581398187098985,0.1581398187098985
so,W20p0,2,12,-0.1580629446969997,0.1580629446969997
thetao,W40p0,7,9,-0.15786839178682258,0.15786839178682258
thetao,W20p0,1,4,0.15769711648384427,0.15769711648384427
so,W60p0,8,0,0.15764321413286808,0.15764321413286808
so,W60p0,9,11,-0.15727877510156155,0.15727877510156155
thetao,W60p0,3,20,-0.15726950313911622,0.15726950313911622
so,W20p0,2,8,-0.15722269230572034,0.15722269230572034
thetao,W30p0,7,8,0.15640730961534874,0.15640730961534874
thetao,W30p0,7,1,-0.15623420495230675,0.15623420495230675
thetao,W10p0,9,10,-0.15614075737352506,0.15614075737352506
so,W20p0,8,5,-0.15610727566626753,0.15610727566626753
so,W40p0,6,3,0.15588130783139406,0.15588130783139406
so,W10p0,9,12,0.15587939607316775,0.15587939607316775
thetao,W60p0,4,6,0.15587632017541564,0.15587632017541564
so,W20p0,3,19,0.15575665044942466,0.15575665044942466
so,W10p0,6,13,0.15560188466952368,0.15560188466952368
so,W30p0,8,1,-0.15540501635368745,0.15540501635368745
so,W40p0,4,9,-0.1553761408111532,0.1553761408111532
so,W40p0,9,5,-0.1551414840556071,0.1551414840556071
so,W40p0,1,18,-0.1549515483968648,0.1549515483968648
so,W10p0,9,16,0.15434395848814805,0.15434395848814805
thetao,W10p0,3,19,-0.1542980367916496,0.1542980367916496
thetao,W60p0,2,19,0.15427971303843957,0.15427971303843957
thetao,W40p0,3,1,-0.15418359181294136,0.15418359181294136
thetao,W30p0,7,11,0.15392628070302813,0.15392628070302813
thetao,W60p0,2,20,0.15391879826375596,0.15391879826375596
so,W20p0,6,18,-0.15374321078930533,0.15374321078930533
thetao,W60p0,10,7,-0.15319223187320183,0.15319223187320183
so,W10p0,10,17,-0.15308985513662277,0.15308985513662277
so,W30p0,6,13,0.15304817874616328,0.15304817874616328
so,W20p0,7,15,0.15292645692308623,0.15292645692308623
thetao,W10p0,5,2,0.15269857891330763,0.15269857891330763
thetao,W60p0,8,6,0.1526907897534566,0.1526907897534566
thetao,W30p0,6,3,-0.15264542350520025,0.15264542350520025
so,W10p0,9,15,0.15236251335182896,0.15236251335182896
thetao,W30p0,9,12,0.1523570610194037,0.1523570610194037
thetao,W30p0,8,15,-0.15222661432052828,0.15222661432052828
thetao,W10p0,8,10,0.1520865097531682,0.1520865097531682
so,W40p0,6,11,0.1520441294047622,0.1520441294047622
so,W20p0,10,10,0.15155258217315756,0.15155258217315756
so,W40p0,5,11,-0.15130841259439426,0.15130841259439426
so,W10p0,6,19,0.1510453357236774,0.1510453357236774
so,W20p0,7,6,-0.15100179279661474,0.15100179279661474
so,W60p0,4,14,0.15088632952961548,0.15088632952961548
so,W60p0,2,11,0.1507696541019531,0.1507696541019531
so,W40p0,6,12,0.15064480752010287,0.15064480752010287
so,W60p0,4,20,0.15059140081156094,0.15059140081156094
so,W20p0,6,17,-0.15011698157743372,0.15011698157743372
thetao,W30p0,9,14,0.15007392400842107,0.15007392400842107
so,W20p0,8,15,-0.14993171790698684,0.14993171790698684
so,W10p0,2,6,-0.14957245201162694,0.14957245201162694
thetao,W20p0,1,15,-0.14940306263574912,0.14940306263574912
thetao,W20p0,4,15,0.14920282793607378,0.14920282793607378
thetao,W30p0,6,1,-0.14918898846010722,0.14918898846010722
thetao,W20p0,6,16,0.14885332581620034,0.14885332581620034
thetao,W40p0,8,8,0.14876620651303718,0.14876620651303718
so,W30p0,9,5,-0.14814757195505376,0.14814757195505376
thetao,W30p0,3,1,-0.1480391258788432,0.1480391258788432
so,W10p0,3,16,0.14800128266516166,0.14800128266516166
so,W20p0,7,14,0.14786069726644221,0.14786069726644221
so,W30p0,6,14,0.14781605542776394,0.14781605542776394
thetao,W20p0,7,14,0.14776952640833785,0.14776952640833785
thetao,W20p0,9,6,-0.1476241355597037,0.1476241355597037
thetao,W10p0,4,6,-0.1475578016053431,0.1475578016053431
so,W60p0,2,20,0.1472650600073519,0.1472650600073519
so,W30p0,8,3,-0.14713956919354235,0.14713956919354235
thetao,W40p0,9,19,0.14711412013952777,0.14711412013952777
thetao,W20p0,1,11,-0.14708458874671013,0.14708458874671013
so,W10p0,6,17,0.14687922590371386,0.14687922590371386
so,W40p0,7,5,0.14641036894183038,0.14641036894183038
so,W40p0,4,7,-0.1464032604191847,0.1464032604191847
thetao,W40p0,3,3,-0.14634442521001748,0.14634442521001748
so,W40p0,9,7,-0.14622147505612454,0.14622147505612454
thetao,W60p0,4,16,0.14620639326707524,0.14620639326707524
so,W30p0,10,18,0.14593628206363074,0.14593628206363074
thetao,W60p0,9,6,0.14591501456394165,0.14591501456394165
thetao,W20p0,1,3,0.14574789476915018,0.14574789476915018
so,W10p0,4,17,-0.14564541060542996,0.14564541060542996
so,W40p0,5,16,-0.14557101864776964,0.14557101864776964
thetao,W30p0,7,3,-0.1455613842789623,0.1455613842789623
thetao,W40p0,6,1,-0.14543045290673917,0.14543045290673917
so,W10p0,5,9,-0.14530638522237363,0.14530638522237363
thetao,W20p0,9,19,-0.14528876090270393,0.14528876090270393
so,W60p0,7,13,0.1452586252430338,0.1452586252430338
thetao,W30p0,4,10,0.1451277476505293,0.1451277476505293
thetao,W20p0,9,7,-0.14509050850655053,0.14509050850655053
thetao,W60p0,3,2,-0.1448642031526063,0.1448642031526063
thetao,W20p0,1,20,-0.1447701228574428,0.1447701228574428
so,W40p0,7,13,0.1444886884437846,0.1444886884437846
so,W60p0,8,5,0.1444631646275449,0.1444631646275449
thetao,W20p0,5,16,0.14424135607028768,0.14424135607028768
so,W40p0,7,9,0.1438228663794649,0.1438228663794649
so,W40p0,6,10,0.1437838938875406,0.1437838938875406
so,W10p0,5,12,-0.14374613026918928,0.14374613026918928
thetao,W30p0,8,14,-0.14369634295849776,0.14369634295849776
thetao,W60p0,4,17,0.14343024731247592,0.14343024731247592
so,W20p0,3,5,0.14297794767565075,0.14297794767565075
so,W10p0,7,2,-0.14278075978887375,0.14278075978887375
thetao,W30p0,4,8,0.1425106184251862,0.1425106184251862
so,W30p0,6,4,0.14232428796923935,0.14232428796923935
so,W10p0,9,14,0.14221180126880728,0.14221180126880728
thetao,W30p0,8,8,-0.1420219479416321,0.1420219479416321
thetao,W20p0,3,15,-0.1419914086401667,0.1419914086401667
so,W30p0,8,2,-0.1418553073926757,0.1418553073926757
so,W20p0,5,3,-0.14171496008554196,0.14171496008554196
so,W30p0,8,15,0.14164677088830144,0.14164677088830144
so,W20p0,7,12,0.14161547866365373,0.14161547866365373
so,W10p0,6,16,0.14157354211447995,0.14157354211447995
so,W10p0,7,12,-0.1413589916143419,0.1413589916143419
thetao,W40p0,10,20,0.1413557529370326,0.1413557529370326
so,W20p0,6,16,-0.14102698652701715,0.14102698652701715
so,W20p0,8,16,-0.14057700277621435,0.14057700277621435
so,W30p0,10,4,0.14050051960072413,0.14050051960072413
so,W60p0,10,8,0.14031536699737743,0.14031536699737743
thetao,W20p0,6,12,0.14029013969323068,0.14029013969323068
so,W20p0,7,16,0.13957003953239241,0.13957003953239241
so,W60p0,8,3,0.13949979140088334,0.13949979140088334
thetao,W40p0,5,16,-0.13944797660248223,0.13944797660248223
so,W10p0,8,8,0.1392007555014323,0.1392007555014323
so,W20p0,7,17,0.13906599473511966,0.13906599473511966
so,W60p0,10,7,0.1390422865234726,0.1390422865234726
thetao,W30p0,4,13,0.1389642267811176,0.1389642267811176
so,W60p0,6,20,-0.1388357178930138,0.1388357178930138
so,W20p0,6,14,-0.13880921429919665,0.13880921429919665
thetao,W30p0,3,2,-0.13838596951067747,0.13838596951067747
thetao,W40p0,7,11,-0.1378615927648616,0.1378615927648616
so,W60p0,3,17,0.13773808299201504,0.13773808299201504
so,W10p0,4,19,-0.13759187335034045,0.13759187335034045
so,W60p0,3,2,-0.1375800466131987,0.1375800466131987
so,W10p0,5,10,-0.1375373747180273,0.1375373747180273
thetao,W20p0,6,8,0.13737449891114678,0.13737449891114678
thetao,W30p0,3,0,-0.13725695932342064,0.13725695932342064
so,W40p0,10,1,0.13715531218013532,0.13715531218013532
thetao,W20p0,1,13,-0.1367568498426311,0.1367568498426311
thetao,W10p0,5,6,0.1366337750099228,0.1366337750099228
thetao,W20p0,10,20,0.1365045348052972,0.1365045348052972
so,W20p0,6,15,-0.13626977973378268,0.13626977973378268
so,W40p0,10,14,0.13625706898673243,0.13625706898673243
thetao,W60p0,6,13,0.13584465479427935,0.13584465479427935
thetao,W10p0,5,3,0.13574277365481857,0.13574277365481857
thetao,W20p0,5,4,0.1357194700557881,0.1357194700557881
so,W10p0,2,1,-0.1353641368427574,0.1353641368427574
thetao,W60p0,10,8,-0.13511138891156302,0.13511138891156302
thetao,W20p0,10,3,-0.1347258052584607,0.1347258052584607
so,W30p0,2,18,0.13457443260779572,0.13457443260779572
thetao,W10p0,9,19,-0.1345732321896861,0.1345732321896861
so,W40p0,7,6,0.13452028997225832,0.13452028997225832
thetao,W20p0,5,14,0.13446759996180815,0.13446759996180815
thetao,W20p0,1,5,0.1343657940274437,0.1343657940274437
so,W30p0,9,4,-0.13416003759621992,0.13416003759621992
so,W60p0,8,17,0.1341372141374755,0.1341372141374755
so,W20p0,8,8,-0.13413482666422263,0.13413482666422263
so,W30p0,3,6,0.13406562778646125,0.13406562778646125
thetao,W10p0,7,6,0.13384313040476942,0.13384313040476942
thetao,W60p0,4,18,0.133693063798441,0.133693063798441
so,W30p0,6,19,0.13360791083279958,0.13360791083279958
thetao,W10p0,5,5,0.13358964595378212,0.13358964595378212
so,W40p0,5,17,-0.13346588546826385,0.13346588546826385
so,W10p0,10,18,-0.13318755757140974,0.13318755757140974
thetao,W30p0,8,0,-0.13318715691018002,0.13318715691018002
so,W60p0,1,15,-0.1331606818121457,0.1331606818121457
so,W40p0,6,17,-0.1330473452582353,0.1330473452582353
so,W10p0,6,12,0.13288367229463915,0.13288367229463915
so,W30p0,2,1,0.13278406496139858,0.13278406496139858
thetao,W40p0,5,17,-0.13232638246205541,0.13232638246205541
thetao,W60p0,2,13,0.1321882179592827,0.1321882179592827
so,W60p0,9,18,-0.13210017236054944,0.13210017236054944
so,W60p0,10,9,0.13186572193052548,0.13186572193052548
thetao,W30p0,8,4,-0.13165564829615053,0.13165564829615053
thetao,W40p0,7,4,-0.13162653720969145,0.13162653720969145
thetao,W60p0,7,10,-0.1313730519331447,0.1313730519331447
so,W60p0,9,0,-0.1311377079947878,0.1311377079947878
thetao,W20p0,8,17,-0.1310058503751603,0.1310058503751603
thetao,W10p0,8,9,0.13098620247048443,0.13098620247048443
thetao,W40p0,7,3,-0.1308581191219083,0.1308581191219083
so,W20p0,2,11,-0.13062377457597316,0.13062377457597316
thetao,W20p0,3,17,-0.1305972180712896,0.1305972180712896
thetao,W20p0,10,4,-0.13057132843539457,0.13057132843539457
thetao,W60p0,6,18,0.1304975670210808,0.1304975670210808
so,W10p0,7,13,-0.13047849999621952,0.13047849999621952
so,W10p0,4,5,0.13034742616130404,0.13034742616130404
thetao,W40p0,10,10,-0.13030069778213257,0.13030069778213257
thetao,W20p0,5,15,0.13020828421282946,0.13020828421282946
thetao,W60p0,6,16,0.12997239948683334,0.12997239948683334
thetao,W60p0,2,0,0.12991775840433564,0.12991775840433564
thetao,W60p0,9,12,0.129911860033576,0.129911860033576
so,W40p0,5,12,-0.12991170811854824,0.12991170811854824
so,W10p0,8,11,0.1297684239289536,0.1297684239289536
so,W10p0,7,1,-0.12961018006111572,0.12961018006111572
so,W10p0,6,15,0.12945664227158543,0.12945664227158543
thetao,W20p0,3,4,-0.12919679203481355,0.12919679203481355
thetao,W20p0,1,12,-0.1291474566928264,0.1291474566928264
so,W40p0,8,18,0.12905550586751433,0.12905550586751433
thetao,W30p0,7,2,-0.12901742293001547,0.12901742293001547
so,W20p0,4,6,-0.12883247662492392,0.12883247662492392
so,W30p0,5,13,0.1287137598710645,0.1287137598710645
so,W10p0,7,19,-0.12819560673317743,0.12819560673317743
thetao,W10p0,10,19,-0.12819043397914762,0.12819043397914762
so,W20p0,10,2,0.12799601254481938,0.12799601254481938
thetao,W20p0,8,20,-0.1278843248531441,0.1278843248531441
thetao,W40p0,4,16,0.12776460341792117,0.12776460341792117
so,W20p0,2,13,-0.12751122206519655,0.12751122206519655
so,W20p0,10,8,0.12734628028963543,0.12734628028963543
thetao,W10p0,7,4,0.12734345488802698,0.12734345488802698
thetao,W10p0,5,4,0.12712593287814825,0.12712593287814825
so,W60p0,3,6,-0.12695334884034332,0.12695334884034332
so,W60p0,8,16,0.12639265221396373,0.12639265221396373
so,W40p0,3,18,0.1262321531509093,0.1262321531509093
so,W60p0,6,14,-0.12599805296118702,0.12599805296118702
thetao,W30p0,8,6,-0.12599536671196326,0.12599536671196326
thetao,W60p0,3,4,-0.1259947932505478,0.1259947932505478
so,W60p0,6,16,-0.12585388255547114,0.12585388255547114
so,W60p0,6,13,-0.12583095439547268,0.12583095439547268
so,W40p0,10,8,0.12573405881255423,0.12573405881255423
so,W30p0,3,18,-0.1257318337211268,0.1257318337211268
so,W20p0,10,9,0.12563461964574313,0.12563461964574313
thetao,W60p0,8,20,0.12547098015664562,0.12547098015664562
thetao,W40p0,3,8,0.1250472210537153,0.1250472210537153
so,W30p0,6,18,0.12469846718692502,0.12469846718692502
thetao,W60p0,9,13,0.12467675282726715,0.12467675282726715
thetao,W40p0,1,2,0.12448741728910119,0.12448741728910119
thetao,W10p0,9,11,-0.12431590344344523,0.12431590344344523
thetao,W60p0,5,9,-0.12402645365137593,0.12402645365137593
so,W20p0,4,10,-0.12386116061078113,0.12386116061078113
thetao,W40p0,1,18,0.12376406458092813,0.12376406458092813
thetao,W30p0,3,10,0.12372928507153211,0.12372928507153211
thetao,W40p0,10,16,-0.12364171502275223,0.12364171502275223
thetao,W60p0,5,8,-0.12363980930411347,0.12363980930411347
so,W10p0,5,13,-0.12348817183581846,0.12348817183581846
so,W10p0,6,4,-0.12238937015647222,0.12238937015647222
thetao,W60p0,7,9,-0.12225507151651531,0.12225507151651531
so,W20p0,9,8,0.12204372102057813,0.12204372102057813
thetao,W10p0,10,9,-0.12199372080959556,0.12199372080959556
so,W40p0,3,17,0.12196077420707402,0.12196077420707402
so,W60p0,3,9,-0.12172373294673662,0.12172373294673662
so,W30p0,9,9,-0.1216146964161605,0.1216146964161605
thetao,W20p0,7,15,0.1215743597004439,0.1215743597004439
thetao,W30p0,4,12,0.12148265169944489,0.12148265169944489
so,W30p0,8,12,0.12100239800505394,0.12100239800505394
so,W30p0,7,14,0.12089061646133557,0.12089061646133557
thetao,W40p0,6,16,-0.12070747236363562,0.12070747236363562
so,W40p0,9,0,-0.12063870592339591,0.12063870592339591
thetao,W20p0,10,11,-0.12048878779234827,0.12048878779234827
so,W20p0,7,18,0.12033526626956494,0.12033526626956494
so,W40p0,9,6,-0.1199260705589797,0.1199260705589797
thetao,W60p0,7,11,-0.11967119502825793,0.11967119502825793
thetao,W10p0,10,13,-0.11956475667019911,0.11956475667019911
so,W60p0,6,15,-0.11954803624820923,0.11954803624820923
thetao,W20p0,9,20,-0.11947790474143774,0.11947790474143774
thetao,W40p0,1,3,0.11919509875327072,0.11919509875327072
thetao,W20p0,10,15,0.11918841544909076,0.11918841544909076
so,W10p0,4,6,0.11910171065209811,0.11910171065209811
so,W20p0,8,17,-0.11898726515842147,0.11898726515842147
thetao,W40p0,3,16,0.11880181587873691,0.11880181587873691
so,W30p0,10,8,0.11853881162615264,0.11853881162615264
thetao,W30p0,6,14,0.11842207251245773,0.11842207251245773
so,W30p0,6,3,0.11827533885246241,0.11827533885246241
thetao,W10p0,4,8,-0.11824501225590163,0.11824501225590163
thetao,W20p0,10,12,-0.11820288383822056,0.11820288383822056
so,W40p0,5,7,-0.11819640515702544,0.11819640515702544
so,W10p0,3,14,0.11810814682252203,0.11810814682252203
so,W40p0,6,14,0.11790168187618477,0.11790168187618477
thetao,W60p0,6,17,0.11772107489431677,0.11772107489431677
so,W60p0,4,5,0.1175853287558685,0.1175853287558685
so,W10p0,4,4,0.11757141218607522,0.11757141218607522
so,W10p0,7,8,-0.11745819590765204,0.11745819590765204
thetao,W30p0,8,7,-0.11741388147003515,0.11741388147003515
so,W40p0,9,4,-0.11690395173182745,0.11690395173182745
so,W10p0,5,4,0.11674658460377269,0.11674658460377269
thetao,W20p0,1,14,-0.11666144169672225,0.11666144169672225
so,W10p0,5,19,0.1164836501633484,0.1164836501633484
so,W30p0,8,11,0.11637466952355333,0.11637466952355333
so,W10p0,4,3,0.116215548278285,0.116215548278285
so,W60p0,9,12,-0.1161598512696708,0.1161598512696708
so,W10p0,5,11,-0.11615782625422957,0.11615782625422957
thetao,W10p0,4,7,-0.11611340977894982,0.11611340977894982
so,W20p0,2,9,-0.11607400345286747,0.11607400345286747
thetao,W40p0,1,11,-0.1159605334265334,0.1159605334265334
thetao,W40p0,3,17,0.11588385105523052,0.11588385105523052
so,W40p0,7,7,0.1155821408847501,0.1155821408847501
thetao,W20p0,4,14,0.11556046063886029,0.11556046063886029
so,W10p0,3,17,0.11552514019300662,0.11552514019300662
thetao,W60p0,8,5,0.11550670390616843,0.11550670390616843
thetao,W40p0,6,5,0.11546088194994795,0.11546088194994795
thetao,W20p0,3,18,-0.11485952238003634,0.11485952238003634
thetao,W30p0,3,15,-0.11404117206042994,0.11404117206042994
so,W20p0,9,9,0.11390301664621345,0.11390301664621345
so,W40p0,7,10,0.11380444819757332,0.11380444819757332
thetao,W30p0,9,0,-0.11373450306285436,0.11373450306285436
thetao,W10p0,8,14,0.11371796447175034,0.11371796447175034
thetao,W40p0,7,13,-0.11349880315684405,0.11349880315684405
so,W60p0,10,13,0.11324463153059872,0.11324463153059872
thetao,W40p0,1,4,0.1128885730212109,0.1128885730212109
so,W10p0,7,14,-0.11276166144036527,0.11276166144036527
thetao,W30p0,10,13,0.11272384436427164,0.11272384436427164
thetao,W20p0,10,13,-0.1125966466598466,0.1125966466598466
thetao,W30p0,7,4,-0.11256706733334396,0.11256706733334396
thetao,W10p0,10,17,-0.11249769391125883,0.11249769391125883
thetao,W30p0,3,9,0.11234834038138267,0.11234834038138267
so,W10p0,9,13,0.1121782918817695,0.1121782918817695
so,W10p0,7,20,-0.11216163109404931,0.11216163109404931
thetao,W10p0,7,3,0.11211424531815438,0.11211424531815438
so,W30p0,6,17,0.11209589652864013,0.11209589652864013
thetao,W30p0,10,12,0.11206492174873858,0.11206492174873858
thetao,W30p0,4,9,0.11192263599538169,0.11192263599538169
so,W10p0,6,20,0.11155687895167435,0.11155687895167435
thetao,W30p0,6,0,-0.11129670442019779,0.11129670442019779
thetao,W20p0,9,5,-0.11113376000089258,0.11113376000089258
thetao,W40p0,1,7,-0.11098121815894196,0.11098121815894196
thetao,W60p0,1,19,0.11074178083902045,0.11074178083902045
thetao,W40p0,6,7,0.11074056882069483,0.11074056882069483
so,W60p0,2,12,0.11069084293243758,0.11069084293243758
so,W10p0,8,13,0.11067765066125017,0.11067765066125017
thetao,W40p0,8,0,0.1104082845452811,0.1104082845452811
so,W10p0,10,8,-0.11028634871872406,0.11028634871872406
so,W20p0,2,0,-0.11018736840479725,0.11018736840479725
so,W20p0,10,1,0.10993238463235548,0.10993238463235548
so,W30p0,8,4,-0.10975787118923071,0.10975787118923071
so,W60p0,6,11,-0.10963044442180818,0.10963044442180818
thetao,W40p0,10,12,-0.109528773191232,0.109528773191232
thetao,W60p0,7,8,-0.10951924897984201,0.10951924897984201
so,W20p0,10,20,-0.10940705601024538,0.10940705601024538
thetao,W20p0,5,5,0.1088933744098525,0.1088933744098525
thetao,W60p0,10,9,-0.10839616070708888,0.10839616070708888
thetao,W40p0,3,14,-0.10822116842056995,0.10822116842056995
so,W30p0,9,2,-0.10778188542277556,0.10778188542277556
so,W60p0,3,8,-0.10769672060052193,0.10769672060052193
so,W10p0,6,2,-0.107397415609736,0.107397415609736
so,W40p0,8,4,0.10685894422102964,0.10685894422102964
thetao,W10p0,10,2,-0.10679804435586991,0.10679804435586991
thetao,W40p0,6,6,0.10676332297261673,0.10676332297261673
so,W40p0,8,5,0.10657939948755013,0.10657939948755013
so,W10p0,5,8,-0.1063728380720631,0.1063728380720631
thetao,W60p0,3,5,-0.1057277905110968,0.1057277905110968
thetao,W30p0,9,2,-0.10561773051841294,0.10561773051841294
thetao,W30p0,10,3,-0.10561686690744801,0.10561686690744801
so,W30p0,6,20,0.10559132533323719,0.10559132533323719
thetao,W10p0,4,9,-0.10553366949399148,0.10553366949399148
thetao,W30p0,9,13,0.10550962226131351,0.10550962226131351
so,W20p0,5,19,-0.105444145507815,0.105444145507815
so,W20p0,5,20,-0.10525802847936999,0.10525802847936999
thetao,W30p0,6,15,0.10511872257735302,0.10511872257735302
so,W40p0,3,19,0.10498688852798821,0.10498688852798821
so,W30p0,7,8,-0.10497283133134017,0.10497283133134017
so,W10p0,8,0,0.10491694883278999,0.10491694883278999
thetao,W40p0,6,2,-0.10478606883977096,0.10478606883977096
so,W10p0,10,0,-0.10475052417990031,0.10475052417990031
thetao,W40p0,3,9,0.10472638141206783,0.10472638141206783
thetao,W30p0,9,3,-0.10465672139806835,0.10465672139806835
thetao,W10p0,10,10,-0.10455452836638846,0.10455452836638846
so,W30p0,10,20,0.10403341571633878,0.10403341571633878
thetao,W10p0,10,11,-0.10376890070062154,0.10376890070062154
so,W30p0,3,5,0.10354757311721549,0.10354757311721549
so,W40p0,10,0,0.10305146682658671,0.10305146682658671
so,W20p0,8,4,-0.10287829977357142,0.10287829977357142
so,W40p0,7,11,0.10282669300130938,0.10282669300130938
thetao,W40p0,7,10,-0.10269726810927221,0.10269726810927221
thetao,W30p0,8,5,-0.10254011275584067,0.10254011275584067
thetao,W40p0,4,8,0.10252901622272209,0.10252901622272209
thetao,W10p0,9,2,-0.10245877158500621,0.10245877158500621
so,W10p0,4,16,-0.10243700293335682,0.10243700293335682
thetao,W20p0,6,4,-0.10240105827206786,0.10240105827206786
thetao,W40p0,7,1,-0.10231801099951311,0.10231801099951311
so,W40p0,7,20,0.10177283056402638,0.10177283056402638
so,W30p0,9,14,-0.10170418386363794,0.10170418386363794
thetao,W30p0,9,11,0.10156528063163485,0.10156528063163485
so,W10p0,10,10,-0.10152527092458814,0.10152527092458814
so,W10p0,7,3,-0.10137991931354125,0.10137991931354125
so,W60p0,2,10,0.10134963897831181,0.10134963897831181
so,W40p0,8,16,0.10095374715398135,0.10095374715398135
so,W60p0,4,7,0.10084873422937951,0.10084873422937951
thetao,W40p0,4,10,0.10078898188909716,0.10078898188909716
so,W20p0,3,0,0.10076855752299546,0.10076855752299546
thetao,W30p0,7,7,0.10069088270414933,0.10069088270414933
so,W60p0,6,17,-0.10057946637489895,0.10057946637489895
so,W20p0,2,10,-0.10025135156363918,0.10025135156363918
thetao,W20p0,1,8,-0.10003533151812756,0.10003533151812756
thetao,W20p0,5,9,0.09996026070979964,0.09996026070979964
thetao,W60p0,6,19,0.0998672628356057,0.0998672628356057
so,W20p0,8,0,-0.0996118479680303,0.0996118479680303
so,W60p0,10,6,0.09959475113309704,0.09959475113309704
so,W30p0,5,4,-0.0995915906802033,0.0995915906802033
thetao,W30p0,10,2,-0.09944780842201704,0.09944780842201704
so,W40p0,1,20,-0.09943616501328437,0.09943616501328437
so,W20p0,9,17,0.09930140947143669,0.09930140947143669
so,W20p0,10,11,0.09917925335479245,0.09917925335479245
thetao,W30p0,1,8,-0.09910346098773722,0.09910346098773722
thetao,W20p0,4,0,-0.09901821350873097,0.09901821350873097
so,W30p0,5,20,-0.09863807766340336,0.09863807766340336
thetao,W10p0,4,14,0.09840373736316281,0.09840373736316281
so,W10p0,7,6,0.09832731080507687,0.09832731080507687
so,W40p0,7,8,0.09832596692198006,0.09832596692198006
thetao,W10p0,9,1,-0.0982220412295328,0.0982220412295328
thetao,W30p0,3,8,0.09797748362822312,0.09797748362822312
thetao,W10p0,5,14,0.09764760361902561,0.09764760361902561
so,W20p0,8,18,-0.09738101579667646,0.09738101579667646
thetao,W30p0,1,2,-0.0970063182052445,0.0970063182052445
so,W10p0,8,12,0.09694865566265412,0.09694865566265412
so,W10p0,2,0,-0.09691629237567956,0.09691629237567956
so,W30p0,3,15,0.09681744709451884,0.09681744709451884
thetao,W10p0,8,8,0.0967539577282575,0.0967539577282575
thetao,W10p0,3,18,-0.0967225901194776,0.0967225901194776
thetao,W40p0,1,14,0.09654672449935064,0.09654672449935064
thetao,W30p0,9,8,0.09635551586245826,0.09635551586245826
so,W60p0,10,10,0.09633007323448628,0.09633007323448628
so,W60p0,3,7,-0.09618548317752014,0.09618548317752014
thetao,W30p0,7,17,0.09598758388472955,0.09598758388472955
so,W30p0,5,2,-0.09581730700638973,0.09581730700638973
so,W60p0,8,6,0.09581398602920693,0.09581398602920693
so,W20p0,7,19,0.0957972564470609,0.0957972564470609
so,W20p0,7,11,0.09578598877069033,0.09578598877069033
so,W60p0,10,11,0.09573091765258926,0.09573091765258926
so,W40p0,10,9,0.09567106230930748,0.09567106230930748
thetao,W40p0,10,19,0.09523817311769234,0.09523817311769234
thetao,W40p0,10,9,-0.09514380379553646,0.09514380379553646
so,W30p0,5,9,0.09506926690749332,0.09506926690749332
so,W40p0,7,4,0.094712230142681,0.094712230142681
so,W10p0,10,20,-0.09469173853865458,0.09469173853865458
so,W30p0,6,15,0.09451028672547188,0.09451028672547188
so,W10p0,7,18,-0.09430675025560109,0.09430675025560109
so,W10p0,6,3,-0.0942228033655973,0.0942228033655973
so,W30p0,7,12,0.09412070655623853,0.09412070655623853
so,W30p0,10,19,0.09411983890888946,0.09411983890888946
thetao,W40p0,5,11,-0.094082716160586,0.094082716160586
thetao,W30p0,7,12,0.09399070627758009,0.09399070627758009
so,W40p0,1,19,-0.09391609271131754,0.09391609271131754
so,W10p0,3,0,0.09357131400985949,0.09357131400985949
thetao,W40p0,6,4,0.09354978659698283,0.09354978659698283
thetao,W40p0,4,7,0.09353733510921451,0.09353733510921451
thetao,W30p0,6,16,0.0932976904323266,0.0932976904323266
so,W30p0,2,0,0.09320191367867021,0.09320191367867021
thetao,W40p0,1,17,0.09312893576091491,0.09312893576091491
so,W40p0,5,15,-0.09290604111172115,0.09290604111172115
so,W20p0,9,10,0.09282128637013502,0.09282128637013502
thetao,W30p0,8,12,-0.09270746095530086,0.09270746095530086
thetao,W20p0,8,16,-0.09268344382982815,0.09268344382982815
thetao,W40p0,1,15,0.09260867798231232,0.09260867798231232
so,W10p0,4,20,-0.09256170946272227,0.09256170946272227
so,W40p0,8,17,0.09252748929706603,0.09252748929706603
so,W20p0,9,20,0.09248055243662585,0.09248055243662585
so,W20p0,8,1,-0.09210357500630098,0.09210357500630098
so,W40p0,5,18,-0.09202186144834916,0.09202186144834916
thetao,W10p0,8,11,0.09201501442298016,0.09201501442298016
so,W40p0,9,1,-0.09192117762754665,0.09192117762754665
so,W30p0,9,3,-0.0918994123813653,0.0918994123813653
so,W30p0,8,8,0.09179727681044665,0.09179727681044665
so,W20p0,8,2,-0.09130268718796389,0.09130268718796389
so,W30p0,5,5,-0.09126231583848486,0.09126231583848486
so,W10p0,5,14,-0.09105022368116901,0.09105022368116901
thetao,W40p0,1,1,0.09099517435283282,0.09099517435283282
so,W60p0,6,12,-0.0907899930217833,0.0907899930217833
thetao,W40p0,4,15,0.09060448792281159,0.09060448792281159
thetao,W10p0,9,20,-0.09054544170010011,0.09054544170010011
thetao,W40p0,10,17,-0.0905183043310693,0.0905183043310693
thetao,W10p0,6,8,0.09045859847756826,0.09045859847756826
so,W30p0,8,14,0.09029056102245447,0.09029056102245447
thetao,W20p0,8,11,-0.09021432296901483,0.09021432296901483
thetao,W10p0,8,12,0.09020540256662594,0.09020540256662594
so,W30p0,5,14,0.08933082582729263,0.08933082582729263
so,W40p0,3,20,0.08900154379358331,0.08900154379358331
so,W60p0,7,12,0.08896771530288765,0.08896771530288765
thetao,W10p0,7,18,-0.08891805526178656,0.08891805526178656
so,W60p0,8,18,0.08883324629624416,0.08883324629624416
so,W20p0,2,18,0.0887938938374302,0.0887938938374302
so,W60p0,4,4,0.08876269583730209,0.08876269583730209
so,W10p0,10,19,-0.0887576194793272,0.0887576194793272
so,W10p0,3,18,0.0884264097572767,0.0884264097572767
thetao,W40p0,10,13,-0.08838114514263329,0.08838114514263329
so,W20p0,2,14,-0.0883521473266999,0.0883521473266999
thetao,W30p0,10,8,-0.08819494908643441,0.08819494908643441
thetao,W30p0,8,13,-0.08814426179288022,0.08814426179288022
so,W40p0,10,5,0.08813445463258474,0.08813445463258474
so,W30p0,5,1,-0.08795734386884155,0.08795734386884155
thetao,W40p0,1,16,0.08782532100044946,0.08782532100044946
so,W60p0,8,15,0.08770136284034967,0.08770136284034967
so,W60p0,6,19,-0.08762227614060411,0.08762227614060411
so,W10p0,4,15,-0.08761458575971763,0.08761458575971763
so,W60p0,4,6,0.08757345522786289,0.08757345522786289
thetao,W20p0,10,5,-0.08722709270835285,0.08722709270835285
so,W20p0,9,18,0.08707803693280854,0.08707803693280854
so,W10p0,10,9,-0.08704409367888762,0.08704409367888762
so,W10p0,10,3,-0.08704049230489841,0.08704049230489841
so,W30p0,8,9,0.08674172392905413,0.08674172392905413
so,W60p0,3,16,0.08666207973205559,0.08666207973205559
so,W60p0,8,12,0.08665687745855194,0.08665687745855194
so,W60p0,3,1,-0.08659343535716696,0.08659343535716696
thetao,W30p0,10,0,-0.08628803739106417,0.08628803739106417
thetao,W30p0,9,9,0.08596964229557302,0.08596964229557302
thetao,W60p0,6,20,0.08576884708374041,0.08576884708374041
so,W20p0,3,4,0.08576644471645142,0.08576644471645142
so,W30p0,5,6,-0.08561363516404648,0.08561363516404648
thetao,W10p0,10,0,-0.08560891278775716,0.08560891278775716
so,W10p0,5,18,0.08556153406985316,0.08556153406985316
thetao,W40p0,10,5,0.08521863576186425,0.08521863576186425
thetao,W60p0,7,7,-0.08503690075861559,0.08503690075861559
thetao,W10p0,10,18,-0.08492568342461397,0.08492568342461397
so,W60p0,8,13,0.08460770077397199,0.08460770077397199
so,W10p0,4,7,0.08453696686756113,0.08453696686756113
thetao,W40p0,8,4,0.08452918028281473,0.08452918028281473
thetao,W60p0,8,4,0.08402632595515454,0.08402632595515454
so,W40p0,8,15,0.08398309541706625,0.08398309541706625
so,W10p0,2,7,-0.08384509048057308,0.08384509048057308
so,W40p0,10,11,0.0838256586105757,0.0838256586105757
so,W30p0,5,3,-0.0836826532466417,0.0836826532466417
thetao,W30p0,9,10,0.08352748130031415,0.08352748130031415
so,W60p0,9,15,-0.08342630185292894,0.08342630185292894
so,W40p0,7,12,0.08323532947889788,0.08323532947889788
so,W30p0,8,10,0.08309299746472903,0.08309299746472903
so,W40p0,4,8,-0.08286122966261997,0.08286122966261997
so,W20p0,8,3,-0.08279932299323627,0.08279932299323627
so,W20p0,9,7,0.08261410836586984,0.08261410836586984
so,W20p0,8,19,-0.08260777121692144,0.08260777121692144
so,W30p0,10,11,0.08250896709298967,0.08250896709298967
so,W40p0,5,6,-0.0823514225936008,0.0823514225936008
thetao,W30p0,10,5,0.08228436572865327,0.08228436572865327
so,W60p0,3,10,-0.0822630263793876,0.0822630263793876
thetao,W10p0,7,0,-0.08219793289719823,0.08219793289719823
thetao,W20p0,6,2,-0.08200047680495728,0.08200047680495728
so,W20p0,10,3,0.08185856470956152,0.08185856470956152
thetao,W20p0,8,8,0.08178842831083889,0.08178842831083889
thetao,W40p0,3,18,0.08178696770963528,0.08178696770963528
so,W30p0,8,20,0.08178601702390745,0.08178601702390745
thetao,W10p0,10,20,-0.08175580716228872,0.08175580716228872
so,W20p0,8,14,-0.08171521277311383,0.08171521277311383
so,W30p0,6,16,0.08138571095284447,0.08138571095284447
so,W10p0,6,5,-0.0810239164672465,0.0810239164672465
so,W30p0,2,19,0.0808988957641675,0.0808988957641675
so,W40p0,8,0,0.08082513953706608,0.08082513953706608
so,W20p0,10,7,0.08075882990837281,0.08075882990837281
thetao,W60p0,3,9,-0.08046132663518266,0.08046132663518266
thetao,W60p0,1,17,0.08038165510349883,0.08038165510349883
thetao,W60p0,3,15,-0.07973238983888241,0.07973238983888241
thetao,W30p0,9,4,-0.07973202451754506,0.07973202451754506
so,W30p0,8,5,-0.07972993191424807,0.07972993191424807
so,W20p0,3,1,0.07963066808091994,0.07963066808091994
so,W40p0,8,3,0.07961910507524725,0.07961910507524725
thetao,W30p0,10,1,-0.07958941377842589,0.07958941377842589
thetao,W20p0,5,6,0.07914792521059484,0.07914792521059484
so,W40p0,7,1,0.07899369144374971,0.07899369144374971
thetao,W60p0,3,7,-0.0788806754418793,0.0788806754418793
so,W60p0,4,1,0.07880674848299614,0.07880674848299614
thetao,W40p0,10,4,0.07873046821784495,0.07873046821784495
thetao,W30p0,7,16,0.07872451643985856,0.07872451643985856
so,W40p0,9,3,-0.07831399490191016,0.07831399490191016
thetao,W60p0,3,3,-0.07812825019695037,0.07812825019695037
thetao,W40p0,4,9,0.07812667866729703,0.07812667866729703
thetao,W10p0,7,7,0.07801026350264416,0.07801026350264416
thetao,W40p0,7,16,0.07799947285658602,0.07799947285658602
thetao,W60p0,10,19,-0.07787291883686787,0.07787291883686787
so,W40p0,8,13,0.07745688928547904,0.07745688928547904
thetao,W60p0,3,8,-0.07717463904911245,0.07717463904911245
so,W10p0,8,14,0.07662860551619108,0.07662860551619108
so,W20p0,4,7,-0.07655089881555767,0.07655089881555767
thetao,W20p0,9,1,-0.07638001287803069,0.07638001287803069
so,W30p0,8,13,0.07586861695045868,0.07586861695045868
thetao,W60p0,7,14,0.07576912420834304,0.07576912420834304
so,W40p0,3,16,0.07538892229071799,0.07538892229071799
so,W30p0,7,19,0.07518848170058716,0.07518848170058716
so,W40p0,3,6,-0.07515596052322188,0.07515596052322188
so,W20p0,10,0,0.07497643949893108,0.07497643949893108
thetao,W40p0,3,7,0.07432726293434667,0.07432726293434667
thetao,W40p0,6,8,0.07431766256180615,0.07431766256180615
thetao,W30p0,6,17,0.07426976444584782,0.07426976444584782
so,W30p0,7,18,0.07412226773823012,0.07412226773823012
so,W30p0,7,20,0.07411742222314277,0.07411742222314277
so,W20p0,5,8,0.0736094924956769,0.0736094924956769
so,W40p0,8,2,0.0734873697552346,0.0734873697552346
so,W10p0,10,1,-0.07342549898064067,0.07342549898064067
thetao,W40p0,8,1,0.07334287578627025,0.07334287578627025
so,W40p0,8,1,0.07328972568346938,0.07328972568346938
so,W20p0,5,4,-0.0730928082897793,0.0730928082897793
thetao,W60p0,8,1,-0.07292234282044355,0.07292234282044355
thetao,W60p0,10,3,0.07290319053541473,0.07290319053541473
thetao,W40p0,1,5,0.07288718226074636,0.07288718226074636
so,W10p0,6,9,0.07286005674320821,0.07286005674320821
so,W20p0,9,16,0.07268669551134084,0.07268669551134084
so,W20p0,7,10,0.07265898536991143,0.07265898536991143
so,W60p0,6,10,-0.07253295280423704,0.07253295280423704
thetao,W10p0,3,6,0.07230982940493152,0.07230982940493152
thetao,W40p0,1,13,0.07202804131483398,0.07202804131483398
so,W10p0,8,20,-0.07198618312563959,0.07198618312563959
so,W40p0,10,2,0.07185289786553233,0.07185289786553233
thetao,W60p0,4,7,0.0718037719033896,0.0718037719033896
thetao,W10p0,3,14,0.07175007950058172,0.07175007950058172
so,W60p0,2,3,0.07162436528736783,0.07162436528736783
thetao,W20p0,8,12,-0.07157646079634684,0.07157646079634684
so,W30p0,7,15,0.07148533090738847,0.07148533090738847
so,W40p0,5,2,-0.07134433028348904,0.07134433028348904
so,W30p0,5,17,0.07115616583352397,0.07115616583352397
thetao,W20p0,1,2,0.07106542844945227,0.07106542844945227
so,W60p0,9,13,-0.0708605131050427,0.0708605131050427
so,W10p0,8,1,0.07084633635542369,0.07084633635542369
thetao,W20p0,5,7,0.07080834789304108,0.07080834789304108
thetao,W40p0,4,13,-0.07069113893488092,0.07069113893488092
thetao,W30p0,7,18,0.0706476556005846,0.0706476556005846
thetao,W60p0,4,12,0.07042804559678031,0.07042804559678031
so,W20p0,9,15,0.07011614388505874,0.07011614388505874
so,W40p0,9,2,-0.06986305840689001,0.06986305840689001
thetao,W10p0,7,15,-0.06968360800794726,0.06968360800794726
so,W30p0,7,17,0.06959207339155642,0.06959207339155642
so,W40p0,8,14,0.06945483970897104,0.06945483970897104
thetao,W60p0,6,15,0.06925518142378076,0.06925518142378076
thetao,W60p0,3,6,-0.06920341334462125,0.06920341334462125
thetao,W40p0,3,11,-0.06908756219903153,0.06908756219903153
so,W30p0,3,4,0.06897850705196137,0.06897850705196137
thetao,W10p0,8,7,0.06895302745414324,0.06895302745414324
so,W20p0,5,11,-0.06895181088923533,0.06895181088923533
so,W40p0,8,8,0.06891569165980989,0.06891569165980989
thetao,W60p0,1,18,0.06873556924996625,0.06873556924996625
so,W20p0,5,18,-0.06851423019799674,0.06851423019799674
so,W20p0,7,20,0.06824788766261902,0.06824788766261902
thetao,W60p0,7,12,-0.06816428061075575,0.06816428061075575
so,W30p0,3,17,-0.06761339678174903,0.06761339678174903
so,W20p0,3,20,0.06754237006258468,0.06754237006258468
so,W20p0,9,19,0.0675012533181496,0.0675012533181496
thetao,W30p0,6,19,0.06748929439181292,0.06748929439181292
so,W60p0,2,0,-0.06732511280298856,0.06732511280298856
thetao,W10p0,3,4,-0.06730666793938447,0.06730666793938447
so,W60p0,6,3,-0.06724057119565383,0.06724057119565383
so,W20p0,2,17,0.06721833973751479,0.06721833973751479
so,W60p0,9,14,-0.06711453256587496,0.06711453256587496
thetao,W30p0,6,18,0.06697879328930484,0.06697879328930484
so,W60p0,6,4,-0.06630158434834116,0.06630158434834116
thetao,W30p0,3,7,0.06622806947750032,0.06622806947750032
thetao,W60p0,10,6,-0.06616068496775016,0.06616068496775016
so,W10p0,7,15,-0.06615130029507156,0.06615130029507156
thetao,W10p0,6,3,-0.0661043805913378,0.0661043805913378
thetao,W30p0,9,1,-0.06602741455507734,0.06602741455507734
so,W60p0,3,15,0.06602632935495929,0.06602632935495929
thetao,W10p0,9,3,-0.06596274615045822,0.06596274615045822
so,W40p0,10,10,0.0658137700122762,0.0658137700122762
thetao,W10p0,7,16,-0.06573982800240327,0.06573982800240327
thetao,W10p0,8,2,0.06566308536795384,0.06566308536795384
so,W20p0,2,19,0.0654440394698047,0.0654440394698047
thetao,W40p0,7,15,0.06542860408658539,0.06542860408658539
so,W60p0,8,14,0.06533619000644919,0.06533619000644919
so,W40p0,5,0,0.06525235632717331,0.06525235632717331
thetao,W30p0,10,7,-0.06523917014192472,0.06523917014192472
thetao,W20p0,5,8,0.06516986142361739,0.06516986142361739
thetao,W10p0,4,13,0.06490264252117847,0.06490264252117847
so,W60p0,6,18,-0.06476724633297877,0.06476724633297877
so,W40p0,10,12,0.06471774831017373,0.06471774831017373
so,W20p0,7,9,0.06457248302946601,0.06457248302946601
so,W10p0,6,1,-0.06454666262807691,0.06454666262807691
thetao,W20p0,6,17,0.06426640653342898,0.06426640653342898
thetao,W30p0,7,5,-0.06417776452658287,0.06417776452658287
thetao,W60p0,10,18,-0.06368494523998854,0.06368494523998854
thetao,W10p0,6,4,-0.06365109041641226,0.06365109041641226
so,W60p0,4,0,0.06333126882268911,0.06333126882268911
thetao,W20p0,1,0,-0.0633254990531772,0.0633254990531772
thetao,W30p0,3,11,0.06331952972564574,0.06331952972564574
so,W40p0,6,0,0.06316473539484477,0.06316473539484477
thetao,W10p0,7,1,-0.06304099546212437,0.06304099546212437
thetao,W10p0,7,17,-0.06297539255875712,0.06297539255875712
so,W40p0,6,15,0.06270668447760148,0.06270668447760148
thetao,W60p0,6,14,0.06268420499978215,0.06268420499978215
so,W20p0,9,13,0.0624594203718328,0.0624594203718328
thetao,W10p0,3,13,0.06234434736168952,0.06234434736168952
thetao,W10p0,8,15,0.062208119233850896,0.062208119233850896
so,W40p0,10,13,0.06219030901171224,0.06219030901171224
so,W10p0,7,5,0.062141250940405394,0.062141250940405394
thetao,W10p0,3,8,0.062106343363492,0.062106343363492
thetao,W40p0,10,8,-0.06203914874907856,0.06203914874907856
thetao,W20p0,6,7,0.06171575053679783,0.06171575053679783
thetao,W20p0,6,5,-0.06168748006538293,0.06168748006538293
thetao,W40p0,4,11,0.06138558969687513,0.06138558969687513
thetao,W10p0,8,4,-0.06096586696478208,0.06096586696478208
so,W20p0,9,3,0.06096554003142967,0.06096554003142967
thetao,W60p0,4,9,-0.06091515844220636,0.06091515844220636
so,W40p0,10,4,0.060627466924185,0.060627466924185
thetao,W40p0,5,9,-0.06058176419288412,0.06058176419288412
thetao,W10p0,3,15,0.060456502417638634,0.060456502417638634
thetao,W10p0,10,1,-0.06030740386314753,0.06030740386314753
so,W10p0,3,13,0.060191071125866275,0.060191071125866275
so,W60p0,3,14,0.05989886643285881,0.05989886643285881
so,W40p0,5,20,0.05969193610754988,0.05969193610754988
so,W60p0,2,1,-0.05964336091775481,0.05964336091775481
thetao,W20p0,10,0,0.0595398518186,0.0595398518186
thetao,W30p0,1,5,0.059478613481170756,0.059478613481170756
so,W20p0,7,7,-0.059358730592774564,0.059358730592774564
thetao,W20p0,1,6,0.058987572472221715,0.058987572472221715
thetao,W40p0,8,3,0.05891387519232402,0.05891387519232402
thetao,W10p0,8,6,0.05837059731603759,0.05837059731603759
so,W30p0,8,7,0.058268019456995924,0.058268019456995924
so,W10p0,8,7,0.057985461785096996,0.057985461785096996
so,W40p0,5,14,-0.057745123346589274,0.057745123346589274
so,W10p0,5,5,0.057655237444994706,0.057655237444994706
so,W60p0,1,16,-0.05755405563061584,0.05755405563061584
thetao,W60p0,7,4,-0.05725602314991355,0.05725602314991355
thetao,W60p0,3,13,0.05724225610976667,0.05724225610976667
so,W10p0,4,0,0.057034630223329795,0.057034630223329795
so,W20p0,8,20,-0.05702104098165877,0.05702104098165877
thetao,W20p0,9,4,-0.05679021899342868,0.05679021899342868
thetao,W20p0,3,19,-0.05668682822151149,0.05668682822151149
so,W60p0,8,7,0.05665107765429836,0.05665107765429836
so,W30p0,2,20,0.056504650634987365,0.056504650634987365
thetao,W30p0,9,7,0.056431200362964756,0.056431200362964756
thetao,W60p0,10,17,-0.05623055846685904,0.05623055846685904
thetao,W10p0,7,20,-0.05608000665381158,0.05608000665381158
so,W60p0,8,20,0.055862081793705616,0.055862081793705616
thetao,W30p0,10,15,-0.05579342589219827,0.05579342589219827
so,W60p0,3,13,0.055632226261197265,0.055632226261197265
thetao,W20p0,3,14,-0.055630558675512684,0.055630558675512684
thetao,W40p0,3,12,-0.055610032065923874,0.055610032065923874
thetao,W20p0,6,20,-0.055512558401918904,0.055512558401918904
so,W30p0,5,16,0.05520467689675752,0.05520467689675752
so,W10p0,10,2,-0.05517877950391596,0.05517877950391596
so,W60p0,3,11,-0.05517370972684734,0.05517370972684734
so,W30p0,7,16,0.05507156721021546,0.05507156721021546
thetao,W60p0,7,0,-0.05498638046448779,0.05498638046448779
so,W10p0,4,2,0.05481447418257873,0.05481447418257873
thetao,W20p0,3,0,0.05460468333908945,0.05460468333908945
so,W10p0,2,17,0.05442327028286807,0.05442327028286807
so,W60p0,10,1,0.054296856230615906,0.054296856230615906
so,W10p0,2,13,0.05425143625790232,0.05425143625790232
thetao,W20p0,4,4,-0.05415606552349058,0.05415606552349058
so,W40p0,6,2,0.0536849541148193,0.0536849541148193
thetao,W10p0,8,18,0.05359802534939221,0.05359802534939221
so,W30p0,6,2,0.05357118095135087,0.05357118095135087
so,W40p0,3,14,-0.05356493455845474,0.05356493455845474
thetao,W30p0,6,20,0.05340219170471794,0.05340219170471794
so,W40p0,8,12,0.0530786538196105,0.0530786538196105
thetao,W10p0,8,0,0.05288353812734763,0.05288353812734763
thetao,W10p0,8,1,0.052855359317326905,0.052855359317326905
thetao,W40p0,4,12,-0.052766887493400985,0.052766887493400985
thetao,W60p0,8,0,-0.05260363224219224,0.05260363224219224
so,W20p0,8,9,-0.05256420732488302,0.05256420732488302
so,W10p0,2,11,0.052462750930854576,0.052462750930854576
thetao,W10p0,4,20,-0.05238982208796308,0.05238982208796308
thetao,W20p0,9,0,-0.05218740302774072,0.05218740302774072
thetao,W40p0,4,1,0.052036247957248746,0.052036247957248746
so,W20p0,5,7,0.05189494912011783,0.05189494912011783
so,W30p0,9,13,-0.051800420442073475,0.051800420442073475
thetao,W40p0,4,2,0.05156119690812011,0.05156119690812011
thetao,W30p0,10,20,-0.05152247200822075,0.05152247200822075
thetao,W30p0,7,15,0.05135036798664832,0.05135036798664832
so,W60p0,8,8,0.05130986337064814,0.05130986337064814
so,W20p0,3,3,0.0510884641879074,0.0510884641879074
thetao,W10p0,8,17,0.05095476952597122,0.05095476952597122
thetao,W20p0,3,10,-0.05074050930912005,0.05074050930912005
so,W20p0,4,9,-0.05066312021010951,0.05066312021010951
so,W40p0,8,9,0.05054072041777849,0.05054072041777849
so,W10p0,2,10,0.050442620758742604,0.050442620758742604
so,W30p0,5,0,-0.050267198608272556,0.050267198608272556
so,W40p0,3,12,0.05019409666656307,0.05019409666656307
so,W20p0,10,14,0.05016057360370934,0.05016057360370934
thetao,W20p0,8,14,-0.04996693835121976,0.04996693835121976
so,W20p0,4,8,-0.04987677477271167,0.04987677477271167
so,W60p0,2,8,-0.049533502611635985,0.049533502611635985
thetao,W20p0,4,7,0.04948759902471722,0.04948759902471722
thetao,W40p0,3,4,-0.049294281757419754,0.049294281757419754
thetao,W20p0,4,5,-0.04904489525497691,0.04904489525497691
thetao,W40p0,4,3,0.04884206672444294,0.04884206672444294
thetao,W10p0,3,17,-0.04882816602617445,0.04882816602617445
so,W60p0,10,5,0.04871653649970984,0.04871653649970984
thetao,W10p0,6,0,0.04857419428440967,0.04857419428440967
thetao,W60p0,3,14,0.04836327899239721,0.04836327899239721
so,W10p0,5,7,-0.04825307246222243,0.04825307246222243
thetao,W20p0,8,7,0.04822783468938377,0.04822783468938377
thetao,W60p0,7,13,-0.048177542922096674,0.048177542922096674
so,W30p0,5,18,0.04814288526260458,0.04814288526260458
thetao,W40p0,1,0,0.04790740010610578,0.04790740010610578
thetao,W20p0,4,12,-0.04776458070028926,0.04776458070028926
so,W60p0,4,2,0.04775680194682788,0.04775680194682788
so,W60p0,4,3,0.04771758559925051,0.04771758559925051
so,W60p0,6,5,-0.0476803755223357,0.0476803755223357
thetao,W60p0,7,6,-0.04766333462754001,0.04766333462754001
so,W30p0,3,3,0.04752877065705785,0.04752877065705785
so,W20p0,10,19,-0.047138204786613284,0.047138204786613284
so,W20p0,5,9,0.0471040925688138,0.0471040925688138
thetao,W30p0,10,17,-0.04708853872802829,0.04708853872802829
thetao,W30p0,10,16,-0.04693194180546009,0.04693194180546009
thetao,W30p0,6,10,-0.046892878031749345,0.046892878031749345
so,W30p0,7,11,0.0467161563862918,0.0467161563862918
thetao,W10p0,5,16,0.046060644727924045,0.046060644727924045
so,W40p0,5,1,-0.04580311423872354,0.04580311423872354
thetao,W10p0,7,9,-0.04545047199977742,0.04545047199977742
thetao,W10p0,5,17,0.045431821829821806,0.045431821829821806
thetao,W60p0,3,11,0.04528335936003329,0.04528335936003329
thetao,W60p0,10,15,0.04515999732575921,0.04515999732575921
thetao,W40p0,7,17,0.04500335437314818,0.04500335437314818
thetao,W30p0,1,3,-0.04478057691403812,0.04478057691403812
so,W40p0,8,7,0.04460670718760181,0.04460670718760181
thetao,W60p0,7,2,-0.04451352067511382,0.04451352067511382
thetao,W60p0,7,5,-0.04449187413086145,0.04449187413086145
thetao,W60p0,10,11,0.04448439209105966,0.04448439209105966
thetao,W20p0,3,20,-0.0444171021750239,0.0444171021750239
thetao,W10p0,7,2,0.04434784924175688,0.04434784924175688
thetao,W20p0,8,15,-0.04405717427007253,0.04405717427007253
thetao,W30p0,3,6,0.04387832470458208,0.04387832470458208
thetao,W20p0,9,2,-0.04382507216307042,0.04382507216307042
so,W60p0,10,4,0.043523730065402555,0.043523730065402555
so,W40p0,5,5,-0.043448645285821104,0.043448645285821104
so,W10p0,4,8,0.04331341739851414,0.04331341739851414
so,W40p0,8,6,0.04329775602399381,0.04329775602399381
thetao,W60p0,8,2,-0.04327659029082275,0.04327659029082275
thetao,W40p0,3,19,0.043269312742254734,0.043269312742254734
thetao,W40p0,4,6,0.04293490569177494,0.04293490569177494
thetao,W10p0,7,19,-0.04288714738507435,0.04288714738507435
so,W10p0,3,1,0.04283181531542551,0.04283181531542551
thetao,W10p0,8,5,0.04279248349254902,0.04279248349254902
so,W30p0,7,10,0.0427879701847422,0.0427879701847422
so,W10p0,3,4,-0.04271072341488367,0.04271072341488367
thetao,W60p0,4,11,0.04267479807092323,0.04267479807092323
thetao,W60p0,10,4,0.04262735636842454,0.04262735636842454
thetao,W40p0,6,14,0.04231521319920264,0.04231521319920264
so,W60p0,2,9,-0.04211427789143637,0.04211427789143637
thetao,W40p0,4,5,-0.042081617835143276,0.042081617835143276
thetao,W20p0,10,6,-0.041820878553323525,0.041820878553323525
so,W20p0,10,6,0.04177876040485775,0.04177876040485775
so,W10p0,2,20,-0.04175156732994641,0.04175156732994641
so,W60p0,6,7,0.041723300524789286,0.041723300524789286
so,W10p0,2,14,0.0416265521322234,0.0416265521322234
thetao,W60p0,4,10,-0.04124252604082022,0.04124252604082022
thetao,W30p0,10,9,-0.040914109943922486,0.040914109943922486
so,W30p0,10,3,0.04066986475907293,0.04066986475907293
so,W60p0,2,16,0.04062487858452696,0.04062487858452696
so,W60p0,9,17,-0.04050507821020321,0.04050507821020321
so,W30p0,10,0,-0.04046124555862084,0.04046124555862084
thetao,W20p0,10,2,-0.04028355946256986,0.04028355946256986
so,W20p0,3,2,0.0402221211720515,0.0402221211720515
so,W60p0,8,19,0.04017629126798568,0.04017629126798568
so,W20p0,5,17,-0.04012026144170003,0.04012026144170003
so,W10p0,7,0,-0.04002797012018377,0.04002797012018377
thetao,W10p0,5,15,0.04001192631795445,0.04001192631795445
thetao,W40p0,5,10,-0.03999417294565203,0.03999417294565203
so,W30p0,9,10,-0.039792269865313076,0.039792269865313076
thetao,W40p0,8,2,0.039625851175627114,0.039625851175627114
thetao,W30p0,3,3,-0.03954383396234821,0.03954383396234821
so,W20p0,10,15,0.03926224620243777,0.03926224620243777
so,W10p0,5,17,0.039259992143049524,0.039259992143049524
so,W40p0,3,7,0.03912501289679657,0.03912501289679657
thetao,W30p0,9,5,-0.03893573458165633,0.03893573458165633
so,W60p0,8,9,0.03878274443530472,0.03878274443530472
so,W10p0,5,15,-0.0387760701983233,0.0387760701983233
thetao,W60p0,3,12,-0.03850490589618035,0.03850490589618035
so,W30p0,10,1,-0.03846570907359262,0.03846570907359262
so,W10p0,2,12,0.038306481998246614,0.038306481998246614
so,W10p0,2,16,0.03805044666217295,0.03805044666217295
so,W60p0,6,8,0.037587927435427354,0.037587927435427354
thetao,W10p0,3,7,0.03749323877965261,0.03749323877965261
so,W20p0,9,14,0.03725847243000222,0.03725847243000222
so,W10p0,3,19,0.0371259608300704,0.0371259608300704
so,W10p0,3,3,-0.03709838922371724,0.03709838922371724
thetao,W30p0,1,6,0.037013360804786566,0.037013360804786566
thetao,W10p0,4,10,-0.03699102006924377,0.03699102006924377
so,W30p0,10,2,-0.03695570420410573,0.03695570420410573
so,W40p0,10,3,0.03693578612009824,0.03693578612009824
so,W60p0,10,2,0.03657170687443319,0.03657170687443319
thetao,W20p0,8,9,0.03650975100645301,0.03650975100645301
thetao,W20p0,10,14,-0.036507039061415156,0.036507039061415156
so,W30p0,5,7,-0.03645195169758846,0.03645195169758846
so,W20p0,2,15,-0.036424735917324313,0.036424735917324313
thetao,W20p0,6,1,-0.035917099519963386,0.035917099519963386
thetao,W60p0,1,15,-0.035893189742690436,0.035893189742690436
thetao,W40p0,3,20,-0.035509300837511366,0.035509300837511366
thetao,W20p0,8,5,-0.0354374362385102,0.0354374362385102
thetao,W10p0,7,12,0.03536399810255841,0.03536399810255841
thetao,W10p0,10,12,-0.0352807137537616,0.0352807137537616
so,W30p0,10,9,0.03513562868477833,0.03513562868477833
thetao,W60p0,10,0,0.03474570501060078,0.03474570501060078
thetao,W40p0,7,20,-0.03464499939042272,0.03464499939042272
thetao,W10p0,6,7,0.034642010190656075,0.034642010190656075
so,W20p0,5,5,-0.034535986333080415,0.034535986333080415
thetao,W60p0,10,14,0.034298968651133695,0.034298968651133695
thetao,W40p0,6,15,-0.034274353859070475,0.034274353859070475
thetao,W20p0,10,10,-0.034232581288770436,0.034232581288770436
so,W60p0,8,11,0.03402013457232149,0.03402013457232149
thetao,W20p0,4,1,-0.034018435426596334,0.034018435426596334
so,W10p0,4,1,0.0331103373778652,0.0331103373778652
thetao,W10p0,3,12,0.033096044836796776,0.033096044836796776
so,W10p0,2,18,0.033093085040594224,0.033093085040594224
so,W10p0,6,6,-0.03304227942561541,0.03304227942561541
so,W40p0,7,2,0.03262470551606188,0.03262470551606188
thetao,W60p0,7,1,-0.032463628288358436,0.032463628288358436
thetao,W30p0,6,13,0.03243791839106063,0.03243791839106063
thetao,W60p0,10,1,0.032357948059543354,0.032357948059543354
so,W10p0,4,12,0.03235713395277565,0.03235713395277565
thetao,W10p0,8,3,-0.03233912504322267,0.03233912504322267
thetao,W30p0,10,4,-0.03224356096772278,0.03224356096772278
thetao,W10p0,8,16,0.03216845377028049,0.03216845377028049
thetao,W20p0,4,6,0.03216247146342377,0.03216247146342377
thetao,W10p0,4,18,-0.03170985330368699,0.03170985330368699
so,W60p0,2,19,0.03167665874952944,0.03167665874952944
thetao,W60p0,7,3,-0.03127861761455637,0.03127861761455637
thetao,W20p0,3,3,-0.03125488865043371,0.03125488865043371
so,W20p0,5,12,-0.031223879373795487,0.031223879373795487
so,W10p0,4,11,0.0310313832768983,0.0310313832768983
so,W20p0,10,13,0.030976370395592097,0.030976370395592097
thetao,W10p0,3,9,0.030683113617287525,0.030683113617287525
thetao,W20p0,8,6,-0.0301044677862138,0.0301044677862138
so,W40p0,5,3,-0.029881063922264254,0.029881063922264254
thetao,W20p0,6,3,-0.02969612588825286,0.02969612588825286
so,W10p0,4,13,0.02915072084241616,0.02915072084241616
so,W30p0,5,15,0.029012709436520834,0.029012709436520834
so,W10p0,2,8,-0.028936056430161575,0.028936056430161575
thetao,W10p0,7,14,-0.02892166474491722,0.02892166474491722
thetao,W40p0,10,6,0.02884930805651716,0.02884930805651716
thetao,W30p0,7,20,-0.028687998530644798,0.028687998530644798
so,W10p0,8,2,0.028600526400847325,0.028600526400847325
thetao,W30p0,1,4,0.02853096881672477,0.02853096881672477
so,W10p0,4,14,-0.028530492335436926,0.028530492335436926
so,W10p0,2,15,0.028502442989413526,0.028502442989413526
thetao,W20p0,6,6,0.02849121841957363,0.02849121841957363
so,W40p0,7,3,0.028012622192867986,0.028012622192867986
thetao,W30p0,10,11,0.027981601541956686,0.027981601541956686
so,W10p0,3,11,-0.027919443036484373,0.027919443036484373
so,W10p0,8,15,0.02782052916738366,0.02782052916738366
thetao,W20p0,8,13,-0.027512339554346926,0.027512339554346926
so,W40p0,6,1,0.027494159820411878,0.027494159820411878
thetao,W20p0,10,1,0.02738064201424447,0.02738064201424447
so,W60p0,10,3,0.026922265657111828,0.026922265657111828
so,W40p0,6,16,-0.026711492923488445,0.026711492923488445
thetao,W40p0,10,1,0.026629231827090056,0.026629231827090056
thetao,W60p0,10,13,-0.026181182056690608,0.026181182056690608
thetao,W30p0,6,12,-0.026059330818225646,0.026059330818225646
thetao,W30p0,7,14,0.025942705204564195,0.025942705204564195
so,W10p0,6,7,-0.02590457819653879,0.02590457819653879
thetao,W10p0,8,19,0.025878341808654618,0.025878341808654618
thetao,W10p0,4,19,-0.025610859181184314,0.025610859181184314
so,W60p0,1,20,0.025599831775617213,0.025599831775617213
thetao,W60p0,10,2,0.02553709702297521,0.02553709702297521
so,W60p0,1,17,-0.025513328464658626,0.025513328464658626
thetao,W30p0,7,13,0.025358774942609515,0.025358774942609515
thetao,W40p0,6,3,0.025044473749153372,0.025044473749153372
thetao,W10p0,3,10,-0.025003271636830953,0.025003271636830953
so,W60p0,2,7,-0.024959029771841963,0.024959029771841963
so,W40p0,8,10,0.024822451255063615,0.024822451255063615
thetao,W10p0,8,20,0.024658986553029633,0.024658986553029633
thetao,W40p0,6,9,0.02462685332129508,0.02462685332129508
so,W60p0,2,5,-0.024539484029124828,0.024539484029124828
thetao,W30p0,3,5,0.024223284191871083,0.024223284191871083
thetao,W10p0,4,12,-0.02406407231760029,0.02406407231760029
thetao,W20p0,4,8,0.023930099064290253,0.023930099064290253
thetao,W40p0,6,11,-0.023928608729164656,0.023928608729164656
thetao,W20p0,8,3,-0.023554291436009095,0.023554291436009095
thetao,W60p0,10,20,0.023517912338064377,0.023517912338064377
so,W30p0,3,1,-0.023290397728320943,0.023290397728320943
thetao,W20p0,3,11,0.023239954490663156,0.023239954490663156
so,W10p0,7,17,-0.02317616148372595,0.02317616148372595
thetao,W40p0,10,3,-0.023174332520371523,0.023174332520371523
thetao,W40p0,10,0,-0.023141089470975252,0.023141089470975252
thetao,W20p0,3,1,0.023125367256827938,0.023125367256827938
thetao,W20p0,6,19,0.023060290304669235,0.023060290304669235
thetao,W30p0,10,6,0.022930738999594753,0.022930738999594753
thetao,W20p0,6,18,0.022710876797452137,0.022710876797452137
thetao,W40p0,3,6,0.022351449891130908,0.022351449891130908
thetao,W20p0,8,2,0.022319315050074975,0.022319315050074975
so,W30p0,3,2,0.02226580998708457,0.02226580998708457
so,W40p0,8,11,0.02205825027008229,0.02205825027008229
so,W10p0,2,9,0.02161542822537003,0.02161542822537003
thetao,W40p0,4,4,-0.021559860455210043,0.021559860455210043
so,W30p0,8,6,-0.021165644891183864,0.021165644891183864
thetao,W10p0,7,13,0.020979216064050087,0.020979216064050087
thetao,W10p0,3,5,0.020880198257084374,0.020880198257084374
so,W10p0,3,5,-0.02069975254550029,0.02069975254550029
so,W60p0,2,17,0.020676588235002614,0.020676588235002614
thetao,W10p0,4,15,0.02043831725092799,0.02043831725092799
thetao,W20p0,10,9,0.020419002349355824,0.020419002349355824
thetao,W10p0,3,16,0.020400451556516735,0.020400451556516735
thetao,W40p0,6,13,0.020269417243932546,0.020269417243932546
so,W30p0,6,1,0.02013293236165669,0.02013293236165669
so,W20p0,10,17,-0.019873512802701627,0.019873512802701627
thetao,W20p0,3,13,-0.019855433313242573,0.019855433313242573
thetao,W30p0,9,6,0.01983463633434947,0.01983463633434947
so,W60p0,10,0,0.019707747641118704,0.019707747641118704
so,W60p0,1,18,-0.019659185227654266,0.019659185227654266
thetao,W20p0,9,3,-0.019500149946067274,0.019500149946067274
so,W20p0,10,16,-0.019333801384457474,0.019333801384457474
so,W30p0,6,0,-0.019325482568063032,0.019325482568063032
so,W10p0,8,5,-0.01930730706995551,0.01930730706995551
so,W60p0,6,2,-0.019280638476180292,0.019280638476180292
thetao,W20p0,4,2,0.019093400434969054,0.019093400434969054
thetao,W20p0,1,7,-0.018958495470981034,0.018958495470981034
so,W20p0,9,6,0.01842849322099882,0.01842849322099882
thetao,W20p0,3,12,-0.018414960560962746,0.018414960560962746
thetao,W10p0,7,10,-0.018300131598658478,0.018300131598658478
so,W30p0,5,8,0.018230288188274747,0.018230288188274747
so,W40p0,3,13,-0.018066567164715195,0.018066567164715195
so,W60p0,2,18,0.018006868949771448,0.018006868949771448
so,W10p0,8,3,0.017956223154914765,0.017956223154914765
so,W30p0,9,11,0.017773391379139844,0.017773391379139844
so,W20p0,5,10,-0.017722402445466377,0.017722402445466377
thetao,W20p0,4,10,0.017688512554173294,0.017688512554173294
thetao,W10p0,9,0,-0.0176545601936006,0.0176545601936006
so,W20p0,8,13,-0.017401662083771502,0.017401662083771502
thetao,W60p0,10,5,-0.01737099463436113,0.01737099463436113
so,W10p0,8,19,-0.017320356055791596,0.017320356055791596
so,W10p0,8,4,-0.01691584368206542,0.01691584368206542
so,W60p0,6,0,0.016884300740825423,0.016884300740825423
thetao,W60p0,1,16,0.01685858385247179,0.01685858385247179
thetao,W30p0,10,14,-0.016819330043228234,0.016819330043228234
so,W60p0,6,1,0.01676643882421787,0.01676643882421787
thetao,W30p0,3,4,-0.01643592143738058,0.01643592143738058
thetao,W30p0,6,11,0.01600396801851303,0.01600396801851303
thetao,W10p0,6,5,-0.015691452974243552,0.015691452974243552
thetao,W10p0,6,2,-0.01568392289663706,0.01568392289663706
so,W20p0,2,16,0.01558713813175464,0.01558713813175464
thetao,W10p0,5,18,0.015370646179709334,0.015370646179709334
so,W10p0,4,10,0.01531826076528215,0.01531826076528215
thetao,W40p0,4,14,0.01523905116734906,0.01523905116734906
so,W10p0,3,9,0.0152108498199373,0.0152108498199373
so,W60p0,3,0,-0.01506872167864096,0.01506872167864096
so,W20p0,10,12,0.01489304946077731,0.01489304946077731
thetao,W30p0,7,6,0.014576691871237451,0.014576691871237451
thetao,W40p0,10,7,-0.014220004324071472,0.014220004324071472
thetao,W10p0,7,11,-0.014140501301077841,0.014140501301077841
thetao,W10p0,3,11,-0.014049105629562422,0.014049105629562422
so,W30p0,7,9,-0.014019096967942155,0.014019096967942155
so,W30p0,9,12,-0.013788236765437459,0.013788236765437459
thetao,W20p0,8,10,-0.013598774795312747,0.013598774795312747
thetao,W40p0,3,15,0.013536447902276903,0.013536447902276903
thetao,W20p0,8,0,0.013459957736041405,0.013459957736041405
so,W20p0,5,13,-0.01339665498954191,0.01339665498954191
thetao,W30p0,1,7,-0.013386548416262311,0.013386548416262311
thetao,W20p0,10,8,0.013357772730299823,0.013357772730299823
thetao,W40p0,10,18,0.013211729854590437,0.013211729854590437
thetao,W30p0,10,19,-0.013174631397216977,0.013174631397216977
so,W20p0,8,11,0.013085334702107926,0.013085334702107926
thetao,W30p0,7,19,0.012831097540345402,0.012831097540345402
thetao,W40p0,7,0,-0.012522762625866816,0.012522762625866816
so,W40p0,5,13,-0.012179089497754711,0.012179089497754711
thetao,W40p0,10,2,-0.011993558362689182,0.011993558362689182
so,W30p0,10,10,-0.011988658617377213,0.011988658617377213
so,W20p0,5,14,-0.011690354920510104,0.011690354920510104
thetao,W10p0,6,1,0.011514050922362374,0.011514050922362374
thetao,W60p0,8,3,-0.011509003076919344,0.011509003076919344
so,W10p0,3,20,-0.011300910927293744,0.011300910927293744
thetao,W20p0,8,4,-0.011116773058008319,0.011116773058008319
so,W10p0,5,16,-0.01085904807841131,0.01085904807841131
thetao,W60p0,4,8,0.010783193549119502,0.010783193549119502
thetao,W40p0,3,5,0.010771191981145069,0.010771191981145069
so,W10p0,8,16,-0.010697534202463933,0.010697534202463933
so,W20p0,5,6,0.010683960613454769,0.010683960613454769
so,W60p0,9,16,-0.01045258422568743,0.01045258422568743
thetao,W40p0,7,14,-0.010204468643991353,0.010204468643991353
thetao,W20p0,4,3,0.009683133269057292,0.009683133269057292
so,W60p0,8,10,0.009595053972592568,0.009595053972592568
thetao,W20p0,4,9,0.009515723384657714,0.009515723384657714
so,W10p0,6,0,-0.009498670024732331,0.009498670024732331
so,W60p0,6,6,0.009498379652378312,0.009498379652378312
thetao,W40p0,1,6,-0.00941931691026679,0.00941931691026679
thetao,W40p0,1,12,-0.009252717889120077,0.009252717889120077
so,W20p0,10,5,-0.009164075961608332,0.009164075961608332
so,W60p0,3,12,0.008963064848381939,0.008963064848381939
thetao,W30p0,10,10,-0.00895534487170305,0.00895534487170305
so,W20p0,5,16,-0.008907836357713259,0.008907836357713259
thetao,W40p0,7,18,0.008779857239206126,0.008779857239206126
so,W20p0,9,11,0.008749589087344238,0.008749589087344238
so,W30p0,3,0,-0.008708511777919347,0.008708511777919347
thetao,W60p0,10,16,0.008341939578634891,0.008341939578634891
thetao,W40p0,3,10,-0.00815158900039011,0.00815158900039011
thetao,W30p0,3,14,-0.007820642568830508,0.007820642568830508
so,W20p0,9,5,0.007714705907455507,0.007714705907455507
so,W10p0,3,2,0.007500922921745146,0.007500922921745146
so,W10p0,2,19,-0.0074620313444367006,0.0074620313444367006
so,W10p0,8,18,0.007395098498770238,0.007395098498770238
thetao,W40p0,7,19,-0.0073673379510959085,0.0073673379510959085
so,W10p0,5,6,0.007251144206499976,0.007251144206499976
so,W10p0,3,8,0.0071929500884727795,0.0071929500884727795
so,W10p0,4,9,-0.007164953474689489,0.007164953474689489
so,W10p0,7,7,-0.007154801903951644,0.007154801903951644
thetao,W30p0,10,18,-0.007092867785369459,0.007092867785369459
thetao,W20p0,10,7,0.0070816376114407956,0.0070816376114407956
so,W10p0,6,8,0.006943974522566277,0.006943974522566277
thetao,W20p0,8,1,-0.0069071778028284335,0.0069071778028284335
thetao,W60p0,10,12,-0.006838898312665932,0.006838898312665932
so,W30p0,5,19,-0.006553086584367754,0.006553086584367754
thetao,W30p0,3,13,-0.00627512840713338,0.00627512840713338
so,W60p0,1,19,0.006225313657673103,0.006225313657673103
so,W20p0,8,12,-0.006163724783141011,0.006163724783141011
so,W10p0,7,4,-0.006049928246659898,0.006049928246659898
thetao,W10p0,5,20,0.005805765847960784,0.005805765847960784
so,W20p0,7,8,0.005402194067027799,0.005402194067027799
thetao,W10p0,4,11,0.005335403981094284,0.005335403981094284
thetao,W10p0,5,19,0.004998769176731196,0.004998769176731196
so,W20p0,9,4,0.004981436899470136,0.004981436899470136
so,W40p0,3,15,0.004881783659525878,0.004881783659525878
so,W20p0,8,10,0.004815738547566705,0.004815738547566705
thetao,W20p0,1,1,-0.004597602691016112,0.004597602691016112
so,W60p0,2,6,0.004529057850471433,0.004529057850471433
thetao,W10p0,4,16,0.004476818759658135,0.004476818759658135
so,W20p0,2,20,0.004146892796445618,0.004146892796445618
so,W60p0,2,2,0.0038922874371268997,0.0038922874371268997
so,W10p0,8,6,0.0036897990727478725,0.0036897990727478725
thetao,W40p0,6,12,0.0036883090590961935,0.0036883090590961935
so,W10p0,3,7,-0.0034868378812923984,0.0034868378812923984
thetao,W20p0,3,2,-0.003235567168610499,0.003235567168610499
so,W10p0,3,12,0.0032223930148261182,0.0032223930148261182
so,W20p0,10,4,-0.0031293981871601544,0.0031293981871601544
thetao,W60p0,10,10,-0.0030858856409999467,0.0030858856409999467
thetao,W30p0,3,12,-0.003033196917937633,0.003033196917937633
so,W60p0,6,9,-0.0029395760095166255,0.0029395760095166255
thetao,W20p0,4,13,-0.002836387505633654,0.002836387505633654
thetao,W60p0,3,10,0.0023747452759313,0.0023747452759313
thetao,W10p0,4,17,-0.0023058425450182014,0.0023058425450182014
thetao,W20p0,6,0,0.002214900302574915,0.002214900302574915
so,W10p0,8,17,-0.002053985567982389,0.002053985567982389
so,W10p0,7,16,0.001985488148722123,0.001985488148722123
thetao,W20p0,4,11,0.0018871169229641275,0.0018871169229641275
so,W60p0,2,4,-0.0016733738089344836,0.0016733738089344836
so,W40p0,5,19,0.0015334718305686588,0.0015334718305686588
thetao,W10p0,6,6,0.0012666725853389387,0.0012666725853389387
so,W10p0,3,6,-0.000990594907684102,0.000990594907684102
so,W10p0,3,10,0.000987828833805471,0.000987828833805471
thetao,W40p0,6,10,-0.0009272172912391917,0.0009272172912391917
thetao,W40p0,4,0,0.0008977372374799183,0.0008977372374799183
so,W20p0,5,15,-0.0007015605412127042,0.0007015605412127042
thetao,W10p0,7,8,0.00034644980324540447,0.00034644980324540447
so,W30p0,3,16,0.00026123132885826056,0.00026123132885826056
so,W20p0,10,18,-0.00022148547095562684,0.00022148547095562684
so,W40p0,5,4,9.348792209574176e-05,9.348792209574176e-05
so,W20p0,9,12,-8.230530501404124e-05,8.230530501404124e-05
