var,lon_tag,mode,lag,corr,abs_corr
thetao,W40p0,3,0,0.7554057131741112,0.7554057131741112
thetao,W60p0,2,0,-0.6913690829234974,0.6913690829234974
so,W60p0,1,1,0.6834576443883001,0.6834576443883001
so,W60p0,1,0,0.6796372972277483,0.6796372972277483
so,W60p0,1,2,0.6668430539722602,0.6668430539722602
thetao,W30p0,4,0,0.6631976644803328,0.6631976644803328
so,W60p0,1,3,0.6531855881761888,0.6531855881761888
thetao,W40p0,3,1,0.6514094216194591,0.6514094216194591
thetao,W30p0,4,1,0.648899984493594,0.648899984493594
thetao,W30p0,4,2,0.6324805641972231,0.6324805641972231
so,W30p0,1,3,-0.6310495334619914,0.6310495334619914
so,W30p0,1,8,-0.6273838565055078,0.6273838565055078
so,W30p0,1,7,-0.6240899092459834,0.6240899092459834
thetao,W20p0,1,3,0.6226980753391663,0.6226980753391663
so,W30p0,1,2,-0.619259768782095,0.619259768782095
thetao,W20p0,3,6,-0.6192308418836124,0.6192308418836124
thetao,W60p0,2,1,-0.6160771518219661,0.6160771518219661
so,W30p0,1,5,-0.6138982533077864,0.6138982533077864
so,W40p0,3,0,-0.608919968272124,0.608919968272124
thetao,W30p0,4,3,0.6043740242762101,0.6043740242762101
so,W30p0,1,9,-0.6040713540714777,0.6040713540714777
so,W60p0,1,5,0.6038702020955707,0.6038702020955707
thetao,W20p0,1,4,0.6004788448223007,0.6004788448223007
so,W30p0,1,6,-0.6000775164403296,0.6000775164403296
thetao,W20p0,1,2,0.599905204815481,0.599905204815481
so,W30p0,1,4,-0.5995556802876553,0.5995556802876553
thetao,W10p0,1,0,-0.5965278161841787,0.5965278161841787
thetao,W20p0,3,5,-0.5949249149302175,0.5949249149302175
so,W60p0,1,4,0.590903680257076,0.590903680257076
so,W30p0,1,10,-0.587341464049842,0.587341464049842
thetao,W60p0,2,2,-0.585420952964597,0.585420952964597
so,W30p0,1,11,-0.582652428309013,0.582652428309013
thetao,W60p0,2,3,-0.579040436687902,0.579040436687902
thetao,W20p0,2,0,-0.5780175841646542,0.5780175841646542
thetao,W10p0,1,1,-0.5772277673164512,0.5772277673164512
thetao,W30p0,4,4,0.576364492877574,0.576364492877574
thetao,W60p0,2,4,-0.5723897737757433,0.5723897737757433
thetao,W20p0,1,5,0.5716374061522933,0.5716374061522933
thetao,W10p0,1,5,-0.5711916189839557,0.5711916189839557
thetao,W60p0,7,0,-0.570171029341364,0.570171029341364
thetao,W60p0,2,5,-0.5686752596196273,0.5686752596196273
so,W10p0,4,0,-0.56822868605331,0.56822868605331
so,W40p0,1,13,-0.5658825036774713,0.5658825036774713
so,W30p0,1,12,-0.5652504747035101,0.5652504747035101
thetao,W10p0,1,4,-0.5652479657582177,0.5652479657582177
thetao,W10p0,1,2,-0.5651730725088466,0.5651730725088466
thetao,W20p0,3,4,-0.5621711304992199,0.5621711304992199
so,W40p0,1,12,-0.5618678848607153,0.5618678848607153
so,W60p0,1,6,0.5612620840946247,0.5612620840946247
thetao,W10p0,1,3,-0.5601756931272577,0.5601756931272577
thetao,W20p0,3,7,-0.5599050069172147,0.5599050069172147
thetao,W20p0,3,0,-0.556948326218909,0.556948326218909
so,W40p0,3,1,-0.5556316741271287,0.5556316741271287
so,W10p0,4,1,-0.5527538950877605,0.5527538950877605
so,W30p0,1,1,-0.5526896026849878,0.5526896026849878
thetao,W20p0,1,1,0.5522895330675482,0.5522895330675482
thetao,W20p0,5,0,-0.548538920725385,0.548538920725385
thetao,W10p0,1,6,-0.5481097136175888,0.5481097136175888
thetao,W10p0,1,9,-0.5454261205195914,0.5454261205195914
so,W30p0,1,13,-0.545347092848277,0.545347092848277
thetao,W20p0,1,6,0.5452706041129042,0.5452706041129042
thetao,W20p0,2,10,-0.5412706727312068,0.5412706727312068
thetao,W30p0,1,9,-0.5408816424587184,0.5408816424587184
thetao,W30p0,1,10,-0.5408509461048676,0.5408509461048676
so,W40p0,1,11,-0.5405447164631862,0.5405447164631862
so,W40p0,1,14,-0.5398631102914564,0.5398631102914564
thetao,W20p0,2,9,-0.5396020368820431,0.5396020368820431
thetao,W20p0,2,11,-0.5383282227656254,0.5383282227656254
thetao,W30p0,4,5,0.5376468336083411,0.5376468336083411
so,W10p0,4,3,-0.5373370867514793,0.5373370867514793
thetao,W20p0,3,3,-0.5371223692817544,0.5371223692817544
thetao,W40p0,1,13,-0.5365765995263058,0.5365765995263058
so,W30p0,3,0,0.5357639204994025,0.5357639204994025
so,W40p0,1,9,-0.5340751872538111,0.5340751872538111
thetao,W10p0,1,13,-0.5328693223996431,0.5328693223996431
so,W10p0,4,2,-0.5321936442203453,0.5321936442203453
thetao,W10p0,1,8,-0.5321048736887547,0.5321048736887547
thetao,W60p0,2,6,-0.5315246003860656,0.5315246003860656
thetao,W10p0,1,10,-0.5300852708242747,0.5300852708242747
so,W40p0,2,1,0.5299937016416585,0.5299937016416585
so,W60p0,2,20,0.5296566658911304,0.5296566658911304
so,W10p0,4,4,-0.529205468062458,0.529205468062458
thetao,W10p0,1,7,-0.5290105195150043,0.5290105195150043
thetao,W20p0,2,14,-0.5263287219399796,0.5263287219399796
thetao,W10p0,1,12,-0.5256644661369416,0.5256644661369416
thetao,W40p0,1,12,-0.5247395510435822,0.5247395510435822
thetao,W40p0,1,14,-0.5246244896610203,0.5246244896610203
thetao,W30p0,3,3,0.5243697884402391,0.5243697884402391
so,W10p0,4,5,-0.5236194766182584,0.5236194766182584
thetao,W10p0,1,11,-0.5229074723601734,0.5229074723601734
so,W30p0,1,16,-0.5226246393580549,0.5226246393580549
thetao,W20p0,2,12,-0.5223080753512891,0.5223080753512891
thetao,W30p0,3,2,0.5216641673323575,0.5216641673323575
so,W60p0,2,0,0.5212185521513925,0.5212185521513925
thetao,W20p0,3,1,-0.5211426773988125,0.5211426773988125
thetao,W10p0,1,14,-0.5207689002188867,0.5207689002188867
thetao,W20p0,3,2,-0.5207493941330451,0.5207493941330451
thetao,W20p0,2,13,-0.5192725291544181,0.5192725291544181
so,W30p0,1,17,-0.5172352049483684,0.5172352049483684
thetao,W30p0,1,8,-0.5159326346280174,0.5159326346280174
thetao,W20p0,1,7,0.5158260213158674,0.5158260213158674
thetao,W40p0,3,2,0.5156398672116153,0.5156398672116153
thetao,W40p0,5,9,0.5152967703625224,0.5152967703625224
so,W30p0,1,19,-0.5134554075698289,0.5134554075698289
thetao,W60p0,2,8,-0.5129689176843487,0.5129689176843487
so,W40p0,1,10,-0.5116830031747777,0.5116830031747777
thetao,W20p0,3,8,-0.5112501218036164,0.5112501218036164
so,W60p0,1,7,0.5104345331213914,0.5104345331213914
thetao,W40p0,1,11,-0.5103986174538555,0.5103986174538555
thetao,W30p0,1,11,-0.5094301197230254,0.5094301197230254
so,W40p0,2,2,0.5077200816635155,0.5077200816635155
thetao,W40p0,5,10,0.5072734701213285,0.5072734701213285
thetao,W10p0,1,15,-0.5071881656434394,0.5071881656434394
so,W60p0,1,9,0.5062279800659029,0.5062279800659029
so,W30p0,1,14,-0.505607015827292,0.505607015827292
thetao,W60p0,2,7,-0.5053647169861042,0.5053647169861042
thetao,W30p0,3,4,0.5040874296400002,0.5040874296400002
so,W10p0,4,8,-0.5031529313692807,0.5031529313692807
so,W20p0,6,0,0.5031394749403868,0.5031394749403868
so,W10p0,4,9,-0.5029074225363593,0.5029074225363593
so,W60p0,1,8,0.5019985375579995,0.5019985375579995
so,W60p0,1,16,0.5012133920938695,0.5012133920938695
so,W40p0,1,8,-0.5000733844919759,0.5000733844919759
thetao,W60p0,2,9,-0.4999965113368416,0.4999965113368416
so,W60p0,1,11,0.499691322878517,0.499691322878517
thetao,W10p0,1,16,-0.4995280433364716,0.4995280433364716
thetao,W40p0,5,8,0.4972212984845618,0.4972212984845618
thetao,W20p0,2,8,-0.49711563429389855,0.49711563429389855
thetao,W30p0,4,6,0.4966022120795398,0.4966022120795398
so,W40p0,1,19,-0.49653615516083227,0.49653615516083227
thetao,W10p0,1,17,-0.4941539802150574,0.4941539802150574
so,W40p0,1,15,-0.4937204860904648,0.4937204860904648
so,W30p0,1,20,-0.4930594275860164,0.4930594275860164
so,W40p0,1,7,-0.49267452365841774,0.49267452365841774
so,W40p0,2,0,0.49198929509496,0.49198929509496
so,W60p0,1,17,0.4919802685505497,0.4919802685505497
so,W40p0,1,16,-0.49124463485667924,0.49124463485667924
so,W30p0,1,18,-0.4908418691114992,0.4908418691114992
so,W10p0,4,6,-0.488401821103143,0.488401821103143
thetao,W20p0,2,15,-0.4869607458868516,0.4869607458868516
thetao,W60p0,2,10,-0.48679083219578345,0.48679083219578345
so,W40p0,1,17,-0.4855656318146663,0.4855656318146663
thetao,W40p0,3,4,0.48469105907825505,0.48469105907825505
so,W10p0,4,7,-0.48438577047585346,0.48438577047585346
so,W60p0,1,10,0.4839375262152925,0.4839375262152925
thetao,W30p0,1,12,-0.48341798390601604,0.48341798390601604
thetao,W40p0,1,15,-0.48316641966241225,0.48316641966241225
thetao,W10p0,1,18,-0.4828547846843952,0.4828547846843952
thetao,W10p0,1,19,-0.4821949229656822,0.4821949229656822
so,W30p0,1,15,-0.4818325469770741,0.4818325469770741
thetao,W30p0,1,7,-0.48159038650289243,0.48159038650289243
so,W60p0,2,19,0.4813608764234443,0.4813608764234443
thetao,W20p0,2,6,-0.4813546644928587,0.4813546644928587
thetao,W30p0,3,1,0.48066143245319454,0.48066143245319454
thetao,W40p0,3,5,0.47943514071166987,0.47943514071166987
so,W60p0,1,12,0.4783960589091406,0.4783960589091406
so,W40p0,1,18,-0.47726925666337905,0.47726925666337905
thetao,W60p0,2,11,-0.4750149369449114,0.4750149369449114
thetao,W60p0,2,16,-0.47397034971330837,0.47397034971330837
thetao,W40p0,5,20,0.4713357422764514,0.4713357422764514
thetao,W40p0,5,5,0.4713045837722188,0.4713045837722188
thetao,W20p0,3,9,-0.47117589123762066,0.47117589123762066
thetao,W40p0,1,10,-0.47071046165522834,0.47071046165522834
thetao,W20p0,2,7,-0.4707075066812886,0.4707075066812886
thetao,W30p0,3,5,0.47006951882159637,0.47006951882159637
thetao,W10p0,1,20,-0.47000149519882894,0.47000149519882894
so,W40p0,1,6,-0.4699865348152123,0.4699865348152123
so,W60p0,1,15,0.46995642327054044,0.46995642327054044
so,W20p0,4,6,0.46994169487791243,0.46994169487791243
thetao,W40p0,5,19,0.46916751417412855,0.46916751417412855
thetao,W20p0,2,17,-0.4676957879855179,0.4676957879855179
thetao,W40p0,5,11,0.4674894080995146,0.4674894080995146
thetao,W20p0,2,5,-0.46712824606991626,0.46712824606991626
thetao,W30p0,1,6,-0.46657086131168607,0.46657086131168607
so,W20p0,4,3,0.46538198854336477,0.46538198854336477
thetao,W40p0,5,14,0.46523243881821597,0.46523243881821597
thetao,W40p0,5,6,0.46151565553363577,0.46151565553363577
so,W40p0,3,4,-0.4614425159097912,0.4614425159097912
so,W20p0,4,4,0.46081631648719956,0.46081631648719956
thetao,W60p0,2,17,-0.45996763619202424,0.45996763619202424
so,W40p0,1,5,-0.45802325853771614,0.45802325853771614
so,W60p0,1,14,0.45779308644598615,0.45779308644598615
thetao,W60p0,2,14,-0.45773419559701595,0.45773419559701595
so,W40p0,1,20,-0.4576262336099972,0.4576262336099972
so,W40p0,1,3,-0.4571259878885426,0.4571259878885426
thetao,W60p0,2,13,-0.4565325110330253,0.4565325110330253
thetao,W40p0,1,9,-0.45648434578248925,0.45648434578248925
thetao,W30p0,2,0,-0.45543540180082503,0.45543540180082503
thetao,W40p0,1,17,-0.4541228694096967,0.4541228694096967
thetao,W20p0,2,18,-0.453542081310644,0.453542081310644
thetao,W60p0,2,12,-0.4529344240091278,0.4529344240091278
so,W60p0,1,13,0.45275644624618006,0.45275644624618006
thetao,W20p0,2,16,-0.45260312537357456,0.45260312537357456
thetao,W60p0,2,15,-0.4525163560501915,0.4525163560501915
thetao,W30p0,1,16,-0.4514221638017692,0.4514221638017692
thetao,W40p0,5,18,0.45104643619537044,0.45104643619537044
so,W30p0,9,0,0.450776358317031,0.450776358317031
thetao,W20p0,1,8,0.4498974316646349,0.4498974316646349
thetao,W30p0,1,13,-0.4494277151901778,0.4494277151901778
thetao,W20p0,5,1,-0.44936847170596494,0.44936847170596494
thetao,W20p0,2,1,-0.44881632811292166,0.44881632811292166
thetao,W40p0,5,15,0.4471225232821173,0.4471225232821173
thetao,W40p0,1,16,-0.44617733009105764,0.44617733009105764
thetao,W30p0,3,6,0.44534599834873795,0.44534599834873795
thetao,W40p0,5,12,0.4453004979477718,0.4453004979477718
thetao,W40p0,1,18,-0.44509394451890255,0.44509394451890255
thetao,W40p0,5,7,0.445086261380772,0.445086261380772
thetao,W30p0,1,5,-0.444483119938576,0.444483119938576
thetao,W30p0,3,0,0.44367190158595327,0.44367190158595327
so,W40p0,3,2,-0.44364052716758967,0.44364052716758967
so,W30p0,3,10,0.44329688792070976,0.44329688792070976
thetao,W20p0,3,10,-0.44303718781507495,0.44303718781507495
so,W30p0,3,9,0.44203760121924923,0.44203760121924923
thetao,W20p0,2,19,-0.44157955169434787,0.44157955169434787
thetao,W60p0,6,11,-0.4385701132117365,0.4385701132117365
so,W60p0,2,15,0.4381962978775424,0.4381962978775424
thetao,W40p0,5,4,0.43802585482993356,0.43802585482993356
so,W10p0,4,10,-0.43721409353262114,0.43721409353262114
so,W10p0,4,13,-0.43636179001163805,0.43636179001163805
thetao,W40p0,3,6,0.43528034067995747,0.43528034067995747
so,W20p0,4,2,0.435245028260152,0.435245028260152
thetao,W40p0,3,3,0.43401718677407924,0.43401718677407924
so,W20p0,4,7,0.432322153365324,0.432322153365324
so,W60p0,8,2,0.4310895510415387,0.4310895510415387
so,W60p0,1,18,0.43064176409504645,0.43064176409504645
thetao,W30p0,4,7,0.4298137043358179,0.4298137043358179
so,W40p0,5,2,-0.42960962404815184,0.42960962404815184
so,W20p0,4,5,0.42958446753134366,0.42958446753134366
so,W30p0,3,6,0.4282815010459026,0.4282815010459026
thetao,W30p0,1,15,-0.42787503204689564,0.42787503204689564
thetao,W60p0,6,5,-0.42719388313957635,0.42719388313957635
thetao,W40p0,1,19,-0.4267134698038615,0.4267134698038615
so,W60p0,2,18,0.4264155502002509,0.4264155502002509
thetao,W20p0,2,4,-0.426126268280366,0.426126268280366
thetao,W30p0,1,14,-0.42480334596360536,0.42480334596360536
thetao,W40p0,1,8,-0.42146365832081667,0.42146365832081667
thetao,W60p0,6,9,-0.421361934246944,0.421361934246944
thetao,W40p0,5,13,0.4207956575686607,0.4207956575686607
thetao,W20p0,2,20,-0.419599375925299,0.419599375925299
thetao,W60p0,2,18,-0.4194792008872046,0.4194792008872046
thetao,W20p0,3,14,-0.41902238982190115,0.41902238982190115
so,W40p0,1,4,-0.4190134068293901,0.4190134068293901
thetao,W30p0,8,2,0.418565640782365,0.418565640782365
so,W60p0,2,1,0.4181249643636232,0.4181249643636232
so,W10p0,4,12,-0.4168210969908071,0.4168210969908071
so,W10p0,4,14,-0.4167056598195748,0.4167056598195748
thetao,W60p0,6,12,-0.41534337571267704,0.41534337571267704
thetao,W30p0,1,17,-0.41483815234988614,0.41483815234988614
thetao,W40p0,5,17,0.414303004454742,0.414303004454742
so,W40p0,1,2,-0.4141683838074145,0.4141683838074145
thetao,W40p0,6,3,0.4139557919541512,0.4139557919541512
thetao,W40p0,5,16,0.4129144721222547,0.4129144721222547
so,W60p0,2,16,0.4104964337404929,0.4104964337404929
thetao,W30p0,8,3,0.4090054748156217,0.4090054748156217
thetao,W60p0,6,10,-0.40799440992506986,0.40799440992506986
thetao,W20p0,2,2,-0.4079889728917619,0.4079889728917619
thetao,W40p0,2,5,-0.40756070582442405,0.40756070582442405
thetao,W30p0,1,4,-0.4056207719075132,0.4056207719075132
thetao,W40p0,6,2,0.4053364230467408,0.4053364230467408
so,W40p0,3,6,-0.4048141738823261,0.4048141738823261
thetao,W30p0,3,7,0.4030621170765157,0.4030621170765157
thetao,W40p0,1,20,-0.40255366941043413,0.40255366941043413
thetao,W40p0,2,6,-0.4025525779690514,0.4025525779690514
thetao,W60p0,6,16,-0.4023475012547558,0.4023475012547558
so,W20p0,4,11,0.4019747927081035,0.4019747927081035
thetao,W60p0,6,6,-0.40148783206778305,0.40148783206778305
so,W10p0,4,11,-0.40066952700794384,0.40066952700794384
thetao,W40p0,2,8,-0.40061482031352036,0.40061482031352036
so,W60p0,9,2,0.4002226640306111,0.4002226640306111
so,W60p0,9,1,0.4000688480411193,0.4000688480411193
thetao,W20p0,3,13,-0.3982757695091507,0.3982757695091507
thetao,W20p0,5,2,-0.39807761809231224,0.39807761809231224
so,W40p0,3,5,-0.39794813147774266,0.39794813147774266
so,W20p0,5,4,0.3971868117644697,0.3971868117644697
so,W30p0,3,1,0.3966976852335794,0.3966976852335794
so,W60p0,2,17,0.39646063603376575,0.39646063603376575
so,W40p0,2,3,0.3963832265366508,0.3963832265366508
thetao,W40p0,2,7,-0.39623634979740646,0.39623634979740646
so,W40p0,3,3,-0.3957836192381912,0.3957836192381912
so,W40p0,3,7,-0.3949802545810298,0.3949802545810298
thetao,W20p0,3,20,-0.3948078901876432,0.3948078901876432
thetao,W60p0,6,8,-0.39427240959169757,0.39427240959169757
so,W10p0,4,15,-0.3933479532430028,0.3933479532430028
so,W20p0,2,2,0.3932409614205802,0.3932409614205802
thetao,W60p0,6,13,-0.3930045762050375,0.3930045762050375
thetao,W60p0,6,15,-0.3928454733345342,0.3928454733345342
thetao,W40p0,1,7,-0.39262251851120866,0.39262251851120866
so,W30p0,1,0,-0.39217489034983555,0.39217489034983555
thetao,W60p0,2,19,-0.3908106944006809,0.3908106944006809
so,W20p0,4,1,0.39078164382551744,0.39078164382551744
so,W10p0,1,18,-0.3903322987408216,0.3903322987408216
thetao,W20p0,3,15,-0.3902946310923768,0.3902946310923768
so,W30p0,2,0,0.3902191932932015,0.3902191932932015
so,W20p0,4,10,0.39001616981012366,0.39001616981012366
thetao,W20p0,3,17,-0.39000635736731976,0.39000635736731976
thetao,W60p0,6,4,-0.3889753842911703,0.3889753842911703
thetao,W20p0,2,3,-0.38842228385218025,0.38842228385218025
so,W60p0,8,1,0.3873042265624199,0.3873042265624199
thetao,W40p0,3,7,0.38692938513220876,0.38692938513220876
so,W20p0,5,7,0.38607766321570347,0.38607766321570347
so,W30p0,3,4,0.3857933428444039,0.3857933428444039
so,W20p0,6,1,0.3844388995720748,0.3844388995720748
thetao,W30p0,4,10,0.3837918101097583,0.3837918101097583
thetao,W60p0,6,7,-0.38357695554618865,0.38357695554618865
so,W30p0,3,7,0.3820827731274416,0.3820827731274416
thetao,W20p0,3,16,-0.38199282612820473,0.38199282612820473
thetao,W60p0,6,3,-0.38142700760967596,0.38142700760967596
so,W60p0,9,4,0.3809996354078024,0.3809996354078024
thetao,W30p0,4,8,0.38074809755038025,0.38074809755038025
thetao,W30p0,1,19,-0.3799741192329812,0.3799741192329812
so,W60p0,2,14,0.37991382098938387,0.37991382098938387
so,W40p0,2,4,0.3789858973444006,0.3789858973444006
thetao,W60p0,2,20,-0.378559444612704,0.378559444612704
so,W30p0,9,1,0.3775587607644233,0.3775587607644233
so,W60p0,9,3,0.37755102628924503,0.37755102628924503
so,W10p0,1,19,-0.37747970957431765,0.37747970957431765
thetao,W20p0,1,9,0.3765199026942833,0.3765199026942833
so,W20p0,5,2,0.37632132279343594,0.37632132279343594
thetao,W30p0,1,18,-0.37605164595499607,0.37605164595499607
thetao,W40p0,2,9,-0.3757127923025363,0.3757127923025363
thetao,W30p0,1,20,-0.3755574840229092,0.3755574840229092
so,W20p0,5,8,0.37523310444924174,0.37523310444924174
thetao,W60p0,6,14,-0.37463754895230733,0.37463754895230733
thetao,W60p0,6,20,-0.3746337787198295,0.3746337787198295
thetao,W40p0,1,6,-0.37330198810038673,0.37330198810038673
so,W60p0,1,19,0.37327621573794595,0.37327621573794595
thetao,W40p0,2,4,-0.3725334827162707,0.3725334827162707
thetao,W30p0,4,9,0.3719707489963569,0.3719707489963569
so,W60p0,9,6,0.37130154041470115,0.37130154041470115
thetao,W60p0,7,1,-0.3707454979020992,0.3707454979020992
thetao,W60p0,4,1,-0.3704014926776769,0.3704014926776769
thetao,W60p0,3,3,0.36988276973510703,0.36988276973510703
thetao,W20p0,3,18,-0.3696488592831613,0.3696488592831613
so,W10p0,1,17,-0.3694034795712313,0.3694034795712313
thetao,W40p0,3,16,0.36859630832039997,0.36859630832039997
so,W30p0,3,5,0.368387185380319,0.368387185380319
so,W30p0,3,8,0.36811197480948893,0.36811197480948893
thetao,W60p0,6,19,-0.3681039783005164,0.3681039783005164
so,W10p0,1,20,-0.36791584669258637,0.36791584669258637
thetao,W40p0,4,9,0.3674613542213493,0.3674613542213493
so,W40p0,3,8,-0.36707240528252627,0.36707240528252627
thetao,W20p0,9,2,-0.36621251893363665,0.36621251893363665
thetao,W20p0,5,3,-0.3655124196160719,0.3655124196160719
so,W20p0,4,12,0.3654565476564122,0.3654565476564122
thetao,W40p0,3,19,0.3653696282138524,0.3653696282138524
thetao,W20p0,3,11,-0.3648933041091053,0.3648933041091053
so,W10p0,4,16,-0.36474109674549915,0.36474109674549915
so,W30p0,3,11,0.3643232737694214,0.3643232737694214
thetao,W30p0,3,8,0.36319329745098755,0.36319329745098755
thetao,W20p0,1,0,0.3619366791060827,0.3619366791060827
so,W30p0,3,15,0.3616805828268253,0.3616805828268253
thetao,W40p0,3,20,0.3611506341103058,0.3611506341103058
so,W10p0,1,16,-0.3611303078294421,0.3611303078294421
thetao,W40p0,2,10,-0.3594965962753705,0.3594965962753705
thetao,W20p0,9,3,-0.3591721717526291,0.3591721717526291
thetao,W60p0,10,18,-0.3588570933811159,0.3588570933811159
so,W60p0,6,9,-0.358020413448029,0.358020413448029
so,W20p0,5,5,0.3571793353660433,0.3571793353660433
so,W20p0,2,1,0.3568897693836104,0.3568897693836104
so,W20p0,5,1,0.35661276991165763,0.35661276991165763
thetao,W20p0,3,19,-0.35385648053735264,0.35385648053735264
thetao,W40p0,2,0,-0.35365237948088835,0.35365237948088835
so,W30p0,3,14,0.35364108612740575,0.35364108612740575
thetao,W30p0,1,3,-0.3534655758290797,0.3534655758290797
so,W60p0,6,8,-0.3534077905721627,0.3534077905721627
thetao,W40p0,1,3,-0.3533534630653533,0.3533534630653533
thetao,W20p0,8,11,0.3531112659355894,0.3531112659355894
so,W20p0,5,3,0.3528005036308364,0.3528005036308364
so,W60p0,9,5,0.3522735265246048,0.3522735265246048
so,W10p0,1,13,-0.3519926395467353,0.3519926395467353
so,W10p0,1,12,-0.35170517797097994,0.35170517797097994
thetao,W40p0,3,8,0.35119207908560607,0.35119207908560607
thetao,W30p0,3,9,0.35068848172210354,0.35068848172210354
so,W40p0,5,1,-0.35046148256626547,0.35046148256626547
thetao,W20p0,8,16,0.34986856107029296,0.34986856107029296
thetao,W60p0,3,7,0.3497815519827061,0.3497815519827061
so,W30p0,3,12,0.34949615083367636,0.34949615083367636
thetao,W20p0,3,12,-0.34890203072419423,0.34890203072419423
thetao,W40p0,3,15,0.3486946176866713,0.3486946176866713
so,W40p0,5,3,-0.34771511786847203,0.34771511786847203
thetao,W40p0,3,18,0.3470660549205497,0.3470660549205497
thetao,W40p0,1,5,-0.34626857985520054,0.34626857985520054
thetao,W40p0,3,10,0.34594965739614014,0.34594965739614014
so,W20p0,2,3,0.3458140129764675,0.3458140129764675
thetao,W20p0,7,19,0.34543032902289267,0.34543032902289267
thetao,W30p0,4,11,0.3443716880655999,0.3443716880655999
so,W20p0,4,16,0.34400934015287304,0.34400934015287304
thetao,W10p0,9,20,-0.34297725223132847,0.34297725223132847
so,W10p0,1,14,-0.3428990557964843,0.3428990557964843
so,W20p0,4,17,0.3427721991960617,0.3427721991960617
so,W20p0,4,8,0.3426732590617817,0.3426732590617817
thetao,W40p0,1,4,-0.3413353948110109,0.3413353948110109
thetao,W40p0,5,3,0.34129448730550294,0.34129448730550294
so,W10p0,1,11,-0.3410389585545429,0.3410389585545429
thetao,W20p0,5,4,-0.3406607300217954,0.3406607300217954
so,W10p0,1,15,-0.34051511035263143,0.34051511035263143
so,W10p0,5,16,-0.3403173849764048,0.3403173849764048
so,W60p0,1,20,0.3389762277002879,0.3389762277002879
thetao,W30p0,3,10,0.3379974050333246,0.3379974050333246
so,W40p0,5,0,-0.33749687483079976,0.33749687483079976
so,W10p0,4,17,-0.3364523641744132,0.3364523641744132
thetao,W40p0,3,17,0.33643426527868614,0.33643426527868614
thetao,W60p0,4,2,-0.33619690481643993,0.33619690481643993
so,W40p0,3,9,-0.3356151252590282,0.3356151252590282
thetao,W20p0,7,20,0.3344861947540632,0.3344861947540632
thetao,W10p0,4,8,-0.3335436465722892,0.3335436465722892
so,W30p0,3,3,0.33344401210750885,0.33344401210750885
so,W40p0,2,19,0.333262706930384,0.333262706930384
so,W40p0,3,10,-0.33305567633563765,0.33305567633563765
so,W20p0,4,14,0.3329686821380034,0.3329686821380034
thetao,W20p0,8,12,0.3326140124744914,0.3326140124744914
so,W60p0,8,4,0.3323390720533282,0.3323390720533282
so,W40p0,2,20,0.3311147216546316,0.3311147216546316
thetao,W40p0,2,1,-0.3310296483093409,0.3310296483093409
thetao,W30p0,8,1,0.33101495602642356,0.33101495602642356
so,W20p0,4,9,0.3310013862617896,0.3310013862617896
thetao,W60p0,3,2,0.33072354880487725,0.33072354880487725
thetao,W30p0,8,20,0.3305630027508506,0.3305630027508506
so,W40p0,1,1,-0.33030980246033315,0.33030980246033315
thetao,W10p0,4,0,-0.32970559964715024,0.32970559964715024
thetao,W60p0,4,0,-0.3295731031990397,0.3295731031990397
thetao,W10p0,4,9,-0.3292858450971047,0.3292858450971047
so,W10p0,5,18,-0.3291727297947429,0.3291727297947429
thetao,W40p0,3,9,0.3284046878931438,0.3284046878931438
so,W20p0,1,13,-0.3266779123100215,0.3266779123100215
thetao,W20p0,9,1,-0.3261538112824087,0.3261538112824087
so,W60p0,6,7,-0.32604658958099586,0.32604658958099586
so,W60p0,2,10,0.3258565108535968,0.3258565108535968
so,W10p0,9,8,-0.3253863955418817,0.3253863955418817
so,W20p0,6,2,0.32502056530073875,0.32502056530073875
thetao,W60p0,3,5,0.3247924580591764,0.3247924580591764
thetao,W60p0,6,17,-0.3242845744200104,0.3242845744200104
so,W40p0,2,5,0.32421891326765306,0.32421891326765306
thetao,W60p0,3,8,0.3239411955135287,0.3239411955135287
so,W20p0,5,6,0.32346163399043604,0.32346163399043604
thetao,W40p0,1,2,-0.3234252000275824,0.3234252000275824
so,W30p0,3,2,0.3233586371059124,0.3233586371059124
so,W20p0,4,15,0.32328792132388684,0.32328792132388684
so,W60p0,2,2,0.32280957560638024,0.32280957560638024
thetao,W40p0,4,10,0.32279354463760196,0.32279354463760196
so,W20p0,6,9,0.32209111121388656,0.32209111121388656
so,W30p0,9,2,0.3220726196192329,0.3220726196192329
thetao,W40p0,3,14,0.32204517094580937,0.32204517094580937
so,W40p0,2,7,0.3211492563450952,0.3211492563450952
so,W60p0,2,13,0.32071710721724944,0.32071710721724944
thetao,W60p0,3,6,0.31979180776088334,0.31979180776088334
thetao,W30p0,6,9,-0.31948983165661293,0.31948983165661293
thetao,W40p0,2,11,-0.3193185400233206,0.3193185400233206
thetao,W20p0,1,10,0.31855504500302384,0.31855504500302384
thetao,W20p0,7,18,0.3176241286400381,0.3176241286400381
so,W40p0,3,15,-0.317433515593574,0.317433515593574
so,W60p0,2,7,0.31723655535080036,0.31723655535080036
thetao,W30p0,8,8,0.31719675232050015,0.31719675232050015
thetao,W40p0,2,3,-0.31719354151150525,0.31719354151150525
thetao,W30p0,1,2,-0.3171874942218357,0.3171874942218357
so,W20p0,8,0,-0.31678077985597697,0.31678077985597697
thetao,W20p0,8,17,0.31670778234266256,0.31670778234266256
so,W60p0,8,0,0.3159871003787932,0.3159871003787932
thetao,W40p0,5,1,0.3158392672198111,0.3158392672198111
thetao,W30p0,8,4,0.31565239857531346,0.31565239857531346
so,W10p0,5,19,-0.315239345669853,0.315239345669853
thetao,W30p0,2,18,-0.31507147742727976,0.31507147742727976
thetao,W20p0,8,14,0.3148860588305653,0.3148860588305653
thetao,W30p0,8,12,0.31486159311574546,0.31486159311574546
so,W20p0,6,5,0.3147859696614314,0.3147859696614314
thetao,W60p0,6,2,-0.31441921955660684,0.31441921955660684
so,W60p0,2,3,0.3142101716926745,0.3142101716926745
thetao,W20p0,5,5,-0.3141534638050932,0.3141534638050932
thetao,W60p0,1,15,-0.3133255319802624,0.3133255319802624
so,W30p0,3,13,0.3125719972659636,0.3125719972659636
so,W60p0,2,11,0.31244181216789874,0.31244181216789874
thetao,W60p0,10,19,-0.3122505737323902,0.3122505737323902
so,W20p0,1,14,-0.3120113874431703,0.3120113874431703
so,W60p0,2,4,0.31195502140269454,0.31195502140269454
thetao,W10p0,4,1,-0.31163678746630363,0.31163678746630363
thetao,W20p0,8,13,0.3109717694492829,0.3109717694492829
thetao,W40p0,6,5,0.3108654021356944,0.3108654021356944
so,W10p0,5,17,-0.31004095372829205,0.31004095372829205
so,W30p0,8,2,-0.3097465845590516,0.3097465845590516
thetao,W40p0,6,4,0.30972134681067526,0.30972134681067526
thetao,W40p0,5,0,0.3090318721506576,0.3090318721506576
so,W10p0,10,12,0.30862385686777405,0.30862385686777405
thetao,W40p0,10,0,-0.3079398263268867,0.3079398263268867
so,W10p0,1,1,-0.3075648245304969,0.3075648245304969
thetao,W30p0,3,11,0.30734211717663834,0.30734211717663834
so,W10p0,1,10,-0.3068614313510658,0.3068614313510658
so,W20p0,4,13,0.30657008650706596,0.30657008650706596
thetao,W30p0,6,16,-0.3060157751740515,0.3060157751740515
thetao,W30p0,8,5,0.3060109058001312,0.3060109058001312
so,W40p0,2,6,0.30572656246053126,0.30572656246053126
so,W10p0,1,2,-0.30524154825144384,0.30524154825144384
thetao,W60p0,3,9,0.30514239651763225,0.30514239651763225
so,W60p0,2,12,0.3039806098422121,0.3039806098422121
thetao,W60p0,3,4,0.3039260375151731,0.3039260375151731
thetao,W60p0,1,11,-0.30222894538321915,0.30222894538321915
thetao,W30p0,9,0,-0.30155692090943664,0.30155692090943664
thetao,W60p0,3,10,0.30126587339457644,0.30126587339457644
thetao,W10p0,4,7,-0.3004954755708671,0.3004954755708671
thetao,W30p0,9,20,-0.2991846717113674,0.2991846717113674
so,W60p0,2,6,0.299143788214577,0.299143788214577
so,W20p0,4,18,0.29864218340018434,0.29864218340018434
thetao,W60p0,1,12,-0.2983708530848701,0.2983708530848701
thetao,W10p0,5,20,-0.2977841971673424,0.2977841971673424
thetao,W30p0,6,10,-0.29762427408371983,0.29762427408371983
so,W10p0,5,13,-0.2965465354682071,0.2965465354682071
so,W30p0,10,3,0.29631129199401535,0.29631129199401535
so,W10p0,9,7,-0.29608013415114065,0.29608013415114065
thetao,W20p0,8,10,0.2953712006222434,0.2953712006222434
so,W20p0,1,8,-0.29509582064316464,0.29509582064316464
so,W30p0,10,2,0.294805977730341,0.294805977730341
so,W10p0,4,18,-0.29435522532828007,0.29435522532828007
thetao,W60p0,1,10,-0.29412021685004286,0.29412021685004286
thetao,W40p0,2,2,-0.2939254866783785,0.2939254866783785
so,W40p0,5,5,-0.2936115738184655,0.2936115738184655
so,W20p0,6,10,0.2933427772439228,0.2933427772439228
thetao,W30p0,2,19,-0.29331571746219276,0.29331571746219276
thetao,W30p0,1,1,-0.2931677806804259,0.2931677806804259
thetao,W40p0,5,2,0.29300231999629694,0.29300231999629694
so,W60p0,9,8,0.2928537331405098,0.2928537331405098
so,W60p0,2,9,0.29222197959338236,0.29222197959338236
thetao,W60p0,10,17,-0.291903965473276,0.291903965473276
thetao,W60p0,1,14,-0.29158922063823495,0.29158922063823495
thetao,W60p0,1,9,-0.2914893961506009,0.2914893961506009
thetao,W40p0,3,11,0.2913838399904206,0.2913838399904206
thetao,W20p0,8,8,0.2906609565094916,0.2906609565094916
so,W10p0,5,5,-0.28986242624798936,0.28986242624798936
thetao,W60p0,10,14,-0.2897566572842509,0.2897566572842509
thetao,W30p0,8,7,0.28948490054684045,0.28948490054684045
so,W40p0,5,4,-0.2894447834730815,0.2894447834730815
thetao,W40p0,4,8,0.2894372249166877,0.2894372249166877
thetao,W10p0,4,5,-0.2892429956438283,0.2892429956438283
so,W40p0,6,0,-0.2891567995224615,0.2891567995224615
thetao,W30p0,4,12,0.28910219522058594,0.28910219522058594
thetao,W20p0,7,17,0.288545761069241,0.288545761069241
so,W40p0,4,7,-0.288441957470368,0.288441957470368
so,W10p0,5,15,-0.28837397757466343,0.28837397757466343
so,W10p0,5,20,-0.2881649658481052,0.2881649658481052
thetao,W10p0,4,3,-0.28814799028018934,0.28814799028018934
thetao,W20p0,4,3,0.28751596431955784,0.28751596431955784
so,W20p0,2,19,0.2872221124174407,0.2872221124174407
so,W20p0,2,17,0.28714850584321244,0.28714850584321244
so,W10p0,1,7,-0.2864997763167177,0.2864997763167177
thetao,W30p0,2,14,-0.285985363824791,0.285985363824791
so,W40p0,6,1,-0.285874419234862,0.285874419234862
so,W10p0,1,3,-0.2855753553632876,0.2855753553632876
so,W40p0,4,5,-0.28545590819426353,0.28545590819426353
so,W20p0,10,16,-0.28471609720473307,0.28471609720473307
so,W20p0,2,20,0.2846369287708338,0.2846369287708338
so,W20p0,1,9,-0.2838723992586959,0.2838723992586959
so,W10p0,5,6,-0.2831691658206206,0.2831691658206206
thetao,W20p0,4,2,0.2831356933903925,0.2831356933903925
thetao,W30p0,4,14,0.2819891804228627,0.2819891804228627
thetao,W40p0,10,2,-0.2819514638440861,0.2819514638440861
so,W30p0,5,4,-0.2818162037510859,0.2818162037510859
thetao,W60p0,4,3,-0.2817318317471618,0.2817318317471618
thetao,W60p0,1,13,-0.2814901641751413,0.2814901641751413
thetao,W30p0,9,18,-0.28110403360061886,0.28110403360061886
thetao,W30p0,9,19,-0.28103544680999965,0.28103544680999965
so,W30p0,8,1,-0.28068183056510626,0.28068183056510626
thetao,W40p0,6,8,0.280624928408238,0.280624928408238
thetao,W40p0,3,13,0.28052849948256864,0.28052849948256864
so,W20p0,1,19,-0.280091825723712,0.280091825723712
so,W10p0,4,20,-0.2799871935058179,0.2799871935058179
thetao,W60p0,1,8,-0.2793048671186715,0.2793048671186715
thetao,W60p0,6,18,-0.2792049806656014,0.2792049806656014
so,W10p0,5,14,-0.27909432276443563,0.27909432276443563
thetao,W30p0,2,20,-0.27894380206660785,0.27894380206660785
so,W60p0,6,10,-0.2785464269460535,0.2785464269460535
so,W60p0,2,5,0.27853092648575306,0.27853092648575306
so,W10p0,4,19,-0.2775014689965814,0.2775014689965814
so,W40p0,2,18,0.27744154802192206,0.27744154802192206
thetao,W30p0,8,6,0.27711777012702976,0.27711777012702976
so,W20p0,7,15,0.2769332180889853,0.2769332180889853
thetao,W30p0,6,8,-0.2768975622046939,0.2768975622046939
so,W60p0,2,8,0.2768102066504325,0.2768102066504325
thetao,W30p0,10,5,0.2767473044559855,0.2767473044559855
so,W20p0,6,6,0.2766037733472254,0.2766037733472254
so,W20p0,1,0,-0.2765891299160785,0.2765891299160785
so,W10p0,1,0,-0.2765639085372279,0.2765639085372279
thetao,W40p0,6,9,0.27608648350016096,0.27608648350016096
so,W10p0,1,6,-0.2759029221894711,0.2759029221894711
so,W20p0,5,12,0.27587211331524436,0.27587211331524436
so,W10p0,9,9,-0.2755195548830718,0.2755195548830718
thetao,W30p0,4,13,0.27539574226604685,0.27539574226604685
thetao,W20p0,8,19,0.27490977595605687,0.27490977595605687
thetao,W10p0,4,10,-0.2744490914623958,0.2744490914623958
so,W30p0,8,3,-0.27438582361796354,0.27438582361796354
so,W40p0,5,7,-0.27375261882198026,0.27375261882198026
thetao,W20p0,8,9,0.2734741843704647,0.2734741843704647
thetao,W30p0,2,17,-0.27322941120456506,0.27322941120456506
so,W20p0,1,12,-0.27319228099211773,0.27319228099211773
thetao,W40p0,2,12,-0.2730760529066743,0.2730760529066743
thetao,W60p0,3,11,0.2729693905670213,0.2729693905670213
so,W40p0,6,5,-0.2724817110230461,0.2724817110230461
so,W10p0,1,4,-0.272372382141937,0.272372382141937
thetao,W40p0,3,12,0.271939289117296,0.271939289117296
thetao,W30p0,2,15,-0.2716990409733972,0.2716990409733972
thetao,W10p0,4,4,-0.27164640088180897,0.27164640088180897
so,W40p0,2,8,0.27128612573033295,0.27128612573033295
thetao,W40p0,1,1,-0.27093559636197406,0.27093559636197406
so,W10p0,5,12,-0.27075489044102546,0.27075489044102546
thetao,W60p0,10,20,-0.27067916851124507,0.27067916851124507
so,W60p0,6,5,-0.27064841122025945,0.27064841122025945
thetao,W10p0,9,14,-0.2704654571489673,0.2704654571489673
thetao,W20p0,5,6,-0.27002786822246316,0.27002786822246316
thetao,W10p0,4,6,-0.269957886007156,0.269957886007156
so,W20p0,4,19,0.26992075967638546,0.26992075967638546
so,W20p0,10,14,-0.2697406545629689,0.2697406545629689
thetao,W20p0,8,15,0.26946003720796996,0.26946003720796996
thetao,W10p0,4,11,-0.26926376466902996,0.26926376466902996
thetao,W10p0,4,2,-0.2692393521680263,0.2692393521680263
so,W60p0,6,6,-0.26887994049617897,0.26887994049617897
thetao,W20p0,8,18,0.26858200940754867,0.26858200940754867
so,W40p0,4,6,-0.26846302696495294,0.26846302696495294
thetao,W30p0,3,12,0.26841609417638784,0.26841609417638784
thetao,W40p0,4,15,0.26841169176633334,0.26841169176633334
so,W20p0,1,17,-0.26811886977602517,0.26811886977602517
so,W40p0,2,16,0.2681085656878313,0.2681085656878313
thetao,W40p0,10,3,-0.2681011234831731,0.2681011234831731
so,W60p0,4,9,-0.2676934431316557,0.2676934431316557
so,W40p0,2,17,0.2673609934349829,0.2673609934349829
so,W10p0,3,17,-0.26703587694071007,0.26703587694071007
so,W20p0,1,20,-0.2668303401825172,0.2668303401825172
thetao,W10p0,2,6,0.2662453453062182,0.2662453453062182
thetao,W60p0,5,1,0.2654289427471104,0.2654289427471104
so,W40p0,2,15,0.26477864977238524,0.26477864977238524
so,W20p0,2,18,0.26465984019517974,0.26465984019517974
thetao,W20p0,10,1,-0.2639440894010778,0.2639440894010778
so,W40p0,3,11,-0.26374819853005677,0.26374819853005677
thetao,W60p0,10,15,-0.2636563259507019,0.2636563259507019
thetao,W60p0,3,12,0.2627889121142032,0.2627889121142032
thetao,W30p0,8,19,0.26276202370385765,0.26276202370385765
thetao,W40p0,6,7,0.26272865358182174,0.26272865358182174
thetao,W10p0,9,19,-0.26265113530601214,0.26265113530601214
so,W30p0,5,3,-0.26260410014301805,0.26260410014301805
so,W10p0,1,5,-0.26192056458318735,0.26192056458318735
so,W30p0,10,1,0.2617710905209616,0.2617710905209616
thetao,W30p0,10,4,0.2615759652334407,0.2615759652334407
thetao,W30p0,8,9,0.2615289943503712,0.2615289943503712
so,W10p0,10,11,0.26145707488910114,0.26145707488910114
so,W30p0,3,16,0.2607151447113266,0.2607151447113266
so,W10p0,10,1,0.2605613985419844,0.2605613985419844
thetao,W40p0,10,1,-0.26050920846830433,0.26050920846830433
thetao,W10p0,2,0,0.2603252984314336,0.2603252984314336
thetao,W30p0,8,11,0.2601328275860308,0.2601328275860308
thetao,W30p0,10,6,0.25962420409018844,0.25962420409018844
so,W60p0,8,3,0.2594506623483964,0.2594506623483964
thetao,W60p0,10,13,-0.25928212237683773,0.25928212237683773
so,W20p0,1,18,-0.25879525258142516,0.25879525258142516
so,W40p0,5,8,-0.2587345219617522,0.2587345219617522
thetao,W60p0,3,13,0.2573582194794411,0.2573582194794411
so,W20p0,7,17,0.257183394102369,0.257183394102369
thetao,W40p0,1,0,-0.25697823673590664,0.25697823673590664
so,W30p0,8,17,-0.2566527683313764,0.2566527683313764
so,W60p0,9,7,0.25664097981217776,0.25664097981217776
so,W10p0,10,4,0.2564845940564575,0.2564845940564575
thetao,W30p0,2,13,-0.25643720229144695,0.25643720229144695
so,W40p0,6,6,-0.2564266216670285,0.2564266216670285
so,W20p0,1,16,-0.25639499362344714,0.25639499362344714
so,W40p0,4,9,-0.2560654454996247,0.2560654454996247
thetao,W30p0,7,0,0.2559012799915249,0.2559012799915249
so,W20p0,7,18,0.2558793655676452,0.2558793655676452
so,W30p0,8,19,-0.25548990019116796,0.25548990019116796
so,W10p0,5,10,-0.2554618496908363,0.2554618496908363
so,W40p0,2,10,0.2554135952463183,0.2554135952463183
thetao,W30p0,6,17,-0.25527707980324205,0.25527707980324205
thetao,W20p0,4,5,0.25449816348745724,0.25449816348745724
so,W20p0,9,3,0.254468932422974,0.254468932422974
thetao,W30p0,6,15,-0.25425663479716737,0.25425663479716737
thetao,W30p0,8,18,0.25404568038676584,0.25404568038676584
thetao,W10p0,5,19,-0.2534767257673143,0.2534767257673143
thetao,W20p0,1,11,0.2533307897234238,0.2533307897234238
so,W20p0,8,6,-0.253291087667557,0.253291087667557
thetao,W60p0,7,3,-0.25272825571647345,0.25272825571647345
thetao,W60p0,1,7,-0.25256216796780134,0.25256216796780134
thetao,W60p0,8,2,0.25214823302678674,0.25214823302678674
so,W10p0,1,8,-0.2519033266333251,0.2519033266333251
so,W40p0,2,9,0.2518726309356517,0.2518726309356517
so,W10p0,5,9,-0.25179140063625033,0.25179140063625033
thetao,W60p0,3,14,0.2514376698112568,0.2514376698112568
so,W30p0,3,17,0.25122863863968736,0.25122863863968736
thetao,W10p0,2,5,0.25110373565671573,0.25110373565671573
so,W60p0,9,0,0.251081471846167,0.251081471846167
thetao,W60p0,6,1,-0.250818106127389,0.250818106127389
so,W20p0,7,16,0.2506224392766771,0.2506224392766771
thetao,W30p0,7,1,0.25014984952858105,0.25014984952858105
thetao,W60p0,1,16,-0.2500504959968952,0.2500504959968952
so,W20p0,2,16,0.24985825618914143,0.24985825618914143
so,W20p0,1,5,-0.24971027479970262,0.24971027479970262
thetao,W60p0,7,2,-0.24946658621568457,0.24946658621568457
so,W30p0,8,16,-0.249430753939512,0.249430753939512
thetao,W20p0,4,4,0.24931844666929923,0.24931844666929923
so,W20p0,6,4,0.2492590202374811,0.2492590202374811
so,W10p0,10,0,0.24913273995760993,0.24913273995760993
thetao,W30p0,10,3,0.24853933249608592,0.24853933249608592
thetao,W20p0,7,16,0.2482845757066155,0.2482845757066155
thetao,W20p0,9,18,-0.24827015326215401,0.24827015326215401
so,W20p0,4,20,0.2479811836751557,0.2479811836751557
thetao,W40p0,6,17,0.2478735898025303,0.2478735898025303
so,W60p0,9,9,0.24777569138020777,0.24777569138020777
so,W20p0,5,9,0.24764897328228735,0.24764897328228735
so,W20p0,6,3,0.24757792013873123,0.24757792013873123
thetao,W40p0,10,4,-0.24709680588567237,0.24709680588567237
thetao,W20p0,4,1,0.24680294158984134,0.24680294158984134
so,W40p0,6,3,-0.24641100942438235,0.24641100942438235
so,W30p0,8,18,-0.24627967879863583,0.24627967879863583
so,W10p0,1,9,-0.24565201986229565,0.24565201986229565
so,W10p0,9,19,-0.24497278064925446,0.24497278064925446
so,W40p0,5,6,-0.24403722294207958,0.24403722294207958
so,W60p0,10,14,-0.2439347303123937,0.2439347303123937
thetao,W20p0,5,9,-0.2439148298633867,0.2439148298633867
thetao,W10p0,2,4,0.24371984172851993,0.24371984172851993
thetao,W20p0,6,0,-0.24350759571062006,0.24350759571062006
thetao,W60p0,5,2,0.24343820131667207,0.24343820131667207
thetao,W40p0,2,13,-0.24280138595564582,0.24280138595564582
so,W40p0,3,12,-0.24244804281114665,0.24244804281114665
so,W30p0,9,17,0.2423157709584485,0.2423157709584485
thetao,W10p0,4,12,-0.24213264676705964,0.24213264676705964
so,W20p0,10,5,-0.24188102472383796,0.24188102472383796
thetao,W40p0,6,6,0.2418021809274243,0.2418021809274243
so,W20p0,7,13,0.24166185057460182,0.24166185057460182
thetao,W60p0,5,3,0.24124054899767067,0.24124054899767067
thetao,W60p0,3,1,0.24118409308160646,0.24118409308160646
so,W20p0,2,4,0.24064785047044038,0.24064785047044038
thetao,W40p0,2,14,-0.24049655348070198,0.24049655348070198
thetao,W40p0,2,15,-0.24022206648736016,0.24022206648736016
so,W60p0,4,10,-0.2400438014265176,0.2400438014265176
thetao,W30p0,4,20,0.2400069272592936,0.2400069272592936
thetao,W20p0,9,4,-0.23987418495839,0.23987418495839
so,W20p0,6,8,0.2397901577726698,0.2397901577726698
so,W60p0,4,11,-0.23967309929943356,0.23967309929943356
so,W40p0,2,14,0.23964691455067993,0.23964691455067993
thetao,W40p0,6,1,0.23963798930912017,0.23963798930912017
thetao,W60p0,9,16,-0.23962299104073898,0.23962299104073898
thetao,W30p0,2,16,-0.23933719199608802,0.23933719199608802
thetao,W20p0,9,20,-0.23916112025287067,0.23916112025287067
thetao,W30p0,4,15,0.23909252990381608,0.23909252990381608
thetao,W20p0,9,17,-0.23898013512750627,0.23898013512750627
thetao,W40p0,2,16,-0.23895318768854037,0.23895318768854037
so,W60p0,4,8,-0.2387180184719082,0.2387180184719082
so,W30p0,9,3,0.23837900190048616,0.23837900190048616
thetao,W40p0,4,14,0.2382392988826949,0.2382392988826949
thetao,W10p0,2,7,0.23770621906956152,0.23770621906956152
so,W20p0,10,6,-0.23748360472297064,0.23748360472297064
thetao,W30p0,1,0,-0.23742279265214183,0.23742279265214183
thetao,W30p0,7,6,0.23688178205594318,0.23688178205594318
so,W10p0,9,6,-0.23679959000869977,0.23679959000869977
so,W30p0,5,2,-0.23675580514892927,0.23675580514892927
so,W60p0,4,0,-0.23634347942773665,0.23634347942773665
so,W60p0,10,13,-0.23614564393596138,0.23614564393596138
thetao,W20p0,9,16,-0.2359559700130594,0.2359559700130594
so,W40p0,6,17,-0.23469150941964245,0.23469150941964245
thetao,W20p0,10,0,-0.23444242169490126,0.23444242169490126
thetao,W10p0,4,13,-0.23429818811023653,0.23429818811023653
thetao,W60p0,1,20,-0.23407580800164354,0.23407580800164354
thetao,W40p0,10,5,-0.23366721451301042,0.23366721451301042
so,W10p0,5,11,-0.23341792983447618,0.23341792983447618
so,W40p0,1,0,-0.2333706008728444,0.2333706008728444
thetao,W20p0,7,8,0.23320456177875068,0.23320456177875068
so,W60p0,8,5,0.2331714613937251,0.2331714613937251
thetao,W20p0,8,7,0.2327211036554513,0.2327211036554513
so,W60p0,6,0,-0.2327179313248741,0.2327179313248741
so,W20p0,1,15,-0.23238344666851923,0.23238344666851923
so,W40p0,6,16,-0.23216117014248025,0.23216117014248025
so,W20p0,9,2,0.23214446243325132,0.23214446243325132
so,W20p0,1,11,-0.2320538528073163,0.2320538528073163
so,W40p0,6,2,-0.231990916093096,0.231990916093096
so,W30p0,8,14,-0.23190351759232852,0.23190351759232852
thetao,W30p0,3,13,0.23174498665040472,0.23174498665040472
so,W40p0,3,16,-0.2312855763305298,0.2312855763305298
so,W10p0,2,20,0.23128315135491695,0.23128315135491695
so,W60p0,4,12,-0.23123553322387377,0.23123553322387377
so,W20p0,8,7,-0.2311945556203203,0.2311945556203203
so,W30p0,3,18,0.23088776533994188,0.23088776533994188
thetao,W10p0,9,18,-0.23085052505656448,0.23085052505656448
so,W10p0,9,20,-0.2306735484222525,0.2306735484222525
thetao,W30p0,7,4,0.23036274819785316,0.23036274819785316
thetao,W20p0,4,7,0.2296479509183494,0.2296479509183494
so,W40p0,4,8,-0.2294270137066847,0.2294270137066847
so,W10p0,6,2,0.2293910049102921,0.2293910049102921
thetao,W40p0,6,12,0.2287355291632619,0.2287355291632619
so,W20p0,10,17,-0.22872220609617988,0.22872220609617988
thetao,W40p0,4,11,0.22858166221275547,0.22858166221275547
thetao,W30p0,8,17,0.22835321738875322,0.22835321738875322
so,W10p0,10,20,0.2283468334893708,0.2283468334893708
so,W40p0,6,9,-0.22819063696495587,0.22819063696495587
so,W40p0,3,14,-0.22801917469469699,0.22801917469469699
so,W20p0,10,13,-0.22772722295281797,0.22772722295281797
thetao,W40p0,10,6,-0.22742838689517436,0.22742838689517436
so,W20p0,9,7,0.22726167497736366,0.22726167497736366
so,W40p0,2,13,0.22722785299427317,0.22722785299427317
thetao,W30p0,6,11,-0.22711456559685503,0.22711456559685503
so,W60p0,4,13,-0.22679745473642082,0.22679745473642082
so,W10p0,3,18,-0.22675685726599346,0.22675685726599346
thetao,W60p0,1,19,-0.22639424463459137,0.22639424463459137
thetao,W10p0,2,3,0.22636809890009274,0.22636809890009274
so,W10p0,9,18,-0.22627509553326855,0.22627509553326855
thetao,W10p0,2,1,0.22591598930989218,0.22591598930989218
so,W10p0,10,3,0.22536391693465493,0.22536391693465493
so,W20p0,7,12,0.22516487380569206,0.22516487380569206
thetao,W40p0,8,19,0.22512454988383154,0.22512454988383154
thetao,W20p0,8,20,0.22507814420176392,0.22507814420176392
so,W30p0,5,15,-0.22485972537081683,0.22485972537081683
so,W20p0,4,0,0.22479407593452888,0.22479407593452888
thetao,W20p0,5,8,-0.22454955021533102,0.22454955021533102
thetao,W20p0,5,7,-0.22421747488887944,0.22421747488887944
thetao,W40p0,4,7,0.22379118566176515,0.22379118566176515
so,W10p0,10,10,0.22377012788423403,0.22377012788423403
so,W40p0,6,4,-0.2236993056603851,0.2236993056603851
so,W20p0,1,6,-0.22332636637995032,0.22332636637995032
so,W20p0,6,7,0.22323383363879182,0.22323383363879182
so,W30p0,3,20,0.22315109287616963,0.22315109287616963
so,W20p0,1,7,-0.22303067717315847,0.22303067717315847
so,W10p0,9,5,-0.22300344942022435,0.22300344942022435
so,W20p0,9,8,0.22278840170817368,0.22278840170817368
so,W10p0,10,2,0.22268471654015154,0.22268471654015154
thetao,W40p0,4,16,0.22245399829137996,0.22245399829137996
thetao,W10p0,3,1,-0.2221816581529996,0.2221816581529996
so,W10p0,3,19,-0.22193314387881805,0.22193314387881805
so,W20p0,1,3,-0.221800102930893,0.221800102930893
thetao,W60p0,7,4,-0.22176264166692866,0.22176264166692866
thetao,W40p0,4,6,0.22107154402893936,0.22107154402893936
so,W40p0,2,11,0.2209223676042541,0.2209223676042541
thetao,W10p0,3,0,-0.22075449474088035,0.22075449474088035
thetao,W30p0,8,13,0.22044564959362437,0.22044564959362437
thetao,W30p0,2,1,-0.22015890357836004,0.22015890357836004
thetao,W20p0,9,19,-0.22013743283727272,0.22013743283727272
thetao,W20p0,4,6,0.2197474484700336,0.2197474484700336
thetao,W10p0,5,18,-0.21944698948358343,0.21944698948358343
thetao,W40p0,8,20,0.2192971734890392,0.2192971734890392
thetao,W40p0,6,10,0.21892240128119916,0.21892240128119916
so,W30p0,4,0,0.21864211730549854,0.21864211730549854
so,W30p0,8,13,-0.21850223792840417,0.21850223792840417
thetao,W60p0,7,20,-0.21837437487858477,0.21837437487858477
so,W20p0,7,20,0.2181059856945755,0.2181059856945755
so,W20p0,7,14,0.21793175747394164,0.21793175747394164
thetao,W30p0,6,14,-0.21752125317019905,0.21752125317019905
so,W40p0,2,12,0.21745645362462687,0.21745645362462687
thetao,W60p0,10,16,-0.21679578632823407,0.21679578632823407
so,W40p0,4,16,-0.21659955547416845,0.21659955547416845
thetao,W30p0,7,5,0.21646187593664817,0.21646187593664817
so,W40p0,4,3,-0.2164436474564659,0.2164436474564659
thetao,W10p0,10,20,-0.21622599356772693,0.21622599356772693
so,W20p0,5,11,0.216164052996243,0.216164052996243
thetao,W40p0,9,8,-0.21600538796808547,0.21600538796808547
so,W60p0,9,19,0.21564617210010145,0.21564617210010145
thetao,W40p0,6,18,0.21507740867779734,0.21507740867779734
so,W30p0,8,15,-0.21504138949546112,0.21504138949546112
so,W20p0,1,4,-0.21471317753378819,0.21471317753378819
thetao,W20p0,10,2,-0.21424889455504253,0.21424889455504253
so,W10p0,10,19,0.2139990914005263,0.2139990914005263
thetao,W10p0,2,11,0.21396671874457973,0.21396671874457973
so,W10p0,2,19,0.21393449579779925,0.21393449579779925
thetao,W30p0,10,2,0.21381719155390747,0.21381719155390747
so,W60p0,6,11,-0.21379451700041194,0.21379451700041194
so,W10p0,10,6,0.21370718244114872,0.21370718244114872
so,W20p0,9,1,0.21359027653519067,0.21359027653519067
thetao,W40p0,6,11,0.2133407259088942,0.2133407259088942
so,W30p0,5,1,-0.2128749694902538,0.2128749694902538
so,W20p0,1,10,-0.2128307927885413,0.2128307927885413
thetao,W40p0,8,18,0.21280288092958843,0.21280288092958843
so,W20p0,7,19,0.21263527579317343,0.21263527579317343
so,W40p0,3,13,-0.2124516219681602,0.2124516219681602
thetao,W60p0,8,1,0.21220572094562362,0.21220572094562362
so,W40p0,5,11,-0.21210545870774822,0.21210545870774822
so,W60p0,8,7,0.21155004080158363,0.21155004080158363
so,W60p0,10,10,-0.21153190285656442,0.21153190285656442
so,W40p0,4,19,-0.21088347849159314,0.21088347849159314
so,W30p0,9,11,0.20989315965699573,0.20989315965699573
so,W20p0,10,4,-0.20930580850776884,0.20930580850776884
so,W60p0,10,9,-0.20925773640867526,0.20925773640867526
so,W20p0,10,10,-0.20900560926782957,0.20900560926782957
so,W10p0,10,13,0.2086025302361531,0.2086025302361531
thetao,W20p0,4,8,0.2084830723341012,0.2084830723341012
so,W10p0,9,12,-0.2077638065862862,0.2077638065862862
thetao,W30p0,3,14,0.20771605313656255,0.20771605313656255
thetao,W40p0,6,16,0.2076957151626101,0.2076957151626101
thetao,W10p0,2,8,0.20733067275000583,0.20733067275000583
thetao,W60p0,3,18,0.20729995024346515,0.20729995024346515
thetao,W30p0,5,4,-0.20696267094411375,0.20696267094411375
so,W40p0,10,6,-0.20692540692769737,0.20692540692769737
so,W20p0,6,11,0.20648675856024704,0.20648675856024704
so,W10p0,5,4,-0.20646270774083397,0.20646270774083397
thetao,W10p0,4,14,-0.20634260109979627,0.20634260109979627
so,W40p0,6,8,-0.20585983693155055,0.20585983693155055
so,W60p0,10,12,-0.20584662213195498,0.20584662213195498
thetao,W30p0,8,16,0.20523150642628865,0.20523150642628865
thetao,W10p0,2,10,0.2051502293004522,0.2051502293004522
so,W30p0,5,6,-0.20477511751875646,0.20477511751875646
so,W60p0,10,0,0.2047048156982485,0.2047048156982485
so,W20p0,9,9,0.20464508257456018,0.20464508257456018
so,W30p0,8,0,-0.20459226552776802,0.20459226552776802
thetao,W60p0,3,17,0.20458984799772362,0.20458984799772362
thetao,W10p0,9,15,-0.2044529491567133,0.2044529491567133
thetao,W20p0,7,9,0.20422397471376696,0.20422397471376696
so,W60p0,7,3,-0.20385035996310769,0.20385035996310769
so,W20p0,2,5,0.20384833753108872,0.20384833753108872
so,W20p0,8,4,-0.20367530550679433,0.20367530550679433
thetao,W30p0,7,2,0.20365453851914161,0.20365453851914161
so,W60p0,8,6,0.20357362563557363,0.20357362563557363
so,W30p0,9,18,0.20352221025314415,0.20352221025314415
thetao,W10p0,10,19,-0.20327102607369635,0.20327102607369635
so,W30p0,3,19,0.20311220658805135,0.20311220658805135
thetao,W30p0,4,19,0.20262877437022322,0.20262877437022322
so,W20p0,10,20,-0.2018426184577953,0.2018426184577953
thetao,W40p0,2,17,-0.20143947359339426,0.20143947359339426
thetao,W60p0,7,6,-0.2013937521978551,0.2013937521978551
so,W10p0,6,1,0.20135983781924485,0.20135983781924485
thetao,W60p0,8,3,0.201359142189488,0.201359142189488
so,W20p0,2,14,0.2010414375394706,0.2010414375394706
thetao,W20p0,8,0,-0.2010229078453841,0.2010229078453841
thetao,W60p0,9,11,-0.20091920258126122,0.20091920258126122
thetao,W20p0,1,12,0.20079635444503266,0.20079635444503266
thetao,W60p0,9,15,-0.20078600311775308,0.20078600311775308
thetao,W60p0,1,18,-0.20078275034457635,0.20078275034457635
thetao,W60p0,7,8,-0.20043682128441373,0.20043682128441373
thetao,W60p0,7,5,-0.20021268768835374,0.20021268768835374
thetao,W30p0,6,19,-0.20005492620508902,0.20005492620508902
thetao,W60p0,7,7,-0.19984140496900674,0.19984140496900674
so,W60p0,9,10,0.19974185783428622,0.19974185783428622
so,W20p0,10,18,-0.199625950489737,0.199625950489737
thetao,W30p0,6,13,-0.19945006550689878,0.19945006550689878
thetao,W20p0,9,15,-0.19900125515968406,0.19900125515968406
so,W60p0,7,20,0.19888463576898047,0.19888463576898047
so,W10p0,9,17,-0.1987427774427054,0.1987427774427054
thetao,W40p0,4,12,0.19863486524578303,0.19863486524578303
so,W10p0,7,10,0.19822039250766862,0.19822039250766862
so,W20p0,8,1,-0.19801960854806586,0.19801960854806586
so,W40p0,5,10,-0.1975898365188814,0.1975898365188814
so,W10p0,10,7,0.19706215541491542,0.19706215541491542
thetao,W10p0,10,18,-0.197017798659851,0.197017798659851
thetao,W40p0,6,20,0.1969354355834183,0.1969354355834183
thetao,W30p0,6,20,-0.19665504354677812,0.19665504354677812
so,W10p0,3,14,-0.19647161138808752,0.19647161138808752
thetao,W10p0,2,2,0.19628878584974999,0.19628878584974999
so,W10p0,3,0,-0.19614922701686682,0.19614922701686682
so,W60p0,7,10,-0.19604805864480082,0.19604805864480082
so,W20p0,5,10,0.19580623270978548,0.19580623270978548
thetao,W30p0,6,12,-0.19580193804649873,0.19580193804649873
so,W40p0,10,2,-0.19577021149541898,0.19577021149541898
thetao,W30p0,2,12,-0.1957497474704775,0.1957497474704775
thetao,W30p0,8,10,0.19558777319698137,0.19558777319698137
so,W10p0,10,5,0.19518918544904593,0.19518918544904593
so,W30p0,9,14,0.19504454543069852,0.19504454543069852
so,W30p0,5,12,-0.19490197550416247,0.19490197550416247
so,W30p0,10,4,0.1940632911884091,0.1940632911884091
so,W20p0,5,0,0.19390644266562654,0.19390644266562654
so,W40p0,6,7,-0.19387595696071735,0.19387595696071735
so,W60p0,10,15,-0.19376934086931927,0.19376934086931927
thetao,W10p0,2,12,0.1936657822750216,0.1936657822750216
thetao,W40p0,9,11,-0.19345021271757243,0.19345021271757243
so,W40p0,10,3,-0.19335490801512104,0.19335490801512104
thetao,W10p0,6,19,-0.19334461668316283,0.19334461668316283
thetao,W40p0,4,17,0.19319580342989748,0.19319580342989748
thetao,W30p0,6,18,-0.19319057107037146,0.19319057107037146
thetao,W40p0,9,12,-0.1929751951668775,0.1929751951668775
so,W20p0,2,10,0.19292475317017735,0.19292475317017735
so,W20p0,9,0,0.1928389384166606,0.1928389384166606
thetao,W40p0,10,16,-0.1927952864527043,0.1927952864527043
thetao,W60p0,1,6,-0.192581579109086,0.192581579109086
so,W10p0,2,18,0.19248609618605322,0.19248609618605322
so,W10p0,3,15,-0.1923797434190236,0.1923797434190236
thetao,W40p0,4,13,0.19237899423288446,0.19237899423288446
so,W20p0,2,11,0.19231849207409504,0.19231849207409504
thetao,W60p0,4,8,0.19224377377055013,0.19224377377055013
thetao,W60p0,1,17,-0.1916709289393918,0.1916709289393918
so,W10p0,9,3,-0.19162985224853224,0.19162985224853224
thetao,W40p0,9,13,-0.19158405885959778,0.19158405885959778
so,W10p0,10,14,0.19147812475818893,0.19147812475818893
so,W20p0,9,4,0.1912051886162749,0.1912051886162749
so,W20p0,2,15,0.19093871381366184,0.19093871381366184
thetao,W30p0,4,18,0.19086183373995705,0.19086183373995705
so,W60p0,10,11,-0.19084379522519562,0.19084379522519562
thetao,W10p0,9,13,-0.19020483205575947,0.19020483205575947
so,W40p0,5,9,-0.19013203388641822,0.19013203388641822
so,W20p0,9,10,0.18993152134292093,0.18993152134292093
so,W20p0,9,19,0.18931480475500384,0.18931480475500384
so,W20p0,9,11,0.1892824046036365,0.1892824046036365
thetao,W10p0,3,2,-0.18870638103778772,0.18870638103778772
so,W20p0,10,3,-0.18869689180325755,0.18869689180325755
so,W10p0,3,16,-0.1886792251772005,0.1886792251772005
thetao,W30p0,7,3,0.1885852157850464,0.1885852157850464
thetao,W60p0,9,10,-0.18835422706826957,0.18835422706826957
so,W40p0,6,19,-0.18829927064291382,0.18829927064291382
thetao,W60p0,4,9,0.18823317889765467,0.18823317889765467
so,W60p0,9,20,0.18803794123741788,0.18803794123741788
thetao,W60p0,9,12,-0.18773376456829943,0.18773376456829943
so,W30p0,9,13,0.18726735862302127,0.18726735862302127
so,W20p0,6,13,0.18690725122140944,0.18690725122140944
so,W40p0,10,5,-0.18621943257251242,0.18621943257251242
thetao,W20p0,5,10,-0.18593629018932817,0.18593629018932817
thetao,W40p0,6,19,0.18579519298007127,0.18579519298007127
so,W20p0,3,3,-0.18562878746121472,0.18562878746121472
thetao,W40p0,9,7,-0.18546440163835723,0.18546440163835723
thetao,W20p0,9,14,-0.18529988675468195,0.18529988675468195
so,W60p0,5,15,0.18497827420538396,0.18497827420538396
so,W20p0,5,13,0.18468214022812657,0.18468214022812657
so,W60p0,7,11,-0.18458867737839701,0.18458867737839701
so,W40p0,4,4,-0.18454391685040208,0.18454391685040208
thetao,W40p0,8,17,0.18453626755189184,0.18453626755189184
so,W30p0,5,5,-0.1844543891945657,0.1844543891945657
thetao,W60p0,3,15,0.18435819056219666,0.18435819056219666
so,W20p0,1,2,-0.18416388248982887,0.18416388248982887
thetao,W10p0,2,9,0.18391847136039885,0.18391847136039885
so,W40p0,4,15,-0.18391552668275837,0.18391552668275837
so,W60p0,7,0,-0.1838510342616589,0.1838510342616589
so,W60p0,7,8,-0.1837205173802791,0.1837205173802791
so,W30p0,10,5,0.18325489416013388,0.18325489416013388
so,W30p0,5,7,-0.1832473035648869,0.1832473035648869
so,W10p0,9,11,-0.18304087297020258,0.18304087297020258
thetao,W30p0,9,17,-0.18267315089470598,0.18267315089470598
thetao,W30p0,5,18,0.1824811688432135,0.1824811688432135
so,W60p0,10,7,-0.18122140208067947,0.18122140208067947
thetao,W40p0,6,13,0.18098118555953246,0.18098118555953246
so,W10p0,9,2,-0.1799066651113896,0.1799066651113896
so,W20p0,10,12,-0.17949444031939327,0.17949444031939327
thetao,W60p0,5,20,0.1790781172330718,0.1790781172330718
so,W10p0,3,11,-0.1788029544473449,0.1788029544473449
so,W10p0,7,16,0.17828655445296493,0.17828655445296493
so,W30p0,5,14,-0.17824653763536805,0.17824653763536805
so,W40p0,4,20,-0.17801741251781095,0.17801741251781095
thetao,W30p0,5,3,-0.17762833219560883,0.17762833219560883
thetao,W20p0,9,6,-0.17739372820689625,0.17739372820689625
so,W20p0,10,15,-0.17704586074090634,0.17704586074090634
thetao,W30p0,5,5,-0.17676427488052288,0.17676427488052288
thetao,W60p0,8,5,0.1764472039219576,0.1764472039219576
thetao,W40p0,10,17,-0.17634164483437925,0.17634164483437925
so,W30p0,2,1,0.17597896099614008,0.17597896099614008
thetao,W30p0,2,11,-0.17589720405299922,0.17589720405299922
so,W10p0,9,16,-0.1755045543248177,0.1755045543248177
thetao,W20p0,9,12,-0.17465565980814363,0.17465565980814363
so,W20p0,7,3,-0.17464773725540905,0.17464773725540905
thetao,W60p0,7,19,-0.17463423248210566,0.17463423248210566
so,W60p0,5,14,0.17458979840114794,0.17458979840114794
thetao,W30p0,5,17,0.17448978477528873,0.17448978477528873
so,W10p0,6,0,0.1743885481572712,0.1743885481572712
so,W60p0,6,4,-0.17428279252159878,0.17428279252159878
so,W20p0,2,0,0.17416449071521306,0.17416449071521306
thetao,W60p0,7,17,-0.1741638215268502,0.1741638215268502
so,W10p0,9,13,-0.17381612459124743,0.17381612459124743
thetao,W40p0,10,20,-0.1736089508918929,0.1736089508918929
so,W20p0,8,5,-0.17337717460362304,0.17337717460362304
so,W10p0,9,15,-0.17329440707629448,0.17329440707629448
so,W40p0,10,7,-0.17326725378500893,0.17326725378500893
so,W40p0,6,10,-0.17306373988703566,0.17306373988703566
thetao,W10p0,3,11,-0.17145264164694113,0.17145264164694113
so,W40p0,6,18,-0.17141229040362208,0.17141229040362208
thetao,W30p0,6,7,-0.17126668158884822,0.17126668158884822
so,W40p0,6,13,-0.17112408883893246,0.17112408883893246
so,W20p0,9,20,0.1710582144722716,0.1710582144722716
thetao,W60p0,9,9,-0.17075625118221868,0.17075625118221868
so,W40p0,3,20,-0.1700726465763515,0.1700726465763515
thetao,W60p0,6,0,-0.16987239576657084,0.16987239576657084
so,W10p0,9,4,-0.16987085739396549,0.16987085739396549
thetao,W10p0,3,12,-0.16956080488715392,0.16956080488715392
thetao,W40p0,10,15,-0.16954316318235468,0.16954316318235468
so,W40p0,3,17,-0.16951355532927262,0.16951355532927262
so,W10p0,9,10,-0.1694258560792422,0.1694258560792422
so,W20p0,2,9,0.16928928645238972,0.16928928645238972
thetao,W30p0,2,10,-0.1689007157450717,0.1689007157450717
thetao,W60p0,3,16,0.16875702388527591,0.16875702388527591
so,W10p0,3,1,-0.16875354506168044,0.16875354506168044
so,W60p0,4,17,-0.16848506914535202,0.16848506914535202
so,W30p0,9,20,0.16811344567029676,0.16811344567029676
so,W10p0,5,7,-0.16805632800798093,0.16805632800798093
thetao,W20p0,9,5,-0.16796797236955663,0.16796797236955663
thetao,W10p0,8,6,-0.16786196838433196,0.16786196838433196
thetao,W30p0,7,7,0.16767707918141841,0.16767707918141841
thetao,W30p0,10,1,0.1675381572118737,0.1675381572118737
so,W30p0,8,11,-0.16719873573613356,0.16719873573613356
so,W10p0,3,2,-0.1671439721374662,0.1671439721374662
thetao,W20p0,4,0,0.1670861306874374,0.1670861306874374
thetao,W10p0,5,4,0.16683952792947418,0.16683952792947418
so,W30p0,4,1,0.16676103598550737,0.16676103598550737
so,W10p0,10,9,0.16675704706940497,0.16675704706940497
so,W20p0,2,7,0.16661807816874466,0.16661807816874466
so,W60p0,5,16,0.1665022247491756,0.1665022247491756
thetao,W60p0,7,16,-0.1661320125914151,0.1661320125914151
so,W10p0,10,8,0.16612808038038315,0.16612808038038315
so,W40p0,9,13,0.16605039107440453,0.16605039107440453
so,W30p0,5,8,-0.16580436431181067,0.16580436431181067
so,W60p0,7,9,-0.1655224479983284,0.1655224479983284
so,W20p0,6,12,0.16506324479783124,0.16506324479783124
thetao,W40p0,9,14,-0.16505169447876517,0.16505169447876517
so,W20p0,7,11,0.1649892791486185,0.1649892791486185
thetao,W30p0,9,9,-0.16469792102258854,0.16469792102258854
so,W10p0,6,4,0.16435522745881714,0.16435522745881714
so,W20p0,9,6,0.16380546250093417,0.16380546250093417
thetao,W20p0,4,9,0.16350779366869256,0.16350779366869256
thetao,W20p0,4,12,0.16340976035645371,0.16340976035645371
thetao,W30p0,10,7,0.16313951621802938,0.16313951621802938
so,W60p0,3,16,-0.1630416734256848,0.1630416734256848
so,W40p0,6,14,-0.16259385580389377,0.16259385580389377
so,W10p0,10,15,0.1624373838271937,0.1624373838271937
so,W40p0,10,4,-0.16214244035951444,0.16214244035951444
so,W30p0,9,16,0.16197115631186837,0.16197115631186837
thetao,W60p0,10,12,-0.1619309917175193,0.1619309917175193
thetao,W40p0,8,16,0.16157880010915565,0.16157880010915565
so,W10p0,8,7,0.16134688438492875,0.16134688438492875
thetao,W20p0,7,7,0.16131080275437087,0.16131080275437087
thetao,W60p0,7,18,-0.16130386197431565,0.16130386197431565
so,W30p0,7,0,0.1611762841784491,0.1611762841784491
thetao,W20p0,9,0,-0.16090062280895834,0.16090062280895834
thetao,W20p0,10,11,-0.16083635494289958,0.16083635494289958
thetao,W60p0,9,14,-0.1608011180781062,0.1608011180781062
so,W20p0,1,1,-0.1602406527842694,0.1602406527842694
so,W20p0,2,13,0.16016227975785705,0.16016227975785705
thetao,W60p0,3,0,0.16010522606148087,0.16010522606148087
so,W20p0,9,15,0.15999728568433985,0.15999728568433985
thetao,W20p0,7,15,0.15995175189647984,0.15995175189647984
thetao,W20p0,9,13,-0.15993187076236845,0.15993187076236845
so,W20p0,2,8,0.15984702170901974,0.15984702170901974
thetao,W10p0,6,17,-0.15971698308445736,0.15971698308445736
so,W20p0,2,6,0.15961887305478667,0.15961887305478667
so,W60p0,3,11,-0.1595807761933065,0.1595807761933065
so,W60p0,3,12,-0.15941610768253656,0.15941610768253656
thetao,W20p0,7,11,0.1593660726988795,0.1593660726988795
so,W40p0,3,18,-0.15927200913362582,0.15927200913362582
so,W40p0,6,12,-0.1592018957166168,0.1592018957166168
thetao,W60p0,9,17,-0.1588357019024145,0.1588357019024145
so,W20p0,8,3,-0.15879938821242162,0.15879938821242162
so,W40p0,4,10,-0.15867092059417523,0.15867092059417523
thetao,W30p0,4,17,0.1586122857826115,0.1586122857826115
so,W60p0,4,7,-0.157856108585969,0.157856108585969
thetao,W20p0,4,11,0.15742379514822083,0.15742379514822083
so,W20p0,3,2,-0.15741691573888542,0.15741691573888542
so,W60p0,10,6,-0.1573942412941779,0.1573942412941779
so,W40p0,5,12,-0.15730226139336762,0.15730226139336762
so,W60p0,10,8,-0.15650461444961453,0.15650461444961453
so,W20p0,10,11,-0.15616549635001478,0.15616549635001478
so,W40p0,9,11,0.1560858763345953,0.1560858763345953
so,W10p0,3,10,-0.15582396042930888,0.15582396042930888
so,W20p0,9,5,0.15507309278229228,0.15507309278229228
so,W30p0,9,12,0.15506688931338733,0.15506688931338733
so,W60p0,4,19,-0.1550103857621059,0.1550103857621059
thetao,W40p0,10,10,-0.1549629564449747,0.1549629564449747
thetao,W10p0,6,18,-0.1548436274558257,0.1548436274558257
thetao,W20p0,8,5,0.1547561451063944,0.1547561451063944
thetao,W10p0,3,9,-0.15463267953327378,0.15463267953327378
thetao,W30p0,3,15,0.1544762569344144,0.1544762569344144
thetao,W40p0,10,7,-0.1540895680854925,0.1540895680854925
so,W60p0,8,18,0.15397059284726694,0.15397059284726694
thetao,W30p0,4,16,0.15393425655311024,0.15393425655311024
so,W40p0,3,19,-0.15326936169648267,0.15326936169648267
so,W40p0,10,11,-0.15293348870758072,0.15293348870758072
thetao,W20p0,8,6,0.15293324585764664,0.15293324585764664
so,W20p0,2,12,0.1528438014263696,0.1528438014263696
thetao,W40p0,9,16,-0.15259317894849134,0.15259317894849134
thetao,W40p0,2,18,-0.15235490231178678,0.15235490231178678
so,W10p0,9,0,-0.15220449586555368,0.15220449586555368
thetao,W30p0,2,9,-0.15191682295843356,0.15191682295843356
thetao,W60p0,10,10,-0.1517849733247622,0.1517849733247622
thetao,W20p0,5,20,-0.15171640352154114,0.15171640352154114
so,W60p0,5,13,0.15160938949374886,0.15160938949374886
so,W30p0,4,7,0.15147656595282896,0.15147656595282896
so,W20p0,6,15,0.15132284363647824,0.15132284363647824
thetao,W10p0,9,17,-0.15085913710350124,0.15085913710350124
so,W30p0,8,12,-0.15085823091496375,0.15085823091496375
thetao,W60p0,7,10,-0.15083963918531676,0.15083963918531676
so,W40p0,5,13,-0.15052635792009525,0.15052635792009525
thetao,W10p0,6,20,-0.15048586195588667,0.15048586195588667
so,W40p0,9,3,-0.15000075112416816,0.15000075112416816
thetao,W40p0,9,9,-0.14997376739963791,0.14997376739963791
thetao,W30p0,8,0,0.14991640397195977,0.14991640397195977
thetao,W60p0,7,9,-0.14985766219480118,0.14985766219480118
so,W10p0,5,8,-0.14979782224027854,0.14979782224027854
so,W60p0,3,8,-0.14975778437897297,0.14975778437897297
so,W10p0,2,17,0.14969699473598314,0.14969699473598314
thetao,W40p0,9,10,-0.1496946652059965,0.1496946652059965
thetao,W60p0,4,4,-0.14932762213804074,0.14932762213804074
so,W60p0,10,17,-0.14923124410437905,0.14923124410437905
thetao,W20p0,4,10,0.1491746565111262,0.1491746565111262
so,W30p0,8,4,-0.14894528518002884,0.14894528518002884
so,W30p0,5,11,-0.14882113095848118,0.14882113095848118
thetao,W40p0,9,15,-0.14846644157600883,0.14846644157600883
so,W20p0,3,5,-0.1484064526370362,0.1484064526370362
thetao,W20p0,7,10,0.148246442966288,0.148246442966288
so,W30p0,6,5,-0.14819191509317078,0.14819191509317078
thetao,W40p0,10,9,-0.14798808569591748,0.14798808569591748
so,W10p0,6,3,0.1478836717949466,0.1478836717949466
thetao,W20p0,10,4,-0.1478539366726571,0.1478539366726571
so,W30p0,9,19,0.14783312653107,0.14783312653107
so,W20p0,3,6,-0.14764007937005613,0.14764007937005613
so,W10p0,10,18,0.147570073875036,0.147570073875036
so,W60p0,7,2,-0.14747723827731443,0.14747723827731443
thetao,W30p0,5,16,0.14733213840626383,0.14733213840626383
so,W30p0,5,13,-0.14728385863824528,0.14728385863824528
thetao,W60p0,5,19,0.14706655785022793,0.14706655785022793
thetao,W60p0,5,0,0.1469539072827431,0.1469539072827431
so,W60p0,9,11,0.1466036806316122,0.1466036806316122
thetao,W20p0,9,11,-0.1465953217901164,0.1465953217901164
so,W20p0,6,14,0.146416050836747,0.146416050836747
so,W20p0,9,12,0.14637421056612263,0.14637421056612263
so,W40p0,4,12,-0.14636426233666597,0.14636426233666597
so,W30p0,5,20,-0.1460695024023425,0.1460695024023425
so,W40p0,4,13,-0.14604061413499997,0.14604061413499997
so,W10p0,8,11,-0.1459153488906646,0.1459153488906646
thetao,W20p0,9,10,-0.14588597100914383,0.14588597100914383
thetao,W40p0,10,19,-0.1458063252084602,0.1458063252084602
so,W40p0,9,0,-0.14574421828671932,0.14574421828671932
so,W20p0,3,4,-0.14570008358261702,0.14570008358261702
so,W40p0,6,11,-0.1456043730381524,0.1456043730381524
thetao,W60p0,8,4,0.14551560015951306,0.14551560015951306
so,W40p0,9,16,0.14525470727819279,0.14525470727819279
so,W60p0,7,1,-0.14522882643052068,0.14522882643052068
so,W10p0,8,10,-0.1450243292675573,0.1450243292675573
thetao,W20p0,10,3,-0.14486801433921934,0.14486801433921934
so,W30p0,9,4,0.14467989202871495,0.14467989202871495
so,W40p0,4,1,-0.1445703106356975,0.1445703106356975
thetao,W10p0,3,10,-0.14455624433615705,0.14455624433615705
so,W20p0,3,1,-0.14448724806870875,0.14448724806870875
so,W60p0,4,18,-0.14443360836376007,0.14443360836376007
thetao,W20p0,10,15,-0.14430657752562975,0.14430657752562975
thetao,W10p0,4,19,-0.14422255140163012,0.14422255140163012
so,W10p0,7,11,0.1440741663813612,0.1440741663813612
so,W30p0,8,20,-0.14407100378023024,0.14407100378023024
thetao,W10p0,9,11,-0.1439855856727523,0.1439855856727523
so,W20p0,10,19,-0.14384951708354096,0.14384951708354096
so,W60p0,4,14,-0.14341770669159898,0.14341770669159898
thetao,W40p0,9,6,-0.1433680252578021,0.1433680252578021
so,W60p0,5,12,0.14323790776833523,0.14323790776833523
so,W20p0,10,7,-0.14305283779823721,0.14305283779823721
so,W10p0,7,17,0.1429802590870539,0.1429802590870539
thetao,W40p0,9,5,-0.14295427390675894,0.14295427390675894
thetao,W10p0,8,8,-0.14295075532076462,0.14295075532076462
so,W40p0,6,15,-0.1428592389061043,0.1428592389061043
thetao,W60p0,4,7,0.1426522097934861,0.1426522097934861
so,W30p0,10,0,0.14236103302625153,0.14236103302625153
thetao,W10p0,9,9,-0.1420832702086663,0.1420832702086663
thetao,W20p0,7,0,0.142011683383611,0.142011683383611
thetao,W30p0,9,10,-0.14188381293691255,0.14188381293691255
so,W60p0,7,19,0.14169619453543927,0.14169619453543927
thetao,W60p0,4,10,0.14163035488536524,0.14163035488536524
so,W40p0,9,17,0.14162732536325084,0.14162732536325084
thetao,W60p0,9,13,-0.1411888628682599,0.1411888628682599
thetao,W30p0,9,1,-0.14114256679216555,0.14114256679216555
so,W10p0,5,3,-0.14103201676031582,0.14103201676031582
so,W40p0,5,18,-0.1410265816476117,0.1410265816476117
so,W30p0,4,6,0.14102613326138694,0.14102613326138694
thetao,W60p0,10,11,-0.14074184693918554,0.14074184693918554
so,W40p0,9,10,0.1406995976950144,0.1406995976950144
thetao,W60p0,3,19,0.14043226534585052,0.14043226534585052
so,W10p0,3,6,-0.13999681569428285,0.13999681569428285
so,W30p0,4,8,0.13973755587394784,0.13973755587394784
so,W60p0,10,3,-0.1397083357347035,0.1397083357347035
thetao,W40p0,6,14,0.1390123472212874,0.1390123472212874
thetao,W10p0,6,0,0.13885886472460401,0.13885886472460401
so,W60p0,4,6,-0.1388447639442393,0.1388447639442393
so,W10p0,7,9,0.1386844752805244,0.1386844752805244
thetao,W10p0,4,15,-0.13837172012287619,0.13837172012287619
so,W60p0,3,9,-0.13836441819886655,0.13836441819886655
so,W20p0,9,14,0.13812533255251983,0.13812533255251983
thetao,W60p0,7,11,-0.13811994746765197,0.13811994746765197
so,W40p0,4,14,-0.13803910148198476,0.13803910148198476
thetao,W10p0,10,17,-0.13782942405201531,0.13782942405201531
so,W30p0,4,3,0.13740170929378454,0.13740170929378454
thetao,W40p0,4,5,0.13738488492409673,0.13738488492409673
so,W10p0,10,16,0.13721904669521068,0.13721904669521068
so,W40p0,10,13,-0.13703319295044156,0.13703319295044156
so,W60p0,7,5,-0.13654592612352168,0.13654592612352168
so,W30p0,2,20,0.13626535964114578,0.13626535964114578
so,W30p0,4,5,0.13618948151332502,0.13618948151332502
thetao,W20p0,6,10,-0.13571227692507362,0.13571227692507362
so,W10p0,3,20,-0.13553496129138573,0.13553496129138573
so,W10p0,3,12,-0.13550392686123175,0.13550392686123175
thetao,W10p0,8,7,-0.1354551013991398,0.1354551013991398
so,W30p0,6,19,-0.13541287984559394,0.13541287984559394
so,W60p0,4,20,-0.13525388223731213,0.13525388223731213
thetao,W10p0,9,16,-0.13513021613105727,0.13513021613105727
so,W30p0,5,10,-0.13488116146656035,0.13488116146656035
so,W20p0,8,8,-0.1347589165682284,0.1347589165682284
so,W20p0,9,16,0.1341157187983148,0.1341157187983148
so,W60p0,6,1,-0.13393199641181647,0.13393199641181647
so,W40p0,10,14,-0.13367309355201143,0.13367309355201143
so,W30p0,5,19,-0.13352707899547592,0.13352707899547592
thetao,W10p0,2,13,0.133347784396684,0.133347784396684
thetao,W60p0,5,4,0.13308480941571288,0.13308480941571288
so,W40p0,9,15,0.13308082680081373,0.13308082680081373
thetao,W10p0,3,19,-0.1328626639340341,0.1328626639340341
so,W30p0,10,16,-0.1327232410321965,0.1327232410321965
thetao,W10p0,5,17,-0.1326624793621134,0.1326624793621134
so,W60p0,10,5,-0.13226533657911,0.13226533657911
so,W40p0,5,17,-0.13224783581709898,0.13224783581709898
so,W20p0,10,2,-0.1322346057394072,0.1322346057394072
thetao,W30p0,8,14,0.13221110326647223,0.13221110326647223
thetao,W20p0,4,20,-0.1321635996216925,0.1321635996216925
thetao,W10p0,4,18,-0.1320665243190459,0.1320665243190459
thetao,W30p0,2,8,-0.13190058409775302,0.13190058409775302
so,W20p0,8,2,-0.13136333655912028,0.13136333655912028
thetao,W60p0,7,15,-0.13127923121826002,0.13127923121826002
thetao,W20p0,6,9,-0.13076478058834276,0.13076478058834276
thetao,W10p0,3,3,-0.13074418605753993,0.13074418605753993
thetao,W10p0,3,13,-0.13059220276679465,0.13059220276679465
thetao,W40p0,7,1,-0.13019811818510038,0.13019811818510038
thetao,W10p0,9,12,-0.1298024294849418,0.1298024294849418
so,W10p0,10,17,0.12976628695646003,0.12976628695646003
thetao,W10p0,4,17,-0.12934068773925447,0.12934068773925447
thetao,W60p0,9,0,0.12928414981252478,0.12928414981252478
thetao,W40p0,4,2,-0.12926888633612654,0.12926888633612654
so,W40p0,8,15,0.12877209443922885,0.12877209443922885
so,W60p0,6,16,-0.12831769195480588,0.12831769195480588
thetao,W20p0,8,4,0.1282933541189187,0.1282933541189187
thetao,W20p0,1,13,0.12824602400421284,0.12824602400421284
thetao,W60p0,7,14,-0.12760070359367967,0.12760070359367967
so,W30p0,10,10,-0.12753709438204852,0.12753709438204852
so,W60p0,3,15,-0.12727229635882142,0.12727229635882142
so,W40p0,4,11,-0.12692813816118678,0.12692813816118678
thetao,W30p0,5,15,0.12662389264063018,0.12662389264063018
so,W40p0,8,2,-0.126581262810139,0.126581262810139
so,W10p0,3,3,-0.12625458083429525,0.12625458083429525
so,W60p0,7,4,-0.12574884183980456,0.12574884183980456
so,W60p0,6,12,-0.1254650645087374,0.1254650645087374
so,W30p0,8,5,-0.12541885495343436,0.12541885495343436
thetao,W10p0,10,15,-0.1252500958136265,0.1252500958136265
so,W60p0,5,19,0.12476503147395722,0.12476503147395722
so,W60p0,4,1,-0.1247440509065887,0.1247440509065887
so,W20p0,3,9,-0.12447134113253572,0.12447134113253572
thetao,W60p0,4,20,-0.12442803088730392,0.12442803088730392
thetao,W60p0,9,8,-0.12422347085142413,0.12422347085142413
so,W60p0,7,6,-0.12405795112319708,0.12405795112319708
thetao,W10p0,6,16,-0.12373969921025368,0.12373969921025368
so,W40p0,6,20,-0.1236971447789544,0.1236971447789544
thetao,W30p0,9,8,-0.12291454643963756,0.12291454643963756
so,W40p0,4,17,-0.12245877657075548,0.12245877657075548
thetao,W20p0,7,13,0.12221329691084344,0.12221329691084344
so,W30p0,8,9,-0.12211626596671322,0.12211626596671322
so,W20p0,6,17,0.12211480644523391,0.12211480644523391
so,W60p0,9,12,0.12206811558686265,0.12206811558686265
thetao,W10p0,5,5,0.12166053689647202,0.12166053689647202
thetao,W10p0,5,3,0.12153371980971825,0.12153371980971825
so,W60p0,6,2,-0.12150794861348586,0.12150794861348586
so,W30p0,6,8,-0.12148539722908441,0.12148539722908441
so,W20p0,8,14,-0.12147538740701189,0.12147538740701189
so,W20p0,6,16,0.12132802725587061,0.12132802725587061
so,W40p0,4,2,-0.12131300715608968,0.12131300715608968
thetao,W40p0,4,1,-0.12048472266732689,0.12048472266732689
thetao,W10p0,4,20,-0.12043387150096053,0.12043387150096053
so,W30p0,5,16,-0.12029322390448195,0.12029322390448195
so,W20p0,3,18,0.12023850920788148,0.12023850920788148
thetao,W10p0,4,16,-0.11977353818453884,0.11977353818453884
so,W60p0,7,7,-0.11959574165122028,0.11959574165122028
so,W60p0,5,7,-0.1195829491193479,0.1195829491193479
so,W40p0,7,9,0.1191093514610589,0.1191093514610589
thetao,W20p0,4,13,0.1189664004727168,0.1189664004727168
so,W30p0,5,18,-0.11887536110697683,0.11887536110697683
so,W10p0,3,9,-0.11848007053803734,0.11848007053803734
so,W60p0,10,16,-0.11737497812806148,0.11737497812806148
so,W30p0,9,10,0.11727423737510383,0.11727423737510383
thetao,W20p0,9,7,-0.11725895514968657,0.11725895514968657
thetao,W40p0,7,0,-0.11677204099656135,0.11677204099656135
thetao,W60p0,9,1,0.11628236102985512,0.11628236102985512
so,W20p0,8,19,-0.11618632096039495,0.11618632096039495
so,W10p0,2,6,-0.1161787835777636,0.1161787835777636
so,W30p0,6,6,-0.11616749496815118,0.11616749496815118
thetao,W20p0,7,1,0.1161275100456274,0.1161275100456274
so,W40p0,9,14,0.11594305756125702,0.11594305756125702
thetao,W20p0,7,3,0.11592411059204569,0.11592411059204569
so,W30p0,4,2,0.11532072429094456,0.11532072429094456
thetao,W30p0,10,20,0.11503693656551744,0.11503693656551744
thetao,W10p0,8,9,-0.11457073679525608,0.11457073679525608
thetao,W20p0,7,12,0.11455113052856156,0.11455113052856156
so,W30p0,7,2,0.11446483745776281,0.11446483745776281
so,W40p0,8,20,0.1144012486082029,0.1144012486082029
so,W30p0,7,1,0.11428562994772591,0.11428562994772591
thetao,W20p0,7,4,0.1141437672419687,0.1141437672419687
thetao,W30p0,8,15,0.11413299594616493,0.11413299594616493
so,W20p0,10,1,-0.11406619283168092,0.11406619283168092
so,W60p0,4,2,-0.11372213698524898,0.11372213698524898
thetao,W10p0,3,20,-0.1136885062758578,0.1136885062758578
thetao,W40p0,10,18,-0.11356725624004153,0.11356725624004153
thetao,W60p0,10,7,-0.11351325985600759,0.11351325985600759
so,W40p0,5,14,-0.11349552136355981,0.11349552136355981
thetao,W10p0,5,1,0.11349481487296521,0.11349481487296521
thetao,W40p0,10,8,-0.1133363831241163,0.1133363831241163
so,W40p0,5,20,-0.11326597906190738,0.11326597906190738
so,W20p0,10,9,-0.11312960818861095,0.11312960818861095
thetao,W30p0,9,15,-0.11303910377093891,0.11303910377093891
so,W10p0,9,14,-0.11272393278666872,0.11272393278666872
so,W20p0,7,5,-0.11256401652979021,0.11256401652979021
thetao,W30p0,2,4,-0.11234790635443118,0.11234790635443118
so,W40p0,10,16,-0.11210753437023811,0.11210753437023811
so,W10p0,7,15,0.11184401654184783,0.11184401654184783
so,W30p0,9,7,0.11150751938026868,0.11150751938026868
so,W60p0,8,19,0.11134635185848837,0.11134635185848837
thetao,W10p0,2,14,0.11127018727585206,0.11127018727585206
thetao,W30p0,3,16,0.1110543713299983,0.1110543713299983
thetao,W30p0,9,11,-0.1110035462690941,0.1110035462690941
so,W60p0,8,8,0.11097390722147737,0.11097390722147737
thetao,W40p0,7,17,0.11093574697219165,0.11093574697219165
thetao,W40p0,4,19,0.11084983311097552,0.11084983311097552
so,W20p0,9,18,0.11080907139696795,0.11080907139696795
so,W20p0,7,4,-0.11046937112536727,0.11046937112536727
so,W10p0,3,13,-0.110280032981603,0.110280032981603
so,W60p0,4,4,-0.11005946514964791,0.11005946514964791
so,W40p0,8,0,0.10967416777705251,0.10967416777705251
so,W30p0,8,10,-0.10963864877188441,0.10963864877188441
so,W40p0,9,5,-0.10959195027363583,0.10959195027363583
so,W10p0,8,8,0.10953381398196949,0.10953381398196949
thetao,W10p0,5,11,0.10951255320377012,0.10951255320377012
so,W60p0,4,3,-0.10931417578303991,0.10931417578303991
so,W60p0,5,9,0.1092089601124306,0.1092089601124306
so,W30p0,6,3,-0.10902034787279417,0.10902034787279417
thetao,W40p0,8,15,0.10883858159682816,0.10883858159682816
so,W30p0,5,9,-0.10882373020928313,0.10882373020928313
thetao,W20p0,10,12,-0.10869099840938803,0.10869099840938803
thetao,W10p0,10,6,-0.10811127215945003,0.10811127215945003
so,W40p0,10,12,-0.10807469124568395,0.10807469124568395
so,W30p0,5,0,-0.10786236150537802,0.10786236150537802
so,W30p0,6,0,-0.10711068363346342,0.10711068363346342
thetao,W40p0,6,15,0.10687601819803509,0.10687601819803509
so,W30p0,8,8,-0.10683345362290053,0.10683345362290053
thetao,W60p0,9,7,-0.10682050825028498,0.10682050825028498
so,W60p0,9,18,0.10630456925139041,0.10630456925139041
thetao,W10p0,3,8,-0.10624789302408087,0.10624789302408087
thetao,W60p0,10,8,-0.10609839318554322,0.10609839318554322
thetao,W20p0,5,19,-0.10600090270798591,0.10600090270798591
so,W60p0,10,4,-0.10582748922492873,0.10582748922492873
thetao,W10p0,8,1,0.10562108276285931,0.10562108276285931
thetao,W30p0,9,16,-0.1055483179286958,0.1055483179286958
so,W60p0,3,10,-0.10554292243075238,0.10554292243075238
thetao,W30p0,9,13,-0.10497427355410126,0.10497427355410126
so,W30p0,6,7,-0.1047300019195849,0.1047300019195849
thetao,W40p0,7,2,-0.10464115687114911,0.10464115687114911
so,W20p0,3,0,-0.10458501611571867,0.10458501611571867
thetao,W60p0,9,18,-0.10452458757775322,0.10452458757775322
so,W10p0,9,1,-0.10443021987559223,0.10443021987559223
thetao,W30p0,3,17,0.10433016437451074,0.10433016437451074
thetao,W20p0,5,11,-0.10420776813791671,0.10420776813791671
thetao,W30p0,6,0,0.1041886365983448,0.1041886365983448
thetao,W20p0,7,2,0.10414438366368693,0.10414438366368693
so,W20p0,7,6,-0.10332497473316417,0.10332497473316417
thetao,W30p0,6,1,0.1032157990162107,0.1032157990162107
so,W60p0,8,20,0.10307422060483001,0.10307422060483001
so,W30p0,6,4,-0.10298419994378886,0.10298419994378886
so,W30p0,2,18,0.10292450419881484,0.10292450419881484
thetao,W30p0,6,2,0.10268551282013066,0.10268551282013066
thetao,W10p0,3,15,-0.10266181853577658,0.10266181853577658
so,W20p0,3,14,-0.10258138896186095,0.10258138896186095
so,W30p0,4,16,-0.10237290658195403,0.10237290658195403
thetao,W10p0,10,16,-0.10236206719563326,0.10236206719563326
so,W60p0,6,3,-0.10233655432225494,0.10233655432225494
so,W40p0,10,10,-0.10189580241370862,0.10189580241370862
thetao,W30p0,2,5,-0.10177950591105762,0.10177950591105762
thetao,W10p0,5,2,0.10175839103975887,0.10175839103975887
so,W10p0,3,5,-0.1016821749470189,0.1016821749470189
so,W40p0,10,15,-0.10147300217289262,0.10147300217289262
so,W30p0,7,20,0.10116109718118567,0.10116109718118567
thetao,W10p0,10,14,-0.10105207471217309,0.10105207471217309
thetao,W20p0,6,1,-0.10090556822455303,0.10090556822455303
so,W20p0,7,10,0.10090350255658166,0.10090350255658166
thetao,W10p0,6,12,-0.10073314597467435,0.10073314597467435
thetao,W40p0,2,19,-0.10065728470760192,0.10065728470760192
so,W30p0,7,18,0.10037790751383413,0.10037790751383413
so,W30p0,4,9,0.1002824753224577,0.1002824753224577
so,W20p0,8,15,-0.10026850474952309,0.10026850474952309
so,W10p0,7,13,0.10009012259916049,0.10009012259916049
so,W40p0,10,18,-0.09994370881951331,0.09994370881951331
thetao,W60p0,10,9,-0.09993140862105125,0.09993140862105125
thetao,W10p0,9,10,-0.0996675577310858,0.0996675577310858
thetao,W60p0,5,18,0.09961151721293747,0.09961151721293747
so,W10p0,6,10,0.09960061586672382,0.09960061586672382
thetao,W30p0,7,10,0.09944559735969533,0.09944559735969533
thetao,W60p0,4,19,-0.09893424394434921,0.09893424394434921
thetao,W10p0,5,12,0.09875566569732873,0.09875566569732873
so,W20p0,8,9,-0.09873176832269874,0.09873176832269874
thetao,W30p0,2,2,-0.09871715606154881,0.09871715606154881
so,W30p0,6,18,-0.09836113223076176,0.09836113223076176
so,W20p0,6,18,0.09828826263834035,0.09828826263834035
thetao,W10p0,9,0,-0.09821080186699908,0.09821080186699908
so,W60p0,3,3,0.09813986700592532,0.09813986700592532
so,W40p0,9,12,0.09812188839200761,0.09812188839200761
thetao,W30p0,5,0,0.0978852363508851,0.0978852363508851
thetao,W30p0,2,7,-0.09785052581833584,0.09785052581833584
so,W60p0,6,15,-0.09779714458234628,0.09779714458234628
so,W20p0,9,17,0.09774047077831025,0.09774047077831025
thetao,W20p0,10,10,-0.09742591723481046,0.09742591723481046
so,W10p0,3,4,-0.09721960518193101,0.09721960518193101
so,W60p0,5,3,0.09718474746641766,0.09718474746641766
so,W30p0,4,17,-0.09690853058157642,0.09690853058157642
so,W10p0,8,6,0.09689553294936924,0.09689553294936924
thetao,W40p0,8,14,0.09666920563928359,0.09666920563928359
thetao,W60p0,8,6,0.09617492291805867,0.09617492291805867
so,W30p0,2,19,0.09611955316708151,0.09611955316708151
so,W30p0,6,13,-0.09607462745580306,0.09607462745580306
so,W20p0,3,8,-0.09602651775585878,0.09602651775585878
so,W30p0,2,17,0.09598525061864793,0.09598525061864793
so,W10p0,6,20,0.09579182146248852,0.09579182146248852
so,W30p0,4,4,0.09575835540558537,0.09575835540558537
thetao,W40p0,8,12,0.0955896177972087,0.0955896177972087
thetao,W30p0,5,14,0.09550303709751515,0.09550303709751515
thetao,W30p0,5,19,0.09549515851780041,0.09549515851780041
so,W30p0,7,19,0.09528996491510958,0.09528996491510958
so,W60p0,7,12,-0.09487782926976761,0.09487782926976761
thetao,W10p0,2,15,0.09469497154256279,0.09469497154256279
thetao,W60p0,8,14,-0.09450110064036703,0.09450110064036703
thetao,W40p0,7,4,-0.09449091476085808,0.09449091476085808
thetao,W30p0,2,6,-0.0943464968666619,0.0943464968666619
so,W30p0,7,17,0.09423637329033677,0.09423637329033677
thetao,W40p0,9,17,-0.09377957140980274,0.09377957140980274
so,W30p0,6,2,-0.09371455847239275,0.09371455847239275
thetao,W60p0,4,11,0.09362374436909283,0.09362374436909283
thetao,W10p0,3,14,-0.09361033392330129,0.09361033392330129
thetao,W60p0,10,6,-0.09358885764653876,0.09358885764653876
thetao,W30p0,7,20,0.09348107060772842,0.09348107060772842
so,W30p0,9,8,0.09327915651326624,0.09327915651326624
thetao,W40p0,7,6,-0.09300035092162866,0.09300035092162866
thetao,W60p0,7,12,-0.09288240558208835,0.09288240558208835
so,W30p0,2,15,0.09266959137886101,0.09266959137886101
thetao,W40p0,4,20,0.0924364518384009,0.0924364518384009
so,W10p0,2,7,-0.0919569949530445,0.0919569949530445
thetao,W10p0,3,4,-0.0917191551274956,0.0917191551274956
so,W40p0,10,1,-0.09170748602756555,0.09170748602756555
so,W30p0,4,18,-0.09130118790956947,0.09130118790956947
thetao,W30p0,6,6,-0.09072925096832268,0.09072925096832268
thetao,W60p0,1,5,-0.09070533571670267,0.09070533571670267
so,W20p0,6,19,0.09049846352611016,0.09049846352611016
thetao,W30p0,10,8,0.09012600593991547,0.09012600593991547
thetao,W20p0,10,17,-0.08978016400832578,0.08978016400832578
so,W60p0,9,17,0.08977736680962739,0.08977736680962739
thetao,W30p0,5,2,-0.08969768791962236,0.08969768791962236
thetao,W40p0,7,12,0.08962992554491728,0.08962992554491728
thetao,W30p0,9,14,-0.08956802449559345,0.08956802449559345
so,W10p0,3,8,-0.08955516032122751,0.08955516032122751
so,W20p0,8,11,-0.08944444036616617,0.08944444036616617
thetao,W30p0,10,0,0.08939781808457296,0.08939781808457296
thetao,W10p0,3,16,-0.08883665040672029,0.08883665040672029
thetao,W30p0,3,18,0.08881249283959997,0.08881249283959997
so,W30p0,6,20,-0.08863027841700505,0.08863027841700505
so,W30p0,9,5,0.08855565142921876,0.08855565142921876
so,W10p0,7,14,0.08838812436478524,0.08838812436478524
thetao,W30p0,10,16,0.08818422777949292,0.08818422777949292
thetao,W30p0,10,17,0.0880716230031104,0.0880716230031104
so,W30p0,2,14,0.08801539857129853,0.08801539857129853
thetao,W60p0,9,19,-0.08800132569075474,0.08800132569075474
thetao,W30p0,9,2,-0.0879941190839928,0.0879941190839928
so,W60p0,3,19,0.08764547217841805,0.08764547217841805
so,W30p0,5,17,-0.08721513707679675,0.08721513707679675
thetao,W10p0,7,0,0.0871635040329341,0.0871635040329341
so,W10p0,2,16,0.08689944213199477,0.08689944213199477
thetao,W20p0,7,14,0.08686994773635075,0.08686994773635075
so,W40p0,9,2,-0.08686386612387281,0.08686386612387281
so,W10p0,7,18,0.08679428925327873,0.08679428925327873
thetao,W10p0,7,20,-0.08676870270758985,0.08676870270758985
thetao,W40p0,9,18,-0.08659086086469904,0.08659086086469904
so,W40p0,5,19,-0.08655424591901095,0.08655424591901095
so,W30p0,4,15,-0.08643427826398593,0.08643427826398593
so,W40p0,10,19,-0.08639017875652573,0.08639017875652573
so,W60p0,10,1,0.08626244406966845,0.08626244406966845
thetao,W60p0,3,20,0.08581330725083693,0.08581330725083693
so,W40p0,7,7,0.0855676432652583,0.0855676432652583
thetao,W20p0,10,14,-0.08548232595010534,0.08548232595010534
thetao,W30p0,5,6,-0.08546506114797586,0.08546506114797586
thetao,W20p0,4,14,0.0854433588275295,0.0854433588275295
so,W60p0,3,20,0.0854337339313922,0.0854337339313922
thetao,W10p0,7,16,-0.08542352806585446,0.08542352806585446
thetao,W10p0,7,1,0.08539940704975946,0.08539940704975946
thetao,W60p0,4,6,0.08517625380669494,0.08517625380669494
so,W60p0,5,20,0.08401032535817765,0.08401032535817765
thetao,W10p0,6,8,-0.08331710398818512,0.08331710398818512
thetao,W40p0,7,13,0.0832358321112734,0.0832358321112734
so,W30p0,8,7,-0.0829572353996158,0.0829572353996158
thetao,W10p0,8,5,-0.08286554903818145,0.08286554903818145
thetao,W60p0,5,5,0.08273165006565754,0.08273165006565754
thetao,W20p0,6,11,-0.08257765764351384,0.08257765764351384
so,W40p0,9,18,0.08256663227877284,0.08256663227877284
so,W20p0,10,8,-0.08250106197739449,0.08250106197739449
thetao,W10p0,3,18,-0.08211713338500058,0.08211713338500058
thetao,W30p0,3,20,0.08207940034428551,0.08207940034428551
thetao,W10p0,7,3,0.08203171427029016,0.08203171427029016
so,W40p0,8,12,-0.0820037419335546,0.0820037419335546
thetao,W10p0,3,17,-0.08198344469309783,0.08198344469309783
so,W10p0,7,12,0.08197156987221808,0.08197156987221808
thetao,W40p0,7,5,-0.08176205649234254,0.08176205649234254
thetao,W10p0,6,5,0.08164460234801807,0.08164460234801807
so,W40p0,8,3,-0.0811925037103612,0.0811925037103612
so,W10p0,3,7,-0.08105599840906896,0.08105599840906896
so,W30p0,4,19,-0.08102444257435142,0.08102444257435142
so,W20p0,8,20,-0.08063308504689257,0.08063308504689257
so,W40p0,7,10,0.080530219196372,0.080530219196372
thetao,W10p0,9,1,-0.08026503092520065,0.08026503092520065
thetao,W20p0,5,13,-0.08015181417366572,0.08015181417366572
thetao,W20p0,10,8,0.0800687992069382,0.0800687992069382
so,W40p0,10,17,-0.0800264833975822,0.0800264833975822
thetao,W20p0,6,6,-0.08002564648502701,0.08002564648502701
so,W40p0,10,20,-0.07986534265311881,0.07986534265311881
so,W30p0,9,15,0.07982241319090529,0.07982241319090529
so,W60p0,5,6,-0.07981617690147653,0.07981617690147653
thetao,W10p0,8,2,0.0795574351282556,0.0795574351282556
so,W30p0,2,8,-0.07951425574987941,0.07951425574987941
thetao,W40p0,10,11,-0.07942651383674733,0.07942651383674733
so,W40p0,10,0,-0.0793162472718627,0.0793162472718627
so,W20p0,5,15,0.07926374459705046,0.07926374459705046
thetao,W20p0,1,14,0.0789586236276375,0.0789586236276375
thetao,W10p0,7,17,-0.07867211610621316,0.07867211610621316
so,W10p0,5,2,-0.07833898168665,0.07833898168665
so,W60p0,5,17,0.0783112796121751,0.0783112796121751
thetao,W60p0,10,4,-0.07827897266612067,0.07827897266612067
thetao,W40p0,4,18,0.07820701001481509,0.07820701001481509
thetao,W60p0,10,5,-0.0781473239180703,0.0781473239180703
thetao,W60p0,8,13,-0.07809166397060863,0.07809166397060863
so,W40p0,8,9,0.07782902719829367,0.07782902719829367
thetao,W40p0,7,7,-0.0777640953035939,0.0777640953035939
thetao,W20p0,4,19,-0.0774776449744113,0.0774776449744113
thetao,W40p0,9,0,0.07710265809539958,0.07710265809539958
so,W30p0,7,4,0.07704696547033392,0.07704696547033392
so,W10p0,2,3,0.0769350915105737,0.0769350915105737
so,W60p0,8,11,0.07665111293348653,0.07665111293348653
so,W40p0,10,8,-0.07637109176760058,0.07637109176760058
so,W30p0,6,16,-0.07633569808998067,0.07633569808998067
so,W40p0,8,16,0.07622225528532706,0.07622225528532706
so,W60p0,3,4,0.0759706655809679,0.0759706655809679
so,W40p0,8,14,0.07549325431504324,0.07549325431504324
thetao,W60p0,4,16,0.07548106106966856,0.07548106106966856
thetao,W10p0,7,11,-0.07547571798180008,0.07547571798180008
thetao,W60p0,1,4,-0.07546173697235095,0.07546173697235095
thetao,W60p0,5,7,0.07534915205414754,0.07534915205414754
so,W20p0,8,18,-0.07522367554572724,0.07522367554572724
so,W10p0,6,11,0.07518973878502908,0.07518973878502908
so,W40p0,7,14,0.07510671039667886,0.07510671039667886
so,W60p0,8,17,0.07496094446884047,0.07496094446884047
thetao,W40p0,4,3,-0.07420225135193811,0.07420225135193811
so,W10p0,2,2,0.07412334002101927,0.07412334002101927
so,W30p0,6,1,-0.07406320298327858,0.07406320298327858
thetao,W20p0,6,8,-0.07395284477590593,0.07395284477590593
thetao,W30p0,10,9,0.07393596923056917,0.07393596923056917
thetao,W60p0,8,20,-0.07383197021755411,0.07383197021755411
thetao,W10p0,9,8,-0.0738305116271958,0.0738305116271958
so,W30p0,2,5,-0.0736735130932117,0.0736735130932117
thetao,W60p0,7,13,-0.07359126696533669,0.07359126696533669
so,W20p0,8,17,-0.07318765763076195,0.07318765763076195
thetao,W30p0,9,4,-0.07317704426721382,0.07317704426721382
thetao,W10p0,8,14,0.07279115949093831,0.07279115949093831
so,W40p0,5,16,-0.0726748519288878,0.0726748519288878
thetao,W40p0,4,0,-0.07263404234570417,0.07263404234570417
thetao,W60p0,4,15,0.07263332281853609,0.07263332281853609
so,W20p0,8,10,-0.07261531045859324,0.07261531045859324
so,W10p0,2,8,-0.07254854805241115,0.07254854805241115
thetao,W30p0,3,19,0.07250068202824032,0.07250068202824032
so,W60p0,3,7,-0.07226360088623345,0.07226360088623345
thetao,W10p0,2,16,0.07163744276807427,0.07163744276807427
thetao,W30p0,9,12,-0.0713832232874867,0.0713832232874867
so,W20p0,9,13,0.07125237814248433,0.07125237814248433
so,W60p0,7,14,-0.07070196103472398,0.07070196103472398
so,W60p0,6,13,-0.07067183686543589,0.07067183686543589
thetao,W30p0,5,20,0.07049280772842512,0.07049280772842512
thetao,W10p0,7,12,-0.07047895864172948,0.07047895864172948
so,W20p0,7,2,-0.07044813909503861,0.07044813909503861
thetao,W30p0,2,3,-0.07030199122641309,0.07030199122641309
thetao,W40p0,7,16,0.07003013830423778,0.07003013830423778
thetao,W10p0,6,1,0.07002325711372791,0.07002325711372791
thetao,W20p0,7,6,0.06996397811243792,0.06996397811243792
so,W60p0,10,19,-0.06984955412673839,0.06984955412673839
so,W30p0,9,6,0.06970115971713635,0.06970115971713635
thetao,W20p0,9,9,-0.06963632450199042,0.06963632450199042
thetao,W10p0,7,15,-0.06952655649183433,0.06952655649183433
so,W60p0,8,15,0.06951684232322468,0.06951684232322468
so,W20p0,3,7,-0.06911299878812745,0.06911299878812745
so,W10p0,6,12,0.06891754257080512,0.06891754257080512
so,W30p0,7,12,0.06886788408768299,0.06886788408768299
so,W40p0,9,4,-0.06881859919070607,0.06881859919070607
so,W20p0,10,0,-0.06871326188486261,0.06871326188486261
so,W40p0,7,8,0.06869510217884416,0.06869510217884416
so,W10p0,8,18,0.06864957543005283,0.06864957543005283
so,W20p0,8,12,-0.06840545064252658,0.06840545064252658
so,W60p0,5,2,0.06838658222402941,0.06838658222402941
so,W10p0,6,14,0.0679636488139938,0.0679636488139938
so,W60p0,8,10,0.06789053154923964,0.06789053154923964
thetao,W10p0,10,13,-0.06763585484078809,0.06763585484078809
so,W20p0,6,20,0.06746231784744118,0.06746231784744118
thetao,W10p0,8,20,0.06706950474348469,0.06706950474348469
thetao,W20p0,4,15,0.06702797601480398,0.06702797601480398
so,W30p0,10,9,-0.0666151028808509,0.0666151028808509
thetao,W30p0,7,8,0.06620854880588836,0.06620854880588836
thetao,W40p0,7,10,-0.06613115735350437,0.06613115735350437
thetao,W40p0,8,9,0.06612779343072578,0.06612779343072578
so,W30p0,10,15,-0.06594868083611775,0.06594868083611775
thetao,W10p0,7,2,0.06594174322734778,0.06594174322734778
thetao,W10p0,3,7,-0.0658213091149356,0.0658213091149356
so,W40p0,7,15,0.06578768752283877,0.06578768752283877
so,W10p0,5,1,-0.06544368601658676,0.06544368601658676
thetao,W60p0,9,4,0.06529115249875009,0.06529115249875009
thetao,W10p0,8,19,0.06528898935126005,0.06528898935126005
so,W60p0,6,20,-0.06507437417834715,0.06507437417834715
thetao,W10p0,8,10,-0.06499245039497216,0.06499245039497216
so,W60p0,3,6,-0.06482765019230607,0.06482765019230607
so,W60p0,7,13,-0.06464850378425548,0.06464850378425548
thetao,W30p0,10,18,0.06459701113193463,0.06459701113193463
so,W30p0,10,17,-0.0641973998487885,0.0641973998487885
so,W10p0,7,5,0.06402895978746696,0.06402895978746696
thetao,W60p0,10,3,-0.0639428420129702,0.0639428420129702
so,W10p0,7,8,0.06393260748290655,0.06393260748290655
so,W10p0,8,19,0.06388717657037445,0.06388717657037445
thetao,W20p0,6,15,-0.06383494297125282,0.06383494297125282
thetao,W20p0,5,12,-0.0638125652745256,0.0638125652745256
so,W10p0,8,4,-0.06374823340055367,0.06374823340055367
thetao,W20p0,6,7,-0.06370949908246017,0.06370949908246017
so,W30p0,6,14,-0.06354111272036617,0.06354111272036617
thetao,W60p0,8,12,-0.0632851499715596,0.0632851499715596
thetao,W10p0,7,13,-0.06323323976373778,0.06323323976373778
thetao,W20p0,10,16,-0.06288017897320715,0.06288017897320715
thetao,W10p0,6,15,-0.06279432674420733,0.06279432674420733
so,W10p0,2,5,-0.06250161969565095,0.06250161969565095
thetao,W10p0,8,13,0.062369954082787685,0.062369954082787685
thetao,W40p0,8,1,0.062307070197735744,0.062307070197735744
thetao,W10p0,10,8,-0.06224186385281069,0.06224186385281069
thetao,W60p0,4,18,-0.06220882856126557,0.06220882856126557
so,W60p0,10,2,-0.06208093463822788,0.06208093463822788
thetao,W10p0,7,14,-0.06206544986092403,0.06206544986092403
thetao,W60p0,1,0,-0.06200278406948189,0.06200278406948189
so,W40p0,4,18,-0.06175600513774456,0.06175600513774456
so,W10p0,7,20,0.06169717286547914,0.06169717286547914
thetao,W10p0,2,19,-0.06168626282015433,0.06168626282015433
thetao,W60p0,5,12,0.06164711542016107,0.06164711542016107
thetao,W10p0,5,10,0.06154563803140042,0.06154563803140042
thetao,W10p0,8,18,0.061366293704276584,0.061366293704276584
thetao,W10p0,3,5,-0.0613625451127982,0.0613625451127982
thetao,W30p0,7,19,0.061020170567838886,0.061020170567838886
so,W30p0,6,9,-0.06074343892350128,0.06074343892350128
so,W10p0,8,3,-0.060634325294703494,0.060634325294703494
thetao,W10p0,6,7,-0.06041550936079941,0.06041550936079941
thetao,W10p0,5,16,-0.06033388568289824,0.06033388568289824
so,W30p0,2,2,0.0598705653511832,0.0598705653511832
thetao,W10p0,7,19,-0.05983197251836602,0.05983197251836602
thetao,W20p0,10,5,-0.05974934261279968,0.05974934261279968
so,W10p0,8,1,-0.05930881399734939,0.05930881399734939
thetao,W60p0,8,16,0.05864068637966008,0.05864068637966008
thetao,W30p0,6,3,0.058575591213665436,0.058575591213665436
so,W10p0,7,19,0.058537363413764275,0.058537363413764275
so,W10p0,7,7,0.05841106203506634,0.05841106203506634
so,W10p0,2,9,-0.05828127073914029,0.05828127073914029
thetao,W10p0,5,13,0.05819852891603988,0.05819852891603988
thetao,W40p0,7,19,0.05788626415028825,0.05788626415028825
thetao,W40p0,2,20,-0.057459634841273616,0.057459634841273616
thetao,W40p0,8,5,0.057329075437272725,0.057329075437272725
thetao,W40p0,8,8,0.05723253360356477,0.05723253360356477
so,W40p0,8,4,-0.05702577103356162,0.05702577103356162
thetao,W40p0,7,3,-0.056589539133288895,0.056589539133288895
so,W30p0,6,15,-0.056529994681197765,0.056529994681197765
thetao,W10p0,7,4,0.056519682567342945,0.056519682567342945
thetao,W40p0,10,14,-0.05643058358125423,0.05643058358125423
so,W20p0,3,19,0.056358490656228444,0.056358490656228444
thetao,W10p0,10,9,-0.05632121129621468,0.05632121129621468
so,W30p0,10,14,-0.05572764412616016,0.05572764412616016
thetao,W20p0,1,15,0.05546857011187142,0.05546857011187142
so,W30p0,6,17,-0.055202760108121876,0.055202760108121876
so,W30p0,10,20,-0.05507247420324194,0.05507247420324194
thetao,W10p0,5,7,0.05468380738827937,0.05468380738827937
thetao,W10p0,8,12,0.05457854993098329,0.05457854993098329
so,W20p0,7,7,-0.05443019850487943,0.05443019850487943
so,W60p0,7,18,0.05440286828267703,0.05440286828267703
so,W20p0,3,17,0.054111271823297384,0.054111271823297384
so,W40p0,10,9,-0.05400745314088223,0.05400745314088223
thetao,W30p0,6,5,-0.05395947280643745,0.05395947280643745
so,W60p0,4,15,-0.05392121285191282,0.05392121285191282
thetao,W20p0,6,3,0.05330970559422742,0.05330970559422742
so,W60p0,5,4,0.053243868013779866,0.053243868013779866
thetao,W20p0,8,1,-0.053133946581292016,0.053133946581292016
thetao,W60p0,5,8,0.05305748382682349,0.05305748382682349
so,W60p0,4,5,-0.05292080169968208,0.05292080169968208
so,W10p0,8,14,-0.05286154699905633,0.05286154699905633
so,W60p0,8,13,0.05259350412636563,0.05259350412636563
thetao,W10p0,7,18,-0.05255865897242425,0.05255865897242425
so,W60p0,4,16,-0.0522493034364397,0.0522493034364397
thetao,W10p0,8,15,0.05213454972918451,0.05213454972918451
so,W40p0,7,12,0.05203319050902043,0.05203319050902043
so,W40p0,7,0,-0.051981634241781906,0.051981634241781906
thetao,W20p0,5,14,-0.051902582847051425,0.051902582847051425
thetao,W30p0,10,19,0.051571691973485,0.051571691973485
so,W30p0,2,7,-0.051495380230149455,0.051495380230149455
thetao,W20p0,8,3,0.0512988951155407,0.0512988951155407
thetao,W60p0,9,2,0.05110521430628254,0.05110521430628254
so,W10p0,7,2,-0.05104776299763706,0.05104776299763706
so,W40p0,7,17,0.050889496778176266,0.050889496778176266
thetao,W40p0,8,2,0.05076277698548795,0.05076277698548795
thetao,W20p0,4,16,0.05042500106356375,0.05042500106356375
so,W30p0,8,6,-0.050176325838923765,0.050176325838923765
thetao,W60p0,5,17,0.05010712866009389,0.05010712866009389
so,W40p0,9,6,-0.05003815008863058,0.05003815008863058
thetao,W60p0,9,20,-0.04980087279495663,0.04980087279495663
thetao,W30p0,9,3,-0.04944218275096775,0.04944218275096775
so,W10p0,5,0,-0.04941819279206942,0.04941819279206942
so,W40p0,7,13,0.04911318633475307,0.04911318633475307
so,W10p0,6,13,0.04910001970895353,0.04910001970895353
so,W10p0,8,0,-0.04877510097661736,0.04877510097661736
so,W60p0,3,18,0.0487572325596272,0.0487572325596272
so,W30p0,10,12,0.048751943160580555,0.048751943160580555
so,W10p0,7,6,0.04868630156111628,0.04868630156111628
so,W30p0,7,13,0.04864558404283819,0.04864558404283819
so,W40p0,8,11,-0.048408861506394396,0.048408861506394396
thetao,W20p0,6,14,-0.048387710942917946,0.048387710942917946
thetao,W30p0,7,11,0.048330307645038956,0.048330307645038956
thetao,W20p0,4,18,-0.048277842730342,0.048277842730342
thetao,W10p0,6,11,-0.04821655883964066,0.04821655883964066
so,W10p0,2,0,-0.04821624824225716,0.04821624824225716
thetao,W60p0,9,6,-0.04799790148791816,0.04799790148791816
so,W20p0,5,18,0.04791010401384473,0.04791010401384473
so,W30p0,7,8,0.04782390244264202,0.04782390244264202
so,W20p0,3,10,-0.04767452797681645,0.04767452797681645
thetao,W40p0,7,9,0.04753460597463237,0.04753460597463237
so,W10p0,2,14,0.046785799261884295,0.046785799261884295
so,W10p0,8,9,-0.046399106845135665,0.046399106845135665
thetao,W20p0,9,8,-0.04634760714268732,0.04634760714268732
so,W40p0,9,8,0.046103402266772536,0.046103402266772536
thetao,W10p0,9,2,-0.04605103398881122,0.04605103398881122
so,W60p0,5,0,0.045995147166072656,0.045995147166072656
so,W20p0,5,14,0.04580297346881401,0.04580297346881401
so,W60p0,8,16,0.04574712481827953,0.04574712481827953
so,W30p0,10,6,0.0457230241405314,0.0457230241405314
thetao,W10p0,9,3,-0.04544767531622007,0.04544767531622007
thetao,W10p0,7,10,-0.04524612133210927,0.04524612133210927
so,W10p0,6,16,0.045241668861429,0.045241668861429
thetao,W10p0,6,3,0.04522842768579388,0.04522842768579388
so,W40p0,7,11,0.04512566483716864,0.04512566483716864
thetao,W10p0,5,6,0.04493826897250134,0.04493826897250134
so,W30p0,7,6,0.04480150236258283,0.04480150236258283
thetao,W30p0,5,11,0.04464494298755242,0.04464494298755242
thetao,W20p0,6,18,-0.04458345440225362,0.04458345440225362
thetao,W60p0,5,11,0.04454856824706323,0.04454856824706323
so,W60p0,6,18,0.04453843333078742,0.04453843333078742
thetao,W10p0,5,14,0.04450998716062154,0.04450998716062154
so,W10p0,8,17,0.04450448507374684,0.04450448507374684
so,W10p0,7,0,-0.044482275964993455,0.044482275964993455
so,W60p0,5,11,0.044461195616530294,0.044461195616530294
so,W10p0,7,1,-0.044267995931063994,0.044267995931063994
so,W30p0,7,14,0.04424093018399636,0.04424093018399636
so,W30p0,7,7,0.044097224998838884,0.044097224998838884
so,W30p0,9,9,0.04393154590031989,0.04393154590031989
so,W10p0,8,16,-0.043473177229191085,0.043473177229191085
thetao,W30p0,5,9,-0.0434663317928029,0.0434663317928029
so,W60p0,8,12,0.043397671895015616,0.043397671895015616
so,W60p0,7,16,0.043388564027276616,0.043388564027276616
thetao,W60p0,8,7,0.043333386142794805,0.043333386142794805
thetao,W40p0,7,18,0.04319170493077789,0.04319170493077789
thetao,W10p0,6,2,0.04307817555922342,0.04307817555922342
thetao,W30p0,7,16,-0.04292869327483362,0.04292869327483362
so,W60p0,8,14,0.04286039588636548,0.04286039588636548
thetao,W10p0,9,4,0.04266523069625829,0.04266523069625829
so,W40p0,7,16,0.042617110138369795,0.042617110138369795
thetao,W10p0,8,17,0.04259800025926491,0.04259800025926491
thetao,W10p0,10,7,-0.0420972724597228,0.0420972724597228
so,W60p0,3,17,-0.04202734422743928,0.04202734422743928
so,W10p0,2,15,0.04192351452473417,0.04192351452473417
so,W20p0,5,20,0.041889126432106905,0.041889126432106905
so,W30p0,7,11,0.04187743678189273,0.04187743678189273
thetao,W20p0,1,16,0.041772386421097284,0.041772386421097284
thetao,W20p0,10,20,0.04144260419023751,0.04144260419023751
so,W40p0,8,10,0.04082007853847383,0.04082007853847383
so,W60p0,3,13,-0.0405742864481297,0.0405742864481297
so,W30p0,4,20,-0.04030563441702758,0.04030563441702758
thetao,W30p0,10,12,0.04022288609044177,0.04022288609044177
thetao,W40p0,7,11,-0.040014145756551475,0.040014145756551475
thetao,W10p0,10,12,-0.03973373168225021,0.03973373168225021
thetao,W40p0,8,0,0.03913301220599445,0.03913301220599445
thetao,W10p0,2,20,-0.039089805967232744,0.039089805967232744
so,W20p0,5,19,0.03897693642339571,0.03897693642339571
thetao,W10p0,2,18,-0.03889600680869204,0.03889600680869204
thetao,W20p0,6,19,-0.03881215318227419,0.03881215318227419
so,W60p0,5,1,0.038664166415414536,0.038664166415414536
thetao,W30p0,10,11,-0.0385952452426759,0.0385952452426759
thetao,W40p0,9,4,-0.03853775811257488,0.03853775811257488
thetao,W40p0,9,19,-0.038457505617045244,0.038457505617045244
thetao,W30p0,10,15,0.038318233954433026,0.038318233954433026
thetao,W20p0,5,18,-0.03762859183717702,0.03762859183717702
thetao,W10p0,5,8,0.037184370583286726,0.037184370583286726
thetao,W60p0,8,18,-0.03712214968518898,0.03712214968518898
thetao,W40p0,4,4,0.03708420279677646,0.03708420279677646
thetao,W30p0,5,13,0.03706864964135949,0.03706864964135949
so,W40p0,7,19,0.03695663015413869,0.03695663015413869
thetao,W60p0,8,10,-0.03681206819612069,0.03681206819612069
so,W40p0,8,13,-0.036735266487744785,0.036735266487744785
so,W30p0,4,10,0.03658033034710972,0.03658033034710972
thetao,W60p0,4,17,0.03650867372094299,0.03650867372094299
thetao,W40p0,9,3,-0.03643561926487526,0.03643561926487526
so,W10p0,8,2,-0.035948166481083815,0.035948166481083815
so,W20p0,5,16,0.03594430433442329,0.03594430433442329
so,W30p0,2,11,-0.035723207048718626,0.035723207048718626
so,W10p0,8,5,-0.0356292135408522,0.0356292135408522
so,W30p0,7,9,-0.03561375468476887,0.03561375468476887
so,W30p0,2,6,-0.03556708372208516,0.03556708372208516
so,W30p0,7,16,0.035392798680691305,0.035392798680691305
thetao,W60p0,1,1,-0.03527307861639756,0.03527307861639756
thetao,W30p0,7,18,0.03526075029528471,0.03526075029528471
so,W40p0,7,1,-0.03508391738984769,0.03508391738984769
thetao,W10p0,5,0,-0.034785834908767854,0.034785834908767854
thetao,W20p0,1,18,-0.03439260195834968,0.03439260195834968
thetao,W60p0,4,12,0.03436395526437861,0.03436395526437861
thetao,W20p0,10,6,-0.03433680065974041,0.03433680065974041
thetao,W40p0,8,4,0.034242646150950816,0.034242646150950816
so,W40p0,7,4,-0.03419561052291134,0.03419561052291134
so,W40p0,8,7,-0.033988268036202064,0.033988268036202064
so,W60p0,5,10,0.03386226368192209,0.03386226368192209
so,W10p0,2,10,-0.0335710844441186,0.0335710844441186
thetao,W30p0,5,1,0.03355329549703298,0.03355329549703298
thetao,W40p0,10,12,-0.03352737312288329,0.03352737312288329
thetao,W10p0,8,4,-0.03340549369478606,0.03340549369478606
so,W20p0,7,9,0.03324161492088652,0.03324161492088652
thetao,W40p0,7,15,0.03299450825664547,0.03299450825664547
thetao,W20p0,7,5,0.032755628463321154,0.032755628463321154
thetao,W10p0,6,4,0.032354595058258016,0.032354595058258016
thetao,W40p0,8,13,0.03224230044855565,0.03224230044855565
so,W40p0,9,19,0.03223990707995934,0.03223990707995934
so,W30p0,10,11,0.0320179868428563,0.0320179868428563
so,W40p0,7,20,-0.032001212379773034,0.032001212379773034
thetao,W30p0,9,5,0.031757510398926776,0.031757510398926776
so,W60p0,10,20,-0.031681408804698094,0.031681408804698094
so,W30p0,4,12,-0.031475034713307516,0.031475034713307516
so,W30p0,7,10,0.03146392209815586,0.03146392209815586
so,W30p0,7,5,0.03144719346954572,0.03144719346954572
so,W60p0,5,18,0.03131039707278944,0.03131039707278944
thetao,W10p0,10,4,-0.0312975496647459,0.0312975496647459
so,W60p0,6,19,0.031231782641188026,0.031231782641188026
so,W40p0,9,20,-0.03093817511164847,0.03093817511164847
thetao,W30p0,5,10,0.030833126020954962,0.030833126020954962
thetao,W10p0,10,1,0.030709065072408084,0.030709065072408084
thetao,W10p0,2,17,0.030525241819292833,0.030525241819292833
so,W60p0,6,14,-0.030484716564914218,0.030484716564914218
thetao,W10p0,8,16,0.029930198330973743,0.029930198330973743
thetao,W60p0,10,2,-0.02984095173066547,0.02984095173066547
so,W40p0,8,18,-0.029668781991249598,0.029668781991249598
thetao,W60p0,4,5,-0.02959975558474561,0.02959975558474561
thetao,W30p0,5,7,-0.02936179949784118,0.02936179949784118
thetao,W10p0,10,11,0.029223798931092414,0.029223798931092414
thetao,W60p0,5,9,0.02919466091720803,0.02919466091720803
so,W60p0,3,1,-0.029087916969534076,0.029087916969534076
so,W10p0,2,1,0.029061695105898434,0.029061695105898434
so,W30p0,2,12,-0.029046935381348334,0.029046935381348334
so,W30p0,10,7,0.02874682163794326,0.02874682163794326
so,W40p0,7,6,0.02863218795263403,0.02863218795263403
so,W10p0,6,15,0.028573192218229217,0.028573192218229217
thetao,W60p0,4,14,0.028532345069379163,0.028532345069379163
so,W60p0,3,2,0.028505033453386456,0.028505033453386456
so,W60p0,3,14,-0.02841511798260136,0.02841511798260136
thetao,W30p0,9,7,-0.028407092258523184,0.028407092258523184
thetao,W40p0,10,13,-0.028340906826423727,0.028340906826423727
thetao,W60p0,8,8,0.028199650166439615,0.028199650166439615
thetao,W60p0,8,11,-0.0280546181511495,0.0280546181511495
thetao,W20p0,10,18,-0.027974376020382986,0.027974376020382986
so,W30p0,2,10,0.027842899490024674,0.027842899490024674
thetao,W10p0,5,9,0.027767080390482722,0.027767080390482722
thetao,W10p0,7,5,0.027721343019495248,0.027721343019495248
so,W10p0,8,12,-0.027580522493196036,0.027580522493196036
thetao,W30p0,5,12,0.027410502272119348,0.027410502272119348
so,W60p0,5,8,0.02735928883748866,0.02735928883748866
thetao,W40p0,8,3,0.026801794978361965,0.026801794978361965
so,W30p0,6,12,-0.026455011444718072,0.026455011444718072
so,W10p0,7,3,-0.026304007347689538,0.026304007347689538
thetao,W10p0,5,15,-0.026238869227459004,0.026238869227459004
thetao,W60p0,10,0,0.02600906217510342,0.02600906217510342
thetao,W30p0,9,6,-0.025757740958862484,0.025757740958862484
thetao,W20p0,6,5,-0.025698260122898973,0.025698260122898973
thetao,W30p0,7,9,0.025674160842520128,0.025674160842520128
so,W20p0,3,13,-0.02564019295567042,0.02564019295567042
so,W30p0,10,18,-0.02563007267043888,0.02563007267043888
so,W40p0,4,0,-0.025475997282558716,0.025475997282558716
so,W40p0,7,5,-0.025427275908019333,0.025427275908019333
thetao,W20p0,1,17,-0.025250146813857205,0.025250146813857205
so,W60p0,7,15,0.025080722855255852,0.025080722855255852
thetao,W10p0,7,8,0.025019187260374245,0.025019187260374245
so,W10p0,8,15,-0.02478935770349047,0.02478935770349047
thetao,W10p0,6,13,-0.024666161447914635,0.024666161447914635
so,W40p0,9,1,-0.024661945300990775,0.024661945300990775
thetao,W30p0,6,4,-0.02459250375488708,0.02459250375488708
thetao,W10p0,3,6,-0.02434753613815149,0.02434753613815149
thetao,W10p0,10,3,-0.024163443580912193,0.024163443580912193
so,W30p0,2,4,-0.024120656369778167,0.024120656369778167
thetao,W10p0,10,0,-0.024062258607999945,0.024062258607999945
thetao,W40p0,7,20,0.02390395980619263,0.02390395980619263
so,W20p0,7,1,-0.023685557129388992,0.023685557129388992
so,W30p0,10,13,0.023567254421025093,0.023567254421025093
so,W60p0,9,15,0.023219797654038504,0.023219797654038504
so,W10p0,2,4,-0.02298025028746335,0.02298025028746335
so,W40p0,8,8,0.022921176999631802,0.022921176999631802
thetao,W30p0,10,13,0.022727372474129866,0.022727372474129866
thetao,W60p0,1,3,-0.02263796418118349,0.02263796418118349
thetao,W30p0,10,14,0.022619545943601306,0.022619545943601306
thetao,W40p0,8,6,-0.02203102459890628,0.02203102459890628
thetao,W20p0,10,13,-0.02200321318812265,0.02200321318812265
so,W40p0,7,18,-0.021993878757240123,0.021993878757240123
so,W20p0,3,16,-0.021456544889369013,0.021456544889369013
thetao,W60p0,8,15,-0.021300588693441005,0.021300588693441005
thetao,W10p0,10,5,-0.021262473465366402,0.021262473465366402
thetao,W10p0,7,6,0.020982079504560998,0.020982079504560998
thetao,W10p0,10,10,-0.020569921680498024,0.020569921680498024
so,W60p0,8,9,0.020524732106797908,0.020524732106797908
so,W10p0,6,7,-0.020494896030572564,0.020494896030572564
thetao,W30p0,7,17,-0.020228667726651016,0.020228667726651016
so,W40p0,7,2,-0.020202350229987277,0.020202350229987277
thetao,W30p0,5,8,-0.020056044801364033,0.020056044801364033
thetao,W30p0,10,10,0.019946221432145198,0.019946221432145198
so,W10p0,6,17,0.01986864364203843,0.01986864364203843
thetao,W10p0,8,3,0.019581494873845102,0.019581494873845102
thetao,W10p0,7,7,0.019527072941327567,0.019527072941327567
thetao,W20p0,6,12,-0.019367961578913368,0.019367961578913368
thetao,W20p0,6,2,-0.019127328287566282,0.019127328287566282
thetao,W40p0,7,8,-0.019125330592882156,0.019125330592882156
so,W20p0,3,12,0.01898984281370252,0.01898984281370252
so,W10p0,6,18,-0.018503472083039173,0.018503472083039173
so,W40p0,8,19,0.018243331933503176,0.018243331933503176
so,W60p0,9,13,0.01812114440254839,0.01812114440254839
so,W30p0,10,19,-0.017780046264456718,0.017780046264456718
thetao,W20p0,6,13,-0.01777726084474168,0.01777726084474168
thetao,W20p0,6,4,0.017695913403198975,0.017695913403198975
thetao,W20p0,6,17,-0.017409352957586482,0.017409352957586482
so,W60p0,10,18,-0.017401077993444876,0.017401077993444876
thetao,W10p0,9,7,-0.016898387476067967,0.016898387476067967
thetao,W10p0,9,6,0.016717492191611803,0.016717492191611803
so,W10p0,6,8,-0.01667952388019492,0.01667952388019492
so,W30p0,7,15,0.016588106564698953,0.016588106564698953
so,W20p0,3,20,0.01655688651576446,0.01655688651576446
thetao,W60p0,8,0,0.016477338125672463,0.016477338125672463
so,W30p0,10,8,-0.016372001337270143,0.016372001337270143
thetao,W10p0,6,6,0.016340363160873287,0.016340363160873287
thetao,W20p0,10,7,0.01633620705026519,0.01633620705026519
so,W10p0,6,6,-0.015633077847412524,0.015633077847412524
so,W40p0,7,3,-0.015627191980061364,0.015627191980061364
so,W10p0,6,5,0.0152885407411498,0.0152885407411498
thetao,W30p0,7,12,-0.01523930978389061,0.01523930978389061
thetao,W60p0,9,5,-0.015046927457846616,0.015046927457846616
thetao,W10p0,9,5,-0.015023793697990704,0.015023793697990704
so,W20p0,3,15,-0.014590022860260343,0.014590022860260343
so,W60p0,5,5,-0.014431955207521293,0.014431955207521293
so,W30p0,6,11,0.014355807155913058,0.014355807155913058
thetao,W60p0,10,1,0.014223822583930951,0.014223822583930951
thetao,W40p0,9,2,0.014132267308796588,0.014132267308796588
thetao,W60p0,5,16,0.013969789721506838,0.013969789721506838
thetao,W40p0,7,14,0.013967365998781551,0.013967365998781551
so,W40p0,8,1,-0.013834501857186963,0.013834501857186963
thetao,W40p0,8,7,-0.013821545025568815,0.013821545025568815
thetao,W10p0,10,2,0.013821122739864678,0.013821122739864678
thetao,W30p0,7,13,-0.013798471406486558,0.013798471406486558
thetao,W20p0,10,9,0.01366785447546765,0.01366785447546765
so,W10p0,2,13,0.013222422335086841,0.013222422335086841
thetao,W60p0,4,13,0.013194991712571835,0.013194991712571835
thetao,W60p0,9,3,0.012865094248207108,0.012865094248207108
thetao,W60p0,8,17,0.012542805034728925,0.012542805034728925
so,W30p0,4,14,-0.011995956452726067,0.011995956452726067
so,W10p0,6,19,-0.011961020105599367,0.011961020105599367
thetao,W30p0,7,15,-0.011956721893848613,0.011956721893848613
so,W10p0,6,9,0.011768895037628069,0.011768895037628069
so,W20p0,5,17,-0.011657831591542657,0.011657831591542657
thetao,W20p0,1,20,0.011553079461363682,0.011553079461363682
so,W20p0,7,0,0.010677863659876587,0.010677863659876587
so,W10p0,8,20,0.010583861562163392,0.010583861562163392
so,W30p0,6,10,0.010361663653111705,0.010361663653111705
so,W30p0,7,3,-0.010064986036519587,0.010064986036519587
so,W40p0,8,17,0.01003210963938014,0.01003210963938014
thetao,W60p0,5,15,0.00995994907552905,0.00995994907552905
thetao,W40p0,8,11,0.009927359673649373,0.009927359673649373
so,W30p0,4,11,0.009896245648936404,0.009896245648936404
thetao,W10p0,8,0,-0.009469533562936503,0.009469533562936503
so,W20p0,3,11,0.009373331442006567,0.009373331442006567
so,W60p0,9,16,0.00926995083532441,0.00926995083532441
thetao,W40p0,6,0,-0.008687751331233711,0.008687751331233711
thetao,W20p0,10,19,0.00858340677763966,0.00858340677763966
so,W60p0,3,5,-0.008113795102661098,0.008113795102661098
thetao,W10p0,6,9,0.008004392573352982,0.008004392573352982
thetao,W10p0,8,11,0.00788834151554134,0.00788834151554134
so,W20p0,7,8,-0.00769373454799324,0.00769373454799324
so,W20p0,8,13,0.007677301196578257,0.007677301196578257
thetao,W20p0,6,16,0.007563984983759791,0.007563984983759791
so,W60p0,9,14,-0.0073637512049787674,0.0073637512049787674
so,W30p0,2,16,0.0073619497249887145,0.0073619497249887145
so,W30p0,2,9,-0.007303125509044614,0.007303125509044614
so,W10p0,7,4,0.007137116157828932,0.007137116157828932
so,W30p0,2,13,-0.007135593956717276,0.007135593956717276
so,W40p0,8,5,-0.006968252547675247,0.006968252547675247
thetao,W20p0,5,16,0.006541314186703603,0.006541314186703603
thetao,W60p0,5,10,0.006391525736883494,0.006391525736883494
thetao,W20p0,1,19,0.006323525957349804,0.006323525957349804
thetao,W60p0,5,6,0.006046652632653187,0.006046652632653187
thetao,W10p0,7,9,-0.005995205690588552,0.005995205690588552
so,W30p0,4,13,-0.0059821930098072585,0.0059821930098072585
so,W20p0,8,16,-0.005480464750065097,0.005480464750065097
thetao,W60p0,8,19,-0.005347261065851903,0.005347261065851903
thetao,W10p0,6,10,-0.0051998099727849426,0.0051998099727849426
thetao,W20p0,4,17,0.005012340382128454,0.005012340382128454
thetao,W40p0,9,1,-0.005011394297980049,0.005011394297980049
so,W40p0,9,9,0.004962602914290684,0.004962602914290684
so,W10p0,2,11,0.004803127542329808,0.004803127542329808
thetao,W30p0,7,14,0.004651249496883805,0.004651249496883805
thetao,W40p0,9,20,-0.004618552215828726,0.004618552215828726
so,W40p0,5,15,0.004435996557213234,0.004435996557213234
so,W10p0,8,13,-0.004401099964793279,0.004401099964793279
so,W40p0,9,7,0.004320515870527971,0.004320515870527971
thetao,W60p0,8,9,0.004060602373558854,0.004060602373558854
thetao,W40p0,8,10,0.003734160436843401,0.003734160436843401
so,W10p0,2,12,0.0032958935806532775,0.0032958935806532775
so,W40p0,8,6,0.0032105817827679283,0.0032105817827679283
thetao,W20p0,8,2,-0.00284008660375476,0.00284008660375476
so,W60p0,7,17,0.0028067647953925862,0.0028067647953925862
thetao,W60p0,5,13,-0.002774743064452506,0.002774743064452506
thetao,W20p0,5,17,0.002729670175414505,0.002729670175414505
so,W60p0,6,17,0.002118655842126101,0.002118655842126101
thetao,W20p0,5,15,-0.0018971528810405086,0.0018971528810405086
so,W60p0,3,0,0.0018115305561113913,0.0018115305561113913
so,W30p0,2,3,-0.0007651855133201332,0.0007651855133201332
thetao,W10p0,6,14,-0.0005606336120177868,0.0005606336120177868
thetao,W60p0,5,14,-0.0005534284957508003,0.0005534284957508003
thetao,W20p0,6,20,0.00045408763530434656,0.00045408763530434656
thetao,W60p0,1,2,0.00020908112752559532,0.00020908112752559532
