var,lon_tag,mode,lag,corr,abs_corr
thetao,W40p0,3,0,0.7437190581251977,0.7437190581251977
thetao,W60p0,2,0,-0.6837883211348944,0.6837883211348944
so,W60p0,1,1,0.6616456759474232,0.6616456759474232
thetao,W60p0,2,1,-0.6542985432246474,0.6542985432246474
so,W60p0,1,2,0.6454574861607185,0.6454574861607185
thetao,W60p0,2,2,-0.6370041784851941,0.6370041784851941
so,W60p0,1,0,0.6369606715531767,0.6369606715531767
thetao,W10p0,1,0,-0.6265271300442988,0.6265271300442988
thetao,W10p0,1,4,-0.621599501626602,0.621599501626602
so,W40p0,2,2,0.6206712275115877,0.6206712275115877
thetao,W10p0,1,3,-0.6192637357747811,0.6192637357747811
thetao,W10p0,1,1,-0.6189414758412506,0.6189414758412506
thetao,W10p0,1,5,-0.6107089411089176,0.6107089411089176
thetao,W10p0,1,20,-0.6036292698596551,0.6036292698596551
so,W40p0,2,1,0.6029212330856949,0.6029212330856949
so,W40p0,2,0,0.5987708350795391,0.5987708350795391
thetao,W10p0,1,2,-0.5982285239254215,0.5982285239254215
so,W60p0,1,3,0.5965819209490442,0.5965819209490442
so,W40p0,2,3,0.5932047177900409,0.5932047177900409
thetao,W10p0,1,6,-0.5907874385076769,0.5907874385076769
thetao,W10p0,1,19,-0.5903906941853478,0.5903906941853478
thetao,W60p0,2,3,-0.5874300522248077,0.5874300522248077
thetao,W20p0,2,0,-0.5869404622677414,0.5869404622677414
thetao,W60p0,7,0,-0.5826874436371874,0.5826874436371874
thetao,W30p0,4,2,0.5798306218663025,0.5798306218663025
so,W30p0,1,4,-0.5695990358113124,0.5695990358113124
thetao,W30p0,2,0,-0.5667301657453155,0.5667301657453155
thetao,W20p0,3,20,-0.5617149382305257,0.5617149382305257
so,W10p0,4,1,-0.5613570187188567,0.5613570187188567
thetao,W60p0,2,4,-0.5598907349053298,0.5598907349053298
so,W60p0,1,9,0.5555272689715037,0.5555272689715037
thetao,W10p0,1,7,-0.554868015692372,0.554868015692372
thetao,W10p0,1,18,-0.5540727320410749,0.5540727320410749
so,W40p0,3,0,-0.5529769987870259,0.5529769987870259
thetao,W40p0,3,1,0.5494053371803518,0.5494053371803518
thetao,W60p0,2,5,-0.5489428219042254,0.5489428219042254
so,W10p0,4,7,-0.5487931606084218,0.5487931606084218
thetao,W40p0,3,2,0.5473653000328161,0.5473653000328161
so,W60p0,1,8,0.545533751281676,0.545533751281676
so,W10p0,4,6,-0.5448773550714052,0.5448773550714052
so,W20p0,2,9,0.5438357172944935,0.5438357172944935
thetao,W10p0,1,17,-0.5436120954938161,0.5436120954938161
so,W40p0,2,4,0.5399534974561526,0.5399534974561526
thetao,W10p0,3,20,0.5375495332896346,0.5375495332896346
so,W10p0,4,2,-0.536484905749744,0.536484905749744
so,W10p0,4,0,-0.5360678804996198,0.5360678804996198
thetao,W30p0,4,3,0.5349725350120986,0.5349725350120986
thetao,W40p0,5,20,0.5343672343164007,0.5343672343164007
thetao,W60p0,2,6,-0.5329972808412843,0.5329972808412843
so,W10p0,4,5,-0.5322159547411783,0.5322159547411783
thetao,W40p0,5,18,0.531492369972604,0.531492369972604
so,W40p0,2,9,0.5302565481976418,0.5302565481976418
so,W40p0,2,8,0.5298704129266492,0.5298704129266492
so,W30p0,1,3,-0.5293486685872612,0.5293486685872612
thetao,W10p0,1,15,-0.5290636822024868,0.5290636822024868
so,W10p0,4,8,-0.5276397984916149,0.5276397984916149
thetao,W10p0,1,8,-0.5237915869749862,0.5237915869749862
so,W60p0,1,4,0.52297006614351,0.52297006614351
thetao,W10p0,1,12,-0.5224287733516021,0.5224287733516021
thetao,W60p0,2,7,-0.5199282962386467,0.5199282962386467
thetao,W30p0,4,1,0.5191456411211612,0.5191456411211612
so,W30p0,1,5,-0.5188483581401089,0.5188483581401089
thetao,W10p0,1,16,-0.517826749309133,0.517826749309133
thetao,W10p0,3,19,0.5159970192186087,0.5159970192186087
so,W20p0,2,10,0.5153497394172758,0.5153497394172758
thetao,W20p0,2,7,-0.514481557226249,0.514481557226249
so,W10p0,4,4,-0.5141672219841442,0.5141672219841442
thetao,W40p0,5,17,0.5139222376724236,0.5139222376724236
so,W60p0,1,7,0.5129881888775694,0.5129881888775694
thetao,W20p0,2,1,-0.5105126284805862,0.5105126284805862
so,W10p0,4,3,-0.5093342623048283,0.5093342623048283
so,W60p0,1,6,0.5074631226342229,0.5074631226342229
thetao,W10p0,1,11,-0.5065706260525275,0.5065706260525275
thetao,W10p0,1,9,-0.5056553920499016,0.5056553920499016
thetao,W20p0,3,6,-0.5052533773233154,0.5052533773233154
thetao,W40p0,5,19,0.5049949391397159,0.5049949391397159
thetao,W60p0,2,8,-0.5027948576024305,0.5027948576024305
so,W40p0,2,10,0.5024012149535593,0.5024012149535593
so,W40p0,2,7,0.5018814849867583,0.5018814849867583
so,W10p0,4,9,-0.4989912842480722,0.4989912842480722
thetao,W20p0,3,19,-0.4974189921315359,0.4974189921315359
thetao,W10p0,1,14,-0.49737027155694,0.49737027155694
thetao,W20p0,3,5,-0.4966076989046567,0.4966076989046567
thetao,W30p0,4,4,0.4965036091821158,0.4965036091821158
so,W60p0,1,5,0.4951758111609011,0.4951758111609011
so,W60p0,1,10,0.4949697378237858,0.4949697378237858
thetao,W10p0,1,10,-0.4946056219123794,0.4946056219123794
thetao,W10p0,3,18,0.49433857622593763,0.49433857622593763
so,W20p0,2,8,0.49356840178269623,0.49356840178269623
so,W30p0,2,0,0.4934955849872932,0.4934955849872932
thetao,W30p0,4,0,0.4934243368177673,0.4934243368177673
thetao,W20p0,2,19,-0.4918458077885333,0.4918458077885333
thetao,W10p0,1,13,-0.48999708807730175,0.48999708807730175
so,W30p0,1,11,-0.48803048933958565,0.48803048933958565
so,W40p0,2,5,0.4849098414341827,0.4849098414341827
thetao,W20p0,2,6,-0.4840467816779262,0.4840467816779262
thetao,W40p0,5,16,0.482827767496715,0.482827767496715
thetao,W40p0,5,15,0.48173855448675407,0.48173855448675407
thetao,W20p0,3,7,-0.4817081907708855,0.4817081907708855
thetao,W20p0,2,18,-0.47956983427242733,0.47956983427242733
thetao,W10p0,3,16,0.47763977009827546,0.47763977009827546
thetao,W10p0,3,17,0.47637783423685787,0.47637783423685787
so,W30p0,1,10,-0.47562947449848453,0.47562947449848453
thetao,W20p0,3,3,-0.47503502565169553,0.47503502565169553
thetao,W20p0,3,0,-0.472904087079678,0.472904087079678
thetao,W20p0,2,8,-0.47083014971874665,0.47083014971874665
thetao,W20p0,3,4,-0.4705386062546838,0.4705386062546838
thetao,W60p0,2,9,-0.46943717236347926,0.46943717236347926
so,W30p0,1,6,-0.4671808696202732,0.4671808696202732
thetao,W40p0,5,14,0.46570172652462766,0.46570172652462766
so,W30p0,1,9,-0.4630368913627033,0.4630368913627033
so,W40p0,2,11,0.462536378275338,0.462536378275338
so,W30p0,1,12,-0.4601872026341602,0.4601872026341602
so,W40p0,2,6,0.45825272884836804,0.45825272884836804
thetao,W20p0,2,16,-0.455482161315749,0.455482161315749
thetao,W20p0,2,20,-0.4500084563230409,0.4500084563230409
thetao,W30p0,4,5,0.44923485341521996,0.44923485341521996
thetao,W20p0,2,15,-0.44843252383963395,0.44843252383963395
thetao,W20p0,2,17,-0.4473554465638759,0.4473554465638759
thetao,W40p0,3,8,0.4466675381985606,0.4466675381985606
thetao,W20p0,3,2,-0.4419442716673521,0.4419442716673521
thetao,W20p0,3,18,-0.44020369180369595,0.44020369180369595
thetao,W10p0,3,15,0.4395250874694878,0.4395250874694878
thetao,W40p0,3,3,0.43888484323102445,0.43888484323102445
thetao,W20p0,2,2,-0.43807625916974685,0.43807625916974685
thetao,W20p0,2,12,-0.4365108193396876,0.4365108193396876
thetao,W20p0,2,5,-0.43650400904535264,0.43650400904535264
thetao,W60p0,2,10,-0.4360972444206234,0.4360972444206234
thetao,W20p0,3,16,-0.43570001649294426,0.43570001649294426
so,W20p0,2,2,0.4354342261349902,0.4354342261349902
so,W20p0,2,11,0.4349257291253528,0.4349257291253528
thetao,W20p0,2,9,-0.43400292565595183,0.43400292565595183
thetao,W40p0,3,18,0.43379266009579637,0.43379266009579637
thetao,W20p0,3,1,-0.433166764388424,0.433166764388424
thetao,W20p0,3,15,-0.4318891638421116,0.4318891638421116
thetao,W20p0,2,13,-0.43069245847824633,0.43069245847824633
thetao,W20p0,3,17,-0.42885328474401146,0.42885328474401146
thetao,W60p0,3,18,0.42743734035067593,0.42743734035067593
thetao,W30p0,6,12,-0.42672555788898237,0.42672555788898237
thetao,W20p0,2,14,-0.4237876411878377,0.4237876411878377
thetao,W10p0,3,14,0.42375406151826994,0.42375406151826994
so,W30p0,1,8,-0.42349980090765754,0.42349980090765754
so,W30p0,8,1,-0.42328136666421157,0.42328136666421157
thetao,W20p0,2,10,-0.4220491349073272,0.4220491349073272
thetao,W20p0,3,14,-0.42156097222160144,0.42156097222160144
so,W30p0,1,2,-0.4209649413186773,0.4209649413186773
thetao,W20p0,3,8,-0.418999010342114,0.418999010342114
so,W20p0,4,3,0.4145857864078567,0.4145857864078567
so,W30p0,8,2,-0.412501878018395,0.412501878018395
thetao,W60p0,3,17,0.41130810653406213,0.41130810653406213
thetao,W30p0,4,6,0.41077091683057376,0.41077091683057376
so,W10p0,4,10,-0.41031273646274835,0.41031273646274835
thetao,W20p0,2,4,-0.40987370961613784,0.40987370961613784
so,W20p0,2,3,0.40966305577925033,0.40966305577925033
thetao,W20p0,2,11,-0.4087638266159586,0.4087638266159586
so,W20p0,10,18,-0.4075808629191182,0.4075808629191182
thetao,W20p0,3,9,-0.40632878279759416,0.40632878279759416
thetao,W40p0,3,19,0.40495375650510107,0.40495375650510107
so,W60p0,1,11,0.4043144149565859,0.4043144149565859
so,W30p0,1,7,-0.40148277915266684,0.40148277915266684
thetao,W30p0,4,7,0.4014432030654879,0.4014432030654879
thetao,W60p0,3,16,0.4011488836700267,0.4011488836700267
so,W30p0,1,14,-0.40040566066009875,0.40040566066009875
thetao,W30p0,5,13,0.3999944922219609,0.3999944922219609
thetao,W20p0,2,3,-0.39886627448224,0.39886627448224
so,W20p0,2,7,0.39808727653453074,0.39808727653453074
thetao,W10p0,9,20,-0.39621220291712633,0.39621220291712633
thetao,W40p0,3,7,0.3955718387497282,0.3955718387497282
so,W10p0,1,13,-0.3952302337489538,0.3952302337489538
so,W20p0,2,1,0.3943990280843703,0.3943990280843703
so,W10p0,2,11,0.3932398972324952,0.3932398972324952
so,W30p0,1,13,-0.3929154218161731,0.3929154218161731
thetao,W40p0,10,5,-0.39271887356432666,0.39271887356432666
thetao,W30p0,4,8,0.39234961869735635,0.39234961869735635
thetao,W60p0,2,11,-0.39127535159203136,0.39127535159203136
so,W40p0,7,18,-0.3892183439891062,0.3892183439891062
thetao,W40p0,3,9,0.3877390843169738,0.3877390843169738
thetao,W40p0,3,4,0.38740420521857816,0.38740420521857816
thetao,W60p0,2,19,-0.3873044982743332,0.3873044982743332
thetao,W40p0,5,12,0.38686562854172485,0.38686562854172485
thetao,W60p0,2,18,-0.38668843603959213,0.38668843603959213
thetao,W20p0,3,10,-0.38599108084377026,0.38599108084377026
so,W30p0,2,1,0.38576492896408165,0.38576492896408165
thetao,W30p0,9,20,0.3852857741523482,0.3852857741523482
thetao,W60p0,5,20,0.3848569540934072,0.3848569540934072
thetao,W40p0,10,6,-0.38473510047336884,0.38473510047336884
thetao,W30p0,5,16,0.3831715387109846,0.3831715387109846
thetao,W20p0,3,13,-0.38304278259472735,0.38304278259472735
thetao,W30p0,5,12,0.3826524360551868,0.3826524360551868
thetao,W20p0,3,12,-0.3821752272030751,0.3821752272030751
thetao,W40p0,3,17,0.3807862558625746,0.3807862558625746
so,W30p0,5,6,-0.38062150055755567,0.38062150055755567
so,W60p0,1,18,0.38059151013376996,0.38059151013376996
so,W40p0,1,4,-0.37948662919366977,0.37948662919366977
so,W20p0,2,4,0.3792055063109224,0.3792055063109224
thetao,W60p0,2,17,-0.3787766231108648,0.3787766231108648
so,W10p0,2,10,0.3785179002466883,0.3785179002466883
so,W20p0,10,17,-0.3784947484825167,0.3784947484825167
thetao,W40p0,3,20,0.3784938835612509,0.3784938835612509
thetao,W60p0,2,12,-0.37787891274313795,0.37787891274313795
thetao,W30p0,6,11,-0.3778751809148835,0.3778751809148835
thetao,W20p0,5,18,0.3774597482678415,0.3774597482678415
thetao,W30p0,5,11,0.37691476655479544,0.37691476655479544
thetao,W30p0,5,17,0.3767324000882313,0.3767324000882313
so,W30p0,5,4,-0.37592434155366045,0.37592434155366045
thetao,W40p0,10,4,-0.3756609841474501,0.3756609841474501
so,W10p0,1,18,-0.3746182684316742,0.3746182684316742
thetao,W40p0,3,10,0.3738852846727,0.3738852846727
thetao,W60p0,9,14,0.37337242844634433,0.37337242844634433
thetao,W20p0,9,3,-0.3731989778661117,0.3731989778661117
so,W20p0,10,14,-0.37316876938172244,0.37316876938172244
so,W60p0,10,0,0.372900390751714,0.372900390751714
thetao,W40p0,5,13,0.37266317730886744,0.37266317730886744
thetao,W30p0,1,12,-0.3721959489453183,0.3721959489453183
so,W10p0,1,19,-0.3718160491172626,0.3718160491172626
thetao,W20p0,3,11,-0.37166158416054124,0.37166158416054124
so,W40p0,3,2,-0.37098187741105443,0.37098187741105443
so,W40p0,3,1,-0.37030093956914906,0.37030093956914906
so,W40p0,7,20,-0.3702211679265701,0.3702211679265701
so,W10p0,1,20,-0.37018421186543493,0.37018421186543493
so,W20p0,9,20,-0.36873037327035824,0.36873037327035824
thetao,W30p0,5,14,0.3685512331707513,0.3685512331707513
thetao,W60p0,9,15,0.367352814659778,0.367352814659778
so,W30p0,8,0,-0.36723661161947996,0.36723661161947996
thetao,W10p0,10,13,-0.3667249259719664,0.3667249259719664
so,W60p0,1,17,0.36625601917278366,0.36625601917278366
thetao,W40p0,3,5,0.3657106667859828,0.3657106667859828
so,W60p0,1,19,0.3655665146497912,0.3655665146497912
so,W30p0,5,3,-0.36439846483387167,0.36439846483387167
thetao,W40p0,10,9,-0.3642434773010949,0.3642434773010949
so,W30p0,2,7,0.3638450008102039,0.3638450008102039
thetao,W10p0,10,14,-0.36245546758609587,0.36245546758609587
so,W40p0,1,3,-0.36131729005499325,0.36131729005499325
so,W60p0,1,16,0.36110433342807813,0.36110433342807813
thetao,W40p0,10,10,-0.36110361231471244,0.36110361231471244
so,W30p0,9,2,0.3602319330723796,0.3602319330723796
so,W40p0,7,19,-0.3602213001936988,0.3602213001936988
thetao,W60p0,2,16,-0.3597591092113047,0.3597591092113047
thetao,W60p0,2,13,-0.35925444522383776,0.35925444522383776
so,W10p0,1,12,-0.3581763297293924,0.3581763297293924
thetao,W40p0,3,6,0.3580623266936446,0.3580623266936446
so,W10p0,1,3,-0.357849425482755,0.357849425482755
so,W30p0,1,15,-0.3572502250429047,0.3572502250429047
so,W20p0,4,4,0.3570495712503296,0.3570495712503296
thetao,W30p0,5,18,0.3567269728914796,0.3567269728914796
thetao,W60p0,2,20,-0.35668733267356645,0.35668733267356645
thetao,W60p0,3,19,0.35651479173358186,0.35651479173358186
so,W40p0,2,12,0.35622045771007177,0.35622045771007177
so,W60p0,2,6,0.3561368832408075,0.3561368832408075
so,W40p0,7,16,-0.35540073844003794,0.35540073844003794
so,W30p0,1,1,-0.3551861190407569,0.3551861190407569
so,W40p0,7,17,-0.3551106350039117,0.3551106350039117
thetao,W40p0,5,11,0.3541521627037349,0.3541521627037349
so,W10p0,1,14,-0.3537851622691597,0.3537851622691597
thetao,W20p0,5,17,0.3532529640460114,0.3532529640460114
so,W20p0,1,0,-0.35285880616632836,0.35285880616632836
thetao,W60p0,6,5,-0.3527270865447636,0.3527270865447636
thetao,W30p0,5,15,0.3522395265530608,0.3522395265530608
thetao,W30p0,1,14,-0.35202004984114005,0.35202004984114005
thetao,W60p0,2,14,-0.35084207153124486,0.35084207153124486
so,W20p0,10,19,-0.3494647815297246,0.3494647815297246
thetao,W60p0,6,6,-0.3491798547678955,0.3491798547678955
thetao,W30p0,5,10,0.3472849158536836,0.3472849158536836
thetao,W60p0,9,11,0.34699933035150055,0.34699933035150055
thetao,W10p0,9,19,-0.34642790727489475,0.34642790727489475
so,W10p0,1,17,-0.34579415668193453,0.34579415668193453
so,W10p0,1,4,-0.3452851916117394,0.3452851916117394
so,W30p0,9,3,0.3448394171353729,0.3448394171353729
so,W30p0,8,8,-0.3443460831455523,0.3443460831455523
so,W30p0,5,7,-0.3441954893098265,0.3441954893098265
so,W60p0,1,12,0.344020875723391,0.344020875723391
thetao,W20p0,5,20,0.3437469711440993,0.3437469711440993
thetao,W10p0,3,13,0.34355592582338956,0.34355592582338956
thetao,W60p0,2,15,-0.34226888801806327,0.34226888801806327
thetao,W40p0,10,7,-0.34225189696985037,0.34225189696985037
so,W20p0,10,13,-0.34202888151202926,0.34202888151202926
so,W40p0,1,5,-0.34126807807064435,0.34126807807064435
so,W20p0,10,15,-0.3411808369918949,0.3411808369918949
so,W20p0,2,5,0.3401691538343856,0.3401691538343856
so,W10p0,2,9,0.3401332016729861,0.3401332016729861
thetao,W30p0,9,18,0.3399555093393866,0.3399555093393866
so,W10p0,5,18,-0.33943066116965437,0.33943066116965437
so,W60p0,1,20,0.33927221142071884,0.33927221142071884
so,W40p0,2,17,0.3392477343941787,0.3392477343941787
so,W30p0,8,9,-0.3391558006952419,0.3391558006952419
thetao,W40p0,4,16,-0.33869341750118154,0.33869341750118154
thetao,W40p0,3,16,0.33825923975824435,0.33825923975824435
thetao,W40p0,4,17,-0.3369826888458117,0.3369826888458117
so,W20p0,7,17,0.3362465322039305,0.3362465322039305
thetao,W40p0,10,8,-0.3362177823604967,0.3362177823604967
so,W20p0,4,2,0.3359700705842437,0.3359700705842437
so,W20p0,4,11,0.33596968476026146,0.33596968476026146
thetao,W20p0,5,19,0.33582793414803175,0.33582793414803175
so,W20p0,10,10,-0.33528840890291095,0.33528840890291095
thetao,W60p0,7,20,-0.33501711274491397,0.33501711274491397
thetao,W30p0,1,11,-0.3349927279480473,0.3349927279480473
thetao,W30p0,4,9,0.3349820543572847,0.3349820543572847
so,W30p0,8,7,-0.3346144594727991,0.3346144594727991
so,W20p0,4,12,0.33444909465196176,0.33444909465196176
thetao,W30p0,3,3,0.334235861864923,0.334235861864923
so,W40p0,1,12,-0.3341234907537558,0.3341234907537558
so,W10p0,1,2,-0.33396263862592074,0.33396263862592074
so,W20p0,9,19,-0.3338778857697331,0.3338778857697331
thetao,W40p0,4,20,-0.33350352214273704,0.33350352214273704
thetao,W40p0,3,11,0.33318635671156416,0.33318635671156416
thetao,W60p0,9,8,0.33284128135164426,0.33284128135164426
thetao,W30p0,6,14,-0.3326186607554129,0.3326186607554129
so,W20p0,10,16,-0.3326047866732094,0.3326047866732094
so,W20p0,8,7,-0.3325569462817796,0.3325569462817796
so,W30p0,5,5,-0.3324114460250882,0.3324114460250882
so,W20p0,10,20,-0.3305604338310355,0.3305604338310355
thetao,W30p0,5,19,0.3302285141698365,0.3302285141698365
thetao,W30p0,6,13,-0.3299440412319724,0.3299440412319724
thetao,W60p0,9,12,0.3292556628492089,0.3292556628492089
thetao,W60p0,6,4,-0.328970211315096,0.328970211315096
thetao,W20p0,9,2,-0.3285816858952191,0.3285816858952191
thetao,W20p0,9,14,-0.3285332968162109,0.3285332968162109
so,W40p0,1,13,-0.32763228523312427,0.32763228523312427
thetao,W30p0,1,13,-0.327447020967707,0.327447020967707
thetao,W30p0,5,8,0.32681312972412624,0.32681312972412624
so,W20p0,10,12,-0.32651494332802417,0.32651494332802417
so,W60p0,2,5,0.3256284570806525,0.3256284570806525
thetao,W20p0,4,0,-0.3244009472428574,0.3244009472428574
thetao,W30p0,5,20,0.3239838334777308,0.3239838334777308
thetao,W40p0,10,3,-0.32387383260630015,0.32387383260630015
so,W20p0,2,6,0.323127369020134,0.323127369020134
thetao,W30p0,5,9,0.3225412240527857,0.3225412240527857
so,W20p0,9,18,-0.322518112794693,0.322518112794693
so,W40p0,2,16,0.3222867630342537,0.3222867630342537
so,W20p0,8,0,-0.32197695673092497,0.32197695673092497
thetao,W40p0,4,3,-0.3218089660101634,0.3218089660101634
so,W20p0,1,5,-0.32176173711633793,0.32176173711633793
so,W20p0,10,9,-0.3206281070323243,0.3206281070323243
thetao,W30p0,9,14,0.3196750535685298,0.3196750535685298
thetao,W30p0,3,4,0.31940048478374544,0.31940048478374544
so,W10p0,1,0,-0.31938687985901587,0.31938687985901587
so,W20p0,10,6,-0.3190612822599827,0.3190612822599827
thetao,W10p0,10,15,-0.31901573311239484,0.31901573311239484
thetao,W30p0,1,15,-0.31836577725528103,0.31836577725528103
so,W40p0,7,15,-0.3175086177868139,0.3175086177868139
thetao,W60p0,3,20,0.31685102344547816,0.31685102344547816
thetao,W10p0,3,12,0.31653142572036685,0.31653142572036685
so,W40p0,10,10,-0.31633267572539325,0.31633267572539325
thetao,W20p0,9,4,-0.3161635297520559,0.3161635297520559
thetao,W10p0,10,12,-0.3158628045522557,0.3158628045522557
thetao,W60p0,1,8,0.31548770545771254,0.31548770545771254
so,W20p0,7,18,0.3154132541488331,0.3154132541488331
thetao,W30p0,6,15,-0.3147146308770279,0.3147146308770279
thetao,W60p0,9,9,0.3143673485068508,0.3143673485068508
thetao,W60p0,9,13,0.31421743122335805,0.31421743122335805
so,W20p0,10,11,-0.31415237246369154,0.31415237246369154
thetao,W60p0,6,15,-0.31406214231158625,0.31406214231158625
so,W10p0,5,19,-0.31361251830348913,0.31361251830348913
so,W60p0,2,12,0.3133186100964085,0.3133186100964085
thetao,W60p0,9,7,0.3123894568400789,0.3123894568400789
thetao,W60p0,7,1,-0.31237967589917337,0.31237967589917337
thetao,W20p0,5,16,0.311203311005545,0.311203311005545
thetao,W30p0,9,15,0.3109693440857905,0.3109693440857905
so,W40p0,10,4,-0.3108585644715612,0.3108585644715612
so,W60p0,2,11,0.3108380767525295,0.3108380767525295
thetao,W30p0,2,19,-0.310748483241819,0.310748483241819
so,W10p0,4,15,-0.31048168322624237,0.31048168322624237
so,W60p0,1,13,0.31027342000068764,0.31027342000068764
thetao,W40p0,4,19,-0.3097804203427145,0.3097804203427145
thetao,W30p0,3,2,0.30924725884227583,0.30924725884227583
so,W10p0,4,11,-0.3091365189359561,0.3091365189359561
so,W40p0,6,10,-0.3086555331759889,0.3086555331759889
so,W40p0,1,11,-0.3085888236793228,0.3085888236793228
so,W10p0,1,5,-0.3082040054895611,0.3082040054895611
so,W10p0,1,11,-0.3081052465926327,0.3081052465926327
so,W10p0,1,16,-0.30796855851868704,0.30796855851868704
so,W40p0,10,3,-0.3067969421658911,0.3067969421658911
so,W30p0,1,17,-0.30653070695968243,0.30653070695968243
so,W20p0,4,20,0.30599830520287147,0.30599830520287147
so,W60p0,2,4,0.30550915808821844,0.30550915808821844
so,W40p0,1,14,-0.30535661309805323,0.30535661309805323
thetao,W10p0,9,17,-0.3053188404882702,0.3053188404882702
so,W60p0,1,15,0.30522434326756587,0.30522434326756587
thetao,W30p0,2,1,-0.30520453141965614,0.30520453141965614
so,W10p0,6,20,0.30471832091408235,0.30471832091408235
thetao,W60p0,1,9,0.3043397645290732,0.3043397645290732
thetao,W60p0,9,10,0.30398215732359823,0.30398215732359823
so,W30p0,6,0,-0.3039132190607934,0.3039132190607934
thetao,W40p0,8,20,-0.3035785736101395,0.3035785736101395
thetao,W20p0,9,13,-0.3034336068540739,0.3034336068540739
so,W20p0,4,10,0.3033123328982039,0.3033123328982039
so,W10p0,5,20,-0.3019047558456454,0.3019047558456454
so,W60p0,2,13,0.30177945257781014,0.30177945257781014
so,W20p0,6,0,0.30158782655114635,0.30158782655114635
thetao,W60p0,3,15,0.3007742824487545,0.3007742824487545
so,W20p0,2,12,0.3001888403970359,0.3001888403970359
thetao,W20p0,9,1,-0.30004799743269855,0.30004799743269855
so,W60p0,3,16,0.2999758068566646,0.2999758068566646
so,W10p0,1,15,-0.29993398773237545,0.29993398773237545
so,W20p0,3,6,-0.29972958348451956,0.29972958348451956
so,W20p0,7,20,0.2996423050700056,0.2996423050700056
so,W60p0,8,0,0.2992157732245703,0.2992157732245703
so,W10p0,3,14,0.2989325389559629,0.2989325389559629
so,W20p0,4,17,0.298263253173467,0.298263253173467
so,W20p0,1,4,-0.2982128744601005,0.2982128744601005
so,W10p0,2,12,0.2973959651492695,0.2973959651492695
thetao,W10p0,4,18,0.29677545471706923,0.29677545471706923
so,W10p0,6,17,0.29660643247469,0.29660643247469
thetao,W40p0,4,18,-0.2953672804720247,0.2953672804720247
so,W40p0,2,15,0.29440524406412577,0.29440524406412577
so,W40p0,1,6,-0.29396472327010437,0.29396472327010437
thetao,W60p0,1,7,0.29256844099868573,0.29256844099868573
so,W10p0,1,1,-0.2925131507379063,0.2925131507379063
thetao,W30p0,9,13,0.29206023948449994,0.29206023948449994
thetao,W40p0,1,5,-0.2920395480885321,0.2920395480885321
thetao,W10p0,4,19,0.2910525114891003,0.2910525114891003
thetao,W30p0,9,17,0.29101839034324095,0.29101839034324095
thetao,W30p0,2,18,-0.29084231458154386,0.29084231458154386
so,W10p0,3,15,0.29081704694439475,0.29081704694439475
so,W30p0,9,0,0.29013608027555066,0.29013608027555066
thetao,W40p0,4,2,-0.2898430994908962,0.2898430994908962
so,W20p0,7,16,0.2897789805104494,0.2897789805104494
thetao,W30p0,9,19,0.2897637959785392,0.2897637959785392
so,W30p0,9,19,0.28965882574361007,0.28965882574361007
so,W30p0,3,0,0.28917384788999084,0.28917384788999084
so,W20p0,10,5,-0.28903516016132275,0.28903516016132275
so,W40p0,10,5,-0.28897615695422885,0.28897615695422885
thetao,W30p0,2,20,-0.288621159020195,0.288621159020195
thetao,W60p0,9,16,0.288504925213759,0.288504925213759
so,W60p0,1,14,0.2882304833778662,0.2882304833778662
so,W40p0,6,9,-0.28788145134853776,0.28788145134853776
thetao,W40p0,1,4,-0.28776068373382985,0.28776068373382985
so,W20p0,1,6,-0.2875423613966839,0.2875423613966839
thetao,W60p0,6,14,-0.2874396095167153,0.2874396095167153
so,W40p0,2,13,0.2871350928089372,0.2871350928089372
thetao,W40p0,10,13,-0.28709938121630457,0.28709938121630457
so,W30p0,1,16,-0.2868658972461679,0.2868658972461679
so,W40p0,10,9,-0.2864429181425735,0.2864429181425735
so,W60p0,2,20,0.286303020234347,0.286303020234347
thetao,W10p0,9,16,-0.2862059011687093,0.2862059011687093
thetao,W10p0,10,11,-0.28593980760370785,0.28593980760370785
so,W60p0,2,0,0.28567418099705233,0.28567418099705233
thetao,W40p0,1,13,-0.2848257936686395,0.2848257936686395
so,W30p0,9,1,0.2847960717255825,0.2847960717255825
so,W10p0,4,17,-0.284262852557435,0.284262852557435
so,W40p0,1,1,-0.2829485360606095,0.2829485360606095
so,W20p0,5,4,0.2829341494427099,0.2829341494427099
thetao,W40p0,1,14,-0.2829333217366477,0.2829333217366477
thetao,W40p0,10,12,-0.2824112870361008,0.2824112870361008
thetao,W60p0,6,7,-0.28230888351553757,0.28230888351553757
so,W20p0,10,7,-0.2816775385060982,0.2816775385060982
thetao,W40p0,8,15,-0.28104824054940813,0.28104824054940813
so,W20p0,7,15,0.2810036610697913,0.2810036610697913
thetao,W40p0,10,11,-0.2809871484312148,0.2809871484312148
so,W40p0,1,15,-0.28082527308363026,0.28082527308363026
so,W20p0,7,0,0.2807505548784596,0.2807505548784596
so,W30p0,9,18,0.28039093809515997,0.28039093809515997
thetao,W20p0,9,6,-0.28007685299695784,0.28007685299695784
thetao,W20p0,9,0,-0.2800708456267703,0.2800708456267703
so,W10p0,4,16,-0.27999818442226343,0.27999818442226343
thetao,W60p0,6,13,-0.2796676926930971,0.2796676926930971
thetao,W20p0,9,15,-0.2796507488424091,0.2796507488424091
so,W40p0,10,11,-0.2792234451812504,0.2792234451812504
so,W60p0,8,3,0.27908110110780215,0.27908110110780215
so,W10p0,4,14,-0.2790775542140571,0.2790775542140571
so,W30p0,2,9,0.279077367888613,0.279077367888613
so,W30p0,8,3,-0.2784105323332826,0.2784105323332826
so,W20p0,7,7,0.27833897344470854,0.27833897344470854
thetao,W40p0,1,6,-0.2781902648728016,0.2781902648728016
thetao,W10p0,9,14,-0.278160470226053,0.278160470226053
thetao,W40p0,3,15,0.2776739009536491,0.2776739009536491
so,W30p0,9,20,0.27754186261398345,0.27754186261398345
so,W40p0,2,18,0.27690059294677605,0.27690059294677605
so,W30p0,3,20,0.27686032609098177,0.27686032609098177
thetao,W40p0,5,10,0.27684689440342725,0.27684689440342725
so,W30p0,7,12,0.2764764643945673,0.2764764643945673
so,W20p0,4,6,0.27603752520044705,0.27603752520044705
thetao,W10p0,3,11,0.27581750606712,0.27581750606712
thetao,W20p0,9,16,-0.27571417598913794,0.27571417598913794
so,W10p0,5,17,-0.27544569899257204,0.27544569899257204
so,W20p0,4,5,0.2753331263969193,0.2753331263969193
so,W30p0,2,8,0.27528714716365865,0.27528714716365865
thetao,W40p0,8,19,-0.27485922192498696,0.27485922192498696
thetao,W60p0,7,19,-0.27474110014590797,0.27474110014590797
so,W40p0,1,9,-0.2746276313732837,0.2746276313732837
so,W30p0,2,2,0.2745040530252867,0.2745040530252867
thetao,W20p0,9,5,-0.27448262335810325,0.27448262335810325
so,W40p0,3,7,-0.2744458537946764,0.2744458537946764
so,W40p0,1,20,-0.27324670461978706,0.27324670461978706
so,W40p0,1,10,-0.2730308903956354,0.2730308903956354
so,W20p0,6,1,0.272014772448967,0.272014772448967
thetao,W20p0,9,12,-0.2718486572529658,0.2718486572529658
thetao,W40p0,4,13,-0.271003217957763,0.271003217957763
so,W30p0,7,11,0.27065903181625595,0.27065903181625595
thetao,W40p0,4,15,-0.27016737733544194,0.27016737733544194
thetao,W30p0,1,10,-0.26988577131379415,0.26988577131379415
so,W20p0,7,14,0.26979877091983967,0.26979877091983967
so,W40p0,2,14,0.26947615426604804,0.26947615426604804
thetao,W60p0,6,16,-0.26940909285230075,0.26940909285230075
so,W20p0,8,6,-0.26928435157432273,0.26928435157432273
so,W40p0,1,2,-0.2688344420145382,0.2688344420145382
thetao,W40p0,4,14,-0.267997238532769,0.267997238532769
so,W20p0,6,2,0.26737193302643925,0.26737193302643925
thetao,W40p0,4,4,-0.2665515163926301,0.2665515163926301
so,W20p0,10,8,-0.26616406371535,0.26616406371535
thetao,W10p0,9,15,-0.2660646796943498,0.2660646796943498
so,W40p0,3,8,-0.26590768387026925,0.26590768387026925
thetao,W30p0,9,16,0.26560663801744017,0.26560663801744017
thetao,W60p0,9,20,0.2654455785380297,0.2654455785380297
so,W10p0,5,16,-0.2652708895377816,0.2652708895377816
thetao,W10p0,4,20,0.2652666548687405,0.2652666548687405
thetao,W30p0,3,5,0.2651270429734291,0.2651270429734291
thetao,W10p0,9,18,-0.26370802542539806,0.26370802542539806
thetao,W40p0,3,12,0.2632750176696463,0.2632750176696463
so,W30p0,8,10,-0.2630538118276329,0.2630538118276329
so,W40p0,6,1,-0.2628387881188263,0.2628387881188263
so,W20p0,2,15,0.2624911016311731,0.2624911016311731
thetao,W10p0,9,12,-0.26233199215126946,0.26233199215126946
thetao,W30p0,9,12,0.2621348660072984,0.2621348660072984
thetao,W30p0,1,16,-0.26194763042397334,0.26194763042397334
thetao,W10p0,10,4,-0.2618246889400369,0.2618246889400369
so,W40p0,7,13,-0.26142087115333285,0.26142087115333285
so,W20p0,4,16,0.2613474498406676,0.2613474498406676
so,W20p0,7,19,0.26102234306795363,0.26102234306795363
thetao,W20p0,9,7,-0.26097472925836385,0.26097472925836385
thetao,W60p0,9,19,0.26080343267844275,0.26080343267844275
thetao,W60p0,1,1,0.26075647142896835,0.26075647142896835
so,W10p0,2,8,0.25999071659985845,0.25999071659985845
thetao,W60p0,4,0,-0.2599900675816885,0.2599900675816885
thetao,W20p0,8,0,-0.2597827708537996,0.2597827708537996
so,W30p0,1,20,-0.2595135012371369,0.2595135012371369
so,W20p0,3,7,-0.2593823848115736,0.2593823848115736
thetao,W30p0,6,10,-0.25930794603384716,0.25930794603384716
so,W30p0,5,2,-0.25921388611057017,0.25921388611057017
thetao,W20p0,4,2,-0.25884905049631785,0.25884905049631785
thetao,W60p0,3,13,0.25874449118036996,0.25874449118036996
thetao,W40p0,1,3,-0.25870431913305036,0.25870431913305036
so,W60p0,3,13,0.25781656841863915,0.25781656841863915
thetao,W60p0,5,19,0.2577156252476089,0.2577156252476089
so,W40p0,2,19,0.2573884502715738,0.2573884502715738
so,W30p0,7,10,0.25736801954903266,0.25736801954903266
thetao,W10p0,9,13,-0.2571707150628224,0.2571707150628224
so,W60p0,3,18,0.25699765921536105,0.25699765921536105
thetao,W10p0,3,10,0.25680481212644624,0.25680481212644624
so,W10p0,4,12,-0.2564169578126557,0.2564169578126557
so,W20p0,4,1,0.25638721781496643,0.25638721781496643
thetao,W60p0,6,3,-0.2560435701131217,0.2560435701131217
thetao,W40p0,4,9,-0.25601292305373274,0.25601292305373274
so,W60p0,2,19,0.25577495146212054,0.25577495146212054
thetao,W40p0,1,15,-0.2555314536837201,0.2555314536837201
so,W30p0,7,13,0.2549488470084274,0.2549488470084274
so,W40p0,2,20,0.25485664681957765,0.25485664681957765
so,W20p0,4,13,0.254697257056726,0.254697257056726
so,W30p0,5,1,-0.2546180018790046,0.2546180018790046
so,W30p0,2,6,0.25413206353776635,0.25413206353776635
thetao,W20p0,4,1,-0.25343020407988504,0.25343020407988504
thetao,W30p0,2,17,-0.25333257324837904,0.25333257324837904
thetao,W40p0,1,12,-0.2533272587087861,0.2533272587087861
thetao,W60p0,6,8,-0.2531596333596115,0.2531596333596115
so,W60p0,2,14,0.25283760811964867,0.25283760811964867
thetao,W10p0,4,17,0.2526692538896532,0.2526692538896532
thetao,W30p0,2,7,-0.25241689834596376,0.25241689834596376
thetao,W40p0,8,12,-0.2522143006575709,0.2522143006575709
thetao,W40p0,4,0,-0.25192905035691776,0.25192905035691776
so,W40p0,7,12,-0.25126036039638405,0.25126036039638405
thetao,W10p0,4,16,0.25124217865763665,0.25124217865763665
thetao,W60p0,6,12,-0.25075924971077307,0.25075924971077307
thetao,W40p0,8,16,-0.25063586072060706,0.25063586072060706
thetao,W40p0,10,2,-0.25052753398723143,0.25052753398723143
so,W40p0,1,7,-0.2504536291046081,0.2504536291046081
thetao,W30p0,10,1,0.2500856119397787,0.2500856119397787
so,W20p0,10,3,-0.2500361394417458,0.2500361394417458
so,W20p0,4,9,0.24992544449778858,0.24992544449778858
so,W20p0,5,5,0.24982241503817093,0.24982241503817093
so,W60p0,2,7,0.24918364268824544,0.24918364268824544
thetao,W60p0,5,4,0.24917839760033086,0.24917839760033086
so,W20p0,4,19,0.248917394392022,0.248917394392022
thetao,W30p0,6,20,-0.24864108743139923,0.24864108743139923
so,W20p0,10,4,-0.24859807627244024,0.24859807627244024
thetao,W10p0,3,9,0.2484194107094623,0.2484194107094623
thetao,W30p0,1,17,-0.2483149014998054,0.2483149014998054
so,W60p0,3,9,0.2482277651113365,0.2482277651113365
thetao,W10p0,2,7,0.2481692397472481,0.2481692397472481
thetao,W20p0,9,8,-0.24808163092201865,0.24808163092201865
so,W30p0,1,18,-0.24802028837455362,0.24802028837455362
thetao,W10p0,5,0,-0.24794795265929576,0.24794795265929576
so,W30p0,9,5,0.24786954159446606,0.24786954159446606
so,W40p0,6,8,-0.24764045746397045,0.24764045746397045
thetao,W20p0,4,20,-0.2475559283803855,0.2475559283803855
thetao,W30p0,3,1,0.2475277115999677,0.2475277115999677
so,W10p0,2,13,0.24724053445702907,0.24724053445702907
thetao,W40p0,6,0,-0.24710575448165148,0.24710575448165148
thetao,W40p0,4,5,-0.24700494560098502,0.24700494560098502
thetao,W10p0,10,16,-0.24694891431900357,0.24694891431900357
thetao,W30p0,6,17,-0.24665772813341463,0.24665772813341463
thetao,W20p0,4,19,-0.24646740941065948,0.24646740941065948
so,W10p0,1,6,-0.24630068088097554,0.24630068088097554
thetao,W30p0,9,6,0.24616719079504223,0.24616719079504223
so,W10p0,7,7,-0.24598065702151156,0.24598065702151156
thetao,W30p0,4,10,0.24532580145466032,0.24532580145466032
so,W20p0,4,18,0.24527665763226095,0.24527665763226095
thetao,W30p0,6,16,-0.24491759423865406,0.24491759423865406
so,W40p0,3,17,-0.24478794489748226,0.24478794489748226
thetao,W40p0,4,1,-0.24475692714217542,0.24475692714217542
so,W60p0,8,2,0.24446109444510947,0.24446109444510947
thetao,W40p0,8,13,-0.24437598277880201,0.24437598277880201
thetao,W60p0,3,14,0.244279989710467,0.244279989710467
so,W10p0,6,14,0.24426277541309221,0.24426277541309221
so,W10p0,5,5,-0.2441834356621949,0.2441834356621949
thetao,W40p0,4,8,-0.24411578118937777,0.24411578118937777
thetao,W20p0,9,9,-0.243812499915908,0.243812499915908
thetao,W40p0,8,18,-0.24369007858159122,0.24369007858159122
thetao,W40p0,3,14,0.2435679095811357,0.2435679095811357
so,W60p0,9,1,0.24348446571465845,0.24348446571465845
so,W60p0,8,1,0.24339761190218476,0.24339761190218476
thetao,W10p0,2,6,0.2430195872278701,0.2430195872278701
thetao,W60p0,5,13,0.24298814950385292,0.24298814950385292
thetao,W10p0,5,20,0.24275581870939641,0.24275581870939641
so,W40p0,3,3,-0.24258419595677866,0.24258419595677866
thetao,W40p0,4,12,-0.2424568798890045,0.2424568798890045
so,W40p0,6,11,-0.24222986758701226,0.24222986758701226
so,W10p0,6,19,0.24207386292851737,0.24207386292851737
thetao,W60p0,5,18,0.24154730850936096,0.24154730850936096
thetao,W60p0,10,20,-0.2412694996088028,0.2412694996088028
thetao,W60p0,5,5,0.2412506301044543,0.2412506301044543
so,W40p0,7,10,-0.2411724567100047,0.2411724567100047
so,W40p0,7,9,-0.2411608602809808,0.2411608602809808
thetao,W30p0,2,16,-0.24103933312598608,0.24103933312598608
so,W10p0,8,14,0.2408027919334495,0.2408027919334495
so,W30p0,9,4,0.2406846968042147,0.2406846968042147
thetao,W40p0,8,11,-0.2406629621505125,0.2406629621505125
thetao,W60p0,3,12,0.24056840955295974,0.24056840955295974
thetao,W10p0,10,5,-0.2401448281161392,0.2401448281161392
so,W40p0,10,6,-0.23990079584976054,0.23990079584976054
so,W40p0,4,1,-0.2396871436902084,0.2396871436902084
thetao,W40p0,8,14,-0.2396562373960545,0.2396562373960545
so,W10p0,1,10,-0.23951312369600375,0.23951312369600375
thetao,W30p0,5,7,0.23927514446470174,0.23927514446470174
thetao,W40p0,4,6,-0.23906277413504778,0.23906277413504778
so,W30p0,7,8,0.2388420144330097,0.2388420144330097
thetao,W20p0,9,17,-0.23871716540308155,0.23871716540308155
so,W30p0,7,4,0.23831142992517976,0.23831142992517976
thetao,W40p0,5,9,0.23810643180099555,0.23810643180099555
thetao,W60p0,5,3,0.23775075464455286,0.23775075464455286
thetao,W60p0,9,18,0.23755379910837912,0.23755379910837912
thetao,W20p0,5,15,0.23736959838864005,0.23736959838864005
so,W60p0,9,3,0.23719680850392222,0.23719680850392222
thetao,W20p0,9,11,-0.23718261918942576,0.23718261918942576
thetao,W40p0,8,0,0.23701340123666917,0.23701340123666917
so,W20p0,2,16,0.23698519790041023,0.23698519790041023
thetao,W40p0,10,1,-0.2366015716079352,0.2366015716079352
so,W30p0,8,6,-0.23647825994332292,0.23647825994332292
so,W20p0,2,0,0.2363829519290851,0.2363829519290851
so,W40p0,3,16,-0.23630153064538267,0.23630153064538267
so,W30p0,5,0,-0.235990520624856,0.235990520624856
thetao,W60p0,3,10,0.2359644996401696,0.2359644996401696
so,W20p0,7,1,0.2359592182919525,0.2359592182919525
so,W20p0,1,3,-0.2357601365955154,0.2357601365955154
so,W20p0,8,8,-0.2349132394110926,0.2349132394110926
so,W20p0,7,8,0.23469251302366953,0.23469251302366953
so,W20p0,4,7,0.2342072426623001,0.2342072426623001
so,W10p0,6,18,0.23416646693932458,0.23416646693932458
thetao,W40p0,2,18,-0.2341434062377813,0.2341434062377813
thetao,W30p0,10,5,0.23379362765653014,0.23379362765653014
thetao,W30p0,1,18,-0.23378244129648423,0.23378244129648423
so,W20p0,1,1,-0.23371649450520476,0.23371649450520476
so,W30p0,7,3,0.23359015550124562,0.23359015550124562
so,W10p0,4,19,-0.23333680783990587,0.23333680783990587
thetao,W60p0,5,1,0.23331717288935913,0.23331717288935913
thetao,W10p0,3,7,0.2331662761868476,0.2331662761868476
so,W30p0,3,1,0.23289222757021377,0.23289222757021377
so,W60p0,6,0,-0.23271337480577753,0.23271337480577753
so,W20p0,8,1,-0.23229537245383416,0.23229537245383416
so,W60p0,9,2,0.23190102342967558,0.23190102342967558
so,W40p0,5,3,-0.23185870327058172,0.23185870327058172
thetao,W30p0,6,19,-0.23185787146788306,0.23185787146788306
so,W40p0,6,18,-0.23164542418586262,0.23164542418586262
so,W10p0,7,13,-0.23159315287075233,0.23159315287075233
thetao,W60p0,6,18,-0.23150514805873101,0.23150514805873101
thetao,W10p0,5,18,0.23129974284407945,0.23129974284407945
so,W20p0,3,15,-0.23121836324640582,0.23121836324640582
thetao,W10p0,3,8,0.23097295015923633,0.23097295015923633
so,W30p0,7,0,0.2308999066755334,0.2308999066755334
so,W20p0,2,13,0.2303665097274995,0.2303665097274995
so,W10p0,5,15,-0.2303409212442766,0.2303409212442766
so,W30p0,9,8,0.2301114534532568,0.2301114534532568
so,W10p0,4,18,-0.22969374452188293,0.22969374452188293
so,W20p0,8,16,-0.22958513343769726,0.22958513343769726
thetao,W10p0,4,14,0.22910749419519677,0.22910749419519677
thetao,W60p0,6,17,-0.22908022002131098,0.22908022002131098
so,W40p0,1,17,-0.2290524432356577,0.2290524432356577
so,W20p0,8,3,-0.22864755329386843,0.22864755329386843
thetao,W60p0,4,1,-0.22840132139004488,0.22840132139004488
thetao,W30p0,10,15,0.22837196746083285,0.22837196746083285
so,W20p0,7,6,0.22798733715751107,0.22798733715751107
thetao,W30p0,4,20,0.22798611566267304,0.22798611566267304
thetao,W60p0,7,2,-0.22773012398310233,0.22773012398310233
so,W60p0,2,15,0.2276877374446593,0.2276877374446593
thetao,W60p0,1,3,0.2276388119716547,0.2276388119716547
thetao,W60p0,9,6,0.22741767269311944,0.22741767269311944
thetao,W60p0,1,2,0.2272450077518578,0.2272450077518578
thetao,W60p0,1,10,0.2266801489340646,0.2266801489340646
so,W30p0,9,17,0.2261833494320574,0.2261833494320574
so,W40p0,7,14,-0.2261725677304538,0.2261725677304538
thetao,W60p0,9,17,0.2258970709675895,0.2258970709675895
so,W10p0,4,13,-0.22521389744401404,0.22521389744401404
thetao,W20p0,9,10,-0.22516019979039115,0.22516019979039115
so,W40p0,1,16,-0.22509676840678142,0.22509676840678142
so,W10p0,2,14,0.22439282667373328,0.22439282667373328
thetao,W20p0,1,3,0.22430117258415483,0.22430117258415483
so,W40p0,10,12,-0.2240693677747903,0.2240693677747903
thetao,W10p0,2,8,0.2238844845896537,0.2238844845896537
so,W30p0,1,19,-0.2238248319274142,0.2238248319274142
so,W10p0,4,20,-0.22368844095154256,0.22368844095154256
thetao,W40p0,10,15,-0.22357857852441548,0.22357857852441548
so,W30p0,2,5,0.22353924319917404,0.22353924319917404
so,W20p0,8,5,-0.22351308537437786,0.22351308537437786
so,W40p0,3,6,-0.22328354074955037,0.22328354074955037
so,W10p0,8,13,0.22276753668035798,0.22276753668035798
so,W60p0,4,19,-0.2227189442813105,0.2227189442813105
thetao,W20p0,9,20,-0.22224389074348758,0.22224389074348758
so,W40p0,1,8,-0.2221180101826969,0.2221180101826969
so,W60p0,2,10,0.2216662887717816,0.2216662887717816
so,W30p0,9,16,0.22163784329592004,0.22163784329592004
thetao,W40p0,8,17,-0.22156432950300445,0.22156432950300445
so,W10p0,8,20,0.22147012026166094,0.22147012026166094
so,W20p0,2,17,0.22143394467738473,0.22143394467738473
thetao,W30p0,1,20,-0.2212529150223134,0.2212529150223134
so,W40p0,10,2,-0.22094948980344076,0.22094948980344076
thetao,W10p0,10,3,-0.22084161571690272,0.22084161571690272
thetao,W30p0,6,18,-0.2207789729276792,0.2207789729276792
so,W10p0,2,15,0.22031326634765214,0.22031326634765214
thetao,W10p0,2,5,0.22025700012463542,0.22025700012463542
thetao,W40p0,5,8,0.22001970499053516,0.22001970499053516
so,W60p0,3,10,0.2199527123544494,0.2199527123544494
thetao,W30p0,10,16,0.21973173870674548,0.21973173870674548
so,W20p0,4,15,0.21966924381502975,0.21966924381502975
so,W60p0,3,17,0.21944786617406672,0.21944786617406672
so,W30p0,2,10,0.21928975226996794,0.21928975226996794
thetao,W40p0,3,13,0.21917492119490156,0.21917492119490156
thetao,W20p0,5,0,-0.21898082546842354,0.21898082546842354
so,W40p0,5,12,-0.21848679463799237,0.21848679463799237
so,W30p0,3,16,0.21841225370295878,0.21841225370295878
thetao,W20p0,8,8,-0.21834952039843034,0.21834952039843034
thetao,W30p0,1,19,-0.21803632877600307,0.21803632877600307
so,W30p0,5,14,-0.21796938346857675,0.21796938346857675
so,W10p0,3,16,0.217954030322535,0.217954030322535
thetao,W60p0,3,11,0.21791578827969849,0.21791578827969849
so,W60p0,2,3,0.21781920532295923,0.21781920532295923
so,W40p0,7,8,-0.2177361752898626,0.2177361752898626
so,W20p0,2,14,0.21757590939307497,0.21757590939307497
thetao,W40p0,8,1,0.21751184736162402,0.21751184736162402
thetao,W40p0,1,20,-0.2174871580772789,0.2174871580772789
thetao,W40p0,10,14,-0.2174854881687154,0.2174854881687154
so,W30p0,8,4,-0.21723649221722263,0.21723649221722263
so,W40p0,5,5,-0.2170519906669541,0.2170519906669541
thetao,W30p0,10,9,0.21702919304009888,0.21702919304009888
thetao,W10p0,5,19,0.2166228080015232,0.2166228080015232
so,W10p0,6,12,0.21645047726669603,0.21645047726669603
so,W40p0,1,19,-0.2159317459778401,0.2159317459778401
thetao,W20p0,8,7,-0.21591033854508623,0.21591033854508623
thetao,W30p0,6,0,0.21568834346362858,0.21568834346362858
so,W30p0,2,16,0.21559750216183923,0.21559750216183923
thetao,W40p0,4,10,-0.215459172384239,0.215459172384239
thetao,W30p0,10,10,0.2151826235230066,0.2151826235230066
so,W30p0,7,9,0.21486806643470316,0.21486806643470316
thetao,W40p0,1,7,-0.21454740725985658,0.21454740725985658
thetao,W60p0,4,3,-0.21451541492002996,0.21451541492002996
thetao,W30p0,3,6,0.21448274055419006,0.21448274055419006
thetao,W10p0,3,6,0.21439508146910352,0.21439508146910352
so,W60p0,4,20,-0.21417626975599907,0.21417626975599907
so,W30p0,9,14,0.21409255510216954,0.21409255510216954
so,W20p0,8,4,-0.21386053351775133,0.21386053351775133
so,W40p0,10,7,-0.2138106689501594,0.2138106689501594
so,W10p0,6,16,0.21377091345883223,0.21377091345883223
thetao,W60p0,6,9,-0.21352022167346832,0.21352022167346832
so,W20p0,4,14,0.21312832417716251,0.21312832417716251
thetao,W40p0,5,2,0.21289635139571877,0.21289635139571877
thetao,W10p0,4,15,0.21278503005584518,0.21278503005584518
thetao,W60p0,3,9,0.21271456679577372,0.21271456679577372
so,W40p0,3,20,-0.21263477622122356,0.21263477622122356
so,W10p0,9,20,0.21205997573330396,0.21205997573330396
thetao,W30p0,2,6,-0.21175124256245562,0.21175124256245562
thetao,W10p0,10,17,-0.2113999585043767,0.2113999585043767
so,W40p0,1,18,-0.21130996987582001,0.21130996987582001
thetao,W30p0,2,2,-0.211118662765213,0.211118662765213
thetao,W30p0,2,15,-0.21079466700331861,0.21079466700331861
thetao,W60p0,5,12,0.21058822877544617,0.21058822877544617
thetao,W30p0,10,4,0.21045770407151895,0.21045770407151895
thetao,W60p0,5,17,0.21013665881026267,0.21013665881026267
thetao,W20p0,4,7,-0.2100377190695903,0.2100377190695903
thetao,W60p0,1,0,0.20985249774051903,0.20985249774051903
thetao,W60p0,9,5,0.20959571748649125,0.20959571748649125
thetao,W60p0,8,8,0.20826332544101253,0.20826332544101253
so,W20p0,7,5,0.20813311784499247,0.20813311784499247
thetao,W40p0,8,2,0.2077068940406893,0.2077068940406893
thetao,W60p0,5,6,0.20769254368219203,0.20769254368219203
so,W10p0,7,8,-0.20759054744981792,0.20759054744981792
so,W20p0,5,3,0.20747172534419142,0.20747172534419142
thetao,W30p0,9,10,0.20740914945352296,0.20740914945352296
so,W10p0,8,0,0.20688796120225975,0.20688796120225975
so,W10p0,5,14,-0.20670642630305913,0.20670642630305913
so,W40p0,3,5,-0.20616502488547905,0.20616502488547905
so,W60p0,3,19,0.20597275549328053,0.20597275549328053
thetao,W40p0,8,10,-0.20593721376428947,0.20593721376428947
so,W10p0,8,19,0.20580149920995106,0.20580149920995106
thetao,W10p0,10,2,-0.20569948843645516,0.20569948843645516
thetao,W40p0,1,16,-0.20550869151652199,0.20550869151652199
thetao,W10p0,2,11,0.20532224110637168,0.20532224110637168
thetao,W60p0,8,1,0.20514356839716666,0.20514356839716666
so,W30p0,9,15,0.20460632458763614,0.20460632458763614
thetao,W40p0,5,0,0.20452695942810262,0.20452695942810262
so,W40p0,3,4,-0.2040209409268411,0.2040209409268411
so,W40p0,6,2,-0.20393477108239425,0.20393477108239425
so,W10p0,8,4,0.2039017454331242,0.2039017454331242
thetao,W40p0,4,7,-0.2034772483112924,0.2034772483112924
so,W10p0,2,3,0.20341258799869863,0.20341258799869863
thetao,W20p0,4,6,-0.2032410999689081,0.2032410999689081
so,W20p0,3,8,-0.20299185236804362,0.20299185236804362
so,W40p0,5,6,-0.2029426167000048,0.2029426167000048
thetao,W40p0,5,7,0.20289010328974402,0.20289010328974402
so,W10p0,7,14,-0.20284603669984466,0.20284603669984466
thetao,W60p0,4,14,-0.20274764828184405,0.20274764828184405
so,W10p0,5,4,-0.2026858551965221,0.2026858551965221
so,W20p0,4,8,0.20249907780349807,0.20249907780349807
so,W10p0,1,9,-0.20213704747145245,0.20213704747145245
so,W60p0,6,19,-0.20175571097416345,0.20175571097416345
so,W40p0,10,8,-0.20172878643832956,0.20172878643832956
thetao,W20p0,4,16,-0.20162826614170865,0.20162826614170865
thetao,W30p0,9,11,0.20105887813938603,0.20105887813938603
so,W40p0,4,3,-0.20103353920251335,0.20103353920251335
thetao,W20p0,4,15,-0.20097370968965203,0.20097370968965203
thetao,W60p0,4,13,-0.200898185461409,0.200898185461409
thetao,W30p0,2,8,-0.20083513866005173,0.20083513866005173
thetao,W20p0,4,3,-0.20078204880973055,0.20078204880973055
thetao,W20p0,4,5,-0.20076081397908663,0.20076081397908663
so,W10p0,9,19,0.2006698382099371,0.2006698382099371
thetao,W30p0,10,7,0.2006401614162777,0.2006401614162777
so,W60p0,2,17,0.20061423483009466,0.20061423483009466
so,W40p0,5,13,-0.2005971143800432,0.2005971143800432
so,W60p0,2,18,0.20054705002833056,0.20054705002833056
so,W30p0,3,19,0.2005306962753869,0.2005306962753869
so,W60p0,3,14,0.2005137257105551,0.2005137257105551
thetao,W40p0,2,17,-0.20051366613963595,0.20051366613963595
so,W40p0,4,4,-0.20050468415474756,0.20050468415474756
thetao,W20p0,5,14,0.2004263049478602,0.2004263049478602
so,W40p0,5,4,-0.20040626697620584,0.20040626697620584
so,W60p0,2,9,0.2000515401915326,0.2000515401915326
so,W10p0,1,7,-0.20002188018953226,0.20002188018953226
so,W40p0,7,3,-0.1999612346011334,0.1999612346011334
so,W60p0,6,18,-0.19929298316111269,0.19929298316111269
so,W20p0,1,2,-0.19926807614885278,0.19926807614885278
so,W60p0,2,2,0.1992483577938627,0.1992483577938627
thetao,W30p0,10,3,0.19919660873019093,0.19919660873019093
so,W40p0,7,11,-0.19909232551349978,0.19909232551349978
thetao,W30p0,7,0,0.19893868812818433,0.19893868812818433
so,W40p0,4,5,-0.1988446854063348,0.1988446854063348
so,W20p0,8,13,-0.19851021210520217,0.19851021210520217
so,W10p0,1,8,-0.19845929031730503,0.19845929031730503
so,W40p0,4,6,-0.19839632904792434,0.19839632904792434
thetao,W10p0,10,18,-0.19832470183147524,0.19832470183147524
thetao,W10p0,10,19,-0.19828182371736663,0.19828182371736663
thetao,W30p0,10,11,0.19824313905576044,0.19824313905576044
thetao,W60p0,4,4,-0.1981420950493895,0.1981420950493895
thetao,W60p0,5,14,0.19807022908396868,0.19807022908396868
so,W10p0,5,12,-0.19800966761123986,0.19800966761123986
thetao,W60p0,10,19,-0.19769281287064114,0.19769281287064114
thetao,W30p0,10,6,0.19768275651187953,0.19768275651187953
thetao,W30p0,10,12,0.19700843392450415,0.19700843392450415
so,W10p0,5,13,-0.1964481417848403,0.1964481417848403
so,W40p0,4,7,-0.1963281516216714,0.1963281516216714
thetao,W40p0,1,1,-0.19573394264689933,0.19573394264689933
thetao,W40p0,5,4,0.1956067339768725,0.1956067339768725
thetao,W60p0,6,2,-0.19559718761586878,0.19559718761586878
thetao,W10p0,10,20,-0.19559101700353357,0.19559101700353357
so,W30p0,9,6,0.19516435918090957,0.19516435918090957
thetao,W20p0,1,4,0.1951264300399027,0.1951264300399027
so,W30p0,2,4,0.19446026074936645,0.19446026074936645
thetao,W10p0,2,10,0.19428821145214908,0.19428821145214908
so,W30p0,3,6,0.19408215834525241,0.19408215834525241
so,W60p0,3,12,0.19370759904236076,0.19370759904236076
so,W10p0,2,2,0.1933411125534343,0.1933411125534343
so,W10p0,8,1,0.19333276874909588,0.19333276874909588
thetao,W10p0,2,9,0.19331795744772057,0.19331795744772057
thetao,W40p0,1,2,-0.1929874825968498,0.1929874825968498
thetao,W20p0,7,2,0.1929517438476244,0.1929517438476244
so,W30p0,3,7,0.19256738728752237,0.19256738728752237
so,W20p0,8,2,-0.19167388832195079,0.19167388832195079
so,W60p0,3,15,0.19146249292568104,0.19146249292568104
thetao,W20p0,7,1,0.19116646046101082,0.19116646046101082
thetao,W20p0,1,9,0.19113502402613336,0.19113502402613336
so,W20p0,7,13,0.19088245522388889,0.19088245522388889
thetao,W60p0,6,10,-0.19087631136912792,0.19087631136912792
so,W40p0,6,19,-0.1908428112289205,0.1908428112289205
so,W10p0,8,2,0.1907552884597805,0.1907552884597805
so,W30p0,5,13,-0.19067718906296363,0.19067718906296363
thetao,W30p0,1,9,-0.19019157997501215,0.19019157997501215
so,W40p0,6,20,-0.19008453274358372,0.19008453274358372
thetao,W60p0,9,0,0.19007089449481224,0.19007089449481224
thetao,W30p0,10,2,0.18982245121641667,0.18982245121641667
so,W20p0,8,19,-0.1897852323715031,0.1897852323715031
thetao,W30p0,10,17,0.1897421540419913,0.1897421540419913
thetao,W60p0,6,11,-0.1896141674727706,0.1896141674727706
thetao,W30p0,10,18,0.18910233455342232,0.18910233455342232
thetao,W20p0,1,10,0.18905236787202112,0.18905236787202112
so,W40p0,10,0,-0.1887128947805532,0.1887128947805532
thetao,W60p0,5,11,0.18852321339888625,0.18852321339888625
thetao,W20p0,6,4,0.18851960326247735,0.18851960326247735
so,W10p0,6,15,0.18695068603775758,0.18695068603775758
so,W30p0,9,13,0.18675764396508523,0.18675764396508523
so,W20p0,10,0,-0.18673539386800694,0.18673539386800694
thetao,W40p0,5,5,0.18669732613838882,0.18669732613838882
thetao,W60p0,6,19,-0.18666775445578573,0.18666775445578573
so,W30p0,3,15,0.18662478460242118,0.18662478460242118
so,W20p0,3,5,-0.1866148736365229,0.1866148736365229
thetao,W30p0,9,7,0.1866054236330762,0.1866054236330762
thetao,W20p0,5,3,-0.18657491687431738,0.18657491687431738
thetao,W10p0,10,10,-0.18649680142577343,0.18649680142577343
so,W30p0,5,20,-0.18638913126487372,0.18638913126487372
thetao,W10p0,10,6,-0.18603650930105872,0.18603650930105872
thetao,W60p0,4,2,-0.1859687997804886,0.1859687997804886
thetao,W10p0,10,7,-0.1857310477563521,0.1857310477563521
so,W20p0,10,2,-0.18514709792025333,0.18514709792025333
thetao,W30p0,5,2,0.18493480250302874,0.18493480250302874
so,W40p0,3,18,-0.18454365281748747,0.18454365281748747
so,W40p0,7,2,-0.18435236309207223,0.18435236309207223
so,W30p0,5,8,-0.1843056472156816,0.1843056472156816
thetao,W20p0,8,1,-0.18416765733637053,0.18416765733637053
so,W10p0,7,12,-0.18381859033144282,0.18381859033144282
so,W30p0,6,18,-0.18358422330165577,0.18358422330165577
so,W20p0,3,1,-0.18323935505579772,0.18323935505579772
so,W20p0,6,9,0.18283343561922197,0.18283343561922197
so,W10p0,5,6,-0.1826341741252767,0.1826341741252767
so,W30p0,6,1,-0.18237428148123389,0.18237428148123389
thetao,W30p0,10,14,0.182297900249326,0.182297900249326
thetao,W40p0,7,20,0.18227951807441767,0.18227951807441767
so,W30p0,6,6,-0.1821967781750852,0.1821967781750852
thetao,W30p0,8,1,0.18219615992062516,0.18219615992062516
so,W60p0,2,16,0.1819103203241263,0.1819103203241263
thetao,W40p0,4,11,-0.18188293833445635,0.18188293833445635
thetao,W20p0,5,13,0.18175546271782586,0.18175546271782586
so,W20p0,9,17,-0.18134254792034252,0.18134254792034252
thetao,W60p0,1,6,0.18127450620481667,0.18127450620481667
thetao,W60p0,9,2,0.1811715939206226,0.1811715939206226
so,W60p0,9,4,0.18093385085503733,0.18093385085503733
so,W10p0,2,16,0.18081945574042194,0.18081945574042194
thetao,W20p0,5,2,-0.18034417887082096,0.18034417887082096
thetao,W40p0,5,3,0.18033366648287033,0.18033366648287033
so,W60p0,4,1,-0.18026804613520495,0.18026804613520495
thetao,W30p0,3,0,0.18015891926933483,0.18015891926933483
so,W40p0,3,9,-0.18004736603279717,0.18004736603279717
thetao,W40p0,5,1,0.17996029556399282,0.17996029556399282
thetao,W60p0,1,16,0.1797109600325754,0.1797109600325754
thetao,W30p0,3,7,0.17965753023255993,0.17965753023255993
thetao,W20p0,8,6,-0.1794089869031637,0.1794089869031637
so,W20p0,6,8,0.17925659044170186,0.17925659044170186
thetao,W60p0,3,0,0.17887314095432172,0.17887314095432172
so,W60p0,2,8,0.17877804233191108,0.17877804233191108
so,W10p0,8,3,0.1786962743067093,0.1786962743067093
thetao,W30p0,8,17,0.17812348856886762,0.17812348856886762
so,W60p0,5,4,-0.17810581848254917,0.17810581848254917
so,W40p0,3,15,-0.1780976679525302,0.1780976679525302
thetao,W10p0,4,13,0.17790779589008954,0.17790779589008954
so,W60p0,3,7,0.17787323970867666,0.17787323970867666
so,W10p0,8,7,0.17776230763118772,0.17776230763118772
thetao,W10p0,7,17,-0.1776319775506734,0.1776319775506734
so,W30p0,5,16,-0.1774758751373231,0.1774758751373231
so,W10p0,9,18,0.17747349741522903,0.17747349741522903
thetao,W60p0,9,4,0.17687014247410604,0.17687014247410604
so,W60p0,4,0,-0.1766124559636693,0.1766124559636693
so,W30p0,4,6,0.17633316390982975,0.17633316390982975
so,W30p0,7,17,0.17629925281963468,0.17629925281963468
so,W30p0,3,14,0.1762218190154459,0.1762218190154459
thetao,W30p0,10,8,0.17607113026895563,0.17607113026895563
thetao,W40p0,1,11,-0.17591294688947465,0.17591294688947465
thetao,W30p0,1,6,-0.17581716641723288,0.17581716641723288
so,W10p0,5,7,-0.17577846123527746,0.17577846123527746
thetao,W30p0,1,5,-0.17566524342473885,0.17566524342473885
so,W30p0,8,11,-0.17540931901268086,0.17540931901268086
so,W30p0,5,15,-0.17533905037742312,0.17533905037742312
so,W40p0,10,1,-0.1753188519498756,0.1753188519498756
so,W30p0,2,3,0.1752044970321542,0.1752044970321542
so,W10p0,8,12,0.17517293401303766,0.17517293401303766
so,W30p0,8,5,-0.17496001390453322,0.17496001390453322
so,W10p0,9,0,-0.1748791171439924,0.1748791171439924
thetao,W30p0,4,19,0.1745279782460649,0.1745279782460649
thetao,W40p0,9,18,-0.17443320131438367,0.17443320131438367
so,W10p0,6,11,0.17419955214980035,0.17419955214980035
thetao,W20p0,6,11,-0.17398297612298302,0.17398297612298302
so,W30p0,7,7,0.1738546227045062,0.1738546227045062
so,W20p0,5,6,0.17371513201892516,0.17371513201892516
so,W10p0,8,6,0.17353693331554976,0.17353693331554976
so,W40p0,3,19,-0.17350683857416327,0.17350683857416327
so,W30p0,1,0,-0.17346303594063536,0.17346303594063536
thetao,W60p0,10,6,0.17345417307776292,0.17345417307776292
thetao,W20p0,4,17,-0.17309728217719936,0.17309728217719936
thetao,W10p0,10,8,-0.17276084675051415,0.17276084675051415
so,W20p0,3,14,-0.172731065990865,0.172731065990865
thetao,W40p0,1,19,-0.17255894509989403,0.17255894509989403
so,W60p0,7,17,-0.17242788321911415,0.17242788321911415
thetao,W10p0,10,1,-0.17206466580982485,0.17206466580982485
so,W60p0,7,18,-0.17192398478252174,0.17192398478252174
so,W10p0,2,4,0.1717679487415407,0.1717679487415407
so,W30p0,7,2,0.17167852540646472,0.17167852540646472
thetao,W60p0,6,1,-0.1709862562886636,0.1709862562886636
so,W20p0,3,16,-0.17086053540348048,0.17086053540348048
thetao,W30p0,3,8,0.17076989898899164,0.17076989898899164
thetao,W10p0,5,17,0.17061629329532282,0.17061629329532282
so,W30p0,7,16,0.1706020470723247,0.1706020470723247
so,W40p0,7,0,-0.17056064543676486,0.17056064543676486
so,W40p0,7,5,-0.1704541026226821,0.1704541026226821
thetao,W30p0,2,14,-0.1704068013440596,0.1704068013440596
so,W40p0,4,20,-0.17038990150321368,0.17038990150321368
so,W20p0,7,9,0.17019739906883807,0.17019739906883807
so,W30p0,10,14,-0.1700321293145622,0.1700321293145622
thetao,W20p0,4,18,-0.1697415778368303,0.1697415778368303
thetao,W40p0,5,6,0.16960360835561025,0.16960360835561025
thetao,W60p0,8,9,0.1695426637536792,0.1695426637536792
thetao,W60p0,5,2,0.1693320135588772,0.1693320135588772
so,W60p0,6,17,-0.16925268744862318,0.16925268744862318
so,W40p0,4,2,-0.16911516783539776,0.16911516783539776
so,W30p0,9,12,0.16910030994339215,0.16910030994339215
thetao,W10p0,7,12,-0.1683821719840427,0.1683821719840427
so,W10p0,6,9,0.16829958325290806,0.16829958325290806
so,W10p0,6,13,0.1682404599870436,0.1682404599870436
so,W20p0,5,8,0.16789612989514516,0.16789612989514516
thetao,W30p0,9,0,-0.1675886267124725,0.1675886267124725
thetao,W30p0,4,11,0.16755103553268427,0.16755103553268427
so,W60p0,3,11,0.16745888051717464,0.16745888051717464
so,W40p0,5,2,-0.16674337882554724,0.16674337882554724
so,W10p0,2,5,0.1665439078328049,0.1665439078328049
so,W20p0,1,14,-0.1664720220656939,0.1664720220656939
thetao,W10p0,7,18,-0.16640292730923162,0.16640292730923162
thetao,W40p0,1,0,-0.16638099066447615,0.16638099066447615
so,W30p0,3,5,0.16629726252963747,0.16629726252963747
so,W60p0,6,16,-0.16619298681441266,0.16619298681441266
so,W10p0,8,5,0.16610295815667456,0.16610295815667456
thetao,W60p0,1,17,0.16594092912472708,0.16594092912472708
so,W30p0,10,10,-0.16551716828317778,0.16551716828317778
so,W60p0,8,5,0.1653433024939385,0.1653433024939385
thetao,W10p0,7,13,-0.16526553608903025,0.16526553608903025
so,W20p0,1,13,-0.1652156451952329,0.1652156451952329
thetao,W20p0,4,14,-0.16517891639815618,0.16517891639815618
thetao,W10p0,9,3,-0.16481424479515216,0.16481424479515216
thetao,W20p0,5,5,-0.16479781807332183,0.16479781807332183
thetao,W60p0,7,18,-0.16478053171443308,0.16478053171443308
thetao,W20p0,6,10,-0.16477017181592668,0.16477017181592668
so,W60p0,3,8,0.16475640978686223,0.16475640978686223
so,W30p0,7,5,0.1645524061683599,0.1645524061683599
so,W60p0,7,0,-0.1645474379326069,0.1645474379326069
so,W40p0,7,4,-0.16449687600121576,0.16449687600121576
thetao,W10p0,3,5,0.16437559428055185,0.16437559428055185
so,W20p0,6,10,0.1642427548725069,0.1642427548725069
so,W30p0,10,15,-0.1638702838232822,0.1638702838232822
thetao,W20p0,5,4,-0.1636057029509656,0.1636057029509656
so,W40p0,6,17,-0.1632499628581406,0.1632499628581406
thetao,W60p0,8,7,0.16284169218840436,0.16284169218840436
thetao,W10p0,10,9,-0.1624414700290096,0.1624414700290096
so,W60p0,8,20,0.16189024721850676,0.16189024721850676
so,W20p0,8,14,-0.16179755759093967,0.16179755759093967
thetao,W20p0,5,12,0.16150810000364338,0.16150810000364338
thetao,W60p0,3,3,0.16093204264330616,0.16093204264330616
thetao,W40p0,10,16,-0.1605449702247757,0.1605449702247757
so,W10p0,3,17,0.1604977390450575,0.1604977390450575
thetao,W10p0,8,2,0.16034283028285748,0.16034283028285748
thetao,W20p0,8,5,-0.16031360965036678,0.16031360965036678
thetao,W60p0,1,18,0.16011028808693253,0.16011028808693253
thetao,W60p0,5,0,0.16006951780500459,0.16006951780500459
so,W30p0,6,5,-0.15997300834062336,0.15997300834062336
thetao,W30p0,1,4,-0.1598616017049953,0.1598616017049953
so,W10p0,2,17,0.1597611805191731,0.1597611805191731
thetao,W20p0,1,8,0.15972606205468928,0.15972606205468928
thetao,W30p0,6,1,0.15948340476901568,0.15948340476901568
so,W10p0,5,3,-0.15943499524789126,0.15943499524789126
thetao,W20p0,1,2,0.1593860257227803,0.1593860257227803
so,W60p0,3,6,0.15926420223386425,0.15926420223386425
thetao,W30p0,10,0,0.15880204875248094,0.15880204875248094
so,W30p0,2,15,0.15879759309880315,0.15879759309880315
thetao,W20p0,1,11,0.1587741575426995,0.1587741575426995
so,W30p0,6,4,-0.15857586678383817,0.15857586678383817
so,W10p0,8,15,0.1584802017779941,0.1584802017779941
thetao,W20p0,5,1,-0.15828256569411664,0.15828256569411664
thetao,W30p0,1,7,-0.15804095920426373,0.15804095920426373
thetao,W60p0,4,15,-0.15780565463801477,0.15780565463801477
so,W10p0,8,18,0.15725546223508563,0.15725546223508563
thetao,W30p0,9,8,0.15725377340827928,0.15725377340827928
so,W40p0,4,18,-0.1571284810452123,0.1571284810452123
so,W10p0,6,10,0.15709665003013523,0.15709665003013523
thetao,W30p0,7,15,0.15701925676094663,0.15701925676094663
thetao,W20p0,4,13,-0.15666246876125783,0.15666246876125783
so,W20p0,5,13,0.1566352127788233,0.1566352127788233
thetao,W60p0,5,15,0.156473341481958,0.156473341481958
thetao,W20p0,4,4,-0.156414559192788,0.156414559192788
thetao,W40p0,9,5,0.15624616940825217,0.15624616940825217
so,W10p0,3,13,0.15614800391183356,0.15614800391183356
so,W30p0,6,19,-0.15580954507657077,0.15580954507657077
thetao,W30p0,3,9,0.15568963169114078,0.15568963169114078
thetao,W30p0,5,1,0.155625763006684,0.155625763006684
thetao,W60p0,9,1,0.1551415835547188,0.1551415835547188
thetao,W40p0,8,3,0.15513617197401816,0.15513617197401816
so,W60p0,3,20,0.15504557585494105,0.15504557585494105
so,W20p0,1,7,-0.15504054262848174,0.15504054262848174
thetao,W30p0,9,9,0.1550318387482358,0.1550318387482358
so,W30p0,7,18,0.15494022099599514,0.15494022099599514
so,W40p0,6,3,-0.1547522041380307,0.1547522041380307
thetao,W20p0,6,12,-0.15474845550924135,0.15474845550924135
thetao,W40p0,1,17,-0.1546917606236829,0.1546917606236829
thetao,W60p0,4,5,-0.15467614032462754,0.15467614032462754
thetao,W10p0,2,4,0.15425864015194848,0.15425864015194848
so,W10p0,2,1,0.15423965802290757,0.15423965802290757
thetao,W30p0,2,5,-0.15370158765342895,0.15370158765342895
so,W60p0,9,12,0.1527702373949271,0.1527702373949271
so,W20p0,1,12,-0.1527512362141049,0.1527512362141049
so,W30p0,6,17,-0.15274645298158826,0.15274645298158826
so,W30p0,6,20,-0.15272631721709365,0.15272631721709365
so,W20p0,5,7,0.1526426547439361,0.1526426547439361
so,W40p0,6,0,-0.15232196427033293,0.15232196427033293
so,W10p0,7,15,-0.1522192706373633,0.1522192706373633
so,W20p0,9,13,-0.15149583908856243,0.15149583908856243
so,W40p0,6,12,-0.15141440717869853,0.15141440717869853
thetao,W20p0,10,20,-0.15128717289757956,0.15128717289757956
thetao,W10p0,7,15,-0.15093426145382663,0.15093426145382663
thetao,W60p0,4,10,-0.15074287704261202,0.15074287704261202
thetao,W30p0,9,2,-0.15016544272798696,0.15016544272798696
so,W20p0,3,9,-0.14998581538729155,0.14998581538729155
so,W20p0,8,17,-0.1499385716734193,0.1499385716734193
thetao,W10p0,7,16,-0.14958177541455794,0.14958177541455794
thetao,W60p0,10,5,0.14924724270565193,0.14924724270565193
thetao,W40p0,9,4,0.14905816723309137,0.14905816723309137
so,W20p0,9,15,-0.14898021122053998,0.14898021122053998
so,W20p0,8,12,-0.14860774488615414,0.14860774488615414
thetao,W20p0,9,18,-0.14852946646293513,0.14852946646293513
so,W30p0,7,14,0.14840310071518137,0.14840310071518137
thetao,W20p0,9,19,-0.1483442902271372,0.1483442902271372
so,W10p0,7,6,-0.14833241611113696,0.14833241611113696
so,W20p0,7,4,0.14819524599407402,0.14819524599407402
so,W40p0,3,14,-0.14792041959669275,0.14792041959669275
so,W30p0,9,9,0.14774809605894462,0.14774809605894462
thetao,W30p0,8,18,0.1476368447131446,0.1476368447131446
thetao,W30p0,4,18,0.14751444332029096,0.14751444332029096
so,W30p0,8,12,-0.14744144748897,0.14744144748897
thetao,W20p0,6,3,0.14733437443655178,0.14733437443655178
thetao,W60p0,3,1,0.14728324934202988,0.14728324934202988
thetao,W30p0,7,16,0.14708432516760192,0.14708432516760192
thetao,W30p0,5,6,0.1469233742123185,0.1469233742123185
thetao,W20p0,8,2,-0.1468957976505323,0.1468957976505323
thetao,W10p0,7,14,-0.14689492073700894,0.14689492073700894
thetao,W30p0,1,8,-0.14688745762502975,0.14688745762502975
thetao,W30p0,6,9,-0.14661456230977704,0.14661456230977704
thetao,W20p0,4,12,-0.1464067253757185,0.1464067253757185
thetao,W60p0,4,11,-0.1463769935841107,0.1463769935841107
so,W60p0,4,14,-0.14620504733851095,0.14620504733851095
thetao,W40p0,2,16,-0.14584799496809836,0.14584799496809836
thetao,W20p0,10,17,-0.1457854868581669,0.1457854868581669
thetao,W60p0,5,7,0.14555458381288777,0.14555458381288777
thetao,W20p0,5,11,0.14548837815620297,0.14548837815620297
so,W60p0,9,20,0.145462073843283,0.145462073843283
so,W10p0,5,9,-0.14498068270563008,0.14498068270563008
thetao,W10p0,2,12,0.14484197890052966,0.14484197890052966
thetao,W30p0,4,16,0.1444796508431563,0.1444796508431563
thetao,W40p0,10,17,-0.14447514988347637,0.14447514988347637
so,W60p0,10,14,-0.14444544547707555,0.14444544547707555
thetao,W30p0,10,19,0.14411003952511262,0.14411003952511262
so,W40p0,8,0,0.14402113774975417,0.14402113774975417
thetao,W30p0,10,13,0.14393746695665705,0.14393746695665705
so,W40p0,8,13,-0.1439088904494453,0.1439088904494453
so,W40p0,6,7,-0.1430723293537094,0.1430723293537094
so,W20p0,3,0,-0.14290929338944403,0.14290929338944403
so,W40p0,3,10,-0.1428754702514787,0.1428754702514787
thetao,W60p0,4,12,-0.14267043755260642,0.14267043755260642
so,W40p0,4,17,-0.142253594464148,0.142253594464148
thetao,W10p0,2,0,0.14162250561224485,0.14162250561224485
thetao,W30p0,9,5,0.1415745980776519,0.1415745980776519
so,W30p0,7,19,0.14118100053493232,0.14118100053493232
thetao,W20p0,1,5,0.1411569192577683,0.1411569192577683
thetao,W40p0,6,17,0.14105143758824049,0.14105143758824049
thetao,W30p0,5,0,0.14101275093250043,0.14101275093250043
thetao,W30p0,8,19,0.1404182721067731,0.1404182721067731
thetao,W40p0,6,3,0.14034541801303868,0.14034541801303868
so,W20p0,8,15,-0.1402719472049544,0.1402719472049544
thetao,W30p0,2,9,-0.1400915935176867,0.1400915935176867
so,W60p0,8,4,0.1400635514429278,0.1400635514429278
thetao,W40p0,1,9,-0.1400422239970504,0.1400422239970504
so,W30p0,7,6,0.1396533060811809,0.1396533060811809
thetao,W10p0,10,0,-0.13930412240347537,0.13930412240347537
thetao,W40p0,9,17,-0.13918913440478364,0.13918913440478364
so,W30p0,5,17,-0.1391280184972725,0.1391280184972725
so,W20p0,5,14,0.13910953624375355,0.13910953624375355
so,W60p0,9,11,0.13880487329856284,0.13880487329856284
thetao,W10p0,6,1,-0.13856573086467097,0.13856573086467097
so,W60p0,10,13,-0.13845099283937579,0.13845099283937579
so,W30p0,2,13,0.1383342581187502,0.1383342581187502
so,W30p0,4,7,0.13813180497376662,0.13813180497376662
thetao,W40p0,10,0,-0.13809672243065335,0.13809672243065335
so,W10p0,3,18,0.13801906753478382,0.13801906753478382
thetao,W20p0,6,5,0.13800821134940228,0.13800821134940228
so,W60p0,5,9,-0.13787038495799253,0.13787038495799253
thetao,W60p0,1,5,0.13768991279815782,0.13768991279815782
thetao,W60p0,1,4,0.1373624713306512,0.1373624713306512
so,W60p0,4,18,-0.13723532556522644,0.13723532556522644
so,W40p0,8,12,-0.13705279038911058,0.13705279038911058
so,W30p0,3,2,0.13695968810727024,0.13695968810727024
so,W60p0,2,1,0.1367227854209295,0.1367227854209295
thetao,W30p0,7,10,0.13665361139175605,0.13665361139175605
so,W10p0,7,9,-0.13642276614037394,0.13642276614037394
so,W20p0,9,12,-0.13630972813427863,0.13630972813427863
thetao,W60p0,10,18,-0.13618252246032178,0.13618252246032178
thetao,W40p0,2,11,-0.13608174197569273,0.13608174197569273
so,W60p0,4,13,-0.1360386770037588,0.1360386770037588
so,W60p0,6,3,0.13590575269643906,0.13590575269643906
so,W60p0,8,13,0.13586246271626062,0.13586246271626062
thetao,W40p0,1,10,-0.1358472325058446,0.1358472325058446
thetao,W30p0,2,13,-0.13569928366769465,0.13569928366769465
so,W60p0,3,4,0.1356753921042505,0.1356753921042505
thetao,W30p0,8,2,0.13566770605441553,0.13566770605441553
thetao,W30p0,6,2,0.13558576772739223,0.13558576772739223
thetao,W20p0,8,9,-0.13555149224085555,0.13555149224085555
so,W40p0,4,11,-0.1355118855903993,0.1355118855903993
thetao,W20p0,4,8,-0.1354684726409263,0.1354684726409263
so,W10p0,8,17,0.13532563455664656,0.13532563455664656
thetao,W20p0,10,1,-0.13511882899071728,0.13511882899071728
thetao,W40p0,2,19,-0.1349356493283172,0.1349356493283172
so,W30p0,10,16,-0.13492826496312113,0.13492826496312113
thetao,W20p0,6,9,-0.13480114451873565,0.13480114451873565
so,W20p0,6,7,0.13472644402389033,0.13472644402389033
so,W30p0,6,7,-0.13399316978980963,0.13399316978980963
so,W10p0,9,12,0.133783246041637,0.133783246041637
so,W30p0,2,11,0.133781474230189,0.133781474230189
thetao,W30p0,7,2,0.1337365998765894,0.1337365998765894
so,W10p0,3,6,0.13338236675680604,0.13338236675680604
so,W40p0,10,13,-0.13298665649432892,0.13298665649432892
so,W60p0,4,3,-0.13265503615395793,0.13265503615395793
thetao,W40p0,9,3,0.13264396582923688,0.13264396582923688
thetao,W30p0,7,8,0.1325779821112018,0.1325779821112018
so,W10p0,8,16,0.1325626757548571,0.1325626757548571
thetao,W20p0,10,18,-0.13245267813060216,0.13245267813060216
so,W60p0,10,4,-0.13234493189774763,0.13234493189774763
thetao,W40p0,9,12,0.1323235082803874,0.1323235082803874
so,W10p0,5,10,-0.13208462462591095,0.13208462462591095
thetao,W20p0,5,10,0.13152422304519779,0.13152422304519779
so,W40p0,4,8,-0.13113537208886464,0.13113537208886464
thetao,W40p0,2,10,-0.13060980453573579,0.13060980453573579
so,W20p0,8,9,-0.13037216460383952,0.13037216460383952
thetao,W20p0,10,2,-0.1303227573264397,0.1303227573264397
so,W10p0,5,11,-0.1302811557816979,0.1302811557816979
thetao,W30p0,7,14,0.13016367344662086,0.13016367344662086
so,W60p0,4,12,-0.12984026722463043,0.12984026722463043
so,W40p0,10,17,-0.12967664057145042,0.12967664057145042
so,W10p0,6,2,0.12965620761335106,0.12965620761335106
so,W30p0,4,5,0.12938644809438446,0.12938644809438446
thetao,W60p0,9,3,0.12930304284037575,0.12930304284037575
so,W30p0,9,7,0.12919837351911023,0.12919837351911023
so,W20p0,8,10,-0.12918721984360987,0.12918721984360987
thetao,W40p0,7,19,0.12907358090517074,0.12907358090517074
so,W40p0,6,4,-0.12904720387416266,0.12904720387416266
thetao,W30p0,4,17,0.12901949689013764,0.12901949689013764
thetao,W60p0,10,7,0.12876837954588868,0.12876837954588868
so,W60p0,9,14,0.1287606376050062,0.1287606376050062
so,W20p0,2,18,0.12836865657089422,0.12836865657089422
so,W20p0,5,9,0.1283460090232554,0.1283460090232554
thetao,W20p0,4,9,-0.12833201117304655,0.12833201117304655
thetao,W60p0,10,17,-0.1282615907650449,0.1282615907650449
so,W10p0,2,7,0.12814903165284872,0.12814903165284872
thetao,W10p0,9,11,-0.1280677756182635,0.1280677756182635
so,W30p0,6,2,-0.1279928257485251,0.1279928257485251
so,W30p0,9,11,0.127989168207762,0.127989168207762
so,W60p0,7,16,-0.12795310552668313,0.12795310552668313
so,W30p0,8,15,-0.12748865183822802,0.12748865183822802
so,W60p0,9,13,0.12742416639415363,0.12742416639415363
so,W30p0,7,15,0.12727990635488676,0.12727990635488676
thetao,W10p0,5,12,-0.12717876676444237,0.12717876676444237
so,W60p0,9,5,0.12712988798118532,0.12712988798118532
so,W40p0,8,11,-0.12708630310785257,0.12708630310785257
so,W60p0,6,20,-0.12693431252836757,0.12693431252836757
so,W60p0,8,12,0.12651545684467716,0.12651545684467716
thetao,W60p0,5,16,0.12567179007630286,0.12567179007630286
so,W30p0,9,10,0.1255309862440052,0.1255309862440052
so,W60p0,4,11,-0.12550896318039523,0.12550896318039523
thetao,W40p0,7,1,0.1252620744994066,0.1252620744994066
so,W60p0,6,14,-0.12510327371466368,0.12510327371466368
thetao,W40p0,1,18,-0.12501952253018753,0.12501952253018753
thetao,W30p0,8,3,0.12462057607668472,0.12462057607668472
so,W60p0,9,7,0.12456026635612079,0.12456026635612079
so,W30p0,3,13,0.12453691636775165,0.12453691636775165
thetao,W10p0,5,5,-0.12437693060917382,0.12437693060917382
so,W60p0,3,3,0.12420731554173177,0.12420731554173177
thetao,W10p0,7,11,-0.12403012471976478,0.12403012471976478
so,W10p0,7,0,-0.12401366874028147,0.12401366874028147
thetao,W30p0,7,11,0.1236633424239315,0.1236633424239315
thetao,W40p0,8,9,-0.12362344302649719,0.12362344302649719
thetao,W20p0,1,6,0.12361012310984816,0.12361012310984816
thetao,W10p0,2,1,0.12351522575175004,0.12351522575175004
thetao,W40p0,9,13,0.12347634387349635,0.12347634387349635
thetao,W10p0,9,10,-0.12330487568395111,0.12330487568395111
thetao,W40p0,1,8,-0.12318558289119502,0.12318558289119502
thetao,W10p0,7,19,-0.12292845434617367,0.12292845434617367
thetao,W30p0,7,5,0.12277711423426528,0.12277711423426528
thetao,W60p0,3,8,0.122390690013972,0.122390690013972
so,W40p0,5,14,-0.12185002476649112,0.12185002476649112
so,W40p0,7,7,-0.12155403200093805,0.12155403200093805
so,W10p0,3,5,0.1213567013696267,0.1213567013696267
thetao,W40p0,6,16,0.1213458208096095,0.1213458208096095
thetao,W30p0,7,9,0.12134321863964999,0.12134321863964999
thetao,W20p0,1,19,-0.12132236209555207,0.12132236209555207
thetao,W20p0,8,12,0.12103347600497508,0.12103347600497508
so,W30p0,10,12,-0.1209536909978035,0.1209536909978035
so,W60p0,7,1,-0.11995961943722037,0.11995961943722037
so,W10p0,5,8,-0.1199225406494282,0.1199225406494282
so,W60p0,8,6,0.11991356961273443,0.11991356961273443
thetao,W10p0,3,4,0.11988085528013148,0.11988085528013148
thetao,W20p0,1,7,0.11983255636641481,0.11983255636641481
thetao,W40p0,6,4,0.11962659932275571,0.11962659932275571
thetao,W10p0,7,0,-0.1195647667815725,0.1195647667815725
thetao,W40p0,7,14,0.11953611575729882,0.11953611575729882
thetao,W30p0,8,20,0.11917244066077504,0.11917244066077504
thetao,W20p0,4,11,-0.11913052394469884,0.11913052394469884
thetao,W30p0,4,13,0.11903421312473755,0.11903421312473755
so,W20p0,7,2,0.11888955619628973,0.11888955619628973
thetao,W60p0,6,20,-0.11882767839911233,0.11882767839911233
thetao,W30p0,4,12,0.11842555656135823,0.11842555656135823
thetao,W10p0,5,3,-0.11786454157598554,0.11786454157598554
thetao,W60p0,7,7,-0.1177896665131154,0.1177896665131154
thetao,W60p0,8,10,0.1177858416149113,0.1177858416149113
thetao,W10p0,8,3,0.11776142535744852,0.11776142535744852
thetao,W10p0,7,10,-0.11762091360738237,0.11762091360738237
thetao,W10p0,2,13,0.11739329642957294,0.11739329642957294
so,W30p0,6,8,-0.11734833184512161,0.11734833184512161
thetao,W10p0,9,4,-0.1170935690841939,0.1170935690841939
so,W60p0,8,14,0.11693449020871229,0.11693449020871229
so,W30p0,5,12,-0.11691284077061255,0.11691284077061255
so,W40p0,4,9,-0.11681856288596583,0.11681856288596583
so,W30p0,10,11,-0.11672127117446333,0.11672127117446333
so,W20p0,1,15,-0.11663422396991383,0.11663422396991383
thetao,W40p0,7,4,0.11663350672540099,0.11663350672540099
so,W20p0,9,14,-0.1166093197325668,0.1166093197325668
thetao,W20p0,4,10,-0.11642533887887435,0.11642533887887435
thetao,W30p0,5,3,0.11636271351807846,0.11636271351807846
so,W60p0,10,12,-0.11588852627869041,0.11588852627869041
thetao,W60p0,3,2,0.11578743823327842,0.11578743823327842
so,W40p0,7,1,-0.11577607932809335,0.11577607932809335
thetao,W30p0,7,4,0.1157741669651172,0.1157741669651172
so,W20p0,3,4,-0.11563286726815779,0.11563286726815779
thetao,W30p0,2,3,-0.11554564743244024,0.11554564743244024
so,W60p0,8,7,0.11520910142408704,0.11520910142408704
thetao,W30p0,1,3,-0.11504335558369266,0.11504335558369266
thetao,W30p0,8,16,0.1150115854992289,0.1150115854992289
so,W30p0,2,14,0.11476815714230654,0.11476815714230654
thetao,W30p0,2,12,-0.11452447588615194,0.11452447588615194
so,W20p0,6,11,0.11431682861364298,0.11431682861364298
thetao,W20p0,10,19,-0.11381290389632649,0.11381290389632649
thetao,W10p0,3,3,0.11352971464562414,0.11352971464562414
thetao,W30p0,2,11,-0.11344087899652848,0.11344087899652848
so,W30p0,4,11,-0.11344080210764354,0.11344080210764354
thetao,W60p0,1,15,0.1130596968799713,0.1130596968799713
thetao,W40p0,7,0,-0.11282547658882207,0.11282547658882207
so,W60p0,8,19,0.11239166300781475,0.11239166300781475
thetao,W40p0,2,8,-0.11236298187135686,0.11236298187135686
so,W40p0,4,10,-0.11199268827353982,0.11199268827353982
so,W60p0,8,15,0.11165383454682695,0.11165383454682695
so,W40p0,5,20,0.11158020756587138,0.11158020756587138
so,W10p0,7,16,-0.11152977616746393,0.11152977616746393
so,W20p0,6,3,0.11117116925292618,0.11117116925292618
thetao,W30p0,7,12,0.11107045871610963,0.11107045871610963
thetao,W30p0,2,10,-0.1110431689756181,0.1110431689756181
thetao,W40p0,2,15,-0.11096605724260403,0.11096605724260403
thetao,W30p0,7,3,0.11095263803966389,0.11095263803966389
thetao,W40p0,2,9,-0.11091457490698062,0.11091457490698062
so,W20p0,10,1,-0.1108474637931211,0.1108474637931211
so,W40p0,8,20,-0.1108222247943396,0.1108222247943396
thetao,W60p0,10,16,-0.11075852997440053,0.11075852997440053
so,W30p0,3,3,0.11059832117000526,0.11059832117000526
so,W60p0,10,7,-0.11044998916797757,0.11044998916797757
so,W40p0,8,9,-0.11042817828362163,0.11042817828362163
so,W60p0,3,5,0.11028753366771021,0.11028753366771021
so,W10p0,6,3,0.11026806723060774,0.11026806723060774
so,W30p0,4,10,-0.11025311307770806,0.11025311307770806
so,W10p0,9,17,0.10969185851639267,0.10969185851639267
thetao,W60p0,4,9,-0.10951136482550716,0.10951136482550716
so,W10p0,5,2,-0.10925782183739763,0.10925782183739763
so,W20p0,6,18,0.10925437924894436,0.10925437924894436
so,W20p0,3,19,-0.10902975640293247,0.10902975640293247
so,W20p0,7,12,0.10889271241268231,0.10889271241268231
thetao,W30p0,7,17,0.1085842720685557,0.1085842720685557
so,W30p0,10,8,-0.10824224938259196,0.10824224938259196
so,W40p0,3,11,-0.10809493966402385,0.10809493966402385
thetao,W10p0,5,2,-0.10797577347092911,0.10797577347092911
so,W20p0,9,16,-0.1079214296326319,0.1079214296326319
so,W10p0,2,6,0.10786570023425174,0.10786570023425174
so,W10p0,10,0,0.10766406192131424,0.10766406192131424
so,W60p0,10,6,-0.1076630619324616,0.1076630619324616
so,W60p0,9,15,0.10751667822481807,0.10751667822481807
so,W60p0,7,2,-0.10751629022682947,0.10751629022682947
so,W60p0,6,7,-0.10749106883522856,0.10749106883522856
thetao,W10p0,9,5,-0.1074027093703987,0.1074027093703987
so,W30p0,2,19,0.1073245603524076,0.1073245603524076
thetao,W60p0,8,2,0.10712542988183969,0.10712542988183969
so,W30p0,6,3,-0.10706138788339689,0.10706138788339689
so,W30p0,3,18,0.10674444082910738,0.10674444082910738
thetao,W20p0,7,0,0.10670025382114576,0.10670025382114576
so,W20p0,3,20,-0.10644193425516807,0.10644193425516807
so,W10p0,3,8,0.10642333542336965,0.10642333542336965
so,W60p0,4,10,-0.10640437723084507,0.10640437723084507
thetao,W30p0,10,20,0.1063752760720825,0.1063752760720825
thetao,W20p0,10,16,-0.10609878072245578,0.10609878072245578
thetao,W30p0,8,11,-0.10608915594523546,0.10608915594523546
so,W60p0,5,3,-0.10603811186722596,0.10603811186722596
so,W10p0,10,18,-0.10594915454308293,0.10594915454308293
thetao,W30p0,4,14,0.10587795559080694,0.10587795559080694
so,W40p0,5,15,-0.10571639553618892,0.10571639553618892
thetao,W30p0,8,4,0.10566415482928433,0.10566415482928433
thetao,W40p0,7,13,0.10550610162519096,0.10550610162519096
thetao,W20p0,6,8,-0.10541019219141189,0.10541019219141189
so,W10p0,3,7,0.10531518812932449,0.10531518812932449
so,W20p0,5,11,0.10491624255438638,0.10491624255438638
thetao,W30p0,3,10,0.1048170446735572,0.1048170446735572
thetao,W30p0,7,7,0.10467401693987084,0.10467401693987084
so,W30p0,7,1,0.1045673733681629,0.1045673733681629
so,W10p0,2,18,0.10444522637317423,0.10444522637317423
thetao,W60p0,7,6,-0.10440113701528445,0.10440113701528445
so,W60p0,9,17,0.10435139807989956,0.10435139807989956
so,W40p0,7,6,-0.10431571847692216,0.10431571847692216
so,W60p0,4,2,-0.10429632964679693,0.10429632964679693
so,W30p0,3,4,0.10428923587939556,0.10428923587939556
so,W60p0,5,8,-0.10420631866084729,0.10420631866084729
so,W60p0,6,8,-0.1041111712794176,0.1041111712794176
so,W60p0,4,4,-0.10403962310789062,0.10403962310789062
thetao,W10p0,6,2,-0.1037963536147627,0.1037963536147627
thetao,W10p0,4,1,-0.10350870808227972,0.10350870808227972
thetao,W10p0,5,13,-0.10342423030132111,0.10342423030132111
so,W20p0,1,20,-0.10315288725775763,0.10315288725775763
thetao,W40p0,2,4,0.1029043568736437,0.1029043568736437
thetao,W60p0,1,13,0.10232896512483482,0.10232896512483482
thetao,W20p0,6,13,-0.10226884612049232,0.10226884612049232
thetao,W20p0,1,18,-0.1018701629130993,0.1018701629130993
thetao,W40p0,8,4,0.10154719901350673,0.10154719901350673
so,W20p0,7,10,0.10146592071308111,0.10146592071308111
so,W10p0,9,1,-0.10143541989702183,0.10143541989702183
so,W10p0,10,5,0.10139130463724813,0.10139130463724813
thetao,W30p0,6,3,0.10114020457461163,0.10114020457461163
thetao,W20p0,5,6,-0.10087009309281555,0.10087009309281555
thetao,W20p0,1,0,-0.1004366318379579,0.1004366318379579
thetao,W40p0,2,3,0.10024549471666137,0.10024549471666137
thetao,W30p0,2,4,-0.1001990567543335,0.1001990567543335
so,W20p0,4,0,0.10015890525818213,0.10015890525818213
so,W40p0,4,19,-0.10001987376839071,0.10001987376839071
so,W20p0,3,2,-0.09975756336933028,0.09975756336933028
thetao,W30p0,8,12,-0.0996711006837199,0.0996711006837199
thetao,W20p0,6,6,0.09933838063788765,0.09933838063788765
so,W60p0,5,0,-0.09924400303494248,0.09924400303494248
so,W10p0,10,6,0.0991589624426096,0.0991589624426096
so,W20p0,5,12,0.09899288184263416,0.09899288184263416
thetao,W10p0,6,6,0.09898736190768859,0.09898736190768859
so,W20p0,9,6,-0.09884110230436792,0.09884110230436792
so,W60p0,5,10,-0.09868010657429513,0.09868010657429513
thetao,W30p0,7,6,0.09844897251319017,0.09844897251319017
thetao,W60p0,7,9,-0.0980434332326401,0.0980434332326401
thetao,W40p0,7,3,0.09797438841479693,0.09797438841479693
thetao,W10p0,5,11,-0.09793661357890428,0.09793661357890428
thetao,W20p0,1,20,-0.09789792336972877,0.09789792336972877
thetao,W30p0,4,15,0.09780717632508841,0.09780717632508841
thetao,W10p0,5,1,-0.09778578725153941,0.09778578725153941
so,W20p0,1,19,-0.0976178995360166,0.0976178995360166
so,W40p0,5,1,-0.09755000522061553,0.09755000522061553
so,W30p0,4,2,-0.09744729550854354,0.09744729550854354
so,W30p0,10,7,-0.09731901736401069,0.09731901736401069
thetao,W60p0,1,14,0.09725350814413047,0.09725350814413047
thetao,W40p0,2,0,-0.0972292706016193,0.0972292706016193
so,W40p0,6,13,-0.09721241767548408,0.09721241767548408
so,W40p0,5,11,-0.09710106972051041,0.09710106972051041
thetao,W60p0,10,1,0.09695061782576551,0.09695061782576551
so,W60p0,6,15,-0.096941384002226,0.096941384002226
thetao,W60p0,7,17,-0.09666872430743936,0.09666872430743936
so,W60p0,8,16,0.09638549054334172,0.09638549054334172
thetao,W30p0,6,8,-0.0961456353042918,0.0961456353042918
thetao,W30p0,8,10,-0.0957071878210021,0.0957071878210021
so,W30p0,3,17,0.09557626699589426,0.09557626699589426
thetao,W40p0,7,15,0.09543023300197748,0.09543023300197748
so,W30p0,2,20,0.09523303316964334,0.09523303316964334
thetao,W40p0,2,14,-0.09476989248272728,0.09476989248272728
so,W30p0,5,19,-0.09474848034326164,0.09474848034326164
thetao,W30p0,5,5,0.09436577345329826,0.09436577345329826
so,W40p0,9,15,0.0942298741352517,0.0942298741352517
so,W30p0,10,13,-0.09402947202149484,0.09402947202149484
thetao,W40p0,7,5,0.093993441853285,0.093993441853285
thetao,W30p0,7,13,0.09385154379311433,0.09385154379311433
so,W10p0,7,17,-0.09376695521319024,0.09376695521319024
so,W40p0,6,16,-0.0932095072780872,0.0932095072780872
so,W10p0,7,11,-0.09292876188102138,0.09292876188102138
thetao,W10p0,8,1,0.09286979720172604,0.09286979720172604
thetao,W60p0,7,3,-0.0927348824928167,0.0927348824928167
thetao,W60p0,4,19,0.092606634314026,0.092606634314026
so,W30p0,5,9,-0.092594186107332,0.092594186107332
so,W40p0,8,10,-0.09172759990846359,0.09172759990846359
so,W60p0,9,10,0.09128907001780137,0.09128907001780137
so,W10p0,7,10,-0.09119635844061166,0.09119635844061166
thetao,W60p0,1,11,0.09103022501625428,0.09103022501625428
so,W20p0,3,3,-0.09078422823887675,0.09078422823887675
so,W60p0,10,9,-0.0906696989109252,0.0906696989109252
so,W30p0,8,13,-0.09065649013736085,0.09065649013736085
thetao,W40p0,6,1,0.09056326260084926,0.09056326260084926
so,W10p0,10,4,0.09039507905234721,0.09039507905234721
so,W20p0,1,8,-0.09038291529189998,0.09038291529189998
so,W60p0,5,5,-0.09019180146923846,0.09019180146923846
so,W20p0,5,2,0.09016160963557586,0.09016160963557586
so,W40p0,10,16,-0.09014767945809936,0.09014767945809936
so,W40p0,6,15,-0.09011825263178691,0.09011825263178691
thetao,W30p0,6,7,-0.09003383725203111,0.09003383725203111
thetao,W20p0,5,9,0.08949067826225907,0.08949067826225907
thetao,W10p0,5,7,-0.08918664537974656,0.08918664537974656
so,W10p0,7,5,-0.08875491503440154,0.08875491503440154
so,W30p0,8,14,-0.08862566378295253,0.08862566378295253
so,W60p0,7,5,0.08861758914277543,0.08861758914277543
thetao,W10p0,3,2,0.08844651513067761,0.08844651513067761
thetao,W60p0,8,6,0.08843742180607422,0.08843742180607422
thetao,W10p0,4,3,-0.08814429503813975,0.08814429503813975
so,W60p0,10,2,0.08777453977444173,0.08777453977444173
thetao,W60p0,4,16,-0.08777424688438944,0.08777424688438944
so,W10p0,9,7,-0.08770032071905814,0.08770032071905814
so,W30p0,4,14,0.0875732969984431,0.0875732969984431
so,W40p0,4,14,-0.08732761076458577,0.08732761076458577
so,W30p0,2,17,0.08731980785726788,0.08731980785726788
so,W10p0,7,1,-0.08725995450385095,0.08725995450385095
so,W20p0,7,3,0.08695170551636605,0.08695170551636605
thetao,W20p0,7,3,0.08674930878105436,0.08674930878105436
thetao,W10p0,7,20,-0.08641821753858245,0.08641821753858245
so,W20p0,9,8,0.08635009392280911,0.08635009392280911
so,W60p0,7,15,-0.08624219784569548,0.08624219784569548
thetao,W40p0,9,19,-0.08602993106288027,0.08602993106288027
thetao,W20p0,8,11,0.08594365352633265,0.08594365352633265
so,W20p0,7,11,0.08576238129259685,0.08576238129259685
thetao,W10p0,8,7,-0.08569965859704036,0.08569965859704036
thetao,W60p0,5,10,0.08537875757875794,0.08537875757875794
thetao,W10p0,4,4,-0.08524178256492373,0.08524178256492373
thetao,W60p0,7,8,-0.08514389957784298,0.08514389957784298
thetao,W10p0,5,14,-0.08475066983972032,0.08475066983972032
thetao,W40p0,10,18,-0.08471850967520389,0.08471850967520389
so,W60p0,10,8,-0.08448110143404111,0.08448110143404111
thetao,W40p0,6,15,0.08437591680182903,0.08437591680182903
thetao,W60p0,1,12,0.08422862269392148,0.08422862269392148
so,W60p0,9,8,0.08414144279544503,0.08414144279544503
so,W20p0,3,10,-0.08407853716661162,0.08407853716661162
so,W20p0,6,19,0.08395356790829255,0.08395356790829255
so,W20p0,3,17,-0.0838508498547977,0.0838508498547977
thetao,W20p0,6,16,-0.0836295321852869,0.0836295321852869
thetao,W10p0,7,9,-0.08357058932708405,0.08357058932708405
so,W60p0,6,4,0.08341001427742552,0.08341001427742552
so,W20p0,8,18,-0.0833511596554502,0.0833511596554502
thetao,W20p0,7,11,0.08334218957420311,0.08334218957420311
so,W30p0,2,12,0.08324764300529576,0.08324764300529576
so,W60p0,6,9,-0.08298955976674588,0.08298955976674588
thetao,W20p0,10,3,-0.08293334181233356,0.08293334181233356
thetao,W60p0,8,3,0.082812749717397,0.082812749717397
so,W40p0,5,7,-0.08277264882642905,0.08277264882642905
thetao,W40p0,7,8,-0.0826203543969417,0.0826203543969417
so,W10p0,2,0,0.08236418008147256,0.08236418008147256
so,W40p0,1,0,-0.08227241955141557,0.08227241955141557
thetao,W40p0,7,18,0.08221678030344498,0.08221678030344498
thetao,W30p0,7,20,0.08211657597723988,0.08211657597723988
so,W30p0,10,19,-0.08197692778035329,0.08197692778035329
thetao,W10p0,6,12,0.0818015239960693,0.0818015239960693
so,W60p0,4,8,-0.08178881357619246,0.08178881357619246
thetao,W40p0,7,12,0.08161110744426095,0.08161110744426095
thetao,W20p0,6,1,0.08134886385500234,0.08134886385500234
so,W60p0,3,0,0.0810271577147245,0.0810271577147245
thetao,W20p0,1,12,0.08101762422665823,0.08101762422665823
thetao,W20p0,8,4,-0.08090304153792514,0.08090304153792514
thetao,W60p0,6,0,-0.08085595029078611,0.08085595029078611
thetao,W10p0,6,20,0.0807064998319972,0.0807064998319972
thetao,W60p0,7,10,-0.08070262140823374,0.08070262140823374
thetao,W30p0,9,1,-0.08066968603089003,0.08066968603089003
thetao,W40p0,6,18,0.08060241583792481,0.08060241583792481
so,W60p0,4,15,-0.0805141650488653,0.0805141650488653
so,W60p0,8,8,0.08002854281639817,0.08002854281639817
so,W60p0,9,6,0.07997589052379418,0.07997589052379418
so,W10p0,10,3,0.0797869231331436,0.0797869231331436
thetao,W60p0,10,2,0.07968919540972998,0.07968919540972998
thetao,W20p0,8,20,0.07962533715447902,0.07962533715447902
thetao,W30p0,8,15,0.07957557643304883,0.07957557643304883
so,W10p0,6,8,0.07956264685496192,0.07956264685496192
so,W10p0,9,11,0.07954236023794667,0.07954236023794667
so,W10p0,8,8,0.07941259503928505,0.07941259503928505
so,W30p0,8,17,-0.07925834395737952,0.07925834395737952
thetao,W60p0,10,15,-0.07918007480389966,0.07918007480389966
so,W40p0,9,0,-0.07914717815449072,0.07914717815449072
so,W30p0,10,18,-0.07903629179852541,0.07903629179852541
thetao,W10p0,9,9,-0.07840610116391904,0.07840610116391904
so,W20p0,8,20,-0.07840467118154719,0.07840467118154719
so,W40p0,5,8,-0.07830886100539805,0.07830886100539805
so,W60p0,4,5,-0.07825219075386393,0.07825219075386393
thetao,W10p0,7,5,-0.07799929351880182,0.07799929351880182
thetao,W10p0,4,6,-0.0776832062609472,0.0776832062609472
so,W20p0,5,10,0.07760227343817641,0.07760227343817641
thetao,W10p0,4,12,0.07734102798662396,0.07734102798662396
thetao,W30p0,5,4,0.0771737031973217,0.0771737031973217
thetao,W10p0,3,0,0.07712614095753209,0.07712614095753209
thetao,W20p0,1,16,-0.07703613361696927,0.07703613361696927
thetao,W60p0,4,20,0.0765305187631139,0.0765305187631139
so,W30p0,10,9,-0.07652851529720002,0.07652851529720002
thetao,W10p0,5,6,-0.07605959169373484,0.07605959169373484
thetao,W60p0,10,13,-0.07591890326933262,0.07591890326933262
so,W60p0,6,13,-0.07587505718844682,0.07587505718844682
thetao,W20p0,10,11,0.07578950840783759,0.07578950840783759
thetao,W60p0,7,11,-0.07575460867375085,0.07575460867375085
so,W10p0,5,0,-0.07566053695641796,0.07566053695641796
thetao,W10p0,4,7,-0.07559717958452664,0.07559717958452664
so,W60p0,7,11,0.0752971384391577,0.0752971384391577
thetao,W10p0,4,2,-0.07505995766462857,0.07505995766462857
so,W60p0,4,16,-0.07502031580459173,0.07502031580459173
thetao,W40p0,6,2,0.07495107444333801,0.07495107444333801
thetao,W20p0,7,4,0.07488867635788407,0.07488867635788407
so,W20p0,2,19,0.07488287624410346,0.07488287624410346
so,W10p0,9,13,0.07488186666602124,0.07488186666602124
so,W30p0,8,16,-0.07488015604917324,0.07488015604917324
thetao,W30p0,9,4,0.07480079158234577,0.07480079158234577
so,W60p0,7,8,-0.07449960795875982,0.07449960795875982
thetao,W30p0,7,18,0.07425797798400033,0.07425797798400033
thetao,W40p0,2,5,0.07418060139006231,0.07418060139006231
thetao,W20p0,8,3,-0.07403420788063789,0.07403420788063789
thetao,W60p0,4,18,0.07391482433463932,0.07391482433463932
thetao,W40p0,2,20,-0.07376651711563068,0.07376651711563068
thetao,W40p0,9,6,0.07348970625750331,0.07348970625750331
so,W40p0,4,12,-0.07330221719202161,0.07330221719202161
thetao,W10p0,4,0,-0.07315184364250217,0.07315184364250217
so,W40p0,8,7,0.07312932355006166,0.07312932355006166
thetao,W10p0,8,4,0.07307133928967165,0.07307133928967165
so,W20p0,5,16,-0.0730371556602168,0.0730371556602168
so,W30p0,5,11,-0.07302633692004966,0.07302633692004966
so,W40p0,8,16,-0.0728863651252904,0.0728863651252904
thetao,W60p0,3,4,0.0726006778722215,0.0726006778722215
so,W40p0,6,5,-0.07256855946695309,0.07256855946695309
so,W30p0,6,9,-0.07215839681188627,0.07215839681188627
thetao,W20p0,6,2,0.0720338698593406,0.0720338698593406
so,W10p0,10,16,-0.07197636407764836,0.07197636407764836
so,W30p0,4,20,-0.07151297561960068,0.07151297561960068
thetao,W60p0,7,5,-0.07148551985399983,0.07148551985399983
so,W10p0,10,15,-0.07147127345034043,0.07147127345034043
so,W60p0,7,19,-0.07139972208220619,0.07139972208220619
thetao,W20p0,1,1,0.07131861595391403,0.07131861595391403
thetao,W10p0,2,3,0.07101299436488857,0.07101299436488857
thetao,W60p0,7,4,-0.07089375928624816,0.07089375928624816
so,W60p0,5,6,-0.0708577259851409,0.0708577259851409
thetao,W20p0,6,20,0.0707909000101275,0.0707909000101275
so,W10p0,6,1,0.07074742129167334,0.07074742129167334
so,W20p0,1,11,-0.07070763725077174,0.07070763725077174
so,W10p0,9,10,0.07037210162357654,0.07037210162357654
thetao,W20p0,10,12,0.06987452489767053,0.06987452489767053
so,W60p0,10,15,-0.06967397573081219,0.06967397573081219
so,W40p0,6,14,-0.06950464722050041,0.06950464722050041
so,W60p0,5,7,-0.06946980523767339,0.06946980523767339
so,W10p0,5,1,-0.06943716764279007,0.06943716764279007
so,W20p0,2,20,0.06934939402719,0.06934939402719
so,W60p0,5,16,0.06919166859798465,0.06919166859798465
so,W20p0,1,9,-0.06918375719528902,0.06918375719528902
so,W20p0,1,10,-0.06894086681319887,0.06894086681319887
so,W40p0,8,14,-0.06886095042648088,0.06886095042648088
so,W10p0,10,7,0.06872007839703362,0.06872007839703362
so,W40p0,3,13,-0.06868577017000183,0.06868577017000183
so,W40p0,5,9,-0.06868471456224907,0.06868471456224907
thetao,W40p0,2,12,-0.06853477964503649,0.06853477964503649
so,W30p0,4,4,0.06823692885981236,0.06823692885981236
thetao,W40p0,6,14,0.06823252380847028,0.06823252380847028
so,W20p0,5,19,-0.06798888213550575,0.06798888213550575
so,W20p0,5,1,0.06793527842990386,0.06793527842990386
thetao,W10p0,6,4,-0.06741846656365119,0.06741846656365119
thetao,W20p0,6,15,-0.06721367195055201,0.06721367195055201
thetao,W20p0,8,15,0.06719931208567702,0.06719931208567702
thetao,W60p0,1,19,0.06710198626404526,0.06710198626404526
so,W40p0,9,1,-0.0668764676385969,0.0668764676385969
thetao,W60p0,10,4,0.06683922073997754,0.06683922073997754
thetao,W10p0,5,4,-0.06679779530372876,0.06679779530372876
thetao,W30p0,8,5,0.0667301409770038,0.0667301409770038
thetao,W40p0,9,16,-0.06645759856956454,0.06645759856956454
thetao,W30p0,7,19,0.06626907849714957,0.06626907849714957
so,W10p0,8,11,0.0660220076912172,0.0660220076912172
so,W30p0,6,10,-0.06596428643952805,0.06596428643952805
so,W10p0,6,0,0.06573602164813741,0.06573602164813741
thetao,W10p0,6,7,0.0653585519883444,0.0653585519883444
thetao,W60p0,10,14,-0.06528449162289342,0.06528449162289342
so,W10p0,9,15,-0.06496021376099881,0.06496021376099881
thetao,W20p0,8,18,0.06484299227129443,0.06484299227129443
so,W30p0,5,18,-0.06471882751758873,0.06471882751758873
thetao,W60p0,4,6,-0.06461062699950162,0.06461062699950162
thetao,W20p0,10,4,-0.06454014351801389,0.06454014351801389
thetao,W40p0,6,7,-0.06451442187718477,0.06451442187718477
so,W40p0,10,14,-0.06446455829760557,0.06446455829760557
so,W30p0,7,20,0.06417791732344208,0.06417791732344208
thetao,W10p0,5,8,-0.06411529272464164,0.06411529272464164
thetao,W20p0,1,17,-0.06302903938694587,0.06302903938694587
so,W40p0,8,6,0.06297297358877664,0.06297297358877664
so,W60p0,7,6,0.06284382774836039,0.06284382774836039
so,W20p0,6,12,0.06275922328194426,0.06275922328194426
thetao,W60p0,7,16,-0.06262424297104233,0.06262424297104233
so,W30p0,6,11,-0.06259904255093235,0.06259904255093235
thetao,W10p0,6,14,0.06259039062274042,0.06259039062274042
thetao,W10p0,7,1,-0.06256927839518424,0.06256927839518424
thetao,W10p0,5,16,0.06241669987836278,0.06241669987836278
thetao,W20p0,10,14,0.06235410183005179,0.06235410183005179
thetao,W20p0,7,19,-0.062205504804111175,0.062205504804111175
so,W30p0,8,18,-0.062087680124958945,0.062087680124958945
so,W60p0,6,2,0.06204046043707975,0.06204046043707975
so,W30p0,2,18,0.06178277659762219,0.06178277659762219
so,W40p0,9,16,0.06171332432294577,0.06171332432294577
so,W60p0,7,12,0.061499746168285935,0.061499746168285935
so,W30p0,10,1,-0.06145581062531918,0.06145581062531918
so,W20p0,8,11,-0.06131625984644643,0.06131625984644643
thetao,W60p0,10,8,0.06118688776886687,0.06118688776886687
so,W20p0,9,2,-0.06105154467202006,0.06105154467202006
thetao,W10p0,8,6,-0.060912207385121424,0.060912207385121424
so,W10p0,9,3,0.06084901434264602,0.06084901434264602
so,W40p0,9,14,0.060846238745918074,0.060846238745918074
thetao,W10p0,6,5,0.06075019571246533,0.06075019571246533
thetao,W20p0,7,20,-0.059736093964888104,0.059736093964888104
thetao,W30p0,6,6,-0.05960944305365065,0.05960944305365065
so,W20p0,3,18,-0.05936886121928784,0.05936886121928784
so,W40p0,9,10,0.05862903907106964,0.05862903907106964
thetao,W60p0,8,4,0.058532693881531386,0.058532693881531386
thetao,W40p0,6,5,0.05845474553566663,0.05845474553566663
thetao,W20p0,7,10,0.05804645502670947,0.05804645502670947
thetao,W20p0,10,9,0.05804198004491946,0.05804198004491946
thetao,W30p0,3,11,0.05798205784438782,0.05798205784438782
thetao,W30p0,7,1,0.057953104105645976,0.057953104105645976
so,W30p0,10,17,-0.05780260817199267,0.05780260817199267
so,W10p0,3,4,0.05776761535393361,0.05776761535393361
so,W40p0,8,19,-0.057693025444276916,0.057693025444276916
so,W20p0,6,4,0.05762875146724509,0.05762875146724509
thetao,W30p0,1,2,-0.057536937092327496,0.057536937092327496
thetao,W20p0,7,14,-0.057490216612920746,0.057490216612920746
thetao,W40p0,7,17,0.05745572507197951,0.05745572507197951
so,W30p0,4,17,-0.057414208421369246,0.057414208421369246
so,W10p0,3,9,0.05739557007117671,0.05739557007117671
so,W30p0,5,10,-0.057003306881024965,0.057003306881024965
so,W60p0,10,1,0.05688893743728932,0.05688893743728932
so,W20p0,9,3,-0.05678982609722847,0.05678982609722847
thetao,W60p0,10,12,-0.05674709189444821,0.05674709189444821
thetao,W20p0,7,18,-0.05673114014095556,0.05673114014095556
thetao,W60p0,10,11,-0.05669260036243996,0.05669260036243996
so,W60p0,9,16,0.056556312818762465,0.056556312818762465
so,W10p0,10,12,0.056354668552174705,0.056354668552174705
so,W60p0,8,9,0.056199262829709884,0.056199262829709884
thetao,W30p0,8,9,-0.055883546019446395,0.055883546019446395
so,W60p0,9,18,0.05580452459857287,0.05580452459857287
so,W40p0,4,15,-0.055620226483429853,0.055620226483429853
thetao,W10p0,6,18,-0.055609104448565816,0.055609104448565816
thetao,W20p0,10,7,-0.05498712929419143,0.05498712929419143
thetao,W10p0,8,11,-0.054663761826972725,0.054663761826972725
thetao,W20p0,7,9,0.054495391884744684,0.054495391884744684
so,W30p0,6,14,-0.054424856018686456,0.054424856018686456
so,W60p0,7,9,-0.054376551477190234,0.054376551477190234
so,W40p0,9,12,0.054302192801825314,0.054302192801825314
so,W10p0,3,19,0.05412179090534799,0.05412179090534799
thetao,W10p0,6,0,0.05404608302781708,0.05404608302781708
thetao,W10p0,3,1,0.05386502374631604,0.05386502374631604
so,W40p0,8,8,-0.053766342421678194,0.053766342421678194
so,W40p0,10,19,-0.053754017302786186,0.053754017302786186
thetao,W60p0,8,14,0.0537490900908632,0.0537490900908632
thetao,W60p0,7,13,-0.053666196668331,0.053666196668331
thetao,W40p0,2,13,-0.05335380459109426,0.05335380459109426
so,W60p0,10,20,0.053230843760025306,0.053230843760025306
thetao,W60p0,5,8,0.05317242911620978,0.05317242911620978
so,W40p0,9,8,-0.05313010460522059,0.05313010460522059
thetao,W10p0,2,2,0.05309590411938144,0.05309590411938144
so,W20p0,9,1,-0.053080556469858244,0.053080556469858244
thetao,W20p0,6,14,-0.052975585765025694,0.052975585765025694
so,W20p0,3,13,-0.05292007422347258,0.05292007422347258
so,W10p0,10,13,0.052408011946779104,0.052408011946779104
thetao,W20p0,1,15,-0.052375120009053755,0.052375120009053755
thetao,W10p0,6,19,0.052217692372469336,0.052217692372469336
thetao,W40p0,8,5,0.05218144655065325,0.05218144655065325
thetao,W40p0,8,8,-0.05196653538822734,0.05196653538822734
thetao,W20p0,10,13,0.051946991275548145,0.051946991275548145
so,W40p0,8,4,-0.05193240514745321,0.05193240514745321
thetao,W60p0,10,3,0.051632903357385,0.051632903357385
thetao,W10p0,6,16,0.051603025231441765,0.051603025231441765
so,W10p0,6,4,0.05157586083650675,0.05157586083650675
thetao,W60p0,8,13,0.05148395856906442,0.05148395856906442
so,W60p0,8,11,0.051473114154730173,0.051473114154730173
so,W40p0,10,15,-0.051406735715601275,0.051406735715601275
so,W20p0,6,6,0.05122291559474134,0.05122291559474134
so,W30p0,4,0,0.050975675580365865,0.050975675580365865
so,W10p0,10,8,0.05094847612044245,0.05094847612044245
thetao,W10p0,6,13,0.05092697933295575,0.05092697933295575
thetao,W10p0,7,3,-0.05087766822474319,0.05087766822474319
so,W60p0,6,6,-0.05086577069420302,0.05086577069420302
so,W60p0,4,7,-0.05083945223457468,0.05083945223457468
thetao,W10p0,5,10,-0.05042104919026734,0.05042104919026734
thetao,W10p0,5,9,-0.05035192163458597,0.05035192163458597
so,W60p0,10,5,-0.05004514595378841,0.05004514595378841
thetao,W40p0,6,13,0.04998632136715201,0.04998632136715201
thetao,W60p0,8,20,0.04990675322770798,0.04990675322770798
so,W30p0,4,13,0.049303445414639976,0.049303445414639976
thetao,W20p0,7,8,0.0492139820102084,0.0492139820102084
so,W30p0,10,6,-0.049043815081520295,0.049043815081520295
thetao,W10p0,7,4,-0.049035561703156524,0.049035561703156524
so,W40p0,6,6,-0.048937885556983855,0.048937885556983855
thetao,W10p0,9,2,-0.048933878262605694,0.048933878262605694
thetao,W30p0,1,1,-0.048859545385431004,0.048859545385431004
thetao,W40p0,7,9,-0.04857248636471592,0.04857248636471592
thetao,W60p0,7,12,-0.04853148142924975,0.04853148142924975
thetao,W20p0,10,10,0.048465428245840124,0.048465428245840124
thetao,W40p0,7,16,0.04837275292058813,0.04837275292058813
so,W30p0,4,8,0.04816689906676746,0.04816689906676746
so,W20p0,1,18,-0.0481571396664299,0.0481571396664299
so,W10p0,7,18,-0.04790162863606399,0.04790162863606399
so,W10p0,10,9,-0.04785865481302616,0.04785865481302616
so,W10p0,6,6,0.047608015652838974,0.047608015652838974
thetao,W20p0,8,10,-0.047437220142991045,0.047437220142991045
thetao,W60p0,4,8,-0.047261372233184475,0.047261372233184475
so,W40p0,9,19,-0.047096743780358524,0.047096743780358524
so,W40p0,9,11,0.04700198605043709,0.04700198605043709
so,W20p0,9,4,-0.046756914891147194,0.046756914891147194
so,W40p0,9,6,-0.0467011236405496,0.0467011236405496
so,W40p0,5,0,-0.04669382203596446,0.04669382203596446
so,W40p0,9,3,0.046638162226411664,0.046638162226411664
thetao,W20p0,7,17,-0.04647913113079968,0.04647913113079968
so,W10p0,9,6,-0.04642636294440453,0.04642636294440453
thetao,W10p0,7,6,-0.04623420481102832,0.04623420481102832
thetao,W20p0,5,7,-0.046044960937310024,0.046044960937310024
so,W30p0,10,3,0.04586349941330245,0.04586349941330245
thetao,W60p0,4,7,-0.045721975426912816,0.045721975426912816
so,W60p0,8,18,0.04558437176005997,0.04558437176005997
so,W60p0,5,2,-0.04532106081695504,0.04532106081695504
thetao,W20p0,8,14,0.04531840155521944,0.04531840155521944
thetao,W30p0,3,12,0.04486589807701722,0.04486589807701722
thetao,W60p0,7,14,-0.0448517095376618,0.0448517095376618
so,W40p0,9,4,0.04481599208316406,0.04481599208316406
so,W10p0,6,7,0.044769556976618455,0.044769556976618455
so,W30p0,4,9,-0.044675124199905915,0.044675124199905915
so,W10p0,3,11,-0.04451850304661676,0.04451850304661676
so,W40p0,5,10,-0.044416635135510224,0.044416635135510224
thetao,W30p0,8,14,0.043957928120330586,0.043957928120330586
so,W40p0,4,13,-0.04389191327839451,0.04389191327839451
thetao,W20p0,8,19,0.04359276800171608,0.04359276800171608
so,W60p0,10,17,-0.043489004039560554,0.043489004039560554
thetao,W10p0,9,6,-0.043339245068594205,0.043339245068594205
thetao,W10p0,4,5,-0.04329311294908558,0.04329311294908558
thetao,W40p0,8,7,-0.04327450756402893,0.04327450756402893
thetao,W40p0,9,8,-0.043220604702866566,0.043220604702866566
thetao,W10p0,4,9,-0.04315966014388646,0.04315966014388646
so,W60p0,10,10,-0.04301550521841545,0.04301550521841545
so,W30p0,4,19,-0.04285163748687203,0.04285163748687203
so,W40p0,8,3,-0.04271075152687972,0.04271075152687972
thetao,W20p0,8,13,0.04222248185334433,0.04222248185334433
thetao,W40p0,2,7,-0.0420194564834778,0.0420194564834778
so,W40p0,8,5,0.04197110891288355,0.04197110891288355
so,W60p0,4,17,-0.04193799958813462,0.04193799958813462
so,W30p0,4,18,-0.041851906236115066,0.041851906236115066
thetao,W10p0,2,14,0.041828830436792266,0.041828830436792266
thetao,W10p0,4,8,-0.04165718410224621,0.04165718410224621
so,W20p0,9,0,-0.041562486061047045,0.041562486061047045
thetao,W10p0,6,15,0.04154748564364321,0.04154748564364321
so,W60p0,4,9,-0.0413604962323917,0.0413604962323917
so,W30p0,3,11,-0.04128632144370364,0.04128632144370364
thetao,W10p0,8,15,-0.04100610716468322,0.04100610716468322
thetao,W40p0,6,20,-0.04070960981630184,0.04070960981630184
thetao,W60p0,5,9,0.04070247879394775,0.04070247879394775
so,W60p0,10,16,-0.04064337394726658,0.04064337394726658
so,W40p0,4,0,-0.04032532799222504,0.04032532799222504
thetao,W40p0,7,6,0.040308598191622635,0.040308598191622635
so,W30p0,6,15,-0.0401122318020436,0.0401122318020436
thetao,W10p0,4,10,-0.03983335786105015,0.03983335786105015
thetao,W10p0,9,7,-0.039746123003567564,0.039746123003567564
thetao,W30p0,6,4,0.0396975295433687,0.0396975295433687
so,W20p0,6,14,-0.03957058096334994,0.03957058096334994
so,W40p0,5,17,0.03922929365089815,0.03922929365089815
thetao,W20p0,6,7,-0.0390764795117898,0.0390764795117898
so,W20p0,9,5,-0.03868946571214853,0.03868946571214853
thetao,W10p0,9,0,0.038661914844047504,0.038661914844047504
so,W20p0,6,5,0.03863195859507314,0.03863195859507314
thetao,W40p0,9,9,-0.038544838449695494,0.038544838449695494
thetao,W20p0,10,5,0.03849435970668235,0.03849435970668235
so,W10p0,2,19,0.03845829741883439,0.03845829741883439
so,W30p0,6,13,-0.03815003106843213,0.03815003106843213
thetao,W10p0,8,8,-0.03782305163972134,0.03782305163972134
thetao,W40p0,7,2,0.03777713280834003,0.03777713280834003
thetao,W10p0,2,18,0.03772591102281446,0.03772591102281446
thetao,W40p0,10,20,-0.03752509984423127,0.03752509984423127
thetao,W30p0,8,6,0.037349136039664985,0.037349136039664985
so,W30p0,10,20,-0.037279784873460516,0.037279784873460516
so,W40p0,5,18,-0.03647762783139238,0.03647762783139238
thetao,W40p0,9,11,0.03568814263236351,0.03568814263236351
so,W60p0,7,3,-0.03562239696571964,0.03562239696571964
so,W30p0,10,5,-0.03533110754799959,0.03533110754799959
thetao,W40p0,9,14,0.03527063543347653,0.03527063543347653
thetao,W60p0,3,7,0.035223205141901394,0.035223205141901394
so,W10p0,7,3,-0.035075894986090296,0.035075894986090296
thetao,W10p0,8,16,-0.035062535108353214,0.035062535108353214
so,W60p0,8,10,0.03497733068327385,0.03497733068327385
thetao,W20p0,10,6,0.034673406390525914,0.034673406390525914
so,W10p0,7,19,-0.03464858341316994,0.03464858341316994
so,W30p0,6,12,-0.034556303370550316,0.034556303370550316
so,W30p0,8,20,-0.0341498993513762,0.0341498993513762
so,W20p0,5,17,0.03411177475139415,0.03411177475139415
so,W40p0,3,12,-0.03307681419542478,0.03307681419542478
thetao,W20p0,7,15,-0.03303810760387587,0.03303810760387587
thetao,W60p0,7,15,-0.032696692125067095,0.032696692125067095
so,W10p0,10,10,-0.03256697441324717,0.03256697441324717
so,W60p0,9,9,0.03238546831533599,0.03238546831533599
so,W30p0,8,19,-0.031951511634521534,0.031951511634521534
so,W20p0,9,9,0.031949655801337455,0.031949655801337455
thetao,W30p0,3,20,0.03184771017000484,0.03184771017000484
so,W30p0,3,10,-0.030926786019117122,0.030926786019117122
thetao,W60p0,10,0,-0.030773481959245886,0.030773481959245886
thetao,W40p0,9,15,0.030692219629653943,0.030692219629653943
thetao,W10p0,6,11,0.030518289638832026,0.030518289638832026
thetao,W20p0,10,8,0.030463832149312566,0.030463832149312566
thetao,W60p0,8,19,-0.0303092174813231,0.0303092174813231
thetao,W60p0,8,17,0.029947042986689952,0.029947042986689952
thetao,W60p0,10,10,-0.029796230473540006,0.029796230473540006
thetao,W20p0,8,17,0.029708918434038323,0.029708918434038323
so,W20p0,6,16,0.02965544062957972,0.02965544062957972
so,W20p0,5,0,-0.02948245907544463,0.02948245907544463
so,W30p0,4,3,-0.02919318755066989,0.02919318755066989
so,W30p0,4,15,0.02908523996259567,0.02908523996259567
so,W60p0,6,11,0.029000977576950523,0.029000977576950523
so,W10p0,3,0,0.028852652421684916,0.028852652421684916
thetao,W40p0,9,2,0.028768659673236555,0.028768659673236555
thetao,W10p0,6,9,0.028690761858782807,0.028690761858782807
so,W60p0,5,20,0.028587721521209385,0.028587721521209385
so,W10p0,10,19,-0.028114352643845934,0.028114352643845934
so,W60p0,7,4,0.028045345880820742,0.028045345880820742
so,W40p0,4,16,-0.027922569798090765,0.027922569798090765
thetao,W40p0,9,20,-0.02788989885889621,0.02788989885889621
thetao,W10p0,7,8,-0.02775041537690494,0.02775041537690494
so,W60p0,6,10,-0.0277203449088873,0.0277203449088873
thetao,W60p0,8,0,-0.02767138109203164,0.02767138109203164
so,W20p0,1,17,0.027615159242222544,0.027615159242222544
thetao,W40p0,10,19,-0.02742757204922006,0.02742757204922006
so,W60p0,5,17,0.02742287459463962,0.02742287459463962
so,W40p0,5,16,-0.027364986855452234,0.027364986855452234
so,W40p0,8,17,-0.02735034539611164,0.02735034539611164
so,W40p0,8,2,-0.027055619252439912,0.027055619252439912
thetao,W20p0,7,13,-0.02703088579072252,0.02703088579072252
thetao,W40p0,8,6,-0.027027180708852197,0.027027180708852197
thetao,W60p0,8,5,0.026904610306650034,0.026904610306650034
so,W60p0,6,1,-0.02663564125629507,0.02663564125629507
so,W10p0,9,8,-0.026355913306791587,0.026355913306791587
thetao,W40p0,7,11,0.026185137473218427,0.026185137473218427
so,W10p0,9,2,0.026133707186662948,0.026133707186662948
thetao,W40p0,2,6,0.026104705912218265,0.026104705912218265
so,W30p0,3,8,0.02601782856357401,0.02601782856357401
so,W60p0,5,11,-0.025905030776776028,0.025905030776776028
so,W60p0,6,5,0.025736988122175956,0.025736988122175956
so,W10p0,7,4,-0.025593986655864917,0.025593986655864917
thetao,W30p0,8,0,0.025510186656813844,0.025510186656813844
so,W60p0,3,1,-0.0252078405312368,0.0252078405312368
thetao,W30p0,3,15,-0.025187456520929782,0.025187456520929782
thetao,W30p0,3,13,0.024785221982617487,0.024785221982617487
so,W40p0,8,1,-0.02472287108316569,0.02472287108316569
thetao,W10p0,8,19,-0.024400560238205075,0.024400560238205075
thetao,W40p0,6,19,0.024239992031241896,0.024239992031241896
thetao,W40p0,6,12,0.024052204768178674,0.024052204768178674
thetao,W30p0,8,13,-0.02398480505860026,0.02398480505860026
thetao,W30p0,6,5,-0.023982995352556963,0.023982995352556963
thetao,W40p0,9,1,0.02392079123278443,0.02392079123278443
thetao,W20p0,1,14,-0.0236909131017579,0.0236909131017579
thetao,W20p0,6,17,-0.02365713500627411,0.02365713500627411
so,W20p0,6,17,0.02346130813698167,0.02346130813698167
so,W10p0,9,9,0.023273911913515882,0.023273911913515882
so,W60p0,4,6,-0.023194216328077468,0.023194216328077468
so,W10p0,8,9,0.022833798901240373,0.022833798901240373
thetao,W30p0,8,8,-0.022609897774031457,0.022609897774031457
so,W10p0,6,5,0.02257226623000713,0.02257226623000713
thetao,W10p0,8,0,-0.022488010584972247,0.022488010584972247
so,W60p0,10,11,-0.022422257750409128,0.022422257750409128
thetao,W40p0,7,10,-0.021980285393786454,0.021980285393786454
so,W40p0,9,7,-0.021691715980309334,0.021691715980309334
so,W60p0,5,15,0.021615063024236582,0.021615063024236582
thetao,W10p0,8,9,-0.021466739743434677,0.021466739743434677
thetao,W20p0,5,8,0.021446776185098233,0.021446776185098233
thetao,W60p0,8,15,0.021384585676002665,0.021384585676002665
so,W10p0,3,2,-0.02112515685735754,0.02112515685735754
thetao,W30p0,3,17,-0.02104487067047959,0.02104487067047959
thetao,W30p0,8,7,-0.02094036459575848,0.02094036459575848
so,W20p0,3,12,-0.020746631077338762,0.020746631077338762
so,W20p0,5,20,0.020515351542669293,0.020515351542669293
thetao,W60p0,4,17,0.02051336491359965,0.02051336491359965
so,W30p0,6,16,-0.020382154017180715,0.020382154017180715
thetao,W60p0,8,12,0.02033704005773367,0.02033704005773367
thetao,W10p0,8,20,-0.019896588127473743,0.019896588127473743
so,W10p0,10,17,-0.019802671256425104,0.019802671256425104
so,W30p0,4,16,-0.01972947195079203,0.01972947195079203
so,W60p0,10,18,-0.019488285525706067,0.019488285525706067
so,W10p0,10,11,0.019395046669950112,0.019395046669950112
so,W20p0,9,11,-0.01900841396077248,0.01900841396077248
so,W40p0,9,20,-0.01890298815299176,0.01890298815299176
so,W40p0,9,13,0.018869510535758315,0.018869510535758315
so,W60p0,6,12,-0.018818182394782692,0.018818182394782692
so,W60p0,9,0,-0.018813519836352918,0.018813519836352918
so,W10p0,9,16,-0.01873746199701765,0.01873746199701765
thetao,W40p0,6,8,-0.018639618032268886,0.018639618032268886
thetao,W30p0,9,3,0.01859899384322483,0.01859899384322483
thetao,W20p0,7,16,-0.01857218512695444,0.01857218512695444
thetao,W10p0,7,2,-0.018350917904473477,0.018350917904473477
so,W60p0,7,10,0.018262141355255092,0.018262141355255092
thetao,W40p0,6,10,-0.018228915836959705,0.018228915836959705
thetao,W40p0,9,7,0.018190078650201957,0.018190078650201957
thetao,W30p0,3,18,-0.017849113726515767,0.017849113726515767
so,W30p0,3,12,0.01778183233749986,0.01778183233749986
so,W10p0,9,4,0.0173849803312728,0.0173849803312728
so,W20p0,9,7,0.017327685660552056,0.017327685660552056
so,W60p0,7,20,-0.016948228541932293,0.016948228541932293
so,W60p0,9,19,0.016898747410599192,0.016898747410599192
thetao,W20p0,6,18,-0.016654345137631085,0.016654345137631085
thetao,W20p0,7,7,0.01655802435693756,0.01655802435693756
thetao,W10p0,7,7,-0.016297152325092754,0.016297152325092754
so,W40p0,5,19,-0.01613098147261032,0.01613098147261032
so,W60p0,8,17,0.015646834667797697,0.015646834667797697
so,W60p0,10,3,-0.015618476610193242,0.015618476610193242
so,W30p0,10,2,0.015515434928986958,0.015515434928986958
so,W10p0,10,2,-0.015480488001655773,0.015480488001655773
so,W10p0,3,10,-0.015450168687916863,0.015450168687916863
so,W10p0,7,2,-0.01542993328560426,0.01542993328560426
so,W30p0,4,1,-0.015115653855515939,0.015115653855515939
thetao,W20p0,6,19,-0.015076041418666402,0.015076041418666402
thetao,W40p0,7,7,0.01490218440981424,0.01490218440981424
thetao,W40p0,6,11,-0.01453724793505752,0.01453724793505752
thetao,W10p0,2,17,0.014406093993734175,0.014406093993734175
thetao,W10p0,6,8,-0.014332617003291838,0.014332617003291838
thetao,W20p0,6,0,-0.014194153269206726,0.014194153269206726
so,W20p0,6,15,0.013880426001402591,0.013880426001402591
thetao,W60p0,1,20,0.013759772635718238,0.013759772635718238
so,W10p0,10,1,0.013721931945934336,0.013721931945934336
so,W20p0,3,11,0.01367403609092029,0.01367403609092029
thetao,W10p0,2,15,-0.013361153320501383,0.013361153320501383
thetao,W10p0,6,17,0.013325909000734795,0.013325909000734795
so,W10p0,3,3,-0.01327026352165836,0.01327026352165836
so,W10p0,10,14,0.013124438954359512,0.013124438954359512
so,W60p0,7,13,0.012605796289832513,0.012605796289832513
thetao,W20p0,10,15,-0.01247682790325802,0.01247682790325802
thetao,W30p0,3,19,0.012450665442403603,0.012450665442403603
so,W40p0,9,5,0.012120594122430677,0.012120594122430677
so,W10p0,7,20,-0.011894746110881147,0.011894746110881147
thetao,W60p0,8,16,0.011892546174360207,0.011892546174360207
so,W10p0,3,12,0.01160486401278198,0.01160486401278198
so,W30p0,10,4,0.011507330534180184,0.011507330534180184
thetao,W60p0,8,18,-0.011498958736006523,0.011498958736006523
so,W40p0,10,18,-0.01134978069825135,0.01134978069825135
thetao,W20p0,7,5,0.011288556531387934,0.011288556531387934
thetao,W20p0,7,6,-0.011228861589894328,0.011228861589894328
so,W60p0,5,13,-0.011164635135938029,0.011164635135938029
so,W40p0,9,17,-0.011063337460448032,0.011063337460448032
so,W20p0,5,18,-0.010813466923926622,0.010813466923926622
thetao,W60p0,8,11,-0.010641757663265564,0.010641757663265564
thetao,W10p0,8,14,-0.0105795586081541,0.0105795586081541
thetao,W10p0,2,20,-0.010560150730039235,0.010560150730039235
so,W10p0,8,10,0.010437009909082489,0.010437009909082489
thetao,W10p0,8,12,-0.010198912154134038,0.010198912154134038
so,W20p0,6,13,-0.010136464220376538,0.010136464220376538
so,W60p0,3,2,0.009796939654918055,0.009796939654918055
so,W40p0,10,20,-0.009757268129879556,0.009757268129879556
so,W10p0,3,1,-0.009739990891843159,0.009739990891843159
thetao,W30p0,3,16,-0.009705032712007318,0.009705032712007318
so,W60p0,5,18,0.009562060145198724,0.009562060145198724
thetao,W40p0,6,6,0.009309333550412942,0.009309333550412942
so,W30p0,10,0,0.008898339010361753,0.008898339010361753
thetao,W60p0,10,9,-0.008736904345126141,0.008736904345126141
thetao,W20p0,7,12,-0.008559362336544364,0.008559362336544364
thetao,W10p0,8,17,-0.008520918619190436,0.008520918619190436
so,W20p0,9,10,0.008222845357317736,0.008222845357317736
thetao,W10p0,9,8,-0.008130950477255918,0.008130950477255918
thetao,W20p0,1,13,0.008097619125433166,0.008097619125433166
thetao,W10p0,5,15,0.008087980793354224,0.008087980793354224
thetao,W10p0,2,19,0.00789443065321431,0.00789443065321431
thetao,W10p0,8,18,0.007777083035089867,0.007777083035089867
so,W30p0,4,12,-0.007531006892102321,0.007531006892102321
thetao,W40p0,2,2,0.007512584430142388,0.007512584430142388
so,W60p0,5,19,0.007282362388823148,0.007282362388823148
thetao,W10p0,6,3,-0.006728900767244095,0.006728900767244095
so,W20p0,1,16,0.006622278300457482,0.006622278300457482
so,W10p0,2,20,-0.006161530857195325,0.006161530857195325
thetao,W20p0,10,0,-0.006060691669716566,0.006060691669716566
so,W60p0,7,14,0.005684017532329603,0.005684017532329603
thetao,W10p0,4,11,-0.005227034764114774,0.005227034764114774
thetao,W40p0,6,9,-0.005154096644110887,0.005154096644110887
so,W40p0,9,18,0.005129893508282907,0.005129893508282907
so,W20p0,6,20,0.005089386343273046,0.005089386343273046
so,W10p0,3,20,0.00502260726626029,0.00502260726626029
thetao,W10p0,9,1,0.004827892236510637,0.004827892236510637
thetao,W40p0,9,0,-0.0045020809760658335,0.0045020809760658335
thetao,W60p0,3,5,0.004461937262736821,0.004461937262736821
thetao,W20p0,8,16,-0.003949313674796556,0.003949313674796556
so,W60p0,5,1,-0.0034636796022789957,0.0034636796022789957
so,W20p0,5,15,0.0032960027492439487,0.0032960027492439487
so,W60p0,7,7,-0.0030345961229251667,0.0030345961229251667
so,W10p0,9,14,0.002656929987078834,0.002656929987078834
thetao,W60p0,3,6,-0.0025153064099562128,0.0025153064099562128
so,W10p0,10,20,-0.002425946342065755,0.002425946342065755
so,W10p0,9,5,0.002402276014412458,0.002402276014412458
so,W30p0,3,9,-0.0022894296136218377,0.0022894296136218377
thetao,W10p0,2,16,0.0021429735629222373,0.0021429735629222373
thetao,W30p0,3,14,-0.0020693624087697554,0.0020693624087697554
so,W40p0,9,9,0.0019216413854851527,0.0019216413854851527
thetao,W10p0,6,10,0.0014798489652796038,0.0014798489652796038
thetao,W40p0,2,1,-0.0012173531735733638,0.0012173531735733638
so,W60p0,10,19,-0.0011874928427232994,0.0011874928427232994
thetao,W10p0,8,13,-0.0009669392487821333,0.0009669392487821333
so,W40p0,8,15,-0.0009462201025502526,0.0009462201025502526
so,W40p0,8,18,0.0008687248066934643,0.0008687248066934643
thetao,W30p0,1,0,-0.0008347469876189018,0.0008347469876189018
so,W60p0,5,14,0.0006865940567686829,0.0006865940567686829
thetao,W10p0,8,10,0.00036955552257059545,0.00036955552257059545
so,W40p0,9,2,-0.00028343367154128323,0.00028343367154128323
thetao,W10p0,8,5,-0.00022211154906906735,0.00022211154906906735
thetao,W40p0,9,10,-0.00020079561461041343,0.00020079561461041343
so,W60p0,5,12,-0.00010783092825288026,0.00010783092825288026
