var,lon_tag,mode,lag,corr,abs_corr
thetao,W40p0,3,0,0.6229987537210643,0.6229987537210643
thetao,W60p0,2,0,-0.5084164260177542,0.5084164260177542
thetao,W60p0,2,1,-0.4561188364323126,0.4561188364323126
thetao,W20p0,1,4,0.4522379894421547,0.4522379894421547
so,W60p0,1,7,0.44018483099539174,0.44018483099539174
so,W30p0,9,0,0.4384980992006604,0.4384980992006604
so,W60p0,1,8,0.4259795249032365,0.4259795249032365
so,W30p0,5,12,0.4221066793857112,0.4221066793857112
thetao,W20p0,3,15,0.4198456177477221,0.4198456177477221
so,W40p0,3,0,-0.4166902329349355,0.4166902329349355
thetao,W60p0,2,2,-0.4135216136075096,0.4135216136075096
thetao,W60p0,5,11,-0.4083117493577809,0.4083117493577809
thetao,W60p0,5,12,-0.4063437652382118,0.4063437652382118
so,W20p0,5,4,0.4035726380197935,0.4035726380197935
so,W20p0,5,1,0.4024448247879098,0.4024448247879098
so,W60p0,9,12,-0.39800513203266147,0.39800513203266147
thetao,W20p0,1,3,0.3969706771312647,0.3969706771312647
so,W30p0,1,10,-0.39606254231534177,0.39606254231534177
so,W30p0,1,5,-0.3951569388696663,0.3951569388696663
so,W60p0,1,5,0.39102792637715705,0.39102792637715705
so,W30p0,5,13,0.3903127577669718,0.3903127577669718
so,W60p0,1,9,0.3901047044420293,0.3901047044420293
thetao,W20p0,1,5,0.3883518746548984,0.3883518746548984
so,W60p0,1,6,0.38638305600226425,0.38638305600226425
thetao,W40p0,3,1,0.3840931087535648,0.3840931087535648
thetao,W20p0,1,17,-0.3833237986730608,0.3833237986730608
so,W20p0,7,17,0.3821689600594941,0.3821689600594941
so,W10p0,4,2,-0.38026350323616837,0.38026350323616837
thetao,W20p0,1,2,0.3795471557978087,0.3795471557978087
so,W10p0,4,1,-0.37289539760588314,0.37289539760588314
thetao,W20p0,2,14,-0.3718430227413801,0.3718430227413801
thetao,W20p0,3,14,0.37177779297484753,0.37177779297484753
so,W60p0,1,4,0.3703692077572502,0.3703692077572502
so,W60p0,1,1,0.36994128785379227,0.36994128785379227
so,W60p0,9,11,-0.3664871243419935,0.3664871243419935
thetao,W10p0,3,14,-0.36594961235522366,0.36594961235522366
thetao,W30p0,4,3,0.3656240940162807,0.3656240940162807
so,W60p0,1,0,0.36508643231198684,0.36508643231198684
thetao,W20p0,2,15,-0.35879540352460854,0.35879540352460854
so,W30p0,1,9,-0.3580594016503771,0.3580594016503771
thetao,W60p0,5,10,-0.35788177575705976,0.35788177575705976
so,W30p0,5,11,0.35787006052169323,0.35787006052169323
so,W60p0,1,10,0.35724170882926465,0.35724170882926465
thetao,W20p0,2,13,-0.356731443375634,0.356731443375634
thetao,W60p0,5,13,-0.35585509403551274,0.35585509403551274
so,W10p0,4,5,-0.3545607381945806,0.3545607381945806
thetao,W20p0,1,16,-0.35409073453190043,0.35409073453190043
thetao,W10p0,2,8,0.3537234769567281,0.3537234769567281
so,W60p0,1,2,0.3524538002287542,0.3524538002287542
thetao,W20p0,3,16,0.3508062095843992,0.3508062095843992
so,W20p0,8,0,-0.35079988165408604,0.35079988165408604
so,W30p0,1,4,-0.34978338750837334,0.34978338750837334
so,W60p0,9,10,-0.3491769170321735,0.3491769170321735
so,W20p0,7,15,0.34916160294253773,0.34916160294253773
thetao,W40p0,3,2,0.34882520088917063,0.34882520088917063
thetao,W20p0,1,1,0.34849261185561836,0.34849261185561836
thetao,W40p0,6,2,0.3479832455667382,0.3479832455667382
thetao,W10p0,3,15,-0.3448455775409079,0.3448455775409079
so,W20p0,5,19,-0.34421666829972414,0.34421666829972414
so,W60p0,1,3,0.3439865808768877,0.3439865808768877
so,W60p0,8,4,0.34347561082302797,0.34347561082302797
thetao,W60p0,2,3,-0.341999195525314,0.341999195525314
thetao,W30p0,4,2,0.34175250615457636,0.34175250615457636
thetao,W30p0,7,6,-0.3408844904361301,0.3408844904361301
thetao,W30p0,1,15,-0.34086604248068725,0.34086604248068725
so,W60p0,8,2,0.34076996170048435,0.34076996170048435
thetao,W30p0,8,9,-0.3399226470628089,0.3399226470628089
thetao,W30p0,8,10,-0.3395726463063299,0.3395726463063299
thetao,W10p0,7,16,-0.3387636101374025,0.3387636101374025
thetao,W10p0,9,0,-0.3384039139552352,0.3384039139552352
so,W10p0,4,4,-0.33711020027203725,0.33711020027203725
so,W30p0,1,8,-0.3364202588315169,0.3364202588315169
thetao,W60p0,10,5,0.3336336787565907,0.3336336787565907
thetao,W30p0,1,14,-0.3330658938749517,0.3330658938749517
thetao,W30p0,1,11,-0.331647113387341,0.331647113387341
thetao,W30p0,1,12,-0.3312943392332582,0.3312943392332582
thetao,W10p0,2,7,0.33065037493583344,0.33065037493583344
so,W40p0,4,5,-0.330465500920122,0.330465500920122
thetao,W10p0,7,17,-0.32920747710349846,0.32920747710349846
thetao,W30p0,7,7,-0.32867111272413146,0.32867111272413146
thetao,W30p0,8,7,-0.32834972305702104,0.32834972305702104
thetao,W20p0,1,18,-0.3264025588943363,0.3264025588943363
thetao,W40p0,3,3,0.3259999594661199,0.3259999594661199
thetao,W10p0,2,9,0.3242462733694088,0.3242462733694088
so,W10p0,4,3,-0.32374218967340906,0.32374218967340906
thetao,W30p0,7,8,-0.32348659129967766,0.32348659129967766
so,W60p0,8,3,0.32339960577849364,0.32339960577849364
thetao,W40p0,6,5,0.32316253659338195,0.32316253659338195
so,W30p0,1,7,-0.32308899211051856,0.32308899211051856
thetao,W20p0,2,16,-0.322962395827258,0.322962395827258
so,W40p0,1,0,0.32067472578785244,0.32067472578785244
so,W20p0,7,16,0.32021774930544644,0.32021774930544644
so,W30p0,1,12,-0.3195842345294847,0.3195842345294847
thetao,W10p0,7,5,0.319436686699071,0.319436686699071
so,W10p0,4,6,-0.3170346852776045,0.3170346852776045
so,W20p0,10,17,0.31674465306174876,0.31674465306174876
thetao,W10p0,2,14,0.3164528972025103,0.3164528972025103
thetao,W30p0,1,13,-0.3160362435534253,0.3160362435534253
thetao,W30p0,4,1,0.3153177382475703,0.3153177382475703
thetao,W20p0,1,6,0.3137544029469814,0.3137544029469814
so,W30p0,1,6,-0.31363730180576943,0.31363730180576943
thetao,W30p0,4,4,0.3136341585874434,0.3136341585874434
thetao,W30p0,7,5,-0.3135591533829775,0.3135591533829775
so,W30p0,5,14,0.31268125172532324,0.31268125172532324
so,W60p0,8,1,0.3125821017205399,0.3125821017205399
thetao,W30p0,8,11,-0.31237935711224935,0.31237935711224935
thetao,W30p0,8,6,-0.3115971030157567,0.3115971030157567
thetao,W40p0,4,14,0.3113611574445482,0.3113611574445482
so,W40p0,7,0,-0.3099290671310276,0.3099290671310276
thetao,W20p0,1,19,-0.309630833207114,0.309630833207114
so,W30p0,1,11,-0.3094872664921555,0.3094872664921555
thetao,W40p0,4,11,0.3080693653628016,0.3080693653628016
thetao,W30p0,1,10,-0.3080660851111869,0.3080660851111869
thetao,W30p0,2,20,-0.3077747201841791,0.3077747201841791
thetao,W20p0,2,11,-0.3077729404266212,0.3077729404266212
thetao,W10p0,6,1,-0.3066819217091056,0.3066819217091056
so,W20p0,5,16,-0.3062767713966199,0.3062767713966199
thetao,W40p0,6,1,0.3058283185801213,0.3058283185801213
thetao,W60p0,5,17,-0.3046387359193922,0.3046387359193922
thetao,W10p0,2,12,0.3042283317130983,0.3042283317130983
thetao,W60p0,2,7,-0.30334050732450735,0.30334050732450735
thetao,W30p0,8,8,-0.30266302544026713,0.30266302544026713
thetao,W10p0,7,15,-0.30201164307457695,0.30201164307457695
so,W10p0,4,0,-0.30105259887414,0.30105259887414
thetao,W10p0,7,13,-0.2998230310911507,0.2998230310911507
so,W10p0,5,10,0.2997548815827491,0.2997548815827491
so,W20p0,5,5,0.2996539930558766,0.2996539930558766
thetao,W30p0,4,0,0.2986554697836597,0.2986554697836597
so,W60p0,5,12,0.2984493862759477,0.2984493862759477
so,W40p0,6,10,-0.2979364847649652,0.2979364847649652
so,W60p0,1,11,0.29714971885385266,0.29714971885385266
thetao,W20p0,8,0,-0.2968509922292349,0.2968509922292349
so,W20p0,10,15,0.2968406614714409,0.2968406614714409
thetao,W10p0,10,6,0.2968058369591218,0.2968058369591218
thetao,W40p0,4,15,0.2965229807494639,0.2965229807494639
so,W40p0,5,18,0.2960903512487737,0.2960903512487737
thetao,W20p0,2,12,-0.29578051266502975,0.29578051266502975
thetao,W10p0,7,4,0.2946170939040264,0.2946170939040264
so,W10p0,5,8,0.29357951445703834,0.29357951445703834
thetao,W60p0,5,9,-0.2933974273059077,0.2933974273059077
thetao,W60p0,2,4,-0.29051137919342435,0.29051137919342435
so,W60p0,8,0,0.2897888891940796,0.2897888891940796
thetao,W10p0,2,11,0.2896061173400243,0.2896061173400243
thetao,W60p0,2,5,-0.2884889615632624,0.2884889615632624
so,W60p0,2,5,-0.28750707608231285,0.28750707608231285
so,W40p0,3,3,-0.2873327646422965,0.2873327646422965
thetao,W60p0,10,6,0.2868393624599153,0.2868393624599153
thetao,W30p0,6,0,0.28557854505879227,0.28557854505879227
thetao,W10p0,2,10,0.2853754977397037,0.2853754977397037
so,W20p0,7,18,0.2846410471464811,0.2846410471464811
thetao,W20p0,2,10,-0.2844741446108681,0.2844741446108681
so,W60p0,2,8,-0.28436805141699617,0.28436805141699617
thetao,W10p0,9,20,-0.2830079472195294,0.2830079472195294
thetao,W30p0,7,9,-0.2827403720527929,0.2827403720527929
thetao,W10p0,3,13,-0.2819877444371881,0.2819877444371881
thetao,W60p0,5,15,-0.28123732513274313,0.28123732513274313
thetao,W10p0,9,19,-0.28093125719604706,0.28093125719604706
thetao,W60p0,9,0,0.2807044877765527,0.2807044877765527
thetao,W10p0,2,16,0.28037902856278535,0.28037902856278535
thetao,W20p0,3,18,0.2798298009016527,0.2798298009016527
thetao,W10p0,2,6,0.27980415050184865,0.27980415050184865
so,W30p0,2,0,0.27977158064485497,0.27977158064485497
thetao,W40p0,4,10,0.27902132843396527,0.27902132843396527
so,W60p0,9,14,-0.27829569921083824,0.27829569921083824
so,W40p0,3,1,-0.27797356661299,0.27797356661299
so,W20p0,5,17,-0.27778651988760755,0.27778651988760755
so,W10p0,10,14,0.27700477745673613,0.27700477745673613
thetao,W10p0,10,7,0.27678603799764573,0.27678603799764573
thetao,W30p0,1,16,-0.2766766374026054,0.2766766374026054
so,W20p0,6,11,0.2765523576085741,0.2765523576085741
thetao,W60p0,5,16,-0.27641493492152824,0.27641493492152824
thetao,W20p0,1,15,-0.2760143821229645,0.2760143821229645
thetao,W20p0,1,7,0.27582098458377974,0.27582098458377974
thetao,W60p0,2,6,-0.27502818998233813,0.27502818998233813
thetao,W20p0,3,17,0.2750125673385496,0.2750125673385496
so,W60p0,9,13,-0.2747932442096081,0.2747932442096081
thetao,W20p0,2,17,-0.2746135624104567,0.2746135624104567
so,W20p0,4,4,0.27449975440899455,0.27449975440899455
so,W30p0,5,10,0.27395956068017296,0.27395956068017296
thetao,W60p0,5,14,-0.2736913144034526,0.2736913144034526
so,W10p0,7,16,0.2733810157877785,0.2733810157877785
thetao,W40p0,1,0,0.2728726345215791,0.2728726345215791
thetao,W40p0,4,13,0.27272576720016684,0.27272576720016684
thetao,W10p0,2,5,0.2726937121542224,0.2726937121542224
thetao,W10p0,7,14,-0.2724707424415293,0.2724707424415293
thetao,W60p0,8,13,-0.27236271935870326,0.27236271935870326
thetao,W30p0,2,0,-0.27231533477885106,0.27231533477885106
thetao,W10p0,7,6,0.2723125421509055,0.2723125421509055
so,W40p0,5,17,0.272209734187474,0.272209734187474
so,W10p0,4,7,-0.2721640315935924,0.2721640315935924
so,W60p0,5,13,0.2714720558626889,0.2714720558626889
so,W20p0,6,10,0.2709959063522636,0.2709959063522636
thetao,W10p0,2,13,0.270547697864097,0.270547697864097
so,W30p0,4,18,-0.2690741705661318,0.2690741705661318
so,W60p0,2,9,-0.2689177994468563,0.2689177994468563
so,W30p0,7,11,0.26841902018367364,0.26841902018367364
so,W10p0,5,14,0.2682627910060855,0.2682627910060855
thetao,W60p0,5,18,-0.26806547971046996,0.26806547971046996
so,W20p0,6,9,0.267735624939441,0.267735624939441
thetao,W60p0,4,12,-0.26736541589833007,0.26736541589833007
so,W30p0,10,4,-0.26714306951166006,0.26714306951166006
thetao,W10p0,10,9,0.2668128472108272,0.2668128472108272
so,W20p0,7,14,0.2664898903197168,0.2664898903197168
so,W60p0,4,10,0.266395479786573,0.266395479786573
thetao,W10p0,3,11,-0.26625320271066666,0.26625320271066666
so,W40p0,2,0,0.26546876207797,0.26546876207797
thetao,W10p0,8,5,-0.26486298589956425,0.26486298589956425
thetao,W30p0,2,19,-0.26454625821040434,0.26454625821040434
thetao,W10p0,2,15,0.2644827596230203,0.2644827596230203
so,W60p0,9,16,-0.26431933121705875,0.26431933121705875
so,W10p0,5,13,0.26290974567024145,0.26290974567024145
thetao,W10p0,6,4,-0.2627111656895019,0.2627111656895019
thetao,W40p0,4,8,0.262156686206156,0.262156686206156
so,W60p0,4,6,0.261917099107436,0.261917099107436
thetao,W20p0,1,20,-0.2617874141112859,0.2617874141112859
thetao,W40p0,4,16,0.26175653002088967,0.26175653002088967
so,W40p0,9,0,-0.26170988864702704,0.26170988864702704
thetao,W40p0,4,17,0.26034819424430783,0.26034819424430783
thetao,W60p0,2,8,-0.25966972170244335,0.25966972170244335
thetao,W20p0,3,13,0.25882995093601885,0.25882995093601885
thetao,W30p0,1,9,-0.2588110614943039,0.2588110614943039
thetao,W10p0,8,6,-0.25830714473900535,0.25830714473900535
thetao,W10p0,9,1,-0.25708183729584844,0.25708183729584844
thetao,W20p0,2,9,-0.25707579834019123,0.25707579834019123
so,W60p0,4,7,0.2565158479456092,0.2565158479456092
thetao,W40p0,6,3,0.256285339187724,0.256285339187724
so,W60p0,1,12,0.2558936575425956,0.2558936575425956
thetao,W10p0,5,1,0.25568571072837265,0.25568571072837265
so,W30p0,5,15,0.25535714563313444,0.25535714563313444
thetao,W40p0,5,4,-0.25527449465533003,0.25527449465533003
thetao,W40p0,5,5,-0.25508373882600743,0.25508373882600743
so,W30p0,6,1,-0.2549363795582695,0.2549363795582695
so,W10p0,5,12,0.25428699335808924,0.25428699335808924
so,W30p0,7,0,0.25394994122713455,0.25394994122713455
so,W60p0,2,7,-0.2537243555294282,0.2537243555294282
thetao,W60p0,3,7,0.25320968095409396,0.25320968095409396
so,W40p0,5,12,-0.25310776750156366,0.25310776750156366
so,W40p0,6,9,-0.2530153380794419,0.2530153380794419
so,W10p0,1,14,-0.2529278498320505,0.2529278498320505
thetao,W10p0,7,7,0.25275652338896465,0.25275652338896465
thetao,W40p0,9,1,0.252695290664275,0.252695290664275
thetao,W40p0,6,7,0.2526670710176817,0.2526670710176817
thetao,W40p0,6,9,0.2522686777043564,0.2522686777043564
thetao,W10p0,8,4,-0.25176160179352824,0.25176160179352824
so,W40p0,5,5,-0.2514945678783148,0.2514945678783148
thetao,W40p0,1,14,-0.2512726186943854,0.2512726186943854
so,W20p0,5,2,0.2512384029091517,0.2512384029091517
thetao,W40p0,4,0,-0.25062154713626345,0.25062154713626345
thetao,W30p0,1,0,0.25049269149987,0.25049269149987
so,W60p0,5,14,0.2504009226862363,0.2504009226862363
so,W60p0,9,15,-0.250257026912907,0.250257026912907
thetao,W60p0,5,8,-0.24990763325587295,0.24990763325587295
so,W10p0,10,17,0.24964128236588243,0.24964128236588243
so,W40p0,9,14,0.2492382725805894,0.2492382725805894
thetao,W10p0,6,2,-0.248367074336357,0.248367074336357
thetao,W60p0,10,1,0.2479809503294332,0.2479809503294332
thetao,W10p0,6,5,-0.24781640317835874,0.24781640317835874
thetao,W10p0,5,15,-0.24779169530048675,0.24779169530048675
so,W40p0,2,1,0.2476208285171441,0.2476208285171441
thetao,W20p0,7,15,0.2467771783603556,0.2467771783603556
thetao,W40p0,6,10,0.24633455880643995,0.24633455880643995
thetao,W20p0,7,5,0.24615771538978537,0.24615771538978537
so,W30p0,4,17,-0.24601563826752224,0.24601563826752224
thetao,W40p0,10,10,-0.24598985016017316,0.24598985016017316
so,W20p0,10,18,0.245843397233316,0.245843397233316
thetao,W40p0,9,2,0.24572578657444594,0.24572578657444594
thetao,W30p0,2,18,-0.24558429065258863,0.24558429065258863
so,W10p0,4,8,-0.2452240502632896,0.2452240502632896
thetao,W30p0,2,17,-0.24503609317163816,0.24503609317163816
so,W10p0,5,9,0.24474149732346726,0.24474149732346726
so,W40p0,6,8,-0.24470287225076628,0.24470287225076628
so,W40p0,6,11,-0.2446253340262491,0.2446253340262491
thetao,W60p0,3,8,0.24457196036849232,0.24457196036849232
thetao,W10p0,10,8,0.24435336342736425,0.24435336342736425
so,W20p0,5,7,0.24422868891063546,0.24422868891063546
thetao,W40p0,1,15,-0.24422503949279264,0.24422503949279264
thetao,W30p0,3,18,-0.24364748240838552,0.24364748240838552
so,W60p0,8,19,-0.2435444426342597,0.2435444426342597
thetao,W10p0,2,17,0.2428414867633522,0.2428414867633522
thetao,W20p0,7,14,0.24280330584415014,0.24280330584415014
thetao,W20p0,3,12,0.2427210278138917,0.2427210278138917
thetao,W10p0,5,2,0.24250964052765475,0.24250964052765475
so,W30p0,1,15,-0.24144553741050975,0.24144553741050975
so,W40p0,5,6,-0.24136378327417665,0.24136378327417665
so,W10p0,5,11,0.24089540674923163,0.24089540674923163
thetao,W10p0,10,10,0.24060021997322897,0.24060021997322897
thetao,W30p0,4,5,0.2403131281385938,0.2403131281385938
so,W20p0,6,12,0.2401062903520251,0.2401062903520251
so,W20p0,5,3,0.23969901528256046,0.23969901528256046
thetao,W30p0,3,19,-0.23947560507142956,0.23947560507142956
thetao,W60p0,3,9,0.23933566195601447,0.23933566195601447
so,W40p0,3,4,-0.23916202536844366,0.23916202536844366
thetao,W10p0,8,3,-0.23890067025965683,0.23890067025965683
thetao,W60p0,10,4,0.23885289787239672,0.23885289787239672
thetao,W60p0,4,11,-0.23878965831166063,0.23878965831166063
so,W40p0,5,2,-0.2387499742806206,0.2387499742806206
thetao,W40p0,6,6,0.23872859123878246,0.23872859123878246
thetao,W30p0,8,13,-0.23830854075230043,0.23830854075230043
thetao,W10p0,3,16,-0.2382930145308276,0.2382930145308276
thetao,W10p0,9,3,-0.23818387419896525,0.23818387419896525
thetao,W10p0,3,10,-0.23794753525318307,0.23794753525318307
so,W40p0,1,15,-0.2379170343514425,0.2379170343514425
so,W60p0,6,13,0.23788280462805586,0.23788280462805586
thetao,W60p0,7,13,0.23778150999167696,0.23778150999167696
thetao,W30p0,9,20,-0.2376035500686252,0.2376035500686252
so,W10p0,1,12,-0.23745133949808678,0.23745133949808678
so,W20p0,4,3,0.23739943691087875,0.23739943691087875
so,W20p0,5,6,0.23702112765345495,0.23702112765345495
so,W30p0,4,7,0.23697573528133392,0.23697573528133392
so,W40p0,4,2,-0.23681495824772772,0.23681495824772772
thetao,W20p0,2,8,-0.23674523588379814,0.23674523588379814
so,W10p0,4,9,-0.2363078720589313,0.2363078720589313
so,W30p0,1,13,-0.23629009046782715,0.23629009046782715
so,W30p0,10,5,-0.23591761635212383,0.23591761635212383
thetao,W10p0,9,2,-0.23586640500848355,0.23586640500848355
thetao,W30p0,3,3,0.23544233707536796,0.23544233707536796
thetao,W10p0,3,12,-0.2347161782083875,0.2347161782083875
so,W30p0,1,14,-0.2341266030883223,0.2341266030883223
thetao,W60p0,3,4,0.23379954800461353,0.23379954800461353
thetao,W60p0,4,13,-0.2333233922848335,0.2333233922848335
so,W40p0,1,14,-0.2331230628324841,0.2331230628324841
so,W40p0,5,7,-0.23310355570488162,0.23310355570488162
thetao,W40p0,5,3,-0.23307478406684767,0.23307478406684767
so,W20p0,4,1,0.23277698801323368,0.23277698801323368
so,W40p0,6,2,-0.23241901361506379,0.23241901361506379
so,W60p0,9,9,-0.2321574257847461,0.2321574257847461
thetao,W30p0,3,4,0.23182410548390955,0.23182410548390955
thetao,W30p0,5,12,0.2316882385469549,0.2316882385469549
so,W10p0,9,20,-0.23160420194139608,0.23160420194139608
thetao,W20p0,3,0,-0.23151871031110297,0.23151871031110297
so,W30p0,2,20,0.23080026472167334,0.23080026472167334
thetao,W10p0,5,16,-0.2304663361152675,0.2304663361152675
so,W60p0,9,1,0.2303419425496222,0.2303419425496222
thetao,W20p0,8,3,-0.23029600440943368,0.23029600440943368
so,W10p0,1,15,-0.23021210133266257,0.23021210133266257
thetao,W40p0,4,1,-0.22996233784205333,0.22996233784205333
so,W20p0,10,14,0.22988255106399402,0.22988255106399402
thetao,W40p0,10,11,-0.22944894227691398,0.22944894227691398
so,W10p0,10,4,-0.22936144724673801,0.22936144724673801
so,W10p0,7,0,-0.22917663351689765,0.22917663351689765
thetao,W60p0,10,2,0.22871061862322306,0.22871061862322306
thetao,W40p0,6,8,0.22865834488140446,0.22865834488140446
thetao,W40p0,1,16,-0.2286019136855921,0.2286019136855921
so,W30p0,7,12,0.22858191475563944,0.22858191475563944
thetao,W40p0,6,4,0.22851589529778998,0.22851589529778998
so,W10p0,9,1,0.22825614562799826,0.22825614562799826
thetao,W60p0,2,9,-0.22794056070120844,0.22794056070120844
thetao,W20p0,3,3,-0.22760778088849673,0.22760778088849673
so,W20p0,10,16,0.22748344863836995,0.22748344863836995
so,W60p0,8,8,0.22748279205320746,0.22748279205320746
so,W40p0,2,3,0.22746786756384543,0.22746786756384543
so,W60p0,5,11,0.22740202342108154,0.22740202342108154
thetao,W10p0,8,7,-0.22739453604338214,0.22739453604338214
so,W60p0,10,5,-0.22700536085630194,0.22700536085630194
thetao,W40p0,3,4,0.22672319106910005,0.22672319106910005
thetao,W60p0,7,12,0.2265241685707081,0.2265241685707081
so,W40p0,4,4,-0.2263683081333853,0.2263683081333853
so,W40p0,4,13,0.22620378041838915,0.22620378041838915
thetao,W60p0,8,14,-0.22614568629109585,0.22614568629109585
so,W40p0,2,2,0.2261286744341971,0.2261286744341971
so,W30p0,9,1,0.2260725346024951,0.2260725346024951
thetao,W20p0,1,8,0.22573246368848277,0.22573246368848277
thetao,W10p0,5,14,-0.22568057346178733,0.22568057346178733
so,W10p0,7,3,-0.2256421746701945,0.2256421746701945
so,W10p0,1,13,-0.22561946882062558,0.22561946882062558
thetao,W40p0,4,12,0.22546987719755185,0.22546987719755185
so,W40p0,10,15,0.22508924774836253,0.22508924774836253
thetao,W10p0,8,2,-0.2248118501154057,0.2248118501154057
thetao,W10p0,10,5,0.22459730793996885,0.22459730793996885
thetao,W40p0,9,0,0.22447948012163266,0.22447948012163266
thetao,W10p0,5,17,-0.22447235644698252,0.22447235644698252
thetao,W40p0,5,1,-0.22427877842718255,0.22427877842718255
so,W20p0,3,2,-0.22427164495828433,0.22427164495828433
so,W40p0,10,14,0.22407111677348338,0.22407111677348338
thetao,W20p0,8,1,-0.22327513762263684,0.22327513762263684
thetao,W60p0,3,5,0.22241350937170765,0.22241350937170765
so,W40p0,5,9,-0.22217210252283726,0.22217210252283726
so,W60p0,2,4,-0.2220136512358078,0.2220136512358078
thetao,W10p0,6,15,-0.22200785515351748,0.22200785515351748
so,W60p0,5,15,0.22175764107062498,0.22175764107062498
thetao,W40p0,4,9,0.22175740817449083,0.22175740817449083
thetao,W20p0,3,11,0.2215123735089355,0.2215123735089355
thetao,W10p0,8,14,-0.221469351198098,0.221469351198098
thetao,W30p0,3,20,-0.22114183620271846,0.22114183620271846
thetao,W30p0,8,18,0.22112863314574338,0.22112863314574338
thetao,W30p0,3,17,-0.22104815744657327,0.22104815744657327
so,W10p0,10,15,0.22045147700090995,0.22045147700090995
thetao,W30p0,9,18,-0.22028071754539538,0.22028071754539538
so,W10p0,10,2,-0.21968806929436369,0.21968806929436369
thetao,W30p0,7,2,-0.21879432404964522,0.21879432404964522
thetao,W30p0,7,10,-0.21876773388030585,0.21876773388030585
thetao,W10p0,7,18,-0.2178866257519621,0.2178866257519621
thetao,W30p0,6,1,0.21787015562344342,0.21787015562344342
so,W10p0,7,2,-0.2173820214650365,0.2173820214650365
thetao,W60p0,8,20,-0.217315375596656,0.217315375596656
thetao,W10p0,8,8,-0.21730173694823182,0.21730173694823182
so,W40p0,3,2,-0.21723442115511887,0.21723442115511887
thetao,W40p0,10,12,-0.21698157373806112,0.21698157373806112
thetao,W30p0,3,5,0.21687991308569265,0.21687991308569265
thetao,W60p0,1,2,0.21675847169636864,0.21675847169636864
thetao,W30p0,4,6,0.21647188785691704,0.21647188785691704
thetao,W30p0,5,0,0.21627232855873468,0.21627232855873468
so,W40p0,1,13,-0.21619551373963816,0.21619551373963816
thetao,W30p0,6,2,0.21607706909011473,0.21607706909011473
thetao,W30p0,9,15,-0.2160386986060975,0.2160386986060975
so,W20p0,6,8,0.2152458153520695,0.2152458153520695
thetao,W40p0,5,2,-0.21504835083877055,0.21504835083877055
so,W10p0,10,3,-0.21488952716352475,0.21488952716352475
thetao,W40p0,10,9,-0.21474971786307873,0.21474971786307873
so,W20p0,5,18,-0.21419446086289104,0.21419446086289104
thetao,W40p0,1,13,-0.21418864886473743,0.21418864886473743
thetao,W20p0,1,14,-0.21399969221046852,0.21399969221046852
thetao,W30p0,6,10,-0.21388681404235163,0.21388681404235163
so,W20p0,3,12,0.21366602929562334,0.21366602929562334
thetao,W10p0,6,14,-0.2132681162863262,0.2132681162863262
thetao,W60p0,7,20,-0.21314165449769826,0.21314165449769826
thetao,W30p0,1,8,-0.21313886731290915,0.21313886731290915
so,W20p0,3,18,0.21312244580662912,0.21312244580662912
thetao,W40p0,9,18,-0.2130038654670611,0.2130038654670611
thetao,W60p0,6,15,-0.21269893535413228,0.21269893535413228
thetao,W40p0,1,1,0.21257410763130322,0.21257410763130322
thetao,W30p0,5,14,0.21197365121031433,0.21197365121031433
thetao,W30p0,6,18,0.21190523781724352,0.21190523781724352
so,W40p0,9,17,0.21183401376958252,0.21183401376958252
thetao,W30p0,8,12,-0.2115433783543449,0.2115433783543449
thetao,W30p0,5,11,0.2115229365919252,0.2115229365919252
thetao,W10p0,1,1,-0.2112606074987969,0.2112606074987969
thetao,W40p0,8,4,-0.21120325335485632,0.21120325335485632
so,W10p0,9,14,-0.21075399998987493,0.21075399998987493
so,W40p0,3,6,-0.21066296251902436,0.21066296251902436
so,W30p0,5,4,-0.20992784705047568,0.20992784705047568
thetao,W20p0,2,7,-0.20990220013535058,0.20990220013535058
thetao,W10p0,1,0,-0.2097886392824207,0.2097886392824207
thetao,W20p0,7,20,0.2096302688320773,0.2096302688320773
so,W40p0,4,14,0.20962147959007613,0.20962147959007613
so,W10p0,6,3,-0.2094457947591219,0.2094457947591219
so,W40p0,5,19,0.20940957002646085,0.20940957002646085
so,W20p0,6,13,0.20922180259400944,0.20922180259400944
so,W40p0,6,7,-0.20921368551450994,0.20921368551450994
thetao,W30p0,6,8,-0.20912379126358535,0.20912379126358535
so,W40p0,5,0,-0.20891656521076385,0.20891656521076385
thetao,W40p0,6,20,-0.2085384194918941,0.2085384194918941
so,W30p0,10,6,-0.2083919595424257,0.2083919595424257
so,W40p0,2,4,0.20773885601218342,0.20773885601218342
thetao,W40p0,10,8,-0.2077087203493809,0.2077087203493809
thetao,W20p0,3,19,0.20727228829810354,0.20727228829810354
thetao,W10p0,1,2,-0.20684133177056685,0.20684133177056685
thetao,W60p0,1,1,0.206222096084313,0.206222096084313
thetao,W40p0,8,5,-0.20614665099287732,0.20614665099287732
so,W20p0,5,8,0.2060939951859274,0.2060939951859274
so,W40p0,1,16,-0.20602091036571613,0.20602091036571613
so,W60p0,4,20,-0.20551821198789594,0.20551821198789594
so,W20p0,6,0,0.20523118039774668,0.20523118039774668
so,W40p0,9,8,0.2051144614541422,0.2051144614541422
so,W20p0,6,7,0.20507319928656992,0.20507319928656992
so,W20p0,3,20,0.20490891099694933,0.20490891099694933
thetao,W40p0,7,1,0.20424301434460085,0.20424301434460085
thetao,W30p0,9,14,-0.20407289361174655,0.20407289361174655
so,W20p0,3,13,0.20350266621023813,0.20350266621023813
so,W30p0,4,19,-0.20326279507384962,0.20326279507384962
so,W30p0,10,7,-0.20311130750181455,0.20311130750181455
thetao,W30p0,3,6,0.2030244429784828,0.2030244429784828
thetao,W20p0,1,0,0.20294987680814514,0.20294987680814514
thetao,W40p0,9,12,-0.20293293376052526,0.20293293376052526
so,W40p0,4,1,-0.20283212232898692,0.20283212232898692
thetao,W10p0,7,3,0.20272926113898176,0.20272926113898176
so,W40p0,5,11,-0.20268647884769808,0.20268647884769808
thetao,W60p0,4,19,-0.2026764653852449,0.2026764653852449
thetao,W40p0,6,12,0.20262177926287234,0.20262177926287234
thetao,W10p0,5,19,-0.2026188861493113,0.2026188861493113
thetao,W60p0,5,7,-0.20257115475633128,0.20257115475633128
thetao,W10p0,7,12,-0.20234786485980982,0.20234786485980982
so,W20p0,4,5,0.2014374182578835,0.2014374182578835
thetao,W10p0,3,17,-0.20136915689330798,0.20136915689330798
thetao,W30p0,3,2,0.2013092730839948,0.2013092730839948
so,W30p0,10,19,0.2012469111380333,0.2012469111380333
so,W20p0,7,3,-0.201183309218562,0.201183309218562
thetao,W40p0,1,17,-0.20107223925578813,0.20107223925578813
thetao,W20p0,7,6,0.20099139531600024,0.20099139531600024
so,W10p0,10,5,-0.20093383605404788,0.20093383605404788
so,W40p0,6,5,-0.20086715775462957,0.20086715775462957
so,W40p0,4,12,0.2007947693319937,0.2007947693319937
thetao,W40p0,9,16,-0.20045276610098672,0.20045276610098672
so,W60p0,10,10,-0.20043046490275912,0.20043046490275912
thetao,W10p0,8,0,-0.20024850159556826,0.20024850159556826
thetao,W60p0,4,18,-0.19959254077704763,0.19959254077704763
so,W20p0,4,2,0.19959037197838514,0.19959037197838514
so,W10p0,7,19,0.199313326522054,0.199313326522054
thetao,W60p0,2,10,-0.19888634294371194,0.19888634294371194
so,W30p0,7,9,0.19878451307475664,0.19878451307475664
so,W30p0,1,3,-0.1982200852239767,0.1982200852239767
so,W40p0,1,12,-0.19820487146735094,0.19820487146735094
thetao,W40p0,8,6,-0.1977017099066044,0.1977017099066044
thetao,W40p0,4,7,0.19770140500375996,0.19770140500375996
so,W60p0,9,7,-0.1974928848976315,0.1974928848976315
so,W10p0,7,18,0.19740781288655737,0.19740781288655737
thetao,W40p0,7,2,0.19738550293219964,0.19738550293219964
thetao,W30p0,2,5,0.19738083014969146,0.19738083014969146
so,W30p0,5,1,-0.197318945843965,0.197318945843965
thetao,W30p0,7,4,-0.19722394392258144,0.19722394392258144
thetao,W10p0,2,4,0.19717490271263052,0.19717490271263052
thetao,W40p0,1,2,0.19708514669564028,0.19708514669564028
thetao,W30p0,6,9,-0.1968383336821725,0.1968383336821725
so,W40p0,4,11,0.1964463461564244,0.1964463461564244
thetao,W20p0,2,6,-0.1964159652209242,0.1964159652209242
so,W20p0,7,2,-0.19636576828419341,0.19636576828419341
so,W20p0,5,20,-0.1960806458285638,0.1960806458285638
thetao,W40p0,2,7,-0.19601167516654908,0.19601167516654908
thetao,W20p0,7,7,0.1958314938232719,0.1958314938232719
thetao,W40p0,3,5,0.19564074917834523,0.19564074917834523
so,W30p0,8,20,0.19557914957430786,0.19557914957430786
so,W30p0,5,16,0.1955303615717724,0.1955303615717724
so,W40p0,7,1,-0.1953065383330853,0.1953065383330853
so,W40p0,5,3,-0.1951647462228761,0.1951647462228761
so,W10p0,9,11,-0.19501243130177623,0.19501243130177623
thetao,W60p0,10,3,0.19496143468568763,0.19496143468568763
thetao,W60p0,1,14,-0.19449107527378426,0.19449107527378426
thetao,W40p0,10,13,-0.1944053333721705,0.1944053333721705
so,W40p0,5,13,-0.19432716449884066,0.19432716449884066
so,W60p0,2,14,0.19427684037910314,0.19427684037910314
thetao,W10p0,5,18,-0.1939650137399746,0.1939650137399746
thetao,W40p0,9,3,0.1938631943855629,0.1938631943855629
thetao,W30p0,5,13,0.1938076929651482,0.1938076929651482
so,W60p0,8,18,-0.19311456878051642,0.19311456878051642
thetao,W30p0,4,15,-0.19288355407490115,0.19288355407490115
thetao,W20p0,3,2,-0.1928192320581906,0.1928192320581906
thetao,W30p0,9,17,-0.19280173306378376,0.19280173306378376
so,W30p0,3,0,0.19260049578343125,0.19260049578343125
thetao,W40p0,3,6,0.19254221852573208,0.19254221852573208
so,W20p0,3,17,0.1924891197544862,0.1924891197544862
so,W20p0,5,0,0.19232327093173612,0.19232327093173612
thetao,W30p0,2,16,-0.19201024933042457,0.19201024933042457
thetao,W20p0,8,2,-0.1909784356657501,0.1909784356657501
thetao,W60p0,8,12,-0.1909142287498683,0.1909142287498683
thetao,W30p0,8,19,0.19087146623310558,0.19087146623310558
thetao,W30p0,9,19,-0.1908147308069218,0.1908147308069218
so,W30p0,6,2,-0.19077580076524633,0.19077580076524633
thetao,W10p0,8,11,-0.1905694914415597,0.1905694914415597
so,W10p0,7,1,-0.19056805252883863,0.19056805252883863
so,W10p0,10,13,0.19040485926495374,0.19040485926495374
so,W30p0,6,4,-0.19023532233798068,0.19023532233798068
thetao,W60p0,6,14,-0.1899831994503911,0.1899831994503911
so,W30p0,4,5,0.18986630429369533,0.18986630429369533
thetao,W10p0,8,1,-0.1896392781301464,0.1896392781301464
so,W40p0,2,5,0.18952678010902166,0.18952678010902166
thetao,W60p0,3,10,0.18929978269159226,0.18929978269159226
thetao,W20p0,3,20,0.18926371371545012,0.18926371371545012
thetao,W40p0,8,20,0.1892115305680515,0.1892115305680515
thetao,W10p0,8,10,-0.18917628035963943,0.18917628035963943
thetao,W30p0,2,4,0.18909890351819153,0.18909890351819153
thetao,W30p0,10,12,0.18880675223084645,0.18880675223084645
thetao,W40p0,9,15,-0.18878322168140993,0.18878322168140993
so,W60p0,6,14,0.18873330863656576,0.18873330863656576
thetao,W40p0,6,11,0.18870102340184663,0.18870102340184663
thetao,W20p0,6,1,0.18855373246944818,0.18855373246944818
thetao,W60p0,2,11,-0.18833782587890266,0.18833782587890266
thetao,W40p0,8,8,-0.18826449164021322,0.18826449164021322
thetao,W10p0,8,9,-0.1881812738799683,0.1881812738799683
so,W40p0,4,17,0.1876044662315082,0.1876044662315082
so,W10p0,9,19,-0.1875131940424021,0.1875131940424021
thetao,W10p0,3,7,-0.1874822447447334,0.1874822447447334
thetao,W20p0,3,4,-0.18746009535081945,0.18746009535081945
thetao,W60p0,5,1,0.18688354871788265,0.18688354871788265
so,W30p0,1,2,-0.18663733820779888,0.18663733820779888
thetao,W60p0,4,10,-0.18649785890486933,0.18649785890486933
thetao,W60p0,7,10,0.18644404304948525,0.18644404304948525
so,W40p0,10,13,0.18622022789770612,0.18622022789770612
thetao,W40p0,9,9,-0.1860798371353035,0.1860798371353035
so,W60p0,8,9,0.18607834961638403,0.18607834961638403
so,W20p0,7,5,-0.18592111683758913,0.18592111683758913
thetao,W30p0,4,16,-0.18567264230303376,0.18567264230303376
thetao,W60p0,4,14,-0.1855133203253446,0.1855133203253446
so,W30p0,5,3,-0.18543532020326858,0.18543532020326858
thetao,W60p0,7,2,0.18531292413211237,0.18531292413211237
thetao,W60p0,10,7,0.18495405052245584,0.18495405052245584
thetao,W40p0,2,8,-0.18493636326657278,0.18493636326657278
thetao,W30p0,6,11,-0.18463018541932333,0.18463018541932333
so,W40p0,5,20,0.18461182822535735,0.18461182822535735
thetao,W40p0,8,7,-0.18460039757093108,0.18460039757093108
so,W30p0,7,8,0.18444170224447665,0.18444170224447665
thetao,W60p0,6,16,-0.18436455563705176,0.18436455563705176
thetao,W30p0,1,17,-0.18427688229402006,0.18427688229402006
so,W20p0,3,11,0.18414566029237758,0.18414566029237758
thetao,W40p0,2,9,-0.18354575141800789,0.18354575141800789
thetao,W60p0,9,20,-0.18322715930271677,0.18322715930271677
so,W30p0,7,13,0.18313225633909563,0.18313225633909563
so,W40p0,5,10,-0.18310276448995935,0.18310276448995935
thetao,W60p0,3,6,0.18306732733356862,0.18306732733356862
thetao,W30p0,3,16,-0.18305691023689247,0.18305691023689247
thetao,W10p0,6,12,-0.18295400379354798,0.18295400379354798
thetao,W60p0,7,11,0.18293071791018575,0.18293071791018575
thetao,W40p0,8,18,0.18244158319412038,0.18244158319412038
thetao,W40p0,2,10,-0.18241202733902717,0.18241202733902717
so,W20p0,3,3,-0.18237042004072734,0.18237042004072734
so,W60p0,5,8,0.18221708624842314,0.18221708624842314
thetao,W30p0,9,16,-0.18183612964385476,0.18183612964385476
thetao,W60p0,4,20,-0.1814482271880082,0.1814482271880082
so,W40p0,6,1,-0.18127619127072075,0.18127619127072075
so,W60p0,5,17,0.18098065935864413,0.18098065935864413
so,W10p0,1,11,-0.18096148941465193,0.18096148941465193
thetao,W60p0,4,17,-0.18061110795867402,0.18061110795867402
so,W60p0,4,5,0.18048572325127057,0.18048572325127057
so,W20p0,3,14,0.18042374702098157,0.18042374702098157
so,W40p0,10,17,0.1801451565618238,0.1801451565618238
thetao,W10p0,9,18,-0.1800510641531815,0.1800510641531815
so,W10p0,2,0,-0.1799510366642409,0.1799510366642409
so,W10p0,7,17,0.17986077783793764,0.17986077783793764
thetao,W60p0,1,13,-0.17974041174351496,0.17974041174351496
thetao,W20p0,7,18,0.17920757857717518,0.17920757857717518
so,W30p0,6,0,-0.1791800760670406,0.1791800760670406
so,W60p0,7,8,-0.1787275901736576,0.1787275901736576
so,W30p0,4,6,0.1782416794993617,0.1782416794993617
thetao,W40p0,5,6,-0.17772037373105723,0.17772037373105723
thetao,W60p0,1,0,0.1776444205306121,0.1776444205306121
thetao,W10p0,2,20,0.1774937263081715,0.1774937263081715
so,W40p0,9,9,0.17702829036810608,0.17702829036810608
thetao,W20p0,4,4,0.17696745057875268,0.17696745057875268
thetao,W20p0,3,1,-0.1769388721372838,0.1769388721372838
so,W20p0,8,3,-0.17668341408370014,0.17668341408370014
so,W30p0,7,14,0.1766485610039527,0.1766485610039527
thetao,W20p0,6,5,0.17630614761954122,0.17630614761954122
thetao,W20p0,10,17,-0.1762680993985067,0.1762680993985067
thetao,W60p0,7,14,0.1762495097914117,0.1762495097914117
so,W40p0,5,4,-0.17569956794194114,0.17569956794194114
so,W10p0,9,8,-0.17561532923064302,0.17561532923064302
thetao,W10p0,3,8,-0.1754208654073063,0.1754208654073063
thetao,W30p0,3,1,0.17535641350581943,0.17535641350581943
thetao,W10p0,3,0,0.17511026788903927,0.17511026788903927
so,W30p0,10,18,0.17506185366502464,0.17506185366502464
thetao,W60p0,3,11,0.1749383252058103,0.1749383252058103
thetao,W10p0,6,11,-0.1748433791376172,0.1748433791376172
thetao,W60p0,9,1,0.1747858135650458,0.1747858135650458
so,W40p0,2,6,0.17424851881039452,0.17424851881039452
so,W40p0,9,7,0.1741301355273092,0.1741301355273092
so,W60p0,8,5,0.1740561714009775,0.1740561714009775
so,W60p0,2,6,-0.17395216081461165,0.17395216081461165
thetao,W30p0,10,11,0.17393245440004068,0.17393245440004068
thetao,W40p0,9,17,-0.17385839396083433,0.17385839396083433
so,W60p0,10,13,-0.17384353451173312,0.17384353451173312
thetao,W40p0,2,6,-0.1737343514562406,0.1737343514562406
so,W20p0,7,4,-0.17371915883036357,0.17371915883036357
thetao,W60p0,9,14,-0.173608659379861,0.173608659379861
so,W10p0,1,16,-0.17351739595619453,0.17351739595619453
so,W40p0,5,8,-0.17347248298776552,0.17347248298776552
thetao,W60p0,5,2,0.1734544112224351,0.1734544112224351
so,W20p0,6,2,0.17343603612823422,0.17343603612823422
thetao,W40p0,8,19,0.17304689243710422,0.17304689243710422
thetao,W10p0,10,11,0.1728822467052146,0.1728822467052146
thetao,W10p0,8,15,-0.1727737246959708,0.1727737246959708
thetao,W40p0,2,11,-0.17274361753943443,0.17274361753943443
so,W30p0,6,5,-0.17273293366092074,0.17273293366092074
thetao,W10p0,8,13,-0.17264881110035893,0.17264881110035893
thetao,W30p0,1,7,-0.17262421384289287,0.17262421384289287
thetao,W40p0,4,2,-0.17255556585168755,0.17255556585168755
so,W20p0,3,1,-0.17252587769610322,0.17252587769610322
so,W30p0,9,2,0.17237361190083497,0.17237361190083497
so,W40p0,10,16,0.17187347277974177,0.17187347277974177
thetao,W30p0,4,14,-0.17179388290458628,0.17179388290458628
so,W60p0,9,18,-0.17155304102708135,0.17155304102708135
so,W60p0,8,7,0.17128868082742368,0.17128868082742368
thetao,W20p0,7,12,0.17125027203500437,0.17125027203500437
thetao,W10p0,10,4,0.17087010426352123,0.17087010426352123
so,W40p0,7,2,-0.170675277703994,0.170675277703994
so,W60p0,2,2,-0.1706120050700186,0.1706120050700186
so,W60p0,7,9,-0.17057254565567245,0.17057254565567245
so,W10p0,8,20,0.17040298254809536,0.17040298254809536
so,W20p0,6,6,0.17036418765396452,0.17036418765396452
thetao,W20p0,4,20,-0.17034757921521132,0.17034757921521132
thetao,W10p0,6,3,-0.1702618913408897,0.1702618913408897
so,W10p0,4,10,-0.1701397873850731,0.1701397873850731
thetao,W10p0,5,13,-0.1700698185125239,0.1700698185125239
thetao,W20p0,4,2,0.16989945850437876,0.16989945850437876
so,W20p0,6,20,-0.16986857701044966,0.16986857701044966
thetao,W20p0,3,10,0.16974951308967046,0.16974951308967046
thetao,W40p0,5,0,-0.1696626987636096,0.1696626987636096
thetao,W10p0,1,3,-0.16929826195380362,0.16929826195380362
thetao,W60p0,8,16,-0.1690622493918312,0.1690622493918312
so,W40p0,5,1,-0.16900183775877678,0.16900183775877678
thetao,W30p0,5,8,0.1689856491609708,0.1689856491609708
thetao,W60p0,7,3,0.16868457108234194,0.16868457108234194
so,W60p0,4,4,0.16843015060578342,0.16843015060578342
thetao,W40p0,4,6,0.16818419843611648,0.16818419843611648
so,W40p0,9,2,-0.16758934717043852,0.16758934717043852
so,W40p0,9,16,0.16758431721171935,0.16758431721171935
thetao,W20p0,7,4,0.16724156262534315,0.16724156262534315
so,W30p0,1,16,-0.16694688520511436,0.16694688520511436
so,W60p0,9,2,0.1669321187372395,0.1669321187372395
thetao,W40p0,10,7,-0.16677504846796407,0.16677504846796407
thetao,W20p0,3,5,-0.1665838470463285,0.1665838470463285
thetao,W30p0,7,1,-0.16657404659842626,0.16657404659842626
so,W40p0,6,12,-0.16648515138161069,0.16648515138161069
so,W30p0,4,0,0.16648151956649523,0.16648151956649523
so,W60p0,10,14,-0.1664529616464911,0.1664529616464911
thetao,W10p0,4,19,-0.16641872991472922,0.16641872991472922
so,W60p0,5,3,-0.1661262776865298,0.1661262776865298
thetao,W20p0,1,13,-0.1660906635058465,0.1660906635058465
so,W20p0,9,4,0.16597985664240628,0.16597985664240628
so,W20p0,8,12,0.16558265778561054,0.16558265778561054
so,W20p0,7,13,0.1653634157665402,0.1653634157665402
thetao,W60p0,5,19,-0.16535832944481238,0.16535832944481238
thetao,W30p0,3,7,0.16474045110939756,0.16474045110939756
thetao,W30p0,7,3,-0.1647138827996156,0.1647138827996156
thetao,W10p0,7,19,-0.16427631965207423,0.16427631965207423
thetao,W10p0,7,11,-0.1639723450447678,0.1639723450447678
so,W40p0,9,15,0.16391685485758337,0.16391685485758337
thetao,W60p0,8,2,0.16369293992194953,0.16369293992194953
thetao,W20p0,4,1,0.1636351921937466,0.1636351921937466
thetao,W10p0,3,9,-0.16361804621521678,0.16361804621521678
so,W60p0,9,8,-0.16315514639948753,0.16315514639948753
thetao,W20p0,4,3,0.1627394639156379,0.1627394639156379
thetao,W20p0,1,9,0.16202970527436372,0.16202970527436372
so,W30p0,4,20,-0.16202021929441304,0.16202021929441304
thetao,W30p0,1,1,0.16169519357325873,0.16169519357325873
so,W30p0,7,7,0.16145898097934339,0.16145898097934339
thetao,W40p0,3,7,0.16127687850242428,0.16127687850242428
so,W60p0,7,7,-0.1605000605225727,0.1605000605225727
so,W20p0,3,19,0.16025718922067902,0.16025718922067902
so,W60p0,8,17,-0.16006974224937504,0.16006974224937504
thetao,W20p0,6,4,0.15999812049854836,0.15999812049854836
thetao,W60p0,5,6,-0.1598866059994735,0.1598866059994735
thetao,W30p0,7,12,-0.15986010399122863,0.15986010399122863
thetao,W10p0,5,20,-0.15935218875637167,0.15935218875637167
so,W20p0,3,5,-0.15928270525496532,0.15928270525496532
so,W60p0,10,4,-0.15928253528229253,0.15928253528229253
so,W60p0,3,19,0.15901174504546645,0.15901174504546645
so,W40p0,4,6,-0.15897107711790845,0.15897107711790845
thetao,W40p0,1,12,-0.1589642433659953,0.1589642433659953
thetao,W30p0,5,9,0.15892309003922356,0.15892309003922356
thetao,W20p0,7,16,0.158715662728062,0.158715662728062
so,W40p0,2,9,0.1583530038315852,0.1583530038315852
thetao,W60p0,2,20,-0.15818777278822507,0.15818777278822507
thetao,W60p0,6,13,-0.1581803803802721,0.1581803803802721
so,W30p0,1,0,0.15797511263030703,0.15797511263030703
thetao,W60p0,7,4,0.1578749095747141,0.1578749095747141
so,W10p0,8,0,0.15786623586176526,0.15786623586176526
thetao,W60p0,10,0,0.15785879277443648,0.15785879277443648
so,W40p0,4,15,0.15764850137315498,0.15764850137315498
so,W40p0,9,6,0.15736839921463086,0.15736839921463086
thetao,W60p0,9,15,-0.1572857753993299,0.1572857753993299
so,W60p0,8,6,0.15713774278556558,0.15713774278556558
thetao,W60p0,1,4,0.15704389327647353,0.15704389327647353
thetao,W10p0,1,5,-0.15688605246879772,0.15688605246879772
so,W20p0,1,16,-0.15683922110634124,0.15683922110634124
thetao,W20p0,9,6,0.15673502880097342,0.15673502880097342
thetao,W30p0,7,15,-0.1567281968153608,0.1567281968153608
thetao,W20p0,7,19,0.15668725310931764,0.15668725310931764
thetao,W30p0,4,18,-0.1566857272504048,0.1566857272504048
thetao,W10p0,9,15,-0.15652220732241265,0.15652220732241265
so,W40p0,10,11,0.1565153248268024,0.1565153248268024
so,W60p0,5,18,0.15606882939572742,0.15606882939572742
thetao,W30p0,8,3,-0.1558438097218867,0.1558438097218867
thetao,W40p0,9,8,-0.1555690797548938,0.1555690797548938
thetao,W60p0,2,12,-0.15554192006264778,0.15554192006264778
thetao,W30p0,6,12,-0.15553480725647262,0.15553480725647262
so,W10p0,6,10,0.15533909898301132,0.15533909898301132
thetao,W60p0,6,17,-0.15531307631831698,0.15531307631831698
thetao,W60p0,4,16,-0.1547922753700465,0.1547922753700465
thetao,W10p0,5,4,0.15478331651894597,0.15478331651894597
thetao,W40p0,9,13,-0.1546181133381978,0.1546181133381978
so,W30p0,9,10,-0.15441235813805154,0.15441235813805154
so,W20p0,1,19,-0.1542240556659578,0.1542240556659578
so,W40p0,9,13,0.15421570485004904,0.15421570485004904
so,W30p0,5,9,0.1542001798886288,0.1542001798886288
thetao,W40p0,1,3,0.15412695309913566,0.15412695309913566
thetao,W20p0,6,2,0.15410793204093265,0.15410793204093265
thetao,W10p0,7,8,0.15408706384497373,0.15408706384497373
thetao,W20p0,7,8,0.1539276479143673,0.1539276479143673
so,W30p0,5,18,0.15391488507737208,0.15391488507737208
so,W10p0,5,7,0.15378792183038723,0.15378792183038723
so,W10p0,5,17,0.1537369869402932,0.1537369869402932
thetao,W30p0,4,7,0.15369129700182943,0.15369129700182943
thetao,W60p0,3,12,0.153268313247777,0.153268313247777
so,W20p0,3,4,-0.15322762113055294,0.15322762113055294
thetao,W30p0,2,7,0.1532066552741406,0.1532066552741406
so,W60p0,2,13,0.1528580999921128,0.1528580999921128
so,W10p0,6,4,-0.15282045152693566,0.15282045152693566
thetao,W30p0,7,11,-0.15256331096490627,0.15256331096490627
thetao,W30p0,2,15,-0.15253614851474406,0.15253614851474406
thetao,W40p0,3,9,0.1525334172276567,0.1525334172276567
so,W60p0,6,11,0.15251039714427664,0.15251039714427664
thetao,W10p0,9,6,-0.15247284800746505,0.15247284800746505
so,W30p0,6,19,-0.15240198838032598,0.15240198838032598
thetao,W20p0,4,5,0.1522675830337472,0.1522675830337472
thetao,W60p0,7,19,-0.15215225959107162,0.15215225959107162
thetao,W60p0,7,5,0.15201120874378438,0.15201120874378438
so,W10p0,9,2,0.15185400868747154,0.15185400868747154
thetao,W30p0,6,7,-0.1518339923479831,0.1518339923479831
thetao,W10p0,1,4,-0.15161262261539654,0.15161262261539654
thetao,W20p0,8,15,0.15147413681151276,0.15147413681151276
so,W40p0,5,16,0.15132721853908349,0.15132721853908349
so,W30p0,4,1,0.1511225632947705,0.1511225632947705
thetao,W60p0,1,3,0.15108294708446166,0.15108294708446166
thetao,W40p0,10,5,-0.15106296354356152,0.15106296354356152
thetao,W40p0,3,18,0.1510213275951928,0.1510213275951928
thetao,W40p0,8,3,-0.15097421293848734,0.15097421293848734
so,W20p0,5,15,-0.1509409771975718,0.1509409771975718
so,W60p0,4,3,0.15081605059016787,0.15081605059016787
so,W60p0,9,17,-0.15076240900391866,0.15076240900391866
so,W60p0,8,16,-0.15060911798197923,0.15060911798197923
thetao,W10p0,8,12,-0.1504564931412254,0.1504564931412254
thetao,W30p0,8,4,-0.15044876365844304,0.15044876365844304
so,W40p0,3,5,-0.15043089399418857,0.15043089399418857
so,W60p0,4,13,0.15042428781858144,0.15042428781858144
thetao,W60p0,6,12,-0.15041799387517749,0.15041799387517749
so,W30p0,6,20,-0.1503865615872024,0.1503865615872024
thetao,W10p0,4,20,-0.15026708049532614,0.15026708049532614
thetao,W30p0,3,15,-0.1501898195810445,0.1501898195810445
thetao,W60p0,1,15,-0.15016158317479675,0.15016158317479675
thetao,W30p0,6,3,0.15007564245029753,0.15007564245029753
so,W40p0,2,7,0.14981691299088795,0.14981691299088795
so,W30p0,5,19,0.1497099010123659,0.1497099010123659
thetao,W60p0,8,1,0.14968451189452386,0.14968451189452386
thetao,W10p0,6,7,-0.14950582233801007,0.14950582233801007
so,W30p0,7,6,0.14915851413095996,0.14915851413095996
so,W40p0,3,7,-0.14888096143685872,0.14888096143685872
thetao,W20p0,6,18,0.148852236126673,0.148852236126673
so,W10p0,7,20,0.14867937513938545,0.14867937513938545
so,W30p0,1,1,-0.14839968298920353,0.14839968298920353
thetao,W60p0,7,9,0.1482962725617567,0.1482962725617567
so,W30p0,8,2,-0.1482213340858259,0.1482213340858259
thetao,W10p0,6,13,-0.1481341515824594,0.1481341515824594
so,W40p0,1,17,-0.1480435627045689,0.1480435627045689
thetao,W20p0,8,14,0.1477841833338292,0.1477841833338292
thetao,W60p0,4,15,-0.14755610873595915,0.14755610873595915
so,W60p0,2,20,0.14747545791504854,0.14747545791504854
so,W60p0,5,2,-0.14746834010368243,0.14746834010368243
so,W10p0,6,20,-0.14690822099986384,0.14690822099986384
thetao,W30p0,9,13,-0.1465164602899801,0.1465164602899801
thetao,W40p0,3,20,0.14598816945847282,0.14598816945847282
thetao,W40p0,9,14,-0.1459759435720846,0.1459759435720846
thetao,W20p0,9,7,0.14588537146489317,0.14588537146489317
so,W30p0,2,17,0.14576389139014037,0.14576389139014037
thetao,W30p0,4,17,-0.1456432637316916,0.1456432637316916
thetao,W10p0,5,0,0.145375804865012,0.145375804865012
so,W10p0,2,20,0.14534828018747717,0.14534828018747717
so,W40p0,10,8,0.14525206525763115,0.14525206525763115
thetao,W10p0,9,16,-0.14519339344069657,0.14519339344069657
so,W20p0,5,9,0.14513617225204709,0.14513617225204709
thetao,W20p0,4,19,-0.1451228883532418,0.1451228883532418
thetao,W30p0,5,15,0.14511245488982477,0.14511245488982477
so,W10p0,10,1,-0.144799211111293,0.144799211111293
thetao,W40p0,2,5,-0.1444816521269759,0.1444816521269759
thetao,W30p0,6,20,0.1443567288234658,0.1443567288234658
so,W30p0,8,5,-0.14428949126670235,0.14428949126670235
thetao,W30p0,4,19,-0.1442658603010745,0.1442658603010745
thetao,W20p0,4,7,0.1440613923007089,0.1440613923007089
so,W60p0,2,1,-0.14401581875330474,0.14401581875330474
so,W10p0,9,17,-0.1437877109852198,0.1437877109852198
thetao,W30p0,6,17,0.14372741630570035,0.14372741630570035
so,W60p0,2,3,-0.1436292561266507,0.1436292561266507
thetao,W60p0,8,15,-0.1435125123273802,0.1435125123273802
thetao,W60p0,9,18,-0.14350375627559528,0.14350375627559528
so,W20p0,7,19,0.14347149078690363,0.14347149078690363
so,W20p0,10,20,0.14338248661143074,0.14338248661143074
so,W60p0,8,20,-0.14334643580833484,0.14334643580833484
thetao,W10p0,3,18,-0.14331006377844452,0.14331006377844452
so,W60p0,2,10,-0.14323942294912329,0.14323942294912329
so,W30p0,10,8,-0.14291444665914296,0.14291444665914296
so,W10p0,3,10,-0.14288659609458074,0.14288659609458074
thetao,W30p0,4,13,-0.1426569509691231,0.1426569509691231
so,W30p0,6,18,-0.14256939908102217,0.14256939908102217
so,W20p0,5,13,-0.14251421069920073,0.14251421069920073
thetao,W20p0,2,18,-0.14249001117352236,0.14249001117352236
so,W10p0,2,1,-0.14238796105519555,0.14238796105519555
thetao,W60p0,1,5,0.1422790192676849,0.1422790192676849
thetao,W20p0,7,13,0.14224984158397544,0.14224984158397544
so,W40p0,2,8,0.14220422909677924,0.14220422909677924
so,W30p0,7,10,0.14204245242773836,0.14204245242773836
so,W20p0,10,19,0.1419423097529917,0.1419423097529917
so,W20p0,9,3,0.14191569419565428,0.14191569419565428
thetao,W60p0,9,2,0.14181123546654864,0.14181123546654864
thetao,W40p0,3,19,0.14175290556230183,0.14175290556230183
thetao,W40p0,10,6,-0.14150232915532074,0.14150232915532074
thetao,W30p0,10,6,0.14130218440110084,0.14130218440110084
so,W10p0,2,19,0.14128783902195363,0.14128783902195363
so,W60p0,4,9,0.14119921458186627,0.14119921458186627
thetao,W30p0,5,10,0.1411022259627129,0.1411022259627129
thetao,W60p0,6,11,-0.14091188409764396,0.14091188409764396
so,W60p0,1,13,0.140457243308519,0.140457243308519
thetao,W30p0,8,14,-0.14034766689815661,0.14034766689815661
so,W10p0,9,0,0.13994839619211752,0.13994839619211752
so,W30p0,4,8,0.13986373866121646,0.13986373866121646
so,W60p0,10,7,-0.13970120815164863,0.13970120815164863
so,W10p0,10,16,0.13953554340180838,0.13953554340180838
thetao,W30p0,2,6,0.13944128474546735,0.13944128474546735
thetao,W40p0,8,9,-0.13933686358451833,0.13933686358451833
thetao,W60p0,8,19,-0.13866985922086927,0.13866985922086927
thetao,W10p0,5,3,0.13865209615730054,0.13865209615730054
so,W10p0,10,6,-0.13828505331076685,0.13828505331076685
thetao,W30p0,6,19,0.1381290286135084,0.1381290286135084
thetao,W60p0,2,19,-0.13792044315917595,0.13792044315917595
so,W40p0,6,3,-0.13787194003498782,0.13787194003498782
thetao,W30p0,8,20,0.13754524207777352,0.13754524207777352
thetao,W40p0,7,5,0.13752257447733482,0.13752257447733482
thetao,W20p0,4,6,0.13743965600409197,0.13743965600409197
thetao,W60p0,10,12,-0.1374062791604317,0.1374062791604317
so,W60p0,8,15,-0.13723492315595023,0.13723492315595023
so,W60p0,9,6,-0.13713874766286668,0.13713874766286668
so,W40p0,9,12,0.1369080136234038,0.1369080136234038
so,W60p0,5,16,0.13684227943213959,0.13684227943213959
so,W30p0,2,19,0.13672601493394404,0.13672601493394404
so,W60p0,10,0,0.13670479301751737,0.13670479301751737
so,W30p0,4,4,0.13654338747578226,0.13654338747578226
so,W10p0,9,7,-0.13649404635531862,0.13649404635531862
so,W40p0,4,3,-0.13643093537004494,0.13643093537004494
thetao,W20p0,2,19,-0.13613203699519577,0.13613203699519577
so,W10p0,9,16,-0.13588976757206633,0.13588976757206633
so,W40p0,7,3,-0.13576098634341152,0.13576098634341152
thetao,W20p0,8,4,-0.13570802463383136,0.13570802463383136
so,W10p0,10,0,-0.13566361546970657,0.13566361546970657
thetao,W30p0,4,12,-0.1354351965814374,0.1354351965814374
thetao,W30p0,10,10,0.13538096961252277,0.13538096961252277
so,W30p0,4,2,0.13534947687534804,0.13534947687534804
thetao,W30p0,1,6,-0.13528056771447955,0.13528056771447955
thetao,W30p0,2,10,0.13524904623445108,0.13524904623445108
so,W40p0,9,18,0.13516273692346686,0.13516273692346686
so,W40p0,7,14,0.1350263209136538,0.1350263209136538
thetao,W60p0,7,17,-0.13457702057030907,0.13457702057030907
thetao,W40p0,1,18,-0.13449265832807325,0.13449265832807325
thetao,W60p0,1,16,-0.1343852305403361,0.1343852305403361
so,W10p0,7,4,-0.1342077314171358,0.1342077314171358
thetao,W10p0,5,5,0.13409306184888287,0.13409306184888287
thetao,W30p0,8,5,-0.1339775314415647,0.1339775314415647
thetao,W60p0,10,16,-0.1338575964489115,0.1338575964489115
thetao,W40p0,7,6,0.13379793051118913,0.13379793051118913
so,W30p0,8,19,0.13359302436182374,0.13359302436182374
so,W40p0,2,10,0.13322134650170606,0.13322134650170606
so,W60p0,6,0,-0.1321044282079794,0.1321044282079794
so,W10p0,6,15,-0.13177301314641227,0.13177301314641227
thetao,W10p0,1,6,-0.13176920106273102,0.13176920106273102
so,W60p0,7,5,-0.13173368442356106,0.13173368442356106
thetao,W20p0,6,20,0.1316100878948243,0.1316100878948243
so,W10p0,6,16,-0.1314210740875447,0.1314210740875447
so,W20p0,2,10,0.13134814029727993,0.13134814029727993
so,W40p0,9,1,-0.13130735969482,0.13130735969482
so,W40p0,8,1,-0.13126109776586287,0.13126109776586287
so,W60p0,3,20,0.13121890520383508,0.13121890520383508
so,W20p0,6,14,0.13097575061910585,0.13097575061910585
so,W60p0,10,11,-0.1309541127143052,0.1309541127143052
thetao,W40p0,9,10,-0.13094231529890663,0.13094231529890663
thetao,W10p0,10,15,-0.130663679668051,0.130663679668051
so,W20p0,7,20,0.1305609990732383,0.1305609990732383
thetao,W30p0,2,14,-0.13039825200627506,0.13039825200627506
so,W40p0,1,10,-0.13024846049148633,0.13024846049148633
thetao,W60p0,1,7,0.13003114792575474,0.13003114792575474
so,W40p0,7,16,0.129987850038332,0.129987850038332
thetao,W10p0,9,13,-0.12991562001438942,0.12991562001438942
thetao,W30p0,3,0,0.1298786809900865,0.1298786809900865
thetao,W40p0,8,10,-0.1294636631971727,0.1294636631971727
thetao,W30p0,5,16,0.12922441272877705,0.12922441272877705
thetao,W20p0,7,9,0.1289201484892155,0.1289201484892155
so,W60p0,7,10,-0.12891239997367063,0.12891239997367063
thetao,W40p0,4,18,0.1285343250094388,0.1285343250094388
so,W10p0,2,18,0.12845063988324604,0.12845063988324604
so,W30p0,4,13,0.1283336750874631,0.1283336750874631
thetao,W10p0,4,3,0.12782580836602142,0.12782580836602142
thetao,W60p0,9,19,-0.127289348708874,0.127289348708874
thetao,W10p0,10,12,0.12728591924681507,0.12728591924681507
so,W30p0,9,20,0.1270658150087209,0.1270658150087209
so,W30p0,9,9,-0.12703615901388043,0.12703615901388043
thetao,W20p0,3,6,-0.1269320261947705,0.1269320261947705
so,W20p0,10,11,0.1269190154545621,0.1269190154545621
thetao,W30p0,2,3,0.126712837510095,0.126712837510095
thetao,W10p0,2,2,0.12666442520431725,0.12666442520431725
so,W20p0,2,9,0.12646004476472064,0.12646004476472064
thetao,W40p0,2,12,-0.12633080598325164,0.12633080598325164
so,W40p0,1,11,-0.12620439458670818,0.12620439458670818
thetao,W30p0,6,13,-0.12593929744683058,0.12593929744683058
thetao,W60p0,9,13,-0.12588629021919906,0.12588629021919906
so,W60p0,4,11,0.12573799111466416,0.12573799111466416
so,W40p0,7,15,0.12570701820278324,0.12570701820278324
thetao,W30p0,5,7,0.1256192252085115,0.1256192252085115
so,W30p0,3,3,0.12547663342662327,0.12547663342662327
thetao,W60p0,10,19,-0.12545075938651193,0.12545075938651193
thetao,W40p0,9,7,-0.12542395447338622,0.12542395447338622
so,W40p0,9,11,0.12540075722220267,0.12540075722220267
so,W60p0,10,17,-0.12522519656701464,0.12522519656701464
so,W10p0,9,10,-0.1251494829691097,0.1251494829691097
thetao,W10p0,1,8,-0.1250107317153336,0.1250107317153336
thetao,W30p0,7,13,-0.12495474898069639,0.12495474898069639
so,W10p0,4,19,0.12469523935386606,0.12469523935386606
so,W20p0,9,8,0.12462764414586709,0.12462764414586709
so,W40p0,10,12,0.12434278079856638,0.12434278079856638
thetao,W30p0,5,17,0.12413960080273274,0.12413960080273274
so,W30p0,8,10,-0.12394613529154772,0.12394613529154772
so,W40p0,5,14,-0.12370531122079287,0.12370531122079287
so,W60p0,10,9,-0.12360327445979409,0.12360327445979409
so,W10p0,7,15,0.12339363307815994,0.12339363307815994
thetao,W30p0,10,5,0.12337690960220865,0.12337690960220865
thetao,W40p0,6,19,-0.12336611244525397,0.12336611244525397
so,W30p0,10,9,-0.12331438069201983,0.12331438069201983
so,W10p0,9,18,-0.12323929775906745,0.12323929775906745
so,W30p0,10,3,-0.12320521298838125,0.12320521298838125
thetao,W60p0,9,3,0.12312368957369917,0.12312368957369917
thetao,W20p0,4,8,0.12285256459205607,0.12285256459205607
so,W40p0,6,6,-0.12283353039736243,0.12283353039736243
thetao,W20p0,6,19,0.12279985822294162,0.12279985822294162
thetao,W30p0,5,1,0.12254265583788114,0.12254265583788114
so,W40p0,6,4,-0.12229696360688665,0.12229696360688665
so,W10p0,3,15,0.12210729622691971,0.12210729622691971
thetao,W30p0,3,14,-0.12205037779779128,0.12205037779779128
so,W40p0,7,17,0.12200587475620213,0.12200587475620213
thetao,W10p0,6,18,-0.12192628257420904,0.12192628257420904
so,W60p0,6,15,0.12182818760227129,0.12182818760227129
so,W10p0,5,5,0.1217636482254332,0.1217636482254332
so,W40p0,4,7,-0.12148367008524565,0.12148367008524565
thetao,W20p0,2,0,-0.12143084172402807,0.12143084172402807
so,W10p0,10,19,0.12132961991590328,0.12132961991590328
so,W60p0,10,6,-0.12130807065197925,0.12130807065197925
so,W20p0,8,1,-0.12121186701112881,0.12121186701112881
thetao,W20p0,8,7,-0.1210333034723491,0.1210333034723491
so,W10p0,5,15,0.12085732564566445,0.12085732564566445
so,W60p0,5,9,0.1208022294010351,0.1208022294010351
so,W10p0,10,18,0.12048422804559619,0.12048422804559619
thetao,W30p0,10,13,0.12040952552561697,0.12040952552561697
so,W10p0,9,15,-0.12026325325241706,0.12026325325241706
so,W20p0,8,18,0.12016164449606337,0.12016164449606337
so,W20p0,1,20,-0.1201141615197366,0.1201141615197366
thetao,W60p0,6,5,-0.11999538622408433,0.11999538622408433
so,W20p0,1,15,-0.1194449105068488,0.1194449105068488
so,W20p0,7,0,-0.11943532565435512,0.11943532565435512
so,W10p0,1,17,-0.11903916588786993,0.11903916588786993
thetao,W20p0,6,13,-0.11895145144609408,0.11895145144609408
so,W10p0,4,11,-0.11828563866220747,0.11828563866220747
thetao,W40p0,3,10,0.11824849023450096,0.11824849023450096
so,W60p0,6,12,0.11816707209344655,0.11816707209344655
thetao,W20p0,4,17,-0.11804944246116011,0.11804944246116011
so,W20p0,2,8,0.1180156736388654,0.1180156736388654
so,W40p0,6,0,-0.11798731007444332,0.11798731007444332
so,W20p0,3,15,0.11768740254623407,0.11768740254623407
so,W20p0,9,20,-0.11759210352708271,0.11759210352708271
thetao,W10p0,2,18,0.11751965219863296,0.11751965219863296
thetao,W60p0,8,3,0.11739749745682748,0.11739749745682748
so,W60p0,2,15,0.11738251852200261,0.11738251852200261
thetao,W40p0,6,17,-0.11687392239669184,0.11687392239669184
so,W40p0,4,16,0.11684432916393427,0.11684432916393427
so,W30p0,6,6,-0.11676783384406424,0.11676783384406424
thetao,W20p0,4,18,-0.11668161583053173,0.11668161583053173
thetao,W20p0,5,12,0.11644096644930989,0.11644096644930989
so,W30p0,7,17,0.11626142654920701,0.11626142654920701
thetao,W10p0,1,7,-0.11625297260054056,0.11625297260054056
thetao,W40p0,2,4,-0.11619415428301286,0.11619415428301286
thetao,W10p0,3,19,-0.11617694672110487,0.11617694672110487
so,W20p0,2,4,0.11613259891700294,0.11613259891700294
so,W60p0,3,0,0.11556080090820076,0.11556080090820076
thetao,W20p0,7,17,0.11547348363504416,0.11547348363504416
thetao,W10p0,6,8,-0.11524586610603814,0.11524586610603814
so,W30p0,9,15,-0.1150392534447998,0.1150392534447998
thetao,W10p0,6,6,-0.11498225291971152,0.11498225291971152
so,W10p0,10,7,-0.11496931327944769,0.11496931327944769
so,W10p0,9,13,-0.11489255633507703,0.11489255633507703
so,W40p0,6,18,-0.11465786288172586,0.11465786288172586
so,W60p0,10,15,-0.11443523969247642,0.11443523969247642
thetao,W30p0,9,12,-0.11437898923191468,0.11437898923191468
thetao,W40p0,3,8,0.11434960491017376,0.11434960491017376
thetao,W10p0,4,0,0.11417464081672538,0.11417464081672538
so,W20p0,8,17,-0.11392545108783081,0.11392545108783081
so,W30p0,4,3,0.1138653931919118,0.1138653931919118
thetao,W30p0,1,2,0.11384438016903825,0.11384438016903825
thetao,W40p0,8,11,-0.11377806962483993,0.11377806962483993
thetao,W60p0,9,17,-0.11358681653000821,0.11358681653000821
thetao,W10p0,4,18,-0.11355182554483419,0.11355182554483419
so,W20p0,9,19,-0.11337611988263413,0.11337611988263413
so,W20p0,7,12,0.11316924190757444,0.11316924190757444
thetao,W20p0,9,8,0.11287577266991067,0.11287577266991067
so,W30p0,9,6,-0.11286751222866197,0.11286751222866197
thetao,W20p0,8,16,0.11225675210868834,0.11225675210868834
thetao,W30p0,10,8,0.1121923338436152,0.1121923338436152
thetao,W60p0,10,13,-0.11200625930084517,0.11200625930084517
so,W40p0,8,4,-0.11197469026815461,0.11197469026815461
so,W10p0,5,18,0.11178430027335091,0.11178430027335091
thetao,W10p0,10,18,-0.11149467457890196,0.11149467457890196
so,W20p0,4,6,0.11101881235497986,0.11101881235497986
thetao,W10p0,8,17,-0.11091645727205397,0.11091645727205397
so,W10p0,6,13,0.11085091737284268,0.11085091737284268
thetao,W20p0,2,5,-0.11082939988910501,0.11082939988910501
so,W10p0,4,20,0.11077242026689761,0.11077242026689761
so,W20p0,7,11,0.11063409469648787,0.11063409469648787
thetao,W40p0,10,18,0.1105933362765836,0.1105933362765836
so,W60p0,10,16,-0.11055348961560167,0.11055348961560167
so,W20p0,9,6,0.11054399505572668,0.11054399505572668
thetao,W10p0,6,17,-0.11051637430243615,0.11051637430243615
thetao,W10p0,7,2,0.11049442966888198,0.11049442966888198
so,W10p0,1,10,-0.11039221283554208,0.11039221283554208
so,W60p0,10,3,-0.11036288121153386,0.11036288121153386
thetao,W10p0,6,16,-0.11014464235461931,0.11014464235461931
so,W60p0,6,1,0.11011946452517607,0.11011946452517607
so,W60p0,4,18,-0.11007152724763196,0.11007152724763196
thetao,W40p0,2,3,-0.10992964962658654,0.10992964962658654
thetao,W10p0,9,4,-0.1097658978134085,0.1097658978134085
so,W40p0,2,11,0.10942681612044224,0.10942681612044224
so,W10p0,2,2,-0.10937193884202033,0.10937193884202033
so,W30p0,2,18,0.1091434359819803,0.1091434359819803
thetao,W40p0,7,12,-0.10907556008492132,0.10907556008492132
thetao,W10p0,1,10,-0.10884334440858677,0.10884334440858677
thetao,W60p0,4,6,0.10882822638684796,0.10882822638684796
so,W40p0,6,13,-0.1087714579860709,0.1087714579860709
so,W20p0,7,6,-0.1087289083872209,0.1087289083872209
thetao,W60p0,6,18,-0.10871470457232404,0.10871470457232404
thetao,W10p0,2,3,0.10854139730732831,0.10854139730732831
thetao,W20p0,6,7,0.10843962726653741,0.10843962726653741
so,W30p0,8,18,0.10843894528375014,0.10843894528375014
thetao,W40p0,7,0,0.10821670290946793,0.10821670290946793
thetao,W30p0,2,9,0.10820054874308783,0.10820054874308783
thetao,W30p0,3,8,0.10805194529473446,0.10805194529473446
thetao,W40p0,2,0,-0.10802982021060797,0.10802982021060797
thetao,W40p0,9,19,-0.10799448671343638,0.10799448671343638
thetao,W40p0,10,4,-0.10785535975263519,0.10785535975263519
thetao,W40p0,8,1,-0.10775326610981362,0.10775326610981362
thetao,W40p0,10,14,-0.10761797329706328,0.10761797329706328
thetao,W60p0,3,3,0.10756293065100123,0.10756293065100123
so,W60p0,5,0,-0.10753284077883518,0.10753284077883518
thetao,W60p0,2,16,-0.10745841395214528,0.10745841395214528
thetao,W20p0,2,3,-0.10708744776506351,0.10708744776506351
thetao,W30p0,7,14,-0.10685747326194836,0.10685747326194836
thetao,W20p0,4,0,0.10684952198822116,0.10684952198822116
so,W60p0,10,2,-0.1066943610529913,0.1066943610529913
so,W60p0,7,11,-0.10656234682686609,0.10656234682686609
thetao,W20p0,4,9,0.1065603595298522,0.1065603595298522
so,W40p0,3,8,-0.10615863150795368,0.10615863150795368
so,W30p0,9,11,-0.10605640953519015,0.10605640953519015
thetao,W60p0,1,17,-0.10601980876119832,0.10601980876119832
thetao,W60p0,10,11,-0.10594400510916972,0.10594400510916972
thetao,W10p0,6,20,-0.10590908110950674,0.10590908110950674
thetao,W40p0,10,1,-0.10576834842122665,0.10576834842122665
thetao,W10p0,4,15,-0.1057587777815387,0.1057587777815387
thetao,W10p0,2,1,0.10550384331870725,0.10550384331870725
thetao,W60p0,10,18,-0.10543743347789057,0.10543743347789057
so,W20p0,1,14,-0.10511539773308766,0.10511539773308766
thetao,W60p0,4,5,0.10458549522861188,0.10458549522861188
so,W20p0,10,3,-0.10405699717216627,0.10405699717216627
so,W30p0,8,15,0.10404490102887179,0.10404490102887179
thetao,W20p0,7,1,0.10396531318203868,0.10396531318203868
thetao,W60p0,1,8,0.10392082544547976,0.10392082544547976
so,W60p0,7,13,-0.10390509727737839,0.10390509727737839
thetao,W40p0,2,20,0.10390396137562394,0.10390396137562394
so,W40p0,1,5,-0.10385360634023934,0.10385360634023934
thetao,W30p0,10,2,0.10354861950821469,0.10354861950821469
so,W20p0,2,5,0.10333113764388425,0.10333113764388425
so,W30p0,5,5,-0.10332396686441629,0.10332396686441629
thetao,W60p0,8,0,-0.10315319331101828,0.10315319331101828
so,W40p0,1,18,-0.10290815262866562,0.10290815262866562
thetao,W30p0,2,8,0.10276729266019934,0.10276729266019934
so,W60p0,3,18,0.10266548436348265,0.10266548436348265
so,W30p0,2,1,0.10266073785416878,0.10266073785416878
thetao,W30p0,8,17,0.10265826376582891,0.10265826376582891
so,W60p0,5,7,0.10254454710199001,0.10254454710199001
so,W30p0,8,17,0.10248767411121024,0.10248767411121024
thetao,W40p0,7,11,-0.10228631854838932,0.10228631854838932
so,W10p0,5,16,0.10205472408864168,0.10205472408864168
thetao,W10p0,4,4,0.10194902606199212,0.10194902606199212
thetao,W20p0,9,5,0.10187900112783067,0.10187900112783067
thetao,W30p0,3,13,-0.10183524842086411,0.10183524842086411
thetao,W20p0,7,11,0.10180578484635663,0.10180578484635663
so,W40p0,1,8,-0.10180523476345586,0.10180523476345586
thetao,W60p0,2,18,-0.10164366181835492,0.10164366181835492
so,W30p0,9,3,0.10154549499999291,0.10154549499999291
thetao,W10p0,3,1,0.10151453293225128,0.10151453293225128
so,W30p0,8,4,-0.10127178378813838,0.10127178378813838
thetao,W10p0,7,10,-0.10120089418008113,0.10120089418008113
thetao,W10p0,3,6,-0.10095236882300765,0.10095236882300765
so,W30p0,5,0,-0.10093471310848949,0.10093471310848949
thetao,W10p0,1,9,-0.1008053113439488,0.1008053113439488
so,W60p0,9,19,-0.10063667753271746,0.10063667753271746
thetao,W10p0,8,16,-0.10043355740379453,0.10043355740379453
thetao,W60p0,10,10,-0.1002856623851428,0.1002856623851428
so,W10p0,9,9,-0.10016703472824967,0.10016703472824967
thetao,W40p0,1,19,-0.1000502773814403,0.1000502773814403
so,W20p0,6,3,0.09989006150778403,0.09989006150778403
thetao,W40p0,8,12,-0.099429665155069,0.099429665155069
thetao,W10p0,2,19,0.09934112512869787,0.09934112512869787
so,W10p0,1,18,-0.09914309364510937,0.09914309364510937
thetao,W40p0,3,11,0.09911500418059818,0.09911500418059818
so,W20p0,10,6,-0.09910121455231694,0.09910121455231694
thetao,W60p0,3,17,-0.09882545196887996,0.09882545196887996
thetao,W30p0,8,1,0.0985471329498456,0.0985471329498456
so,W30p0,5,2,-0.09851554355563594,0.09851554355563594
thetao,W60p0,7,0,-0.09849589752845135,0.09849589752845135
so,W20p0,1,18,-0.09847903021200217,0.09847903021200217
thetao,W60p0,8,11,-0.09807191981232381,0.09807191981232381
thetao,W60p0,2,15,-0.09789379904823571,0.09789379904823571
thetao,W40p0,8,17,0.09779299389205366,0.09779299389205366
thetao,W20p0,3,9,0.09751704165342782,0.09751704165342782
so,W30p0,4,14,0.09725385485815866,0.09725385485815866
so,W10p0,6,2,-0.09709015599180781,0.09709015599180781
so,W30p0,8,9,-0.09705344517219638,0.09705344517219638
thetao,W10p0,9,17,-0.09701504705749181,0.09701504705749181
so,W60p0,4,2,0.09698349169129236,0.09698349169129236
thetao,W60p0,4,3,0.09696886876335724,0.09696886876335724
thetao,W60p0,10,17,-0.09695275231525124,0.09695275231525124
thetao,W30p0,10,15,0.09679985254906151,0.09679985254906151
thetao,W60p0,7,18,-0.09663606838073077,0.09663606838073077
thetao,W60p0,9,16,-0.09650488445324656,0.09650488445324656
so,W10p0,4,17,0.0964597022014698,0.0964597022014698
so,W40p0,1,1,0.09639889479096517,0.09639889479096517
thetao,W30p0,1,5,-0.09638856026186844,0.09638856026186844
thetao,W40p0,5,7,-0.09635164165784803,0.09635164165784803
thetao,W10p0,9,9,-0.09602588195152319,0.09602588195152319
thetao,W10p0,10,3,0.09581253784386108,0.09581253784386108
so,W30p0,5,17,0.09571005837803565,0.09571005837803565
thetao,W30p0,5,18,0.09550950675275269,0.09550950675275269
so,W20p0,10,9,0.09544923548805509,0.09544923548805509
so,W60p0,2,16,0.09542881105828506,0.09542881105828506
thetao,W60p0,7,1,0.09538426469000398,0.09538426469000398
thetao,W10p0,6,10,-0.09528266554030285,0.09528266554030285
so,W10p0,3,11,-0.09507760888267129,0.09507760888267129
so,W30p0,3,1,0.09499161658780562,0.09499161658780562
so,W40p0,8,2,-0.09463788265311925,0.09463788265311925
thetao,W40p0,5,8,-0.0946223088726084,0.0946223088726084
thetao,W60p0,1,6,0.09460092017121798,0.09460092017121798
thetao,W10p0,6,9,-0.09438356459651667,0.09438356459651667
so,W30p0,8,6,-0.09412765069545373,0.09412765069545373
thetao,W30p0,10,1,0.0941192800075931,0.0941192800075931
thetao,W20p0,8,6,-0.09411915970658512,0.09411915970658512
so,W20p0,10,8,0.09409314663822371,0.09409314663822371
thetao,W60p0,1,9,0.09408893064822804,0.09408893064822804
thetao,W30p0,1,18,-0.09407013672742685,0.09407013672742685
so,W10p0,3,9,-0.09386628471844616,0.09386628471844616
so,W30p0,8,8,-0.09360576160691708,0.09360576160691708
so,W60p0,4,8,0.09354658382327766,0.09354658382327766
so,W30p0,6,3,-0.09342928935579675,0.09342928935579675
thetao,W10p0,3,3,0.09326558070413289,0.09326558070413289
thetao,W60p0,4,9,-0.09322849153493046,0.09322849153493046
thetao,W40p0,2,19,0.0930933085249695,0.0930933085249695
so,W40p0,8,12,-0.09308108967938729,0.09308108967938729
so,W20p0,4,8,0.09292352462477176,0.09292352462477176
thetao,W30p0,4,8,0.09286623481374748,0.09286623481374748
thetao,W10p0,5,12,-0.09264748304621151,0.09264748304621151
so,W20p0,2,2,0.09259736148318955,0.09259736148318955
thetao,W30p0,10,17,-0.09253601711857459,0.09253601711857459
so,W60p0,2,19,0.0924967361884295,0.0924967361884295
thetao,W10p0,9,10,-0.09243484742159908,0.09243484742159908
so,W30p0,2,2,0.0923318252724493,0.0923318252724493
so,W20p0,2,11,0.09231455541903409,0.09231455541903409
thetao,W10p0,4,1,0.09225686039076982,0.09225686039076982
so,W20p0,8,16,0.09220537411451263,0.09220537411451263
thetao,W20p0,10,11,-0.09220114485472677,0.09220114485472677
thetao,W40p0,2,2,-0.09208064933496667,0.09208064933496667
thetao,W40p0,8,2,-0.09199040998574932,0.09199040998574932
thetao,W40p0,9,11,-0.09193292035529084,0.09193292035529084
thetao,W20p0,7,10,0.09182011822559426,0.09182011822559426
so,W60p0,6,7,-0.09167233111383631,0.09167233111383631
so,W20p0,6,15,0.09157333348887366,0.09157333348887366
thetao,W40p0,1,4,0.09149729053859422,0.09149729053859422
thetao,W60p0,1,12,-0.09145407701620076,0.09145407701620076
thetao,W40p0,4,5,0.09138903574251406,0.09138903574251406
so,W30p0,3,15,0.09123061806465274,0.09123061806465274
thetao,W40p0,4,3,-0.09117773067459266,0.09117773067459266
thetao,W60p0,5,5,-0.0911770465945742,0.0911770465945742
thetao,W20p0,2,20,-0.09116235869198476,0.09116235869198476
thetao,W40p0,7,13,-0.09106928124550108,0.09106928124550108
thetao,W60p0,10,8,0.09105126613034613,0.09105126613034613
so,W20p0,9,9,0.0910344441181596,0.0910344441181596
so,W60p0,7,6,-0.09085183296459545,0.09085183296459545
so,W60p0,10,8,-0.09084694885142852,0.09084694885142852
so,W60p0,7,1,-0.09072026552468795,0.09072026552468795
thetao,W10p0,10,2,0.09065749898470468,0.09065749898470468
so,W10p0,3,19,-0.09042737978992708,0.09042737978992708
thetao,W20p0,5,13,0.09003644215979022,0.09003644215979022
thetao,W10p0,5,7,0.08994769392406407,0.08994769392406407
so,W60p0,4,1,0.089838529899954,0.089838529899954
so,W40p0,3,13,0.08983106143394436,0.08983106143394436
so,W40p0,10,9,0.08964386869493991,0.08964386869493991
thetao,W40p0,2,13,-0.08946203139863602,0.08946203139863602
thetao,W10p0,4,16,-0.08943185891213819,0.08943185891213819
thetao,W40p0,6,18,-0.08898168119808661,0.08898168119808661
so,W60p0,6,19,0.08893558909934772,0.08893558909934772
so,W40p0,1,9,-0.0889198711041822,0.0889198711041822
so,W10p0,5,6,0.088910619385246,0.088910619385246
thetao,W20p0,10,5,0.08888504985649177,0.08888504985649177
so,W20p0,1,5,-0.0887176800837856,0.0887176800837856
thetao,W60p0,10,15,-0.08845626515004985,0.08845626515004985
so,W20p0,4,0,0.0884302764738623,0.0884302764738623
thetao,W10p0,3,2,0.08840943440336414,0.08840943440336414
so,W20p0,1,13,-0.0883874866790888,0.0883874866790888
so,W20p0,2,7,0.08825173380165491,0.08825173380165491
so,W10p0,8,1,0.0882418380271518,0.0882418380271518
thetao,W60p0,3,2,0.08803159836333822,0.08803159836333822
thetao,W40p0,8,16,0.08797677071309312,0.08797677071309312
so,W20p0,4,7,0.08793341393819774,0.08793341393819774
so,W60p0,10,12,-0.08786991691965523,0.08786991691965523
so,W20p0,9,5,0.08773738851285906,0.08773738851285906
thetao,W40p0,7,3,0.08769253816519416,0.08769253816519416
so,W10p0,9,12,-0.08764385415600219,0.08764385415600219
thetao,W20p0,1,10,0.08761151844126389,0.08761151844126389
thetao,W20p0,7,2,0.08761035740008243,0.08761035740008243
thetao,W60p0,3,1,0.08758058213208421,0.08758058213208421
thetao,W10p0,7,20,-0.08754840127519599,0.08754840127519599
thetao,W30p0,10,7,0.08747821580183812,0.08747821580183812
so,W20p0,2,6,0.08726312500840144,0.08726312500840144
so,W20p0,6,18,-0.08713697685694989,0.08713697685694989
thetao,W60p0,6,10,-0.0871043897032177,0.0871043897032177
so,W10p0,7,6,-0.0869924539873216,0.0869924539873216
so,W40p0,2,20,0.08694591609672461,0.08694591609672461
so,W40p0,10,7,0.08678617017156025,0.08678617017156025
thetao,W30p0,10,20,-0.08676752492110927,0.08676752492110927
so,W40p0,10,6,0.08666249800158767,0.08666249800158767
so,W20p0,2,3,0.0864212091796677,0.0864212091796677
so,W40p0,3,12,0.08638822190564302,0.08638822190564302
so,W10p0,2,3,-0.08637433374770316,0.08637433374770316
so,W60p0,7,4,-0.08624531403992668,0.08624531403992668
so,W40p0,3,19,0.08621067026350265,0.08621067026350265
thetao,W20p0,6,14,-0.08612131045299284,0.08612131045299284
thetao,W20p0,8,19,0.08587483661549218,0.08587483661549218
so,W30p0,8,1,-0.08583277786902974,0.08583277786902974
thetao,W10p0,4,10,-0.08568483729175916,0.08568483729175916
thetao,W20p0,10,19,-0.08530816092879608,0.08530816092879608
so,W30p0,9,8,-0.08525590878149848,0.08525590878149848
so,W10p0,1,9,-0.08503221900418226,0.08503221900418226
thetao,W20p0,4,10,0.08488034913072995,0.08488034913072995
thetao,W30p0,4,11,-0.0847786777178104,0.0847786777178104
thetao,W20p0,10,18,-0.08477168772156009,0.08477168772156009
thetao,W60p0,2,17,-0.08470704961819232,0.08470704961819232
so,W20p0,10,2,-0.08446211537924447,0.08446211537924447
thetao,W60p0,10,14,-0.08441173887653104,0.08441173887653104
so,W10p0,4,18,0.08440739330810411,0.08440739330810411
thetao,W10p0,4,14,-0.0843564634504023,0.0843564634504023
so,W60p0,5,4,-0.08414419747433698,0.08414419747433698
thetao,W30p0,10,9,0.08402988430010108,0.08402988430010108
so,W40p0,7,8,0.08400891211220901,0.08400891211220901
so,W60p0,4,17,-0.08382230006452605,0.08382230006452605
thetao,W20p0,9,10,0.08374045191688834,0.08374045191688834
so,W40p0,4,18,0.08358586986825596,0.08358586986825596
so,W10p0,2,12,0.08331958899221543,0.08331958899221543
thetao,W10p0,9,7,-0.08327040162862873,0.08327040162862873
so,W20p0,4,9,0.08301629686855931,0.08301629686855931
so,W60p0,1,16,0.08295425789114476,0.08295425789114476
thetao,W60p0,7,8,0.08286386052143045,0.08286386052143045
thetao,W60p0,10,20,-0.08284383045543162,0.08284383045543162
thetao,W60p0,9,7,-0.08281689134631838,0.08281689134631838
so,W40p0,1,19,-0.0827614888271041,0.0827614888271041
thetao,W30p0,8,16,0.08269058302711578,0.08269058302711578
so,W30p0,6,7,-0.08240510949939935,0.08240510949939935
thetao,W60p0,7,6,0.08233194062775631,0.08233194062775631
so,W20p0,5,14,-0.08227391619583385,0.08227391619583385
thetao,W20p0,5,11,0.08205674796770987,0.08205674796770987
so,W30p0,3,2,0.08203825865040555,0.08203825865040555
thetao,W20p0,10,15,-0.08165030341852964,0.08165030341852964
thetao,W30p0,6,14,-0.08158913241467766,0.08158913241467766
thetao,W60p0,6,6,-0.08148464369045547,0.08148464369045547
so,W40p0,6,16,-0.08145784585605914,0.08145784585605914
thetao,W20p0,6,11,-0.08137760439225833,0.08137760439225833
so,W20p0,9,7,0.08129474926456925,0.08129474926456925
thetao,W10p0,1,11,-0.08121728474288646,0.08121728474288646
thetao,W40p0,9,20,-0.08118922286164908,0.08118922286164908
so,W20p0,3,7,-0.08118807873016064,0.08118807873016064
thetao,W20p0,9,9,0.08109247996553405,0.08109247996553405
so,W30p0,5,6,-0.08045812467029649,0.08045812467029649
thetao,W40p0,2,14,-0.08045645285469397,0.08045645285469397
so,W40p0,8,8,-0.08014784209466165,0.08014784209466165
thetao,W40p0,7,17,-0.07959059940254094,0.07959059940254094
thetao,W10p0,1,15,-0.0795513356295881,0.0795513356295881
so,W10p0,8,10,-0.07950042362093843,0.07950042362093843
so,W10p0,8,8,0.079476053497029,0.079476053497029
thetao,W20p0,1,12,-0.07940332928816307,0.07940332928816307
so,W60p0,1,20,0.07925815782859663,0.07925815782859663
thetao,W30p0,4,20,-0.07899610335275874,0.07899610335275874
so,W30p0,1,20,0.07894392122882721,0.07894392122882721
so,W20p0,9,10,0.07893949734956927,0.07893949734956927
so,W40p0,1,7,-0.07891671799929881,0.07891671799929881
thetao,W40p0,6,15,0.07881775465805513,0.07881775465805513
so,W60p0,3,12,0.0786442578718689,0.0786442578718689
so,W60p0,7,0,-0.07861386563716014,0.07861386563716014
so,W10p0,2,14,0.07845614084138038,0.07845614084138038
thetao,W40p0,7,7,0.0781945428658355,0.0781945428658355
thetao,W20p0,4,16,-0.07794669838558088,0.07794669838558088
thetao,W20p0,8,5,-0.07792558509347049,0.07792558509347049
so,W10p0,7,9,-0.07762598749932617,0.07762598749932617
thetao,W40p0,2,1,-0.0774118744226594,0.0774118744226594
so,W10p0,5,1,0.07724363807906572,0.07724363807906572
so,W10p0,10,8,-0.0772270526973193,0.0772270526973193
so,W10p0,4,12,-0.07684046806937028,0.07684046806937028
thetao,W60p0,2,13,-0.07682157601436038,0.07682157601436038
thetao,W40p0,7,8,0.0767223846143839,0.0767223846143839
so,W40p0,2,19,0.07671663423625981,0.07671663423625981
so,W20p0,9,1,0.07667464919631396,0.07667464919631396
thetao,W10p0,9,5,-0.07660224450665855,0.07660224450665855
so,W40p0,1,3,0.07656893725508936,0.07656893725508936
thetao,W40p0,7,14,-0.07654907527378155,0.07654907527378155
thetao,W30p0,9,11,-0.07644357297815207,0.07644357297815207
so,W60p0,1,19,0.07609654560034854,0.07609654560034854
so,W30p0,7,20,0.07604478187234368,0.07604478187234368
thetao,W40p0,1,11,-0.07593740525849486,0.07593740525849486
thetao,W10p0,5,6,0.07577766295526951,0.07577766295526951
thetao,W10p0,4,2,0.07573329671264518,0.07573329671264518
so,W30p0,4,12,0.07566043835369697,0.07566043835369697
so,W10p0,2,13,0.07563491687491164,0.07563491687491164
thetao,W60p0,6,0,0.07546907814704629,0.07546907814704629
thetao,W30p0,2,2,0.07546560875514505,0.07546560875514505
so,W30p0,10,13,0.0754532643385268,0.0754532643385268
so,W30p0,7,18,0.07544301407471901,0.07544301407471901
thetao,W20p0,10,1,0.07522666360510687,0.07522666360510687
thetao,W20p0,6,6,0.07514458341612702,0.07514458341612702
so,W60p0,1,18,0.07470669167380486,0.07470669167380486
so,W30p0,2,3,0.07454201900847326,0.07454201900847326
so,W20p0,8,20,-0.07443794331044339,0.07443794331044339
so,W30p0,10,15,0.07442485034466136,0.07442485034466136
thetao,W60p0,8,17,-0.07440222661505366,0.07440222661505366
so,W30p0,8,14,0.07439829758487061,0.07439829758487061
so,W30p0,9,16,-0.07438897510953796,0.07438897510953796
so,W20p0,2,0,-0.07399858166429524,0.07399858166429524
so,W10p0,3,13,-0.07396763846966134,0.07396763846966134
thetao,W60p0,6,20,0.07393433672499272,0.07393433672499272
thetao,W20p0,9,17,-0.07385256357829649,0.07385256357829649
thetao,W30p0,3,9,0.07360200403900269,0.07360200403900269
so,W10p0,10,20,0.07347727882030462,0.07347727882030462
thetao,W30p0,3,12,-0.07333022038116345,0.07333022038116345
thetao,W40p0,6,13,0.0733208435981455,0.0733208435981455
thetao,W40p0,8,13,-0.07310020361852795,0.07310020361852795
so,W20p0,10,12,0.07281888057043408,0.07281888057043408
so,W10p0,2,17,0.07248102643744274,0.07248102643744274
thetao,W60p0,9,12,-0.07239820247192573,0.07239820247192573
thetao,W40p0,3,17,0.07232554052054095,0.07232554052054095
thetao,W40p0,4,4,-0.07223541585010805,0.07223541585010805
so,W20p0,3,6,-0.07178159047711374,0.07178159047711374
so,W10p0,1,8,-0.07172298858799488,0.07172298858799488
so,W30p0,7,3,0.0714649047231002,0.0714649047231002
so,W20p0,9,16,-0.07126416670661283,0.07126416670661283
thetao,W40p0,8,15,0.07115704489021903,0.07115704489021903
so,W40p0,3,9,-0.07097008720105061,0.07097008720105061
thetao,W30p0,6,4,0.07083747668588243,0.07083747668588243
thetao,W10p0,1,14,-0.070832715350345,0.070832715350345
thetao,W20p0,8,12,0.07076980739071685,0.07076980739071685
so,W20p0,8,15,0.07059160308016703,0.07059160308016703
so,W60p0,1,15,0.07053222642862948,0.07053222642862948
so,W20p0,6,5,0.07050780396656174,0.07050780396656174
so,W10p0,6,5,-0.07045488877028003,0.07045488877028003
thetao,W10p0,4,13,-0.0704506689116001,0.0704506689116001
thetao,W20p0,9,18,-0.07033883566116146,0.07033883566116146
thetao,W10p0,9,14,-0.07020695455744869,0.07020695455744869
thetao,W60p0,3,0,0.0697335780426031,0.0697335780426031
thetao,W40p0,1,20,-0.06968213028011869,0.06968213028011869
thetao,W60p0,8,5,0.06948092070799677,0.06948092070799677
thetao,W10p0,7,1,0.06947238793918176,0.06947238793918176
thetao,W10p0,1,20,0.06933465948501012,0.06933465948501012
so,W20p0,4,10,0.0693345619736941,0.0693345619736941
thetao,W10p0,10,19,-0.06922995301123112,0.06922995301123112
thetao,W10p0,8,18,-0.06910785969700176,0.06910785969700176
thetao,W10p0,4,17,-0.06900174772217475,0.06900174772217475
so,W60p0,1,14,0.06894222042150869,0.06894222042150869
so,W60p0,5,1,-0.06881253517520751,0.06881253517520751
so,W20p0,10,10,0.06880701188124054,0.06880701188124054
thetao,W40p0,8,0,-0.06866341675993556,0.06866341675993556
thetao,W20p0,10,9,-0.06864447670066887,0.06864447670066887
so,W40p0,4,20,0.06861280719301555,0.06861280719301555
so,W10p0,2,16,0.06851031467325408,0.06851031467325408
so,W30p0,8,0,0.068435925901715,0.068435925901715
so,W10p0,2,4,-0.06790605089330956,0.06790605089330956
so,W40p0,8,7,-0.0678636178081594,0.0678636178081594
thetao,W40p0,7,16,-0.0674760589633125,0.0674760589633125
so,W60p0,3,8,-0.06744707290289671,0.06744707290289671
thetao,W20p0,2,2,-0.06735983808679827,0.06735983808679827
so,W10p0,2,15,0.06726128126965157,0.06726128126965157
so,W60p0,6,10,0.06722903080276545,0.06722903080276545
thetao,W20p0,10,2,0.06713709329678548,0.06713709329678548
so,W40p0,9,10,0.06701776291592512,0.06701776291592512
so,W40p0,6,14,-0.06700242614353955,0.06700242614353955
so,W20p0,9,11,0.06696912449748746,0.06696912449748746
thetao,W30p0,6,6,-0.06686854977845592,0.06686854977845592
so,W10p0,5,0,0.06668704230970646,0.06668704230970646
so,W60p0,7,12,-0.06638381198960179,0.06638381198960179
so,W10p0,2,11,0.06637931426732378,0.06637931426732378
thetao,W10p0,10,16,-0.06612568716516247,0.06612568716516247
so,W30p0,3,12,-0.06607107462880421,0.06607107462880421
so,W20p0,3,8,-0.06605183091516614,0.06605183091516614
so,W60p0,6,2,0.06604991040272513,0.06604991040272513
so,W30p0,10,17,0.06604953726694668,0.06604953726694668
thetao,W60p0,2,14,-0.06597655386730426,0.06597655386730426
thetao,W40p0,7,10,-0.06585936929693297,0.06585936929693297
so,W10p0,8,15,-0.06573173055523046,0.06573173055523046
so,W10p0,3,2,-0.0656556762591771,0.0656556762591771
thetao,W40p0,6,0,-0.06546854128024565,0.06546854128024565
so,W30p0,3,10,-0.06525797434251968,0.06525797434251968
thetao,W20p0,10,8,-0.06525388675947642,0.06525388675947642
so,W30p0,2,7,-0.06503780276461174,0.06503780276461174
so,W20p0,1,6,-0.06477665577419311,0.06477665577419311
so,W20p0,3,0,-0.06476666752454034,0.06476666752454034
so,W40p0,8,19,0.06474724575510495,0.06474724575510495
thetao,W30p0,1,20,0.06453355376848305,0.06453355376848305
so,W30p0,2,4,-0.06445847889531263,0.06445847889531263
so,W20p0,4,19,-0.0643568437511428,0.0643568437511428
thetao,W60p0,4,7,0.06432034202164691,0.06432034202164691
so,W20p0,1,17,-0.06426978771655505,0.06426978771655505
so,W30p0,7,4,0.06421677248003971,0.06421677248003971
so,W30p0,6,8,-0.06417181731180702,0.06417181731180702
so,W60p0,5,10,0.0639642468635584,0.0639642468635584
so,W40p0,10,10,0.06396112478733854,0.06396112478733854
so,W10p0,3,8,-0.06394897173638026,0.06394897173638026
thetao,W30p0,7,0,-0.06384883622155937,0.06384883622155937
thetao,W10p0,4,9,-0.06342878753795807,0.06342878753795807
so,W30p0,2,10,-0.06333119572068105,0.06333119572068105
thetao,W30p0,9,3,0.06327087802400622,0.06327087802400622
thetao,W30p0,2,11,0.06315160874182796,0.06315160874182796
thetao,W60p0,4,4,0.06274020413001725,0.06274020413001725
so,W20p0,1,2,-0.06267256575419303,0.06267256575419303
thetao,W10p0,10,17,-0.06265607353293802,0.06265607353293802
so,W30p0,3,17,0.06243312773916921,0.06243312773916921
so,W20p0,3,16,0.062280167008994705,0.062280167008994705
so,W60p0,9,0,-0.0622643242026098,0.0622643242026098
thetao,W20p0,9,11,0.062246486925643475,0.062246486925643475
so,W10p0,3,6,-0.06212891078021581,0.06212891078021581
so,W10p0,8,9,-0.06199319075211535,0.06199319075211535
so,W10p0,6,6,-0.06193156342494147,0.06193156342494147
thetao,W10p0,10,20,-0.061807426454797386,0.061807426454797386
thetao,W30p0,9,1,0.06175316270155371,0.06175316270155371
so,W40p0,9,5,0.061694326943795195,0.061694326943795195
thetao,W10p0,5,8,0.061676404084674716,0.061676404084674716
thetao,W10p0,1,12,-0.06166615101217339,0.06166615101217339
so,W30p0,9,17,-0.0616337749553527,0.0616337749553527
thetao,W30p0,5,4,0.0616092015923799,0.0616092015923799
so,W30p0,10,11,-0.06150563960685372,0.06150563960685372
thetao,W60p0,9,5,-0.0614771659837467,0.0614771659837467
thetao,W30p0,2,13,-0.06135698842864685,0.06135698842864685
so,W40p0,1,6,-0.06117285259987063,0.06117285259987063
thetao,W10p0,9,12,-0.06105988100098541,0.06105988100098541
thetao,W10p0,8,19,-0.061002063254874096,0.061002063254874096
thetao,W20p0,8,17,-0.06088742571338737,0.06088742571338737
thetao,W60p0,7,16,-0.060695877433605085,0.060695877433605085
thetao,W10p0,3,20,-0.06066544606710192,0.06066544606710192
thetao,W20p0,9,16,-0.060643860351971855,0.060643860351971855
thetao,W20p0,6,3,0.060594087644781684,0.060594087644781684
thetao,W30p0,10,4,0.060480663843156,0.060480663843156
so,W20p0,8,9,0.06040089862817322,0.06040089862817322
thetao,W10p0,9,8,-0.060303239935653716,0.060303239935653716
thetao,W20p0,10,20,-0.06002146115612169,0.06002146115612169
thetao,W20p0,5,1,0.059693847844574634,0.059693847844574634
so,W40p0,1,2,0.05959470987968876,0.05959470987968876
so,W40p0,8,14,-0.05955321553304418,0.05955321553304418
thetao,W60p0,6,9,-0.05951975675757792,0.05951975675757792
so,W40p0,4,0,0.05937370207849254,0.05937370207849254
so,W40p0,8,3,-0.05935637714547193,0.05935637714547193
thetao,W10p0,10,0,0.059316229261734396,0.059316229261734396
so,W10p0,5,4,0.059197141882639706,0.059197141882639706
thetao,W30p0,8,15,0.05919712388836092,0.05919712388836092
thetao,W60p0,6,7,-0.0591600239978501,0.0591600239978501
so,W60p0,3,17,-0.05913640811791641,0.05913640811791641
so,W40p0,10,18,0.059109806081402615,0.059109806081402615
so,W60p0,2,17,0.05890455397142618,0.05890455397142618
so,W30p0,9,4,0.058751761727863866,0.058751761727863866
so,W60p0,4,14,0.0587376769263777,0.0587376769263777
thetao,W10p0,10,13,0.05873154616604711,0.05873154616604711
so,W60p0,4,19,-0.05849123725970396,0.05849123725970396
so,W30p0,2,12,-0.05823743321839702,0.05823743321839702
so,W30p0,4,16,-0.05816692505064411,0.05816692505064411
so,W60p0,1,17,0.058141576910332664,0.058141576910332664
so,W10p0,10,9,-0.058095219287108306,0.058095219287108306
so,W10p0,9,3,0.058040559385443516,0.058040559385443516
so,W10p0,3,17,-0.057934113492132525,0.057934113492132525
so,W20p0,9,13,-0.05787432976922503,0.05787432976922503
thetao,W20p0,8,18,0.05787010266976394,0.05787010266976394
so,W10p0,3,16,0.05778649079367199,0.05778649079367199
so,W20p0,8,19,0.05778021880567405,0.05778021880567405
so,W40p0,6,17,-0.057641483343315585,0.057641483343315585
thetao,W40p0,10,16,0.05756238589061438,0.05756238589061438
so,W40p0,2,18,0.05728059822781251,0.05728059822781251
thetao,W20p0,5,17,-0.05726254067440686,0.05726254067440686
thetao,W20p0,5,4,0.05722376176985876,0.05722376176985876
thetao,W60p0,7,15,0.05700958810964898,0.05700958810964898
so,W30p0,5,8,0.05694376677843822,0.05694376677843822
thetao,W30p0,9,10,-0.05694097285864632,0.05694097285864632
so,W30p0,9,19,0.05661268506103503,0.05661268506103503
thetao,W20p0,5,9,0.056602730496804726,0.056602730496804726
thetao,W20p0,4,11,0.056118387501812944,0.056118387501812944
so,W30p0,7,2,-0.056067340954006,0.056067340954006
so,W10p0,6,19,-0.05601387221970905,0.05601387221970905
thetao,W30p0,10,3,0.055990738584125906,0.055990738584125906
so,W30p0,8,7,-0.055891542537497285,0.055891542537497285
so,W10p0,8,2,0.055735807585716626,0.055735807585716626
so,W20p0,1,7,-0.05563374675408832,0.05563374675408832
so,W20p0,6,1,0.05555411118055245,0.05555411118055245
so,W10p0,1,0,-0.055458311611122614,0.055458311611122614
thetao,W40p0,4,19,0.05535332447052612,0.05535332447052612
thetao,W40p0,1,5,0.05505992632132959,0.05505992632132959
so,W10p0,1,19,-0.05505554813563404,0.05505554813563404
so,W40p0,4,9,0.055052082931160214,0.055052082931160214
so,W30p0,2,5,-0.05485298988199337,0.05485298988199337
so,W10p0,6,8,0.05484006407507722,0.05484006407507722
thetao,W30p0,7,16,-0.05471799217410628,0.05471799217410628
thetao,W10p0,1,13,-0.05463177468570431,0.05463177468570431
so,W60p0,5,6,-0.05460165166930214,0.05460165166930214
so,W20p0,7,9,0.05450036491607099,0.05450036491607099
so,W30p0,10,16,0.054491498618249236,0.054491498618249236
so,W20p0,2,1,0.05423057978159915,0.05423057978159915
so,W10p0,3,20,-0.05411237196213677,0.05411237196213677
so,W10p0,1,7,-0.054093226880437745,0.054093226880437745
so,W60p0,3,6,-0.05408397443306475,0.05408397443306475
so,W30p0,4,10,0.05401387113777947,0.05401387113777947
thetao,W30p0,7,20,-0.0540118847029413,0.0540118847029413
so,W20p0,6,17,-0.05385421764819163,0.05385421764819163
so,W20p0,4,11,0.053844374763079704,0.053844374763079704
thetao,W10p0,10,1,0.05384156814519418,0.05384156814519418
so,W30p0,3,6,0.053367459500244706,0.053367459500244706
thetao,W30p0,4,9,0.05300417356223053,0.05300417356223053
thetao,W60p0,3,13,0.05297070554875711,0.05297070554875711
thetao,W40p0,3,16,0.052754951664102295,0.052754951664102295
thetao,W40p0,2,15,-0.052753820472485724,0.052753820472485724
so,W10p0,8,6,-0.052713908651042606,0.052713908651042606
so,W30p0,3,14,0.052574293262781506,0.052574293262781506
so,W60p0,7,19,-0.05247494920526299,0.05247494920526299
so,W40p0,6,19,-0.05233720292588011,0.05233720292588011
so,W40p0,10,20,0.05230742622106937,0.05230742622106937
thetao,W30p0,7,18,-0.052210352153769825,0.052210352153769825
so,W10p0,3,3,-0.05218939727646647,0.05218939727646647
so,W10p0,6,12,0.052105630429204026,0.052105630429204026
so,W30p0,10,10,-0.05169810992585831,0.05169810992585831
so,W10p0,7,13,0.051674990426442066,0.051674990426442066
so,W10p0,2,10,0.051538278654884036,0.051538278654884036
so,W40p0,6,20,0.05136187599615227,0.05136187599615227
thetao,W60p0,3,16,-0.05130307414386866,0.05130307414386866
so,W20p0,8,7,0.05127818558049282,0.05127818558049282
thetao,W10p0,6,0,-0.05109086821944024,0.05109086821944024
thetao,W20p0,5,10,0.050767518835376474,0.050767518835376474
so,W40p0,7,9,-0.05074904245027627,0.05074904245027627
thetao,W40p0,9,6,-0.05064620336592756,0.05064620336592756
so,W30p0,3,16,0.050641807009383207,0.050641807009383207
so,W60p0,7,14,-0.050605034309592296,0.050605034309592296
so,W30p0,6,9,-0.0505880753868965,0.0505880753868965
so,W40p0,3,16,0.050582555794027324,0.050582555794027324
so,W10p0,2,5,-0.050564440996815466,0.050564440996815466
so,W20p0,10,4,-0.05050430471924007,0.05050430471924007
so,W60p0,2,11,-0.05037483544519085,0.05037483544519085
so,W40p0,8,10,0.050366415708797595,0.050366415708797595
so,W30p0,9,13,-0.050288478245348774,0.050288478245348774
so,W60p0,6,4,0.050178941815606205,0.050178941815606205
thetao,W20p0,3,8,0.05005506973576476,0.05005506973576476
thetao,W30p0,5,2,0.04998738263896458,0.04998738263896458
so,W40p0,10,5,0.04991095299175898,0.04991095299175898
thetao,W20p0,8,13,0.04983485884939704,0.04983485884939704
thetao,W40p0,2,18,0.04979126168991414,0.04979126168991414
so,W20p0,1,12,-0.04978392908178507,0.04978392908178507
so,W30p0,9,5,-0.0495360608399224,0.0495360608399224
thetao,W40p0,5,20,-0.04947641556691559,0.04947641556691559
so,W60p0,9,3,0.049473101349776394,0.049473101349776394
thetao,W20p0,5,3,0.04937858735130083,0.04937858735130083
thetao,W10p0,10,14,-0.049307430520515276,0.049307430520515276
so,W30p0,1,17,-0.049292385476390296,0.049292385476390296
thetao,W20p0,8,8,-0.04927987771799278,0.04927987771799278
thetao,W30p0,9,9,-0.049279722622473404,0.049279722622473404
thetao,W30p0,1,3,0.04926691174537955,0.04926691174537955
so,W40p0,10,2,0.04914552520493069,0.04914552520493069
so,W60p0,7,15,-0.04883554913151883,0.04883554913151883
thetao,W60p0,7,7,0.04877367587618759,0.04877367587618759
thetao,W20p0,9,12,0.04844710938888847,0.04844710938888847
so,W10p0,7,11,-0.048416545976610346,0.048416545976610346
thetao,W20p0,5,2,0.048409656029405834,0.048409656029405834
so,W10p0,8,7,-0.04827875943915071,0.04827875943915071
thetao,W20p0,7,3,0.04826516494968081,0.04826516494968081
so,W60p0,6,3,0.048256611992372,0.048256611992372
thetao,W60p0,8,18,-0.048202094792818874,0.048202094792818874
so,W30p0,8,16,0.048090501959469976,0.048090501959469976
thetao,W60p0,9,6,-0.04802067583016226,0.04802067583016226
thetao,W10p0,7,0,0.04796503717425647,0.04796503717425647
thetao,W20p0,6,12,-0.04784479127347323,0.04784479127347323
thetao,W30p0,10,18,-0.0477830710470446,0.0477830710470446
thetao,W30p0,6,15,-0.04757197345646917,0.04757197345646917
thetao,W40p0,1,10,-0.04742060970138391,0.04742060970138391
thetao,W40p0,9,4,0.04737614827208695,0.04737614827208695
so,W60p0,7,3,-0.04721693047204986,0.04721693047204986
so,W10p0,7,14,0.04716811732668722,0.04716811732668722
so,W20p0,5,12,-0.04702738965245934,0.04702738965245934
thetao,W40p0,10,19,0.046960445967221445,0.046960445967221445
thetao,W10p0,7,9,0.046797290759907635,0.046797290759907635
thetao,W30p0,9,2,0.04661676229177415,0.04661676229177415
thetao,W10p0,4,12,-0.04652832841723456,0.04652832841723456
so,W30p0,10,20,0.04627060149995024,0.04627060149995024
so,W40p0,3,18,0.04589097582140906,0.04589097582140906
so,W20p0,9,12,-0.04587030351687961,0.04587030351687961
thetao,W30p0,9,4,0.04563636195602447,0.04563636195602447
thetao,W20p0,2,4,-0.045614884472263556,0.045614884472263556
thetao,W20p0,9,2,0.04556318206503389,0.04556318206503389
thetao,W40p0,10,17,0.04548888245827775,0.04548888245827775
thetao,W20p0,4,15,-0.045414877533893214,0.045414877533893214
thetao,W30p0,10,19,-0.04525757189693187,0.04525757189693187
so,W10p0,8,11,-0.04516320865367698,0.04516320865367698
so,W20p0,2,12,0.0451279613645057,0.0451279613645057
so,W20p0,8,10,0.045080389386929966,0.045080389386929966
thetao,W60p0,5,4,0.044919098046013024,0.044919098046013024
thetao,W30p0,8,2,0.04487399086594714,0.04487399086594714
so,W30p0,7,15,0.04473185017227817,0.04473185017227817
so,W10p0,1,20,-0.044717451489826456,0.044717451489826456
thetao,W10p0,6,19,-0.04471016897635352,0.04471016897635352
so,W10p0,5,3,-0.04455635343625428,0.04455635343625428
so,W60p0,8,11,-0.04454037571252503,0.04454037571252503
so,W30p0,4,9,0.04446418965829313,0.04446418965829313
thetao,W40p0,5,19,-0.044460766010418276,0.044460766010418276
so,W60p0,3,7,-0.04444781268215323,0.04444781268215323
thetao,W40p0,7,4,0.044428723640327454,0.044428723640327454
thetao,W40p0,7,15,0.044362047292094815,0.044362047292094815
so,W30p0,2,15,0.04422815062822441,0.04422815062822441
thetao,W30p0,8,0,-0.04408240482843234,0.04408240482843234
so,W10p0,6,7,-0.043919778178505585,0.043919778178505585
so,W10p0,8,18,0.04389940704155603,0.04389940704155603
thetao,W60p0,8,10,0.04381839397434557,0.04381839397434557
so,W10p0,7,12,0.04381314924157002,0.04381314924157002
thetao,W30p0,7,19,-0.04370788241786639,0.04370788241786639
so,W60p0,6,18,0.04351962051574485,0.04351962051574485
so,W30p0,2,14,0.04350112003427109,0.04350112003427109
so,W30p0,1,18,-0.04302123189603084,0.04302123189603084
thetao,W60p0,4,2,0.0429495390658917,0.0429495390658917
so,W20p0,2,18,0.04292930854268977,0.04292930854268977
so,W10p0,1,1,-0.042923062718582046,0.042923062718582046
thetao,W30p0,10,14,0.04217306282321059,0.04217306282321059
so,W60p0,10,19,0.04216366435680879,0.04216366435680879
thetao,W20p0,5,19,-0.042134735884959085,0.042134735884959085
so,W30p0,9,12,-0.041919761922892484,0.041919761922892484
so,W40p0,6,15,-0.04183687336435381,0.04183687336435381
so,W10p0,3,12,-0.04182277592389187,0.04182277592389187
thetao,W60p0,8,4,0.04148305629416784,0.04148305629416784
so,W40p0,9,4,-0.04133560305388058,0.04133560305388058
so,W40p0,8,18,0.041118709515173574,0.041118709515173574
thetao,W60p0,8,6,0.04108221266955128,0.04108221266955128
so,W10p0,8,4,0.040910269780125616,0.040910269780125616
so,W30p0,3,5,0.040742395659887055,0.040742395659887055
thetao,W30p0,9,6,-0.04069444927165007,0.04069444927165007
thetao,W10p0,4,8,-0.04061271350818428,0.04061271350818428
thetao,W30p0,5,20,0.04048282831073833,0.04048282831073833
thetao,W10p0,1,18,0.04030360104588942,0.04030360104588942
thetao,W30p0,9,8,-0.04027982947612114,0.04027982947612114
so,W60p0,9,4,0.040266391224651144,0.040266391224651144
thetao,W60p0,6,2,0.040205551093643634,0.040205551093643634
so,W20p0,9,14,0.040095183738674094,0.040095183738674094
thetao,W20p0,9,0,0.0400716690066043,0.0400716690066043
so,W20p0,10,5,-0.0400203294270871,0.0400203294270871
thetao,W10p0,4,5,0.03986321227308956,0.03986321227308956
thetao,W20p0,10,0,0.03952317624062484,0.03952317624062484
thetao,W60p0,6,8,-0.03945503051499869,0.03945503051499869
thetao,W40p0,10,0,-0.03935880774075072,0.03935880774075072
thetao,W30p0,5,3,0.03931202743325455,0.03931202743325455
thetao,W20p0,10,12,0.03909504224773835,0.03909504224773835
so,W30p0,10,1,-0.038846884330588076,0.038846884330588076
thetao,W30p0,6,16,0.03871119451010737,0.03871119451010737
so,W10p0,4,16,0.03847402518031664,0.03847402518031664
so,W40p0,7,13,0.038439962972389434,0.038439962972389434
thetao,W20p0,6,16,0.03837950330461761,0.03837950330461761
so,W10p0,9,6,-0.03823566948893465,0.03823566948893465
so,W10p0,6,14,-0.038143033601395565,0.038143033601395565
so,W20p0,6,19,-0.037864808908641676,0.037864808908641676
so,W40p0,7,20,-0.037740959927517935,0.037740959927517935
thetao,W30p0,10,16,-0.03746518087464975,0.03746518087464975
thetao,W60p0,3,19,0.03715032314128625,0.03715032314128625
so,W20p0,10,13,0.03691983056764403,0.03691983056764403
thetao,W60p0,9,8,-0.03683221384936165,0.03683221384936165
so,W20p0,7,7,-0.036777290321316256,0.036777290321316256
so,W40p0,8,20,0.036675989103354345,0.036675989103354345
thetao,W60p0,3,15,-0.036413395826766476,0.036413395826766476
so,W60p0,8,10,0.03633420295965329,0.03633420295965329
so,W40p0,7,10,0.036273751631651224,0.036273751631651224
thetao,W40p0,1,8,-0.03626006794366677,0.03626006794366677
so,W40p0,7,6,-0.036178570686700856,0.036178570686700856
so,W60p0,4,12,0.03616090228957085,0.03616090228957085
thetao,W20p0,10,4,0.03607729133744641,0.03607729133744641
so,W60p0,2,0,0.03604227036785218,0.03604227036785218
so,W60p0,3,10,-0.036013211406326025,0.036013211406326025
so,W20p0,7,1,-0.035764854453905114,0.035764854453905114
so,W60p0,6,5,0.03564960288813063,0.03564960288813063
so,W10p0,8,14,-0.03563189886914705,0.03563189886914705
so,W60p0,6,9,0.03560783592733104,0.03560783592733104
thetao,W20p0,6,8,0.03546961661159038,0.03546961661159038
so,W20p0,8,5,0.035439074166044075,0.035439074166044075
so,W30p0,3,11,-0.03530696702457563,0.03530696702457563
so,W40p0,10,1,0.035298645470891926,0.035298645470891926
thetao,W40p0,5,9,-0.0351358737194627,0.0351358737194627
so,W60p0,9,5,0.035051830804888995,0.035051830804888995
so,W10p0,7,7,-0.034961135464422886,0.034961135464422886
so,W10p0,8,13,-0.03495197691160897,0.03495197691160897
so,W20p0,10,1,0.034874844808529905,0.034874844808529905
thetao,W30p0,3,10,0.03476825757789487,0.03476825757789487
so,W10p0,8,3,0.03473421515679711,0.03473421515679711
thetao,W60p0,4,1,0.034719350115404286,0.034719350115404286
thetao,W40p0,6,16,-0.03460649229000285,0.03460649229000285
so,W10p0,10,11,0.034556920681521615,0.034556920681521615
thetao,W60p0,5,0,0.03455448512962988,0.03455448512962988
so,W20p0,2,20,0.034304279048855926,0.034304279048855926
thetao,W60p0,1,19,0.034241543057577296,0.034241543057577296
so,W60p0,5,19,0.03423177040337096,0.03423177040337096
thetao,W40p0,5,12,-0.03416915889525014,0.03416915889525014
so,W30p0,9,7,-0.034158592809710404,0.034158592809710404
so,W20p0,1,10,-0.03409866900080095,0.03409866900080095
so,W60p0,4,0,0.033963064673979027,0.033963064673979027
so,W60p0,4,15,-0.0338105284781247,0.0338105284781247
thetao,W40p0,5,16,0.03363057799360509,0.03363057799360509
so,W40p0,3,14,0.03353269726164001,0.03353269726164001
so,W10p0,7,8,-0.03344643083478359,0.03344643083478359
so,W10p0,8,19,0.033371940713211735,0.033371940713211735
thetao,W20p0,9,20,-0.03335985575153666,0.03335985575153666
thetao,W20p0,10,10,-0.03311338545447318,0.03311338545447318
so,W60p0,3,13,0.03290255981795938,0.03290255981795938
thetao,W60p0,1,20,0.03272289348492357,0.03272289348492357
so,W20p0,4,20,-0.03253477560795553,0.03253477560795553
so,W60p0,8,12,-0.0325266916095688,0.0325266916095688
so,W40p0,3,20,0.0324642579432039,0.0324642579432039
thetao,W40p0,3,15,0.032396478514416106,0.032396478514416106
so,W60p0,10,20,0.0323032279023787,0.0323032279023787
so,W40p0,1,4,-0.032140876705761316,0.032140876705761316
so,W40p0,8,5,-0.03211543624821288,0.03211543624821288
so,W60p0,3,1,-0.03194823737918971,0.03194823737918971
so,W60p0,3,14,0.031946573967469055,0.031946573967469055
thetao,W10p0,5,11,-0.03185482327100286,0.03185482327100286
thetao,W60p0,9,11,-0.03179625138903218,0.03179625138903218
so,W10p0,2,9,0.031748156484292106,0.031748156484292106
thetao,W60p0,3,20,0.0315261978161588,0.0315261978161588
thetao,W20p0,9,19,-0.031395202003473566,0.031395202003473566
thetao,W60p0,1,11,-0.031273716766147555,0.031273716766147555
so,W30p0,10,12,-0.031225915131745535,0.031225915131745535
so,W10p0,4,15,-0.031222588453194068,0.031222588453194068
so,W10p0,1,4,-0.031190537607982353,0.031190537607982353
so,W40p0,3,15,0.031061296653476022,0.031061296653476022
so,W30p0,10,14,0.030929795968894766,0.030929795968894766
so,W60p0,7,17,0.03085903627591749,0.03085903627591749
so,W10p0,10,12,0.030847037247821483,0.030847037247821483
thetao,W10p0,1,17,0.030761580882078057,0.030761580882078057
so,W40p0,8,15,-0.03076106668006666,0.03076106668006666
thetao,W40p0,3,14,0.030715926648163736,0.030715926648163736
so,W40p0,4,8,-0.03066611486156061,0.03066611486156061
so,W40p0,2,17,0.030563180215977242,0.030563180215977242
thetao,W40p0,6,14,-0.030548652280555016,0.030548652280555016
so,W10p0,3,0,-0.030521521021488873,0.030521521021488873
thetao,W60p0,6,3,0.030456582316683255,0.030456582316683255
so,W40p0,2,12,0.030301496774825687,0.030301496774825687
so,W20p0,2,19,0.03027521026924486,0.03027521026924486
so,W30p0,10,2,-0.03017683956027172,0.03017683956027172
so,W30p0,4,15,0.030141893127081706,0.030141893127081706
so,W30p0,8,12,0.030095340248877153,0.030095340248877153
thetao,W20p0,5,16,-0.030017895673761317,0.030017895673761317
thetao,W10p0,4,11,-0.029886872744024944,0.029886872744024944
so,W40p0,8,17,0.029859119631180736,0.029859119631180736
thetao,W20p0,8,11,-0.02980352149950785,0.02980352149950785
so,W30p0,3,4,0.029717521280602253,0.029717521280602253
thetao,W40p0,9,5,-0.029500548622335566,0.029500548622335566
so,W30p0,9,14,-0.029393023001189515,0.029393023001189515
so,W10p0,6,9,0.029222704530353846,0.029222704530353846
so,W40p0,7,7,-0.029168044864177452,0.029168044864177452
thetao,W60p0,1,10,0.029143262181055875,0.029143262181055875
so,W60p0,3,2,-0.029115077787415122,0.029115077787415122
so,W40p0,4,19,0.029089094668134374,0.029089094668134374
so,W10p0,8,17,0.0290721348413823,0.0290721348413823
so,W30p0,3,7,0.02906405530983382,0.02906405530983382
so,W30p0,3,19,-0.02898206877108905,0.02898206877108905
thetao,W40p0,7,18,-0.028904510996954694,0.028904510996954694
so,W20p0,8,14,0.02886921726209407,0.02886921726209407
thetao,W30p0,3,11,-0.028697612368800897,0.028697612368800897
so,W60p0,8,13,-0.028691442424789847,0.028691442424789847
so,W60p0,9,20,-0.02858247410811912,0.02858247410811912
so,W30p0,2,6,-0.028558714616462786,0.028558714616462786
so,W40p0,8,13,-0.028537841227830003,0.028537841227830003
thetao,W20p0,5,5,0.028377049689112015,0.028377049689112015
so,W20p0,9,15,0.02829247888336159,0.02829247888336159
thetao,W40p0,4,20,0.028180687842365774,0.028180687842365774
thetao,W20p0,10,13,-0.02812349479491743,0.02812349479491743
thetao,W20p0,8,9,-0.027781987766779002,0.027781987766779002
so,W60p0,10,1,-0.027620725507888123,0.027620725507888123
so,W40p0,9,20,0.02723993149863684,0.02723993149863684
so,W10p0,3,4,0.027019458320517793,0.027019458320517793
so,W40p0,10,0,0.027004407697803136,0.027004407697803136
thetao,W60p0,10,9,-0.02693563456047221,0.02693563456047221
thetao,W60p0,9,9,-0.026872947513763165,0.026872947513763165
thetao,W30p0,2,12,0.026857972966576448,0.026857972966576448
thetao,W20p0,2,1,-0.02678356613608445,0.02678356613608445
so,W60p0,7,2,-0.026620310949183577,0.026620310949183577
so,W10p0,1,3,-0.026556718069065705,0.026556718069065705
so,W20p0,6,4,0.026109200122813696,0.026109200122813696
so,W20p0,3,10,0.026059372920076953,0.026059372920076953
thetao,W20p0,5,20,-0.026010883144599938,0.026010883144599938
so,W40p0,7,4,-0.025933170780001156,0.025933170780001156
thetao,W30p0,5,19,0.025828871425010082,0.025828871425010082
so,W20p0,4,18,-0.02530986302902053,0.02530986302902053
so,W30p0,8,3,-0.025200860791424046,0.025200860791424046
so,W20p0,10,7,-0.025198734617175835,0.025198734617175835
so,W20p0,8,4,0.02514254317956462,0.02514254317956462
thetao,W20p0,4,14,-0.02507037194241357,0.02507037194241357
thetao,W40p0,7,9,-0.024853643753498685,0.024853643753498685
thetao,W60p0,8,9,0.024596616105130694,0.024596616105130694
so,W60p0,6,6,-0.02452020386806482,0.02452020386806482
thetao,W10p0,8,20,-0.02433457641759794,0.02433457641759794
thetao,W30p0,9,7,-0.024289985983868966,0.024289985983868966
so,W20p0,2,13,0.024132060867078264,0.024132060867078264
thetao,W20p0,7,0,-0.02409399640236926,0.02409399640236926
thetao,W40p0,1,9,-0.023926456500013873,0.023926456500013873
thetao,W30p0,5,6,0.023906249323123407,0.023906249323123407
thetao,W20p0,5,8,0.023876591892665864,0.023876591892665864
thetao,W10p0,1,16,-0.023747563115709133,0.023747563115709133
so,W30p0,2,9,-0.0237364804245865,0.0237364804245865
thetao,W40p0,2,16,-0.02356086028411748,0.02356086028411748
so,W30p0,2,16,0.023495253616900896,0.023495253616900896
so,W20p0,4,14,-0.023312330054739015,0.023312330054739015
so,W20p0,8,13,0.023245060697714915,0.023245060697714915
so,W20p0,8,6,-0.02321813487129486,0.02321813487129486
so,W10p0,6,17,-0.023127344926229036,0.023127344926229036
thetao,W20p0,4,12,0.023025144221949553,0.023025144221949553
so,W30p0,7,19,0.022978823063338896,0.022978823063338896
thetao,W60p0,4,0,0.022938564459615386,0.022938564459615386
thetao,W20p0,9,13,0.022870376915809225,0.022870376915809225
so,W60p0,5,20,-0.022816696563600514,0.022816696563600514
so,W10p0,9,4,-0.02276089445752491,0.02276089445752491
so,W30p0,3,13,-0.022648400056993857,0.022648400056993857
thetao,W30p0,9,0,0.02234884536607962,0.02234884536607962
so,W60p0,8,14,-0.02233097917905138,0.02233097917905138
so,W20p0,9,2,0.022285592293976267,0.022285592293976267
thetao,W30p0,1,19,-0.022155909675394093,0.022155909675394093
so,W40p0,8,9,-0.022147230767549292,0.022147230767549292
so,W40p0,2,14,0.022146467543230953,0.022146467543230953
thetao,W40p0,7,20,-0.022029718836993423,0.022029718836993423
so,W40p0,1,20,-0.021912326727650405,0.021912326727650405
thetao,W10p0,5,9,0.02181981855292826,0.02181981855292826
so,W10p0,2,6,-0.021785577293595964,0.021785577293595964
thetao,W10p0,3,5,-0.02151550500968844,0.02151550500968844
thetao,W40p0,1,6,0.021456142185236105,0.021456142185236105
thetao,W60p0,6,1,0.02140513654656243,0.02140513654656243
so,W20p0,1,11,0.021259955520854,0.021259955520854
so,W30p0,6,11,0.021225138808183282,0.021225138808183282
so,W20p0,2,16,-0.02092089331742528,0.02092089331742528
so,W20p0,10,0,-0.020908866140098903,0.020908866140098903
thetao,W40p0,10,20,0.020782316106869432,0.020782316106869432
so,W10p0,1,2,-0.02072913226540667,0.02072913226540667
so,W20p0,9,18,-0.020462232379829266,0.020462232379829266
so,W60p0,2,18,0.020418672858472278,0.020418672858472278
thetao,W40p0,3,12,0.02038290327514295,0.02038290327514295
so,W30p0,6,12,-0.02018549395505949,0.02018549395505949
so,W10p0,8,16,-0.01995567671130875,0.01995567671130875
thetao,W10p0,1,19,0.019888048519665996,0.019888048519665996
so,W60p0,6,20,0.019641273360327983,0.019641273360327983
so,W40p0,9,19,-0.019604069254602265,0.019604069254602265
so,W10p0,10,10,0.01957521165259085,0.01957521165259085
thetao,W20p0,5,14,0.019441810848697387,0.019441810848697387
so,W20p0,9,0,0.019376660408719767,0.019376660408719767
thetao,W60p0,8,8,0.019189843742264137,0.019189843742264137
thetao,W10p0,3,4,0.01889634772512901,0.01889634772512901
so,W10p0,3,14,0.018754196467249497,0.018754196467249497
thetao,W20p0,10,7,-0.018656601018962382,0.018656601018962382
so,W40p0,7,19,-0.018571549897830546,0.018571549897830546
so,W40p0,10,4,-0.01852260170576835,0.01852260170576835
so,W60p0,3,3,-0.018519640926821998,0.018519640926821998
thetao,W40p0,10,2,0.018478970917780235,0.018478970917780235
so,W40p0,2,16,-0.01824906396899655,0.01824906396899655
thetao,W60p0,1,18,-0.018158047646429844,0.018158047646429844
so,W20p0,1,0,-0.018143282002920445,0.018143282002920445
so,W10p0,1,6,-0.018129290085206938,0.018129290085206938
so,W30p0,6,14,0.017915110940260808,0.017915110940260808
thetao,W30p0,2,1,0.017739607614909544,0.017739607614909544
so,W30p0,3,9,-0.017674578788642432,0.017674578788642432
thetao,W60p0,5,3,0.017644890032072737,0.017644890032072737
thetao,W20p0,6,9,0.01755690809568686,0.01755690809568686
thetao,W60p0,3,18,-0.017530781593629717,0.017530781593629717
thetao,W40p0,5,15,0.017407488049605385,0.017407488049605385
so,W20p0,7,8,0.01737137976062515,0.01737137976062515
so,W40p0,10,19,-0.01715498228869325,0.01715498228869325
thetao,W20p0,10,14,0.0170926587909399,0.0170926587909399
thetao,W60p0,8,7,0.01708774640808641,0.01708774640808641
thetao,W10p0,4,6,0.01703731222033401,0.01703731222033401
so,W20p0,5,10,-0.016996937020237482,0.016996937020237482
thetao,W20p0,6,10,-0.016864910116053223,0.016864910116053223
so,W60p0,3,16,-0.016787243059276338,0.016787243059276338
thetao,W40p0,8,14,-0.016624441632539087,0.016624441632539087
thetao,W60p0,5,20,-0.01652631618628079,0.01652631618628079
so,W10p0,4,13,-0.016446285897839596,0.016446285897839596
so,W30p0,5,7,-0.016302456174245736,0.016302456174245736
so,W60p0,4,16,-0.016270508200177936,0.016270508200177936
so,W10p0,6,18,0.016187473993078395,0.016187473993078395
thetao,W20p0,9,3,0.01617629808397403,0.01617629808397403
thetao,W40p0,5,13,-0.015893515904612666,0.015893515904612666
thetao,W10p0,5,10,0.015854639161136296,0.015854639161136296
so,W60p0,7,18,0.015774038445496272,0.015774038445496272
so,W30p0,6,17,-0.015622911735521107,0.015622911735521107
thetao,W20p0,9,15,-0.015391532732052142,0.015391532732052142
thetao,W40p0,10,15,-0.015219916215315097,0.015219916215315097
so,W60p0,3,5,-0.015182915160284137,0.015182915160284137
so,W20p0,8,8,-0.015177687573648704,0.015177687573648704
so,W40p0,10,3,0.014946629431641852,0.014946629431641852
thetao,W40p0,5,18,-0.014856786754165694,0.014856786754165694
thetao,W10p0,2,0,0.014763062558751469,0.014763062558751469
so,W30p0,4,11,0.01463810859716648,0.01463810859716648
thetao,W20p0,5,18,-0.014542903160457562,0.014542903160457562
thetao,W20p0,4,13,-0.014534041418673364,0.014534041418673364
thetao,W20p0,5,7,0.014433408974661156,0.014433408974661156
so,W20p0,2,15,-0.014385422139156378,0.014385422139156378
so,W10p0,9,5,0.014246782159591725,0.014246782159591725
so,W10p0,1,5,-0.014193173617833206,0.014193173617833206
so,W20p0,4,16,0.014080247411278784,0.014080247411278784
so,W30p0,8,13,0.013970459410698034,0.013970459410698034
so,W30p0,6,10,-0.013962915059684777,0.013962915059684777
thetao,W60p0,6,4,-0.013952687372537216,0.013952687372537216
so,W20p0,2,14,0.013895210492317133,0.013895210492317133
so,W10p0,2,7,-0.013851641151905934,0.013851641151905934
so,W40p0,2,13,-0.013803901318264445,0.013803901318264445
so,W20p0,1,1,-0.01368047292663856,0.01368047292663856
thetao,W60p0,4,8,0.01366577893155966,0.01366577893155966
so,W40p0,4,10,0.013481759612912213,0.013481759612912213
so,W30p0,7,1,0.013467024601520106,0.013467024601520106
so,W30p0,10,0,0.01333460777763794,0.01333460777763794
so,W30p0,3,18,-0.01325209905834414,0.01325209905834414
so,W20p0,4,12,0.013193987393659063,0.013193987393659063
so,W60p0,6,16,-0.013118169836346352,0.013118169836346352
so,W20p0,4,17,-0.01303296223090678,0.01303296223090678
so,W10p0,5,20,-0.012930737360815785,0.012930737360815785
thetao,W30p0,7,17,0.012867138638196758,0.012867138638196758
so,W60p0,7,20,0.012789632344707348,0.012789632344707348
so,W20p0,1,3,0.012688723232666939,0.012688723232666939
so,W10p0,8,12,-0.01261280515691472,0.01261280515691472
so,W20p0,4,13,-0.012595062058570857,0.012595062058570857
so,W20p0,3,9,0.012424395104741377,0.012424395104741377
so,W60p0,2,12,0.01235536368643752,0.01235536368643752
thetao,W60p0,9,10,0.012167825592028165,0.012167825592028165
so,W40p0,8,6,-0.012017026512975154,0.012017026512975154
so,W60p0,3,15,0.011909315790270061,0.011909315790270061
so,W40p0,2,15,-0.011869218338805897,0.011869218338805897
so,W10p0,5,19,0.011851045241681738,0.011851045241681738
thetao,W20p0,10,16,-0.011687985852494535,0.011687985852494535
thetao,W30p0,6,5,-0.011680692050732239,0.011680692050732239
so,W60p0,3,9,-0.011163867273472095,0.011163867273472095
thetao,W40p0,2,17,0.01114254691102774,0.01114254691102774
so,W30p0,2,13,0.010806455551634581,0.010806455551634581
thetao,W20p0,8,10,0.010798578706109683,0.010798578706109683
so,W10p0,7,10,-0.01065756971539554,0.01065756971539554
thetao,W20p0,6,0,0.010557090213048716,0.010557090213048716
so,W10p0,3,18,-0.010491549139190237,0.010491549139190237
so,W10p0,3,7,-0.010371119407397928,0.010371119407397928
so,W20p0,1,8,-0.010284389573890983,0.010284389573890983
so,W10p0,4,14,-0.010256469612838381,0.010256469612838381
so,W60p0,3,11,0.010239825204351469,0.010239825204351469
so,W40p0,5,15,0.010128951429313663,0.010128951429313663
so,W30p0,9,18,-0.009976920508329906,0.009976920508329906
so,W20p0,1,9,0.009675564796496783,0.009675564796496783
so,W10p0,7,5,-0.009471907063096512,0.009471907063096512
so,W10p0,6,0,0.009446882394802146,0.009446882394802146
thetao,W40p0,3,13,-0.00938404891705527,0.00938404891705527
thetao,W20p0,8,20,0.009261736573684044,0.009261736573684044
thetao,W30p0,5,5,0.009213825783607053,0.009213825783607053
thetao,W20p0,6,15,-0.009207800345934766,0.009207800345934766
so,W40p0,9,3,-0.008827747125089769,0.008827747125089769
so,W20p0,6,16,0.008635150861624523,0.008635150861624523
so,W40p0,7,11,0.008593230601721815,0.008593230601721815
thetao,W30p0,1,4,-0.008258571232107725,0.008258571232107725
thetao,W40p0,5,10,0.008032627687373263,0.008032627687373263
so,W40p0,7,5,-0.007977161315637582,0.007977161315637582
so,W30p0,3,8,0.007867403239249483,0.007867403239249483
thetao,W20p0,9,14,0.007443040891656465,0.007443040891656465
so,W30p0,7,5,-0.007377992708004386,0.007377992708004386
so,W30p0,2,11,0.00734196085178211,0.00734196085178211
so,W60p0,6,8,-0.0073222135612132895,0.0073222135612132895
so,W10p0,2,8,-0.00729163013742468,0.00729163013742468
so,W40p0,3,10,-0.007214212407854565,0.007214212407854565
so,W40p0,7,18,0.007152083678516019,0.007152083678516019
so,W20p0,1,4,-0.00707039534865131,0.00707039534865131
thetao,W20p0,3,7,0.0069245070059611715,0.0069245070059611715
thetao,W20p0,5,15,-0.006883880986022494,0.006883880986022494
thetao,W60p0,6,19,0.0068815538926101935,0.0068815538926101935
so,W30p0,7,16,-0.0066576180836949985,0.0066576180836949985
thetao,W20p0,9,4,-0.006612720999890908,0.006612720999890908
so,W40p0,7,12,0.00627293635951124,0.00627293635951124
so,W40p0,8,11,-0.006207418952460177,0.006207418952460177
thetao,W40p0,5,17,0.006098802866770565,0.006098802866770565
so,W30p0,6,13,-0.0060873391074748795,0.0060873391074748795
so,W10p0,8,5,0.005965960152475447,0.005965960152475447
thetao,W40p0,5,14,-0.00590076769803273,0.00590076769803273
so,W10p0,3,5,0.005740930589483514,0.005740930589483514
thetao,W40p0,7,19,0.005542785603114702,0.005542785603114702
thetao,W60p0,3,14,-0.005230138756873627,0.005230138756873627
so,W20p0,4,15,0.0050758829604985916,0.0050758829604985916
thetao,W20p0,6,17,-0.005040174434827653,0.005040174434827653
thetao,W30p0,10,0,0.004944679302669028,0.004944679302669028
so,W20p0,7,10,0.004907720467834734,0.004907720467834734
so,W40p0,3,17,0.004798441581693508,0.004798441581693508
so,W30p0,5,20,-0.00477374332204452,0.00477374332204452
so,W10p0,5,2,0.00443068666192619,0.00443068666192619
so,W40p0,8,0,0.004344380524059654,0.004344380524059654
thetao,W60p0,9,4,-0.004300122734865815,0.004300122734865815
thetao,W40p0,1,7,0.0040878649261495235,0.0040878649261495235
so,W20p0,8,2,-0.0034999101809606897,0.0034999101809606897
so,W10p0,6,11,0.0034949751562298225,0.0034949751562298225
thetao,W20p0,10,3,0.003481883433052056,0.003481883433052056
so,W40p0,8,16,0.003473658467067953,0.003473658467067953
so,W20p0,2,17,-0.003088962083338613,0.003088962083338613
so,W60p0,6,17,-0.0030177206972267744,0.0030177206972267744
so,W20p0,9,17,-0.002721568854681062,0.002721568854681062
so,W60p0,3,4,0.0026707539155088845,0.0026707539155088845
thetao,W20p0,5,0,-0.0025964997344553216,0.0025964997344553216
thetao,W20p0,1,11,0.0024250951648604807,0.0024250951648604807
thetao,W20p0,5,6,-0.0021911519090358172,0.0021911519090358172
so,W10p0,3,1,0.0020926127968976366,0.0020926127968976366
so,W30p0,8,11,-0.002054582180670401,0.002054582180670401
thetao,W30p0,4,10,-0.0018510304672897354,0.0018510304672897354
thetao,W20p0,10,6,0.0018302260291555568,0.0018302260291555568
thetao,W40p0,10,3,-0.0016588381094546714,0.0016588381094546714
thetao,W30p0,9,5,0.001508717810910545,0.001508717810910545
so,W30p0,1,19,0.0014141566781329692,0.0014141566781329692
thetao,W20p0,9,1,-0.0013275009179775676,0.0013275009179775676
thetao,W10p0,9,11,-0.0012476884578083909,0.0012476884578083909
so,W40p0,3,11,-0.0010271489881297216,0.0010271489881297216
so,W10p0,6,1,0.0008629931241619122,0.0008629931241619122
so,W20p0,8,11,-0.0008629588347838831,0.0008629588347838831
thetao,W10p0,4,7,-0.0008241950457718686,0.0008241950457718686
thetao,W40p0,5,11,0.0007631402018580934,0.0007631402018580934
so,W60p0,7,16,-0.0007619147937848837,0.0007619147937848837
so,W30p0,6,15,0.0006837378006784834,0.0006837378006784834
so,W30p0,2,8,0.0005466602032176914,0.0005466602032176914
so,W20p0,5,11,-0.0004693825922733162,0.0004693825922733162
so,W30p0,6,16,0.0002941003804599397,0.0002941003804599397
so,W60p0,5,5,0.0002402939204820659,0.0002402939204820659
so,W60p0,10,18,0.0001523515042595016,0.0001523515042595016
so,W30p0,3,20,-4.961220622866344e-05,4.961220622866344e-05
