member,year,is_train_time,y_true,y_pred
r10i1p1f1,1853,True,18.770912,19.76205689581233
r10i1p1f1,1854,True,19.32602,19.35345440057636
r10i1p1f1,1855,True,18.864902,19.481887975521648
r10i1p1f1,1856,True,20.834633,20.13006477075507
r10i1p1f1,1857,True,21.30138,20.780657587536282
r10i1p1f1,1858,True,21.03062,21.118359274818125
r10i1p1f1,1859,True,20.061222,20.603336210812174
r10i1p1f1,1860,True,18.529905,19.392058080989763
r10i1p1f1,1861,True,17.32748,17.593462719830498
r10i1p1f1,1862,True,18.99163,18.786447416557
r10i1p1f1,1863,True,17.066998,16.84984233393173
r10i1p1f1,1864,True,15.874455,16.444527279107284
r10i1p1f1,1865,True,15.902438,17.018395369512778
r10i1p1f1,1866,True,17.314184,17.47136732025255
r10i1p1f1,1867,True,18.91616,18.741923467438074
r10i1p1f1,1868,True,20.420717,19.449662941240366
r10i1p1f1,1869,True,19.169405,19.980144537467652
r10i1p1f1,1870,True,17.978317,17.611038585329197
r10i1p1f1,1871,True,19.89189,19.005750816027366
r10i1p1f1,1872,True,19.949966,20.168192067272415
r10i1p1f1,1873,True,20.330387,20.550586704244207
r10i1p1f1,1874,True,18.553503,18.808651873078592
r10i1p1f1,1875,True,19.250368,19.40183550194061
r10i1p1f1,1876,True,21.681324,22.055641958468627
r10i1p1f1,1877,True,21.461487,22.16082542634384
r10i1p1f1,1878,True,22.72072,22.046071576885264
r10i1p1f1,1879,True,19.16123,20.535881538029116
r10i1p1f1,1880,True,19.018383,19.98846687785915
r10i1p1f1,1881,True,19.892122,19.68150053067499
r10i1p1f1,1882,True,18.996796,19.891441764649322
r10i1p1f1,1883,True,19.838377,19.88507158100748
r10i1p1f1,1884,True,19.823244,20.26196603940679
r10i1p1f1,1885,True,21.507269,21.37945043586626
r10i1p1f1,1886,True,20.061556,20.898980040568507
r10i1p1f1,1887,True,21.275967,21.50199948776385
r10i1p1f1,1888,True,20.84638,21.976371768096037
r10i1p1f1,1889,True,21.134192,22.470289250983477
r10i1p1f1,1890,True,21.476007,21.829472711999458
r10i1p1f1,1891,True,23.435843,22.831988281004367
r10i1p1f1,1892,True,22.64532,22.55140109849147
r10i1p1f1,1893,True,22.012196,21.85717335645736
r10i1p1f1,1894,True,20.80888,21.227017383566324
r10i1p1f1,1895,True,18.058638,19.507953318031007
r10i1p1f1,1896,True,19.239449,19.243999381836257
r10i1p1f1,1897,True,20.22146,20.216672547115795
r10i1p1f1,1898,True,19.799786,19.668641789048124
r10i1p1f1,1899,True,19.799637,19.81735606474089
r10i1p1f1,1900,True,20.832169,20.859274312544763
r10i1p1f1,1901,True,22.866203,22.280306721447957
r10i1p1f1,1902,True,20.228127,20.54570198108436
r10i1p1f1,1903,True,19.322636,18.882477254785385
r10i1p1f1,1904,True,21.09245,19.699965103056364
r10i1p1f1,1905,True,21.210213,20.17733060769534
r10i1p1f1,1906,True,19.560648,19.977366414735343
r10i1p1f1,1907,True,21.736042,21.816502846114634
r10i1p1f1,1908,True,20.828402,22.33744640787632
r10i1p1f1,1909,True,20.044147,21.00402164667869
r10i1p1f1,1910,True,19.717781,20.418923748188263
r10i1p1f1,1911,True,19.604586,20.30337541073029
r10i1p1f1,1912,True,19.546911,19.832975755980897
r10i1p1f1,1913,True,19.264133,20.327577567043384
r10i1p1f1,1914,True,20.129593,19.46621551895937
r10i1p1f1,1915,True,19.161863,19.990278128508955
r10i1p1f1,1916,True,18.073723,17.757513232447604
r10i1p1f1,1917,True,16.045412,17.056080221931907
r10i1p1f1,1918,True,15.893296,16.497154478654902
r10i1p1f1,1919,True,16.005358,16.499443756313433
r10i1p1f1,1920,True,17.29288,17.380319298332342
r10i1p1f1,1921,True,16.738811,16.957696583527415
r10i1p1f1,1922,True,18.68542,18.130882217321915
r10i1p1f1,1923,True,19.62243,19.737193053344242
r10i1p1f1,1924,True,17.829535,18.003023693204995
r10i1p1f1,1925,True,17.524185,17.098848389039926
r10i1p1f1,1926,True,16.759012,17.25917429121738
r10i1p1f1,1927,True,17.482779,17.266847672593336
r10i1p1f1,1928,True,19.18613,18.506981936290938
r10i1p1f1,1929,True,19.769182,19.284482242379678
r10i1p1f1,1930,True,20.540712,19.672557268321377
r10i1p1f1,1931,True,23.303133,20.88688513856068
r10i1p1f1,1932,True,23.382872,22.034921248589967
r10i1p1f1,1933,True,21.59109,20.535466221818556
r10i1p1f1,1934,True,19.857418,20.7554899610633
r10i1p1f1,1935,True,19.83248,19.26660768334258
r10i1p1f1,1936,True,20.572256,20.428285391606515
r10i1p1f1,1937,True,21.70547,21.256643286108606
r10i1p1f1,1938,True,21.758074,22.22782678091548
r10i1p1f1,1939,True,22.43035,21.88680025050727
r10i1p1f1,1940,True,21.603102,20.793751472186482
r10i1p1f1,1941,True,20.018482,19.443897160348335
r10i1p1f1,1942,True,19.727215,20.025045566038237
r10i1p1f1,1943,True,19.025948,19.105662595441682
r10i1p1f1,1944,True,18.176228,18.80024929079732
r10i1p1f1,1945,True,17.08564,18.197870266729566
r10i1p1f1,1946,True,16.99988,17.241344903285075
r10i1p1f1,1947,True,16.302195,15.686576270758728
r10i1p1f1,1948,True,15.3450365,14.557556102643419
r10i1p1f1,1949,True,15.3802395,14.778544840135515
r10i1p1f1,1950,True,17.344158,16.147031762751148
r10i1p1f1,1951,True,15.309092,15.620140411837417
r10i1p1f1,1952,True,15.214179,15.49656886503697
r10i1p1f1,1953,True,17.082438,16.04397252270486
r10i1p1f1,1954,True,16.621956,16.85444039946228
r10i1p1f1,1955,True,18.656023,18.811899475572115
r10i1p1f1,1956,True,17.363073,18.22635941316424
r10i1p1f1,1957,True,17.423265,18.375637677934506
r10i1p1f1,1958,True,17.829447,18.917425084341865
r10i1p1f1,1959,True,18.50419,18.833352720988668
r10i1p1f1,1960,True,18.928259,19.328690884540435
r10i1p1f1,1961,True,18.6989,19.665237043183897
r10i1p1f1,1962,True,20.567593,20.707261173068606
r10i1p1f1,1963,True,21.099834,21.816834706767114
r10i1p1f1,1964,True,23.81183,22.57830899473231
r10i1p1f1,1965,True,23.641876,23.267235509332846
r10i1p1f1,1966,True,22.407518,21.22593177540669
r10i1p1f1,1967,True,20.541897,20.64315776936174
r10i1p1f1,1968,True,21.203335,20.287206361392375
r10i1p1f1,1969,True,20.788769,21.001804028837846
r10i1p1f1,1970,True,23.38677,21.368716940989085
r10i1p1f1,1971,True,19.690062,19.53948547499206
r10i1p1f1,1972,True,18.965874,17.992308465829414
r10i1p1f1,1973,True,17.9485,17.142734303121145
r10i1p1f1,1974,True,17.112638,16.958968754517294
r10i1p1f1,1975,True,18.065483,17.24600357015074
r10i1p1f1,1976,True,17.338661,17.02360173616608
r10i1p1f1,1977,True,18.725353,19.06493151181283
r10i1p1f1,1978,True,19.132338,18.95313954328818
r10i1p1f1,1979,True,19.245945,18.753460268798605
r10i1p1f1,1980,True,18.889776,18.569291601249322
r10i1p1f1,1981,True,17.303183,18.319408695869615
r10i1p1f1,1982,True,17.982634,17.682914270659943
r10i1p1f1,1983,True,19.054853,19.75769211405677
r10i1p1f1,1984,True,19.604553,20.68128979893284
r10i1p1f1,1985,True,20.82912,21.168645858065155
r10i1p1f1,1986,True,20.057703,20.663677178051625
r10i1p1f1,1987,True,21.589628,21.179722879766103
r10i1p1f1,1988,True,20.599804,21.354236369520734
r10i1p1f1,1989,True,21.061422,21.419965874051247
r11i1p1f1,1853,True,19.138529,18.68737763079337
r11i1p1f1,1854,True,16.977322,17.31306019661242
r11i1p1f1,1855,True,17.473396,17.736220746320537
r11i1p1f1,1856,True,16.440016,16.862759021801025
r11i1p1f1,1857,True,18.100115,18.330272679870433
r11i1p1f1,1858,True,17.093664,18.79436319994779
r11i1p1f1,1859,True,19.750914,19.590454578721868
r11i1p1f1,1860,True,20.539158,20.605578340024937
r11i1p1f1,1861,True,21.158974,21.18949402914606
r11i1p1f1,1862,True,20.797169,20.395623620838986
r11i1p1f1,1863,True,20.593302,20.377520782147773
r11i1p1f1,1864,True,19.960894,19.839719041041057
r11i1p1f1,1865,True,19.777838,20.13405204763618
r11i1p1f1,1866,True,20.51256,19.938471516706077
r11i1p1f1,1867,True,20.708952,20.506013186307552
r11i1p1f1,1868,True,19.539635,19.352883041200435
r11i1p1f1,1869,True,17.770023,18.923117267877938
r11i1p1f1,1870,True,16.758528,17.19241755582384
r11i1p1f1,1871,True,17.948406,18.749374754384622
r11i1p1f1,1872,True,19.903957,20.178522735383645
r11i1p1f1,1873,True,18.420155,20.092424410360707
r11i1p1f1,1874,True,20.565443,21.31931255556881
r11i1p1f1,1875,True,19.88839,20.898200721678606
r11i1p1f1,1876,True,17.713966,20.007978235821057
r11i1p1f1,1877,True,17.221436,18.682150111843345
r11i1p1f1,1878,True,16.752295,19.165054193162984
r11i1p1f1,1879,True,18.282085,19.267947770613368
r11i1p1f1,1880,True,19.679365,20.055573042005285
r11i1p1f1,1881,True,19.578184,20.759725829998153
r11i1p1f1,1882,True,20.303005,21.266940120127583
r11i1p1f1,1883,True,19.734207,20.17329599828915
r11i1p1f1,1884,True,21.02608,20.708979073784647
r11i1p1f1,1885,True,21.066132,20.791100438692453
r11i1p1f1,1886,True,21.763351,20.704452237249452
r11i1p1f1,1887,True,21.64627,21.135463939678818
r11i1p1f1,1888,True,21.791553,21.045620562351612
r11i1p1f1,1889,True,20.185446,20.17096871806524
r11i1p1f1,1890,True,20.134748,20.547250922947885
r11i1p1f1,1891,True,21.254923,20.72010722829452
r11i1p1f1,1892,True,21.413776,20.888697493362418
r11i1p1f1,1893,True,21.12724,21.072811212947094
r11i1p1f1,1894,True,20.33061,20.855519046397816
r11i1p1f1,1895,True,21.205206,20.53706061808488
r11i1p1f1,1896,True,20.443504,20.915838085539498
r11i1p1f1,1897,True,20.502298,21.204126102092758
r11i1p1f1,1898,True,20.270628,21.071702900406997
r11i1p1f1,1899,True,21.526484,20.427154866678645
r11i1p1f1,1900,True,21.018034,20.511170232267542
r11i1p1f1,1901,True,21.77319,20.9710687496124
r11i1p1f1,1902,True,20.964941,19.88599551007742
r11i1p1f1,1903,True,19.731815,19.008510627042867
r11i1p1f1,1904,True,20.303087,18.866042541666182
r11i1p1f1,1905,True,20.20302,19.647742051835156
r11i1p1f1,1906,True,18.861933,18.133532748500333
r11i1p1f1,1907,True,19.467436,18.556085385348922
r11i1p1f1,1908,True,19.060307,18.690869014183484
r11i1p1f1,1909,True,19.76015,20.173010060363474
r11i1p1f1,1910,True,18.625078,18.599504941373205
r11i1p1f1,1911,True,18.572718,18.003532465433903
r11i1p1f1,1912,True,16.77913,17.32216003624358
r11i1p1f1,1913,True,19.2399,17.99090437274396
r11i1p1f1,1914,True,19.472334,18.75041484491222
r11i1p1f1,1915,True,19.527617,18.994625097336836
r11i1p1f1,1916,True,19.425013,18.69677902258791
r11i1p1f1,1917,True,17.946482,18.98496744351899
r11i1p1f1,1918,True,20.333805,20.452670722716046
r11i1p1f1,1919,True,20.753674,20.85112942263571
r11i1p1f1,1920,True,20.672188,21.21510532792321
r11i1p1f1,1921,True,20.661432,20.6539139582675
r11i1p1f1,1922,True,20.302399,21.175062935908908
r11i1p1f1,1923,True,18.496418,19.689921440461358
r11i1p1f1,1924,True,20.612803,20.874605241333956
r11i1p1f1,1925,True,22.220493,21.420651212035093
r11i1p1f1,1926,True,21.36728,20.726227926501913
r11i1p1f1,1927,True,19.89423,19.80789369897496
r11i1p1f1,1928,True,18.782974,19.164947992962077
r11i1p1f1,1929,True,18.529,19.15758606933585
r11i1p1f1,1930,True,19.2215,19.365543956330715
r11i1p1f1,1931,True,18.056736,16.641051047150107
r11i1p1f1,1932,True,16.203735,16.445600335139982
r11i1p1f1,1933,True,16.618404,16.402561057968573
r11i1p1f1,1934,True,17.766949,17.186677947254967
r11i1p1f1,1935,True,18.433079,18.458931147625027
r11i1p1f1,1936,True,19.171705,18.318725972047687
r11i1p1f1,1937,True,18.543957,18.093201902616446
r11i1p1f1,1938,True,18.93933,17.547032802152653
r11i1p1f1,1939,True,20.078394,18.938694488999776
r11i1p1f1,1940,True,19.192123,18.681728498411847
r11i1p1f1,1941,True,18.169697,18.20747437557276
r11i1p1f1,1942,True,19.26576,18.683920023963893
r11i1p1f1,1943,True,20.08548,19.305117199993724
r11i1p1f1,1944,True,19.354101,19.713782946864654
r11i1p1f1,1945,True,19.95564,19.331773987527576
r11i1p1f1,1946,True,20.938444,21.212322361092735
r11i1p1f1,1947,True,20.42081,22.0161439275179
r11i1p1f1,1948,True,22.468887,21.697084472632543
r11i1p1f1,1949,True,22.87983,22.724045119831985
r11i1p1f1,1950,True,23.216768,23.17928628672236
r11i1p1f1,1951,True,21.714039,22.050248445617722
r11i1p1f1,1952,True,20.629816,21.2797698853841
r11i1p1f1,1953,True,18.017895,18.67980821736827
r11i1p1f1,1954,True,17.989262,18.198594881264285
r11i1p1f1,1955,True,17.884268,19.08208934018082
r11i1p1f1,1956,True,18.483961,19.010439683927608
r11i1p1f1,1957,True,19.722279,19.463325559983964
r11i1p1f1,1958,True,21.159601,20.559846370759445
r11i1p1f1,1959,True,19.882326,19.548602876333273
r11i1p1f1,1960,True,19.682777,19.056946083559062
r11i1p1f1,1961,True,17.559423,16.369663411744163
r11i1p1f1,1962,True,16.167145,15.284800046957034
r11i1p1f1,1963,True,15.933079,16.06424517907237
r11i1p1f1,1964,True,18.19674,16.790195321711103
r11i1p1f1,1965,True,17.593643,16.88799049178742
r11i1p1f1,1966,True,17.963202,17.918829862312375
r11i1p1f1,1967,True,19.129238,19.42613965726561
r11i1p1f1,1968,True,18.083443,18.527154384208725
r11i1p1f1,1969,True,17.665064,18.56591153915769
r11i1p1f1,1970,True,18.100187,18.705742652967576
r11i1p1f1,1971,True,18.978462,19.465462882857633
r11i1p1f1,1972,True,17.632347,18.911498096630336
r11i1p1f1,1973,True,19.381649,19.00464596382376
r11i1p1f1,1974,True,19.491405,19.67942332412319
r11i1p1f1,1975,True,21.783772,21.298688866425238
r11i1p1f1,1976,True,20.78847,20.153900129811323
r11i1p1f1,1977,True,20.596556,19.63232729752457
r11i1p1f1,1978,True,21.567915,20.535447109017223
r11i1p1f1,1979,True,21.932766,20.69188269360863
r11i1p1f1,1980,True,20.452295,19.909436488948884
r11i1p1f1,1981,True,19.346117,19.0303531908702
r11i1p1f1,1982,True,16.182013,18.074887619060437
r11i1p1f1,1983,True,17.219528,17.50801624829151
r11i1p1f1,1984,True,17.28773,17.933198190275014
r11i1p1f1,1985,True,17.053179,18.211531900052208
r11i1p1f1,1986,True,18.951283,18.542257761570887
r11i1p1f1,1987,True,20.165356,19.84438533158064
r11i1p1f1,1988,True,20.137012,20.23514448691186
r11i1p1f1,1989,True,18.947504,18.728116173379192
r12i1p1f1,1853,True,19.619867,19.491197684325062
r12i1p1f1,1854,True,19.371256,17.86157328825632
r12i1p1f1,1855,True,16.794044,16.520476180907455
r12i1p1f1,1856,True,17.041166,16.38255616836597
r12i1p1f1,1857,True,17.692745,17.947863487066773
r12i1p1f1,1858,True,17.637693,18.22923796172906
r12i1p1f1,1859,True,16.879774,17.66995652320376
r12i1p1f1,1860,True,17.45017,16.43219152755443
r12i1p1f1,1861,True,16.904844,16.043029937651127
r12i1p1f1,1862,True,17.25289,15.890633978566882
r12i1p1f1,1863,True,15.679454,14.983192158474363
r12i1p1f1,1864,True,15.670601,15.238932358600461
r12i1p1f1,1865,True,16.647017,15.420936040081695
r12i1p1f1,1866,True,18.733093,17.866520616234187
r12i1p1f1,1867,True,18.367123,18.097931479630613
r12i1p1f1,1868,True,18.37876,17.793040976314554
r12i1p1f1,1869,True,20.162039,19.79375329320653
r12i1p1f1,1870,True,21.000292,20.46119308938808
r12i1p1f1,1871,True,20.38461,21.507471299610483
r12i1p1f1,1872,True,22.178562,21.846954572675738
r12i1p1f1,1873,True,21.349487,21.565020914107176
r12i1p1f1,1874,True,19.823532,20.741364642716523
r12i1p1f1,1875,True,19.250544,19.61860760822394
r12i1p1f1,1876,True,18.734486,19.099504592347422
r12i1p1f1,1877,True,19.981422,19.418807218111855
r12i1p1f1,1878,True,18.519463,18.84486552320635
r12i1p1f1,1879,True,18.505579,19.59015904636137
r12i1p1f1,1880,True,18.084818,19.405826290529035
r12i1p1f1,1881,True,19.956753,20.572389361350464
r12i1p1f1,1882,True,20.526926,20.988814767100646
r12i1p1f1,1883,True,22.272503,21.29425623420005
r12i1p1f1,1884,True,24.14238,22.953375048063265
r12i1p1f1,1885,True,23.75317,21.950097117082134
r12i1p1f1,1886,True,22.252518,21.016162098473384
r12i1p1f1,1887,True,19.984407,19.705662400003405
r12i1p1f1,1888,True,20.622763,20.31854767949585
r12i1p1f1,1889,True,22.119661,21.604426627109518
r12i1p1f1,1890,True,22.6261,21.38750722576396
r12i1p1f1,1891,True,21.556448,20.952722319501383
r12i1p1f1,1892,True,20.288712,20.304201784951495
r12i1p1f1,1893,True,20.100353,20.017041837868813
r12i1p1f1,1894,True,20.752768,20.770198298222827
r12i1p1f1,1895,True,21.085058,21.02742969112245
r12i1p1f1,1896,True,20.946617,21.856019025225706
r12i1p1f1,1897,True,20.118898,21.019768973648095
r12i1p1f1,1898,True,20.379663,21.381781129445418
r12i1p1f1,1899,True,20.923895,20.409540219613245
r12i1p1f1,1900,True,21.460253,20.56579108422049
r12i1p1f1,1901,True,20.052282,20.211007600053414
r12i1p1f1,1902,True,18.822266,18.283791416663625
r12i1p1f1,1903,True,17.790066,18.44018871034199
r12i1p1f1,1904,True,17.3061,17.48898529897795
r12i1p1f1,1905,True,18.68319,18.3721864193148
r12i1p1f1,1906,True,17.537302,18.722082033432766
r12i1p1f1,1907,True,19.321218,19.06279984164854
r12i1p1f1,1908,True,19.815088,19.24655384022869
r12i1p1f1,1909,True,18.84926,18.73816655849542
r12i1p1f1,1910,True,17.699764,18.228119539178053
r12i1p1f1,1911,True,20.238344,19.564997141845442
r12i1p1f1,1912,True,19.456673,19.883682894998838
r12i1p1f1,1913,True,19.816072,19.554438672689223
r12i1p1f1,1914,True,21.057583,20.124845387556427
r12i1p1f1,1915,True,22.126719,21.432604278889777
r12i1p1f1,1916,True,20.376118,20.684259386606264
r12i1p1f1,1917,True,20.456099,19.216082714650575
r12i1p1f1,1918,True,21.689453,20.547431613692858
r12i1p1f1,1919,True,20.559034,21.177898656622084
r12i1p1f1,1920,True,19.680088,20.562148354535154
r12i1p1f1,1921,True,19.386187,19.61834171446935
r12i1p1f1,1922,True,18.992878,19.785301420795843
r12i1p1f1,1923,True,20.390598,20.568372618793834
r12i1p1f1,1924,True,22.527895,22.525282474303502
r12i1p1f1,1925,True,21.96423,22.30437805458975
r12i1p1f1,1926,True,20.338802,20.17139872945095
r12i1p1f1,1927,True,17.082872,17.972994371580683
r12i1p1f1,1928,True,17.333265,17.348560549220803
r12i1p1f1,1929,True,16.72352,16.243195497621798
r12i1p1f1,1930,True,16.000927,15.974044284437857
r12i1p1f1,1931,True,17.476793,17.54943188984632
r12i1p1f1,1932,True,18.500261,18.037605961161045
r12i1p1f1,1933,True,17.330223,18.528120933130523
r12i1p1f1,1934,True,17.463985,17.54212914969729
r12i1p1f1,1935,True,17.85256,17.355669829001346
r12i1p1f1,1936,True,17.067831,17.812063729841793
r12i1p1f1,1937,True,17.392475,17.353946739810887
r12i1p1f1,1938,True,15.9323635,17.43669707374144
r12i1p1f1,1939,True,17.63768,17.896008773905187
r12i1p1f1,1940,True,20.208742,21.009874364182426
r12i1p1f1,1941,True,21.791557,21.752242391776868
r12i1p1f1,1942,True,19.526777,20.146197382886413
r12i1p1f1,1943,True,22.262074,20.959763566956084
r12i1p1f1,1944,True,21.678827,20.392826424033167
r12i1p1f1,1945,True,22.996473,21.855731259333393
r12i1p1f1,1946,True,22.63028,21.769936994077042
r12i1p1f1,1947,True,20.912088,20.358616435606017
r12i1p1f1,1948,True,20.547544,20.154160965847424
r12i1p1f1,1949,True,16.756716,18.290740273022582
r12i1p1f1,1950,True,19.167585,18.555460301684388
r12i1p1f1,1951,True,19.746834,20.37712381636023
r12i1p1f1,1952,True,17.814774,19.251959617373142
r12i1p1f1,1953,True,18.098652,18.67737278642301
r12i1p1f1,1954,True,19.540565,19.15578842661939
r12i1p1f1,1955,True,20.185097,19.850390249569635
r12i1p1f1,1956,True,19.76738,20.89566155110632
r12i1p1f1,1957,True,18.12885,19.82045480328407
r12i1p1f1,1958,True,17.83949,18.445300321611782
r12i1p1f1,1959,True,17.627388,18.163144890404055
r12i1p1f1,1960,True,20.028944,19.277205158638747
r12i1p1f1,1961,True,18.584742,18.53742903425025
r12i1p1f1,1962,True,18.331493,18.187177662316188
r12i1p1f1,1963,True,17.944824,17.99400342044718
r12i1p1f1,1964,True,17.90427,18.69913947872396
r12i1p1f1,1965,True,17.49326,19.490250851486415
r12i1p1f1,1966,True,18.478981,18.619634405840962
r12i1p1f1,1967,True,19.492207,19.095970450497774
r12i1p1f1,1968,True,22.083935,21.591193435843962
r12i1p1f1,1969,True,22.394276,23.323580959092663
r12i1p1f1,1970,True,22.741932,22.520956861297947
r12i1p1f1,1971,True,21.909206,21.81321366532835
r12i1p1f1,1972,True,21.319052,21.36053810508269
r12i1p1f1,1973,True,19.625513,20.676004610598653
r12i1p1f1,1974,True,19.796291,19.973250305359304
r12i1p1f1,1975,True,18.201456,18.654363857502677
r12i1p1f1,1976,True,18.071344,18.18514199263938
r12i1p1f1,1977,True,19.35226,18.416642079210796
r12i1p1f1,1978,True,20.601578,19.754755128026854
r12i1p1f1,1979,True,20.391367,19.723877647245885
r12i1p1f1,1980,True,20.48933,20.53194169624153
r12i1p1f1,1981,True,21.044035,20.67263208229587
r12i1p1f1,1982,True,18.285517,19.613738383697616
r12i1p1f1,1983,True,17.869669,18.145060783194054
r12i1p1f1,1984,True,18.170156,18.64913681963696
r12i1p1f1,1985,True,17.223711,18.061863014371568
r12i1p1f1,1986,True,18.265253,18.635171097865737
r12i1p1f1,1987,True,19.18854,19.49505294010661
r12i1p1f1,1988,True,18.678116,19.474702142894238
r12i1p1f1,1989,True,19.971842,19.958796944888036
r13i1p1f1,1853,True,21.86416,22.552016724183282
r13i1p1f1,1854,True,21.135284,21.79001804935368
r13i1p1f1,1855,True,21.85871,21.24738022750742
r13i1p1f1,1856,True,19.424683,19.588330002026375
r13i1p1f1,1857,True,19.75152,19.977198261658266
r13i1p1f1,1858,True,21.068739,19.92416641734262
r13i1p1f1,1859,True,18.610767,19.78846038625612
r13i1p1f1,1860,True,17.818668,18.21693235098602
r13i1p1f1,1861,True,19.295727,19.683625392190166
r13i1p1f1,1862,True,21.350222,20.324372905135263
r13i1p1f1,1863,True,20.747417,20.52735745500732
r13i1p1f1,1864,True,20.947248,21.329006253243005
r13i1p1f1,1865,True,20.102274,20.32946497366647
r13i1p1f1,1866,True,18.837269,18.393424623909027
r13i1p1f1,1867,True,18.318758,17.79319902107541
r13i1p1f1,1868,True,19.768005,18.987301364534677
r13i1p1f1,1869,True,19.5458,18.578988545576482
r13i1p1f1,1870,True,17.151253,17.714889417832598
r13i1p1f1,1871,True,17.246845,17.999001831902017
r13i1p1f1,1872,True,18.531313,17.916662108080835
r13i1p1f1,1873,True,17.495245,17.83303506443417
r13i1p1f1,1874,True,16.87236,17.112337915999536
r13i1p1f1,1875,True,18.220861,17.72407978731808
r13i1p1f1,1876,True,18.341387,18.490021969304877
r13i1p1f1,1877,True,20.509964,19.643150958712866
r13i1p1f1,1878,True,22.244354,21.80059318944425
r13i1p1f1,1879,True,21.95626,21.283943234940235
r13i1p1f1,1880,True,21.922905,21.740065559698344
r13i1p1f1,1881,True,21.911324,20.32911670621268
r13i1p1f1,1882,True,20.790596,20.378955402169808
r13i1p1f1,1883,True,20.901958,19.953993136005913
r13i1p1f1,1884,True,17.738602,17.78894697579557
r13i1p1f1,1885,True,17.583368,17.455624358327256
r13i1p1f1,1886,True,18.22611,18.369932762541772
r13i1p1f1,1887,True,17.256725,17.94080670704791
r13i1p1f1,1888,True,17.459211,18.064096111454063
r13i1p1f1,1889,True,20.260126,20.516882152432043
r13i1p1f1,1890,True,22.221064,21.866913471750486
r13i1p1f1,1891,True,18.951614,19.313879655345026
r13i1p1f1,1892,True,18.136438,19.477967435921006
r13i1p1f1,1893,True,19.858967,19.630154090187162
r13i1p1f1,1894,True,21.06824,20.010831814625103
r13i1p1f1,1895,True,20.69781,20.446266185230396
r13i1p1f1,1896,True,20.272932,19.615293761278853
r13i1p1f1,1897,True,21.014444,19.495547374507314
r13i1p1f1,1898,True,18.431293,19.735073006278885
r13i1p1f1,1899,True,19.719818,19.729525741859153
r13i1p1f1,1900,True,19.021812,19.56619673210913
r13i1p1f1,1901,True,20.540642,20.742052740125843
r13i1p1f1,1902,True,19.57455,20.658762287372916
r13i1p1f1,1903,True,19.357395,19.68887254913293
r13i1p1f1,1904,True,20.237087,20.349371927810775
r13i1p1f1,1905,True,18.402407,18.518888978700073
r13i1p1f1,1906,True,18.219435,18.24971306066864
r13i1p1f1,1907,True,19.37883,20.25717990925754
r13i1p1f1,1908,True,19.908525,20.060208123786307
r13i1p1f1,1909,True,21.016783,21.471533168903477
r13i1p1f1,1910,True,22.877844,22.18780179104894
r13i1p1f1,1911,True,20.611237,20.647413157637764
r13i1p1f1,1912,True,18.229572,18.84429820220848
r13i1p1f1,1913,True,18.550762,18.79869336055555
r13i1p1f1,1914,True,17.873728,18.49096348254013
r13i1p1f1,1915,True,19.761244,18.87491367638694
r13i1p1f1,1916,True,20.21091,20.55621077792308
r13i1p1f1,1917,True,19.888916,20.24107056397638
r13i1p1f1,1918,True,18.952166,19.230890950701745
r13i1p1f1,1919,True,20.77029,20.966907575699693
r13i1p1f1,1920,True,21.061716,21.275428239387452
r13i1p1f1,1921,True,21.76795,21.570172052123155
r13i1p1f1,1922,True,22.474644,21.655613896193692
r13i1p1f1,1923,True,20.983019,21.3918906428771
r13i1p1f1,1924,True,20.453268,20.662445994358013
r13i1p1f1,1925,True,21.049244,21.002549572085517
r13i1p1f1,1926,True,20.028927,20.380273672499428
r13i1p1f1,1927,True,20.776783,20.816977742965932
r13i1p1f1,1928,True,22.136705,21.730933961544757
r13i1p1f1,1929,True,21.26842,21.115021496889046
r13i1p1f1,1930,True,19.347551,19.813277527032536
r13i1p1f1,1931,True,19.11477,19.462181263684883
r13i1p1f1,1932,True,18.60104,19.94667170622651
r13i1p1f1,1933,True,18.241718,18.910991673157874
r13i1p1f1,1934,True,18.119415,18.148896609686407
r13i1p1f1,1935,True,19.068872,19.366824465451536
r13i1p1f1,1936,True,19.12844,19.590054624379693
r13i1p1f1,1937,True,19.307701,19.148066357182696
r13i1p1f1,1938,True,17.211668,18.340068181666833
r13i1p1f1,1939,True,15.6793165,17.32873697302339
r13i1p1f1,1940,True,16.956106,17.22938587063996
r13i1p1f1,1941,True,18.304987,18.449074219330722
r13i1p1f1,1942,True,19.062689,19.416124683503416
r13i1p1f1,1943,True,18.747953,19.637525952136244
r13i1p1f1,1944,True,19.66226,19.99820525963454
r13i1p1f1,1945,True,19.684181,19.364323910225025
r13i1p1f1,1946,True,19.76423,19.348803736812528
r13i1p1f1,1947,True,20.95487,20.39628267126696
r13i1p1f1,1948,True,20.14322,21.302549585116672
r13i1p1f1,1949,True,19.0518,21.559645768492324
r13i1p1f1,1950,True,19.572405,21.063020167011267
r13i1p1f1,1951,True,21.352005,21.242608688186575
r13i1p1f1,1952,True,21.17072,20.850689556480972
r13i1p1f1,1953,True,18.442614,20.479106582205638
r13i1p1f1,1954,True,19.84612,20.043093093587512
r13i1p1f1,1955,True,18.430056,19.19188985641249
r13i1p1f1,1956,True,17.667496,18.694491222117037
r13i1p1f1,1957,True,20.11916,19.26845800172974
r13i1p1f1,1958,True,20.541632,20.173441735141754
r13i1p1f1,1959,True,21.261127,20.57899234286278
r13i1p1f1,1960,True,22.09681,20.211758840196858
r13i1p1f1,1961,True,20.81079,20.37029114890604
r13i1p1f1,1962,True,18.549301,18.454017727046782
r13i1p1f1,1963,True,18.055204,18.015066236059056
r13i1p1f1,1964,True,17.430744,16.929303843690693
r13i1p1f1,1965,True,17.86736,17.812419386729243
r13i1p1f1,1966,True,20.475344,19.680160939491657
r13i1p1f1,1967,True,20.190914,19.596351715593553
r13i1p1f1,1968,True,19.611588,18.984100948121725
r13i1p1f1,1969,True,19.121862,18.849599664334846
r13i1p1f1,1970,True,20.924616,19.43478500874804
r13i1p1f1,1971,True,20.0158,20.163708347999552
r13i1p1f1,1972,True,18.536339,19.18345443539246
r13i1p1f1,1973,True,20.298258,19.241598407052663
r13i1p1f1,1974,True,19.978159,19.882195241434395
r13i1p1f1,1975,True,20.545774,19.394392330364404
r13i1p1f1,1976,True,19.542664,19.05810091802676
r13i1p1f1,1977,True,19.45669,18.762124529663947
r13i1p1f1,1978,True,17.999115,17.845692150251466
r13i1p1f1,1979,True,16.378103,17.056812364667177
r13i1p1f1,1980,True,16.762508,16.684452943716128
r13i1p1f1,1981,True,19.336164,18.55362474472939
r13i1p1f1,1982,True,22.000679,20.237658398753716
r13i1p1f1,1983,True,22.093338,20.875784351981533
r13i1p1f1,1984,True,20.060581,19.345580506304792
r13i1p1f1,1985,True,17.60628,17.61748758051849
r13i1p1f1,1986,True,16.991041,17.221461991088034
r13i1p1f1,1987,True,16.61846,16.132088434866915
r13i1p1f1,1988,True,17.802195,17.482455721539985
r13i1p1f1,1989,True,17.883396,18.16189867031049
r14i1p1f1,1853,True,20.581808,19.170228990647498
r14i1p1f1,1854,True,21.444214,20.594006258898325
r14i1p1f1,1855,True,21.068651,20.81998969976784
r14i1p1f1,1856,True,20.557524,20.08429293402864
r14i1p1f1,1857,True,19.332022,19.25787872875604
r14i1p1f1,1858,True,20.898512,19.456887330774208
r14i1p1f1,1859,True,20.437946,20.129575798003334
r14i1p1f1,1860,True,19.511833,19.231279624544975
r14i1p1f1,1861,True,17.890415,19.066825240539337
r14i1p1f1,1862,True,18.124834,18.3200050673072
r14i1p1f1,1863,True,19.055216,19.211395347478096
r14i1p1f1,1864,True,19.574585,20.081246861685063
r14i1p1f1,1865,True,19.37168,20.49072356392549
r14i1p1f1,1866,True,20.103354,20.390893292504778
r14i1p1f1,1867,True,19.853357,20.719063901240798
r14i1p1f1,1868,True,19.63901,19.642975029482987
r14i1p1f1,1869,True,18.876158,18.871929210804346
r14i1p1f1,1870,True,18.798693,18.00304807715955
r14i1p1f1,1871,True,18.451965,18.671137173335154
r14i1p1f1,1872,True,18.31282,18.80221734558093
r14i1p1f1,1873,True,19.935682,19.59337923806703
r14i1p1f1,1874,True,18.946264,19.502368297336695
r14i1p1f1,1875,True,18.91269,18.75064784974407
r14i1p1f1,1876,True,18.336452,18.11002146799331
r14i1p1f1,1877,True,17.856373,17.685219248984584
r14i1p1f1,1878,True,18.939293,18.56696293023855
r14i1p1f1,1879,True,19.469036,19.21846051056852
r14i1p1f1,1880,True,21.009712,20.07319972919984
r14i1p1f1,1881,True,21.97399,21.77217446773336
r14i1p1f1,1882,True,22.62731,21.784061714116227
r14i1p1f1,1883,True,24.790419,23.64552353923417
r14i1p1f1,1884,True,23.227898,23.079800752532414
r14i1p1f1,1885,True,23.975725,22.533941632110825
r14i1p1f1,1886,True,22.100138,22.707358545229912
r14i1p1f1,1887,True,21.698849,22.689283064857538
r14i1p1f1,1888,True,21.84162,22.136982949584315
r14i1p1f1,1889,True,21.583681,21.3141331694559
r14i1p1f1,1890,True,21.23787,21.0915652496314
r14i1p1f1,1891,True,21.517405,20.560469059112165
r14i1p1f1,1892,True,21.935883,20.90827511201912
r14i1p1f1,1893,True,21.429136,20.775591509072385
r14i1p1f1,1894,True,21.517796,21.01160968920879
r14i1p1f1,1895,True,20.82033,20.477689233738683
r14i1p1f1,1896,True,21.664253,21.139829077939304
r14i1p1f1,1897,True,22.341862,21.942099303651236
r14i1p1f1,1898,True,22.115108,22.10709678364228
r14i1p1f1,1899,True,21.168432,21.459157856959386
r14i1p1f1,1900,True,18.8731,20.532934496364884
r14i1p1f1,1901,True,20.263214,20.06238555632706
r14i1p1f1,1902,True,17.87937,18.347613381830097
r14i1p1f1,1903,True,18.483469,18.46680651417779
r14i1p1f1,1904,True,19.339361,19.660823939617984
r14i1p1f1,1905,True,20.008913,19.349312578755217
r14i1p1f1,1906,True,19.590195,19.89370058746834
r14i1p1f1,1907,True,19.144278,19.517439328281604
r14i1p1f1,1908,True,19.818197,20.30011457835738
r14i1p1f1,1909,True,19.178848,19.14403583185842
r14i1p1f1,1910,True,19.991186,19.932030399454202
r14i1p1f1,1911,True,21.133797,20.59932177095133
r14i1p1f1,1912,True,19.71818,19.519507587484828
r14i1p1f1,1913,True,17.585146,18.86590175699712
r14i1p1f1,1914,True,18.995493,18.860823950370367
r14i1p1f1,1915,True,18.284698,19.75176958382386
r14i1p1f1,1916,True,19.303013,19.10604140580235
r14i1p1f1,1917,True,19.461378,19.33537126106902
r14i1p1f1,1918,True,20.482342,20.57810015172615
r14i1p1f1,1919,True,17.359077,18.846899379671207
r14i1p1f1,1920,True,18.48285,19.2322872691548
r14i1p1f1,1921,True,19.032553,19.62226690542856
r14i1p1f1,1922,True,19.07595,18.848888171649204
r14i1p1f1,1923,True,19.672842,19.732649014556415
r14i1p1f1,1924,True,18.820454,19.207737292997518
r14i1p1f1,1925,True,18.832644,18.558247314418107
r14i1p1f1,1926,True,18.149876,18.940891588307988
r14i1p1f1,1927,True,18.757185,19.22574785628164
r14i1p1f1,1928,True,18.835598,18.683541213031365
r14i1p1f1,1929,True,20.682348,20.274892337347648
r14i1p1f1,1930,True,20.229927,20.640909121322785
r14i1p1f1,1931,True,18.741758,19.481739961847563
r14i1p1f1,1932,True,18.959011,19.150269367097344
r14i1p1f1,1933,True,18.88507,18.759361675162292
r14i1p1f1,1934,True,19.47599,19.68730621125352
r14i1p1f1,1935,True,20.681665,19.68840450978844
r14i1p1f1,1936,True,18.721186,19.10151575380657
r14i1p1f1,1937,True,18.958996,19.278192459671846
r14i1p1f1,1938,True,18.625149,18.52103566378944
r14i1p1f1,1939,True,18.769714,18.424256246707994
r14i1p1f1,1940,True,16.001728,16.982447538633963
r14i1p1f1,1941,True,16.802565,16.724807549322993
r14i1p1f1,1942,True,16.971016,17.01975723073688
r14i1p1f1,1943,True,16.46704,17.283901213630294
r14i1p1f1,1944,True,16.74362,17.349820505911254
r14i1p1f1,1945,True,15.931791,17.594157257322177
r14i1p1f1,1946,True,15.491616,15.939836047350987
r14i1p1f1,1947,True,15.756665,15.659266978424029
r14i1p1f1,1948,True,16.972172,16.9631111045264
r14i1p1f1,1949,True,19.6115,19.129934761413004
r14i1p1f1,1950,True,22.143757,21.927751232090582
r14i1p1f1,1951,True,20.710468,21.04944169653496
r14i1p1f1,1952,True,19.34347,19.62457908154311
r14i1p1f1,1953,True,19.13089,18.618004329299108
r14i1p1f1,1954,True,20.296227,19.618991381861925
r14i1p1f1,1955,True,21.265522,20.270207387425888
r14i1p1f1,1956,True,18.779758,18.79126482415613
r14i1p1f1,1957,True,18.777363,18.175025539106045
r14i1p1f1,1958,True,19.936674,18.980180893698922
r14i1p1f1,1959,True,18.627645,18.268855495488793
r14i1p1f1,1960,True,19.402489,18.657072775051624
r14i1p1f1,1961,True,18.971636,19.08947755894677
r14i1p1f1,1962,True,19.69344,19.621410609170013
r14i1p1f1,1963,True,22.431202,20.83828764063186
r14i1p1f1,1964,True,20.131067,19.39837327046996
r14i1p1f1,1965,True,17.57897,18.087729672088635
r14i1p1f1,1966,True,17.282017,17.489172051865246
r14i1p1f1,1967,True,17.869677,17.663969539260172
r14i1p1f1,1968,True,17.99512,18.43935780779138
r14i1p1f1,1969,True,17.606976,18.761522561806544
r14i1p1f1,1970,True,17.903278,18.3070376893036
r14i1p1f1,1971,True,18.428827,17.798803775373486
r14i1p1f1,1972,True,17.9417,18.167804691240686
r14i1p1f1,1973,True,19.913246,19.7023616441218
r14i1p1f1,1974,True,18.100992,19.756738634460714
r14i1p1f1,1975,True,18.996422,19.503594383006412
r14i1p1f1,1976,True,19.415796,18.84255484003676
r14i1p1f1,1977,True,18.026543,18.26143457246398
r14i1p1f1,1978,True,17.618362,17.505759987003195
r14i1p1f1,1979,True,17.865494,18.14630543020731
r14i1p1f1,1980,True,19.25736,19.694395887076524
r14i1p1f1,1981,True,20.180103,20.708605334481344
r14i1p1f1,1982,True,20.791924,20.321957987988984
r14i1p1f1,1983,True,18.959726,19.143559592067763
r14i1p1f1,1984,True,19.436954,19.2568894286861
r14i1p1f1,1985,True,19.007769,19.27020521269855
r14i1p1f1,1986,True,18.616688,18.77415929923112
r14i1p1f1,1987,True,18.73494,18.282007685883702
r14i1p1f1,1988,True,17.33351,17.224640124496275
r14i1p1f1,1989,True,17.98136,17.55428792779481
r15i1p1f1,1853,True,21.599016,21.134936358860866
r15i1p1f1,1854,True,20.787867,20.0520182481414
r15i1p1f1,1855,True,18.028694,18.335546746165864
r15i1p1f1,1856,True,16.704424,17.927672226579347
r15i1p1f1,1857,True,17.896397,18.014560076033455
r15i1p1f1,1858,True,19.375948,19.022897271746523
r15i1p1f1,1859,True,20.140936,19.622342988922384
r15i1p1f1,1860,True,19.095255,18.632383916109852
r15i1p1f1,1861,True,20.179253,19.514907081500343
r15i1p1f1,1862,True,18.959087,19.4277511950725
r15i1p1f1,1863,True,18.668295,19.394238560537726
r15i1p1f1,1864,True,19.114828,19.566081849511782
r15i1p1f1,1865,True,20.086174,20.585710517146165
r15i1p1f1,1866,True,18.43803,19.39697066319244
r15i1p1f1,1867,True,18.297241,18.261088018731243
r15i1p1f1,1868,True,19.295713,19.30533409353102
r15i1p1f1,1869,True,19.945282,20.456571921135662
r15i1p1f1,1870,True,18.795261,19.473154663247733
r15i1p1f1,1871,True,19.453064,18.536537979556186
r15i1p1f1,1872,True,18.360378,18.874058774185354
r15i1p1f1,1873,True,18.918602,18.377129526363067
r15i1p1f1,1874,True,19.60209,19.345513226495903
r15i1p1f1,1875,True,17.67652,18.304611943523135
r15i1p1f1,1876,True,19.32138,19.4878458854832
r15i1p1f1,1877,True,19.114168,20.114798038460435
r15i1p1f1,1878,True,19.304516,19.60567639128615
r15i1p1f1,1879,True,18.637833,19.318172968100704
r15i1p1f1,1880,True,18.29565,19.027333545298283
r15i1p1f1,1881,True,16.844795,17.389263328409733
r15i1p1f1,1882,True,17.830992,17.37459750140595
r15i1p1f1,1883,True,16.309364,18.065505782444063
r15i1p1f1,1884,True,17.254679,17.957512231526852
r15i1p1f1,1885,True,18.584215,18.656804098149482
r15i1p1f1,1886,True,20.450497,20.248498686077998
r15i1p1f1,1887,True,18.690859,18.987214607152517
r15i1p1f1,1888,True,19.016897,18.640054622700088
r15i1p1f1,1889,True,18.247252,18.875439218063246
r15i1p1f1,1890,True,18.202198,18.052241339281224
r15i1p1f1,1891,True,18.796883,18.281894042857687
r15i1p1f1,1892,True,17.854044,18.109184970249434
r15i1p1f1,1893,True,17.239386,18.118376680135324
r15i1p1f1,1894,True,19.007624,18.270068404316227
r15i1p1f1,1895,True,17.928558,17.88486038585572
r15i1p1f1,1896,True,17.715666,17.811715652139522
r15i1p1f1,1897,True,16.393265,16.86742840417207
r15i1p1f1,1898,True,17.604086,17.22954685997038
r15i1p1f1,1899,True,16.826725,16.729923241778984
r15i1p1f1,1900,True,18.700258,18.43375357617762
r15i1p1f1,1901,True,19.905731,20.01299725747846
r15i1p1f1,1902,True,19.694706,19.939911711616716
r15i1p1f1,1903,True,19.485937,19.640184188513278
r15i1p1f1,1904,True,19.407482,19.554267288367125
r15i1p1f1,1905,True,22.520807,20.883452971541818
r15i1p1f1,1906,True,22.058086,21.443127992680587
r15i1p1f1,1907,True,24.213789,22.353597529883928
r15i1p1f1,1908,True,24.74106,22.99715268538429
r15i1p1f1,1909,True,24.224407,22.99395419526361
r15i1p1f1,1910,True,23.393091,23.110860916844032
r15i1p1f1,1911,True,24.51481,22.48391647190544
r15i1p1f1,1912,True,23.540186,23.02385801968083
r15i1p1f1,1913,True,21.4529,20.701861627087606
r15i1p1f1,1914,True,21.654905,21.34659594728269
r15i1p1f1,1915,True,19.477602,19.696799281110597
r15i1p1f1,1916,True,19.098272,19.73119079283742
r15i1p1f1,1917,True,18.242222,19.50896950796122
r15i1p1f1,1918,True,19.291525,19.64164225639822
r15i1p1f1,1919,True,21.119732,20.914245325945632
r15i1p1f1,1920,True,20.789557,21.230221874872093
r15i1p1f1,1921,True,17.631636,18.429960409219003
r15i1p1f1,1922,True,16.041275,17.38074971033421
r15i1p1f1,1923,True,16.784412,16.964964671486626
r15i1p1f1,1924,True,19.6129,17.94978649536816
r15i1p1f1,1925,True,21.050426,19.581136622543962
r15i1p1f1,1926,True,21.039349,20.29415574602317
r15i1p1f1,1927,True,19.080645,18.865345926525652
r15i1p1f1,1928,True,17.43115,17.016333379558272
r15i1p1f1,1929,True,16.730341,16.80868963210566
r15i1p1f1,1930,True,17.229979,17.029204734937167
r15i1p1f1,1931,True,18.122776,18.654302731889562
r15i1p1f1,1932,True,19.492462,19.051636708488687
r15i1p1f1,1933,True,19.34392,19.334849298004787
r15i1p1f1,1934,True,19.696405,20.078271302552373
r15i1p1f1,1935,True,21.175446,20.527987136714437
r15i1p1f1,1936,True,23.264378,22.292549634116927
r15i1p1f1,1937,True,21.330725,20.88239480242273
r15i1p1f1,1938,True,21.622507,21.24200151609068
r15i1p1f1,1939,True,19.533184,19.224785802861113
r15i1p1f1,1940,True,18.655893,18.447742150584766
r15i1p1f1,1941,True,18.344643,18.737321680451814
r15i1p1f1,1942,True,18.506441,18.093325185906075
r15i1p1f1,1943,True,18.5072,18.474926226428426
r15i1p1f1,1944,True,19.64181,18.747644874330046
r15i1p1f1,1945,True,19.630651,19.420539308384843
r15i1p1f1,1946,True,18.838766,19.24834017217238
r15i1p1f1,1947,True,19.537987,19.41538811486812
r15i1p1f1,1948,True,18.988937,19.328330448609954
r15i1p1f1,1949,True,20.721834,20.41694639034113
r15i1p1f1,1950,True,19.692356,19.946463470774066
r15i1p1f1,1951,True,22.273167,20.67289623933951
r15i1p1f1,1952,True,20.493107,21.306835002051166
r15i1p1f1,1953,True,21.553307,20.520329231576618
r15i1p1f1,1954,True,19.9396,19.862502776825785
r15i1p1f1,1955,True,19.104826,19.680863918227928
r15i1p1f1,1956,True,19.822739,19.239910483644007
r15i1p1f1,1957,True,17.353188,19.485516547619632
r15i1p1f1,1958,True,17.212055,18.913209062807216
r15i1p1f1,1959,True,19.361576,19.481546437463177
r15i1p1f1,1960,True,19.239744,19.12888865470578
r15i1p1f1,1961,True,19.813993,19.35051379399586
r15i1p1f1,1962,True,18.645668,18.741531519137844
r15i1p1f1,1963,True,18.534573,18.38233924044102
r15i1p1f1,1964,True,17.364473,18.40482543922039
r15i1p1f1,1965,True,16.759905,17.61130747504641
r15i1p1f1,1966,True,17.591726,17.746602640672112
r15i1p1f1,1967,True,18.255072,18.36726827033029
r15i1p1f1,1968,True,18.768414,18.65483486488102
r15i1p1f1,1969,True,17.941866,19.053645644829373
r15i1p1f1,1970,True,17.060709,18.124846114887383
r15i1p1f1,1971,True,17.189077,18.050152444241604
r15i1p1f1,1972,True,18.711533,19.136406597444115
r15i1p1f1,1973,True,19.143362,19.257398548194285
r15i1p1f1,1974,True,20.003342,20.024625785148444
r15i1p1f1,1975,True,21.983366,21.11357735260093
r15i1p1f1,1976,True,21.490114,21.485408111891125
r15i1p1f1,1977,True,20.729443,21.979903321228186
r15i1p1f1,1978,True,22.100323,21.37956639427709
r15i1p1f1,1979,True,20.31888,20.813457327823755
r15i1p1f1,1980,True,20.51391,19.815818658611374
r15i1p1f1,1981,True,20.902958,20.02843410918106
r15i1p1f1,1982,True,19.22293,19.160419086551183
r15i1p1f1,1983,True,18.790707,19.580674418201195
r15i1p1f1,1984,True,17.79121,17.318542111342627
r15i1p1f1,1985,True,18.67739,18.390888621793163
r15i1p1f1,1986,True,19.22148,19.269936624192532
r15i1p1f1,1987,True,18.20057,19.37805131005473
r15i1p1f1,1988,True,20.417986,20.229218004896644
r15i1p1f1,1989,True,21.159054,20.987427638310265
r16i1p1f1,1853,True,21.800371,20.97773948410489
r16i1p1f1,1854,True,20.487583,20.80339927989443
r16i1p1f1,1855,True,22.725689,21.53304413357848
r16i1p1f1,1856,True,21.980247,21.884131315318804
r16i1p1f1,1857,True,22.126436,21.56970284814707
r16i1p1f1,1858,True,21.71827,21.415212439948153
r16i1p1f1,1859,True,18.320477,18.91399735888401
r16i1p1f1,1860,True,19.021236,19.025980186249008
r16i1p1f1,1861,True,19.726572,19.332523837397748
r16i1p1f1,1862,True,20.111252,21.026937011590714
r16i1p1f1,1863,True,20.668234,19.90078574781831
r16i1p1f1,1864,True,21.037493,20.550539314015168
r16i1p1f1,1865,True,20.779634,20.43485921784068
r16i1p1f1,1866,True,19.269005,19.67541169139099
r16i1p1f1,1867,True,20.441587,20.563358076917048
r16i1p1f1,1868,True,21.689312,20.706105678866223
r16i1p1f1,1869,True,19.909458,20.00380280329484
r16i1p1f1,1870,True,18.711237,18.836795095346464
r16i1p1f1,1871,True,18.261435,18.17111307611743
r16i1p1f1,1872,True,18.866203,17.74585714601082
r16i1p1f1,1873,True,17.146301,16.11279253779446
r16i1p1f1,1874,True,17.885601,17.5377055248148
r16i1p1f1,1875,True,17.896713,17.628424610432827
r16i1p1f1,1876,True,17.782772,17.654157965977404
r16i1p1f1,1877,True,16.804056,16.980675190092832
r16i1p1f1,1878,True,15.499135,16.46180285645966
r16i1p1f1,1879,True,18.013678,17.974723657335765
r16i1p1f1,1880,True,17.229939,18.634824343573083
r16i1p1f1,1881,True,19.80956,19.345476592171973
r16i1p1f1,1882,True,21.596136,20.73842079379116
r16i1p1f1,1883,True,23.828018,22.362211982888503
r16i1p1f1,1884,True,20.86842,20.750079936268868
r16i1p1f1,1885,True,18.333261,19.27439402685023
r16i1p1f1,1886,True,17.47175,17.938930420668257
r16i1p1f1,1887,True,17.712605,17.72547798599106
r16i1p1f1,1888,True,19.618221,19.453842558600797
r16i1p1f1,1889,True,20.709131,20.9529570922142
r16i1p1f1,1890,True,20.997732,20.79822444357901
r16i1p1f1,1891,True,22.08704,21.694905782720998
r16i1p1f1,1892,True,23.784983,22.18376602152341
r16i1p1f1,1893,True,23.811474,23.223305787417793
r16i1p1f1,1894,True,23.006784,21.57035256630402
r16i1p1f1,1895,True,21.8955,20.492267517372486
r16i1p1f1,1896,True,20.111599,19.871684565457933
r16i1p1f1,1897,True,20.588581,20.40337380594271
r16i1p1f1,1898,True,20.073656,20.663118711098125
r16i1p1f1,1899,True,21.169535,20.974125935240636
r16i1p1f1,1900,True,21.040497,20.60235012230111
r16i1p1f1,1901,True,19.567396,19.756321585319593
r16i1p1f1,1902,True,19.41585,19.37996290598649
r16i1p1f1,1903,True,18.812443,19.194721332559812
r16i1p1f1,1904,True,17.831543,19.460451180162735
r16i1p1f1,1905,True,19.796276,20.05699328725832
r16i1p1f1,1906,True,19.743618,20.090480618236185
r16i1p1f1,1907,True,19.146067,19.67473579701711
r16i1p1f1,1908,True,18.321,18.053167277284228
r16i1p1f1,1909,True,18.494057,18.596420380578696
r16i1p1f1,1910,True,18.104345,18.773834265400673
r16i1p1f1,1911,True,20.053553,20.156154398465723
r16i1p1f1,1912,True,19.329487,19.400341908025666
r16i1p1f1,1913,True,19.982046,19.212986737937207
r16i1p1f1,1914,True,19.792456,19.745530757749158
r16i1p1f1,1915,True,19.503473,19.37261241767051
r16i1p1f1,1916,True,18.246235,19.12443179830397
r16i1p1f1,1917,True,18.08631,19.060996446250854
r16i1p1f1,1918,True,19.090956,19.106343034879195
r16i1p1f1,1919,True,18.962782,18.679243810345323
r16i1p1f1,1920,True,19.734772,19.20442256757858
r16i1p1f1,1921,True,19.436098,19.58757029516399
r16i1p1f1,1922,True,18.54862,19.302463739324736
r16i1p1f1,1923,True,20.214802,20.482552984419545
r16i1p1f1,1924,True,21.778324,21.209405166051503
r16i1p1f1,1925,True,21.688875,21.618750014989477
r16i1p1f1,1926,True,20.464163,20.099417840767618
r16i1p1f1,1927,True,20.193302,20.635907695764033
r16i1p1f1,1928,True,18.993828,19.07555537889278
r16i1p1f1,1929,True,19.610155,20.016653518047658
r16i1p1f1,1930,True,19.370235,19.42036523000888
r16i1p1f1,1931,True,19.495453,19.367000708123207
r16i1p1f1,1932,True,19.405485,18.888469314598712
r16i1p1f1,1933,True,18.032156,18.12304824808092
r16i1p1f1,1934,True,18.188972,17.753888754493797
r16i1p1f1,1935,True,16.969551,16.697698551559956
r16i1p1f1,1936,True,18.660507,17.708629687807445
r16i1p1f1,1937,True,19.527542,19.235456462501375
r16i1p1f1,1938,True,19.386051,19.20496408294264
r16i1p1f1,1939,True,19.821806,19.059526335605707
r16i1p1f1,1940,True,19.57621,19.590601781399165
r16i1p1f1,1941,True,18.581507,19.12057489264207
r16i1p1f1,1942,True,17.47827,18.477881556418062
r16i1p1f1,1943,True,17.05716,18.335373214790906
r16i1p1f1,1944,True,19.542833,19.60670951423453
r16i1p1f1,1945,True,22.274208,21.881289018301665
r16i1p1f1,1946,True,21.035261,22.259854208897252
r16i1p1f1,1947,True,21.95691,22.948007273025173
r16i1p1f1,1948,True,22.43486,22.27791798404739
r16i1p1f1,1949,True,21.463814,20.969161143621342
r16i1p1f1,1950,True,20.511253,20.52728334068961
r16i1p1f1,1951,True,20.578194,21.293579727375338
r16i1p1f1,1952,True,19.65168,21.029973352471643
r16i1p1f1,1953,True,21.846731,21.867544234943185
r16i1p1f1,1954,True,22.303152,22.46730241768579
r16i1p1f1,1955,True,23.913456,23.499871305412306
r16i1p1f1,1956,True,23.924065,23.137729644464656
r16i1p1f1,1957,True,24.326445,22.691241132519533
r16i1p1f1,1958,True,23.127497,21.68275643584232
r16i1p1f1,1959,True,19.20859,19.60326640958659
r16i1p1f1,1960,True,19.612259,19.28791025474178
r16i1p1f1,1961,True,20.541584,20.0099696886647
r16i1p1f1,1962,True,19.092886,18.709918172488074
r16i1p1f1,1963,True,17.086798,17.916173178308952
r16i1p1f1,1964,True,17.42821,17.225795561561554
r16i1p1f1,1965,True,18.112253,17.62841033801074
r16i1p1f1,1966,True,17.426834,18.385580771923976
r16i1p1f1,1967,True,19.517237,19.884377595143235
r16i1p1f1,1968,True,18.78715,19.681930026446416
r16i1p1f1,1969,True,19.176374,18.360811601012944
r16i1p1f1,1970,True,16.385971,15.895218819427926
r16i1p1f1,1971,True,15.579332,15.404801048464385
r16i1p1f1,1972,True,16.177197,15.827384442048862
r16i1p1f1,1973,True,16.584028,16.22436770772777
r16i1p1f1,1974,True,16.201181,16.13789467700534
r16i1p1f1,1975,True,16.654129,16.641092745826924
r16i1p1f1,1976,True,16.170652,17.270612867326733
r16i1p1f1,1977,True,16.773363,17.479025308153155
r16i1p1f1,1978,True,18.117722,18.965507162220476
r16i1p1f1,1979,True,17.55484,18.63919338695432
r16i1p1f1,1980,True,18.223341,17.916375881300304
r16i1p1f1,1981,True,17.750195,18.298101170927218
r16i1p1f1,1982,True,18.926598,19.271288258932476
r16i1p1f1,1983,True,18.218943,19.889139802106275
r16i1p1f1,1984,True,19.198397,20.192092204329693
r16i1p1f1,1985,True,20.26658,20.74113155760992
r16i1p1f1,1986,True,20.527798,21.319625426618888
r16i1p1f1,1987,True,22.100758,22.34402240448462
r16i1p1f1,1988,True,21.69533,21.611008601359057
r16i1p1f1,1989,True,22.56945,21.566215396792977
r17i1p1f1,1853,True,20.455807,20.177071920054978
r17i1p1f1,1854,True,19.968527,20.25740547636576
r17i1p1f1,1855,True,20.01501,20.29780525418263
r17i1p1f1,1856,True,18.864466,19.240925138549727
r17i1p1f1,1857,True,18.424759,18.25241110225281
r17i1p1f1,1858,True,18.040916,17.605885373728146
r17i1p1f1,1859,True,18.816881,18.268648842781747
r17i1p1f1,1860,True,19.445572,18.427913881256835
r17i1p1f1,1861,True,19.011835,19.23223086486507
r17i1p1f1,1862,True,18.449152,18.89973213224409
r17i1p1f1,1863,True,17.63318,18.235756591525636
r17i1p1f1,1864,True,17.922821,18.353966872452617
r17i1p1f1,1865,True,19.14205,18.96997539326602
r17i1p1f1,1866,True,19.258736,19.142490362920206
r17i1p1f1,1867,True,19.462814,18.967811803911395
r17i1p1f1,1868,True,18.718592,18.308630404267756
r17i1p1f1,1869,True,18.657856,18.786607289372178
r17i1p1f1,1870,True,18.680342,18.62488204731748
r17i1p1f1,1871,True,18.598732,19.18350648947078
r17i1p1f1,1872,True,17.196312,17.729297102978105
r17i1p1f1,1873,True,16.81194,17.676127992978987
r17i1p1f1,1874,True,18.4475,18.410020532187513
r17i1p1f1,1875,True,20.002014,20.016247684020218
r17i1p1f1,1876,True,21.258232,21.5971413249624
r17i1p1f1,1877,True,20.86856,21.939066754329666
r17i1p1f1,1878,True,20.573969,20.646496697492147
r17i1p1f1,1879,True,21.08045,21.13357810348727
r17i1p1f1,1880,True,21.033443,21.454634910734868
r17i1p1f1,1881,True,21.27063,20.431250407990593
r17i1p1f1,1882,True,23.228495,22.45014959749443
r17i1p1f1,1883,True,22.56841,21.916699148297646
r17i1p1f1,1884,True,22.2421,21.48346082441831
r17i1p1f1,1885,True,21.440033,20.482096102146407
r17i1p1f1,1886,True,22.553923,20.52482427320195
r17i1p1f1,1887,True,21.28,20.82467208833678
r17i1p1f1,1888,True,19.912563,19.568796100120732
r17i1p1f1,1889,True,20.579475,19.180583041533218
r17i1p1f1,1890,True,19.615503,19.562618011954118
r17i1p1f1,1891,True,18.648836,19.042417974406508
r17i1p1f1,1892,True,19.096508,19.502948244384708
r17i1p1f1,1893,True,21.54331,20.98151093200362
r17i1p1f1,1894,True,21.299013,20.44541589186183
r17i1p1f1,1895,True,19.202482,19.12957656158316
r17i1p1f1,1896,True,18.625875,18.278015149256873
r17i1p1f1,1897,True,17.344595,16.681807408849203
r17i1p1f1,1898,True,16.14564,16.352963079255474
r17i1p1f1,1899,True,16.269527,17.1026496223878
r17i1p1f1,1900,True,18.351936,17.77544353771145
r17i1p1f1,1901,True,19.737984,19.865651346498176
r17i1p1f1,1902,True,18.588995,19.995787870437113
r17i1p1f1,1903,True,19.422146,18.86375143214992
r17i1p1f1,1904,True,19.849066,19.761106210476576
r17i1p1f1,1905,True,19.188578,20.05061802311382
r17i1p1f1,1906,True,19.486372,19.203378682694247
r17i1p1f1,1907,True,19.090986,18.903256208022913
r17i1p1f1,1908,True,19.529367,18.78573417606302
r17i1p1f1,1909,True,19.769934,20.402780144359554
r17i1p1f1,1910,True,19.154818,19.797886934610826
r17i1p1f1,1911,True,20.105497,19.727049922741738
r17i1p1f1,1912,True,18.688545,19.498479358113933
r17i1p1f1,1913,True,19.477861,19.678072687996
r17i1p1f1,1914,True,19.129045,19.85683964116229
r17i1p1f1,1915,True,20.027527,19.787855013950942
r17i1p1f1,1916,True,19.282904,19.253948554779278
r17i1p1f1,1917,True,19.40512,19.852658662197744
r17i1p1f1,1918,True,20.379002,20.060025154662668
r17i1p1f1,1919,True,18.931442,19.289659359742533
r17i1p1f1,1920,True,16.77026,17.53069591290683
r17i1p1f1,1921,True,16.606867,17.832400270321358
r17i1p1f1,1922,True,16.537785,18.61135417300707
r17i1p1f1,1923,True,16.68523,18.144906857738924
r17i1p1f1,1924,True,19.643625,19.004026173860346
r17i1p1f1,1925,True,19.217821,19.720827802808984
r17i1p1f1,1926,True,19.927963,20.365763699981624
r17i1p1f1,1927,True,21.197952,20.870332965179657
r17i1p1f1,1928,True,20.345245,21.15790873564342
r17i1p1f1,1929,True,21.579195,20.707145499883957
r17i1p1f1,1930,True,20.806725,21.30527600865994
r17i1p1f1,1931,True,18.423607,19.345959436437543
r17i1p1f1,1932,True,20.717894,19.900157449353262
r17i1p1f1,1933,True,21.292385,21.589592443365724
r17i1p1f1,1934,True,19.642723,20.989847705635707
r17i1p1f1,1935,True,18.432623,19.841811092363987
r17i1p1f1,1936,True,17.548134,17.855306717333956
r17i1p1f1,1937,True,18.111832,18.738971990591423
r17i1p1f1,1938,True,16.996183,17.663665087710715
r17i1p1f1,1939,True,17.294603,17.172144323893722
r17i1p1f1,1940,True,16.91281,17.44153514879321
r17i1p1f1,1941,True,15.968464,17.26530802706469
r17i1p1f1,1942,True,17.630405,17.405832204277566
r17i1p1f1,1943,True,19.584332,19.391392814872592
r17i1p1f1,1944,True,20.184711,20.448444180372707
r17i1p1f1,1945,True,20.002405,19.996084880996566
r17i1p1f1,1946,True,19.925797,20.3856209771094
r17i1p1f1,1947,True,20.184853,20.270231621178127
r17i1p1f1,1948,True,18.958576,19.320361965690783
r17i1p1f1,1949,True,20.703903,19.884946488207166
r17i1p1f1,1950,True,18.512947,19.746622699813017
r17i1p1f1,1951,True,19.037521,19.153195913047643
r17i1p1f1,1952,True,18.03065,19.409699273200673
r17i1p1f1,1953,True,20.920555,20.608037300543415
r17i1p1f1,1954,True,20.27829,20.663901263739973
r17i1p1f1,1955,True,20.403122,20.80927082665424
r17i1p1f1,1956,True,20.143234,20.68106741552922
r17i1p1f1,1957,True,21.29585,21.211515101583302
r17i1p1f1,1958,True,20.126524,19.9493217196286
r17i1p1f1,1959,True,18.090492,18.66804332582772
r17i1p1f1,1960,True,18.812553,17.988704866414334
r17i1p1f1,1961,True,20.908964,19.65202766993773
r17i1p1f1,1962,True,20.449022,20.508241971023352
r17i1p1f1,1963,True,18.615461,19.1429284468834
r17i1p1f1,1964,True,19.591002,19.616518248619126
r17i1p1f1,1965,True,20.570358,19.867569973964827
r17i1p1f1,1966,True,23.349426,20.820809670607783
r17i1p1f1,1967,True,21.173286,20.185973299994146
r17i1p1f1,1968,True,19.19304,19.214190990138146
r17i1p1f1,1969,True,18.070728,18.536556252696755
r17i1p1f1,1970,True,19.466803,18.516342414474348
r17i1p1f1,1971,True,18.659033,17.900781939213353
r17i1p1f1,1972,True,19.245117,18.407499818127437
r17i1p1f1,1973,True,19.731993,20.437476228639824
r17i1p1f1,1974,True,20.354786,21.56429449678177
r17i1p1f1,1975,True,20.51333,19.539342878808146
r17i1p1f1,1976,True,18.150639,19.1746025637823
r17i1p1f1,1977,True,18.157866,17.96739688591285
r17i1p1f1,1978,True,18.956696,19.246855668552058
r17i1p1f1,1979,True,20.269756,19.494881611727404
r17i1p1f1,1980,True,19.67434,19.25979685959112
r17i1p1f1,1981,True,19.283417,19.24126077410754
r17i1p1f1,1982,True,19.77018,19.600778143068037
r17i1p1f1,1983,True,21.14433,20.729714001907933
r17i1p1f1,1984,True,21.12296,20.066697181209804
r17i1p1f1,1985,True,20.475138,19.465767707738962
r17i1p1f1,1986,True,19.90516,19.33221653584667
r17i1p1f1,1987,True,19.472588,18.88582854900327
r17i1p1f1,1988,True,19.497427,18.994977052446053
r17i1p1f1,1989,True,20.704824,18.944445863185074
r18i1p1f1,1853,True,20.111954,18.64154627258486
r18i1p1f1,1854,True,19.8632,19.707378672345467
r18i1p1f1,1855,True,20.603182,19.702972941970636
r18i1p1f1,1856,True,19.646744,19.403337230618433
r18i1p1f1,1857,True,18.214314,20.23937909525261
r18i1p1f1,1858,True,20.622482,20.6311216384873
r18i1p1f1,1859,True,20.852997,20.648801718097754
r18i1p1f1,1860,True,19.826538,20.19145462178885
r18i1p1f1,1861,True,18.592106,19.432875092704023
r18i1p1f1,1862,True,18.781248,18.557491352690853
r18i1p1f1,1863,True,18.547123,18.872096328957195
r18i1p1f1,1864,True,17.448706,18.830714455294157
r18i1p1f1,1865,True,19.673891,20.037912992022967
r18i1p1f1,1866,True,20.064081,20.595286292218578
r18i1p1f1,1867,True,19.458315,20.8712913799975
r18i1p1f1,1868,True,20.295343,20.84662167099645
r18i1p1f1,1869,True,21.014652,20.291340087959973
r18i1p1f1,1870,True,18.596758,19.30716227659665
r18i1p1f1,1871,True,19.183414,18.303271955307597
r18i1p1f1,1872,True,18.20297,18.757014792324586
r18i1p1f1,1873,True,20.664896,20.099057950925392
r18i1p1f1,1874,True,20.273539,20.805758241412335
r18i1p1f1,1875,True,20.700567,21.293550127954067
r18i1p1f1,1876,True,20.284716,20.033381425418487
r18i1p1f1,1877,True,19.30012,18.863636314339967
r18i1p1f1,1878,True,18.595661,18.017944470604544
r18i1p1f1,1879,True,19.283842,18.587646411256745
r18i1p1f1,1880,True,17.967718,17.785720082232412
r18i1p1f1,1881,True,18.194675,18.374842261794416
r18i1p1f1,1882,True,18.762415,18.35755201467487
r18i1p1f1,1883,True,19.70384,19.829117837954122
r18i1p1f1,1884,True,21.660599,20.966932578435244
r18i1p1f1,1885,True,19.53989,20.50508986713217
r18i1p1f1,1886,True,19.989447,20.872061402954138
r18i1p1f1,1887,True,21.11727,20.49959866259389
r18i1p1f1,1888,True,18.660484,19.46875168310742
r18i1p1f1,1889,True,16.56201,17.20021342062068
r18i1p1f1,1890,True,15.097984,17.055873948874577
r18i1p1f1,1891,True,18.777685,18.75099297208172
r18i1p1f1,1892,True,18.046745,18.761860456246396
r18i1p1f1,1893,True,18.649685,19.095707481861044
r18i1p1f1,1894,True,18.38222,18.030718300228685
r18i1p1f1,1895,True,18.285658,18.103837923934304
r18i1p1f1,1896,True,18.812069,18.192206037187564
r18i1p1f1,1897,True,17.97828,18.183418092394017
r18i1p1f1,1898,True,18.12865,18.58847162297263
r18i1p1f1,1899,True,17.567848,18.444924234666985
r18i1p1f1,1900,True,18.39499,18.460623923813348
r18i1p1f1,1901,True,18.08113,19.239848686407473
r18i1p1f1,1902,True,19.930866,20.416313026349858
r18i1p1f1,1903,True,19.576212,19.12052285503611
r18i1p1f1,1904,True,18.087448,18.514590221818253
r18i1p1f1,1905,True,18.870178,18.884694754538863
r18i1p1f1,1906,True,17.762321,17.85610983864146
r18i1p1f1,1907,True,17.213976,17.894116142543325
r18i1p1f1,1908,True,18.689066,19.06556607853808
r18i1p1f1,1909,True,19.85808,19.159538735401554
r18i1p1f1,1910,True,21.6023,20.72338889270718
r18i1p1f1,1911,True,23.683268,22.061443186183052
r18i1p1f1,1912,True,22.844791,22.67339990343997
r18i1p1f1,1913,True,23.906408,22.89045621118428
r18i1p1f1,1914,True,22.878414,22.306749993748404
r18i1p1f1,1915,True,24.208443,22.914870500763662
r18i1p1f1,1916,True,22.25171,22.311631385074694
r18i1p1f1,1917,True,19.897137,20.666589610323655
r18i1p1f1,1918,True,17.590424,18.833693337030414
r18i1p1f1,1919,True,17.80524,17.507168581897883
r18i1p1f1,1920,True,16.879469,17.744308147119376
r18i1p1f1,1921,True,18.523512,18.125546364118172
r18i1p1f1,1922,True,20.075363,20.11507387197856
r18i1p1f1,1923,True,21.160923,21.001237459813797
r18i1p1f1,1924,True,22.176657,21.596677150754292
r18i1p1f1,1925,True,22.270594,22.005027711289443
r18i1p1f1,1926,True,22.239462,20.873441545902995
r18i1p1f1,1927,True,17.753006,18.402807337463795
r18i1p1f1,1928,True,19.270344,19.312847839428265
r18i1p1f1,1929,True,21.212114,20.897772438597464
r18i1p1f1,1930,True,21.491846,22.220389579627504
r18i1p1f1,1931,True,22.70553,22.407443458455294
r18i1p1f1,1932,True,22.267963,20.905314652701005
r18i1p1f1,1933,True,19.749226,19.598902260970128
r18i1p1f1,1934,True,18.95411,18.59736962295587
r18i1p1f1,1935,True,19.62128,19.077446829529723
r18i1p1f1,1936,True,20.269588,19.178136468042414
r18i1p1f1,1937,True,18.606491,19.053926565176518
r18i1p1f1,1938,True,17.8599,18.05598184501423
r18i1p1f1,1939,True,18.95095,18.207900716865684
r18i1p1f1,1940,True,18.781773,18.454484291277893
r18i1p1f1,1941,True,17.992035,17.821738018672352
r18i1p1f1,1942,True,17.909412,17.601712375936014
r18i1p1f1,1943,True,17.71039,18.349789669270766
r18i1p1f1,1944,True,18.58201,18.34250109752197
r18i1p1f1,1945,True,19.236498,18.850755574978297
r18i1p1f1,1946,True,18.241936,17.99357498897566
r18i1p1f1,1947,True,17.95731,16.917259490832617
r18i1p1f1,1948,True,18.764795,18.048315365898485
r18i1p1f1,1949,True,20.305552,19.153676288164384
r18i1p1f1,1950,True,19.14959,20.220586160406988
r18i1p1f1,1951,True,19.559666,19.425888065186186
r18i1p1f1,1952,True,18.797617,18.729345963301444
r18i1p1f1,1953,True,19.58303,19.11025174980394
r18i1p1f1,1954,True,18.053917,19.041845588834843
r18i1p1f1,1955,True,17.97806,17.570920868721807
r18i1p1f1,1956,True,18.904058,17.9516146060762
r18i1p1f1,1957,True,17.711567,17.847312110605948
r18i1p1f1,1958,True,17.722479,17.994805317424582
r18i1p1f1,1959,True,18.437933,18.308409762043365
r18i1p1f1,1960,True,18.996836,19.17443594945028
r18i1p1f1,1961,True,19.49594,19.66692949637737
r18i1p1f1,1962,True,20.381128,20.43099568478108
r18i1p1f1,1963,True,22.772144,21.02276090457591
r18i1p1f1,1964,True,21.960825,22.24217644115098
r18i1p1f1,1965,True,23.07377,22.71289751021213
r18i1p1f1,1966,True,22.857481,21.78529328808098
r18i1p1f1,1967,True,21.22163,21.021926195853794
r18i1p1f1,1968,True,18.120852,19.661517399763444
r18i1p1f1,1969,True,18.990265,18.87170979963904
r18i1p1f1,1970,True,19.086626,19.337765582814605
r18i1p1f1,1971,True,18.96953,19.490302162938917
r18i1p1f1,1972,True,18.302412,18.577827481941814
r18i1p1f1,1973,True,18.592077,18.517482150426908
r18i1p1f1,1974,True,18.392614,18.999824593024194
r18i1p1f1,1975,True,19.84251,19.88803856050691
r18i1p1f1,1976,True,18.56657,21.491615233479163
r18i1p1f1,1977,True,20.50715,21.411592570090576
r18i1p1f1,1978,True,20.899721,21.41373184851317
r18i1p1f1,1979,True,18.796474,20.16474759371208
r18i1p1f1,1980,True,19.336466,19.256266905341544
r18i1p1f1,1981,True,19.80392,18.729388079011265
r18i1p1f1,1982,True,17.322659,17.862137239371073
r18i1p1f1,1983,True,18.133358,17.656778394084647
r18i1p1f1,1984,True,17.509375,17.587581639837634
r18i1p1f1,1985,True,18.343885,17.24129410204838
r18i1p1f1,1986,True,17.973108,17.16398832059431
r18i1p1f1,1987,True,16.34534,15.825059742108632
r18i1p1f1,1988,True,15.05121,16.314590567999172
r18i1p1f1,1989,True,16.983759,15.985289164889886
r19i1p1f1,1853,True,19.267096,18.551346607160756
r19i1p1f1,1854,True,20.089336,19.075306211436377
r19i1p1f1,1855,True,19.305286,19.177590563372657
r19i1p1f1,1856,True,20.208656,20.05585847999314
r19i1p1f1,1857,True,18.771362,20.610148615609887
r19i1p1f1,1858,True,21.14255,21.576219465390384
r19i1p1f1,1859,True,22.20748,21.95193515877616
r19i1p1f1,1860,True,22.63483,22.35337871644842
r19i1p1f1,1861,True,20.888102,20.93214772429916
r19i1p1f1,1862,True,21.513996,21.233841482119576
r19i1p1f1,1863,True,21.153868,20.318688841839375
r19i1p1f1,1864,True,20.54271,19.479427479997486
r19i1p1f1,1865,True,19.161097,18.099552125547095
r19i1p1f1,1866,True,16.988537,16.559435531840265
r19i1p1f1,1867,True,17.885387,16.64826986677398
r19i1p1f1,1868,True,17.863552,17.106111072005106
r19i1p1f1,1869,True,16.972439,16.572353153320062
r19i1p1f1,1870,True,17.736586,16.944627742989503
r19i1p1f1,1871,True,20.757439,18.228623842794022
r19i1p1f1,1872,True,20.91774,20.372491380490356
r19i1p1f1,1873,True,20.800179,20.057993419786175
r19i1p1f1,1874,True,18.059278,18.842647978402233
r19i1p1f1,1875,True,15.888318,16.347998406564173
r19i1p1f1,1876,True,18.734343,16.55252550104112
r19i1p1f1,1877,True,18.44309,18.236693683683093
r19i1p1f1,1878,True,19.102367,18.87202622443885
r19i1p1f1,1879,True,17.336884,17.4906723072032
r19i1p1f1,1880,True,16.950497,17.123631642746474
r19i1p1f1,1881,True,16.25781,17.49003429021931
r19i1p1f1,1882,True,17.026932,17.653543768937237
r19i1p1f1,1883,True,18.863743,18.900099056029322
r19i1p1f1,1884,True,19.57229,20.217855271674164
r19i1p1f1,1885,True,19.111187,20.5957487037062
r19i1p1f1,1886,True,18.94754,19.415158015223323
r19i1p1f1,1887,True,18.432829,18.453789324556205
r19i1p1f1,1888,True,18.392376,18.551188790935647
r19i1p1f1,1889,True,20.122877,19.703733443375086
r19i1p1f1,1890,True,20.658424,21.27861075215207
r19i1p1f1,1891,True,18.662962,19.805553482801635
r19i1p1f1,1892,True,20.170963,19.59536081667227
r19i1p1f1,1893,True,18.083431,18.11423809879307
r19i1p1f1,1894,True,18.51951,18.617435213780073
r19i1p1f1,1895,True,19.510931,19.45585241302669
r19i1p1f1,1896,True,18.806143,18.82594902109048
r19i1p1f1,1897,True,19.059967,18.605163762103516
r19i1p1f1,1898,True,19.550886,19.795893620925728
r19i1p1f1,1899,True,18.981924,17.923044479873912
r19i1p1f1,1900,True,18.217476,18.151579704264737
r19i1p1f1,1901,True,16.822535,16.486036771738164
r19i1p1f1,1902,True,16.821566,16.350362396251107
r19i1p1f1,1903,True,17.451906,18.984367679689484
r19i1p1f1,1904,True,19.912413,19.064240308688984
r19i1p1f1,1905,True,21.220594,20.410757155981155
r19i1p1f1,1906,True,20.795767,20.67097568140627
r19i1p1f1,1907,True,21.120026,20.912983235662498
r19i1p1f1,1908,True,22.277613,21.34985398310451
r19i1p1f1,1909,True,21.03459,21.43710872744247
r19i1p1f1,1910,True,21.453495,21.51312142230396
r19i1p1f1,1911,True,22.930471,21.86807791465819
r19i1p1f1,1912,True,22.31108,22.272700802861117
r19i1p1f1,1913,True,21.963768,21.62049425186998
r19i1p1f1,1914,True,19.880072,20.43585223350708
r19i1p1f1,1915,True,20.577116,21.25422898208847
r19i1p1f1,1916,True,21.797485,21.825450658502568
r19i1p1f1,1917,True,21.072567,21.55896776184218
r19i1p1f1,1918,True,21.591896,22.25145828063758
r19i1p1f1,1919,True,21.378174,21.533301408907047
r19i1p1f1,1920,True,19.669592,20.12645553201838
r19i1p1f1,1921,True,20.340664,19.903879411058753
r19i1p1f1,1922,True,21.832966,21.102571020285794
r19i1p1f1,1923,True,20.14322,20.890757503129315
r19i1p1f1,1924,True,18.776583,19.348608001768127
r19i1p1f1,1925,True,17.30361,19.291322334106034
r19i1p1f1,1926,True,20.383251,20.652575297207484
r19i1p1f1,1927,True,20.353312,20.719108099210967
r19i1p1f1,1928,True,20.287003,21.167098491382045
r19i1p1f1,1929,True,20.117699,20.39794333049328
r19i1p1f1,1930,True,20.021294,19.04848743746194
r19i1p1f1,1931,True,19.032196,18.2661933378654
r19i1p1f1,1932,True,18.850191,18.599150840486267
r19i1p1f1,1933,True,18.989914,18.497044568984347
r19i1p1f1,1934,True,19.080574,18.20206472077493
r19i1p1f1,1935,True,19.173044,18.490366746104
r19i1p1f1,1936,True,18.513617,18.881929060438424
r19i1p1f1,1937,True,18.829332,18.662174404109297
r19i1p1f1,1938,True,18.583124,18.3983525234493
r19i1p1f1,1939,True,19.884905,20.533572190048666
r19i1p1f1,1940,True,19.827396,19.989632742434953
r19i1p1f1,1941,True,18.900925,19.835390089929483
r19i1p1f1,1942,True,20.475588,20.302494295816313
r19i1p1f1,1943,True,21.204124,21.068590641531195
r19i1p1f1,1944,True,21.083115,19.949137249227327
r19i1p1f1,1945,True,21.409939,20.843091874536825
r19i1p1f1,1946,True,22.425478,22.26959096881072
r19i1p1f1,1947,True,21.470852,21.84793631738916
r19i1p1f1,1948,True,21.89752,21.845957308830776
r19i1p1f1,1949,True,21.873821,21.589500660091687
r19i1p1f1,1950,True,21.498705,21.321692938600542
r19i1p1f1,1951,True,19.168497,18.961270642461226
r19i1p1f1,1952,True,18.921999,18.67555221777349
r19i1p1f1,1953,True,17.536366,17.806181552514236
r19i1p1f1,1954,True,18.375242,17.81998256683419
r19i1p1f1,1955,True,17.483452,17.492909955930404
r19i1p1f1,1956,True,16.383556,17.91282606209839
r19i1p1f1,1957,True,18.848053,18.688906385040248
r19i1p1f1,1958,True,20.168028,20.431200987468298
r19i1p1f1,1959,True,19.631174,20.99249932773576
r19i1p1f1,1960,True,18.874401,19.727871617191838
r19i1p1f1,1961,True,19.442734,19.859961070334265
r19i1p1f1,1962,True,18.658777,19.35587044555769
r19i1p1f1,1963,True,19.401077,19.78406216417095
r19i1p1f1,1964,True,18.925325,19.398967704118526
r19i1p1f1,1965,True,17.049898,18.877605846359735
r19i1p1f1,1966,True,18.034164,18.64870273983498
r19i1p1f1,1967,True,18.43445,18.867368444871325
r19i1p1f1,1968,True,20.346188,19.136123757047493
r19i1p1f1,1969,True,18.95662,19.545361207409574
r19i1p1f1,1970,True,18.670273,18.79537248358772
r19i1p1f1,1971,True,18.380457,19.233371107559567
r19i1p1f1,1972,True,19.478807,20.09371298488052
r19i1p1f1,1973,True,20.472382,20.976047899444463
r19i1p1f1,1974,True,20.200891,20.362361750796317
r19i1p1f1,1975,True,19.997068,19.92169383426245
r19i1p1f1,1976,True,20.440882,19.889205472973202
r19i1p1f1,1977,True,18.581942,18.661266383167188
r19i1p1f1,1978,True,18.36401,17.918563084187745
r19i1p1f1,1979,True,17.365889,18.204507244314776
r19i1p1f1,1980,True,19.13399,18.87815353824185
r19i1p1f1,1981,True,20.71595,19.98195327197893
r19i1p1f1,1982,True,18.342943,19.1201878514164
r19i1p1f1,1983,True,18.02775,17.041577594584638
r19i1p1f1,1984,True,17.074362,17.05982980113886
r19i1p1f1,1985,True,18.337143,17.75502143236275
r19i1p1f1,1986,True,17.252634,17.756213105914878
r19i1p1f1,1987,True,15.81933,16.31780449320962
r19i1p1f1,1988,True,16.140478,15.630071264696506
r19i1p1f1,1989,True,16.163088,16.821278157596463
r1i1p1f1,1853,True,22.032923,21.98031003599023
r1i1p1f1,1854,True,24.76505,23.621476033195453
r1i1p1f1,1855,True,24.29052,24.21446107287374
r1i1p1f1,1856,True,24.50526,23.059053379560112
r1i1p1f1,1857,True,22.508896,20.7502952199305
r1i1p1f1,1858,True,20.171444,19.245773893712464
r1i1p1f1,1859,True,18.528173,19.3319376494195
r1i1p1f1,1860,True,19.013376,18.838689998840874
r1i1p1f1,1861,True,19.118334,19.70247984398082
r1i1p1f1,1862,True,20.128483,19.889280326815165
r1i1p1f1,1863,True,20.422625,20.793797354054625
r1i1p1f1,1864,True,20.016605,20.197851911530115
r1i1p1f1,1865,True,20.46549,19.721498026133375
r1i1p1f1,1866,True,20.543238,19.9341550993315
r1i1p1f1,1867,True,20.269543,20.165277078402493
r1i1p1f1,1868,True,19.55193,19.17635539972672
r1i1p1f1,1869,True,18.615385,17.937283321213116
r1i1p1f1,1870,True,19.257904,19.13428226490476
r1i1p1f1,1871,True,18.483719,19.296366590648535
r1i1p1f1,1872,True,19.8864,19.432785082299457
r1i1p1f1,1873,True,18.582605,19.1382401005407
r1i1p1f1,1874,True,20.159277,19.26805147078225
r1i1p1f1,1875,True,19.793526,19.282269034581315
r1i1p1f1,1876,True,19.106813,18.642982014076786
r1i1p1f1,1877,True,18.553585,19.084688311700003
r1i1p1f1,1878,True,19.472214,18.838366997159813
r1i1p1f1,1879,True,18.689077,18.484187584913833
r1i1p1f1,1880,True,19.682398,19.0740959604134
r1i1p1f1,1881,True,18.392368,19.16814765617613
r1i1p1f1,1882,True,19.327087,19.206624070114607
r1i1p1f1,1883,True,17.382835,18.158583534908495
r1i1p1f1,1884,True,17.912096,17.85282375920709
r1i1p1f1,1885,True,18.469734,18.172321823028582
r1i1p1f1,1886,True,20.259817,20.30368839539744
r1i1p1f1,1887,True,21.65694,21.811761737743296
r1i1p1f1,1888,True,20.469631,20.55837217378622
r1i1p1f1,1889,True,20.766626,20.25310780400792
r1i1p1f1,1890,True,19.592146,18.62728086089566
r1i1p1f1,1891,True,18.09497,17.609022184885244
r1i1p1f1,1892,True,18.268785,17.902577125090584
r1i1p1f1,1893,True,20.317623,19.073974857647013
r1i1p1f1,1894,True,21.343134,20.48297580789763
r1i1p1f1,1895,True,20.303354,19.88426698747263
r1i1p1f1,1896,True,20.92446,19.730528335641523
r1i1p1f1,1897,True,19.801302,20.124071578608536
r1i1p1f1,1898,True,20.955591,19.45099370659198
r1i1p1f1,1899,True,20.717886,20.984569464152404
r1i1p1f1,1900,True,20.137554,20.643512171055004
r1i1p1f1,1901,True,21.871891,21.765409346337407
r1i1p1f1,1902,True,21.083632,21.5017550597633
r1i1p1f1,1903,True,19.640696,19.979173623749794
r1i1p1f1,1904,True,17.93031,18.55011328973514
r1i1p1f1,1905,True,18.780867,18.611661570041992
r1i1p1f1,1906,True,20.06165,19.196894252896456
r1i1p1f1,1907,True,21.848795,21.014221570837556
r1i1p1f1,1908,True,22.215363,20.781563834286526
r1i1p1f1,1909,True,22.64925,21.492401805941547
r1i1p1f1,1910,True,21.324316,20.944975104845607
r1i1p1f1,1911,True,23.328623,21.407376255504772
r1i1p1f1,1912,True,22.914534,20.749240702211686
r1i1p1f1,1913,True,21.052717,20.68369365177123
r1i1p1f1,1914,True,19.981283,20.26555848972987
r1i1p1f1,1915,True,20.714357,20.44064369380417
r1i1p1f1,1916,True,20.337236,20.72066070533408
r1i1p1f1,1917,True,19.931858,20.007792472491396
r1i1p1f1,1918,True,16.476803,17.843583337301226
r1i1p1f1,1919,True,17.246199,17.807933858576906
r1i1p1f1,1920,True,18.630737,19.006170182542068
r1i1p1f1,1921,True,18.04167,19.108864957968304
r1i1p1f1,1922,True,18.92838,19.09469391358018
r1i1p1f1,1923,True,18.246298,19.131183871795685
r1i1p1f1,1924,True,18.992323,19.971919418362816
r1i1p1f1,1925,True,18.64909,19.23440918813287
r1i1p1f1,1926,True,18.839064,18.803009858258736
r1i1p1f1,1927,True,19.996174,20.322411428999526
r1i1p1f1,1928,True,19.768616,19.617732677436344
r1i1p1f1,1929,True,19.644028,19.88496614723329
r1i1p1f1,1930,True,20.382027,20.628961987407127
r1i1p1f1,1931,True,19.45475,19.275060335228957
r1i1p1f1,1932,True,17.961575,17.856934951613855
r1i1p1f1,1933,True,17.789587,17.725262679100858
r1i1p1f1,1934,True,17.905977,17.687224417719438
r1i1p1f1,1935,True,18.379562,17.857473529159087
r1i1p1f1,1936,True,17.849108,18.244610281784286
r1i1p1f1,1937,True,17.3912,18.07435001162601
r1i1p1f1,1938,True,19.24331,20.002024908708414
r1i1p1f1,1939,True,21.35321,20.955399666437458
r1i1p1f1,1940,True,20.213161,21.55902289077321
r1i1p1f1,1941,True,21.189228,20.03842671987786
r1i1p1f1,1942,True,19.993677,19.473098651582912
r1i1p1f1,1943,True,17.745737,18.8996457560792
r1i1p1f1,1944,True,17.862288,18.834792893157314
r1i1p1f1,1945,True,19.472433,19.648662153949868
r1i1p1f1,1946,True,20.919376,20.388238358580622
r1i1p1f1,1947,True,22.52339,21.882600689012904
r1i1p1f1,1948,True,21.548788,22.036239389588506
r1i1p1f1,1949,True,19.988455,21.166315991910245
r1i1p1f1,1950,True,19.674095,20.501846011920556
r1i1p1f1,1951,True,21.011835,20.499777388311387
r1i1p1f1,1952,True,20.579592,20.66278116614195
r1i1p1f1,1953,True,19.582937,19.729097484745367
r1i1p1f1,1954,True,20.400135,19.999969913062564
r1i1p1f1,1955,True,20.638063,20.014128843704988
r1i1p1f1,1956,True,17.739992,18.351678101148664
r1i1p1f1,1957,True,17.444832,18.297712773789552
r1i1p1f1,1958,True,17.056995,17.87497830074742
r1i1p1f1,1959,True,18.892904,18.703201007343143
r1i1p1f1,1960,True,19.845726,19.200698914956075
r1i1p1f1,1961,True,20.130766,19.98806369767478
r1i1p1f1,1962,True,20.187862,19.701652098297508
r1i1p1f1,1963,True,19.248747,19.74077182992561
r1i1p1f1,1964,True,21.453274,20.914753947917447
r1i1p1f1,1965,True,21.891024,21.508978213566404
r1i1p1f1,1966,True,22.880733,20.873882767937157
r1i1p1f1,1967,True,20.874865,20.412716914491934
r1i1p1f1,1968,True,18.133028,18.936495191850092
r1i1p1f1,1969,True,16.849876,17.587995684261777
r1i1p1f1,1970,True,17.2737,17.325330960408763
r1i1p1f1,1971,True,17.092123,18.108317869834003
r1i1p1f1,1972,True,19.190645,18.917832049898074
r1i1p1f1,1973,True,19.93143,20.129705251350174
r1i1p1f1,1974,True,19.543797,20.878855108916852
r1i1p1f1,1975,True,18.605133,19.621767672479773
r1i1p1f1,1976,True,18.078718,18.968155535526535
r1i1p1f1,1977,True,16.598928,17.85220989918321
r1i1p1f1,1978,True,17.207998,17.656453423620075
r1i1p1f1,1979,True,18.559229,19.21528370005157
r1i1p1f1,1980,True,19.839256,21.477482310453652
r1i1p1f1,1981,True,17.62112,19.970086623404324
r1i1p1f1,1982,True,20.170748,19.98372496594628
r1i1p1f1,1983,True,19.744635,20.37313557714529
r1i1p1f1,1984,True,19.330101,19.716280020297017
r1i1p1f1,1985,True,19.683727,19.806213895538644
r1i1p1f1,1986,True,21.681963,21.031875878460536
r1i1p1f1,1987,True,20.304258,21.104814206557336
r1i1p1f1,1988,True,19.314089,19.835843170364743
r1i1p1f1,1989,True,21.149157,20.543842536252857
r20i1p1f1,1853,True,17.608728,18.101354589444174
r20i1p1f1,1854,True,17.986269,18.079599233214488
r20i1p1f1,1855,True,19.413961,18.33181457335613
r20i1p1f1,1856,True,21.682978,20.804509870268095
r20i1p1f1,1857,True,22.457855,22.33522042298735
r20i1p1f1,1858,True,20.908436,21.748502058990272
r20i1p1f1,1859,True,20.756634,20.957894623881796
r20i1p1f1,1860,True,19.74399,20.654633958323682
r20i1p1f1,1861,True,21.435219,21.207832550329456
r20i1p1f1,1862,True,20.961044,21.05841663034837
r20i1p1f1,1863,True,21.599722,20.416650703028946
r20i1p1f1,1864,True,20.522282,21.1497511484133
r20i1p1f1,1865,True,21.730621,21.43174989792437
r20i1p1f1,1866,True,22.676441,22.331360203652878
r20i1p1f1,1867,True,22.096294,22.29414913627605
r20i1p1f1,1868,True,20.865807,22.06626860277488
r20i1p1f1,1869,True,21.687754,21.81029609738753
r20i1p1f1,1870,True,23.229753,22.45256333369575
r20i1p1f1,1871,True,23.199009,22.635890117925825
r20i1p1f1,1872,True,22.200932,21.687628674339503
r20i1p1f1,1873,True,20.500599,20.907483785056186
r20i1p1f1,1874,True,18.119555,19.205614596667854
r20i1p1f1,1875,True,17.909327,18.356506161852188
r20i1p1f1,1876,True,19.097834,19.910528750613988
r20i1p1f1,1877,True,19.374132,20.35294122144226
r20i1p1f1,1878,True,19.803713,20.649311489281622
r20i1p1f1,1879,True,20.99008,20.15329216204788
r20i1p1f1,1880,True,21.361952,20.901457489914858
r20i1p1f1,1881,True,22.573656,22.08118937443985
r20i1p1f1,1882,True,22.98929,22.540324983625176
r20i1p1f1,1883,True,22.39556,21.574811522210524
r20i1p1f1,1884,True,22.544394,20.665313955605356
r20i1p1f1,1885,True,22.024307,21.14495059689855
r20i1p1f1,1886,True,21.4067,20.682368831731583
r20i1p1f1,1887,True,21.83547,19.929822904328013
r20i1p1f1,1888,True,20.251562,20.344730934168364
r20i1p1f1,1889,True,20.152426,20.40646879370462
r20i1p1f1,1890,True,19.120138,20.102200417279658
r20i1p1f1,1891,True,18.455353,19.198196081990538
r20i1p1f1,1892,True,17.586548,18.239340626484953
r20i1p1f1,1893,True,19.130352,18.721136438639896
r20i1p1f1,1894,True,19.635197,20.798714609901957
r20i1p1f1,1895,True,20.742107,20.253151825218254
r20i1p1f1,1896,True,20.685488,19.655502821240912
r20i1p1f1,1897,True,19.42497,18.915806860370655
r20i1p1f1,1898,True,17.70685,17.227957858587175
r20i1p1f1,1899,True,17.676989,17.418345471459
r20i1p1f1,1900,True,16.691723,16.343824552873784
r20i1p1f1,1901,True,17.991714,18.212057440001757
r20i1p1f1,1902,True,15.564708,17.313632749184922
r20i1p1f1,1903,True,16.629253,16.54872833205219
r20i1p1f1,1904,True,17.00582,16.195792350747837
r20i1p1f1,1905,True,17.071047,16.699560061428045
r20i1p1f1,1906,True,18.875452,18.059361175279122
r20i1p1f1,1907,True,19.891977,19.902343342399497
r20i1p1f1,1908,True,19.577557,19.935482628934366
r20i1p1f1,1909,True,18.603754,18.566930862090523
r20i1p1f1,1910,True,18.108845,18.58588244072834
r20i1p1f1,1911,True,18.8783,18.197462017339898
r20i1p1f1,1912,True,18.96751,19.356884132094542
r20i1p1f1,1913,True,18.69523,19.65840413506275
r20i1p1f1,1914,True,19.4596,19.591976782729667
r20i1p1f1,1915,True,18.898798,18.64834984990363
r20i1p1f1,1916,True,19.39136,19.358347463577292
r20i1p1f1,1917,True,19.29539,19.419832547638194
r20i1p1f1,1918,True,17.483475,19.073186547063244
r20i1p1f1,1919,True,17.419527,18.119156090000295
r20i1p1f1,1920,True,18.520407,18.908532356603512
r20i1p1f1,1921,True,19.712418,19.305706647096514
r20i1p1f1,1922,True,20.001566,20.490863302089583
r20i1p1f1,1923,True,21.366062,20.56183465448829
r20i1p1f1,1924,True,21.107626,20.676445204961567
r20i1p1f1,1925,True,21.26789,20.830054128096506
r20i1p1f1,1926,True,20.859179,21.234658507944687
r20i1p1f1,1927,True,22.066189,21.029460812469985
r20i1p1f1,1928,True,21.481335,21.350914814387483
r20i1p1f1,1929,True,21.08155,21.131163951283227
r20i1p1f1,1930,True,19.32774,20.689853169088597
r20i1p1f1,1931,True,19.38843,20.020684955352145
r20i1p1f1,1932,True,17.946775,19.223534932368615
r20i1p1f1,1933,True,19.90715,20.112499098567113
r20i1p1f1,1934,True,20.230427,20.087913859548163
r20i1p1f1,1935,True,21.156763,21.4535672234164
r20i1p1f1,1936,True,20.946033,21.1500629766368
r20i1p1f1,1937,True,18.662094,19.711982800624117
r20i1p1f1,1938,True,18.317984,18.451223223904044
r20i1p1f1,1939,True,18.412949,19.692164104182496
r20i1p1f1,1940,True,19.447056,20.09388516422091
r20i1p1f1,1941,True,19.166885,19.501165603203
r20i1p1f1,1942,True,19.48792,19.928831398509608
r20i1p1f1,1943,True,18.688204,19.161378380233618
r20i1p1f1,1944,True,19.77895,19.82797115983263
r20i1p1f1,1945,True,19.166208,18.959126125699434
r20i1p1f1,1946,True,17.02528,17.42795917845463
r20i1p1f1,1947,True,19.293459,18.169056756208292
r20i1p1f1,1948,True,16.67103,16.820969322467967
r20i1p1f1,1949,True,17.465872,17.002049838414933
r20i1p1f1,1950,True,17.998095,17.174239867015615
r20i1p1f1,1951,True,18.71654,18.061343574728575
r20i1p1f1,1952,True,19.308327,18.19682963553648
r20i1p1f1,1953,True,15.698507,16.333836843687802
r20i1p1f1,1954,True,16.654724,16.203459221559054
r20i1p1f1,1955,True,16.731274,16.80344115202838
r20i1p1f1,1956,True,17.170889,17.224723089040946
r20i1p1f1,1957,True,17.521605,18.307379668323264
r20i1p1f1,1958,True,19.554255,19.800706278970484
r20i1p1f1,1959,True,21.114708,21.70899286429397
r20i1p1f1,1960,True,20.55616,22.460513704655344
r20i1p1f1,1961,True,20.91431,20.889775552156784
r20i1p1f1,1962,True,19.899454,19.331947698095167
r20i1p1f1,1963,True,18.468704,19.16436262682347
r20i1p1f1,1964,True,17.402431,18.08990846890807
r20i1p1f1,1965,True,18.550667,17.95357416761528
r20i1p1f1,1966,True,18.60483,18.16643837700988
r20i1p1f1,1967,True,20.817968,19.915882328715906
r20i1p1f1,1968,True,21.551424,20.502527584344048
r20i1p1f1,1969,True,21.920843,19.78563203704621
r20i1p1f1,1970,True,20.322332,19.792675716928446
r20i1p1f1,1971,True,18.784082,18.439988705002214
r20i1p1f1,1972,True,17.811731,18.836814703680062
r20i1p1f1,1973,True,19.254036,19.155999046361774
r20i1p1f1,1974,True,21.446402,20.402143511373136
r20i1p1f1,1975,True,20.902086,21.300388642437195
r20i1p1f1,1976,True,21.721407,21.313541046208048
r20i1p1f1,1977,True,22.051563,22.083655158700182
r20i1p1f1,1978,True,25.322662,23.13781235072792
r20i1p1f1,1979,True,21.367178,21.75071728410794
r20i1p1f1,1980,True,19.688322,19.70745143228732
r20i1p1f1,1981,True,18.693882,17.826267461632224
r20i1p1f1,1982,True,18.30229,18.107120247055065
r20i1p1f1,1983,True,16.869623,17.248610042271455
r20i1p1f1,1984,True,18.814987,18.343953172080585
r20i1p1f1,1985,True,19.466106,19.049293713104657
r20i1p1f1,1986,True,21.000145,20.812442232437007
r20i1p1f1,1987,True,20.896566,21.376229661070454
r20i1p1f1,1988,True,20.109846,21.177243294717034
r20i1p1f1,1989,True,20.278088,21.35065468157947
r21i1p1f1,1853,True,20.667778,20.324646734283544
r21i1p1f1,1854,True,19.443634,19.03649823119252
r21i1p1f1,1855,True,20.08139,19.39685121458262
r21i1p1f1,1856,True,20.299107,18.759291556029048
r21i1p1f1,1857,True,17.506336,16.84655353233023
r21i1p1f1,1858,True,15.580883,15.49474741115149
r21i1p1f1,1859,True,15.569345,15.619210237571833
r21i1p1f1,1860,True,16.843391,16.606381608307306
r21i1p1f1,1861,True,17.938929,18.528178448907223
r21i1p1f1,1862,True,18.234053,19.319615196338674
r21i1p1f1,1863,True,17.502155,17.58000924286932
r21i1p1f1,1864,True,17.415564,17.020215673867966
r21i1p1f1,1865,True,17.267042,16.649399034465382
r21i1p1f1,1866,True,17.996683,18.076869524395434
r21i1p1f1,1867,True,17.844687,17.61589671850152
r21i1p1f1,1868,True,16.868141,16.79912274704447
r21i1p1f1,1869,True,16.73343,17.208729664608367
r21i1p1f1,1870,True,17.761591,17.689874702088545
r21i1p1f1,1871,True,17.414911,18.311720403994695
r21i1p1f1,1872,True,17.578009,17.789239374312206
r21i1p1f1,1873,True,19.499136,18.124788128114727
r21i1p1f1,1874,True,19.981033,19.901260527029944
r21i1p1f1,1875,True,19.494972,19.966821796611935
r21i1p1f1,1876,True,20.006702,19.306547503763852
r21i1p1f1,1877,True,23.032698,21.819282954548086
r21i1p1f1,1878,True,23.539934,23.18676835239355
r21i1p1f1,1879,True,22.577892,23.04012566116634
r21i1p1f1,1880,True,21.755812,21.622855992586175
r21i1p1f1,1881,True,21.358356,21.001713364954952
r21i1p1f1,1882,True,20.47443,21.296109905084894
r21i1p1f1,1883,True,20.518711,20.940375508370607
r21i1p1f1,1884,True,21.198046,19.845815306073177
r21i1p1f1,1885,True,19.40479,19.274938208804954
r21i1p1f1,1886,True,19.031597,19.841734115001753
r21i1p1f1,1887,True,21.387709,20.848320920112194
r21i1p1f1,1888,True,22.834269,21.766447849833078
r21i1p1f1,1889,True,23.640339,21.949549945622444
r21i1p1f1,1890,True,23.368813,22.762676341308726
r21i1p1f1,1891,True,23.334017,22.590438567435964
r21i1p1f1,1892,True,22.038452,21.02282620052835
r21i1p1f1,1893,True,20.554571,20.363941241093524
r21i1p1f1,1894,True,18.879732,20.015271301990293
r21i1p1f1,1895,True,19.055101,19.169282077873653
r21i1p1f1,1896,True,17.481102,18.42175842414406
r21i1p1f1,1897,True,19.696917,19.82823665821723
r21i1p1f1,1898,True,19.332947,20.362824685101558
r21i1p1f1,1899,True,20.704012,20.763847978429748
r21i1p1f1,1900,True,21.366482,20.542470203384763
r21i1p1f1,1901,True,19.967535,19.44799281186476
r21i1p1f1,1902,True,19.685596,19.202001179683418
r21i1p1f1,1903,True,18.971275,19.342751228744536
r21i1p1f1,1904,True,20.431986,19.32974282671068
r21i1p1f1,1905,True,18.668322,18.691395032751565
r21i1p1f1,1906,True,19.165552,18.958607517817146
r21i1p1f1,1907,True,19.449072,19.396821163733307
r21i1p1f1,1908,True,19.51187,19.09814942559432
r21i1p1f1,1909,True,18.300653,18.709726281908033
r21i1p1f1,1910,True,17.216385,17.453150803680053
r21i1p1f1,1911,True,18.414003,18.689603859138128
r21i1p1f1,1912,True,18.600336,18.689128828723906
r21i1p1f1,1913,True,19.39024,18.63393602778807
r21i1p1f1,1914,True,18.477962,18.31893544394302
r21i1p1f1,1915,True,18.31446,18.0105217289748
r21i1p1f1,1916,True,18.106806,17.250808948488334
r21i1p1f1,1917,True,19.678797,19.21545071687443
r21i1p1f1,1918,True,20.552383,19.953247434626068
r21i1p1f1,1919,True,22.095257,22.289517035958863
r21i1p1f1,1920,True,23.538113,22.68009426891468
r21i1p1f1,1921,True,23.229237,22.293975282068498
r21i1p1f1,1922,True,23.152075,22.865091031957405
r21i1p1f1,1923,True,23.185633,22.49608627209388
r21i1p1f1,1924,True,21.971037,21.526698174043094
r21i1p1f1,1925,True,18.494213,19.769847281646445
r21i1p1f1,1926,True,18.859497,19.973127929742176
r21i1p1f1,1927,True,21.016106,20.722246808587666
r21i1p1f1,1928,True,21.50905,21.889663905285953
r21i1p1f1,1929,True,21.387768,21.021300772871385
r21i1p1f1,1930,True,19.25805,20.069905218348225
r21i1p1f1,1931,True,18.860924,18.582584461794287
r21i1p1f1,1932,True,19.05008,19.065775165688038
r21i1p1f1,1933,True,18.922087,18.279714583387086
r21i1p1f1,1934,True,16.49924,16.914845772427032
r21i1p1f1,1935,True,16.615078,15.446547775309327
r21i1p1f1,1936,True,16.445751,16.449776895414356
r21i1p1f1,1937,True,16.938742,16.767729100280256
r21i1p1f1,1938,True,17.257019,17.01048870125056
r21i1p1f1,1939,True,18.24982,18.558946009233534
r21i1p1f1,1940,True,20.53602,21.21160581095306
r21i1p1f1,1941,True,19.219646,20.501430376210816
r21i1p1f1,1942,True,21.666315,21.11293782081408
r21i1p1f1,1943,True,18.423353,20.208771513078112
r21i1p1f1,1944,True,18.345623,19.368708069326257
r21i1p1f1,1945,True,19.300993,19.987848203973808
r21i1p1f1,1946,True,18.847721,20.10424937567807
r21i1p1f1,1947,True,18.864614,19.490102927273718
r21i1p1f1,1948,True,19.610249,19.631338375150122
r21i1p1f1,1949,True,20.356493,20.0890463337718
r21i1p1f1,1950,True,18.325737,19.631466423305064
r21i1p1f1,1951,True,19.359661,19.709062380704175
r21i1p1f1,1952,True,21.151798,22.109546144286405
r21i1p1f1,1953,True,21.353668,22.37266630451973
r21i1p1f1,1954,True,21.056196,21.854557440166317
r21i1p1f1,1955,True,21.06014,21.842698501226582
r21i1p1f1,1956,True,18.866882,19.981271613154142
r21i1p1f1,1957,True,20.357565,19.903508687453535
r21i1p1f1,1958,True,18.810453,19.74149261297733
r21i1p1f1,1959,True,17.267572,17.83922142277618
r21i1p1f1,1960,True,16.793402,18.37244436196552
r21i1p1f1,1961,True,16.694515,17.442171996325918
r21i1p1f1,1962,True,16.510777,16.944963908649708
r21i1p1f1,1963,True,17.221306,17.50279123841989
r21i1p1f1,1964,True,18.062325,16.923823727633554
r21i1p1f1,1965,True,17.698004,18.16615152867313
r21i1p1f1,1966,True,18.761116,18.71180718389308
r21i1p1f1,1967,True,20.374859,19.756308520180877
r21i1p1f1,1968,True,19.430565,19.885471413937577
r21i1p1f1,1969,True,18.475952,18.9981982341594
r21i1p1f1,1970,True,19.04056,19.65455558847396
r21i1p1f1,1971,True,19.62703,20.356518550283305
r21i1p1f1,1972,True,21.881361,21.33833935582778
r21i1p1f1,1973,True,22.655928,23.35349635676597
r21i1p1f1,1974,True,25.017561,24.353069593700045
r21i1p1f1,1975,True,25.062279,24.418263087783522
r21i1p1f1,1976,True,24.749636,23.888353011071423
r21i1p1f1,1977,True,21.096422,20.501745478931333
r21i1p1f1,1978,True,17.64171,18.536274011348265
r21i1p1f1,1979,True,16.976603,18.09165353923079
r21i1p1f1,1980,True,18.56631,17.76310970995765
r21i1p1f1,1981,True,19.734695,18.96235938746855
r21i1p1f1,1982,True,20.4864,20.06970769903779
r21i1p1f1,1983,True,21.313223,20.48271661564421
r21i1p1f1,1984,True,21.028105,20.807848718066463
r21i1p1f1,1985,True,21.168962,20.54242169723991
r21i1p1f1,1986,True,19.222176,18.89061670203137
r21i1p1f1,1987,True,21.100523,20.318186012688923
r21i1p1f1,1988,True,20.583689,21.35961165238197
r21i1p1f1,1989,True,20.959114,21.64033021530774
r22i1p1f1,1853,True,17.130363,18.461608254600335
r22i1p1f1,1854,True,18.393356,18.247155886442254
r22i1p1f1,1855,True,19.20676,18.87925328059555
r22i1p1f1,1856,True,18.423668,19.22281771929005
r22i1p1f1,1857,True,17.992579,18.43407691035336
r22i1p1f1,1858,True,19.009033,18.70982290046974
r22i1p1f1,1859,True,18.826408,17.36079334703395
r22i1p1f1,1860,True,19.552229,18.473997960344835
r22i1p1f1,1861,True,18.353926,18.677758495833288
r22i1p1f1,1862,True,19.371037,20.16236297205684
r22i1p1f1,1863,True,19.808983,20.096295170898465
r22i1p1f1,1864,True,21.00725,21.25120770447816
r22i1p1f1,1865,True,19.48303,20.346551120187556
r22i1p1f1,1866,True,19.26108,18.314793657460015
r22i1p1f1,1867,True,17.497505,18.06207124544446
r22i1p1f1,1868,True,17.05759,17.672975128296404
r22i1p1f1,1869,True,18.102125,18.865638288908976
r22i1p1f1,1870,True,18.58252,19.67962831840877
r22i1p1f1,1871,True,20.049324,19.91233964896443
r22i1p1f1,1872,True,20.088037,20.169177993911546
r22i1p1f1,1873,True,21.830624,21.170054057199586
r22i1p1f1,1874,True,22.564884,21.43066189886771
r22i1p1f1,1875,True,22.232119,21.635813229890164
r22i1p1f1,1876,True,23.076632,22.467459244617906
r22i1p1f1,1877,True,22.14391,22.41958235101375
r22i1p1f1,1878,True,19.730755,20.146631049544546
r22i1p1f1,1879,True,17.215761,18.492287554382187
r22i1p1f1,1880,True,17.093401,17.54600698984061
r22i1p1f1,1881,True,18.21855,18.176441598226557
r22i1p1f1,1882,True,19.409712,19.699652071740243
r22i1p1f1,1883,True,20.24953,19.361364405777234
r22i1p1f1,1884,True,17.74025,19.146038461253003
r22i1p1f1,1885,True,20.249065,19.726303316047936
r22i1p1f1,1886,True,20.016588,20.712701127483648
r22i1p1f1,1887,True,18.936756,19.36159852333002
r22i1p1f1,1888,True,17.916298,18.64075483206268
r22i1p1f1,1889,True,15.690317,17.656691259996308
r22i1p1f1,1890,True,18.519527,17.263496538642492
r22i1p1f1,1891,True,17.818758,18.101227700171513
r22i1p1f1,1892,True,17.736343,18.390904146060546
r22i1p1f1,1893,True,19.852768,19.85705280852817
r22i1p1f1,1894,True,19.776066,20.757583508214555
r22i1p1f1,1895,True,19.657383,19.936907875807293
r22i1p1f1,1896,True,18.833998,19.993849760206714
r22i1p1f1,1897,True,19.813602,20.546257136422383
r22i1p1f1,1898,True,20.45331,20.21783637600438
r22i1p1f1,1899,True,19.952053,20.490820151574773
r22i1p1f1,1900,True,18.802471,20.032409192203648
r22i1p1f1,1901,True,20.583637,20.43705231802705
r22i1p1f1,1902,True,22.17128,22.613271585892097
r22i1p1f1,1903,True,22.442656,22.43852140477089
r22i1p1f1,1904,True,21.864153,21.944917321830136
r22i1p1f1,1905,True,19.243547,19.890732664666093
r22i1p1f1,1906,True,19.741085,19.30058452891064
r22i1p1f1,1907,True,17.319239,18.67958042605641
r22i1p1f1,1908,True,19.332047,19.25680194528155
r22i1p1f1,1909,True,19.580242,19.26472741350878
r22i1p1f1,1910,True,19.108482,20.338939953546074
r22i1p1f1,1911,True,21.264246,20.211410390242314
r22i1p1f1,1912,True,21.335037,21.398522872986526
r22i1p1f1,1913,True,24.152056,22.326031283836375
r22i1p1f1,1914,True,23.469633,22.446862871906493
r22i1p1f1,1915,True,23.588223,22.35906668055422
r22i1p1f1,1916,True,22.864357,21.34514722095557
r22i1p1f1,1917,True,20.922985,20.191636477596077
r22i1p1f1,1918,True,19.399174,19.32836365072923
r22i1p1f1,1919,True,18.90325,18.864922098433574
r22i1p1f1,1920,True,18.608528,17.91326123512877
r22i1p1f1,1921,True,18.085855,17.053202182539245
r22i1p1f1,1922,True,18.726149,18.1524124833139
r22i1p1f1,1923,True,20.248386,18.8114650802321
r22i1p1f1,1924,True,19.036861,18.910110102152313
r22i1p1f1,1925,True,18.939405,17.71415703794688
r22i1p1f1,1926,True,18.85337,18.290987962834024
r22i1p1f1,1927,True,19.43418,18.054407961755395
r22i1p1f1,1928,True,17.573952,17.007484538727883
r22i1p1f1,1929,True,16.51337,15.135009941528907
r22i1p1f1,1930,True,16.691648,16.109205218322742
r22i1p1f1,1931,True,17.99631,16.67356987389076
r22i1p1f1,1932,True,18.116625,17.94454624433712
r22i1p1f1,1933,True,16.808643,16.66888039930041
r22i1p1f1,1934,True,17.57473,16.86853529225597
r22i1p1f1,1935,True,18.17955,17.922096498846773
r22i1p1f1,1936,True,17.091206,17.436081458599098
r22i1p1f1,1937,True,17.460066,18.389902141725454
r22i1p1f1,1938,True,20.16414,20.724938802029882
r22i1p1f1,1939,True,20.348139,20.65043794675148
r22i1p1f1,1940,True,18.790361,19.79919901316288
r22i1p1f1,1941,True,19.198034,19.139649384710943
r22i1p1f1,1942,True,19.588106,20.267947372099126
r22i1p1f1,1943,True,20.621134,20.954997470845875
r22i1p1f1,1944,True,21.206367,20.747152091507576
r22i1p1f1,1945,True,21.803328,21.32757432554826
r22i1p1f1,1946,True,22.51939,21.817088846193315
r22i1p1f1,1947,True,21.05918,21.909057913040808
r22i1p1f1,1948,True,20.931995,21.071705820888237
r22i1p1f1,1949,True,21.537045,21.264468996810535
r22i1p1f1,1950,True,21.098175,21.07301389241913
r22i1p1f1,1951,True,20.905329,21.53756195108652
r22i1p1f1,1952,True,19.921448,20.11386657048598
r22i1p1f1,1953,True,20.85691,21.3327117119901
r22i1p1f1,1954,True,21.113771,20.239214392445547
r22i1p1f1,1955,True,21.407587,21.2874119176932
r22i1p1f1,1956,True,21.169527,21.7165830377864
r22i1p1f1,1957,True,21.644638,20.6917963524734
r22i1p1f1,1958,True,22.66982,21.539767817719678
r22i1p1f1,1959,True,20.885237,21.102074855748462
r22i1p1f1,1960,True,19.511103,20.547675855058323
r22i1p1f1,1961,True,17.92502,18.93961436558989
r22i1p1f1,1962,True,17.924908,18.428029018888726
r22i1p1f1,1963,True,19.113495,18.611197333713115
r22i1p1f1,1964,True,19.065844,19.717023913913707
r22i1p1f1,1965,True,20.063622,19.95242514966914
r22i1p1f1,1966,True,19.02808,20.00590369539521
r22i1p1f1,1967,True,19.487429,19.99715579822322
r22i1p1f1,1968,True,18.865307,19.28478969083563
r22i1p1f1,1969,True,19.964308,19.69498917638366
r22i1p1f1,1970,True,20.365597,19.216967812979426
r22i1p1f1,1971,True,19.175365,19.118827726949167
r22i1p1f1,1972,True,17.939571,17.835095613681172
r22i1p1f1,1973,True,16.889633,17.49596881795247
r22i1p1f1,1974,True,17.905594,17.73600831429441
r22i1p1f1,1975,True,19.104738,19.560013288224063
r22i1p1f1,1976,True,19.097734,19.37972592142462
r22i1p1f1,1977,True,18.50901,19.338290616258295
r22i1p1f1,1978,True,19.068674,19.853565179406267
r22i1p1f1,1979,True,19.940983,20.563223021506325
r22i1p1f1,1980,True,21.01545,20.237143140647046
r22i1p1f1,1981,True,20.30324,20.062353351782512
r22i1p1f1,1982,True,21.167849,20.434759010009582
r22i1p1f1,1983,True,22.056665,21.553084712111648
r22i1p1f1,1984,True,21.23624,20.694551940068944
r22i1p1f1,1985,True,20.335453,20.42595495269498
r22i1p1f1,1986,True,21.354292,20.996051757926292
r22i1p1f1,1987,True,20.370195,20.386522446544493
r22i1p1f1,1988,True,20.309265,20.22326486688398
r22i1p1f1,1989,True,20.553028,20.617799005313323
r23i1p1f1,1853,True,23.391813,22.111175224141437
r23i1p1f1,1854,True,20.719524,20.832022151465306
r23i1p1f1,1855,True,21.260714,20.95025451559515
r23i1p1f1,1856,True,21.492758,20.043150451926582
r23i1p1f1,1857,True,24.003706,21.59620648657733
r23i1p1f1,1858,True,25.765121,23.48728549475217
r23i1p1f1,1859,True,25.351433,23.3578329657115
r23i1p1f1,1860,True,23.87009,22.164709385599373
r23i1p1f1,1861,True,21.393578,21.325288457202227
r23i1p1f1,1862,True,20.35998,20.073546828979964
r23i1p1f1,1863,True,20.689274,20.51464431317734
r23i1p1f1,1864,True,20.816475,20.759297224030608
r23i1p1f1,1865,True,20.97405,20.974143924967517
r23i1p1f1,1866,True,21.661882,21.59280253866611
r23i1p1f1,1867,True,19.341497,20.043701566219045
r23i1p1f1,1868,True,21.021059,20.554061613145812
r23i1p1f1,1869,True,20.461926,19.822116934326612
r23i1p1f1,1870,True,19.319038,20.650301115963913
r23i1p1f1,1871,True,21.489244,21.376696790714597
r23i1p1f1,1872,True,17.849783,18.42546053141227
r23i1p1f1,1873,True,17.138474,18.196313629626488
r23i1p1f1,1874,True,17.69528,17.61482960065602
r23i1p1f1,1875,True,19.312433,18.418140696796204
r23i1p1f1,1876,True,20.976707,19.90618439881056
r23i1p1f1,1877,True,21.679213,21.246627104641018
r23i1p1f1,1878,True,19.496534,20.448200768781444
r23i1p1f1,1879,True,19.818563,19.27993400529526
r23i1p1f1,1880,True,17.607256,18.505112341597698
r23i1p1f1,1881,True,17.574497,17.54006977148003
r23i1p1f1,1882,True,16.692669,17.618048214327914
r23i1p1f1,1883,True,18.613766,18.187195717830072
r23i1p1f1,1884,True,21.107756,20.153453939286567
r23i1p1f1,1885,True,19.832325,19.700143579689918
r23i1p1f1,1886,True,21.356157,20.751915016488212
r23i1p1f1,1887,True,22.145943,20.995938830180798
r23i1p1f1,1888,True,20.71201,20.011934140831073
r23i1p1f1,1889,True,19.416203,19.068907711764556
r23i1p1f1,1890,True,18.882315,19.63246746320996
r23i1p1f1,1891,True,18.891184,19.420748143017732
r23i1p1f1,1892,True,18.616274,19.61661742273838
r23i1p1f1,1893,True,20.525324,20.46419721086152
r23i1p1f1,1894,True,21.644354,21.558899707400162
r23i1p1f1,1895,True,22.097069,21.509760343181664
r23i1p1f1,1896,True,22.904325,21.826413923845575
r23i1p1f1,1897,True,20.147505,20.971866306322262
r23i1p1f1,1898,True,17.75673,18.23734334135378
r23i1p1f1,1899,True,17.424183,18.373372064623986
r23i1p1f1,1900,True,17.643976,17.169674902524186
r23i1p1f1,1901,True,18.327608,19.282759005229604
r23i1p1f1,1902,True,18.397528,19.296886471787083
r23i1p1f1,1903,True,18.294193,18.370236272038692
r23i1p1f1,1904,True,18.35861,18.561761043130915
r23i1p1f1,1905,True,17.695139,18.027722125012275
r23i1p1f1,1906,True,16.653116,18.14261083440258
r23i1p1f1,1907,True,17.502296,18.623853847997125
r23i1p1f1,1908,True,18.876043,18.989157577080263
r23i1p1f1,1909,True,19.318064,19.447850379390164
r23i1p1f1,1910,True,18.998392,19.25065059602194
r23i1p1f1,1911,True,18.225094,18.961416626960315
r23i1p1f1,1912,True,19.307653,18.907654081945264
r23i1p1f1,1913,True,19.99213,19.92920963091367
r23i1p1f1,1914,True,19.609493,20.64097602576716
r23i1p1f1,1915,True,21.603603,21.409738004829237
r23i1p1f1,1916,True,22.213923,22.68221811182445
r23i1p1f1,1917,True,22.044878,21.916125997775247
r23i1p1f1,1918,True,22.211174,21.40484802743628
r23i1p1f1,1919,True,21.949184,21.643966845592523
r23i1p1f1,1920,True,21.32376,20.773128957566804
r23i1p1f1,1921,True,19.558182,20.190865083836965
r23i1p1f1,1922,True,18.794321,19.818405834660133
r23i1p1f1,1923,True,19.149046,19.562055381448243
r23i1p1f1,1924,True,18.434156,18.598072173425585
r23i1p1f1,1925,True,19.251575,20.153256076127168
r23i1p1f1,1926,True,20.490324,20.386729037848404
r23i1p1f1,1927,True,20.867516,21.344514002273552
r23i1p1f1,1928,True,22.057407,21.411572081772835
r23i1p1f1,1929,True,22.250933,20.571546948717593
r23i1p1f1,1930,True,18.656736,19.10172823693713
r23i1p1f1,1931,True,17.800566,17.923251726781295
r23i1p1f1,1932,True,17.703758,17.18339980416152
r23i1p1f1,1933,True,18.212608,17.378891779089436
r23i1p1f1,1934,True,17.570723,16.82890773012692
r23i1p1f1,1935,True,19.121723,18.097142979805696
r23i1p1f1,1936,True,20.141369,20.17872567862561
r23i1p1f1,1937,True,20.592047,19.72319812486675
r23i1p1f1,1938,True,19.608528,19.638828518997116
r23i1p1f1,1939,True,18.613928,18.60301990671846
r23i1p1f1,1940,True,18.240438,17.96669403189804
r23i1p1f1,1941,True,18.403269,17.64875172180008
r23i1p1f1,1942,True,19.621365,18.83531583510953
r23i1p1f1,1943,True,18.084549,18.761019393369804
r23i1p1f1,1944,True,18.203117,19.08157527687362
r23i1p1f1,1945,True,19.875519,20.25135082390375
r23i1p1f1,1946,True,20.289309,19.980611065142856
r23i1p1f1,1947,True,19.869265,19.7762115410988
r23i1p1f1,1948,True,19.117624,18.304230934888352
r23i1p1f1,1949,True,20.197094,19.64708117315215
r23i1p1f1,1950,True,19.057156,19.312236529375348
r23i1p1f1,1951,True,20.411402,20.29144518560711
r23i1p1f1,1952,True,18.32596,20.12887506493105
r23i1p1f1,1953,True,18.41141,18.227741134757924
r23i1p1f1,1954,True,17.762194,17.94350611287451
r23i1p1f1,1955,True,18.500887,17.900984756750905
r23i1p1f1,1956,True,18.606749,18.716844399252977
r23i1p1f1,1957,True,18.474363,18.647164717653684
r23i1p1f1,1958,True,17.942272,18.591960901872856
r23i1p1f1,1959,True,19.176262,18.99379255233622
r23i1p1f1,1960,True,17.123299,18.0589961893196
r23i1p1f1,1961,True,16.814888,17.202860186556933
r23i1p1f1,1962,True,18.223843,18.633401876643394
r23i1p1f1,1963,True,18.41455,19.462943790104585
r23i1p1f1,1964,True,19.79622,20.228773710177162
r23i1p1f1,1965,True,18.460926,20.02883863919638
r23i1p1f1,1966,True,21.323893,21.475287526147483
r23i1p1f1,1967,True,22.37423,22.678721150824344
r23i1p1f1,1968,True,24.361103,23.91892970830691
r23i1p1f1,1969,True,23.346886,23.000060495792507
r23i1p1f1,1970,True,21.129326,21.054289195901838
r23i1p1f1,1971,True,18.945616,18.977406216597647
r23i1p1f1,1972,True,17.915867,18.698575934544827
r23i1p1f1,1973,True,18.629292,18.194032890499642
r23i1p1f1,1974,True,19.086348,19.232546831451803
r23i1p1f1,1975,True,20.096567,20.8438473948376
r23i1p1f1,1976,True,18.974903,19.066897225973918
r23i1p1f1,1977,True,19.937681,18.950427990753887
r23i1p1f1,1978,True,20.560364,20.158657614146883
r23i1p1f1,1979,True,19.796616,20.202745796008703
r23i1p1f1,1980,True,18.731218,20.03276387703624
r23i1p1f1,1981,True,20.127558,20.4088092267735
r23i1p1f1,1982,True,21.24383,20.526046932134427
r23i1p1f1,1983,True,20.139505,20.208990819155428
r23i1p1f1,1984,True,20.001116,20.052909212488263
r23i1p1f1,1985,True,20.163334,19.84844628178185
r23i1p1f1,1986,True,19.145266,19.091655753887515
r23i1p1f1,1987,True,19.46796,19.516432962652356
r23i1p1f1,1988,True,18.904057,19.62625731425661
r23i1p1f1,1989,True,18.21205,18.99689627987792
r24i1p1f1,1853,True,20.099277,19.994546864138755
r24i1p1f1,1854,True,19.216093,19.82737990593162
r24i1p1f1,1855,True,19.482956,20.267029332653262
r24i1p1f1,1856,True,18.670992,19.31786412570059
r24i1p1f1,1857,True,20.391193,20.484413237628644
r24i1p1f1,1858,True,21.96891,21.528460419572824
r24i1p1f1,1859,True,21.608515,22.35630572604751
r24i1p1f1,1860,True,21.987106,21.897386296848236
r24i1p1f1,1861,True,21.016874,21.054499338251492
r24i1p1f1,1862,True,18.862715,19.523871119068538
r24i1p1f1,1863,True,19.090353,18.761792583821382
r24i1p1f1,1864,True,19.253227,19.656464907305924
r24i1p1f1,1865,True,19.16849,18.645681819608185
r24i1p1f1,1866,True,20.85972,19.643960238155234
r24i1p1f1,1867,True,23.304647,21.775492448002023
r24i1p1f1,1868,True,20.61942,20.706010955200473
r24i1p1f1,1869,True,20.604979,20.68054731715478
r24i1p1f1,1870,True,20.691542,20.338467302981677
r24i1p1f1,1871,True,19.908457,19.577407225518442
r24i1p1f1,1872,True,17.629759,18.689659553450834
r24i1p1f1,1873,True,19.195517,18.771130373379858
r24i1p1f1,1874,True,19.641848,20.144623107449867
r24i1p1f1,1875,True,18.33725,19.36606885318552
r24i1p1f1,1876,True,20.376535,20.132998567851466
r24i1p1f1,1877,True,23.135899,22.179334546998845
r24i1p1f1,1878,True,23.361134,22.397389148482574
r24i1p1f1,1879,True,21.361706,21.269940767583435
r24i1p1f1,1880,True,20.018183,19.86567525038082
r24i1p1f1,1881,True,18.496456,19.49776882977807
r24i1p1f1,1882,True,19.018608,19.541138280515877
r24i1p1f1,1883,True,19.529598,19.712482899717294
r24i1p1f1,1884,True,20.542519,20.981488581112
r24i1p1f1,1885,True,19.982079,21.086792785046285
r24i1p1f1,1886,True,20.156492,20.56214764465436
r24i1p1f1,1887,True,19.98852,19.612307972545253
r24i1p1f1,1888,True,19.220667,19.02842912642447
r24i1p1f1,1889,True,19.638968,19.75782566498706
r24i1p1f1,1890,True,20.357876,19.52361117842008
r24i1p1f1,1891,True,18.457458,19.260903325707602
r24i1p1f1,1892,True,20.071823,18.730531788365838
r24i1p1f1,1893,True,20.045385,20.442431484051873
r24i1p1f1,1894,True,18.629436,20.098056044159982
r24i1p1f1,1895,True,19.202196,18.96102893001701
r24i1p1f1,1896,True,18.689058,20.327247681572622
r24i1p1f1,1897,True,18.94355,19.983063356671387
r24i1p1f1,1898,True,20.301489,21.065060047326487
r24i1p1f1,1899,True,19.401804,19.824273686849782
r24i1p1f1,1900,True,19.342154,20.03038378234515
r24i1p1f1,1901,True,19.346668,18.939744886379717
r24i1p1f1,1902,True,19.017332,19.233751707258083
r24i1p1f1,1903,True,19.439095,18.613687678508665
r24i1p1f1,1904,True,19.2469,18.695026593485785
r24i1p1f1,1905,True,19.69046,18.734492572630824
r24i1p1f1,1906,True,18.146334,19.093238532504316
r24i1p1f1,1907,True,18.394634,18.864928947316542
r24i1p1f1,1908,True,18.716452,18.907654606780746
r24i1p1f1,1909,True,19.892262,20.47823996793154
r24i1p1f1,1910,True,21.316256,21.061507215864196
r24i1p1f1,1911,True,21.17508,21.050107683417956
r24i1p1f1,1912,True,20.312246,20.99536157011335
r24i1p1f1,1913,True,19.731316,19.324470621956998
r24i1p1f1,1914,True,19.667908,19.346098680710455
r24i1p1f1,1915,True,20.552338,19.849143334956715
r24i1p1f1,1916,True,19.7534,19.679300129382277
r24i1p1f1,1917,True,18.914185,19.474290725122184
r24i1p1f1,1918,True,18.93653,19.50405171300016
r24i1p1f1,1919,True,21.065126,20.455738256039123
r24i1p1f1,1920,True,21.815763,20.917383173932595
r24i1p1f1,1921,True,21.423548,21.144683806578183
r24i1p1f1,1922,True,21.709457,21.243830858946968
r24i1p1f1,1923,True,21.235298,21.10941122839234
r24i1p1f1,1924,True,23.066835,22.31896883339846
r24i1p1f1,1925,True,21.245848,21.746827110537545
r24i1p1f1,1926,True,20.880043,20.84272628204307
r24i1p1f1,1927,True,19.752523,20.31756857530609
r24i1p1f1,1928,True,16.949217,19.212868513960007
r24i1p1f1,1929,True,18.203312,19.01024548659434
r24i1p1f1,1930,True,19.336626,19.177383680048624
r24i1p1f1,1931,True,20.403862,19.994516711491816
r24i1p1f1,1932,True,21.111595,19.774213976088134
r24i1p1f1,1933,True,21.233696,20.721300949377337
r24i1p1f1,1934,True,21.354584,20.710087083252475
r24i1p1f1,1935,True,21.566147,21.02155829071748
r24i1p1f1,1936,True,21.907276,21.220215058679873
r24i1p1f1,1937,True,18.557255,19.73141476751331
r24i1p1f1,1938,True,18.380978,19.314287913042854
r24i1p1f1,1939,True,18.830036,19.22259754916756
r24i1p1f1,1940,True,20.613571,20.28687707714709
r24i1p1f1,1941,True,21.005434,21.28826245287635
r24i1p1f1,1942,True,21.625023,21.699826226278628
r24i1p1f1,1943,True,19.862963,20.494436821478324
r24i1p1f1,1944,True,21.687805,20.928893337995834
r24i1p1f1,1945,True,22.694693,21.326397696121226
r24i1p1f1,1946,True,21.194477,21.121884232642785
r24i1p1f1,1947,True,19.282726,19.955457588144263
r24i1p1f1,1948,True,19.300688,18.782994561015354
r24i1p1f1,1949,True,20.389671,19.445258358352362
r24i1p1f1,1950,True,20.413406,19.608804066048762
r24i1p1f1,1951,True,21.019913,20.147033238401164
r24i1p1f1,1952,True,20.396736,20.616897210577434
r24i1p1f1,1953,True,19.257643,18.572958483610513
r24i1p1f1,1954,True,19.25445,19.944901304344423
r24i1p1f1,1955,True,18.097553,18.588435671797207
r24i1p1f1,1956,True,18.340773,18.106647676787023
r24i1p1f1,1957,True,17.70103,17.04797770154522
r24i1p1f1,1958,True,17.582712,17.9038771289597
r24i1p1f1,1959,True,17.862103,17.52280499750564
r24i1p1f1,1960,True,16.511946,17.006506979195017
r24i1p1f1,1961,True,16.410477,17.0181597211749
r24i1p1f1,1962,True,17.701601,17.593300356966747
r24i1p1f1,1963,True,18.794882,19.13750281681277
r24i1p1f1,1964,True,17.483452,18.695169142550604
r24i1p1f1,1965,True,19.041313,18.652416318971127
r24i1p1f1,1966,True,19.015732,19.370722262415406
r24i1p1f1,1967,True,18.958792,19.67991145508098
r24i1p1f1,1968,True,19.122211,18.842791231907665
r24i1p1f1,1969,True,18.232681,18.718828651175603
r24i1p1f1,1970,True,19.257504,18.589117061907466
r24i1p1f1,1971,True,21.94164,20.1508698702789
r24i1p1f1,1972,True,23.171452,22.441064517633187
r24i1p1f1,1973,True,24.124773,21.519103423892616
r24i1p1f1,1974,True,23.741081,22.17795552754861
r24i1p1f1,1975,True,23.084145,21.91692319546713
r24i1p1f1,1976,True,23.273884,22.573700368297054
r24i1p1f1,1977,True,22.379946,21.264443414686305
r24i1p1f1,1978,True,18.876173,20.716992028462997
r24i1p1f1,1979,True,18.561392,19.493140237152833
r24i1p1f1,1980,True,18.34242,18.365785437259113
r24i1p1f1,1981,True,17.432875,18.57827432385031
r24i1p1f1,1982,True,18.226976,18.880466572688146
r24i1p1f1,1983,True,19.692743,20.02012987065026
r24i1p1f1,1984,True,19.997934,20.877081150744008
r24i1p1f1,1985,True,21.678686,21.044330454428284
r24i1p1f1,1986,True,22.13826,20.58825239386238
r24i1p1f1,1987,True,20.00607,20.651861995521443
r24i1p1f1,1988,True,19.558645,18.99235537315935
r24i1p1f1,1989,True,19.079792,18.716455624298067
r25i1p1f1,1853,True,19.074472,18.287970379475645
r25i1p1f1,1854,True,18.590992,18.04665617665741
r25i1p1f1,1855,True,18.424603,18.292698065603208
r25i1p1f1,1856,True,18.190897,17.230014279510023
r25i1p1f1,1857,True,18.774225,18.55436201281446
r25i1p1f1,1858,True,20.533094,19.391538680757357
r25i1p1f1,1859,True,19.759092,20.158443183562706
r25i1p1f1,1860,True,18.97134,18.59222741958911
r25i1p1f1,1861,True,18.092861,19.369346602876504
r25i1p1f1,1862,True,19.232857,18.269768239227886
r25i1p1f1,1863,True,18.821793,19.10657101872664
r25i1p1f1,1864,True,19.107384,19.02414198177405
r25i1p1f1,1865,True,19.417583,18.984032551040162
r25i1p1f1,1866,True,20.543716,19.76299452738623
r25i1p1f1,1867,True,22.33786,21.312432973069534
r25i1p1f1,1868,True,21.384378,21.26570262164409
r25i1p1f1,1869,True,20.63525,20.47109990836728
r25i1p1f1,1870,True,18.929405,20.310308203936746
r25i1p1f1,1871,True,19.276003,19.396384486187355
r25i1p1f1,1872,True,19.922241,20.698337582700766
r25i1p1f1,1873,True,20.37998,21.847844347261336
r25i1p1f1,1874,True,22.384579,22.651180625137602
r25i1p1f1,1875,True,24.745037,23.435432959348795
r25i1p1f1,1876,True,23.926632,24.162834492053474
r25i1p1f1,1877,True,24.176878,23.684867443496355
r25i1p1f1,1878,True,22.432623,22.928116819466872
r25i1p1f1,1879,True,21.20363,21.98631590284735
r25i1p1f1,1880,True,20.89243,21.889518063676608
r25i1p1f1,1881,True,22.601046,22.595211317353815
r25i1p1f1,1882,True,22.304089,22.684582312261497
r25i1p1f1,1883,True,22.064507,22.204236405054036
r25i1p1f1,1884,True,21.937971,21.266185497026687
r25i1p1f1,1885,True,20.14086,20.151937667816483
r25i1p1f1,1886,True,19.224714,20.502863273134352
r25i1p1f1,1887,True,19.018763,20.405366195634688
r25i1p1f1,1888,True,21.152542,21.022871709255167
r25i1p1f1,1889,True,23.30342,23.19246614587771
r25i1p1f1,1890,True,22.718773,23.69580604924181
r25i1p1f1,1891,True,22.858027,22.492632765023828
r25i1p1f1,1892,True,20.095509,20.868513687809397
r25i1p1f1,1893,True,20.23397,19.903991760876686
r25i1p1f1,1894,True,20.58333,20.922773013109556
r25i1p1f1,1895,True,21.848059,21.13065838481323
r25i1p1f1,1896,True,21.118563,20.86433307909556
r25i1p1f1,1897,True,21.101181,21.20192059871078
r25i1p1f1,1898,True,19.938412,20.295981953967996
r25i1p1f1,1899,True,20.980862,20.487189403798304
r25i1p1f1,1900,True,21.454523,20.25197116102836
r25i1p1f1,1901,True,20.569891,20.43731502887225
r25i1p1f1,1902,True,20.146746,19.748786592788925
r25i1p1f1,1903,True,20.828957,19.804010027828724
r25i1p1f1,1904,True,21.679455,20.95155535423874
r25i1p1f1,1905,True,22.007591,22.897710050825385
r25i1p1f1,1906,True,21.554207,21.881568066957154
r25i1p1f1,1907,True,20.56653,21.095046288907565
r25i1p1f1,1908,True,19.569073,19.994472479438063
r25i1p1f1,1909,True,20.462116,20.599360199304655
r25i1p1f1,1910,True,19.826778,20.008183643370252
r25i1p1f1,1911,True,20.475811,20.025600197633985
r25i1p1f1,1912,True,18.811495,18.685930995352873
r25i1p1f1,1913,True,17.879654,17.461647819284018
r25i1p1f1,1914,True,17.731493,17.66987738989873
r25i1p1f1,1915,True,19.180222,19.18734861614647
r25i1p1f1,1916,True,19.68356,19.98609998927468
r25i1p1f1,1917,True,19.625721,19.182741580673113
r25i1p1f1,1918,True,18.112082,18.203673186889347
r25i1p1f1,1919,True,17.724987,17.651039838874343
r25i1p1f1,1920,True,15.820714,16.409323850869665
r25i1p1f1,1921,True,16.476175,16.489111143732703
r25i1p1f1,1922,True,16.820404,16.39504402198589
r25i1p1f1,1923,True,16.47577,15.982379955393354
r25i1p1f1,1924,True,16.595978,16.03965405602023
r25i1p1f1,1925,True,17.77664,16.954908340279218
r25i1p1f1,1926,True,18.567057,17.806177893377182
r25i1p1f1,1927,True,20.484402,19.87598814376553
r25i1p1f1,1928,True,20.275013,21.224104181469297
r25i1p1f1,1929,True,19.231775,20.63270978725339
r25i1p1f1,1930,True,18.383307,19.519134593910792
r25i1p1f1,1931,True,16.800875,18.071250696504148
r25i1p1f1,1932,True,17.000387,17.471116550477173
r25i1p1f1,1933,True,17.36706,17.95532846401743
r25i1p1f1,1934,True,19.54848,19.08374244312478
r25i1p1f1,1935,True,20.26259,20.083723155443046
r25i1p1f1,1936,True,22.44804,21.35149592940448
r25i1p1f1,1937,True,22.51882,21.35811928583917
r25i1p1f1,1938,True,19.472698,19.83879310017656
r25i1p1f1,1939,True,19.252735,18.194758772659835
r25i1p1f1,1940,True,20.264833,19.136647062063172
r25i1p1f1,1941,True,20.497425,20.484284463457506
r25i1p1f1,1942,True,19.370827,18.87436444707381
r25i1p1f1,1943,True,19.398886,18.714126149218345
r25i1p1f1,1944,True,18.438251,18.906292470016144
r25i1p1f1,1945,True,18.308714,18.37482804495534
r25i1p1f1,1946,True,18.94276,18.78878197095374
r25i1p1f1,1947,True,19.407305,18.601878462299016
r25i1p1f1,1948,True,19.326647,19.304611300962073
r25i1p1f1,1949,True,20.145205,20.21163483513957
r25i1p1f1,1950,True,21.368904,20.379079126479315
r25i1p1f1,1951,True,20.652832,20.85137329779924
r25i1p1f1,1952,True,19.184351,19.690632605198495
r25i1p1f1,1953,True,16.924831,18.225696893904715
r25i1p1f1,1954,True,17.270422,18.983462059563323
r25i1p1f1,1955,True,18.012196,19.618770360640717
r25i1p1f1,1956,True,19.789103,20.1327479303243
r25i1p1f1,1957,True,20.968725,21.18720238569709
r25i1p1f1,1958,True,21.735115,21.895894301932227
r25i1p1f1,1959,True,20.849087,21.149323024295246
r25i1p1f1,1960,True,18.588188,19.698127197582306
r25i1p1f1,1961,True,19.235384,18.45282813611251
r25i1p1f1,1962,True,18.284378,17.97036500812395
r25i1p1f1,1963,True,20.231922,19.575360471685052
r25i1p1f1,1964,True,21.965988,21.308746926574294
r25i1p1f1,1965,True,20.869389,19.779839943145866
r25i1p1f1,1966,True,20.557089,19.637463949037603
r25i1p1f1,1967,True,21.412594,20.289400161267498
r25i1p1f1,1968,True,19.579111,19.32008946288443
r25i1p1f1,1969,True,18.86337,19.649402339574056
r25i1p1f1,1970,True,18.540232,18.780315555936262
r25i1p1f1,1971,True,19.270884,19.3447550458488
r25i1p1f1,1972,True,18.356617,19.762323712721216
r25i1p1f1,1973,True,18.982487,19.367614142216624
r25i1p1f1,1974,True,17.4489,19.11049312723499
r25i1p1f1,1975,True,21.401882,20.782776223535457
r25i1p1f1,1976,True,22.324842,22.28920514543295
r25i1p1f1,1977,True,22.312683,21.861291716215092
r25i1p1f1,1978,True,23.334791,22.629252274604042
r25i1p1f1,1979,True,24.776188,24.395663828897423
r25i1p1f1,1980,True,24.369137,24.026673238086644
r25i1p1f1,1981,True,21.542305,20.18231315054703
r25i1p1f1,1982,True,19.662521,18.678179648081493
r25i1p1f1,1983,True,18.291908,18.40836045457747
r25i1p1f1,1984,True,17.632627,17.760766303456215
r25i1p1f1,1985,True,16.920193,18.111403033427955
r25i1p1f1,1986,True,18.00068,18.423126172998373
r25i1p1f1,1987,True,18.684425,18.163189549189582
r25i1p1f1,1988,True,14.59768,15.929489616669699
r25i1p1f1,1989,True,16.405643,15.639564642564519
r26i1p1f1,1853,True,19.174498,19.161190098270726
r26i1p1f1,1854,True,18.444761,18.455241114688008
r26i1p1f1,1855,True,18.152628,18.537535283598835
r26i1p1f1,1856,True,19.132597,19.40743433750138
r26i1p1f1,1857,True,20.949806,20.58570372192534
r26i1p1f1,1858,True,22.128141,22.161851777377347
r26i1p1f1,1859,True,20.06238,20.4714860369924
r26i1p1f1,1860,True,19.137186,19.19976247466279
r26i1p1f1,1861,True,18.144526,19.070397791647146
r26i1p1f1,1862,True,17.341455,18.476059347140257
r26i1p1f1,1863,True,18.10764,18.47973240070619
r26i1p1f1,1864,True,19.842623,19.438360015747218
r26i1p1f1,1865,True,20.583706,20.09680484561966
r26i1p1f1,1866,True,17.89091,17.651717454337934
r26i1p1f1,1867,True,17.854055,18.49156198718362
r26i1p1f1,1868,True,17.869259,17.926661289813463
r26i1p1f1,1869,True,17.887278,17.97648511375312
r26i1p1f1,1870,True,18.27518,17.86878033300253
r26i1p1f1,1871,True,20.011887,19.0955094058041
r26i1p1f1,1872,True,17.822887,18.533114065328846
r26i1p1f1,1873,True,18.848246,18.597634649052136
r26i1p1f1,1874,True,18.644651,18.775861657463818
r26i1p1f1,1875,True,18.968916,18.961132866581842
r26i1p1f1,1876,True,18.067417,17.55984868218578
r26i1p1f1,1877,True,17.535383,18.02449968173306
r26i1p1f1,1878,True,18.07657,18.693183182852408
r26i1p1f1,1879,True,20.57082,20.213497174678444
r26i1p1f1,1880,True,23.224064,22.16243585924618
r26i1p1f1,1881,True,23.392826,22.329784141380987
r26i1p1f1,1882,True,22.786564,22.388541156927495
r26i1p1f1,1883,True,21.980501,21.1752925987008
r26i1p1f1,1884,True,20.646933,20.905133354256847
r26i1p1f1,1885,True,20.219387,20.764522315089863
r26i1p1f1,1886,True,21.832773,22.02121280552763
r26i1p1f1,1887,True,20.386898,21.392534944116463
r26i1p1f1,1888,True,19.349388,21.361190412716585
r26i1p1f1,1889,True,19.959595,21.211548401581318
r26i1p1f1,1890,True,19.20358,19.515275422981908
r26i1p1f1,1891,True,18.025972,18.677353894307924
r26i1p1f1,1892,True,17.780281,18.52332842449041
r26i1p1f1,1893,True,20.366045,19.027566731355577
r26i1p1f1,1894,True,19.134884,19.49079892103023
r26i1p1f1,1895,True,20.478354,19.79803780943687
r26i1p1f1,1896,True,19.339354,19.512842651008523
r26i1p1f1,1897,True,18.391703,19.947211549397622
r26i1p1f1,1898,True,18.030287,18.73148460085142
r26i1p1f1,1899,True,20.093283,20.425775382694024
r26i1p1f1,1900,True,20.857267,20.56018130209301
r26i1p1f1,1901,True,22.353685,21.30830767700262
r26i1p1f1,1902,True,22.393785,22.750219173400946
r26i1p1f1,1903,True,21.94698,21.214209617423705
r26i1p1f1,1904,True,19.045658,19.425360289189125
r26i1p1f1,1905,True,18.134201,18.070889722879556
r26i1p1f1,1906,True,18.725859,18.933846344807126
r26i1p1f1,1907,True,19.907959,19.754173438636823
r26i1p1f1,1908,True,22.3661,22.28134513967249
r26i1p1f1,1909,True,21.034655,21.30041770965314
r26i1p1f1,1910,True,20.532299,20.411673958624533
r26i1p1f1,1911,True,21.039688,20.55138819772199
r26i1p1f1,1912,True,20.375025,19.905835646131493
r26i1p1f1,1913,True,21.281906,20.902112345773006
r26i1p1f1,1914,True,21.612211,20.368150835822494
r26i1p1f1,1915,True,22.566038,22.265996921393594
r26i1p1f1,1916,True,22.348942,21.633297179547448
r26i1p1f1,1917,True,22.66389,21.713434529448033
r26i1p1f1,1918,True,20.724754,20.869389616580406
r26i1p1f1,1919,True,19.592672,20.008399014509607
r26i1p1f1,1920,True,18.929773,18.69437229181972
r26i1p1f1,1921,True,18.946222,19.24888493885367
r26i1p1f1,1922,True,19.281008,19.314813309236555
r26i1p1f1,1923,True,19.282602,20.03474163162583
r26i1p1f1,1924,True,20.637249,21.170684576105536
r26i1p1f1,1925,True,21.477152,21.043821897576933
r26i1p1f1,1926,True,20.890285,20.49442450342652
r26i1p1f1,1927,True,20.886496,20.73925045770027
r26i1p1f1,1928,True,18.69498,19.96304514681762
r26i1p1f1,1929,True,18.876915,18.927891992077264
r26i1p1f1,1930,True,19.08367,19.2770568172042
r26i1p1f1,1931,True,19.042116,19.707680294293894
r26i1p1f1,1932,True,19.21878,19.72027800355874
r26i1p1f1,1933,True,18.020067,19.008045430176523
r26i1p1f1,1934,True,18.71396,18.810370165536863
r26i1p1f1,1935,True,17.719604,18.077286123398785
r26i1p1f1,1936,True,17.067589,16.884206263576292
r26i1p1f1,1937,True,17.49915,17.67037606026441
r26i1p1f1,1938,True,18.309496,17.352005255538025
r26i1p1f1,1939,True,17.161652,18.417926257754107
r26i1p1f1,1940,True,17.111574,17.80238099405163
r26i1p1f1,1941,True,18.906754,18.57347425743597
r26i1p1f1,1942,True,19.75677,19.619406284224496
r26i1p1f1,1943,True,18.738771,19.858487100404954
r26i1p1f1,1944,True,20.64125,20.07516912984096
r26i1p1f1,1945,True,20.627842,20.09010763940326
r26i1p1f1,1946,True,20.384441,20.04629794839097
r26i1p1f1,1947,True,17.198557,18.009984450299353
r26i1p1f1,1948,True,17.892717,17.327842725861775
r26i1p1f1,1949,True,18.210064,17.75653319449095
r26i1p1f1,1950,True,19.716993,19.14086895573298
r26i1p1f1,1951,True,20.00868,20.513113004181378
r26i1p1f1,1952,True,19.809927,20.386373416614585
r26i1p1f1,1953,True,21.20413,21.120377279834457
r26i1p1f1,1954,True,19.215233,19.91589890082268
r26i1p1f1,1955,True,19.727343,18.181626829338953
r26i1p1f1,1956,True,20.05563,19.464704362209012
r26i1p1f1,1957,True,20.418524,20.19629552653629
r26i1p1f1,1958,True,19.743645,19.74518981543598
r26i1p1f1,1959,True,17.96882,18.16174110585128
r26i1p1f1,1960,True,17.539282,17.686823792356495
r26i1p1f1,1961,True,16.883097,16.35309501369645
r26i1p1f1,1962,True,15.454599,14.979583650100837
r26i1p1f1,1963,True,15.775716,14.656691671425751
r26i1p1f1,1964,True,16.353413,15.441490856946091
r26i1p1f1,1965,True,17.038603,16.50738320418558
r26i1p1f1,1966,True,17.582058,18.327576895820794
r26i1p1f1,1967,True,18.055765,18.5387489137349
r26i1p1f1,1968,True,18.586634,18.13013674481574
r26i1p1f1,1969,True,18.489956,19.0669983052241
r26i1p1f1,1970,True,19.740812,18.808716167162714
r26i1p1f1,1971,True,19.676462,19.28436503220312
r26i1p1f1,1972,True,18.712784,18.970816325271734
r26i1p1f1,1973,True,18.535702,18.28639926590602
r26i1p1f1,1974,True,17.739634,18.070677936794784
r26i1p1f1,1975,True,17.670395,17.680585301403653
r26i1p1f1,1976,True,18.038181,17.67755226969389
r26i1p1f1,1977,True,18.605446,18.976669436621837
r26i1p1f1,1978,True,18.445515,18.866511799336628
r26i1p1f1,1979,True,18.551456,18.99879630221032
r26i1p1f1,1980,True,19.629084,19.706227624632525
r26i1p1f1,1981,True,20.721064,20.29471190370428
r26i1p1f1,1982,True,21.221981,20.560997687169092
r26i1p1f1,1983,True,20.670767,20.959195882391235
r26i1p1f1,1984,True,20.470926,20.57659450759387
r26i1p1f1,1985,True,20.255268,20.741224428381138
r26i1p1f1,1986,True,20.847462,20.21145665059251
r26i1p1f1,1987,True,18.47573,18.37453974317948
r26i1p1f1,1988,True,18.169086,17.370731099205024
r26i1p1f1,1989,True,20.553852,19.32343605815438
r27i1p1f1,1853,True,21.050915,21.561488908599806
r27i1p1f1,1854,True,22.03668,21.465124893482983
r27i1p1f1,1855,True,21.834436,21.630863701697066
r27i1p1f1,1856,True,21.214796,20.83639058919076
r27i1p1f1,1857,True,18.939224,19.388140387093664
r27i1p1f1,1858,True,19.613262,18.560108389945306
r27i1p1f1,1859,True,17.771795,18.381087252670333
r27i1p1f1,1860,True,16.392187,17.711847447152074
r27i1p1f1,1861,True,17.814474,17.432051611711344
r27i1p1f1,1862,True,16.983633,17.17430424200428
r27i1p1f1,1863,True,17.307516,17.252851475399503
r27i1p1f1,1864,True,17.907375,18.117129033049515
r27i1p1f1,1865,True,18.431864,18.757218469224572
r27i1p1f1,1866,True,19.06764,18.765913220046613
r27i1p1f1,1867,True,18.578398,18.308942986581997
r27i1p1f1,1868,True,18.540915,17.554624449489662
r27i1p1f1,1869,True,18.792862,18.217727683567976
r27i1p1f1,1870,True,18.29675,18.076273959055506
r27i1p1f1,1871,True,19.129313,18.49174043492834
r27i1p1f1,1872,True,18.573174,19.2544889426327
r27i1p1f1,1873,True,17.29489,18.03168757270693
r27i1p1f1,1874,True,19.29182,19.3672866127864
r27i1p1f1,1875,True,19.000128,20.531010284960182
r27i1p1f1,1876,True,20.116648,20.70195394708172
r27i1p1f1,1877,True,19.598946,20.997171015152173
r27i1p1f1,1878,True,20.79647,22.14816883330118
r27i1p1f1,1879,True,24.333305,23.306156177042034
r27i1p1f1,1880,True,22.524471,22.782469198734432
r27i1p1f1,1881,True,22.033794,21.994013291853484
r27i1p1f1,1882,True,20.75553,21.236467847411824
r27i1p1f1,1883,True,20.18813,20.444211763119778
r27i1p1f1,1884,True,19.814436,19.691658482332407
r27i1p1f1,1885,True,19.407715,19.56057578444867
r27i1p1f1,1886,True,21.204231,18.93993829337663
r27i1p1f1,1887,True,18.556755,18.738970419299484
r27i1p1f1,1888,True,19.036552,19.09380330411059
r27i1p1f1,1889,True,19.891146,20.244127980601533
r27i1p1f1,1890,True,18.997757,19.423669383461416
r27i1p1f1,1891,True,20.572962,20.62728781559749
r27i1p1f1,1892,True,18.915274,20.64611763399005
r27i1p1f1,1893,True,19.847052,20.275749805428287
r27i1p1f1,1894,True,19.896656,19.258427067947945
r27i1p1f1,1895,True,19.503826,19.806632971045712
r27i1p1f1,1896,True,19.592148,18.65425743209927
r27i1p1f1,1897,True,19.828125,19.75801779222942
r27i1p1f1,1898,True,20.678268,20.31483326214035
r27i1p1f1,1899,True,20.789692,20.579984541658163
r27i1p1f1,1900,True,20.609995,20.382080233934552
r27i1p1f1,1901,True,20.495148,19.458267272682363
r27i1p1f1,1902,True,20.117403,20.208841325549855
r27i1p1f1,1903,True,21.473469,20.681364395765044
r27i1p1f1,1904,True,20.179298,20.32546705333504
r27i1p1f1,1905,True,20.874422,20.219494501348944
r27i1p1f1,1906,True,18.11199,18.899588048941343
r27i1p1f1,1907,True,16.920258,17.901516895743836
r27i1p1f1,1908,True,17.07637,17.70584950927055
r27i1p1f1,1909,True,17.274143,17.6803337745629
r27i1p1f1,1910,True,17.596548,18.272164017797085
r27i1p1f1,1911,True,18.000652,19.059398212008006
r27i1p1f1,1912,True,18.15222,18.616029749507387
r27i1p1f1,1913,True,18.557947,18.04653721417138
r27i1p1f1,1914,True,18.793106,18.627109957763125
r27i1p1f1,1915,True,18.722088,18.848586469452844
r27i1p1f1,1916,True,19.246986,19.482398775239762
r27i1p1f1,1917,True,20.2734,20.58743140031885
r27i1p1f1,1918,True,21.063503,20.695224084066638
r27i1p1f1,1919,True,23.498028,22.09991299206669
r27i1p1f1,1920,True,23.687738,22.189619887131027
r27i1p1f1,1921,True,21.435717,21.129351738961244
r27i1p1f1,1922,True,20.264126,19.927384824484232
r27i1p1f1,1923,True,19.122671,19.66164347393103
r27i1p1f1,1924,True,18.125881,19.138731127685688
r27i1p1f1,1925,True,19.263191,19.484400326083893
r27i1p1f1,1926,True,18.801311,18.74882171051581
r27i1p1f1,1927,True,18.132467,19.237174290518883
r27i1p1f1,1928,True,18.439833,17.928402473568656
r27i1p1f1,1929,True,19.62075,18.929660689593167
r27i1p1f1,1930,True,18.461529,18.325136258844974
r27i1p1f1,1931,True,16.749743,17.316131669561592
r27i1p1f1,1932,True,17.140867,16.57289026307993
r27i1p1f1,1933,True,17.074255,17.890365376229102
r27i1p1f1,1934,True,17.186222,17.437557342473102
r27i1p1f1,1935,True,17.151756,16.893326412458947
r27i1p1f1,1936,True,16.292892,16.387315029031498
r27i1p1f1,1937,True,16.80253,16.185481678302843
r27i1p1f1,1938,True,16.410378,16.507916846854105
r27i1p1f1,1939,True,16.169071,16.274981701034434
r27i1p1f1,1940,True,16.890535,17.766713022194445
r27i1p1f1,1941,True,18.389511,17.825549961576108
r27i1p1f1,1942,True,18.789015,18.856751916422454
r27i1p1f1,1943,True,18.411701,18.999296030338225
r27i1p1f1,1944,True,19.09836,19.25891432083136
r27i1p1f1,1945,True,18.601542,19.032833914671677
r27i1p1f1,1946,True,19.245102,19.737803104206474
r27i1p1f1,1947,True,18.341469,18.90603266981785
r27i1p1f1,1948,True,18.414835,19.703684904585504
r27i1p1f1,1949,True,20.39566,20.40188684044353
r27i1p1f1,1950,True,21.2285,21.36297913686672
r27i1p1f1,1951,True,20.416876,21.29409607864924
r27i1p1f1,1952,True,20.716608,20.606215830624908
r27i1p1f1,1953,True,20.63316,20.59833073533971
r27i1p1f1,1954,True,18.78408,19.34815118902227
r27i1p1f1,1955,True,19.120691,19.954338915649124
r27i1p1f1,1956,True,20.804947,20.201867813850733
r27i1p1f1,1957,True,21.201765,21.213609048232836
r27i1p1f1,1958,True,22.05409,21.195973929661143
r27i1p1f1,1959,True,20.084219,19.805192818648102
r27i1p1f1,1960,True,20.275364,18.869084278194762
r27i1p1f1,1961,True,19.31261,18.845973628965215
r27i1p1f1,1962,True,19.131752,19.096963603553636
r27i1p1f1,1963,True,20.286842,18.83607544537891
r27i1p1f1,1964,True,22.156128,21.458026665992843
r27i1p1f1,1965,True,24.83558,22.803674232297148
r27i1p1f1,1966,True,25.206337,23.721877509332817
r27i1p1f1,1967,True,22.976664,22.522997949016197
r27i1p1f1,1968,True,22.011377,20.324083325147132
r27i1p1f1,1969,True,19.217897,19.279364419654225
r27i1p1f1,1970,True,18.66954,17.933174257497143
r27i1p1f1,1971,True,17.786814,18.017659640694124
r27i1p1f1,1972,True,20.528383,19.76386762927914
r27i1p1f1,1973,True,20.442995,20.2815908549717
r27i1p1f1,1974,True,21.52064,22.0822265532416
r27i1p1f1,1975,True,22.025242,22.12641213864688
r27i1p1f1,1976,True,21.231993,21.177620185224544
r27i1p1f1,1977,True,21.213444,21.179872599742087
r27i1p1f1,1978,True,19.206867,19.91322509009628
r27i1p1f1,1979,True,19.238607,19.748937606206482
r27i1p1f1,1980,True,18.939114,19.264994510029315
r27i1p1f1,1981,True,19.658781,20.52421748373624
r27i1p1f1,1982,True,20.018896,20.34306061247746
r27i1p1f1,1983,True,21.299097,20.326935781526334
r27i1p1f1,1984,True,18.43549,18.686810364352333
r27i1p1f1,1985,True,19.310772,19.18734587310595
r27i1p1f1,1986,True,19.449549,19.69175948140032
r27i1p1f1,1987,True,20.250996,19.939530812958704
r27i1p1f1,1988,True,19.090322,19.138116712424623
r27i1p1f1,1989,True,20.132395,19.992934830522483
r28i1p1f1,1853,True,22.871092,23.073307730196905
r28i1p1f1,1854,True,22.401966,22.0882795336081
r28i1p1f1,1855,True,19.889154,20.72264713507865
r28i1p1f1,1856,True,17.602533,17.94319965674417
r28i1p1f1,1857,True,18.102764,18.65405982477168
r28i1p1f1,1858,True,19.096483,18.494831107806277
r28i1p1f1,1859,True,19.6194,19.723377697766168
r28i1p1f1,1860,True,19.086205,19.05849578139313
r28i1p1f1,1861,True,18.030632,18.76573623378296
r28i1p1f1,1862,True,20.22432,17.623250917114497
r28i1p1f1,1863,True,18.82638,18.245883907658524
r28i1p1f1,1864,True,17.74505,16.553460088611658
r28i1p1f1,1865,True,16.377409,16.07552596999847
r28i1p1f1,1866,True,17.871468,16.97003869142681
r28i1p1f1,1867,True,19.210459,17.704059421484754
r28i1p1f1,1868,True,20.448994,20.369366830244918
r28i1p1f1,1869,True,20.877186,20.707855936719525
r28i1p1f1,1870,True,20.72893,20.64495288295391
r28i1p1f1,1871,True,19.39647,19.941917639264165
r28i1p1f1,1872,True,17.828154,18.4864041372253
r28i1p1f1,1873,True,17.825941,18.181236288345698
r28i1p1f1,1874,True,19.00654,19.58498715386665
r28i1p1f1,1875,True,19.68304,19.632627229992316
r28i1p1f1,1876,True,20.581982,20.38352983456036
r28i1p1f1,1877,True,20.388866,20.552165905755146
r28i1p1f1,1878,True,20.66192,19.71780631246836
r28i1p1f1,1879,True,20.365877,19.53777862737477
r28i1p1f1,1880,True,20.613201,20.573419617737688
r28i1p1f1,1881,True,20.461578,21.560677613699497
r28i1p1f1,1882,True,20.86265,21.96347511408086
r28i1p1f1,1883,True,19.683096,20.407417573777256
r28i1p1f1,1884,True,18.399332,20.038629970649325
r28i1p1f1,1885,True,18.671318,19.729708133487208
r28i1p1f1,1886,True,21.11261,20.686827983005575
r28i1p1f1,1887,True,20.670938,21.32304595185201
r28i1p1f1,1888,True,20.546879,21.17841929497558
r28i1p1f1,1889,True,20.760853,20.938151107912347
r28i1p1f1,1890,True,20.812346,21.051866889280593
r28i1p1f1,1891,True,20.105299,20.568874945798942
r28i1p1f1,1892,True,20.612171,20.675937426521266
r28i1p1f1,1893,True,20.424799,21.228301504762833
r28i1p1f1,1894,True,20.542524,21.4780887976086
r28i1p1f1,1895,True,21.707678,21.319922586117563
r28i1p1f1,1896,True,20.71721,21.79510532160904
r28i1p1f1,1897,True,19.056831,20.35095252565401
r28i1p1f1,1898,True,18.04753,18.92267973243224
r28i1p1f1,1899,True,19.303194,19.736079771644125
r28i1p1f1,1900,True,20.378166,20.482760115551386
r28i1p1f1,1901,True,21.589554,20.85915228433519
r28i1p1f1,1902,True,21.049805,19.9622267494657
r28i1p1f1,1903,True,19.662647,17.93480043992392
r28i1p1f1,1904,True,17.63271,16.135002448487562
r28i1p1f1,1905,True,18.445562,16.812326774106335
r28i1p1f1,1906,True,17.095476,16.411282454028207
r28i1p1f1,1907,True,17.219057,15.210249076652856
r28i1p1f1,1908,True,17.012085,16.095730713059737
r28i1p1f1,1909,True,18.893015,17.99619086724511
r28i1p1f1,1910,True,18.245537,18.341720003092863
r28i1p1f1,1911,True,17.101307,18.65416176152545
r28i1p1f1,1912,True,19.923908,19.809746434812972
r28i1p1f1,1913,True,19.798145,20.238427794790447
r28i1p1f1,1914,True,19.405352,18.73458755310884
r28i1p1f1,1915,True,18.882538,19.3409272365769
r28i1p1f1,1916,True,19.145737,19.561590556454345
r28i1p1f1,1917,True,19.853577,19.435944231808115
r28i1p1f1,1918,True,19.471432,19.315657508414713
r28i1p1f1,1919,True,19.189423,18.71431395634427
r28i1p1f1,1920,True,20.557592,19.355630764019033
r28i1p1f1,1921,True,18.598421,19.318164401742564
r28i1p1f1,1922,True,18.416008,19.745290844840486
r28i1p1f1,1923,True,19.955973,20.470498918667946
r28i1p1f1,1924,True,21.79384,21.003013635423205
r28i1p1f1,1925,True,21.612875,21.465978187063723
r28i1p1f1,1926,True,20.613888,20.248335078155247
r28i1p1f1,1927,True,21.113594,20.011781256931354
r28i1p1f1,1928,True,20.295942,20.518099752084062
r28i1p1f1,1929,True,20.603573,20.415867894727334
r28i1p1f1,1930,True,20.716131,20.392078357885712
r28i1p1f1,1931,True,20.32905,20.522766355700305
r28i1p1f1,1932,True,21.34171,21.94264125692233
r28i1p1f1,1933,True,19.632431,20.79028093784198
r28i1p1f1,1934,True,20.276562,19.860980992090568
r28i1p1f1,1935,True,18.853605,18.65233988034987
r28i1p1f1,1936,True,17.61372,17.369104398560637
r28i1p1f1,1937,True,16.437021,17.946553968181846
r28i1p1f1,1938,True,18.282381,18.699628248878252
r28i1p1f1,1939,True,18.55694,19.761758637003773
r28i1p1f1,1940,True,18.614002,19.10324386305527
r28i1p1f1,1941,True,18.340405,19.218354393782057
r28i1p1f1,1942,True,20.395624,20.917294795465985
r28i1p1f1,1943,True,19.883596,20.540128887056756
r28i1p1f1,1944,True,20.488194,21.65690994720954
r28i1p1f1,1945,True,19.271143,20.682767671688417
r28i1p1f1,1946,True,18.87945,19.855645395499213
r28i1p1f1,1947,True,19.15488,18.940086459832813
r28i1p1f1,1948,True,18.741385,18.48150755356206
r28i1p1f1,1949,True,19.937527,20.028760911626843
r28i1p1f1,1950,True,19.44155,20.2906874537862
r28i1p1f1,1951,True,18.370382,19.096418769178612
r28i1p1f1,1952,True,17.682747,18.513917336841363
r28i1p1f1,1953,True,19.519808,19.002853277085713
r28i1p1f1,1954,True,20.342905,19.67078159051262
r28i1p1f1,1955,True,20.82954,20.615744565262368
r28i1p1f1,1956,True,20.799734,20.270718127193657
r28i1p1f1,1957,True,19.183062,19.425672788855433
r28i1p1f1,1958,True,16.05682,17.766129372519188
r28i1p1f1,1959,True,18.046461,18.295135733307454
r28i1p1f1,1960,True,18.788776,18.307922456671978
r28i1p1f1,1961,True,16.558298,18.018060420539797
r28i1p1f1,1962,True,19.031822,18.40791133918773
r28i1p1f1,1963,True,18.792467,19.315605850274668
r28i1p1f1,1964,True,19.69806,18.78613227028041
r28i1p1f1,1965,True,20.113703,19.46412734289058
r28i1p1f1,1966,True,19.248825,19.18423068512546
r28i1p1f1,1967,True,18.028763,18.573367890807454
r28i1p1f1,1968,True,18.155731,18.40131266343137
r28i1p1f1,1969,True,18.278103,18.623280981010808
r28i1p1f1,1970,True,17.66656,17.92026595289421
r28i1p1f1,1971,True,18.8834,18.505554258219764
r28i1p1f1,1972,True,18.993515,18.648174366615066
r28i1p1f1,1973,True,18.848093,19.0294923165162
r28i1p1f1,1974,True,17.29111,16.32390709870883
r28i1p1f1,1975,True,16.644363,15.946450339652017
r28i1p1f1,1976,True,18.857985,18.033575482760444
r28i1p1f1,1977,True,20.912527,19.90420165706623
r28i1p1f1,1978,True,21.693876,21.219248162617614
r28i1p1f1,1979,True,20.997019,20.73203020300606
r28i1p1f1,1980,True,19.521473,19.25020511543453
r28i1p1f1,1981,True,18.958902,18.25324372490718
r28i1p1f1,1982,True,18.03079,17.270044769249488
r28i1p1f1,1983,True,17.530193,17.26907094676888
r28i1p1f1,1984,True,18.167425,17.857806552725147
r28i1p1f1,1985,True,17.31462,17.343020641998216
r28i1p1f1,1986,True,16.708052,16.9795729347617
r28i1p1f1,1987,True,20.094898,18.591624340718443
r28i1p1f1,1988,True,19.28678,19.77131743759191
r28i1p1f1,1989,True,21.21652,20.573228642669196
r29i1p1f1,1853,True,16.34509,17.41908208745483
r29i1p1f1,1854,True,16.864656,17.159993301118487
r29i1p1f1,1855,True,20.254742,19.30047822659334
r29i1p1f1,1856,True,19.02018,19.787309068020047
r29i1p1f1,1857,True,19.228899,18.96240232951886
r29i1p1f1,1858,True,18.450195,18.77572106768441
r29i1p1f1,1859,True,20.536901,19.18491923599852
r29i1p1f1,1860,True,17.92799,17.708396822153077
r29i1p1f1,1861,True,16.725046,16.143403774428045
r29i1p1f1,1862,True,16.076887,15.929003700848988
r29i1p1f1,1863,True,16.719955,16.691873276605058
r29i1p1f1,1864,True,18.528795,19.11478722602194
r29i1p1f1,1865,True,18.973366,19.74042678385702
r29i1p1f1,1866,True,18.10818,17.916894186633606
r29i1p1f1,1867,True,17.542578,18.181815437267794
r29i1p1f1,1868,True,16.854307,17.677149994740198
r29i1p1f1,1869,True,18.19608,18.4902918292168
r29i1p1f1,1870,True,18.780506,19.24244817629839
r29i1p1f1,1871,True,18.653383,19.71685360030894
r29i1p1f1,1872,True,19.743364,21.02803567019571
r29i1p1f1,1873,True,20.73423,20.30285797118073
r29i1p1f1,1874,True,20.295055,20.132202561307817
r29i1p1f1,1875,True,23.852114,21.52516586264414
r29i1p1f1,1876,True,22.48626,22.1725785602749
r29i1p1f1,1877,True,21.291977,21.752041072819573
r29i1p1f1,1878,True,22.097168,22.472449733796342
r29i1p1f1,1879,True,22.760431,23.1486232239683
r29i1p1f1,1880,True,22.514528,22.528819930768705
r29i1p1f1,1881,True,21.159412,21.658406876297576
r29i1p1f1,1882,True,21.17416,20.494027631211388
r29i1p1f1,1883,True,22.40434,21.20177184612953
r29i1p1f1,1884,True,23.711924,23.27416710709426
r29i1p1f1,1885,True,23.713009,23.225233061177235
r29i1p1f1,1886,True,23.036425,22.320405908986977
r29i1p1f1,1887,True,22.420256,20.49365375227235
r29i1p1f1,1888,True,19.578146,19.869450352519063
r29i1p1f1,1889,True,20.362999,19.851241414872472
r29i1p1f1,1890,True,19.648743,19.566600470257768
r29i1p1f1,1891,True,19.274824,19.528017441028076
r29i1p1f1,1892,True,19.119354,18.694210628540716
r29i1p1f1,1893,True,19.4708,19.51516218953142
r29i1p1f1,1894,True,19.15248,19.13473268786443
r29i1p1f1,1895,True,17.861444,19.156686833640567
r29i1p1f1,1896,True,17.343754,18.349823277371414
r29i1p1f1,1897,True,19.555183,19.210192564329365
r29i1p1f1,1898,True,19.618067,19.63330208404359
r29i1p1f1,1899,True,20.612162,20.02319908445419
r29i1p1f1,1900,True,18.729456,18.68669862035382
r29i1p1f1,1901,True,16.931479,17.412270615488513
r29i1p1f1,1902,True,16.96271,17.219077270380453
r29i1p1f1,1903,True,20.358147,19.44885172408914
r29i1p1f1,1904,True,19.23105,19.998794869131178
r29i1p1f1,1905,True,18.960304,19.489480153966113
r29i1p1f1,1906,True,18.417618,19.122756337819492
r29i1p1f1,1907,True,18.217941,18.429241578373677
r29i1p1f1,1908,True,18.047873,18.025066236702298
r29i1p1f1,1909,True,18.508142,18.383670901927058
r29i1p1f1,1910,True,17.884241,17.921166503353373
r29i1p1f1,1911,True,15.977921,17.26990728258972
r29i1p1f1,1912,True,16.789747,17.267096283513922
r29i1p1f1,1913,True,18.677635,18.759752411897875
r29i1p1f1,1914,True,20.291971,20.049330363246025
r29i1p1f1,1915,True,21.512215,20.656249326879053
r29i1p1f1,1916,True,21.25177,21.177741082278402
r29i1p1f1,1917,True,23.481348,22.297187066204835
r29i1p1f1,1918,True,24.70766,23.75884381696332
r29i1p1f1,1919,True,24.044693,23.879347062145794
r29i1p1f1,1920,True,23.876554,23.56428549867337
r29i1p1f1,1921,True,22.909191,21.9995460685465
r29i1p1f1,1922,True,22.518576,21.124218844792907
r29i1p1f1,1923,True,21.990707,21.7587171852918
r29i1p1f1,1924,True,18.758392,20.339744806410526
r29i1p1f1,1925,True,19.793379,20.067036111880437
r29i1p1f1,1926,True,20.114485,20.929711740657105
r29i1p1f1,1927,True,21.277529,21.29912921691223
r29i1p1f1,1928,True,19.412449,20.100050227593986
r29i1p1f1,1929,True,19.700802,20.041696942693395
r29i1p1f1,1930,True,20.364256,19.88368372127553
r29i1p1f1,1931,True,19.480494,20.08409402612371
r29i1p1f1,1932,True,19.837091,20.067448707692712
r29i1p1f1,1933,True,18.53863,19.345605413458692
r29i1p1f1,1934,True,19.809313,20.780689310786975
r29i1p1f1,1935,True,20.991074,20.00408546571816
r29i1p1f1,1936,True,17.046093,17.783587447241274
r29i1p1f1,1937,True,17.450737,16.445565103912493
r29i1p1f1,1938,True,18.884792,18.11928443772823
r29i1p1f1,1939,True,19.127296,19.503414730130405
r29i1p1f1,1940,True,19.69072,20.328958482891892
r29i1p1f1,1941,True,19.969267,20.86061621366422
r29i1p1f1,1942,True,19.795511,19.988962917831447
r29i1p1f1,1943,True,19.980198,19.412224215748093
r29i1p1f1,1944,True,18.518347,18.829600696188166
r29i1p1f1,1945,True,18.126692,18.564521013662972
r29i1p1f1,1946,True,18.659172,18.150086114625335
r29i1p1f1,1947,True,18.324493,19.371260124389575
r29i1p1f1,1948,True,20.024532,20.22668413660331
r29i1p1f1,1949,True,20.618263,20.921709435086935
r29i1p1f1,1950,True,22.657015,22.2032467771258
r29i1p1f1,1951,True,20.88159,20.595652090024817
r29i1p1f1,1952,True,18.284138,19.633797762000306
r29i1p1f1,1953,True,17.851238,18.418113985731573
r29i1p1f1,1954,True,16.916807,18.186913030247577
r29i1p1f1,1955,True,16.702673,17.755907462796518
r29i1p1f1,1956,True,19.488966,19.14321390526049
r29i1p1f1,1957,True,18.970432,19.932373958670862
r29i1p1f1,1958,True,18.994404,19.851387437766224
r29i1p1f1,1959,True,19.061012,19.093080311776543
r29i1p1f1,1960,True,19.402378,19.76652862354678
r29i1p1f1,1961,True,22.37046,21.46817801974051
r29i1p1f1,1962,True,20.73248,20.911282054154054
r29i1p1f1,1963,True,21.213604,20.088677064458377
r29i1p1f1,1964,True,19.252438,18.94530846717198
r29i1p1f1,1965,True,20.689064,18.429418801449852
r29i1p1f1,1966,True,19.628794,19.34257366803717
r29i1p1f1,1967,True,18.501146,17.86542844092182
r29i1p1f1,1968,True,18.521717,17.970327967634745
r29i1p1f1,1969,True,15.821487,17.66696128502151
r29i1p1f1,1970,True,15.938763,16.8708208999319
r29i1p1f1,1971,True,17.740265,17.98716911318612
r29i1p1f1,1972,True,19.089996,18.836800135288136
r29i1p1f1,1973,True,23.367281,21.407278201040725
r29i1p1f1,1974,True,23.851421,23.237574068901587
r29i1p1f1,1975,True,25.598446,23.910374766041024
r29i1p1f1,1976,True,23.701336,22.816434757234497
r29i1p1f1,1977,True,19.842005,19.937645523098798
r29i1p1f1,1978,True,18.73469,18.922495320862645
r29i1p1f1,1979,True,17.132618,16.677504750809426
r29i1p1f1,1980,True,17.77365,16.297487299179963
r29i1p1f1,1981,True,17.951757,17.37255321615599
r29i1p1f1,1982,True,19.093803,18.648772696901773
r29i1p1f1,1983,True,19.916714,19.247367092427847
r29i1p1f1,1984,True,20.36899,20.324940956459724
r29i1p1f1,1985,True,20.265732,20.670783346491195
r29i1p1f1,1986,True,18.262896,19.68238729742043
r29i1p1f1,1987,True,18.729988,19.83134207441767
r29i1p1f1,1988,True,19.49058,19.97881838901513
r29i1p1f1,1989,True,19.008495,19.23581222377089
r2i1p1f1,1853,True,21.396915,21.428970980465223
r2i1p1f1,1854,True,22.852476,22.090533878776693
r2i1p1f1,1855,True,20.346483,20.486792714423398
r2i1p1f1,1856,True,18.37141,19.319541209936478
r2i1p1f1,1857,True,19.052317,19.56623061578036
r2i1p1f1,1858,True,18.288513,19.17179275261889
r2i1p1f1,1859,True,17.87656,18.936023661487233
r2i1p1f1,1860,True,18.34156,18.963660701939016
r2i1p1f1,1861,True,18.87013,19.727453798960198
r2i1p1f1,1862,True,19.898533,21.28084751656497
r2i1p1f1,1863,True,20.980293,22.52377561330048
r2i1p1f1,1864,True,22.569277,23.118139528325365
r2i1p1f1,1865,True,23.517342,23.304639826368387
r2i1p1f1,1866,True,23.520422,22.317938291887533
r2i1p1f1,1867,True,22.915874,21.077071150673238
r2i1p1f1,1868,True,19.617004,20.470798933585222
r2i1p1f1,1869,True,18.669357,19.412525657637953
r2i1p1f1,1870,True,20.69892,19.7367749887808
r2i1p1f1,1871,True,20.978321,20.402306527330325
r2i1p1f1,1872,True,22.033365,21.47639565453948
r2i1p1f1,1873,True,21.615936,20.92632378448574
r2i1p1f1,1874,True,23.470345,21.904280095137327
r2i1p1f1,1875,True,24.179356,22.701008501918828
r2i1p1f1,1876,True,23.323242,22.610140721147676
r2i1p1f1,1877,True,24.882952,23.027334348740133
r2i1p1f1,1878,True,22.605625,21.507733396672172
r2i1p1f1,1879,True,21.373373,20.42415460536571
r2i1p1f1,1880,True,19.39942,19.621578374907603
r2i1p1f1,1881,True,18.89501,20.09940973077275
r2i1p1f1,1882,True,18.239582,19.164765278596263
r2i1p1f1,1883,True,18.984987,19.473384019261488
r2i1p1f1,1884,True,19.348795,20.009897728675558
r2i1p1f1,1885,True,20.095089,20.209130523214387
r2i1p1f1,1886,True,19.180744,19.764227671251707
r2i1p1f1,1887,True,20.196032,20.584456411099342
r2i1p1f1,1888,True,19.608414,20.040740088026023
r2i1p1f1,1889,True,20.32304,20.00301209725021
r2i1p1f1,1890,True,19.296894,19.681513166188527
r2i1p1f1,1891,True,20.299606,21.32301576012315
r2i1p1f1,1892,True,21.018608,21.281360581996395
r2i1p1f1,1893,True,21.06085,21.188567557825102
r2i1p1f1,1894,True,20.105614,20.6784463940987
r2i1p1f1,1895,True,19.759108,19.85406227315446
r2i1p1f1,1896,True,17.551218,18.62175710582691
r2i1p1f1,1897,True,17.419048,17.914768313913136
r2i1p1f1,1898,True,19.571234,18.796584335930667
r2i1p1f1,1899,True,20.747684,20.120183747815766
r2i1p1f1,1900,True,20.010504,20.024245010553773
r2i1p1f1,1901,True,21.486588,20.16505226738802
r2i1p1f1,1902,True,20.491812,20.269593709526546
r2i1p1f1,1903,True,20.341755,19.771684406541244
r2i1p1f1,1904,True,18.385073,19.090185658558664
r2i1p1f1,1905,True,18.763588,18.39910762069211
r2i1p1f1,1906,True,18.792158,19.35243773839354
r2i1p1f1,1907,True,20.642733,19.767848763200213
r2i1p1f1,1908,True,20.166164,19.53133905408627
r2i1p1f1,1909,True,21.922731,21.3457638058917
r2i1p1f1,1910,True,20.4531,20.22298126836203
r2i1p1f1,1911,True,21.086351,20.67584398753269
r2i1p1f1,1912,True,18.79108,18.743193346927676
r2i1p1f1,1913,True,19.308947,19.06202058468443
r2i1p1f1,1914,True,21.454649,20.59458817966108
r2i1p1f1,1915,True,22.355844,21.065899279624503
r2i1p1f1,1916,True,21.909472,21.481643892502156
r2i1p1f1,1917,True,19.543545,19.62325814271637
r2i1p1f1,1918,True,18.957603,18.99888759523859
r2i1p1f1,1919,True,17.066906,18.398434852879962
r2i1p1f1,1920,True,18.664377,18.30420745191291
r2i1p1f1,1921,True,19.345606,19.29115994337312
r2i1p1f1,1922,True,18.552807,18.310358314447182
r2i1p1f1,1923,True,19.890173,18.806889913159527
r2i1p1f1,1924,True,18.378637,18.573336966414104
r2i1p1f1,1925,True,19.045078,18.921489243506677
r2i1p1f1,1926,True,19.1443,19.542671719721742
r2i1p1f1,1927,True,19.604868,19.446271396074046
r2i1p1f1,1928,True,19.984255,19.96600821447639
r2i1p1f1,1929,True,19.031506,19.753978883352946
r2i1p1f1,1930,True,17.993553,18.528617073817983
r2i1p1f1,1931,True,16.319233,17.201301000866295
r2i1p1f1,1932,True,16.923578,16.703676835071313
r2i1p1f1,1933,True,16.0049,16.990107706635413
r2i1p1f1,1934,True,16.867344,18.219980078222523
r2i1p1f1,1935,True,19.332619,19.77498458095107
r2i1p1f1,1936,True,17.345299,19.07038009758308
r2i1p1f1,1937,True,18.835835,19.045431782626203
r2i1p1f1,1938,True,19.014578,18.949113159176015
r2i1p1f1,1939,True,21.360703,20.347029829801933
r2i1p1f1,1940,True,21.426748,21.41462234072565
r2i1p1f1,1941,True,20.535128,20.936356318823528
r2i1p1f1,1942,True,20.236435,19.993953351049797
r2i1p1f1,1943,True,18.929312,19.507010050605086
r2i1p1f1,1944,True,19.90543,19.069240630480287
r2i1p1f1,1945,True,18.984423,19.10048362361259
r2i1p1f1,1946,True,18.47221,18.129211855681415
r2i1p1f1,1947,True,16.903772,16.993518769297246
r2i1p1f1,1948,True,16.904749,16.667299000957883
r2i1p1f1,1949,True,16.996645,16.832764068742364
r2i1p1f1,1950,True,18.201178,18.426900760516652
r2i1p1f1,1951,True,18.909828,19.188632264066282
r2i1p1f1,1952,True,20.4019,19.79706739511538
r2i1p1f1,1953,True,20.956453,20.712995763858345
r2i1p1f1,1954,True,20.913456,20.92968572682634
r2i1p1f1,1955,True,23.817545,22.472488401044277
r2i1p1f1,1956,True,24.009884,22.08976310160207
r2i1p1f1,1957,True,20.224754,20.282492884426706
r2i1p1f1,1958,True,19.991987,21.137917617566796
r2i1p1f1,1959,True,19.652792,20.47592041178766
r2i1p1f1,1960,True,19.934727,20.189512874997277
r2i1p1f1,1961,True,20.723925,19.919173034653866
r2i1p1f1,1962,True,20.986658,21.288069014136774
r2i1p1f1,1963,True,20.858692,21.700294361472505
r2i1p1f1,1964,True,21.640965,22.386129662781183
r2i1p1f1,1965,True,23.235388,22.96261617439348
r2i1p1f1,1966,True,22.59502,22.02887269941407
r2i1p1f1,1967,True,20.205856,21.28508139750223
r2i1p1f1,1968,True,21.229174,20.622874831404072
r2i1p1f1,1969,True,21.070707,21.636879749392463
r2i1p1f1,1970,True,19.283169,20.41059903022732
r2i1p1f1,1971,True,19.620998,20.267691361261367
r2i1p1f1,1972,True,20.403296,20.061945710901785
r2i1p1f1,1973,True,20.16099,20.58577487030411
r2i1p1f1,1974,True,20.253944,19.82556628107907
r2i1p1f1,1975,True,18.65733,18.88351672545261
r2i1p1f1,1976,True,19.329676,18.921814600120626
r2i1p1f1,1977,True,19.761473,20.447996788521124
r2i1p1f1,1978,True,20.782543,20.061885615127743
r2i1p1f1,1979,True,20.988121,20.603211422582895
r2i1p1f1,1980,True,21.616423,20.84960991655358
r2i1p1f1,1981,True,20.981556,20.210057675608482
r2i1p1f1,1982,True,20.238777,19.677871384639765
r2i1p1f1,1983,True,17.723873,17.926891794913434
r2i1p1f1,1984,True,17.091223,17.12147769136985
r2i1p1f1,1985,True,18.337793,17.547115729491757
r2i1p1f1,1986,True,19.269285,18.650706549834084
r2i1p1f1,1987,True,19.18831,18.9673983975716
r2i1p1f1,1988,True,19.785679,19.634831878223604
r2i1p1f1,1989,True,19.846478,19.81206546929305
r30i1p1f1,1853,True,19.664705,19.800319217125665
r30i1p1f1,1854,True,21.271406,22.16527069742976
r30i1p1f1,1855,True,21.246141,22.559238364691886
r30i1p1f1,1856,True,24.05435,23.352159020586356
r30i1p1f1,1857,True,23.020075,23.0926394007161
r30i1p1f1,1858,True,23.38538,22.495396598501454
r30i1p1f1,1859,True,20.915401,21.28076549076678
r30i1p1f1,1860,True,19.977766,20.498990456306082
r30i1p1f1,1861,True,19.15682,18.568234411904157
r30i1p1f1,1862,True,19.59856,19.19896083437789
r30i1p1f1,1863,True,19.854273,18.97819142937642
r30i1p1f1,1864,True,19.284872,19.946471219837555
r30i1p1f1,1865,True,19.103245,18.79952713439677
r30i1p1f1,1866,True,18.184675,18.66418075507899
r30i1p1f1,1867,True,18.00674,17.961615390031653
r30i1p1f1,1868,True,16.065136,17.557993651378247
r30i1p1f1,1869,True,18.469507,18.6608417794517
r30i1p1f1,1870,True,19.800833,20.38373724369546
r30i1p1f1,1871,True,19.459265,20.486978282177233
r30i1p1f1,1872,True,21.706179,21.5462264380786
r30i1p1f1,1873,True,21.530315,21.56791166074277
r30i1p1f1,1874,True,20.943657,21.04918802837205
r30i1p1f1,1875,True,19.894083,19.27197888937263
r30i1p1f1,1876,True,18.08469,18.411088443451565
r30i1p1f1,1877,True,18.473269,18.353074701061427
r30i1p1f1,1878,True,17.59128,18.5423453136252
r30i1p1f1,1879,True,17.957365,17.733031572622128
r30i1p1f1,1880,True,16.35795,16.296030179298196
r30i1p1f1,1881,True,17.023302,16.956310534057803
r30i1p1f1,1882,True,17.593334,17.25287192461209
r30i1p1f1,1883,True,19.495552,18.710337432840724
r30i1p1f1,1884,True,20.333233,20.088096242084244
r30i1p1f1,1885,True,18.990469,19.447546151143918
r30i1p1f1,1886,True,18.01509,17.933030078963725
r30i1p1f1,1887,True,19.45416,18.959652999021376
r30i1p1f1,1888,True,19.217825,19.583853779046223
r30i1p1f1,1889,True,19.861732,19.74425114715468
r30i1p1f1,1890,True,20.896439,20.425181500579374
r30i1p1f1,1891,True,20.344109,20.85387873223901
r30i1p1f1,1892,True,20.672293,20.322540995797137
r30i1p1f1,1893,True,19.984324,20.676075820191304
r30i1p1f1,1894,True,20.228968,20.327753144128447
r30i1p1f1,1895,True,21.844976,20.450957889545172
r30i1p1f1,1896,True,21.58553,22.018059074140027
r30i1p1f1,1897,True,21.618126,21.83568285928589
r30i1p1f1,1898,True,22.413372,22.6242446611026
r30i1p1f1,1899,True,21.265629,21.967177640092352
r30i1p1f1,1900,True,19.302382,20.99267337736379
r30i1p1f1,1901,True,19.227318,20.560880567088173
r30i1p1f1,1902,True,21.320078,20.774890737082497
r30i1p1f1,1903,True,19.294212,19.878872243690868
r30i1p1f1,1904,True,20.747877,20.25403666237858
r30i1p1f1,1905,True,21.187231,21.803379023994328
r30i1p1f1,1906,True,21.789291,22.6573169692388
r30i1p1f1,1907,True,23.201712,23.46049389186408
r30i1p1f1,1908,True,23.287703,22.653769199282223
r30i1p1f1,1909,True,21.841589,21.122968105247857
r30i1p1f1,1910,True,20.42821,19.88111934902667
r30i1p1f1,1911,True,18.878029,18.61254340461501
r30i1p1f1,1912,True,20.225422,19.72479773060926
r30i1p1f1,1913,True,20.704706,20.406017333153944
r30i1p1f1,1914,True,22.950249,21.694903911449913
r30i1p1f1,1915,True,22.749289,22.46321472292057
r30i1p1f1,1916,True,22.6038,21.340418167763445
r30i1p1f1,1917,True,20.774994,20.68372784894574
r30i1p1f1,1918,True,20.693878,20.831292308747337
r30i1p1f1,1919,True,20.65219,20.393883687132945
r30i1p1f1,1920,True,21.998125,21.097770024109092
r30i1p1f1,1921,True,20.83947,20.415993439039962
r30i1p1f1,1922,True,21.562166,21.04595378371043
r30i1p1f1,1923,True,22.276619,21.246111823151956
r30i1p1f1,1924,True,20.437004,20.47779418381125
r30i1p1f1,1925,True,20.21644,20.051023754720386
r30i1p1f1,1926,True,20.052889,19.642926267817014
r30i1p1f1,1927,True,19.947882,19.365975103552852
r30i1p1f1,1928,True,18.654121,18.053590292159956
r30i1p1f1,1929,True,17.78536,15.995992386715608
r30i1p1f1,1930,True,17.266985,16.01610039899081
r30i1p1f1,1931,True,16.274199,15.443442845055337
r30i1p1f1,1932,True,15.163055,14.083300934381217
r30i1p1f1,1933,True,14.868094,14.428649614753372
r30i1p1f1,1934,True,16.622717,16.674531341761867
r30i1p1f1,1935,True,18.089792,18.841604114898146
r30i1p1f1,1936,True,18.783037,19.70164353717142
r30i1p1f1,1937,True,18.008213,19.31965831353304
r30i1p1f1,1938,True,22.303123,21.317394010307513
r30i1p1f1,1939,True,21.66107,22.09309254895983
r30i1p1f1,1940,True,19.74326,19.886122519639013
r30i1p1f1,1941,True,18.865236,19.31310967084113
r30i1p1f1,1942,True,19.083014,19.071202144968534
r30i1p1f1,1943,True,19.317324,20.38963993173454
r30i1p1f1,1944,True,19.273735,19.954139867064516
r30i1p1f1,1945,True,19.116264,18.493405784208324
r30i1p1f1,1946,True,15.64683,17.118648939768818
r30i1p1f1,1947,True,16.965366,16.571450837682395
r30i1p1f1,1948,True,17.370445,17.96035920341624
r30i1p1f1,1949,True,17.277533,17.655921383960315
r30i1p1f1,1950,True,17.069458,17.354763228233058
r30i1p1f1,1951,True,17.470152,17.157867755728297
r30i1p1f1,1952,True,17.505554,18.453454020980608
r30i1p1f1,1953,True,19.83364,20.322787602776273
r30i1p1f1,1954,True,19.029531,20.479403780672467
r30i1p1f1,1955,True,21.435432,21.22934911918348
r30i1p1f1,1956,True,21.00304,21.867505896990696
r30i1p1f1,1957,True,22.213972,22.049703932777334
r30i1p1f1,1958,True,21.448421,21.830593013424853
r30i1p1f1,1959,True,18.66019,18.94255172758737
r30i1p1f1,1960,True,19.563412,18.59655506958467
r30i1p1f1,1961,True,18.585882,18.45623415559186
r30i1p1f1,1962,True,18.673273,19.112897908333863
r30i1p1f1,1963,True,18.447287,18.691531052392516
r30i1p1f1,1964,True,19.662779,18.479389403898395
r30i1p1f1,1965,True,21.52068,20.810768403614556
r30i1p1f1,1966,True,22.831434,21.643689620945256
r30i1p1f1,1967,True,23.999691,23.277743664962586
r30i1p1f1,1968,True,24.919329,24.20762763791253
r30i1p1f1,1969,True,25.465403,23.747519880114975
r30i1p1f1,1970,True,23.549036,23.22429581038184
r30i1p1f1,1971,True,22.358833,21.742341496460263
r30i1p1f1,1972,True,21.426962,21.469792101242433
r30i1p1f1,1973,True,19.13836,19.496371678694196
r30i1p1f1,1974,True,16.814148,17.600171263716614
r30i1p1f1,1975,True,17.709618,17.779592735470334
r30i1p1f1,1976,True,16.26561,17.45792393123913
r30i1p1f1,1977,True,15.035616,15.765638052669141
r30i1p1f1,1978,True,15.736204,16.720322569698247
r30i1p1f1,1979,True,16.322227,16.910920655421677
r30i1p1f1,1980,True,16.563133,17.56072209454143
r30i1p1f1,1981,True,16.234224,16.83557781765556
r30i1p1f1,1982,True,17.582617,17.271955239558093
r30i1p1f1,1983,True,17.627602,18.333333722883765
r30i1p1f1,1984,True,17.919796,18.409855377043442
r30i1p1f1,1985,True,18.600946,18.23901934575044
r30i1p1f1,1986,True,18.155464,18.69877423504576
r30i1p1f1,1987,True,19.222275,18.39294572695798
r30i1p1f1,1988,True,19.271713,18.024739705838506
r30i1p1f1,1989,True,18.534513,17.921953762259204
r3i1p1f1,1853,True,17.666737,17.363377280890905
r3i1p1f1,1854,True,17.316679,17.00001482748433
r3i1p1f1,1855,True,16.061209,16.575279296557873
r3i1p1f1,1856,True,17.390568,17.70808706186521
r3i1p1f1,1857,True,18.747538,18.82957913249453
r3i1p1f1,1858,True,18.021864,17.863489324967233
r3i1p1f1,1859,True,19.082767,19.556684141928976
r3i1p1f1,1860,True,18.968729,18.925542095277567
r3i1p1f1,1861,True,17.899317,18.021855780614896
r3i1p1f1,1862,True,18.449903,18.502473100092317
r3i1p1f1,1863,True,19.400274,19.495101115178727
r3i1p1f1,1864,True,18.443916,18.830131207321344
r3i1p1f1,1865,True,19.910456,20.293481747678868
r3i1p1f1,1866,True,21.869076,21.659552666875314
r3i1p1f1,1867,True,22.369244,23.090931969517246
r3i1p1f1,1868,True,22.913727,21.813922360407602
r3i1p1f1,1869,True,21.95639,20.839870220956627
r3i1p1f1,1870,True,21.288559,19.95540406765786
r3i1p1f1,1871,True,21.92233,21.063765259887948
r3i1p1f1,1872,True,21.500172,22.12914803833621
r3i1p1f1,1873,True,21.353434,21.271804385203318
r3i1p1f1,1874,True,21.335527,21.104150093585872
r3i1p1f1,1875,True,20.212555,19.729519640599037
r3i1p1f1,1876,True,20.644178,20.458479101701574
r3i1p1f1,1877,True,20.368515,19.792037083788745
r3i1p1f1,1878,True,19.905033,19.58781241334448
r3i1p1f1,1879,True,20.884579,20.06297383605804
r3i1p1f1,1880,True,20.675045,20.542400502408757
r3i1p1f1,1881,True,21.282135,20.25841104193432
r3i1p1f1,1882,True,21.43087,21.04917715978915
r3i1p1f1,1883,True,18.688265,18.94510123561121
r3i1p1f1,1884,True,20.10674,19.0803874257102
r3i1p1f1,1885,True,20.595978,19.784418636951738
r3i1p1f1,1886,True,21.34755,20.783538664692117
r3i1p1f1,1887,True,18.790384,18.897650952788975
r3i1p1f1,1888,True,17.280449,18.503183548225365
r3i1p1f1,1889,True,17.912447,18.941428278221977
r3i1p1f1,1890,True,18.31928,18.631645354158906
r3i1p1f1,1891,True,19.627443,19.77141141712901
r3i1p1f1,1892,True,20.302511,21.056572007710074
r3i1p1f1,1893,True,20.983234,21.42063004274734
r3i1p1f1,1894,True,20.120747,21.193382186468146
r3i1p1f1,1895,True,20.244251,21.00374412547729
r3i1p1f1,1896,True,19.064737,19.29575691152803
r3i1p1f1,1897,True,18.332724,18.99207093726973
r3i1p1f1,1898,True,17.9654,18.80941510868171
r3i1p1f1,1899,True,17.522121,18.94386231576716
r3i1p1f1,1900,True,19.220219,20.10867576279815
r3i1p1f1,1901,True,20.414333,20.698248864577717
r3i1p1f1,1902,True,21.027735,20.399047326759575
r3i1p1f1,1903,True,21.084515,20.19199496547582
r3i1p1f1,1904,True,20.494162,19.66174553741218
r3i1p1f1,1905,True,22.495821,20.189591328431135
r3i1p1f1,1906,True,22.154894,20.286157858155654
r3i1p1f1,1907,True,21.15738,20.435074463499646
r3i1p1f1,1908,True,18.801683,19.331328182921954
r3i1p1f1,1909,True,18.297573,18.606447257284902
r3i1p1f1,1910,True,17.587477,18.2106832285763
r3i1p1f1,1911,True,17.527506,18.291099985454554
r3i1p1f1,1912,True,17.947275,18.858351560219575
r3i1p1f1,1913,True,18.252626,17.993907544596016
r3i1p1f1,1914,True,19.88449,19.139214715700746
r3i1p1f1,1915,True,20.476877,20.917384435152126
r3i1p1f1,1916,True,21.463089,21.76450036388524
r3i1p1f1,1917,True,19.771984,20.48306052737587
r3i1p1f1,1918,True,18.118181,18.95528500095781
r3i1p1f1,1919,True,18.873772,19.54189406039208
r3i1p1f1,1920,True,20.241692,19.954058057257367
r3i1p1f1,1921,True,21.499115,22.02341990964344
r3i1p1f1,1922,True,20.512028,20.903112181715894
r3i1p1f1,1923,True,21.628786,20.94085375159428
r3i1p1f1,1924,True,20.087168,20.10244542273567
r3i1p1f1,1925,True,20.225296,20.01393042040003
r3i1p1f1,1926,True,22.216274,21.082702439349195
r3i1p1f1,1927,True,20.624382,21.064019301543787
r3i1p1f1,1928,True,20.067291,20.179406692115673
r3i1p1f1,1929,True,19.38611,20.228807363512825
r3i1p1f1,1930,True,18.064735,19.265277796892775
r3i1p1f1,1931,True,18.075565,18.809683185757926
r3i1p1f1,1932,True,18.453535,18.748455527352405
r3i1p1f1,1933,True,19.331781,19.043708764861485
r3i1p1f1,1934,True,19.563549,20.136916619497015
r3i1p1f1,1935,True,20.212864,19.387202448964537
r3i1p1f1,1936,True,20.67375,20.19629973842297
r3i1p1f1,1937,True,21.370483,21.038835908982904
r3i1p1f1,1938,True,22.173191,22.92070156212707
r3i1p1f1,1939,True,23.35942,22.986496755977527
r3i1p1f1,1940,True,23.12054,22.53022326670231
r3i1p1f1,1941,True,23.634602,23.225571863413386
r3i1p1f1,1942,True,22.538706,21.887170189219095
r3i1p1f1,1943,True,18.86596,20.228520416171897
r3i1p1f1,1944,True,17.71454,18.811105153255184
r3i1p1f1,1945,True,18.961178,19.64629379015239
r3i1p1f1,1946,True,18.63526,19.109819414189896
r3i1p1f1,1947,True,19.733067,18.424114613227488
r3i1p1f1,1948,True,18.81155,18.283317166719193
r3i1p1f1,1949,True,18.470411,18.249883139551088
r3i1p1f1,1950,True,18.843473,18.19765352642672
r3i1p1f1,1951,True,16.904001,16.925671321027302
r3i1p1f1,1952,True,19.09256,18.401374092176113
r3i1p1f1,1953,True,18.979204,19.06579961418132
r3i1p1f1,1954,True,19.023165,19.544225280769837
r3i1p1f1,1955,True,18.462355,19.183786739767175
r3i1p1f1,1956,True,18.162764,18.37950641752208
r3i1p1f1,1957,True,17.500721,18.40434204315869
r3i1p1f1,1958,True,16.825386,16.752339785990614
r3i1p1f1,1959,True,18.203363,17.718624973139217
r3i1p1f1,1960,True,19.341194,18.67484764158854
r3i1p1f1,1961,True,17.967457,17.819892701965216
r3i1p1f1,1962,True,17.787418,18.236904243680115
r3i1p1f1,1963,True,18.428759,17.80083025819087
r3i1p1f1,1964,True,17.688707,17.178151366071774
r3i1p1f1,1965,True,18.53182,18.362943860922318
r3i1p1f1,1966,True,18.638098,18.599151795413764
r3i1p1f1,1967,True,19.323097,19.830727484511204
r3i1p1f1,1968,True,20.014124,19.38266302324364
r3i1p1f1,1969,True,20.853886,19.616136786085065
r3i1p1f1,1970,True,20.074694,19.78982256280842
r3i1p1f1,1971,True,17.455057,17.402576376097123
r3i1p1f1,1972,True,15.214201,16.75747297791819
r3i1p1f1,1973,True,17.597698,17.11131478609564
r3i1p1f1,1974,True,17.608984,18.289006935866805
r3i1p1f1,1975,True,18.9051,18.81315314222178
r3i1p1f1,1976,True,21.443687,20.89569552601945
r3i1p1f1,1977,True,21.771084,22.25121397062674
r3i1p1f1,1978,True,22.72029,21.882173697488508
r3i1p1f1,1979,True,21.776707,22.22049487858795
r3i1p1f1,1980,True,21.153133,20.529525878081557
r3i1p1f1,1981,True,19.292677,20.041823250388394
r3i1p1f1,1982,True,19.894297,19.979569441278116
r3i1p1f1,1983,True,19.737217,20.181025449328146
r3i1p1f1,1984,True,21.6229,20.77336565019253
r3i1p1f1,1985,True,21.530537,21.079173453491496
r3i1p1f1,1986,True,21.128794,20.893075684369325
r3i1p1f1,1987,True,19.480745,20.2630283446061
r3i1p1f1,1988,True,21.147783,20.137012571507704
r3i1p1f1,1989,True,20.884193,21.473058137796823
r4i1p1f1,1853,True,18.339724,18.953093315988678
r4i1p1f1,1854,True,20.439833,19.575751125073218
r4i1p1f1,1855,True,21.256298,21.084175641366304
r4i1p1f1,1856,True,20.769308,20.800561423282392
r4i1p1f1,1857,True,22.185112,21.052447606981858
r4i1p1f1,1858,True,22.349236,21.133091473695814
r4i1p1f1,1859,True,20.738695,19.933432777854467
r4i1p1f1,1860,True,21.61948,21.04224571652703
r4i1p1f1,1861,True,22.842604,21.95123246371655
r4i1p1f1,1862,True,20.547958,20.30073886332733
r4i1p1f1,1863,True,18.848244,18.982699129731174
r4i1p1f1,1864,True,17.906088,18.651140018709313
r4i1p1f1,1865,True,18.896164,19.085598490323697
r4i1p1f1,1866,True,17.071789,18.059218239152074
r4i1p1f1,1867,True,16.293592,17.388907336970288
r4i1p1f1,1868,True,15.73777,16.60427589089084
r4i1p1f1,1869,True,15.14907,16.782807770247533
r4i1p1f1,1870,True,16.652742,16.87659111448764
r4i1p1f1,1871,True,16.933847,17.904252205234958
r4i1p1f1,1872,True,16.774752,17.03811403821077
r4i1p1f1,1873,True,18.479315,17.875887931181683
r4i1p1f1,1874,True,18.541859,19.02616207723081
r4i1p1f1,1875,True,19.904251,20.822616444458703
r4i1p1f1,1876,True,19.023298,20.12762156897959
r4i1p1f1,1877,True,19.421696,19.70914504350778
r4i1p1f1,1878,True,18.028173,18.200714972656748
r4i1p1f1,1879,True,19.071543,18.590493663854694
r4i1p1f1,1880,True,19.474638,18.80399468561217
r4i1p1f1,1881,True,22.101305,20.17130413930016
r4i1p1f1,1882,True,23.28495,22.209319865663044
r4i1p1f1,1883,True,23.48013,22.50686373955992
r4i1p1f1,1884,True,22.053665,21.33609785053237
r4i1p1f1,1885,True,21.822939,20.80647863105087
r4i1p1f1,1886,True,20.944681,20.62747737347274
r4i1p1f1,1887,True,20.165419,20.619720591779217
r4i1p1f1,1888,True,20.925838,20.792383805293056
r4i1p1f1,1889,True,22.138062,21.692360375215237
r4i1p1f1,1890,True,22.234594,22.732614514540103
r4i1p1f1,1891,True,21.035574,20.788122245670323
r4i1p1f1,1892,True,18.98953,19.47242617284089
r4i1p1f1,1893,True,17.59606,17.762409281818105
r4i1p1f1,1894,True,16.82679,16.967972946461074
r4i1p1f1,1895,True,18.586374,17.401414042826506
r4i1p1f1,1896,True,17.028866,16.80832641112211
r4i1p1f1,1897,True,17.209192,18.014928294179306
r4i1p1f1,1898,True,18.1322,17.708553767277582
r4i1p1f1,1899,True,18.013943,18.467603296722856
r4i1p1f1,1900,True,19.780195,18.803087442958986
r4i1p1f1,1901,True,17.776583,17.241410641918772
r4i1p1f1,1902,True,18.81723,18.283245083067875
r4i1p1f1,1903,True,18.454397,19.391269757685258
r4i1p1f1,1904,True,19.549856,19.902611549153452
r4i1p1f1,1905,True,22.438232,20.93857666492599
r4i1p1f1,1906,True,22.010149,20.462740195179084
r4i1p1f1,1907,True,19.810318,19.495079758092484
r4i1p1f1,1908,True,18.951166,18.971514751234874
r4i1p1f1,1909,True,17.529398,18.56854187035357
r4i1p1f1,1910,True,19.773808,19.505186168492653
r4i1p1f1,1911,True,22.81924,20.775207717188394
r4i1p1f1,1912,True,20.962788,21.686428755301232
r4i1p1f1,1913,True,20.379147,20.378844874828374
r4i1p1f1,1914,True,21.184788,21.436918831734747
r4i1p1f1,1915,True,22.31141,22.030652944728786
r4i1p1f1,1916,True,21.764662,21.808144319285315
r4i1p1f1,1917,True,22.006016,20.716187384638665
r4i1p1f1,1918,True,22.100098,21.236721189883486
r4i1p1f1,1919,True,20.938496,21.32810622769588
r4i1p1f1,1920,True,18.980078,18.996871917267985
r4i1p1f1,1921,True,17.406443,17.342537052194842
r4i1p1f1,1922,True,17.60355,17.0274405359652
r4i1p1f1,1923,True,18.074896,18.15467596979242
r4i1p1f1,1924,True,18.177147,19.456756781430148
r4i1p1f1,1925,True,16.842707,19.18064683809515
r4i1p1f1,1926,True,17.660349,19.065989383155692
r4i1p1f1,1927,True,18.325113,18.86384676344397
r4i1p1f1,1928,True,19.824768,19.545878785914255
r4i1p1f1,1929,True,18.844582,18.945039766719876
r4i1p1f1,1930,True,18.720835,19.14470611019136
r4i1p1f1,1931,True,18.126762,18.44898396990075
r4i1p1f1,1932,True,18.3732,17.83760782285669
r4i1p1f1,1933,True,17.679245,17.413962888648157
r4i1p1f1,1934,True,15.528006,17.372684157654216
r4i1p1f1,1935,True,17.051966,16.92979283821196
r4i1p1f1,1936,True,17.618134,18.0342809092286
r4i1p1f1,1937,True,17.271713,17.395470456595987
r4i1p1f1,1938,True,17.146086,18.060157044266166
r4i1p1f1,1939,True,17.335999,18.25629161200546
r4i1p1f1,1940,True,19.447819,19.828078917326724
r4i1p1f1,1941,True,21.074966,20.85046669841144
r4i1p1f1,1942,True,22.246124,22.38215925829657
r4i1p1f1,1943,True,19.566244,20.870771341812773
r4i1p1f1,1944,True,20.064735,19.652426215690586
r4i1p1f1,1945,True,19.30769,19.15048897720029
r4i1p1f1,1946,True,19.83852,20.194032391094527
r4i1p1f1,1947,True,19.42589,19.194422380249016
r4i1p1f1,1948,True,19.481161,18.663937621396883
r4i1p1f1,1949,True,20.021788,20.40017947151626
r4i1p1f1,1950,True,21.747711,21.868339009217884
r4i1p1f1,1951,True,21.858267,22.204751387902263
r4i1p1f1,1952,True,20.48164,20.915486510707527
r4i1p1f1,1953,True,21.68024,20.16763675909887
r4i1p1f1,1954,True,20.93964,21.027429838880188
r4i1p1f1,1955,True,19.760927,19.335669706600388
r4i1p1f1,1956,True,21.353212,19.78304729961337
r4i1p1f1,1957,True,20.744926,19.008959885982005
r4i1p1f1,1958,True,20.10134,19.42869316439928
r4i1p1f1,1959,True,18.87451,19.528525849088048
r4i1p1f1,1960,True,18.589767,18.982836337147138
r4i1p1f1,1961,True,17.162493,18.570208368683666
r4i1p1f1,1962,True,18.703014,19.16141167347387
r4i1p1f1,1963,True,19.08762,18.543547429514934
r4i1p1f1,1964,True,21.91007,20.455883444483696
r4i1p1f1,1965,True,19.932697,20.15217929563497
r4i1p1f1,1966,True,20.239155,19.705504589096748
r4i1p1f1,1967,True,18.669535,19.19244120142064
r4i1p1f1,1968,True,18.70187,18.259502997914364
r4i1p1f1,1969,True,19.60808,19.040072431891737
r4i1p1f1,1970,True,20.535597,19.418309234386076
r4i1p1f1,1971,True,19.890108,19.7356544362915
r4i1p1f1,1972,True,18.615704,17.989666476206988
r4i1p1f1,1973,True,18.38002,17.973869647899296
r4i1p1f1,1974,True,18.036623,17.43398679728964
r4i1p1f1,1975,True,17.245726,17.319972339276603
r4i1p1f1,1976,True,16.927214,16.556747608419858
r4i1p1f1,1977,True,17.988443,17.34290824484075
r4i1p1f1,1978,True,17.395317,17.277454356316795
r4i1p1f1,1979,True,18.386467,18.990971747777216
r4i1p1f1,1980,True,18.562866,20.088623805134752
r4i1p1f1,1981,True,18.874737,19.80796219652117
r4i1p1f1,1982,True,19.426416,18.90126648809424
r4i1p1f1,1983,True,19.166533,18.9524770405802
r4i1p1f1,1984,True,20.83505,20.77122129337139
r4i1p1f1,1985,True,20.422089,20.767487069541563
r4i1p1f1,1986,True,19.453234,19.977413012960064
r4i1p1f1,1987,True,17.983965,19.334809035041438
r4i1p1f1,1988,True,14.751853,17.103493779066856
r4i1p1f1,1989,True,15.550005,17.012078242665186
r5i1p1f1,1853,True,17.383274,18.715847518457785
r5i1p1f1,1854,True,18.007322,20.02932558074792
r5i1p1f1,1855,True,18.231123,19.919546529323206
r5i1p1f1,1856,True,19.94256,21.005438466995138
r5i1p1f1,1857,True,21.177538,21.404037481476685
r5i1p1f1,1858,True,19.935007,21.29914771720422
r5i1p1f1,1859,True,20.357056,20.540904265377037
r5i1p1f1,1860,True,21.450773,20.793655040416596
r5i1p1f1,1861,True,19.405525,18.607547121266713
r5i1p1f1,1862,True,19.574268,18.989598706313217
r5i1p1f1,1863,True,17.71138,18.22400252574305
r5i1p1f1,1864,True,18.961767,17.798206421804505
r5i1p1f1,1865,True,20.000254,18.93939637141012
r5i1p1f1,1866,True,21.131163,19.509872701238976
r5i1p1f1,1867,True,20.757025,19.80304761084371
r5i1p1f1,1868,True,20.89221,20.591457763649824
r5i1p1f1,1869,True,20.076857,20.080914725381703
r5i1p1f1,1870,True,22.591522,21.761174361160872
r5i1p1f1,1871,True,21.98425,22.330563579534573
r5i1p1f1,1872,True,19.765226,20.007143974134735
r5i1p1f1,1873,True,19.044775,19.062353064372775
r5i1p1f1,1874,True,19.05714,19.148895793699165
r5i1p1f1,1875,True,19.845617,19.67210891352936
r5i1p1f1,1876,True,21.08489,20.85801869120163
r5i1p1f1,1877,True,20.923038,20.84653350681334
r5i1p1f1,1878,True,20.46829,21.345381388460638
r5i1p1f1,1879,True,20.333542,20.955782552855645
r5i1p1f1,1880,True,19.40718,20.846984045808988
r5i1p1f1,1881,True,18.2559,19.426574115115663
r5i1p1f1,1882,True,19.869764,20.31488988730123
r5i1p1f1,1883,True,20.099384,20.67929425551223
r5i1p1f1,1884,True,20.663641,20.679376658994126
r5i1p1f1,1885,True,21.589249,20.58093619254534
r5i1p1f1,1886,True,22.592606,21.477146148493937
r5i1p1f1,1887,True,22.296728,21.31772259313285
r5i1p1f1,1888,True,23.80215,21.893487470189708
r5i1p1f1,1889,True,21.210543,21.04113385086676
r5i1p1f1,1890,True,18.259148,19.266692298325697
r5i1p1f1,1891,True,19.283943,19.592107958854843
r5i1p1f1,1892,True,19.350065,19.243602043507817
r5i1p1f1,1893,True,18.060747,19.145964611268475
r5i1p1f1,1894,True,18.655708,18.674364622259986
r5i1p1f1,1895,True,17.995085,18.978236636072996
r5i1p1f1,1896,True,16.976273,18.001907442227754
r5i1p1f1,1897,True,17.646517,18.518498450399022
r5i1p1f1,1898,True,16.737982,17.561215036649543
r5i1p1f1,1899,True,17.360306,17.770483427701876
r5i1p1f1,1900,True,17.116009,18.018338356265957
r5i1p1f1,1901,True,18.116854,18.662917964923032
r5i1p1f1,1902,True,19.607443,18.76159090117357
r5i1p1f1,1903,True,20.514717,19.566447806853066
r5i1p1f1,1904,True,20.154028,19.553096502014615
r5i1p1f1,1905,True,18.931238,18.990868023159525
r5i1p1f1,1906,True,20.172237,19.477902714958052
r5i1p1f1,1907,True,19.28325,20.145205504851326
r5i1p1f1,1908,True,20.390799,20.545298396288914
r5i1p1f1,1909,True,20.694143,20.98039170862296
r5i1p1f1,1910,True,22.193617,21.00188760378409
r5i1p1f1,1911,True,20.424421,20.858357315078948
r5i1p1f1,1912,True,19.226751,19.86205856606205
r5i1p1f1,1913,True,20.590878,19.65951625412698
r5i1p1f1,1914,True,20.608582,19.92024553388732
r5i1p1f1,1915,True,20.808855,20.646251799757522
r5i1p1f1,1916,True,23.062832,21.766613570876785
r5i1p1f1,1917,True,23.535576,22.57971663254538
r5i1p1f1,1918,True,22.485895,21.508040228734327
r5i1p1f1,1919,True,22.534908,21.727260619032673
r5i1p1f1,1920,True,22.86971,22.297976777257382
r5i1p1f1,1921,True,21.115398,20.962898463066516
r5i1p1f1,1922,True,20.12541,20.69062862277275
r5i1p1f1,1923,True,19.535063,20.329697030871564
r5i1p1f1,1924,True,20.560577,20.40307583270503
r5i1p1f1,1925,True,18.510227,18.858700246998424
r5i1p1f1,1926,True,17.697294,18.908779724559984
r5i1p1f1,1927,True,19.897646,19.184152938407237
r5i1p1f1,1928,True,18.107471,18.4772329043448
r5i1p1f1,1929,True,19.066505,18.403985569243485
r5i1p1f1,1930,True,19.009777,19.35048301485972
r5i1p1f1,1931,True,19.422348,20.116434334946568
r5i1p1f1,1932,True,21.936245,21.63440850783958
r5i1p1f1,1933,True,19.519928,20.169389805141975
r5i1p1f1,1934,True,19.79766,19.069762455123445
r5i1p1f1,1935,True,20.100866,19.63189576475172
r5i1p1f1,1936,True,21.160019,20.587069670852163
r5i1p1f1,1937,True,20.461292,20.10075525470934
r5i1p1f1,1938,True,18.22282,18.753358006607744
r5i1p1f1,1939,True,17.925726,18.375730703209936
r5i1p1f1,1940,True,19.067223,18.398050479902402
r5i1p1f1,1941,True,19.04987,18.70523729848956
r5i1p1f1,1942,True,18.800962,19.364543788630293
r5i1p1f1,1943,True,18.965725,20.35195654705805
r5i1p1f1,1944,True,20.786572,20.01579031721808
r5i1p1f1,1945,True,21.04546,20.288675576887076
r5i1p1f1,1946,True,20.292345,19.76022142269289
r5i1p1f1,1947,True,21.323986,20.505816008915822
r5i1p1f1,1948,True,21.439419,20.315474760099566
r5i1p1f1,1949,True,21.367483,20.819440423387583
r5i1p1f1,1950,True,22.306314,20.360614188750663
r5i1p1f1,1951,True,19.679235,19.65306933257826
r5i1p1f1,1952,True,18.877487,19.75091812524571
r5i1p1f1,1953,True,17.973482,18.345858921237742
r5i1p1f1,1954,True,17.880344,19.173797570823883
r5i1p1f1,1955,True,18.434649,18.301563305523207
r5i1p1f1,1956,True,18.54273,18.576543551501512
r5i1p1f1,1957,True,18.75706,18.70758784486124
r5i1p1f1,1958,True,18.509851,19.300135170650726
r5i1p1f1,1959,True,19.335012,19.433723159231285
r5i1p1f1,1960,True,20.159582,21.214399443879866
r5i1p1f1,1961,True,22.830431,23.115233185774237
r5i1p1f1,1962,True,22.841393,22.819780221130188
r5i1p1f1,1963,True,23.08876,22.02311485161527
r5i1p1f1,1964,True,22.361755,20.80626904955256
r5i1p1f1,1965,True,21.074451,19.955717532442552
r5i1p1f1,1966,True,20.829792,19.930101665363654
r5i1p1f1,1967,True,18.597824,19.284104424546868
r5i1p1f1,1968,True,19.461765,19.65741618971273
r5i1p1f1,1969,True,18.708536,18.943184251657424
r5i1p1f1,1970,True,20.852818,19.98361668781882
r5i1p1f1,1971,True,19.50942,19.878893196915293
r5i1p1f1,1972,True,19.074934,19.582402454298336
r5i1p1f1,1973,True,18.79445,19.432148053590424
r5i1p1f1,1974,True,18.716177,19.527861916850256
r5i1p1f1,1975,True,19.2921,19.252372723079002
r5i1p1f1,1976,True,17.069746,16.635042687168276
r5i1p1f1,1977,True,17.303192,16.862580239612736
r5i1p1f1,1978,True,18.57843,18.176834826821544
r5i1p1f1,1979,True,20.140072,20.199563092039863
r5i1p1f1,1980,True,21.611328,20.87439188483544
r5i1p1f1,1981,True,20.793646,20.587772422800338
r5i1p1f1,1982,True,20.258635,20.139025109788516
r5i1p1f1,1983,True,19.818554,19.199299150590274
r5i1p1f1,1984,True,19.323143,19.21630565593065
r5i1p1f1,1985,True,18.00147,19.078092482105188
r5i1p1f1,1986,True,19.597927,19.71903889266626
r5i1p1f1,1987,True,19.898422,20.026823810459923
r5i1p1f1,1988,True,18.939451,19.71427551377446
r5i1p1f1,1989,True,17.743795,18.46426017997929
r6i1p1f1,1853,True,20.68344,20.742441279815388
r6i1p1f1,1854,True,19.21712,18.71943405706951
r6i1p1f1,1855,True,20.159134,18.797711313473997
r6i1p1f1,1856,True,18.516201,19.55260253284803
r6i1p1f1,1857,True,18.053717,17.933490385741283
r6i1p1f1,1858,True,18.397165,17.65314049309259
r6i1p1f1,1859,True,16.324945,16.280338582820463
r6i1p1f1,1860,True,16.253784,15.852201242322057
r6i1p1f1,1861,True,17.997534,17.224217246035316
r6i1p1f1,1862,True,19.413246,19.360357244832873
r6i1p1f1,1863,True,19.144379,17.814826533064725
r6i1p1f1,1864,True,19.035679,18.53102957302564
r6i1p1f1,1865,True,19.547935,18.861072655473176
r6i1p1f1,1866,True,20.546062,20.662585392945967
r6i1p1f1,1867,True,21.216717,21.812959319841827
r6i1p1f1,1868,True,22.832397,22.65497694497339
r6i1p1f1,1869,True,21.527143,21.01384860140188
r6i1p1f1,1870,True,19.85239,20.12338539818124
r6i1p1f1,1871,True,20.66038,20.425312695239146
r6i1p1f1,1872,True,19.878143,20.080129251220644
r6i1p1f1,1873,True,19.624453,20.88173572578472
r6i1p1f1,1874,True,21.768099,21.810098041740947
r6i1p1f1,1875,True,22.578777,22.71872167603153
r6i1p1f1,1876,True,22.804216,22.532428233207277
r6i1p1f1,1877,True,21.570269,21.88180769441276
r6i1p1f1,1878,True,22.113394,22.21463815603834
r6i1p1f1,1879,True,18.848482,19.789181634873167
r6i1p1f1,1880,True,17.004023,17.737539180163648
r6i1p1f1,1881,True,19.391674,18.748397801507892
r6i1p1f1,1882,True,21.24677,19.934259972626027
r6i1p1f1,1883,True,21.020075,20.790574246232957
r6i1p1f1,1884,True,21.37843,21.185498617799833
r6i1p1f1,1885,True,19.848248,19.20076922660965
r6i1p1f1,1886,True,19.601274,18.753228000368257
r6i1p1f1,1887,True,17.784761,17.607763378943638
r6i1p1f1,1888,True,18.139156,17.719723188193406
r6i1p1f1,1889,True,17.382788,18.13261974056014
r6i1p1f1,1890,True,18.101665,18.278232414278897
r6i1p1f1,1891,True,19.028913,18.37224807532988
r6i1p1f1,1892,True,17.46281,18.022482804085282
r6i1p1f1,1893,True,17.48466,17.67241222409049
r6i1p1f1,1894,True,17.770197,18.312610003599584
r6i1p1f1,1895,True,18.424881,19.3547558971751
r6i1p1f1,1896,True,18.949865,19.089060134305797
r6i1p1f1,1897,True,20.279104,19.89514986335232
r6i1p1f1,1898,True,19.040953,20.020212744264885
r6i1p1f1,1899,True,19.38343,19.168925210325394
r6i1p1f1,1900,True,19.296137,19.509999896399794
r6i1p1f1,1901,True,20.014376,20.257919254609074
r6i1p1f1,1902,True,21.38543,21.690110633611948
r6i1p1f1,1903,True,22.75411,23.043351635353243
r6i1p1f1,1904,True,23.341791,23.527449300277382
r6i1p1f1,1905,True,24.724049,24.082994086850942
r6i1p1f1,1906,True,24.260881,23.495160392002106
r6i1p1f1,1907,True,22.465178,22.159037032098215
r6i1p1f1,1908,True,21.920185,21.81652426273049
r6i1p1f1,1909,True,19.342417,20.60947882003903
r6i1p1f1,1910,True,18.798391,19.980204661225745
r6i1p1f1,1911,True,18.009342,18.998884245597996
r6i1p1f1,1912,True,18.962723,19.29663989700092
r6i1p1f1,1913,True,18.45847,19.722579094915904
r6i1p1f1,1914,True,18.179302,19.267927918113102
r6i1p1f1,1915,True,19.110147,19.090428933285008
r6i1p1f1,1916,True,19.104235,19.607669134111894
r6i1p1f1,1917,True,18.855947,17.946574808131206
r6i1p1f1,1918,True,16.551287,16.601213532120585
r6i1p1f1,1919,True,17.397087,16.80285238138166
r6i1p1f1,1920,True,17.250338,17.945962782777944
r6i1p1f1,1921,True,17.495365,17.127809230789133
r6i1p1f1,1922,True,18.013971,18.247089990833555
r6i1p1f1,1923,True,20.433693,20.110040501916217
r6i1p1f1,1924,True,22.717512,22.308183780157798
r6i1p1f1,1925,True,21.451185,21.723971957714618
r6i1p1f1,1926,True,20.290976,20.868911839706264
r6i1p1f1,1927,True,21.676394,21.169786264737187
r6i1p1f1,1928,True,21.361584,21.26190675186717
r6i1p1f1,1929,True,20.015162,21.149499195262873
r6i1p1f1,1930,True,18.270521,18.886195067352382
r6i1p1f1,1931,True,16.699877,17.762200817964384
r6i1p1f1,1932,True,18.54476,18.411512082451495
r6i1p1f1,1933,True,20.32248,20.518802621107806
r6i1p1f1,1934,True,20.804937,21.034871354869104
r6i1p1f1,1935,True,19.543285,20.44779879443149
r6i1p1f1,1936,True,19.0348,19.853757923178772
r6i1p1f1,1937,True,19.9785,20.365959666715785
r6i1p1f1,1938,True,17.96127,18.291670434042707
r6i1p1f1,1939,True,17.631996,17.113345517274134
r6i1p1f1,1940,True,17.452118,17.50876756326238
r6i1p1f1,1941,True,18.538301,17.94721025169325
r6i1p1f1,1942,True,16.232388,15.612464410795228
r6i1p1f1,1943,True,16.754683,15.902680185684593
r6i1p1f1,1944,True,17.6321,17.18665690402935
r6i1p1f1,1945,True,18.432737,17.9986600737004
r6i1p1f1,1946,True,18.83406,19.6115374168816
r6i1p1f1,1947,True,18.811451,18.511405765787774
r6i1p1f1,1948,True,18.883476,19.22623111373476
r6i1p1f1,1949,True,19.694984,19.101665915963792
r6i1p1f1,1950,True,19.369892,18.445330996997537
r6i1p1f1,1951,True,19.459269,18.83763932376939
r6i1p1f1,1952,True,18.144249,18.873658387619685
r6i1p1f1,1953,True,18.911926,18.91292394840955
r6i1p1f1,1954,True,20.524977,20.48673837724472
r6i1p1f1,1955,True,21.733974,21.078259985841505
r6i1p1f1,1956,True,20.799746,20.56400516930477
r6i1p1f1,1957,True,19.978561,20.67191452955748
r6i1p1f1,1958,True,20.210852,19.313062081881633
r6i1p1f1,1959,True,18.018688,18.150275955043973
r6i1p1f1,1960,True,15.977429,17.503382148423032
r6i1p1f1,1961,True,16.491104,17.329394362145955
r6i1p1f1,1962,True,15.560992,16.845419523864013
r6i1p1f1,1963,True,17.161364,17.424861476423708
r6i1p1f1,1964,True,18.055454,18.116139592279186
r6i1p1f1,1965,True,18.979916,18.83960121189981
r6i1p1f1,1966,True,19.854721,19.50447142533101
r6i1p1f1,1967,True,20.233543,20.77796002137589
r6i1p1f1,1968,True,21.013908,21.44141819440082
r6i1p1f1,1969,True,22.175812,21.42128011578945
r6i1p1f1,1970,True,19.460144,19.841404265584153
r6i1p1f1,1971,True,17.120926,17.90139419831128
r6i1p1f1,1972,True,18.650244,17.81898234265133
r6i1p1f1,1973,True,18.695833,17.943495213885683
r6i1p1f1,1974,True,18.16215,17.89878395258952
r6i1p1f1,1975,True,17.774153,18.12614786390265
r6i1p1f1,1976,True,18.655289,18.644033215801908
r6i1p1f1,1977,True,20.888235,19.0037855065694
r6i1p1f1,1978,True,19.56671,19.370323888276392
r6i1p1f1,1979,True,18.8565,19.182642210873276
r6i1p1f1,1980,True,21.027824,20.129152911906033
r6i1p1f1,1981,True,21.46473,21.24941678134368
r6i1p1f1,1982,True,21.313885,20.964897210084757
r6i1p1f1,1983,True,22.245844,22.122192814236925
r6i1p1f1,1984,True,21.916122,21.896812869154612
r6i1p1f1,1985,True,22.341883,21.440386927804923
r6i1p1f1,1986,True,21.828,21.31650611887778
r6i1p1f1,1987,True,20.936455,20.996046515229644
r6i1p1f1,1988,True,20.97997,20.655233720064878
r6i1p1f1,1989,True,19.74381,19.39562439036515
r7i1p1f1,1853,True,17.315477,17.270685574070573
r7i1p1f1,1854,True,18.438404,18.495502542732776
r7i1p1f1,1855,True,19.013653,19.302448043490358
r7i1p1f1,1856,True,18.964188,18.585649838725935
r7i1p1f1,1857,True,16.252432,17.140810252597113
r7i1p1f1,1858,True,16.158056,16.21435720776775
r7i1p1f1,1859,True,18.501736,18.402576860629953
r7i1p1f1,1860,True,19.59759,19.549947808205086
r7i1p1f1,1861,True,18.489735,19.19795708773767
r7i1p1f1,1862,True,19.16334,19.234330620597873
r7i1p1f1,1863,True,18.38978,18.200703691283156
r7i1p1f1,1864,True,17.534311,18.16254909338144
r7i1p1f1,1865,True,18.938963,17.970022949158572
r7i1p1f1,1866,True,18.444656,18.134685526005892
r7i1p1f1,1867,True,19.750324,19.38787532055678
r7i1p1f1,1868,True,17.573778,17.400388736852094
r7i1p1f1,1869,True,16.753178,17.1389273492607
r7i1p1f1,1870,True,16.659729,16.88974430609884
r7i1p1f1,1871,True,20.309399,18.739579703712256
r7i1p1f1,1872,True,19.320292,18.642366899284493
r7i1p1f1,1873,True,17.241936,17.727628696097437
r7i1p1f1,1874,True,16.27921,17.63123112195931
r7i1p1f1,1875,True,18.428843,19.31556284702824
r7i1p1f1,1876,True,19.443993,19.582429924669277
r7i1p1f1,1877,True,20.664106,19.57608396751954
r7i1p1f1,1878,True,18.595875,19.35683475113499
r7i1p1f1,1879,True,20.099028,20.200632499043856
r7i1p1f1,1880,True,20.739597,20.812947223889765
r7i1p1f1,1881,True,22.341045,21.988449070089523
r7i1p1f1,1882,True,21.989458,21.822052085902154
r7i1p1f1,1883,True,18.226484,20.100307724790976
r7i1p1f1,1884,True,19.3991,19.403315937414206
r7i1p1f1,1885,True,20.24518,19.317476548199675
r7i1p1f1,1886,True,20.344511,19.947252528888605
r7i1p1f1,1887,True,19.495728,19.40686462362332
r7i1p1f1,1888,True,20.255085,20.14072609101834
r7i1p1f1,1889,True,20.664284,20.802787767465396
r7i1p1f1,1890,True,20.329033,20.591960962539183
r7i1p1f1,1891,True,21.229939,20.378512006286307
r7i1p1f1,1892,True,19.097631,19.78228152410112
r7i1p1f1,1893,True,18.457323,18.776136733419953
r7i1p1f1,1894,True,20.593393,19.393101347916687
r7i1p1f1,1895,True,19.216791,19.860056923875295
r7i1p1f1,1896,True,16.7588,18.307012861933096
r7i1p1f1,1897,True,18.06574,18.492315553698578
r7i1p1f1,1898,True,19.61074,19.898776373049454
r7i1p1f1,1899,True,21.553568,19.904341924764754
r7i1p1f1,1900,True,20.97358,20.61164095201106
r7i1p1f1,1901,True,21.014017,21.240624387597332
r7i1p1f1,1902,True,19.61382,20.660529867796434
r7i1p1f1,1903,True,21.017555,21.159604108628475
r7i1p1f1,1904,True,23.22095,22.015165745480868
r7i1p1f1,1905,True,21.757553,21.218742705820436
r7i1p1f1,1906,True,20.869709,20.34680002834364
r7i1p1f1,1907,True,18.558645,19.265695226811292
r7i1p1f1,1908,True,20.47067,20.153859233822867
r7i1p1f1,1909,True,19.509245,19.410711697607606
r7i1p1f1,1910,True,17.927137,18.722839716758532
r7i1p1f1,1911,True,18.623446,18.402705069671292
r7i1p1f1,1912,True,18.39823,18.2850601638311
r7i1p1f1,1913,True,19.089058,18.779186493666415
r7i1p1f1,1914,True,18.94378,18.67991248015318
r7i1p1f1,1915,True,20.101562,19.783293965141585
r7i1p1f1,1916,True,19.917007,19.60080331395633
r7i1p1f1,1917,True,20.989271,20.19767299144938
r7i1p1f1,1918,True,20.501738,20.489794863583388
r7i1p1f1,1919,True,19.527967,19.72685536402063
r7i1p1f1,1920,True,20.091053,19.228450886424547
r7i1p1f1,1921,True,21.111084,19.976959491160034
r7i1p1f1,1922,True,22.888325,21.46692201353558
r7i1p1f1,1923,True,21.219387,21.053125339098735
r7i1p1f1,1924,True,19.71622,19.512504298727844
r7i1p1f1,1925,True,19.54528,19.587348552232054
r7i1p1f1,1926,True,17.780018,18.697907724357815
r7i1p1f1,1927,True,19.234371,19.103323996247717
r7i1p1f1,1928,True,18.601837,18.89537926340931
r7i1p1f1,1929,True,18.825647,19.640726074606725
r7i1p1f1,1930,True,18.83079,19.091652788978784
r7i1p1f1,1931,True,19.49516,18.65971102507751
r7i1p1f1,1932,True,20.913408,20.044279210817294
r7i1p1f1,1933,True,20.603045,20.944572779649153
r7i1p1f1,1934,True,20.92165,20.410650605669726
r7i1p1f1,1935,True,22.130602,21.241783673578354
r7i1p1f1,1936,True,21.073727,21.65687022758476
r7i1p1f1,1937,True,18.846453,19.430376193204946
r7i1p1f1,1938,True,17.755203,17.252951466922525
r7i1p1f1,1939,True,17.888306,17.43051295720942
r7i1p1f1,1940,True,16.66143,17.69476148501584
r7i1p1f1,1941,True,18.62211,17.369418480767457
r7i1p1f1,1942,True,17.340717,17.336723642373556
r7i1p1f1,1943,True,17.622505,17.058276221278774
r7i1p1f1,1944,True,18.596205,17.083682179786354
r7i1p1f1,1945,True,18.237103,19.055672144227923
r7i1p1f1,1946,True,17.807863,18.022399075127353
r7i1p1f1,1947,True,17.73702,18.65807760864548
r7i1p1f1,1948,True,18.303118,19.31055426965457
r7i1p1f1,1949,True,18.607681,18.973219569701136
r7i1p1f1,1950,True,16.653612,18.90086246592418
r7i1p1f1,1951,True,18.216728,18.568949059165327
r7i1p1f1,1952,True,18.814775,19.31041334777141
r7i1p1f1,1953,True,17.9045,18.571198231377533
r7i1p1f1,1954,True,18.689722,18.521518584359992
r7i1p1f1,1955,True,18.97058,19.272318057321467
r7i1p1f1,1956,True,18.97437,19.16937741366077
r7i1p1f1,1957,True,19.831982,20.195717190349367
r7i1p1f1,1958,True,20.427603,20.760874561128638
r7i1p1f1,1959,True,19.931955,20.33859101413381
r7i1p1f1,1960,True,20.09702,19.576879577628578
r7i1p1f1,1961,True,19.156166,19.48184271392143
r7i1p1f1,1962,True,17.652107,18.088615284906243
r7i1p1f1,1963,True,17.784834,18.292375861590326
r7i1p1f1,1964,True,18.82717,18.682331391130525
r7i1p1f1,1965,True,16.719715,17.717630235896532
r7i1p1f1,1966,True,18.43606,18.938716690670155
r7i1p1f1,1967,True,18.853453,19.57578696368579
r7i1p1f1,1968,True,18.479097,19.59772784729796
r7i1p1f1,1969,True,20.214142,20.484458407221602
r7i1p1f1,1970,True,20.822706,20.530413513689
r7i1p1f1,1971,True,19.017378,19.429966791999526
r7i1p1f1,1972,True,19.031961,18.803552389353015
r7i1p1f1,1973,True,19.529745,19.193348955358378
r7i1p1f1,1974,True,18.812881,19.781196468243863
r7i1p1f1,1975,True,20.2907,20.175163702852174
r7i1p1f1,1976,True,21.283113,21.09158657837781
r7i1p1f1,1977,True,22.990862,22.160915599126596
r7i1p1f1,1978,True,24.262016,24.310123083854272
r7i1p1f1,1979,True,24.770084,23.569599622630882
r7i1p1f1,1980,True,22.75756,22.524531803147372
r7i1p1f1,1981,True,20.641455,20.36964613257308
r7i1p1f1,1982,True,18.457981,18.8332035469681
r7i1p1f1,1983,True,18.371006,18.270659902062008
r7i1p1f1,1984,True,19.094278,18.595830590490547
r7i1p1f1,1985,True,18.809532,18.804605528483673
r7i1p1f1,1986,True,19.29394,18.98666988318973
r7i1p1f1,1987,True,17.695408,17.257797296679843
r7i1p1f1,1988,True,18.722721,17.473491691992376
r7i1p1f1,1989,True,18.233337,17.86545860537169
r8i1p1f1,1853,True,19.196321,19.227896376274174
r8i1p1f1,1854,True,20.21811,19.9336135384866
r8i1p1f1,1855,True,21.493383,21.46081392355518
r8i1p1f1,1856,True,20.542631,20.65194169821459
r8i1p1f1,1857,True,20.644571,20.330379340313964
r8i1p1f1,1858,True,20.83215,20.791985299052303
r8i1p1f1,1859,True,20.943737,20.24074232921944
r8i1p1f1,1860,True,21.402794,20.92130322610323
r8i1p1f1,1861,True,22.101366,22.219970016654795
r8i1p1f1,1862,True,21.88942,22.55532511576005
r8i1p1f1,1863,True,20.471039,20.528890751376107
r8i1p1f1,1864,True,18.63955,19.50411242726178
r8i1p1f1,1865,True,15.999868,17.21942981375887
r8i1p1f1,1866,True,18.41887,17.675577656127818
r8i1p1f1,1867,True,19.58384,18.756441374067204
r8i1p1f1,1868,True,18.813335,19.121414848085173
r8i1p1f1,1869,True,18.547762,18.675237780028368
r8i1p1f1,1870,True,19.060448,19.043869337743175
r8i1p1f1,1871,True,19.029903,18.31501285223739
r8i1p1f1,1872,True,17.22462,17.40042916362753
r8i1p1f1,1873,True,16.284666,14.298211925944953
r8i1p1f1,1874,True,15.190497,14.304714071947446
r8i1p1f1,1875,True,18.090008,16.461036185684904
r8i1p1f1,1876,True,17.741714,17.343446215565937
r8i1p1f1,1877,True,18.290672,17.478511369287993
r8i1p1f1,1878,True,18.529432,17.624000432318237
r8i1p1f1,1879,True,17.989729,18.6968737433224
r8i1p1f1,1880,True,18.124094,18.9886234030648
r8i1p1f1,1881,True,16.619556,18.236410629685558
r8i1p1f1,1882,True,18.883337,19.563680622609468
r8i1p1f1,1883,True,20.863388,20.611328864038416
r8i1p1f1,1884,True,21.604433,21.200226370287936
r8i1p1f1,1885,True,21.504087,21.281583033913314
r8i1p1f1,1886,True,17.934988,19.202452923977
r8i1p1f1,1887,True,16.499939,17.652593224643013
r8i1p1f1,1888,True,18.401894,17.931669875666064
r8i1p1f1,1889,True,18.099926,19.006858232393924
r8i1p1f1,1890,True,18.958702,19.193022866524203
r8i1p1f1,1891,True,20.076296,19.779908597548477
r8i1p1f1,1892,True,18.890015,19.43796374240255
r8i1p1f1,1893,True,17.245174,18.82147388874643
r8i1p1f1,1894,True,17.10437,18.622424565765375
r8i1p1f1,1895,True,18.500603,19.816563950389217
r8i1p1f1,1896,True,19.901012,20.489905344984066
r8i1p1f1,1897,True,20.925426,20.518104906353756
r8i1p1f1,1898,True,19.168785,18.989349266478968
r8i1p1f1,1899,True,18.81766,18.707409144513797
r8i1p1f1,1900,True,17.806145,17.70805700767145
r8i1p1f1,1901,True,17.972338,18.122195142293528
r8i1p1f1,1902,True,19.61857,17.491245274003937
r8i1p1f1,1903,True,19.199041,19.59367648530358
r8i1p1f1,1904,True,19.930304,19.6358697506295
r8i1p1f1,1905,True,20.141088,19.5407562190554
r8i1p1f1,1906,True,21.104141,21.520211560568605
r8i1p1f1,1907,True,20.441544,20.468042617840748
r8i1p1f1,1908,True,18.268547,19.41413527851625
r8i1p1f1,1909,True,20.115852,20.58870508216165
r8i1p1f1,1910,True,19.670908,20.266819249025858
r8i1p1f1,1911,True,19.721127,20.564419144600585
r8i1p1f1,1912,True,20.066673,19.852566435514635
r8i1p1f1,1913,True,21.325089,20.439679450779497
r8i1p1f1,1914,True,23.080446,22.538489368239546
r8i1p1f1,1915,True,23.34304,21.721658161834792
r8i1p1f1,1916,True,20.368156,20.992705050625784
r8i1p1f1,1917,True,19.565613,19.138357518381127
r8i1p1f1,1918,True,18.151108,18.60426623280466
r8i1p1f1,1919,True,15.6434765,17.012141628095005
r8i1p1f1,1920,True,18.095127,17.95483375666957
r8i1p1f1,1921,True,19.195974,19.083400954186043
r8i1p1f1,1922,True,19.917358,20.53554994047125
r8i1p1f1,1923,True,19.897429,21.503344009457546
r8i1p1f1,1924,True,23.181305,22.809024717874713
r8i1p1f1,1925,True,22.994669,23.17249221830735
r8i1p1f1,1926,True,23.525179,22.910804982529637
r8i1p1f1,1927,True,22.831612,22.18484197490625
r8i1p1f1,1928,True,20.763584,20.374183624842058
r8i1p1f1,1929,True,19.690535,19.288540569625457
r8i1p1f1,1930,True,16.895594,18.526867530927806
r8i1p1f1,1931,True,19.38833,19.034885818055443
r8i1p1f1,1932,True,20.072008,19.53425979924013
r8i1p1f1,1933,True,20.427755,20.45778393387245
r8i1p1f1,1934,True,20.604612,20.396129018426045
r8i1p1f1,1935,True,20.304846,20.659200372319695
r8i1p1f1,1936,True,17.963028,18.848565621484582
r8i1p1f1,1937,True,18.764542,19.449276750597374
r8i1p1f1,1938,True,19.004135,18.871153051492712
r8i1p1f1,1939,True,19.232004,19.39277948961976
r8i1p1f1,1940,True,19.355923,19.503561246954874
r8i1p1f1,1941,True,20.806652,21.04355553379012
r8i1p1f1,1942,True,20.458273,21.616782231780398
r8i1p1f1,1943,True,20.97453,20.73582372351625
r8i1p1f1,1944,True,20.451563,20.162386056312137
r8i1p1f1,1945,True,19.54441,19.47081813663339
r8i1p1f1,1946,True,19.975346,19.743026174144543
r8i1p1f1,1947,True,20.145435,19.516592586461986
r8i1p1f1,1948,True,20.169512,19.873422493279314
r8i1p1f1,1949,True,19.920385,20.271763320961934
r8i1p1f1,1950,True,21.30322,21.817059325997434
r8i1p1f1,1951,True,22.231731,21.683683928864248
r8i1p1f1,1952,True,20.303823,20.011898699322607
r8i1p1f1,1953,True,19.334692,19.410021579989316
r8i1p1f1,1954,True,17.61683,18.890082174468056
r8i1p1f1,1955,True,19.740368,19.778528092706438
r8i1p1f1,1956,True,20.860516,20.15644820778463
r8i1p1f1,1957,True,21.979012,21.188936260153405
r8i1p1f1,1958,True,22.65582,21.47235790644428
r8i1p1f1,1959,True,21.02121,20.959680513678904
r8i1p1f1,1960,True,20.3634,20.401414555650206
r8i1p1f1,1961,True,20.609554,20.025237991505428
r8i1p1f1,1962,True,21.986576,21.362917513278585
r8i1p1f1,1963,True,22.653074,22.69627451379065
r8i1p1f1,1964,True,21.902729,22.626880654877638
r8i1p1f1,1965,True,19.782469,20.610787405182638
r8i1p1f1,1966,True,20.14338,20.522072937553034
r8i1p1f1,1967,True,19.043882,19.64628905856284
r8i1p1f1,1968,True,18.414581,19.41098335201676
r8i1p1f1,1969,True,19.95294,20.528202838878006
r8i1p1f1,1970,True,20.687523,20.711015858518977
r8i1p1f1,1971,True,21.138727,20.631979461076764
r8i1p1f1,1972,True,20.041788,20.147579942965145
r8i1p1f1,1973,True,20.250366,19.5355874143512
r8i1p1f1,1974,True,19.655237,19.878305058827415
r8i1p1f1,1975,True,20.732082,20.137527856729296
r8i1p1f1,1976,True,19.985884,20.022729978012514
r8i1p1f1,1977,True,18.715954,18.74660344718953
r8i1p1f1,1978,True,20.12042,19.341092465346293
r8i1p1f1,1979,True,21.527803,20.026134094737714
r8i1p1f1,1980,True,20.630857,20.22503248337299
r8i1p1f1,1981,True,19.45952,18.878148077226363
r8i1p1f1,1982,True,18.239119,17.28674106919746
r8i1p1f1,1983,True,18.070385,16.92836248214759
r8i1p1f1,1984,True,14.762704,14.452590472287405
r8i1p1f1,1985,True,14.357796,15.012937831169499
r8i1p1f1,1986,True,16.520082,15.532483004278419
r8i1p1f1,1987,True,18.436008,18.11339805596361
r8i1p1f1,1988,True,19.284014,19.38152843277992
r8i1p1f1,1989,True,18.254314,18.570657284182065
r9i1p1f1,1853,True,19.664484,19.521982442018242
r9i1p1f1,1854,True,18.911636,18.86593787855142
r9i1p1f1,1855,True,18.102406,18.57638151217318
r9i1p1f1,1856,True,18.820417,17.75727621104383
r9i1p1f1,1857,True,18.546728,18.225789626461115
r9i1p1f1,1858,True,18.217457,17.772557878826287
r9i1p1f1,1859,True,17.591722,18.23381228982645
r9i1p1f1,1860,True,18.468771,18.736213222820016
r9i1p1f1,1861,True,19.302,19.159242531997403
r9i1p1f1,1862,True,20.228918,19.485365284667267
r9i1p1f1,1863,True,21.338629,19.815579296015514
r9i1p1f1,1864,True,22.23915,21.920924712250514
r9i1p1f1,1865,True,21.992357,22.361509578037136
r9i1p1f1,1866,True,22.520834,21.331701603456416
r9i1p1f1,1867,True,19.3396,20.80823301108039
r9i1p1f1,1868,True,17.996885,19.686005303907926
r9i1p1f1,1869,True,19.605768,20.666246657597355
r9i1p1f1,1870,True,20.187416,20.67047590556064
r9i1p1f1,1871,True,20.892035,20.803211106018644
r9i1p1f1,1872,True,22.56512,21.72198582997324
r9i1p1f1,1873,True,22.17732,22.28694341609736
r9i1p1f1,1874,True,23.304972,22.764725223857432
r9i1p1f1,1875,True,21.84729,22.404166783227144
r9i1p1f1,1876,True,21.648619,20.114590566313872
r9i1p1f1,1877,True,18.88481,18.511904818556328
r9i1p1f1,1878,True,16.793524,16.95007670596069
r9i1p1f1,1879,True,17.62248,17.08524059754837
r9i1p1f1,1880,True,19.54414,17.99431643727421
r9i1p1f1,1881,True,18.469501,18.837391339893248
r9i1p1f1,1882,True,21.212885,20.413643717689865
r9i1p1f1,1883,True,18.69458,19.6366068641399
r9i1p1f1,1884,True,17.6323,17.450912433646153
r9i1p1f1,1885,True,17.22313,16.342106068352518
r9i1p1f1,1886,True,16.997793,16.622448185810406
r9i1p1f1,1887,True,17.059664,16.604309630512994
r9i1p1f1,1888,True,17.724651,17.67320831204093
r9i1p1f1,1889,True,16.953625,17.23177765150045
r9i1p1f1,1890,True,17.50368,17.907414674179225
r9i1p1f1,1891,True,17.697945,18.441509277057413
r9i1p1f1,1892,True,19.824738,20.024235263911272
r9i1p1f1,1893,True,18.584621,18.825845818985417
r9i1p1f1,1894,True,17.864395,17.892900726228227
r9i1p1f1,1895,True,18.298435,18.180663697253195
r9i1p1f1,1896,True,19.368994,19.46577853410225
r9i1p1f1,1897,True,19.571697,19.649087061447126
r9i1p1f1,1898,True,19.516499,19.250757128311463
r9i1p1f1,1899,True,19.53603,19.899689717372215
r9i1p1f1,1900,True,19.259295,19.284569257621797
r9i1p1f1,1901,True,18.231897,19.687249022209883
r9i1p1f1,1902,True,18.403017,19.59146975178543
r9i1p1f1,1903,True,19.728344,20.221488173402108
r9i1p1f1,1904,True,20.62696,20.727407657875347
r9i1p1f1,1905,True,20.992294,21.199320157796343
r9i1p1f1,1906,True,23.147055,22.047669039199178
r9i1p1f1,1907,True,23.258253,23.97118641268333
r9i1p1f1,1908,True,23.257626,22.354724435219406
r9i1p1f1,1909,True,22.119322,21.130024804992605
r9i1p1f1,1910,True,19.219753,19.37303792781378
r9i1p1f1,1911,True,16.822424,18.205579778291394
r9i1p1f1,1912,True,18.616982,18.923576240050245
r9i1p1f1,1913,True,20.09735,19.576040580710092
r9i1p1f1,1914,True,21.059988,21.061152782601937
r9i1p1f1,1915,True,20.245203,20.798819877303686
r9i1p1f1,1916,True,21.000944,20.385409599265206
r9i1p1f1,1917,True,19.854027,20.908686794053672
r9i1p1f1,1918,True,19.7716,19.90466018704414
r9i1p1f1,1919,True,19.498285,19.745066807767138
r9i1p1f1,1920,True,19.9774,20.05400785125972
r9i1p1f1,1921,True,20.588127,20.826808355292208
r9i1p1f1,1922,True,20.26276,20.75671786536093
r9i1p1f1,1923,True,20.807434,20.94183650182388
r9i1p1f1,1924,True,20.810713,20.716789119204932
r9i1p1f1,1925,True,20.688938,21.449915972458545
r9i1p1f1,1926,True,17.778393,19.560319524774876
r9i1p1f1,1927,True,19.326365,19.426544493227865
r9i1p1f1,1928,True,18.569927,19.64351530574025
r9i1p1f1,1929,True,19.353058,19.43662010353895
r9i1p1f1,1930,True,18.2548,19.613173540019027
r9i1p1f1,1931,True,21.912968,21.347325214861808
r9i1p1f1,1932,True,21.662518,21.40601928669882
r9i1p1f1,1933,True,20.362906,19.918647785908217
r9i1p1f1,1934,True,19.565746,18.089861260452615
r9i1p1f1,1935,True,20.00149,16.56316845874886
r9i1p1f1,1936,True,16.672998,16.27541695604782
r9i1p1f1,1937,True,16.473682,16.092990678343185
r9i1p1f1,1938,True,17.126766,16.480322312123928
r9i1p1f1,1939,True,17.426397,18.17370464227337
r9i1p1f1,1940,True,17.88831,17.630429120702175
r9i1p1f1,1941,True,18.770987,18.550259730841724
r9i1p1f1,1942,True,18.347385,18.993102035061703
r9i1p1f1,1943,True,18.36557,18.60038263127503
r9i1p1f1,1944,True,18.493542,18.614432480132344
r9i1p1f1,1945,True,16.689478,17.338164417115042
r9i1p1f1,1946,True,17.365345,16.429354102529082
r9i1p1f1,1947,True,17.36619,16.86382887087724
r9i1p1f1,1948,True,16.329285,16.980674967098388
r9i1p1f1,1949,True,17.94218,17.72964223237118
r9i1p1f1,1950,True,17.747496,18.23491429707401
r9i1p1f1,1951,True,18.070301,19.996085064693627
r9i1p1f1,1952,True,18.202484,18.78303216317141
r9i1p1f1,1953,True,20.600609,19.583215416571118
r9i1p1f1,1954,True,20.231853,20.083183688772035
r9i1p1f1,1955,True,18.76705,18.69921843170703
r9i1p1f1,1956,True,17.91339,18.44255522149478
r9i1p1f1,1957,True,16.435186,17.66411898690757
r9i1p1f1,1958,True,19.111221,18.25459529208012
r9i1p1f1,1959,True,21.506731,20.322792349734186
r9i1p1f1,1960,True,21.224268,21.265538347991455
r9i1p1f1,1961,True,22.475393,21.112332810964165
r9i1p1f1,1962,True,22.182901,21.176503151306854
r9i1p1f1,1963,True,21.129387,20.051134503983015
r9i1p1f1,1964,True,20.291054,19.75157077643896
r9i1p1f1,1965,True,18.728422,19.62928435350106
r9i1p1f1,1966,True,18.550999,18.448030097047724
r9i1p1f1,1967,True,17.413307,17.717646885276558
r9i1p1f1,1968,True,17.570536,17.28367293847619
r9i1p1f1,1969,True,16.911238,16.554075744008315
r9i1p1f1,1970,True,16.838854,16.25496415272177
r9i1p1f1,1971,True,17.498755,17.79038153073497
r9i1p1f1,1972,True,18.877872,18.279042041470234
r9i1p1f1,1973,True,18.588057,17.83453600890101
r9i1p1f1,1974,True,19.20579,19.189386685330142
r9i1p1f1,1975,True,18.40966,18.51169141815004
r9i1p1f1,1976,True,18.000408,18.76303225543059
r9i1p1f1,1977,True,19.02757,18.853082819460916
r9i1p1f1,1978,True,18.51774,18.423895947676684
r9i1p1f1,1979,True,17.75334,18.139750459993223
r9i1p1f1,1980,True,18.16964,18.279597228830376
r9i1p1f1,1981,True,16.090172,17.132121770451302
r9i1p1f1,1982,True,17.503777,17.195925980402066
r9i1p1f1,1983,True,17.35316,17.110616669415634
r9i1p1f1,1984,True,16.86528,17.866952495341874
r9i1p1f1,1985,True,18.470785,18.475412710744088
r9i1p1f1,1986,True,19.17825,19.729769908290393
r9i1p1f1,1987,True,22.548277,22.86259655366805
r9i1p1f1,1988,True,21.91706,22.984530078120176
r9i1p1f1,1989,True,21.191366,21.771513594746242
