var,lon_tag,mode,lag,corr,abs_corr
thetao,W40p0,5,20,0.9067705902562234,0.9067705902562234
thetao,W40p0,5,19,0.8944499515280866,0.8944499515280866
thetao,W10p0,6,9,-0.8916784408077201,0.8916784408077201
thetao,W10p0,6,10,-0.8890239761890243,0.8890239761890243
thetao,W30p0,6,19,0.8845835663756214,0.8845835663756214
thetao,W30p0,6,20,0.8831562848287317,0.8831562848287317
thetao,W40p0,5,18,0.8815581007129745,0.8815581007129745
thetao,W10p0,6,8,-0.880177512425067,0.880177512425067
thetao,W30p0,6,18,0.8781150009028033,0.8781150009028033
thetao,W10p0,6,11,-0.8774648145069558,0.8774648145069558
thetao,W40p0,5,17,0.8727422818962954,0.8727422818962954
thetao,W30p0,6,17,0.8726665452829665,0.8726665452829665
thetao,W30p0,2,20,-0.8700383041826959,0.8700383041826959
thetao,W10p0,6,12,-0.8682031684709388,0.8682031684709388
thetao,W30p0,2,19,-0.8671917407454202,0.8671917407454202
thetao,W30p0,6,16,0.866112000264756,0.866112000264756
thetao,W40p0,5,16,0.8628337865549593,0.8628337865549593
thetao,W30p0,6,15,0.8615980668819527,0.8615980668819527
thetao,W30p0,6,14,0.8614218101974338,0.8614218101974338
so,W40p0,2,6,0.8606243555814556,0.8606243555814556
thetao,W10p0,6,13,-0.859548418057356,0.859548418057356
thetao,W30p0,2,18,-0.8588838617277686,0.8588838617277686
thetao,W10p0,6,7,-0.8583806504643997,0.8583806504643997
thetao,W10p0,2,16,-0.8564251171358149,0.8564251171358149
thetao,W30p0,2,17,-0.8560133473402148,0.8560133473402148
thetao,W40p0,5,15,0.8557609924146216,0.8557609924146216
so,W40p0,2,7,0.8554010570175211,0.8554010570175211
thetao,W10p0,2,15,-0.8548411578798486,0.8548411578798486
thetao,W30p0,6,13,0.8546180084385311,0.8546180084385311
so,W40p0,2,5,0.8543768163968155,0.8543768163968155
thetao,W10p0,2,14,-0.8535424466885269,0.8535424466885269
thetao,W10p0,2,17,-0.851237405871331,0.851237405871331
thetao,W30p0,2,16,-0.8512267413048467,0.8512267413048467
thetao,W10p0,6,14,-0.8511665426600498,0.8511665426600498
thetao,W40p0,5,14,0.8502066397707331,0.8502066397707331
thetao,W20p0,6,10,-0.8489310497454975,0.8489310497454975
thetao,W30p0,6,12,0.8474421083774972,0.8474421083774972
so,W40p0,2,4,0.8472816210280346,0.8472816210280346
thetao,W20p0,3,15,-0.8472709216120095,0.8472709216120095
thetao,W30p0,2,15,-0.8455864793311415,0.8455864793311415
thetao,W20p0,3,14,-0.844736218832712,0.844736218832712
thetao,W20p0,6,14,-0.8444342669343805,0.8444342669343805
thetao,W10p0,2,18,-0.8431871828288092,0.8431871828288092
thetao,W10p0,2,19,-0.8421389443869287,0.8421389443869287
thetao,W40p0,5,13,0.8420570374390415,0.8420570374390415
thetao,W30p0,2,14,-0.8417148899881874,0.8417148899881874
so,W10p0,6,20,0.8416678493695995,0.8416678493695995
thetao,W20p0,6,13,-0.8413718884109352,0.8413718884109352
thetao,W10p0,6,6,-0.8412855520220742,0.8412855520220742
so,W40p0,2,8,0.8408732877461411,0.8408732877461411
thetao,W20p0,6,9,-0.8407166980620357,0.8407166980620357
thetao,W30p0,6,11,0.840385041410017,0.840385041410017
thetao,W10p0,2,20,-0.8402895151607015,0.8402895151607015
so,W40p0,2,3,0.8397715418214541,0.8397715418214541
so,W10p0,6,17,0.8395906542125535,0.8395906542125535
thetao,W10p0,2,13,-0.8392972812669823,0.8392972812669823
thetao,W60p0,6,8,0.8378229467438814,0.8378229467438814
thetao,W20p0,6,11,-0.8375930496592341,0.8375930496592341
thetao,W30p0,2,13,-0.8375744080022497,0.8375744080022497
thetao,W30p0,6,10,0.8365062733313198,0.8365062733313198
so,W30p0,2,7,0.8364216296426081,0.8364216296426081
thetao,W60p0,6,9,0.836015004592763,0.836015004592763
thetao,W20p0,6,12,-0.8353717787128715,0.8353717787128715
so,W30p0,2,6,0.8353421008709538,0.8353421008709538
thetao,W20p0,3,16,-0.834216230403916,0.834216230403916
so,W10p0,6,16,0.8338914001570162,0.8338914001570162
thetao,W30p0,2,12,-0.8337763838489654,0.8337763838489654
thetao,W40p0,5,12,0.8333928631003302,0.8333928631003302
thetao,W60p0,6,15,0.8332474975095282,0.8332474975095282
thetao,W60p0,6,14,0.8331772471136626,0.8331772471136626
thetao,W60p0,6,11,0.8326604592181046,0.8326604592181046
so,W30p0,2,8,0.8320883675153976,0.8320883675153976
so,W10p0,6,19,0.8320069379116778,0.8320069379116778
thetao,W20p0,6,18,-0.8319683465395085,0.8319683465395085
thetao,W20p0,6,15,-0.8315644264525577,0.8315644264525577
so,W10p0,6,18,0.8315519957243276,0.8315519957243276
thetao,W30p0,6,9,0.831517716434281,0.831517716434281
thetao,W10p0,6,15,-0.8314976636928253,0.8314976636928253
thetao,W60p0,6,16,0.8313303916012333,0.8313303916012333
thetao,W20p0,3,13,-0.8311786196240947,0.8311786196240947
thetao,W60p0,6,7,0.8311012080919212,0.8311012080919212
so,W40p0,2,9,0.8294090907101574,0.8294090907101574
thetao,W20p0,6,19,-0.8288792825335911,0.8288792825335911
so,W40p0,7,20,-0.828432432743208,0.828432432743208
thetao,W20p0,6,8,-0.8281881969475987,0.8281881969475987
so,W40p0,2,2,0.8275639217891562,0.8275639217891562
thetao,W30p0,2,11,-0.8265834237633479,0.8265834237633479
so,W30p0,2,5,0.8264678212314267,0.8264678212314267
thetao,W10p0,6,5,-0.8253696920945783,0.8253696920945783
thetao,W20p0,6,16,-0.8245557427331103,0.8245557427331103
thetao,W60p0,6,13,0.8245155748416135,0.8245155748416135
thetao,W20p0,6,17,-0.8243385292113709,0.8243385292113709
thetao,W60p0,6,10,0.8236057879978599,0.8236057879978599
thetao,W40p0,2,7,-0.8233365398044771,0.8233365398044771
so,W30p0,2,9,0.8232887845218568,0.8232887845218568
thetao,W40p0,5,11,0.8228970428390608,0.8228970428390608
thetao,W30p0,2,10,-0.8217301684592057,0.8217301684592057
thetao,W20p0,6,20,-0.8206284617745078,0.8206284617745078
thetao,W40p0,2,8,-0.8205697267863667,0.8205697267863667
thetao,W10p0,2,12,-0.8204835296723464,0.8204835296723464
thetao,W60p0,6,12,0.819847213320677,0.819847213320677
thetao,W40p0,2,6,-0.8188224941254068,0.8188224941254068
thetao,W60p0,6,17,0.8183609811504392,0.8183609811504392
so,W40p0,2,10,0.8182323657983286,0.8182323657983286
thetao,W30p0,2,9,-0.8181088734463924,0.8181088734463924
thetao,W60p0,6,6,0.8174605196107504,0.8174605196107504
so,W40p0,7,19,-0.8169825054955038,0.8169825054955038
so,W30p0,2,4,0.8165840477655588,0.8165840477655588
thetao,W30p0,6,8,0.8162716946401153,0.8162716946401153
thetao,W40p0,5,10,0.8162248649438756,0.8162248649438756
so,W40p0,2,11,0.8159932202166646,0.8159932202166646
thetao,W10p0,6,4,-0.8154610739737983,0.8154610739737983
thetao,W20p0,3,17,-0.8152900132462786,0.8152900132462786
thetao,W20p0,6,7,-0.8152367614879178,0.8152367614879178
so,W10p0,6,15,0.8149933677843659,0.8149933677843659
thetao,W40p0,2,9,-0.8141741763852052,0.8141741763852052
thetao,W10p0,6,16,-0.8138077655847469,0.8138077655847469
thetao,W20p0,3,12,-0.8120685559969507,0.8120685559969507
thetao,W40p0,5,9,0.8116894191749049,0.8116894191749049
so,W40p0,2,12,0.8114878135738358,0.8114878135738358
thetao,W40p0,2,5,-0.8111130989618675,0.8111130989618675
thetao,W10p0,6,3,-0.81078145820975,0.81078145820975
so,W40p0,2,1,0.8103572285047743,0.8103572285047743
thetao,W30p0,2,8,-0.8073312529584058,0.8073312529584058
thetao,W60p0,6,18,0.8065349644335028,0.8065349644335028
thetao,W60p0,6,19,0.8063556829155988,0.8063556829155988
so,W40p0,2,13,0.8063352351492211,0.8063352351492211
thetao,W40p0,2,10,-0.8063072551033661,0.8063072551033661
so,W30p0,2,10,0.805787641133593,0.805787641133593
thetao,W10p0,2,11,-0.8051652097057233,0.8051652097057233
thetao,W40p0,2,11,-0.8042977205529953,0.8042977205529953
thetao,W60p0,6,20,0.8042832465571486,0.8042832465571486
thetao,W40p0,2,12,-0.8032112722802721,0.8032112722802721
so,W40p0,7,18,-0.8028941036047892,0.8028941036047892
thetao,W20p0,6,6,-0.8024212192132879,0.8024212192132879
so,W30p0,2,3,0.8019889656289851,0.8019889656289851
thetao,W40p0,5,8,0.8013480494689788,0.8013480494689788
thetao,W60p0,6,2,0.8009683134254492,0.8009683134254492
so,W40p0,2,14,0.8009635911284843,0.8009635911284843
thetao,W40p0,2,4,-0.8008823929201012,0.8008823929201012
thetao,W60p0,6,5,0.8006178477342679,0.8006178477342679
thetao,W40p0,2,13,-0.8002225155477711,0.8002225155477711
thetao,W10p0,2,10,-0.7992373085157682,0.7992373085157682
so,W30p0,2,11,0.7990110768180442,0.7990110768180442
thetao,W40p0,2,14,-0.7980205787821093,0.7980205787821093
thetao,W30p0,6,7,0.7975837858189128,0.7975837858189128
so,W40p0,2,15,0.7969243385052386,0.7969243385052386
thetao,W40p0,2,15,-0.7965716817431703,0.7965716817431703
thetao,W20p0,3,11,-0.7962678194893217,0.7962678194893217
so,W10p0,6,14,0.7959859664002472,0.7959859664002472
so,W40p0,7,17,-0.7958717378850398,0.7958717378850398
thetao,W10p0,2,9,-0.7956622184835812,0.7956622184835812
thetao,W30p0,10,15,0.7955919935135112,0.7955919935135112
so,W40p0,2,16,0.7949981063679508,0.7949981063679508
thetao,W10p0,6,2,-0.7949687275783999,0.7949687275783999
thetao,W40p0,2,3,-0.7949228146514781,0.7949228146514781
thetao,W40p0,2,16,-0.7945908550473925,0.7945908550473925
thetao,W10p0,6,17,-0.7944076245529593,0.7944076245529593
thetao,W60p0,8,20,0.7943037779785046,0.7943037779785046
thetao,W40p0,2,17,-0.7942671995221373,0.7942671995221373
thetao,W30p0,10,16,0.7916836006951038,0.7916836006951038
thetao,W20p0,6,5,-0.7914245199938086,0.7914245199938086
thetao,W40p0,2,18,-0.7911843208948112,0.7911843208948112
thetao,W20p0,3,18,-0.7906444893331596,0.7906444893331596
so,W40p0,7,15,-0.7904729302448963,0.7904729302448963
thetao,W60p0,6,1,0.7901316244235916,0.7901316244235916
so,W30p0,2,12,0.7898431762917244,0.7898431762917244
thetao,W40p0,2,19,-0.7893655264091403,0.7893655264091403
thetao,W30p0,10,17,0.7893104164550346,0.7893104164550346
thetao,W60p0,6,3,0.7890355912104271,0.7890355912104271
thetao,W40p0,2,20,-0.7889444425928593,0.7889444425928593
so,W40p0,7,14,-0.7888868756491872,0.7888868756491872
thetao,W30p0,2,7,-0.7887462990031237,0.7887462990031237
so,W40p0,2,17,0.7887417618153084,0.7887417618153084
thetao,W60p0,8,19,0.7879809974742829,0.7879809974742829
so,W40p0,7,16,-0.7877220341760237,0.7877220341760237
thetao,W40p0,5,7,0.787426335685721,0.787426335685721
so,W40p0,2,0,0.7858391116922737,0.7858391116922737
so,W60p0,8,16,0.7852661715788557,0.7852661715788557
thetao,W30p0,10,14,0.7850928748010805,0.7850928748010805
so,W40p0,2,18,0.7844504712097402,0.7844504712097402
so,W60p0,8,17,0.7844384550277721,0.7844384550277721
thetao,W30p0,10,18,0.7837509267458557,0.7837509267458557
so,W30p0,2,2,0.7836444112800411,0.7836444112800411
so,W10p0,6,13,0.7835894237033559,0.7835894237033559
so,W40p0,7,13,-0.7826163839689932,0.7826163839689932
thetao,W40p0,10,4,0.7824481269629777,0.7824481269629777
thetao,W30p0,6,6,0.7821428805388013,0.7821428805388013
thetao,W40p0,2,2,-0.7817163783250729,0.7817163783250729
so,W10p0,6,12,0.7811457545532428,0.7811457545532428
so,W30p0,2,13,0.7809067441298445,0.7809067441298445
thetao,W60p0,8,18,0.7808406213710855,0.7808406213710855
thetao,W60p0,6,4,0.7804293892830163,0.7804293892830163
thetao,W60p0,4,20,-0.7788587561216367,0.7788587561216367
so,W60p0,8,15,0.778515667592375,0.778515667592375
thetao,W30p0,10,13,0.778093349208052,0.778093349208052
thetao,W40p0,10,5,0.7777414405262874,0.7777414405262874
thetao,W20p0,3,10,-0.7775969123123948,0.7775969123123948
thetao,W10p0,6,1,-0.7774889937594692,0.7774889937594692
thetao,W20p0,6,4,-0.777091764715285,0.777091764715285
thetao,W10p0,6,18,-0.7761965236791746,0.7761965236791746
so,W10p0,6,11,0.7759589880781855,0.7759589880781855
thetao,W40p0,5,6,0.7758120795886997,0.7758120795886997
so,W30p0,2,14,0.7751878442572866,0.7751878442572866
so,W40p0,2,19,0.7742999026310619,0.7742999026310619
thetao,W40p0,4,10,-0.7734570478287838,0.7734570478287838
thetao,W40p0,10,6,0.7733794326341689,0.7733794326341689
thetao,W40p0,4,15,-0.7731910252427263,0.7731910252427263
thetao,W10p0,2,8,-0.7731471465720148,0.7731471465720148
thetao,W40p0,10,7,0.77256877711913,0.77256877711913
so,W60p0,8,18,0.7724905653596481,0.7724905653596481
so,W10p0,6,10,0.7720279213582265,0.7720279213582265
so,W60p0,8,14,0.771125605977922,0.771125605977922
so,W10p0,10,0,-0.7703915940509659,0.7703915940509659
thetao,W30p0,2,6,-0.7701619306236263,0.7701619306236263
thetao,W40p0,4,13,-0.7698879119539694,0.7698879119539694
thetao,W40p0,10,3,0.7691563190012232,0.7691563190012232
so,W60p0,5,20,0.7685797752476599,0.7685797752476599
thetao,W60p0,8,17,0.7684462126212999,0.7684462126212999
thetao,W40p0,10,9,0.7684414618134199,0.7684414618134199
thetao,W20p0,6,3,-0.7679248632462773,0.7679248632462773
thetao,W40p0,10,10,0.767160050660481,0.767160050660481
thetao,W10p0,6,19,-0.7671329451506441,0.7671329451506441
thetao,W40p0,4,14,-0.7669321755763238,0.7669321755763238
so,W10p0,10,1,-0.7667542767939756,0.7667542767939756
so,W10p0,2,9,0.7666772785915483,0.7666772785915483
thetao,W40p0,10,8,0.7666182179803039,0.7666182179803039
so,W10p0,6,9,0.766574965251974,0.766574965251974
thetao,W60p0,4,19,-0.7664101490567957,0.7664101490567957
thetao,W40p0,2,1,-0.766274546130698,0.766274546130698
thetao,W30p0,10,19,0.7662633084758202,0.7662633084758202
thetao,W10p0,1,0,0.7662574922404295,0.7662574922404295
thetao,W30p0,10,8,0.7660168812002252,0.7660168812002252
so,W60p0,5,19,0.7657447301003412,0.7657447301003412
so,W40p0,7,12,-0.7654105861416858,0.7654105861416858
so,W30p0,2,15,0.7649961594755063,0.7649961594755063
thetao,W20p0,3,19,-0.7649473563740283,0.7649473563740283
so,W10p0,2,8,0.7643913439634753,0.7643913439634753
thetao,W30p0,10,10,0.7643666435537626,0.7643666435537626
thetao,W10p0,6,20,-0.764035241095367,0.764035241095367
thetao,W30p0,10,9,0.763882203270604,0.763882203270604
so,W10p0,6,8,0.7635650895312839,0.7635650895312839
thetao,W40p0,10,2,0.7631164018459813,0.7631164018459813
so,W10p0,2,6,0.7625969359570717,0.7625969359570717
thetao,W30p0,6,5,0.7624991961995256,0.7624991961995256
so,W10p0,2,7,0.7621141367227242,0.7621141367227242
thetao,W30p0,10,11,0.7620720942687954,0.7620720942687954
thetao,W40p0,10,11,0.7616283463093675,0.7616283463093675
thetao,W30p0,10,12,0.7609156020389944,0.7609156020389944
thetao,W40p0,4,12,-0.7607719244803743,0.7607719244803743
thetao,W20p0,3,9,-0.760642396843385,0.760642396843385
thetao,W10p0,6,0,-0.7606367939138419,0.7606367939138419
so,W40p0,2,20,0.7603308124960193,0.7603308124960193
so,W30p0,2,16,0.7599288352398205,0.7599288352398205
so,W60p0,8,11,0.7593546223120341,0.7593546223120341
thetao,W40p0,4,11,-0.7592118367870407,0.7592118367870407
thetao,W40p0,5,5,0.7576890892742411,0.7576890892742411
so,W10p0,2,10,0.7568783346403574,0.7568783346403574
thetao,W30p0,10,7,0.7568417159154371,0.7568417159154371
thetao,W60p0,8,16,0.7566463829057836,0.7566463829057836
so,W60p0,8,12,0.756436538345316,0.756436538345316
thetao,W40p0,4,16,-0.7563898107149372,0.7563898107149372
thetao,W20p0,5,20,-0.7563474296768241,0.7563474296768241
so,W60p0,5,15,0.7558518194100659,0.7558518194100659
thetao,W10p0,1,1,0.7556975172507576,0.7556975172507576
so,W60p0,5,17,0.75556005396085,0.75556005396085
thetao,W20p0,6,2,-0.7553832264458924,0.7553832264458924
thetao,W30p0,10,6,0.7551761476278592,0.7551761476278592
thetao,W40p0,4,9,-0.7544679186769144,0.7544679186769144
thetao,W60p0,8,13,0.7543583134325608,0.7543583134325608
so,W60p0,5,18,0.7541070223698376,0.7541070223698376
so,W10p0,6,7,0.7540977034454855,0.7540977034454855
thetao,W60p0,8,10,0.7537145669782969,0.7537145669782969
so,W30p0,2,1,0.753576456815196,0.753576456815196
so,W60p0,5,16,0.7534952551508118,0.7534952551508118
thetao,W30p0,10,20,0.7533501074881762,0.7533501074881762
thetao,W40p0,2,0,-0.7532172947935598,0.7532172947935598
thetao,W60p0,8,15,0.7530238691019658,0.7530238691019658
thetao,W60p0,3,7,-0.7529534975673624,0.7529534975673624
thetao,W10p0,5,16,-0.752945747418962,0.752945747418962
so,W10p0,2,5,0.7528993255990801,0.7528993255990801
thetao,W60p0,8,14,0.7527480668389972,0.7527480668389972
thetao,W10p0,5,15,-0.7526915473938911,0.7526915473938911
thetao,W60p0,6,0,0.7515214514813722,0.7515214514813722
thetao,W20p0,6,1,-0.7513592429591556,0.7513592429591556
thetao,W20p0,5,19,-0.7513306582948053,0.7513306582948053
thetao,W40p0,4,18,-0.7512627689095389,0.7512627689095389
thetao,W30p0,10,5,0.7512447452332285,0.7512447452332285
thetao,W10p0,5,17,-0.7512143177229562,0.7512143177229562
thetao,W30p0,2,5,-0.751157048700225,0.751157048700225
thetao,W10p0,5,18,-0.7502638258465946,0.7502638258465946
so,W30p0,2,17,0.7500335998341283,0.7500335998341283
thetao,W40p0,4,17,-0.7498304013953746,0.7498304013953746
thetao,W60p0,8,12,0.7496061190803628,0.7496061190803628
so,W40p0,7,11,-0.7491650426133045,0.7491650426133045
so,W60p0,8,13,0.7487992022331507,0.7487992022331507
so,W40p0,7,10,-0.7486987547704134,0.7486987547704134
thetao,W60p0,8,8,0.7473949863797837,0.7473949863797837
thetao,W20p0,6,0,-0.7473652701996366,0.7473652701996366
thetao,W10p0,5,0,-0.7472239187510937,0.7472239187510937
thetao,W20p0,3,8,-0.7468829599186734,0.7468829599186734
thetao,W40p0,4,19,-0.7462955415964854,0.7462955415964854
thetao,W10p0,5,14,-0.7458873742888419,0.7458873742888419
thetao,W40p0,4,8,-0.7457973999740413,0.7457973999740413
so,W60p0,5,14,0.745614041228606,0.745614041228606
so,W10p0,6,6,0.7451282793816544,0.7451282793816544
thetao,W10p0,2,7,-0.745064119834983,0.745064119834983
thetao,W20p0,3,20,-0.7448761288126435,0.7448761288126435
thetao,W60p0,3,8,-0.7443738822607978,0.7443738822607978
so,W10p0,2,4,0.7440955326184312,0.7440955326184312
so,W60p0,8,10,0.7440025545350657,0.7440025545350657
so,W20p0,7,19,0.7436476835730176,0.7436476835730176
thetao,W60p0,4,18,-0.7434187898237554,0.7434187898237554
thetao,W60p0,8,11,0.743282796450798,0.743282796450798
thetao,W10p0,5,13,-0.7421514045768146,0.7421514045768146
so,W10p0,10,2,-0.7417084723937478,0.7417084723937478
thetao,W30p0,6,4,0.741359444199957,0.741359444199957
thetao,W10p0,1,2,0.7411937750352816,0.7411937750352816
so,W40p0,10,20,0.7404645469938184,0.7404645469938184
so,W30p0,2,18,0.7401984669537145,0.7401984669537145
so,W10p0,2,11,0.7400741193693098,0.7400741193693098
thetao,W60p0,8,9,0.7387760801616731,0.7387760801616731
thetao,W60p0,8,7,0.7385985010004508,0.7385985010004508
thetao,W40p0,10,12,0.7382992163403658,0.7382992163403658
so,W60p0,5,8,0.7382822870109785,0.7382822870109785
thetao,W10p0,5,1,-0.7382437506757493,0.7382437506757493
thetao,W40p0,5,4,0.737855291896919,0.737855291896919
so,W10p0,9,18,0.737246288919567,0.737246288919567
so,W40p0,7,9,-0.7368648749370089,0.7368648749370089
so,W20p0,7,18,0.7362199504122232,0.7362199504122232
thetao,W60p0,3,6,-0.7360850306860347,0.7360850306860347
thetao,W10p0,5,19,-0.7357934399163493,0.7357934399163493
so,W30p0,2,19,0.7345961742721937,0.7345961742721937
thetao,W60p0,3,9,-0.7345066149238662,0.7345066149238662
so,W60p0,5,13,0.7340596903755382,0.7340596903755382
thetao,W10p0,5,11,-0.733971836328624,0.733971836328624
thetao,W40p0,10,1,0.733555261471114,0.733555261471114
thetao,W60p0,4,14,-0.7334340611680353,0.7334340611680353
thetao,W10p0,5,12,-0.7333659823584164,0.7333659823584164
thetao,W30p0,6,3,0.7333269964762109,0.7333269964762109
so,W60p0,5,9,0.7332649608366907,0.7332649608366907
thetao,W60p0,3,10,-0.7332057231720132,0.7332057231720132
thetao,W60p0,4,17,-0.7329374508044082,0.7329374508044082
so,W10p0,9,17,0.7321802042773996,0.7321802042773996
thetao,W30p0,2,4,-0.7315248101169637,0.7315248101169637
so,W10p0,2,2,0.7312900016733326,0.7312900016733326
so,W30p0,2,20,0.7308028215163358,0.7308028215163358
so,W20p0,7,17,0.7299696510831112,0.7299696510831112
so,W60p0,8,6,0.7299659668333798,0.7299659668333798
thetao,W60p0,4,15,-0.7298866522020251,0.7298866522020251
so,W10p0,2,3,0.7296985679155303,0.7296985679155303
so,W10p0,9,20,0.7292889289707202,0.7292889289707202
thetao,W60p0,4,16,-0.7292793750441511,0.7292793750441511
thetao,W20p0,5,18,-0.7292551027946889,0.7292551027946889
thetao,W40p0,4,20,-0.7289927395376358,0.7289927395376358
thetao,W40p0,5,3,0.728260836803083,0.728260836803083
so,W60p0,8,19,0.7280253632044946,0.7280253632044946
so,W60p0,5,10,0.7272216969078616,0.7272216969078616
so,W10p0,6,5,0.72716791730346,0.72716791730346
thetao,W20p0,4,0,-0.7269682114130129,0.7269682114130129
so,W10p0,9,19,0.7267818781601297,0.7267818781601297
so,W60p0,8,8,0.7251194762520039,0.7251194762520039
so,W60p0,8,7,0.724902278940564,0.724902278940564
so,W40p0,10,19,0.724805117260865,0.724805117260865
thetao,W10p0,2,6,-0.724111473388043,0.724111473388043
thetao,W30p0,5,4,0.7240321172382026,0.7240321172382026
thetao,W10p0,1,3,0.7239772436386238,0.7239772436386238
so,W20p0,7,16,0.7238891252811837,0.7238891252811837
so,W60p0,8,9,0.7233583803611429,0.7233583803611429
thetao,W10p0,5,10,-0.7227366421885082,0.7227366421885082
thetao,W30p0,5,5,0.7222134896484514,0.7222134896484514
thetao,W40p0,4,7,-0.7221927146693383,0.7221927146693383
thetao,W30p0,10,4,0.7221823185477049,0.7221823185477049
thetao,W60p0,8,6,0.7219665075709211,0.7219665075709211
thetao,W30p0,3,0,-0.7217263122037725,0.7217263122037725
thetao,W10p0,5,20,-0.7212866324971596,0.7212866324971596
thetao,W60p0,3,15,-0.7212301613082086,0.7212301613082086
so,W60p0,3,16,0.7206207505295451,0.7206207505295451
so,W10p0,10,3,-0.720171072013114,0.720171072013114
so,W20p0,7,20,0.7199306986552056,0.7199306986552056
so,W20p0,7,15,0.7199112323798059,0.7199112323798059
so,W60p0,3,15,0.7197462033897385,0.7197462033897385
so,W40p0,7,8,-0.7195001978700427,0.7195001978700427
thetao,W40p0,10,13,0.7192521403562668,0.7192521403562668
so,W60p0,5,7,0.7188856504781954,0.7188856504781954
so,W60p0,3,14,0.7186014860178238,0.7186014860178238
thetao,W30p0,6,2,0.7185249495708482,0.7185249495708482
thetao,W20p0,3,7,-0.7180193252848862,0.7180193252848862
so,W10p0,9,13,0.7179902356714134,0.7179902356714134
thetao,W60p0,3,14,-0.7179823488347228,0.7179823488347228
so,W10p0,2,1,0.717920310986942,0.717920310986942
thetao,W10p0,5,2,-0.7176846203489604,0.7176846203489604
so,W40p0,10,18,0.7175842955407207,0.7175842955407207
thetao,W30p0,2,3,-0.7174124395571496,0.7174124395571496
thetao,W20p0,4,1,-0.7168792187359785,0.7168792187359785
so,W60p0,5,12,0.716296071894716,0.716296071894716
so,W10p0,2,12,0.7160376307481695,0.7160376307481695
thetao,W20p0,5,17,-0.7160135503470826,0.7160135503470826
so,W40p0,10,17,0.7156393605344877,0.7156393605344877
so,W30p0,2,0,0.7156187286364617,0.7156187286364617
so,W20p0,1,0,-0.7154717831471719,0.7154717831471719
so,W10p0,9,16,0.7153242753234668,0.7153242753234668
thetao,W60p0,4,13,-0.7152533172803944,0.7152533172803944
so,W10p0,9,12,0.715214324438323,0.715214324438323
thetao,W60p0,8,5,0.7150026625026322,0.7150026625026322
so,W10p0,9,15,0.7149321041557317,0.7149321041557317
so,W60p0,3,13,0.7138371752666249,0.7138371752666249
thetao,W30p0,5,2,0.712746751717986,0.712746751717986
thetao,W20p0,4,2,-0.7126118523059263,0.7126118523059263
thetao,W30p0,5,1,0.7124298140420331,0.7124298140420331
thetao,W40p0,5,2,0.7123913653355612,0.7123913653355612
thetao,W60p0,3,16,-0.7123179659988139,0.7123179659988139
thetao,W10p0,5,9,-0.7113216428807367,0.7113216428807367
so,W60p0,5,11,0.7109557839360877,0.7109557839360877
thetao,W10p0,1,4,0.7108200585510054,0.7108200585510054
so,W10p0,9,14,0.7102209967579632,0.7102209967579632
thetao,W60p0,8,4,0.7102162292458987,0.7102162292458987
thetao,W60p0,3,13,-0.7098366902513642,0.7098366902513642
thetao,W40p0,4,6,-0.7095634160315331,0.7095634160315331
thetao,W60p0,3,11,-0.7090675204064544,0.7090675204064544
so,W10p0,2,13,0.7089028002988691,0.7089028002988691
so,W60p0,8,20,0.7087263083529135,0.7087263083529135
so,W20p0,7,14,0.7082554705951539,0.7082554705951539
thetao,W30p0,5,3,0.7075198511916038,0.7075198511916038
thetao,W20p0,4,3,-0.7074645700471935,0.7074645700471935
so,W10p0,10,4,-0.7063748999649255,0.7063748999649255
so,W10p0,2,14,0.7063566264615575,0.7063566264615575
thetao,W10p0,5,8,-0.705743629492893,0.705743629492893
thetao,W30p0,6,1,0.7055911450959501,0.7055911450959501
so,W60p0,5,3,0.7053639842707539,0.7053639842707539
so,W60p0,3,17,0.7053376769761918,0.7053376769761918
so,W10p0,6,4,0.7047171634825977,0.7047171634825977
so,W40p0,10,16,0.7045725825915446,0.7045725825915446
so,W60p0,3,12,0.7043132282788198,0.7043132282788198
thetao,W10p0,2,5,-0.7039411311682985,0.7039411311682985
thetao,W40p0,5,1,0.7037358713954376,0.7037358713954376
so,W60p0,8,5,0.7031280172567064,0.7031280172567064
so,W20p0,1,1,-0.7028077719812722,0.7028077719812722
thetao,W40p0,5,0,0.7024063544281636,0.7024063544281636
thetao,W40p0,10,14,0.702376234423534,0.702376234423534
thetao,W60p0,3,5,-0.7022473450715014,0.7022473450715014
thetao,W60p0,3,12,-0.7013813994557196,0.7013813994557196
so,W10p0,6,3,0.7005965393657507,0.7005965393657507
so,W40p0,7,7,-0.7002188756416767,0.7002188756416767
thetao,W20p0,5,16,-0.6994887381585158,0.6994887381585158
thetao,W40p0,4,5,-0.6991294354671416,0.6991294354671416
so,W20p0,7,13,0.6987359141593255,0.6987359141593255
so,W60p0,5,0,0.698265615548229,0.698265615548229
thetao,W60p0,8,3,0.6979169097890171,0.6979169097890171
thetao,W10p0,5,3,-0.6975735776452622,0.6975735776452622
so,W60p0,5,6,0.695643570701906,0.695643570701906
so,W10p0,9,11,0.6955343154842446,0.6955343154842446
thetao,W10p0,1,5,0.6954178548160446,0.6954178548160446
thetao,W60p0,4,12,-0.6952503017135048,0.6952503017135048
thetao,W30p0,5,0,0.6951916376910677,0.6951916376910677
so,W60p0,3,18,0.694846154857188,0.694846154857188
thetao,W30p0,2,2,-0.6943617464088839,0.6943617464088839
thetao,W10p0,5,7,-0.6937922382173424,0.6937922382173424
thetao,W20p0,4,4,-0.6934259960566683,0.6934259960566683
thetao,W20p0,4,5,-0.6934044924683401,0.6934044924683401
so,W40p0,5,6,-0.6932900125198108,0.6932900125198108
so,W60p0,5,4,0.6927262892531977,0.6927262892531977
so,W40p0,10,12,0.6925532788975879,0.6925532788975879
thetao,W20p0,4,6,-0.6919111627380216,0.6919111627380216
so,W40p0,10,15,0.6917015207033745,0.6917015207033745
so,W10p0,2,15,0.6916745840842564,0.6916745840842564
so,W60p0,2,7,0.6913926381557534,0.6913926381557534
thetao,W60p0,4,11,-0.6912273775077471,0.6912273775077471
so,W40p0,7,6,-0.6899920639109886,0.6899920639109886
so,W10p0,6,2,0.6892408137916993,0.6892408137916993
so,W20p0,7,12,0.6892134828140047,0.6892134828140047
thetao,W20p0,4,8,-0.6891943694480258,0.6891943694480258
so,W60p0,3,19,0.688973522985902,0.688973522985902
so,W60p0,5,1,0.68870931354004,0.68870931354004
thetao,W20p0,4,7,-0.6883294259076377,0.6883294259076377
so,W10p0,5,1,-0.6881787849561741,0.6881787849561741
so,W20p0,1,2,-0.6881112180954245,0.6881112180954245
thetao,W40p0,4,4,-0.6878664068608086,0.6878664068608086
thetao,W60p0,2,7,-0.6874672538158291,0.6874672538158291
so,W60p0,5,5,0.6871660272696225,0.6871660272696225
so,W60p0,3,11,0.687139640020296,0.687139640020296
thetao,W20p0,5,15,-0.6869948524649522,0.6869948524649522
thetao,W30p0,6,0,0.6851356507247696,0.6851356507247696
thetao,W60p0,2,8,-0.6850595131829581,0.6850595131829581
thetao,W30p0,5,6,0.6849775895982847,0.6849775895982847
so,W60p0,2,6,0.6848549626495577,0.6848549626495577
so,W40p0,10,13,0.6846757985343913,0.6846757985343913
so,W10p0,2,0,0.6842909302696527,0.6842909302696527
so,W60p0,8,4,0.6840031307600626,0.6840031307600626
so,W10p0,6,0,0.6839806928694155,0.6839806928694155
thetao,W60p0,3,3,-0.6838011898971847,0.6838011898971847
so,W40p0,10,14,0.6837050337323239,0.6837050337323239
thetao,W30p0,10,3,0.6833636939350531,0.6833636939350531
so,W10p0,9,10,0.6831256437298798,0.6831256437298798
thetao,W60p0,8,0,0.683019720092951,0.683019720092951
thetao,W20p0,4,9,-0.682694439990416,0.682694439990416
so,W10p0,6,1,0.6825521052878748,0.6825521052878748
thetao,W10p0,5,4,-0.6825079625250371,0.6825079625250371
thetao,W60p0,3,4,-0.6824404347275942,0.6824404347275942
so,W30p0,3,0,0.6823028437564286,0.6823028437564286
thetao,W10p0,1,6,0.6819525138139501,0.6819525138139501
thetao,W20p0,4,20,-0.6818317935816811,0.6818317935816811
so,W20p0,7,11,0.6817116636492472,0.6817116636492472
thetao,W20p0,3,6,-0.6810519283851905,0.6810519283851905
so,W60p0,2,8,0.680962625013262,0.680962625013262
thetao,W40p0,4,0,-0.6802704849568122,0.6802704849568122
so,W40p0,10,11,0.6794481587085418,0.6794481587085418
so,W60p0,5,2,0.6789122250635299,0.6789122250635299
thetao,W10p0,5,6,-0.678798914198319,0.678798914198319
thetao,W60p0,3,17,-0.6787115163297939,0.6787115163297939
thetao,W10p0,7,2,0.6785988641377406,0.6785988641377406
so,W10p0,9,9,0.6785680432108725,0.6785680432108725
thetao,W10p0,7,3,0.6784714716301011,0.6784714716301011
thetao,W60p0,2,9,-0.6776133245908617,0.6776133245908617
thetao,W60p0,2,16,-0.677522650653949,0.677522650653949
thetao,W30p0,2,1,-0.6773057479026546,0.6773057479026546
thetao,W10p0,2,4,-0.6769786276908406,0.6769786276908406
thetao,W60p0,2,10,-0.676590600018624,0.676590600018624
thetao,W10p0,7,1,0.6762219718666598,0.6762219718666598
so,W60p0,8,2,0.6761045461549485,0.6761045461549485
thetao,W60p0,2,15,-0.6755969295619095,0.6755969295619095
so,W10p0,10,5,-0.6753855649993987,0.6753855649993987
thetao,W10p0,5,5,-0.674858093843102,0.674858093843102
so,W60p0,3,20,0.67346500845223,0.67346500845223
thetao,W20p0,1,0,0.6730213948587165,0.6730213948587165
so,W40p0,5,7,-0.672772677480717,0.672772677480717
so,W40p0,5,5,-0.6726951178839083,0.6726951178839083
thetao,W10p0,1,7,0.6724820043289238,0.6724820043289238
thetao,W40p0,10,0,0.6723140566551011,0.6723140566551011
thetao,W20p0,5,14,-0.6723029330359278,0.6723029330359278
thetao,W60p0,8,1,0.6716376307557241,0.6716376307557241
so,W40p0,7,5,-0.6711772956453471,0.6711772956453471
thetao,W40p0,4,3,-0.6707960367667393,0.6707960367667393
thetao,W10p0,7,4,0.6702744221777599,0.6702744221777599
thetao,W60p0,2,11,-0.6701286175085034,0.6701286175085034
thetao,W40p0,10,15,0.6699739788420335,0.6699739788420335
so,W60p0,2,9,0.6696125320419548,0.6696125320419548
thetao,W10p0,7,6,0.669221804822007,0.669221804822007
so,W10p0,5,2,-0.6690656624600022,0.6690656624600022
thetao,W30p0,2,0,-0.669010642708637,0.669010642708637
so,W60p0,8,3,0.6686877284111136,0.6686877284111136
thetao,W60p0,4,10,-0.6674657786136765,0.6674657786136765
thetao,W60p0,2,14,-0.667191906113405,0.667191906113405
so,W30p0,4,6,-0.6668221427843671,0.6668221427843671
so,W10p0,5,0,-0.6668196649759204,0.6668196649759204
thetao,W10p0,7,0,0.6666934425091973,0.6666934425091973
thetao,W60p0,8,2,0.6665121963941454,0.6665121963941454
thetao,W60p0,2,6,-0.6660049331602085,0.6660049331602085
so,W60p0,3,9,0.6656309270627769,0.6656309270627769
thetao,W10p0,7,5,0.6654976118713202,0.6654976118713202
so,W60p0,3,10,0.6654847790251194,0.6654847790251194
thetao,W20p0,4,10,-0.6653616608741911,0.6653616608741911
so,W20p0,7,2,0.6649700807861122,0.6649700807861122
so,W60p0,2,10,0.6640873289227224,0.6640873289227224
thetao,W60p0,2,17,-0.6638959790675123,0.6638959790675123
thetao,W20p0,4,19,-0.66387893008605,0.66387893008605
so,W10p0,9,8,0.6637409912924331,0.6637409912924331
thetao,W20p0,5,13,-0.6632163211166647,0.6632163211166647
so,W60p0,2,5,0.6631430233919589,0.6631430233919589
so,W10p0,10,7,-0.6630076621602281,0.6630076621602281
thetao,W60p0,2,12,-0.6628138834297289,0.6628138834297289
thetao,W60p0,2,13,-0.6625535511315058,0.6625535511315058
so,W20p0,7,1,0.6624814047711585,0.6624814047711585
so,W10p0,2,16,0.6621942579007928,0.6621942579007928
so,W30p0,4,16,-0.6619542182087796,0.6619542182087796
so,W10p0,1,0,-0.661586426061559,0.661586426061559
thetao,W40p0,10,16,0.6615549065842237,0.6615549065842237
so,W30p0,4,5,-0.6615292069810063,0.6615292069810063
so,W60p0,3,8,0.6607316609525835,0.6607316609525835
so,W20p0,7,10,0.6605469153178233,0.6605469153178233
so,W60p0,3,7,0.66032511298727,0.66032511298727
so,W30p0,4,17,-0.6595643822958394,0.6595643822958394
thetao,W10p0,7,7,0.6595612745546763,0.6595612745546763
so,W30p0,4,15,-0.6585626192123674,0.6585626192123674
so,W30p0,4,4,-0.6581527809122412,0.6581527809122412
thetao,W20p0,4,17,-0.6580314334076935,0.6580314334076935
so,W40p0,10,8,0.6571702506120264,0.6571702506120264
thetao,W10p0,1,8,0.6567576911490238,0.6567576911490238
so,W30p0,4,14,-0.6564068407777803,0.6564068407777803
so,W20p0,1,3,-0.6562287472908679,0.6562287472908679
so,W30p0,4,8,-0.656189158378647,0.656189158378647
so,W10p0,10,6,-0.656113753032206,0.656113753032206
thetao,W20p0,1,1,0.6558410767947197,0.6558410767947197
thetao,W60p0,3,2,-0.6551372699634096,0.6551372699634096
so,W40p0,6,18,-0.6548319467484178,0.6548319467484178
so,W40p0,10,9,0.6538072866989487,0.6538072866989487
thetao,W20p0,4,18,-0.65370239867348,0.65370239867348
thetao,W20p0,4,12,-0.6528681224092047,0.6528681224092047
thetao,W20p0,4,16,-0.6528112384432002,0.6528112384432002
thetao,W20p0,4,11,-0.6527076114677581,0.6527076114677581
so,W20p0,7,0,0.6521113517237282,0.6521113517237282
so,W30p0,4,18,-0.6520425570197841,0.6520425570197841
thetao,W10p0,7,8,0.6517201232356171,0.6517201232356171
thetao,W30p0,10,2,0.6515053284093177,0.6515053284093177
so,W20p0,7,8,0.6512754969940502,0.6512754969940502
so,W30p0,3,2,0.6507202138064959,0.6507202138064959
so,W30p0,3,1,0.6500481112076701,0.6500481112076701
so,W40p0,10,10,0.649507529012857,0.649507529012857
so,W30p0,3,3,0.6493721794935815,0.6493721794935815
so,W30p0,4,20,-0.6489304879598061,0.6489304879598061
thetao,W30p0,3,1,-0.648831455189078,0.648831455189078
thetao,W10p0,2,3,-0.6483930895362854,0.6483930895362854
so,W20p0,7,6,0.648309582654993,0.648309582654993
thetao,W60p0,2,18,-0.648202600963216,0.648202600963216
so,W30p0,4,10,-0.6481502375218414,0.6481502375218414
so,W20p0,7,9,0.6480655803512192,0.6480655803512192
thetao,W30p0,5,7,0.6479643027757015,0.6479643027757015
thetao,W60p0,3,0,-0.6478510067368405,0.6478510067368405
thetao,W40p0,10,17,0.6478384857142878,0.6478384857142878
so,W20p0,7,3,0.647727663783354,0.647727663783354
so,W40p0,10,7,0.6475568366760118,0.6475568366760118
so,W20p0,7,7,0.6472989449402282,0.6472989449402282
thetao,W40p0,4,1,-0.6472890891614073,0.6472890891614073
thetao,W60p0,2,5,-0.6472041522774802,0.6472041522774802
so,W40p0,6,17,-0.647187984134772,0.647187984134772
so,W10p0,10,8,-0.6468289073970865,0.6468289073970865
so,W30p0,4,3,-0.6466849149177338,0.6466849149177338
thetao,W20p0,5,12,-0.6465383467736311,0.6465383467736311
thetao,W60p0,4,9,-0.6464991143911927,0.6464991143911927
so,W60p0,2,11,0.6463977120933678,0.6463977120933678
thetao,W60p0,3,1,-0.6463356782687347,0.6463356782687347
thetao,W60p0,2,3,-0.645918909257073,0.645918909257073
so,W40p0,6,19,-0.6455544515578551,0.6455544515578551
thetao,W30p0,10,0,0.6455065066847948,0.6455065066847948
so,W40p0,7,4,-0.645015953870032,0.645015953870032
so,W60p0,3,0,0.6447924999614708,0.6447924999614708
so,W30p0,4,9,-0.6444812569671362,0.6444812569671362
thetao,W60p0,3,18,-0.6442502534001013,0.6442502534001013
thetao,W20p0,3,5,-0.6437134664648854,0.6437134664648854
thetao,W20p0,4,15,-0.6435818136948053,0.6435818136948053
so,W40p0,7,3,-0.6427295382932952,0.6427295382932952
so,W30p0,4,11,-0.6426720343633119,0.6426720343633119
so,W40p0,5,8,-0.6423455315466762,0.6423455315466762
so,W30p0,4,7,-0.6422967472300609,0.6422967472300609
thetao,W20p0,1,2,0.6422436017895755,0.6422436017895755
thetao,W20p0,8,7,-0.6419994925811932,0.6419994925811932
thetao,W10p0,7,9,0.6408272312699647,0.6408272312699647
thetao,W60p0,2,4,-0.6407645771812733,0.6407645771812733
thetao,W40p0,4,2,-0.640683830320479,0.640683830320479
so,W60p0,2,4,0.6405888097037924,0.6405888097037924
thetao,W20p0,4,13,-0.6405661951593409,0.6405661951593409
thetao,W30p0,10,1,0.640396369088054,0.640396369088054
thetao,W60p0,2,2,-0.6403033711844693,0.6403033711844693
so,W30p0,4,13,-0.6399237102782795,0.6399237102782795
so,W40p0,5,4,-0.6377749085785807,0.6377749085785807
so,W40p0,4,1,0.637643115698878,0.637643115698878
thetao,W60p0,2,1,-0.6373755215968956,0.6373755215968956
thetao,W60p0,2,19,-0.6373540990022718,0.6373540990022718
so,W20p0,9,5,-0.6372418840150414,0.6372418840150414
thetao,W20p0,4,14,-0.6369738380729936,0.6369738380729936
so,W40p0,7,2,-0.6366713933299599,0.6366713933299599
so,W40p0,6,16,-0.6363210288265633,0.6363210288265633
thetao,W10p0,1,9,0.6362959662739798,0.6362959662739798
so,W30p0,4,2,-0.6360866630607305,0.6360866630607305
so,W20p0,7,5,0.6359714909211142,0.6359714909211142
so,W20p0,7,4,0.6355549904384759,0.6355549904384759
so,W40p0,7,1,-0.634831433709281,0.634831433709281
thetao,W60p0,2,20,-0.6347964097557995,0.6347964097557995
so,W10p0,1,1,-0.6343979421255301,0.6343979421255301
so,W40p0,4,2,0.6332879669926221,0.6332879669926221
thetao,W40p0,10,18,0.6326672905959997,0.6326672905959997
so,W30p0,4,1,-0.6321799402906555,0.6321799402906555
so,W40p0,7,0,-0.6321003505888855,0.6321003505888855
so,W30p0,3,4,0.6316441791241705,0.6316441791241705
thetao,W20p0,8,10,-0.6314711942249169,0.6314711942249169
so,W60p0,8,1,0.6313560572928311,0.6313560572928311
so,W10p0,5,3,-0.6307676147760424,0.6307676147760424
thetao,W20p0,8,8,-0.6306070785433638,0.6306070785433638
thetao,W20p0,1,3,0.6292748950599286,0.6292748950599286
so,W60p0,2,3,0.6289272580411807,0.6289272580411807
so,W40p0,5,18,-0.6284246406675419,0.6284246406675419
so,W30p0,4,12,-0.6284117653500401,0.6284117653500401
thetao,W60p0,3,19,-0.6282571292236339,0.6282571292236339
so,W10p0,9,7,0.6280849613838547,0.6280849613838547
thetao,W40p0,7,8,-0.6279751484922033,0.6279751484922033
so,W20p0,4,20,-0.627956944902381,0.627956944902381
thetao,W30p0,3,2,-0.6274594446259989,0.6274594446259989
so,W40p0,4,3,0.6268914340773033,0.6268914340773033
so,W20p0,4,19,-0.6267160564935818,0.6267160564935818
so,W40p0,10,6,0.6262441645905165,0.6262441645905165
thetao,W40p0,1,0,0.6257883638898579,0.6257883638898579
thetao,W10p0,2,2,-0.6252754685632063,0.6252754685632063
so,W40p0,5,9,-0.6251761121846081,0.6251761121846081
so,W10p0,10,9,-0.6251433073703783,0.6251433073703783
so,W10p0,5,4,-0.6250301791779473,0.6250301791779473
thetao,W20p0,5,11,-0.624983401659078,0.624983401659078
so,W60p0,3,1,0.6249198158535214,0.6249198158535214
so,W40p0,5,10,-0.6247590980364359,0.6247590980364359
thetao,W20p0,8,11,-0.6245702475535052,0.6245702475535052
so,W60p0,3,6,0.6245349732053926,0.6245349732053926
thetao,W40p0,7,9,-0.6243001276621203,0.6243001276621203
so,W20p0,1,4,-0.6241177387157769,0.6241177387157769
so,W40p0,5,14,-0.6239751079788984,0.6239751079788984
so,W40p0,4,0,0.6238992273895028,0.6238992273895028
thetao,W20p0,8,9,-0.6231813923322997,0.6231813923322997
thetao,W60p0,4,8,-0.6231805084035728,0.6231805084035728
thetao,W10p0,7,10,0.6229840106089648,0.6229840106089648
so,W40p0,5,13,-0.6228518676527409,0.6228518676527409
thetao,W30p0,3,3,-0.6222002050586994,0.6222002050586994
so,W30p0,4,19,-0.6212689161208506,0.6212689161208506
so,W40p0,5,17,-0.6205625789017587,0.6205625789017587
thetao,W60p0,2,0,-0.620058677554403,0.620058677554403
so,W10p0,2,17,0.6193693496958602,0.6193693496958602
so,W40p0,10,4,0.6187486924674541,0.6187486924674541
so,W40p0,10,3,0.6179059305758268,0.6179059305758268
so,W20p0,4,18,-0.6176959144528236,0.6176959144528236
so,W40p0,10,5,0.6168328097990425,0.6168328097990425
thetao,W10p0,1,10,0.6165533743182876,0.6165533743182876
so,W60p0,2,12,0.6158168104319048,0.6158168104319048
so,W40p0,5,16,-0.6157156842512721,0.6157156842512721
so,W10p0,10,10,-0.615494789258774,0.615494789258774
thetao,W60p0,3,20,-0.615098957137149,0.615098957137149
so,W60p0,3,2,0.6147382735640208,0.6147382735640208
thetao,W20p0,1,4,0.6146316887132338,0.6146316887132338
thetao,W40p0,7,7,-0.6140244959821742,0.6140244959821742
thetao,W20p0,8,6,-0.6137921316988038,0.6137921316988038
so,W40p0,6,15,-0.6133480962847866,0.6133480962847866
so,W40p0,5,15,-0.6123616598616044,0.6123616598616044
thetao,W60p0,7,19,-0.6120148422007848,0.6120148422007848
thetao,W10p0,7,20,0.6119590854546649,0.6119590854546649
so,W60p0,8,0,0.6113127963372766,0.6113127963372766
so,W40p0,6,20,-0.6110000877026205,0.6110000877026205
so,W20p0,9,6,-0.6109560287434678,0.6109560287434678
so,W40p0,5,3,-0.6105299598400292,0.6105299598400292
so,W30p0,3,5,0.6097023147418897,0.6097023147418897
so,W40p0,5,19,-0.6093558609729989,0.6093558609729989
so,W10p0,5,5,-0.6092420874200708,0.6092420874200708
so,W40p0,5,11,-0.6087257211800848,0.6087257211800848
so,W20p0,9,4,-0.6081220087077711,0.6081220087077711
thetao,W60p0,7,20,-0.6078300593532608,0.6078300593532608
so,W20p0,4,13,-0.6076937183707133,0.6076937183707133
thetao,W30p0,5,8,0.6075608252933475,0.6075608252933475
so,W40p0,10,2,0.6073752237026987,0.6073752237026987
thetao,W60p0,7,18,-0.6070014905629438,0.6070014905629438
thetao,W40p0,7,10,-0.6068544741624826,0.6068544741624826
so,W20p0,9,1,-0.6068225432520932,0.6068225432520932
thetao,W20p0,3,4,-0.6067150695831092,0.6067150695831092
thetao,W40p0,7,11,-0.604697875033447,0.604697875033447
thetao,W10p0,7,11,0.6043628980814035,0.6043628980814035
thetao,W20p0,5,10,-0.6042565933167875,0.6042565933167875
so,W10p0,1,2,-0.6037257403624906,0.6037257403624906
so,W60p0,2,2,0.6025426550227199,0.6025426550227199
so,W20p0,9,3,-0.6010139409431918,0.6010139409431918
so,W40p0,4,4,0.6007673403719436,0.6007673403719436
so,W20p0,9,2,-0.6002794560896365,0.6002794560896365
thetao,W40p0,10,19,0.6001697427822904,0.6001697427822904
so,W10p0,5,6,-0.6000998855618426,0.6000998855618426
thetao,W30p0,3,4,-0.5995228558022795,0.5995228558022795
so,W40p0,10,1,0.5994132625382046,0.5994132625382046
thetao,W40p0,7,12,-0.5988895341389707,0.5988895341389707
thetao,W30p0,5,10,0.5986489507989032,0.5986489507989032
thetao,W40p0,1,1,0.5979772847844352,0.5979772847844352
thetao,W30p0,5,9,0.5979740922872367,0.5979740922872367
thetao,W10p0,2,1,-0.5976869888371386,0.5976869888371386
so,W40p0,10,0,0.5976215390876064,0.5976215390876064
thetao,W10p0,7,19,0.5975955295347162,0.5975955295347162
thetao,W10p0,1,11,0.5973920312566955,0.5973920312566955
so,W30p0,7,0,0.5973712779110979,0.5973712779110979
thetao,W40p0,7,0,-0.5964091425497735,0.5964091425497735
so,W60p0,3,5,0.5959817687131614,0.5959817687131614
so,W10p0,5,14,-0.5959236906802301,0.5959236906802301
so,W60p0,2,13,0.5956753469659747,0.5956753469659747
so,W20p0,4,12,-0.5947641460805955,0.5947641460805955
thetao,W20p0,1,5,0.5944131383494657,0.5944131383494657
thetao,W40p0,7,1,-0.594319675181636,0.594319675181636
so,W60p0,3,3,0.5937376364821206,0.5937376364821206
so,W20p0,1,5,-0.5936722156751403,0.5936722156751403
so,W20p0,9,7,-0.5929494766020624,0.5929494766020624
so,W40p0,5,12,-0.5928250072854631,0.5928250072854631
so,W30p0,4,0,-0.5922563295467477,0.5922563295467477
so,W20p0,9,0,-0.5922215869867289,0.5922215869867289
so,W30p0,7,20,0.5920344473785978,0.5920344473785978
thetao,W20p0,8,12,-0.5920093340660006,0.5920093340660006
so,W20p0,4,9,-0.5919534608592266,0.5919534608592266
so,W10p0,9,6,0.5919532256250183,0.5919532256250183
so,W20p0,4,17,-0.5918965347969608,0.5918965347969608
so,W10p0,5,13,-0.5915349199784421,0.5915349199784421
thetao,W30p0,3,5,-0.5914911133290277,0.5914911133290277
so,W30p0,7,19,0.5908260170189382,0.5908260170189382
thetao,W30p0,7,20,0.5903368383415278,0.5903368383415278
thetao,W40p0,7,6,-0.5903286457429302,0.5903286457429302
thetao,W60p0,4,7,-0.5900846218881217,0.5900846218881217
thetao,W20p0,5,9,-0.5894412717552261,0.5894412717552261
so,W40p0,5,20,-0.5888588101925625,0.5888588101925625
thetao,W10p0,7,12,0.5888535242604972,0.5888535242604972
so,W10p0,10,11,-0.5886551511283429,0.5886551511283429
so,W40p0,6,14,-0.5877224588305433,0.5877224588305433
so,W20p0,4,10,-0.5869345909156118,0.5869345909156118
so,W60p0,3,4,0.586870569667346,0.586870569667346
so,W20p0,4,14,-0.5864216600044667,0.5864216600044667
thetao,W40p0,3,2,-0.5861999208671382,0.5861999208671382
so,W30p0,1,1,-0.5860694740220443,0.5860694740220443
so,W30p0,1,0,-0.5859538554163403,0.5859538554163403
thetao,W10p0,7,14,0.5857928659298002,0.5857928659298002
so,W60p0,2,14,0.5855497296698536,0.5855497296698536
so,W10p0,2,18,0.5851708285371598,0.5851708285371598
so,W60p0,2,15,0.5849185908887595,0.5849185908887595
thetao,W30p0,3,6,-0.5848796436067197,0.5848796436067197
so,W30p0,3,6,0.584805807444992,0.584805807444992
so,W30p0,6,20,-0.5846383178935476,0.5846383178935476
thetao,W10p0,7,13,0.5841667448297904,0.5841667448297904
so,W60p0,4,20,-0.5838768930692673,0.5838768930692673
thetao,W10p0,7,18,0.5829111786788055,0.5829111786788055
thetao,W20p0,8,13,-0.5824139095381665,0.5824139095381665
thetao,W10p0,7,16,0.5817143870415539,0.5817143870415539
thetao,W40p0,3,1,-0.5816495158743384,0.5816495158743384
so,W30p0,7,13,0.5814021168104333,0.5814021168104333
thetao,W30p0,3,7,-0.5802243730856154,0.5802243730856154
so,W10p0,5,7,-0.5800601990022398,0.5800601990022398
thetao,W30p0,1,0,0.5796392676945298,0.5796392676945298
so,W30p0,7,15,0.5791662010891535,0.5791662010891535
thetao,W10p0,7,15,0.57915903132836,0.57915903132836
so,W60p0,2,1,0.5790033912624806,0.5790033912624806
thetao,W40p0,3,0,-0.5788596536849058,0.5788596536849058
thetao,W40p0,3,3,-0.578727558774182,0.578727558774182
so,W40p0,6,13,-0.5785794197303962,0.5785794197303962
so,W30p0,7,14,0.5785783743785997,0.5785783743785997
so,W10p0,5,9,-0.5783341261883872,0.5783341261883872
thetao,W10p0,7,17,0.5781452974813439,0.5781452974813439
so,W10p0,9,5,0.5775374059065562,0.5775374059065562
so,W10p0,9,3,0.5765187056396527,0.5765187056396527
thetao,W40p0,7,2,-0.5763367069053027,0.5763367069053027
thetao,W40p0,7,13,-0.5758566977134374,0.5758566977134374
thetao,W30p0,3,8,-0.575525461168834,0.575525461168834
thetao,W30p0,7,1,0.5753219554401215,0.5753219554401215
so,W60p0,1,0,0.5750619843569461,0.5750619843569461
so,W10p0,9,0,0.5745572679503316,0.5745572679503316
so,W40p0,5,2,-0.5745165093871416,0.5745165093871416
so,W20p0,9,8,-0.5744400302360044,0.5744400302360044
so,W10p0,9,4,0.5743293760171148,0.5743293760171148
so,W10p0,9,2,0.5742861434931313,0.5742861434931313
so,W20p0,4,16,-0.5742180313030433,0.5742180313030433
so,W10p0,5,8,-0.5738735450038128,0.5738735450038128
thetao,W20p0,3,3,-0.5737556201629348,0.5737556201629348
thetao,W30p0,7,2,0.5734829921929833,0.5734829921929833
thetao,W10p0,1,12,0.5731672818816596,0.5731672818816596
so,W30p0,3,7,0.5731333373386558,0.5731333373386558
so,W40p0,6,12,-0.5728809294048063,0.5728809294048063
thetao,W20p0,5,8,-0.572852894061204,0.572852894061204
thetao,W60p0,4,6,-0.5725464730154396,0.5725464730154396
so,W20p0,4,15,-0.5720267593306684,0.5720267593306684
so,W30p0,1,2,-0.5717545093248781,0.5717545093248781
so,W10p0,5,11,-0.5717403466257868,0.5717403466257868
thetao,W30p0,7,3,0.5716126179283443,0.5716126179283443
thetao,W40p0,1,2,0.5715876784256285,0.5715876784256285
so,W10p0,1,3,-0.5713237736423432,0.5713237736423432
so,W10p0,5,12,-0.5712998080696727,0.5712998080696727
so,W10p0,5,15,-0.57121600660253,0.57121600660253
thetao,W60p0,7,17,-0.5710440158182217,0.5710440158182217
so,W30p0,7,1,0.5710108590418183,0.5710108590418183
so,W10p0,9,1,0.5708317590528479,0.5708317590528479
thetao,W20p0,1,6,0.5706025837893651,0.5706025837893651
thetao,W30p0,7,19,0.5698368510743116,0.5698368510743116
thetao,W30p0,1,1,0.5697658626594919,0.5697658626594919
so,W60p0,9,20,-0.5696644036146131,0.5696644036146131
so,W20p0,4,11,-0.5695790310608108,0.5695790310608108
thetao,W30p0,5,11,0.5695361334180131,0.5695361334180131
thetao,W20p0,8,14,-0.5693669485772407,0.5693669485772407
so,W10p0,5,10,-0.5687659705855012,0.5687659705855012
thetao,W40p0,10,20,0.5686742898951546,0.5686742898951546
thetao,W40p0,7,14,-0.5685638926803543,0.5685638926803543
so,W40p0,4,5,0.5683768920811147,0.5683768920811147
thetao,W40p0,7,15,-0.5677209005212539,0.5677209005212539
thetao,W30p0,3,9,-0.567662136616931,0.567662136616931
thetao,W40p0,7,5,-0.5670659755040001,0.5670659755040001
so,W60p0,2,16,0.5670299155098245,0.5670299155098245
so,W30p0,7,16,0.5662145375470738,0.5662145375470738
so,W30p0,7,2,0.566148090790884,0.566148090790884
thetao,W20p0,8,5,-0.5660917390309127,0.5660917390309127
so,W30p0,7,17,0.5650471966141638,0.5650471966141638
so,W30p0,7,18,0.56492678026721,0.56492678026721
thetao,W10p0,2,0,-0.564805117964377,0.564805117964377
thetao,W40p0,7,16,-0.5647971308499082,0.5647971308499082
so,W20p0,9,9,-0.5643720916896348,0.5643720916896348
so,W40p0,6,11,-0.5643302336877491,0.5643302336877491
so,W30p0,7,3,0.5635368573791967,0.5635368573791967
so,W20p0,4,8,-0.5633523317358129,0.5633523317358129
so,W30p0,6,19,-0.563027334455145,0.563027334455145
thetao,W30p0,7,0,0.5628035894425569,0.5628035894425569
thetao,W30p0,7,8,0.5627720296603234,0.5627720296603234
thetao,W40p0,7,3,-0.5627645821323782,0.5627645821323782
so,W30p0,7,12,0.5625641399622905,0.5625641399622905
thetao,W30p0,7,6,0.562510980974607,0.562510980974607
so,W20p0,9,10,-0.5623307577602584,0.5623307577602584
thetao,W30p0,7,9,0.5620687427031059,0.5620687427031059
so,W30p0,7,10,0.5615465603968581,0.5615465603968581
so,W60p0,4,19,-0.5612388903183282,0.5612388903183282
so,W20p0,1,6,-0.5612195907022921,0.5612195907022921
thetao,W40p0,7,17,-0.5610400930407307,0.5610400930407307
thetao,W30p0,7,4,0.5602245296066282,0.5602245296066282
thetao,W30p0,7,7,0.5599695519996836,0.5599695519996836
thetao,W20p0,8,4,-0.5591321343726298,0.5591321343726298
so,W20p0,9,17,-0.558091142752052,0.558091142752052
thetao,W30p0,7,5,0.5578502746511715,0.5578502746511715
so,W20p0,4,5,-0.5578010285261471,0.5578010285261471
so,W30p0,7,9,0.5575131308827747,0.5575131308827747
so,W20p0,4,4,-0.5572303865314298,0.5572303865314298
thetao,W30p0,7,10,0.5572146093587277,0.5572146093587277
so,W60p0,9,16,-0.5560965102091846,0.5560965102091846
so,W60p0,9,19,-0.5557090401089819,0.5557090401089819
so,W10p0,5,16,-0.5551954543920412,0.5551954543920412
so,W60p0,9,15,-0.5547767004436892,0.5547767004436892
thetao,W40p0,7,4,-0.553784110962859,0.553784110962859
so,W60p0,9,12,-0.5537827293142077,0.5537827293142077
thetao,W60p0,4,5,-0.5532280513041333,0.5532280513041333
so,W10p0,2,19,0.5525816328118576,0.5525816328118576
so,W20p0,9,11,-0.55244372492164,0.55244372492164
thetao,W10p0,1,13,0.5516329714494758,0.5516329714494758
so,W60p0,9,11,-0.5514088797494672,0.5514088797494672
thetao,W20p0,1,7,0.5512823484184637,0.5512823484184637
thetao,W20p0,5,7,-0.5506122444793222,0.5506122444793222
thetao,W30p0,7,11,0.5501505163298551,0.5501505163298551
so,W60p0,2,0,0.5500690239069784,0.5500690239069784
thetao,W20p0,8,15,-0.5493579530907879,0.5493579530907879
thetao,W40p0,3,4,-0.5492146019882049,0.5492146019882049
so,W20p0,4,3,-0.5491258591531522,0.5491258591531522
so,W20p0,9,12,-0.5489259346553687,0.5489259346553687
thetao,W60p0,7,16,-0.5488164045477295,0.5488164045477295
so,W60p0,2,17,0.5487013108081878,0.5487013108081878
so,W20p0,9,18,-0.5486574635150531,0.5486574635150531
so,W20p0,9,16,-0.5483426777961637,0.5483426777961637
so,W30p0,7,11,0.5482269111205949,0.5482269111205949
thetao,W30p0,5,12,0.5480896911893717,0.5480896911893717
thetao,W30p0,3,10,-0.5476882538088009,0.5476882538088009
so,W10p0,10,12,-0.5471510888309074,0.5471510888309074
thetao,W20p0,8,3,-0.5471474575190572,0.5471474575190572
so,W60p0,9,10,-0.5470940938980632,0.5470940938980632
thetao,W30p0,7,16,0.5467820841556288,0.5467820841556288
so,W60p0,9,7,-0.5464529095104559,0.5464529095104559
so,W60p0,9,13,-0.546343810918211,0.546343810918211
thetao,W30p0,7,18,0.546069225338168,0.546069225338168
thetao,W30p0,1,2,0.5458319850470545,0.5458319850470545
thetao,W40p0,7,18,-0.5453475870821013,0.5453475870821013
so,W60p0,9,17,-0.544878328931595,0.544878328931595
thetao,W60p0,7,15,-0.5448440519225108,0.5448440519225108
thetao,W30p0,7,12,0.5446520997529123,0.5446520997529123
so,W60p0,9,9,-0.5444923529653044,0.5444923529653044
so,W20p0,9,20,-0.5442363551477731,0.5442363551477731
thetao,W30p0,7,14,0.5437934001562694,0.5437934001562694
thetao,W30p0,7,17,0.5429148948947742,0.5429148948947742
so,W30p0,7,4,0.5427972121299671,0.5427972121299671
thetao,W60p0,7,14,-0.5426781857849039,0.5426781857849039
so,W30p0,1,3,-0.5425806635168328,0.5425806635168328
so,W60p0,2,19,0.5424004230547149,0.5424004230547149
so,W40p0,4,6,0.5416469070382769,0.5416469070382769
thetao,W20p0,3,2,-0.5414362618580132,0.5414362618580132
thetao,W40p0,8,2,0.5410073297133049,0.5410073297133049
thetao,W30p0,7,13,0.5408334048997746,0.5408334048997746
so,W40p0,6,10,-0.5406546629531835,0.5406546629531835
so,W20p0,4,7,-0.5395114080463437,0.5395114080463437
so,W30p0,7,5,0.539378263990412,0.539378263990412
so,W10p0,1,4,-0.5393772011325997,0.5393772011325997
thetao,W30p0,7,15,0.5393463050693579,0.5393463050693579
so,W20p0,4,0,-0.5392402473405196,0.5392402473405196
so,W60p0,1,1,0.5384363983925381,0.5384363983925381
so,W60p0,2,18,0.5383290066057764,0.5383290066057764
so,W60p0,9,14,-0.5381580827297148,0.5381580827297148
thetao,W40p0,1,3,0.5380993245424632,0.5380993245424632
thetao,W60p0,7,13,-0.5371663512066545,0.5371663512066545
so,W20p0,4,6,-0.5367928847423337,0.5367928847423337
so,W30p0,3,8,0.5367348517911402,0.5367348517911402
so,W60p0,9,8,-0.5362799022671371,0.5362799022671371
so,W20p0,9,13,-0.536152903904118,0.536152903904118
thetao,W20p0,1,8,0.535335743275868,0.535335743275868
so,W40p0,6,9,-0.5350613766284208,0.5350613766284208
so,W60p0,2,20,0.5349452787833183,0.5349452787833183
so,W20p0,9,14,-0.5348684257512071,0.5348684257512071
so,W30p0,7,8,0.5340104195375726,0.5340104195375726
so,W20p0,9,15,-0.5333927699321307,0.5333927699321307
thetao,W40p0,7,19,-0.5329227341490347,0.5329227341490347
so,W40p0,5,1,-0.5323787031461353,0.5323787031461353
so,W10p0,2,20,0.531412798149994,0.531412798149994
so,W60p0,9,6,-0.5311651695245859,0.5311651695245859
thetao,W30p0,5,13,0.5305353204210255,0.5305353204210255
thetao,W60p0,7,5,-0.530440474042899,0.530440474042899
thetao,W20p0,5,6,-0.5302404794080392,0.5302404794080392
thetao,W20p0,8,2,-0.5301884428469577,0.5301884428469577
thetao,W60p0,4,4,-0.5301110537198583,0.5301110537198583
thetao,W40p0,8,1,0.5299439087983874,0.5299439087983874
so,W10p0,5,18,-0.5295958401542625,0.5295958401542625
thetao,W10p0,1,14,0.5289472006811733,0.5289472006811733
so,W20p0,1,7,-0.5279284034357988,0.5279284034357988
so,W40p0,4,7,0.5279257141698461,0.5279257141698461
so,W40p0,6,8,-0.527371606285246,0.527371606285246
so,W60p0,4,18,-0.5272188081348368,0.5272188081348368
thetao,W60p0,7,12,-0.5261484803292787,0.5261484803292787
so,W30p0,6,18,-0.5258362310418836,0.5258362310418836
so,W40p0,1,0,-0.5258268783794732,0.5258268783794732
thetao,W40p0,7,20,-0.5253524666504218,0.5253524666504218
so,W30p0,3,9,0.5246411527217342,0.5246411527217342
so,W60p0,4,14,-0.5231214807291024,0.5231214807291024
thetao,W60p0,7,2,-0.5220502261174839,0.5220502261174839
so,W30p0,6,12,-0.5218354884115998,0.5218354884115998
thetao,W40p0,8,5,0.5216904403838081,0.5216904403838081
so,W10p0,5,17,-0.5214982822683162,0.5214982822683162
so,W20p0,9,19,-0.521445176309331,0.521445176309331
so,W30p0,6,17,-0.5212565363453279,0.5212565363453279
thetao,W60p0,7,4,-0.5212561837782099,0.5212561837782099
so,W30p0,6,13,-0.5209921255929529,0.5209921255929529
thetao,W40p0,3,5,-0.5207555638150658,0.5207555638150658
so,W40p0,3,4,-0.5205841154697763,0.5205841154697763
thetao,W40p0,8,3,0.5198919769169441,0.5198919769169441
so,W60p0,9,5,-0.519664811142954,0.519664811142954
so,W30p0,6,14,-0.5196471762463802,0.5196471762463802
so,W10p0,5,19,-0.519101757577917,0.519101757577917
so,W30p0,6,16,-0.5189935072756041,0.5189935072756041
thetao,W20p0,1,9,0.5178474755665198,0.5178474755665198
thetao,W60p0,7,1,-0.5173893660558376,0.5173893660558376
thetao,W30p0,3,11,-0.5173754609171474,0.5173754609171474
so,W30p0,1,4,-0.5172608869358676,0.5172608869358676
so,W60p0,9,18,-0.5172207984812979,0.5172207984812979
thetao,W40p0,8,10,0.5168255718423921,0.5168255718423921
so,W30p0,7,7,0.5163483488101267,0.5163483488101267
thetao,W40p0,8,6,0.5160801118766984,0.5160801118766984
so,W20p0,4,2,-0.5154037962612078,0.5154037962612078
thetao,W20p0,8,16,-0.5147295760555121,0.5147295760555121
thetao,W30p0,1,3,0.514585174843702,0.514585174843702
thetao,W30p0,9,9,-0.513960448395935,0.513960448395935
so,W10p0,10,13,-0.5134325476507868,0.5134325476507868
so,W60p0,6,7,-0.5127603137016532,0.5127603137016532
so,W40p0,3,5,-0.5125963547372357,0.5125963547372357
so,W30p0,6,15,-0.5123744443928148,0.5123744443928148
thetao,W60p0,7,3,-0.5119772478019786,0.5119772478019786
thetao,W60p0,10,20,0.5116391327966435,0.5116391327966435
so,W40p0,6,7,-0.5116379879565147,0.5116379879565147
thetao,W10p0,1,15,0.5115296771998432,0.5115296771998432
thetao,W60p0,7,6,-0.5108832207824523,0.5108832207824523
so,W30p0,6,0,-0.510413499602127,0.510413499602127
thetao,W40p0,8,4,0.5101440860627579,0.5101440860627579
so,W60p0,1,2,0.5099925510008625,0.5099925510008625
so,W60p0,4,11,-0.5097437623613016,0.5097437623613016
so,W60p0,10,0,0.5094241693059328,0.5094241693059328
so,W40p0,1,1,-0.508770452385504,0.508770452385504
so,W30p0,6,11,-0.5081364763720412,0.5081364763720412
so,W30p0,7,6,0.5079490302815058,0.5079490302815058
so,W20p0,4,1,-0.5077991828679238,0.5077991828679238
thetao,W40p0,1,4,0.5077505183416936,0.5077505183416936
so,W40p0,3,6,-0.5075435727447137,0.5075435727447137
so,W40p0,4,8,0.507253358476509,0.507253358476509
so,W60p0,4,15,-0.5067087565903788,0.5067087565903788
thetao,W20p0,5,5,-0.5055238956716996,0.5055238956716996
so,W40p0,6,4,-0.5053011562016327,0.5053011562016327
so,W60p0,6,8,-0.5045511400461973,0.5045511400461973
so,W10p0,1,5,-0.504105326485038,0.504105326485038
thetao,W40p0,8,11,0.5038890297370006,0.5038890297370006
thetao,W40p0,3,7,-0.5038230865469054,0.5038230865469054
thetao,W30p0,9,10,-0.5037688188251872,0.5037688188251872
thetao,W30p0,3,12,-0.50371150671014,0.50371150671014
so,W40p0,6,6,-0.5036677635277682,0.5036677635277682
thetao,W40p0,8,12,0.5030222314431451,0.5030222314431451
thetao,W20p0,3,1,-0.5029294983710976,0.5029294983710976
thetao,W40p0,3,6,-0.5029223330554918,0.5029223330554918
thetao,W20p0,5,4,-0.5027401176168637,0.5027401176168637
thetao,W20p0,5,3,-0.5023488355888249,0.5023488355888249
thetao,W60p0,7,11,-0.5021295655798115,0.5021295655798115
so,W40p0,6,5,-0.5019270863722389,0.5019270863722389
thetao,W40p0,8,13,0.5015003976010903,0.5015003976010903
so,W60p0,4,12,-0.5014851163692855,0.5014851163692855
thetao,W10p0,3,11,-0.49980568207540094,0.49980568207540094
so,W40p0,6,3,-0.4997730402443857,0.4997730402443857
thetao,W30p0,9,8,-0.49918456367280944,0.49918456367280944
thetao,W30p0,5,14,0.49899221999519944,0.49899221999519944
thetao,W40p0,8,9,0.4987070443774645,0.4987070443774645
so,W40p0,3,3,-0.49820038851235476,0.49820038851235476
so,W60p0,4,13,-0.4981731488219516,0.4981731488219516
thetao,W10p0,3,15,-0.4973637247663886,0.4973637247663886
so,W20p0,1,8,-0.49719610321854807,0.49719610321854807
thetao,W20p0,7,2,-0.49693133331287237,0.49693133331287237
so,W30p0,6,5,-0.4961570978208159,0.4961570978208159
thetao,W10p0,3,10,-0.4960981353070078,0.4960981353070078
thetao,W20p0,8,1,-0.49606575496636707,0.49606575496636707
thetao,W40p0,8,14,0.49605964981542844,0.49605964981542844
thetao,W20p0,1,10,0.4959800445953799,0.4959800445953799
so,W10p0,10,14,-0.4956518028809115,0.4956518028809115
thetao,W10p0,3,14,-0.49527936452028465,0.49527936452028465
thetao,W60p0,4,3,-0.4950837502479023,0.4950837502479023
so,W60p0,4,17,-0.4930103644031347,0.4930103644031347
so,W40p0,6,2,-0.49255369132602533,0.49255369132602533
so,W40p0,3,7,-0.492193879382944,0.492193879382944
thetao,W20p0,7,6,-0.49176697301738714,0.49176697301738714
thetao,W10p0,3,13,-0.49080689699872215,0.49080689699872215
thetao,W60p0,7,9,-0.49064748130062047,0.49064748130062047
thetao,W30p0,9,14,-0.49024791590048766,0.49024791590048766
thetao,W60p0,10,0,-0.48944924104480547,0.48944924104480547
so,W60p0,4,16,-0.4891908103181599,0.4891908103181599
so,W40p0,6,1,-0.4891053020101643,0.4891053020101643
thetao,W20p0,7,7,-0.48891683529521,0.48891683529521
thetao,W40p0,3,8,-0.4887562868403476,0.4887562868403476
thetao,W20p0,5,2,-0.4884657568712191,0.4884657568712191
so,W30p0,1,5,-0.48839112528690576,0.48839112528690576
thetao,W10p0,3,9,-0.4883794818771622,0.4883794818771622
so,W40p0,1,2,-0.4880867970821567,0.4880867970821567
thetao,W20p0,7,5,-0.4880365631306491,0.4880365631306491
thetao,W40p0,8,0,0.4876477359063959,0.4876477359063959
thetao,W30p0,1,4,0.486710546380572,0.486710546380572
so,W30p0,6,8,-0.4864958892933471,0.4864958892933471
thetao,W60p0,7,0,-0.4863778655139414,0.4863778655139414
so,W10p0,5,20,-0.4849461523939206,0.4849461523939206
thetao,W40p0,8,7,0.48442441506762124,0.48442441506762124
so,W40p0,4,9,0.4843882223565462,0.4843882223565462
so,W60p0,6,9,-0.48414142239605445,0.48414142239605445
so,W60p0,4,10,-0.4840420526855029,0.4840420526855029
so,W30p0,6,6,-0.4839118391073069,0.4839118391073069
thetao,W30p0,9,11,-0.48349229325507687,0.48349229325507687
thetao,W10p0,3,12,-0.48346210437374326,0.48346210437374326
thetao,W20p0,7,3,-0.4833512860024954,0.4833512860024954
thetao,W20p0,7,16,-0.4829043634030066,0.4829043634030066
thetao,W30p0,3,13,-0.4827966519497427,0.4827966519497427
thetao,W10p0,1,16,0.4827167096875405,0.4827167096875405
thetao,W10p0,3,16,-0.48246871525451573,0.48246871525451573
thetao,W30p0,9,7,-0.48235374856428415,0.48235374856428415
thetao,W60p0,1,0,0.482131677803712,0.482131677803712
thetao,W60p0,7,8,-0.4821167999512026,0.4821167999512026
so,W40p0,8,1,-0.4817807450027114,0.4817807450027114
so,W60p0,9,4,-0.48176505343441833,0.48176505343441833
so,W40p0,6,0,-0.4813862213714145,0.4813862213714145
thetao,W20p0,7,17,-0.4813087671731857,0.4813087671731857
so,W30p0,6,9,-0.48099884145695576,0.48099884145695576
thetao,W20p0,7,1,-0.4805096064428247,0.4805096064428247
thetao,W60p0,7,7,-0.4804053871333823,0.4804053871333823
thetao,W60p0,7,10,-0.48037730832892217,0.48037730832892217
so,W60p0,4,9,-0.48011556770630953,0.48011556770630953
so,W40p0,8,7,-0.4799589906328234,0.4799589906328234
so,W30p0,6,10,-0.47989918843869017,0.47989918843869017
thetao,W10p0,3,8,-0.4795037467591112,0.4795037467591112
thetao,W20p0,7,8,-0.47872719580811834,0.47872719580811834
so,W40p0,8,8,-0.478647086009613,0.478647086009613
thetao,W40p0,8,8,0.47778936558179996,0.47778936558179996
thetao,W60p0,10,19,0.47771024952517754,0.47771024952517754
so,W60p0,6,6,-0.4774532295316143,0.4774532295316143
so,W20p0,10,0,0.4767333094873724,0.4767333094873724
thetao,W30p0,9,12,-0.4760108716164441,0.4760108716164441
so,W60p0,1,3,0.4758705360093465,0.4758705360093465
thetao,W20p0,8,17,-0.47572589756820144,0.47572589756820144
thetao,W40p0,1,5,0.47545965357907666,0.47545965357907666
thetao,W20p0,1,11,0.474798293929833,0.474798293929833
thetao,W30p0,9,13,-0.4747974709957526,0.4747974709957526
so,W30p0,6,4,-0.47458159626333546,0.47458159626333546
so,W40p0,5,0,-0.4743631818054303,0.4743631818054303
thetao,W30p0,9,6,-0.47431498398501565,0.47431498398501565
so,W30p0,3,10,0.473800862965834,0.473800862965834
so,W40p0,3,8,-0.47357498227471434,0.47357498227471434
thetao,W30p0,9,20,-0.4735362707245277,0.4735362707245277
so,W30p0,6,7,-0.4729915503460306,0.4729915503460306
thetao,W40p0,3,9,-0.4725692332713656,0.4725692332713656
so,W40p0,8,2,-0.47224772973965246,0.47224772973965246
so,W30p0,6,3,-0.47179414665763053,0.47179414665763053
thetao,W30p0,9,15,-0.47166204297597164,0.47166204297597164
thetao,W20p0,7,4,-0.470881210723404,0.470881210723404
so,W10p0,1,6,-0.47064961239170516,0.47064961239170516
so,W60p0,10,6,0.470583138306771,0.470583138306771
thetao,W20p0,5,1,-0.47051952516900675,0.47051952516900675
so,W60p0,9,3,-0.4704876754821752,0.4704876754821752
thetao,W20p0,7,20,-0.46884868119312384,0.46884868119312384
so,W60p0,4,8,-0.46734706748411553,0.46734706748411553
so,W40p0,4,10,0.4668358424682283,0.4668358424682283
thetao,W30p0,9,5,-0.46682099060084403,0.46682099060084403
so,W40p0,8,4,-0.4665233117975027,0.4665233117975027
so,W30p0,6,1,-0.46541680871990976,0.46541680871990976
so,W40p0,8,6,-0.465400568795472,0.465400568795472
so,W40p0,8,9,-0.46488615213167606,0.46488615213167606
thetao,W10p0,8,20,0.464202606694437,0.464202606694437
thetao,W30p0,9,2,-0.4640906372311273,0.4640906372311273
thetao,W30p0,9,3,-0.46388873405586206,0.46388873405586206
thetao,W20p0,7,15,-0.4635780759136089,0.4635780759136089
so,W30p0,6,2,-0.4632062672448018,0.4632062672448018
thetao,W30p0,5,15,0.4627523127096476,0.4627523127096476
thetao,W30p0,8,1,0.46272047778518544,0.46272047778518544
thetao,W60p0,4,2,-0.461361872224067,0.461361872224067
so,W60p0,4,7,-0.46117841931923304,0.46117841931923304
so,W10p0,10,15,-0.4601135639626056,0.4601135639626056
so,W40p0,8,5,-0.4597441188028949,0.4597441188028949
thetao,W20p0,1,12,0.45968335737395954,0.45968335737395954
so,W60p0,10,5,0.45930634881925214,0.45930634881925214
thetao,W20p0,7,14,-0.4590945211181369,0.4590945211181369
thetao,W10p0,8,19,0.4590764711179836,0.4590764711179836
thetao,W10p0,3,7,-0.4587593686344817,0.4587593686344817
so,W40p0,1,3,-0.4586778941144905,0.4586778941144905
so,W60p0,10,8,0.4584050907385788,0.4584050907385788
thetao,W40p0,8,15,0.4581582194484796,0.4581582194484796
thetao,W30p0,9,19,-0.45812709400891893,0.45812709400891893
so,W60p0,4,6,-0.4577134674102633,0.4577134674102633
so,W60p0,10,1,0.45747787116092786,0.45747787116092786
so,W60p0,6,10,-0.45729604811888774,0.45729604811888774
so,W60p0,9,2,-0.45716411471230173,0.45716411471230173
thetao,W10p0,3,17,-0.45710538140888946,0.45710538140888946
so,W40p0,8,3,-0.4570392068946861,0.4570392068946861
so,W20p0,1,9,-0.45663910468020746,0.45663910468020746
so,W20p0,8,1,-0.4559805409901717,0.4559805409901717
thetao,W30p0,9,16,-0.4557410990576322,0.4557410990576322
thetao,W40p0,3,10,-0.45461913154572287,0.45461913154572287
thetao,W10p0,1,17,0.45392967634271775,0.45392967634271775
so,W30p0,1,6,-0.4537905806241966,0.4537905806241966
so,W40p0,3,1,-0.4537234449206101,0.4537234449206101
thetao,W20p0,7,18,-0.4535928206039152,0.4535928206039152
thetao,W30p0,1,5,0.4534137804085946,0.4534137804085946
so,W40p0,8,0,-0.45291461728376764,0.45291461728376764
thetao,W20p0,8,18,-0.45209082078715507,0.45209082078715507
thetao,W30p0,3,14,-0.4519650500553888,0.4519650500553888
so,W20p0,8,7,-0.4517555954722834,0.4517555954722834
thetao,W30p0,9,1,-0.45090681190258225,0.45090681190258225
thetao,W30p0,9,17,-0.4507987488195386,0.4507987488195386
so,W60p0,10,7,0.45079307854784295,0.45079307854784295
thetao,W20p0,5,0,-0.4504725822837906,0.4504725822837906
thetao,W20p0,7,19,-0.44897836176819106,0.44897836176819106
thetao,W30p0,9,4,-0.44847214103930966,0.44847214103930966
thetao,W60p0,1,1,0.4462497475977621,0.4462497475977621
so,W60p0,9,1,-0.44523708318040284,0.44523708318040284
thetao,W20p0,7,12,-0.44500314683533126,0.44500314683533126
thetao,W30p0,9,18,-0.4438818081250629,0.4438818081250629
thetao,W20p0,7,9,-0.4438464336880985,0.4438464336880985
so,W40p0,3,2,-0.44372795938199905,0.44372795938199905
so,W20p0,8,6,-0.4435794827381074,0.4435794827381074
so,W30p0,3,11,0.44334667919472887,0.44334667919472887
so,W60p0,1,4,0.4414714733666166,0.4414714733666166
thetao,W40p0,8,20,0.44100234873852473,0.44100234873852473
so,W60p0,9,0,-0.4407846109791848,0.4407846109791848
thetao,W20p0,7,11,-0.44055179547457146,0.44055179547457146
thetao,W20p0,1,13,0.44009380490830924,0.44009380490830924
so,W60p0,4,5,-0.4399577163733438,0.4399577163733438
thetao,W20p0,7,13,-0.43994986836686323,0.43994986836686323
thetao,W30p0,8,2,0.43959724324555066,0.43959724324555066
thetao,W40p0,1,6,0.4392609398273019,0.4392609398273019
thetao,W10p0,8,18,0.43797022466523255,0.43797022466523255
so,W10p0,1,7,-0.43774944236185137,0.43774944236185137
thetao,W10p0,3,6,-0.4368399275822351,0.4368399275822351
so,W60p0,10,11,0.4366196937651257,0.4366196937651257
thetao,W20p0,3,0,-0.436401497682705,0.436401497682705
so,W60p0,10,4,0.4363334297362079,0.4363334297362079
thetao,W60p0,4,1,-0.4358106287082478,0.4358106287082478
so,W40p0,3,9,-0.4357079557491107,0.4357079557491107
thetao,W30p0,8,0,0.4355105995812542,0.4355105995812542
so,W20p0,8,2,-0.43426299288958287,0.43426299288958287
thetao,W20p0,8,0,-0.4339722300209242,0.4339722300209242
so,W40p0,3,0,-0.43395126814177976,0.43395126814177976
thetao,W40p0,8,19,0.4333255825004168,0.4333255825004168
so,W60p0,6,5,-0.4329195350922135,0.4329195350922135
thetao,W30p0,9,0,-0.4319944327056181,0.4319944327056181
so,W40p0,1,4,-0.43181950242258443,0.43181950242258443
thetao,W20p0,8,19,-0.43172672641379245,0.43172672641379245
thetao,W40p0,8,16,0.43124410035746447,0.43124410035746447
so,W30p0,8,15,0.43060041783097897,0.43060041783097897
so,W10p0,10,16,-0.4302130875052206,0.4302130875052206
thetao,W60p0,9,13,-0.4294624774615445,0.4294624774615445
thetao,W60p0,9,12,-0.42934451981182314,0.42934451981182314
thetao,W40p0,3,11,-0.4291297681514918,0.4291297681514918
so,W30p0,3,12,0.4281023134292705,0.4281023134292705
thetao,W10p0,3,18,-0.4279012431863268,0.4279012431863268
so,W40p0,4,11,0.4274831240762729,0.4274831240762729
so,W30p0,8,18,0.42733091377983023,0.42733091377983023
so,W60p0,10,10,0.42715160463937324,0.42715160463937324
so,W60p0,6,11,-0.4270375620525472,0.4270375620525472
so,W30p0,8,17,0.42697352010756245,0.42697352010756245
thetao,W10p0,1,18,0.42655429316158217,0.42655429316158217
thetao,W20p0,7,0,-0.4256784962280692,0.4256784962280692
so,W60p0,4,4,-0.42427367750414074,0.42427367750414074
so,W20p0,8,5,-0.4238568409226158,0.4238568409226158
thetao,W20p0,7,10,-0.42342483921301527,0.42342483921301527
thetao,W30p0,3,15,-0.42269626601683563,0.42269626601683563
so,W40p0,3,10,-0.4226301982104434,0.4226301982104434
so,W20p0,8,8,-0.4221443057256554,0.4221443057256554
so,W40p0,8,10,-0.4219873829247599,0.4219873829247599
thetao,W30p0,1,6,0.4211902456171874,0.4211902456171874
thetao,W40p0,9,9,-0.4210918657810744,0.4210918657810744
thetao,W30p0,8,5,0.42066068928514727,0.42066068928514727
thetao,W30p0,5,16,0.4196750917228215,0.4196750917228215
so,W60p0,10,9,0.41932074319382856,0.41932074319382856
thetao,W30p0,8,6,0.4193028356953306,0.4193028356953306
so,W30p0,8,16,0.41930045907627106,0.41930045907627106
so,W60p0,1,5,0.4186473806210637,0.4186473806210637
so,W20p0,8,0,-0.41791567658161716,0.41791567658161716
thetao,W60p0,9,14,-0.4177200599315983,0.4177200599315983
so,W60p0,10,2,0.41760883721373326,0.41760883721373326
thetao,W60p0,4,0,-0.4173694258660458,0.4173694258660458
so,W20p0,1,10,-0.4173338785785724,0.4173338785785724
thetao,W60p0,10,1,-0.41674449829218785,0.41674449829218785
thetao,W20p0,1,14,0.4165635531103311,0.4165635531103311
so,W60p0,6,3,-0.4165026042480438,0.4165026042480438
thetao,W10p0,8,17,0.41624715004000207,0.41624715004000207
thetao,W60p0,9,11,-0.416182117618769,0.416182117618769
thetao,W40p0,9,8,-0.41462206789480843,0.41462206789480843
so,W60p0,10,12,0.41441252839322335,0.41441252839322335
so,W40p0,9,0,0.4136857551598956,0.4136857551598956
so,W30p0,1,7,-0.4133108705896461,0.4133108705896461
thetao,W60p0,10,18,0.4132421548741081,0.4132421548741081
so,W20p0,8,3,-0.4128952290389315,0.4128952290389315
so,W60p0,6,2,-0.41268645337840315,0.41268645337840315
thetao,W60p0,9,15,-0.41253661247172607,0.41253661247172607
so,W60p0,4,0,-0.41188693687361344,0.41188693687361344
thetao,W60p0,1,2,0.4117464099871918,0.4117464099871918
thetao,W40p0,8,18,0.41094037559117,0.41094037559117
thetao,W30p0,8,7,0.41059528406353196,0.41059528406353196
thetao,W30p0,8,3,0.4105441449130478,0.4105441449130478
so,W60p0,4,2,-0.4095563437751913,0.4095563437751913
thetao,W10p0,3,5,-0.4089316130999232,0.4089316130999232
thetao,W40p0,8,17,0.4088214096643894,0.4088214096643894
so,W30p0,3,13,0.4080329178236262,0.4080329178236262
thetao,W20p0,10,2,-0.4072217446377743,0.4072217446377743
thetao,W30p0,3,20,-0.40713689610173015,0.40713689610173015
so,W60p0,6,4,-0.40711010447795987,0.40711010447795987
thetao,W30p0,8,4,0.40706786272924517,0.40706786272924517
so,W30p0,8,14,0.406764514795135,0.406764514795135
so,W60p0,10,14,0.4066449127152944,0.4066449127152944
thetao,W10p0,4,0,0.4065383913252104,0.4065383913252104
so,W10p0,10,17,-0.40616149349963404,0.40616149349963404
thetao,W20p0,8,20,-0.4060895972562822,0.4060895972562822
so,W20p0,8,4,-0.40547186177125705,0.40547186177125705
so,W20p0,10,1,0.405322158410281,0.405322158410281
thetao,W20p0,9,8,-0.40420460735985114,0.40420460735985114
thetao,W30p0,3,17,-0.4039260652898067,0.4039260652898067
so,W40p0,1,5,-0.40349915719686535,0.40349915719686535
thetao,W10p0,3,19,-0.40348857400909216,0.40348857400909216
thetao,W20p0,10,1,-0.4027288817917484,0.4027288817917484
so,W60p0,6,0,-0.4022472942917199,0.4022472942917199
so,W60p0,6,12,-0.40205405836427377,0.40205405836427377
so,W60p0,10,3,0.4019321483994681,0.4019321483994681
so,W20p0,10,15,0.4017953082012432,0.4017953082012432
thetao,W30p0,3,16,-0.4010555522456616,0.4010555522456616
so,W10p0,1,8,-0.4010170817082828,0.4010170817082828
thetao,W40p0,1,7,0.40088299920157683,0.40088299920157683
thetao,W60p0,9,10,-0.40017208999222587,0.40017208999222587
thetao,W30p0,8,8,0.3993429657826074,0.3993429657826074
thetao,W10p0,4,1,0.39905824627574976,0.39905824627574976
so,W60p0,1,6,0.398887980230298,0.398887980230298
thetao,W60p0,5,17,0.39796431068193,0.39796431068193
so,W40p0,8,11,-0.3977516322738376,0.3977516322738376
thetao,W60p0,9,16,-0.3977061727506236,0.3977061727506236
thetao,W40p0,9,10,-0.3976841000179175,0.3976841000179175
thetao,W10p0,3,4,-0.39733974063709865,0.39733974063709865
so,W60p0,6,1,-0.39697810737108635,0.39697810737108635
thetao,W30p0,5,17,0.3964876633867035,0.3964876633867035
so,W20p0,8,9,-0.3964835743205702,0.3964835743205702
thetao,W30p0,3,19,-0.39556172815742,0.39556172815742
thetao,W20p0,1,15,0.39515448560206407,0.39515448560206407
so,W20p0,10,3,0.3951399356974971,0.3951399356974971
so,W30p0,8,13,0.39431402369120333,0.39431402369120333
thetao,W40p0,9,7,-0.39424704305224245,0.39424704305224245
thetao,W30p0,3,18,-0.3942063412569125,0.3942063412569125
thetao,W30p0,8,9,0.3941611081150374,0.3941611081150374
thetao,W10p0,1,19,0.3936934548235853,0.3936934548235853
so,W20p0,1,11,-0.3935540311547516,0.3935540311547516
thetao,W60p0,5,18,0.39262021894853055,0.39262021894853055
so,W20p0,10,10,0.39177939772189035,0.39177939772189035
thetao,W10p0,8,16,0.39136767269221967,0.39136767269221967
so,W20p0,10,4,0.3910760316197327,0.3910760316197327
thetao,W20p0,10,3,-0.39066948248397804,0.39066948248397804
so,W30p0,5,0,0.3906315040478723,0.3906315040478723
thetao,W20p0,9,9,-0.39016498813741246,0.39016498813741246
so,W60p0,4,1,-0.3900945537728671,0.3900945537728671
so,W60p0,10,13,0.3898745730027929,0.3898745730027929
thetao,W60p0,5,13,0.3884364839347035,0.3884364839347035
so,W20p0,10,9,0.3882867246975091,0.3882867246975091
so,W40p0,3,13,-0.3878799177815102,0.3878799177815102
thetao,W40p0,9,6,-0.3868120698413114,0.3868120698413114
thetao,W40p0,3,12,-0.3866981087367894,0.3866981087367894
thetao,W30p0,1,7,0.3865627918253545,0.3865627918253545
so,W60p0,6,19,-0.3855022197933461,0.3855022197933461
so,W20p0,10,16,0.3854358202055082,0.3854358202055082
thetao,W20p0,9,7,-0.38496270553483264,0.38496270553483264
so,W30p0,8,19,0.3843929443488197,0.3843929443488197
thetao,W40p0,9,11,-0.3843398463243469,0.3843398463243469
so,W30p0,10,20,-0.3840282333059134,0.3840282333059134
thetao,W60p0,5,16,0.3838585591016182,0.3838585591016182
so,W60p0,6,15,-0.3837700239592362,0.3837700239592362
so,W60p0,4,3,-0.3828874055706966,0.3828874055706966
thetao,W40p0,9,12,-0.382160771657315,0.382160771657315
so,W30p0,10,19,-0.38152280011219575,0.38152280011219575
thetao,W40p0,9,13,-0.381464845928099,0.381464845928099
so,W20p0,10,2,0.381348575050777,0.381348575050777
thetao,W40p0,9,14,-0.38117524058884367,0.38117524058884367
so,W60p0,6,13,-0.38084954155372447,0.38084954155372447
so,W20p0,10,5,0.380577300799177,0.380577300799177
thetao,W20p0,10,0,-0.38051485289907777,0.38051485289907777
thetao,W60p0,5,14,0.3795943540017542,0.3795943540017542
thetao,W60p0,10,2,-0.3791860560081098,0.3791860560081098
so,W20p0,8,10,-0.37915278422020915,0.37915278422020915
so,W20p0,10,8,0.3789688255528866,0.3789688255528866
thetao,W30p0,5,18,0.3784110554423197,0.3784110554423197
so,W30p0,8,12,0.3763601552076227,0.3763601552076227
so,W30p0,8,20,0.37633116628308616,0.37633116628308616
thetao,W10p0,8,0,0.37617954984289087,0.37617954984289087
thetao,W60p0,5,12,0.37607190943452995,0.37607190943452995
thetao,W10p0,4,2,0.3758188135966725,0.3758188135966725
thetao,W60p0,5,15,0.3757840047895056,0.3757840047895056
so,W30p0,10,18,-0.3755689810788371,0.3755689810788371
so,W60p0,6,16,-0.37468832603403024,0.37468832603403024
thetao,W10p0,8,15,0.37446473486417287,0.37446473486417287
thetao,W60p0,1,3,0.37435945235333334,0.37435945235333334
thetao,W10p0,3,20,-0.3738998320381681,0.3738998320381681
so,W30p0,1,8,-0.37362621187380013,0.37362621187380013
so,W20p0,10,7,0.37309529395173785,0.37309529395173785
thetao,W30p0,8,10,0.372222765394379,0.372222765394379
so,W40p0,9,1,0.37207170831145253,0.37207170831145253
thetao,W10p0,3,3,-0.37172054525318854,0.37172054525318854
so,W60p0,6,18,-0.371684012181953,0.371684012181953
so,W60p0,6,20,-0.3711728085338014,0.3711728085338014
so,W40p0,1,6,-0.37079416217925615,0.37079416217925615
thetao,W20p0,9,11,-0.37059593336461766,0.37059593336461766
so,W60p0,6,14,-0.3700463824079443,0.3700463824079443
so,W60p0,1,7,0.3698802898186629,0.3698802898186629
so,W20p0,10,17,0.3698602592916167,0.3698602592916167
so,W40p0,3,11,-0.36972883984558813,0.36972883984558813
thetao,W20p0,9,10,-0.3694687471430365,0.3694687471430365
so,W20p0,10,12,0.36942528067895536,0.36942528067895536
so,W60p0,6,17,-0.3688670537186889,0.3688670537186889
so,W20p0,10,6,0.3687711068567134,0.3687711068567134
thetao,W40p0,9,15,-0.3684662320090216,0.3684662320090216
so,W40p0,3,14,-0.36840357004816576,0.36840357004816576
thetao,W30p0,4,2,-0.3672493615954188,0.3672493615954188
thetao,W60p0,9,9,-0.36714936736047626,0.36714936736047626
so,W20p0,2,11,0.36627959732409127,0.36627959732409127
so,W20p0,1,12,-0.36613289511973685,0.36613289511973685
thetao,W20p0,1,16,0.36568315410099067,0.36568315410099067
thetao,W10p0,3,2,-0.36567495755547547,0.36567495755547547
thetao,W20p0,10,4,-0.3647872105180662,0.3647872105180662
so,W20p0,10,11,0.3645062451297821,0.3645062451297821
thetao,W20p0,9,6,-0.3644978010237781,0.3644978010237781
so,W40p0,4,12,0.3642768361056973,0.3642768361056973
thetao,W40p0,9,5,-0.36381028881999533,0.36381028881999533
so,W20p0,10,13,0.3636800186718098,0.3636800186718098
thetao,W40p0,3,17,-0.3633743602722949,0.3633743602722949
thetao,W60p0,5,19,0.36294443923561914,0.36294443923561914
so,W40p0,3,12,-0.3626458857935372,0.3626458857935372
thetao,W20p0,9,5,-0.3618693516809457,0.3618693516809457
so,W30p0,3,14,0.3613332869988508,0.3613332869988508
so,W10p0,1,9,-0.3613252489181557,0.3613252489181557
thetao,W40p0,3,13,-0.36059390741691455,0.36059390741691455
so,W30p0,8,11,0.3604138045221514,0.3604138045221514
thetao,W10p0,1,20,0.3598178078642164,0.3598178078642164
so,W40p0,8,12,-0.3597012333672437,0.3597012333672437
thetao,W40p0,9,3,-0.359649550032197,0.359649550032197
thetao,W40p0,9,16,-0.35954261192290576,0.35954261192290576
thetao,W40p0,9,20,-0.3594849014366831,0.3594849014366831
so,W10p0,10,18,-0.35939615508764117,0.35939615508764117
so,W20p0,2,10,0.35929405752817667,0.35929405752817667
thetao,W30p0,4,1,-0.3584546786798697,0.3584546786798697
thetao,W30p0,5,19,0.3577932538544852,0.3577932538544852
so,W20p0,10,14,0.3575388533032691,0.3575388533032691
thetao,W20p0,9,12,-0.35731884773568406,0.35731884773568406
so,W20p0,10,19,0.35527109872820956,0.35527109872820956
so,W40p0,4,13,0.35500173927904427,0.35500173927904427
thetao,W40p0,3,16,-0.3548887442371608,0.3548887442371608
thetao,W40p0,9,2,-0.35457029438507726,0.35457029438507726
thetao,W60p0,9,17,-0.3543841851418609,0.3543841851418609
so,W20p0,8,11,-0.3530484609429171,0.3530484609429171
thetao,W40p0,1,8,0.3526975429756072,0.3526975429756072
so,W30p0,8,5,0.3526718981927609,0.3526718981927609
so,W20p0,10,20,0.35165712724716813,0.35165712724716813
thetao,W40p0,9,4,-0.35150435575662214,0.35150435575662214
so,W30p0,10,17,-0.35097857848020914,0.35097857848020914
thetao,W40p0,3,14,-0.3507876860672311,0.3507876860672311
thetao,W30p0,1,8,0.3503200951008613,0.3503200951008613
so,W60p0,10,15,0.3499313679411101,0.3499313679411101
thetao,W60p0,10,3,-0.3497626728390099,0.3497626728390099
thetao,W10p0,4,3,0.3496177165463965,0.3496177165463965
thetao,W60p0,10,17,0.34952771450678033,0.34952771450678033
thetao,W40p0,3,18,-0.34930405050328456,0.34930405050328456
thetao,W40p0,3,15,-0.3490733978534068,0.3490733978534068
thetao,W40p0,9,1,-0.3477737014873289,0.3477737014873289
so,W20p0,10,18,0.347351470559,0.347351470559
thetao,W10p0,3,1,-0.3458345401734102,0.3458345401734102
so,W20p0,2,12,0.34370836221460277,0.34370836221460277
thetao,W60p0,5,20,0.3427557213932505,0.3427557213932505
thetao,W30p0,8,11,0.3421682735523995,0.3421682735523995
thetao,W10p0,4,4,0.3415785204098042,0.3415785204098042
so,W30p0,8,4,0.3411657035265916,0.3411657035265916
thetao,W20p0,9,4,-0.3405204488697756,0.3405204488697756
thetao,W40p0,9,19,-0.34029085699584044,0.34029085699584044
thetao,W10p0,8,1,0.3402444736804614,0.3402444736804614
so,W40p0,4,14,0.3399464442236661,0.3399464442236661
thetao,W40p0,9,0,-0.33954645402987405,0.33954645402987405
thetao,W60p0,1,4,0.3393139870519245,0.3393139870519245
so,W30p0,8,10,0.33842808440277433,0.33842808440277433
thetao,W60p0,5,11,0.33831191147030854,0.33831191147030854
so,W20p0,2,13,0.33820257115412655,0.33820257115412655
so,W40p0,3,15,-0.33765009434580545,0.33765009434580545
thetao,W30p0,5,20,0.3372718661216666,0.3372718661216666
thetao,W60p0,9,8,-0.3364258383943927,0.3364258383943927
thetao,W40p0,9,17,-0.33601581115973517,0.33601581115973517
thetao,W20p0,1,17,0.3354642780854823,0.3354642780854823
thetao,W10p0,8,14,0.3333452339988269,0.3333452339988269
so,W30p0,8,6,0.3324981886662172,0.3324981886662172
thetao,W40p0,3,19,-0.33229380627849875,0.33229380627849875
thetao,W60p0,9,7,-0.33204610604434137,0.33204610604434137
thetao,W10p0,4,5,0.3320392059136245,0.3320392059136245
so,W30p0,9,2,-0.33050840443309715,0.33050840443309715
thetao,W20p0,9,3,-0.33034020590898977,0.33034020590898977
so,W40p0,9,2,0.33011140547882506,0.33011140547882506
so,W30p0,1,9,-0.33003496154650713,0.33003496154650713
thetao,W30p0,4,3,-0.32952622603849724,0.32952622603849724
so,W40p0,1,7,-0.3290222368071104,0.3290222368071104
thetao,W20p0,9,16,-0.32789775552429373,0.32789775552429373
so,W10p0,3,15,0.3276159856874672,0.3276159856874672
so,W10p0,1,10,-0.3271814271626772,0.3271814271626772
so,W20p0,2,9,0.3260984123225226,0.3260984123225226
so,W30p0,3,15,0.32601188079020516,0.32601188079020516
thetao,W10p0,8,2,0.32521461760968406,0.32521461760968406
thetao,W40p0,9,18,-0.3251469426548968,0.3251469426548968
so,W60p0,7,19,-0.32502831878172384,0.32502831878172384
so,W20p0,1,13,-0.32493494943720613,0.32493494943720613
so,W10p0,3,16,0.3240489483881643,0.3240489483881643
thetao,W20p0,10,5,-0.32344128775274217,0.32344128775274217
thetao,W60p0,9,18,-0.32273057884274076,0.32273057884274076
thetao,W20p0,9,17,-0.3226958222220946,0.3226958222220946
so,W20p0,3,2,0.32227220836328,0.32227220836328
so,W20p0,3,3,0.321948967456894,0.321948967456894
thetao,W20p0,9,15,-0.3218847144610248,0.3218847144610248
thetao,W20p0,9,13,-0.31998214064734226,0.31998214064734226
so,W20p0,2,14,0.3193737357166503,0.3193737357166503
thetao,W10p0,4,6,0.3184706049430849,0.3184706049430849
so,W40p0,4,15,0.3183649830309809,0.3183649830309809
so,W10p0,10,19,-0.31735805883791995,0.31735805883791995
so,W30p0,3,17,0.31553262468547805,0.31553262468547805
so,W20p0,8,12,-0.3152150541136903,0.3152150541136903
so,W30p0,8,9,0.3146245823707152,0.3146245823707152
thetao,W60p0,9,19,-0.3145138448365064,0.3145138448365064
thetao,W30p0,1,9,0.3134212986534884,0.3134212986534884
thetao,W10p0,8,5,0.31283101287965376,0.31283101287965376
so,W60p0,1,8,0.31274517536102087,0.31274517536102087
thetao,W10p0,8,3,0.3121717038763099,0.3121717038763099
so,W10p0,3,9,0.3119837446920523,0.3119837446920523
thetao,W60p0,10,16,0.3119004749492609,0.3119004749492609
so,W10p0,3,10,0.3113335843055455,0.3113335843055455
so,W30p0,5,1,0.3112506085235764,0.3112506085235764
thetao,W30p0,8,12,0.3110950751410202,0.3110950751410202
so,W40p0,8,13,-0.31031282704369545,0.31031282704369545
thetao,W60p0,9,6,-0.31026023140988834,0.31026023140988834
so,W30p0,3,18,0.30955710463386554,0.30955710463386554
so,W30p0,3,16,0.309521443805655,0.309521443805655
thetao,W20p0,9,18,-0.308097654338096,0.308097654338096
so,W40p0,3,16,-0.3080951102807422,0.3080951102807422
so,W30p0,9,1,-0.30717058432567307,0.30717058432567307
thetao,W40p0,1,9,0.3070446090957001,0.3070446090957001
so,W30p0,8,3,0.3058380619545015,0.3058380619545015
thetao,W20p0,9,2,-0.3056625354622663,0.3056625354622663
so,W30p0,10,16,-0.3054881536356017,0.3054881536356017
thetao,W20p0,1,18,0.30405246928083457,0.30405246928083457
so,W30p0,8,7,0.30401747333611984,0.30401747333611984
so,W60p0,10,16,0.30355476809646187,0.30355476809646187
so,W30p0,8,1,0.30311089623524134,0.30311089623524134
so,W10p0,3,14,0.3030176144807555,0.3030176144807555
so,W30p0,8,0,0.30270111933734706,0.30270111933734706
thetao,W60p0,10,4,-0.30248163847430243,0.30248163847430243
thetao,W60p0,1,5,0.3023700203247383,0.3023700203247383
thetao,W20p0,9,0,-0.3023312388355992,0.3023312388355992
so,W30p0,3,20,0.3023120233472422,0.3023120233472422
thetao,W10p0,4,7,0.3011726627767547,0.3011726627767547
thetao,W20p0,9,14,-0.30110981544486054,0.30110981544486054
so,W20p0,6,0,-0.3010062184231258,0.3010062184231258
so,W20p0,1,14,-0.30052203198139643,0.30052203198139643
thetao,W10p0,8,4,0.29994182930271845,0.29994182930271845
so,W30p0,8,8,0.2999216519785232,0.2999216519785232
so,W40p0,4,16,0.2994843220390494,0.2994843220390494
thetao,W30p0,4,4,-0.2992167320630996,0.2992167320630996
so,W30p0,8,2,0.29828608739406476,0.29828608739406476
so,W30p0,9,18,-0.298263369803328,0.298263369803328
so,W60p0,10,18,0.29811295343558974,0.29811295343558974
so,W30p0,3,19,0.2964742328870148,0.2964742328870148
thetao,W10p0,8,13,0.29633887254878555,0.29633887254878555
so,W10p0,3,8,0.29580442123302203,0.29580442123302203
so,W30p0,9,6,-0.29530916793842393,0.29530916793842393
so,W10p0,1,11,-0.29493162952443686,0.29493162952443686
thetao,W40p0,3,20,-0.29471786234366915,0.29471786234366915
so,W60p0,7,20,-0.29467786056512274,0.29467786056512274
so,W10p0,3,17,0.294514910025898,0.294514910025898
thetao,W20p0,9,19,-0.29439853580907205,0.29439853580907205
so,W20p0,2,8,0.293967294416778,0.293967294416778
thetao,W20p0,9,20,-0.2935438445262526,0.2935438445262526
so,W20p0,6,5,-0.2934469775392937,0.2934469775392937
thetao,W60p0,5,10,0.2929523510248923,0.2929523510248923
thetao,W10p0,3,0,-0.292701135717779,0.292701135717779
so,W10p0,10,20,-0.29257540293298695,0.29257540293298695
so,W20p0,3,4,0.2917660617167068,0.2917660617167068
so,W60p0,10,17,0.29144416616560403,0.29144416616560403
thetao,W20p0,10,6,-0.29081958832776644,0.29081958832776644
so,W60p0,7,18,-0.29062598943039386,0.29062598943039386
so,W40p0,4,17,0.2904053212038487,0.2904053212038487
so,W10p0,3,11,0.29032772834086845,0.29032772834086845
thetao,W10p0,9,12,-0.2900693678859671,0.2900693678859671
so,W30p0,9,3,-0.2895767122986355,0.2895767122986355
so,W20p0,6,1,-0.28949561415469477,0.28949561415469477
thetao,W10p0,8,6,0.28940776824348613,0.28940776824348613
thetao,W30p0,4,7,-0.2882392478068926,0.2882392478068926
so,W10p0,3,7,0.2877947746594576,0.2877947746594576
so,W40p0,4,18,0.2876568981826174,0.2876568981826174
so,W30p0,9,19,-0.2875830919914635,0.2875830919914635
so,W40p0,9,3,0.28711437327284134,0.28711437327284134
so,W30p0,9,8,-0.2866504650275901,0.2866504650275901
thetao,W30p0,4,6,-0.2865345246369113,0.2865345246369113
so,W30p0,9,7,-0.28595472474593076,0.28595472474593076
so,W20p0,1,15,-0.285768472006026,0.285768472006026
so,W20p0,6,20,-0.285750867947081,0.285750867947081
so,W30p0,1,10,-0.28537170009825613,0.28537170009825613
thetao,W60p0,9,20,-0.2836518582996904,0.2836518582996904
so,W40p0,8,14,-0.2835512925795181,0.2835512925795181
so,W10p0,3,6,0.2831906226389261,0.2831906226389261
so,W30p0,9,5,-0.2831384798731161,0.2831384798731161
so,W20p0,2,15,0.2831013670825027,0.2831013670825027
so,W20p0,3,1,0.28171242442347616,0.28171242442347616
so,W10p0,3,13,0.28116111583993725,0.28116111583993725
thetao,W20p0,9,1,-0.2811170243268035,0.2811170243268035
so,W20p0,8,13,-0.2810859587210651,0.2810859587210651
thetao,W30p0,1,10,0.2791824027926428,0.2791824027926428
thetao,W10p0,9,11,-0.2791388565847359,0.2791388565847359
so,W60p0,7,17,-0.2785039996720351,0.2785039996720351
so,W40p0,8,15,-0.27840717781422875,0.27840717781422875
thetao,W30p0,8,13,0.27797121622418497,0.27797121622418497
thetao,W30p0,4,8,-0.2774653469821192,0.2774653469821192
thetao,W30p0,4,0,-0.2773339980577738,0.2773339980577738
thetao,W20p0,2,20,-0.2771301134007089,0.2771301134007089
so,W40p0,1,8,-0.27666082519774476,0.27666082519774476
so,W40p0,8,16,-0.27569264681141276,0.27569264681141276
so,W10p0,3,12,0.2751822572768692,0.2751822572768692
thetao,W10p0,9,13,-0.27479840680957374,0.27479840680957374
so,W20p0,2,7,0.27472901344015976,0.27472901344015976
thetao,W30p0,4,5,-0.27444532697370766,0.27444532697370766
so,W40p0,3,17,-0.2744408179713674,0.2744408179713674
so,W30p0,9,17,-0.27440944020888036,0.27440944020888036
so,W20p0,3,0,0.27394371640257037,0.27394371640257037
thetao,W10p0,8,7,0.27385432786932135,0.27385432786932135
so,W60p0,10,20,0.2710821818623826,0.2710821818623826
thetao,W20p0,10,20,0.27037599631734816,0.27037599631734816
so,W20p0,3,5,0.27020631042475207,0.27020631042475207
so,W20p0,6,4,-0.2701778246378355,0.2701778246378355
so,W20p0,5,13,-0.2698346646574316,0.2698346646574316
thetao,W40p0,6,5,0.26910284425055764,0.26910284425055764
so,W20p0,5,14,-0.267010104918572,0.267010104918572
thetao,W60p0,1,6,0.2664263355797935,0.2664263355797935
so,W60p0,1,9,0.26549601932612105,0.26549601932612105
thetao,W40p0,6,6,0.2654408001252104,0.2654408001252104
thetao,W40p0,1,10,0.2653387220530662,0.2653387220530662
so,W20p0,5,15,-0.26526518452712644,0.26526518452712644
so,W10p0,8,0,0.26512739024472354,0.26512739024472354
thetao,W20p0,10,19,0.26510451505628024,0.26510451505628024
thetao,W10p0,4,8,0.2650756341902029,0.2650756341902029
thetao,W20p0,10,7,-0.26456217922311415,0.26456217922311415
so,W40p0,4,19,0.26397158671384896,0.26397158671384896
thetao,W10p0,9,10,-0.26395579215662357,0.26395579215662357
thetao,W60p0,5,9,0.2636528467058981,0.2636528467058981
so,W40p0,9,4,0.2634399964512975,0.2634399964512975
thetao,W20p0,2,0,-0.26329784035127796,0.26329784035127796
so,W30p0,5,2,0.263125317873802,0.263125317873802
so,W30p0,9,0,-0.2623271686711887,0.2623271686711887
so,W60p0,7,13,-0.26231710377124,0.26231710377124
thetao,W60p0,10,15,0.2620874258045684,0.2620874258045684
so,W60p0,10,19,0.26085098308156396,0.26085098308156396
so,W10p0,8,1,0.2608202089267042,0.2608202089267042
thetao,W20p0,1,19,0.2594205781092425,0.2594205781092425
so,W20p0,1,16,-0.2583486530146368,0.2583486530146368
so,W10p0,1,12,-0.25833273249330235,0.25833273249330235
thetao,W40p0,6,4,0.2580228585510321,0.2580228585510321
so,W10p0,3,5,0.25798834983254176,0.25798834983254176
so,W20p0,6,15,-0.2579201402317021,0.2579201402317021
so,W20p0,6,3,-0.2579165543116094,0.2579165543116094
so,W30p0,9,4,-0.2574770104408677,0.2574770104408677
so,W30p0,9,13,-0.25738322536510233,0.25738322536510233
so,W30p0,9,16,-0.25724945034758934,0.25724945034758934
so,W10p0,3,18,0.2567757468094683,0.2567757468094683
so,W20p0,6,16,-0.2566551378817044,0.2566551378817044
thetao,W60p0,9,5,-0.2564339708921555,0.2564339708921555
thetao,W10p0,9,9,-0.25574792667973734,0.25574792667973734
thetao,W10p0,8,8,0.25504779397781663,0.25504779397781663
thetao,W10p0,8,12,0.2546908138732099,0.2546908138732099
thetao,W20p0,10,8,-0.25438585075408804,0.25438585075408804
so,W20p0,6,6,-0.2536115491392452,0.2536115491392452
so,W30p0,1,11,-0.2532214025242122,0.2532214025242122
so,W30p0,10,15,-0.2531854144106346,0.2531854144106346
thetao,W40p0,6,7,0.2531264443491535,0.2531264443491535
so,W20p0,3,8,0.25289693632808224,0.25289693632808224
thetao,W10p0,9,14,-0.25273357230073934,0.25273357230073934
so,W20p0,8,14,-0.2524463343401813,0.2524463343401813
so,W20p0,6,2,-0.25218370946981766,0.25218370946981766
so,W60p0,7,16,-0.2512102778250744,0.2512102778250744
so,W20p0,6,14,-0.2511052002696032,0.2511052002696032
so,W20p0,5,12,-0.25028395979714374,0.25028395979714374
so,W10p0,8,2,0.2502676905791617,0.2502676905791617
so,W60p0,7,15,-0.25022137869059674,0.25022137869059674
so,W40p0,3,18,-0.248764325083424,0.248764325083424
thetao,W20p0,2,19,-0.2483822221928598,0.2483822221928598
thetao,W30p0,1,11,0.24771004829590135,0.24771004829590135
thetao,W10p0,8,9,0.24726436719743397,0.24726436719743397
so,W20p0,5,16,-0.24700452869946393,0.24700452869946393
so,W30p0,9,12,-0.24654744178675383,0.24654744178675383
so,W40p0,8,17,-0.2461646498362204,0.2461646498362204
so,W30p0,9,20,-0.24527480311256972,0.24527480311256972
so,W10p0,3,19,0.24485999834219355,0.24485999834219355
so,W10p0,3,20,0.24350082608013018,0.24350082608013018
thetao,W30p0,8,14,0.24331413642543923,0.24331413642543923
thetao,W10p0,9,8,-0.24325511686284887,0.24325511686284887
so,W60p0,7,14,-0.24090862860439397,0.24090862860439397
thetao,W60p0,10,5,-0.24010945992563373,0.24010945992563373
so,W10p0,8,9,0.23991566125980934,0.23991566125980934
thetao,W20p0,10,9,-0.23937417722516746,0.23937417722516746
so,W20p0,2,6,0.23889959083216988,0.23889959083216988
so,W20p0,6,17,-0.2387244825778266,0.2387244825778266
thetao,W30p0,4,9,-0.23795895891268543,0.23795895891268543
so,W30p0,9,9,-0.2379442048753505,0.2379442048753505
so,W30p0,9,14,-0.23760301757025146,0.23760301757025146
so,W30p0,9,15,-0.23692795419120288,0.23692795419120288
thetao,W10p0,9,17,-0.2365699875462554,0.2365699875462554
so,W20p0,3,6,0.2363855482164154,0.2363855482164154
so,W20p0,2,16,0.23609803363908502,0.23609803363908502
so,W20p0,3,7,0.23521784814837712,0.23521784814837712
so,W40p0,9,5,0.23424405014780103,0.23424405014780103
thetao,W20p0,10,18,0.23396479544240148,0.23396479544240148
thetao,W30p0,4,16,-0.23363044354280074,0.23363044354280074
so,W60p0,7,12,-0.23347380717579433,0.23347380717579433
so,W10p0,8,6,0.2334452225875452,0.2334452225875452
thetao,W10p0,8,10,0.2332443847169493,0.2332443847169493
thetao,W60p0,5,8,0.2331259760296883,0.2331259760296883
thetao,W40p0,1,11,0.23286913317479555,0.23286913317479555
so,W20p0,5,17,-0.23270773980728449,0.23270773980728449
thetao,W40p0,6,3,0.23225705614183587,0.23225705614183587
thetao,W10p0,4,9,0.23158984847408845,0.23158984847408845
thetao,W40p0,6,8,0.23153571227986616,0.23153571227986616
thetao,W60p0,5,3,0.23102465687231466,0.23102465687231466
so,W40p0,1,9,-0.2303043624644912,0.2303043624644912
so,W60p0,1,10,0.22934631179063183,0.22934631179063183
so,W10p0,3,4,0.22920538045174835,0.22920538045174835
so,W40p0,3,19,-0.22909067625942325,0.22909067625942325
so,W10p0,8,8,0.2290679406283117,0.2290679406283117
thetao,W10p0,9,16,-0.22836131703297746,0.22836131703297746
thetao,W10p0,8,11,0.22657520280504437,0.22657520280504437
so,W40p0,8,18,-0.22605382541335356,0.22605382541335356
so,W30p0,5,3,0.22595008245742326,0.22595008245742326
thetao,W60p0,1,7,0.2252493223695381,0.2252493223695381
so,W20p0,6,19,-0.22420347594380305,0.22420347594380305
thetao,W30p0,4,15,-0.22414097511601574,0.22414097511601574
so,W10p0,8,3,0.2232326119117583,0.2232326119117583
so,W40p0,4,20,0.22252809299963483,0.22252809299963483
so,W10p0,1,13,-0.22148023845076553,0.22148023845076553
so,W10p0,8,5,0.22137774177126945,0.22137774177126945
so,W30p0,1,12,-0.21999575239243205,0.21999575239243205
thetao,W10p0,9,18,-0.2192049775234457,0.2192049775234457
so,W40p0,8,19,-0.21879349544548926,0.21879349544548926
thetao,W10p0,9,7,-0.21862271785921983,0.21862271785921983
so,W20p0,1,17,-0.21857983481150356,0.21857983481150356
thetao,W10p0,9,15,-0.21849356884052315,0.21849356884052315
so,W20p0,3,9,0.21798939259894756,0.21798939259894756
so,W20p0,6,9,-0.2178897951733425,0.2178897951733425
thetao,W60p0,5,2,0.21727189376422415,0.21727189376422415
so,W10p0,8,4,0.21722910017117078,0.21722910017117078
so,W10p0,8,7,0.21619170501601792,0.21619170501601792
thetao,W30p0,1,12,0.2158655881379349,0.2158655881379349
thetao,W60p0,9,4,-0.21547891331258057,0.21547891331258057
so,W20p0,6,10,-0.21514438746538886,0.21514438746538886
thetao,W20p0,1,20,0.2151004614583481,0.2151004614583481
so,W40p0,3,20,-0.21426719937372177,0.21426719937372177
so,W20p0,6,18,-0.21422267773231213,0.21422267773231213
thetao,W40p0,6,0,0.2129424402387691,0.2129424402387691
so,W20p0,5,11,-0.21218409768164478,0.21218409768164478
so,W20p0,6,7,-0.21164604992592503,0.21164604992592503
thetao,W30p0,4,10,-0.21143903353215276,0.21143903353215276
so,W20p0,6,13,-0.2112085180371057,0.2112085180371057
so,W30p0,9,11,-0.2096648651678679,0.2096648651678679
thetao,W60p0,5,4,0.2095990902661144,0.2095990902661144
so,W10p0,8,10,0.20948321714638754,0.20948321714638754
thetao,W30p0,4,17,-0.20886743472489575,0.20886743472489575
thetao,W60p0,10,14,0.20842280069191263,0.20842280069191263
so,W20p0,5,18,-0.20803005583971018,0.20803005583971018
so,W20p0,8,15,-0.20790386989287682,0.20790386989287682
so,W10p0,3,3,0.20730509311159223,0.20730509311159223
thetao,W20p0,2,3,-0.2063453530363553,0.2063453530363553
thetao,W20p0,2,18,-0.20617225902927785,0.20617225902927785
so,W20p0,8,17,-0.20579571021844936,0.20579571021844936
thetao,W20p0,2,1,-0.20562029928241168,0.20562029928241168
so,W40p0,9,6,0.2045489623531737,0.2045489623531737
so,W20p0,8,18,-0.20442066449003168,0.20442066449003168
thetao,W20p0,2,4,-0.204188753604359,0.204188753604359
so,W40p0,9,7,0.20379186744084032,0.20379186744084032
thetao,W30p0,8,15,0.20268654834166538,0.20268654834166538
so,W20p0,5,9,-0.20194239814055215,0.20194239814055215
thetao,W10p0,9,19,-0.2017193767311834,0.2017193767311834
thetao,W40p0,6,9,0.20024722701521513,0.20024722701521513
so,W20p0,2,5,0.2002108782235415,0.2002108782235415
thetao,W20p0,2,5,-0.20003570319190825,0.20003570319190825
thetao,W20p0,2,2,-0.1986820667577282,0.1986820667577282
so,W20p0,8,16,-0.1983666318094678,0.1983666318094678
thetao,W40p0,6,2,0.19835500813186518,0.19835500813186518
thetao,W30p0,4,14,-0.19789713103368603,0.19789713103368603
thetao,W10p0,4,10,0.1972321704520686,0.1972321704520686
thetao,W20p0,2,9,-0.19706772348168167,0.19706772348168167
thetao,W10p0,9,6,-0.19698220070795883,0.19698220070795883
so,W20p0,5,10,-0.19589566875723768,0.19589566875723768
thetao,W20p0,2,10,-0.195806713321234,0.195806713321234
thetao,W60p0,1,20,-0.1955018871510658,0.1955018871510658
so,W30p0,5,10,0.19512268489786463,0.19512268489786463
so,W10p0,7,1,-0.19478566937270517,0.19478566937270517
thetao,W40p0,6,10,0.1945726063292986,0.1945726063292986
so,W20p0,5,8,-0.19409910616708215,0.19409910616708215
thetao,W10p0,9,20,-0.19332884475225795,0.19332884475225795
so,W60p0,1,11,0.19312153398624446,0.19312153398624446
thetao,W40p0,1,12,0.19290293757068164,0.19290293757068164
thetao,W20p0,10,10,-0.19280054405836428,0.19280054405836428
thetao,W30p0,4,11,-0.19227702113295483,0.19227702113295483
thetao,W60p0,5,1,0.19161360558626092,0.19161360558626092
so,W30p0,5,11,0.19129691497307674,0.19129691497307674
so,W30p0,1,13,-0.190884514298672,0.190884514298672
so,W30p0,5,8,0.19051680240502938,0.19051680240502938
thetao,W30p0,1,13,0.19010946957207797,0.19010946957207797
thetao,W20p0,10,17,0.19008700856235475,0.19008700856235475
so,W40p0,1,10,-0.1895910781002154,0.1895910781002154
so,W20p0,2,17,0.18898549275628598,0.18898549275628598
thetao,W40p0,6,1,0.18844133888080872,0.18844133888080872
thetao,W60p0,5,7,0.18813622316395498,0.18813622316395498
thetao,W20p0,2,6,-0.1868295107567819,0.1868295107567819
so,W30p0,5,12,0.18674395864697374,0.18674395864697374
thetao,W30p0,4,18,-0.18673234829512708,0.18673234829512708
so,W20p0,8,20,-0.18649298066700065,0.18649298066700065
thetao,W20p0,2,8,-0.1863322887161766,0.1863322887161766
so,W20p0,6,8,-0.18532614130271044,0.18532614130271044
so,W30p0,5,7,0.18494793010673805,0.18494793010673805
so,W20p0,8,19,-0.1845569282159462,0.1845569282159462
so,W10p0,8,11,0.18411040622967476,0.18411040622967476
so,W30p0,9,10,-0.1839979216475887,0.1839979216475887
so,W30p0,10,14,-0.18387932166364462,0.18387932166364462
so,W30p0,5,9,0.18198867097087124,0.18198867097087124
so,W10p0,1,14,-0.18178089757431531,0.18178089757431531
thetao,W30p0,8,16,0.18177269614424812,0.18177269614424812
so,W20p0,2,4,0.18154615364434307,0.18154615364434307
thetao,W10p0,4,20,-0.18114197975851823,0.18114197975851823
thetao,W20p0,2,7,-0.18053168386684665,0.18053168386684665
thetao,W10p0,9,5,-0.1792376906973642,0.1792376906973642
so,W40p0,8,20,-0.17864881610524613,0.17864881610524613
so,W20p0,6,12,-0.17851304677600738,0.17851304677600738
so,W40p0,1,20,0.17723792269060856,0.17723792269060856
thetao,W60p0,1,8,0.1770089702907677,0.1770089702907677
thetao,W60p0,9,3,-0.17637390828570193,0.17637390828570193
thetao,W60p0,5,5,0.17630543385276262,0.17630543385276262
thetao,W10p0,9,4,-0.1762909335223508,0.1762909335223508
so,W20p0,6,11,-0.1755179144887853,0.1755179144887853
so,W10p0,3,2,0.1749187587471178,0.1749187587471178
so,W30p0,5,4,0.17432620723273573,0.17432620723273573
so,W10p0,7,0,-0.17431377944966586,0.17431377944966586
thetao,W30p0,1,14,0.1742125347320606,0.1742125347320606
so,W30p0,5,19,0.17400927123147616,0.17400927123147616
so,W40p0,9,8,0.17365726878042187,0.17365726878042187
so,W20p0,1,18,-0.17299349697102762,0.17299349697102762
thetao,W20p0,2,11,-0.17217493952776436,0.17217493952776436
so,W20p0,5,7,-0.17116338925896496,0.17116338925896496
thetao,W30p0,4,13,-0.17114872378165724,0.17114872378165724
thetao,W10p0,10,20,0.17079283197818715,0.17079283197818715
thetao,W60p0,10,6,-0.17059878364003375,0.17059878364003375
so,W30p0,5,6,0.1701311018319535,0.1701311018319535
so,W60p0,7,11,-0.16872759051267028,0.16872759051267028
so,W30p0,1,14,-0.16747894825087717,0.16747894825087717
so,W20p0,5,19,-0.167261904193819,0.167261904193819
so,W20p0,2,18,0.16725451286856063,0.16725451286856063
so,W10p0,7,2,-0.167143927187177,0.167143927187177
thetao,W30p0,1,15,0.16673133701364282,0.16673133701364282
thetao,W30p0,4,12,-0.1650545129706612,0.1650545129706612
thetao,W10p0,9,3,-0.16423792594398867,0.16423792594398867
thetao,W60p0,1,19,-0.16419508551335146,0.16419508551335146
so,W30p0,10,0,0.16386681015582397,0.16386681015582397
thetao,W60p0,5,6,0.16240600846695782,0.16240600846695782
thetao,W10p0,4,11,0.16044450823078898,0.16044450823078898
so,W30p0,5,13,0.16044137487017626,0.16044137487017626
so,W20p0,3,12,0.15908647884039792,0.15908647884039792
so,W30p0,5,20,0.157875358679192,0.157875358679192
thetao,W20p0,2,17,-0.15742850979520845,0.15742850979520845
so,W40p0,1,11,-0.1568922164956035,0.1568922164956035
thetao,W10p0,10,19,0.15665573974545302,0.15665573974545302
so,W30p0,5,18,0.15630601447417627,0.15630601447417627
so,W30p0,5,5,0.15627695340115816,0.15627695340115816
thetao,W60p0,10,13,0.1558933932035053,0.1558933932035053
so,W20p0,3,10,0.1553332971501339,0.1553332971501339
so,W30p0,10,1,0.1546050341623957,0.1546050341623957
so,W60p0,1,12,0.15449687338519602,0.15449687338519602
so,W20p0,5,6,-0.15429433063461842,0.15429433063461842
thetao,W20p0,2,12,-0.15305040305459575,0.15305040305459575
thetao,W10p0,4,19,-0.1527375980555992,0.1527375980555992
thetao,W40p0,6,11,0.15269881511127328,0.15269881511127328
so,W40p0,9,9,0.1513495670413138,0.1513495670413138
thetao,W40p0,1,13,0.14993271385920742,0.14993271385920742
so,W60p0,7,9,-0.1496961480228361,0.1496961480228361
thetao,W30p0,1,16,0.14890081486004753,0.14890081486004753
so,W30p0,1,15,-0.14882030672591043,0.14882030672591043
thetao,W30p0,8,17,0.14806815709267399,0.14806815709267399
so,W20p0,3,11,0.1480205827013384,0.1480205827013384
so,W20p0,5,5,-0.14750759256531,0.14750759256531
thetao,W20p0,10,11,-0.14574991814188445,0.14574991814188445
so,W10p0,8,12,0.14531066294712217,0.14531066294712217
so,W20p0,2,3,0.1443614359522047,0.1443614359522047
so,W30p0,5,14,0.14408758578247818,0.14408758578247818
thetao,W60p0,5,0,0.14346859510436194,0.14346859510436194
thetao,W10p0,9,2,-0.14255364505188728,0.14255364505188728
so,W30p0,10,2,0.14225630784867863,0.14225630784867863
so,W30p0,5,17,0.14133686817787094,0.14133686817787094
so,W60p0,1,20,-0.14020381182644207,0.14020381182644207
so,W10p0,1,15,-0.14008928017197558,0.14008928017197558
so,W30p0,10,3,0.13962843001643993,0.13962843001643993
so,W10p0,3,1,0.1394477646308244,0.1394477646308244
so,W30p0,5,15,0.13871803998479584,0.13871803998479584
thetao,W30p0,4,19,-0.1384835688967837,0.1384835688967837
so,W20p0,2,19,0.1375887065277409,0.1375887065277409
so,W40p0,1,19,0.13730063910830573,0.13730063910830573
so,W20p0,5,4,-0.1364459754283292,0.1364459754283292
thetao,W60p0,1,9,0.13544253997226743,0.13544253997226743
thetao,W10p0,10,18,0.13251026046107073,0.13251026046107073
thetao,W10p0,9,1,-0.1323513625168011,0.1323513625168011
thetao,W20p0,10,16,0.13231181669988232,0.13231181669988232
so,W20p0,1,19,-0.13135740742227126,0.13135740742227126
so,W30p0,5,16,0.1311191790204693,0.1311191790204693
thetao,W20p0,2,13,-0.12874858827743446,0.12874858827743446
thetao,W40p0,6,12,0.1287100768935824,0.1287100768935824
so,W20p0,5,20,-0.12854849340510277,0.12854849340510277
thetao,W30p0,4,20,-0.12847139110772898,0.12847139110772898
thetao,W10p0,9,0,-0.12799769548487147,0.12799769548487147
so,W30p0,1,16,-0.1270370062067196,0.1270370062067196
thetao,W20p0,2,16,-0.1254537303659917,0.1254537303659917
thetao,W20p0,10,12,-0.1250238771675268,0.1250238771675268
so,W10p0,4,20,-0.12443124190366606,0.12443124190366606
thetao,W60p0,1,18,-0.1241217951570688,0.1241217951570688
so,W40p0,9,10,0.12329840695913537,0.12329840695913537
thetao,W30p0,1,17,0.12275908624861459,0.12275908624861459
so,W30p0,10,13,-0.12270945552137007,0.12270945552137007
so,W30p0,10,4,0.12255597143352243,0.12255597143352243
so,W10p0,7,3,-0.12240467092516656,0.12240467092516656
so,W60p0,1,13,0.12234101600360632,0.12234101600360632
thetao,W30p0,8,18,0.12229518334154492,0.12229518334154492
thetao,W40p0,6,13,0.12068039311892281,0.12068039311892281
so,W60p0,7,10,-0.11985670050289417,0.11985670050289417
so,W20p0,2,2,0.11930165424753343,0.11930165424753343
thetao,W40p0,6,20,-0.11926061333983742,0.11926061333983742
so,W60p0,7,8,-0.11893125198391002,0.11893125198391002
so,W20p0,5,3,-0.11878548029773885,0.11878548029773885
thetao,W60p0,10,7,-0.11626923053521496,0.11626923053521496
so,W10p0,4,0,-0.11391813420352685,0.11391813420352685
thetao,W40p0,1,14,0.1132499235813489,0.1132499235813489
thetao,W10p0,4,18,-0.11324036954512878,0.11324036954512878
so,W40p0,1,12,-0.11311412372110792,0.11311412372110792
thetao,W10p0,4,12,0.11126715053519204,0.11126715053519204
so,W10p0,4,11,0.1110578144894158,0.1110578144894158
so,W30p0,10,5,0.11053694683860923,0.11053694683860923
thetao,W60p0,10,12,0.10814198277622858,0.10814198277622858
thetao,W20p0,2,14,-0.10778836565724785,0.10778836565724785
so,W20p0,1,20,-0.10684691881564638,0.10684691881564638
thetao,W10p0,10,0,0.1061649390827896,0.1061649390827896
so,W10p0,3,0,0.10569537706951476,0.10569537706951476
thetao,W60p0,9,2,-0.10414605994694501,0.10414605994694501
thetao,W10p0,10,1,0.10401603513665657,0.10401603513665657
so,W10p0,8,13,0.10400616426036911,0.10400616426036911
thetao,W20p0,2,15,-0.10277848163570108,0.10277848163570108
so,W30p0,10,6,0.10242351206686261,0.10242351206686261
thetao,W40p0,1,20,-0.10096841456618204,0.10096841456618204
thetao,W60p0,1,10,0.10036882636620739,0.10036882636620739
so,W60p0,1,19,-0.0994720776994883,0.0994720776994883
thetao,W30p0,1,18,0.09940172122619413,0.09940172122619413
so,W10p0,7,13,0.09778946413103637,0.09778946413103637
so,W10p0,1,16,-0.09726637218937394,0.09726637218937394
so,W40p0,1,18,0.09718579788937218,0.09718579788937218
so,W60p0,1,14,0.09702456309241064,0.09702456309241064
so,W20p0,3,20,0.09693616532210453,0.09693616532210453
so,W10p0,4,12,0.09638876338920671,0.09638876338920671
so,W20p0,3,13,0.096200581380837,0.096200581380837
so,W30p0,1,17,-0.0957393438384054,0.0957393438384054
so,W20p0,5,2,-0.09547878792068623,0.09547878792068623
so,W20p0,2,20,0.09444417589096471,0.09444417589096471
thetao,W30p0,8,19,0.09428526406815757,0.09428526406815757
thetao,W40p0,6,19,-0.0919910206633309,0.0919910206633309
so,W10p0,4,19,-0.09188679344241546,0.09188679344241546
thetao,W40p0,6,14,0.09145218962804029,0.09145218962804029
so,W10p0,7,14,0.09141540542585405,0.09141540542585405
so,W20p0,2,1,0.09133332973272763,0.09133332973272763
so,W10p0,4,1,-0.0903425526666192,0.0903425526666192
thetao,W10p0,10,2,0.08925027417332751,0.08925027417332751
thetao,W60p0,1,17,-0.08915625437836765,0.08915625437836765
so,W10p0,7,12,0.08709640056302745,0.08709640056302745
thetao,W10p0,10,17,0.08590474119498567,0.08590474119498567
so,W30p0,10,7,0.08587357946837781,0.08587357946837781
so,W10p0,7,15,0.08509952542577247,0.08509952542577247
so,W10p0,4,5,-0.08371296993121409,0.08371296993121409
thetao,W40p0,1,15,0.08322415349520924,0.08322415349520924
so,W40p0,9,20,0.08257144055610968,0.08257144055610968
thetao,W10p0,4,17,-0.08203531320058675,0.08203531320058675
so,W10p0,8,20,-0.0819118514782372,0.0819118514782372
thetao,W20p0,10,15,0.08138229502359189,0.08138229502359189
so,W40p0,9,12,0.0813161730301382,0.0813161730301382
so,W10p0,7,4,-0.08036978164940133,0.08036978164940133
so,W40p0,9,11,0.08035983696749917,0.08035983696749917
so,W10p0,4,10,0.07973202888386784,0.07973202888386784
thetao,W10p0,4,13,0.07958887857167338,0.07958887857167338
thetao,W40p0,6,18,-0.07777488572453217,0.07777488572453217
so,W60p0,1,15,0.07739654846221408,0.07739654846221408
so,W60p0,7,5,-0.07628078126429788,0.07628078126429788
so,W10p0,4,4,-0.07528721447682038,0.07528721447682038
so,W10p0,8,14,0.0747763860636274,0.0747763860636274
so,W20p0,3,17,0.07332296877034214,0.07332296877034214
so,W30p0,10,12,-0.0731084388031147,0.0731084388031147
thetao,W60p0,9,1,-0.07230065868660325,0.07230065868660325
so,W10p0,4,2,-0.07168604666395657,0.07168604666395657
so,W10p0,4,13,0.07164333672896565,0.07164333672896565
so,W20p0,3,16,0.0715114285202836,0.0715114285202836
so,W60p0,7,7,-0.07071530166789529,0.07071530166789529
so,W40p0,1,13,-0.07071174771051549,0.07071174771051549
thetao,W60p0,10,11,0.06956160322984609,0.06956160322984609
so,W40p0,9,17,0.06920235225410848,0.06920235225410848
so,W10p0,8,19,-0.06831766927773154,0.06831766927773154
thetao,W20p0,10,13,-0.06808202078202646,0.06808202078202646
so,W40p0,1,17,0.06771199415021201,0.06771199415021201
so,W30p0,10,8,0.06768835372586075,0.06768835372586075
so,W20p0,5,1,-0.0669227533509857,0.0669227533509857
thetao,W60p0,1,11,0.0661450589606183,0.0661450589606183
thetao,W40p0,1,19,-0.06610110184331505,0.06610110184331505
thetao,W60p0,10,8,-0.06603245439904094,0.06603245439904094
so,W30p0,1,18,-0.06475922629691953,0.06475922629691953
so,W10p0,4,3,-0.06438577132327503,0.06438577132327503
so,W20p0,3,18,0.06290445858451574,0.06290445858451574
thetao,W30p0,1,19,0.06234931516767114,0.06234931516767114
so,W10p0,1,17,-0.06148878647623735,0.06148878647623735
so,W20p0,3,19,0.061439692109625056,0.061439692109625056
so,W20p0,3,15,0.061186313215632074,0.061186313215632074
thetao,W30p0,8,20,0.061096811058760005,0.061096811058760005
so,W40p0,9,13,0.05948773873336018,0.05948773873336018
so,W10p0,7,16,0.05889701231937217,0.05889701231937217
so,W40p0,9,19,0.056956687729668956,0.056956687729668956
so,W10p0,7,6,-0.05678782178606258,0.05678782178606258
so,W20p0,3,14,0.05538690584506288,0.05538690584506288
so,W60p0,7,4,-0.05534677333046645,0.05534677333046645
thetao,W10p0,10,16,0.05526409052732215,0.05526409052732215
thetao,W60p0,1,16,-0.05412598311942836,0.05412598311942836
so,W60p0,1,18,-0.053768512451391845,0.053768512451391845
so,W10p0,7,5,-0.05319092317605539,0.05319092317605539
so,W40p0,9,18,0.05106930622096047,0.05106930622096047
thetao,W10p0,4,14,0.0507424331328144,0.0507424331328144
thetao,W40p0,6,17,-0.050477767222463665,0.050477767222463665
so,W40p0,9,14,0.0498511429303606,0.0498511429303606
thetao,W10p0,10,3,0.04972234967769579,0.04972234967769579
so,W10p0,8,18,-0.04783972190384368,0.04783972190384368
so,W10p0,4,6,-0.047714377307177654,0.047714377307177654
thetao,W40p0,1,16,0.04718213497085638,0.04718213497085638
thetao,W40p0,6,15,0.04691874257062613,0.04691874257062613
so,W60p0,7,6,-0.04544466313658012,0.04544466313658012
so,W10p0,7,17,0.04499836346139811,0.04499836346139811
so,W10p0,4,14,0.044809103768888456,0.044809103768888456
so,W20p0,2,0,0.04478979077088255,0.04478979077088255
so,W60p0,1,16,0.04317966923924617,0.04317966923924617
thetao,W10p0,10,12,-0.042946861357130266,0.042946861357130266
so,W10p0,1,20,0.042474536383114325,0.042474536383114325
so,W10p0,8,15,0.039789286677015374,0.039789286677015374
thetao,W10p0,4,16,-0.0392899148813795,0.0392899148813795
so,W10p0,4,18,-0.038930343329423175,0.038930343329423175
so,W10p0,7,11,0.03863071473470026,0.03863071473470026
so,W10p0,7,7,-0.03798703268611018,0.03798703268611018
so,W30p0,10,11,-0.037263127419334845,0.037263127419334845
thetao,W10p0,10,11,-0.03708659481742638,0.03708659481742638
so,W60p0,7,3,-0.03640072335166134,0.03640072335166134
thetao,W60p0,1,12,0.03536450517186003,0.03536450517186003
so,W10p0,1,18,-0.0352313933954353,0.0352313933954353
so,W40p0,9,16,0.03429857645140964,0.03429857645140964
so,W40p0,1,14,-0.033393153007378856,0.033393153007378856
so,W40p0,1,16,0.03229476599982063,0.03229476599982063
so,W60p0,7,0,0.031867261183003,0.031867261183003
so,W40p0,9,15,0.03111275798629133,0.03111275798629133
thetao,W60p0,10,10,0.03106020972310893,0.03106020972310893
so,W10p0,8,17,-0.030744359114273815,0.030744359114273815
so,W10p0,4,15,0.030645349616890697,0.030645349616890697
so,W10p0,4,9,0.029829264223859862,0.029829264223859862
thetao,W10p0,10,15,0.028851072182683297,0.028851072182683297
thetao,W30p0,1,20,0.028194073762935704,0.028194073762935704
so,W60p0,7,1,-0.02810723154390016,0.02810723154390016
so,W10p0,7,18,0.026047552176791076,0.026047552176791076
so,W30p0,1,19,-0.0251081202557195,0.0251081202557195
thetao,W10p0,10,4,0.024403123107371354,0.024403123107371354
thetao,W10p0,10,9,-0.023041657573152477,0.023041657573152477
thetao,W40p0,1,18,-0.022957308668075747,0.022957308668075747
so,W30p0,10,9,0.022769638455520633,0.022769638455520633
thetao,W60p0,1,15,-0.02245020914363119,0.02245020914363119
thetao,W10p0,10,14,0.02238662867988769,0.02238662867988769
so,W10p0,4,16,0.02227385144887073,0.02227385144887073
thetao,W10p0,10,8,-0.02172017786645402,0.02172017786645402
so,W20p0,5,0,-0.020497012576208354,0.020497012576208354
thetao,W10p0,10,10,-0.017509932228644925,0.017509932228644925
so,W10p0,7,8,-0.016475840957656297,0.016475840957656297
so,W60p0,7,2,-0.016465082152133867,0.016465082152133867
so,W30p0,10,10,-0.016384104294808657,0.016384104294808657
thetao,W10p0,10,13,-0.015372858638812367,0.015372858638812367
so,W10p0,7,9,-0.014386524171951605,0.014386524171951605
thetao,W60p0,1,13,0.013788727970658712,0.013788727970658712
thetao,W40p0,6,16,-0.013444848148638007,0.013444848148638007
so,W10p0,8,16,0.01310155126810547,0.01310155126810547
thetao,W40p0,1,17,0.013071835656737803,0.013071835656737803
thetao,W10p0,10,7,-0.012780087249399469,0.012780087249399469
so,W10p0,4,7,-0.01039673264760378,0.01039673264760378
thetao,W10p0,10,5,0.010006180946694023,0.010006180946694023
so,W10p0,4,8,0.009677827162265935,0.009677827162265935
so,W10p0,7,10,-0.007891548353426456,0.007891548353426456
thetao,W20p0,10,14,-0.006894530146904033,0.006894530146904033
so,W10p0,7,19,0.006429612694413402,0.006429612694413402
so,W30p0,1,20,0.0054356043886655365,0.0054356043886655365
thetao,W10p0,4,15,0.004129720935178658,0.004129720935178658
so,W10p0,4,17,-0.004119296541689507,0.004119296541689507
so,W60p0,1,17,-0.002921384434963623,0.002921384434963623
so,W40p0,1,15,-0.0027649621990076556,0.0027649621990076556
thetao,W60p0,9,0,-0.002445774565010499,0.002445774565010499
thetao,W60p0,1,14,-0.002350397805826411,0.002350397805826411
thetao,W60p0,10,9,-0.002324714450716283,0.002324714450716283
thetao,W10p0,10,6,-0.0013729436037608605,0.0013729436037608605
so,W10p0,7,20,-0.0012533089184592636,0.0012533089184592636
so,W10p0,1,19,-0.0008093298218801969,0.0008093298218801969
