var,lon_tag,mode,lag,corr,abs_corr
thetao,W60p0,1,9,-0.6161920612505891,0.6161920612505891
so,W60p0,1,9,-0.5970615366919598,0.5970615366919598
thetao,W60p0,1,8,-0.5943498683841433,0.5943498683841433
so,W60p0,1,10,-0.5841686491435604,0.5841686491435604
so,W60p0,1,5,-0.5800834483325179,0.5800834483325179
so,W60p0,1,8,-0.579537314276933,0.579537314276933
so,W30p0,1,11,-0.5791283020819332,0.5791283020819332
thetao,W60p0,1,10,-0.5769375089154731,0.5769375089154731
so,W60p0,1,6,-0.5750415460879476,0.5750415460879476
so,W20p0,1,20,-0.5685667052569737,0.5685667052569737
so,W30p0,1,20,-0.5682415182136465,0.5682415182136465
so,W60p0,1,7,-0.5670884070297757,0.5670884070297757
so,W40p0,1,11,-0.5670580220019745,0.5670580220019745
so,W60p0,1,11,-0.5655962945500226,0.5655962945500226
so,W20p0,1,19,-0.5653800577233121,0.5653800577233121
so,W30p0,1,10,-0.5632741455297402,0.5632741455297402
thetao,W60p0,1,7,-0.562064311982626,0.562064311982626
so,W30p0,1,12,-0.5613321312367058,0.5613321312367058
so,W30p0,1,0,-0.5600077751540965,0.5600077751540965
so,W60p0,1,4,-0.5589180653619445,0.5589180653619445
so,W20p0,1,7,-0.558653708372246,0.558653708372246
so,W20p0,1,17,-0.5569047603079887,0.5569047603079887
so,W20p0,1,10,-0.5566794506230014,0.5566794506230014
thetao,W20p0,2,0,-0.5563647852287389,0.5563647852287389
so,W30p0,1,5,-0.5542218287838501,0.5542218287838501
thetao,W60p0,1,6,-0.5536685856001052,0.5536685856001052
so,W20p0,1,8,-0.5532130652816103,0.5532130652816103
so,W20p0,1,9,-0.5525944693299856,0.5525944693299856
so,W20p0,1,0,-0.5522668802500204,0.5522668802500204
so,W20p0,1,1,-0.5521914062512203,0.5521914062512203
so,W20p0,1,11,-0.5512657031704956,0.5512657031704956
so,W20p0,1,18,-0.5496846931324895,0.5496846931324895
so,W30p0,1,4,-0.5488813739368272,0.5488813739368272
thetao,W60p0,1,5,-0.5486938675522659,0.5486938675522659
so,W30p0,1,19,-0.5486327680816098,0.5486327680816098
so,W20p0,1,16,-0.5477720991677009,0.5477720991677009
so,W30p0,1,7,-0.5475604130634133,0.5475604130634133
so,W40p0,1,3,-0.5474419782764758,0.5474419782764758
so,W30p0,1,6,-0.5462072588543615,0.5462072588543615
so,W30p0,1,13,-0.5461215282731761,0.5461215282731761
so,W30p0,1,8,-0.5460253507760129,0.5460253507760129
so,W60p0,1,12,-0.5454825973289805,0.5454825973289805
so,W40p0,1,10,-0.5442455888653195,0.5442455888653195
so,W40p0,1,4,-0.543587964013743,0.543587964013743
so,W20p0,1,12,-0.5433099073160387,0.5433099073160387
so,W40p0,1,12,-0.5432879813352541,0.5432879813352541
so,W20p0,1,6,-0.5429705799157456,0.5429705799157456
so,W30p0,1,18,-0.5427964487714942,0.5427964487714942
so,W30p0,1,15,-0.542155280102515,0.542155280102515
so,W20p0,1,15,-0.5405759179496853,0.5405759179496853
thetao,W60p0,1,4,-0.5404971244147339,0.5404971244147339
so,W20p0,1,2,-0.5399304753079485,0.5399304753079485
so,W30p0,1,1,-0.5396264037064566,0.5396264037064566
thetao,W20p0,2,12,-0.5393078732777884,0.5393078732777884
so,W30p0,1,17,-0.5391662709492933,0.5391662709492933
so,W60p0,1,14,-0.5388517465671758,0.5388517465671758
thetao,W60p0,1,11,-0.5380637596556455,0.5380637596556455
thetao,W20p0,2,1,-0.5371497572710787,0.5371497572710787
so,W10p0,1,18,-0.5349711225348242,0.5349711225348242
so,W30p0,1,9,-0.5343446449375813,0.5343446449375813
so,W10p0,1,19,-0.5341377476686547,0.5341377476686547
so,W40p0,1,9,-0.5335024290669659,0.5335024290669659
so,W30p0,1,16,-0.5334694767348563,0.5334694767348563
so,W20p0,1,3,-0.5324866684193126,0.5324866684193126
so,W20p0,1,13,-0.5322695330360734,0.5322695330360734
so,W60p0,1,13,-0.5316755403372124,0.5316755403372124
so,W20p0,1,5,-0.5315141477695122,0.5315141477695122
so,W60p0,1,16,-0.5301112535651294,0.5301112535651294
so,W20p0,1,14,-0.5299700772790176,0.5299700772790176
so,W30p0,1,2,-0.5299249260746683,0.5299249260746683
thetao,W20p0,2,2,-0.5291707313115709,0.5291707313115709
so,W30p0,1,14,-0.5282084780281183,0.5282084780281183
so,W40p0,1,5,-0.527793729337815,0.527793729337815
so,W10p0,1,20,-0.5271293012130883,0.5271293012130883
so,W30p0,1,3,-0.526368918666769,0.526368918666769
so,W40p0,1,14,-0.5259391969602815,0.5259391969602815
so,W40p0,1,15,-0.5258780464114658,0.5258780464114658
so,W60p0,1,0,-0.5258632593652292,0.5258632593652292
thetao,W20p0,2,3,-0.5257208826564713,0.5257208826564713
so,W10p0,1,11,-0.5256284611232828,0.5256284611232828
thetao,W30p0,6,9,-0.5255912712285877,0.5255912712285877
so,W20p0,1,4,-0.5255133776241108,0.5255133776241108
so,W60p0,1,15,-0.5251424862866565,0.5251424862866565
so,W10p0,1,10,-0.5233217003109104,0.5233217003109104
so,W40p0,1,2,-0.5226858728880984,0.5226858728880984
thetao,W20p0,2,11,-0.5226140705880834,0.5226140705880834
so,W40p0,1,1,-0.521529077128157,0.521529077128157
so,W10p0,1,12,-0.5191286869534822,0.5191286869534822
thetao,W60p0,1,3,-0.5178671694258666,0.5178671694258666
so,W60p0,1,19,-0.5173697067881221,0.5173697067881221
thetao,W30p0,6,3,-0.5172660497700594,0.5172660497700594
so,W60p0,1,3,-0.5168036807835436,0.5168036807835436
so,W40p0,1,0,-0.5164491039420183,0.5164491039420183
thetao,W20p0,2,13,-0.5162876215677186,0.5162876215677186
so,W60p0,1,18,-0.511986347491729,0.511986347491729
so,W60p0,1,17,-0.5119535133154761,0.5119535133154761
so,W10p0,1,14,-0.5116784751668787,0.5116784751668787
so,W10p0,1,7,-0.5113496132592964,0.5113496132592964
so,W40p0,1,8,-0.5107409734811302,0.5107409734811302
so,W40p0,1,16,-0.5092494992597425,0.5092494992597425
so,W10p0,1,9,-0.508592391604443,0.508592391604443
so,W10p0,1,17,-0.5063512836225963,0.5063512836225963
so,W10p0,1,6,-0.505352490907722,0.505352490907722
thetao,W20p0,2,14,-0.5045156486286303,0.5045156486286303
thetao,W60p0,1,17,-0.5044835388886116,0.5044835388886116
thetao,W60p0,1,0,-0.5038135770042521,0.5038135770042521
so,W10p0,1,13,-0.503772246282929,0.503772246282929
so,W40p0,1,17,-0.5018197278414803,0.5018197278414803
so,W60p0,1,20,-0.5017706407423461,0.5017706407423461
so,W10p0,1,8,-0.5013381482678925,0.5013381482678925
so,W10p0,1,15,-0.5013330290858997,0.5013330290858997
thetao,W60p0,1,1,-0.4994481856796797,0.4994481856796797
thetao,W20p0,2,15,-0.49891942098855585,0.49891942098855585
so,W10p0,1,16,-0.49716248869029517,0.49716248869029517
thetao,W20p0,2,4,-0.49708573639303777,0.49708573639303777
thetao,W20p0,2,6,-0.4966615135179244,0.4966615135179244
so,W40p0,1,20,-0.49591589622005233,0.49591589622005233
so,W40p0,1,13,-0.49503494094462264,0.49503494094462264
so,W60p0,1,1,-0.49368538261365197,0.49368538261365197
thetao,W30p0,6,7,-0.4930124903764878,0.4930124903764878
thetao,W60p0,1,16,-0.4921931011139508,0.4921931011139508
so,W10p0,1,5,-0.49043077723981116,0.49043077723981116
thetao,W60p0,1,19,-0.4900789405843507,0.4900789405843507
so,W10p0,10,20,0.4890045726442355,0.4890045726442355
thetao,W30p0,6,8,-0.4875193052061614,0.4875193052061614
so,W40p0,1,6,-0.4868455874575076,0.4868455874575076
thetao,W20p0,2,5,-0.48646244288920987,0.48646244288920987
thetao,W60p0,1,2,-0.4827073223381408,0.4827073223381408
so,W10p0,1,1,-0.4823416090476217,0.4823416090476217
so,W60p0,1,2,-0.4804412421515394,0.4804412421515394
so,W40p0,1,7,-0.47998438565257817,0.47998438565257817
so,W10p0,1,2,-0.4793902597070652,0.4793902597070652
so,W40p0,1,19,-0.47903281900173367,0.47903281900173367
thetao,W20p0,2,10,-0.47724278823776767,0.47724278823776767
so,W10p0,1,0,-0.47696416938117603,0.47696416938117603
thetao,W20p0,2,7,-0.4753069355267183,0.4753069355267183
so,W10p0,1,3,-0.4752494645517693,0.4752494645517693
thetao,W60p0,1,15,-0.4724414495267915,0.4724414495267915
so,W10p0,1,4,-0.4718921140278612,0.4718921140278612
so,W10p0,10,5,0.47166140188123945,0.47166140188123945
thetao,W60p0,1,18,-0.4715812186073044,0.4715812186073044
thetao,W20p0,2,8,-0.4645159207385887,0.4645159207385887
so,W10p0,10,6,0.4608850807892436,0.4608850807892436
thetao,W60p0,1,12,-0.4565220027927983,0.4565220027927983
so,W40p0,1,18,-0.4540121434918134,0.4540121434918134
thetao,W30p0,6,2,-0.45373346672846854,0.45373346672846854
thetao,W60p0,1,20,-0.45083288316169573,0.45083288316169573
thetao,W30p0,6,4,-0.4504403403677002,0.4504403403677002
thetao,W20p0,2,16,-0.449940486329129,0.449940486329129
thetao,W20p0,2,9,-0.4497387075616945,0.4497387075616945
thetao,W20p0,2,20,-0.44951087345939245,0.44951087345939245
thetao,W40p0,2,1,-0.44625221521023317,0.44625221521023317
thetao,W10p0,1,12,-0.44471631975509895,0.44471631975509895
so,W10p0,10,4,0.44354881195883533,0.44354881195883533
so,W60p0,9,13,-0.4423615016595394,0.4423615016595394
thetao,W30p0,2,1,-0.4422884751282955,0.4422884751282955
thetao,W40p0,2,0,-0.44065847913376677,0.44065847913376677
so,W10p0,10,19,0.44005855009156986,0.44005855009156986
thetao,W60p0,1,14,-0.4391393769262688,0.4391393769262688
thetao,W30p0,6,10,-0.4380547228749164,0.4380547228749164
thetao,W60p0,1,13,-0.43686288563023645,0.43686288563023645
thetao,W20p0,2,17,-0.43381948051043584,0.43381948051043584
so,W40p0,8,0,0.43370236516791627,0.43370236516791627
thetao,W40p0,1,15,-0.4326186046818807,0.4326186046818807
thetao,W20p0,2,18,-0.43043700983140804,0.43043700983140804
thetao,W40p0,1,16,-0.4277339462841781,0.4277339462841781
thetao,W10p0,1,0,-0.425600711806565,0.425600711806565
thetao,W10p0,1,11,-0.4218839487457143,0.4218839487457143
thetao,W30p0,1,0,-0.4188193251060143,0.4188193251060143
thetao,W30p0,2,0,-0.41858957286400367,0.41858957286400367
thetao,W10p0,1,15,-0.4182982770921954,0.4182982770921954
thetao,W10p0,1,1,-0.4179069851811288,0.4179069851811288
thetao,W30p0,1,18,-0.41704442719659174,0.41704442719659174
thetao,W10p0,1,14,-0.41647472567690696,0.41647472567690696
thetao,W20p0,2,19,-0.4156632842265094,0.4156632842265094
thetao,W40p0,1,14,-0.415215593322665,0.415215593322665
thetao,W40p0,1,17,-0.41520624360403696,0.41520624360403696
thetao,W30p0,2,15,-0.4139840053554059,0.4139840053554059
so,W30p0,5,3,-0.4128165626324852,0.4128165626324852
so,W60p0,9,12,-0.4104804963094927,0.4104804963094927
thetao,W30p0,2,2,-0.4102819789540311,0.4102819789540311
thetao,W30p0,1,19,-0.40990906826142587,0.40990906826142587
so,W10p0,10,7,0.4063491405083953,0.4063491405083953
thetao,W10p0,1,13,-0.4061357262174759,0.4061357262174759
thetao,W30p0,6,6,-0.40517550622078097,0.40517550622078097
so,W10p0,10,3,0.4041720651600269,0.4041720651600269
so,W30p0,5,2,-0.3996951922809284,0.3996951922809284
thetao,W10p0,1,2,-0.3987823566745508,0.3987823566745508
thetao,W30p0,1,17,-0.3976802899338107,0.3976802899338107
so,W20p0,3,2,-0.3976320938123333,0.3976320938123333
so,W10p0,10,2,0.3973346251598974,0.3973346251598974
so,W30p0,5,1,-0.39618594323847206,0.39618594323847206
thetao,W30p0,1,16,-0.3956000379798353,0.3956000379798353
thetao,W40p0,1,9,-0.39550676955272457,0.39550676955272457
thetao,W10p0,1,9,-0.39523968063566894,0.39523968063566894
thetao,W40p0,2,2,-0.3949708182051851,0.3949708182051851
thetao,W10p0,1,16,-0.3948142337437282,0.3948142337437282
so,W20p0,3,3,-0.39381100670944974,0.39381100670944974
so,W30p0,5,4,-0.3929624297173822,0.3929624297173822
thetao,W30p0,2,4,-0.3916210122428001,0.3916210122428001
thetao,W40p0,2,4,-0.3909411753623169,0.3909411753623169
thetao,W30p0,2,3,-0.39083505223576614,0.39083505223576614
thetao,W40p0,1,10,-0.38927190178072785,0.38927190178072785
so,W40p0,8,1,0.3882107269298025,0.3882107269298025
thetao,W30p0,1,15,-0.38818787915762815,0.38818787915762815
thetao,W40p0,1,11,-0.3868954403963297,0.3868954403963297
thetao,W10p0,1,17,-0.386781587420413,0.386781587420413
thetao,W30p0,1,14,-0.3867614144419738,0.3867614144419738
so,W60p0,9,20,-0.38661321640306434,0.38661321640306434
thetao,W10p0,1,5,-0.3859102461406257,0.3859102461406257
thetao,W40p0,1,13,-0.38539466150174767,0.38539466150174767
thetao,W10p0,1,8,-0.3851030765143863,0.3851030765143863
thetao,W10p0,1,18,-0.38494773473984545,0.38494773473984545
thetao,W10p0,1,6,-0.38493237536324376,0.38493237536324376
thetao,W10p0,1,10,-0.3841530626050322,0.3841530626050322
thetao,W10p0,1,20,-0.3818325772228095,0.3818325772228095
so,W30p0,5,7,-0.38087311876810775,0.38087311876810775
thetao,W30p0,1,13,-0.3805721023894921,0.3805721023894921
thetao,W10p0,5,10,0.3803622076189705,0.3803622076189705
thetao,W30p0,1,5,-0.380000219501921,0.380000219501921
thetao,W10p0,4,3,-0.3790530208405569,0.3790530208405569
thetao,W40p0,1,12,-0.3769444473301276,0.3769444473301276
thetao,W40p0,2,5,-0.3764601343610336,0.3764601343610336
so,W20p0,3,5,-0.3750251568313577,0.3750251568313577
thetao,W40p0,1,3,-0.3750231599224067,0.3750231599224067
so,W30p0,5,6,-0.37203100108842885,0.37203100108842885
thetao,W30p0,6,1,-0.37185334960313743,0.37185334960313743
thetao,W30p0,6,13,-0.37152018154730143,0.37152018154730143
thetao,W40p0,9,6,-0.36965904884256756,0.36965904884256756
thetao,W30p0,2,11,-0.3684643523844891,0.3684643523844891
thetao,W10p0,1,7,-0.3684328186322045,0.3684328186322045
thetao,W20p0,10,10,-0.3676095379014494,0.3676095379014494
so,W30p0,5,8,-0.3674848321257681,0.3674848321257681
thetao,W10p0,1,3,-0.36708858017014667,0.36708858017014667
thetao,W60p0,9,13,0.3667019209487688,0.3667019209487688
thetao,W30p0,1,20,-0.36668958884741465,0.36668958884741465
thetao,W10p0,5,11,0.3666593608255038,0.3666593608255038
so,W60p0,10,10,-0.36626630955936634,0.36626630955936634
so,W40p0,10,19,-0.36616918668494,0.36616918668494
thetao,W30p0,1,10,-0.36548453753218,0.36548453753218
thetao,W40p0,10,4,0.36515275577784834,0.36515275577784834
thetao,W10p0,1,19,-0.36464095351049075,0.36464095351049075
thetao,W40p0,1,18,-0.36442695868925884,0.36442695868925884
thetao,W30p0,2,5,-0.36441043924124406,0.36441043924124406
thetao,W10p0,5,19,0.3642721892469173,0.3642721892469173
thetao,W40p0,1,4,-0.3637371614272283,0.3637371614272283
thetao,W40p0,1,8,-0.36231607869151355,0.36231607869151355
thetao,W30p0,1,9,-0.3618210652672509,0.3618210652672509
so,W30p0,5,0,-0.3609921131981316,0.3609921131981316
thetao,W40p0,2,3,-0.36007278008096155,0.36007278008096155
so,W30p0,5,5,-0.3597817125588125,0.3597817125588125
thetao,W30p0,1,6,-0.3587204445628717,0.3587204445628717
thetao,W30p0,1,11,-0.3581690257529978,0.3581690257529978
so,W20p0,5,14,0.3580195513376928,0.3580195513376928
so,W20p0,3,4,-0.3572342885845228,0.3572342885845228
so,W10p0,10,18,0.3561999430449523,0.3561999430449523
thetao,W20p0,1,19,-0.355433176495033,0.355433176495033
thetao,W60p0,5,10,0.3549478652122581,0.3549478652122581
thetao,W10p0,6,1,-0.3548123195311109,0.3548123195311109
so,W60p0,9,19,-0.3541408921381174,0.3541408921381174
thetao,W20p0,5,11,-0.35327418737455407,0.35327418737455407
thetao,W10p0,1,4,-0.352232047888592,0.352232047888592
thetao,W30p0,1,12,-0.3519069875485917,0.3519069875485917
thetao,W20p0,1,18,-0.3515531849162359,0.3515531849162359
thetao,W40p0,2,11,-0.35040943457621243,0.35040943457621243
thetao,W30p0,6,5,-0.3498402315149653,0.3498402315149653
thetao,W30p0,6,14,-0.34975927306309434,0.34975927306309434
so,W40p0,3,10,-0.34931594167999863,0.34931594167999863
thetao,W60p0,5,12,0.34789703029082525,0.34789703029082525
so,W40p0,3,11,-0.3475867423832769,0.3475867423832769
thetao,W30p0,6,16,-0.346937534079769,0.346937534079769
so,W10p0,10,15,0.3456769322330613,0.3456769322330613
thetao,W30p0,2,12,-0.3454247980918968,0.3454247980918968
so,W40p0,10,18,-0.34439729125888413,0.34439729125888413
thetao,W30p0,1,1,-0.34370882145843945,0.34370882145843945
thetao,W40p0,7,8,-0.34368881091962844,0.34368881091962844
thetao,W30p0,2,14,-0.34342217708542394,0.34342217708542394
so,W60p0,10,9,-0.3428004261071659,0.3428004261071659
thetao,W30p0,1,8,-0.34265022830622843,0.34265022830622843
so,W30p0,5,9,-0.34185709398389463,0.34185709398389463
thetao,W40p0,1,2,-0.34136711285411264,0.34136711285411264
thetao,W30p0,6,12,-0.34113504999216,0.34113504999216
so,W40p0,10,20,-0.34104946450537577,0.34104946450537577
thetao,W30p0,2,7,-0.3406365087306117,0.3406365087306117
so,W10p0,10,8,0.3405251927538721,0.3405251927538721
thetao,W10p0,6,2,-0.3403125802252247,0.3403125802252247
thetao,W60p0,5,13,0.3403026776051275,0.3403026776051275
thetao,W30p0,1,4,-0.34013724366387316,0.34013724366387316
so,W60p0,9,14,-0.33998071810380737,0.33998071810380737
thetao,W10p0,5,9,0.3390094621444117,0.3390094621444117
thetao,W30p0,2,6,-0.3388663023561919,0.3388663023561919
thetao,W60p0,5,11,0.33881641940570306,0.33881641940570306
thetao,W40p0,1,19,-0.3387739986772634,0.3387739986772634
so,W60p0,6,2,-0.3385965045530493,0.3385965045530493
so,W60p0,10,8,-0.3384602695169684,0.3384602695169684
thetao,W40p0,1,0,-0.33761607798029414,0.33761607798029414
thetao,W10p0,6,0,-0.33743463381919914,0.33743463381919914
thetao,W30p0,2,13,-0.33736760841468477,0.33736760841468477
thetao,W60p0,6,5,0.33728542705489883,0.33728542705489883
so,W20p0,9,19,0.33696526771198887,0.33696526771198887
thetao,W30p0,1,7,-0.3365083058290612,0.3365083058290612
so,W20p0,3,1,-0.3363833395086191,0.3363833395086191
thetao,W30p0,2,8,-0.33628360863571566,0.33628360863571566
thetao,W60p0,6,7,0.3360212519995019,0.3360212519995019
thetao,W60p0,9,14,0.3358910429365849,0.3358910429365849
thetao,W60p0,7,2,0.3340371832995431,0.3340371832995431
thetao,W40p0,9,5,-0.3336903911309697,0.3336903911309697
thetao,W10p0,5,18,0.3336193269642765,0.3336193269642765
thetao,W30p0,6,17,-0.3332704809272984,0.3332704809272984
so,W40p0,3,9,-0.33324754280282676,0.33324754280282676
so,W40p0,8,5,0.3330218787158952,0.3330218787158952
so,W40p0,8,6,0.33288336989408884,0.33288336989408884
so,W60p0,9,18,-0.3327557745138826,0.3327557745138826
thetao,W30p0,3,11,0.3326865062596563,0.3326865062596563
thetao,W60p0,6,6,0.3325865466736187,0.3325865466736187
thetao,W40p0,1,5,-0.33239091829362255,0.33239091829362255
so,W20p0,9,20,0.3323318666610062,0.3323318666610062
thetao,W10p0,4,0,-0.33207052372790763,0.33207052372790763
so,W20p0,3,6,-0.3316980647420182,0.3316980647420182
thetao,W20p0,5,10,-0.33151809639887037,0.33151809639887037
thetao,W40p0,1,7,-0.330283577641736,0.330283577641736
thetao,W10p0,5,12,0.3298980443419637,0.3298980443419637
thetao,W20p0,5,4,-0.329104792750705,0.329104792750705
thetao,W40p0,1,1,-0.32903707985953584,0.32903707985953584
so,W10p0,10,10,0.32869882666348593,0.32869882666348593
so,W30p0,5,13,-0.32732381775474684,0.32732381775474684
thetao,W20p0,1,16,-0.32720828396748325,0.32720828396748325
thetao,W20p0,10,11,-0.3270084277612227,0.3270084277612227
thetao,W60p0,7,1,0.3268408649502324,0.3268408649502324
thetao,W10p0,4,1,-0.326799626444576,0.326799626444576
thetao,W60p0,6,4,0.32672714119796975,0.32672714119796975
thetao,W10p0,5,17,0.3266548204638549,0.3266548204638549
thetao,W60p0,6,8,0.3259569972908607,0.3259569972908607
thetao,W60p0,4,12,0.32568267887465174,0.32568267887465174
thetao,W10p0,2,2,-0.3254689774079687,0.3254689774079687
thetao,W30p0,6,11,-0.32475967629903973,0.32475967629903973
thetao,W20p0,10,9,-0.32466158579500565,0.32466158579500565
thetao,W30p0,6,0,-0.3243355880742225,0.3243355880742225
so,W10p0,10,1,0.3241294135951745,0.3241294135951745
so,W40p0,2,18,0.3239406141361625,0.3239406141361625
thetao,W40p0,9,2,-0.32301044134818074,0.32301044134818074
so,W60p0,10,15,-0.32218326557450466,0.32218326557450466
so,W10p0,10,9,0.32177720683190353,0.32177720683190353
thetao,W40p0,9,3,-0.3206501050438533,0.3206501050438533
so,W40p0,8,4,0.32064085772282963,0.32064085772282963
thetao,W20p0,1,17,-0.3204776691912687,0.3204776691912687
so,W30p0,9,2,-0.3204063133667935,0.3204063133667935
so,W10p0,10,12,0.32006584051078135,0.32006584051078135
thetao,W20p0,6,1,-0.3199541995850664,0.3199541995850664
so,W40p0,3,12,-0.31975411165000545,0.31975411165000545
thetao,W40p0,1,6,-0.31899771506798774,0.31899771506798774
thetao,W10p0,4,4,-0.31882739088240275,0.31882739088240275
thetao,W10p0,5,20,0.31842925057769356,0.31842925057769356
so,W60p0,9,3,-0.31824110105164505,0.31824110105164505
so,W30p0,5,14,-0.3174535676661081,0.3174535676661081
thetao,W30p0,2,16,-0.3171039413672689,0.3171039413672689
thetao,W20p0,5,12,-0.31652773228960196,0.31652773228960196
thetao,W10p0,5,13,0.3165139942296036,0.3165139942296036
thetao,W30p0,2,17,-0.316415744035417,0.316415744035417
thetao,W10p0,2,3,-0.3154956673842922,0.3154956673842922
thetao,W20p0,8,5,0.3153352050247526,0.3153352050247526
thetao,W40p0,7,7,-0.31471157452379495,0.31471157452379495
thetao,W20p0,6,6,-0.31413570134467905,0.31413570134467905
so,W10p0,10,14,0.31373105754337943,0.31373105754337943
thetao,W60p0,9,2,0.3136417122052717,0.3136417122052717
so,W60p0,10,16,-0.3128547515030158,0.3128547515030158
thetao,W20p0,6,2,-0.31283903490114395,0.31283903490114395
so,W60p0,6,1,-0.3116291779377201,0.3116291779377201
thetao,W30p0,3,12,0.31142686969792943,0.31142686969792943
so,W10p0,3,17,0.3113585227682553,0.3113585227682553
thetao,W60p0,5,9,0.31103716909188095,0.31103716909188095
so,W60p0,9,11,-0.31093768687294726,0.31093768687294726
thetao,W40p0,9,1,-0.31071618155987635,0.31071618155987635
thetao,W40p0,2,12,-0.3107100377146855,0.3107100377146855
thetao,W60p0,7,3,0.3102200930547827,0.3102200930547827
so,W30p0,9,3,-0.3101272560263589,0.3101272560263589
thetao,W40p0,9,12,-0.3097738499719136,0.3097738499719136
thetao,W20p0,8,4,0.30961631698622755,0.30961631698622755
so,W40p0,3,8,-0.30910504586950127,0.30910504586950127
so,W40p0,9,9,0.3088358444629508,0.3088358444629508
so,W30p0,9,1,-0.3085253901887571,0.3085253901887571
thetao,W30p0,6,15,-0.30770936287532064,0.30770936287532064
so,W10p0,10,17,0.30755680710301325,0.30755680710301325
thetao,W60p0,9,3,0.30744551401770703,0.30744551401770703
so,W10p0,2,2,-0.3069904242012055,0.3069904242012055
so,W60p0,5,1,0.3066430523889998,0.3066430523889998
thetao,W60p0,6,2,0.30642196976947766,0.30642196976947766
thetao,W40p0,1,20,-0.306398632214581,0.306398632214581
so,W20p0,9,15,0.3059555927384947,0.3059555927384947
so,W10p0,10,11,0.30535830570783234,0.30535830570783234
thetao,W40p0,5,0,-0.30519467880604123,0.30519467880604123
so,W60p0,10,20,-0.30477215517398176,0.30477215517398176
so,W60p0,6,0,-0.30441633472895424,0.30441633472895424
so,W20p0,5,13,0.3043153041399672,0.3043153041399672
thetao,W60p0,5,14,0.3042472872862137,0.3042472872862137
thetao,W20p0,6,5,-0.30415028149909634,0.30415028149909634
so,W10p0,7,12,0.3033816919481468,0.3033816919481468
thetao,W40p0,5,9,-0.3031243808093312,0.3031243808093312
so,W20p0,5,15,0.3030135531920433,0.3030135531920433
thetao,W10p0,3,10,0.3028931764648134,0.3028931764648134
so,W20p0,9,18,0.30279313670814517,0.30279313670814517
thetao,W20p0,6,3,-0.30263614743835304,0.30263614743835304
so,W30p0,5,10,-0.30259605956198043,0.30259605956198043
so,W40p0,10,7,-0.30252251776626604,0.30252251776626604
so,W20p0,9,16,0.30197814216485086,0.30197814216485086
so,W60p0,9,6,-0.30147709536842027,0.30147709536842027
so,W10p0,10,16,0.30126142072674095,0.30126142072674095
thetao,W20p0,6,7,-0.30109570055235485,0.30109570055235485
thetao,W30p0,2,18,-0.3010373790374364,0.3010373790374364
thetao,W60p0,3,3,-0.30089415228039573,0.30089415228039573
so,W60p0,10,11,-0.3004516600409179,0.3004516600409179
so,W10p0,2,1,-0.3003797080550646,0.3003797080550646
thetao,W10p0,6,3,-0.2997150976296498,0.2997150976296498
so,W40p0,10,17,-0.299378019498436,0.299378019498436
so,W60p0,10,17,-0.2974393062952523,0.2974393062952523
so,W60p0,10,7,-0.2972472907027762,0.2972472907027762
thetao,W40p0,10,0,0.29635381261109156,0.29635381261109156
thetao,W10p0,3,11,0.29634489966346184,0.29634489966346184
so,W40p0,10,1,-0.2961059865446021,0.2961059865446021
thetao,W10p0,3,14,0.29586250793806806,0.29586250793806806
so,W20p0,3,7,-0.2958476384902371,0.2958476384902371
thetao,W20p0,1,15,-0.2957463439077395,0.2957463439077395
so,W20p0,5,11,0.2951502365680939,0.2951502365680939
thetao,W20p0,10,12,-0.2948743991531291,0.2948743991531291
so,W10p0,3,16,0.29486645853209625,0.29486645853209625
thetao,W20p0,5,13,-0.29464210978303834,0.29464210978303834
thetao,W40p0,7,6,-0.29428313787916716,0.29428313787916716
thetao,W30p0,1,2,-0.2938901998650704,0.2938901998650704
so,W60p0,10,19,-0.29346950659245347,0.29346950659245347
thetao,W20p0,6,4,-0.2932992074770226,0.2932992074770226
thetao,W60p0,4,20,0.2931304198715655,0.2931304198715655
thetao,W40p0,2,15,-0.29293070931544896,0.29293070931544896
thetao,W20p0,1,8,-0.2924587305348498,0.2924587305348498
thetao,W20p0,1,9,-0.29235538864968375,0.29235538864968375
so,W60p0,10,18,-0.29229178065797773,0.29229178065797773
so,W60p0,5,2,0.29213546096932225,0.29213546096932225
so,W10p0,3,18,0.2915502430618547,0.2915502430618547
thetao,W30p0,2,10,-0.2912911628939987,0.2912911628939987
so,W40p0,8,2,0.29046825622505196,0.29046825622505196
so,W20p0,9,17,0.2902625506428852,0.2902625506428852
thetao,W20p0,8,3,0.29021460433814816,0.29021460433814816
so,W10p0,2,3,-0.2898858223807979,0.2898858223807979
thetao,W40p0,9,4,-0.2889292597911568,0.2889292597911568
so,W10p0,10,13,0.28873900082495707,0.28873900082495707
so,W10p0,4,11,0.2885724162330786,0.2885724162330786
so,W40p0,3,7,-0.2883882372103512,0.2883882372103512
thetao,W10p0,5,14,0.2883015029970116,0.2883015029970116
thetao,W60p0,4,11,0.2882290178901254,0.2882290178901254
thetao,W40p0,10,5,0.2880150359299096,0.2880150359299096
thetao,W10p0,4,2,-0.2878664215773167,0.2878664215773167
thetao,W10p0,3,13,0.2876482943813816,0.2876482943813816
thetao,W40p0,10,3,0.2873588769440977,0.2873588769440977
so,W60p0,9,7,-0.287319189934235,0.287319189934235
thetao,W40p0,5,13,-0.2869503568843835,0.2869503568843835
so,W10p0,10,0,0.28638336208752785,0.28638336208752785
thetao,W60p0,3,4,-0.2857458734127792,0.2857458734127792
so,W10p0,7,11,0.28534877848066403,0.28534877848066403
thetao,W10p0,3,15,0.2847973436446684,0.2847973436446684
so,W10p0,4,10,0.2847862665420104,0.2847862665420104
thetao,W20p0,8,2,0.284763296474105,0.284763296474105
so,W40p0,10,8,-0.2844469585140421,0.2844469585140421
thetao,W40p0,2,10,-0.2843350397447531,0.2843350397447531
thetao,W40p0,2,6,-0.2835088828811378,0.2835088828811378
thetao,W30p0,6,18,-0.28312470476369167,0.28312470476369167
thetao,W60p0,6,1,0.2831133684539447,0.2831133684539447
thetao,W40p0,2,7,-0.28290583125520236,0.28290583125520236
thetao,W20p0,10,8,-0.28281419311896483,0.28281419311896483
so,W30p0,10,3,0.28260180484687625,0.28260180484687625
so,W20p0,3,0,-0.2821519632916631,0.2821519632916631
so,W30p0,5,12,-0.2821014629594058,0.2821014629594058
thetao,W40p0,9,0,-0.28142306840696657,0.28142306840696657
thetao,W20p0,5,5,-0.28068420928420723,0.28068420928420723
so,W40p0,10,0,-0.28049847544662704,0.28049847544662704
so,W60p0,6,4,-0.28026634934793365,0.28026634934793365
so,W20p0,9,14,0.27987683116756346,0.27987683116756346
so,W40p0,8,7,0.2793724498997485,0.2793724498997485
thetao,W60p0,9,12,0.2793121678394601,0.2793121678394601
so,W10p0,9,10,-0.27906661151262635,0.27906661151262635
thetao,W20p0,5,0,-0.2788393579486837,0.2788393579486837
thetao,W20p0,10,13,-0.27859491995731767,0.27859491995731767
thetao,W10p0,2,1,-0.27761373348942947,0.27761373348942947
thetao,W60p0,4,0,0.27748268631358636,0.27748268631358636
thetao,W60p0,6,18,0.27713153503299764,0.27713153503299764
so,W20p0,3,8,-0.27696314264223104,0.27696314264223104
thetao,W20p0,1,20,-0.2768118006631685,0.2768118006631685
so,W40p0,2,17,0.27486828937317326,0.27486828937317326
so,W60p0,6,10,-0.2742265583351119,0.2742265583351119
thetao,W20p0,8,1,0.2741289655750186,0.2741289655750186
thetao,W40p0,2,13,-0.2740369205557516,0.2740369205557516
thetao,W40p0,7,5,-0.2738344256014071,0.2738344256014071
thetao,W60p0,6,3,0.2733379469898815,0.2733379469898815
thetao,W10p0,2,4,-0.2732622067839053,0.2732622067839053
thetao,W60p0,5,8,0.27189222638945354,0.27189222638945354
thetao,W40p0,2,14,-0.2716165684515634,0.2716165684515634
thetao,W40p0,7,9,-0.2714793343825829,0.2714793343825829
thetao,W40p0,5,18,-0.2714685263815072,0.2714685263815072
thetao,W10p0,4,16,-0.2713683171463462,0.2713683171463462
so,W40p0,10,9,-0.27136412078939987,0.27136412078939987
thetao,W40p0,5,8,-0.2713146378944028,0.2713146378944028
so,W30p0,10,12,0.2712445877589251,0.2712445877589251
thetao,W20p0,5,3,-0.2710518685234432,0.2710518685234432
thetao,W40p0,10,1,0.2710517016572794,0.2710517016572794
thetao,W60p0,4,13,0.27099786069319676,0.27099786069319676
so,W20p0,5,19,0.2708947253936861,0.2708947253936861
so,W20p0,4,16,0.27081556826874603,0.27081556826874603
so,W60p0,5,0,0.27033756675123355,0.27033756675123355
thetao,W30p0,1,3,-0.2702305154665237,0.2702305154665237
so,W10p0,7,3,0.2699219073350775,0.2699219073350775
thetao,W30p0,6,20,-0.26975628364197923,0.26975628364197923
so,W30p0,8,1,0.26964495460555804,0.26964495460555804
thetao,W10p0,6,9,-0.26940243310654205,0.26940243310654205
so,W60p0,9,2,-0.2693897289904665,0.2693897289904665
so,W10p0,7,2,0.26857240316831454,0.26857240316831454
thetao,W40p0,2,8,-0.26782397631188404,0.26782397631188404
so,W60p0,9,8,-0.26773765443003317,0.26773765443003317
so,W20p0,9,5,0.2676329281815199,0.2676329281815199
thetao,W60p0,5,18,0.2671809388012108,0.2671809388012108
thetao,W30p0,2,19,-0.26692892071427926,0.26692892071427926
so,W20p0,2,19,0.2665877989383836,0.2665877989383836
thetao,W60p0,4,10,0.26651476629475684,0.26651476629475684
thetao,W10p0,6,5,-0.2664011168774856,0.2664011168774856
so,W20p0,3,9,-0.2663800835998604,0.2663800835998604
so,W10p0,7,13,0.266350227403426,0.266350227403426
so,W30p0,8,2,0.2656611568035425,0.2656611568035425
thetao,W40p0,5,7,-0.265065006357678,0.265065006357678
thetao,W10p0,3,12,0.2649270716463953,0.2649270716463953
so,W30p0,9,15,-0.26472903376615325,0.26472903376615325
so,W30p0,2,5,-0.2644913051706552,0.2644913051706552
so,W10p0,4,9,0.26346979428623174,0.26346979428623174
thetao,W30p0,3,10,0.26259009202248934,0.26259009202248934
thetao,W20p0,1,14,-0.2623983894150729,0.2623983894150729
so,W20p0,4,15,0.26211730158239216,0.26211730158239216
so,W10p0,8,20,-0.2618822900325823,0.2618822900325823
thetao,W60p0,9,1,0.2616502906719281,0.2616502906719281
so,W60p0,3,14,-0.26162478158225955,0.26162478158225955
so,W40p0,10,6,-0.2611438419466847,0.2611438419466847
so,W20p0,2,18,0.2610914996946888,0.2610914996946888
so,W40p0,9,10,0.26105304306029037,0.26105304306029037
thetao,W20p0,1,7,-0.2609969019542491,0.2609969019542491
so,W20p0,5,10,0.26068198559474187,0.26068198559474187
so,W60p0,10,12,-0.26021165612810593,0.26021165612810593
thetao,W10p0,6,7,-0.26013557394314607,0.26013557394314607
so,W30p0,2,9,-0.26001326789506557,0.26001326789506557
thetao,W30p0,2,20,-0.25989423033058606,0.25989423033058606
so,W10p0,2,0,-0.2594749308585582,0.2594749308585582
so,W30p0,9,14,-0.259422958094325,0.259422958094325
so,W20p0,5,20,0.2588972433033604,0.2588972433033604
thetao,W30p0,3,13,0.2588781814703533,0.2588781814703533
so,W60p0,9,5,-0.25852424517428557,0.25852424517428557
so,W30p0,9,0,-0.2584563044969426,0.2584563044969426
thetao,W10p0,6,6,-0.2582866647237508,0.2582866647237508
thetao,W20p0,1,1,-0.25812509333971906,0.25812509333971906
so,W40p0,8,3,0.2580635624363912,0.2580635624363912
so,W40p0,10,16,-0.2577959297565386,0.2577959297565386
so,W20p0,5,12,0.2576491454558437,0.2576491454558437
thetao,W10p0,3,9,0.2575764672242407,0.2575764672242407
so,W40p0,3,3,-0.2574917649596182,0.2574917649596182
so,W60p0,5,3,0.2573166989061684,0.2573166989061684
thetao,W40p0,9,7,-0.2571648701475428,0.2571648701475428
so,W60p0,3,10,-0.2569534437871122,0.2569534437871122
thetao,W10p0,5,8,0.25688373734064074,0.25688373734064074
thetao,W60p0,5,20,0.25684124608235626,0.25684124608235626
so,W10p0,9,11,-0.2562609476982721,0.2562609476982721
thetao,W20p0,10,7,-0.2561949425117617,0.2561949425117617
so,W30p0,2,4,-0.25617409197340296,0.25617409197340296
so,W40p0,10,5,-0.2561553941329931,0.2561553941329931
so,W30p0,5,19,-0.256129979832906,0.256129979832906
thetao,W60p0,6,9,0.256118758718524,0.256118758718524
thetao,W30p0,6,19,-0.25530027816022516,0.25530027816022516
thetao,W20p0,8,7,0.25520584275605973,0.25520584275605973
so,W40p0,2,16,0.2550515357801361,0.2550515357801361
so,W40p0,3,6,-0.2550252126074121,0.2550252126074121
thetao,W60p0,6,19,0.255018215401412,0.255018215401412
thetao,W10p0,6,8,-0.2548415490879388,0.2548415490879388
so,W60p0,10,14,-0.254620976117672,0.254620976117672
thetao,W60p0,7,0,0.2545279733933334,0.2545279733933334
so,W60p0,6,3,-0.2544414881247302,0.2544414881247302
thetao,W10p0,5,5,0.2539834047761292,0.2539834047761292
thetao,W20p0,5,15,-0.25393599004978035,0.25393599004978035
so,W30p0,7,9,-0.25387528636792667,0.25387528636792667
thetao,W20p0,8,9,0.2531445466084242,0.2531445466084242
so,W30p0,10,13,0.2530418999992563,0.2530418999992563
so,W60p0,6,5,-0.25246783703244347,0.25246783703244347
thetao,W60p0,4,5,0.25206851182137097,0.25206851182137097
thetao,W40p0,5,17,-0.2517955105027816,0.2517955105027816
thetao,W10p0,5,16,0.251688194700595,0.251688194700595
so,W30p0,9,16,-0.25153980379054625,0.25153980379054625
so,W30p0,2,6,-0.25095917764120795,0.25095917764120795
so,W60p0,9,10,-0.2508229290214853,0.2508229290214853
thetao,W10p0,2,6,-0.2503008601229055,0.2503008601229055
thetao,W10p0,10,9,0.24964666961485368,0.24964666961485368
thetao,W60p0,5,16,0.24953572712006322,0.24953572712006322
so,W40p0,3,4,-0.24895487686951337,0.24895487686951337
thetao,W20p0,6,8,-0.24876046172097466,0.24876046172097466
so,W60p0,6,17,-0.24866131147170412,0.24866131147170412
thetao,W10p0,4,17,-0.24809266521268827,0.24809266521268827
thetao,W20p0,5,14,-0.2480156036932407,0.2480156036932407
thetao,W10p0,5,7,0.24797961422576426,0.24797961422576426
so,W20p0,5,16,0.2479156197931153,0.2479156197931153
so,W10p0,7,10,0.24777391246487432,0.24777391246487432
thetao,W40p0,5,12,-0.24775747615529134,0.24775747615529134
so,W30p0,5,11,-0.24745983956580045,0.24745983956580045
thetao,W40p0,5,16,-0.2464498080475771,0.2464498080475771
thetao,W20p0,8,6,0.24621487471835127,0.24621487471835127
thetao,W20p0,8,0,0.24592168280421625,0.24592168280421625
thetao,W40p0,6,2,-0.24580747512102027,0.24580747512102027
so,W10p0,4,12,0.24536793675414906,0.24536793675414906
so,W10p0,9,9,-0.24533717594588117,0.24533717594588117
so,W10p0,3,19,0.24516757000993852,0.24516757000993852
thetao,W60p0,5,7,0.2451054253823749,0.2451054253823749
thetao,W60p0,3,2,-0.244970187520858,0.244970187520858
thetao,W10p0,6,4,-0.24439039277140154,0.24439039277140154
thetao,W60p0,3,1,-0.24427010352285136,0.24427010352285136
so,W60p0,6,9,-0.24420980345005303,0.24420980345005303
thetao,W20p0,4,4,-0.2438690345740329,0.2438690345740329
so,W40p0,10,2,-0.24334577287988388,0.24334577287988388
thetao,W60p0,6,10,0.2432017908158679,0.2432017908158679
thetao,W20p0,8,8,0.24319418066134357,0.24319418066134357
so,W30p0,10,2,0.24312277709335117,0.24312277709335117
thetao,W10p0,2,12,-0.24304436233561627,0.24304436233561627
so,W30p0,9,4,-0.24297559408650682,0.24297559408650682
thetao,W20p0,5,9,-0.24282335817938092,0.24282335817938092
so,W60p0,4,12,-0.24272732376998915,0.24272732376998915
thetao,W20p0,10,6,-0.24258612563168666,0.24258612563168666
thetao,W20p0,1,6,-0.24243886829122116,0.24243886829122116
so,W60p0,6,7,-0.24217848854668345,0.24217848854668345
so,W30p0,8,0,0.24141514662386868,0.24141514662386868
so,W40p0,2,9,0.241394575056819,0.241394575056819
thetao,W40p0,5,1,-0.2411412391363398,0.2411412391363398
thetao,W40p0,10,2,0.24113020386140424,0.24113020386140424
so,W60p0,3,13,-0.24091045740441874,0.24091045740441874
thetao,W60p0,6,16,0.24068178301429666,0.24068178301429666
so,W60p0,3,11,-0.2406213756712768,0.2406213756712768
thetao,W60p0,5,19,0.24059349806779123,0.24059349806779123
so,W60p0,6,11,-0.24055046754971043,0.24055046754971043
so,W30p0,10,11,0.24047061685321972,0.24047061685321972
so,W30p0,2,3,-0.24032184511348273,0.24032184511348273
thetao,W60p0,5,15,0.24027328681034507,0.24027328681034507
so,W40p0,9,8,0.24027178711791095,0.24027178711791095
thetao,W30p0,8,8,0.23972517243198455,0.23972517243198455
so,W10p0,8,0,0.2396920465586037,0.2396920465586037
thetao,W60p0,3,14,-0.23929544454816662,0.23929544454816662
thetao,W60p0,3,7,-0.23922475741200433,0.23922475741200433
thetao,W40p0,9,11,-0.23884431841849646,0.23884431841849646
thetao,W10p0,2,5,-0.23853470631955084,0.23853470631955084
so,W40p0,3,13,-0.23812371771053045,0.23812371771053045
so,W20p0,3,10,-0.23809384461841007,0.23809384461841007
thetao,W40p0,2,20,-0.23798140986016636,0.23798140986016636
thetao,W30p0,2,9,-0.23790482725312315,0.23790482725312315
so,W60p0,3,12,-0.2374419636394626,0.2374419636394626
thetao,W40p0,9,13,-0.23720587872509738,0.23720587872509738
thetao,W20p0,5,17,-0.23716414741000905,0.23716414741000905
thetao,W60p0,3,15,-0.23677314143744366,0.23677314143744366
thetao,W60p0,4,14,0.23649548430300674,0.23649548430300674
thetao,W10p0,2,7,-0.2362610259257116,0.2362610259257116
so,W60p0,6,19,-0.23623016989207246,0.23623016989207246
thetao,W40p0,5,10,-0.2359601238884856,0.2359601238884856
thetao,W10p0,5,4,0.23577797317665125,0.23577797317665125
thetao,W20p0,8,19,0.2357002823939475,0.2357002823939475
thetao,W60p0,6,15,0.23569078417140293,0.23569078417140293
thetao,W20p0,10,20,-0.2355307033122665,0.2355307033122665
so,W20p0,5,4,0.235216542144405,0.235216542144405
thetao,W10p0,9,20,-0.23491402503585126,0.23491402503585126
thetao,W20p0,4,0,-0.23466603596257163,0.23466603596257163
so,W10p0,7,15,0.23449826003919041,0.23449826003919041
so,W20p0,5,2,0.23414796367004015,0.23414796367004015
so,W60p0,9,16,-0.23376978963725925,0.23376978963725925
thetao,W60p0,5,17,0.23361296087499447,0.23361296087499447
thetao,W60p0,7,4,0.23336033760255778,0.23336033760255778
thetao,W10p0,10,5,0.23322681756852978,0.23322681756852978
so,W60p0,9,4,-0.23302919565403385,0.23302919565403385
so,W60p0,5,6,0.2328379124803085,0.2328379124803085
so,W10p0,4,13,0.23269044533888875,0.23269044533888875
so,W40p0,10,4,-0.23266642594818782,0.23266642594818782
so,W10p0,7,9,0.23248637166555114,0.23248637166555114
so,W20p0,9,13,0.23235961626719684,0.23235961626719684
so,W60p0,6,8,-0.23198411508646474,0.23198411508646474
so,W40p0,2,13,0.2319215487166215,0.2319215487166215
thetao,W60p0,6,0,0.23148365858653824,0.23148365858653824
thetao,W40p0,5,2,-0.2309805101791946,0.2309805101791946
so,W30p0,9,7,-0.23096550563545692,0.23096550563545692
thetao,W10p0,9,19,-0.2303324508398617,0.2303324508398617
thetao,W10p0,2,0,-0.2300098607392121,0.2300098607392121
so,W60p0,6,20,-0.22971373791913605,0.22971373791913605
so,W60p0,3,9,-0.22964523238977433,0.22964523238977433
thetao,W10p0,5,6,0.2294231396355941,0.2294231396355941
thetao,W60p0,9,0,0.22871372798600106,0.22871372798600106
thetao,W40p0,2,9,-0.22847990075563085,0.22847990075563085
so,W20p0,5,1,0.22845886999871207,0.22845886999871207
so,W30p0,5,15,-0.22820688641341963,0.22820688641341963
thetao,W40p0,4,10,-0.22778518344400048,0.22778518344400048
so,W60p0,4,13,-0.22776836415926507,0.22776836415926507
thetao,W60p0,6,17,0.22775683059983487,0.22775683059983487
thetao,W10p0,2,13,-0.2276875466992024,0.2276875466992024
so,W60p0,6,15,-0.22663289028090322,0.22663289028090322
so,W60p0,10,5,-0.22659955495670506,0.22659955495670506
so,W40p0,10,15,-0.22619423748446246,0.22619423748446246
thetao,W40p0,4,11,-0.22543309984553786,0.22543309984553786
thetao,W20p0,1,0,-0.22533841952232572,0.22533841952232572
thetao,W20p0,6,0,-0.22532615397702072,0.22532615397702072
so,W20p0,2,17,0.2250521573526725,0.2250521573526725
so,W60p0,9,17,-0.22504902215498804,0.22504902215498804
so,W10p0,7,14,0.22494111715306347,0.22494111715306347
thetao,W60p0,9,6,0.22444159871922514,0.22444159871922514
so,W60p0,6,18,-0.2239279660991005,0.2239279660991005
so,W60p0,9,15,-0.22349453754701343,0.22349453754701343
thetao,W20p0,4,16,-0.22315546875058095,0.22315546875058095
thetao,W20p0,5,2,-0.2231141160945296,0.2231141160945296
so,W40p0,2,10,0.22289421511211646,0.22289421511211646
thetao,W20p0,4,9,-0.22285431030891795,0.22285431030891795
so,W20p0,9,4,0.22284114265137553,0.22284114265137553
thetao,W60p0,9,7,0.22249694162985525,0.22249694162985525
thetao,W10p0,2,11,-0.2221645461245809,0.2221645461245809
thetao,W20p0,10,14,-0.2221171537254923,0.2221171537254923
so,W10p0,3,15,0.22202974285804303,0.22202974285804303
so,W10p0,2,4,-0.22190610871425204,0.22190610871425204
thetao,W20p0,8,20,0.22173897921823166,0.22173897921823166
so,W20p0,9,8,0.22164168372679444,0.22164168372679444
thetao,W20p0,5,16,-0.22155966613958064,0.22155966613958064
so,W60p0,10,13,-0.2212382653894396,0.2212382653894396
thetao,W60p0,3,6,-0.22094887568952493,0.22094887568952493
thetao,W20p0,4,7,-0.22092427645467957,0.22092427645467957
thetao,W60p0,6,20,0.22080852840098658,0.22080852840098658
thetao,W20p0,4,15,-0.2207105071589331,0.2207105071589331
thetao,W20p0,5,6,-0.22011469629359948,0.22011469629359948
thetao,W10p0,3,8,0.21997129441573796,0.21997129441573796
so,W20p0,5,3,0.21984237190677455,0.21984237190677455
so,W10p0,7,1,0.21981076676792055,0.21981076676792055
thetao,W20p0,1,2,-0.2197951446328656,0.2197951446328656
thetao,W60p0,6,14,0.2196787287737007,0.2196787287737007
thetao,W30p0,9,8,-0.2195797123878482,0.2195797123878482
thetao,W20p0,10,5,-0.2195588181875779,0.2195588181875779
thetao,W20p0,4,17,-0.21943428451086644,0.21943428451086644
so,W20p0,4,20,0.2192252836782777,0.2192252836782777
so,W40p0,7,6,-0.21921358919955264,0.21921358919955264
so,W20p0,4,14,0.21919899332137538,0.21919899332137538
so,W30p0,2,8,-0.21907259310737884,0.21907259310737884
thetao,W20p0,1,10,-0.2186716411888385,0.2186716411888385
so,W30p0,5,18,-0.21823313917096362,0.21823313917096362
so,W30p0,2,7,-0.21820991816019344,0.21820991816019344
so,W30p0,10,4,0.2180832767141773,0.2180832767141773
thetao,W20p0,5,1,-0.21748457768894913,0.21748457768894913
so,W20p0,9,11,0.21743526691130863,0.21743526691130863
so,W40p0,3,2,-0.2173903912602957,0.2173903912602957
thetao,W40p0,2,19,-0.21732610680972797,0.21732610680972797
so,W60p0,5,4,0.21726865601551634,0.21726865601551634
so,W10p0,7,4,0.216771214741469,0.216771214741469
thetao,W10p0,9,18,-0.21667043246821852,0.21667043246821852
thetao,W10p0,8,5,0.2163805798351954,0.2163805798351954
so,W40p0,10,10,-0.2161950229441063,0.2161950229441063
so,W20p0,5,18,0.21594997643223868,0.21594997643223868
so,W20p0,9,6,0.21557407529790346,0.21557407529790346
thetao,W10p0,10,6,0.2154135162898485,0.2154135162898485
thetao,W20p0,4,3,-0.2153087098615519,0.2153087098615519
so,W20p0,2,8,0.215051811977098,0.215051811977098
so,W40p0,3,5,-0.21472905219030655,0.21472905219030655
thetao,W10p0,5,15,0.21447802048281078,0.21447802048281078
so,W10p0,8,19,-0.21385163282122363,0.21385163282122363
thetao,W20p0,4,10,-0.2137268297273326,0.2137268297273326
so,W20p0,5,9,0.21372449091574658,0.21372449091574658
so,W20p0,4,19,0.21346069001517906,0.21346069001517906
thetao,W10p0,3,16,0.21317318895533255,0.21317318895533255
thetao,W20p0,9,2,0.21312627311423896,0.21312627311423896
so,W40p0,2,8,0.21278483917618246,0.21278483917618246
so,W40p0,10,3,-0.2123185725877131,0.2123185725877131
so,W60p0,6,16,-0.21230331779686876,0.21230331779686876
thetao,W20p0,9,20,-0.2122409703646213,0.2122409703646213
thetao,W40p0,6,1,-0.21217742335920337,0.21217742335920337
thetao,W10p0,8,4,0.21208038399265236,0.21208038399265236
so,W20p0,9,12,0.21201344123273677,0.21201344123273677
so,W30p0,2,10,-0.21186356574513449,0.21186356574513449
so,W20p0,4,17,0.21125731109600082,0.21125731109600082
so,W60p0,10,6,-0.21090901172648274,0.21090901172648274
thetao,W20p0,1,13,-0.210788831108986,0.210788831108986
thetao,W10p0,6,10,-0.210471545388177,0.210471545388177
so,W40p0,2,15,0.21003380188093831,0.21003380188093831
so,W40p0,10,13,-0.20875084904833907,0.20875084904833907
thetao,W40p0,10,6,0.20854382965880489,0.20854382965880489
thetao,W20p0,6,9,-0.208464473941861,0.208464473941861
so,W30p0,3,10,0.20839088753326238,0.20839088753326238
thetao,W20p0,1,5,-0.2082531711208522,0.2082531711208522
so,W60p0,9,9,-0.20751707538413175,0.20751707538413175
so,W40p0,2,19,0.20724521182117556,0.20724521182117556
so,W20p0,5,8,0.2070996687872013,0.2070996687872013
so,W30p0,4,13,0.20708814101409398,0.20708814101409398
thetao,W60p0,10,0,0.2070573347396219,0.2070573347396219
so,W20p0,7,16,0.206997203384268,0.206997203384268
so,W10p0,9,8,-0.2067760777055002,0.2067760777055002
thetao,W10p0,10,7,0.20660759091994801,0.20660759091994801
so,W40p0,10,14,-0.20639115290102203,0.20639115290102203
thetao,W10p0,4,7,-0.20638391360348465,0.20638391360348465
thetao,W10p0,10,10,0.20568798914132388,0.20568798914132388
so,W60p0,3,8,-0.20542276220808264,0.20542276220808264
thetao,W20p0,9,19,-0.2053526589533906,0.2053526589533906
thetao,W60p0,4,18,0.20508277840879627,0.20508277840879627
thetao,W40p0,5,11,-0.2044226289667494,0.2044226289667494
thetao,W20p0,10,19,-0.20419223216128568,0.20419223216128568
so,W30p0,2,18,-0.2039599929297192,0.2039599929297192
so,W30p0,10,5,0.20390968119352693,0.20390968119352693
thetao,W40p0,5,3,-0.20386706977141925,0.20386706977141925
so,W30p0,9,6,-0.2035677822698519,0.2035677822698519
thetao,W20p0,5,7,-0.20351293412426644,0.20351293412426644
thetao,W60p0,3,13,-0.20327286107981551,0.20327286107981551
thetao,W30p0,8,9,0.2029397110949715,0.2029397110949715
thetao,W40p0,2,16,-0.20276156622541253,0.20276156622541253
so,W40p0,4,0,-0.20271361895085538,0.20271361895085538
so,W30p0,10,6,0.2024786397250797,0.2024786397250797
thetao,W60p0,9,4,0.20217643349224126,0.20217643349224126
thetao,W60p0,10,1,0.2021534169242754,0.2021534169242754
thetao,W20p0,5,8,-0.2020190354747466,0.2020190354747466
thetao,W40p0,8,7,-0.20090654126885216,0.20090654126885216
so,W60p0,9,1,-0.2003707419302581,0.2003707419302581
so,W30p0,9,8,-0.19984221538063732,0.19984221538063732
thetao,W10p0,10,8,0.19930042870178483,0.19930042870178483
so,W30p0,9,17,-0.1992260773694722,0.1992260773694722
so,W20p0,4,18,0.19881354505337126,0.19881354505337126
thetao,W60p0,4,8,0.19875060890415597,0.19875060890415597
thetao,W60p0,3,0,-0.1985032963590214,0.1985032963590214
thetao,W40p0,2,17,-0.1984621597689563,0.1984621597689563
thetao,W20p0,1,12,-0.1981740202582505,0.1981740202582505
thetao,W60p0,5,5,0.19805305299461157,0.19805305299461157
so,W30p0,5,17,-0.19778610624471235,0.19778610624471235
so,W10p0,6,9,0.19759443585098765,0.19759443585098765
thetao,W60p0,9,8,0.19758838177089727,0.19758838177089727
thetao,W10p0,3,7,0.1975266665982511,0.1975266665982511
thetao,W20p0,1,11,-0.197353659192135,0.197353659192135
thetao,W10p0,2,8,-0.19666386043795517,0.19666386043795517
so,W60p0,6,6,-0.1965930936224571,0.1965930936224571
so,W20p0,2,7,0.1963759811150967,0.1963759811150967
so,W20p0,5,17,0.19620809535110156,0.19620809535110156
thetao,W60p0,7,5,0.19617903634881836,0.19617903634881836
so,W20p0,5,0,0.1961642037516539,0.1961642037516539
so,W40p0,3,0,-0.1958551648662625,0.1958551648662625
thetao,W40p0,7,10,-0.19581151893803936,0.19581151893803936
so,W60p0,4,8,-0.19546203768485923,0.19546203768485923
thetao,W60p0,9,16,0.1953811331099077,0.1953811331099077
so,W20p0,5,5,0.19532603890218425,0.19532603890218425
so,W10p0,3,20,0.19523226357055692,0.19523226357055692
so,W30p0,5,16,-0.19491220468301854,0.19491220468301854
thetao,W60p0,4,6,0.19422139229652802,0.19422139229652802
so,W30p0,4,14,0.1942207184429668,0.1942207184429668
so,W30p0,8,3,0.19389192886469853,0.19389192886469853
so,W20p0,3,11,-0.19378479827055942,0.19378479827055942
so,W20p0,9,7,0.19359565400768045,0.19359565400768045
so,W20p0,2,9,0.19335166437198564,0.19335166437198564
thetao,W20p0,8,18,0.19319389178201266,0.19319389178201266
thetao,W40p0,5,6,-0.19286671941894637,0.19286671941894637
thetao,W10p0,2,10,-0.1928535153001171,0.1928535153001171
thetao,W20p0,4,8,-0.1923455850835842,0.1923455850835842
so,W10p0,8,14,-0.1922146806910187,0.1922146806910187
thetao,W40p0,8,8,-0.1919860811295612,0.1919860811295612
so,W30p0,4,10,0.1919426738991115,0.1919426738991115
thetao,W60p0,9,15,0.19193362921137283,0.19193362921137283
so,W40p0,10,11,-0.1917364541438031,0.1917364541438031
thetao,W60p0,4,19,0.19121741155100538,0.19121741155100538
so,W40p0,2,7,0.1910653758150449,0.1910653758150449
so,W30p0,3,11,0.19082123846073956,0.19082123846073956
thetao,W60p0,7,18,0.19081907341512314,0.19081907341512314
thetao,W20p0,8,10,0.19026845634148973,0.19026845634148973
so,W30p0,10,10,0.1898773644643293,0.1898773644643293
so,W20p0,2,6,0.1895181404476415,0.1895181404476415
so,W10p0,7,8,0.18899735549515526,0.18899735549515526
so,W10p0,4,17,0.18883266345094754,0.18883266345094754
so,W30p0,7,10,-0.18854971409096544,0.18854971409096544
thetao,W60p0,7,17,0.18806260135982536,0.18806260135982536
thetao,W40p0,7,4,-0.18781341691288617,0.18781341691288617
thetao,W20p0,4,14,-0.18760465575912072,0.18760465575912072
thetao,W60p0,5,6,0.187343760591139,0.187343760591139
so,W30p0,9,5,-0.18661393737775914,0.18661393737775914
so,W60p0,6,12,-0.18656943145584015,0.18656943145584015
so,W60p0,10,2,-0.18654384749056446,0.18654384749056446
so,W40p0,3,1,-0.18599447475810987,0.18599447475810987
thetao,W60p0,9,9,0.18597028501838103,0.18597028501838103
so,W30p0,2,12,-0.18587584840197954,0.18587584840197954
thetao,W20p0,10,0,-0.18583785189622432,0.18583785189622432
so,W60p0,3,15,-0.18582130404468836,0.18582130404468836
so,W10p0,9,5,-0.18558544960465304,0.18558544960465304
thetao,W10p0,4,6,-0.18552696062502638,0.18552696062502638
thetao,W30p0,3,14,0.18552070751605626,0.18552070751605626
so,W10p0,8,13,-0.18535350021406172,0.18535350021406172
thetao,W60p0,6,11,0.18531141610856153,0.18531141610856153
so,W20p0,7,15,0.18496632982984446,0.18496632982984446
so,W10p0,9,6,-0.18489004865420827,0.18489004865420827
so,W30p0,4,11,0.18488609150077298,0.18488609150077298
thetao,W40p0,8,6,-0.18469613809068544,0.18469613809068544
so,W20p0,2,16,0.18459086154473608,0.18459086154473608
so,W40p0,6,11,0.18448755264281141,0.18448755264281141
thetao,W40p0,8,2,-0.18435438305922597,0.18435438305922597
so,W40p0,2,14,0.18433778275783103,0.18433778275783103
so,W20p0,5,7,0.1841486095062512,0.1841486095062512
thetao,W60p0,6,13,0.18402830359567734,0.18402830359567734
thetao,W40p0,9,18,-0.18348473970978954,0.18348473970978954
so,W40p0,2,12,0.18346752734025298,0.18346752734025298
thetao,W10p0,3,3,0.18338257820502274,0.18338257820502274
thetao,W60p0,4,9,0.1833032024657781,0.1833032024657781
so,W40p0,4,8,-0.18311907552860646,0.18311907552860646
thetao,W10p0,4,15,-0.18162566292500815,0.18162566292500815
so,W40p0,9,7,0.18145970786765567,0.18145970786765567
thetao,W20p0,5,18,-0.18110265308320558,0.18110265308320558
thetao,W40p0,4,9,-0.18096990738194646,0.18096990738194646
so,W20p0,5,6,0.1807492245849235,0.1807492245849235
thetao,W30p0,9,9,-0.18035491279513913,0.18035491279513913
so,W60p0,5,5,0.18032517326649844,0.18032517326649844
thetao,W60p0,4,7,0.1801389510246151,0.1801389510246151
so,W60p0,4,14,-0.18003236952698237,0.18003236952698237
thetao,W20p0,4,1,-0.179999287679972,0.179999287679972
so,W30p0,10,18,0.1798887296063881,0.1798887296063881
so,W30p0,2,19,-0.17903936400552653,0.17903936400552653
thetao,W10p0,4,5,-0.17879269051992155,0.17879269051992155
thetao,W30p0,8,7,0.17876323789646234,0.17876323789646234
thetao,W40p0,5,14,-0.1784763028781115,0.1784763028781115
so,W10p0,4,8,0.1784332259386483,0.1784332259386483
so,W20p0,3,12,-0.17792442755121046,0.17792442755121046
thetao,W60p0,3,8,-0.17687699888954964,0.17687699888954964
so,W10p0,8,18,-0.1765722836572313,0.1765722836572313
so,W40p0,8,8,0.1765508695335919,0.1765508695335919
thetao,W40p0,10,16,0.17633460779761534,0.17633460779761534
so,W30p0,2,2,-0.17619665607105506,0.17619665607105506
so,W40p0,4,19,-0.17589837819803497,0.17589837819803497
so,W20p0,9,9,0.1752827662056634,0.1752827662056634
so,W30p0,10,1,0.17495709240766816,0.17495709240766816
so,W40p0,3,18,-0.17492083627948946,0.17492083627948946
so,W60p0,4,11,-0.17483287312223472,0.17483287312223472
thetao,W20p0,3,16,-0.17481488544345422,0.17481488544345422
so,W30p0,3,9,0.17462399398815895,0.17462399398815895
thetao,W40p0,8,3,-0.1744928193271396,0.1744928193271396
so,W10p0,9,7,-0.1738875910007358,0.1738875910007358
so,W30p0,10,0,0.17382183542963792,0.17382183542963792
thetao,W40p0,6,8,-0.17378798061246606,0.17378798061246606
so,W10p0,9,12,-0.17375600329165025,0.17375600329165025
so,W10p0,7,0,0.17358459778319588,0.17358459778319588
so,W10p0,6,10,0.1735200851453923,0.1735200851453923
thetao,W60p0,5,4,0.17346503252362244,0.17346503252362244
so,W20p0,2,20,0.17330535548162754,0.17330535548162754
thetao,W60p0,7,6,0.17307191623912282,0.17307191623912282
thetao,W10p0,4,18,-0.1729595783120207,0.1729595783120207
so,W60p0,5,7,0.1727566942619888,0.1727566942619888
thetao,W20p0,8,17,0.17260563363915715,0.17260563363915715
thetao,W10p0,9,0,0.17238895528370551,0.17238895528370551
thetao,W30p0,4,20,0.1721240769853416,0.1721240769853416
thetao,W60p0,7,19,0.1718657649950912,0.1718657649950912
so,W30p0,7,19,0.1718093628879775,0.1718093628879775
thetao,W40p0,2,18,-0.17102183773214924,0.17102183773214924
so,W10p0,8,1,0.1710148356448106,0.1710148356448106
so,W40p0,9,6,0.1706096083933436,0.1706096083933436
so,W20p0,9,3,0.1705158016160331,0.1705158016160331
so,W30p0,10,8,0.17048937536354442,0.17048937536354442
so,W10p0,8,15,-0.17045929112846536,0.17045929112846536
thetao,W10p0,7,4,0.1703065451006209,0.1703065451006209
so,W10p0,6,11,0.16955647769893958,0.16955647769893958
thetao,W20p0,3,15,-0.1695378824234015,0.1695378824234015
so,W10p0,7,5,0.16890188783601132,0.16890188783601132
so,W40p0,7,8,-0.1686528184039098,0.1686528184039098
so,W10p0,2,5,-0.1686316865078619,0.1686316865078619
thetao,W20p0,3,17,-0.16808948303208077,0.16808948303208077
so,W10p0,6,8,0.1680074147521303,0.1680074147521303
so,W20p0,9,2,0.16784165234246148,0.16784165234246148
so,W60p0,10,4,-0.1677634654159473,0.1677634654159473
thetao,W60p0,3,5,-0.16763734545438794,0.16763734545438794
thetao,W10p0,9,4,0.16698717264035173,0.16698717264035173
thetao,W40p0,6,3,-0.16664712923312144,0.16664712923312144
thetao,W60p0,6,12,0.16654550206283691,0.16654550206283691
thetao,W60p0,4,2,0.16644599018468575,0.16644599018468575
thetao,W60p0,4,1,0.16614020469637036,0.16614020469637036
thetao,W10p0,8,8,0.16572169307286735,0.16572169307286735
so,W40p0,9,11,0.1651991604513652,0.1651991604513652
so,W20p0,9,10,0.1646156880957477,0.1646156880957477
thetao,W60p0,9,20,0.16454361729808778,0.16454361729808778
so,W30p0,4,12,0.16442041436797297,0.16442041436797297
so,W20p0,2,5,0.1639939083878048,0.1639939083878048
so,W60p0,6,14,-0.16398978667523192,0.16398978667523192
thetao,W10p0,7,15,-0.1638910481512929,0.1638910481512929
so,W30p0,10,7,0.16347088689850886,0.16347088689850886
so,W40p0,4,5,-0.16346962493673314,0.16346962493673314
so,W40p0,2,11,0.16342222516302216,0.16342222516302216
thetao,W10p0,7,11,0.1630578659531073,0.1630578659531073
so,W10p0,4,14,0.16297675143132243,0.16297675143132243
so,W20p0,7,17,0.16292229172507583,0.16292229172507583
so,W40p0,2,3,0.16288814009015304,0.16288814009015304
so,W60p0,7,1,0.1627086615605168,0.1627086615605168
thetao,W40p0,6,7,-0.16268857819085736,0.16268857819085736
so,W40p0,10,12,-0.16268168290259247,0.16268168290259247
thetao,W40p0,3,11,-0.16255389608252227,0.16255389608252227
thetao,W10p0,8,0,0.1624881059649405,0.1624881059649405
thetao,W20p0,9,18,-0.16234530300759295,0.16234530300759295
so,W10p0,5,20,-0.16232404792976912,0.16232404792976912
so,W60p0,4,9,-0.1621710926553943,0.1621710926553943
thetao,W20p0,7,1,-0.16206665091979222,0.16206665091979222
so,W20p0,6,0,0.16176420037026007,0.16176420037026007
thetao,W60p0,4,15,0.16172177846158678,0.16172177846158678
so,W40p0,8,9,0.1616318145931126,0.1616318145931126
so,W30p0,9,13,-0.1612955004790962,0.1612955004790962
so,W10p0,5,15,-0.1611693891639409,0.1611693891639409
thetao,W40p0,4,8,-0.16116834322044002,0.16116834322044002
so,W30p0,5,20,-0.16068899011186394,0.16068899011186394
so,W30p0,2,11,-0.16052768825836386,0.16052768825836386
so,W30p0,10,16,0.16050626915777405,0.16050626915777405
thetao,W60p0,8,15,0.160136703573682,0.160136703573682
so,W40p0,8,13,0.16011476806067246,0.16011476806067246
thetao,W60p0,3,16,-0.16000082852302847,0.16000082852302847
thetao,W60p0,4,4,0.15989696662230485,0.15989696662230485
thetao,W10p0,7,10,0.15975363664667813,0.15975363664667813
thetao,W40p0,8,9,-0.1597528615797994,0.1597528615797994
thetao,W60p0,9,5,0.15974781473698646,0.15974781473698646
thetao,W40p0,10,7,0.1597476987711518,0.1597476987711518
so,W40p0,4,1,-0.15936581314669324,0.15936581314669324
thetao,W40p0,7,20,-0.15933097169815894,0.15933097169815894
thetao,W60p0,4,16,0.15928761862018936,0.15928761862018936
thetao,W60p0,9,11,0.15899864114427467,0.15899864114427467
thetao,W40p0,5,19,-0.1584396445215894,0.1584396445215894
thetao,W20p0,3,3,-0.15830377764534528,0.15830377764534528
so,W20p0,7,5,0.15817732771207238,0.15817732771207238
thetao,W40p0,3,15,0.15802714747377647,0.15802714747377647
thetao,W10p0,2,14,-0.15797645731229398,0.15797645731229398
thetao,W10p0,5,3,0.15766218699120077,0.15766218699120077
so,W40p0,8,14,0.1574866092249347,0.1574866092249347
so,W40p0,4,18,-0.15682662619220647,0.15682662619220647
thetao,W40p0,4,4,-0.15651206927949718,0.15651206927949718
so,W10p0,4,4,0.1563803829690348,0.1563803829690348
thetao,W40p0,6,0,-0.15636146538530696,0.15636146538530696
thetao,W60p0,8,11,0.1562058312302862,0.1562058312302862
thetao,W30p0,3,9,0.15618587457117705,0.15618587457117705
thetao,W10p0,10,17,-0.15577137927993945,0.15577137927993945
so,W30p0,4,15,0.1557626351220993,0.1557626351220993
so,W20p0,8,3,-0.1557092842513613,0.1557092842513613
so,W40p0,6,2,-0.1556673922520908,0.1556673922520908
thetao,W40p0,8,14,-0.15559689083390885,0.15559689083390885
thetao,W10p0,7,3,0.15540201136879478,0.15540201136879478
so,W30p0,2,0,-0.15534746850800452,0.15534746850800452
so,W10p0,5,5,0.155213771489637,0.155213771489637
so,W10p0,2,6,-0.15509664569857073,0.15509664569857073
so,W20p0,7,2,0.15504955409068336,0.15504955409068336
so,W20p0,10,3,-0.1549543501150142,0.1549543501150142
thetao,W10p0,2,9,-0.15470286434191832,0.15470286434191832
so,W30p0,2,20,-0.15461531169368897,0.15461531169368897
so,W10p0,8,7,0.15451887974675413,0.15451887974675413
thetao,W40p0,9,8,-0.15432524954664523,0.15432524954664523
so,W40p0,6,6,-0.15419039467612408,0.15419039467612408
thetao,W40p0,7,19,-0.1539397387651713,0.1539397387651713
so,W40p0,4,7,-0.15362692110129944,0.15362692110129944
thetao,W10p0,3,20,0.15356140886367448,0.15356140886367448
so,W20p0,8,20,0.15350575943453396,0.15350575943453396
so,W10p0,8,8,0.1528661169156785,0.1528661169156785
so,W60p0,7,15,0.15283524018181194,0.15283524018181194
so,W20p0,2,12,0.15276593930642365,0.15276593930642365
so,W10p0,8,9,0.15262611369985687,0.15262611369985687
so,W40p0,2,4,0.15201250120526028,0.15201250120526028
thetao,W10p0,9,1,0.15194303338797352,0.15194303338797352
thetao,W10p0,8,2,0.1519093103285592,0.1519093103285592
thetao,W40p0,5,15,-0.15168399043115427,0.15168399043115427
thetao,W10p0,10,11,0.15156769471841408,0.15156769471841408
so,W60p0,7,0,0.15155216980983358,0.15155216980983358
so,W60p0,2,15,-0.15141704263812472,0.15141704263812472
thetao,W10p0,10,4,0.1513777643977876,0.1513777643977876
so,W10p0,5,16,-0.15135144610624957,0.15135144610624957
so,W40p0,7,7,-0.15115409487303252,0.15115409487303252
thetao,W30p0,9,4,0.1508957191424099,0.1508957191424099
thetao,W20p0,7,8,-0.15077431679621367,0.15077431679621367
so,W10p0,7,7,0.15071178387019488,0.15071178387019488
so,W40p0,7,9,-0.15057077901018762,0.15057077901018762
thetao,W40p0,10,17,0.15044555735178192,0.15044555735178192
so,W20p0,2,1,0.15024001274680054,0.15024001274680054
so,W10p0,7,6,0.15021071937649605,0.15021071937649605
so,W20p0,2,13,0.15020319053064574,0.15020319053064574
so,W40p0,4,6,-0.15001071395393978,0.15001071395393978
thetao,W20p0,9,3,0.14982691891048822,0.14982691891048822
so,W10p0,6,6,0.1494292861578306,0.1494292861578306
so,W60p0,7,14,0.14924401949669167,0.14924401949669167
so,W30p0,6,2,0.1491101154285257,0.1491101154285257
thetao,W60p0,3,9,-0.1490109162803833,0.1490109162803833
thetao,W20p0,4,11,-0.1489106388281194,0.1489106388281194
thetao,W10p0,4,19,-0.14884844355353902,0.14884844355353902
so,W40p0,5,1,0.14868520592606835,0.14868520592606835
thetao,W40p0,8,13,-0.1486196884011308,0.1486196884011308
thetao,W40p0,3,12,-0.14824423491391447,0.14824423491391447
so,W30p0,10,17,0.1479514605060308,0.1479514605060308
so,W60p0,9,0,-0.14768063959779754,0.14768063959779754
so,W30p0,2,17,-0.14767239540772858,0.14767239540772858
thetao,W10p0,7,16,-0.14764334042631336,0.14764334042631336
thetao,W20p0,5,20,-0.1469988859703545,0.1469988859703545
thetao,W30p0,10,2,-0.14699781437964926,0.14699781437964926
so,W20p0,7,1,0.1464590589358757,0.1464590589358757
thetao,W30p0,9,15,-0.14617614741493182,0.14617614741493182
so,W20p0,7,3,0.1458813697886501,0.1458813697886501
so,W20p0,6,20,-0.1456791995161977,0.1456791995161977
so,W40p0,9,12,0.14560393706221456,0.14560393706221456
thetao,W20p0,9,14,-0.14556875035102645,0.14556875035102645
so,W20p0,2,0,0.14554991392143157,0.14554991392143157
thetao,W20p0,9,13,-0.1453261162617348,0.1453261162617348
so,W40p0,8,15,0.14527184611213875,0.14527184611213875
thetao,W40p0,7,3,-0.14521095191527295,0.14521095191527295
thetao,W10p0,8,1,0.14494706078901626,0.14494706078901626
thetao,W20p0,5,19,-0.14485273862309953,0.14485273862309953
thetao,W20p0,4,6,-0.14468801695174907,0.14468801695174907
thetao,W10p0,3,17,0.14460878067623945,0.14460878067623945
thetao,W60p0,8,19,0.14435572143750186,0.14435572143750186
thetao,W40p0,4,7,-0.14381589719936735,0.14381589719936735
so,W60p0,3,7,-0.14377510158943324,0.14377510158943324
so,W40p0,7,5,-0.14365609387808195,0.14365609387808195
so,W20p0,7,4,0.14348141088034028,0.14348141088034028
so,W20p0,6,18,-0.14321472009029634,0.14321472009029634
so,W40p0,5,0,0.14258507069540471,0.14258507069540471
so,W40p0,4,20,-0.14208927407092675,0.14208927407092675
thetao,W30p0,9,13,-0.1419073228153796,0.1419073228153796
so,W30p0,2,13,-0.14188117069879777,0.14188117069879777
so,W10p0,5,1,0.14188110419027544,0.14188110419027544
thetao,W20p0,1,3,-0.1418284784570468,0.1418284784570468
thetao,W10p0,9,16,-0.14163202203578953,0.14163202203578953
thetao,W20p0,10,4,-0.14152426153045533,0.14152426153045533
so,W40p0,2,6,0.14126012967030105,0.14126012967030105
so,W60p0,7,2,0.14119476309547008,0.14119476309547008
thetao,W10p0,4,14,-0.1411750822787058,0.1411750822787058
thetao,W60p0,8,20,0.14103537959016327,0.14103537959016327
thetao,W60p0,7,7,0.14076900269617842,0.14076900269617842
so,W20p0,8,13,-0.14062447239699075,0.14062447239699075
thetao,W30p0,4,2,0.1405696780649979,0.1405696780649979
thetao,W20p0,1,4,-0.13999981103343576,0.13999981103343576
thetao,W10p0,9,5,0.13986296949296756,0.13986296949296756
thetao,W20p0,3,18,-0.13962941211201182,0.13962941211201182
so,W60p0,4,10,-0.13962798938789261,0.13962798938789261
so,W30p0,3,12,0.13950881597722828,0.13950881597722828
so,W10p0,6,7,0.13949702562111713,0.13949702562111713
so,W40p0,3,19,-0.13924358412400528,0.13924358412400528
thetao,W10p0,5,0,0.13909580663802035,0.13909580663802035
so,W30p0,10,15,0.13903903374729334,0.13903903374729334
thetao,W40p0,9,20,-0.13897655816265295,0.13897655816265295
so,W30p0,6,3,0.13893768459291442,0.13893768459291442
thetao,W30p0,10,3,-0.1388205656777,0.1388205656777
thetao,W40p0,7,2,-0.1387265818966251,0.1387265818966251
thetao,W10p0,9,17,-0.138723268407131,0.138723268407131
so,W10p0,2,7,-0.13864187844964374,0.13864187844964374
thetao,W30p0,9,14,-0.13855805940018284,0.13855805940018284
so,W40p0,6,7,-0.13837097229968964,0.13837097229968964
thetao,W60p0,5,3,0.1382051182036427,0.1382051182036427
so,W10p0,7,16,0.13811441457476298,0.13811441457476298
so,W20p0,7,0,0.13793058046641377,0.13793058046641377
so,W30p0,8,16,0.1379116133432149,0.1379116133432149
so,W40p0,6,20,-0.1373394801537504,0.1373394801537504
so,W10p0,5,8,0.13726501178048262,0.13726501178048262
so,W30p0,10,14,0.1368663845849791,0.1368663845849791
so,W10p0,8,12,-0.13684680470366573,0.13684680470366573
so,W30p0,8,18,0.13666757842050115,0.13666757842050115
so,W40p0,8,10,0.13655286896548682,0.13655286896548682
thetao,W60p0,9,19,0.13647470600189868,0.13647470600189868
so,W40p0,6,5,-0.1364041050782955,0.1364041050782955
thetao,W30p0,9,19,-0.1361586492707028,0.1361586492707028
thetao,W60p0,8,0,0.13536732201960594,0.13536732201960594
thetao,W30p0,8,19,-0.13516206477599035,0.13516206477599035
thetao,W20p0,7,7,-0.13458486269245568,0.13458486269245568
thetao,W10p0,10,3,0.13457262771344325,0.13457262771344325
thetao,W60p0,3,12,-0.13452878335917348,0.13452878335917348
thetao,W30p0,4,0,0.13423320421758472,0.13423320421758472
thetao,W10p0,7,14,-0.1341537170777096,0.1341537170777096
so,W20p0,6,19,-0.13412400081911702,0.13412400081911702
thetao,W40p0,7,18,-0.1340534231554704,0.1340534231554704
thetao,W30p0,9,17,-0.13388845486143996,0.13388845486143996
thetao,W20p0,4,13,-0.13360488083737315,0.13360488083737315
thetao,W60p0,8,14,0.13337438470302518,0.13337438470302518
so,W10p0,2,18,0.13312396537361265,0.13312396537361265
so,W20p0,2,11,0.13292697587204771,0.13292697587204771
thetao,W20p0,4,2,-0.1328502689875481,0.1328502689875481
so,W10p0,8,4,0.13273136387141965,0.13273136387141965
thetao,W10p0,9,14,-0.13261732353318828,0.13261732353318828
thetao,W40p0,9,10,-0.13256759878547547,0.13256759878547547
thetao,W30p0,4,6,0.1321987039720877,0.1321987039720877
thetao,W60p0,4,3,0.13198245582004686,0.13198245582004686
so,W60p0,6,13,-0.13191193500307732,0.13191193500307732
so,W20p0,8,0,-0.13183527022382913,0.13183527022382913
so,W20p0,2,10,0.13114777469187613,0.13114777469187613
so,W30p0,8,17,0.13039820186192239,0.13039820186192239
thetao,W20p0,10,1,-0.12997201428677657,0.12997201428677657
so,W60p0,8,0,0.12996088686157412,0.12996088686157412
thetao,W20p0,9,15,-0.129884653908739,0.129884653908739
so,W40p0,8,11,0.12973533252030633,0.12973533252030633
thetao,W40p0,8,1,-0.12964937293758572,0.12964937293758572
so,W40p0,5,14,-0.1296229030247794,0.1296229030247794
so,W20p0,2,15,0.12943318766594533,0.12943318766594533
thetao,W20p0,6,18,-0.1291672494454444,0.1291672494454444
thetao,W40p0,10,19,0.12911979791753522,0.12911979791753522
so,W10p0,8,2,0.12899860814398534,0.12899860814398534
thetao,W40p0,9,14,-0.12845533530389658,0.12845533530389658
thetao,W30p0,9,3,0.1284349573164683,0.1284349573164683
thetao,W20p0,9,1,0.1282564974779443,0.1282564974779443
so,W20p0,7,18,0.12823589349949413,0.12823589349949413
so,W20p0,10,2,-0.1282086883763678,0.1282086883763678
so,W10p0,4,19,0.1279932223951759,0.1279932223951759
so,W10p0,4,5,0.12798024924717044,0.12798024924717044
thetao,W20p0,6,19,-0.12719059590997492,0.12719059590997492
so,W20p0,10,4,-0.12714208822763057,0.12714208822763057
thetao,W10p0,7,9,0.12698118852987292,0.12698118852987292
so,W60p0,8,2,0.1269405666057183,0.1269405666057183
so,W10p0,4,18,0.12658309769401951,0.12658309769401951
thetao,W20p0,7,6,-0.1261085144522258,0.1261085144522258
so,W10p0,2,19,0.12598618261718375,0.12598618261718375
thetao,W60p0,4,17,0.1258678480658287,0.1258678480658287
so,W40p0,5,2,0.12583037753804457,0.12583037753804457
so,W20p0,2,14,0.12557869285097004,0.12557869285097004
thetao,W30p0,8,1,0.12533829789980863,0.12533829789980863
thetao,W40p0,3,10,-0.12523770293317443,0.12523770293317443
thetao,W40p0,4,12,-0.12509580879869006,0.12509580879869006
so,W10p0,5,6,0.12481428184576614,0.12481428184576614
thetao,W20p0,10,15,-0.124434643192621,0.124434643192621
thetao,W20p0,6,10,-0.12399752664785908,0.12399752664785908
so,W40p0,3,20,-0.1239376397300504,0.1239376397300504
thetao,W60p0,3,10,-0.12352090398334098,0.12352090398334098
thetao,W40p0,8,4,-0.1234854495045074,0.1234854495045074
so,W20p0,9,1,0.12318504401657385,0.12318504401657385
so,W10p0,4,16,0.12285493301709065,0.12285493301709065
so,W10p0,2,17,0.12281281487318918,0.12281281487318918
thetao,W30p0,8,10,0.12279099160690415,0.12279099160690415
so,W60p0,7,10,0.1227147736985896,0.1227147736985896
so,W30p0,7,18,0.12266711026836107,0.12266711026836107
so,W10p0,2,20,0.12204153931468222,0.12204153931468222
so,W60p0,10,1,-0.12194453966873203,0.12194453966873203
so,W10p0,5,9,0.12157560368885159,0.12157560368885159
thetao,W60p0,7,16,0.12128608506296601,0.12128608506296601
thetao,W60p0,9,10,0.12104450702689863,0.12104450702689863
thetao,W20p0,4,5,-0.12083175723740205,0.12083175723740205
thetao,W30p0,7,6,0.12068419220483617,0.12068419220483617
thetao,W10p0,3,4,0.12062224331724539,0.12062224331724539
thetao,W30p0,9,11,-0.12027694135256904,0.12027694135256904
thetao,W20p0,3,2,-0.12014454436248771,0.12014454436248771
thetao,W10p0,2,15,-0.11997986508858188,0.11997986508858188
thetao,W40p0,9,19,-0.11973983328064156,0.11973983328064156
thetao,W40p0,5,4,-0.11966013106485854,0.11966013106485854
thetao,W10p0,9,2,0.11961774940447216,0.11961774940447216
thetao,W40p0,10,15,0.119541990587487,0.119541990587487
thetao,W10p0,10,1,0.11951551822252324,0.11951551822252324
thetao,W30p0,8,2,0.11950837893659379,0.11950837893659379
so,W20p0,6,12,-0.11949933205974389,0.11949933205974389
so,W40p0,4,2,-0.11937787506408573,0.11937787506408573
so,W10p0,2,8,-0.11869597583318293,0.11869597583318293
so,W30p0,6,17,-0.11857296612705225,0.11857296612705225
so,W30p0,2,1,-0.11855950407140564,0.11855950407140564
so,W10p0,5,2,0.11845127202740441,0.11845127202740441
thetao,W60p0,8,13,0.11844857785044273,0.11844857785044273
thetao,W20p0,4,19,-0.11818140495611448,0.11818140495611448
thetao,W10p0,10,2,0.11807225431824321,0.11807225431824321
thetao,W30p0,9,10,-0.11801643719168876,0.11801643719168876
thetao,W30p0,4,1,0.11789342354712108,0.11789342354712108
so,W20p0,2,2,0.11768545758698887,0.11768545758698887
thetao,W10p0,3,6,0.11750872793604188,0.11750872793604188
thetao,W20p0,7,0,-0.11744036780513947,0.11744036780513947
so,W20p0,7,9,-0.11733168612900123,0.11733168612900123
thetao,W20p0,3,14,-0.11728946521981617,0.11728946521981617
so,W20p0,6,17,-0.11718614966895123,0.11718614966895123
thetao,W40p0,3,16,0.11715327438009891,0.11715327438009891
thetao,W20p0,3,13,-0.11709440012855349,0.11709440012855349
thetao,W60p0,8,12,0.11705398933808099,0.11705398933808099
so,W60p0,10,3,-0.11702822984363863,0.11702822984363863
so,W30p0,7,11,-0.11702657779608835,0.11702657779608835
so,W10p0,3,14,0.11683552533601553,0.11683552533601553
so,W10p0,6,12,0.1167708862690903,0.1167708862690903
so,W60p0,7,13,0.11618806202878278,0.11618806202878278
so,W10p0,8,3,0.11617003729042397,0.11617003729042397
thetao,W30p0,9,16,-0.11614394748440292,0.11614394748440292
so,W10p0,4,20,0.11610116718051695,0.11610116718051695
so,W30p0,7,8,-0.11606079608288564,0.11606079608288564
thetao,W10p0,4,9,-0.1159831818530774,0.1159831818530774
so,W40p0,4,9,-0.11597701153290296,0.11597701153290296
so,W60p0,7,9,0.11586915507710191,0.11586915507710191
thetao,W40p0,3,17,0.1158036866355363,0.1158036866355363
so,W30p0,8,4,0.11571169254326383,0.11571169254326383
so,W60p0,7,11,0.11566107672863359,0.11566107672863359
thetao,W30p0,9,7,-0.1155458860656518,0.1155458860656518
so,W60p0,10,0,-0.11551709966111127,0.11551709966111127
so,W20p0,8,2,-0.11503066443763132,0.11503066443763132
so,W60p0,8,1,0.11453768742515864,0.11453768742515864
so,W10p0,4,3,0.11448913897116297,0.11448913897116297
thetao,W20p0,9,12,-0.11445634711472279,0.11445634711472279
thetao,W30p0,8,12,0.11436938199082498,0.11436938199082498
thetao,W20p0,6,16,-0.11432378050499392,0.11432378050499392
thetao,W10p0,8,6,0.11387010774309135,0.11387010774309135
so,W20p0,8,12,-0.11356872104744765,0.11356872104744765
thetao,W10p0,9,6,0.11354747274729363,0.11354747274729363
thetao,W30p0,4,5,0.11320237116196122,0.11320237116196122
so,W60p0,2,10,-0.11308706347643473,0.11308706347643473
thetao,W10p0,6,11,-0.11295612142332924,0.11295612142332924
thetao,W40p0,3,20,-0.11289388131290558,0.11289388131290558
thetao,W20p0,9,17,-0.11274196273958259,0.11274196273958259
so,W40p0,7,20,-0.11264893104176392,0.11264893104176392
so,W10p0,9,4,-0.11238011229820684,0.11238011229820684
so,W40p0,9,13,0.11224603959149085,0.11224603959149085
thetao,W30p0,4,12,0.11207106574682306,0.11207106574682306
so,W10p0,3,0,0.1120554035271873,0.1120554035271873
so,W40p0,5,15,-0.11204069487140889,0.11204069487140889
so,W40p0,5,8,-0.11159208911721037,0.11159208911721037
thetao,W10p0,8,7,0.11152729974905144,0.11152729974905144
so,W40p0,3,14,-0.11122346690860208,0.11122346690860208
so,W20p0,10,11,-0.1112187472349394,0.1112187472349394
thetao,W30p0,8,6,0.11104470611472961,0.11104470611472961
thetao,W40p0,3,5,-0.11101008357226934,0.11101008357226934
thetao,W10p0,4,8,-0.11088491768084767,0.11088491768084767
thetao,W20p0,3,4,-0.11069066049781337,0.11069066049781337
so,W40p0,4,10,-0.1106685747259622,0.1106685747259622
so,W10p0,5,4,0.11061898746208443,0.11061898746208443
so,W40p0,6,1,-0.11058046586247437,0.11058046586247437
thetao,W20p0,10,2,-0.11040624010979998,0.11040624010979998
thetao,W40p0,9,15,-0.11033878290062084,0.11033878290062084
so,W20p0,10,5,-0.11033102631904668,0.11033102631904668
so,W20p0,6,13,-0.11029947604839786,0.11029947604839786
so,W40p0,6,15,-0.11012651001759714,0.11012651001759714
thetao,W10p0,5,2,0.10952553087473083,0.10952553087473083
thetao,W10p0,7,12,0.10946701593737268,0.10946701593737268
thetao,W30p0,8,0,0.10944281940729104,0.10944281940729104
thetao,W10p0,3,2,0.10924205300447415,0.10924205300447415
so,W10p0,4,15,0.10921163270124888,0.10921163270124888
thetao,W30p0,3,15,0.10899398981458686,0.10899398981458686
so,W10p0,8,16,-0.10892314034112706,0.10892314034112706
thetao,W20p0,9,11,-0.10881735436782553,0.10881735436782553
thetao,W30p0,8,17,-0.10878609770225749,0.10878609770225749
thetao,W60p0,7,20,0.10853437843578467,0.10853437843578467
so,W40p0,9,14,0.10824898291384413,0.10824898291384413
so,W10p0,2,14,0.10798372380293085,0.10798372380293085
so,W30p0,6,0,0.10781859081962725,0.10781859081962725
thetao,W40p0,4,13,-0.10772109084397329,0.10772109084397329
thetao,W20p0,3,19,-0.10757325967251384,0.10757325967251384
thetao,W60p0,9,17,0.10751175659286834,0.10751175659286834
so,W60p0,2,5,0.10722414596790199,0.10722414596790199
so,W60p0,8,8,0.10719188234747234,0.10719188234747234
thetao,W40p0,10,14,0.10717494110236246,0.10717494110236246
thetao,W20p0,7,19,0.1070642976632385,0.1070642976632385
so,W10p0,5,0,0.10693269326534093,0.10693269326534093
thetao,W10p0,10,12,0.10685544488367814,0.10685544488367814
so,W30p0,7,12,-0.10663908063019555,0.10663908063019555
so,W30p0,4,9,0.10662094931657923,0.10662094931657923
so,W10p0,9,3,-0.1065892962282546,0.1065892962282546
thetao,W40p0,6,11,0.10631001953604204,0.10631001953604204
so,W30p0,9,9,-0.10619721260026058,0.10619721260026058
so,W20p0,8,4,-0.10574315785024102,0.10574315785024102
thetao,W20p0,10,18,-0.10541663110670128,0.10541663110670128
so,W10p0,5,14,-0.10534488437645925,0.10534488437645925
thetao,W10p0,5,1,0.10483889638406342,0.10483889638406342
thetao,W40p0,8,5,-0.10479108126499176,0.10479108126499176
thetao,W30p0,8,18,-0.1042920456184529,0.1042920456184529
thetao,W20p0,10,16,-0.10428546151071036,0.10428546151071036
so,W30p0,4,16,0.10424413402736402,0.10424413402736402
so,W60p0,8,20,-0.10413843980917052,0.10413843980917052
so,W10p0,2,13,0.10400195831362281,0.10400195831362281
thetao,W40p0,5,20,-0.10382099312087889,0.10382099312087889
thetao,W40p0,8,0,-0.10356416312109583,0.10356416312109583
thetao,W30p0,10,1,-0.10339395054179996,0.10339395054179996
so,W30p0,7,3,-0.1032814695496808,0.1032814695496808
thetao,W20p0,4,18,-0.10317297379292224,0.10317297379292224
so,W20p0,2,4,0.10310052931764278,0.10310052931764278
so,W60p0,2,14,-0.10294210727727426,0.10294210727727426
thetao,W40p0,10,20,0.10283697133316902,0.10283697133316902
so,W30p0,8,15,0.10269307883690507,0.10269307883690507
so,W30p0,6,19,-0.10263745981954539,0.10263745981954539
so,W40p0,2,2,0.10256304097092857,0.10256304097092857
so,W60p0,2,9,-0.10243529420805632,0.10243529420805632
so,W30p0,2,16,-0.10218044113288957,0.10218044113288957
so,W40p0,3,17,-0.10200570564655163,0.10200570564655163
so,W60p0,5,20,0.10191777616606748,0.10191777616606748
thetao,W60p0,3,17,-0.10188290586777342,0.10188290586777342
so,W60p0,7,3,0.10184548771599967,0.10184548771599967
so,W10p0,7,17,0.10098817677756927,0.10098817677756927
so,W40p0,5,7,-0.10056723442302236,0.10056723442302236
thetao,W20p0,10,3,-0.10055548919342097,0.10055548919342097
so,W30p0,6,1,0.10054293238503215,0.10054293238503215
thetao,W10p0,8,14,-0.10032165377658249,0.10032165377658249
so,W40p0,9,20,0.10013884695052966,0.10013884695052966
thetao,W30p0,5,20,0.0997526236398949,0.0997526236398949
thetao,W30p0,9,18,-0.09913628835349668,0.09913628835349668
so,W20p0,4,13,0.09910064873576323,0.09910064873576323
so,W60p0,7,12,0.09908856199826897,0.09908856199826897
so,W60p0,5,8,0.09868495744527471,0.09868495744527471
so,W60p0,3,16,-0.0984037144970585,0.0984037144970585
so,W10p0,4,7,0.09797332766881568,0.09797332766881568
thetao,W30p0,10,0,-0.0978913284777106,0.0978913284777106
thetao,W40p0,8,10,-0.097525401531009,0.097525401531009
thetao,W40p0,9,9,-0.09739358480935274,0.09739358480935274
thetao,W20p0,7,15,-0.0973788706296167,0.0973788706296167
so,W10p0,9,2,-0.09735335283696862,0.09735335283696862
so,W10p0,9,14,-0.09724679959710407,0.09724679959710407
so,W30p0,10,9,0.09704923477847867,0.09704923477847867
thetao,W10p0,9,3,0.09701446017671278,0.09701446017671278
so,W30p0,10,19,0.09701347554232716,0.09701347554232716
so,W10p0,6,0,0.09688388412502118,0.09688388412502118
so,W40p0,6,10,0.09659844952425217,0.09659844952425217
thetao,W60p0,7,8,0.09648765350475343,0.09648765350475343
so,W60p0,4,7,-0.09577243639832954,0.09577243639832954
so,W30p0,3,13,0.09558089016330201,0.09558089016330201
thetao,W20p0,6,20,-0.09545894070185933,0.09545894070185933
so,W10p0,2,9,-0.09531659673105754,0.09531659673105754
so,W30p0,9,18,-0.09511545746987123,0.09511545746987123
thetao,W40p0,6,16,-0.09505713738910607,0.09505713738910607
thetao,W30p0,9,20,-0.09489892172852242,0.09489892172852242
so,W40p0,2,5,0.09476095114979916,0.09476095114979916
so,W40p0,5,11,0.09470773387014256,0.09470773387014256
thetao,W20p0,6,17,-0.09447045611824181,0.09447045611824181
thetao,W60p0,3,18,-0.09436082578771733,0.09436082578771733
so,W10p0,3,11,-0.09430282100370883,0.09430282100370883
thetao,W10p0,9,15,-0.09421809399781605,0.09421809399781605
so,W30p0,6,5,0.09414717701354408,0.09414717701354408
thetao,W40p0,3,9,-0.09379794328259841,0.09379794328259841
so,W10p0,9,18,-0.09357875433989171,0.09357875433989171
so,W40p0,2,20,0.09339314148810599,0.09339314148810599
so,W30p0,10,20,0.0933060312090431,0.0933060312090431
thetao,W10p0,6,15,0.09321889733087366,0.09321889733087366
so,W30p0,6,14,-0.0930063793724229,0.0930063793724229
so,W20p0,10,9,0.09279976966350538,0.09279976966350538
thetao,W20p0,7,18,0.09218947742153179,0.09218947742153179
thetao,W40p0,7,13,-0.09211925097460423,0.09211925097460423
so,W10p0,8,17,-0.09211067190609928,0.09211067190609928
so,W20p0,7,10,-0.09204733425194758,0.09204733425194758
so,W20p0,8,19,0.09171004512494892,0.09171004512494892
so,W20p0,7,6,0.09159889868145217,0.09159889868145217
thetao,W20p0,9,16,-0.09158640002684236,0.09158640002684236
so,W40p0,4,17,-0.09157373702049698,0.09157373702049698
so,W20p0,3,13,-0.09151785182084192,0.09151785182084192
so,W10p0,2,16,0.09141279307253031,0.09141279307253031
thetao,W10p0,7,20,-0.09125446988745345,0.09125446988745345
thetao,W30p0,4,15,-0.09125195078551253,0.09125195078551253
so,W30p0,3,20,-0.0911038415282834,0.0911038415282834
so,W30p0,6,18,-0.09109605095503019,0.09109605095503019
thetao,W40p0,3,0,-0.09077485521925374,0.09077485521925374
so,W60p0,3,4,-0.09062870010063737,0.09062870010063737
thetao,W10p0,8,3,0.09037903080663674,0.09037903080663674
thetao,W30p0,7,7,0.09037289257328952,0.09037289257328952
so,W60p0,7,17,-0.09035468064797002,0.09035468064797002
thetao,W30p0,7,8,0.09027455256761588,0.09027455256761588
thetao,W40p0,4,5,-0.0899017080883594,0.0899017080883594
thetao,W60p0,3,11,-0.0898843794748063,0.0898843794748063
so,W30p0,6,16,-0.08980952872340235,0.08980952872340235
thetao,W20p0,8,11,0.08971181148123956,0.08971181148123956
thetao,W20p0,7,4,0.08961795416590468,0.08961795416590468
so,W40p0,7,10,-0.08949404804260089,0.08949404804260089
thetao,W60p0,8,8,-0.0892558270621498,0.0892558270621498
so,W60p0,2,3,-0.08922644443056413,0.08922644443056413
thetao,W60p0,8,7,-0.08918834049708187,0.08918834049708187
so,W20p0,8,1,-0.08891386270169688,0.08891386270169688
thetao,W10p0,3,0,0.08889553040342521,0.08889553040342521
thetao,W10p0,8,9,0.08887311203013977,0.08887311203013977
thetao,W40p0,6,5,-0.08863458447457288,0.08863458447457288
so,W30p0,7,20,0.08860923095176237,0.08860923095176237
thetao,W20p0,8,16,0.08852329197194025,0.08852329197194025
thetao,W20p0,10,17,-0.08848205857206422,0.08848205857206422
so,W20p0,7,11,-0.0882930606456456,0.0882930606456456
so,W40p0,6,8,-0.08807455592392448,0.08807455592392448
thetao,W40p0,6,20,-0.08789545150054584,0.08789545150054584
so,W30p0,4,4,0.08788057937654871,0.08788057937654871
thetao,W40p0,6,6,-0.08768082033391021,0.08768082033391021
so,W40p0,8,16,0.0874863370737709,0.0874863370737709
so,W40p0,6,12,0.08747724833216497,0.08747724833216497
so,W40p0,9,19,0.08743514816090135,0.08743514816090135
thetao,W30p0,3,2,-0.08739457771372745,0.08739457771372745
thetao,W40p0,5,5,-0.08663091591542997,0.08663091591542997
so,W60p0,5,19,0.0863340607179343,0.0863340607179343
so,W60p0,3,5,-0.08604539731500231,0.08604539731500231
thetao,W60p0,8,18,0.08599711090389137,0.08599711090389137
so,W10p0,8,5,0.085954568793208,0.085954568793208
so,W30p0,3,8,0.08569850807889538,0.08569850807889538
so,W40p0,7,12,-0.08562475664918015,0.08562475664918015
so,W10p0,2,15,0.08547607615380741,0.08547607615380741
so,W20p0,10,1,-0.08542178048434015,0.08542178048434015
so,W60p0,2,16,-0.08526787255307973,0.08526787255307973
thetao,W10p0,7,2,0.08522614200125325,0.08522614200125325
so,W20p0,6,1,0.08468138551889541,0.08468138551889541
thetao,W60p0,8,10,0.08459679526526306,0.08459679526526306
so,W60p0,7,4,0.08425683992630764,0.08425683992630764
so,W40p0,6,0,-0.08415459301218123,0.08415459301218123
thetao,W30p0,7,0,-0.08415302196367837,0.08415302196367837
so,W10p0,5,3,0.08392583082667597,0.08392583082667597
so,W10p0,9,13,-0.08392483898132651,0.08392483898132651
so,W20p0,6,16,-0.08389869871604314,0.08389869871604314
so,W20p0,10,20,-0.08372916834800255,0.08372916834800255
so,W40p0,6,4,-0.08359576832965698,0.08359576832965698
so,W30p0,6,15,-0.08355192507314087,0.08355192507314087
thetao,W30p0,9,12,-0.08330567090509408,0.08330567090509408
so,W30p0,8,7,0.08314084144310672,0.08314084144310672
so,W40p0,4,16,-0.08311693657661565,0.08311693657661565
thetao,W10p0,3,19,0.08291945822526013,0.08291945822526013
so,W10p0,6,15,-0.08284146222429997,0.08284146222429997
so,W60p0,4,4,0.08283124442664981,0.08283124442664981
so,W60p0,5,16,0.08279107965401747,0.08279107965401747
thetao,W30p0,4,3,0.08265483691725786,0.08265483691725786
so,W40p0,4,4,-0.08260956040504341,0.08260956040504341
thetao,W20p0,7,17,0.08259161735542238,0.08259161735542238
thetao,W40p0,7,11,-0.08257667990670575,0.08257667990670575
thetao,W40p0,3,6,-0.082363654386036,0.082363654386036
so,W60p0,5,15,0.08211556614452215,0.08211556614452215
so,W20p0,8,14,-0.08206799248476812,0.08206799248476812
so,W20p0,10,8,0.08203483483952256,0.08203483483952256
thetao,W40p0,8,12,-0.08164780594712921,0.08164780594712921
so,W20p0,10,12,-0.08147777341015348,0.08147777341015348
thetao,W40p0,7,1,-0.08147460579842537,0.08147460579842537
so,W40p0,6,16,-0.08144993146955433,0.08144993146955433
so,W10p0,4,0,0.08140175205243139,0.08140175205243139
so,W10p0,8,10,0.08136660271654306,0.08136660271654306
so,W40p0,8,19,0.08133415134650694,0.08133415134650694
thetao,W40p0,6,18,-0.08123184345318732,0.08123184345318732
so,W40p0,6,3,-0.0811505645533053,0.0811505645533053
so,W10p0,7,20,0.08114081223169863,0.08114081223169863
so,W30p0,6,9,-0.08111724532123811,0.08111724532123811
thetao,W30p0,7,5,0.08095592015250365,0.08095592015250365
thetao,W30p0,8,13,0.08076723449829823,0.08076723449829823
thetao,W10p0,10,0,0.08070036273188744,0.08070036273188744
thetao,W10p0,8,10,0.08039644527507327,0.08039644527507327
so,W60p0,2,20,0.08039290487192512,0.08039290487192512
so,W10p0,9,16,-0.08033921715796599,0.08033921715796599
so,W30p0,6,12,0.08025213114539019,0.08025213114539019
so,W30p0,6,4,0.08009109949611198,0.08009109949611198
so,W30p0,8,6,0.08000637393658522,0.08000637393658522
so,W60p0,2,6,0.07988728845334775,0.07988728845334775
so,W10p0,9,20,-0.0798223846594007,0.0798223846594007
so,W60p0,7,6,0.07980668959668379,0.07980668959668379
thetao,W30p0,10,11,0.07957628715671428,0.07957628715671428
thetao,W60p0,8,6,-0.07955351520899369,0.07955351520899369
so,W40p0,8,12,0.07941342261746422,0.07941342261746422
thetao,W40p0,10,11,0.07939172051752708,0.07939172051752708
so,W10p0,6,5,0.07907370176769066,0.07907370176769066
so,W40p0,5,3,0.07904454216547709,0.07904454216547709
thetao,W60p0,10,2,0.07848771732985824,0.07848771732985824
so,W20p0,6,15,-0.07841410105657572,0.07841410105657572
so,W10p0,9,15,-0.07832639461978584,0.07832639461978584
thetao,W10p0,3,1,0.07829065398882583,0.07829065398882583
thetao,W20p0,6,15,-0.07772506279819219,0.07772506279819219
thetao,W40p0,4,15,-0.07756964758395891,0.07756964758395891
thetao,W60p0,10,20,-0.07743339247776791,0.07743339247776791
so,W20p0,2,3,0.07729410873873155,0.07729410873873155
so,W60p0,3,20,-0.07696226655919892,0.07696226655919892
thetao,W40p0,8,20,-0.07687619486380157,0.07687619486380157
thetao,W60p0,2,14,0.07682716594506063,0.07682716594506063
so,W10p0,9,1,-0.07681924389892458,0.07681924389892458
thetao,W30p0,5,9,-0.07642597326233162,0.07642597326233162
so,W20p0,8,17,-0.07609803028763638,0.07609803028763638
so,W10p0,3,1,0.07609350001752667,0.07609350001752667
so,W10p0,5,7,0.07601393027799325,0.07601393027799325
so,W10p0,9,19,-0.07583321138301133,0.07583321138301133
thetao,W40p0,6,4,-0.07569039638028381,0.07569039638028381
so,W60p0,7,7,0.07564368349802666,0.07564368349802666
so,W40p0,5,12,0.07559533202145204,0.07559533202145204
so,W20p0,6,14,-0.07538936240983805,0.07538936240983805
thetao,W10p0,7,0,-0.07515146087900981,0.07515146087900981
so,W30p0,8,9,0.07491562135997511,0.07491562135997511
thetao,W10p0,2,16,-0.07479502476269692,0.07479502476269692
so,W10p0,8,6,0.07475089851672141,0.07475089851672141
thetao,W20p0,3,7,-0.07388890481249087,0.07388890481249087
so,W20p0,7,12,-0.0738888380845295,0.0738888380845295
so,W60p0,8,7,0.07364017771009632,0.07364017771009632
thetao,W20p0,6,11,-0.07361094876411896,0.07361094876411896
so,W10p0,5,17,-0.07330390791411501,0.07330390791411501
so,W60p0,2,13,-0.07329851144017827,0.07329851144017827
thetao,W40p0,9,16,-0.07327215975773087,0.07327215975773087
thetao,W40p0,9,17,-0.07297230345909822,0.07297230345909822
thetao,W40p0,4,0,-0.07296272114682271,0.07296272114682271
so,W60p0,7,8,0.07290510763965645,0.07290510763965645
so,W60p0,3,19,-0.07273067625228351,0.07273067625228351
so,W20p0,8,15,-0.07272622700398267,0.07272622700398267
so,W30p0,7,7,-0.07260657007924062,0.07260657007924062
so,W40p0,6,9,0.07257380632719283,0.07257380632719283
so,W40p0,9,15,0.07235822527550163,0.07235822527550163
thetao,W10p0,10,20,-0.07206841770772113,0.07206841770772113
so,W10p0,3,10,-0.07188375655540717,0.07188375655540717
so,W40p0,6,19,-0.07181687067003262,0.07181687067003262
so,W30p0,9,20,-0.07152502193578728,0.07152502193578728
so,W30p0,3,2,-0.07147114513819525,0.07147114513819525
so,W60p0,2,2,-0.07128524964872983,0.07128524964872983
so,W30p0,3,3,-0.07103433601599622,0.07103433601599622
so,W60p0,7,18,-0.07020780025775909,0.07020780025775909
so,W40p0,7,15,0.07017338174996,0.07017338174996
thetao,W20p0,7,12,0.07013400375023869,0.07013400375023869
so,W60p0,8,19,-0.07009746525988844,0.07009746525988844
thetao,W10p0,7,6,-0.07006374035688914,0.07006374035688914
thetao,W30p0,4,19,0.06997727288910757,0.06997727288910757
thetao,W10p0,9,13,-0.06978229893880912,0.06978229893880912
thetao,W40p0,6,12,0.06977831557304616,0.06977831557304616
thetao,W20p0,4,12,-0.06972120932171388,0.06972120932171388
so,W30p0,6,10,-0.06941578537600414,0.06941578537600414
so,W30p0,8,5,0.0692365362276351,0.0692365362276351
so,W60p0,2,8,-0.06906458098069894,0.06906458098069894
so,W30p0,6,8,-0.06897790952019471,0.06897790952019471
so,W60p0,5,9,0.06889028046804438,0.06889028046804438
so,W10p0,9,17,-0.06878043697532057,0.06878043697532057
so,W40p0,5,4,0.06846062082696315,0.06846062082696315
so,W40p0,6,18,-0.06837117693820965,0.06837117693820965
so,W20p0,6,11,-0.06836423224740405,0.06836423224740405
so,W60p0,5,17,0.06804443588657334,0.06804443588657334
so,W30p0,4,17,0.06798434424919832,0.06798434424919832
so,W30p0,8,14,0.06793931822795603,0.06793931822795603
thetao,W20p0,7,3,0.06786778630862318,0.06786778630862318
thetao,W30p0,9,1,-0.06776572970663106,0.06776572970663106
thetao,W30p0,10,10,0.06745968673856248,0.06745968673856248
so,W60p0,5,18,0.06730571799312988,0.06730571799312988
thetao,W10p0,8,20,0.06710797236238393,0.06710797236238393
thetao,W40p0,6,9,-0.06693335962805957,0.06693335962805957
so,W40p0,7,11,-0.06690640544173761,0.06690640544173761
thetao,W30p0,4,17,-0.0666723889413148,0.0666723889413148
thetao,W20p0,6,14,-0.06666095690132894,0.06666095690132894
thetao,W60p0,9,18,0.06664792920817851,0.06664792920817851
so,W10p0,6,13,0.0663150194442152,0.0663150194442152
thetao,W60p0,8,1,0.06609138342721996,0.06609138342721996
thetao,W60p0,2,15,0.06599533468275215,0.06599533468275215
so,W40p0,7,16,0.06596012175843992,0.06596012175843992
so,W30p0,6,7,-0.06588848472880869,0.06588848472880869
thetao,W40p0,7,14,-0.0657778116523706,0.0657778116523706
so,W10p0,3,12,-0.06560641714249645,0.06560641714249645
so,W40p0,7,1,0.0656022323243726,0.0656022323243726
so,W40p0,2,0,0.06553242420992939,0.06553242420992939
thetao,W10p0,8,18,0.06537571711510615,0.06537571711510615
thetao,W40p0,7,0,-0.06535216607438328,0.06535216607438328
so,W20p0,3,14,-0.06526561772024664,0.06526561772024664
thetao,W60p0,8,16,0.06523442938845325,0.06523442938845325
so,W10p0,4,1,0.06520504615169655,0.06520504615169655
thetao,W20p0,3,10,-0.06510741216510421,0.06510741216510421
so,W20p0,6,10,-0.06490136649151934,0.06490136649151934
thetao,W30p0,8,11,0.06473466751962231,0.06473466751962231
so,W30p0,9,12,-0.0646774731587195,0.0646774731587195
thetao,W60p0,10,4,-0.06453272960098393,0.06453272960098393
thetao,W60p0,10,15,0.0643716735092105,0.0643716735092105
thetao,W20p0,3,8,-0.06430660083255316,0.06430660083255316
thetao,W10p0,9,8,0.06425751953624637,0.06425751953624637
so,W10p0,4,2,0.06413860988975899,0.06413860988975899
thetao,W30p0,9,5,0.06383631703137822,0.06383631703137822
so,W30p0,7,17,0.0636541965317125,0.0636541965317125
so,W20p0,4,11,0.06333262888924839,0.06333262888924839
thetao,W30p0,4,9,0.06313522497198638,0.06313522497198638
thetao,W40p0,4,17,-0.0630464983176807,0.0630464983176807
thetao,W20p0,3,11,-0.06262991279369019,0.06262991279369019
thetao,W20p0,6,12,-0.06240175852210399,0.06240175852210399
so,W20p0,4,0,-0.06222134347736138,0.06222134347736138
so,W10p0,6,20,-0.062199187347912126,0.062199187347912126
thetao,W40p0,6,17,-0.06188668864579099,0.06188668864579099
thetao,W30p0,10,19,0.06188309874401782,0.06188309874401782
thetao,W30p0,5,12,0.061836071542520084,0.061836071542520084
thetao,W30p0,7,18,0.061749193052793354,0.061749193052793354
thetao,W10p0,10,16,-0.061723810664596,0.061723810664596
thetao,W30p0,10,20,0.06150235777106637,0.06150235777106637
thetao,W20p0,7,2,-0.06102866395949616,0.06102866395949616
thetao,W10p0,9,7,0.06101915672954729,0.06101915672954729
so,W30p0,7,2,-0.06095278020573632,0.06095278020573632
thetao,W40p0,4,18,-0.06089335075528071,0.06089335075528071
so,W60p0,2,11,-0.060852218262855015,0.060852218262855015
thetao,W10p0,10,18,-0.06079967716846591,0.06079967716846591
so,W10p0,4,6,0.06063474541531728,0.06063474541531728
so,W60p0,4,0,-0.06059937831968132,0.06059937831968132
thetao,W30p0,7,16,0.05990253772471334,0.05990253772471334
so,W20p0,8,16,-0.059664406221005474,0.059664406221005474
so,W40p0,5,20,-0.05952476259031636,0.05952476259031636
thetao,W30p0,8,3,0.05952047398839416,0.05952047398839416
thetao,W10p0,3,18,0.05920941159240156,0.05920941159240156
so,W20p0,8,18,-0.059079245484763586,0.059079245484763586
so,W10p0,2,12,0.05872363239478073,0.05872363239478073
so,W40p0,5,13,-0.05866788699698239,0.05866788699698239
thetao,W30p0,5,14,-0.05861704761413359,0.05861704761413359
so,W40p0,3,15,-0.058511484678036026,0.058511484678036026
thetao,W10p0,4,10,-0.05846139499872426,0.05846139499872426
so,W20p0,6,5,-0.058423694140921405,0.058423694140921405
thetao,W30p0,3,1,-0.05841164997486627,0.05841164997486627
thetao,W10p0,4,12,0.05825014256245441,0.05825014256245441
thetao,W40p0,4,1,-0.05811424776355201,0.05811424776355201
thetao,W20p0,7,10,0.05784403417078106,0.05784403417078106
thetao,W30p0,5,10,-0.057753112959178586,0.057753112959178586
so,W60p0,4,19,0.05741727889340883,0.05741727889340883
thetao,W60p0,8,17,0.05741445599912997,0.05741445599912997
so,W40p0,7,13,-0.0573658347582812,0.0573658347582812
thetao,W40p0,8,16,-0.057333283922583536,0.057333283922583536
so,W10p0,5,19,-0.057323132752868815,0.057323132752868815
so,W40p0,6,14,-0.05721868913768068,0.05721868913768068
so,W30p0,7,5,0.05714284600427419,0.05714284600427419
so,W10p0,2,10,-0.05706745389476649,0.05706745389476649
thetao,W60p0,7,15,0.05680331230443169,0.05680331230443169
thetao,W60p0,2,0,-0.05614382562375106,0.05614382562375106
so,W60p0,5,14,0.056107367026746194,0.056107367026746194
so,W60p0,7,5,0.056070831814841744,0.056070831814841744
so,W30p0,7,15,0.05583349166112373,0.05583349166112373
so,W30p0,9,19,-0.055784791020417716,0.055784791020417716
thetao,W30p0,8,20,-0.05568851220539227,0.05568851220539227
thetao,W40p0,8,15,-0.05562119444991556,0.05562119444991556
thetao,W40p0,4,3,-0.05551916414418216,0.05551916414418216
so,W60p0,2,7,-0.055491911071130044,0.055491911071130044
so,W60p0,3,6,-0.05523934584371295,0.05523934584371295
thetao,W10p0,8,16,-0.055209928469537525,0.055209928469537525
so,W30p0,4,8,0.055170188897195584,0.055170188897195584
so,W30p0,8,19,0.05516207399577533,0.05516207399577533
so,W20p0,10,0,-0.055072868187313224,0.055072868187313224
so,W40p0,9,5,0.05506718740064891,0.05506718740064891
thetao,W10p0,8,13,-0.05488800815794223,0.05488800815794223
thetao,W30p0,7,2,0.05406169351053566,0.05406169351053566
so,W40p0,8,18,0.05394079219152876,0.05394079219152876
so,W20p0,10,7,0.05388456480304747,0.05388456480304747
thetao,W40p0,7,12,-0.05355919427653834,0.05355919427653834
so,W20p0,6,6,-0.05354259624804103,0.05354259624804103
so,W20p0,7,14,0.05343355989798613,0.05343355989798613
thetao,W40p0,3,18,0.05334153373393512,0.05334153373393512
thetao,W30p0,5,4,-0.053305055272280154,0.053305055272280154
so,W40p0,8,17,0.05318339842379341,0.05318339842379341
thetao,W60p0,10,12,-0.05293985002768015,0.05293985002768015
thetao,W60p0,3,19,-0.0529279256629992,0.0529279256629992
thetao,W30p0,10,14,-0.05270549728353943,0.05270549728353943
thetao,W10p0,2,18,-0.05247623760236136,0.05247623760236136
thetao,W30p0,4,16,-0.052388424814001064,0.052388424814001064
thetao,W40p0,10,18,0.05237951041723969,0.05237951041723969
thetao,W40p0,4,6,-0.052337564950078005,0.052337564950078005
thetao,W20p0,6,13,-0.05228892399373857,0.05228892399373857
so,W20p0,6,9,-0.05225898259276243,0.05225898259276243
so,W20p0,9,0,0.05171083930610492,0.05171083930610492
thetao,W30p0,10,13,-0.051543841076626955,0.051543841076626955
thetao,W60p0,2,11,-0.0514667732089284,0.0514667732089284
so,W20p0,10,6,-0.05143611785645425,0.05143611785645425
thetao,W20p0,9,0,0.05129916689319802,0.05129916689319802
so,W30p0,4,7,0.05101621525564833,0.05101621525564833
thetao,W30p0,10,6,-0.05094742790155924,0.05094742790155924
so,W30p0,4,3,0.050587320741144685,0.050587320741144685
so,W60p0,8,3,0.050569410936102864,0.050569410936102864
thetao,W10p0,4,13,-0.05049138053993475,0.05049138053993475
so,W40p0,4,15,-0.05047368301890974,0.05047368301890974
so,W20p0,4,10,0.0502728711760726,0.0502728711760726
thetao,W40p0,8,11,-0.05013128315788569,0.05013128315788569
so,W60p0,3,17,-0.05012831955019892,0.05012831955019892
so,W40p0,4,11,-0.050029036986129,0.050029036986129
thetao,W20p0,3,1,-0.049877915833867824,0.049877915833867824
thetao,W20p0,8,12,0.04955274514675444,0.04955274514675444
so,W10p0,6,16,-0.04948812599092021,0.04948812599092021
thetao,W10p0,6,16,0.04930417176661939,0.04930417176661939
so,W60p0,2,4,-0.04922146190385055,0.04922146190385055
so,W40p0,9,16,0.04903014593069361,0.04903014593069361
so,W30p0,2,14,-0.04899554445098089,0.04899554445098089
so,W20p0,3,15,-0.04899028476746469,0.04899028476746469
so,W30p0,8,8,0.0489475215548572,0.0489475215548572
so,W40p0,2,1,0.04887385041250908,0.04887385041250908
thetao,W30p0,3,0,0.04854446032570272,0.04854446032570272
thetao,W30p0,5,2,0.04820271331418012,0.04820271331418012
thetao,W40p0,3,14,0.04817613634135427,0.04817613634135427
so,W40p0,3,16,-0.04814113557461319,0.04814113557461319
thetao,W10p0,9,10,0.04803002398306987,0.04803002398306987
thetao,W60p0,10,5,-0.047866311119469714,0.047866311119469714
thetao,W20p0,9,10,-0.04784296613989733,0.04784296613989733
so,W60p0,3,18,-0.047788709710833585,0.047788709710833585
thetao,W30p0,7,14,0.047662518120330226,0.047662518120330226
so,W60p0,2,17,-0.04751687774613124,0.04751687774613124
thetao,W30p0,7,15,0.04729093722619047,0.04729093722619047
so,W10p0,3,3,0.04726913105218993,0.04726913105218993
thetao,W30p0,5,1,0.04675095113378292,0.04675095113378292
so,W30p0,6,6,0.04673735090380472,0.04673735090380472
thetao,W40p0,6,19,-0.04671622515925952,0.04671622515925952
so,W40p0,5,5,0.04639082754229298,0.04639082754229298
so,W30p0,4,19,0.04613064088471102,0.04613064088471102
thetao,W60p0,2,2,-0.04547825431668467,0.04547825431668467
so,W30p0,6,11,0.045390398588037575,0.045390398588037575
thetao,W60p0,8,9,-0.04495246839574406,0.04495246839574406
thetao,W20p0,7,11,0.04476158103374291,0.04476158103374291
so,W40p0,7,17,0.044652916507016256,0.044652916507016256
thetao,W40p0,10,10,0.044389362311853524,0.044389362311853524
so,W40p0,4,12,-0.04435038034251338,0.04435038034251338
thetao,W20p0,3,12,-0.04427604604734421,0.04427604604734421
so,W10p0,6,14,-0.04400867637314386,0.04400867637314386
thetao,W60p0,7,9,0.0434017205824557,0.0434017205824557
so,W60p0,7,19,-0.0432968761059708,0.0432968761059708
thetao,W30p0,10,8,-0.04327118968860887,0.04327118968860887
so,W20p0,10,17,0.04324735649187211,0.04324735649187211
so,W20p0,7,8,-0.04254721873623366,0.04254721873623366
so,W40p0,6,13,0.04251015525259371,0.04251015525259371
so,W30p0,7,13,-0.04208273677295507,0.04208273677295507
thetao,W10p0,8,19,0.04204851121602853,0.04204851121602853
thetao,W30p0,5,3,-0.04182520393505189,0.04182520393505189
thetao,W30p0,7,13,0.04181859624531105,0.04181859624531105
so,W40p0,6,17,-0.04175599648368033,0.04175599648368033
thetao,W40p0,3,3,0.04147961786687853,0.04147961786687853
thetao,W10p0,8,11,0.04140906697415684,0.04140906697415684
thetao,W60p0,7,13,-0.04131546246054624,0.04131546246054624
so,W30p0,4,18,0.04126957092806802,0.04126957092806802
so,W40p0,5,19,-0.04102318506183556,0.04102318506183556
so,W60p0,4,5,0.04096285536584398,0.04096285536584398
so,W60p0,4,6,-0.0409585164903904,0.0409585164903904
thetao,W10p0,10,15,-0.04092075862493494,0.04092075862493494
so,W10p0,8,11,-0.04073189408291185,0.04073189408291185
so,W10p0,6,1,0.040664668822203084,0.040664668822203084
thetao,W60p0,8,5,-0.04063439180284929,0.04063439180284929
so,W60p0,8,5,-0.04059802960125952,0.04059802960125952
so,W30p0,3,14,0.040476158109276406,0.040476158109276406
thetao,W30p0,3,20,0.04040266349302886,0.04040266349302886
so,W20p0,4,12,0.040397858225070936,0.040397858225070936
thetao,W20p0,4,20,-0.040341069728324894,0.040341069728324894
so,W60p0,8,11,-0.040295292556148686,0.040295292556148686
thetao,W60p0,5,2,0.040133275754598394,0.040133275754598394
thetao,W30p0,7,11,-0.04012913692349852,0.04012913692349852
so,W60p0,2,0,0.04005101045860722,0.04005101045860722
thetao,W10p0,10,14,0.03994085302680011,0.03994085302680011
thetao,W60p0,2,10,-0.03988558201209872,0.03988558201209872
thetao,W60p0,3,20,-0.0397502805745404,0.0397502805745404
so,W30p0,3,4,-0.039594172995239346,0.039594172995239346
so,W30p0,4,2,-0.03942634577521814,0.03942634577521814
thetao,W30p0,3,16,0.039376718344114936,0.039376718344114936
so,W40p0,9,0,0.0392379905450149,0.0392379905450149
so,W30p0,3,1,-0.039115925532262556,0.039115925532262556
thetao,W20p0,7,5,-0.039110110637326514,0.039110110637326514
thetao,W30p0,3,8,0.039099570914869826,0.039099570914869826
thetao,W40p0,8,17,-0.03870184080976385,0.03870184080976385
thetao,W10p0,2,17,-0.03869411089500465,0.03869411089500465
thetao,W10p0,6,14,0.038684441103698466,0.038684441103698466
thetao,W30p0,10,9,-0.03850031269049318,0.03850031269049318
thetao,W40p0,8,18,0.03849040396003982,0.03849040396003982
thetao,W60p0,2,18,-0.038296695843447505,0.038296695843447505
thetao,W30p0,7,20,-0.038230947098303415,0.038230947098303415
so,W20p0,8,7,0.038213721081291126,0.038213721081291126
thetao,W60p0,2,17,-0.038184785796106756,0.038184785796106756
thetao,W20p0,7,13,0.03772182007846433,0.03772182007846433
so,W20p0,10,10,-0.03758064839569831,0.03758064839569831
so,W10p0,6,4,0.03733277811615575,0.03733277811615575
thetao,W10p0,10,19,-0.03717986533509386,0.03717986533509386
so,W60p0,8,16,0.03714596196117655,0.03714596196117655
thetao,W40p0,6,13,0.037061125640110236,0.037061125640110236
thetao,W30p0,7,10,-0.03698929922245455,0.03698929922245455
so,W30p0,3,18,-0.03663532608927856,0.03663532608927856
so,W30p0,7,6,-0.035999374568448234,0.035999374568448234
thetao,W30p0,5,6,0.0359181582470954,0.0359181582470954
so,W60p0,3,3,-0.03582438326856193,0.03582438326856193
so,W20p0,7,7,0.0356993191062887,0.0356993191062887
thetao,W40p0,3,19,-0.03569135003455162,0.03569135003455162
so,W30p0,3,0,0.03553064859078796,0.03553064859078796
thetao,W60p0,5,1,-0.03549807936166308,0.03549807936166308
so,W10p0,3,2,0.03540258431420057,0.03540258431420057
thetao,W60p0,2,4,0.03533274830322293,0.03533274830322293
thetao,W30p0,5,18,0.03532274727966348,0.03532274727966348
so,W60p0,8,17,0.03509259826983582,0.03509259826983582
thetao,W30p0,5,5,0.03507906975556736,0.03507906975556736
thetao,W10p0,9,12,-0.03476474999611924,0.03476474999611924
thetao,W10p0,6,18,0.03467368417313766,0.03467368417313766
thetao,W10p0,3,5,0.03442689685206225,0.03442689685206225
thetao,W30p0,4,7,0.034395657242263684,0.034395657242263684
thetao,W40p0,4,14,-0.0339023132200787,0.0339023132200787
thetao,W40p0,4,20,0.03389121855172068,0.03389121855172068
thetao,W30p0,7,3,0.03368313031104015,0.03368313031104015
thetao,W60p0,10,9,0.033484707258526404,0.033484707258526404
thetao,W60p0,2,3,0.03332319296046951,0.03332319296046951
thetao,W30p0,5,11,0.03317048673262056,0.03317048673262056
so,W10p0,3,4,0.032654957928860924,0.032654957928860924
so,W30p0,6,20,0.03254578923550755,0.03254578923550755
thetao,W20p0,3,6,-0.03253656685722957,0.03253656685722957
thetao,W30p0,5,17,-0.032264055501806777,0.032264055501806777
thetao,W40p0,10,12,0.03210761779570636,0.03210761779570636
so,W40p0,5,6,-0.03203561397684691,0.03203561397684691
so,W30p0,7,16,0.031994454444488125,0.031994454444488125
so,W60p0,2,1,-0.03196152359664626,0.03196152359664626
thetao,W10p0,9,9,0.03184747682214594,0.03184747682214594
so,W20p0,10,16,-0.0317771739482093,0.0317771739482093
thetao,W60p0,7,11,-0.03166819471732358,0.03166819471732358
so,W40p0,5,17,0.03159520362492698,0.03159520362492698
thetao,W30p0,4,18,0.031593614113174705,0.031593614113174705
so,W30p0,3,19,-0.03158509084184559,0.03158509084184559
thetao,W30p0,8,16,-0.03153411334398313,0.03153411334398313
thetao,W30p0,10,5,-0.03129211570483242,0.03129211570483242
thetao,W60p0,2,1,-0.031250427691791115,0.031250427691791115
so,W30p0,9,11,0.03053521466698333,0.03053521466698333
so,W40p0,4,13,-0.030444646392021595,0.030444646392021595
so,W30p0,3,15,0.030346716381830837,0.030346716381830837
so,W20p0,6,4,-0.030275484229623867,0.030275484229623867
thetao,W10p0,10,13,0.03020285198258506,0.03020285198258506
so,W20p0,10,18,0.030132020550062668,0.030132020550062668
thetao,W10p0,4,11,0.029983571361909087,0.029983571361909087
so,W60p0,4,17,0.029740136214415056,0.029740136214415056
thetao,W30p0,5,16,-0.0295614977490596,0.0295614977490596
so,W40p0,9,17,0.029459051006854402,0.029459051006854402
thetao,W10p0,7,18,-0.029405149885648366,0.029405149885648366
so,W30p0,3,7,0.02921833598813475,0.02921833598813475
so,W20p0,3,16,-0.029065765839405316,0.029065765839405316
thetao,W20p0,3,0,0.029025953849244546,0.029025953849244546
so,W30p0,6,13,-0.02892218837615263,0.02892218837615263
thetao,W60p0,7,12,-0.02882526755081322,0.02882526755081322
thetao,W20p0,7,20,0.02851267640125506,0.02851267640125506
so,W30p0,8,12,-0.0284706989366465,0.0284706989366465
thetao,W40p0,3,7,0.028314699426829487,0.028314699426829487
so,W20p0,6,7,-0.028264211663103278,0.028264211663103278
so,W20p0,10,13,-0.027758300400504293,0.027758300400504293
so,W30p0,8,10,0.027590964142249583,0.027590964142249583
so,W20p0,8,10,0.027536374583747008,0.027536374583747008
thetao,W60p0,10,3,0.027473697971463467,0.027473697971463467
thetao,W30p0,3,3,-0.02743585339713949,0.02743585339713949
so,W10p0,7,19,0.027358781996046234,0.027358781996046234
thetao,W40p0,4,16,-0.0273530225808898,0.0273530225808898
thetao,W60p0,10,7,0.02705000147605744,0.02705000147605744
so,W20p0,8,9,-0.026984049943478895,0.026984049943478895
thetao,W10p0,8,12,-0.026971159756141692,0.026971159756141692
thetao,W40p0,10,13,0.02692129408329718,0.02692129408329718
thetao,W60p0,2,13,0.026657421577609332,0.026657421577609332
so,W20p0,6,3,-0.026306201493918487,0.026306201493918487
thetao,W20p0,9,5,-0.02619033536266063,0.02619033536266063
thetao,W20p0,8,13,0.026184256508571868,0.026184256508571868
so,W30p0,3,6,0.02615921050908851,0.02615921050908851
thetao,W10p0,2,19,-0.025893971583947878,0.025893971583947878
thetao,W30p0,9,6,-0.0258871866717127,0.0258871866717127
thetao,W30p0,9,2,-0.025864581541887473,0.025864581541887473
so,W20p0,4,7,0.025772790374965375,0.025772790374965375
so,W20p0,8,6,0.025601173674745657,0.025601173674745657
thetao,W20p0,3,20,-0.025288454259989535,0.025288454259989535
thetao,W60p0,10,11,-0.025263989648440118,0.025263989648440118
thetao,W30p0,4,11,0.02521795877285032,0.02521795877285032
thetao,W30p0,3,5,0.02502134036174463,0.02502134036174463
so,W30p0,8,11,-0.024912852207502296,0.024912852207502296
thetao,W30p0,5,8,0.024869970387636876,0.024869970387636876
thetao,W10p0,9,11,0.024864360161563445,0.024864360161563445
thetao,W30p0,9,0,-0.024679756078801764,0.024679756078801764
so,W40p0,8,20,-0.024606134929522825,0.024606134929522825
so,W40p0,9,18,0.024299088819334475,0.024299088819334475
so,W20p0,6,8,-0.024235968034588003,0.024235968034588003
thetao,W60p0,8,3,-0.024099625198278726,0.024099625198278726
so,W10p0,3,13,0.023957461725101277,0.023957461725101277
thetao,W20p0,9,7,-0.023896475590054513,0.023896475590054513
thetao,W30p0,3,19,0.02367556382584545,0.02367556382584545
so,W10p0,6,2,-0.02364164252490708,0.02364164252490708
so,W20p0,4,5,-0.023564643127607688,0.023564643127607688
so,W30p0,4,1,-0.02332904939249467,0.02332904939249467
thetao,W30p0,3,18,-0.0232835514859773,0.0232835514859773
so,W60p0,5,13,0.023141240670003477,0.023141240670003477
thetao,W30p0,8,5,0.022928892255163275,0.022928892255163275
so,W40p0,5,9,-0.02276593588292006,0.02276593588292006
thetao,W40p0,4,2,-0.022558022901932612,0.022558022901932612
so,W20p0,10,19,-0.02245969654911981,0.02245969654911981
thetao,W20p0,9,4,-0.02243971815533943,0.02243971815533943
so,W10p0,3,8,0.022283944859690354,0.022283944859690354
so,W40p0,4,3,-0.022246257475697313,0.022246257475697313
thetao,W60p0,5,0,-0.02214627747993602,0.02214627747993602
thetao,W40p0,3,2,0.022090830943738125,0.022090830943738125
thetao,W10p0,6,12,-0.021931489933582245,0.021931489933582245
thetao,W60p0,10,18,-0.021795875960072698,0.021795875960072698
thetao,W30p0,10,17,-0.021788754349658067,0.021788754349658067
thetao,W60p0,8,2,-0.02164569126715089,0.02164569126715089
thetao,W30p0,4,4,0.021389583312450753,0.021389583312450753
thetao,W20p0,8,14,0.021322060573524645,0.021322060573524645
thetao,W30p0,3,6,0.021318436905793877,0.021318436905793877
thetao,W60p0,10,16,0.02113114160053175,0.02113114160053175
so,W60p0,5,10,0.02112724107789092,0.02112724107789092
thetao,W20p0,3,9,-0.021037659238236524,0.021037659238236524
thetao,W60p0,2,6,0.020856964294805058,0.020856964294805058
thetao,W60p0,7,14,-0.020832003569382494,0.020832003569382494
thetao,W10p0,7,8,0.02063245257726448,0.02063245257726448
thetao,W10p0,6,13,0.020576286039049922,0.020576286039049922
thetao,W30p0,8,14,0.02051826684893241,0.02051826684893241
thetao,W10p0,6,20,-0.020330496552515617,0.020330496552515617
so,W40p0,7,2,0.020105845506300152,0.020105845506300152
thetao,W40p0,4,19,-0.019926417335681505,0.019926417335681505
thetao,W30p0,7,12,0.019682540979905155,0.019682540979905155
thetao,W30p0,5,13,-0.01960424506197156,0.01960424506197156
thetao,W30p0,4,13,0.019518476505710196,0.019518476505710196
so,W10p0,5,13,-0.01950568498613252,0.01950568498613252
thetao,W40p0,10,9,0.019404780996328613,0.019404780996328613
so,W30p0,7,1,0.019353154232650653,0.019353154232650653
thetao,W10p0,7,7,-0.019191473280792258,0.019191473280792258
so,W60p0,2,18,0.018874375094797752,0.018874375094797752
thetao,W40p0,3,13,-0.018796492598149788,0.018796492598149788
so,W20p0,7,20,0.01803359346717932,0.01803359346717932
thetao,W10p0,7,17,-0.01800919977978655,0.01800919977978655
so,W20p0,3,18,0.017945119064527268,0.017945119064527268
so,W10p0,3,7,0.01786656801912211,0.01786656801912211
so,W20p0,3,19,0.01783849814387176,0.01783849814387176
thetao,W10p0,8,17,-0.017820558445916332,0.017820558445916332
so,W60p0,8,13,0.017659036228114346,0.017659036228114346
so,W20p0,7,13,-0.017611321131272995,0.017611321131272995
thetao,W60p0,2,19,-0.017594370381097547,0.017594370381097547
thetao,W20p0,7,9,0.017561223590617257,0.017561223590617257
thetao,W20p0,9,8,-0.017539929846307332,0.017539929846307332
so,W10p0,5,18,-0.017421635505027133,0.017421635505027133
thetao,W20p0,3,5,-0.01728594738394332,0.01728594738394332
so,W60p0,4,1,-0.01700531011704266,0.01700531011704266
so,W20p0,4,4,-0.0167085559881382,0.0167085559881382
so,W30p0,4,5,0.016146312452412517,0.016146312452412517
thetao,W10p0,8,15,-0.016090775227236807,0.016090775227236807
thetao,W30p0,10,18,-0.016065290513729118,0.016065290513729118
so,W60p0,8,9,0.016023073309498495,0.016023073309498495
so,W20p0,8,11,0.016021777356146575,0.016021777356146575
so,W10p0,6,3,-0.015821215245966767,0.015821215245966767
so,W20p0,6,2,0.01574480288439049,0.01574480288439049
so,W40p0,7,19,-0.01566591257709108,0.01566591257709108
thetao,W40p0,7,17,-0.01565912219252217,0.01565912219252217
so,W20p0,4,1,-0.015564982574780811,0.015564982574780811
thetao,W60p0,2,20,-0.015432013760603751,0.015432013760603751
so,W10p0,5,11,-0.01540935943625146,0.01540935943625146
thetao,W40p0,8,19,-0.01536314590081766,0.01536314590081766
thetao,W30p0,3,17,0.015342294202185415,0.015342294202185415
thetao,W40p0,7,15,-0.015273164567893285,0.015273164567893285
thetao,W40p0,3,1,0.015263206068194684,0.015263206068194684
so,W60p0,3,0,-0.014773545488931547,0.014773545488931547
so,W60p0,8,18,0.014729874764788538,0.014729874764788538
thetao,W30p0,4,8,0.014719613861910605,0.014719613861910605
so,W40p0,5,10,-0.01450925100037138,0.01450925100037138
so,W30p0,3,17,-0.014468153822816694,0.014468153822816694
thetao,W10p0,6,17,0.01414631423253214,0.01414631423253214
so,W60p0,3,1,0.013995199291837004,0.013995199291837004
thetao,W40p0,6,10,-0.013893736573200829,0.013893736573200829
so,W30p0,3,5,0.01381735067330736,0.01381735067330736
so,W60p0,4,18,-0.013766184532374014,0.013766184532374014
thetao,W60p0,2,5,0.013761523014418207,0.013761523014418207
thetao,W60p0,10,17,0.013648008721216884,0.013648008721216884
so,W20p0,4,6,-0.013554355418517364,0.013554355418517364
so,W20p0,7,19,0.013450303058581622,0.013450303058581622
so,W20p0,4,8,0.01334364689167824,0.01334364689167824
thetao,W60p0,2,12,-0.0132606986361786,0.0132606986361786
thetao,W40p0,6,15,-0.013249325569592546,0.013249325569592546
thetao,W40p0,7,16,-0.013089831623460632,0.013089831623460632
thetao,W10p0,7,19,0.01300959648519699,0.01300959648519699
thetao,W30p0,7,17,0.012955154038320956,0.012955154038320956
so,W60p0,5,11,-0.012942478261130621,0.012942478261130621
so,W60p0,8,14,0.01285811018554342,0.01285811018554342
thetao,W60p0,7,10,-0.012836278631893912,0.012836278631893912
thetao,W60p0,2,7,0.012781723059321794,0.012781723059321794
so,W40p0,7,4,-0.012743671483515837,0.012743671483515837
so,W10p0,7,18,0.012608721407581852,0.012608721407581852
thetao,W10p0,7,13,0.012327515364021777,0.012327515364021777
so,W10p0,6,19,0.012299334371880482,0.012299334371880482
so,W10p0,5,10,0.012147897077695683,0.012147897077695683
so,W30p0,7,4,-0.012138696449394595,0.012138696449394595
thetao,W30p0,10,12,-0.012023224524514932,0.012023224524514932
thetao,W30p0,8,15,-0.012000827992351918,0.012000827992351918
thetao,W20p0,9,9,0.011992130942486679,0.011992130942486679
thetao,W10p0,4,20,0.011942524214105348,0.011942524214105348
thetao,W60p0,10,6,0.011915136947977576,0.011915136947977576
so,W10p0,9,0,-0.011846233779343518,0.011846233779343518
thetao,W60p0,10,10,0.011414747827984123,0.011414747827984123
thetao,W30p0,10,4,-0.011354161819899292,0.011354161819899292
thetao,W10p0,7,1,-0.01125871889063972,0.01125871889063972
thetao,W20p0,7,14,-0.011182665268752681,0.011182665268752681
so,W60p0,4,16,-0.011173064331367595,0.011173064331367595
so,W20p0,8,5,-0.011117059504732818,0.011117059504732818
thetao,W30p0,4,10,0.010792530230940855,0.010792530230940855
so,W60p0,4,20,-0.010714089707407311,0.010714089707407311
so,W20p0,8,8,0.010654531560625952,0.010654531560625952
so,W60p0,2,12,-0.010426742871691227,0.010426742871691227
thetao,W30p0,5,0,-0.010401168859196492,0.010401168859196492
so,W60p0,4,15,-0.010294637665758633,0.010294637665758633
thetao,W20p0,9,6,-0.01026564939708022,0.01026564939708022
so,W20p0,3,17,0.010203966492746333,0.010203966492746333
thetao,W30p0,3,4,0.010137516133767007,0.010137516133767007
so,W60p0,3,2,0.010122773637159153,0.010122773637159153
so,W40p0,9,1,0.010116148564594597,0.010116148564594597
so,W30p0,4,20,-0.010107879838940662,0.010107879838940662
so,W20p0,4,3,-0.010095883762217527,0.010095883762217527
so,W40p0,7,14,-0.009977224917016941,0.009977224917016941
so,W10p0,6,18,-0.009932015453177246,0.009932015453177246
thetao,W30p0,7,9,0.009789157349259519,0.009789157349259519
so,W30p0,4,0,0.009589907052982858,0.009589907052982858
so,W30p0,8,13,0.009555231832456114,0.009555231832456114
thetao,W30p0,8,4,0.009542515675487761,0.009542515675487761
thetao,W60p0,8,4,0.009276929683270183,0.009276929683270183
thetao,W60p0,2,16,-0.00916283673517649,0.00916283673517649
so,W60p0,8,6,-0.009118913667209487,0.009118913667209487
so,W40p0,7,3,-0.008995163637504017,0.008995163637504017
thetao,W30p0,10,16,-0.008620166948190448,0.008620166948190448
so,W30p0,7,0,0.008508244253727626,0.008508244253727626
thetao,W30p0,7,1,-0.008086252132142794,0.008086252132142794
thetao,W60p0,10,19,-0.008008933283398245,0.008008933283398245
thetao,W60p0,10,14,-0.00797257058345292,0.00797257058345292
so,W10p0,3,9,-0.007941437242699668,0.007941437242699668
thetao,W40p0,10,8,0.007774660315475149,0.007774660315475149
thetao,W60p0,2,9,-0.007715465970107582,0.007715465970107582
so,W20p0,4,2,0.0076923842295068745,0.0076923842295068745
so,W40p0,7,18,-0.007505338249057788,0.007505338249057788
so,W20p0,10,14,0.007431248237846318,0.007431248237846318
so,W60p0,2,19,0.007321575064397982,0.007321575064397982
so,W60p0,7,20,0.007089206690007681,0.007089206690007681
thetao,W20p0,7,16,-0.00678503530326365,0.00678503530326365
thetao,W10p0,6,19,0.006740411457639641,0.006740411457639641
so,W10p0,5,12,-0.006710265155332108,0.006710265155332108
so,W30p0,2,15,-0.006505655556152832,0.006505655556152832
so,W30p0,4,6,0.006456783604821275,0.006456783604821275
so,W40p0,4,14,-0.006235668590642094,0.006235668590642094
thetao,W30p0,10,7,0.006062047400494362,0.006062047400494362
so,W40p0,7,0,0.005786444705778476,0.005786444705778476
thetao,W30p0,10,15,-0.005632651584152813,0.005632651584152813
thetao,W30p0,5,7,0.0056129082318646835,0.0056129082318646835
so,W40p0,5,18,0.0055134306063804985,0.0055134306063804985
so,W60p0,8,12,-0.005497444034139172,0.005497444034139172
thetao,W30p0,7,4,0.005483855921375022,0.005483855921375022
so,W40p0,5,16,-0.005024872130042242,0.005024872130042242
so,W10p0,2,11,0.00478519054527406,0.00478519054527406
so,W30p0,9,10,0.004774787594121425,0.004774787594121425
so,W60p0,8,10,0.0047488932563625125,0.0047488932563625125
so,W40p0,9,3,-0.004296584328904027,0.004296584328904027
so,W60p0,4,2,0.003991642957986853,0.003991642957986853
thetao,W60p0,10,13,0.0038760667133073,0.0038760667133073
thetao,W30p0,5,15,0.0037637037499394757,0.0037637037499394757
so,W60p0,8,15,-0.0035914998882031045,0.0035914998882031045
so,W30p0,8,20,-0.0035707431128783862,0.0035707431128783862
so,W10p0,3,6,-0.0031366241060480217,0.0031366241060480217
so,W60p0,7,16,0.003041821201743682,0.003041821201743682
thetao,W40p0,3,4,-0.002937795629404967,0.002937795629404967
thetao,W30p0,7,19,-0.0026274242102528283,0.0026274242102528283
thetao,W30p0,3,7,0.0025695546982978327,0.0025695546982978327
so,W40p0,9,4,-0.002476966056979701,0.002476966056979701
thetao,W30p0,4,14,-0.00246283641040787,0.00246283641040787
so,W60p0,5,12,-0.0024052853406438934,0.0024052853406438934
so,W10p0,3,5,-0.0021899408554898817,0.0021899408554898817
thetao,W10p0,2,20,-0.002123067495616324,0.002123067495616324
thetao,W40p0,6,14,0.0020141931834166413,0.0020141931834166413
thetao,W10p0,7,5,0.0019409355903180798,0.0019409355903180798
so,W20p0,4,9,0.0017286887584747538,0.0017286887584747538
thetao,W60p0,2,8,-0.001614599222581525,0.001614599222581525
so,W60p0,4,3,-0.0015194905692771275,0.0015194905692771275
so,W60p0,8,4,0.0013021742280184799,0.0013021742280184799
so,W20p0,10,15,0.0009480743457145912,0.0009480743457145912
so,W10p0,6,17,-0.0008817314169624806,0.0008817314169624806
so,W30p0,3,16,-0.0006793163343602412,0.0006793163343602412
thetao,W20p0,8,15,0.0006038106058537801,0.0006038106058537801
so,W40p0,9,2,0.0005413602227811529,0.0005413602227811529
thetao,W60p0,10,8,0.0003839270428077367,0.0003839270428077367
thetao,W30p0,5,19,0.0002214193286256582,0.0002214193286256582
thetao,W40p0,3,8,6.083096204415381e-05,6.083096204415381e-05
so,W20p0,3,20,-3.001812358055802e-05,3.001812358055802e-05
so,W30p0,7,14,-3.590676817892612e-06,3.590676817892612e-06
