var,lon_tag,mode,lag,corr,abs_corr
so,W40p0,2,3,-0.4858067122198149,0.4858067122198149
so,W40p0,2,4,-0.45816083817516146,0.45816083817516146
so,W40p0,5,1,-0.43572007342841296,0.43572007342841296
thetao,W40p0,6,1,0.42293127895038896,0.42293127895038896
thetao,W60p0,10,0,-0.4219214236482435,0.4219214236482435
so,W40p0,2,2,-0.4108358113205075,0.4108358113205075
so,W30p0,5,3,0.409619059113112,0.409619059113112
thetao,W40p0,7,2,-0.40459153456891406,0.40459153456891406
so,W60p0,1,0,0.3993453227583839,0.3993453227583839
thetao,W40p0,7,1,-0.3975163535220658,0.3975163535220658
thetao,W40p0,6,2,0.39466337596904966,0.39466337596904966
so,W40p0,7,18,-0.3908296170474396,0.3908296170474396
so,W20p0,10,2,-0.39006238921513364,0.39006238921513364
so,W40p0,1,0,0.38945952397312283,0.38945952397312283
so,W30p0,5,4,0.38914399206529515,0.38914399206529515
thetao,W40p0,7,3,-0.382222115647127,0.382222115647127
thetao,W10p0,4,3,0.3797516035221291,0.3797516035221291
so,W10p0,2,2,-0.37811651130458107,0.37811651130458107
thetao,W60p0,5,0,-0.37619641112749885,0.37619641112749885
so,W10p0,8,1,-0.3727775654259408,0.3727775654259408
thetao,W40p0,6,3,0.37223738540896617,0.37223738540896617
thetao,W30p0,10,1,-0.37178021698736413,0.37178021698736413
so,W10p0,2,1,-0.3708515190726055,0.3708515190726055
so,W60p0,4,1,0.37028087294625234,0.37028087294625234
so,W30p0,5,2,0.3691485370199312,0.3691485370199312
so,W40p0,5,2,-0.3682266211653941,0.3682266211653941
thetao,W40p0,7,4,-0.36333378802703264,0.36333378802703264
so,W40p0,7,17,-0.35972882096998743,0.35972882096998743
thetao,W40p0,6,0,0.35886487918903526,0.35886487918903526
so,W40p0,2,5,-0.3544707823888891,0.3544707823888891
thetao,W20p0,3,2,0.35436825618058027,0.35436825618058027
thetao,W20p0,5,6,-0.35377072004155163,0.35377072004155163
thetao,W10p0,4,2,0.3507573880160746,0.3507573880160746
thetao,W30p0,10,2,-0.34796221896780527,0.34796221896780527
so,W60p0,6,0,0.34791656929903764,0.34791656929903764
so,W40p0,5,0,-0.3421745183503125,0.3421745183503125
so,W10p0,8,0,-0.3419004781486808,0.3419004781486808
thetao,W20p0,5,7,-0.33819497197439263,0.33819497197439263
so,W20p0,10,20,-0.3375843928771755,0.3375843928771755
so,W60p0,4,2,0.3345345751530708,0.3345345751530708
thetao,W60p0,8,20,-0.3344971796400512,0.3344971796400512
so,W30p0,5,18,-0.3329699414172442,0.3329699414172442
so,W10p0,2,3,-0.3328085109402509,0.3328085109402509
so,W20p0,10,1,-0.33009301588254725,0.33009301588254725
so,W40p0,1,1,0.328264257121423,0.328264257121423
thetao,W20p0,5,5,-0.32627634903571395,0.32627634903571395
thetao,W10p0,7,6,0.32567466983702925,0.32567466983702925
thetao,W60p0,3,2,-0.3225624978439321,0.3225624978439321
so,W10p0,1,6,-0.32138106408056527,0.32138106408056527
so,W60p0,1,1,0.3188196786481877,0.3188196786481877
so,W40p0,2,1,-0.31847132479534046,0.31847132479534046
so,W10p0,1,4,-0.3172360467166628,0.3172360467166628
thetao,W60p0,5,1,-0.3151754879778264,0.3151754879778264
so,W40p0,2,17,0.31471261926544264,0.31471261926544264
so,W20p0,6,4,0.3137046160181187,0.3137046160181187
so,W40p0,1,8,0.3119427150290936,0.3119427150290936
so,W40p0,1,7,0.3117245286138107,0.3117245286138107
so,W10p0,1,5,-0.31162168788686695,0.31162168788686695
so,W60p0,10,0,-0.310268778107555,0.310268778107555
so,W10p0,1,7,-0.3102273528908434,0.3102273528908434
so,W20p0,6,5,0.3101880771195838,0.3101880771195838
thetao,W10p0,8,4,-0.30978979989099753,0.30978979989099753
so,W10p0,2,0,-0.30956368021485803,0.30956368021485803
thetao,W40p0,7,0,-0.30840546989892487,0.30840546989892487
thetao,W60p0,10,1,-0.3072234114723533,0.3072234114723533
thetao,W40p0,6,4,0.3066870858250877,0.3066870858250877
thetao,W20p0,3,11,0.3063800227592707,0.3063800227592707
thetao,W40p0,10,18,0.3052379276359175,0.3052379276359175
so,W30p0,5,1,0.3045246347407423,0.3045246347407423
thetao,W40p0,1,1,-0.3043473246435342,0.3043473246435342
thetao,W20p0,3,10,0.3020273547707752,0.3020273547707752
thetao,W40p0,1,0,-0.29922938063971477,0.29922938063971477
thetao,W40p0,7,5,-0.29864742938720945,0.29864742938720945
thetao,W10p0,8,3,-0.2983505196829966,0.2983505196829966
thetao,W10p0,7,7,0.2978154361414731,0.2978154361414731
so,W10p0,1,8,-0.29778930638243595,0.29778930638243595
thetao,W60p0,6,10,-0.297699832671555,0.297699832671555
thetao,W10p0,4,4,0.2972563675776977,0.2972563675776977
so,W20p0,3,4,0.29679526345869656,0.29679526345869656
thetao,W60p0,6,0,-0.2959653375646189,0.2959653375646189
so,W20p0,10,11,-0.29538365502730696,0.29538365502730696
thetao,W40p0,1,7,-0.2949400223032292,0.2949400223032292
so,W30p0,5,17,-0.2927949818583226,0.2927949818583226
thetao,W60p0,8,19,-0.2924731046643161,0.2924731046643161
so,W20p0,3,3,0.2922561446825056,0.2922561446825056
thetao,W20p0,5,8,-0.29215159551462044,0.29215159551462044
thetao,W60p0,3,1,-0.28979250208903296,0.28979250208903296
so,W40p0,9,0,0.28921052900757965,0.28921052900757965
thetao,W30p0,10,3,-0.28896164533152063,0.28896164533152063
so,W20p0,10,10,-0.2876157435687841,0.2876157435687841
thetao,W30p0,8,16,0.2873372732160629,0.2873372732160629
thetao,W10p0,4,1,0.28689737568726265,0.28689737568726265
thetao,W40p0,1,8,-0.28662460225616476,0.28662460225616476
so,W20p0,6,3,0.28581749116214067,0.28581749116214067
thetao,W60p0,3,3,-0.2853444900629206,0.2853444900629206
so,W10p0,1,9,-0.2842798938087889,0.2842798938087889
thetao,W40p0,1,20,0.28326798541717874,0.28326798541717874
so,W30p0,4,6,0.2824618393941691,0.2824618393941691
so,W40p0,6,6,-0.28188498401681483,0.28188498401681483
thetao,W10p0,4,10,0.2813465897968986,0.2813465897968986
thetao,W40p0,10,17,0.28093532649731284,0.28093532649731284
so,W40p0,1,9,0.28084510328508633,0.28084510328508633
so,W30p0,5,5,0.27964548821390284,0.27964548821390284
so,W20p0,10,3,-0.2791272471523972,0.2791272471523972
thetao,W20p0,3,3,0.27887199928086115,0.27887199928086115
thetao,W10p0,4,9,0.278080367094473,0.278080367094473
thetao,W40p0,6,18,-0.2769957808478409,0.2769957808478409
so,W30p0,4,5,0.27481780347445844,0.27481780347445844
thetao,W40p0,5,7,0.2746969563611482,0.2746969563611482
thetao,W10p0,2,15,0.272520955563271,0.272520955563271
so,W10p0,8,2,-0.2697251297862505,0.2697251297862505
thetao,W20p0,1,2,0.2693237691135503,0.2693237691135503
thetao,W60p0,6,9,-0.2691901636861978,0.2691901636861978
so,W40p0,1,20,-0.26862455158194076,0.26862455158194076
thetao,W20p0,3,1,0.26822330459270827,0.26822330459270827
thetao,W30p0,10,0,-0.26820462612712775,0.26820462612712775
so,W40p0,7,19,-0.2671520791217666,0.2671520791217666
thetao,W40p0,1,9,-0.266192371596511,0.266192371596511
so,W10p0,6,19,-0.26613133163648894,0.26613133163648894
thetao,W10p0,8,5,-0.265948424405687,0.265948424405687
so,W10p0,2,4,-0.26580363698450976,0.26580363698450976
thetao,W10p0,4,5,0.265794467380873,0.265794467380873
thetao,W40p0,5,2,-0.2656401033668434,0.2656401033668434
so,W60p0,5,7,0.2652980656018304,0.2652980656018304
so,W10p0,1,3,-0.263600246633371,0.263600246633371
thetao,W20p0,1,3,0.2623569798084422,0.2623569798084422
thetao,W10p0,4,11,0.26218585775041314,0.26218585775041314
so,W40p0,4,5,0.26067766029798894,0.26067766029798894
so,W60p0,6,1,0.260147940822622,0.260147940822622
so,W20p0,6,6,0.258846639242875,0.258846639242875
so,W10p0,7,1,-0.2586359802757837,0.2586359802757837
so,W20p0,6,2,0.25648036718204326,0.25648036718204326
thetao,W20p0,1,1,0.25591411106827466,0.25591411106827466
so,W10p0,2,10,0.25483236892314326,0.25483236892314326
so,W40p0,1,10,0.25373260058210123,0.25373260058210123
so,W60p0,9,9,0.2536126667823759,0.2536126667823759
thetao,W10p0,1,9,-0.2527998044292242,0.2527998044292242
so,W40p0,2,18,0.25266531076177395,0.25266531076177395
so,W40p0,6,7,-0.2524673568003641,0.2524673568003641
so,W10p0,10,4,0.25123547110445454,0.25123547110445454
so,W40p0,5,19,-0.24881207126371316,0.24881207126371316
so,W20p0,3,5,0.248417215679827,0.248417215679827
so,W60p0,8,3,-0.24838934544071373,0.24838934544071373
thetao,W10p0,6,0,-0.24820738583839896,0.24820738583839896
thetao,W40p0,6,19,-0.24787241119940956,0.24787241119940956
so,W40p0,5,18,-0.24739546540131566,0.24739546540131566
so,W30p0,7,0,-0.2466701866763558,0.2466701866763558
so,W60p0,5,6,0.24474070896028804,0.24474070896028804
so,W60p0,1,9,0.24459065086839393,0.24459065086839393
so,W40p0,1,6,0.24419013291617495,0.24419013291617495
thetao,W20p0,3,9,0.24340457377990932,0.24340457377990932
thetao,W20p0,5,4,-0.24318073048605482,0.24318073048605482
so,W10p0,3,20,-0.2429032991390621,0.2429032991390621
so,W10p0,7,2,-0.24275336071917628,0.24275336071917628
thetao,W40p0,9,0,0.24169497327862896,0.24169497327862896
so,W30p0,5,19,-0.24149096066757592,0.24149096066757592
thetao,W20p0,1,0,0.24145173989671886,0.24145173989671886
so,W20p0,8,2,0.24109706314893758,0.24109706314893758
thetao,W40p0,1,6,-0.2408325495726654,0.2408325495726654
so,W60p0,1,8,0.24065655841811667,0.24065655841811667
thetao,W10p0,2,16,0.24031583527642839,0.24031583527642839
thetao,W40p0,5,8,0.24015397137812922,0.24015397137812922
so,W30p0,8,16,-0.2398594315279447,0.2398594315279447
thetao,W40p0,2,2,-0.23757981073002765,0.23757981073002765
thetao,W30p0,1,16,0.23753167580514947,0.23753167580514947
so,W40p0,7,16,-0.23728944552843204,0.23728944552843204
so,W10p0,10,3,0.2365669357399757,0.2365669357399757
so,W40p0,4,6,0.2356235014760031,0.2356235014760031
thetao,W10p0,10,18,0.23485211011748133,0.23485211011748133
so,W20p0,3,17,-0.23422186169188589,0.23422186169188589
so,W40p0,9,8,0.2340383581228312,0.2340383581228312
so,W10p0,1,18,0.23387974091046357,0.23387974091046357
so,W20p0,8,1,0.23378695620598733,0.23378695620598733
thetao,W20p0,6,4,0.2332109462036901,0.2332109462036901
thetao,W20p0,9,2,0.23296012313108344,0.23296012313108344
thetao,W10p0,10,19,0.23277464890201077,0.23277464890201077
thetao,W20p0,3,17,-0.23245866199466814,0.23245866199466814
so,W20p0,2,6,-0.2319924181775745,0.2319924181775745
thetao,W20p0,9,20,0.23197314138571126,0.23197314138571126
thetao,W10p0,6,8,0.23078035274501515,0.23078035274501515
so,W30p0,7,1,-0.22917534438123788,0.22917534438123788
thetao,W60p0,2,2,-0.22882957521055225,0.22882957521055225
so,W10p0,1,17,0.22844298265075513,0.22844298265075513
so,W20p0,2,1,0.22827972681295172,0.22827972681295172
so,W10p0,1,10,-0.22822019295178042,0.22822019295178042
so,W10p0,2,11,0.22803522615702396,0.22803522615702396
thetao,W30p0,1,17,0.22785749626048576,0.22785749626048576
so,W20p0,8,3,0.22684205040039648,0.22684205040039648
thetao,W10p0,4,6,0.22657325226241118,0.22657325226241118
thetao,W60p0,3,0,-0.22628164610850682,0.22628164610850682
thetao,W40p0,5,3,-0.22617742312168676,0.22617742312168676
thetao,W30p0,2,15,-0.22611739589586957,0.22611739589586957
thetao,W20p0,1,4,0.22604721849015696,0.22604721849015696
thetao,W40p0,1,10,-0.22567775811817575,0.22567775811817575
so,W40p0,4,4,0.22566239119758455,0.22566239119758455
so,W10p0,2,9,0.22562622989446093,0.22562622989446093
thetao,W10p0,6,9,0.22561219137571897,0.22561219137571897
so,W20p0,3,18,-0.2251927387850067,0.2251927387850067
so,W20p0,6,1,0.2247407518331154,0.2247407518331154
so,W30p0,4,7,0.22405316583077864,0.22405316583077864
so,W10p0,1,19,0.22370414645684045,0.22370414645684045
so,W20p0,10,12,-0.22368390049068768,0.22368390049068768
so,W20p0,10,19,-0.2234616739690691,0.2234616739690691
thetao,W40p0,6,17,-0.22335045127575268,0.22335045127575268
thetao,W60p0,9,2,0.2231987565004466,0.2231987565004466
thetao,W10p0,1,10,-0.2230335138449515,0.2230335138449515
so,W10p0,7,5,-0.22296062767438296,0.22296062767438296
so,W20p0,2,0,0.2219459669169156,0.2219459669169156
thetao,W30p0,10,15,0.22146866028623213,0.22146866028623213
so,W40p0,6,5,-0.22129286745702417,0.22129286745702417
thetao,W30p0,8,15,0.22122607073338013,0.22122607073338013
thetao,W10p0,2,20,-0.22119471897217796,0.22119471897217796
thetao,W10p0,7,5,0.2211150800929912,0.2211150800929912
thetao,W40p0,6,5,0.22098659683837246,0.22098659683837246
thetao,W20p0,3,12,0.22083891938313116,0.22083891938313116
so,W30p0,4,4,0.2201835600944578,0.2201835600944578
thetao,W40p0,2,1,-0.2195888389049156,0.2195888389049156
so,W20p0,4,20,0.21936714115070313,0.21936714115070313
thetao,W30p0,4,2,0.21926955371297524,0.21926955371297524
so,W20p0,5,7,0.21907820621828417,0.21907820621828417
thetao,W10p0,4,8,0.21903957566467974,0.21903957566467974
so,W30p0,3,12,0.21848158364205808,0.21848158364205808
thetao,W10p0,3,0,-0.21847031638645126,0.21847031638645126
so,W40p0,2,16,0.21709088704397697,0.21709088704397697
so,W20p0,1,11,-0.216893780166902,0.216893780166902
so,W10p0,7,6,-0.21687560525158758,0.21687560525158758
so,W30p0,10,7,0.2163022281099122,0.2163022281099122
so,W30p0,2,0,-0.21613612900777276,0.21613612900777276
so,W30p0,2,4,0.216119699592207,0.216119699592207
thetao,W10p0,8,18,0.21497802119276893,0.21497802119276893
thetao,W30p0,5,2,0.21453124014716865,0.21453124014716865
so,W40p0,8,0,0.21388541139504913,0.21388541139504913
so,W30p0,7,15,0.2136169473983267,0.2136169473983267
thetao,W60p0,6,11,-0.213362503695228,0.213362503695228
so,W20p0,10,16,0.21260846343218803,0.21260846343218803
so,W60p0,4,0,0.2125518599030555,0.2125518599030555
so,W20p0,10,9,-0.2125016039759946,0.2125016039759946
thetao,W10p0,8,6,-0.21166348491296041,0.21166348491296041
so,W10p0,7,4,-0.211598681899029,0.211598681899029
thetao,W10p0,8,17,0.21147978501840878,0.21147978501840878
thetao,W10p0,7,11,-0.2112812705022074,0.2112812705022074
so,W30p0,3,3,0.2108425804347602,0.2108425804347602
thetao,W40p0,7,16,0.21022987347142125,0.21022987347142125
so,W10p0,7,0,-0.2093071456756891,0.2093071456756891
thetao,W60p0,2,18,0.20875793404732476,0.20875793404732476
so,W40p0,6,8,-0.20796318763328062,0.20796318763328062
so,W40p0,9,12,-0.20785087744465766,0.20785087744465766
so,W40p0,9,13,-0.2076768261602643,0.2076768261602643
thetao,W20p0,3,6,-0.20750798379940374,0.20750798379940374
thetao,W10p0,4,12,0.2074483533242937,0.2074483533242937
so,W60p0,1,7,0.20719294234420135,0.20719294234420135
thetao,W40p0,1,2,-0.207135329346217,0.207135329346217
thetao,W30p0,2,14,-0.20689485563986337,0.20689485563986337
so,W40p0,5,20,-0.2059704439415492,0.2059704439415492
so,W30p0,5,16,-0.20554487599543084,0.20554487599543084
so,W30p0,10,8,0.204216022578004,0.204216022578004
so,W10p0,6,18,-0.20358178775070535,0.20358178775070535
thetao,W40p0,1,19,0.20339840631059553,0.20339840631059553
so,W10p0,7,7,-0.20269656538727165,0.20269656538727165
so,W60p0,3,10,-0.20255779799241147,0.20255779799241147
so,W20p0,2,7,-0.20229522211446038,0.20229522211446038
thetao,W10p0,8,2,-0.202034549903192,0.202034549903192
thetao,W30p0,9,17,0.201819061080648,0.201819061080648
so,W20p0,3,2,0.20143433507482422,0.20143433507482422
thetao,W60p0,9,1,0.20130647436201532,0.20130647436201532
thetao,W60p0,6,8,-0.20092321905483024,0.20092321905483024
so,W40p0,1,2,0.20084516146150003,0.20084516146150003
so,W20p0,5,6,0.20083165701341196,0.20083165701341196
thetao,W10p0,2,19,-0.2001283531548434,0.2001283531548434
thetao,W10p0,10,20,0.19988340839096402,0.19988340839096402
thetao,W10p0,6,10,0.19987529771485976,0.19987529771485976
so,W10p0,7,3,-0.19974747106038826,0.19974747106038826
so,W60p0,1,18,0.19951578688453508,0.19951578688453508
so,W40p0,9,14,-0.1994995526017976,0.1994995526017976
so,W40p0,6,0,-0.1993583042750852,0.1993583042750852
thetao,W10p0,7,12,-0.19929815290973502,0.19929815290973502
so,W60p0,8,4,-0.19928334955348917,0.19928334955348917
thetao,W20p0,2,6,-0.1984129964554889,0.1984129964554889
so,W30p0,3,20,0.19840645834884965,0.19840645834884965
so,W20p0,5,5,0.19840143844030303,0.19840143844030303
thetao,W20p0,3,18,-0.1982241726551355,0.1982241726551355
so,W60p0,1,2,0.19806625349128373,0.19806625349128373
thetao,W20p0,2,0,0.19708711329697642,0.19708711329697642
so,W60p0,4,3,0.1960239534454056,0.1960239534454056
thetao,W40p0,3,19,-0.1960232786439377,0.1960232786439377
so,W10p0,2,5,-0.1959224376328171,0.1959224376328171
so,W60p0,3,9,-0.1957248766139873,0.1957248766139873
thetao,W30p0,1,9,-0.19569192241404068,0.19569192241404068
so,W30p0,2,5,0.19554361163244238,0.19554361163244238
so,W20p0,2,2,0.19512537900701674,0.19512537900701674
so,W30p0,2,3,0.1947157462856318,0.1947157462856318
thetao,W10p0,4,17,-0.19428419644532785,0.19428419644532785
so,W60p0,1,19,0.19420204860386842,0.19420204860386842
thetao,W40p0,9,16,-0.1941399765821097,0.1941399765821097
so,W30p0,3,2,0.19388252188179514,0.19388252188179514
so,W40p0,7,12,0.19307969456951002,0.19307969456951002
thetao,W10p0,5,16,-0.19255117098732125,0.19255117098732125
so,W10p0,5,11,-0.19249765102455887,0.19249765102455887
so,W30p0,6,0,0.19245414171388756,0.19245414171388756
thetao,W40p0,7,6,-0.19245250657898513,0.19245250657898513
so,W60p0,1,10,0.19199031641170977,0.19199031641170977
thetao,W40p0,5,13,-0.1919262726486551,0.1919262726486551
thetao,W20p0,2,5,-0.19189527640416756,0.19189527640416756
so,W10p0,6,20,-0.19188018013152877,0.19188018013152877
so,W60p0,2,3,0.19142614036837652,0.19142614036837652
so,W10p0,3,15,0.1914024472747775,0.1914024472747775
thetao,W60p0,3,4,-0.19138695845867404,0.19138695845867404
so,W30p0,4,17,0.19123887798588712,0.19123887798588712
so,W10p0,5,20,-0.19110670165341953,0.19110670165341953
thetao,W10p0,4,7,0.19077433393471185,0.19077433393471185
thetao,W30p0,1,2,-0.1904891225819134,0.1904891225819134
thetao,W40p0,10,13,-0.19000613761451024,0.19000613761451024
so,W20p0,8,4,0.18993082752317442,0.18993082752317442
thetao,W30p0,9,2,-0.18973230359302778,0.18973230359302778
thetao,W30p0,5,1,0.18952489671532863,0.18952489671532863
so,W30p0,8,17,-0.1894077119541084,0.1894077119541084
so,W40p0,2,6,-0.18933872668448323,0.18933872668448323
thetao,W30p0,5,14,0.18919153799580707,0.18919153799580707
thetao,W20p0,6,3,0.18914137897302716,0.18914137897302716
so,W10p0,5,3,-0.18906952389947554,0.18906952389947554
so,W10p0,5,12,-0.1889253450709741,0.1889253450709741
thetao,W20p0,3,16,-0.18868440231988035,0.18868440231988035
so,W60p0,9,10,0.18859924404121417,0.18859924404121417
thetao,W30p0,8,17,0.1881867667049784,0.1881867667049784
so,W30p0,4,16,0.18799153983236183,0.18799153983236183
so,W40p0,3,10,-0.187338724259765,0.187338724259765
so,W60p0,10,14,0.18707350864372774,0.18707350864372774
thetao,W30p0,1,3,-0.1870554851121373,0.1870554851121373
thetao,W40p0,5,17,0.18666531841542203,0.18666531841542203
so,W40p0,7,0,-0.18650469514066675,0.18650469514066675
thetao,W60p0,6,7,-0.1863201283526864,0.1863201283526864
so,W20p0,5,20,0.18630190191144932,0.18630190191144932
so,W30p0,7,14,0.18598924940066933,0.18598924940066933
thetao,W20p0,5,9,-0.1859491475281966,0.1859491475281966
thetao,W10p0,10,17,0.18587148831325218,0.18587148831325218
thetao,W10p0,6,18,-0.18543763888997825,0.18543763888997825
thetao,W10p0,7,20,-0.1854002083851789,0.1854002083851789
so,W30p0,3,11,0.18521156834337077,0.18521156834337077
thetao,W10p0,4,0,0.18520192147133954,0.18520192147133954
so,W40p0,10,6,-0.1850178456723498,0.1850178456723498
thetao,W30p0,10,16,0.1847230584457019,0.1847230584457019
so,W60p0,9,0,-0.1844984143248622,0.1844984143248622
thetao,W60p0,8,1,-0.18386999492123363,0.18386999492123363
thetao,W10p0,1,4,0.18371003807166478,0.18371003807166478
so,W10p0,10,2,0.18369680279488154,0.18369680279488154
so,W60p0,3,11,-0.18285956861532962,0.18285956861532962
so,W10p0,5,10,-0.1828249085564985,0.1828249085564985
thetao,W10p0,6,17,-0.1827298899980343,0.1827298899980343
so,W20p0,3,6,0.18267994879030275,0.18267994879030275
thetao,W60p0,9,20,0.18234111880871948,0.18234111880871948
thetao,W40p0,5,14,-0.18210844031745133,0.18210844031745133
thetao,W60p0,1,20,-0.18175449062441335,0.18175449062441335
so,W60p0,2,2,0.18163040048913487,0.18163040048913487
so,W20p0,1,10,-0.18150550885189567,0.18150550885189567
thetao,W20p0,2,7,-0.18136995485871574,0.18136995485871574
thetao,W60p0,6,1,-0.18085415827468632,0.18085415827468632
thetao,W20p0,1,5,0.1806700922395795,0.1806700922395795
so,W10p0,1,2,-0.1802751138638218,0.1802751138638218
thetao,W10p0,2,14,0.18027207287443964,0.18027207287443964
so,W60p0,5,0,0.18019818883122388,0.18019818883122388
thetao,W30p0,1,5,-0.1798628835840134,0.1798628835840134
so,W10p0,1,16,0.17965629403422698,0.17965629403422698
so,W60p0,10,18,-0.17953227227650498,0.17953227227650498
thetao,W20p0,8,0,0.17923585485556728,0.17923585485556728
so,W40p0,5,3,-0.17885078920882666,0.17885078920882666
thetao,W30p0,8,2,-0.1783067958514961,0.1783067958514961
thetao,W30p0,10,4,-0.17808685603403415,0.17808685603403415
so,W30p0,1,4,-0.17801083519413544,0.17801083519413544
so,W20p0,7,6,-0.1776270295445916,0.1776270295445916
so,W10p0,8,7,-0.17741305971100751,0.17741305971100751
thetao,W10p0,1,8,-0.17708514236397788,0.17708514236397788
thetao,W60p0,7,0,0.17694524394582362,0.17694524394582362
so,W20p0,2,5,-0.17683793888513488,0.17683793888513488
so,W40p0,9,7,0.17602489116178835,0.17602489116178835
thetao,W30p0,1,15,0.17601768521029543,0.17601768521029543
thetao,W30p0,1,18,0.17569254886935667,0.17569254886935667
thetao,W60p0,9,3,0.17558199797034338,0.17558199797034338
thetao,W40p0,5,6,0.17535897115631613,0.17535897115631613
so,W60p0,5,5,0.17529640258181986,0.17529640258181986
thetao,W10p0,7,0,0.1751456463529015,0.1751456463529015
thetao,W20p0,6,5,0.17499941362148624,0.17499941362148624
thetao,W20p0,4,14,-0.17476587559896445,0.17476587559896445
so,W10p0,3,16,0.17450824641446291,0.17450824641446291
so,W20p0,3,19,-0.17448364340163236,0.17448364340163236
thetao,W10p0,5,10,0.17383484247869654,0.17383484247869654
so,W20p0,6,0,0.17332676955710175,0.17332676955710175
thetao,W10p0,1,3,0.17321038319535906,0.17321038319535906
thetao,W10p0,8,19,0.17310659989455382,0.17310659989455382
so,W60p0,8,0,0.17298213331280268,0.17298213331280268
thetao,W10p0,4,18,-0.17287422784377718,0.17287422784377718
thetao,W60p0,8,2,-0.1726111990687397,0.1726111990687397
so,W60p0,7,7,0.1726050760778914,0.1726050760778914
so,W60p0,9,19,0.17256259806811058,0.17256259806811058
thetao,W40p0,8,8,-0.17240938811386075,0.17240938811386075
so,W30p0,7,2,-0.17235042674860285,0.17235042674860285
thetao,W60p0,9,7,-0.17203257760577287,0.17203257760577287
so,W60p0,2,4,0.17176955610067512,0.17176955610067512
so,W30p0,7,10,-0.17165492313628286,0.17165492313628286
so,W60p0,8,19,0.1715578209038867,0.1715578209038867
thetao,W10p0,6,1,-0.17151225732380773,0.17151225732380773
thetao,W40p0,4,2,0.171359365597578,0.171359365597578
thetao,W30p0,2,20,0.171311428147951,0.171311428147951
so,W40p0,9,9,0.17110293511683464,0.17110293511683464
thetao,W30p0,3,16,-0.171092552383179,0.171092552383179
so,W60p0,1,20,0.17105404421150197,0.17105404421150197
thetao,W40p0,10,19,0.1709694879803632,0.1709694879803632
thetao,W30p0,1,6,-0.17036382259506613,0.17036382259506613
so,W60p0,1,5,0.17009786464610488,0.17009786464610488
thetao,W30p0,3,15,-0.17009692373608917,0.17009692373608917
thetao,W60p0,1,19,-0.1697471192493775,0.1697471192493775
thetao,W30p0,9,18,0.1692226935055954,0.1692226935055954
thetao,W30p0,8,1,-0.16913815766708667,0.16913815766708667
thetao,W30p0,10,13,0.16886902042819207,0.16886902042819207
thetao,W30p0,5,13,0.16881738488720868,0.16881738488720868
thetao,W40p0,3,8,0.1687450140095511,0.1687450140095511
thetao,W20p0,6,11,-0.1685619204140614,0.1685619204140614
thetao,W20p0,9,6,-0.16836771516666368,0.16836771516666368
so,W10p0,10,5,0.16826648678294226,0.16826648678294226
thetao,W10p0,4,19,-0.16816744999209154,0.16816744999209154
so,W60p0,4,6,-0.16794809861925333,0.16794809861925333
thetao,W10p0,6,7,0.16764341447590092,0.16764341447590092
so,W30p0,4,15,0.16758033942389333,0.16758033942389333
thetao,W40p0,5,1,-0.16748705931484997,0.16748705931484997
so,W10p0,5,0,0.1672112019741237,0.1672112019741237
thetao,W30p0,1,8,-0.16698016283061112,0.16698016283061112
thetao,W30p0,1,10,-0.16654492867223356,0.16654492867223356
so,W40p0,9,3,-0.16649634110462208,0.16649634110462208
so,W40p0,4,3,0.16644163071476434,0.16644163071476434
so,W60p0,1,3,0.1664293818202703,0.1664293818202703
thetao,W40p0,3,7,0.1662831334807206,0.1662831334807206
thetao,W30p0,5,15,0.1659309059239183,0.1659309059239183
so,W60p0,9,8,0.16581939392986528,0.16581939392986528
so,W60p0,10,1,-0.16580452243202506,0.16580452243202506
thetao,W30p0,1,4,-0.16548104758534307,0.16548104758534307
thetao,W20p0,6,12,-0.16509457627443927,0.16509457627443927
so,W10p0,10,20,0.1649940425646566,0.1649940425646566
so,W20p0,9,14,-0.16463165880942074,0.16463165880942074
thetao,W10p0,10,15,0.16440494781352774,0.16440494781352774
thetao,W30p0,8,3,-0.1642377031858783,0.1642377031858783
so,W10p0,2,12,0.1637614932542757,0.1637614932542757
so,W40p0,10,15,-0.16370003316740692,0.16370003316740692
thetao,W30p0,10,5,-0.1635520387317982,0.1635520387317982
so,W60p0,2,9,0.16343794762646743,0.16343794762646743
so,W10p0,8,8,-0.16340568046665935,0.16340568046665935
so,W30p0,1,5,-0.1633699757912158,0.1633699757912158
so,W20p0,3,16,-0.16309616812963915,0.16309616812963915
so,W60p0,2,8,0.16274651456059627,0.16274651456059627
so,W20p0,5,19,0.16255336573038798,0.16255336573038798
thetao,W20p0,6,10,-0.16238180755042722,0.16238180755042722
thetao,W30p0,4,1,0.16199973501399023,0.16199973501399023
thetao,W40p0,1,5,-0.1619940412166424,0.1619940412166424
thetao,W40p0,7,17,0.16141670013360465,0.16141670013360465
so,W40p0,10,16,-0.1613388472700603,0.1613388472700603
thetao,W10p0,10,16,0.16111162415152508,0.16111162415152508
thetao,W30p0,7,2,0.16080346951486044,0.16080346951486044
so,W60p0,10,10,-0.16065347878404015,0.16065347878404015
thetao,W60p0,5,2,-0.1605842081423682,0.1605842081423682
so,W30p0,5,6,0.16019889394941086,0.16019889394941086
so,W40p0,6,1,-0.15998336461122156,0.15998336461122156
so,W60p0,7,4,0.15906268648504157,0.15906268648504157
so,W60p0,1,17,0.15900200683287974,0.15900200683287974
thetao,W60p0,1,13,0.1589067972880357,0.1589067972880357
so,W20p0,9,6,-0.15885482227942294,0.15885482227942294
thetao,W20p0,8,18,0.15879214713229828,0.15879214713229828
so,W30p0,7,9,-0.15853178081994293,0.15853178081994293
thetao,W10p0,8,16,0.15852993829999437,0.15852993829999437
thetao,W40p0,5,18,0.15838412400353252,0.15838412400353252
thetao,W40p0,3,9,0.1581431651240817,0.1581431651240817
thetao,W40p0,3,20,-0.15812630365171632,0.15812630365171632
thetao,W60p0,4,1,-0.15808710858257025,0.15808710858257025
thetao,W60p0,2,19,0.15808706754061405,0.15808706754061405
thetao,W20p0,6,20,-0.15786170857042342,0.15786170857042342
thetao,W40p0,2,11,-0.15758215863251945,0.15758215863251945
thetao,W10p0,1,11,-0.15730675371793898,0.15730675371793898
thetao,W40p0,7,15,0.1572380459024497,0.1572380459024497
so,W10p0,1,11,-0.1572147611121396,0.1572147611121396
thetao,W30p0,4,3,0.15690623605805662,0.15690623605805662
thetao,W10p0,5,15,-0.1566341668602651,0.1566341668602651
thetao,W40p0,4,3,0.15647706955834978,0.15647706955834978
so,W60p0,1,6,0.15633412286701828,0.15633412286701828
thetao,W60p0,2,3,-0.15629063337047008,0.15629063337047008
so,W30p0,10,9,0.15622248143802694,0.15622248143802694
thetao,W30p0,1,11,-0.15619550784040373,0.15619550784040373
thetao,W60p0,2,17,0.15619315483433374,0.15619315483433374
thetao,W40p0,8,9,-0.15617877664165797,0.15617877664165797
thetao,W30p0,1,1,-0.15609128741649136,0.15609128741649136
so,W40p0,6,4,-0.1557449443398562,0.1557449443398562
thetao,W30p0,8,12,-0.15552771421683503,0.15552771421683503
so,W60p0,9,20,0.1554742778818316,0.1554742778818316
so,W40p0,2,9,0.15503797852819481,0.15503797852819481
so,W60p0,1,11,0.15467950307623612,0.15467950307623612
so,W20p0,5,4,0.15452523910412433,0.15452523910412433
so,W10p0,2,8,0.15438067373383008,0.15438067373383008
so,W30p0,10,6,0.15403381962537835,0.15403381962537835
thetao,W30p0,6,20,-0.15384418865152186,0.15384418865152186
so,W60p0,7,6,0.1534306743860119,0.1534306743860119
so,W20p0,7,7,-0.15333089944344644,0.15333089944344644
thetao,W30p0,10,14,0.15306566549369036,0.15306566549369036
so,W40p0,4,14,0.15293674002928026,0.15293674002928026
so,W20p0,8,6,0.1527128100390684,0.1527128100390684
thetao,W60p0,10,2,-0.15248649632406702,0.15248649632406702
thetao,W40p0,6,16,-0.1523718078665227,0.1523718078665227
thetao,W20p0,5,3,-0.15215713297302225,0.15215713297302225
so,W40p0,2,19,0.15201457151016934,0.15201457151016934
so,W60p0,1,4,0.1518832139745583,0.1518832139745583
thetao,W40p0,8,5,-0.1517071583674883,0.1517071583674883
thetao,W20p0,6,2,0.15169153116538625,0.15169153116538625
so,W60p0,3,12,-0.15167548120338603,0.15167548120338603
so,W40p0,1,5,0.15150135919084123,0.15150135919084123
so,W60p0,2,20,-0.15124460428780429,0.15124460428780429
thetao,W30p0,7,0,-0.15102323551394742,0.15102323551394742
thetao,W40p0,2,6,0.150627248728547,0.150627248728547
so,W10p0,6,17,-0.15060211877853139,0.15060211877853139
so,W10p0,10,17,-0.14971139850779322,0.14971139850779322
thetao,W40p0,2,10,-0.14969377174045473,0.14969377174045473
so,W20p0,9,2,0.14960682158472116,0.14960682158472116
thetao,W40p0,2,12,-0.14959376852021486,0.14959376852021486
thetao,W40p0,3,18,-0.1493941686496592,0.1493941686496592
so,W20p0,9,15,-0.1492155943959394,0.1492155943959394
thetao,W10p0,3,12,-0.14884938549305826,0.14884938549305826
thetao,W10p0,3,7,0.14884464451241594,0.14884464451241594
so,W60p0,2,5,0.14878289676818904,0.14878289676818904
so,W40p0,8,1,0.1487799169443333,0.1487799169443333
thetao,W20p0,5,19,-0.14864409576090307,0.14864409576090307
so,W60p0,2,1,0.1485470667139509,0.1485470667139509
thetao,W10p0,5,9,0.14827002640629522,0.14827002640629522
thetao,W40p0,8,4,-0.14825441418425017,0.14825441418425017
so,W10p0,8,3,-0.14825020003578016,0.14825020003578016
thetao,W20p0,2,4,-0.14818007904982325,0.14818007904982325
so,W30p0,1,11,0.14805017869232015,0.14805017869232015
so,W30p0,2,16,-0.14792438304852126,0.14792438304852126
thetao,W30p0,8,20,-0.14789130935202718,0.14789130935202718
so,W10p0,5,9,-0.1478638741283039,0.1478638741283039
thetao,W40p0,9,15,-0.14774078869933602,0.14774078869933602
thetao,W10p0,9,3,-0.14768276562962115,0.14768276562962115
so,W30p0,5,20,-0.14753134422207925,0.14753134422207925
thetao,W10p0,6,6,0.1474188423080862,0.1474188423080862
thetao,W10p0,5,8,0.14719831787552803,0.14719831787552803
so,W10p0,10,18,-0.14713938804127383,0.14713938804127383
so,W20p0,10,8,-0.14713348066891355,0.14713348066891355
so,W60p0,10,15,0.14707035318890613,0.14707035318890613
thetao,W10p0,6,19,-0.14688551436014796,0.14688551436014796
so,W40p0,10,17,-0.14684883575726745,0.14684883575726745
thetao,W60p0,3,18,0.14682022222633156,0.14682022222633156
thetao,W20p0,6,0,0.14675232041565897,0.14675232041565897
so,W40p0,2,10,0.14670045554287608,0.14670045554287608
thetao,W30p0,1,7,-0.1466121623162926,0.1466121623162926
thetao,W20p0,3,7,-0.1463234880325978,0.1463234880325978
so,W20p0,6,7,0.14611476477092514,0.14611476477092514
thetao,W60p0,9,6,-0.1460983650235468,0.1460983650235468
so,W30p0,8,19,-0.1459021045457499,0.1459021045457499
so,W20p0,4,14,-0.1458089129373827,0.1458089129373827
thetao,W30p0,6,12,-0.14544097252073734,0.14544097252073734
thetao,W20p0,4,1,-0.14537622612638645,0.14537622612638645
so,W30p0,7,16,0.14520314246838079,0.14520314246838079
thetao,W40p0,4,1,0.14511108010158472,0.14511108010158472
so,W40p0,4,7,0.14506761885408467,0.14506761885408467
so,W40p0,1,19,-0.1450481730180563,0.1450481730180563
so,W20p0,10,4,-0.1449881273078758,0.1449881273078758
thetao,W60p0,3,19,0.14477869573056154,0.14477869573056154
thetao,W20p0,8,6,0.14420156705016152,0.14420156705016152
so,W10p0,1,20,0.14408175508387025,0.14408175508387025
so,W60p0,6,2,0.14389653889073226,0.14389653889073226
thetao,W30p0,1,19,0.14387888050876788,0.14387888050876788
thetao,W40p0,1,18,0.14379152972052603,0.14379152972052603
so,W20p0,3,7,0.1436343238656858,0.1436343238656858
thetao,W30p0,7,3,0.14360862728694648,0.14360862728694648
thetao,W40p0,10,12,-0.143257329012573,0.143257329012573
thetao,W10p0,10,11,-0.14324402216700602,0.14324402216700602
thetao,W60p0,7,1,0.1431628219638988,0.1431628219638988
so,W40p0,3,0,0.14294462337027908,0.14294462337027908
so,W40p0,7,11,0.14271672629320334,0.14271672629320334
so,W20p0,5,8,0.14249142637476134,0.14249142637476134
so,W20p0,1,7,-0.14242814682099678,0.14242814682099678
so,W60p0,2,6,0.14225484859504742,0.14225484859504742
so,W20p0,9,20,0.14193341740291107,0.14193341740291107
thetao,W10p0,5,11,0.1418144879338271,0.1418144879338271
thetao,W40p0,5,20,-0.14154379277866916,0.14154379277866916
thetao,W20p0,9,3,0.14145587117119596,0.14145587117119596
so,W30p0,3,13,0.14138545972575767,0.14138545972575767
thetao,W40p0,6,6,0.14138118802803862,0.14138118802803862
so,W10p0,2,20,-0.1413304913238916,0.1413304913238916
thetao,W60p0,3,10,0.14123832922868043,0.14123832922868043
so,W40p0,8,15,-0.1410239511712174,0.1410239511712174
so,W40p0,10,5,-0.1410148103121886,0.1410148103121886
thetao,W30p0,1,20,0.14097631333743166,0.14097631333743166
so,W40p0,3,9,-0.14083867733829414,0.14083867733829414
so,W20p0,7,5,-0.14062897726887827,0.14062897726887827
thetao,W10p0,6,11,0.14042536015758342,0.14042536015758342
thetao,W60p0,2,1,-0.14017267466559144,0.14017267466559144
so,W20p0,10,17,0.14016345252278334,0.14016345252278334
thetao,W40p0,5,12,-0.1400845637690982,0.1400845637690982
so,W20p0,1,8,-0.13978836089357588,0.13978836089357588
thetao,W10p0,7,4,0.13950944075664184,0.13950944075664184
thetao,W60p0,1,5,0.13944912917483396,0.13944912917483396
so,W60p0,7,5,0.13936012010157176,0.13936012010157176
thetao,W20p0,6,19,-0.1393237808779158,0.1393237808779158
so,W40p0,10,14,-0.13924181365979246,0.13924181365979246
thetao,W40p0,6,20,-0.13889215046691977,0.13889215046691977
thetao,W60p0,1,12,0.138734301900705,0.138734301900705
thetao,W40p0,8,6,-0.13850628057693798,0.13850628057693798
thetao,W30p0,6,11,-0.1385009699559931,0.1385009699559931
so,W10p0,7,8,-0.13824644938597613,0.13824644938597613
so,W60p0,9,11,0.13818813989758513,0.13818813989758513
thetao,W20p0,1,17,-0.13817269736693233,0.13817269736693233
thetao,W40p0,3,6,0.138081062885358,0.138081062885358
thetao,W60p0,3,17,0.13769794471697958,0.13769794471697958
thetao,W40p0,9,10,0.13756983338852619,0.13756983338852619
so,W40p0,6,19,0.13747173188802508,0.13747173188802508
so,W40p0,7,13,0.13729445261476644,0.13729445261476644
thetao,W10p0,5,7,0.13724122255302068,0.13724122255302068
so,W30p0,3,4,0.13705090772735345,0.13705090772735345
so,W60p0,8,13,-0.13690114392076147,0.13690114392076147
so,W30p0,10,0,0.13664632771840687,0.13664632771840687
so,W40p0,7,3,0.13661562402256183,0.13661562402256183
so,W40p0,9,15,-0.13643330786275518,0.13643330786275518
so,W30p0,8,15,-0.13636691050996186,0.13636691050996186
thetao,W20p0,3,13,0.13621804823220937,0.13621804823220937
thetao,W60p0,3,9,0.13580698532634713,0.13580698532634713
so,W60p0,10,9,-0.13570334696394443,0.13570334696394443
so,W20p0,9,1,0.1356940024012989,0.1356940024012989
thetao,W20p0,8,17,0.13568795987166293,0.13568795987166293
so,W30p0,2,17,-0.13567224541055076,0.13567224541055076
thetao,W40p0,1,11,-0.135591845721181,0.135591845721181
so,W60p0,2,7,0.1355068011331596,0.1355068011331596
so,W20p0,7,0,-0.13549155086115955,0.13549155086115955
so,W20p0,7,8,-0.13541207164259247,0.13541207164259247
thetao,W60p0,7,3,0.13532326127313704,0.13532326127313704
thetao,W40p0,7,7,-0.13522881538050538,0.13522881538050538
thetao,W40p0,8,7,-0.13512690962456392,0.13512690962456392
thetao,W10p0,1,5,0.1350227755741967,0.1350227755741967
so,W10p0,8,6,-0.1348605504543837,0.1348605504543837
thetao,W20p0,6,9,-0.13466450617201894,0.13466450617201894
thetao,W60p0,8,18,-0.13438399743101995,0.13438399743101995
so,W60p0,10,19,-0.13427349442988853,0.13427349442988853
so,W30p0,9,0,0.13425593933619348,0.13425593933619348
so,W20p0,9,7,-0.134171774486287,0.134171774486287
so,W20p0,8,5,0.13388931766658946,0.13388931766658946
thetao,W20p0,5,1,-0.1334595189619431,0.1334595189619431
so,W10p0,3,11,-0.13331285748870894,0.13331285748870894
so,W10p0,9,16,0.13307028581467908,0.13307028581467908
so,W10p0,2,13,0.13296997941938016,0.13296997941938016
so,W30p0,10,20,-0.13293810005905132,0.13293810005905132
so,W30p0,1,12,0.13280952872689827,0.13280952872689827
thetao,W40p0,10,16,0.1327719199831986,0.1327719199831986
thetao,W20p0,6,13,-0.13248654542055824,0.13248654542055824
thetao,W40p0,4,4,0.13236014368846183,0.13236014368846183
thetao,W10p0,7,8,0.13231203311590425,0.13231203311590425
so,W40p0,3,11,-0.132301346153428,0.132301346153428
thetao,W20p0,1,6,0.13220234460955899,0.13220234460955899
thetao,W10p0,1,18,-0.13165018092937134,0.13165018092937134
thetao,W30p0,10,9,-0.1316016694156172,0.1316016694156172
thetao,W40p0,10,14,-0.13155082708286342,0.13155082708286342
so,W30p0,5,0,0.13145365905343656,0.13145365905343656
so,W30p0,1,3,-0.1314516366152854,0.1314516366152854
thetao,W40p0,7,14,0.13138728870554936,0.13138728870554936
so,W20p0,2,8,-0.13105692353064813,0.13105692353064813
so,W10p0,7,15,0.1309250844411189,0.1309250844411189
thetao,W20p0,10,0,0.13089109875357824,0.13089109875357824
so,W20p0,10,13,-0.13087977052146813,0.13087977052146813
so,W20p0,3,0,0.1305236714966635,0.1305236714966635
so,W40p0,7,20,-0.13037933217388886,0.13037933217388886
so,W40p0,6,9,-0.1303230467265847,0.1303230467265847
so,W60p0,2,12,0.13001570538573268,0.13001570538573268
thetao,W20p0,5,2,-0.12979021746333033,0.12979021746333033
so,W60p0,5,4,0.12967804871595456,0.12967804871595456
so,W40p0,1,11,0.12947080320045276,0.12947080320045276
thetao,W20p0,4,5,0.12940268803268443,0.12940268803268443
so,W20p0,3,1,0.12939962162130803,0.12939962162130803
so,W60p0,5,20,-0.12939854363122608,0.12939854363122608
thetao,W30p0,2,19,0.12898966998754494,0.12898966998754494
so,W40p0,3,19,-0.12891516893505778,0.12891516893505778
thetao,W10p0,9,14,-0.12876753193151858,0.12876753193151858
so,W10p0,1,1,-0.12831093367638424,0.12831093367638424
thetao,W60p0,1,9,0.12830569375193443,0.12830569375193443
so,W20p0,10,15,0.128087526714285,0.128087526714285
so,W10p0,8,9,-0.128029079301128,0.128029079301128
thetao,W20p0,2,8,-0.12797493693750703,0.12797493693750703
thetao,W20p0,5,20,-0.12758037637648437,0.12758037637648437
thetao,W40p0,5,9,0.1275800663313228,0.1275800663313228
thetao,W20p0,3,5,-0.12755173420735927,0.12755173420735927
thetao,W20p0,5,18,-0.12754168711387065,0.12754168711387065
so,W10p0,3,10,-0.12715811317865341,0.12715811317865341
thetao,W40p0,9,17,-0.12708191462670945,0.12708191462670945
so,W60p0,2,10,0.12648376024408298,0.12648376024408298
so,W40p0,10,7,-0.12637887079730065,0.12637887079730065
thetao,W10p0,4,13,0.12635976876019284,0.12635976876019284
so,W10p0,5,13,-0.12634292839119032,0.12634292839119032
so,W60p0,3,2,0.12631499899627827,0.12631499899627827
thetao,W60p0,6,6,-0.12624364056124726,0.12624364056124726
thetao,W10p0,1,19,-0.12624349607810403,0.12624349607810403
thetao,W20p0,2,3,-0.12622795268842846,0.12622795268842846
thetao,W40p0,8,20,0.12620601915184262,0.12620601915184262
thetao,W30p0,7,4,0.1257200599751873,0.1257200599751873
thetao,W30p0,9,7,0.12563049996476214,0.12563049996476214
so,W40p0,4,17,0.1255884563523899,0.1255884563523899
so,W10p0,1,15,0.1255632588760569,0.1255632588760569
thetao,W40p0,1,17,0.12543649978089425,0.12543649978089425
thetao,W20p0,1,16,-0.12535400955188847,0.12535400955188847
so,W60p0,3,8,-0.1253383651238968,0.1253383651238968
so,W10p0,3,19,-0.1252383293936689,0.1252383293936689
so,W40p0,4,10,-0.12521676606417906,0.12521676606417906
so,W30p0,4,14,0.12517447993566547,0.12517447993566547
thetao,W10p0,7,14,-0.12497948508224317,0.12497948508224317
so,W10p0,9,0,-0.12489854765099319,0.12489854765099319
so,W60p0,5,16,0.1248978607626802,0.1248978607626802
thetao,W20p0,6,14,-0.1248057967494269,0.1248057967494269
so,W60p0,4,7,-0.12469377671008862,0.12469377671008862
thetao,W30p0,4,19,-0.1245771149159224,0.1245771149159224
so,W30p0,4,3,0.12455445909051921,0.12455445909051921
so,W40p0,4,16,0.12451137886210074,0.12451137886210074
so,W60p0,7,3,0.12428859962817371,0.12428859962817371
so,W60p0,5,8,0.12426177983005914,0.12426177983005914
so,W10p0,8,18,-0.12391691684863569,0.12391691684863569
so,W60p0,8,12,-0.12389279027929151,0.12389279027929151
so,W10p0,7,14,0.12379384978281413,0.12379384978281413
thetao,W20p0,4,20,0.12370225633157192,0.12370225633157192
thetao,W30p0,9,3,-0.12366489373195996,0.12366489373195996
thetao,W10p0,10,10,-0.12360167240253901,0.12360167240253901
thetao,W20p0,8,5,0.12344535218937061,0.12344535218937061
thetao,W20p0,10,17,0.12298435726900897,0.12298435726900897
so,W60p0,6,11,-0.1228511754119041,0.1228511754119041
thetao,W60p0,1,14,0.1227867458422818,0.1227867458422818
thetao,W40p0,2,13,-0.12261730610334397,0.12261730610334397
so,W60p0,4,17,-0.12233858045376671,0.12233858045376671
so,W10p0,9,7,0.12168436812687056,0.12168436812687056
thetao,W30p0,9,1,-0.12155781364315715,0.12155781364315715
so,W60p0,2,19,-0.12134184938695461,0.12134184938695461
thetao,W40p0,7,13,0.12122540400126225,0.12122540400126225
so,W10p0,6,12,0.12111624739408011,0.12111624739408011
thetao,W30p0,9,12,0.12100145450413026,0.12100145450413026
so,W40p0,3,20,-0.12078101212846341,0.12078101212846341
so,W40p0,2,0,-0.12056906397879363,0.12056906397879363
so,W60p0,8,5,-0.12044343078788011,0.12044343078788011
so,W10p0,10,16,-0.12034439129291664,0.12034439129291664
thetao,W10p0,5,17,-0.12010015566062757,0.12010015566062757
thetao,W10p0,1,2,0.12007051566708425,0.12007051566708425
so,W20p0,5,0,-0.11997858457174153,0.11997858457174153
so,W20p0,7,18,-0.1197112592846583,0.1197112592846583
so,W30p0,3,1,0.11969577955601512,0.11969577955601512
thetao,W40p0,8,1,-0.11966143956369046,0.11966143956369046
so,W10p0,10,1,0.11963402617797712,0.11963402617797712
thetao,W20p0,2,14,-0.11961237488632041,0.11961237488632041
thetao,W60p0,8,0,-0.11950573074841771,0.11950573074841771
thetao,W10p0,9,15,-0.11921973553300697,0.11921973553300697
so,W40p0,8,16,-0.11912568795586598,0.11912568795586598
thetao,W40p0,9,1,0.11910162382552693,0.11910162382552693
so,W60p0,2,13,0.11898078726958453,0.11898078726958453
thetao,W20p0,9,19,0.11891193355637286,0.11891193355637286
thetao,W60p0,4,19,-0.11885418034574266,0.11885418034574266
thetao,W40p0,4,18,0.11868847049866378,0.11868847049866378
so,W60p0,10,13,0.11853851696507489,0.11853851696507489
so,W20p0,1,1,-0.11852200392785747,0.11852200392785747
so,W40p0,4,15,0.11845198398245228,0.11845198398245228
thetao,W60p0,1,4,0.11831987960111201,0.11831987960111201
thetao,W20p0,7,11,-0.11803409363557943,0.11803409363557943
thetao,W20p0,10,18,0.11765329687758481,0.11765329687758481
thetao,W30p0,6,10,-0.11764900329077951,0.11764900329077951
thetao,W30p0,2,16,-0.11764806754623969,0.11764806754623969
thetao,W30p0,4,18,-0.11761276095629768,0.11761276095629768
thetao,W10p0,7,13,-0.11755737274080011,0.11755737274080011
so,W40p0,7,2,0.11752830791027032,0.11752830791027032
thetao,W40p0,9,6,0.11747979413747307,0.11747979413747307
so,W60p0,6,10,-0.11742907475215277,0.11742907475215277
so,W10p0,9,19,0.11736606740418791,0.11736606740418791
thetao,W60p0,1,18,-0.1172846510986826,0.1172846510986826
so,W30p0,3,16,-0.11658967342637046,0.11658967342637046
thetao,W60p0,8,3,-0.11624845169941739,0.11624845169941739
thetao,W20p0,6,1,0.11616220913662406,0.11616220913662406
so,W60p0,4,12,0.11598323682600584,0.11598323682600584
so,W60p0,8,14,-0.11585051915822032,0.11585051915822032
thetao,W40p0,2,5,0.11567647960362738,0.11567647960362738
thetao,W10p0,3,8,0.11550190306572915,0.11550190306572915
so,W20p0,1,12,-0.1153505048514231,0.1153505048514231
so,W60p0,6,6,0.11532715348906891,0.11532715348906891
thetao,W40p0,1,3,-0.11529922273237848,0.11529922273237848
so,W60p0,5,15,0.11505723099699905,0.11505723099699905
thetao,W60p0,7,2,0.115038165824102,0.115038165824102
thetao,W10p0,8,7,-0.11490856144262175,0.11490856144262175
so,W20p0,9,16,-0.1147353516756878,0.1147353516756878
thetao,W20p0,9,1,0.11468435420631325,0.11468435420631325
so,W10p0,9,10,0.11466358897150494,0.11466358897150494
thetao,W30p0,8,13,-0.11462834507444199,0.11462834507444199
so,W60p0,7,16,0.11461772034593733,0.11461772034593733
so,W30p0,3,17,-0.11458541700752806,0.11458541700752806
thetao,W10p0,3,13,-0.11452854587924309,0.11452854587924309
so,W60p0,8,18,0.11445197456955479,0.11445197456955479
so,W20p0,2,20,0.11442520363657857,0.11442520363657857
thetao,W30p0,8,11,-0.11440383700033112,0.11440383700033112
so,W10p0,10,10,-0.11427089251349352,0.11427089251349352
so,W30p0,3,5,0.11423226136403031,0.11423226136403031
so,W60p0,8,2,-0.11392358800890809,0.11392358800890809
thetao,W10p0,4,20,-0.11388638230101242,0.11388638230101242
so,W40p0,4,13,0.11384020077487514,0.11384020077487514
thetao,W20p0,8,1,0.11370015263566693,0.11370015263566693
thetao,W10p0,10,12,-0.11368554313346525,0.11368554313346525
so,W30p0,2,15,-0.1136019814083997,0.1136019814083997
so,W20p0,4,19,0.11348116393488973,0.11348116393488973
thetao,W60p0,1,8,0.11333930414011761,0.11333930414011761
so,W60p0,5,1,0.11329788044580087,0.11329788044580087
so,W20p0,7,19,-0.11322858659944898,0.11322858659944898
thetao,W40p0,2,18,-0.11301769834850775,0.11301769834850775
so,W30p0,9,1,0.11286453154741077,0.11286453154741077
thetao,W60p0,2,20,0.11265391570785634,0.11265391570785634
thetao,W60p0,4,2,-0.11257990303765543,0.11257990303765543
so,W20p0,1,16,-0.112535602744317,0.112535602744317
so,W10p0,6,13,0.11243155541127449,0.11243155541127449
thetao,W20p0,10,16,0.1123658984893219,0.1123658984893219
so,W40p0,6,18,0.11228064240184533,0.11228064240184533
thetao,W30p0,7,13,-0.11225110343009286,0.11225110343009286
so,W30p0,6,19,-0.1121834524078884,0.1121834524078884
so,W10p0,3,9,-0.11215606100101293,0.11215606100101293
so,W10p0,5,17,0.11214432537163016,0.11214432537163016
so,W10p0,9,17,0.1121366756698897,0.1121366756698897
so,W60p0,8,7,0.11210105664196027,0.11210105664196027
so,W40p0,4,18,0.11206422190346128,0.11206422190346128
so,W30p0,2,2,0.11190824661997605,0.11190824661997605
so,W40p0,1,13,-0.11177718915935705,0.11177718915935705
so,W30p0,4,11,0.11175817226508271,0.11175817226508271
so,W10p0,6,8,-0.11141734913115527,0.11141734913115527
thetao,W60p0,10,7,-0.11140209002468315,0.11140209002468315
thetao,W20p0,8,19,0.11139676805400335,0.11139676805400335
thetao,W40p0,4,5,0.1112714646659443,0.1112714646659443
thetao,W10p0,4,16,-0.11121560901074522,0.11121560901074522
thetao,W60p0,9,8,-0.11110854014521247,0.11110854014521247
thetao,W20p0,8,16,0.1110472331199818,0.1110472331199818
so,W10p0,5,2,-0.11100581758362843,0.11100581758362843
thetao,W40p0,5,11,-0.1109546115575148,0.1109546115575148
so,W20p0,1,13,-0.11050094793311256,0.11050094793311256
thetao,W30p0,5,12,0.11045354288230334,0.11045354288230334
thetao,W20p0,5,17,-0.11041996416447994,0.11041996416447994
thetao,W10p0,5,3,-0.11041753808080619,0.11041753808080619
so,W30p0,6,20,-0.11038318407887134,0.11038318407887134
so,W20p0,4,18,0.11033116898830614,0.11033116898830614
so,W60p0,9,18,0.11016274387808857,0.11016274387808857
thetao,W10p0,7,10,-0.11004145457192167,0.11004145457192167
thetao,W40p0,8,10,-0.10997966492893083,0.10997966492893083
so,W20p0,5,18,0.1099155193945077,0.1099155193945077
thetao,W20p0,10,6,0.10989103449504209,0.10989103449504209
thetao,W20p0,10,1,0.10983968212103214,0.10983968212103214
so,W10p0,8,19,-0.10979733036819846,0.10979733036819846
so,W10p0,8,12,-0.10968814029227897,0.10968814029227897
so,W30p0,4,8,0.10911773297142183,0.10911773297142183
thetao,W30p0,8,6,0.10906621601191378,0.10906621601191378
so,W30p0,7,13,0.10905867235417209,0.10905867235417209
so,W20p0,9,0,0.10904649731954066,0.10904649731954066
thetao,W60p0,1,0,-0.10898867149626348,0.10898867149626348
thetao,W20p0,9,7,-0.108533952680208,0.108533952680208
thetao,W30p0,6,19,-0.10847123783499106,0.10847123783499106
so,W40p0,3,1,0.1084428825719464,0.1084428825719464
thetao,W60p0,1,6,0.10833959558100467,0.10833959558100467
so,W20p0,2,19,0.10822156663745147,0.10822156663745147
thetao,W20p0,4,18,0.10798685662846103,0.10798685662846103
thetao,W40p0,4,12,-0.10787665335289238,0.10787665335289238
thetao,W20p0,5,10,-0.10768133891951098,0.10768133891951098
so,W40p0,9,6,0.10746731104914259,0.10746731104914259
so,W10p0,5,19,-0.10740329025738729,0.10740329025738729
so,W40p0,3,16,0.1072977264811816,0.1072977264811816
so,W20p0,1,15,-0.10709760774475507,0.10709760774475507
thetao,W10p0,9,4,-0.10659217297907259,0.10659217297907259
so,W40p0,5,10,-0.10653418823149954,0.10653418823149954
thetao,W20p0,9,14,-0.10626200233100608,0.10626200233100608
so,W10p0,1,0,-0.10618959339460396,0.10618959339460396
thetao,W30p0,10,6,-0.10579587721441217,0.10579587721441217
so,W30p0,1,6,-0.10573429844060493,0.10573429844060493
thetao,W40p0,2,3,-0.10567549961611022,0.10567549961611022
so,W20p0,3,8,0.10563545322908124,0.10563545322908124
thetao,W30p0,9,16,0.10548853583455563,0.10548853583455563
so,W20p0,7,12,0.10521215687952531,0.10521215687952531
thetao,W40p0,4,16,-0.105075252219897,0.105075252219897
thetao,W60p0,4,5,0.10498571343231841,0.10498571343231841
so,W10p0,2,14,0.1049271621500769,0.1049271621500769
thetao,W20p0,2,15,-0.10480537695112316,0.10480537695112316
thetao,W10p0,8,1,-0.10469105906810855,0.10469105906810855
so,W30p0,4,12,0.1046280414476023,0.1046280414476023
thetao,W20p0,1,7,0.10449021106199796,0.10449021106199796
so,W10p0,10,6,0.10443267471522967,0.10443267471522967
thetao,W30p0,10,10,-0.10422286034950541,0.10422286034950541
thetao,W20p0,2,9,-0.10418446696637278,0.10418446696637278
so,W20p0,1,18,-0.10397165991084752,0.10397165991084752
so,W10p0,4,11,0.1039587885418166,0.1039587885418166
so,W60p0,5,10,0.10382005624967806,0.10382005624967806
thetao,W40p0,2,19,-0.1038161825280068,0.1038161825280068
so,W60p0,7,8,0.10377264269364178,0.10377264269364178
so,W60p0,9,3,-0.10374111141697005,0.10374111141697005
thetao,W60p0,1,3,0.10363551884151001,0.10363551884151001
so,W40p0,7,14,0.10348321437417445,0.10348321437417445
so,W30p0,3,19,0.10333563441627101,0.10333563441627101
so,W60p0,3,1,0.10325747108549675,0.10325747108549675
thetao,W40p0,8,18,-0.10310662929511717,0.10310662929511717
thetao,W40p0,9,9,0.1027737781265207,0.1027737781265207
thetao,W60p0,3,5,-0.10277098495628506,0.10277098495628506
so,W30p0,4,20,-0.10246885493460717,0.10246885493460717
so,W20p0,7,20,-0.10239291598865793,0.10239291598865793
so,W20p0,1,6,-0.10230140902019486,0.10230140902019486
thetao,W30p0,9,6,0.1022356188689218,0.1022356188689218
thetao,W30p0,10,19,-0.10214433646296235,0.10214433646296235
thetao,W60p0,3,11,0.10207019849035574,0.10207019849035574
thetao,W20p0,1,15,-0.10204752972893025,0.10204752972893025
so,W60p0,5,14,0.10201970738838868,0.10201970738838868
so,W10p0,2,15,0.10191264369027069,0.10191264369027069
thetao,W40p0,6,10,-0.10165280865745893,0.10165280865745893
thetao,W30p0,10,8,-0.10164390820351708,0.10164390820351708
so,W30p0,8,7,0.10157145343393861,0.10157145343393861
so,W20p0,8,10,0.10143622469719767,0.10143622469719767
thetao,W10p0,6,16,-0.10140018023387119,0.10140018023387119
thetao,W30p0,9,8,0.10136586732974112,0.10136586732974112
thetao,W30p0,4,11,0.10124011005652896,0.10124011005652896
thetao,W40p0,6,15,-0.10122441964789627,0.10122441964789627
thetao,W40p0,8,3,-0.10114426556455071,0.10114426556455071
so,W30p0,1,0,-0.10109471023334334,0.10109471023334334
thetao,W40p0,1,4,-0.1008181169170451,0.1008181169170451
so,W20p0,1,2,-0.10055969529809726,0.10055969529809726
thetao,W40p0,8,2,-0.10050305281401704,0.10050305281401704
thetao,W20p0,8,4,0.10034256988515139,0.10034256988515139
so,W10p0,10,15,-0.10027711586579581,0.10027711586579581
so,W10p0,4,0,0.10018417633105915,0.10018417633105915
so,W20p0,5,3,0.10006570715711541,0.10006570715711541
so,W10p0,4,10,0.10004993408991464,0.10004993408991464
so,W40p0,4,2,0.09978104221032814,0.09978104221032814
thetao,W60p0,7,19,-0.09965359126127274,0.09965359126127274
so,W20p0,2,9,-0.09965113174449644,0.09965113174449644
thetao,W20p0,4,13,-0.0996354080192507,0.0996354080192507
so,W60p0,5,17,0.0996102065698501,0.0996102065698501
so,W20p0,9,9,-0.0996043040547465,0.0996043040547465
thetao,W40p0,7,18,0.09949027554611757,0.09949027554611757
thetao,W60p0,2,10,0.09938787713669701,0.09938787713669701
thetao,W30p0,5,3,0.09921915440307023,0.09921915440307023
so,W20p0,10,0,-0.09919620333327803,0.09919620333327803
thetao,W40p0,4,14,-0.09913961627713576,0.09913961627713576
thetao,W10p0,2,5,-0.09901573248777848,0.09901573248777848
thetao,W10p0,6,5,0.0989250258329078,0.0989250258329078
so,W10p0,9,18,0.0987802514013617,0.0987802514013617
thetao,W20p0,4,12,-0.09867443586520872,0.09867443586520872
so,W10p0,8,5,-0.09865807756046087,0.09865807756046087
so,W30p0,8,18,-0.09858918525032202,0.09858918525032202
thetao,W40p0,4,19,0.09839586155643319,0.09839586155643319
so,W60p0,3,13,-0.09824425365337981,0.09824425365337981
so,W60p0,10,12,0.0982257477989375,0.0982257477989375
so,W10p0,8,20,-0.09817964582882062,0.09817964582882062
so,W20p0,2,15,-0.0980286205377789,0.0980286205377789
so,W20p0,5,10,-0.09800893155091413,0.09800893155091413
so,W40p0,8,13,0.09797599381159892,0.09797599381159892
so,W40p0,1,14,-0.09786999568107435,0.09786999568107435
so,W20p0,1,9,-0.09786995988950564,0.09786995988950564
thetao,W30p0,3,14,-0.09764787230959743,0.09764787230959743
so,W30p0,2,6,0.09753779496553758,0.09753779496553758
so,W30p0,3,9,0.09746152795278212,0.09746152795278212
so,W30p0,8,20,-0.09741395224192123,0.09741395224192123
thetao,W30p0,4,0,0.09730242093394913,0.09730242093394913
thetao,W10p0,3,5,0.0971189587906146,0.0971189587906146
so,W30p0,3,10,0.09684638099041568,0.09684638099041568
thetao,W60p0,8,15,0.09663653825956137,0.09663653825956137
so,W20p0,7,11,0.09652168845741113,0.09652168845741113
so,W10p0,8,11,-0.09647175541729297,0.09647175541729297
thetao,W30p0,6,13,-0.09624238557358558,0.09624238557358558
thetao,W40p0,5,4,-0.09613565209370767,0.09613565209370767
thetao,W20p0,8,3,0.09605189530706426,0.09605189530706426
so,W60p0,9,1,-0.09590450294528574,0.09590450294528574
thetao,W10p0,3,11,-0.09580951045850869,0.09580951045850869
so,W40p0,9,20,-0.09565483347453967,0.09565483347453967
so,W60p0,8,17,0.0954948905823865,0.0954948905823865
so,W60p0,2,11,0.09540300983576477,0.09540300983576477
thetao,W40p0,8,17,-0.09521043090927744,0.09521043090927744
thetao,W60p0,2,14,-0.09514994076079943,0.09514994076079943
thetao,W40p0,10,4,-0.09510527504978558,0.09510527504978558
thetao,W10p0,9,18,-0.09493608562886265,0.09493608562886265
thetao,W10p0,9,8,0.09454959569083585,0.09454959569083585
thetao,W20p0,9,17,-0.09430161538999694,0.09430161538999694
so,W60p0,2,18,-0.09422446385058902,0.09422446385058902
thetao,W30p0,5,6,-0.09400200550762998,0.09400200550762998
thetao,W60p0,2,13,-0.0939619602030024,0.0939619602030024
thetao,W10p0,4,14,0.09384943678272094,0.09384943678272094
so,W10p0,8,13,-0.09384377123411243,0.09384377123411243
so,W40p0,1,4,0.09372677624702333,0.09372677624702333
thetao,W40p0,2,7,0.09366417890893708,0.09366417890893708
thetao,W10p0,10,14,0.09342632274998446,0.09342632274998446
thetao,W60p0,6,4,-0.09326336659419052,0.09326336659419052
so,W20p0,9,13,-0.0930413793736655,0.0930413793736655
so,W10p0,9,2,-0.09296762258075224,0.09296762258075224
thetao,W20p0,9,5,-0.09289477776920527,0.09289477776920527
thetao,W40p0,4,13,-0.0927961480255432,0.0927961480255432
thetao,W60p0,6,12,-0.09276889510371067,0.09276889510371067
thetao,W40p0,7,8,-0.09272205330260869,0.09272205330260869
so,W60p0,4,8,-0.09271220718558384,0.09271220718558384
thetao,W10p0,5,20,0.09265623902700577,0.09265623902700577
so,W10p0,9,6,0.09264726880242301,0.09264726880242301
thetao,W20p0,2,12,-0.09260751716303162,0.09260751716303162
so,W30p0,7,8,-0.09255066548752608,0.09255066548752608
thetao,W30p0,10,20,-0.0924169480378754,0.0924169480378754
thetao,W30p0,6,4,0.09217441339856834,0.09217441339856834
thetao,W10p0,7,15,-0.09217339127728424,0.09217339127728424
thetao,W30p0,2,7,-0.09196672680034634,0.09196672680034634
thetao,W20p0,9,16,-0.09177044131920141,0.09177044131920141
thetao,W10p0,2,17,0.09162283527226867,0.09162283527226867
so,W40p0,6,3,-0.09138651506271867,0.09138651506271867
thetao,W60p0,2,6,0.09125464702701101,0.09125464702701101
so,W30p0,9,16,-0.09109909983953918,0.09109909983953918
so,W10p0,7,16,0.09108278132048246,0.09108278132048246
thetao,W40p0,10,3,-0.09092551067127157,0.09092551067127157
so,W30p0,8,8,0.09081932031959938,0.09081932031959938
thetao,W10p0,9,0,0.09079618467412054,0.09079618467412054
thetao,W60p0,1,17,-0.09078977860600314,0.09078977860600314
so,W40p0,5,15,0.09073238702500734,0.09073238702500734
thetao,W40p0,9,5,0.09072592682130554,0.09072592682130554
so,W40p0,10,0,-0.09065497062976849,0.09065497062976849
so,W40p0,6,13,-0.09054771142681622,0.09054771142681622
thetao,W10p0,6,4,0.09053771046922016,0.09053771046922016
so,W30p0,1,13,0.09018343493926999,0.09018343493926999
so,W40p0,10,4,-0.09011737473567386,0.09011737473567386
so,W40p0,6,20,0.08998431801773529,0.08998431801773529
so,W40p0,1,3,0.08986744440721212,0.08986744440721212
thetao,W40p0,1,13,0.08974563163774936,0.08974563163774936
so,W30p0,10,1,0.08973745364526277,0.08973745364526277
thetao,W60p0,6,2,-0.08970798797339881,0.08970798797339881
so,W30p0,9,9,0.08967026631011019,0.08967026631011019
thetao,W30p0,2,13,-0.08964436073256894,0.08964436073256894
thetao,W60p0,4,0,-0.08963359594183565,0.08963359594183565
so,W10p0,9,1,-0.08959379465815859,0.08959379465815859
so,W60p0,8,8,0.08953401569143474,0.08953401569143474
thetao,W20p0,5,0,-0.08951025236090686,0.08951025236090686
so,W40p0,10,10,0.0894442646201345,0.0894442646201345
thetao,W10p0,3,1,-0.08938469849265042,0.08938469849265042
thetao,W20p0,8,7,0.08936678173998816,0.08936678173998816
thetao,W30p0,9,5,0.08936593368680214,0.08936593368680214
thetao,W10p0,2,3,-0.08935720688969229,0.08935720688969229
so,W60p0,3,3,0.089056559071063,0.089056559071063
thetao,W30p0,6,9,-0.0889737785679005,0.0889737785679005
thetao,W40p0,7,20,-0.08890817807935786,0.08890817807935786
so,W30p0,4,0,0.0888798645601011,0.0888798645601011
so,W10p0,4,9,0.08870617801280457,0.08870617801280457
thetao,W30p0,10,18,-0.08864544770473791,0.08864544770473791
so,W60p0,9,2,-0.08845013118925023,0.08845013118925023
thetao,W30p0,5,11,0.0884408042950518,0.0884408042950518
so,W30p0,5,9,-0.08828800064210184,0.08828800064210184
thetao,W20p0,6,6,0.08814899962628052,0.08814899962628052
thetao,W10p0,6,2,-0.0880914273463608,0.0880914273463608
thetao,W60p0,5,7,-0.08806157139748172,0.08806157139748172
thetao,W30p0,5,5,-0.0880445878260237,0.0880445878260237
thetao,W20p0,4,6,0.08774391829639011,0.08774391829639011
thetao,W10p0,5,0,-0.08769992398008794,0.08769992398008794
thetao,W20p0,2,10,-0.08759753337792651,0.08759753337792651
thetao,W20p0,4,4,0.08749752817134217,0.08749752817134217
thetao,W10p0,7,19,-0.08748112421659354,0.08748112421659354
thetao,W10p0,3,4,0.08740165936649363,0.08740165936649363
thetao,W60p0,7,7,0.08737848235340169,0.08737848235340169
so,W30p0,4,18,0.08721533474003622,0.08721533474003622
thetao,W30p0,7,20,0.08721003249271626,0.08721003249271626
thetao,W40p0,2,16,0.0870807344342036,0.0870807344342036
so,W60p0,3,0,0.08702183721161255,0.08702183721161255
so,W20p0,3,15,-0.08697032579772124,0.08697032579772124
so,W10p0,6,14,0.0867329912153002,0.0867329912153002
thetao,W30p0,5,10,0.08672795904777907,0.08672795904777907
so,W20p0,5,1,-0.08661810820363831,0.08661810820363831
thetao,W30p0,1,12,-0.08660833361423509,0.08660833361423509
thetao,W60p0,4,18,-0.08659808994985757,0.08659808994985757
so,W60p0,6,5,0.08654169906833875,0.08654169906833875
thetao,W60p0,9,14,0.08649809555917662,0.08649809555917662
thetao,W10p0,5,6,0.08646723556611932,0.08646723556611932
so,W10p0,6,7,-0.08623560639808862,0.08623560639808862
so,W30p0,1,9,0.08618474550632477,0.08618474550632477
so,W20p0,3,9,0.08617985003521901,0.08617985003521901
so,W60p0,6,16,-0.08597937941084127,0.08597937941084127
so,W30p0,4,13,0.08584062697124926,0.08584062697124926
thetao,W60p0,10,6,-0.08572226676375481,0.08572226676375481
so,W20p0,4,3,0.08571426567204987,0.08571426567204987
thetao,W30p0,2,17,-0.08567860401962593,0.08567860401962593
thetao,W40p0,9,7,0.08552982155369494,0.08552982155369494
so,W40p0,1,17,-0.08549437755948966,0.08549437755948966
so,W40p0,8,12,0.08543171947818022,0.08543171947818022
thetao,W60p0,5,8,-0.08542020501243634,0.08542020501243634
so,W20p0,6,11,-0.08535619310970673,0.08535619310970673
so,W30p0,7,19,-0.08530205708207553,0.08530205708207553
so,W40p0,8,6,0.08527363242329081,0.08527363242329081
thetao,W10p0,9,10,-0.08505237928629629,0.08505237928629629
so,W20p0,1,14,-0.08502072169371559,0.08502072169371559
thetao,W60p0,7,12,0.08501673109966325,0.08501673109966325
thetao,W10p0,8,15,0.08496862693897653,0.08496862693897653
so,W60p0,7,17,0.08458460284842165,0.08458460284842165
so,W40p0,2,11,0.08457675826273663,0.08457675826273663
so,W40p0,6,14,-0.08457133209111392,0.08457133209111392
so,W10p0,2,16,0.08441035446839802,0.08441035446839802
thetao,W10p0,8,8,-0.08439895520090512,0.08439895520090512
so,W30p0,10,10,0.08426911197467649,0.08426911197467649
so,W10p0,3,14,0.08425860520120353,0.08425860520120353
so,W10p0,3,12,-0.08421811100849834,0.08421811100849834
thetao,W60p0,6,5,-0.08416829271884786,0.08416829271884786
thetao,W20p0,7,4,-0.08410207419167294,0.08410207419167294
thetao,W30p0,4,9,0.08399684214900881,0.08399684214900881
so,W20p0,7,17,-0.08398331567874891,0.08398331567874891
so,W60p0,5,9,0.08394801539117443,0.08394801539117443
thetao,W40p0,6,11,-0.08383669227222747,0.08383669227222747
so,W10p0,10,12,-0.08373251151188965,0.08373251151188965
thetao,W60p0,7,5,0.08360998363130781,0.08360998363130781
so,W20p0,8,20,-0.08337573123344065,0.08337573123344065
thetao,W60p0,4,6,0.08330296452904792,0.08330296452904792
thetao,W20p0,1,18,-0.08311175729104005,0.08311175729104005
thetao,W60p0,5,18,-0.08308921286441413,0.08308921286441413
thetao,W40p0,4,0,0.08289988733413063,0.08289988733413063
so,W30p0,3,8,0.08255528186586296,0.08255528186586296
so,W60p0,3,15,0.0823625186617997,0.0823625186617997
thetao,W20p0,2,20,0.0823589416685749,0.0823589416685749
thetao,W60p0,4,4,0.08235252743464107,0.08235252743464107
thetao,W10p0,3,6,0.08225287854169361,0.08225287854169361
thetao,W30p0,6,3,0.08208195379402851,0.08208195379402851
thetao,W30p0,3,17,-0.08181589146472751,0.08181589146472751
thetao,W60p0,7,6,0.08180501126907978,0.08180501126907978
thetao,W60p0,2,7,0.08166632365118237,0.08166632365118237
so,W40p0,9,2,-0.08135003879323059,0.08135003879323059
thetao,W20p0,10,20,-0.0812788551401544,0.0812788551401544
thetao,W60p0,7,4,0.08114769318947518,0.08114769318947518
thetao,W20p0,7,5,-0.08109606946019461,0.08109606946019461
thetao,W30p0,7,1,0.0808834558981194,0.0808834558981194
so,W40p0,6,16,-0.08061887132341576,0.08061887132341576
thetao,W20p0,3,19,-0.0805756873509939,0.0805756873509939
so,W30p0,8,6,0.08054268173343328,0.08054268173343328
thetao,W30p0,9,13,0.08028350236130619,0.08028350236130619
so,W10p0,5,4,-0.08024784542664165,0.08024784542664165
thetao,W60p0,1,7,0.08010183915250267,0.08010183915250267
thetao,W40p0,2,9,-0.08008220192941712,0.08008220192941712
so,W30p0,9,15,-0.08004346797247433,0.08004346797247433
so,W20p0,1,5,-0.07997912914456876,0.07997912914456876
so,W30p0,5,15,-0.07990717535179934,0.07990717535179934
thetao,W60p0,10,8,-0.07978081797775376,0.07978081797775376
so,W60p0,9,7,0.07972661713295383,0.07972661713295383
so,W30p0,3,15,-0.07961355995160542,0.07961355995160542
so,W40p0,5,16,0.0795861090853437,0.0795861090853437
so,W20p0,8,7,0.07947090126515491,0.07947090126515491
thetao,W20p0,2,11,-0.07936440732708139,0.07936440732708139
thetao,W20p0,9,10,0.0793406050100412,0.0793406050100412
so,W10p0,5,14,-0.07933488682361538,0.07933488682361538
so,W20p0,1,0,-0.07928180867050193,0.07928180867050193
thetao,W30p0,8,7,0.07910541195137322,0.07910541195137322
thetao,W30p0,6,18,-0.0789432305606111,0.0789432305606111
so,W40p0,4,20,0.07891263199599266,0.07891263199599266
so,W60p0,7,15,0.0787937864575529,0.0787937864575529
thetao,W20p0,9,13,-0.07856055029661706,0.07856055029661706
so,W60p0,2,17,-0.07855765870675314,0.07855765870675314
thetao,W10p0,10,7,0.07848948532513739,0.07848948532513739
thetao,W10p0,9,2,-0.07840131243129028,0.07840131243129028
thetao,W20p0,3,20,0.0783108162374157,0.0783108162374157
so,W30p0,1,10,0.07769909694066704,0.07769909694066704
so,W40p0,3,5,-0.07767283386334686,0.07767283386334686
so,W40p0,3,8,-0.07764896968530725,0.07764896968530725
so,W30p0,7,3,-0.07737796409868265,0.07737796409868265
so,W60p0,4,5,-0.07734071022422997,0.07734071022422997
thetao,W60p0,9,12,0.07719806518152966,0.07719806518152966
thetao,W10p0,5,18,-0.07696279410990692,0.07696279410990692
thetao,W10p0,2,4,-0.07684189588402,0.07684189588402
thetao,W60p0,5,19,-0.07674068906090944,0.07674068906090944
so,W60p0,10,17,-0.07673766954634399,0.07673766954634399
thetao,W20p0,2,13,-0.07673502440399303,0.07673502440399303
so,W10p0,10,11,-0.07666789191619125,0.07666789191619125
so,W40p0,9,10,0.07648959440090082,0.07648959440090082
thetao,W40p0,4,11,-0.07647233843950116,0.07647233843950116
so,W30p0,7,12,0.07627329484670163,0.07627329484670163
thetao,W10p0,5,1,-0.07625876934849321,0.07625876934849321
so,W30p0,2,18,-0.07621401658052462,0.07621401658052462
so,W40p0,6,12,-0.07611748508766934,0.07611748508766934
thetao,W40p0,6,9,-0.07610589825702668,0.07610589825702668
so,W10p0,9,3,-0.07610268284480945,0.07610268284480945
thetao,W10p0,9,7,0.07564676891112271,0.07564676891112271
thetao,W20p0,7,20,-0.07563144875691505,0.07563144875691505
thetao,W30p0,1,14,0.07561983886744891,0.07561983886744891
so,W40p0,5,4,-0.07545395415563132,0.07545395415563132
thetao,W40p0,5,16,0.07537508725182891,0.07537508725182891
thetao,W40p0,1,16,0.07505766746559883,0.07505766746559883
so,W40p0,6,15,-0.07493239529575732,0.07493239529575732
so,W60p0,3,7,-0.0748490165883405,0.0748490165883405
thetao,W60p0,8,4,-0.07478475121529184,0.07478475121529184
thetao,W60p0,4,9,-0.07471929069982285,0.07471929069982285
thetao,W10p0,2,13,0.07468474543148856,0.07468474543148856
thetao,W60p0,7,20,-0.07462004893042083,0.07462004893042083
thetao,W10p0,5,12,0.07453224606091531,0.07453224606091531
so,W30p0,2,14,-0.07433939858566477,0.07433939858566477
so,W40p0,10,20,0.07430685652817422,0.07430685652817422
so,W40p0,10,11,0.07428919815752871,0.07428919815752871
thetao,W30p0,10,12,0.07421282814439921,0.07421282814439921
thetao,W20p0,9,15,-0.07419322299685152,0.07419322299685152
thetao,W20p0,6,15,-0.074156111235326,0.074156111235326
so,W40p0,1,18,-0.07405366401801178,0.07405366401801178
thetao,W10p0,9,19,-0.0739875244855299,0.0739875244855299
thetao,W30p0,6,17,-0.07395255598467132,0.07395255598467132
thetao,W40p0,1,14,0.0738376721806079,0.0738376721806079
thetao,W30p0,2,3,0.07355640632721852,0.07355640632721852
so,W10p0,9,8,0.07351394288679927,0.07351394288679927
so,W20p0,8,19,-0.07347696672312998,0.07347696672312998
so,W60p0,5,12,0.073353821474775,0.073353821474775
thetao,W30p0,4,6,-0.07333497338342951,0.07333497338342951
thetao,W40p0,4,15,-0.07329832909333478,0.07329832909333478
thetao,W20p0,7,1,-0.07325110174742215,0.07325110174742215
so,W20p0,1,20,0.0731592367215567,0.0731592367215567
thetao,W60p0,9,17,-0.07307363348855676,0.07307363348855676
thetao,W30p0,5,19,0.07307359025806733,0.07307359025806733
so,W20p0,2,14,-0.0729128978837036,0.0729128978837036
thetao,W10p0,9,16,-0.07287036420177175,0.07287036420177175
thetao,W60p0,3,8,0.07285403016724909,0.07285403016724909
so,W60p0,7,13,-0.07281241712617831,0.07281241712617831
thetao,W20p0,6,8,-0.07278609486706368,0.07278609486706368
thetao,W20p0,1,8,0.07269807416046417,0.07269807416046417
so,W60p0,4,11,0.07263103563366775,0.07263103563366775
so,W20p0,1,17,-0.07260024133803228,0.07260024133803228
so,W10p0,4,12,0.07258941745208346,0.07258941745208346
thetao,W60p0,5,14,-0.0725373926423273,0.0725373926423273
thetao,W40p0,9,14,-0.07233383517981809,0.07233383517981809
so,W40p0,9,17,0.07218124604343652,0.07218124604343652
so,W10p0,7,9,-0.07217055834284984,0.07217055834284984
thetao,W10p0,2,11,-0.07213854395959912,0.07213854395959912
thetao,W60p0,7,15,0.07186037471271223,0.07186037471271223
so,W20p0,2,4,-0.07174617584819466,0.07174617584819466
so,W40p0,3,15,0.07172275212422635,0.07172275212422635
thetao,W10p0,2,10,-0.07169969042949619,0.07169969042949619
thetao,W40p0,3,5,0.07165814144836792,0.07165814144836792
so,W60p0,5,18,0.07165381488715938,0.07165381488715938
thetao,W30p0,8,18,0.0716369816111366,0.0716369816111366
so,W10p0,4,15,-0.07163532603749925,0.07163532603749925
so,W20p0,9,3,0.07157433912772619,0.07157433912772619
thetao,W20p0,10,10,0.0715684099535158,0.0715684099535158
so,W20p0,8,18,-0.07138332411711851,0.07138332411711851
thetao,W60p0,7,14,0.07137787986611305,0.07137787986611305
thetao,W20p0,3,15,-0.07130541127103977,0.07130541127103977
so,W30p0,7,17,0.07123688222442928,0.07123688222442928
so,W20p0,8,16,-0.07114333414358806,0.07114333414358806
thetao,W40p0,9,8,0.07102472786494407,0.07102472786494407
thetao,W20p0,7,14,-0.07084462186089759,0.07084462186089759
thetao,W20p0,10,13,0.07078348317604417,0.07078348317604417
thetao,W30p0,2,6,-0.07044773843848154,0.07044773843848154
thetao,W20p0,9,11,0.07042573629996175,0.07042573629996175
so,W60p0,7,10,-0.07033464106247825,0.07033464106247825
so,W10p0,2,19,-0.0700225161819766,0.0700225161819766
thetao,W30p0,2,2,0.06980160486378895,0.06980160486378895
so,W40p0,9,11,-0.0697731863813289,0.0697731863813289
so,W40p0,9,4,-0.06968149471285198,0.06968149471285198
thetao,W30p0,2,11,0.06956190205603552,0.06956190205603552
thetao,W40p0,7,19,0.06953216151417499,0.06953216151417499
so,W40p0,6,2,-0.0693659129397039,0.0693659129397039
so,W60p0,7,11,-0.06923715272080441,0.06923715272080441
thetao,W20p0,6,18,-0.06918711741918822,0.06918711741918822
so,W40p0,2,8,0.06918539390517679,0.06918539390517679
thetao,W60p0,2,5,0.06915287405660887,0.06915287405660887
so,W30p0,3,6,0.0690826148612291,0.0690826148612291
so,W10p0,4,3,-0.06889900494998034,0.06889900494998034
so,W30p0,8,9,0.0688842996041191,0.0688842996041191
so,W10p0,3,8,-0.06874617170027705,0.06874617170027705
so,W40p0,4,12,0.0685730065775896,0.0685730065775896
so,W60p0,1,12,0.06844734076693762,0.06844734076693762
so,W40p0,8,3,-0.06837576692416071,0.06837576692416071
so,W20p0,6,12,-0.06827032501018196,0.06827032501018196
so,W60p0,2,16,-0.0681866054479078,0.0681866054479078
thetao,W40p0,10,5,-0.0680862657534511,0.0680862657534511
thetao,W40p0,7,9,-0.06806759366799174,0.06806759366799174
thetao,W40p0,9,2,0.06805336250143049,0.06805336250143049
thetao,W30p0,4,4,0.06801886537552304,0.06801886537552304
thetao,W30p0,8,8,0.06800255947062477,0.06800255947062477
so,W40p0,2,15,0.06788579005795703,0.06788579005795703
thetao,W10p0,5,14,-0.06785464723337019,0.06785464723337019
thetao,W60p0,10,15,0.06776217447928916,0.06776217447928916
thetao,W30p0,6,0,0.06753918524126712,0.06753918524126712
thetao,W30p0,8,4,-0.06737625468288722,0.06737625468288722
thetao,W30p0,5,7,-0.06727567303080077,0.06727567303080077
thetao,W10p0,2,6,-0.06719048768022225,0.06719048768022225
thetao,W20p0,1,14,-0.06703817644791987,0.06703817644791987
so,W10p0,2,6,-0.0670300965297827,0.0670300965297827
thetao,W60p0,5,9,-0.06701359343136593,0.06701359343136593
so,W40p0,4,19,0.0669901034694801,0.0669901034694801
so,W20p0,4,13,-0.06698744015565304,0.06698744015565304
thetao,W30p0,6,5,0.0668141679376097,0.0668141679376097
so,W10p0,4,8,0.06677321374289805,0.06677321374289805
so,W40p0,7,10,0.0667667063809371,0.0667667063809371
so,W10p0,8,10,-0.06674088342933729,0.06674088342933729
thetao,W10p0,6,12,0.06668593783726855,0.06668593783726855
so,W40p0,10,13,-0.06665771789927628,0.06665771789927628
so,W20p0,9,5,-0.06655247468785608,0.06655247468785608
thetao,W20p0,10,7,0.06642568006378899,0.06642568006378899
thetao,W20p0,7,12,-0.06630398310116936,0.06630398310116936
thetao,W10p0,1,12,-0.0660387232710066,0.0660387232710066
so,W40p0,5,6,0.06583454145710925,0.06583454145710925
so,W10p0,7,13,0.06579357649760388,0.06579357649760388
thetao,W60p0,1,11,0.06578633741385119,0.06578633741385119
thetao,W60p0,9,18,-0.06577101833544563,0.06577101833544563
thetao,W20p0,4,3,0.06542563027671836,0.06542563027671836
so,W30p0,8,11,-0.0650154655379589,0.0650154655379589
so,W20p0,2,16,-0.06496813811989095,0.06496813811989095
so,W10p0,4,1,0.06492614543167104,0.06492614543167104
so,W20p0,8,11,0.06472673273374548,0.06472673273374548
so,W30p0,6,2,-0.06454365988483009,0.06454365988483009
so,W40p0,7,6,-0.06449177920992132,0.06449177920992132
thetao,W60p0,6,17,-0.06445881891604174,0.06445881891604174
so,W30p0,9,8,0.0644269633987458,0.0644269633987458
thetao,W60p0,3,16,0.06440799093152809,0.06440799093152809
thetao,W20p0,4,2,-0.06434077362638396,0.06434077362638396
so,W10p0,5,8,-0.06417818892013849,0.06417818892013849
thetao,W10p0,2,18,-0.06415842260170133,0.06415842260170133
so,W40p0,4,9,-0.06409530323426671,0.06409530323426671
so,W30p0,9,17,-0.06405196908960127,0.06405196908960127
so,W20p0,9,17,-0.06387555750543554,0.06387555750543554
thetao,W20p0,10,3,-0.06375092671137937,0.06375092671137937
thetao,W30p0,9,0,-0.0636524989810434,0.0636524989810434
so,W40p0,3,17,0.06359439535104186,0.06359439535104186
so,W30p0,6,5,0.06345808789418875,0.06345808789418875
thetao,W10p0,1,7,-0.06336578138056849,0.06336578138056849
thetao,W60p0,6,19,-0.06328733967875415,0.06328733967875415
so,W40p0,7,7,-0.06325508163389951,0.06325508163389951
thetao,W40p0,2,14,-0.06317817011237853,0.06317817011237853
thetao,W60p0,8,14,0.06317665691945987,0.06317665691945987
so,W10p0,7,19,-0.06314789591161511,0.06314789591161511
thetao,W30p0,9,19,0.06298577611497118,0.06298577611497118
so,W20p0,2,18,0.06274464242864643,0.06274464242864643
so,W30p0,3,7,0.0627411867286771,0.0627411867286771
thetao,W60p0,7,13,0.06257444571598314,0.06257444571598314
so,W60p0,5,3,0.06250133312400866,0.06250133312400866
so,W10p0,1,12,-0.06237571834975563,0.06237571834975563
thetao,W40p0,5,15,-0.062122849481746324,0.062122849481746324
thetao,W40p0,10,1,0.062083101947193686,0.062083101947193686
so,W20p0,2,3,0.06200166363796595,0.06200166363796595
so,W30p0,9,12,0.06189051396518417,0.06189051396518417
thetao,W30p0,6,8,-0.06182878058904673,0.06182878058904673
thetao,W20p0,7,2,-0.0617067539799817,0.0617067539799817
so,W60p0,4,16,-0.06168345292423621,0.06168345292423621
so,W10p0,3,17,0.06162065519407134,0.06162065519407134
thetao,W10p0,3,18,-0.061619392511500656,0.061619392511500656
so,W30p0,7,20,-0.0614400750260892,0.0614400750260892
so,W60p0,5,11,0.061346963888634434,0.061346963888634434
so,W20p0,7,1,-0.061315747931616385,0.061315747931616385
so,W20p0,6,20,-0.061295312763545225,0.061295312763545225
thetao,W20p0,7,8,0.061245635281489116,0.061245635281489116
so,W30p0,2,11,0.06122266201543251,0.06122266201543251
thetao,W60p0,1,10,0.06102278227885495,0.06102278227885495
so,W10p0,6,9,-0.060951685568696616,0.060951685568696616
thetao,W20p0,3,14,0.060872028823778915,0.060872028823778915
so,W60p0,4,18,-0.06081226737164922,0.06081226737164922
so,W20p0,9,10,-0.060777391781177005,0.060777391781177005
so,W10p0,2,17,0.060766359155086255,0.060766359155086255
thetao,W10p0,6,3,0.060760884713025494,0.060760884713025494
so,W40p0,7,4,0.060645881391770094,0.060645881391770094
so,W40p0,5,7,0.06046228459031511,0.06046228459031511
thetao,W60p0,3,20,0.060461305476812034,0.060461305476812034
thetao,W10p0,1,1,0.06044935434677274,0.06044935434677274
thetao,W30p0,10,7,-0.06037652686771075,0.06037652686771075
so,W30p0,1,15,-0.06033664577549475,0.06033664577549475
so,W10p0,8,14,-0.0602836883573333,0.0602836883573333
so,W10p0,1,14,0.06013026721837008,0.06013026721837008
thetao,W30p0,7,18,-0.060115228506446475,0.060115228506446475
so,W10p0,3,2,-0.06010937162201951,0.06010937162201951
so,W10p0,10,7,0.0599473081711452,0.0599473081711452
thetao,W20p0,1,10,0.05992953352163258,0.05992953352163258
so,W20p0,8,0,0.059818388451510614,0.059818388451510614
so,W10p0,6,2,-0.05981729636768647,0.05981729636768647
so,W40p0,5,13,-0.059784595010085095,0.059784595010085095
so,W40p0,4,11,-0.059533396661109454,0.059533396661109454
so,W60p0,6,3,0.05950848326389248,0.05950848326389248
thetao,W10p0,10,9,-0.059228232623323405,0.059228232623323405
thetao,W10p0,10,4,-0.059218621736981905,0.059218621736981905
so,W20p0,6,13,-0.059107831859243364,0.059107831859243364
thetao,W30p0,3,19,-0.05897590793371401,0.05897590793371401
thetao,W30p0,5,16,0.05896751269316464,0.05896751269316464
so,W20p0,4,1,-0.05880497862143705,0.05880497862143705
thetao,W60p0,5,6,-0.05877797754023052,0.05877797754023052
so,W30p0,5,8,-0.058769634698638655,0.058769634698638655
thetao,W30p0,4,10,0.05862433545145017,0.05862433545145017
thetao,W60p0,10,16,0.05851520994831324,0.05851520994831324
thetao,W10p0,3,19,-0.0584415101114737,0.0584415101114737
thetao,W10p0,7,1,0.05826274541554158,0.05826274541554158
so,W20p0,7,13,0.05818050249570056,0.05818050249570056
thetao,W20p0,1,9,0.058139659370457814,0.058139659370457814
thetao,W60p0,3,14,-0.05810126014631393,0.05810126014631393
thetao,W20p0,8,2,0.057926838532791874,0.057926838532791874
thetao,W20p0,4,11,-0.05790832611535319,0.05790832611535319
thetao,W10p0,8,9,-0.05775908580487029,0.05775908580487029
thetao,W10p0,7,18,-0.057755227435696534,0.057755227435696534
thetao,W20p0,2,1,0.057706914739771936,0.057706914739771936
thetao,W60p0,8,9,-0.05751986953685638,0.05751986953685638
thetao,W20p0,1,19,-0.057128247641409086,0.057128247641409086
thetao,W20p0,10,15,0.05709369940864412,0.05709369940864412
thetao,W60p0,1,2,0.05701268531906321,0.05701268531906321
thetao,W30p0,8,19,-0.05698146916607273,0.05698146916607273
thetao,W30p0,7,7,-0.05682524525768759,0.05682524525768759
so,W10p0,8,4,-0.05682251219845635,0.05682251219845635
thetao,W60p0,4,20,-0.05665572013484832,0.05665572013484832
thetao,W30p0,3,11,-0.05664587639131289,0.05664587639131289
so,W30p0,4,10,0.056552843618766016,0.056552843618766016
thetao,W60p0,10,11,-0.05652332763672189,0.05652332763672189
thetao,W10p0,5,5,0.05636163167916044,0.05636163167916044
so,W10p0,10,0,0.05624462763376279,0.05624462763376279
thetao,W40p0,8,15,0.05620376808076389,0.05620376808076389
so,W60p0,2,14,0.05616923162705989,0.05616923162705989
thetao,W20p0,3,4,0.05612172780864673,0.05612172780864673
so,W60p0,4,10,-0.0561064424761573,0.0561064424761573
thetao,W60p0,5,12,-0.05600267269138787,0.05600267269138787
so,W40p0,9,1,0.0559648019193144,0.0559648019193144
thetao,W10p0,1,15,0.05587531114985332,0.05587531114985332
thetao,W60p0,9,4,0.055769552505051716,0.055769552505051716
thetao,W30p0,2,4,0.055709778043150054,0.055709778043150054
so,W10p0,5,16,0.055691160381065176,0.055691160381065176
thetao,W10p0,8,14,0.05563808218270231,0.05563808218270231
so,W20p0,7,4,-0.055368640349480996,0.055368640349480996
thetao,W20p0,7,3,-0.05525849598229133,0.05525849598229133
thetao,W20p0,4,19,0.055143788825371416,0.055143788825371416
thetao,W60p0,2,9,0.05513524564089889,0.05513524564089889
thetao,W20p0,10,11,0.05513046185163621,0.05513046185163621
thetao,W10p0,9,13,-0.05510782322284594,0.05510782322284594
so,W60p0,5,2,0.05502362686474081,0.05502362686474081
thetao,W60p0,6,18,-0.05499564226019457,0.05499564226019457
thetao,W40p0,9,11,0.054959484022387955,0.054959484022387955
thetao,W60p0,9,16,-0.05494034511392551,0.05494034511392551
thetao,W40p0,6,7,0.05483704293772192,0.05483704293772192
so,W40p0,3,6,-0.0548007714387642,0.0548007714387642
so,W40p0,9,18,0.05470153601628899,0.05470153601628899
so,W10p0,6,16,-0.05467334820398498,0.05467334820398498
thetao,W40p0,10,0,0.054615388020550854,0.054615388020550854
thetao,W40p0,8,0,-0.054577132891956995,0.054577132891956995
thetao,W60p0,3,13,-0.0545078017179605,0.0545078017179605
thetao,W30p0,7,16,-0.05446290129736324,0.05446290129736324
so,W40p0,4,1,0.054331247933619306,0.054331247933619306
so,W10p0,5,18,0.05432910299225024,0.05432910299225024
so,W60p0,6,17,-0.054328853621272745,0.054328853621272745
so,W20p0,7,16,-0.05390230717697772,0.05390230717697772
thetao,W30p0,4,15,-0.053851388464991747,0.053851388464991747
so,W40p0,10,9,0.05383247684938597,0.05383247684938597
thetao,W60p0,5,13,-0.053827200734959335,0.053827200734959335
so,W30p0,1,16,-0.053683176363600975,0.053683176363600975
thetao,W40p0,2,20,-0.05363263267054309,0.05363263267054309
thetao,W60p0,6,3,-0.05360861011366589,0.05360861011366589
so,W60p0,9,17,0.0535997390552575,0.0535997390552575
so,W40p0,3,12,-0.053329597190057094,0.053329597190057094
thetao,W20p0,7,15,-0.05331751560706811,0.05331751560706811
so,W20p0,6,15,-0.05330132443063131,0.05330132443063131
so,W10p0,4,16,-0.05329132992771464,0.05329132992771464
so,W30p0,9,4,-0.05307307517773754,0.05307307517773754
so,W30p0,1,2,-0.05305970162426138,0.05305970162426138
thetao,W30p0,5,18,0.05295549324509516,0.05295549324509516
thetao,W30p0,10,17,0.052928252011227965,0.052928252011227965
so,W60p0,7,19,-0.05277956278059855,0.05277956278059855
so,W40p0,9,16,-0.05275984337004052,0.05275984337004052
so,W10p0,3,1,-0.052611370699448635,0.052611370699448635
so,W30p0,10,14,0.05260758094880776,0.05260758094880776
thetao,W20p0,7,17,-0.05260604855933552,0.05260604855933552
so,W60p0,4,13,0.05250854797010945,0.05250854797010945
thetao,W40p0,8,12,0.05223220484337298,0.05223220484337298
thetao,W60p0,8,16,0.052230469397295094,0.052230469397295094
so,W30p0,10,4,-0.05221434965706128,0.05221434965706128
thetao,W20p0,5,11,-0.05217523475257513,0.05217523475257513
so,W30p0,10,13,0.05202902815709475,0.05202902815709475
so,W20p0,9,8,-0.051865572375643855,0.051865572375643855
thetao,W60p0,9,10,-0.05185567304911327,0.05185567304911327
thetao,W40p0,3,10,0.05172068563988871,0.05172068563988871
thetao,W10p0,8,0,-0.05170712138152729,0.05170712138152729
so,W20p0,6,14,-0.0516798782804397,0.0516798782804397
thetao,W10p0,3,14,-0.05164290361922321,0.05164290361922321
thetao,W40p0,10,11,-0.05133898166440763,0.05133898166440763
so,W30p0,5,14,0.05130538398031417,0.05130538398031417
thetao,W60p0,4,11,-0.051256366798797796,0.051256366798797796
thetao,W40p0,9,20,0.05109818525602482,0.05109818525602482
so,W40p0,8,4,-0.051019518532563944,0.051019518532563944
so,W10p0,5,6,0.051017279499841466,0.051017279499841466
so,W10p0,6,6,-0.05092956932361827,0.05092956932361827
thetao,W40p0,4,20,0.05067981626904851,0.05067981626904851
thetao,W10p0,10,6,0.05048821577685599,0.05048821577685599
thetao,W30p0,5,4,-0.050463909962232566,0.050463909962232566
thetao,W20p0,4,7,0.05043191153438315,0.05043191153438315
thetao,W60p0,2,16,0.050352548035947735,0.050352548035947735
thetao,W20p0,7,0,-0.049930883910239934,0.049930883910239934
thetao,W60p0,7,8,0.04992928766155822,0.04992928766155822
thetao,W30p0,3,8,-0.04990706695653134,0.04990706695653134
thetao,W30p0,6,2,0.049867125617831735,0.049867125617831735
thetao,W60p0,6,16,-0.049823210129619926,0.049823210129619926
thetao,W60p0,8,6,0.049795774168739704,0.049795774168739704
so,W20p0,4,11,0.049696213599844136,0.049696213599844136
thetao,W20p0,2,16,-0.049681023632754395,0.049681023632754395
so,W60p0,10,16,0.049650838172953043,0.049650838172953043
thetao,W30p0,5,9,0.04964523649249785,0.04964523649249785
so,W60p0,7,12,-0.049556894542398075,0.049556894542398075
so,W60p0,10,20,-0.04941883054054172,0.04941883054054172
so,W30p0,7,5,0.04927718157281492,0.04927718157281492
so,W30p0,9,5,-0.04924300423822121,0.04924300423822121
so,W60p0,4,9,-0.049146987319332966,0.049146987319332966
thetao,W40p0,3,11,0.04907001068408771,0.04907001068408771
so,W40p0,10,18,-0.04884648810526767,0.04884648810526767
so,W20p0,6,8,0.048731478892336026,0.048731478892336026
so,W10p0,9,13,-0.04865189386216593,0.04865189386216593
thetao,W10p0,5,2,-0.04863179226597109,0.04863179226597109
thetao,W20p0,8,11,-0.048508507086354104,0.048508507086354104
so,W20p0,5,12,-0.04842013515602421,0.04842013515602421
thetao,W20p0,5,16,-0.04840862233468658,0.04840862233468658
thetao,W10p0,3,2,-0.04824138833260371,0.04824138833260371
so,W40p0,1,16,-0.04821870345571875,0.04821870345571875
thetao,W10p0,9,17,-0.04814107265797963,0.04814107265797963
thetao,W20p0,10,14,0.0481217743725873,0.0481217743725873
thetao,W20p0,4,10,-0.048088829041039366,0.048088829041039366
thetao,W10p0,1,17,-0.04807120460268959,0.04807120460268959
so,W60p0,10,11,0.047914826378951836,0.047914826378951836
so,W60p0,8,15,-0.04788442554096703,0.04788442554096703
thetao,W20p0,10,5,0.04781513654731007,0.04781513654731007
so,W30p0,9,19,0.047599106818741584,0.047599106818741584
thetao,W30p0,6,14,-0.047592809471623414,0.047592809471623414
so,W10p0,10,9,-0.047576499189938316,0.047576499189938316
so,W20p0,2,11,0.04755702716484988,0.04755702716484988
thetao,W20p0,7,13,-0.0473940620267305,0.0473940620267305
thetao,W60p0,3,6,-0.047289276318622384,0.047289276318622384
thetao,W40p0,2,15,0.04723526954119175,0.04723526954119175
so,W20p0,8,14,0.04716176157063205,0.04716176157063205
so,W60p0,5,13,0.04711169430308376,0.04711169430308376
thetao,W60p0,7,18,-0.04690175124864786,0.04690175124864786
so,W30p0,8,5,0.04684407626652521,0.04684407626652521
so,W30p0,2,13,-0.046688069775212296,0.046688069775212296
thetao,W20p0,2,17,0.04653754777568531,0.04653754777568531
so,W20p0,10,7,-0.04653715542533718,0.04653715542533718
so,W60p0,1,16,0.04647407550395677,0.04647407550395677
so,W30p0,8,1,0.0463512377864388,0.0463512377864388
thetao,W20p0,8,9,0.04631849678612621,0.04631849678612621
thetao,W20p0,4,15,-0.04612351376424905,0.04612351376424905
thetao,W60p0,4,15,0.04601077077373515,0.04601077077373515
so,W60p0,6,9,-0.04599717749002065,0.04599717749002065
thetao,W60p0,10,19,-0.04599332254942587,0.04599332254942587
thetao,W20p0,5,14,-0.04591368492146608,0.04591368492146608
so,W30p0,6,1,-0.04586979776570646,0.04586979776570646
so,W20p0,3,14,-0.045864660463874,0.045864660463874
so,W20p0,1,19,-0.0455689263464731,0.0455689263464731
thetao,W20p0,10,9,0.04551991729453544,0.04551991729453544
so,W20p0,5,11,-0.04550933342866219,0.04550933342866219
thetao,W20p0,8,20,-0.04546756730942089,0.04546756730942089
thetao,W20p0,10,12,0.045183718730544414,0.045183718730544414
so,W40p0,7,8,-0.04503421377527994,0.04503421377527994
so,W30p0,6,13,0.04503260837808422,0.04503260837808422
thetao,W20p0,2,19,0.04497656068608711,0.04497656068608711
thetao,W10p0,1,14,0.04497621795172924,0.04497621795172924
so,W30p0,6,8,-0.04489347792422403,0.04489347792422403
so,W30p0,7,11,-0.044829155598539276,0.044829155598539276
thetao,W40p0,1,15,0.04477757351034502,0.04477757351034502
thetao,W10p0,10,1,0.044577927767468994,0.044577927767468994
thetao,W10p0,2,2,-0.04455056096243752,0.04455056096243752
so,W40p0,8,14,-0.04444723606979761,0.04444723606979761
thetao,W30p0,4,7,-0.044392109824241154,0.044392109824241154
so,W30p0,10,12,-0.04433276958545201,0.04433276958545201
thetao,W20p0,10,8,0.04432504928516859,0.04432504928516859
thetao,W60p0,8,12,0.04431810925842996,0.04431810925842996
so,W40p0,3,4,-0.044258596360106574,0.044258596360106574
thetao,W30p0,4,14,-0.044214590362166406,0.044214590362166406
so,W40p0,8,5,0.04408453311708228,0.04408453311708228
thetao,W60p0,8,13,0.04404633964261892,0.04404633964261892
so,W30p0,10,5,0.0439333297586165,0.0439333297586165
thetao,W60p0,6,13,-0.04383063278944805,0.04383063278944805
so,W30p0,6,16,0.043805413881948044,0.043805413881948044
so,W10p0,2,7,0.043741832275606025,0.043741832275606025
so,W60p0,4,4,0.043637888789516965,0.043637888789516965
thetao,W10p0,3,15,0.043513475291461136,0.043513475291461136
thetao,W40p0,9,19,0.04339836691729025,0.04339836691729025
thetao,W20p0,2,2,-0.04329773034229215,0.04329773034229215
thetao,W40p0,9,13,-0.04299056323521614,0.04299056323521614
thetao,W60p0,1,16,-0.04274543777411718,0.04274543777411718
so,W30p0,4,19,-0.04269943640436065,0.04269943640436065
thetao,W40p0,6,13,0.04269313764338184,0.04269313764338184
thetao,W20p0,7,6,-0.04260552553448642,0.04260552553448642
so,W20p0,7,10,0.042577071100795665,0.042577071100795665
thetao,W40p0,10,6,-0.04255979259359193,0.04255979259359193
thetao,W60p0,10,20,-0.04254840561382624,0.04254840561382624
thetao,W40p0,2,0,-0.04249932419295153,0.04249932419295153
thetao,W20p0,10,19,0.0423713116959913,0.0423713116959913
thetao,W20p0,8,8,0.042354107105819154,0.042354107105819154
so,W10p0,6,10,-0.042338057438085885,0.042338057438085885
so,W60p0,6,7,0.042320550537334085,0.042320550537334085
so,W60p0,4,20,0.04223673826245727,0.04223673826245727
so,W60p0,6,15,-0.042110001552198184,0.042110001552198184
so,W40p0,2,7,-0.04205700075677907,0.04205700075677907
so,W20p0,1,3,-0.0420173725976026,0.0420173725976026
thetao,W20p0,7,9,0.04195247478978901,0.04195247478978901
thetao,W60p0,10,3,-0.04192197102495879,0.04192197102495879
thetao,W30p0,3,1,-0.04188826987048451,0.04188826987048451
thetao,W30p0,9,11,0.04188692597269391,0.04188692597269391
so,W40p0,10,1,-0.04180031589382081,0.04180031589382081
thetao,W40p0,4,10,-0.04171092118322957,0.04171092118322957
so,W10p0,7,18,-0.04168816748732415,0.04168816748732415
thetao,W40p0,10,2,-0.041635319116751654,0.041635319116751654
so,W10p0,3,6,0.04137599861349135,0.04137599861349135
so,W10p0,10,14,-0.04131768995078966,0.04131768995078966
thetao,W10p0,3,16,0.04131360552671299,0.04131360552671299
so,W40p0,5,9,-0.04106119397027405,0.04106119397027405
so,W30p0,9,6,-0.041052421209961984,0.041052421209961984
thetao,W60p0,2,8,0.040914410920029835,0.040914410920029835
so,W30p0,2,19,-0.04087466648906347,0.04087466648906347
so,W10p0,4,4,-0.040871494683946366,0.040871494683946366
so,W30p0,6,18,-0.040751844539452485,0.040751844539452485
so,W40p0,1,12,-0.040580893388113035,0.040580893388113035
so,W40p0,10,19,0.040414892597537416,0.040414892597537416
thetao,W40p0,8,13,0.040400860214973994,0.040400860214973994
thetao,W30p0,4,5,-0.04035880171294286,0.04035880171294286
so,W40p0,8,7,0.0403324922352328,0.0403324922352328
thetao,W60p0,4,10,-0.04015719228740514,0.04015719228740514
so,W10p0,5,5,0.04013946982953769,0.04013946982953769
thetao,W40p0,9,18,-0.040124284757617916,0.040124284757617916
so,W10p0,4,20,0.04010720626342185,0.04010720626342185
so,W20p0,5,17,0.04010515160097733,0.04010515160097733
so,W30p0,4,2,0.04009170719189089,0.04009170719189089
so,W30p0,9,20,0.039846525212319524,0.039846525212319524
thetao,W40p0,5,10,-0.03975442749253806,0.03975442749253806
so,W60p0,9,15,-0.03971511970602881,0.03971511970602881
so,W30p0,1,8,0.03955094241166881,0.03955094241166881
thetao,W10p0,8,13,0.039498832893011135,0.039498832893011135
so,W40p0,10,3,-0.039107526758843644,0.039107526758843644
thetao,W10p0,9,12,-0.039082376889756944,0.039082376889756944
thetao,W60p0,8,11,-0.03905024637642359,0.03905024637642359
so,W60p0,9,4,-0.03898965238345966,0.03898965238345966
so,W30p0,3,14,0.0389248986727269,0.0389248986727269
so,W60p0,4,14,0.038637472215874984,0.038637472215874984
so,W40p0,10,8,-0.03862565166770738,0.03862565166770738
thetao,W10p0,10,3,-0.0385696871710227,0.0385696871710227
thetao,W40p0,3,12,0.03852564982238034,0.03852564982238034
so,W40p0,8,17,-0.03847656812942219,0.03847656812942219
so,W30p0,9,2,0.03847091658249851,0.03847091658249851
so,W20p0,8,9,0.03822449638091219,0.03822449638091219
thetao,W20p0,9,0,0.03799319754224589,0.03799319754224589
so,W10p0,10,13,-0.03794530475618117,0.03794530475618117
so,W20p0,3,20,-0.03791098590664292,0.03791098590664292
thetao,W60p0,7,16,0.037890864778566354,0.037890864778566354
so,W10p0,4,18,0.03785050353214571,0.03785050353214571
thetao,W10p0,1,20,-0.03775201351806952,0.03775201351806952
so,W20p0,4,9,0.037735226990770164,0.037735226990770164
so,W40p0,5,12,-0.03738089006801181,0.03738089006801181
so,W10p0,7,17,0.037352570207094475,0.037352570207094475
so,W40p0,6,10,-0.037306325601275454,0.037306325601275454
so,W10p0,7,12,0.037254630787355886,0.037254630787355886
thetao,W30p0,3,7,-0.037247518855993686,0.037247518855993686
so,W20p0,6,10,-0.03706422708425524,0.03706422708425524
so,W30p0,4,1,0.03704275530511793,0.03704275530511793
thetao,W30p0,7,17,-0.0370325166501086,0.0370325166501086
thetao,W40p0,7,12,0.037016496051529756,0.037016496051529756
so,W60p0,6,12,-0.0368479963058166,0.0368479963058166
thetao,W10p0,9,6,0.0368447609641451,0.0368447609641451
so,W60p0,8,6,0.03671473713056938,0.03671473713056938
so,W20p0,10,5,-0.036666118711383866,0.036666118711383866
thetao,W10p0,6,14,-0.03655648004664747,0.03655648004664747
so,W40p0,3,2,0.03645378895334716,0.03645378895334716
so,W10p0,9,20,-0.03644645784646284,0.03644645784646284
thetao,W40p0,4,6,0.03638604554723262,0.03638604554723262
thetao,W30p0,4,20,-0.036385407929353915,0.036385407929353915
thetao,W60p0,2,4,-0.03630833725364202,0.03630833725364202
thetao,W30p0,3,5,0.03628320467843721,0.03628320467843721
thetao,W30p0,9,9,0.03622038017997389,0.03622038017997389
thetao,W20p0,4,17,0.03608458035423527,0.03608458035423527
so,W20p0,9,19,0.036058529201019485,0.036058529201019485
so,W30p0,9,18,0.03591675877351272,0.03591675877351272
so,W20p0,4,15,-0.03572107957357318,0.03572107957357318
so,W20p0,7,9,-0.0357150551172062,0.0357150551172062
so,W30p0,2,1,-0.03563644763544712,0.03563644763544712
so,W20p0,4,2,0.03557150641585645,0.03557150641585645
thetao,W10p0,3,20,-0.03553449755760359,0.03553449755760359
so,W30p0,10,16,0.03551772890490537,0.03551772890490537
so,W60p0,7,0,-0.03543081822950232,0.03543081822950232
so,W30p0,1,7,-0.035405246587244664,0.035405246587244664
so,W30p0,8,14,-0.035403133890007765,0.035403133890007765
thetao,W20p0,4,0,-0.03538475894121138,0.03538475894121138
so,W10p0,6,11,0.035273948657454056,0.035273948657454056
thetao,W10p0,9,20,-0.035268725260411936,0.035268725260411936
so,W10p0,10,8,0.03526735189234152,0.03526735189234152
so,W20p0,4,12,-0.03505655910169358,0.03505655910169358
thetao,W40p0,3,1,0.03493569882211882,0.03493569882211882
so,W30p0,10,2,0.03489632232872329,0.03489632232872329
thetao,W60p0,5,5,-0.03484010429287907,0.03484010429287907
thetao,W10p0,10,2,0.03453546229224564,0.03453546229224564
so,W40p0,2,20,0.03449922865361711,0.03449922865361711
thetao,W60p0,5,17,-0.0344349252747755,0.0344349252747755
thetao,W30p0,2,8,-0.034270943692273535,0.034270943692273535
thetao,W30p0,7,19,0.03416718648747473,0.03416718648747473
so,W40p0,10,12,0.03399767951259608,0.03399767951259608
so,W40p0,1,15,-0.033924931184691295,0.033924931184691295
thetao,W30p0,2,1,-0.03392431240626999,0.03392431240626999
so,W10p0,9,11,0.0337272078481886,0.0337272078481886
so,W40p0,5,17,-0.033680061694813294,0.033680061694813294
so,W10p0,6,3,-0.03357146576514223,0.03357146576514223
so,W40p0,5,11,-0.033461702500857816,0.033461702500857816
thetao,W20p0,3,8,0.033457763877761316,0.033457763877761316
thetao,W30p0,7,12,-0.03342915790291855,0.03342915790291855
so,W30p0,6,14,-0.03336278942081428,0.03336278942081428
thetao,W60p0,9,0,0.03330899500088687,0.03330899500088687
so,W30p0,6,4,0.033269854873500065,0.033269854873500065
so,W30p0,9,7,0.03319511189132719,0.03319511189132719
so,W40p0,7,15,-0.03317949272926134,0.03317949272926134
thetao,W40p0,3,4,0.03311217711400299,0.03311217711400299
so,W20p0,9,18,-0.032878046914801666,0.032878046914801666
thetao,W40p0,8,11,-0.032854374361009464,0.032854374361009464
so,W30p0,7,6,0.03283816620674632,0.03283816620674632
thetao,W30p0,3,20,-0.0327568802564577,0.0327568802564577
so,W40p0,5,5,0.03275014770135636,0.03275014770135636
thetao,W60p0,8,10,-0.03267747576076122,0.03267747576076122
so,W40p0,7,1,-0.03260024560639503,0.03260024560639503
so,W20p0,6,16,-0.03257282590210868,0.03257282590210868
so,W20p0,1,4,-0.03238784807954672,0.03238784807954672
so,W10p0,4,7,0.032279318955398116,0.032279318955398116
thetao,W40p0,8,16,-0.03223869432211434,0.03223869432211434
so,W10p0,7,10,-0.032226225745472924,0.032226225745472924
thetao,W10p0,2,9,-0.03217424962823143,0.03217424962823143
so,W30p0,2,8,-0.03214469887471332,0.03214469887471332
so,W10p0,5,7,0.03183520456662602,0.03183520456662602
thetao,W60p0,9,5,-0.031827913197687005,0.031827913197687005
so,W20p0,8,17,-0.03178625145263771,0.03178625145263771
so,W40p0,3,7,-0.03174431702934965,0.03174431702934965
thetao,W30p0,6,7,-0.031739903912244835,0.031739903912244835
thetao,W20p0,9,9,0.03158680890974396,0.03158680890974396
so,W60p0,3,20,0.03136756230398393,0.03136756230398393
so,W20p0,3,11,-0.03131141437778323,0.03131141437778323
so,W60p0,3,16,0.03131100264639785,0.03131100264639785
so,W30p0,7,7,0.03124436543359243,0.03124436543359243
so,W20p0,5,13,-0.030771838947166688,0.030771838947166688
thetao,W30p0,8,9,0.030718268791370185,0.030718268791370185
so,W30p0,8,13,0.0306140519104398,0.0306140519104398
thetao,W30p0,2,9,0.030144097866717297,0.030144097866717297
thetao,W40p0,10,20,0.03012801058687887,0.03012801058687887
so,W20p0,9,12,-0.030048632290840614,0.030048632290840614
thetao,W30p0,2,10,0.029876771288837797,0.029876771288837797
thetao,W20p0,5,15,-0.02980210075728484,0.02980210075728484
thetao,W20p0,1,13,-0.029770504562244535,0.029770504562244535
so,W10p0,3,3,0.02976799083154779,0.02976799083154779
so,W60p0,8,16,0.029415885344851123,0.029415885344851123
thetao,W20p0,8,10,0.02935565461494339,0.02935565461494339
thetao,W10p0,9,1,0.029346891315531972,0.029346891315531972
so,W30p0,9,14,-0.02924234969985358,0.02924234969985358
so,W30p0,5,7,0.02915448828468878,0.02915448828468878
so,W10p0,4,14,-0.02904300163148873,0.02904300163148873
thetao,W40p0,3,3,0.029031264201998544,0.029031264201998544
thetao,W40p0,7,10,-0.028902270759846825,0.028902270759846825
so,W20p0,10,14,-0.028775500651463934,0.028775500651463934
so,W20p0,9,11,0.02871891376776638,0.02871891376776638
so,W20p0,10,18,-0.028584260500579176,0.028584260500579176
so,W20p0,9,4,0.028271786175457683,0.028271786175457683
thetao,W30p0,8,10,-0.028250640710674336,0.028250640710674336
so,W10p0,4,5,-0.028229296695471244,0.028229296695471244
so,W10p0,7,11,0.028148895514157946,0.028148895514157946
so,W30p0,2,20,-0.02811179757702569,0.02811179757702569
so,W10p0,9,15,0.028082099667759396,0.028082099667759396
thetao,W30p0,3,12,-0.028052951528107384,0.028052951528107384
thetao,W30p0,7,10,0.02800538195164319,0.02800538195164319
so,W10p0,3,18,-0.02790314055589011,0.02790314055589011
thetao,W60p0,2,0,0.027751709662184626,0.027751709662184626
so,W30p0,10,18,0.02770923648963227,0.02770923648963227
thetao,W30p0,7,5,0.027538377251261875,0.027538377251261875
so,W20p0,2,10,-0.0274386579701521,0.0274386579701521
thetao,W20p0,2,18,0.027411927180201322,0.027411927180201322
thetao,W30p0,7,11,-0.027395624897839307,0.027395624897839307
thetao,W10p0,6,20,-0.027280720458838073,0.027280720458838073
so,W20p0,4,6,-0.026835656153557524,0.026835656153557524
thetao,W40p0,3,16,0.02682185641725099,0.02682185641725099
so,W10p0,6,1,-0.026776442169829176,0.026776442169829176
so,W20p0,5,16,0.02674960664686024,0.02674960664686024
thetao,W30p0,9,14,0.026697103620313876,0.026697103620313876
so,W30p0,4,9,0.026686830722519178,0.026686830722519178
thetao,W40p0,2,4,0.02652304136610394,0.02652304136610394
so,W10p0,6,4,0.026507865839252843,0.026507865839252843
so,W20p0,8,8,0.026420687413446487,0.026420687413446487
thetao,W60p0,9,19,0.026364513211705395,0.026364513211705395
thetao,W10p0,5,19,-0.026185791968275134,0.026185791968275134
thetao,W10p0,7,3,-0.02613021981495382,0.02613021981495382
thetao,W30p0,4,12,0.026124351542267363,0.026124351542267363
thetao,W60p0,10,5,-0.02578272321694519,0.02578272321694519
thetao,W10p0,1,6,0.025746728417959292,0.025746728417959292
thetao,W60p0,5,15,-0.025615573300145716,0.025615573300145716
thetao,W60p0,7,17,-0.025605321749043227,0.025605321749043227
thetao,W60p0,4,8,-0.025480965188565255,0.025480965188565255
thetao,W30p0,8,14,0.02538077048114221,0.02538077048114221
so,W30p0,3,0,-0.025341837477305597,0.025341837477305597
so,W10p0,9,9,0.02531471017243409,0.02531471017243409
so,W30p0,1,14,-0.025283544851388548,0.025283544851388548
so,W60p0,8,1,0.024922958236861435,0.024922958236861435
thetao,W40p0,10,8,0.02471918165248442,0.02471918165248442
thetao,W10p0,2,8,0.024674862809800975,0.024674862809800975
thetao,W10p0,1,13,-0.024666148245071205,0.024666148245071205
so,W30p0,1,17,-0.024620988888994777,0.024620988888994777
thetao,W10p0,9,5,-0.024606511174551107,0.024606511174551107
so,W40p0,4,8,0.024537109929431103,0.024537109929431103
thetao,W60p0,10,17,0.024422982213824166,0.024422982213824166
thetao,W10p0,7,2,-0.024353038315700768,0.024353038315700768
so,W60p0,6,19,0.024350945140560673,0.024350945140560673
so,W10p0,9,4,-0.024228622516836343,0.024228622516836343
thetao,W20p0,6,16,-0.024065093150105556,0.024065093150105556
thetao,W20p0,7,7,0.024037672225304934,0.024037672225304934
thetao,W10p0,3,10,-0.023921100635032805,0.023921100635032805
so,W40p0,7,9,0.023807014670001615,0.023807014670001615
thetao,W40p0,9,4,0.023719307405531798,0.023719307405531798
so,W40p0,8,20,-0.023293170691962482,0.023293170691962482
thetao,W30p0,3,4,0.023217120962772946,0.023217120962772946
thetao,W40p0,3,17,0.023146182344218846,0.023146182344218846
thetao,W10p0,7,16,-0.02311249538363535,0.02311249538363535
so,W20p0,7,15,-0.02308497585685764,0.02308497585685764
so,W60p0,3,5,-0.023014676495347365,0.023014676495347365
so,W30p0,2,12,0.022916580225035673,0.022916580225035673
thetao,W60p0,9,13,0.02275747515449034,0.02275747515449034
thetao,W60p0,3,15,-0.022750367744595025,0.022750367744595025
thetao,W60p0,8,17,-0.02273859905072672,0.02273859905072672
so,W60p0,9,13,-0.02270581526747148,0.02270581526747148
thetao,W10p0,3,3,0.022620464399144426,0.022620464399144426
thetao,W60p0,10,18,0.022468102156120193,0.022468102156120193
thetao,W60p0,2,12,-0.022424720664321003,0.022424720664321003
so,W60p0,6,20,0.022373235305006886,0.022373235305006886
so,W40p0,3,18,-0.02230795808990771,0.02230795808990771
so,W20p0,5,9,-0.022303744823824183,0.022303744823824183
so,W10p0,9,14,-0.022146048878501016,0.022146048878501016
so,W20p0,7,14,0.02184151872122196,0.02184151872122196
thetao,W30p0,8,5,0.02160240487407784,0.02160240487407784
thetao,W10p0,8,20,0.021600198355365016,0.021600198355365016
so,W40p0,8,10,-0.02158960126218186,0.02158960126218186
so,W40p0,9,19,-0.021580071274890863,0.021580071274890863
thetao,W40p0,8,19,-0.021411137517128184,0.021411137517128184
so,W20p0,4,17,0.021394512382457227,0.021394512382457227
so,W60p0,3,4,0.021236503150847227,0.021236503150847227
thetao,W30p0,7,15,-0.02112933467793891,0.02112933467793891
thetao,W30p0,3,2,-0.02108625110485938,0.02108625110485938
thetao,W60p0,10,4,-0.021061629902851677,0.021061629902851677
thetao,W20p0,1,20,-0.020942568628004914,0.020942568628004914
so,W20p0,5,2,0.020683976740022026,0.020683976740022026
thetao,W10p0,8,10,-0.020624472640007722,0.020624472640007722
thetao,W20p0,1,11,0.02018020005694668,0.02018020005694668
thetao,W30p0,6,6,0.020089878569457133,0.020089878569457133
so,W60p0,6,4,0.020028719149775952,0.020028719149775952
so,W60p0,6,14,-0.01984497020670039,0.01984497020670039
so,W10p0,8,15,-0.01973296284181644,0.01973296284181644
so,W10p0,3,7,-0.01969085484563684,0.01969085484563684
thetao,W20p0,7,16,-0.019605481202163984,0.019605481202163984
so,W10p0,4,17,0.019372913485007588,0.019372913485007588
thetao,W60p0,2,11,0.019177699365254285,0.019177699365254285
so,W30p0,6,15,0.019162464948359683,0.019162464948359683
thetao,W30p0,1,13,-0.01913647847318746,0.01913647847318746
thetao,W60p0,4,12,-0.019086726854920008,0.019086726854920008
so,W30p0,6,7,-0.01897003180061,0.01897003180061
thetao,W30p0,7,9,-0.01895624896059101,0.01895624896059101
thetao,W40p0,10,7,0.01888674748933557,0.01888674748933557
so,W60p0,5,19,-0.01881056074209182,0.01881056074209182
thetao,W40p0,7,11,-0.0188056881976197,0.0188056881976197
so,W30p0,10,3,0.018800106383288096,0.018800106383288096
thetao,W60p0,5,20,-0.01879144513602537,0.01879144513602537
thetao,W60p0,3,12,-0.018722133625198093,0.018722133625198093
thetao,W10p0,2,7,-0.018660800308746152,0.018660800308746152
so,W10p0,3,0,-0.018577170789549922,0.018577170789549922
thetao,W60p0,5,4,0.01853271625489501,0.01853271625489501
so,W20p0,3,10,0.018504799277253486,0.018504799277253486
so,W20p0,2,12,0.018499565319887282,0.018499565319887282
so,W40p0,3,13,-0.018451859741079938,0.018451859741079938
so,W40p0,6,17,0.018450746735114324,0.018450746735114324
so,W30p0,6,10,-0.018191039864345646,0.018191039864345646
thetao,W60p0,5,16,-0.01818922381165007,0.01818922381165007
so,W60p0,2,0,0.01818188982416089,0.01818188982416089
thetao,W60p0,5,11,-0.01815336628625493,0.01815336628625493
so,W10p0,4,2,0.01810833809288825,0.01810833809288825
thetao,W60p0,6,20,0.018066739740098557,0.018066739740098557
thetao,W60p0,2,15,-0.017986697341914402,0.017986697341914402
so,W60p0,3,19,0.01783601710988391,0.01783601710988391
so,W20p0,6,19,-0.017690462207964917,0.017690462207964917
thetao,W20p0,9,12,-0.01763438706017926,0.01763438706017926
so,W30p0,10,11,0.01749685806440343,0.01749685806440343
thetao,W20p0,9,4,-0.017481484401517616,0.017481484401517616
thetao,W20p0,3,0,0.01744327960434086,0.01744327960434086
thetao,W10p0,8,11,-0.0174026353264233,0.0174026353264233
thetao,W20p0,9,18,0.017370737090502793,0.017370737090502793
so,W30p0,8,2,-0.017358974256168863,0.017358974256168863
thetao,W60p0,1,1,0.017345639775260442,0.017345639775260442
so,W10p0,4,19,0.017334124284611455,0.017334124284611455
so,W60p0,2,15,-0.017235520008584523,0.017235520008584523
thetao,W20p0,10,4,-0.017144063712464328,0.017144063712464328
so,W10p0,4,6,-0.017142189635209144,0.017142189635209144
thetao,W20p0,7,19,-0.017042681603407262,0.017042681603407262
thetao,W10p0,10,13,-0.01703071238261739,0.01703071238261739
thetao,W30p0,3,18,-0.016925395598243513,0.016925395598243513
thetao,W40p0,6,12,-0.016577423005863273,0.016577423005863273
thetao,W30p0,6,1,0.01656875252769748,0.01656875252769748
thetao,W40p0,6,8,-0.016437211470606276,0.016437211470606276
thetao,W10p0,5,4,0.01635658206359697,0.01635658206359697
so,W30p0,2,10,-0.01629929279973623,0.01629929279973623
thetao,W60p0,8,8,-0.01629487696594853,0.01629487696594853
thetao,W40p0,4,9,0.016271724619275032,0.016271724619275032
thetao,W40p0,3,13,0.016270614310904537,0.016270614310904537
thetao,W30p0,9,15,0.01624917785575781,0.01624917785575781
so,W60p0,3,6,-0.0159248173501069,0.0159248173501069
thetao,W30p0,3,6,0.015915951178967037,0.015915951178967037
thetao,W30p0,4,8,0.015669848055062576,0.015669848055062576
so,W30p0,7,18,0.015591657369272502,0.015591657369272502
thetao,W60p0,8,7,0.015571824370666901,0.015571824370666901
thetao,W30p0,2,12,-0.015571704980312418,0.015571704980312418
thetao,W30p0,7,14,0.015554806997969127,0.015554806997969127
so,W40p0,2,13,-0.015552995506701204,0.015552995506701204
so,W10p0,6,5,0.015550301504344985,0.015550301504344985
thetao,W40p0,10,10,-0.015468587974154025,0.015468587974154025
thetao,W60p0,10,12,-0.015448371962896314,0.015448371962896314
so,W40p0,8,19,0.015442216144524304,0.015442216144524304
so,W30p0,5,12,-0.01542423060422479,0.01542423060422479
thetao,W40p0,2,8,0.0153977511134846,0.0153977511134846
thetao,W10p0,4,15,-0.015352330507968347,0.015352330507968347
thetao,W60p0,4,16,0.015187149923108942,0.015187149923108942
so,W60p0,10,3,0.015185109602406153,0.015185109602406153
so,W60p0,10,8,-0.014963468990220318,0.014963468990220318
so,W30p0,10,17,-0.01492655634910618,0.01492655634910618
thetao,W20p0,8,14,-0.014892057274968784,0.014892057274968784
so,W10p0,3,5,0.014880458628620386,0.014880458628620386
so,W20p0,2,17,-0.014847753706881095,0.014847753706881095
thetao,W30p0,9,10,0.014786666941071813,0.014786666941071813
so,W10p0,4,13,0.014774712224016603,0.014774712224016603
thetao,W40p0,6,14,0.014771807735223472,0.014771807735223472
thetao,W40p0,8,14,0.014738333547475528,0.014738333547475528
thetao,W40p0,5,5,0.014726595278359763,0.014726595278359763
so,W10p0,2,18,-0.01467438510749741,0.01467438510749741
so,W60p0,7,20,-0.014605375671075577,0.014605375671075577
so,W60p0,3,18,-0.014358418153134444,0.014358418153134444
so,W30p0,1,1,-0.014291150456168501,0.014291150456168501
so,W30p0,6,17,-0.014088234812468835,0.014088234812468835
thetao,W20p0,8,15,0.013569069362144878,0.013569069362144878
thetao,W30p0,7,8,0.01305408160718144,0.01305408160718144
so,W40p0,3,14,-0.0128814645358981,0.0128814645358981
so,W30p0,5,13,0.012857662539836515,0.012857662539836515
so,W60p0,8,20,0.012848732457819463,0.012848732457819463
thetao,W10p0,6,15,-0.012839509778134753,0.012839509778134753
so,W40p0,2,14,-0.012710312240469897,0.012710312240469897
thetao,W60p0,3,7,0.01264785331040117,0.01264785331040117
so,W60p0,7,2,0.01260909264564171,0.01260909264564171
so,W60p0,4,15,-0.012599317286204764,0.012599317286204764
so,W20p0,2,13,-0.012564041273474694,0.012564041273474694
so,W60p0,9,5,-0.012444240289144537,0.012444240289144537
so,W40p0,10,2,0.012397328618635267,0.012397328618635267
so,W10p0,6,15,0.012281088627218856,0.012281088627218856
so,W60p0,4,19,-0.012260497830825562,0.012260497830825562
thetao,W60p0,1,15,0.012106820387724003,0.012106820387724003
so,W20p0,8,13,-0.012016018688202014,0.012016018688202014
so,W30p0,2,7,0.011995418830434342,0.011995418830434342
so,W20p0,7,3,0.011992010725244825,0.011992010725244825
thetao,W60p0,4,14,0.011960955981590724,0.011960955981590724
so,W60p0,6,18,0.01191229477959152,0.01191229477959152
thetao,W20p0,6,17,0.011858367530855425,0.011858367530855425
thetao,W10p0,3,9,0.011725658783947901,0.011725658783947901
thetao,W30p0,5,8,0.01130701237110672,0.01130701237110672
thetao,W60p0,4,7,0.01116834022700174,0.01116834022700174
thetao,W10p0,9,11,-0.011157350240202368,0.011157350240202368
so,W40p0,8,8,0.01115443429258064,0.01115443429258064
thetao,W60p0,7,9,0.011118767543027729,0.011118767543027729
thetao,W40p0,9,12,-0.01106550278371313,0.01106550278371313
so,W30p0,1,20,0.010876156258872697,0.010876156258872697
thetao,W20p0,9,8,-0.010858280741587432,0.010858280741587432
thetao,W60p0,5,3,-0.010744162258026203,0.010744162258026203
thetao,W10p0,7,9,-0.010684183426955204,0.010684183426955204
so,W10p0,9,12,0.010586109924942865,0.010586109924942865
thetao,W10p0,2,12,0.010512606523286698,0.010512606523286698
thetao,W10p0,2,1,-0.01041052402674612,0.01041052402674612
thetao,W20p0,10,2,-0.010389995166090541,0.010389995166090541
thetao,W40p0,1,12,0.010361836278235205,0.010361836278235205
so,W30p0,6,6,0.01027721219418034,0.01027721219418034
so,W40p0,6,11,-0.010159621258088933,0.010159621258088933
thetao,W30p0,6,16,-0.010123638840491677,0.010123638840491677
so,W60p0,10,5,-0.010063407587840837,0.010063407587840837
so,W20p0,3,12,-0.010010219007740812,0.010010219007740812
so,W10p0,7,20,-0.009891683506330318,0.009891683506330318
thetao,W60p0,8,5,0.009831890283505713,0.009831890283505713
so,W30p0,5,11,-0.009721738893613153,0.009721738893613153
so,W20p0,8,15,-0.009603089251171206,0.009603089251171206
thetao,W40p0,3,14,0.009437374060563173,0.009437374060563173
so,W60p0,8,11,0.00939015217211385,0.00939015217211385
so,W30p0,3,18,-0.009387529158474826,0.009387529158474826
so,W10p0,10,19,-0.009265167043303438,0.009265167043303438
thetao,W30p0,2,18,0.009227464972395728,0.009227464972395728
so,W20p0,7,2,0.009200448634216488,0.009200448634216488
thetao,W40p0,2,17,-0.009097346631904953,0.009097346631904953
thetao,W60p0,7,11,-0.008912660614564145,0.008912660614564145
so,W20p0,6,18,0.008864405704275168,0.008864405704275168
thetao,W30p0,3,13,-0.008819467036570485,0.008819467036570485
so,W20p0,4,5,-0.008784344888006196,0.008784344888006196
so,W40p0,2,12,0.00876457070641288,0.00876457070641288
so,W40p0,8,11,-0.00869549655925465,0.00869549655925465
so,W60p0,9,16,0.008665889444031112,0.008665889444031112
thetao,W40p0,5,19,0.008514309282418756,0.008514309282418756
thetao,W10p0,1,16,0.008314870469851568,0.008314870469851568
so,W60p0,7,14,-0.008301225496718473,0.008301225496718473
so,W30p0,8,12,0.008284739496343545,0.008284739496343545
thetao,W30p0,2,0,-0.008282716227963472,0.008282716227963472
so,W60p0,7,1,-0.008246707931252605,0.008246707931252605
so,W20p0,5,14,-0.008224116337894764,0.008224116337894764
so,W30p0,8,10,-0.008181224523558725,0.008181224523558725
so,W20p0,4,4,0.007677120069606178,0.007677120069606178
so,W60p0,9,12,-0.007595494797537312,0.007595494797537312
thetao,W30p0,9,20,0.007546489924560312,0.007546489924560312
thetao,W40p0,3,0,0.007477473648153373,0.007477473648153373
so,W20p0,8,12,0.00742458110822011,0.00742458110822011
so,W20p0,3,13,-0.007423876565239385,0.007423876565239385
so,W20p0,10,6,0.0073159174721628625,0.0073159174721628625
so,W30p0,10,15,0.007295089713015426,0.007295089713015426
so,W60p0,10,7,0.0072421845920031085,0.0072421845920031085
thetao,W40p0,10,15,-0.007157831023622133,0.007157831023622133
so,W20p0,4,10,0.007144658237622415,0.007144658237622415
thetao,W20p0,8,12,-0.007107885136029009,0.007107885136029009
so,W40p0,8,18,0.00709140461447343,0.00709140461447343
thetao,W10p0,10,0,0.007090785701469859,0.007090785701469859
thetao,W10p0,8,12,-0.007043562711796098,0.007043562711796098
thetao,W30p0,5,0,0.006983228539337004,0.006983228539337004
so,W30p0,8,4,-0.0069027568552422446,0.0069027568552422446
thetao,W20p0,7,10,0.006772039491218622,0.006772039491218622
thetao,W20p0,6,7,0.006765462797421713,0.006765462797421713
thetao,W60p0,5,10,-0.006677722737047641,0.006677722737047641
so,W30p0,6,12,0.006651109618319765,0.006651109618319765
thetao,W30p0,4,16,0.0066351487888927085,0.0066351487888927085
thetao,W10p0,6,13,-0.0065839915225891004,0.0065839915225891004
so,W30p0,5,10,-0.006537933482498155,0.006537933482498155
so,W40p0,7,5,-0.006525960307039958,0.006525960307039958
so,W30p0,6,9,0.00652275203246376,0.00652275203246376
so,W30p0,9,13,0.006399194998718484,0.006399194998718484
thetao,W20p0,7,18,0.006271188472057786,0.006271188472057786
so,W10p0,6,0,-0.006266418509256693,0.006266418509256693
thetao,W60p0,9,15,0.006252410111617716,0.006252410111617716
so,W10p0,5,1,-0.006167543843087305,0.006167543843087305
so,W60p0,8,10,0.006139704982798346,0.006139704982798346
thetao,W20p0,5,12,0.006112840770802339,0.006112840770802339
so,W10p0,1,13,0.00610312836899205,0.00610312836899205
thetao,W30p0,7,6,-0.006069256450447819,0.006069256450447819
so,W30p0,6,3,-0.0060340169039514386,0.0060340169039514386
thetao,W30p0,5,20,0.006019939767966526,0.006019939767966526
so,W60p0,7,9,0.005994766564359488,0.005994766564359488
thetao,W60p0,9,11,-0.005571172901473762,0.005571172901473762
so,W60p0,10,4,-0.005506386007578545,0.005506386007578545
thetao,W10p0,1,0,0.005504084844887266,0.005504084844887266
thetao,W30p0,3,0,-0.005478268960478338,0.005478268960478338
thetao,W30p0,3,9,-0.005463068042024437,0.005463068042024437
so,W60p0,10,2,-0.0054431338630417615,0.0054431338630417615
thetao,W30p0,3,3,-0.0053776789404650985,0.0053776789404650985
thetao,W60p0,6,14,-0.005350044551048637,0.005350044551048637
so,W30p0,7,4,-0.0053327440210133486,0.0053327440210133486
so,W10p0,3,13,0.0052663383850639145,0.0052663383850639145
so,W60p0,7,18,0.005241650595490899,0.005241650595490899
thetao,W60p0,7,10,-0.005228868325593758,0.005228868325593758
thetao,W40p0,4,8,0.004922763422408798,0.004922763422408798
so,W30p0,1,18,-0.004847741030200823,0.004847741030200823
so,W40p0,5,8,0.004640498752173936,0.004640498752173936
so,W60p0,1,15,-0.004564286829833733,0.004564286829833733
thetao,W10p0,9,9,-0.004522453160474772,0.004522453160474772
thetao,W20p0,4,8,-0.004187599222059813,0.004187599222059813
thetao,W10p0,7,17,-0.0040988397123553075,0.0040988397123553075
so,W60p0,6,13,-0.0040733259084882395,0.0040733259084882395
so,W10p0,3,4,-0.0038070115721205514,0.0038070115721205514
thetao,W60p0,10,10,-0.0036483313115932754,0.0036483313115932754
thetao,W60p0,4,17,-0.0036132719208042943,0.0036132719208042943
so,W10p0,8,17,-0.0036080944903304937,0.0036080944903304937
so,W40p0,8,2,0.0035587572777709218,0.0035587572777709218
so,W30p0,9,3,0.003379406342028977,0.003379406342028977
thetao,W60p0,4,13,-0.003299533611585846,0.003299533611585846
so,W60p0,10,6,-0.0032134880973543616,0.0032134880973543616
so,W40p0,5,14,0.0031874041518335427,0.0031874041518335427
thetao,W40p0,10,9,-0.0031524316333860092,0.0031524316333860092
thetao,W60p0,10,13,-0.003000851291683516,0.003000851291683516
thetao,W60p0,10,14,0.002985992645680903,0.002985992645680903
so,W40p0,9,5,-0.002934478697695998,0.002934478697695998
so,W40p0,3,3,-0.002830196544132227,0.002830196544132227
thetao,W30p0,9,4,-0.002798342560494246,0.002798342560494246
so,W30p0,10,19,0.0027839042591053073,0.0027839042591053073
thetao,W30p0,8,0,-0.0027426631343507235,0.0027426631343507235
so,W60p0,6,8,-0.002730775989285184,0.002730775989285184
so,W30p0,9,10,0.002697530543070467,0.002697530543070467
thetao,W40p0,9,3,-0.002665247351453057,0.002665247351453057
so,W10p0,9,5,0.002635600598670356,0.002635600598670356
so,W20p0,5,15,0.002601792550596984,0.002601792550596984
thetao,W30p0,4,13,-0.0025863736900328285,0.0025863736900328285
thetao,W20p0,4,16,0.0025338244189706256,0.0025338244189706256
so,W60p0,8,9,0.002428613340944839,0.002428613340944839
thetao,W30p0,3,10,0.00239868185156379,0.00239868185156379
so,W20p0,4,16,-0.0023524697855669607,0.0023524697855669607
thetao,W60p0,4,3,0.002325642007834763,0.002325642007834763
thetao,W40p0,5,0,0.002319991260236094,0.002319991260236094
thetao,W40p0,3,2,-0.0023189255228691567,0.0023189255228691567
so,W60p0,9,14,-0.0023185455247074957,0.0023185455247074957
thetao,W30p0,5,17,-0.00231806988300779,0.00231806988300779
so,W30p0,9,11,0.002279972153871383,0.002279972153871383
so,W60p0,3,17,0.002276808385554261,0.002276808385554261
thetao,W30p0,10,11,0.0021792525946710993,0.0021792525946710993
thetao,W20p0,8,13,0.0021751818344056648,0.0021751818344056648
thetao,W30p0,6,15,-0.0021115025796423245,0.0021115025796423245
so,W30p0,2,9,0.0020839858435779133,0.0020839858435779133
so,W20p0,6,17,-0.002000859168906564,0.002000859168906564
thetao,W60p0,9,9,-0.0019962295473830104,0.0019962295473830104
thetao,W40p0,4,17,-0.0019786439780174318,0.0019786439780174318
so,W60p0,1,13,0.001969272850505475,0.001969272850505475
thetao,W30p0,2,5,-0.001835519403276283,0.001835519403276283
thetao,W20p0,1,12,0.0018310170187007633,0.0018310170187007633
thetao,W40p0,3,15,-0.0018011377299750164,0.0018011377299750164
so,W20p0,4,7,0.0018009675063253008,0.0018009675063253008
thetao,W10p0,5,13,-0.0017058715126688385,0.0017058715126688385
so,W60p0,3,14,-0.0017017727039696684,0.0017017727039696684
thetao,W60p0,10,9,-0.0016682929534226588,0.0016682929534226588
thetao,W10p0,10,5,-0.0016398795881657077,0.0016398795881657077
so,W40p0,8,9,-0.0016267821353983711,0.0016267821353983711
so,W20p0,6,9,-0.001452825244039964,0.001452825244039964
so,W30p0,8,0,0.0014238891137599713,0.0014238891137599713
so,W30p0,1,19,0.001275169936702981,0.001275169936702981
thetao,W10p0,10,8,-0.001126408644623269,0.001126408644623269
thetao,W20p0,5,13,0.0010563758288295976,0.0010563758288295976
thetao,W40p0,4,7,0.0010185047393837022,0.0010185047393837022
thetao,W10p0,2,0,0.0009498464440116602,0.0009498464440116602
so,W30p0,8,3,0.0009294453779999993,0.0009294453779999993
so,W20p0,4,0,-0.0008173496527952906,0.0008173496527952906
so,W60p0,1,14,-0.0007607466410863045,0.0007607466410863045
so,W20p0,4,8,0.0006080830492810298,0.0006080830492810298
so,W60p0,9,6,-0.0005711939026690844,0.0005711939026690844
thetao,W60p0,6,15,0.0005295118256509343,0.0005295118256509343
so,W10p0,8,16,-0.0004660735392360819,0.0004660735392360819
thetao,W10p0,3,17,-0.00034112525673842854,0.00034112525673842854
thetao,W30p0,1,0,-0.0001566190042440254,0.0001566190042440254
thetao,W20p0,4,9,-0.0001435071757006754,0.0001435071757006754
so,W30p0,6,11,-0.00012418172761384516,0.00012418172761384516
so,W10p0,5,15,0.00011523865464495626,0.00011523865464495626
thetao,W30p0,4,17,5.7951550507358484e-05,5.7951550507358484e-05
so,W40p0,4,0,-4.995088944445636e-08,4.995088944445636e-08
