var,lon,mode0,mode,lag,corr,abs_corr
so,W10p0,4,5,16,0.780938448617132,0.780938448617132
thetao,W30p0,8,9,16,-0.7684153541773119,0.7684153541773119
so,W10p0,4,5,21,0.7656262340013121,0.7656262340013121
so,W10p0,4,5,18,0.7620584013873587,0.7620584013873587
thetao,W30p0,8,9,15,-0.7568598903242094,0.7568598903242094
so,W10p0,4,5,15,0.7532004747743208,0.7532004747743208
so,W10p0,4,5,17,0.7523799090483364,0.7523799090483364
so,W10p0,4,5,20,0.748050320369196,0.748050320369196
so,W40p0,2,3,0,-0.7454956992071711,0.7454956992071711
thetao,W30p0,8,9,17,-0.7429952287970033,0.7429952287970033
thetao,W20p0,2,3,25,-0.7401407707253107,0.7401407707253107
so,W10p0,4,5,14,0.7389233942153877,0.7389233942153877
so,W10p0,4,5,19,0.738260308024513,0.738260308024513
thetao,W20p0,2,3,24,-0.7374855674908619,0.7374855674908619
so,W10p0,4,5,23,0.7334862936829728,0.7334862936829728
so,W10p0,4,5,22,0.7260105497750123,0.7260105497750123
thetao,W20p0,2,3,23,-0.7257400832537412,0.7257400832537412
thetao,W10p0,0,1,25,-0.7200743334864325,0.7200743334864325
thetao,W30p0,8,9,14,-0.7175119831169683,0.7175119831169683
thetao,W40p0,2,3,0,-0.7154659091386635,0.7154659091386635
thetao,W10p0,0,1,24,-0.7089500418285315,0.7089500418285315
thetao,W20p0,2,3,22,-0.7063876250265847,0.7063876250265847
so,W40p0,2,3,2,-0.70487173542941,0.70487173542941
thetao,W30p0,8,9,18,-0.7040785583379732,0.7040785583379732
thetao,W30p0,8,9,13,-0.7019813223627334,0.7019813223627334
thetao,W10p0,0,1,23,-0.7001139744360889,0.7001139744360889
thetao,W20p0,2,3,21,-0.6949586060283035,0.6949586060283035
so,W10p0,4,5,24,0.6945141201665013,0.6945141201665013
thetao,W60p0,1,2,0,-0.6917900592678018,0.6917900592678018
thetao,W10p0,0,1,22,-0.6910396659042808,0.6910396659042808
thetao,W20p0,2,3,20,-0.6902268372144824,0.6902268372144824
thetao,W30p0,8,9,21,-0.6896007690082637,0.6896007690082637
thetao,W10p0,0,1,21,-0.6894235733077566,0.6894235733077566
thetao,W20p0,2,3,19,-0.6889762676001233,0.6889762676001233
thetao,W30p0,8,9,12,-0.6883514441863434,0.6883514441863434
so,W20p0,8,9,25,0.6868322080517063,0.6868322080517063
so,W40p0,2,3,1,-0.6863376339160496,0.6863376339160496
so,W20p0,9,10,16,-0.6850774925166719,0.6850774925166719
thetao,W10p0,2,3,16,0.6845782013606377,0.6845782013606377
so,W60p0,1,2,25,-0.6829538588766367,0.6829538588766367
thetao,W10p0,0,1,20,-0.6822676189177699,0.6822676189177699
thetao,W10p0,0,1,18,-0.6816241979418519,0.6816241979418519
so,W20p0,9,10,20,-0.6813765541268153,0.6813765541268153
so,W40p0,2,3,3,-0.6811532160925637,0.6811532160925637
thetao,W10p0,0,1,19,-0.6809194073724398,0.6809194073724398
thetao,W10p0,2,3,17,0.6803957707466016,0.6803957707466016
thetao,W30p0,8,9,20,-0.6803933778179712,0.6803933778179712
thetao,W20p0,2,3,18,-0.6800851616971164,0.6800851616971164
thetao,W20p0,2,3,17,-0.6796923663799782,0.6796923663799782
so,W20p0,9,10,18,-0.6791776599383187,0.6791776599383187
so,W10p0,4,5,25,0.6787716011075903,0.6787716011075903
thetao,W10p0,0,1,16,-0.678311750578852,0.678311750578852
so,W60p0,0,1,2,0.6780343650714332,0.6780343650714332
thetao,W30p0,3,4,24,0.6779227388040591,0.6779227388040591
thetao,W10p0,0,1,17,-0.6777666061816185,0.6777666061816185
so,W10p0,4,5,13,0.6773651916608863,0.6773651916608863
thetao,W10p0,2,3,18,0.6770047509813477,0.6770047509813477
thetao,W10p0,0,1,15,-0.6766850416217095,0.6766850416217095
so,W60p0,0,1,1,0.6756384961085575,0.6756384961085575
so,W20p0,9,10,17,-0.6755382167941557,0.6755382167941557
thetao,W10p0,2,3,15,0.6734206102535418,0.6734206102535418
thetao,W30p0,3,4,25,0.6715753341496122,0.6715753341496122
thetao,W30p0,8,9,11,-0.670930245593708,0.670930245593708
so,W60p0,1,2,20,-0.6707134861021794,0.6707134861021794
thetao,W40p0,6,7,25,0.6702824921232559,0.6702824921232559
so,W40p0,2,3,7,-0.6698654408128188,0.6698654408128188
thetao,W20p0,2,3,16,-0.667918446591671,0.667918446591671
thetao,W30p0,3,4,23,0.6675961446324731,0.6675961446324731
thetao,W10p0,2,3,19,0.6659460165077772,0.6659460165077772
thetao,W60p0,9,10,6,-0.6659458569503801,0.6659458569503801
so,W60p0,1,2,24,-0.6658703203068168,0.6658703203068168
thetao,W10p0,2,3,20,0.6654582003312899,0.6654582003312899
thetao,W60p0,9,10,7,-0.6637237470876638,0.6637237470876638
so,W40p0,2,3,4,-0.6635997736444281,0.6635997736444281
thetao,W10p0,0,1,14,-0.66355333372269,0.66355333372269
thetao,W60p0,2,3,12,0.6626205067307633,0.6626205067307633
thetao,W40p0,1,2,25,-0.6619721969949891,0.6619721969949891
thetao,W30p0,3,4,20,0.661882307911969,0.661882307911969
thetao,W20p0,4,5,20,0.6603688548427814,0.6603688548427814
so,W30p0,8,9,16,0.6601595567787858,0.6601595567787858
thetao,W30p0,8,9,19,-0.6599267063853397,0.6599267063853397
so,W20p0,9,10,21,-0.6588533704466071,0.6588533704466071
thetao,W10p0,3,4,25,0.6585257768582315,0.6585257768582315
so,W60p0,1,2,23,-0.6582329113848419,0.6582329113848419
so,W60p0,0,1,3,0.6580705814694299,0.6580705814694299
so,W10p0,4,5,4,0.6579592938774743,0.6579592938774743
thetao,W60p0,1,2,16,-0.657885100793198,0.657885100793198
thetao,W20p0,2,3,15,-0.6571622659954643,0.6571622659954643
so,W60p0,1,2,21,-0.6561479595845044,0.6561479595845044
thetao,W10p0,0,1,6,-0.6559448467202783,0.6559448467202783
so,W30p0,4,5,17,0.6558422996436085,0.6558422996436085
so,W10p0,4,5,6,0.6557899185349634,0.6557899185349634
thetao,W30p0,3,4,19,0.6550235774141563,0.6550235774141563
thetao,W40p0,1,2,24,-0.6549436116450972,0.6549436116450972
thetao,W40p0,2,3,12,-0.6546343037481929,0.6546343037481929
thetao,W10p0,0,1,1,-0.6543195882891277,0.6543195882891277
thetao,W30p0,3,4,21,0.6535664352624763,0.6535664352624763
thetao,W10p0,0,1,5,-0.6524378106927577,0.6524378106927577
so,W30p0,8,9,13,0.6519046041182646,0.6519046041182646
so,W30p0,8,9,15,0.6517877928283144,0.6517877928283144
thetao,W20p0,4,5,18,0.6517589139969304,0.6517589139969304
thetao,W60p0,1,2,1,-0.6517525627777382,0.6517525627777382
thetao,W10p0,0,1,4,-0.6515959054942625,0.6515959054942625
thetao,W10p0,0,1,2,-0.6513188362598749,0.6513188362598749
thetao,W10p0,0,1,3,-0.6507180480471235,0.6507180480471235
thetao,W30p0,1,2,17,-0.6506168744779617,0.6506168744779617
thetao,W10p0,0,1,0,-0.6506070866649721,0.6506070866649721
thetao,W20p0,4,5,19,0.6503125915421705,0.6503125915421705
thetao,W10p0,2,3,21,0.6501824889109007,0.6501824889109007
so,W10p0,4,5,5,0.6499575629497298,0.6499575629497298
thetao,W30p0,3,4,22,0.6494681500469721,0.6494681500469721
so,W10p0,4,5,8,0.6490920475189998,0.6490920475189998
thetao,W40p0,6,7,24,0.6490099494145032,0.6490099494145032
thetao,W20p0,4,5,17,0.6488807180890842,0.6488807180890842
so,W60p0,1,2,19,-0.6487088668697414,0.6487088668697414
thetao,W40p0,2,3,18,-0.6480845003562735,0.6480845003562735
thetao,W60p0,1,2,6,-0.6477612125574007,0.6477612125574007
thetao,W20p0,4,5,21,0.6474953733943315,0.6474953733943315
thetao,W20p0,4,5,16,0.6474039582572858,0.6474039582572858
thetao,W60p0,1,2,17,-0.6473655264879403,0.6473655264879403
thetao,W30p0,3,4,10,0.6468949014928349,0.6468949014928349
so,W20p0,9,10,19,-0.6467163248322363,0.6467163248322363
thetao,W40p0,7,8,18,-0.6466968132081727,0.6466968132081727
so,W10p0,4,5,11,0.6463700985753156,0.6463700985753156
thetao,W60p0,1,2,8,-0.6463331249384405,0.6463331249384405
thetao,W10p0,0,1,7,-0.6463162125185248,0.6463162125185248
so,W30p0,1,2,5,-0.6461211784758242,0.6461211784758242
thetao,W10p0,0,1,13,-0.6458126768936611,0.6458126768936611
thetao,W60p0,1,2,5,-0.6457158413343167,0.6457158413343167
thetao,W60p0,9,10,8,-0.6456599061220447,0.6456599061220447
so,W30p0,8,9,22,0.6456038529207092,0.6456038529207092
thetao,W60p0,1,2,15,-0.6455694393628072,0.6455694393628072
thetao,W10p0,3,4,24,0.6453509936283572,0.6453509936283572
thetao,W40p0,7,8,21,-0.6453436801826606,0.6453436801826606
so,W10p0,4,5,7,0.6453431908039334,0.6453431908039334
thetao,W40p0,2,3,16,-0.6447031530449846,0.6447031530449846
so,W20p0,9,10,15,-0.6445060930131821,0.6445060930131821
so,W30p0,4,5,14,0.64387923836266,0.64387923836266
thetao,W10p0,3,4,23,0.6438284334038015,0.6438284334038015
thetao,W10p0,0,1,11,-0.6438279558128488,0.6438279558128488
thetao,W40p0,2,3,11,-0.6437347030229119,0.6437347030229119
thetao,W60p0,3,4,21,-0.6434689493678432,0.6434689493678432
thetao,W10p0,0,1,8,-0.6428512418685277,0.6428512418685277
so,W10p0,4,5,12,0.6424721327908368,0.6424721327908368
thetao,W30p0,1,2,25,-0.6420386636590592,0.6420386636590592
thetao,W40p0,2,3,13,-0.6418818889868052,0.6418818889868052
so,W20p0,9,10,23,-0.6418151840533849,0.6418151840533849
so,W20p0,3,4,3,0.6417105217988055,0.6417105217988055
so,W10p0,3,4,12,0.6415337022007541,0.6415337022007541
thetao,W40p0,2,3,17,-0.6406316870651695,0.6406316870651695
thetao,W10p0,0,1,12,-0.6401756880228949,0.6401756880228949
thetao,W60p0,1,2,18,-0.6398646186827597,0.6398646186827597
so,W30p0,8,9,12,0.6396025485893534,0.6396025485893534
thetao,W40p0,2,3,20,-0.6395299811158288,0.6395299811158288
thetao,W60p0,1,2,7,-0.6393236791810512,0.6393236791810512
so,W40p0,2,3,10,-0.6391985921001608,0.6391985921001608
so,W10p0,4,5,1,0.6390864887387324,0.6390864887387324
so,W30p0,1,2,4,-0.6389536714387363,0.6389536714387363
thetao,W40p0,1,2,22,-0.6387806347695418,0.6387806347695418
thetao,W10p0,2,3,14,0.638733459147779,0.638733459147779
thetao,W10p0,0,1,10,-0.638716929115015,0.638716929115015
thetao,W10p0,2,3,22,0.6386023725650055,0.6386023725650055
thetao,W20p0,2,3,14,-0.6379148793853119,0.6379148793853119
thetao,W10p0,0,1,9,-0.6377934293956945,0.6377934293956945
thetao,W60p0,9,10,1,-0.6376748162759402,0.6376748162759402
thetao,W30p0,1,2,16,-0.6375258580814985,0.6375258580814985
thetao,W40p0,1,2,23,-0.6372242202015079,0.6372242202015079
so,W30p0,8,9,23,0.637013607792499,0.637013607792499
thetao,W30p0,1,2,18,-0.6362705547416155,0.6362705547416155
thetao,W30p0,3,4,11,0.6359390673073827,0.6359390673073827
thetao,W10p0,2,3,23,0.6357432094774168,0.6357432094774168
thetao,W40p0,2,3,19,-0.6353322880629492,0.6353322880629492
thetao,W30p0,1,2,22,-0.6338403537789346,0.6338403537789346
thetao,W60p0,1,2,19,-0.6337422309004981,0.6337422309004981
thetao,W40p0,7,8,19,-0.6335078614149375,0.6335078614149375
thetao,W40p0,2,3,2,-0.6334605015011773,0.6334605015011773
thetao,W20p0,4,5,25,0.6333498320390546,0.6333498320390546
thetao,W30p0,3,4,12,0.6323803150138443,0.6323803150138443
thetao,W40p0,7,8,22,-0.6322379972373449,0.6322379972373449
thetao,W30p0,3,4,9,0.6321258409274287,0.6321258409274287
thetao,W60p0,1,2,20,-0.6321026082891973,0.6321026082891973
thetao,W10p0,3,4,22,0.631856209326236,0.631856209326236
thetao,W40p0,2,3,7,-0.6314589133430226,0.6314589133430226
so,W10p0,4,5,3,0.6314302733032845,0.6314302733032845
so,W10p0,8,9,16,0.6311331458979413,0.6311331458979413
thetao,W30p0,8,9,24,-0.6311008236199831,0.6311008236199831
so,W40p0,2,3,5,-0.6302754464449682,0.6302754464449682
thetao,W40p0,2,3,1,-0.6302112947011649,0.6302112947011649
thetao,W60p0,1,2,21,-0.6300942363681614,0.6300942363681614
thetao,W60p0,1,2,9,-0.6298128204181862,0.6298128204181862
thetao,W60p0,2,3,13,0.629551710690051,0.629551710690051
so,W10p0,8,9,25,0.6293597660498795,0.6293597660498795
thetao,W30p0,2,3,24,0.6291985956189777,0.6291985956189777
thetao,W20p0,4,5,22,0.6288024319818183,0.6288024319818183
thetao,W40p0,1,2,21,-0.6286665422712022,0.6286665422712022
thetao,W40p0,6,7,23,0.6284749548860746,0.6284749548860746
thetao,W40p0,2,3,15,-0.6281509152459654,0.6281509152459654
thetao,W30p0,8,9,10,-0.6279558896899126,0.6279558896899126
thetao,W40p0,2,3,10,-0.6276559774739245,0.6276559774739245
thetao,W30p0,1,2,23,-0.6276380642025806,0.6276380642025806
thetao,W30p0,8,9,22,-0.6275191014159344,0.6275191014159344
thetao,W60p0,3,4,22,-0.6272573148000598,0.6272573148000598
thetao,W40p0,2,3,14,-0.6271680085350388,0.6271680085350388
thetao,W30p0,3,4,17,0.6264456766177156,0.6264456766177156
thetao,W60p0,1,2,22,-0.62630561919006,0.62630561919006
thetao,W30p0,3,4,14,0.6262561651535253,0.6262561651535253
thetao,W60p0,3,4,20,-0.6261228825569901,0.6261228825569901
thetao,W60p0,9,10,11,-0.6257709066759172,0.6257709066759172
so,W10p0,4,5,9,0.6257215091005344,0.6257215091005344
thetao,W30p0,3,4,16,0.6256383396730283,0.6256383396730283
thetao,W20p0,4,5,15,0.6255334219325002,0.6255334219325002
thetao,W30p0,3,4,15,0.6254991659567043,0.6254991659567043
thetao,W10p0,2,3,24,0.6253897321643447,0.6253897321643447
thetao,W40p0,2,3,9,-0.6252046036529542,0.6252046036529542
so,W10p0,3,4,6,0.6252038792129464,0.6252038792129464
so,W10p0,3,4,13,0.625201019360687,0.625201019360687
thetao,W30p0,1,2,0,-0.6249959692398354,0.6249959692398354
so,W10p0,4,5,2,0.6249741763149157,0.6249741763149157
thetao,W30p0,8,9,5,-0.6249173053350522,0.6249173053350522
thetao,W20p0,1,2,0,-0.6245912621238082,0.6245912621238082
so,W60p0,0,1,4,0.6245649963191202,0.6245649963191202
thetao,W20p0,4,5,23,0.6244072816494063,0.6244072816494063
so,W30p0,4,5,16,0.6240294738146818,0.6240294738146818
thetao,W40p0,2,3,5,-0.6231929820589551,0.6231929820589551
thetao,W30p0,8,9,25,-0.6231786914132555,0.6231786914132555
thetao,W60p0,2,3,11,0.6231136916593443,0.6231136916593443
thetao,W20p0,4,5,24,0.6225808211978047,0.6225808211978047
thetao,W30p0,8,9,23,-0.6221186237935149,0.6221186237935149
so,W20p0,8,9,24,0.6218424356944798,0.6218424356944798
thetao,W10p0,2,3,25,0.6217697812467967,0.6217697812467967
so,W10p0,8,9,17,0.621754242995891,0.621754242995891
thetao,W20p0,1,2,6,-0.621742590326787,0.621742590326787
thetao,W40p0,7,8,24,-0.6216489616326585,0.6216489616326585
so,W10p0,3,4,5,0.6214246705064548,0.6214246705064548
thetao,W30p0,3,4,18,0.6211506707251859,0.6211506707251859
so,W10p0,3,4,10,0.620961752809038,0.620961752809038
so,W30p0,2,3,0,0.6209260344841675,0.6209260344841675
thetao,W20p0,8,9,3,-0.6209033411133278,0.6209033411133278
so,W60p0,1,2,22,-0.620832279305184,0.620832279305184
so,W10p0,8,9,24,0.6207929940266372,0.6207929940266372
thetao,W30p0,1,2,24,-0.6205205773092372,0.6205205773092372
so,W30p0,8,9,20,0.6201115738869868,0.6201115738869868
thetao,W40p0,1,2,20,-0.6200859379399891,0.6200859379399891
thetao,W10p0,8,9,3,-0.6198827531280227,0.6198827531280227
so,W10p0,7,8,10,-0.6195423558430948,0.6195423558430948
so,W30p0,1,2,13,-0.6191674574990575,0.6191674574990575
thetao,W30p0,1,2,19,-0.6186915817675589,0.6186915817675589
thetao,W10p0,8,9,2,-0.6186651802509191,0.6186651802509191
thetao,W60p0,1,2,4,-0.6183154937166094,0.6183154937166094
thetao,W60p0,1,2,2,-0.6183093185146594,0.6183093185146594
so,W20p0,9,10,22,-0.6182440840201917,0.6182440840201917
thetao,W40p0,7,8,23,-0.6178893269865201,0.6178893269865201
so,W60p0,0,1,0,0.6178806274755259,0.6178806274755259
so,W10p0,3,4,11,0.6174539373639938,0.6174539373639938
thetao,W30p0,3,4,13,0.6173748766916949,0.6173748766916949
so,W10p0,3,4,9,0.6172907959047703,0.6172907959047703
so,W40p0,3,4,15,-0.6172595714474927,0.6172595714474927
so,W40p0,2,3,9,-0.6171297041707905,0.6171297041707905
so,W10p0,3,4,8,0.6168993712549572,0.6168993712549572
so,W30p0,4,5,15,0.6166416068140093,0.6166416068140093
so,W30p0,1,2,3,-0.6161943026478786,0.6161943026478786
thetao,W20p0,1,2,7,-0.6160104006347893,0.6160104006347893
so,W30p0,1,2,15,-0.6158173938160832,0.6158173938160832
thetao,W10p0,8,9,1,-0.6151423657023305,0.6151423657023305
thetao,W60p0,9,10,2,-0.6151150426830113,0.6151150426830113
thetao,W60p0,9,10,5,-0.6150003303816246,0.6150003303816246
thetao,W40p0,7,8,20,-0.6144845617993866,0.6144845617993866
thetao,W30p0,1,2,20,-0.6143994127035931,0.6143994127035931
so,W10p0,3,4,18,0.6143268328122673,0.6143268328122673
thetao,W40p0,7,8,25,-0.6141374990540016,0.6141374990540016
so,W30p0,1,2,8,-0.6140094803003272,0.6140094803003272
thetao,W60p0,1,2,14,-0.6131860776968635,0.6131860776968635
thetao,W60p0,1,2,25,-0.6129914446910837,0.6129914446910837
thetao,W40p0,6,7,22,0.6127131415797131,0.6127131415797131
thetao,W30p0,2,3,25,0.612580444204838,0.612580444204838
so,W60p0,1,2,16,-0.6121879493146082,0.6121879493146082
so,W30p0,8,9,18,0.6114431776586899,0.6114431776586899
so,W30p0,8,9,21,0.6113865095757209,0.6113865095757209
thetao,W10p0,2,3,13,0.6112039456799503,0.6112039456799503
thetao,W30p0,3,4,8,0.6111901833656467,0.6111901833656467
thetao,W30p0,1,2,21,-0.6105054223636295,0.6105054223636295
thetao,W20p0,2,3,13,-0.610498862102842,0.610498862102842
so,W40p0,2,3,11,-0.6102959865811002,0.6102959865811002
so,W60p0,1,2,18,-0.6095488248938987,0.6095488248938987
so,W10p0,4,5,0,0.6093346372494034,0.6093346372494034
thetao,W40p0,6,7,20,0.6092242373555407,0.6092242373555407
thetao,W30p0,8,9,4,-0.6090239620203314,0.6090239620203314
thetao,W10p0,3,4,21,0.6085861826427326,0.6085861826427326
thetao,W30p0,3,4,7,0.6084828783665648,0.6084828783665648
so,W20p0,3,4,4,0.6084460147686026,0.6084460147686026
so,W10p0,3,4,7,0.608099092061141,0.608099092061141
so,W10p0,3,4,15,0.6080457598711153,0.6080457598711153
so,W60p0,1,2,17,-0.6079753249835802,0.6079753249835802
so,W10p0,4,5,10,0.6077079535753704,0.6077079535753704
so,W30p0,8,9,17,0.607406661418927,0.607406661418927
thetao,W60p0,3,4,18,-0.6071211179691188,0.6071211179691188
so,W40p0,3,4,18,-0.6070364177805792,0.6070364177805792
so,W20p0,9,10,14,-0.6065627777878194,0.6065627777878194
thetao,W40p0,2,3,8,-0.6064572930921609,0.6064572930921609
thetao,W40p0,6,7,19,0.6054614822742391,0.6054614822742391
so,W60p0,0,1,5,0.6054021328761873,0.6054021328761873
thetao,W30p0,8,9,9,-0.6053839360064008,0.6053839360064008
thetao,W40p0,2,3,4,-0.605062875197802,0.605062875197802
thetao,W40p0,7,8,15,-0.6050081342407687,0.6050081342407687
thetao,W60p0,1,2,12,-0.6048458386678084,0.6048458386678084
thetao,W40p0,1,2,18,-0.6046979625820628,0.6046979625820628
thetao,W40p0,7,8,17,-0.6046843791312245,0.6046843791312245
thetao,W30p0,8,9,6,-0.6045914031853168,0.6045914031853168
thetao,W40p0,1,2,19,-0.6042164898898569,0.6042164898898569
thetao,W40p0,2,3,21,-0.6040559249299283,0.6040559249299283
so,W20p0,8,9,23,0.6038457208832992,0.6038457208832992
so,W30p0,1,2,14,-0.6035028803783801,0.6035028803783801
thetao,W40p0,2,3,22,-0.603441828073985,0.603441828073985
so,W40p0,2,3,8,-0.6028020603967897,0.6028020603967897
thetao,W40p0,6,7,17,0.6027337909375133,0.6027337909375133
so,W60p0,0,1,6,0.6026331078506277,0.6026331078506277
thetao,W20p0,1,2,9,-0.6026325731002943,0.6026325731002943
thetao,W20p0,1,2,8,-0.6024138854132257,0.6024138854132257
so,W10p0,3,4,14,0.602252261849158,0.602252261849158
thetao,W60p0,1,2,23,-0.6021638228142401,0.6021638228142401
thetao,W60p0,3,4,19,-0.6018874275624996,0.6018874275624996
thetao,W30p0,2,3,23,0.6018525094019984,0.6018525094019984
thetao,W40p0,1,2,15,-0.6015648052244914,0.6015648052244914
so,W10p0,8,9,18,0.6013855676688954,0.6013855676688954
thetao,W30p0,8,9,8,-0.6013133777781063,0.6013133777781063
thetao,W30p0,1,2,15,-0.6010758788442033,0.6010758788442033
so,W30p0,8,9,19,0.6009113810878624,0.6009113810878624
so,W10p0,3,4,17,0.6009041155160307,0.6009041155160307
thetao,W60p0,1,2,24,-0.6001547967748923,0.6001547967748923
thetao,W20p0,2,3,12,-0.6000733244792289,0.6000733244792289
so,W10p0,8,9,20,0.5999265976683859,0.5999265976683859
so,W20p0,8,9,20,0.5992266431261729,0.5992266431261729
thetao,W40p0,7,8,16,-0.5992147095493325,0.5992147095493325
so,W10p0,8,9,15,0.5992126939769612,0.5992126939769612
thetao,W60p0,1,2,13,-0.5992035607017895,0.5992035607017895
thetao,W40p0,3,4,25,0.5991085112346464,0.5991085112346464
so,W30p0,8,9,5,0.5988539224749792,0.5988539224749792
thetao,W20p0,1,2,5,-0.598678109756466,0.598678109756466
thetao,W20p0,1,2,1,-0.5986351105344958,0.5986351105344958
thetao,W60p0,2,3,9,0.598362268433377,0.598362268433377
so,W30p0,8,9,14,0.5982688559940316,0.5982688559940316
thetao,W40p0,1,2,12,-0.5978767879328888,0.5978767879328888
so,W10p0,7,8,17,-0.5972610859349058,0.5972610859349058
thetao,W20p0,1,2,10,-0.5964673893755151,0.5964673893755151
thetao,W60p0,2,3,8,0.5963109512557371,0.5963109512557371
so,W10p0,3,4,2,0.5959378818975528,0.5959378818975528
so,W30p0,1,2,12,-0.5957298417875188,0.5957298417875188
so,W20p0,9,10,25,-0.5953285991673594,0.5953285991673594
thetao,W40p0,1,2,16,-0.5951928426057285,0.5951928426057285
thetao,W60p0,1,2,3,-0.5951001805106599,0.5951001805106599
thetao,W20p0,8,9,2,-0.5950969835778258,0.5950969835778258
thetao,W60p0,9,10,10,-0.5949990800155818,0.5949990800155818
thetao,W20p0,1,2,11,-0.5949480890142466,0.5949480890142466
thetao,W60p0,8,9,25,-0.594631024406027,0.594631024406027
thetao,W40p0,2,3,3,-0.5944841304473032,0.5944841304473032
thetao,W20p0,1,2,2,-0.5944619265828476,0.5944619265828476
thetao,W10p0,2,3,12,0.5943560833483754,0.5943560833483754
thetao,W60p0,0,1,24,-0.5943193638067104,0.5943193638067104
so,W30p0,8,9,11,0.5940376559208793,0.5940376559208793
so,W10p0,8,9,19,0.5938579065894186,0.5938579065894186
so,W10p0,3,4,16,0.5938107268858268,0.5938107268858268
so,W30p0,4,5,7,0.5934467034883829,0.5934467034883829
so,W10p0,8,9,23,0.5933470399583639,0.5933470399583639
so,W20p0,8,9,16,0.593214657100283,0.593214657100283
so,W20p0,2,3,11,0.5931810238329278,0.5931810238329278
thetao,W20p0,1,2,18,-0.5931137320813933,0.5931137320813933
thetao,W10p0,8,9,4,-0.592947569260457,0.592947569260457
so,W20p0,9,10,24,-0.5927665131962536,0.5927665131962536
thetao,W60p0,1,2,10,-0.5927270049988406,0.5927270049988406
thetao,W20p0,2,3,11,-0.5925077446856821,0.5925077446856821
so,W30p0,8,9,3,0.5923557253038437,0.5923557253038437
thetao,W60p0,0,1,25,-0.5922593804956844,0.5922593804956844
so,W10p0,3,4,19,0.5919833845673054,0.5919833845673054
thetao,W40p0,1,2,17,-0.5919789500014703,0.5919789500014703
thetao,W30p0,2,3,20,0.591575345984744,0.591575345984744
so,W30p0,1,2,6,-0.5914420261424342,0.5914420261424342
so,W20p0,8,9,18,0.5913998395139024,0.5913998395139024
thetao,W40p0,1,2,11,-0.5913280807331976,0.5913280807331976
thetao,W40p0,6,7,21,0.5911652734176631,0.5911652734176631
thetao,W40p0,1,2,14,-0.5909775081244815,0.5909775081244815
thetao,W20p0,4,5,14,0.5901874531184057,0.5901874531184057
thetao,W40p0,2,3,6,-0.5900410990779795,0.5900410990779795
thetao,W60p0,0,1,23,-0.5898224726156998,0.5898224726156998
thetao,W60p0,1,2,11,-0.5897357498696694,0.5897357498696694
so,W40p0,3,4,8,-0.5895895283416088,0.5895895283416088
thetao,W30p0,2,3,21,0.5894439537226682,0.5894439537226682
thetao,W20p0,1,2,19,-0.5892848099351166,0.5892848099351166
so,W60p0,1,2,14,-0.5892832655957808,0.5892832655957808
so,W30p0,1,2,11,-0.5892318773490434,0.5892318773490434
thetao,W40p0,1,2,13,-0.5891467983502906,0.5891467983502906
thetao,W60p0,9,10,3,-0.5891037063463562,0.5891037063463562
thetao,W40p0,6,7,16,0.5889426301976153,0.5889426301976153
thetao,W30p0,3,4,6,0.5883927432681838,0.5883927432681838
thetao,W20p0,1,2,15,-0.5883475812774386,0.5883475812774386
so,W30p0,4,5,18,0.588173204290807,0.588173204290807
thetao,W20p0,1,2,22,-0.5881303942848751,0.5881303942848751
so,W10p0,7,8,9,-0.5880778373801512,0.5880778373801512
thetao,W20p0,2,3,10,-0.5880419091309441,0.5880419091309441
thetao,W20p0,1,2,4,-0.5874539257244203,0.5874539257244203
thetao,W10p0,3,4,19,0.5871375419661266,0.5871375419661266
thetao,W60p0,9,10,15,-0.5871354653480491,0.5871354653480491
thetao,W10p0,8,9,0,-0.5868978754788904,0.5868978754788904
so,W60p0,8,9,22,0.5868248894093115,0.5868248894093115
thetao,W10p0,3,4,20,0.586581886187737,0.586581886187737
so,W10p0,3,4,3,0.5865338987474275,0.5865338987474275
thetao,W10p0,1,2,22,-0.5855424807868591,0.5855424807868591
thetao,W40p0,2,3,24,-0.5851482420315143,0.5851482420315143
thetao,W20p0,1,2,16,-0.5851204725988522,0.5851204725988522
so,W20p0,9,10,7,-0.5846374524376303,0.5846374524376303
thetao,W60p0,9,10,9,-0.584416545936244,0.584416545936244
thetao,W10p0,3,4,18,0.5843582791783963,0.5843582791783963
so,W60p0,0,1,8,0.5842853780375344,0.5842853780375344
so,W10p0,8,9,21,0.5841728307737494,0.5841728307737494
thetao,W30p0,3,4,5,0.5841380318106212,0.5841380318106212
thetao,W60p0,9,10,4,-0.5837945952759385,0.5837945952759385
so,W40p0,2,3,6,-0.5834058543829622,0.5834058543829622
thetao,W40p0,3,4,15,0.5830827428790426,0.5830827428790426
thetao,W30p0,8,9,3,-0.5830763199873009,0.5830763199873009
so,W60p0,8,9,21,0.5829448460905337,0.5829448460905337
thetao,W20p0,1,2,12,-0.5824473935697131,0.5824473935697131
thetao,W40p0,2,3,23,-0.5823292063528772,0.5823292063528772
thetao,W60p0,2,3,10,0.5823262825284159,0.5823262825284159
thetao,W20p0,8,9,4,-0.5817486786892131,0.5817486786892131
so,W30p0,4,5,4,0.5817318218850068,0.5817318218850068
thetao,W40p0,1,2,10,-0.5814712864314232,0.5814712864314232
so,W10p0,7,8,7,-0.5814353014777817,0.5814353014777817
thetao,W20p0,2,3,9,-0.5807333543942311,0.5807333543942311
thetao,W10p0,2,3,11,0.5802180979522998,0.5802180979522998
thetao,W40p0,3,4,23,0.5801837569353259,0.5801837569353259
so,W60p0,1,2,15,-0.5801534293053784,0.5801534293053784
thetao,W20p0,1,2,3,-0.5800377451936055,0.5800377451936055
thetao,W40p0,2,3,25,-0.5794966611317844,0.5794966611317844
thetao,W20p0,1,2,17,-0.5793629007894704,0.5793629007894704
so,W30p0,1,2,2,-0.5791763601237854,0.5791763601237854
so,W30p0,1,2,1,-0.57912051561421,0.57912051561421
thetao,W60p0,2,3,14,0.578976049725404,0.578976049725404
so,W10p0,3,4,4,0.5788005340061888,0.5788005340061888
so,W10p0,3,4,25,0.5782110251549013,0.5782110251549013
so,W30p0,8,9,25,0.5781934273729101,0.5781934273729101
so,W30p0,4,5,11,0.5781051079117856,0.5781051079117856
thetao,W30p0,2,3,19,0.5779385116601076,0.5779385116601076
thetao,W40p0,1,2,9,-0.5777761136796679,0.5777761136796679
thetao,W20p0,1,2,23,-0.5777367511718152,0.5777367511718152
so,W20p0,9,10,5,-0.5775710521699353,0.5775710521699353
thetao,W60p0,3,4,17,-0.577557933148623,0.577557933148623
thetao,W20p0,1,2,20,-0.5775479363679736,0.5775479363679736
thetao,W30p0,3,4,4,0.5773205543095717,0.5773205543095717
thetao,W20p0,2,3,7,-0.5771493510295486,0.5771493510295486
so,W30p0,8,9,6,0.5770413773408971,0.5770413773408971
so,W30p0,4,5,20,0.5767170446060719,0.5767170446060719
thetao,W20p0,2,3,6,-0.5766664940515738,0.5766664940515738
so,W10p0,3,4,1,0.5762758228557249,0.5762758228557249
so,W60p0,0,1,7,0.5761710712857946,0.5761710712857946
thetao,W10p0,1,2,21,-0.5758521287130957,0.5758521287130957
thetao,W20p0,1,2,25,-0.5757661278602964,0.5757661278602964
so,W60p0,8,9,24,0.5756036166453424,0.5756036166453424
thetao,W10p0,1,2,23,-0.5754482701387861,0.5754482701387861
so,W30p0,4,5,13,0.5753540927827845,0.5753540927827845
so,W20p0,8,9,21,0.5751410189069066,0.5751410189069066
so,W20p0,9,10,6,-0.5750495002777347,0.5750495002777347
thetao,W60p0,0,1,20,-0.5748353856030571,0.5748353856030571
so,W20p0,3,4,2,0.5746182480678256,0.5746182480678256
thetao,W10p0,1,2,20,-0.5745849830664793,0.5745849830664793
thetao,W30p0,8,9,7,-0.5744170753259756,0.5744170753259756
thetao,W40p0,6,7,18,0.5739848721920685,0.5739848721920685
thetao,W30p0,2,3,22,0.5737743784233171,0.5737743784233171
thetao,W60p0,2,3,23,0.5736055478657586,0.5736055478657586
so,W40p0,2,3,12,-0.5734257445616876,0.5734257445616876
thetao,W20p0,2,3,8,-0.5733482057468644,0.5733482057468644
thetao,W20p0,2,3,5,-0.5731875783347131,0.5731875783347131
thetao,W60p0,8,9,24,-0.5727862769201116,0.5727862769201116
so,W10p0,7,8,12,-0.5723324019775667,0.5723324019775667
thetao,W60p0,4,5,20,-0.5721337708401807,0.5721337708401807
so,W30p0,4,5,10,0.572016738403256,0.572016738403256
so,W30p0,8,9,2,0.5719625117854309,0.5719625117854309
so,W60p0,1,2,13,-0.5717523192857523,0.5717523192857523
so,W30p0,1,2,9,-0.5716700671605008,0.5716700671605008
thetao,W60p0,9,10,12,-0.5716519590158595,0.5716519590158595
so,W20p0,9,10,13,-0.5716094731093417,0.5716094731093417
thetao,W60p0,0,1,21,-0.5713090049576599,0.5713090049576599
thetao,W60p0,4,5,21,-0.5707494468268915,0.5707494468268915
so,W20p0,8,9,15,0.5703291906190818,0.5703291906190818
thetao,W40p0,3,4,24,0.5697363167662098,0.5697363167662098
so,W30p0,8,9,4,0.5695130736570312,0.5695130736570312
thetao,W40p0,1,2,8,-0.5692678336916834,0.5692678336916834
thetao,W10p0,1,2,25,-0.5688849968986086,0.5688849968986086
thetao,W60p0,5,6,1,-0.5680842006679137,0.5680842006679137
so,W10p0,3,4,20,0.5676916717565691,0.5676916717565691
thetao,W40p0,3,4,17,0.567621169822958,0.567621169822958
so,W20p0,8,9,19,0.5675935937998421,0.5675935937998421
so,W20p0,8,9,22,0.5675640090498938,0.5675640090498938
thetao,W20p0,1,2,14,-0.5670899114926367,0.5670899114926367
so,W10p0,7,8,11,-0.5670167452709335,0.5670167452709335
thetao,W20p0,1,2,24,-0.5669822845673529,0.5669822845673529
thetao,W60p0,8,9,22,-0.5666132832332124,0.5666132832332124
thetao,W10p0,8,9,5,-0.5663500183030956,0.5663500183030956
thetao,W40p0,7,8,14,-0.5656533798308762,0.5656533798308762
thetao,W10p0,1,2,24,-0.5651107256155112,0.5651107256155112
thetao,W60p0,0,1,22,-0.5650282025761018,0.5650282025761018
thetao,W20p0,1,2,13,-0.5649576152983877,0.5649576152983877
thetao,W10p0,3,4,17,0.5648250226599851,0.5648250226599851
so,W30p0,1,2,7,-0.564756898096554,0.564756898096554
thetao,W60p0,2,3,22,0.5647028177365421,0.5647028177365421
thetao,W40p0,4,5,13,0.5640390298385686,0.5640390298385686
so,W40p0,6,7,25,-0.5633304834209919,0.5633304834209919
thetao,W60p0,9,10,14,-0.5633225661360256,0.5633225661360256
so,W60p0,8,9,19,0.5632710426154549,0.5632710426154549
thetao,W10p0,2,3,10,0.5632681156723138,0.5632681156723138
so,W30p0,4,5,19,0.5631681814272719,0.5631681814272719
thetao,W40p0,3,4,16,0.5631273908144346,0.5631273908144346
thetao,W30p0,3,4,3,0.5630510739223085,0.5630510739223085
thetao,W20p0,1,2,21,-0.5625806786260839,0.5625806786260839
thetao,W60p0,9,10,0,-0.5625249132249288,0.5625249132249288
so,W30p0,4,5,12,0.5625237267752252,0.5625237267752252
so,W20p0,2,3,10,0.5621438121124922,0.5621438121124922
thetao,W30p0,1,2,14,-0.5620164705298721,0.5620164705298721
thetao,W20p0,8,9,1,-0.5618674649359712,0.5618674649359712
thetao,W20p0,4,5,13,0.5617281436181096,0.5617281436181096
so,W10p0,7,8,14,-0.5615703538373058,0.5615703538373058
so,W10p0,3,4,22,0.5614956910070166,0.5614956910070166
thetao,W60p0,2,3,21,0.5612902673660198,0.5612902673660198
so,W40p0,3,4,16,-0.560913062871297,0.560913062871297
so,W30p0,8,9,24,0.5607032732028915,0.5607032732028915
so,W10p0,3,4,23,0.5607013924582541,0.5607013924582541
so,W10p0,7,8,13,-0.5606561025823343,0.5606561025823343
thetao,W40p0,1,2,7,-0.5601728684601845,0.5601728684601845
thetao,W10p0,8,9,6,-0.559752076728796,0.559752076728796
thetao,W20p0,2,3,4,-0.5595051718485183,0.5595051718485183
so,W60p0,8,9,16,0.5590966038306407,0.5590966038306407
so,W10p0,3,4,21,0.5590274917722065,0.5590274917722065
so,W20p0,9,10,4,-0.558506601788609,0.558506601788609
so,W30p0,1,2,16,-0.5582528600647334,0.5582528600647334
so,W20p0,2,3,2,0.5578771153689384,0.5578771153689384
thetao,W60p0,2,3,7,0.5576604830009928,0.5576604830009928
so,W20p0,8,9,17,0.5570534822142136,0.5570534822142136
thetao,W40p0,6,7,15,0.5566776848315051,0.5566776848315051
thetao,W10p0,1,2,17,-0.5566171549939231,0.5566171549939231
thetao,W40p0,1,2,0,-0.5561057021858848,0.5561057021858848
so,W30p0,4,5,21,0.5547468372262472,0.5547468372262472
so,W20p0,6,7,12,0.5547408404179208,0.5547408404179208
thetao,W30p0,6,7,25,-0.5541133010327274,0.5541133010327274
so,W30p0,8,9,1,0.5531814570809549,0.5531814570809549
so,W60p0,1,2,12,-0.5530236648036324,0.5530236648036324
thetao,W60p0,2,3,24,0.5529579652472205,0.5529579652472205
so,W20p0,9,10,8,-0.5528049810840474,0.5528049810840474
thetao,W10p0,1,2,18,-0.5523993691280169,0.5523993691280169
thetao,W40p0,1,2,5,-0.5522279110771435,0.5522279110771435
so,W30p0,4,5,3,0.5520427267850356,0.5520427267850356
thetao,W20p0,8,9,0,-0.5518839986671784,0.5518839986671784
thetao,W30p0,1,2,7,-0.5514926428993412,0.5514926428993412
so,W10p0,3,4,24,0.5511794354333135,0.5511794354333135
so,W10p0,8,9,14,0.5505742336760432,0.5505742336760432
so,W30p0,1,2,10,-0.5499166644386709,0.5499166644386709
thetao,W60p0,4,5,16,-0.5498902555065206,0.5498902555065206
thetao,W30p0,3,4,2,0.5497098585225354,0.5497098585225354
thetao,W20p0,4,5,12,0.549225125349405,0.549225125349405
so,W10p0,8,9,22,0.5491637874260598,0.5491637874260598
thetao,W10p0,8,9,8,-0.5489879034057096,0.5489879034057096
so,W30p0,8,9,9,0.5483904745786269,0.5483904745786269
thetao,W20p0,8,9,10,-0.5480403361971757,0.5480403361971757
thetao,W40p0,3,4,21,0.5478889829317293,0.5478889829317293
so,W60p0,1,2,11,-0.5478057859855073,0.5478057859855073
thetao,W30p0,1,2,6,-0.5477101199436489,0.5477101199436489
thetao,W10p0,8,9,7,-0.5474289536462259,0.5474289536462259
so,W60p0,8,9,17,0.5473926128629238,0.5473926128629238
so,W30p0,8,9,8,0.5472195337257737,0.5472195337257737
thetao,W60p0,4,5,14,-0.5467319679190735,0.5467319679190735
thetao,W60p0,0,1,19,-0.546689186582268,0.546689186582268
thetao,W60p0,4,5,23,-0.5464204636294367,0.5464204636294367
thetao,W60p0,2,3,20,0.5464064509815917,0.5464064509815917
thetao,W10p0,2,3,9,0.5460560625405271,0.5460560625405271
thetao,W30p0,1,2,1,-0.5460147468587493,0.5460147468587493
thetao,W60p0,2,3,15,0.5459638077379951,0.5459638077379951
thetao,W60p0,9,10,17,-0.5457847893825221,0.5457847893825221
thetao,W30p0,8,9,2,-0.5456970968272448,0.5456970968272448
thetao,W60p0,2,3,19,0.5456879537517094,0.5456879537517094
so,W10p0,7,8,19,-0.5455560777804704,0.5455560777804704
so,W40p0,3,4,14,-0.5453857889676647,0.5453857889676647
thetao,W20p0,8,9,11,-0.5451453635115845,0.5451453635115845
so,W20p0,9,10,3,-0.5451287803585483,0.5451287803585483
thetao,W20p0,2,3,3,-0.5449886903398947,0.5449886903398947
so,W30p0,7,8,9,0.5449522596588173,0.5449522596588173
so,W30p0,4,5,6,0.5448413246136752,0.5448413246136752
so,W30p0,8,9,10,0.5446106949010807,0.5446106949010807
thetao,W10p0,1,2,16,-0.5439711958968637,0.5439711958968637
thetao,W10p0,1,2,19,-0.5434808406972541,0.5434808406972541
so,W20p0,2,3,1,0.5434114279935884,0.5434114279935884
so,W60p0,1,2,10,-0.5432918630294824,0.5432918630294824
thetao,W40p0,3,4,18,0.5424621551400693,0.5424621551400693
thetao,W40p0,3,4,14,0.5424156008882481,0.5424156008882481
so,W30p0,1,2,21,-0.5422674538506647,0.5422674538506647
thetao,W40p0,3,4,22,0.5419451252054814,0.5419451252054814
so,W40p0,3,4,13,-0.5418140700483551,0.5418140700483551
so,W20p0,2,3,3,0.5414009576103185,0.5414009576103185
so,W20p0,2,3,13,0.5411875895604493,0.5411875895604493
thetao,W30p0,6,7,21,-0.5410812948693681,0.5410812948693681
thetao,W40p0,6,7,14,0.5409480832073108,0.5409480832073108
so,W60p0,6,7,25,-0.5409082013136431,0.5409082013136431
so,W20p0,9,10,12,-0.5406074247959315,0.5406074247959315
so,W60p0,8,9,15,0.5403820141568958,0.5403820141568958
so,W40p0,3,4,11,-0.5403478453435284,0.5403478453435284
thetao,W10p0,3,4,16,0.5402062341273068,0.5402062341273068
so,W30p0,8,9,7,0.5400939213194906,0.5400939213194906
so,W20p0,6,7,11,0.5397576422514601,0.5397576422514601
thetao,W10p0,2,3,7,0.5390556606178329,0.5390556606178329
so,W20p0,6,7,14,0.5385435301587568,0.5385435301587568
so,W40p0,6,7,17,-0.5384819987603309,0.5384819987603309
thetao,W40p0,1,2,6,-0.5382599793661523,0.5382599793661523
so,W40p0,3,4,21,-0.5382561957818407,0.5382561957818407
thetao,W10p0,2,3,8,0.5382415974836404,0.5382415974836404
thetao,W30p0,6,7,22,-0.5381493199704428,0.5381493199704428
so,W10p0,3,4,0,0.5381239889636908,0.5381239889636908
thetao,W60p0,5,6,0,-0.5369415401651456,0.5369415401651456
so,W60p0,8,9,25,0.5368184020254498,0.5368184020254498
so,W40p0,3,4,17,-0.5363692027893816,0.5363692027893816
so,W10p0,7,8,15,-0.5363259702364153,0.5363259702364153
thetao,W30p0,1,2,13,-0.5363134487076209,0.5363134487076209
so,W20p0,6,7,15,0.5362549160373496,0.5362549160373496
thetao,W40p0,6,7,10,0.5361125981231663,0.5361125981231663
thetao,W30p0,1,2,5,-0.5359038955181844,0.5359038955181844
thetao,W60p0,4,5,25,-0.5358583746156896,0.5358583746156896
thetao,W60p0,4,5,24,-0.5358518476179651,0.5358518476179651
thetao,W20p0,2,3,2,-0.5357611052598029,0.5357611052598029
so,W10p0,7,8,8,-0.5354184631881727,0.5354184631881727
so,W60p0,8,9,23,0.5353807861142195,0.5353807861142195
so,W30p0,1,2,17,-0.5353309194073994,0.5353309194073994
thetao,W20p0,4,5,11,0.535252966845021,0.535252966845021
so,W30p0,4,5,8,0.5350084901506558,0.5350084901506558
thetao,W60p0,4,5,17,-0.5349343981570037,0.5349343981570037
thetao,W60p0,8,9,23,-0.534748455926785,0.534748455926785
so,W20p0,2,3,12,0.5347079402265017,0.5347079402265017
thetao,W20p0,8,9,9,-0.5344443285533784,0.5344443285533784
thetao,W20p0,8,9,12,-0.5343928650668329,0.5343928650668329
so,W40p0,3,4,19,-0.5342018984654514,0.5342018984654514
thetao,W60p0,3,4,16,-0.5335253482420527,0.5335253482420527
thetao,W30p0,1,2,12,-0.5335151879590972,0.5335151879590972
so,W40p0,2,3,14,-0.5335124209028155,0.5335124209028155
so,W30p0,2,3,2,0.5332754741754856,0.5332754741754856
thetao,W10p0,1,2,15,-0.5327879979894584,0.5327879979894584
so,W60p0,8,9,18,0.5327704609797383,0.5327704609797383
so,W20p0,2,3,9,0.5327343407495809,0.5327343407495809
thetao,W20p0,8,9,5,-0.5325293702336522,0.5325293702336522
so,W30p0,4,5,5,0.5323620525364873,0.5323620525364873
thetao,W40p0,7,8,13,-0.5323008516722438,0.5323008516722438
thetao,W40p0,3,4,20,0.5318228273550264,0.5318228273550264
so,W30p0,2,3,1,0.5313694835750968,0.5313694835750968
thetao,W30p0,3,4,1,0.5313649818073485,0.5313649818073485
so,W40p0,6,7,24,-0.5311044564467229,0.5311044564467229
thetao,W60p0,4,5,15,-0.5308904969344211,0.5308904969344211
thetao,W60p0,9,10,13,-0.5306072367714284,0.5306072367714284
so,W10p0,7,8,18,-0.5305141288673694,0.5305141288673694
thetao,W40p0,6,7,12,0.5303618853118529,0.5303618853118529
so,W20p0,2,3,6,0.530178876541827,0.530178876541827
so,W30p0,4,5,1,0.5297385138972481,0.5297385138972481
so,W30p0,1,2,18,-0.5296938337338774,0.5296938337338774
thetao,W10p0,2,3,6,0.5296918443426932,0.5296918443426932
thetao,W60p0,2,3,25,0.529616942434895,0.529616942434895
so,W20p0,9,10,9,-0.5292100338619597,0.5292100338619597
thetao,W60p0,9,10,16,-0.5290290196495855,0.5290290196495855
thetao,W30p0,2,3,18,0.5287384846184063,0.5287384846184063
thetao,W60p0,5,6,2,-0.528603473933796,0.528603473933796
so,W20p0,9,10,11,-0.5279954436745781,0.5279954436745781
so,W30p0,7,8,16,0.5272872088334779,0.5272872088334779
thetao,W40p0,1,2,1,-0.527093292777077,0.527093292777077
thetao,W30p0,8,9,1,-0.5266373136941025,0.5266373136941025
thetao,W40p0,1,2,2,-0.5265311919736533,0.5265311919736533
so,W20p0,9,10,2,-0.5262542002999664,0.5262542002999664
thetao,W60p0,9,10,18,-0.5261827211017525,0.5261827211017525
thetao,W40p0,1,2,4,-0.5261082723522096,0.5261082723522096
thetao,W60p0,2,3,6,0.5259647452560291,0.5259647452560291
so,W20p0,3,4,1,0.5259066620072277,0.5259066620072277
thetao,W20p0,2,3,0,-0.525761790544086,0.525761790544086
so,W20p0,8,9,11,0.5256487908222182,0.5256487908222182
thetao,W10p0,2,3,5,0.5255931633442902,0.5255931633442902
thetao,W40p0,6,7,11,0.5254124302192019,0.5254124302192019
so,W60p0,0,1,9,0.5248331519678644,0.5248331519678644
thetao,W30p0,3,4,0,0.5245365426432448,0.5245365426432448
so,W40p0,3,4,20,-0.5243563484957369,0.5243563484957369
so,W20p0,9,10,1,-0.5242498842583894,0.5242498842583894
thetao,W10p0,8,9,9,-0.5241996004343455,0.5241996004343455
so,W10p0,7,8,2,-0.5238861173723374,0.5238861173723374
thetao,W30p0,1,2,11,-0.5238518125235042,0.5238518125235042
so,W30p0,8,9,0,0.5237712180347492,0.5237712180347492
thetao,W60p0,3,4,15,-0.5234963488541019,0.5234963488541019
so,W30p0,1,2,20,-0.523321490107559,0.523321490107559
thetao,W30p0,1,2,10,-0.5232472171241423,0.5232472171241423
so,W20p0,7,8,7,-0.522989010517869,0.522989010517869
thetao,W20p0,2,3,1,-0.5229674123717273,0.5229674123717273
thetao,W40p0,6,7,13,0.5228948176314089,0.5228948176314089
so,W40p0,3,4,9,-0.5227638364390682,0.5227638364390682
thetao,W60p0,2,3,16,0.5225175873949405,0.5225175873949405
so,W20p0,8,9,9,0.5223152542849618,0.5223152542849618
so,W60p0,6,7,22,-0.5221744530737039,0.5221744530737039
so,W20p0,7,8,19,-0.5220367318187746,0.5220367318187746
so,W60p0,1,2,9,-0.521919042222924,0.521919042222924
so,W20p0,4,5,8,0.5218937220539963,0.5218937220539963
so,W40p0,6,7,14,-0.5216800466059558,0.5216800466059558
so,W10p0,7,8,16,-0.5216385558234888,0.5216385558234888
thetao,W60p0,4,5,19,-0.5210787994208396,0.5210787994208396
so,W20p0,9,10,0,-0.5209649444643617,0.5209649444643617
thetao,W40p0,7,8,6,-0.5207653047668469,0.5207653047668469
so,W10p0,8,9,13,0.5201418897302404,0.5201418897302404
thetao,W30p0,1,2,9,-0.5198872542700629,0.5198872542700629
so,W60p0,7,8,3,-0.5198323904465285,0.5198323904465285
thetao,W60p0,5,6,6,-0.5197824557608557,0.5197824557608557
thetao,W30p0,1,2,2,-0.5196984187650813,0.5196984187650813
so,W20p0,8,9,13,0.5195021672125227,0.5195021672125227
so,W30p0,4,5,9,0.519279564274911,0.519279564274911
so,W10p0,7,8,20,-0.5191839828745972,0.5191839828745972
so,W20p0,7,8,11,-0.5190182633321572,0.5190182633321572
so,W40p0,6,7,16,-0.518221613419481,0.518221613419481
so,W40p0,2,3,13,-0.5180480006066761,0.5180480006066761
so,W10p0,0,1,0,-0.5180342175437561,0.5180342175437561
thetao,W60p0,4,5,13,-0.5179464783110818,0.5179464783110818
so,W40p0,3,4,4,-0.5177671746670705,0.5177671746670705
so,W20p0,3,4,7,0.5174633667248846,0.5174633667248846
so,W30p0,4,5,2,0.5170615339539834,0.5170615339539834
so,W40p0,6,7,10,-0.516988567873056,0.516988567873056
so,W40p0,3,4,12,-0.5169246272838603,0.5169246272838603
thetao,W30p0,6,7,23,-0.5168676641739648,0.5168676641739648
so,W20p0,3,4,6,0.51629907292462,0.51629907292462
thetao,W60p0,3,4,23,-0.5161177165103555,0.5161177165103555
so,W20p0,7,8,24,-0.5157165910862923,0.5157165910862923
thetao,W40p0,7,8,12,-0.5155162224307309,0.5155162224307309
thetao,W30p0,6,7,20,-0.5154755481894265,0.5154755481894265
so,W20p0,9,10,10,-0.5152339053404649,0.5152339053404649
so,W60p0,7,8,2,-0.5147944959525137,0.5147944959525137
thetao,W10p0,2,3,4,0.5147496598118861,0.5147496598118861
thetao,W30p0,1,2,8,-0.5143847886609442,0.5143847886609442
so,W20p0,8,9,14,0.5143576528463271,0.5143576528463271
thetao,W30p0,1,2,4,-0.5141922206981772,0.5141922206981772
so,W20p0,3,4,5,0.5136734673888408,0.5136734673888408
so,W40p0,3,4,25,-0.5130535424904246,0.5130535424904246
so,W40p0,4,5,9,-0.5127468206031758,0.5127468206031758
thetao,W30p0,6,7,24,-0.5125318757822891,0.5125318757822891
thetao,W40p0,1,2,3,-0.5122307105727611,0.5122307105727611
so,W40p0,3,4,5,-0.5120416963142047,0.5120416963142047
thetao,W20p0,4,5,10,0.5120147366860419,0.5120147366860419
so,W10p0,8,9,11,0.5117853348493038,0.5117853348493038
so,W20p0,4,5,12,0.5113564855757816,0.5113564855757816
so,W20p0,8,9,10,0.511187852337161,0.511187852337161
thetao,W40p0,3,4,19,0.5111232727317234,0.5111232727317234
so,W40p0,6,7,23,-0.5104136472350639,0.5104136472350639
thetao,W30p0,2,3,17,0.5103833150039745,0.5103833150039745
thetao,W60p0,2,3,4,0.5102849829954407,0.5102849829954407
thetao,W30p0,2,3,15,0.5102732197307069,0.5102732197307069
thetao,W30p0,2,3,14,0.5091934826495742,0.5091934826495742
so,W20p0,2,3,18,0.5090835222388421,0.5090835222388421
thetao,W60p0,8,9,21,-0.5090289903723817,0.5090289903723817
thetao,W30p0,2,3,16,0.508238074798783,0.508238074798783
so,W20p0,2,3,14,0.5077999765099594,0.5077999765099594
so,W10p0,8,9,12,0.507508418276363,0.507508418276363
so,W20p0,6,7,10,0.5072845735962545,0.5072845735962545
thetao,W60p0,0,1,18,-0.506889325826134,0.506889325826134
thetao,W40p0,4,5,17,0.506565565323849,0.506565565323849
thetao,W60p0,2,3,18,0.5059288774851562,0.5059288774851562
thetao,W40p0,4,5,12,0.5055480062691584,0.5055480062691584
so,W40p0,2,3,17,-0.5051570124868036,0.5051570124868036
so,W60p0,6,7,24,-0.5048369257115299,0.5048369257115299
thetao,W30p0,9,10,6,-0.504658300035814,0.504658300035814
so,W40p0,0,1,1,-0.5043516252804282,0.5043516252804282
so,W20p0,2,3,15,0.504229672641066,0.504229672641066
so,W10p0,8,9,10,0.504117223468968,0.504117223468968
thetao,W60p0,2,3,3,0.5041055530293101,0.5041055530293101
thetao,W40p0,4,5,20,0.5039689275309338,0.5039689275309338
thetao,W60p0,8,9,17,-0.5039269375006818,0.5039269375006818
so,W20p0,7,8,17,-0.5036957006828229,0.5036957006828229
thetao,W10p0,3,4,15,0.5034406820543125,0.5034406820543125
so,W20p0,2,3,16,0.5034161206074041,0.5034161206074041
thetao,W60p0,4,5,12,-0.5033334107247797,0.5033334107247797
thetao,W30p0,9,10,8,-0.5032804577153419,0.5032804577153419
so,W40p0,6,7,15,-0.5031083971641268,0.5031083971641268
thetao,W60p0,2,3,5,0.5026415519532108,0.5026415519532108
so,W40p0,3,4,6,-0.5015485393395404,0.5015485393395404
thetao,W40p0,7,8,8,-0.501507920961986,0.501507920961986
so,W20p0,7,8,18,-0.5013536510967516,0.5013536510967516
thetao,W10p0,2,3,3,0.5012534139251075,0.5012534139251075
so,W30p0,4,5,0,0.5012374948769783,0.5012374948769783
thetao,W30p0,2,3,13,0.5011627207515458,0.5011627207515458
thetao,W60p0,4,5,18,-0.5011090597312704,0.5011090597312704
so,W10p0,7,8,6,-0.5007489983625816,0.5007489983625816
thetao,W30p0,1,2,3,-0.5006433457991744,0.5006433457991744
thetao,W60p0,8,9,18,-0.5005202949400472,0.5005202949400472
so,W60p0,0,1,11,0.5004948031377924,0.5004948031377924
thetao,W60p0,8,9,15,-0.5002620711091884,0.5002620711091884
thetao,W40p0,4,5,14,0.49994626851282764,0.49994626851282764
so,W30p0,7,8,10,0.4998353547757392,0.4998353547757392
so,W40p0,6,7,13,-0.49962515756324805,0.49962515756324805
so,W20p0,6,7,17,0.49882487455821567,0.49882487455821567
thetao,W40p0,4,5,16,0.4987625238733331,0.4987625238733331
so,W10p0,7,8,0,-0.4985999236869072,0.4985999236869072
so,W60p0,8,9,20,0.4985894396077545,0.4985894396077545
thetao,W30p0,7,8,24,-0.498374532135814,0.498374532135814
so,W10p0,7,8,22,-0.4983194480959376,0.4983194480959376
so,W20p0,8,9,12,0.49777059657021583,0.49777059657021583
so,W20p0,2,3,5,0.49725720081268854,0.49725720081268854
so,W20p0,7,8,10,-0.4968842489408189,0.4968842489408189
thetao,W30p0,9,10,18,-0.49677990255888055,0.49677990255888055
so,W30p0,1,2,22,-0.49676197773748887,0.49676197773748887
so,W40p0,3,4,7,-0.4966596537176895,0.4966596537176895
so,W20p0,7,8,16,-0.4964324933933373,0.4964324933933373
thetao,W20p0,4,5,9,0.49642581837391947,0.49642581837391947
so,W20p0,7,8,6,-0.49624657635583463,0.49624657635583463
so,W20p0,3,4,14,0.49614825417645925,0.49614825417645925
so,W60p0,1,2,0,-0.49553468700037595,0.49553468700037595
thetao,W40p0,3,4,13,0.49543050659911486,0.49543050659911486
so,W40p0,2,3,18,-0.49530478774497033,0.49530478774497033
thetao,W40p0,4,5,15,0.49525282393177955,0.49525282393177955
thetao,W30p0,5,6,10,-0.49500807135767844,0.49500807135767844
thetao,W60p0,0,1,16,-0.4949143629417948,0.4949143629417948
thetao,W60p0,0,1,17,-0.49491182670848916,0.49491182670848916
so,W10p0,7,8,3,-0.4947744558286691,0.4947744558286691
so,W60p0,0,1,10,0.494428268262273,0.494428268262273
thetao,W40p0,7,8,11,-0.49441319318664784,0.49441319318664784
thetao,W30p0,7,8,17,-0.4938232561166485,0.4938232561166485
so,W60p0,1,2,7,-0.4933743006094033,0.4933743006094033
so,W20p0,7,8,22,-0.4931831054918377,0.4931831054918377
so,W40p0,2,3,19,-0.49303177089405575,0.49303177089405575
thetao,W10p0,8,9,10,-0.4927385278440757,0.4927385278440757
so,W10p0,7,8,4,-0.4925609139394853,0.4925609139394853
so,W20p0,4,5,14,0.492157538737986,0.492157538737986
so,W20p0,3,4,12,0.49184938498746383,0.49184938498746383
thetao,W40p0,4,5,23,0.49121890696469506,0.49121890696469506
thetao,W40p0,6,7,9,0.4911299238635176,0.4911299238635176
so,W20p0,2,3,19,0.49100492467049184,0.49100492467049184
so,W10p0,7,8,5,-0.4905031139774161,0.4905031139774161
so,W30p0,1,2,0,-0.49029964161572137,0.49029964161572137
thetao,W60p0,0,1,14,-0.49028115148602786,0.49028115148602786
thetao,W60p0,0,1,15,-0.490197046608469,0.490197046608469
so,W20p0,4,5,17,0.4896163229503258,0.4896163229503258
so,W30p0,7,8,25,0.4893873859329684,0.4893873859329684
so,W40p0,4,5,10,-0.4893294407821152,0.4893294407821152
so,W40p0,3,4,22,-0.48932135877979716,0.48932135877979716
so,W40p0,3,4,24,-0.4891603609279623,0.4891603609279623
so,W30p0,1,2,19,-0.488869110717372,0.488869110717372
thetao,W20p0,4,5,8,0.48882426015801456,0.48882426015801456
thetao,W30p0,2,3,12,0.4885879194498353,0.4885879194498353
thetao,W30p0,2,3,10,0.4884392206734913,0.4884392206734913
so,W20p0,7,8,9,-0.48799324035117686,0.48799324035117686
so,W40p0,3,4,10,-0.4879457034376019,0.4879457034376019
so,W30p0,1,2,25,-0.4878161472159668,0.4878161472159668
thetao,W10p0,5,6,1,-0.48769953717213843,0.48769953717213843
thetao,W20p0,8,9,13,-0.4876327348444141,0.4876327348444141
thetao,W30p0,5,6,11,-0.4876096860779371,0.4876096860779371
thetao,W30p0,9,10,5,-0.4866664274828165,0.4866664274828165
so,W20p0,6,7,13,0.4866079304182499,0.4866079304182499
so,W60p0,7,8,4,-0.486485348138467,0.486485348138467
so,W40p0,4,5,8,-0.48648308652875266,0.48648308652875266
thetao,W30p0,5,6,12,-0.48648269747553097,0.48648269747553097
so,W20p0,7,8,25,-0.4864011300119818,0.4864011300119818
so,W20p0,7,8,23,-0.4861535671262282,0.4861535671262282
so,W20p0,3,4,15,0.48605665942481424,0.48605665942481424
thetao,W60p0,8,9,16,-0.485930073609643,0.485930073609643
so,W60p0,1,2,6,-0.48588848666302015,0.48588848666302015
so,W60p0,6,7,21,-0.48576953652612237,0.48576953652612237
thetao,W20p0,4,5,7,0.4856181686483307,0.4856181686483307
so,W30p0,4,5,23,0.4851769169905578,0.4851769169905578
so,W40p0,3,4,23,-0.4841651944491754,0.4841651944491754
so,W20p0,3,4,13,0.484033905181889,0.484033905181889
thetao,W10p0,1,2,14,-0.48378365449219246,0.48378365449219246
so,W60p0,1,2,5,-0.48372235197686314,0.48372235197686314
thetao,W60p0,2,3,17,0.4830304022188429,0.4830304022188429
thetao,W60p0,5,6,5,-0.48297059272928644,0.48297059272928644
so,W40p0,6,7,18,-0.4828471628066596,0.4828471628066596
so,W20p0,2,3,17,0.48284594878636733,0.48284594878636733
thetao,W30p0,6,7,18,-0.482517694711883,0.482517694711883
thetao,W30p0,2,3,11,0.4822628531821082,0.4822628531821082
so,W20p0,7,8,21,-0.4812613937009536,0.4812613937009536
so,W20p0,2,3,8,0.4812385606173568,0.4812385606173568
thetao,W60p0,3,4,24,-0.4812248406530627,0.4812248406530627
thetao,W40p0,7,8,7,-0.48111666632069494,0.48111666632069494
thetao,W10p0,2,3,2,0.48047808595964564,0.48047808595964564
so,W20p0,2,3,4,0.4799637911871032,0.4799637911871032
so,W60p0,1,2,8,-0.4797849229541436,0.4797849229541436
thetao,W20p0,8,9,14,-0.4797645944235736,0.4797645944235736
thetao,W10p0,3,4,14,0.4797408757132464,0.4797408757132464
thetao,W20p0,4,5,6,0.4797002598797281,0.4797002598797281
thetao,W60p0,0,1,13,-0.47960594432919035,0.47960594432919035
thetao,W30p0,2,3,9,0.4788755595624554,0.4788755595624554
thetao,W30p0,7,8,23,-0.4781825069963125,0.4781825069963125
so,W60p0,1,2,4,-0.47818115752032175,0.47818115752032175
so,W40p0,4,5,12,-0.4779966727755376,0.4779966727755376
thetao,W30p0,6,7,19,-0.4779686060824438,0.4779686060824438
so,W40p0,6,7,11,-0.4774627017150645,0.4774627017150645
so,W30p0,4,5,24,0.4774432047282052,0.4774432047282052
so,W40p0,0,1,3,-0.47711723818392765,0.47711723818392765
thetao,W60p0,4,5,22,-0.4767406802408353,0.4767406802408353
so,W30p0,1,2,23,-0.4766094378148195,0.4766094378148195
thetao,W60p0,2,3,2,0.4763007559979613,0.4763007559979613
thetao,W40p0,4,5,21,0.476166905173199,0.476166905173199
thetao,W20p0,8,9,8,-0.4757380625859836,0.4757380625859836
so,W20p0,6,7,16,0.47561695725286474,0.47561695725286474
so,W20p0,7,8,14,-0.4750608264311932,0.4750608264311932
thetao,W60p0,4,5,11,-0.47474550495327394,0.47474550495327394
so,W40p0,2,3,16,-0.4746438905488707,0.4746438905488707
so,W40p0,7,8,13,-0.4745473433606602,0.4745473433606602
so,W40p0,2,3,20,-0.4741506096805081,0.4741506096805081
so,W30p0,6,7,7,-0.47401978943877837,0.47401978943877837
thetao,W60p0,3,4,25,-0.47392652292707305,0.47392652292707305
thetao,W60p0,8,9,20,-0.47376096602643414,0.47376096602643414
so,W40p0,6,7,22,-0.47342141036229957,0.47342141036229957
so,W10p0,1,2,25,-0.4734157414023636,0.4734157414023636
so,W10p0,7,8,1,-0.4730482815795302,0.4730482815795302
thetao,W10p0,1,2,13,-0.4729505268574895,0.4729505268574895
so,W60p0,6,7,23,-0.47277100031779506,0.47277100031779506
so,W30p0,1,2,24,-0.47263818816788306,0.47263818816788306
so,W20p0,7,8,8,-0.47250915697791096,0.47250915697791096
so,W40p0,6,7,12,-0.47213690176611706,0.47213690176611706
so,W20p0,4,5,5,0.4720021082371456,0.4720021082371456
thetao,W40p0,7,8,9,-0.471875108016293,0.471875108016293
thetao,W20p0,4,5,5,0.4718254182764959,0.4718254182764959
so,W40p0,2,3,15,-0.47172109729542816,0.47172109729542816
so,W20p0,4,5,9,0.4717014405164271,0.4717014405164271
so,W20p0,4,5,10,0.47097807747540754,0.47097807747540754
so,W60p0,7,8,1,-0.47075148145645324,0.47075148145645324
so,W20p0,4,5,11,0.47044352466026357,0.47044352466026357
so,W30p0,4,5,22,0.4702609873475941,0.4702609873475941
so,W10p0,7,8,21,-0.47025171275914746,0.47025171275914746
thetao,W40p0,7,8,10,-0.47008422632134916,0.47008422632134916
thetao,W40p0,7,8,5,-0.47006381759675897,0.47006381759675897
so,W20p0,3,4,16,0.4699740043127911,0.4699740043127911
thetao,W10p0,1,2,12,-0.4699272582660218,0.4699272582660218
so,W20p0,3,4,8,0.4698984268248074,0.4698984268248074
so,W20p0,2,3,20,0.4690073822266485,0.4690073822266485
so,W20p0,7,8,20,-0.4689977974772869,0.4689977974772869
thetao,W40p0,7,8,1,-0.4689074852376606,0.4689074852376606
thetao,W30p0,7,8,19,-0.46851500611872055,0.46851500611872055
so,W20p0,3,4,0,0.46832240521510754,0.46832240521510754
so,W10p0,0,1,1,-0.4678982805384788,0.4678982805384788
so,W40p0,0,1,4,-0.46781126884629315,0.46781126884629315
thetao,W40p0,4,5,25,0.4677713388636409,0.4677713388636409
thetao,W60p0,9,10,19,-0.4675872003986562,0.4675872003986562
thetao,W20p0,9,10,22,0.4675370411771083,0.4675370411771083
so,W40p0,3,4,3,-0.46739862372532726,0.46739862372532726
so,W20p0,7,8,12,-0.46728797136177225,0.46728797136177225
so,W40p0,6,7,19,-0.46646394277457226,0.46646394277457226
thetao,W40p0,4,5,11,0.46644986552094453,0.46644986552094453
thetao,W60p0,5,6,3,-0.46644114574582296,0.46644114574582296
thetao,W30p0,7,8,22,-0.466306053983139,0.466306053983139
so,W30p0,2,3,6,0.466254934605686,0.466254934605686
so,W20p0,8,9,8,0.4661716701176248,0.4661716701176248
so,W60p0,2,3,13,-0.46585580443112384,0.46585580443112384
so,W60p0,2,3,12,-0.4657757913647971,0.4657757913647971
so,W20p0,3,4,11,0.4656985865247406,0.4656985865247406
so,W40p0,0,1,15,-0.46564120276782867,0.46564120276782867
so,W20p0,4,5,4,0.46562188577800806,0.46562188577800806
so,W40p0,0,1,2,-0.4655930553857722,0.4655930553857722
so,W40p0,6,7,20,-0.46554464961336733,0.46554464961336733
thetao,W60p0,8,9,19,-0.46543595918609204,0.46543595918609204
thetao,W30p0,2,3,8,0.46482390531284035,0.46482390531284035
thetao,W10p0,5,6,0,-0.46471753277240596,0.46471753277240596
thetao,W60p0,4,5,4,-0.46467442382502067,0.46467442382502067
so,W40p0,6,7,21,-0.4646205942637622,0.4646205942637622
thetao,W60p0,0,1,12,-0.4642326865767049,0.4642326865767049
so,W30p0,7,8,5,0.46274901805312135,0.46274901805312135
thetao,W30p0,9,10,7,-0.46236245538121545,0.46236245538121545
thetao,W30p0,9,10,21,-0.4622239670052576,0.4622239670052576
so,W20p0,7,8,4,-0.46189939284194276,0.46189939284194276
thetao,W40p0,7,8,2,-0.4618741687351957,0.4618741687351957
so,W60p0,6,7,18,-0.4618661061752309,0.4618661061752309
thetao,W30p0,2,3,3,0.46171772436441144,0.46171772436441144
so,W60p0,0,1,12,0.46153520022405814,0.46153520022405814
so,W20p0,2,3,7,0.4609999322145262,0.4609999322145262
thetao,W60p0,4,5,10,-0.46085378623672524,0.46085378623672524
so,W20p0,3,4,20,0.4605697169142778,0.4605697169142778
thetao,W60p0,8,9,14,-0.45958089042961275,0.45958089042961275
thetao,W30p0,9,10,9,-0.4592036719805054,0.4592036719805054
thetao,W60p0,3,4,6,-0.4589324980648929,0.4589324980648929
so,W10p0,0,1,4,-0.45879134834326446,0.45879134834326446
so,W60p0,8,9,14,0.4584882863360963,0.4584882863360963
so,W10p0,0,1,3,-0.458349429901054,0.458349429901054
so,W20p0,2,3,21,0.45831553508815254,0.45831553508815254
thetao,W30p0,2,3,4,0.4582528865954815,0.4582528865954815
so,W40p0,4,5,13,-0.4582336216222098,0.4582336216222098
thetao,W40p0,4,5,24,0.4581789557936228,0.4581789557936228
thetao,W60p0,3,4,14,-0.45788616833820756,0.45788616833820756
thetao,W60p0,3,4,8,-0.45778095136468666,0.45778095136468666
thetao,W20p0,4,5,4,0.45769502648515614,0.45769502648515614
thetao,W40p0,7,8,4,-0.4575847783242944,0.4575847783242944
so,W60p0,1,2,3,-0.457380890321171,0.457380890321171
thetao,W20p0,8,9,7,-0.4570885243031962,0.4570885243031962
thetao,W30p0,9,10,19,-0.45695191185541306,0.45695191185541306
so,W60p0,6,7,17,-0.4568723257851531,0.4568723257851531
thetao,W30p0,9,10,4,-0.45685798323194676,0.45685798323194676
thetao,W60p0,5,6,7,-0.45667837911655323,0.45667837911655323
so,W20p0,3,4,17,0.4565241290374072,0.4565241290374072
so,W30p0,7,8,12,0.4562633283079352,0.4562633283079352
so,W20p0,4,5,21,0.4560363425821385,0.4560363425821385
thetao,W30p0,5,6,9,-0.4558319110734879,0.4558319110734879
thetao,W40p0,7,8,3,-0.45533105104878124,0.45533105104878124
so,W40p0,6,7,5,-0.4549608638009205,0.4549608638009205
so,W20p0,4,5,15,0.4546617320245309,0.4546617320245309
so,W10p0,8,9,7,0.454570782346842,0.454570782346842
so,W30p0,7,8,6,0.45414860319324574,0.45414860319324574
so,W20p0,2,3,23,0.4540599380017842,0.4540599380017842
thetao,W10p0,2,3,1,0.4539914018353289,0.4539914018353289
so,W40p0,4,5,11,-0.453792956300456,0.453792956300456
so,W20p0,6,7,18,0.4533768053059958,0.4533768053059958
so,W20p0,4,5,7,0.4533009386173603,0.4533009386173603
thetao,W30p0,9,10,15,-0.4524834563054544,0.4524834563054544
thetao,W60p0,9,10,21,-0.451959461611324,0.451959461611324
so,W40p0,2,3,24,-0.451553953370161,0.451553953370161
thetao,W60p0,3,4,7,-0.45154960882362394,0.45154960882362394
thetao,W60p0,4,5,1,-0.45085777316500825,0.45085777316500825
so,W40p0,3,4,1,-0.4504172099487725,0.4504172099487725
so,W20p0,7,8,13,-0.45038439386241846,0.45038439386241846
thetao,W10p0,3,4,13,0.45022718857031413,0.45022718857031413
so,W20p0,3,4,10,0.4501090462638498,0.4501090462638498
so,W30p0,7,8,24,0.4499837553173961,0.4499837553173961
so,W10p0,0,1,2,-0.44959686621909306,0.44959686621909306
so,W20p0,2,3,0,0.4493270684426068,0.4493270684426068
so,W20p0,8,9,5,0.4491733544195295,0.4491733544195295
thetao,W10p0,1,2,11,-0.4489953667932766,0.4489953667932766
so,W40p0,7,8,1,-0.4483420775588041,0.4483420775588041
thetao,W40p0,4,5,22,0.4482217950974579,0.4482217950974579
thetao,W40p0,3,4,12,0.4479776989944848,0.4479776989944848
thetao,W30p0,6,7,17,-0.4475572680615715,0.4475572680615715
thetao,W10p0,1,2,7,-0.44753959904114105,0.44753959904114105
thetao,W30p0,7,8,18,-0.4474861373487824,0.4474861373487824
thetao,W30p0,7,8,25,-0.44731810542961936,0.44731810542961936
so,W20p0,0,1,25,-0.4472286420367682,0.4472286420367682
so,W60p0,8,9,12,0.4470982290885138,0.4470982290885138
so,W60p0,2,3,22,-0.44667312791820785,0.44667312791820785
so,W30p0,7,8,8,0.4466671761554393,0.4466671761554393
thetao,W40p0,9,10,15,-0.4466250704725957,0.4466250704725957
thetao,W30p0,9,10,11,-0.4464242971423531,0.4464242971423531
thetao,W10p0,2,3,0,0.44625279341122376,0.44625279341122376
thetao,W10p0,8,9,11,-0.44598787153192165,0.44598787153192165
so,W20p0,4,5,13,0.44596879050941246,0.44596879050941246
so,W40p0,2,3,21,-0.4458124065460419,0.4458124065460419
so,W40p0,6,7,7,-0.4457407710483895,0.4457407710483895
so,W30p0,2,3,3,0.4455688162420172,0.4455688162420172
thetao,W60p0,9,10,20,-0.44529864184413276,0.44529864184413276
thetao,W60p0,5,6,4,-0.44522534913589745,0.44522534913589745
so,W40p0,3,4,2,-0.4449456212045729,0.4449456212045729
so,W20p0,6,7,9,0.44392098616085385,0.44392098616085385
so,W30p0,4,5,25,0.44382374402008057,0.44382374402008057
thetao,W30p0,6,7,15,-0.4437726044262055,0.4437726044262055
so,W60p0,6,7,20,-0.44353990357541223,0.44353990357541223
thetao,W40p0,9,10,16,-0.4435131113729626,0.4435131113729626
thetao,W60p0,4,5,3,-0.44307487770378967,0.44307487770378967
thetao,W30p0,9,10,20,-0.44265470617394737,0.44265470617394737
so,W30p0,7,8,13,0.44247507648893364,0.44247507648893364
so,W20p0,2,3,22,0.4422350393463148,0.4422350393463148
so,W60p0,1,2,1,-0.44211628416547344,0.44211628416547344
so,W60p0,2,3,23,-0.4420576467807526,0.4420576467807526
thetao,W40p0,3,4,11,0.4418869466125603,0.4418869466125603
so,W30p0,7,8,4,0.4418066733676622,0.4418066733676622
thetao,W60p0,5,6,15,-0.4417319759713626,0.4417319759713626
so,W40p0,6,7,9,-0.44151419855559976,0.44151419855559976
so,W20p0,8,9,6,0.44143531247172285,0.44143531247172285
so,W20p0,7,8,0,-0.4411975586997486,0.4411975586997486
so,W20p0,7,8,3,-0.4409355857444015,0.4409355857444015
thetao,W30p0,2,3,5,0.4405757235333113,0.4405757235333113
thetao,W30p0,6,7,16,-0.4402382425621981,0.4402382425621981
so,W20p0,6,7,19,0.43971043320631525,0.43971043320631525
thetao,W30p0,9,10,17,-0.4394309987678616,0.4394309987678616
thetao,W10p0,1,2,10,-0.43942453799285136,0.43942453799285136
thetao,W40p0,6,7,8,0.43939901308207857,0.43939901308207857
so,W40p0,6,7,3,-0.4393653776640289,0.4393653776640289
so,W20p0,2,3,25,0.438977838830301,0.438977838830301
so,W10p0,8,9,6,0.4387553145698695,0.4387553145698695
thetao,W30p0,8,9,0,-0.4376696139171254,0.4376696139171254
so,W60p0,2,3,8,-0.4370567412258871,0.4370567412258871
so,W40p0,0,1,5,-0.4369537646011034,0.4369537646011034
so,W40p0,2,3,23,-0.4368956083638293,0.4368956083638293
so,W60p0,7,8,13,-0.4368841880761522,0.4368841880761522
thetao,W40p0,4,5,18,0.43651406587447406,0.43651406587447406
thetao,W30p0,9,10,10,-0.43579545257806707,0.43579545257806707
thetao,W30p0,2,3,7,0.43572544914838957,0.43572544914838957
so,W40p0,0,1,6,-0.4356786928694117,0.4356786928694117
thetao,W60p0,0,1,11,-0.4356654726022294,0.4356654726022294
so,W40p0,0,1,16,-0.4353774784326778,0.4353774784326778
so,W60p0,1,2,2,-0.4352955671124117,0.4352955671124117
thetao,W40p0,4,5,10,0.43514486154940385,0.43514486154940385
thetao,W10p0,1,2,8,-0.43489736281702374,0.43489736281702374
so,W20p0,7,8,15,-0.43477688100583756,0.43477688100583756
thetao,W20p0,9,10,23,0.4347506338179804,0.4347506338179804
thetao,W60p0,8,9,13,-0.434282643265135,0.434282643265135
so,W10p0,0,1,5,-0.43420005481948926,0.43420005481948926
so,W40p0,6,7,4,-0.434049334419428,0.434049334419428
so,W40p0,4,5,6,-0.4336389114391689,0.4336389114391689
thetao,W10p0,1,2,6,-0.433502848295261,0.433502848295261
thetao,W20p0,4,5,3,0.43288038861108125,0.43288038861108125
so,W60p0,2,3,24,-0.43242009754978905,0.43242009754978905
so,W20p0,4,5,18,0.4320461102189204,0.4320461102189204
thetao,W30p0,2,3,2,0.4319895812259858,0.4319895812259858
so,W10p0,1,2,24,-0.43165018441633124,0.43165018441633124
thetao,W60p0,2,3,1,0.4315056438220975,0.4315056438220975
so,W60p0,7,8,10,-0.43133780397406085,0.43133780397406085
thetao,W30p0,9,10,3,-0.43065155850787373,0.43065155850787373
so,W10p0,8,9,5,0.4303734092826927,0.4303734092826927
thetao,W60p0,5,6,8,-0.43036355178743063,0.43036355178743063
so,W30p0,7,8,7,0.4300926245520303,0.4300926245520303
so,W60p0,7,8,5,-0.4298813405295201,0.4298813405295201
so,W20p0,6,7,21,0.42937393821845377,0.42937393821845377
so,W20p0,1,2,0,-0.42932853700286683,0.42932853700286683
thetao,W40p0,6,7,7,0.4292085711071461,0.4292085711071461
so,W10p0,7,8,24,-0.4289478153333396,0.4289478153333396
thetao,W30p0,7,8,16,-0.42882676065310954,0.42882676065310954
thetao,W30p0,9,10,16,-0.42875219070709086,0.42875219070709086
thetao,W30p0,2,3,6,0.4287325016647751,0.4287325016647751
so,W10p0,8,9,9,0.42862738052142013,0.42862738052142013
so,W20p0,4,5,22,0.4282938133203429,0.4282938133203429
so,W30p0,7,8,17,0.42829243349206064,0.42829243349206064
so,W20p0,6,7,20,0.42814164150144124,0.42814164150144124
so,W30p0,6,7,24,-0.4278053225045894,0.4278053225045894
so,W20p0,2,3,24,0.4274767439965392,0.4274767439965392
so,W40p0,6,7,8,-0.4270820551181807,0.4270820551181807
so,W10p0,7,8,23,-0.4264968781024453,0.4264968781024453
thetao,W40p0,9,10,18,-0.42587219914382035,0.42587219914382035
thetao,W30p0,9,10,12,-0.4256231859269687,0.4256231859269687
so,W30p0,2,3,7,0.42547295229932536,0.42547295229932536
thetao,W20p0,9,10,21,0.4245472033799876,0.4245472033799876
so,W20p0,4,5,25,0.4244943588541095,0.4244943588541095
thetao,W20p0,0,1,3,0.4243686028562978,0.4243686028562978
so,W30p0,7,8,15,0.4243646985561327,0.4243646985561327
so,W30p0,7,8,14,0.42419266772934106,0.42419266772934106
so,W40p0,0,1,14,-0.4238399166712604,0.4238399166712604
thetao,W60p0,3,4,11,-0.4237773933961055,0.4237773933961055
thetao,W60p0,5,6,11,-0.4234115867378801,0.4234115867378801
so,W30p0,7,8,19,0.4232919609940641,0.4232919609940641
thetao,W60p0,3,4,13,-0.42327042208717003,0.42327042208717003
thetao,W60p0,3,4,9,-0.42298524134939947,0.42298524134939947
thetao,W20p0,7,8,2,0.42297198555190907,0.42297198555190907
thetao,W20p0,9,10,20,0.42294158185182534,0.42294158185182534
so,W20p0,6,7,0,0.42277161400084,0.42277161400084
thetao,W30p0,5,6,13,-0.42263070522791885,0.42263070522791885
so,W20p0,6,7,8,0.422560661266335,0.422560661266335
thetao,W10p0,5,6,2,-0.42236015522183534,0.42236015522183534
so,W40p0,7,8,17,-0.4223192789328267,0.4223192789328267
so,W60p0,7,8,11,-0.4220239738499394,0.4220239738499394
thetao,W20p0,9,10,19,0.4219761817479366,0.4219761817479366
so,W40p0,0,1,17,-0.42181244999397327,0.42181244999397327
so,W20p0,6,7,22,0.4217771929689281,0.4217771929689281
thetao,W30p0,9,10,13,-0.421033602371127,0.421033602371127
so,W40p0,7,8,14,-0.4209660169142079,0.4209660169142079
so,W20p0,4,5,20,0.420920789135467,0.420920789135467
thetao,W20p0,8,9,6,-0.4208346302548695,0.4208346302548695
thetao,W10p0,1,2,9,-0.42080799481514725,0.42080799481514725
thetao,W60p0,4,5,5,-0.4202547092175014,0.4202547092175014
so,W20p0,6,7,4,0.4201691336201974,0.4201691336201974
thetao,W60p0,0,1,10,-0.42012608905861093,0.42012608905861093
so,W60p0,2,3,21,-0.42005603194696783,0.42005603194696783
so,W20p0,6,7,5,0.4200074677076335,0.4200074677076335
so,W20p0,3,4,21,0.41995485621949435,0.41995485621949435
so,W10p0,1,2,23,-0.41892979469509645,0.41892979469509645
so,W30p0,6,7,14,-0.4188391573870659,0.4188391573870659
thetao,W40p0,3,4,10,0.4186567712824416,0.4186567712824416
so,W40p0,7,8,2,-0.4186476871104142,0.4186476871104142
so,W10p0,7,8,25,-0.41846563225705463,0.41846563225705463
thetao,W40p0,3,4,6,0.41813748341157014,0.41813748341157014
so,W20p0,7,8,2,-0.4178601282415125,0.4178601282415125
so,W60p0,6,7,15,-0.41668987162917875,0.41668987162917875
so,W40p0,4,5,7,-0.4166784290584218,0.4166784290584218
so,W40p0,8,9,25,0.41656508627134897,0.41656508627134897
so,W30p0,6,7,17,-0.416305451580812,0.416305451580812
so,W30p0,6,7,25,-0.41590268194251667,0.41590268194251667
thetao,W40p0,3,4,5,0.4157155527839514,0.4157155527839514
thetao,W10p0,1,2,5,-0.4154088869840573,0.4154088869840573
thetao,W10p0,3,4,12,0.41538492958727613,0.41538492958727613
so,W40p0,0,1,18,-0.41530847197136006,0.41530847197136006
so,W10p0,8,9,4,0.4150798182188233,0.4150798182188233
thetao,W20p0,8,9,16,-0.4144977338464507,0.4144977338464507
thetao,W40p0,4,5,19,0.4143790665080351,0.4143790665080351
so,W20p0,3,4,19,0.4134595628284278,0.4134595628284278
so,W40p0,6,7,6,-0.41330934938516634,0.41330934938516634
so,W40p0,2,3,25,-0.41312012826244354,0.41312012826244354
thetao,W30p0,7,8,20,-0.4130866143473224,0.4130866143473224
so,W60p0,2,3,25,-0.41292858884410105,0.41292858884410105
so,W30p0,9,10,23,-0.41237497095258296,0.41237497095258296
so,W20p0,6,7,1,0.4119741877245231,0.4119741877245231
thetao,W30p0,9,10,14,-0.41179952611026005,0.41179952611026005
so,W20p0,0,1,24,-0.41128883216208095,0.41128883216208095
so,W40p0,4,5,23,-0.41126686558993714,0.41126686558993714
so,W40p0,6,7,0,-0.41112735131145856,0.41112735131145856
thetao,W20p0,7,8,1,0.4106674210528095,0.4106674210528095
so,W10p0,8,9,3,0.4104365587463323,0.4104365587463323
so,W30p0,2,3,9,0.41024126647330567,0.41024126647330567
thetao,W40p0,9,10,17,-0.4101528057637192,0.4101528057637192
so,W20p0,8,9,7,0.4100321021866005,0.4100321021866005
thetao,W10p0,8,9,12,-0.4096672439419471,0.4096672439419471
so,W10p0,8,9,8,0.4096265507558454,0.4096265507558454
so,W40p0,5,6,1,-0.4094520407053615,0.4094520407053615
so,W40p0,4,5,22,-0.40943951974415427,0.40943951974415427
so,W20p0,7,8,1,-0.40929298073417686,0.40929298073417686
so,W60p0,7,8,12,-0.4092721809048057,0.4092721809048057
so,W30p0,7,8,21,0.40899965101249464,0.40899965101249464
thetao,W40p0,3,4,4,0.408753588225017,0.408753588225017
thetao,W30p0,9,10,22,-0.4084557621906707,0.4084557621906707
thetao,W60p0,9,10,22,-0.40756072899982604,0.40756072899982604
so,W40p0,7,8,12,-0.40695085194999653,0.40695085194999653
thetao,W60p0,3,4,12,-0.40657557288515983,0.40657557288515983
so,W30p0,2,3,10,0.40630271075623564,0.40630271075623564
thetao,W60p0,0,1,0,-0.4061264984420316,0.4061264984420316
so,W30p0,9,10,24,-0.40611910354294495,0.40611910354294495
so,W40p0,2,3,22,-0.40598057541225047,0.40598057541225047
thetao,W30p0,9,10,1,-0.4058112225001112,0.4058112225001112
thetao,W20p0,4,5,2,0.4057281298297093,0.4057281298297093
so,W60p0,8,9,13,0.4052030969291652,0.4052030969291652
thetao,W40p0,4,5,4,0.4051984086237919,0.4051984086237919
so,W30p0,2,3,4,0.40509913585682217,0.40509913585682217
thetao,W60p0,4,5,2,-0.4048609422904284,0.4048609422904284
thetao,W20p0,7,8,3,0.4043988125193271,0.4043988125193271
so,W20p0,4,5,24,0.4042770851282882,0.4042770851282882
so,W20p0,3,4,9,0.40413732248279727,0.40413732248279727
so,W10p0,1,2,22,-0.4039896401353271,0.4039896401353271
thetao,W60p0,0,1,4,-0.4039855593844526,0.4039855593844526
so,W30p0,9,10,25,-0.4039368473379089,0.4039368473379089
thetao,W30p0,9,10,2,-0.4038803892304065,0.4038803892304065
thetao,W30p0,7,8,21,-0.40348975964679634,0.40348975964679634
thetao,W40p0,8,9,19,0.40296146076175493,0.40296146076175493
thetao,W40p0,9,10,19,-0.40258334502467624,0.40258334502467624
thetao,W60p0,2,3,0,0.40224847630677896,0.40224847630677896
thetao,W40p0,9,10,14,-0.40187238141069226,0.40187238141069226
so,W20p0,3,4,24,0.4018186895871493,0.4018186895871493
so,W60p0,0,1,13,0.4017004169113111,0.4017004169113111
thetao,W30p0,6,7,14,-0.40146321400188195,0.40146321400188195
thetao,W60p0,4,5,0,-0.40143874135366375,0.40143874135366375
so,W30p0,6,7,12,-0.4011831671913363,0.4011831671913363
thetao,W40p0,4,5,3,0.4009174065891675,0.4009174065891675
thetao,W30p0,7,8,10,-0.400675843566222,0.400675843566222
thetao,W20p0,8,9,15,-0.40064605263725533,0.40064605263725533
thetao,W40p0,3,4,3,0.4005426263233568,0.4005426263233568
thetao,W40p0,3,4,8,0.40030849908650795,0.40030849908650795
thetao,W60p0,0,1,3,-0.400149638970507,0.400149638970507
so,W20p0,6,7,7,0.4000880233226551,0.4000880233226551
thetao,W10p0,3,4,11,0.40006078786848,0.40006078786848
so,W30p0,6,7,10,-0.3999052809550922,0.3999052809550922
so,W60p0,7,8,14,-0.3996238398797315,0.3996238398797315
thetao,W60p0,3,4,10,-0.39947033864043974,0.39947033864043974
so,W60p0,2,3,9,-0.39925523433843163,0.39925523433843163
so,W30p0,3,4,9,-0.39892748651537135,0.39892748651537135
so,W10p0,1,2,18,-0.3979137599399773,0.3979137599399773
so,W60p0,2,3,14,-0.3978652265582804,0.3978652265582804
so,W40p0,7,8,16,-0.3976938497255266,0.3976938497255266
so,W40p0,4,5,16,-0.39739932281711726,0.39739932281711726
so,W40p0,4,5,25,-0.3973027680891242,0.3973027680891242
thetao,W20p0,9,10,24,0.3972863126400564,0.3972863126400564
so,W30p0,6,7,16,-0.39720988438791194,0.39720988438791194
so,W30p0,6,7,20,-0.3971024768220646,0.3971024768220646
so,W60p0,8,9,11,0.39701871051495324,0.39701871051495324
so,W30p0,7,8,20,0.39695472091336875,0.39695472091336875
so,W40p0,4,5,5,-0.39664141012907683,0.39664141012907683
so,W30p0,7,8,3,0.396545759291504,0.396545759291504
thetao,W60p0,5,6,12,-0.396521893153843,0.396521893153843
so,W10p0,1,2,19,-0.396474862698185,0.396474862698185
thetao,W60p0,8,9,12,-0.39641412819778843,0.39641412819778843
thetao,W60p0,4,5,9,-0.39636160439069235,0.39636160439069235
so,W10p0,1,2,0,-0.39630967971758313,0.39630967971758313
so,W40p0,4,5,20,-0.3959529794397504,0.3959529794397504
thetao,W30p0,5,6,14,-0.3959464088015104,0.3959464088015104
so,W40p0,0,1,13,-0.3957884051453885,0.3957884051453885
thetao,W60p0,3,4,5,-0.39569199575787867,0.39569199575787867
thetao,W60p0,0,1,9,-0.39552043425372296,0.39552043425372296
so,W60p0,8,9,8,0.39529791757049687,0.39529791757049687
so,W60p0,7,8,0,-0.39446982026012656,0.39446982026012656
thetao,W40p0,3,4,1,0.3939128259407234,0.3939128259407234
so,W20p0,4,5,16,0.3934532382766197,0.3934532382766197
so,W20p0,7,8,5,-0.3932476598551239,0.3932476598551239
so,W10p0,1,2,21,-0.39304818365104405,0.39304818365104405
thetao,W30p0,2,3,1,0.3929332333080342,0.3929332333080342
so,W40p0,0,1,8,-0.3929291224405298,0.3929291224405298
thetao,W30p0,5,6,8,-0.39247189733442867,0.39247189733442867
so,W60p0,6,7,16,-0.3924692085788471,0.3924692085788471
thetao,W60p0,8,9,2,-0.39243967060003765,0.39243967060003765
so,W30p0,6,7,13,-0.3922605323129136,0.3922605323129136
so,W20p0,4,5,19,0.3922326504563129,0.3922326504563129
so,W40p0,4,5,24,-0.3920981019493665,0.3920981019493665
thetao,W20p0,4,5,1,0.3918538795543239,0.3918538795543239
so,W30p0,7,8,11,0.3917104971122673,0.3917104971122673
so,W40p0,0,1,0,-0.3909988072375253,0.3909988072375253
thetao,W10p0,7,8,25,0.39087718542317335,0.39087718542317335
so,W60p0,2,3,11,-0.3905674546526485,0.3905674546526485
so,W40p0,4,5,21,-0.39051923835331515,0.39051923835331515
so,W40p0,4,5,15,-0.3904034961938919,0.3904034961938919
so,W40p0,4,5,14,-0.3903640356011743,0.3903640356011743
so,W10p0,1,2,20,-0.3901511563716867,0.3901511563716867
so,W10p0,1,2,11,-0.38993656720245157,0.38993656720245157
thetao,W20p0,0,1,4,0.38935874156680517,0.38935874156680517
thetao,W60p0,5,6,17,-0.3891124908485277,0.3891124908485277
so,W10p0,9,10,22,-0.38904707780109293,0.38904707780109293
thetao,W20p0,9,10,25,0.3883603653806289,0.3883603653806289
so,W30p0,7,8,0,0.3883282453018922,0.3883282453018922
thetao,W10p0,8,9,13,-0.3882097288703358,0.3882097288703358
so,W20p0,8,9,4,0.3880286222126656,0.3880286222126656
so,W40p0,5,6,2,-0.38796966184505083,0.38796966184505083
so,W30p0,7,8,22,0.38773982859082917,0.38773982859082917
thetao,W60p0,0,1,5,-0.3873920521276908,0.3873920521276908
so,W10p0,9,10,23,-0.3866540197173804,0.3866540197173804
thetao,W30p0,9,10,25,-0.3863645915930996,0.3863645915930996
thetao,W60p0,5,6,22,-0.38625017217142954,0.38625017217142954
thetao,W60p0,8,9,1,-0.38484931696189184,0.38484931696189184
thetao,W40p0,4,5,8,0.38472602081920587,0.38472602081920587
thetao,W60p0,4,5,7,-0.38414790995180853,0.38414790995180853
so,W40p0,7,8,3,-0.3840944713048487,0.3840944713048487
thetao,W10p0,3,4,9,0.3835753506779269,0.3835753506779269
thetao,W40p0,3,4,9,0.38334704571004374,0.38334704571004374
so,W20p0,6,7,25,0.38312263126152685,0.38312263126152685
so,W40p0,7,8,15,-0.38297017921041804,0.38297017921041804
thetao,W10p0,1,2,4,-0.38287088787577545,0.38287088787577545
thetao,W60p0,0,1,1,-0.3828376417289884,0.3828376417289884
thetao,W60p0,5,6,18,-0.38250301735747877,0.38250301735747877
thetao,W60p0,5,6,14,-0.38243903733856177,0.38243903733856177
thetao,W10p0,3,4,10,0.3823795142119917,0.3823795142119917
thetao,W20p0,4,5,0,0.3817805301383287,0.3817805301383287
so,W60p0,3,4,11,-0.38123609715865014,0.38123609715865014
thetao,W40p0,3,4,7,0.3808440642747171,0.3808440642747171
thetao,W60p0,5,6,10,-0.38079359311982175,0.38079359311982175
so,W40p0,4,5,19,-0.38065490318677225,0.38065490318677225
so,W10p0,1,2,10,-0.3804761189472442,0.3804761189472442
so,W30p0,0,1,25,-0.38032843793914045,0.38032843793914045
so,W20p0,4,5,1,0.37971297835243145,0.37971297835243145
so,W40p0,7,8,20,-0.3796256765826886,0.3796256765826886
thetao,W60p0,0,1,2,-0.3796140425715539,0.3796140425715539
so,W40p0,0,1,11,-0.3795637373658408,0.3795637373658408
so,W40p0,7,8,4,-0.3794437308014644,0.3794437308014644
so,W10p0,1,2,1,-0.37933433930922644,0.37933433930922644
thetao,W30p0,9,10,24,-0.3792998076112095,0.3792998076112095
thetao,W60p0,0,1,7,-0.37926201929332415,0.37926201929332415
so,W60p0,8,9,6,0.3789755317659491,0.3789755317659491
so,W20p0,3,4,18,0.37885724480672345,0.37885724480672345
thetao,W20p0,0,1,2,0.37877004653377666,0.37877004653377666
thetao,W40p0,6,7,6,0.37847970434351136,0.37847970434351136
thetao,W60p0,4,5,6,-0.37843718347009403,0.37843718347009403
thetao,W60p0,0,1,6,-0.37837914534991074,0.37837914534991074
thetao,W60p0,0,1,8,-0.37580574587694937,0.37580574587694937
so,W30p0,6,7,8,-0.3757143098483218,0.3757143098483218
so,W40p0,7,8,19,-0.37439687107185293,0.37439687107185293
thetao,W30p0,9,10,23,-0.37421206525841344,0.37421206525841344
thetao,W40p0,4,5,9,0.37409516426818973,0.37409516426818973
thetao,W40p0,9,10,7,-0.3736971152446152,0.3736971152446152
so,W40p0,0,1,19,-0.373623861050775,0.373623861050775
so,W60p0,7,8,20,-0.37350756296896787,0.37350756296896787
so,W20p0,4,5,3,0.37332229990450777,0.37332229990450777
thetao,W10p0,7,8,24,0.37326721097139426,0.37326721097139426
so,W10p0,1,2,16,-0.3732035980691629,0.3732035980691629
so,W60p0,7,8,23,-0.3726048451582271,0.3726048451582271
so,W30p0,7,8,23,0.37230299456750476,0.37230299456750476
so,W10p0,9,10,21,-0.37228475241168796,0.37228475241168796
thetao,W60p0,8,9,11,-0.3722085895146035,0.3722085895146035
thetao,W10p0,3,4,8,0.3720035697542582,0.3720035697542582
so,W30p0,6,7,15,-0.37200236314901014,0.37200236314901014
so,W20p0,3,4,23,0.3719535100495871,0.3719535100495871
so,W60p0,7,8,18,-0.37169229717355706,0.37169229717355706
so,W20p0,4,5,23,0.3715547799770635,0.3715547799770635
so,W60p0,7,8,8,-0.37150430256112066,0.37150430256112066
thetao,W60p0,5,6,9,-0.3714600078893641,0.3714600078893641
so,W20p0,6,7,2,0.3712722345445933,0.3712722345445933
thetao,W30p0,0,1,1,-0.37114832845155693,0.37114832845155693
so,W20p0,6,7,6,0.3708284333443555,0.3708284333443555
so,W20p0,3,4,25,0.37066032621704,0.37066032621704
thetao,W10p0,3,4,7,0.3706141593345365,0.3706141593345365
so,W60p0,2,3,20,-0.3703353564346799,0.3703353564346799
so,W30p0,2,3,5,0.37010700602636065,0.37010700602636065
so,W20p0,4,5,6,0.37001012126905913,0.37001012126905913
so,W60p0,7,8,21,-0.3700046779073865,0.3700046779073865
so,W10p0,1,2,17,-0.36981415833965964,0.36981415833965964
thetao,W30p0,7,8,9,-0.3697651206061638,0.3697651206061638
thetao,W10p0,7,8,23,0.36915739690709803,0.36915739690709803
thetao,W40p0,3,4,2,0.3688964977757559,0.3688964977757559
so,W40p0,0,1,21,-0.36842559524673846,0.36842559524673846
so,W60p0,2,3,15,-0.3682540453245362,0.3682540453245362
so,W40p0,5,6,6,-0.36804021943546517,0.36804021943546517
so,W30p0,6,7,19,-0.36765187471713817,0.36765187471713817
thetao,W40p0,8,9,23,0.3671203289133563,0.3671203289133563
so,W40p0,0,1,12,-0.36707639167390277,0.36707639167390277
so,W60p0,5,6,11,0.36563150786960613,0.36563150786960613
thetao,W30p0,6,7,13,-0.36549834430807965,0.36549834430807965
so,W40p0,5,6,5,-0.36546793100542074,0.36546793100542074
so,W30p0,6,7,0,-0.36546534121276286,0.36546534121276286
so,W10p0,1,2,9,-0.36535472553151555,0.36535472553151555
so,W30p0,6,7,4,-0.3641917476418558,0.3641917476418558
so,W30p0,9,10,22,-0.3638018232919491,0.3638018232919491
thetao,W60p0,5,6,13,-0.3634074835167433,0.3634074835167433
thetao,W20p0,7,8,4,0.363043326962507,0.363043326962507
thetao,W60p0,4,5,8,-0.36284787341396163,0.36284787341396163
thetao,W20p0,0,1,5,0.36269859571684154,0.36269859571684154
so,W60p0,7,8,15,-0.36264686111079597,0.36264686111079597
thetao,W40p0,6,7,5,0.3625837375182699,0.3625837375182699
thetao,W10p0,7,8,22,0.3625118964264913,0.3625118964264913
thetao,W30p0,0,1,2,-0.362349494761566,0.362349494761566
thetao,W30p0,5,6,7,-0.36223661373018945,0.36223661373018945
so,W60p0,7,8,17,-0.36202961778040044,0.36202961778040044
so,W30p0,6,7,23,-0.3616335585583292,0.3616335585583292
thetao,W20p0,0,1,12,0.36088632463036746,0.36088632463036746
so,W30p0,5,6,5,0.3607680978161181,0.3607680978161181
so,W60p0,8,9,9,0.3606645099636549,0.3606645099636549
so,W10p0,0,1,6,-0.3605940545335162,0.3605940545335162
so,W40p0,0,1,7,-0.3604708339288849,0.3604708339288849
thetao,W10p0,5,6,3,-0.3602883320809722,0.3602883320809722
so,W10p0,1,2,2,-0.36028200173878117,0.36028200173878117
so,W10p0,8,9,2,0.35985868976525953,0.35985868976525953
so,W20p0,0,1,23,-0.35974691981989176,0.35974691981989176
so,W60p0,7,8,7,-0.3596826711647207,0.3596826711647207
thetao,W30p0,0,1,5,-0.35957653945580637,0.35957653945580637
so,W40p0,7,8,18,-0.3594991531684361,0.3594991531684361
so,W30p0,3,4,10,-0.3594568719005939,0.3594568719005939
so,W40p0,6,7,2,-0.35926922678966294,0.35926922678966294
thetao,W40p0,9,10,11,-0.3590814055551483,0.3590814055551483
thetao,W40p0,8,9,18,0.35895384824392484,0.35895384824392484
thetao,W60p0,9,10,25,-0.35884425548018734,0.35884425548018734
thetao,W30p0,7,8,15,-0.3586913381994823,0.3586913381994823
so,W60p0,5,6,10,0.358553799866878,0.358553799866878
thetao,W40p0,4,5,5,0.3585048698431186,0.3585048698431186
thetao,W40p0,7,8,0,-0.35841855797465266,0.35841855797465266
so,W60p0,5,6,8,0.3581468390761496,0.3581468390761496
so,W30p0,6,7,11,-0.3581176134853601,0.3581176134853601
so,W20p0,0,1,21,-0.35799052585166863,0.35799052585166863
so,W40p0,0,1,10,-0.35787931720712707,0.35787931720712707
thetao,W60p0,8,9,6,-0.35773621372535097,0.35773621372535097
so,W10p0,0,1,7,-0.3571113732227727,0.3571113732227727
so,W40p0,0,1,9,-0.3568958254604796,0.3568958254604796
thetao,W10p0,3,4,6,0.35686495188613804,0.35686495188613804
so,W30p0,5,6,0,0.3568544889750242,0.3568544889750242
so,W10p0,9,10,18,-0.3564183504031912,0.3564183504031912
thetao,W40p0,9,10,6,-0.35625043346758656,0.35625043346758656
so,W60p0,0,1,14,0.3562084618363845,0.3562084618363845
thetao,W20p0,0,1,8,0.3560484149192167,0.3560484149192167
so,W10p0,1,2,15,-0.355901428419341,0.355901428419341
thetao,W30p0,0,1,0,-0.3558458153992907,0.3558458153992907
so,W60p0,6,7,19,-0.35557191494376295,0.35557191494376295
so,W20p0,3,4,22,0.355181624376547,0.355181624376547
so,W20p0,6,7,3,0.35503349763390696,0.35503349763390696
thetao,W20p0,3,4,17,0.35463867738740174,0.35463867738740174
so,W60p0,3,4,15,-0.35458674415117025,0.35458674415117025
thetao,W60p0,5,6,16,-0.3542969416059962,0.3542969416059962
so,W60p0,7,8,24,-0.3538104937568277,0.3538104937568277
so,W20p0,8,9,3,0.35334978682692925,0.35334978682692925
so,W40p0,7,8,0,-0.3529435326402837,0.3529435326402837
so,W30p0,3,4,8,-0.3528331219312718,0.3528331219312718
so,W10p0,1,2,12,-0.3522824035584886,0.3522824035584886
thetao,W20p0,9,10,18,0.351697539154274,0.351697539154274
so,W60p0,7,8,19,-0.3512761777845826,0.3512761777845826
so,W60p0,3,4,12,-0.35121758629469524,0.35121758629469524
so,W40p0,8,9,18,0.3511307760793437,0.3511307760793437
so,W10p0,9,10,20,-0.3506133076300742,0.3506133076300742
so,W10p0,0,1,8,-0.3502140758385615,0.3502140758385615
so,W30p0,6,7,22,-0.3501856500076188,0.3501856500076188
so,W60p0,5,6,9,0.35015537803934066,0.35015537803934066
so,W60p0,5,6,7,0.34981873014427173,0.34981873014427173
thetao,W40p0,8,9,17,0.34978193852371053,0.34978193852371053
so,W20p0,4,5,2,0.3496236741817583,0.3496236741817583
so,W40p0,5,6,4,-0.349397936368681,0.349397936368681
thetao,W40p0,4,5,7,0.34918595811045094,0.34918595811045094
so,W20p0,0,1,20,-0.3488718907575047,0.3488718907575047
so,W40p0,5,6,0,-0.34790244077215493,0.34790244077215493
thetao,W60p0,3,4,1,-0.34744457722538835,0.34744457722538835
thetao,W60p0,8,9,0,-0.34738249864310883,0.34738249864310883
so,W20p0,0,1,22,-0.34728430649827297,0.34728430649827297
so,W40p0,0,1,20,-0.3468486828002836,0.3468486828002836
so,W30p0,6,7,3,-0.34675105868005524,0.34675105868005524
thetao,W20p0,0,1,13,0.346474872436984,0.346474872436984
thetao,W40p0,9,10,10,-0.3464444076634885,0.3464444076634885
thetao,W60p0,5,6,25,-0.34625547555028713,0.34625547555028713
thetao,W20p0,0,1,7,0.3462415435375404,0.3462415435375404
so,W40p0,4,5,17,-0.3461365625150439,0.3461365625150439
thetao,W60p0,8,9,5,-0.34598787404016795,0.34598787404016795
thetao,W60p0,9,10,24,-0.3456776201806804,0.3456776201806804
thetao,W40p0,8,9,20,0.34519000806268874,0.34519000806268874
so,W60p0,7,8,9,-0.34487708668717065,0.34487708668717065
so,W40p0,0,1,23,-0.34477586029169005,0.34477586029169005
so,W60p0,2,3,7,-0.3446443123743381,0.3446443123743381
so,W10p0,9,10,24,-0.3446261797774363,0.3446261797774363
thetao,W20p0,0,1,6,0.34367402052225277,0.34367402052225277
so,W40p0,7,8,21,-0.34356035692649384,0.34356035692649384
so,W40p0,4,5,4,-0.34339341371369436,0.34339341371369436
thetao,W20p0,3,4,16,0.3433257145009028,0.3433257145009028
thetao,W20p0,0,1,11,0.3432397694691061,0.3432397694691061
so,W40p0,4,5,3,-0.3424103113303366,0.3424103113303366
thetao,W60p0,8,9,8,-0.3422827323742185,0.3422827323742185
so,W30p0,6,7,21,-0.34198374524103947,0.34198374524103947
so,W10p0,1,2,14,-0.34192216386124347,0.34192216386124347
thetao,W10p0,1,2,3,-0.34181246409557625,0.34181246409557625
thetao,W60p0,8,9,10,-0.341775538445433,0.341775538445433
thetao,W10p0,8,9,14,-0.34057441476520267,0.34057441476520267
so,W10p0,1,2,6,-0.3404161510936916,0.3404161510936916
so,W40p0,1,2,25,-0.34005104203893155,0.34005104203893155
so,W60p0,7,8,22,-0.3398968708686537,0.3398968708686537
so,W40p0,6,7,1,-0.3398803624461823,0.3398803624461823
so,W60p0,8,9,7,0.3397877254102286,0.3397877254102286
so,W40p0,4,5,18,-0.3396292456749863,0.3396292456749863
so,W60p0,2,3,19,-0.33960350121819777,0.33960350121819777
so,W10p0,1,2,4,-0.3393406827976657,0.3393406827976657
thetao,W60p0,3,4,0,-0.3392324027192259,0.3392324027192259
thetao,W30p0,0,1,6,-0.33905303313327906,0.33905303313327906
thetao,W40p0,8,9,21,0.3389941575259446,0.3389941575259446
so,W60p0,2,3,16,-0.338879060109933,0.338879060109933
thetao,W60p0,3,4,2,-0.3388354391957905,0.3388354391957905
so,W10p0,1,2,7,-0.33879469406346246,0.33879469406346246
so,W40p0,7,8,11,-0.3385601885087061,0.3385601885087061
so,W40p0,8,9,20,0.3385503452632546,0.3385503452632546
so,W60p0,8,9,3,0.33850968775645646,0.33850968775645646
so,W30p0,6,7,6,-0.3384819581469625,0.3384819581469625
so,W10p0,1,2,3,-0.33835247496791043,0.33835247496791043
thetao,W40p0,6,7,4,0.3379545991816401,0.3379545991816401
thetao,W30p0,0,1,4,-0.3371842354472082,0.3371842354472082
so,W40p0,7,8,5,-0.3369898916042792,0.3369898916042792
so,W10p0,1,2,8,-0.3369112408026432,0.3369112408026432
thetao,W20p0,8,9,17,-0.33656707584593737,0.33656707584593737
so,W40p0,7,8,7,-0.33653741456696246,0.33653741456696246
thetao,W60p0,8,9,7,-0.33644920954610935,0.33644920954610935
thetao,W60p0,8,9,3,-0.3364387121951184,0.3364387121951184
so,W40p0,5,6,3,-0.3358397582961383,0.3358397582961383
so,W10p0,0,1,12,-0.3357253886431725,0.3357253886431725
so,W10p0,5,6,21,-0.3356716153706614,0.3356716153706614
thetao,W20p0,3,4,3,0.33561355602635173,0.33561355602635173
thetao,W60p0,5,6,24,-0.3355439217495442,0.3355439217495442
so,W10p0,1,2,5,-0.3351972260270598,0.3351972260270598
so,W60p0,8,9,4,0.33513587184159827,0.33513587184159827
so,W20p0,8,9,2,0.33467687090345477,0.33467687090345477
so,W40p0,7,8,6,-0.3346319975089664,0.3346319975089664
so,W40p0,0,1,22,-0.3345257398547354,0.3345257398547354
so,W60p0,3,4,19,-0.334498059917249,0.334498059917249
thetao,W40p0,8,9,24,0.33422840177970187,0.33422840177970187
thetao,W20p0,3,4,18,0.3342006065922877,0.3342006065922877
so,W60p0,5,6,12,0.33378589010123844,0.33378589010123844
thetao,W10p0,5,6,4,-0.3331998543271803,0.3331998543271803
so,W40p0,8,9,17,0.33296515631675144,0.33296515631675144
so,W30p0,5,6,1,0.3328456025761826,0.3328456025761826
so,W60p0,8,9,10,0.3325021554891629,0.3325021554891629
so,W60p0,3,4,18,-0.3324424922684241,0.3324424922684241
so,W60p0,8,9,5,0.33233506434683546,0.33233506434683546
so,W20p0,1,2,1,-0.3323157651501294,0.3323157651501294
thetao,W10p0,5,6,6,-0.33226444799033933,0.33226444799033933
so,W60p0,3,4,10,-0.33219956660601047,0.33219956660601047
thetao,W60p0,8,9,9,-0.3321712368550619,0.3321712368550619
thetao,W20p0,3,4,15,0.3319822862831406,0.3319822862831406
so,W30p0,6,7,9,-0.3319485032663669,0.3319485032663669
thetao,W40p0,9,10,12,-0.3309973573964598,0.3309973573964598
so,W30p0,6,7,18,-0.3309963067288658,0.3309963067288658
so,W40p0,8,9,15,0.33094263942877056,0.33094263942877056
thetao,W40p0,9,10,8,-0.3306396237946805,0.3306396237946805
so,W30p0,0,1,24,-0.33048598392978584,0.33048598392978584
thetao,W60p0,3,4,4,-0.33024021800772113,0.33024021800772113
so,W60p0,7,8,6,-0.3300517971951671,0.3300517971951671
so,W10p0,9,10,19,-0.3299211907015987,0.3299211907015987
thetao,W30p0,2,3,0,0.32990782863326906,0.32990782863326906
so,W10p0,1,2,13,-0.3298545262232643,0.3298545262232643
so,W20p0,6,7,24,0.32961572490357427,0.32961572490357427
so,W10p0,5,6,25,-0.3293697663850464,0.3293697663850464
thetao,W40p0,9,10,13,-0.3291577354093438,0.3291577354093438
so,W60p0,6,7,14,-0.3291055921912767,0.3291055921912767
so,W30p0,9,10,21,-0.32888078613423005,0.32888078613423005
thetao,W20p0,0,1,10,0.3288164142242705,0.3288164142242705
so,W60p0,7,8,16,-0.3287682143199207,0.3287682143199207
so,W60p0,2,3,10,-0.32818359998353164,0.32818359998353164
thetao,W30p0,0,1,3,-0.3280820900031744,0.3280820900031744
thetao,W20p0,3,4,13,0.3280797231677117,0.3280797231677117
thetao,W30p0,7,8,11,-0.3276993243535196,0.3276993243535196
thetao,W40p0,9,10,9,-0.3276478701842,0.3276478701842
thetao,W40p0,9,10,20,-0.3273932493146191,0.3273932493146191
so,W30p0,5,6,4,0.3273821445680017,0.3273821445680017
thetao,W20p0,0,1,20,0.32724574159394915,0.32724574159394915
so,W30p0,5,6,7,0.3267430351156802,0.3267430351156802
so,W60p0,8,9,2,0.32671804903152557,0.32671804903152557
so,W40p0,8,9,16,0.3264481796466331,0.3264481796466331
so,W40p0,7,8,25,-0.3264444553279745,0.3264444553279745
so,W10p0,0,1,9,-0.32627429889120535,0.32627429889120535
so,W10p0,0,1,11,-0.32602128573279204,0.32602128573279204
so,W40p0,0,1,24,-0.32597637710083976,0.32597637710083976
thetao,W10p0,1,2,2,-0.3259347441335278,0.3259347441335278
so,W30p0,2,3,8,0.3258513411461494,0.3258513411461494
thetao,W60p0,5,6,20,-0.32544655798074956,0.32544655798074956
thetao,W10p0,5,6,8,-0.32544025307161534,0.32544025307161534
so,W60p0,7,8,25,-0.3254148220109005,0.3254148220109005
so,W20p0,4,5,0,0.3253166454990199,0.3253166454990199
thetao,W30p0,0,1,11,-0.32492037972612686,0.32492037972612686
so,W40p0,3,4,0,-0.32467232203658675,0.32467232203658675
thetao,W30p0,0,1,12,-0.32451128566041904,0.32451128566041904
thetao,W10p0,4,5,0,0.3241197617771897,0.3241197617771897
so,W10p0,0,1,10,-0.3237200021942067,0.3237200021942067
thetao,W30p0,6,7,12,-0.32355193678456146,0.32355193678456146
thetao,W60p0,5,6,21,-0.3235471769153193,0.3235471769153193
thetao,W40p0,8,9,16,0.3235457140955215,0.3235457140955215
thetao,W40p0,3,4,0,0.32345313442373375,0.32345313442373375
so,W20p0,6,7,23,0.3230951830634205,0.3230951830634205
thetao,W40p0,5,6,13,0.32295805133633637,0.32295805133633637
thetao,W20p0,0,1,21,0.3225515795273941,0.3225515795273941
thetao,W30p0,7,8,14,-0.3225480696666623,0.3225480696666623
thetao,W30p0,7,8,12,-0.3224179359766313,0.3224179359766313
thetao,W40p0,4,5,6,0.32235420939703774,0.32235420939703774
so,W20p0,0,1,19,-0.3223128588045781,0.3223128588045781
thetao,W20p0,3,4,14,0.3219069164729961,0.3219069164729961
so,W30p0,6,7,5,-0.3218241853130396,0.3218241853130396
thetao,W20p0,7,8,5,0.32172617468430365,0.32172617468430365
so,W40p0,7,8,10,-0.32172511329140624,0.32172511329140624
thetao,W20p0,0,1,1,0.32088111901681216,0.32088111901681216
thetao,W60p0,5,6,19,-0.3206250321935555,0.3206250321935555
thetao,W30p0,6,7,6,-0.3204773801968211,0.3204773801968211
thetao,W10p0,5,6,9,-0.3197375153346238,0.3197375153346238
so,W40p0,7,8,8,-0.31938787640301747,0.31938787640301747
so,W10p0,5,6,23,-0.319266708484445,0.319266708484445
so,W60p0,2,3,18,-0.3186568594636058,0.3186568594636058
thetao,W40p0,8,9,22,0.31817594412545613,0.31817594412545613
thetao,W30p0,5,6,15,-0.31808881051668925,0.31808881051668925
so,W60p0,0,1,15,0.31789804433943986,0.31789804433943986
thetao,W40p0,9,10,5,-0.31784317289185793,0.31784317289185793
so,W30p0,7,8,2,0.31761046236174,0.31761046236174
thetao,W20p0,0,1,9,0.31636920582207895,0.31636920582207895
so,W20p0,5,6,9,0.31611535148499864,0.31611535148499864
thetao,W10p0,1,2,1,-0.31606394271409444,0.31606394271409444
thetao,W30p0,6,7,11,-0.3157424170133575,0.3157424170133575
so,W60p0,5,6,0,0.31547346187265,0.31547346187265
thetao,W20p0,3,4,2,0.3152639955227185,0.3152639955227185
thetao,W20p0,0,1,14,0.314954770828169,0.314954770828169
so,W30p0,5,6,8,0.3147355442130204,0.3147355442130204
thetao,W60p0,9,10,23,-0.31464218097497476,0.31464218097497476
so,W10p0,5,6,22,-0.3145522823056608,0.3145522823056608
so,W40p0,0,1,25,-0.3143385125156387,0.3143385125156387
so,W30p0,7,8,18,0.31397680261454186,0.31397680261454186
thetao,W60p0,8,9,4,-0.3139590324942257,0.3139590324942257
thetao,W40p0,9,10,25,-0.3138578853611145,0.3138578853611145
thetao,W10p0,5,6,7,-0.31352853506357375,0.31352853506357375
thetao,W40p0,9,10,23,-0.313453442552976,0.313453442552976
thetao,W40p0,5,6,14,0.31339965349536497,0.31339965349536497
thetao,W30p0,5,6,24,-0.3132061343783432,0.3132061343783432
so,W60p0,3,4,13,-0.3130580247947029,0.3130580247947029
so,W20p0,5,6,11,0.31281254006967124,0.31281254006967124
so,W40p0,7,8,23,-0.31267796176999857,0.31267796176999857
so,W10p0,9,10,17,-0.3122046490790756,0.3122046490790756
so,W30p0,3,4,11,-0.3121016516712819,0.3121016516712819
thetao,W20p0,0,1,23,0.31133908826086454,0.31133908826086454
so,W60p0,6,7,13,-0.3112419821109543,0.3112419821109543
so,W20p0,8,9,1,0.3111792132428889,0.3111792132428889
so,W40p0,7,8,24,-0.31109144353870233,0.31109144353870233
thetao,W40p0,4,5,1,0.3110005280800524,0.3110005280800524
thetao,W30p0,0,1,13,-0.3107736821493469,0.3107736821493469
thetao,W40p0,9,10,0,-0.31054272670037164,0.31054272670037164
thetao,W30p0,0,1,14,-0.3095104749319654,0.3095104749319654
so,W20p0,5,6,2,0.30901970411653273,0.30901970411653273
so,W60p0,2,3,6,-0.3085656187281733,0.3085656187281733
so,W60p0,4,5,1,-0.30842475246803835,0.30842475246803835
thetao,W40p0,4,5,2,0.3077806068788912,0.3077806068788912
thetao,W10p0,3,4,5,0.30721108233670835,0.30721108233670835
thetao,W30p0,6,7,8,-0.30694177798542005,0.30694177798542005
thetao,W60p0,3,4,3,-0.30635399434859456,0.30635399434859456
so,W60p0,3,4,22,-0.3050845111238431,0.3050845111238431
so,W60p0,5,6,6,0.3049709336417363,0.3049709336417363
so,W60p0,3,4,7,-0.30492756147322647,0.30492756147322647
thetao,W20p0,0,1,24,0.30453610931046504,0.30453610931046504
thetao,W30p0,6,7,7,-0.30368471723473317,0.30368471723473317
thetao,W10p0,5,6,5,-0.3028373402416223,0.3028373402416223
so,W10p0,0,1,13,-0.30250352009401676,0.30250352009401676
thetao,W10p0,5,6,10,-0.3024610368479869,0.3024610368479869
thetao,W10p0,1,2,0,-0.30233730773066747,0.30233730773066747
thetao,W20p0,7,8,6,0.30188950801962916,0.30188950801962916
thetao,W20p0,0,1,19,0.3014235955655625,0.3014235955655625
thetao,W20p0,7,8,0,0.3008102134965691,0.3008102134965691
so,W10p0,0,1,14,-0.3005496633763616,0.3005496633763616
thetao,W30p0,5,6,20,-0.3003089867504176,0.3003089867504176
thetao,W30p0,7,8,7,-0.2998964616557948,0.2998964616557948
so,W10p0,9,10,16,-0.29961238545114227,0.29961238545114227
thetao,W40p0,9,10,4,-0.29950251613389894,0.29950251613389894
thetao,W20p0,3,4,1,0.2991875733375217,0.2991875733375217
thetao,W30p0,0,1,15,-0.2989972939327559,0.2989972939327559
thetao,W40p0,6,7,3,0.29867498469511566,0.29867498469511566
so,W40p0,7,8,22,-0.2986026228699938,0.2986026228699938
thetao,W30p0,5,6,16,-0.29830699252688847,0.29830699252688847
thetao,W40p0,4,5,0,0.29798655226262294,0.29798655226262294
so,W20p0,5,6,0,0.29796015155420985,0.29796015155420985
so,W60p0,3,4,6,-0.29751986113194306,0.29751986113194306
thetao,W30p0,5,6,25,-0.2973298855649576,0.2973298855649576
thetao,W20p0,3,4,12,0.2969403159222605,0.2969403159222605
so,W20p0,5,6,10,0.296832344982558,0.296832344982558
thetao,W30p0,5,6,23,-0.2968235093450224,0.2968235093450224
thetao,W40p0,5,6,12,0.29675971656110434,0.29675971656110434
thetao,W20p0,3,4,20,0.29672124422498686,0.29672124422498686
so,W20p0,1,2,6,-0.29662088850126783,0.29662088850126783
so,W30p0,0,1,23,-0.2960061675275183,0.2960061675275183
thetao,W30p0,0,1,7,-0.29600239836796793,0.29600239836796793
so,W60p0,3,4,14,-0.2959498316430789,0.2959498316430789
thetao,W20p0,3,4,4,0.29532204974731485,0.29532204974731485
so,W30p0,5,6,6,0.2944466907124884,0.2944466907124884
so,W40p0,7,8,9,-0.29439740384919033,0.29439740384919033
so,W20p0,0,1,18,-0.2943825501483516,0.2943825501483516
thetao,W30p0,5,6,21,-0.2943570902353977,0.2943570902353977
so,W10p0,8,9,0,0.2942429986213761,0.2942429986213761
thetao,W40p0,9,10,24,-0.2940028816637692,0.2940028816637692
so,W60p0,2,3,17,-0.2937869949707473,0.2937869949707473
so,W60p0,5,6,1,0.2933375758080196,0.2933375758080196
so,W20p0,5,6,12,0.2925572602097743,0.2925572602097743
thetao,W30p0,0,1,10,-0.29254178098620487,0.29254178098620487
thetao,W30p0,6,7,10,-0.2924439343245525,0.2924439343245525
thetao,W20p0,0,1,18,0.29216348757899585,0.29216348757899585
so,W20p0,1,2,5,-0.29156539425848604,0.29156539425848604
thetao,W40p0,9,10,22,-0.29132800640893647,0.29132800640893647
so,W10p0,5,6,20,-0.29114629534091935,0.29114629534091935
so,W30p0,7,8,1,0.2908846105391767,0.2908846105391767
so,W40p0,8,9,22,0.2908825102219253,0.2908825102219253
thetao,W30p0,6,7,9,-0.2906431259712084,0.2906431259712084
thetao,W30p0,7,8,13,-0.2903123464363594,0.2903123464363594
so,W60p0,3,4,17,-0.29021232705073835,0.29021232705073835
so,W40p0,8,9,19,0.2901522046589291,0.2901522046589291
so,W20p0,0,1,17,-0.28989708284921495,0.28989708284921495
thetao,W30p0,5,6,4,-0.28969252139608875,0.28969252139608875
thetao,W20p0,3,4,21,0.28968932647365725,0.28968932647365725
thetao,W10p0,8,9,15,-0.28958311551885096,0.28958311551885096
so,W20p0,0,1,11,-0.28945531131497915,0.28945531131497915
thetao,W30p0,7,8,0,-0.2894169797813404,0.2894169797813404
thetao,W10p0,7,8,21,0.2893855538799257,0.2893855538799257
thetao,W40p0,0,1,1,-0.2884982052702663,0.2884982052702663
so,W40p0,8,9,11,0.2883861844880762,0.2883861844880762
so,W60p0,6,7,11,-0.2881927189145345,0.2881927189145345
thetao,W40p0,5,6,8,0.28808250043812833,0.28808250043812833
thetao,W60p0,5,6,23,-0.28755416803627604,0.28755416803627604
thetao,W20p0,9,10,15,0.2874790070027824,0.2874790070027824
thetao,W30p0,9,10,0,-0.287253347167582,0.287253347167582
thetao,W30p0,0,1,8,-0.2866859769013712,0.2866859769013712
so,W60p0,3,4,16,-0.286510051192323,0.286510051192323
thetao,W30p0,6,7,5,-0.2864006719540118,0.2864006719540118
so,W60p0,8,9,1,0.28631990270397545,0.28631990270397545
so,W10p0,8,9,1,0.28599499346106944,0.28599499346106944
thetao,W20p0,0,1,22,0.28596860194915513,0.28596860194915513
so,W20p0,5,6,1,0.28521485383129536,0.28521485383129536
thetao,W20p0,0,1,17,0.2852038785857288,0.2852038785857288
thetao,W40p0,5,6,15,0.28497771602481153,0.28497771602481153
thetao,W40p0,8,9,25,0.2848223674883567,0.2848223674883567
thetao,W30p0,5,6,0,-0.2846700603645987,0.2846700603645987
thetao,W20p0,9,10,16,0.2845171157539368,0.2845171157539368
thetao,W30p0,7,8,8,-0.284057437285089,0.284057437285089
so,W60p0,9,10,2,-0.28403022557474317,0.28403022557474317
thetao,W40p0,9,10,3,-0.2835210246478595,0.2835210246478595
so,W40p0,4,5,2,-0.2834045751765038,0.2834045751765038
so,W60p0,9,10,1,-0.28319908523088183,0.28319908523088183
so,W60p0,9,10,15,-0.28317373704626303,0.28317373704626303
so,W40p0,1,2,24,-0.2828432364514199,0.2828432364514199
thetao,W40p0,8,9,15,0.2820761784762481,0.2820761784762481
so,W10p0,0,1,15,-0.282066725169335,0.282066725169335
so,W60p0,4,5,2,-0.28178164903263564,0.28178164903263564
so,W60p0,9,10,6,-0.28175159467790317,0.28175159467790317
so,W30p0,2,3,11,0.28171405440828373,0.28171405440828373
so,W30p0,5,6,3,0.2813125930459325,0.2813125930459325
so,W10p0,9,10,25,-0.2812333939234907,0.2812333939234907
thetao,W20p0,0,1,15,0.27985345937649453,0.27985345937649453
so,W20p0,5,6,23,0.2794092933766487,0.2794092933766487
so,W60p0,5,6,5,0.27867020537435944,0.27867020537435944
thetao,W30p0,5,6,5,-0.2782775419662863,0.2782775419662863
thetao,W40p0,5,6,11,0.27793986564069734,0.27793986564069734
so,W20p0,0,1,16,-0.27745777842551994,0.27745777842551994
thetao,W30p0,7,8,6,-0.2774203734327141,0.2774203734327141
so,W30p0,0,1,21,-0.2772056024666425,0.2772056024666425
thetao,W30p0,5,6,3,-0.27707359108172813,0.27707359108172813
so,W30p0,0,1,22,-0.27539136503226885,0.27539136503226885
so,W10p0,5,6,24,-0.27480933250498457,0.27480933250498457
thetao,W30p0,5,6,22,-0.27432716663707035,0.27432716663707035
thetao,W40p0,0,1,0,-0.27377539527154177,0.27377539527154177
so,W60p0,5,6,2,0.27194565979457064,0.27194565979457064
thetao,W30p0,5,6,6,-0.27177854267812424,0.27177854267812424
thetao,W30p0,0,1,9,-0.27169074553866707,0.27169074553866707
so,W10p0,6,7,15,-0.2715206437973135,0.2715206437973135
thetao,W40p0,5,6,21,0.27113427529793255,0.27113427529793255
so,W20p0,8,9,0,0.27068034668598584,0.27068034668598584
so,W20p0,0,1,14,-0.27049445523101584,0.27049445523101584
thetao,W20p0,0,1,25,0.2699100187305051,0.2699100187305051
so,W10p0,5,6,11,-0.2698456741387423,0.2698456741387423
so,W20p0,0,1,10,-0.2690730846865787,0.2690730846865787
so,W40p0,5,6,8,-0.26805989638404254,0.26805989638404254
so,W60p0,9,10,4,-0.26801430076994376,0.26801430076994376
so,W60p0,2,3,4,-0.267716868839262,0.267716868839262
so,W30p0,0,1,20,-0.26729677373536803,0.26729677373536803
so,W40p0,8,9,23,0.2670638285140771,0.2670638285140771
so,W20p0,0,1,15,-0.26700977166585044,0.26700977166585044
thetao,W20p0,7,8,15,0.26700107164800396,0.26700107164800396
so,W20p0,0,1,12,-0.2669191892555433,0.2669191892555433
thetao,W30p0,7,8,5,-0.265956441474826,0.265956441474826
so,W60p0,3,4,8,-0.2658919484766607,0.2658919484766607
so,W20p0,5,6,18,0.2658909106491751,0.2658909106491751
so,W30p0,6,7,2,-0.26546435071152147,0.26546435071152147
thetao,W40p0,9,10,2,-0.2648311160288883,0.2648311160288883
so,W40p0,8,9,21,0.26474579576132323,0.26474579576132323
thetao,W40p0,9,10,21,-0.2647380960857215,0.2647380960857215
so,W60p0,2,3,5,-0.2640957742557567,0.2640957742557567
thetao,W20p0,0,1,16,0.26404973511413404,0.26404973511413404
so,W20p0,5,6,19,0.26382003107934593,0.26382003107934593
so,W40p0,8,9,24,0.2636202450972816,0.2636202450972816
thetao,W20p0,3,4,19,0.2635532128814951,0.2635532128814951
thetao,W20p0,7,8,18,0.26333888615405077,0.26333888615405077
so,W20p0,1,2,2,-0.2633238759578336,0.2633238759578336
so,W30p0,5,6,2,0.2627807153564073,0.2627807153564073
so,W60p0,3,4,24,-0.2626252255192087,0.2626252255192087
so,W60p0,2,3,3,-0.26254447387094915,0.26254447387094915
so,W60p0,3,4,25,-0.262342571541345,0.262342571541345
so,W30p0,2,3,12,0.2616712518517611,0.2616712518517611
so,W40p0,5,6,7,-0.2612146617453989,0.2612146617453989
thetao,W20p0,9,10,17,0.2611368948166732,0.2611368948166732
thetao,W40p0,9,10,1,-0.26110559615154366,0.26110559615154366
so,W60p0,9,10,8,-0.2589409679031146,0.2589409679031146
so,W30p0,3,4,12,-0.25855131046214175,0.25855131046214175
so,W20p0,5,6,13,0.2581746845064883,0.2581746845064883
so,W60p0,5,6,3,0.2572581794324616,0.2572581794324616
so,W60p0,6,7,8,-0.25710699777860063,0.25710699777860063
thetao,W20p0,3,4,11,0.25568633729211454,0.25568633729211454
thetao,W10p0,8,9,16,-0.25532485051171866,0.25532485051171866
thetao,W30p0,5,6,19,-0.2546014552231896,0.2546014552231896
thetao,W10p0,5,6,11,-0.2543733656343039,0.2543733656343039
thetao,W20p0,7,8,17,0.2530697372703194,0.2530697372703194
thetao,W30p0,5,6,2,-0.253043311246179,0.253043311246179
thetao,W10p0,7,8,19,0.25281439920075516,0.25281439920075516
so,W30p0,9,10,18,-0.2525540568418865,0.2525540568418865
thetao,W20p0,3,4,5,0.25213532423357626,0.25213532423357626
so,W60p0,6,7,10,-0.2516243048867827,0.2516243048867827
thetao,W30p0,0,1,16,-0.2515892227774361,0.2515892227774361
so,W60p0,2,3,2,-0.251293244193956,0.251293244193956
so,W60p0,9,10,5,-0.2512287597005652,0.2512287597005652
thetao,W10p0,3,4,4,0.2511068775535534,0.2511068775535534
so,W60p0,4,5,4,-0.25109518754398924,0.25109518754398924
thetao,W30p0,0,1,22,-0.25103456685697706,0.25103456685697706
so,W60p0,6,7,7,-0.25096697255857625,0.25096697255857625
so,W10p0,0,1,16,-0.25083717202978456,0.25083717202978456
thetao,W40p0,5,6,20,0.250763563225713,0.250763563225713
so,W60p0,9,10,11,-0.2505049983572857,0.2505049983572857
thetao,W30p0,6,7,4,-0.25016193982128365,0.25016193982128365
so,W40p0,8,9,14,0.2501498135820465,0.2501498135820465
so,W60p0,4,5,5,-0.25013833670705904,0.25013833670705904
so,W40p0,1,2,23,-0.250029535700434,0.250029535700434
so,W60p0,9,10,14,-0.24981930709492337,0.24981930709492337
so,W20p0,5,6,8,0.24904660883871038,0.24904660883871038
so,W20p0,5,6,22,0.2490119892688544,0.2490119892688544
so,W10p0,9,10,15,-0.24818008140849754,0.24818008140849754
so,W60p0,5,6,4,0.2481213317146495,0.2481213317146495
thetao,W30p0,0,1,21,-0.24661530263441264,0.24661530263441264
so,W40p0,1,2,22,-0.24647554456038423,0.24647554456038423
thetao,W30p0,5,6,17,-0.24589375578769723,0.24589375578769723
so,W30p0,0,1,18,-0.24528123184993683,0.24528123184993683
so,W30p0,9,10,20,-0.24371362209550437,0.24371362209550437
so,W30p0,3,4,5,-0.24349150934458058,0.24349150934458058
thetao,W30p0,0,1,17,-0.24328942670073525,0.24328942670073525
so,W10p0,9,10,13,-0.2432399152575987,0.2432399152575987
thetao,W30p0,6,7,1,-0.24310801319897168,0.24310801319897168
so,W40p0,4,5,0,-0.2428673387204833,0.2428673387204833
so,W30p0,2,3,19,0.2425776226712392,0.2425776226712392
so,W20p0,0,1,13,-0.242336795358269,0.242336795358269
so,W60p0,5,6,13,0.2423048550822105,0.2423048550822105
thetao,W40p0,0,1,2,-0.24178099537987555,0.24178099537987555
thetao,W30p0,0,1,18,-0.24161183588312954,0.24161183588312954
so,W60p0,9,10,3,-0.2414880011743647,0.2414880011743647
so,W60p0,6,7,12,-0.24144003728075322,0.24144003728075322
thetao,W20p0,3,4,10,0.2410984413206745,0.2410984413206745
so,W60p0,9,10,13,-0.2403612987202456,0.2403612987202456
so,W60p0,3,4,20,-0.23995248817389456,0.23995248817389456
so,W20p0,5,6,6,0.23922718124737244,0.23922718124737244
thetao,W30p0,0,1,25,-0.23892893410519514,0.23892893410519514
so,W10p0,5,6,12,-0.23876456134901605,0.23876456134901605
so,W20p0,5,6,7,0.238179043243871,0.238179043243871
so,W20p0,5,6,5,0.2379059766656395,0.2379059766656395
so,W60p0,3,4,21,-0.23786205301641977,0.23786205301641977
thetao,W20p0,8,9,20,-0.237680709647688,0.237680709647688
so,W40p0,5,6,15,-0.23715454047935655,0.23715454047935655
thetao,W20p0,7,8,16,0.23704996347325427,0.23704996347325427
thetao,W20p0,3,4,8,0.23682207498992358,0.23682207498992358
so,W20p0,5,6,3,0.23641069213774762,0.23641069213774762
thetao,W40p0,5,6,23,0.2356855789042913,0.2356855789042913
thetao,W40p0,0,1,3,-0.23541856347293844,0.23541856347293844
thetao,W30p0,5,6,1,-0.2352942571703298,0.2352942571703298
thetao,W40p0,6,7,0,0.235174799295551,0.235174799295551
so,W20p0,5,6,20,0.23494057560379403,0.23494057560379403
thetao,W30p0,0,1,20,-0.23374034341242927,0.23374034341242927
thetao,W20p0,7,8,7,0.23333899151387197,0.23333899151387197
so,W20p0,5,6,25,0.23264661797912914,0.23264661797912914
thetao,W20p0,9,10,12,0.23193747533660655,0.23193747533660655
so,W60p0,3,4,3,-0.23148440429454958,0.23148440429454958
so,W30p0,3,4,13,-0.23053147328967852,0.23053147328967852
thetao,W20p0,9,10,0,-0.22988615660969805,0.22988615660969805
so,W60p0,9,10,12,-0.22987884306136294,0.22987884306136294
thetao,W20p0,3,4,9,0.22915420573795675,0.22915420573795675
thetao,W40p0,6,7,2,0.22833914606985303,0.22833914606985303
so,W60p0,0,1,16,0.22784735239569726,0.22784735239569726
so,W40p0,4,5,1,-0.22726605679341352,0.22726605679341352
so,W30p0,0,1,19,-0.2270450285033386,0.2270450285033386
thetao,W30p0,6,7,2,-0.22685134798850826,0.22685134798850826
so,W40p0,5,6,12,-0.22681638764926396,0.22681638764926396
thetao,W30p0,0,1,24,-0.2264417172538123,0.2264417172538123
thetao,W30p0,6,7,3,-0.22582252759835886,0.22582252759835886
so,W20p0,5,6,24,0.22479735917717256,0.22479735917717256
so,W30p0,3,4,7,-0.22457311775329536,0.22457311775329536
thetao,W30p0,7,8,3,-0.2245085914354627,0.2245085914354627
thetao,W10p0,7,8,20,0.22407597513837477,0.22407597513837477
thetao,W30p0,7,8,2,-0.2240735476124712,0.2240735476124712
so,W30p0,9,10,19,-0.22368184899900054,0.22368184899900054
so,W40p0,1,2,21,-0.22355251706779025,0.22355251706779025
thetao,W40p0,5,6,24,0.22328180987024593,0.22328180987024593
so,W40p0,8,9,10,0.22322814697627924,0.22322814697627924
thetao,W30p0,0,1,19,-0.22322238803411357,0.22322238803411357
thetao,W10p0,8,9,25,0.22294311580053114,0.22294311580053114
so,W40p0,5,6,13,-0.22255786485469106,0.22255786485469106
thetao,W30p0,7,8,4,-0.22194154348085318,0.22194154348085318
thetao,W10p0,7,8,18,0.22188626423280372,0.22188626423280372
so,W30p0,2,3,17,0.22006212869000646,0.22006212869000646
thetao,W40p0,5,6,22,0.2199658253065143,0.2199658253065143
thetao,W10p0,6,7,1,-0.21911498851741829,0.21911498851741829
so,W20p0,1,2,4,-0.21857430079999524,0.21857430079999524
thetao,W30p0,6,7,0,-0.21794540528924344,0.21794540528924344
so,W10p0,9,10,14,-0.21785666577416007,0.21785666577416007
so,W30p0,3,4,6,-0.2176382425035007,0.2176382425035007
so,W10p0,6,7,16,-0.217599211224861,0.217599211224861
so,W10p0,9,10,3,-0.21752298611673762,0.21752298611673762
so,W60p0,3,4,9,-0.21731173150468844,0.21731173150468844
so,W30p0,6,7,1,-0.2172642001613178,0.2172642001613178
thetao,W20p0,9,10,14,0.21694591964520693,0.21694591964520693
thetao,W40p0,5,6,9,0.21674095302770294,0.21674095302770294
so,W10p0,5,6,19,-0.21666252533754252,0.21666252533754252
so,W20p0,0,1,9,-0.2162862131871703,0.2162862131871703
so,W10p0,6,7,14,-0.21592713392423918,0.21592713392423918
so,W60p0,9,10,7,-0.21591215130721647,0.21591215130721647
thetao,W40p0,5,6,10,0.21517129222573214,0.21517129222573214
so,W30p0,2,3,16,0.21513465918637825,0.21513465918637825
so,W60p0,3,4,23,-0.2147109310887586,0.2147109310887586
thetao,W40p0,8,9,14,0.21460212727824485,0.21460212727824485
thetao,W20p0,3,4,6,0.21441483512684134,0.21441483512684134
thetao,W30p0,0,1,23,-0.21422855431136864,0.21422855431136864
so,W10p0,5,6,16,-0.21347726893743693,0.21347726893743693
thetao,W20p0,7,8,8,0.21342912613527038,0.21342912613527038
thetao,W10p0,4,5,2,0.2125506549531662,0.2125506549531662
thetao,W20p0,6,7,1,0.21245637055535946,0.21245637055535946
so,W40p0,5,6,11,-0.21227315865384971,0.21227315865384971
so,W30p0,3,4,21,-0.21171074372717086,0.21171074372717086
so,W20p0,1,2,7,-0.21152473872436559,0.21152473872436559
so,W20p0,5,6,21,0.21077857536014336,0.21077857536014336
thetao,W60p0,6,7,18,-0.2102784401459523,0.2102784401459523
so,W30p0,0,1,17,-0.20925660056034392,0.20925660056034392
thetao,W10p0,3,4,3,0.2083335600882553,0.2083335600882553
so,W60p0,9,10,18,-0.2078923440933477,0.2078923440933477
so,W10p0,5,6,18,-0.20781751003885457,0.20781751003885457
so,W60p0,9,10,16,-0.20781173727111518,0.20781173727111518
so,W60p0,4,5,3,-0.20726068262766148,0.20726068262766148
thetao,W40p0,5,6,25,0.20723095143035183,0.20723095143035183
so,W10p0,0,1,21,-0.20709324294662354,0.20709324294662354
so,W10p0,0,1,17,-0.20673212378508143,0.20673212378508143
thetao,W10p0,8,9,17,-0.20590682771672333,0.20590682771672333
so,W60p0,9,10,21,-0.20531594834223899,0.20531594834223899
so,W20p0,1,2,3,-0.20514540376736484,0.20514540376736484
thetao,W20p0,3,4,0,0.20487195279258769,0.20487195279258769
so,W10p0,9,10,2,-0.20446715668474982,0.20446715668474982
so,W60p0,2,3,1,-0.2043083560672096,0.2043083560672096
thetao,W40p0,5,6,6,0.2040468356021911,0.2040468356021911
so,W20p0,5,6,16,0.20355135681169365,0.20355135681169365
so,W60p0,9,10,22,-0.20339632306822833,0.20339632306822833
thetao,W20p0,3,4,23,0.2030982243501878,0.2030982243501878
thetao,W20p0,9,10,13,0.20302035309110716,0.20302035309110716
so,W40p0,8,9,7,0.20286618512152618,0.20286618512152618
thetao,W10p0,9,10,9,-0.2026813410215397,0.2026813410215397
thetao,W40p0,5,6,19,0.20241032045287985,0.20241032045287985
so,W40p0,8,9,13,0.20240985304163928,0.20240985304163928
thetao,W20p0,3,4,24,0.2016099860655488,0.2016099860655488
thetao,W20p0,3,4,22,0.20132925265445337,0.20132925265445337
so,W20p0,1,2,8,-0.2007915542829774,0.2007915542829774
so,W30p0,3,4,4,-0.20019491840651488,0.20019491840651488
so,W10p0,9,10,12,-0.19981529248370503,0.19981529248370503
thetao,W10p0,4,5,5,0.19939704914534084,0.19939704914534084
thetao,W40p0,5,6,7,0.19933242764639236,0.19933242764639236
so,W30p0,3,4,18,-0.1988547778855067,0.1988547778855067
so,W60p0,3,4,4,-0.1976488444622779,0.1976488444622779
so,W40p0,5,6,16,-0.19763534221838738,0.19763534221838738
thetao,W20p0,3,4,7,0.19679089557306212,0.19679089557306212
so,W60p0,6,7,6,-0.19666556075598715,0.19666556075598715
so,W60p0,6,7,5,-0.19604883066307863,0.19604883066307863
so,W10p0,6,7,17,-0.1959176745700169,0.1959176745700169
so,W30p0,2,3,14,0.19565017089190162,0.19565017089190162
thetao,W60p0,6,7,0,0.19520997270397336,0.19520997270397336
thetao,W40p0,5,6,4,0.1950431424077149,0.1950431424077149
thetao,W10p0,9,10,8,-0.1947299012718717,0.1947299012718717
thetao,W10p0,7,8,3,-0.19470471494289054,0.19470471494289054
thetao,W40p0,5,6,5,0.1936896276822221,0.1936896276822221
so,W60p0,3,4,5,-0.19360953139633058,0.19360953139633058
so,W30p0,5,6,18,0.19295880151792705,0.19295880151792705
thetao,W60p0,6,7,19,-0.1927731756665111,0.1927731756665111
so,W60p0,0,1,17,0.19246862083047758,0.19246862083047758
thetao,W20p0,7,8,14,0.19245663075961844,0.19245663075961844
so,W40p0,1,2,20,-0.19042156138668095,0.19042156138668095
so,W30p0,3,4,20,-0.18988938692659382,0.18988938692659382
so,W60p0,9,10,17,-0.1898148175018216,0.1898148175018216
so,W60p0,2,3,0,-0.1895891388356378,0.1895891388356378
thetao,W10p0,8,9,24,0.18953115685891375,0.18953115685891375
thetao,W10p0,4,5,4,0.18945398067946523,0.18945398067946523
so,W40p0,5,6,14,-0.18940192301452402,0.18940192301452402
so,W40p0,5,6,9,-0.18934045375378789,0.18934045375378789
so,W30p0,3,4,0,-0.18920723321283967,0.18920723321283967
so,W60p0,9,10,24,-0.18920450907415892,0.18920450907415892
thetao,W40p0,0,1,4,-0.189200688076104,0.189200688076104
so,W10p0,9,10,8,-0.18912582727738922,0.18912582727738922
thetao,W10p0,4,5,1,0.18875597902944938,0.18875597902944938
thetao,W40p0,5,6,16,0.18823944466398382,0.18823944466398382
so,W60p0,6,7,9,-0.18810970147843417,0.18810970147843417
so,W20p0,1,2,9,-0.18773443437262755,0.18773443437262755
so,W60p0,5,6,23,0.1874577236091333,0.1874577236091333
so,W40p0,5,6,22,-0.18736934775616612,0.18736934775616612
thetao,W40p0,6,7,1,0.18720018806550992,0.18720018806550992
so,W60p0,0,1,18,0.1861798788049259,0.1861798788049259
so,W20p0,5,6,4,0.18603791212531953,0.18603791212531953
so,W10p0,0,1,20,-0.18578894331787071,0.18578894331787071
so,W40p0,1,2,18,-0.18533423170884206,0.18533423170884206
thetao,W20p0,8,9,18,-0.18530286376534089,0.18530286376534089
so,W20p0,5,6,15,0.18499825504561157,0.18499825504561157
so,W30p0,3,4,16,-0.18496664305991015,0.18496664305991015
thetao,W20p0,5,6,0,-0.18484695576358562,0.18484695576358562
so,W40p0,5,6,18,-0.18447398051646335,0.18447398051646335
so,W60p0,4,5,6,-0.18435035992973348,0.18435035992973348
so,W60p0,9,10,9,-0.18420471474851247,0.18420471474851247
thetao,W10p0,4,5,3,0.18385317592988887,0.18385317592988887
thetao,W60p0,7,8,3,-0.1838034808209575,0.1838034808209575
thetao,W40p0,8,9,6,0.18369001986603534,0.18369001986603534
thetao,W40p0,5,6,3,0.18331537368955675,0.18331537368955675
thetao,W30p0,5,6,18,-0.18305836618033683,0.18305836618033683
thetao,W10p0,7,8,2,-0.18284992360666533,0.18284992360666533
so,W40p0,8,9,12,0.18248049227231175,0.18248049227231175
thetao,W20p0,8,9,19,-0.18241612821967607,0.18241612821967607
thetao,W20p0,6,7,0,0.1822218630165579,0.1822218630165579
so,W10p0,6,7,18,-0.18202622601655907,0.18202622601655907
so,W30p0,0,1,16,-0.18148136774797816,0.18148136774797816
thetao,W20p0,3,4,25,0.1814748760157339,0.1814748760157339
so,W30p0,5,6,15,0.18147426648332488,0.18147426648332488
so,W30p0,9,10,17,-0.18131937968043596,0.18131937968043596
so,W10p0,5,6,14,-0.18107970753813143,0.18107970753813143
thetao,W10p0,5,6,12,-0.18104445958913495,0.18104445958913495
thetao,W40p0,8,9,13,0.18039843910935963,0.18039843910935963
so,W60p0,5,6,15,0.17961750628098408,0.17961750628098408
thetao,W60p0,7,8,2,-0.17937145280351252,0.17937145280351252
thetao,W10p0,7,8,1,-0.17913731822228043,0.17913731822228043
so,W60p0,9,10,19,-0.17898217238309214,0.17898217238309214
so,W10p0,9,10,6,-0.17864868998612174,0.17864868998612174
so,W30p0,3,4,17,-0.1784879304244416,0.1784879304244416
so,W30p0,3,4,19,-0.17823318986237774,0.17823318986237774
so,W40p0,5,6,19,-0.1780413700566154,0.1780413700566154
so,W10p0,9,10,1,-0.177607624984027,0.177607624984027
so,W10p0,0,1,24,-0.17739449500340349,0.17739449500340349
so,W30p0,3,4,25,-0.17702652961386786,0.17702652961386786
so,W10p0,5,6,8,-0.17695682888914063,0.17695682888914063
so,W10p0,9,10,10,-0.17547895256531465,0.17547895256531465
so,W10p0,5,6,9,-0.1750361149635744,0.1750361149635744
so,W30p0,0,1,15,-0.1748145100608843,0.1748145100608843
thetao,W40p0,5,6,18,0.17421854999613873,0.17421854999613873
thetao,W20p0,0,1,0,0.17361903074577378,0.17361903074577378
thetao,W10p0,3,4,2,0.17330031722408837,0.17330031722408837
so,W30p0,3,4,15,-0.1722330323183083,0.1722330323183083
so,W60p0,4,5,25,-0.17191214152964468,0.17191214152964468
thetao,W30p0,7,8,1,-0.17142187135741466,0.17142187135741466
so,W30p0,3,4,22,-0.1705960840246249,0.1705960840246249
thetao,W10p0,4,5,9,0.17015159106821798,0.17015159106821798
thetao,W40p0,5,6,0,-0.1700958773841778,0.1700958773841778
thetao,W20p0,9,10,11,0.16891131938231538,0.16891131938231538
so,W30p0,3,4,14,-0.16885659578207257,0.16885659578207257
so,W30p0,5,6,9,0.16868289374654613,0.16868289374654613
thetao,W10p0,6,7,2,-0.16801194682622142,0.16801194682622142
so,W60p0,4,5,18,-0.16738368393021527,0.16738368393021527
so,W30p0,9,10,16,-0.16696434289832435,0.16696434289832435
so,W10p0,5,6,17,-0.1665401150748039,0.1665401150748039
so,W30p0,5,6,17,0.16648593717884433,0.16648593717884433
thetao,W60p0,6,7,20,-0.16619582748550507,0.16619582748550507
thetao,W20p0,7,8,21,0.16599034828298792,0.16599034828298792
thetao,W10p0,7,8,0,-0.16500786975068257,0.16500786975068257
thetao,W20p0,6,7,2,0.16431194437335683,0.16431194437335683
so,W10p0,9,10,11,-0.16409574425532059,0.16409574425532059
so,W60p0,5,6,22,0.16384596851546154,0.16384596851546154
so,W30p0,0,1,14,-0.1634881618370446,0.1634881618370446
thetao,W10p0,9,10,12,-0.16347637649733565,0.16347637649733565
thetao,W10p0,6,7,3,-0.16335254618622513,0.16335254618622513
so,W60p0,4,5,0,-0.1629200156180187,0.1629200156180187
so,W40p0,8,9,3,0.1629167382021572,0.1629167382021572
so,W10p0,5,6,10,-0.16261907724328495,0.16261907724328495
thetao,W20p0,7,8,13,0.1622574995801806,0.1622574995801806
so,W10p0,5,6,15,-0.16202981085095802,0.16202981085095802
so,W60p0,5,6,14,0.16171464584554815,0.16171464584554815
so,W10p0,9,10,9,-0.16148312458977807,0.16148312458977807
thetao,W20p0,8,9,21,-0.16139220723712921,0.16139220723712921
thetao,W10p0,7,8,4,-0.1610495318614241,0.1610495318614241
so,W60p0,4,5,15,-0.1604364925031676,0.1604364925031676
thetao,W60p0,6,7,22,-0.16042115247647964,0.16042115247647964
so,W20p0,5,6,14,0.16019636370682555,0.16019636370682555
so,W30p0,9,10,15,-0.15994260420120401,0.15994260420120401
so,W30p0,3,4,1,-0.15988158322939416,0.15988158322939416
thetao,W10p0,9,10,4,-0.15835610270588116,0.15835610270588116
so,W60p0,9,10,20,-0.15829510853151407,0.15829510853151407
thetao,W10p0,5,6,13,-0.15808712591382026,0.15808712591382026
so,W40p0,1,2,19,-0.15805602744702402,0.15805602744702402
thetao,W20p0,7,8,12,0.15786867450522032,0.15786867450522032
thetao,W20p0,6,7,3,0.1567544466351452,0.1567544466351452
so,W10p0,0,1,25,-0.15670574939544546,0.15670574939544546
thetao,W10p0,4,5,10,0.1564414184248563,0.1564414184248563
so,W10p0,0,1,22,-0.15642763771730117,0.15642763771730117
thetao,W40p0,8,9,12,0.15641992739018545,0.15641992739018545
thetao,W10p0,8,9,23,0.1563357449731179,0.1563357449731179
thetao,W40p0,5,6,17,0.15617527134673545,0.15617527134673545
so,W60p0,9,10,23,-0.155837640903953,0.155837640903953
so,W60p0,3,4,2,-0.15557334106568158,0.15557334106568158
so,W40p0,1,2,17,-0.15536444104109184,0.15536444104109184
thetao,W60p0,7,8,24,-0.15521236554931173,0.15521236554931173
so,W60p0,9,10,0,-0.15459547408074006,0.15459547408074006
thetao,W10p0,9,10,10,-0.15408476369440313,0.15408476369440313
so,W30p0,2,3,13,0.15349208317342866,0.15349208317342866
thetao,W60p0,7,8,4,-0.15347810554191274,0.15347810554191274
thetao,W10p0,8,9,18,-0.15331628186466212,0.15331628186466212
thetao,W60p0,7,8,12,-0.15328242692418836,0.15328242692418836
so,W10p0,0,1,23,-0.1530102399708251,0.1530102399708251
so,W40p0,8,9,6,0.15266612580083178,0.15266612580083178
so,W10p0,9,10,4,-0.15261606482429022,0.15261606482429022
so,W60p0,4,5,22,-0.15202618090591988,0.15202618090591988
thetao,W10p0,5,6,14,-0.151656870470526,0.151656870470526
thetao,W10p0,4,5,11,0.15144929634374132,0.15144929634374132
thetao,W10p0,9,10,7,-0.15120890808458354,0.15120890808458354
so,W30p0,3,4,24,-0.15108322823902334,0.15108322823902334
so,W20p0,0,1,8,-0.14953451875165197,0.14953451875165197
thetao,W10p0,4,5,7,0.1494134342190294,0.1494134342190294
so,W40p0,8,9,4,0.14930795439839215,0.14930795439839215
thetao,W10p0,9,10,13,-0.14894992775723984,0.14894992775723984
so,W10p0,5,6,13,-0.1487330882186616,0.1487330882186616
thetao,W60p0,6,7,21,-0.14868160571802422,0.14868160571802422
thetao,W10p0,4,5,12,0.1486777800976306,0.1486777800976306
thetao,W20p0,9,10,1,-0.14809094011341994,0.14809094011341994
so,W40p0,5,6,24,-0.14793705182409453,0.14793705182409453
so,W10p0,0,1,19,-0.14757103469736527,0.14757103469736527
thetao,W40p0,0,1,6,-0.1475035875284738,0.1475035875284738
so,W30p0,2,3,18,0.14677430070774794,0.14677430070774794
so,W10p0,6,7,20,-0.1465872240317469,0.1465872240317469
thetao,W20p0,7,8,20,0.14642261021193098,0.14642261021193098
so,W10p0,0,1,18,-0.14577475623450842,0.14577475623450842
so,W60p0,5,6,18,0.14524877615013904,0.14524877615013904
thetao,W60p0,6,7,17,-0.144956539579326,0.144956539579326
thetao,W40p0,0,1,5,-0.14465308411356595,0.14465308411356595
so,W60p0,4,5,21,-0.14400863480301992,0.14400863480301992
so,W30p0,3,4,23,-0.14304901620708002,0.14304901620708002
thetao,W10p0,5,6,17,-0.14299890043494645,0.14299890043494645
so,W60p0,5,6,24,0.1429407220904307,0.1429407220904307
thetao,W40p0,8,9,1,0.1421940069838606,0.1421940069838606
thetao,W10p0,6,7,0,-0.14152952445959144,0.14152952445959144
so,W10p0,9,10,7,-0.14124089352618843,0.14124089352618843
so,W10p0,2,3,19,0.14046309089686213,0.14046309089686213
so,W40p0,8,9,5,0.14041767800238086,0.14041767800238086
thetao,W10p0,5,6,18,-0.1400995149344869,0.1400995149344869
so,W60p0,5,6,16,0.13961163171485877,0.13961163171485877
so,W60p0,4,5,14,-0.13929800732533051,0.13929800732533051
so,W10p0,9,10,5,-0.13926966462900495,0.13926966462900495
so,W30p0,2,3,24,0.13919566219685392,0.13919566219685392
so,W60p0,0,1,19,0.13899721677261395,0.13899721677261395
so,W30p0,0,1,13,-0.1387835833442858,0.1387835833442858
thetao,W60p0,7,8,13,-0.13871506278582957,0.13871506278582957
thetao,W10p0,7,8,17,0.13846063905309092,0.13846063905309092
so,W40p0,5,6,21,-0.13834912241559555,0.13834912241559555
thetao,W60p0,7,8,11,-0.1383120561302882,0.1383120561302882
thetao,W20p0,7,8,19,0.13791954558807867,0.13791954558807867
thetao,W10p0,7,8,5,-0.13733623926247543,0.13733623926247543
so,W60p0,5,6,19,0.13683559268868498,0.13683559268868498
thetao,W60p0,6,7,15,-0.1362986682829754,0.1362986682829754
so,W30p0,5,6,16,0.13615729531054327,0.13615729531054327
thetao,W10p0,9,10,1,-0.13565192548837957,0.13565192548837957
so,W10p0,6,7,19,-0.13507906474893194,0.13507906474893194
so,W60p0,4,5,17,-0.13502252349598143,0.13502252349598143
so,W60p0,0,1,25,-0.13487937309378262,0.13487937309378262
thetao,W60p0,7,8,23,-0.13471319490486827,0.13471319490486827
thetao,W40p0,8,9,10,0.13440583419196522,0.13440583419196522
so,W30p0,5,6,25,0.13440550682828706,0.13440550682828706
thetao,W60p0,7,8,6,-0.13423842183619522,0.13423842183619522
so,W40p0,5,6,10,-0.13381447526304457,0.13381447526304457
thetao,W20p0,5,6,9,-0.13373780057324836,0.13373780057324836
thetao,W10p0,9,10,5,-0.13362394084786156,0.13362394084786156
thetao,W60p0,7,8,1,-0.13361297311710515,0.13361297311710515
so,W10p0,6,7,7,-0.13333753570987764,0.13333753570987764
so,W40p0,5,6,23,-0.13303018960238525,0.13303018960238525
so,W10p0,2,3,20,0.13280847317599087,0.13280847317599087
so,W20p0,1,2,18,-0.1327721788550211,0.1327721788550211
so,W60p0,6,7,1,-0.1322768966146925,0.1322768966146925
so,W60p0,9,10,10,-0.13220746976748,0.13220746976748
thetao,W10p0,4,5,8,0.13203585607856277,0.13203585607856277
thetao,W60p0,7,8,0,0.13179947096342856,0.13179947096342856
thetao,W10p0,5,6,15,-0.13156564199007129,0.13156564199007129
so,W60p0,6,7,0,-0.13142995338757724,0.13142995338757724
thetao,W60p0,7,8,8,-0.13107204448395623,0.13107204448395623
so,W40p0,9,10,6,0.13078752894654738,0.13078752894654738
thetao,W10p0,3,4,1,0.1301062455217125,0.1301062455217125
so,W40p0,5,6,20,-0.1300476589187943,0.1300476589187943
so,W60p0,8,9,0,0.1300467836345254,0.1300467836345254
so,W20p0,5,6,17,0.12957797856851125,0.12957797856851125
so,W60p0,5,6,17,0.1292461560813051,0.1292461560813051
thetao,W10p0,4,5,6,0.12852891385364265,0.12852891385364265
so,W10p0,6,7,13,-0.12795363367544071,0.12795363367544071
so,W40p0,1,2,16,-0.12735620854939872,0.12735620854939872
so,W30p0,0,1,11,-0.12715372048978982,0.12715372048978982
so,W40p0,5,6,17,-0.12706732986005992,0.12706732986005992
thetao,W40p0,8,9,11,0.12692494186780479,0.12692494186780479
so,W20p0,0,1,7,-0.12670218656065255,0.12670218656065255
thetao,W20p0,7,8,11,0.12649796206542782,0.12649796206542782
thetao,W60p0,7,8,22,-0.12576904244495446,0.12576904244495446
thetao,W20p0,5,6,21,0.12539844330740915,0.12539844330740915
thetao,W10p0,9,10,14,-0.12522146994090927,0.12522146994090927
so,W40p0,8,9,8,0.12509681123755811,0.12509681123755811
thetao,W10p0,3,4,0,0.12475729403467851,0.12475729403467851
thetao,W10p0,5,6,16,-0.12472029150731131,0.12472029150731131
thetao,W40p0,8,9,3,0.1243143369507284,0.1243143369507284
thetao,W20p0,6,7,4,0.123774000130732,0.123774000130732
so,W30p0,0,1,10,-0.12366458446851476,0.12366458446851476
so,W60p0,5,6,20,0.12344058817199732,0.12344058817199732
thetao,W10p0,9,10,0,-0.12294447770818981,0.12294447770818981
thetao,W20p0,6,7,25,0.12256764689871986,0.12256764689871986
thetao,W10p0,9,10,3,-0.12241530394541794,0.12241530394541794
so,W30p0,3,4,3,-0.12229526998986286,0.12229526998986286
thetao,W40p0,8,9,2,0.12201436478604305,0.12201436478604305
so,W40p0,1,2,15,-0.12137337414188273,0.12137337414188273
thetao,W10p0,9,10,11,-0.11991637586334715,0.11991637586334715
thetao,W10p0,6,7,4,-0.11974575797040585,0.11974575797040585
so,W10p0,5,6,4,-0.11912305148657924,0.11912305148657924
thetao,W20p0,8,9,24,-0.11848905649922765,0.11848905649922765
thetao,W20p0,5,6,10,-0.1170310724572401,0.1170310724572401
thetao,W10p0,9,10,6,-0.11697912271670895,0.11697912271670895
thetao,W10p0,6,7,6,-0.11686900431337675,0.11686900431337675
so,W30p0,9,10,1,-0.11590870315978923,0.11590870315978923
so,W60p0,4,5,13,-0.11588385864092644,0.11588385864092644
thetao,W20p0,9,10,2,-0.11586070292259705,0.11586070292259705
thetao,W40p0,8,9,7,0.11530351746807664,0.11530351746807664
so,W10p0,9,10,0,-0.11487572917664172,0.11487572917664172
so,W20p0,0,1,4,-0.11469590697758557,0.11469590697758557
thetao,W40p0,8,9,9,0.11468120129547052,0.11468120129547052
so,W30p0,2,3,15,0.11458451278827989,0.11458451278827989
thetao,W20p0,6,7,22,0.11413099242410943,0.11413099242410943
so,W40p0,5,6,25,-0.11393415062279885,0.11393415062279885
thetao,W10p0,4,5,16,0.11350741499201668,0.11350741499201668
so,W40p0,9,10,7,0.11325063555732981,0.11325063555732981
thetao,W60p0,7,8,5,-0.11193585374361426,0.11193585374361426
so,W30p0,9,10,5,-0.11072873277463444,0.11072873277463444
thetao,W10p0,8,9,22,0.11040323622820607,0.11040323622820607
so,W30p0,9,10,14,-0.11037449213592163,0.11037449213592163
thetao,W10p0,4,5,13,0.10947572066142137,0.10947572066142137
so,W10p0,6,7,10,-0.1087733347711345,0.1087733347711345
so,W10p0,2,3,3,0.10850558192211929,0.10850558192211929
thetao,W40p0,8,9,4,0.10844401531379701,0.10844401531379701
so,W30p0,2,3,20,0.10697133706941583,0.10697133706941583
so,W60p0,4,5,8,-0.10570512825720753,0.10570512825720753
thetao,W30p0,4,5,25,-0.10565101569098682,0.10565101569098682
thetao,W20p0,8,9,23,-0.10522320322465434,0.10522320322465434
so,W10p0,2,3,1,0.10482915525150355,0.10482915525150355
thetao,W10p0,4,5,24,0.1038557572176014,0.1038557572176014
so,W40p0,1,2,14,-0.10316857008838622,0.10316857008838622
so,W20p0,1,2,25,-0.10285774367350496,0.10285774367350496
thetao,W30p0,4,5,7,0.10284123709924022,0.10284123709924022
so,W30p0,9,10,0,-0.10268588034585302,0.10268588034585302
so,W30p0,2,3,21,0.1023334943355458,0.1023334943355458
so,W30p0,0,1,9,-0.10192848671051404,0.10192848671051404
thetao,W20p0,9,10,5,-0.10079345629938886,0.10079345629938886
thetao,W40p0,5,6,2,0.10077652727934783,0.10077652727934783
thetao,W10p0,6,7,12,-0.10071281669789009,0.10071281669789009
so,W60p0,5,6,21,0.10034969071667071,0.10034969071667071
thetao,W10p0,6,7,21,-0.10022008510590281,0.10022008510590281
so,W20p0,0,1,0,-0.10019190084321307,0.10019190084321307
so,W40p0,9,10,25,0.09866324883069519,0.09866324883069519
so,W30p0,9,10,6,-0.09765284537982559,0.09765284537982559
thetao,W20p0,5,6,20,0.09751222981267631,0.09751222981267631
thetao,W20p0,6,7,21,0.09718944552040927,0.09718944552040927
thetao,W10p0,9,10,15,-0.09623003169550887,0.09623003169550887
so,W60p0,6,7,2,-0.09555353405811445,0.09555353405811445
thetao,W60p0,6,7,8,-0.09531412799859562,0.09531412799859562
so,W30p0,9,10,7,-0.0952542311132457,0.0952542311132457
thetao,W10p0,9,10,2,-0.09478631422117548,0.09478631422117548
so,W30p0,2,3,22,0.09462191471133118,0.09462191471133118
so,W10p0,5,6,5,-0.09447932026498224,0.09447932026498224
so,W30p0,0,1,12,-0.09417652872365032,0.09417652872365032
so,W40p0,1,2,13,-0.09414013358362162,0.09414013358362162
thetao,W20p0,9,10,3,-0.09390041836270874,0.09390041836270874
thetao,W10p0,4,5,14,0.09353612197668118,0.09353612197668118
thetao,W10p0,4,5,23,0.09345325827973465,0.09345325827973465
so,W10p0,5,6,7,-0.09328635978635147,0.09328635978635147
so,W30p0,5,6,23,0.09313152924625054,0.09313152924625054
thetao,W20p0,6,7,24,0.09282296442476909,0.09282296442476909
so,W60p0,6,7,4,-0.09276199247555654,0.09276199247555654
so,W40p0,8,9,1,-0.09270635417063301,0.09270635417063301
thetao,W20p0,6,7,20,0.09262856251296422,0.09262856251296422
thetao,W60p0,6,7,11,-0.09253965211049124,0.09253965211049124
thetao,W10p0,6,7,13,-0.09250727637155957,0.09250727637155957
thetao,W10p0,7,8,8,-0.09244754551035905,0.09244754551035905
thetao,W10p0,6,7,8,-0.0923787517292232,0.0923787517292232
so,W10p0,2,3,12,-0.09230543982282019,0.09230543982282019
so,W20p0,0,1,5,-0.09223697275628151,0.09223697275628151
so,W30p0,5,6,11,0.09222538257415794,0.09222538257415794
so,W30p0,3,4,2,-0.09219389696561069,0.09219389696561069
thetao,W20p0,7,8,9,0.09191971120352893,0.09191971120352893
so,W10p0,2,3,4,0.09171931144297783,0.09171931144297783
thetao,W60p0,6,7,16,-0.09167693404870907,0.09167693404870907
thetao,W60p0,7,8,14,-0.09129933036825662,0.09129933036825662
so,W40p0,9,10,1,0.09128847705047737,0.09128847705047737
so,W10p0,2,3,18,0.09105443735347533,0.09105443735347533
thetao,W20p0,5,6,11,-0.09091722306768028,0.09091722306768028
so,W30p0,5,6,14,0.09062727748522763,0.09062727748522763
thetao,W60p0,7,8,15,-0.09062647957094941,0.09062647957094941
so,W10p0,6,7,6,-0.09061155373989055,0.09061155373989055
thetao,W40p0,0,1,17,-0.09023415238816596,0.09023415238816596
so,W60p0,0,1,20,0.09017074038228941,0.09017074038228941
thetao,W10p0,7,8,16,0.08969509570801537,0.08969509570801537
thetao,W40p0,8,9,8,0.08964653776180206,0.08964653776180206
thetao,W40p0,8,9,5,0.08907506199331493,0.08907506199331493
so,W10p0,2,3,21,0.08789773151892175,0.08789773151892175
so,W10p0,6,7,11,-0.08762855351458708,0.08762855351458708
thetao,W20p0,5,6,2,-0.0861167103587711,0.0861167103587711
so,W20p0,1,2,16,-0.08518356392172367,0.08518356392172367
thetao,W10p0,5,6,19,-0.08513336865618966,0.08513336865618966
thetao,W10p0,4,5,15,0.08506916892902021,0.08506916892902021
so,W10p0,2,3,2,0.08490734203609228,0.08490734203609228
thetao,W10p0,7,8,7,-0.08487073064313515,0.08487073064313515
thetao,W60p0,6,7,23,-0.08474520495926206,0.08474520495926206
so,W30p0,2,3,23,0.08467207085051638,0.08467207085051638
thetao,W10p0,6,7,10,-0.08462262031178924,0.08462262031178924
so,W40p0,8,9,9,0.0845626965266445,0.0845626965266445
thetao,W20p0,6,7,19,0.08411339622417772,0.08411339622417772
thetao,W10p0,4,5,25,0.08401091363617892,0.08401091363617892
so,W30p0,9,10,9,-0.08347592685398979,0.08347592685398979
thetao,W10p0,6,7,11,-0.08347005801179813,0.08347005801179813
so,W60p0,4,5,12,-0.08343483474614874,0.08343483474614874
so,W20p0,1,2,17,-0.08342937533384275,0.08342937533384275
so,W60p0,4,5,11,-0.08329889857714567,0.08329889857714567
thetao,W10p0,7,8,9,-0.08304005385255428,0.08304005385255428
so,W10p0,6,7,12,-0.08301345313017432,0.08301345313017432
so,W40p0,1,2,10,-0.08293211853245595,0.08293211853245595
thetao,W20p0,7,8,10,0.08286776514244823,0.08286776514244823
thetao,W10p0,6,7,19,-0.08286334001899268,0.08286334001899268
so,W30p0,9,10,10,-0.08255724486649778,0.08255724486649778
so,W30p0,5,6,21,0.08254439955379482,0.08254439955379482
so,W60p0,0,1,24,-0.08249030572787018,0.08249030572787018
thetao,W40p0,0,1,15,-0.08225071716794881,0.08225071716794881
thetao,W60p0,6,7,24,-0.08203806431526653,0.08203806431526653
so,W30p0,9,10,13,-0.08202491056469383,0.08202491056469383
thetao,W20p0,5,6,7,-0.08190853047013218,0.08190853047013218
so,W60p0,4,5,16,-0.08160431602732598,0.08160431602732598
so,W30p0,5,6,22,0.08151118879997778,0.08151118879997778
thetao,W60p0,6,7,14,-0.08137701931415493,0.08137701931415493
so,W60p0,4,5,24,-0.08136307320961474,0.08136307320961474
so,W40p0,9,10,0,0.08107495006202624,0.08107495006202624
thetao,W10p0,4,5,17,0.08091345449415069,0.08091345449415069
so,W20p0,1,2,10,-0.08079871144957422,0.08079871144957422
so,W60p0,4,5,20,-0.08079016660085486,0.08079016660085486
thetao,W20p0,6,7,5,0.08066427145997628,0.08066427145997628
thetao,W20p0,7,8,22,0.08031428312012294,0.08031428312012294
thetao,W30p0,4,5,20,0.08000945514493031,0.08000945514493031
thetao,W30p0,4,5,24,-0.07916248824384255,0.07916248824384255
so,W10p0,2,3,23,0.07905942793842498,0.07905942793842498
thetao,W10p0,4,5,22,0.07874034561740592,0.07874034561740592
thetao,W40p0,8,9,0,0.07822302206497392,0.07822302206497392
so,W30p0,5,6,20,0.07762655236117358,0.07762655236117358
thetao,W20p0,6,7,13,0.07725472898924801,0.07725472898924801
thetao,W40p0,0,1,16,-0.07720283524917125,0.07720283524917125
thetao,W60p0,7,8,7,-0.0770717856894387,0.0770717856894387
so,W30p0,9,10,12,-0.07662353901085218,0.07662353901085218
thetao,W10p0,6,7,22,-0.07654691436926392,0.07654691436926392
so,W30p0,2,3,25,0.07650831529027805,0.07650831529027805
thetao,W20p0,6,7,14,0.07640943206994798,0.07640943206994798
so,W20p0,0,1,2,-0.07619851106351551,0.07619851106351551
so,W20p0,0,1,6,-0.07616830708555412,0.07616830708555412
so,W20p0,0,1,1,-0.07595789468049528,0.07595789468049528
thetao,W10p0,7,8,6,-0.07586072041185035,0.07586072041185035
so,W10p0,5,6,6,-0.07563442728986047,0.07563442728986047
so,W10p0,6,7,23,-0.07536951245392273,0.07536951245392273
so,W10p0,2,3,22,0.07488254077250565,0.07488254077250565
so,W40p0,1,2,9,-0.07443942315309271,0.07443942315309271
thetao,W20p0,5,6,1,-0.07394083723115792,0.07394083723115792
so,W10p0,6,7,5,-0.073914686937642,0.073914686937642
thetao,W30p0,4,5,8,0.07358580540486183,0.07358580540486183
so,W20p0,0,1,3,-0.0734791363544467,0.0734791363544467
thetao,W10p0,6,7,5,-0.0734562428456547,0.0734562428456547
thetao,W60p0,6,7,25,-0.07341954177767025,0.07341954177767025
thetao,W20p0,5,6,18,0.07337901546041581,0.07337901546041581
thetao,W20p0,6,7,23,0.0731210462427154,0.0731210462427154
thetao,W20p0,5,6,8,-0.07284134370034583,0.07284134370034583
so,W30p0,5,6,24,0.07229589020863762,0.07229589020863762
thetao,W10p0,8,9,21,0.07229049208325715,0.07229049208325715
thetao,W30p0,4,5,19,0.07161803591357266,0.07161803591357266
thetao,W20p0,7,8,23,0.0714839674339091,0.0714839674339091
so,W30p0,5,6,10,0.07134282182370143,0.07134282182370143
thetao,W10p0,7,8,12,-0.07126010499682546,0.07126010499682546
thetao,W10p0,6,7,20,-0.07075773569252211,0.07075773569252211
so,W30p0,9,10,2,-0.07011789137206423,0.07011789137206423
thetao,W10p0,4,5,21,0.06996703299552064,0.06996703299552064
thetao,W20p0,9,10,10,0.0699080751733308,0.0699080751733308
so,W10p0,6,7,9,-0.06948515453130365,0.06948515453130365
so,W40p0,9,10,2,0.06937465670459869,0.06937465670459869
thetao,W20p0,7,8,25,0.06933964901936913,0.06933964901936913
so,W60p0,9,10,25,-0.06926360315225823,0.06926360315225823
thetao,W30p0,4,5,9,0.06918211833119321,0.06918211833119321
so,W30p0,9,10,11,-0.06893243766397285,0.06893243766397285
thetao,W60p0,6,7,12,-0.0689002535799935,0.0689002535799935
thetao,W20p0,6,7,6,0.06889212465384667,0.06889212465384667
thetao,W20p0,8,9,25,-0.06847021295387383,0.06847021295387383
thetao,W20p0,5,6,17,0.06752859837366099,0.06752859837366099
thetao,W10p0,4,5,19,0.06713722646506237,0.06713722646506237
so,W60p0,4,5,19,-0.06709834397634015,0.06709834397634015
so,W30p0,9,10,8,-0.06691664971300709,0.06691664971300709
thetao,W40p0,0,1,7,-0.06665000214134904,0.06665000214134904
thetao,W10p0,6,7,7,-0.06639058396017246,0.06639058396017246
so,W20p0,1,2,23,-0.0658999856823174,0.0658999856823174
so,W30p0,9,10,4,-0.06584108451104263,0.06584108451104263
thetao,W10p0,8,9,19,-0.06579654212830709,0.06579654212830709
thetao,W60p0,7,8,25,-0.06518971297531252,0.06518971297531252
thetao,W60p0,6,7,13,-0.06503452947993754,0.06503452947993754
thetao,W20p0,7,8,24,0.06482580670983093,0.06482580670983093
so,W30p0,5,6,13,0.06437250581575242,0.06437250581575242
thetao,W40p0,0,1,18,-0.06436814763395558,0.06436814763395558
thetao,W60p0,7,8,21,-0.06402316459916679,0.06402316459916679
so,W40p0,9,10,21,-0.06382178115630448,0.06382178115630448
thetao,W10p0,9,10,24,-0.06357508868212756,0.06357508868212756
so,W40p0,1,2,0,-0.06336667095726226,0.06336667095726226
thetao,W10p0,4,5,20,0.062340449858831797,0.062340449858831797
so,W10p0,2,3,17,0.06214763978152488,0.06214763978152488
so,W40p0,1,2,8,-0.06182482735637398,0.06182482735637398
so,W10p0,2,3,9,-0.06171855818239682,0.06171855818239682
thetao,W10p0,9,10,25,-0.06064998536597025,0.06064998536597025
thetao,W20p0,5,6,22,0.06034515878288052,0.06034515878288052
so,W10p0,2,3,24,0.060296691136608876,0.060296691136608876
thetao,W10p0,9,10,19,-0.05930182220130187,0.05930182220130187
thetao,W10p0,5,6,25,-0.05919883452219744,0.05919883452219744
so,W10p0,2,3,10,-0.05905119264613705,0.05905119264613705
so,W40p0,8,9,0,0.058787124709842445,0.058787124709842445
so,W40p0,1,2,11,-0.05715950375962059,0.05715950375962059
so,W10p0,2,3,16,0.05715562550289063,0.05715562550289063
thetao,W20p0,5,6,12,-0.05686608220950006,0.05686608220950006
thetao,W20p0,8,9,22,-0.05634425563184711,0.05634425563184711
so,W20p0,1,2,22,-0.05570756022129928,0.05570756022129928
thetao,W20p0,6,7,12,0.05570514935279256,0.05570514935279256
thetao,W30p0,4,5,18,0.055604015911659165,0.055604015911659165
so,W30p0,5,6,19,0.05507817797282428,0.05507817797282428
thetao,W20p0,9,10,4,-0.05487101217234473,0.05487101217234473
thetao,W20p0,9,10,6,-0.05401886209530759,0.05401886209530759
so,W60p0,0,1,21,0.053313447143018944,0.053313447143018944
so,W20p0,1,2,15,-0.053246676137337474,0.053246676137337474
so,W20p0,1,2,12,0.05323015586424747,0.05323015586424747
so,W10p0,5,6,1,-0.0529791990337968,0.0529791990337968
so,W10p0,6,7,4,-0.052768673897642164,0.052768673897642164
so,W30p0,0,1,8,-0.05211229054884371,0.05211229054884371
thetao,W30p0,4,5,15,-0.05164462568391816,0.05164462568391816
thetao,W10p0,7,8,10,-0.0515278044874022,0.0515278044874022
thetao,W10p0,6,7,18,-0.05142164387883166,0.05142164387883166
thetao,W30p0,4,5,17,0.05128857223776035,0.05128857223776035
so,W40p0,1,2,12,-0.05049970922239695,0.05049970922239695
thetao,W20p0,6,7,15,0.05043471924824233,0.05043471924824233
thetao,W20p0,5,6,3,-0.05007731736843475,0.05007731736843475
so,W40p0,9,10,8,0.0499275410613013,0.0499275410613013
so,W10p0,2,3,0,0.04901688243495647,0.04901688243495647
so,W20p0,1,2,24,-0.048953860696695106,0.048953860696695106
so,W10p0,6,7,25,-0.048804387211512125,0.048804387211512125
so,W60p0,3,4,0,0.04878036873232782,0.04878036873232782
so,W30p0,0,1,0,-0.04807719128382401,0.04807719128382401
so,W30p0,0,1,3,0.04643762699760464,0.04643762699760464
so,W10p0,2,3,11,-0.04619222546350095,0.04619222546350095
thetao,W40p0,5,6,1,0.04619026753582325,0.04619026753582325
so,W40p0,9,10,10,0.04612250383299832,0.04612250383299832
thetao,W10p0,9,10,20,-0.0457200663855241,0.0457200663855241
thetao,W10p0,4,5,18,0.04553494340280005,0.04553494340280005
thetao,W40p0,0,1,14,-0.0454871080286358,0.0454871080286358
thetao,W20p0,5,6,15,0.04453657352177746,0.04453657352177746
so,W40p0,9,10,18,0.043867954136918644,0.043867954136918644
so,W10p0,6,7,8,-0.04345256737182841,0.04345256737182841
thetao,W60p0,6,7,10,-0.043210729223619314,0.043210729223619314
so,W60p0,4,5,7,-0.04313025849894378,0.04313025849894378
thetao,W30p0,4,5,14,-0.043076585755746646,0.043076585755746646
so,W20p0,1,2,19,-0.04280593884545051,0.04280593884545051
so,W60p0,5,6,25,0.042640407261564116,0.042640407261564116
so,W60p0,0,1,22,0.042478291670689845,0.042478291670689845
thetao,W20p0,5,6,16,0.04241953817254343,0.04241953817254343
so,W30p0,5,6,12,0.04213934887269422,0.04213934887269422
thetao,W60p0,7,8,10,-0.04177423166837357,0.04177423166837357
thetao,W60p0,6,7,1,0.04141292466553551,0.04141292466553551
so,W60p0,6,7,3,-0.04092444796430287,0.04092444796430287
thetao,W60p0,6,7,9,-0.04078707873327895,0.04078707873327895
thetao,W10p0,6,7,9,-0.04072899283528359,0.04072899283528359
so,W10p0,6,7,21,-0.040288699567619726,0.040288699567619726
thetao,W10p0,9,10,17,-0.04009612320130574,0.04009612320130574
so,W10p0,2,3,13,-0.03975244308454171,0.03975244308454171
so,W10p0,6,7,0,-0.03935410233536474,0.03935410233536474
so,W10p0,6,7,24,-0.039015715236884733,0.039015715236884733
so,W30p0,0,1,2,0.03889727323939534,0.03889727323939534
thetao,W30p0,4,5,22,-0.038626174752219446,0.038626174752219446
so,W40p0,9,10,11,0.03856980596806485,0.03856980596806485
thetao,W10p0,7,8,15,0.038121594597719556,0.038121594597719556
so,W10p0,6,7,2,-0.038090069090140594,0.038090069090140594
so,W10p0,2,3,8,-0.037696747988706744,0.037696747988706744
so,W60p0,3,4,1,-0.037408885184759925,0.037408885184759925
thetao,W20p0,5,6,23,0.03699351161414373,0.03699351161414373
so,W40p0,1,2,2,0.03595199352451947,0.03595199352451947
thetao,W10p0,9,10,21,0.035913099253780376,0.035913099253780376
thetao,W30p0,4,5,5,-0.035482587547531017,0.035482587547531017
so,W40p0,8,9,2,-0.0352250835346672,0.0352250835346672
so,W10p0,2,3,25,0.03444592433195408,0.03444592433195408
thetao,W20p0,5,6,19,0.03408256991340223,0.03408256991340223
thetao,W10p0,5,6,20,-0.03370114122609741,0.03370114122609741
thetao,W60p0,7,8,16,0.03358659953416502,0.03358659953416502
thetao,W30p0,4,5,16,0.03214388540198535,0.03214388540198535
so,W10p0,5,6,2,0.03211678239964241,0.03211678239964241
thetao,W10p0,6,7,15,0.032097240024612964,0.032097240024612964
thetao,W10p0,7,8,13,-0.03179229044152752,0.03179229044152752
so,W40p0,1,2,3,0.031616083976155986,0.031616083976155986
thetao,W10p0,9,10,23,-0.03149567708041228,0.03149567708041228
thetao,W30p0,4,5,0,0.029642749367601612,0.029642749367601612
thetao,W10p0,9,10,16,-0.029374629636107905,0.029374629636107905
so,W60p0,4,5,23,-0.02923426303428807,0.02923426303428807
thetao,W10p0,5,6,21,-0.028982669608070114,0.028982669608070114
thetao,W40p0,0,1,23,-0.0284047620514418,0.0284047620514418
thetao,W30p0,4,5,3,0.027780037095574105,0.027780037095574105
so,W60p0,4,5,9,-0.027338673944348593,0.027338673944348593
thetao,W40p0,0,1,22,-0.027156080728211518,0.027156080728211518
so,W40p0,9,10,5,0.02686064453700706,0.02686064453700706
so,W10p0,6,7,22,-0.02668782684355409,0.02668782684355409
thetao,W60p0,7,8,19,-0.026416765739437142,0.026416765739437142
thetao,W30p0,4,5,23,-0.026231197336301387,0.026231197336301387
thetao,W40p0,0,1,19,-0.026227767387140496,0.026227767387140496
thetao,W20p0,9,10,8,-0.026221221839031975,0.026221221839031975
thetao,W10p0,7,8,11,-0.02615033380302687,0.02615033380302687
thetao,W10p0,6,7,23,-0.026074970580211996,0.026074970580211996
thetao,W60p0,7,8,18,-0.025573399000693352,0.025573399000693352
so,W60p0,0,1,23,-0.025531054290386577,0.025531054290386577
so,W30p0,9,10,3,-0.025436170763085283,0.025436170763085283
thetao,W60p0,6,7,6,-0.025152321234853024,0.025152321234853024
thetao,W40p0,0,1,10,-0.02501689218547239,0.02501689218547239
thetao,W40p0,0,1,21,-0.025009728667684746,0.025009728667684746
so,W40p0,9,10,15,-0.024578654690961883,0.024578654690961883
thetao,W60p0,6,7,7,-0.024074385583451114,0.024074385583451114
thetao,W40p0,0,1,11,-0.023868680796777068,0.023868680796777068
thetao,W40p0,0,1,20,-0.023804630208107396,0.023804630208107396
so,W40p0,9,10,3,0.023749799287150986,0.023749799287150986
so,W40p0,9,10,12,-0.023618473215872078,0.023618473215872078
so,W10p0,2,3,6,0.023564832997460764,0.023564832997460764
so,W40p0,9,10,20,-0.023520804460959915,0.023520804460959915
thetao,W20p0,6,7,8,0.023135471539175292,0.023135471539175292
so,W40p0,1,2,1,-0.02290510575522082,0.02290510575522082
thetao,W20p0,9,10,9,-0.022523805537520376,0.022523805537520376
thetao,W20p0,5,6,24,0.021819365385268092,0.021819365385268092
thetao,W40p0,0,1,8,-0.021758096918153447,0.021758096918153447
thetao,W60p0,6,7,5,0.021752607275405334,0.021752607275405334
so,W10p0,5,6,0,0.021616686683924986,0.021616686683924986
thetao,W20p0,5,6,5,0.021564260268954086,0.021564260268954086
so,W10p0,6,7,3,-0.02145511833650912,0.02145511833650912
thetao,W20p0,6,7,7,0.02142355365499524,0.02142355365499524
thetao,W30p0,4,5,13,-0.021318706028437197,0.021318706028437197
thetao,W60p0,7,8,9,-0.0212142398526256,0.0212142398526256
so,W20p0,1,2,11,-0.020918227125150405,0.020918227125150405
thetao,W60p0,7,8,17,0.020640803265423634,0.020640803265423634
thetao,W20p0,6,7,18,0.020344296028166977,0.020344296028166977
thetao,W20p0,6,7,17,0.02028360575271303,0.02028360575271303
thetao,W30p0,4,5,10,0.020249496702976176,0.020249496702976176
so,W40p0,1,2,7,0.019858699911630272,0.019858699911630272
thetao,W30p0,4,5,6,0.01966257832939754,0.01966257832939754
so,W40p0,9,10,9,0.019580760326966748,0.019580760326966748
thetao,W20p0,6,7,9,-0.01944688940165406,0.01944688940165406
thetao,W20p0,5,6,4,-0.01917090750367524,0.01917090750367524
thetao,W10p0,9,10,22,-0.018428093512680925,0.018428093512680925
thetao,W60p0,7,8,20,-0.018140803161477183,0.018140803161477183
thetao,W10p0,6,7,16,0.01743698595739964,0.01743698595739964
so,W40p0,9,10,17,0.01730949088139475,0.01730949088139475
thetao,W10p0,6,7,17,-0.017131757625711955,0.017131757625711955
thetao,W10p0,7,8,14,0.01650712079813007,0.01650712079813007
thetao,W10p0,5,6,23,0.015931686628802448,0.015931686628802448
so,W10p0,2,3,5,-0.01592128928116929,0.01592128928116929
so,W10p0,5,6,3,0.015900710078641765,0.015900710078641765
so,W10p0,6,7,1,-0.015746620277309272,0.015746620277309272
thetao,W10p0,6,7,25,-0.01548984344916595,0.01548984344916595
so,W40p0,9,10,22,0.01519417049150658,0.01519417049150658
so,W40p0,9,10,19,-0.01518220327721989,0.01518220327721989
thetao,W20p0,5,6,25,0.015032627272383466,0.015032627272383466
thetao,W10p0,6,7,24,-0.014978154845006267,0.014978154845006267
so,W40p0,1,2,4,0.014530652161407902,0.014530652161407902
thetao,W20p0,5,6,13,-0.014440014553071106,0.014440014553071106
so,W10p0,2,3,7,0.014368153142742313,0.014368153142742313
so,W40p0,9,10,14,-0.014241842591507153,0.014241842591507153
thetao,W60p0,6,7,4,0.0137697891584427,0.0137697891584427
thetao,W10p0,9,10,18,-0.013550738207974885,0.013550738207974885
thetao,W10p0,5,6,24,0.011998008762338247,0.011998008762338247
so,W20p0,1,2,21,-0.011577225408402766,0.011577225408402766
thetao,W20p0,6,7,10,0.011510529218390731,0.011510529218390731
thetao,W20p0,6,7,11,0.011243186061201105,0.011243186061201105
so,W30p0,0,1,6,0.01100191035116333,0.01100191035116333
thetao,W10p0,8,9,20,0.010445854121255253,0.010445854121255253
thetao,W30p0,4,5,2,0.009943119706066556,0.009943119706066556
so,W20p0,1,2,13,0.009845788204324591,0.009845788204324591
so,W40p0,9,10,23,-0.008872815336050872,0.008872815336050872
so,W30p0,0,1,7,-0.00836477569344376,0.00836477569344376
thetao,W30p0,4,5,4,0.008080966930193792,0.008080966930193792
thetao,W40p0,0,1,13,-0.008074192955023117,0.008074192955023117
thetao,W60p0,6,7,2,0.007947874686031378,0.007947874686031378
thetao,W10p0,6,7,14,-0.007882364305120867,0.007882364305120867
so,W40p0,9,10,24,0.0076265719205356845,0.0076265719205356845
so,W30p0,0,1,4,0.007505661115781133,0.007505661115781133
thetao,W40p0,0,1,25,-0.007312797580133298,0.007312797580133298
thetao,W40p0,0,1,12,0.0069271689515796086,0.0069271689515796086
thetao,W20p0,6,7,16,-0.0067451154844552445,0.0067451154844552445
so,W40p0,9,10,4,0.006572872200298984,0.006572872200298984
thetao,W30p0,4,5,11,0.006126588703384969,0.006126588703384969
so,W20p0,1,2,14,0.005635939155842048,0.005635939155842048
so,W40p0,9,10,16,-0.005610515067327538,0.005610515067327538
thetao,W40p0,0,1,9,-0.005214065087144292,0.005214065087144292
thetao,W20p0,9,10,7,0.005195697646926651,0.005195697646926651
thetao,W30p0,4,5,12,-0.00517970393084514,0.00517970393084514
thetao,W30p0,4,5,21,0.004468094305604695,0.004468094305604695
so,W40p0,9,10,13,0.004401939382630365,0.004401939382630365
so,W20p0,1,2,20,0.00436882264269708,0.00436882264269708
so,W40p0,1,2,5,-0.0042815415155600485,0.0042815415155600485
thetao,W10p0,5,6,22,0.00410209651248705,0.00410209651248705
thetao,W20p0,5,6,6,-0.004051011063003002,0.004051011063003002
thetao,W40p0,0,1,24,0.004010780291506233,0.004010780291506233
thetao,W30p0,4,5,1,-0.0038305796539899527,0.0038305796539899527
so,W30p0,0,1,5,0.0033985836721377484,0.0033985836721377484
so,W60p0,4,5,10,-0.0033471540131408376,0.0033471540131408376
thetao,W20p0,5,6,14,-0.0023625385249778008,0.0023625385249778008
so,W40p0,1,2,6,-0.0009856094998751403,0.0009856094998751403
so,W30p0,0,1,1,-0.0008579080966895556,0.0008579080966895556
so,W10p0,2,3,14,-0.0004701070730306,0.0004701070730306
thetao,W60p0,6,7,3,0.000384299131656981,0.000384299131656981
so,W10p0,2,3,15,-1.887153863990523e-05,1.887153863990523e-05
