var,lon_tag,mode,lag,corr,abs_corr
thetao,W20p0,2,9,-0.5693488314630254,0.5693488314630254
thetao,W20p0,2,10,-0.544721385850291,0.544721385850291
thetao,W20p0,2,8,-0.5169982612652826,0.5169982612652826
thetao,W30p0,2,13,-0.5011636626244651,0.5011636626244651
thetao,W20p0,2,11,-0.4920295754191896,0.4920295754191896
so,W30p0,5,3,0.4889578339631131,0.4889578339631131
so,W40p0,2,14,0.47960826712686794,0.47960826712686794
so,W30p0,5,2,0.47808361615390305,0.47808361615390305
thetao,W30p0,9,1,-0.47491784563235484,0.47491784563235484
thetao,W30p0,2,14,-0.4723353551317191,0.4723353551317191
thetao,W30p0,2,12,-0.46688822873691793,0.46688822873691793
thetao,W10p0,4,7,0.466454042020522,0.466454042020522
so,W60p0,1,0,0.4650048269751887,0.4650048269751887
so,W40p0,2,15,0.4591499775874008,0.4591499775874008
thetao,W10p0,4,8,0.45629003379912686,0.45629003379912686
so,W30p0,1,13,0.43564353262701805,0.43564353262701805
thetao,W30p0,9,0,-0.43485619539711007,0.43485619539711007
so,W30p0,5,4,0.4337885676537796,0.4337885676537796
thetao,W30p0,1,8,-0.4288222747081284,0.4288222747081284
so,W20p0,6,3,0.42647348059161283,0.42647348059161283
thetao,W30p0,2,11,-0.4256413194118234,0.4256413194118234
so,W30p0,1,8,0.4241888741529462,0.4241888741529462
so,W40p0,2,13,0.4208009838201565,0.4208009838201565
so,W60p0,1,1,0.4204121765916707,0.4204121765916707
so,W30p0,1,9,0.42025982158144376,0.42025982158144376
thetao,W20p0,7,0,-0.4197293220862789,0.4197293220862789
thetao,W40p0,9,0,0.4192945917036809,0.4192945917036809
so,W40p0,2,2,-0.4151880915502979,0.4151880915502979
thetao,W30p0,1,9,-0.4145128698202607,0.4145128698202607
so,W30p0,1,12,0.4136577015506945,0.4136577015506945
thetao,W20p0,2,12,-0.4133080632909472,0.4133080632909472
so,W20p0,1,8,-0.4109407867061369,0.4109407867061369
thetao,W10p0,4,6,0.4084396161271681,0.4084396161271681
thetao,W10p0,4,9,0.40837974822522133,0.40837974822522133
thetao,W10p0,7,5,0.4082716477246095,0.4082716477246095
thetao,W30p0,5,17,0.40347929471032584,0.40347929471032584
thetao,W20p0,2,7,-0.4030366552236898,0.4030366552236898
so,W40p0,2,16,0.4005841053428724,0.4005841053428724
thetao,W60p0,3,2,-0.39968228849486254,0.39968228849486254
so,W20p0,6,4,0.3986889119812981,0.3986889119812981
so,W30p0,1,14,0.39738660881694093,0.39738660881694093
so,W40p0,2,3,-0.39496737725165787,0.39496737725165787
thetao,W60p0,1,7,0.39377190248113514,0.39377190248113514
thetao,W60p0,3,3,-0.3934677684783428,0.3934677684783428
thetao,W30p0,9,2,-0.3892194892977069,0.3892194892977069
so,W10p0,1,20,0.38735432023263267,0.38735432023263267
so,W10p0,1,5,-0.3852903333138089,0.3852903333138089
so,W40p0,1,0,0.384853760306445,0.384853760306445
thetao,W30p0,1,7,-0.3838455562668795,0.3838455562668795
so,W20p0,2,10,-0.382682483604469,0.382682483604469
thetao,W60p0,1,8,0.38085105948109194,0.38085105948109194
so,W30p0,1,10,0.3792914133336536,0.3792914133336536
so,W20p0,6,2,0.3778088681113128,0.3778088681113128
thetao,W10p0,4,5,0.3742107048740723,0.3742107048740723
thetao,W10p0,7,6,0.37329378393160234,0.37329378393160234
so,W30p0,5,5,0.37323216762558714,0.37323216762558714
so,W10p0,1,19,0.37295417915806744,0.37295417915806744
so,W10p0,1,6,-0.3723390588404972,0.3723390588404972
thetao,W40p0,3,14,0.3722858788964476,0.3722858788964476
so,W40p0,5,0,-0.3703491390023891,0.3703491390023891
thetao,W40p0,3,13,0.3689757885741418,0.3689757885741418
so,W30p0,1,11,0.36871662368101243,0.36871662368101243
thetao,W10p0,7,4,0.36748898536180125,0.36748898536180125
so,W40p0,2,4,-0.36469929953993585,0.36469929953993585
thetao,W30p0,5,16,0.36259540548422414,0.36259540548422414
so,W20p0,2,9,-0.36249978143402606,0.36249978143402606
so,W30p0,5,1,0.3624796318051205,0.3624796318051205
so,W10p0,7,2,-0.36228321630513455,0.36228321630513455
thetao,W60p0,10,9,0.36224729109310905,0.36224729109310905
thetao,W10p0,4,20,-0.360396047814957,0.360396047814957
thetao,W20p0,7,1,-0.3597986402351288,0.3597986402351288
so,W10p0,1,18,0.35858412618093904,0.35858412618093904
thetao,W40p0,9,3,0.35854542430892505,0.35854542430892505
so,W20p0,2,11,-0.3580811502469359,0.3580811502469359
so,W10p0,1,4,-0.35768315593970773,0.35768315593970773
so,W40p0,2,1,-0.35744473273723554,0.35744473273723554
so,W60p0,2,7,0.35500617584497984,0.35500617584497984
so,W20p0,1,7,-0.35446365073162456,0.35446365073162456
so,W60p0,1,13,-0.3538982525828565,0.3538982525828565
so,W20p0,1,9,-0.3535541001011315,0.3535541001011315
so,W10p0,7,1,-0.3513086717708612,0.3513086717708612
thetao,W10p0,4,4,0.35100397373522746,0.35100397373522746
so,W30p0,1,15,0.35084684538131433,0.35084684538131433
so,W40p0,1,1,0.34861341718711664,0.34861341718711664
so,W30p0,5,6,0.3485247799564745,0.3485247799564745
so,W20p0,8,13,-0.3481429191892362,0.3481429191892362
thetao,W40p0,9,1,0.3480448466320303,0.3480448466320303
thetao,W10p0,4,3,0.3480050317750847,0.3480050317750847
so,W60p0,8,8,-0.3478058114095518,0.3478058114095518
so,W20p0,6,5,0.34649590118901613,0.34649590118901613
thetao,W40p0,9,14,-0.345998341417111,0.345998341417111
thetao,W10p0,6,0,-0.3458606713274875,0.3458606713274875
thetao,W40p0,3,15,0.34395747412209404,0.34395747412209404
so,W20p0,8,12,-0.3435359072581795,0.3435359072581795
so,W60p0,1,14,-0.3435307693414121,0.3435307693414121
so,W40p0,5,1,-0.3434700638759969,0.3434700638759969
so,W20p0,1,10,-0.34326536112707645,0.34326536112707645
so,W10p0,1,7,-0.3431886909125812,0.3431886909125812
thetao,W60p0,10,8,0.34245783191441065,0.34245783191441065
so,W60p0,2,6,0.3414412646979683,0.3414412646979683
so,W20p0,2,0,0.3413898717210524,0.3413898717210524
so,W30p0,1,7,0.3408243564793377,0.3408243564793377
thetao,W40p0,6,1,0.34023758225443984,0.34023758225443984
so,W40p0,5,13,0.3399307779710497,0.3399307779710497
so,W10p0,7,3,-0.33880635619836913,0.33880635619836913
thetao,W60p0,3,4,-0.3386583673097572,0.3386583673097572
so,W20p0,7,9,0.33812931188605616,0.33812931188605616
so,W30p0,3,13,-0.3374472127900854,0.3374472127900854
thetao,W60p0,3,1,-0.336675802706219,0.336675802706219
thetao,W60p0,1,9,0.3365157574156504,0.3365157574156504
so,W10p0,8,12,-0.33585500943224783,0.33585500943224783
thetao,W30p0,5,18,0.3344939143100321,0.3344939143100321
thetao,W40p0,9,13,-0.3344810204779071,0.3344810204779071
so,W60p0,8,7,-0.33367106899148335,0.33367106899148335
thetao,W40p0,2,20,0.3333083385202005,0.3333083385202005
so,W60p0,8,3,-0.3331849156729693,0.3331849156729693
so,W60p0,1,15,-0.33238235501636154,0.33238235501636154
so,W10p0,8,13,-0.3316555362563886,0.3316555362563886
thetao,W10p0,4,10,0.33123210240386625,0.33123210240386625
thetao,W60p0,3,5,-0.33118695353665273,0.33118695353665273
thetao,W40p0,9,4,0.33083500320290304,0.33083500320290304
so,W20p0,7,8,0.32976734958587334,0.32976734958587334
thetao,W60p0,1,6,0.32973598152037187,0.32973598152037187
thetao,W40p0,1,13,-0.3285388295867894,0.3285388295867894
so,W10p0,1,17,0.3276531247909443,0.3276531247909443
thetao,W30p0,5,15,0.32743492200983065,0.32743492200983065
so,W60p0,8,4,-0.3272502021734756,0.3272502021734756
thetao,W20p0,2,13,-0.3270241938504248,0.3270241938504248
thetao,W60p0,10,10,0.32645882090262196,0.32645882090262196
so,W20p0,1,20,0.32624235697453,0.32624235697453
so,W20p0,2,12,-0.3234651682152973,0.3234651682152973
thetao,W60p0,1,13,0.3216259769910984,0.3216259769910984
so,W10p0,1,8,-0.3202824938236273,0.3202824938236273
so,W40p0,5,12,0.32011909644681447,0.32011909644681447
so,W20p0,6,1,0.3197598350337717,0.3197598350337717
thetao,W60p0,1,12,0.3195828522644738,0.3195828522644738
thetao,W60p0,9,1,0.3195656482222227,0.3195656482222227
so,W60p0,8,9,-0.3185708548336883,0.3185708548336883
so,W20p0,8,18,-0.31846482414585403,0.31846482414585403
so,W20p0,1,11,-0.3175185771859169,0.3175185771859169
thetao,W40p0,9,2,0.3161911704850434,0.3161911704850434
so,W20p0,8,14,-0.3159931421397201,0.3159931421397201
so,W60p0,4,10,-0.3158839629358646,0.3158839629358646
so,W40p0,2,17,0.3144432121817863,0.3144432121817863
so,W30p0,3,12,-0.3115910765444462,0.3115910765444462
thetao,W10p0,6,1,-0.3113556511013928,0.3113556511013928
so,W60p0,7,12,-0.31071542367138294,0.31071542367138294
so,W60p0,1,12,-0.3106998926017313,0.3106998926017313
so,W10p0,8,14,-0.3103987043208361,0.3103987043208361
thetao,W30p0,1,6,-0.3097388750385922,0.3097388750385922
thetao,W40p0,9,10,-0.3097118374604513,0.3097118374604513
so,W40p0,2,5,-0.3079652080781821,0.3079652080781821
thetao,W30p0,2,10,-0.3070521848926283,0.3070521848926283
thetao,W20p0,6,4,0.30642504976774415,0.30642504976774415
so,W30p0,3,14,-0.3063133780514426,0.3063133780514426
so,W40p0,7,9,0.3052772156789794,0.3052772156789794
so,W40p0,2,12,0.30509676535857533,0.30509676535857533
thetao,W20p0,3,15,0.3049753352854,0.3049753352854
thetao,W40p0,6,2,0.3047527975981271,0.3047527975981271
so,W20p0,2,13,-0.30206363514843804,0.30206363514843804
so,W60p0,8,2,-0.3019464543266615,0.3019464543266615
so,W60p0,2,8,0.3019009397437626,0.3019009397437626
so,W20p0,8,17,-0.3015300952548198,0.3015300952548198
thetao,W60p0,3,6,-0.30112546987197564,0.30112546987197564
thetao,W40p0,1,1,-0.30110877664972324,0.30110877664972324
thetao,W40p0,1,12,-0.30057694801783685,0.30057694801783685
so,W20p0,9,7,-0.30048939771164745,0.30048939771164745
so,W10p0,1,9,-0.29967364565437216,0.29967364565437216
thetao,W30p0,1,10,-0.2991564223089355,0.2991564223089355
thetao,W40p0,9,11,-0.2984782764611804,0.2984782764611804
so,W40p0,1,2,0.29615141631343567,0.29615141631343567
thetao,W40p0,1,14,-0.2954445892624546,0.2954445892624546
so,W10p0,3,12,0.295402533648779,0.295402533648779
thetao,W40p0,6,0,0.2953458867578252,0.2953458867578252
thetao,W10p0,6,2,-0.2952317052490553,0.2952317052490553
thetao,W60p0,5,4,0.29504221485990867,0.29504221485990867
thetao,W60p0,1,14,0.2949233588883304,0.2949233588883304
so,W40p0,7,12,0.29470205034843194,0.29470205034843194
so,W20p0,1,19,0.29432030922760394,0.29432030922760394
so,W10p0,2,12,0.2940971502197778,0.2940971502197778
thetao,W30p0,2,15,-0.29365162934787126,0.29365162934787126
thetao,W20p0,6,5,0.2926887323056551,0.2926887323056551
thetao,W60p0,8,1,-0.29225085920401084,0.29225085920401084
so,W10p0,1,3,-0.29095462219693063,0.29095462219693063
so,W60p0,1,16,-0.2901873652569967,0.2901873652569967
thetao,W60p0,3,20,0.2896301783732518,0.2896301783732518
thetao,W20p0,3,16,0.289051597593456,0.289051597593456
so,W20p0,2,1,0.288856864397455,0.288856864397455
thetao,W40p0,3,12,0.28806915600709543,0.28806915600709543
thetao,W60p0,9,0,0.2878710079555861,0.2878710079555861
so,W60p0,8,5,-0.28745703408324286,0.28745703408324286
so,W40p0,7,11,0.28713925010810365,0.28713925010810365
thetao,W20p0,1,14,-0.28711346723812375,0.28711346723812375
thetao,W10p0,4,2,0.28700265124189356,0.28700265124189356
so,W20p0,10,1,-0.28576419869042097,0.28576419869042097
so,W60p0,4,11,-0.2853386833836413,0.2853386833836413
so,W60p0,8,6,-0.2852310855567623,0.2852310855567623
so,W40p0,7,8,0.2850812652953075,0.2850812652953075
so,W10p0,6,8,-0.28457576676494656,0.28457576676494656
thetao,W10p0,9,5,-0.2839241845635305,0.2839241845635305
so,W10p0,2,13,0.2817896400152607,0.2817896400152607
so,W40p0,1,6,0.2817574107178704,0.2817574107178704
thetao,W60p0,1,10,0.281370075027393,0.281370075027393
so,W40p0,5,2,-0.2811837913109713,0.2811837913109713
thetao,W40p0,1,2,-0.2810004929107475,0.2810004929107475
so,W60p0,1,18,-0.28094948192936786,0.28094948192936786
so,W10p0,7,4,-0.28055852548630256,0.28055852548630256
thetao,W40p0,9,12,-0.28044694769587275,0.28044694769587275
so,W20p0,6,6,0.28037510602933646,0.28037510602933646
so,W10p0,7,0,-0.2802489660616183,0.2802489660616183
thetao,W10p0,1,13,-0.27960485857294903,0.27960485857294903
so,W10p0,2,1,-0.2790265402308757,0.2790265402308757
so,W30p0,5,7,0.27866941746385454,0.27866941746385454
so,W10p0,8,15,-0.27804359940518547,0.27804359940518547
thetao,W10p0,6,12,0.2780339883570375,0.2780339883570375
so,W10p0,1,16,0.27765789376425865,0.27765789376425865
thetao,W10p0,1,12,-0.27738289396195487,0.27738289396195487
thetao,W40p0,4,5,0.2767983577659976,0.2767983577659976
thetao,W20p0,6,3,0.2761609436830568,0.2761609436830568
so,W60p0,1,19,-0.2759639197548075,0.2759639197548075
so,W20p0,8,19,-0.2749987824775176,0.2749987824775176
thetao,W20p0,1,15,-0.27491682565650066,0.27491682565650066
so,W60p0,1,17,-0.2748114247633453,0.2748114247633453
so,W60p0,7,11,-0.2739270048884395,0.2739270048884395
so,W30p0,1,16,0.2731955492737084,0.2731955492737084
thetao,W20p0,2,6,-0.2726297372451114,0.2726297372451114
so,W20p0,6,0,0.27235665390819264,0.27235665390819264
thetao,W10p0,4,19,-0.2720850473416137,0.2720850473416137
so,W20p0,7,7,0.2718363269856737,0.2718363269856737
so,W60p0,10,0,-0.2717613864402098,0.2717613864402098
thetao,W60p0,1,11,0.2712885486560285,0.2712885486560285
so,W60p0,3,0,0.2711566306475979,0.2711566306475979
thetao,W60p0,5,7,0.2709522912115954,0.2709522912115954
so,W10p0,6,7,-0.2705733376561124,0.2705733376561124
thetao,W30p0,9,3,-0.269847806924322,0.269847806924322
thetao,W20p0,7,2,-0.2696477451538228,0.2696477451538228
so,W60p0,7,1,0.269547702484947,0.269547702484947
so,W30p0,9,2,0.2693475489837279,0.2693475489837279
so,W20p0,7,10,0.26918288158914383,0.26918288158914383
so,W20p0,3,14,-0.2690100071412051,0.2690100071412051
so,W60p0,1,2,0.2686426190376072,0.2686426190376072
so,W10p0,2,11,0.26713245642807787,0.26713245642807787
so,W40p0,7,10,0.26550402739877865,0.26550402739877865
thetao,W40p0,3,16,0.26537134844687266,0.26537134844687266
thetao,W20p0,1,13,-0.2653530267133145,0.2653530267133145
thetao,W60p0,5,5,0.2651104133633956,0.2651104133633956
thetao,W10p0,7,7,0.26413806175658733,0.26413806175658733
so,W20p0,10,2,-0.26316096831111935,0.26316096831111935
thetao,W10p0,9,14,0.2622600759441489,0.2622600759441489
so,W40p0,1,3,0.2618016099328871,0.2618016099328871
thetao,W20p0,2,14,-0.2616296347377761,0.2616296347377761
thetao,W40p0,4,4,0.26135302147532474,0.26135302147532474
thetao,W10p0,7,8,0.2612273130430869,0.2612273130430869
thetao,W60p0,8,0,-0.2612047920391164,0.2612047920391164
so,W20p0,2,8,-0.26072508155285135,0.26072508155285135
thetao,W10p0,10,20,-0.2606060731894396,0.2606060731894396
thetao,W40p0,4,3,0.2603412995476903,0.2603412995476903
so,W20p0,1,6,-0.2598932512627507,0.2598932512627507
so,W10p0,8,16,-0.259749534627765,0.259749534627765
so,W40p0,7,0,-0.2593015055695717,0.2593015055695717
thetao,W30p0,9,11,0.2592180707908097,0.2592180707908097
so,W60p0,7,2,0.25914634257424607,0.25914634257424607
thetao,W60p0,10,7,0.25736289978034055,0.25736289978034055
thetao,W20p0,6,0,0.2572324035995496,0.2572324035995496
so,W20p0,9,8,-0.2570829384943123,0.2570829384943123
so,W60p0,4,12,-0.2562869952241939,0.2562869952241939
so,W20p0,3,15,-0.25583973261678244,0.25583973261678244
thetao,W40p0,1,0,-0.2555333434349388,0.2555333434349388
thetao,W20p0,3,17,0.2552431889257504,0.2552431889257504
so,W40p0,2,6,-0.2551944408656284,0.2551944408656284
thetao,W10p0,6,18,0.2549070845467115,0.2549070845467115
thetao,W10p0,7,9,0.2546120747356552,0.2546120747356552
so,W20p0,10,11,-0.254251698939122,0.254251698939122
thetao,W30p0,4,13,0.25421809941525875,0.25421809941525875
so,W30p0,9,3,0.25380153628644575,0.25380153628644575
so,W20p0,1,12,-0.25360847749552595,0.25360847749552595
thetao,W40p0,2,19,0.25354859058719625,0.25354859058719625
thetao,W60p0,5,6,0.25298886214689986,0.25298886214689986
so,W40p0,2,18,0.2526776499842506,0.2526776499842506
thetao,W40p0,9,15,-0.2516380098856362,0.2516380098856362
thetao,W10p0,9,15,0.25145240138778646,0.25145240138778646
so,W30p0,7,0,-0.25123591065920736,0.25123591065920736
so,W40p0,8,20,0.2511976143577075,0.2511976143577075
so,W10p0,3,13,0.2509162649179759,0.2509162649179759
thetao,W20p0,1,16,-0.24913901480294773,0.24913901480294773
thetao,W30p0,4,14,0.24911542353447055,0.24911542353447055
so,W40p0,6,1,-0.24822430447171584,0.24822430447171584
so,W60p0,9,10,0.2477892301322701,0.2477892301322701
so,W10p0,2,2,-0.24749220476947426,0.24749220476947426
so,W40p0,10,13,-0.24731153887685509,0.24731153887685509
thetao,W30p0,3,13,-0.24725639155287288,0.24725639155287288
so,W20p0,2,14,-0.2470850884650491,0.2470850884650491
thetao,W60p0,1,15,0.24702866491418032,0.24702866491418032
thetao,W10p0,2,19,0.2468810215582311,0.2468810215582311
so,W60p0,2,5,0.24686698431633505,0.24686698431633505
thetao,W60p0,5,3,0.2465178583890922,0.2465178583890922
so,W30p0,3,11,-0.24544969471038558,0.24544969471038558
thetao,W60p0,8,2,-0.24525523099883442,0.24525523099883442
thetao,W30p0,1,20,0.24510338724111674,0.24510338724111674
thetao,W60p0,10,11,0.24479715271609614,0.24479715271609614
so,W30p0,2,14,-0.24447685747098413,0.24447685747098413
so,W30p0,10,0,0.244235367229879,0.244235367229879
so,W10p0,8,17,-0.24401259173595127,0.24401259173595127
so,W40p0,7,7,0.2439234228763596,0.2439234228763596
thetao,W20p0,6,6,0.2438105947883164,0.2438105947883164
so,W40p0,1,5,0.24253979387843633,0.24253979387843633
thetao,W30p0,4,15,0.24212706618203125,0.24212706618203125
so,W60p0,7,10,-0.24186649034325408,0.24186649034325408
so,W20p0,8,16,-0.24186634241233132,0.24186634241233132
thetao,W40p0,1,3,-0.24160542952811942,0.24160542952811942
thetao,W60p0,9,2,0.24127937487329387,0.24127937487329387
so,W20p0,10,9,-0.24122840964245854,0.24122840964245854
thetao,W10p0,1,8,-0.24093550630308433,0.24093550630308433
so,W40p0,5,11,0.24074427020244316,0.24074427020244316
so,W10p0,1,10,-0.2405361336962262,0.2405361336962262
so,W60p0,4,9,-0.24032793328874766,0.24032793328874766
thetao,W20p0,10,8,0.24029546903234528,0.24029546903234528
thetao,W30p0,6,2,0.23952575228398065,0.23952575228398065
so,W30p0,9,1,0.23946496883640916,0.23946496883640916
so,W40p0,10,14,-0.2394330195771878,0.2394330195771878
thetao,W30p0,6,3,0.2391311483826906,0.2391311483826906
so,W40p0,5,14,0.23903243227596357,0.23903243227596357
so,W10p0,8,11,-0.23881469047948986,0.23881469047948986
thetao,W20p0,9,20,-0.23863276445973072,0.23863276445973072
thetao,W30p0,8,16,-0.23749581954843907,0.23749581954843907
thetao,W20p0,10,7,0.2366582550987374,0.2366582550987374
thetao,W10p0,1,11,-0.23619213691116647,0.23619213691116647
so,W10p0,6,9,-0.23607990150501623,0.23607990150501623
thetao,W60p0,5,8,0.23597401871175336,0.23597401871175336
thetao,W30p0,6,0,0.2356220806520295,0.2356220806520295
thetao,W30p0,6,1,0.2354329032290165,0.2354329032290165
thetao,W30p0,9,12,0.2337830822984446,0.2337830822984446
thetao,W40p0,1,11,-0.2333665416253163,0.2333665416253163
thetao,W10p0,8,20,0.2333165777937748,0.2333165777937748
thetao,W10p0,7,10,0.23324023520330825,0.23324023520330825
so,W40p0,3,20,0.2330795343950588,0.2330795343950588
thetao,W10p0,1,14,-0.23297033679234583,0.23297033679234583
so,W10p0,2,0,-0.2326119597844775,0.2326119597844775
thetao,W20p0,3,14,0.23220081713956778,0.23220081713956778
thetao,W60p0,6,5,-0.23214952590273588,0.23214952590273588
thetao,W40p0,6,3,0.23109780707076405,0.23109780707076405
thetao,W10p0,4,11,0.23091380170957643,0.23091380170957643
so,W40p0,1,7,0.2309018446541016,0.2309018446541016
so,W10p0,3,11,0.23036132597500875,0.23036132597500875
so,W20p0,8,11,-0.23032763631774755,0.23032763631774755
so,W10p0,2,14,0.23018410138304882,0.23018410138304882
so,W60p0,7,13,-0.22972592203741593,0.22972592203741593
so,W40p0,1,4,0.229438376077592,0.229438376077592
so,W10p0,7,5,-0.22905360781408063,0.22905360781408063
so,W20p0,10,20,0.2287902025274986,0.2287902025274986
thetao,W60p0,6,10,-0.22859493492992072,0.22859493492992072
so,W60p0,2,1,0.2282537367108008,0.2282537367108008
thetao,W60p0,3,0,-0.22817361491110139,0.22817361491110139
thetao,W10p0,1,9,-0.22814125203837346,0.22814125203837346
thetao,W40p0,9,9,-0.22790453324752644,0.22790453324752644
thetao,W60p0,2,17,-0.22729088757197077,0.22729088757197077
thetao,W10p0,1,7,-0.227131060902304,0.227131060902304
thetao,W40p0,4,2,0.22699543566242025,0.22699543566242025
thetao,W20p0,10,20,-0.22690754603582422,0.22690754603582422
thetao,W40p0,10,18,-0.22687159596738604,0.22687159596738604
thetao,W40p0,1,6,-0.22677595746232473,0.22677595746232473
thetao,W60p0,6,4,-0.2266684280233286,0.2266684280233286
thetao,W60p0,3,7,-0.22589785526917633,0.22589785526917633
so,W20p0,8,15,-0.2257477223000519,0.2257477223000519
so,W60p0,8,10,-0.22573886400525056,0.22573886400525056
so,W30p0,3,15,-0.22562792572824333,0.22562792572824333
thetao,W30p0,3,15,-0.2255744090713699,0.2255744090713699
thetao,W10p0,1,10,-0.2254724807459667,0.2254724807459667
thetao,W30p0,5,14,0.2254222095320246,0.2254222095320246
so,W20p0,9,6,-0.22530861834772709,0.22530861834772709
so,W40p0,7,13,0.2252629253838183,0.2252629253838183
thetao,W40p0,4,6,0.2249566529880686,0.2249566529880686
so,W10p0,10,10,-0.22492239337745945,0.22492239337745945
so,W60p0,3,1,0.2246514374689875,0.2246514374689875
so,W60p0,8,1,-0.2246393154157134,0.2246393154157134
thetao,W20p0,10,16,0.22438942897950825,0.22438942897950825
thetao,W10p0,3,1,0.2236830475838946,0.2236830475838946
so,W20p0,3,13,-0.22335768432894448,0.22335768432894448
thetao,W30p0,1,5,-0.22297385036391965,0.22297385036391965
thetao,W20p0,6,13,-0.2228847271143905,0.2228847271143905
so,W20p0,3,16,-0.22277947656114705,0.22277947656114705
thetao,W10p0,7,3,0.22270882163656014,0.22270882163656014
thetao,W60p0,2,16,-0.22229687249784996,0.22229687249784996
thetao,W20p0,6,14,-0.2218260531767502,0.2218260531767502
thetao,W20p0,6,2,0.22162300167466228,0.22162300167466228
thetao,W20p0,1,12,-0.2214888959356093,0.2214888959356093
thetao,W10p0,2,20,0.2208381030133103,0.2208381030133103
thetao,W40p0,6,13,-0.2207253469601532,0.2207253469601532
thetao,W30p0,2,9,-0.22069839163223282,0.22069839163223282
so,W30p0,4,12,0.220291715488308,0.220291715488308
so,W60p0,1,11,-0.2199815590673512,0.2199815590673512
so,W30p0,5,8,0.21962455608280618,0.21962455608280618
so,W60p0,2,19,-0.21903931157355977,0.21903931157355977
so,W10p0,2,20,0.21892638687934454,0.21892638687934454
so,W30p0,5,0,0.21889119117052522,0.21889119117052522
thetao,W30p0,4,16,0.21846909505387782,0.21846909505387782
thetao,W10p0,2,18,0.2184162812572337,0.2184162812572337
so,W30p0,1,6,0.2182506040352707,0.2182506040352707
thetao,W40p0,9,5,0.21824421298458505,0.21824421298458505
thetao,W30p0,9,10,0.21770612967765926,0.21770612967765926
so,W40p0,2,0,-0.21745543872287654,0.21745543872287654
thetao,W40p0,2,15,-0.21740691336344498,0.21740691336344498
so,W20p0,10,3,-0.21730386374333016,0.21730386374333016
so,W30p0,3,0,-0.21699977130253545,0.21699977130253545
so,W20p0,8,20,-0.21690052786484018,0.21690052786484018
so,W60p0,5,0,0.2165280464405036,0.2165280464405036
so,W60p0,7,9,-0.21652131238689953,0.21652131238689953
thetao,W40p0,6,14,-0.2165067542642661,0.2165067542642661
so,W60p0,2,14,0.216494220044726,0.216494220044726
so,W20p0,10,19,0.2162846236824786,0.2162846236824786
so,W60p0,5,13,0.2161070985368859,0.2161070985368859
thetao,W10p0,6,13,0.21607968472775935,0.21607968472775935
thetao,W60p0,3,19,0.21562060068572886,0.21562060068572886
so,W30p0,5,15,-0.21528248505668962,0.21528248505668962
thetao,W40p0,10,17,-0.21513672549150667,0.21513672549150667
so,W60p0,2,9,0.21489588671625418,0.21489588671625418
thetao,W10p0,5,0,-0.21482096173573995,0.21482096173573995
so,W10p0,2,10,0.2147363488076743,0.2147363488076743
so,W10p0,1,15,0.2144339328206715,0.2144339328206715
so,W60p0,9,9,0.21348948111342728,0.21348948111342728
thetao,W40p0,1,7,-0.2128437155193011,0.2128437155193011
thetao,W30p0,6,4,0.21203135169450849,0.21203135169450849
thetao,W60p0,6,0,-0.21134899263955279,0.21134899263955279
so,W10p0,6,6,-0.2110169440723849,0.2110169440723849
thetao,W60p0,9,14,-0.21092380138451744,0.21092380138451744
thetao,W60p0,10,0,-0.2106921574918021,0.2106921574918021
thetao,W30p0,9,7,0.2104793467688994,0.2104793467688994
thetao,W30p0,8,17,-0.21001888285496884,0.21001888285496884
so,W60p0,2,13,0.20985796799010986,0.20985796799010986
thetao,W10p0,4,18,-0.20963935190501554,0.20963935190501554
thetao,W20p0,2,5,-0.2093872705282494,0.2093872705282494
so,W30p0,4,13,0.20928732367625016,0.20928732367625016
thetao,W60p0,6,11,-0.2090696747750762,0.2090696747750762
thetao,W10p0,6,11,0.2082749345739095,0.2082749345739095
thetao,W10p0,3,4,0.20767723827223528,0.20767723827223528
thetao,W30p0,5,19,0.20755243332964282,0.20755243332964282
so,W10p0,6,10,-0.20731990465686087,0.20731990465686087
thetao,W40p0,1,15,-0.20715747387488356,0.20715747387488356
thetao,W20p0,10,15,0.2070596413770646,0.2070596413770646
thetao,W20p0,6,12,-0.2070247551531966,0.2070247551531966
so,W60p0,4,13,-0.20688880094381218,0.20688880094381218
so,W20p0,10,7,-0.20663527827769904,0.20663527827769904
thetao,W30p0,9,13,0.20657678187402584,0.20657678187402584
so,W20p0,2,7,-0.206486751021749,0.206486751021749
thetao,W60p0,6,6,-0.20639084230045238,0.20639084230045238
so,W30p0,3,16,-0.2059728219955754,0.2059728219955754
so,W30p0,8,9,0.20582798096899427,0.20582798096899427
so,W30p0,9,4,0.20581880963983698,0.20581880963983698
so,W60p0,2,0,0.20581057620070764,0.20581057620070764
so,W60p0,3,2,0.20554262581151622,0.20554262581151622
so,W10p0,9,13,0.20508895226668544,0.20508895226668544
thetao,W60p0,1,5,0.2049990510602074,0.2049990510602074
thetao,W60p0,9,20,-0.20496592343647083,0.20496592343647083
thetao,W10p0,9,6,-0.20461648503608584,0.20461648503608584
so,W10p0,3,10,0.2042776019812819,0.2042776019812819
thetao,W20p0,5,15,-0.20417422404804175,0.20417422404804175
thetao,W40p0,6,18,-0.20387582722870753,0.20387582722870753
so,W10p0,1,2,-0.2035401524050847,0.2035401524050847
thetao,W20p0,1,17,-0.20349440031222465,0.20349440031222465
thetao,W10p0,6,3,-0.20332378538171397,0.20332378538171397
thetao,W40p0,2,2,-0.20309343403644609,0.20309343403644609
thetao,W20p0,6,15,-0.20307526025225228,0.20307526025225228
thetao,W10p0,5,14,0.203038322343934,0.203038322343934
thetao,W60p0,9,3,0.20274713558949267,0.20274713558949267
so,W40p0,2,19,0.202582991092821,0.202582991092821
so,W40p0,1,13,0.20250988304766454,0.20250988304766454
thetao,W40p0,10,16,-0.20208588402523617,0.20208588402523617
so,W20p0,6,7,0.2020374391746527,0.2020374391746527
so,W30p0,5,16,-0.2020315216352938,0.2020315216352938
thetao,W40p0,6,19,-0.20194984434713326,0.20194984434713326
thetao,W30p0,3,14,-0.20192447463134353,0.20192447463134353
thetao,W30p0,1,3,-0.2018742832379665,0.2018742832379665
so,W10p0,4,6,0.20169433543392618,0.20169433543392618
thetao,W30p0,6,5,0.20140438211469147,0.20140438211469147
so,W10p0,10,20,0.20127779068795432,0.20127779068795432
thetao,W40p0,2,1,-0.20113346639868543,0.20113346639868543
so,W30p0,5,17,-0.20083561418458545,0.20083561418458545
so,W20p0,10,8,-0.2007651255649107,0.2007651255649107
thetao,W10p0,3,5,0.20070509529308142,0.20070509529308142
so,W60p0,5,14,0.20067996785179357,0.20067996785179357
thetao,W20p0,1,18,-0.20059564933177298,0.20059564933177298
so,W60p0,1,20,-0.20000554565812392,0.20000554565812392
so,W20p0,3,4,0.19981333956682606,0.19981333956682606
thetao,W10p0,6,17,0.19978661085778907,0.19978661085778907
thetao,W60p0,4,0,0.19975181163721065,0.19975181163721065
thetao,W10p0,8,4,-0.1995579002589307,0.1995579002589307
so,W10p0,10,11,-0.1993869236664068,0.1993869236664068
thetao,W10p0,9,4,-0.19924441104368754,0.19924441104368754
thetao,W20p0,1,19,-0.19919777168757422,0.19919777168757422
so,W60p0,2,15,0.1990374037611312,0.1990374037611312
so,W60p0,5,1,0.19861887130333297,0.19861887130333297
so,W60p0,1,3,0.1985878494405341,0.1985878494405341
so,W40p0,6,17,-0.19836034539619724,0.19836034539619724
thetao,W10p0,10,19,-0.19808154540192535,0.19808154540192535
thetao,W10p0,10,4,0.19792442654409068,0.19792442654409068
so,W30p0,5,14,-0.1976634118995564,0.1976634118995564
thetao,W60p0,9,15,-0.19762586761954937,0.19762586761954937
thetao,W30p0,1,11,-0.1974124520995865,0.1974124520995865
so,W40p0,7,1,-0.1967828678803711,0.1967828678803711
thetao,W10p0,8,3,-0.1967697644540234,0.1967697644540234
thetao,W20p0,9,1,0.1966479021983113,0.1966479021983113
so,W20p0,9,12,-0.19651407297753262,0.19651407297753262
thetao,W60p0,9,13,-0.19646152722603877,0.19646152722603877
thetao,W30p0,9,20,0.19642118964380698,0.19642118964380698
thetao,W40p0,5,17,-0.19640076949296187,0.19640076949296187
thetao,W40p0,2,14,-0.19629501663936605,0.19629501663936605
thetao,W30p0,3,12,-0.19588333056780163,0.19588333056780163
so,W20p0,10,10,-0.19581185749441643,0.19581185749441643
so,W40p0,9,9,-0.19579408735581166,0.19579408735581166
thetao,W40p0,8,14,0.19512424717385302,0.19512424717385302
thetao,W30p0,4,10,0.1950471394032744,0.1950471394032744
so,W40p0,1,14,0.1943743644170511,0.1943743644170511
so,W20p0,8,10,-0.1943368550941072,0.1943368550941072
so,W60p0,2,12,0.19422711538841228,0.19422711538841228
thetao,W40p0,1,8,-0.1940520962063463,0.1940520962063463
thetao,W20p0,9,2,0.1939889522445997,0.1939889522445997
thetao,W60p0,5,2,0.19335642152109853,0.19335642152109853
so,W10p0,2,3,-0.19333747891986072,0.19333747891986072
so,W30p0,4,11,0.1931293946863263,0.1931293946863263
so,W30p0,8,10,0.1927304772340176,0.1927304772340176
so,W20p0,1,18,0.19266624023275888,0.19266624023275888
so,W10p0,8,18,-0.1924602588346158,0.1924602588346158
thetao,W40p0,10,1,0.19225606094173636,0.19225606094173636
so,W40p0,6,2,-0.19220237250912825,0.19220237250912825
thetao,W20p0,1,1,0.19215994169138795,0.19215994169138795
thetao,W10p0,1,15,-0.1920514545256539,0.1920514545256539
thetao,W20p0,5,14,-0.19182331750782972,0.19182331750782972
so,W40p0,8,8,-0.1916171861847355,0.1916171861847355
thetao,W60p0,8,20,0.19153575814395116,0.19153575814395116
thetao,W30p0,1,19,0.19139489153133935,0.19139489153133935
thetao,W40p0,3,0,-0.1912870507195606,0.1912870507195606
so,W10p0,5,9,0.19080100961074592,0.19080100961074592
so,W60p0,4,8,-0.19003934541733883,0.19003934541733883
so,W40p0,2,7,-0.18994779747611412,0.18994779747611412
thetao,W60p0,9,4,0.1892880763168779,0.1892880763168779
so,W60p0,7,18,-0.18918025038999411,0.18918025038999411
thetao,W30p0,5,5,-0.1891018539761913,0.1891018539761913
thetao,W40p0,1,5,-0.18906726658384782,0.18906726658384782
thetao,W20p0,1,3,0.18885018993487107,0.18885018993487107
so,W30p0,1,0,-0.18869110430345729,0.18869110430345729
thetao,W30p0,1,4,-0.18852253598060476,0.18852253598060476
thetao,W10p0,7,11,0.1881230715022008,0.1881230715022008
thetao,W20p0,2,15,-0.18809778920627504,0.18809778920627504
thetao,W20p0,9,0,0.1878720774567781,0.1878720774567781
thetao,W20p0,7,3,-0.1878697058767861,0.1878697058767861
so,W10p0,7,6,-0.1876405235250102,0.1876405235250102
so,W30p0,4,6,-0.1876403860064807,0.1876403860064807
thetao,W40p0,1,4,-0.18749174998862414,0.18749174998862414
thetao,W10p0,3,2,0.18697957420492853,0.18697957420492853
so,W10p0,4,7,0.18676036463061105,0.18676036463061105
thetao,W20p0,9,3,0.18673866835744302,0.18673866835744302
thetao,W10p0,10,6,0.1867381697788015,0.1867381697788015
so,W30p0,7,13,0.18648781233634473,0.18648781233634473
thetao,W30p0,9,14,0.18628373434786671,0.18628373434786671
so,W60p0,2,20,-0.18626412138071594,0.18626412138071594
thetao,W10p0,3,3,0.18623732108129287,0.18623732108129287
thetao,W10p0,10,2,0.18601110469917626,0.18601110469917626
thetao,W20p0,1,4,0.18597930879695956,0.18597930879695956
thetao,W40p0,3,11,0.18578411037769801,0.18578411037769801
thetao,W40p0,3,17,0.18559465237811446,0.18559465237811446
thetao,W40p0,10,9,-0.18533207733839493,0.18533207733839493
thetao,W20p0,10,14,0.1853116187007239,0.1853116187007239
thetao,W40p0,9,6,0.1852508133065016,0.1852508133065016
thetao,W10p0,10,3,0.18485211216210493,0.18485211216210493
thetao,W30p0,1,2,-0.18460430827285437,0.18460430827285437
so,W30p0,5,18,-0.18414675159592994,0.18414675159592994
thetao,W60p0,9,19,-0.1840174113689325,0.1840174113689325
thetao,W30p0,7,4,0.18381122360354674,0.18381122360354674
thetao,W30p0,3,20,0.1836413979176174,0.1836413979176174
so,W40p0,3,4,-0.18357225064322608,0.18357225064322608
thetao,W30p0,7,3,0.1832684658197596,0.1832684658197596
thetao,W20p0,1,2,0.18316031324550933,0.18316031324550933
so,W10p0,10,12,-0.18299412389433883,0.18299412389433883
so,W20p0,3,5,0.18287975453471275,0.18287975453471275
so,W20p0,6,13,-0.18278703721872527,0.18278703721872527
thetao,W60p0,7,18,-0.18258001162023746,0.18258001162023746
thetao,W10p0,8,5,-0.18247891389113285,0.18247891389113285
thetao,W60p0,6,12,-0.18242389398163558,0.18242389398163558
thetao,W30p0,9,9,0.18225981569327224,0.18225981569327224
so,W40p0,9,10,-0.18220755898246568,0.18220755898246568
thetao,W20p0,6,1,0.18217885490782829,0.18217885490782829
thetao,W20p0,6,16,-0.18198581234617528,0.18198581234617528
so,W20p0,9,9,-0.18175020412971318,0.18175020412971318
so,W20p0,2,2,0.1816883790958098,0.1816883790958098
so,W30p0,2,15,-0.18103244092077658,0.18103244092077658
thetao,W10p0,10,1,0.1810244911883784,0.1810244911883784
so,W30p0,7,12,0.18090799799200974,0.18090799799200974
thetao,W60p0,5,9,0.1807743167482338,0.1807743167482338
so,W20p0,2,15,-0.18074406227431702,0.18074406227431702
thetao,W60p0,7,19,-0.18070443768817296,0.18070443768817296
thetao,W10p0,10,5,0.1806425141726688,0.1806425141726688
so,W40p0,1,12,0.1805728124484563,0.1805728124484563
thetao,W60p0,2,18,-0.18033517735937526,0.18033517735937526
so,W60p0,8,20,0.18024490667505333,0.18024490667505333
thetao,W60p0,6,3,-0.17999715394365523,0.17999715394365523
thetao,W30p0,2,16,-0.1796087714972585,0.1796087714972585
thetao,W20p0,7,10,0.1794416613408877,0.1794416613408877
so,W40p0,7,6,0.17937154252150095,0.17937154252150095
thetao,W20p0,1,0,0.17918257725955472,0.17918257725955472
so,W60p0,7,8,-0.17907500895886558,0.17907500895886558
so,W60p0,4,5,-0.17900328436878382,0.17900328436878382
thetao,W60p0,2,15,-0.17899173568516563,0.17899173568516563
thetao,W20p0,3,18,0.17893405897378542,0.17893405897378542
thetao,W20p0,2,0,0.1788583324743226,0.1788583324743226
thetao,W20p0,8,5,0.17883402691512995,0.17883402691512995
so,W10p0,2,19,0.17868511977201296,0.17868511977201296
thetao,W10p0,8,7,-0.17848998540343944,0.17848998540343944
thetao,W20p0,1,20,-0.17798590319621888,0.17798590319621888
so,W20p0,3,3,0.17774830208978346,0.17774830208978346
so,W30p0,2,13,-0.17771409412412897,0.17771409412412897
thetao,W10p0,5,16,0.1773524749450052,0.1773524749450052
so,W40p0,6,0,-0.17735093392474682,0.17735093392474682
so,W10p0,8,0,-0.17717522206370542,0.17717522206370542
so,W40p0,6,20,0.1769666269161993,0.1769666269161993
so,W20p0,9,13,-0.1769234769048987,0.1769234769048987
thetao,W40p0,6,17,-0.17684834903767313,0.17684834903767313
thetao,W10p0,8,6,-0.17599147796396503,0.17599147796396503
so,W10p0,2,9,0.17595846585771507,0.17595846585771507
so,W40p0,1,8,0.17591790809400049,0.17591790809400049
thetao,W60p0,6,13,-0.17568069382097354,0.17568069382097354
thetao,W10p0,8,2,-0.17542485429833862,0.17542485429833862
thetao,W60p0,6,9,-0.17465682561739726,0.17465682561739726
so,W30p0,5,13,-0.17423010106234801,0.17423010106234801
so,W60p0,9,0,-0.17367391864879891,0.17367391864879891
thetao,W20p0,10,6,0.17323125961357724,0.17323125961357724
so,W10p0,2,15,0.17308101713444948,0.17308101713444948
thetao,W20p0,9,4,0.1730257650408909,0.1730257650408909
thetao,W20p0,1,11,-0.17295703843343255,0.17295703843343255
so,W60p0,5,15,0.17264932731396723,0.17264932731396723
so,W20p0,7,11,0.17256861202545704,0.17256861202545704
thetao,W30p0,9,6,0.1724987592654104,0.1724987592654104
thetao,W40p0,1,10,-0.17227304570458615,0.17227304570458615
thetao,W40p0,5,18,-0.17182160638414676,0.17182160638414676
so,W10p0,5,7,0.1716640095139107,0.1716640095139107
so,W10p0,8,1,-0.1714806803091391,0.1714806803091391
so,W60p0,9,11,0.17147468526394155,0.17147468526394155
thetao,W20p0,8,4,0.1709365587111672,0.1709365587111672
thetao,W60p0,1,16,0.17081561018078473,0.17081561018078473
so,W40p0,8,7,-0.1705946108304409,0.1705946108304409
thetao,W20p0,2,4,-0.17033411829076983,0.17033411829076983
so,W20p0,3,12,-0.17029871534138455,0.17029871534138455
thetao,W30p0,8,2,-0.17003887042714178,0.17003887042714178
so,W60p0,4,4,-0.1699979471020565,0.1699979471020565
so,W40p0,9,13,-0.16932671453179227,0.16932671453179227
thetao,W30p0,4,12,0.16929200715095427,0.16929200715095427
thetao,W10p0,10,18,-0.16901016321685633,0.16901016321685633
thetao,W30p0,8,15,-0.16893188675043888,0.16893188675043888
so,W60p0,2,10,0.16887026538172373,0.16887026538172373
thetao,W20p0,7,11,0.16866830657027476,0.16866830657027476
so,W60p0,5,10,0.168509385140601,0.168509385140601
thetao,W10p0,4,1,0.16840841327081746,0.16840841327081746
thetao,W40p0,3,10,0.16794567316553588,0.16794567316553588
thetao,W10p0,1,6,-0.16787470294678963,0.16787470294678963
so,W30p0,8,8,0.167693272020758,0.167693272020758
thetao,W40p0,10,19,-0.16765527923043197,0.16765527923043197
so,W60p0,5,12,0.16723015272900985,0.16723015272900985
so,W60p0,7,19,-0.16653492032911293,0.16653492032911293
thetao,W60p0,10,18,0.16642619862483257,0.16642619862483257
so,W10p0,8,10,-0.16642552307708303,0.16642552307708303
thetao,W10p0,4,17,-0.16636576766310254,0.16636576766310254
so,W10p0,3,9,0.16623272144988813,0.16623272144988813
so,W60p0,1,4,0.166097019995782,0.166097019995782
thetao,W60p0,7,3,-0.16608124632243954,0.16608124632243954
so,W40p0,5,10,0.16606333423215527,0.16606333423215527
thetao,W60p0,10,19,0.1659262317112618,0.1659262317112618
thetao,W40p0,2,10,-0.1655337104176017,0.1655337104176017
thetao,W10p0,5,17,0.1653880997163116,0.1653880997163116
thetao,W30p0,8,1,-0.16508482630776136,0.16508482630776136
so,W30p0,10,1,0.16508469169905715,0.16508469169905715
thetao,W10p0,10,7,0.16499545401362728,0.16499545401362728
thetao,W20p0,10,17,0.16498494521075668,0.16498494521075668
thetao,W40p0,6,15,-0.16493256774307807,0.16493256774307807
thetao,W10p0,6,6,-0.16431921533084948,0.16431921533084948
so,W30p0,8,11,0.16411737569223783,0.16411737569223783
thetao,W40p0,8,13,0.16392660191693303,0.16392660191693303
thetao,W40p0,4,1,0.16371605260356453,0.16371605260356453
so,W10p0,1,11,-0.16370948348375788,0.16370948348375788
thetao,W60p0,6,7,-0.1635200139582674,0.1635200139582674
thetao,W40p0,10,8,-0.16338731478316368,0.16338731478316368
so,W10p0,9,7,-0.16334598473945994,0.16334598473945994
thetao,W30p0,9,16,0.16307372975186557,0.16307372975186557
so,W40p0,3,5,-0.16256390625749703,0.16256390625749703
thetao,W20p0,8,3,0.16239242273904791,0.16239242273904791
so,W40p0,2,11,0.16224439636744076,0.16224439636744076
so,W30p0,4,5,-0.16203886890779054,0.16203886890779054
thetao,W40p0,6,16,-0.16191536887813382,0.16191536887813382
so,W60p0,2,11,0.16178788527308757,0.16178788527308757
thetao,W10p0,6,16,0.16162435425131289,0.16162435425131289
thetao,W10p0,7,17,-0.16155392540587793,0.16155392540587793
so,W20p0,4,19,-0.16150749745214252,0.16150749745214252
so,W20p0,4,11,-0.16147308343268532,0.16147308343268532
so,W40p0,9,0,0.16072422155210878,0.16072422155210878
so,W40p0,8,19,0.16058358287768257,0.16058358287768257
thetao,W40p0,5,16,-0.16057359610113034,0.16057359610113034
so,W30p0,7,1,-0.16043885875928277,0.16043885875928277
so,W10p0,5,6,0.16035435585824626,0.16035435585824626
thetao,W30p0,3,19,0.16034994439675365,0.16034994439675365
thetao,W40p0,10,20,-0.16033476294849233,0.16033476294849233
so,W10p0,5,14,0.16007342206476025,0.16007342206476025
thetao,W20p0,7,6,-0.15992469408299664,0.15992469408299664
so,W60p0,2,2,0.15967214451797213,0.15967214451797213
thetao,W60p0,2,19,-0.15960853951229587,0.15960853951229587
so,W40p0,4,17,0.159471475096428,0.159471475096428
so,W20p0,2,6,-0.15946222737431534,0.15946222737431534
so,W40p0,6,16,-0.159347930714478,0.159347930714478
so,W10p0,4,10,0.1593409938072632,0.1593409938072632
so,W10p0,4,9,0.1591139178659927,0.1591139178659927
thetao,W10p0,3,17,0.15903680527582287,0.15903680527582287
thetao,W30p0,9,15,0.15888633759804457,0.15888633759804457
so,W20p0,6,14,-0.15879962535305914,0.15879962535305914
thetao,W40p0,4,11,-0.1587504582418331,0.1587504582418331
thetao,W10p0,5,13,0.1586242332127814,0.1586242332127814
thetao,W10p0,6,19,0.15852146310109755,0.15852146310109755
thetao,W10p0,5,2,-0.1584593581610689,0.1584593581610689
thetao,W10p0,5,15,0.15834443109186835,0.15834443109186835
thetao,W60p0,2,8,0.15833950899600013,0.15833950899600013
so,W40p0,5,9,0.1583184250885944,0.1583184250885944
thetao,W10p0,1,16,-0.15824414789211777,0.15824414789211777
so,W30p0,5,19,-0.15821484471908076,0.15821484471908076
thetao,W60p0,5,10,0.15809799515159853,0.15809799515159853
so,W40p0,7,5,0.15774335793957403,0.15774335793957403
thetao,W60p0,3,8,-0.1576914299437702,0.1576914299437702
so,W20p0,10,0,-0.15757302969824571,0.15757302969824571
thetao,W40p0,10,14,-0.1573457332634111,0.1573457332634111
thetao,W40p0,8,15,0.1572744706513497,0.1572744706513497
so,W20p0,1,13,-0.15725150382370762,0.15725150382370762
so,W20p0,6,12,-0.15717589931848275,0.15717589931848275
so,W10p0,9,20,0.1569692173116455,0.1569692173116455
so,W40p0,3,6,-0.15672862425740394,0.15672862425740394
thetao,W10p0,6,10,0.1566166014734504,0.1566166014734504
so,W10p0,4,5,0.1564882593486628,0.1564882593486628
so,W10p0,4,11,0.15640005789731262,0.15640005789731262
thetao,W60p0,2,9,0.15623847210515837,0.15623847210515837
thetao,W10p0,8,8,-0.1561759134779167,0.1561759134779167
thetao,W40p0,4,10,-0.1560363654646234,0.1560363654646234
thetao,W30p0,5,6,-0.15594743223625845,0.15594743223625845
thetao,W60p0,2,10,0.15538901806671898,0.15538901806671898
thetao,W30p0,5,10,-0.15533456284527147,0.15533456284527147
so,W40p0,9,2,-0.15532404305772718,0.15532404305772718
so,W40p0,6,3,-0.15523930854782395,0.15523930854782395
so,W30p0,5,9,0.15521298247404558,0.15521298247404558
thetao,W60p0,9,12,-0.15512281635734398,0.15512281635734398
thetao,W40p0,2,9,-0.15500262916800184,0.15500262916800184
thetao,W10p0,5,1,-0.15457460945843682,0.15457460945843682
thetao,W20p0,1,5,0.15450046635221654,0.15450046635221654
thetao,W60p0,8,3,-0.15428340158095974,0.15428340158095974
thetao,W30p0,9,19,0.1542552430535132,0.1542552430535132
so,W60p0,4,6,-0.15384571813270623,0.15384571813270623
thetao,W60p0,6,1,-0.1536498598447613,0.1536498598447613
thetao,W30p0,5,20,0.15328305992193877,0.15328305992193877
so,W10p0,6,11,-0.15322162980105075,0.15322162980105075
thetao,W30p0,1,18,0.15266996520750992,0.15266996520750992
so,W30p0,1,17,0.15238513414106541,0.15238513414106541
so,W40p0,8,6,-0.1521005931740041,0.1521005931740041
so,W40p0,4,5,-0.15166812798092108,0.15166812798092108
thetao,W30p0,6,6,0.1515342405058299,0.1515342405058299
so,W20p0,10,4,-0.15131227883611706,0.15131227883611706
so,W30p0,7,11,0.15108420439192505,0.15108420439192505
thetao,W60p0,9,16,-0.151015469107618,0.151015469107618
thetao,W40p0,8,3,0.15101033306271824,0.15101033306271824
so,W60p0,7,3,0.15100522806795838,0.15100522806795838
thetao,W60p0,10,12,0.15098450605535008,0.15098450605535008
thetao,W10p0,6,5,-0.15092912597961575,0.15092912597961575
thetao,W10p0,9,16,0.15085438889143812,0.15085438889143812
thetao,W20p0,10,9,0.15082831005542946,0.15082831005542946
thetao,W60p0,10,1,-0.15056981974839295,0.15056981974839295
thetao,W60p0,10,20,0.1501481273565644,0.1501481273565644
so,W10p0,10,19,0.14982270146790727,0.14982270146790727
thetao,W40p0,2,3,-0.14978795879156653,0.14978795879156653
thetao,W40p0,6,12,-0.14975258912004294,0.14975258912004294
thetao,W60p0,9,18,-0.1497473414984805,0.1497473414984805
so,W60p0,2,16,0.14953020097695652,0.14953020097695652
so,W60p0,10,1,-0.14926647608209911,0.14926647608209911
thetao,W40p0,8,10,-0.14916912655965625,0.14916912655965625
so,W60p0,7,0,0.14910419765708724,0.14910419765708724
thetao,W10p0,2,11,-0.149024713613242,0.149024713613242
thetao,W30p0,5,4,-0.14884939721200252,0.14884939721200252
so,W40p0,5,3,-0.14868843078979047,0.14868843078979047
so,W40p0,9,12,-0.14864363991471796,0.14864363991471796
thetao,W40p0,6,4,0.14864330973483567,0.14864330973483567
thetao,W20p0,9,19,-0.14859384966502504,0.14859384966502504
thetao,W10p0,2,17,0.14855708763902847,0.14855708763902847
thetao,W10p0,5,3,-0.14842605561791636,0.14842605561791636
thetao,W10p0,8,1,-0.1483435938201445,0.1483435938201445
so,W30p0,8,7,0.14827165313219562,0.14827165313219562
so,W20p0,1,5,-0.14815383880582328,0.14815383880582328
so,W30p0,4,10,0.1479439586790136,0.1479439586790136
thetao,W40p0,1,16,-0.14789406834241445,0.14789406834241445
so,W40p0,5,20,0.14742052887957344,0.14742052887957344
thetao,W20p0,3,13,0.1473507847941153,0.1473507847941153
so,W20p0,7,18,0.1465562098201718,0.1465562098201718
so,W10p0,1,14,0.14646885368703913,0.14646885368703913
thetao,W40p0,10,7,-0.14546134417132808,0.14546134417132808
so,W60p0,2,4,0.14535427806781515,0.14535427806781515
so,W40p0,7,14,0.1450449942922811,0.1450449942922811
thetao,W10p0,8,9,-0.1449222687444394,0.1449222687444394
so,W20p0,7,6,0.14479719983650585,0.14479719983650585
thetao,W40p0,2,13,-0.14473644623617102,0.14473644623617102
so,W10p0,6,5,-0.14468346232936483,0.14468346232936483
thetao,W40p0,2,18,0.14448646214467525,0.14448646214467525
so,W10p0,9,19,0.14448129193435658,0.14448129193435658
thetao,W40p0,1,9,-0.1444039540523332,0.1444039540523332
thetao,W60p0,1,19,-0.14439028754577668,0.14439028754577668
so,W10p0,3,8,0.144181550314024,0.144181550314024
so,W40p0,9,4,-0.14397717822861333,0.14397717822861333
thetao,W30p0,1,12,-0.14395945073721764,0.14395945073721764
thetao,W30p0,9,8,0.14380878116713386,0.14380878116713386
thetao,W40p0,10,13,-0.1437825151594629,0.1437825151594629
so,W20p0,4,10,-0.14318462767463805,0.14318462767463805
thetao,W40p0,7,0,0.1431422816003049,0.1431422816003049
so,W60p0,7,7,-0.14308782889820326,0.14308782889820326
thetao,W60p0,9,5,0.14301573672836648,0.14301573672836648
so,W40p0,5,8,0.142772853299776,0.142772853299776
thetao,W20p0,8,15,0.14269577160755736,0.14269577160755736
thetao,W60p0,6,8,-0.14200947680486056,0.14200947680486056
so,W10p0,9,8,-0.14186741435910685,0.14186741435910685
thetao,W20p0,7,5,-0.1418533722390293,0.1418533722390293
thetao,W30p0,4,9,0.14174088864961817,0.14174088864961817
so,W20p0,3,17,-0.14120049262413967,0.14120049262413967
so,W10p0,10,9,-0.14101357779587984,0.14101357779587984
thetao,W40p0,8,9,-0.14090674620279023,0.14090674620279023
so,W30p0,1,20,-0.1407710256795873,0.1407710256795873
thetao,W40p0,9,20,-0.14061896142125085,0.14061896142125085
thetao,W20p0,7,4,-0.14057260175995326,0.14057260175995326
so,W40p0,10,17,0.14032772753382775,0.14032772753382775
so,W10p0,4,13,0.14029786430852773,0.14029786430852773
so,W40p0,4,18,0.14029527572997846,0.14029527572997846
so,W10p0,4,12,0.14016902736965714,0.14016902736965714
thetao,W60p0,6,2,-0.13999019879845265,0.13999019879845265
thetao,W40p0,4,12,-0.1399446162685114,0.1399446162685114
thetao,W40p0,10,12,-0.13972156138847716,0.13972156138847716
thetao,W20p0,6,17,-0.13918147170177952,0.13918147170177952
so,W30p0,4,14,0.1390753260834869,0.1390753260834869
so,W30p0,3,17,-0.1389043448153753,0.1389043448153753
thetao,W40p0,5,12,0.13849665896035715,0.13849665896035715
so,W60p0,4,7,-0.13809808788110248,0.13809808788110248
thetao,W10p0,9,7,-0.13791690226374123,0.13791690226374123
so,W60p0,1,10,-0.13776779576965315,0.13776779576965315
so,W20p0,9,14,-0.1377398493495999,0.1377398493495999
thetao,W20p0,9,14,-0.13763032197921324,0.13763032197921324
thetao,W20p0,5,9,0.13737012979435945,0.13737012979435945
thetao,W30p0,8,3,-0.13729860624932466,0.13729860624932466
so,W60p0,4,14,-0.13699316359627578,0.13699316359627578
so,W20p0,10,16,-0.13659021478875866,0.13659021478875866
so,W60p0,7,20,-0.1365457437529554,0.1365457437529554
so,W40p0,1,11,0.1364310261685444,0.1364310261685444
thetao,W10p0,7,16,-0.13641401782179857,0.13641401782179857
so,W40p0,4,20,0.13638062004155033,0.13638062004155033
thetao,W20p0,8,16,0.13626382271487336,0.13626382271487336
thetao,W40p0,7,20,0.13619533258370858,0.13619533258370858
so,W20p0,4,0,0.13593010661182667,0.13593010661182667
thetao,W30p0,4,11,0.13589146977347763,0.13589146977347763
so,W40p0,2,20,0.13573271206750792,0.13573271206750792
thetao,W40p0,8,2,0.13564452330940874,0.13564452330940874
thetao,W10p0,10,0,0.13555875914262838,0.13555875914262838
so,W10p0,2,18,0.13541762772644744,0.13541762772644744
so,W20p0,9,10,-0.13531715728386187,0.13531715728386187
so,W30p0,8,18,-0.13518191298741425,0.13518191298741425
thetao,W20p0,9,13,-0.1347018269829578,0.1347018269829578
so,W20p0,3,11,-0.13461323147854629,0.13461323147854629
so,W40p0,9,11,-0.1345252116044697,0.1345252116044697
thetao,W60p0,7,4,-0.13452506375515777,0.13452506375515777
thetao,W20p0,2,3,-0.13448774422398874,0.13448774422398874
thetao,W10p0,6,4,-0.13439468594716591,0.13439468594716591
thetao,W10p0,8,19,0.13432111794652984,0.13432111794652984
so,W10p0,2,16,0.13424926043838534,0.13424926043838534
thetao,W20p0,8,20,0.134182979398063,0.134182979398063
so,W20p0,9,0,0.13407462445816654,0.13407462445816654
so,W40p0,3,3,-0.13398893536645345,0.13398893536645345
thetao,W10p0,9,8,-0.1339497373247211,0.1339497373247211
so,W60p0,5,9,0.1339461273862927,0.1339461273862927
so,W40p0,7,17,0.13384527473979646,0.13384527473979646
so,W20p0,9,11,-0.133755250169142,0.133755250169142
thetao,W10p0,4,12,0.13364149263931024,0.13364149263931024
thetao,W10p0,7,12,0.13359315581872583,0.13359315581872583
thetao,W40p0,10,15,-0.13356961508270312,0.13356961508270312
so,W40p0,4,16,0.13356603760170446,0.13356603760170446
thetao,W40p0,10,10,-0.13348718036617363,0.13348718036617363
so,W10p0,10,13,-0.1334075972417771,0.1334075972417771
thetao,W20p0,7,14,0.13300987698668737,0.13300987698668737
so,W40p0,9,14,-0.1327956994432802,0.1327956994432802
so,W40p0,4,6,-0.13256650140722026,0.13256650140722026
so,W10p0,5,10,0.13246156603986295,0.13246156603986295
so,W60p0,2,18,-0.13240599587894306,0.13240599587894306
thetao,W40p0,2,4,-0.13234121908334662,0.13234121908334662
so,W10p0,5,8,0.13229564823912185,0.13229564823912185
so,W10p0,7,7,-0.1320958494572773,0.1320958494572773
so,W60p0,9,18,0.13207014229913114,0.13207014229913114
thetao,W20p0,10,13,0.1320329295938542,0.1320329295938542
thetao,W40p0,9,19,-0.13200161653590378,0.13200161653590378
thetao,W40p0,10,6,-0.13193143081314737,0.13193143081314737
so,W30p0,5,20,-0.13185700341085382,0.13185700341085382
thetao,W40p0,10,2,0.13183849222792843,0.13183849222792843
thetao,W40p0,5,2,-0.13166961693304433,0.13166961693304433
so,W20p0,9,5,-0.13163632727620395,0.13163632727620395
thetao,W20p0,5,16,-0.13158125436165916,0.13158125436165916
so,W10p0,4,8,0.13131774663198295,0.13131774663198295
so,W40p0,4,0,-0.13111821779719704,0.13111821779719704
thetao,W10p0,3,6,0.13102830374166727,0.13102830374166727
so,W60p0,3,3,0.13093737910219533,0.13093737910219533
so,W20p0,6,20,-0.13093269278575334,0.13093269278575334
thetao,W40p0,6,20,-0.13078929169797787,0.13078929169797787
thetao,W60p0,6,14,-0.13039867920216697,0.13039867920216697
thetao,W20p0,2,16,-0.13005420944771895,0.13005420944771895
so,W40p0,4,1,-0.1299680026032495,0.1299680026032495
so,W30p0,4,7,-0.12980424322081532,0.12980424322081532
so,W10p0,4,20,-0.12977876839974636,0.12977876839974636
so,W20p0,1,17,0.12973783458773008,0.12973783458773008
so,W10p0,2,8,0.12953216198850856,0.12953216198850856
so,W30p0,10,17,-0.12945938709884414,0.12945938709884414
thetao,W40p0,1,17,-0.12942597271443915,0.12942597271443915
so,W60p0,5,11,0.12932469738404842,0.12932469738404842
thetao,W20p0,8,10,0.12927921247346574,0.12927921247346574
so,W10p0,4,14,0.12904344126163897,0.12904344126163897
so,W20p0,10,17,-0.1288318646056886,0.1288318646056886
thetao,W60p0,10,6,0.12875701174521076,0.12875701174521076
thetao,W40p0,2,16,-0.12847524948628605,0.12847524948628605
so,W10p0,3,14,0.12840425412904033,0.12840425412904033
so,W30p0,7,18,0.12824054025006287,0.12824054025006287
thetao,W20p0,5,8,0.12819457710211185,0.12819457710211185
so,W60p0,8,19,0.12817827417813069,0.12817827417813069
thetao,W30p0,4,4,0.12807126642354077,0.12807126642354077
thetao,W60p0,7,13,0.12794392906366395,0.12794392906366395
so,W40p0,3,7,-0.12790621613086298,0.12790621613086298
so,W20p0,3,2,0.12787867197843383,0.12787867197843383
so,W20p0,10,12,-0.12785684039019732,0.12785684039019732
so,W20p0,9,15,-0.12780646409449745,0.12780646409449745
thetao,W30p0,4,2,0.1277572063885737,0.1277572063885737
thetao,W30p0,4,8,0.12774144237527815,0.12774144237527815
thetao,W10p0,7,18,-0.12770210888368416,0.12770210888368416
so,W40p0,3,14,0.12764968089744025,0.12764968089744025
so,W60p0,7,6,-0.12717775914828344,0.12717775914828344
thetao,W60p0,1,20,-0.126927105732171,0.126927105732171
so,W30p0,4,20,-0.12690516282944347,0.12690516282944347
so,W40p0,3,19,0.12684229439350278,0.12684229439350278
thetao,W20p0,4,1,-0.12649060944572202,0.12649060944572202
so,W10p0,9,14,0.12627951783779678,0.12627951783779678
thetao,W20p0,6,7,0.12616621643175951,0.12616621643175951
thetao,W20p0,1,10,-0.12610527077204955,0.12610527077204955
thetao,W40p0,3,9,0.12610025779716547,0.12610025779716547
so,W30p0,3,10,-0.1260616375695155,0.1260616375695155
so,W30p0,8,16,-0.12482772346054045,0.12482772346054045
so,W40p0,7,4,0.12477596767873973,0.12477596767873973
thetao,W10p0,9,13,0.12421457127764132,0.12421457127764132
thetao,W30p0,10,7,0.12413500336835723,0.12413500336835723
thetao,W40p0,10,11,-0.1239328726081624,0.1239328726081624
so,W40p0,4,19,0.12361540986426263,0.12361540986426263
so,W30p0,8,17,-0.12348046073153375,0.12348046073153375
thetao,W20p0,5,13,-0.12332088048420252,0.12332088048420252
so,W60p0,1,5,0.12315132410180027,0.12315132410180027
thetao,W60p0,10,17,0.1226178006340154,0.1226178006340154
thetao,W40p0,8,20,0.12254054177005767,0.12254054177005767
so,W10p0,9,2,-0.12235096234772119,0.12235096234772119
thetao,W60p0,10,2,-0.12201061368427656,0.12201061368427656
so,W30p0,9,11,-0.12200453789328046,0.12200453789328046
so,W20p0,2,5,-0.12200361139021014,0.12200361139021014
thetao,W30p0,2,8,-0.12164133168143894,0.12164133168143894
thetao,W20p0,6,11,-0.12150628023184967,0.12150628023184967
so,W40p0,6,8,-0.12132651840047678,0.12132651840047678
thetao,W20p0,7,15,0.12129314693635145,0.12129314693635145
so,W10p0,7,13,0.12127868679017376,0.12127868679017376
so,W30p0,6,3,-0.12122759280481737,0.12122759280481737
so,W40p0,9,8,-0.12115623779665129,0.12115623779665129
so,W10p0,6,20,0.12113673838695722,0.12113673838695722
thetao,W40p0,2,12,-0.12110102903104862,0.12110102903104862
so,W40p0,8,5,-0.12106182004178283,0.12106182004178283
so,W10p0,3,3,0.12096398534677387,0.12096398534677387
so,W30p0,7,17,0.12087355177511641,0.12087355177511641
thetao,W20p0,2,17,-0.12086343062287558,0.12086343062287558
so,W40p0,7,16,0.12062463396670055,0.12062463396670055
thetao,W10p0,7,0,0.1205336479483841,0.1205336479483841
thetao,W60p0,2,5,0.12050633160456525,0.12050633160456525
thetao,W30p0,5,0,-0.12031323290286278,0.12031323290286278
so,W10p0,1,1,-0.1202685636317713,0.1202685636317713
so,W20p0,6,8,0.1202672612996701,0.1202672612996701
so,W60p0,5,2,0.12017235749654792,0.12017235749654792
thetao,W30p0,1,1,-0.12008132304242893,0.12008132304242893
thetao,W10p0,8,10,-0.1196320422386993,0.1196320422386993
thetao,W40p0,5,11,0.1195488506750786,0.1195488506750786
thetao,W40p0,7,15,0.11948780409662278,0.11948780409662278
thetao,W10p0,9,3,-0.11926841031300073,0.11926841031300073
so,W30p0,7,19,0.11906747431035676,0.11906747431035676
thetao,W10p0,2,9,-0.11893592403523653,0.11893592403523653
so,W20p0,6,15,-0.11892172075951254,0.11892172075951254
thetao,W20p0,9,15,-0.11884589527147865,0.11884589527147865
thetao,W10p0,3,18,0.11879569615784667,0.11879569615784667
thetao,W40p0,10,0,0.11879427855424622,0.11879427855424622
thetao,W30p0,4,3,0.11858276980680763,0.11858276980680763
thetao,W60p0,7,9,-0.11825608950527858,0.11825608950527858
so,W10p0,9,9,-0.11747452863137069,0.11747452863137069
thetao,W40p0,2,11,-0.1171344533707438,0.1171344533707438
so,W30p0,10,2,0.11708395063324907,0.11708395063324907
thetao,W10p0,10,14,-0.11693838649204626,0.11693838649204626
thetao,W20p0,4,5,0.11660463597561078,0.11660463597561078
thetao,W30p0,4,7,0.11658620285391247,0.11658620285391247
thetao,W20p0,7,7,-0.11656856317182553,0.11656856317182553
so,W40p0,3,13,0.11653704818624452,0.11653704818624452
so,W40p0,10,20,-0.1163606876787031,0.1163606876787031
so,W30p0,7,14,0.1163249175893911,0.1163249175893911
so,W40p0,6,12,-0.11616830399560403,0.11616830399560403
thetao,W60p0,2,6,0.11595131208762598,0.11595131208762598
thetao,W10p0,2,6,-0.11562968635814326,0.11562968635814326
so,W20p0,6,16,-0.11551834743015141,0.11551834743015141
thetao,W30p0,1,17,0.1154367774728039,0.1154367774728039
so,W20p0,8,1,0.11483117454374948,0.11483117454374948
thetao,W60p0,2,7,0.11400403298309872,0.11400403298309872
thetao,W60p0,2,20,-0.11392797842518304,0.11392797842518304
thetao,W10p0,10,17,-0.113857663135793,0.113857663135793
so,W20p0,5,6,-0.11381782695065584,0.11381782695065584
thetao,W40p0,4,9,-0.11343739159227328,0.11343739159227328
so,W20p0,5,11,0.11337138480293651,0.11337138480293651
so,W40p0,7,2,-0.1131046347798922,0.1131046347798922
so,W40p0,9,5,-0.11302876778040473,0.11302876778040473
so,W30p0,8,4,0.11298089592695734,0.11298089592695734
thetao,W40p0,5,10,0.11290449329412774,0.11290449329412774
so,W10p0,2,17,0.1127830335408771,0.1127830335408771
so,W60p0,6,5,0.1127707823692098,0.1127707823692098
so,W20p0,10,6,-0.11274471272799526,0.11274471272799526
so,W40p0,5,7,0.11274453438489007,0.11274453438489007
thetao,W10p0,10,16,-0.11271046055413317,0.11271046055413317
so,W20p0,3,6,0.11269395675832608,0.11269395675832608
so,W10p0,7,12,0.1125176235345469,0.1125176235345469
so,W30p0,9,0,0.1122523702446397,0.1122523702446397
so,W40p0,2,8,-0.11216344177766098,0.11216344177766098
so,W60p0,10,15,0.11199166139261729,0.11199166139261729
thetao,W10p0,2,1,0.11190000132040016,0.11190000132040016
so,W10p0,2,4,-0.1118617637244035,0.1118617637244035
so,W20p0,5,10,0.1117292808425874,0.1117292808425874
so,W60p0,9,19,0.11168130195730631,0.11168130195730631
so,W30p0,2,12,-0.1116607259836365,0.1116607259836365
thetao,W10p0,10,15,-0.111515924142062,0.111515924142062
thetao,W60p0,3,18,0.11137756614204769,0.11137756614204769
thetao,W10p0,10,13,-0.1113528201159338,0.1113528201159338
thetao,W40p0,4,7,0.1113489572971417,0.1113489572971417
so,W40p0,8,9,-0.11125688573012692,0.11125688573012692
thetao,W30p0,7,2,0.11111301907835594,0.11111301907835594
thetao,W10p0,1,17,-0.11106018919871669,0.11106018919871669
so,W10p0,4,19,-0.11099948959460551,0.11099948959460551
so,W20p0,7,17,0.11085724292123052,0.11085724292123052
so,W20p0,5,8,0.11047904869523302,0.11047904869523302
so,W40p0,5,4,-0.11035438414256797,0.11035438414256797
so,W30p0,8,6,0.11017656747356668,0.11017656747356668
thetao,W20p0,7,12,0.10993639282007962,0.10993639282007962
so,W20p0,8,0,0.10980698123634194,0.10980698123634194
thetao,W30p0,1,13,-0.10977710153638566,0.10977710153638566
thetao,W40p0,2,8,-0.10968069055049615,0.10968069055049615
so,W30p0,4,0,0.10937225975867929,0.10937225975867929
so,W30p0,2,2,0.10914440440665149,0.10914440440665149
so,W10p0,6,12,-0.10905674351698444,0.10905674351698444
so,W60p0,1,9,-0.10899525058272137,0.10899525058272137
so,W60p0,4,1,0.10877297969334077,0.10877297969334077
so,W40p0,4,4,-0.10849300342471396,0.10849300342471396
thetao,W20p0,6,20,-0.10847016046150107,0.10847016046150107
thetao,W10p0,10,8,0.10843530736205952,0.10843530736205952
thetao,W40p0,9,16,-0.10771791110157804,0.10771791110157804
thetao,W40p0,8,8,-0.10771263855324045,0.10771263855324045
so,W40p0,9,3,-0.10765116342096524,0.10765116342096524
thetao,W20p0,8,17,0.10749999865518042,0.10749999865518042
thetao,W30p0,8,14,-0.107498985004168,0.107498985004168
thetao,W60p0,5,11,0.10733660545113034,0.10733660545113034
so,W40p0,1,15,0.10721572711028876,0.10721572711028876
so,W30p0,8,5,0.10716925763831708,0.10716925763831708
so,W20p0,9,1,0.10705103199877597,0.10705103199877597
so,W30p0,9,5,0.10695219454984899,0.10695219454984899
so,W60p0,6,6,0.10672573237539226,0.10672573237539226
thetao,W60p0,7,6,-0.10670097296988607,0.10670097296988607
thetao,W40p0,5,1,-0.10621428073494299,0.10621428073494299
so,W40p0,8,18,0.10619115284899842,0.10619115284899842
so,W60p0,8,13,0.10618617966103039,0.10618617966103039
thetao,W30p0,7,13,-0.10611079316665221,0.10611079316665221
thetao,W20p0,7,13,0.10598568204703451,0.10598568204703451
thetao,W40p0,3,18,0.10596456078461887,0.10596456078461887
thetao,W40p0,10,5,-0.10593198567258924,0.10593198567258924
so,W40p0,8,4,-0.10561984087020261,0.10561984087020261
so,W60p0,8,14,0.10553255929999096,0.10553255929999096
thetao,W40p0,1,18,-0.10533563300102439,0.10533563300102439
so,W60p0,2,3,0.10509136701933997,0.10509136701933997
so,W30p0,5,10,0.10506158697432341,0.10506158697432341
thetao,W20p0,9,5,0.10487437948795988,0.10487437948795988
thetao,W20p0,8,9,0.10478736075380975,0.10478736075380975
so,W10p0,4,18,-0.10475616373175448,0.10475616373175448
thetao,W30p0,5,13,0.10451949428764801,0.10451949428764801
so,W30p0,4,9,0.10446305456150923,0.10446305456150923
so,W10p0,6,4,-0.10428470829053094,0.10428470829053094
thetao,W20p0,10,18,0.10427131542866754,0.10427131542866754
thetao,W30p0,10,8,0.10408164417580193,0.10408164417580193
so,W40p0,5,19,0.1040334842417121,0.1040334842417121
so,W40p0,4,7,-0.10367858898786853,0.10367858898786853
so,W30p0,2,3,0.10359141073759405,0.10359141073759405
so,W60p0,7,14,-0.10358879021448697,0.10358879021448697
so,W60p0,6,16,-0.10318490192623714,0.10318490192623714
thetao,W20p0,1,6,0.10312973710082006,0.10312973710082006
thetao,W30p0,9,4,-0.10296966260285739,0.10296966260285739
thetao,W60p0,4,1,0.10291752672337286,0.10291752672337286
so,W10p0,5,5,0.10277009103853754,0.10277009103853754
so,W20p0,3,18,-0.10260931690353405,0.10260931690353405
so,W60p0,6,0,0.10252368855439739,0.10252368855439739
so,W40p0,3,15,0.10250520370533006,0.10250520370533006
so,W60p0,10,16,0.10247162841329972,0.10247162841329972
so,W30p0,2,16,-0.1018405929633588,0.1018405929633588
so,W10p0,9,17,-0.10178456101373888,0.10178456101373888
thetao,W30p0,7,15,-0.10165803719910266,0.10165803719910266
thetao,W60p0,9,17,-0.10143518031268504,0.10143518031268504
so,W60p0,6,15,-0.10142925013809055,0.10142925013809055
so,W10p0,7,14,0.10090786625557663,0.10090786625557663
so,W20p0,4,8,-0.10088519710634386,0.10088519710634386
thetao,W10p0,2,8,-0.10063403281735728,0.10063403281735728
thetao,W60p0,7,5,-0.10062694365567341,0.10062694365567341
thetao,W30p0,10,16,-0.10057962949321718,0.10057962949321718
thetao,W10p0,6,15,0.1005268166941212,0.1005268166941212
so,W20p0,2,19,-0.10052127917374665,0.10052127917374665
so,W10p0,4,4,0.10038612562457487,0.10038612562457487
thetao,W60p0,2,14,-0.1000963320797281,0.1000963320797281
thetao,W10p0,7,2,0.09949091464696318,0.09949091464696318
thetao,W30p0,10,6,0.09928346846262742,0.09928346846262742
thetao,W30p0,8,4,-0.09919022221445209,0.09919022221445209
thetao,W60p0,8,8,0.09898096773204317,0.09898096773204317
thetao,W40p0,6,5,0.09891388665716817,0.09891388665716817
thetao,W60p0,7,1,0.09888414865312542,0.09888414865312542
so,W10p0,5,11,0.0987886075840938,0.0987886075840938
thetao,W20p0,4,19,-0.09868023035610506,0.09868023035610506
thetao,W30p0,8,18,-0.0985774855017995,0.0985774855017995
thetao,W30p0,3,11,-0.09852184014003226,0.09852184014003226
so,W20p0,6,9,0.09844143225746961,0.09844143225746961
so,W30p0,3,3,0.09825273335356935,0.09825273335356935
thetao,W10p0,2,2,0.09816051390482917,0.09816051390482917
so,W30p0,9,12,-0.09806703796571621,0.09806703796571621
thetao,W40p0,8,4,0.09784876137359952,0.09784876137359952
thetao,W40p0,9,8,-0.09781235880029691,0.09781235880029691
so,W40p0,6,7,-0.09750923679687462,0.09750923679687462
so,W20p0,7,19,0.09727251888368595,0.09727251888368595
so,W30p0,1,1,-0.09689965891663346,0.09689965891663346
thetao,W60p0,4,13,-0.0968118925659463,0.0968118925659463
so,W10p0,10,18,0.09671357766945131,0.09671357766945131
so,W60p0,10,14,0.09670255287518222,0.09670255287518222
thetao,W20p0,8,19,0.09647057646700005,0.09647057646700005
so,W40p0,7,18,0.09638749574935221,0.09638749574935221
thetao,W10p0,2,10,-0.09615292664464406,0.09615292664464406
so,W20p0,5,5,-0.09606179520447605,0.09606179520447605
so,W10p0,7,20,0.09604830886830978,0.09604830886830978
thetao,W60p0,8,19,0.09602708209808958,0.09602708209808958
so,W20p0,5,9,0.0960213362402666,0.0960213362402666
thetao,W20p0,4,2,-0.09600989261412567,0.09600989261412567
thetao,W20p0,3,19,0.0958662816178828,0.0958662816178828
thetao,W20p0,5,20,0.09582666828063498,0.09582666828063498
so,W30p0,4,1,0.09580481337327085,0.09580481337327085
thetao,W10p0,4,16,-0.09578824452590814,0.09578824452590814
so,W10p0,8,19,-0.09567181810314689,0.09567181810314689
thetao,W60p0,10,3,-0.09561804766686408,0.09561804766686408
thetao,W30p0,6,7,0.0954061903010062,0.0954061903010062
thetao,W20p0,8,6,0.09531765682131003,0.09531765682131003
thetao,W10p0,7,19,-0.09518422774014894,0.09518422774014894
thetao,W20p0,2,18,-0.09509968877252124,0.09509968877252124
so,W10p0,10,14,-0.09505941148432082,0.09505941148432082
so,W20p0,5,12,0.09495099573751883,0.09495099573751883
thetao,W10p0,2,7,-0.09488146956027091,0.09488146956027091
so,W10p0,10,7,-0.09458347864071408,0.09458347864071408
so,W10p0,3,4,0.09447597669767382,0.09447597669767382
so,W30p0,7,2,-0.09445141288219543,0.09445141288219543
so,W60p0,3,4,0.09437300206720001,0.09437300206720001
so,W30p0,6,4,-0.09416839382817892,0.09416839382817892
thetao,W40p0,5,3,-0.09382243969023321,0.09382243969023321
so,W20p0,1,14,-0.09375158803790505,0.09375158803790505
thetao,W30p0,5,9,-0.0936277599815609,0.0936277599815609
so,W10p0,9,3,-0.09361847896559568,0.09361847896559568
thetao,W30p0,4,6,0.09356669984870705,0.09356669984870705
so,W30p0,10,19,-0.09331800394363991,0.09331800394363991
so,W20p0,7,12,0.09313429532815201,0.09313429532815201
so,W10p0,6,13,-0.09291710088668816,0.09291710088668816
so,W30p0,10,16,-0.09284159478431067,0.09284159478431067
so,W30p0,9,10,-0.09268172928117652,0.09268172928117652
thetao,W10p0,5,19,0.09264185419350451,0.09264185419350451
so,W40p0,6,9,-0.09244271801338938,0.09244271801338938
thetao,W20p0,8,7,0.09243296112931822,0.09243296112931822
so,W40p0,6,15,-0.09222604550092975,0.09222604550092975
so,W10p0,10,1,0.09221510633970961,0.09221510633970961
thetao,W10p0,2,16,0.09205053908155195,0.09205053908155195
thetao,W30p0,7,10,-0.09156462944186318,0.09156462944186318
so,W40p0,4,14,-0.09148378864001448,0.09148378864001448
thetao,W30p0,9,17,0.09144703960909228,0.09144703960909228
so,W20p0,2,16,-0.09123939156926057,0.09123939156926057
so,W20p0,4,9,-0.0911565777483025,0.0911565777483025
thetao,W20p0,4,12,0.09112461694731659,0.09112461694731659
thetao,W60p0,3,9,-0.09085444955675864,0.09085444955675864
thetao,W20p0,3,2,0.09084875183480251,0.09084875183480251
thetao,W10p0,7,15,-0.09082815841752426,0.09082815841752426
thetao,W20p0,10,10,0.09075523447551558,0.09075523447551558
thetao,W60p0,8,18,0.09074864055857972,0.09074864055857972
thetao,W10p0,3,0,0.09046710762103057,0.09046710762103057
so,W40p0,1,20,-0.09042789452039492,0.09042789452039492
thetao,W60p0,7,12,0.09038074649714621,0.09038074649714621
thetao,W60p0,5,1,0.09022699621943894,0.09022699621943894
so,W30p0,5,12,-0.09018881741705424,0.09018881741705424
thetao,W30p0,7,14,-0.09010828318772582,0.09010828318772582
thetao,W40p0,5,15,-0.08997725517127608,0.08997725517127608
thetao,W20p0,8,18,0.08978072011716064,0.08978072011716064
thetao,W20p0,8,11,0.08941615473993426,0.08941615473993426
thetao,W30p0,4,20,-0.08935848368221232,0.08935848368221232
thetao,W60p0,7,0,0.08906815173161109,0.08906815173161109
thetao,W60p0,1,1,0.08904098842056789,0.08904098842056789
so,W10p0,4,0,0.08867932918114903,0.08867932918114903
thetao,W60p0,2,4,0.08860373116282584,0.08860373116282584
so,W40p0,2,10,0.08860359518386367,0.08860359518386367
so,W40p0,6,10,-0.08858140758899274,0.08858140758899274
so,W30p0,9,16,-0.0885537159346112,0.0885537159346112
so,W30p0,10,13,0.08834029838187431,0.08834029838187431
so,W30p0,8,12,0.08821661560063686,0.08821661560063686
so,W10p0,5,15,0.08809182065806263,0.08809182065806263
thetao,W20p0,8,2,0.08798819661457287,0.08798819661457287
so,W30p0,8,20,-0.08791760346673852,0.08791760346673852
thetao,W40p0,3,8,0.08791398099119209,0.08791398099119209
thetao,W30p0,4,17,0.08781840230540248,0.08781840230540248
so,W30p0,2,1,0.08769676000719209,0.08769676000719209
so,W60p0,10,17,0.08762833733830834,0.08762833733830834
so,W40p0,7,15,0.08756020774650133,0.08756020774650133
thetao,W10p0,1,18,-0.08753524846782439,0.08753524846782439
so,W40p0,6,6,-0.0875308303941453,0.0875308303941453
so,W60p0,8,11,-0.08713397390843716,0.08713397390843716
thetao,W10p0,6,7,-0.08693810375704765,0.08693810375704765
so,W40p0,10,15,-0.08686826013236568,0.08686826013236568
thetao,W30p0,2,1,-0.08683955553288757,0.08683955553288757
thetao,W60p0,2,11,0.08677595944251257,0.08677595944251257
thetao,W40p0,4,0,0.08653949506407793,0.08653949506407793
so,W20p0,8,3,0.08648589777315664,0.08648589777315664
thetao,W60p0,8,4,-0.08624042777996101,0.08624042777996101
so,W40p0,9,16,0.08623833874970309,0.08623833874970309
thetao,W10p0,1,5,-0.08622015373176704,0.08622015373176704
thetao,W60p0,8,9,0.08621618251991056,0.08621618251991056
so,W10p0,4,1,0.08618488353066915,0.08618488353066915
so,W20p0,3,19,-0.08611047190483224,0.08611047190483224
so,W30p0,3,1,-0.0860742396330241,0.0860742396330241
so,W60p0,9,1,-0.08601689141586419,0.08601689141586419
thetao,W10p0,8,11,-0.08583603930491804,0.08583603930491804
so,W60p0,6,2,-0.08577930346104823,0.08577930346104823
thetao,W60p0,7,7,-0.08566721345908014,0.08566721345908014
so,W20p0,8,7,0.08565766400673046,0.08565766400673046
so,W40p0,6,18,-0.08563132777847382,0.08563132777847382
thetao,W30p0,9,5,0.08559219701362832,0.08559219701362832
so,W20p0,7,16,0.08556914061644255,0.08556914061644255
thetao,W30p0,5,11,-0.08538316084272449,0.08538316084272449
so,W20p0,3,20,-0.08495084581595894,0.08495084581595894
so,W20p0,8,9,-0.08473559810718005,0.08473559810718005
so,W20p0,10,18,0.0846480871160285,0.0846480871160285
so,W60p0,3,13,-0.08448713585637323,0.08448713585637323
so,W40p0,3,12,0.08436179613711489,0.08436179613711489
thetao,W30p0,8,5,-0.08427460296313433,0.08427460296313433
thetao,W10p0,2,0,0.0842429298580501,0.0842429298580501
thetao,W20p0,8,14,0.084210052587314,0.084210052587314
so,W30p0,7,20,0.08408306454686672,0.08408306454686672
thetao,W60p0,7,17,-0.08383176526787603,0.08383176526787603
so,W30p0,6,9,0.0837932826724877,0.0837932826724877
so,W30p0,8,13,0.08331886657436781,0.08331886657436781
so,W30p0,4,4,-0.08308057237531945,0.08308057237531945
thetao,W20p0,9,18,-0.08301109382614275,0.08301109382614275
so,W60p0,3,6,0.08300319868212244,0.08300319868212244
so,W40p0,1,10,0.08296413176812792,0.08296413176812792
thetao,W20p0,10,5,0.08286646233425712,0.08286646233425712
so,W20p0,8,2,0.0828386018429944,0.0828386018429944
thetao,W40p0,10,4,-0.08274522141884327,0.08274522141884327
so,W30p0,2,20,-0.08240159048241558,0.08240159048241558
so,W60p0,9,8,0.08216211931813773,0.08216211931813773
thetao,W40p0,4,19,0.08199366439311774,0.08199366439311774
so,W40p0,10,12,-0.08156225199847311,0.08156225199847311
thetao,W20p0,7,19,0.08149169669894786,0.08149169669894786
so,W10p0,9,12,0.08144315210688889,0.08144315210688889
thetao,W10p0,9,10,-0.08131818175007924,0.08131818175007924
thetao,W10p0,6,14,0.0811699029538553,0.0811699029538553
thetao,W10p0,5,4,-0.0809304953038833,0.0809304953038833
so,W40p0,4,3,-0.0808469768137528,0.0808469768137528
so,W30p0,7,10,0.08069664597272568,0.08069664597272568
so,W10p0,6,14,-0.08046684570493862,0.08046684570493862
so,W30p0,8,15,-0.08016419222025162,0.08016419222025162
so,W10p0,9,6,-0.0801313232254815,0.0801313232254815
so,W60p0,4,2,0.07985444560007057,0.07985444560007057
so,W20p0,4,7,-0.07975341907145146,0.07975341907145146
thetao,W10p0,8,0,-0.07966629374286077,0.07966629374286077
so,W10p0,3,0,0.07950455049494407,0.07950455049494407
thetao,W30p0,2,17,-0.07939160054590008,0.07939160054590008
thetao,W60p0,4,12,-0.07934748473929423,0.07934748473929423
so,W20p0,4,6,-0.07929984568879517,0.07929984568879517
thetao,W10p0,8,12,-0.07901244025405466,0.07901244025405466
so,W10p0,7,19,0.07898385165921955,0.07898385165921955
thetao,W10p0,3,16,0.07897156041507228,0.07897156041507228
so,W10p0,2,7,0.07885382975118198,0.07885382975118198
so,W20p0,5,20,-0.07870014527022338,0.07870014527022338
so,W20p0,6,17,-0.0785764150305787,0.0785764150305787
so,W60p0,5,4,0.07853154124021297,0.07853154124021297
so,W20p0,4,14,-0.07843549034439275,0.07843549034439275
thetao,W40p0,7,14,0.07842917401371899,0.07842917401371899
so,W60p0,3,5,0.07827620315482499,0.07827620315482499
thetao,W60p0,10,4,-0.07820679504723481,0.07820679504723481
thetao,W30p0,9,18,0.07802354032928514,0.07802354032928514
thetao,W40p0,2,0,-0.07800026894432219,0.07800026894432219
so,W20p0,6,11,-0.07796385614989504,0.07796385614989504
so,W20p0,4,13,-0.07791950625378183,0.07791950625378183
so,W30p0,3,4,0.0773343761661778,0.0773343761661778
so,W60p0,5,7,0.07711183244367042,0.07711183244367042
so,W40p0,4,8,-0.07704434445740357,0.07704434445740357
thetao,W60p0,4,16,0.07701345267823956,0.07701345267823956
so,W30p0,4,19,-0.07677462419271229,0.07677462419271229
thetao,W20p0,5,10,0.07676836431647399,0.07676836431647399
thetao,W30p0,8,0,-0.07675723642359505,0.07675723642359505
so,W30p0,10,3,0.07661993696136274,0.07661993696136274
thetao,W60p0,2,0,0.07660811387629574,0.07660811387629574
so,W40p0,1,9,0.07653866594651343,0.07653866594651343
thetao,W60p0,1,4,0.07646832768427937,0.07646832768427937
thetao,W60p0,4,20,0.07645033576140096,0.07645033576140096
thetao,W40p0,5,19,-0.07639222776261916,0.07639222776261916
so,W20p0,5,17,0.07631596029737418,0.07631596029737418
so,W10p0,7,15,0.07618658455387706,0.07618658455387706
so,W40p0,3,1,-0.07615669470498698,0.07615669470498698
so,W20p0,3,10,-0.07597058493642514,0.07597058493642514
so,W20p0,10,5,-0.07594426807275101,0.07594426807275101
thetao,W60p0,1,17,0.07590702875110279,0.07590702875110279
thetao,W20p0,3,1,0.075746996172218,0.075746996172218
so,W10p0,7,11,0.07568433264413445,0.07568433264413445
so,W20p0,10,15,-0.07555216322830247,0.07555216322830247
so,W60p0,9,7,0.07553218951758016,0.07553218951758016
thetao,W40p0,9,18,-0.07552913017373057,0.07552913017373057
thetao,W30p0,2,20,0.07545109325661174,0.07545109325661174
so,W40p0,4,2,-0.07520138308295139,0.07520138308295139
so,W60p0,10,20,-0.07512833357298744,0.07512833357298744
so,W20p0,1,4,-0.07510036016572995,0.07510036016572995
thetao,W20p0,9,7,0.07509424100635823,0.07509424100635823
thetao,W10p0,5,11,0.07500912779600011,0.07500912779600011
thetao,W20p0,10,19,-0.07500375515370682,0.07500375515370682
thetao,W20p0,4,17,-0.07481005795165922,0.07481005795165922
so,W30p0,2,9,0.07477893389482526,0.07477893389482526
so,W10p0,5,4,0.07477769647780091,0.07477769647780091
thetao,W20p0,5,7,0.07460795873474657,0.07460795873474657
thetao,W40p0,5,13,0.07456018795197789,0.07456018795197789
thetao,W30p0,6,14,-0.07443507774112106,0.07443507774112106
thetao,W60p0,5,19,-0.07442384902084792,0.07442384902084792
thetao,W40p0,8,7,-0.07434370806044649,0.07434370806044649
thetao,W20p0,2,20,0.07431387462271957,0.07431387462271957
so,W60p0,5,8,0.07397191315186624,0.07397191315186624
so,W40p0,3,2,-0.07396016580354542,0.07396016580354542
so,W40p0,6,14,-0.07373220354569729,0.07373220354569729
so,W30p0,3,7,0.07372832799646989,0.07372832799646989
so,W10p0,10,0,0.07345817297324128,0.07345817297324128
thetao,W60p0,4,10,-0.07344078551646853,0.07344078551646853
thetao,W30p0,3,10,-0.0733994918856975,0.0733994918856975
thetao,W30p0,3,16,-0.0732322524657638,0.0732322524657638
so,W60p0,3,10,-0.07311489275765012,0.07311489275765012
so,W10p0,5,13,0.07287881816782105,0.07287881816782105
so,W40p0,4,13,-0.07286836706340734,0.07286836706340734
thetao,W40p0,7,4,-0.07286524336667084,0.07286524336667084
so,W20p0,6,18,-0.07277517089062914,0.07277517089062914
so,W20p0,5,0,-0.07277374456954584,0.07277374456954584
so,W20p0,2,18,-0.07277334122426554,0.07277334122426554
thetao,W60p0,7,14,0.07274050956923835,0.07274050956923835
so,W10p0,10,2,0.07269076836483597,0.07269076836483597
so,W20p0,9,2,0.07266024169601576,0.07266024169601576
so,W30p0,2,11,-0.0726137757358707,0.0726137757358707
so,W30p0,9,8,-0.0725618024434038,0.0725618024434038
so,W10p0,10,8,-0.07253188247412903,0.07253188247412903
thetao,W10p0,2,5,-0.07253019132034695,0.07253019132034695
so,W60p0,5,6,0.07233939824303097,0.07233939824303097
thetao,W10p0,1,19,-0.0722999257753253,0.0722999257753253
thetao,W10p0,2,12,-0.0722937326938446,0.0722937326938446
so,W30p0,4,18,-0.07222824304186756,0.07222824304186756
so,W20p0,9,16,-0.07219072028865152,0.07219072028865152
thetao,W60p0,4,11,-0.07209221893483261,0.07209221893483261
so,W20p0,7,5,0.07202206640483484,0.07202206640483484
thetao,W30p0,10,9,0.0717996273897659,0.0717996273897659
so,W10p0,3,5,0.0717862598353195,0.0717862598353195
thetao,W30p0,6,15,-0.0717860830033213,0.0717860830033213
so,W30p0,6,2,-0.07167564867466569,0.07167564867466569
so,W10p0,4,15,0.07156625567565131,0.07156625567565131
thetao,W10p0,1,20,-0.07136672937594349,0.07136672937594349
thetao,W30p0,8,20,0.07126066649790477,0.07126066649790477
thetao,W30p0,1,14,-0.0709705372980941,0.0709705372980941
thetao,W10p0,5,18,0.07092884817001022,0.07092884817001022
thetao,W10p0,3,19,0.07087707754810367,0.07087707754810367
thetao,W20p0,1,9,-0.07085447669987667,0.07085447669987667
thetao,W60p0,4,9,-0.07076835769601,0.07076835769601
thetao,W10p0,8,13,-0.07074234054845233,0.07074234054845233
thetao,W10p0,5,12,0.07072881961296316,0.07072881961296316
so,W20p0,5,16,0.07065141635089908,0.07065141635089908
thetao,W60p0,5,20,-0.07044730765471612,0.07044730765471612
so,W20p0,4,12,-0.07039310107820702,0.07039310107820702
so,W40p0,3,8,-0.07038302762500437,0.07038302762500437
so,W40p0,6,4,-0.07005501136196501,0.07005501136196501
thetao,W10p0,5,6,0.06990848958069439,0.06990848958069439
thetao,W20p0,5,12,-0.06985758187195598,0.06985758187195598
so,W10p0,7,8,-0.06973401186284953,0.06973401186284953
so,W30p0,6,0,0.06968622046184685,0.06968622046184685
thetao,W60p0,4,6,-0.06938962367309019,0.06938962367309019
so,W20p0,6,19,-0.06936797992381039,0.06936797992381039
thetao,W30p0,5,7,-0.06936235985725465,0.06936235985725465
so,W20p0,2,17,-0.06932543527835296,0.06932543527835296
thetao,W10p0,3,14,0.06930274252868475,0.06930274252868475
so,W30p0,6,10,0.06890785212142551,0.06890785212142551
so,W20p0,5,18,0.06887819609453744,0.06887819609453744
so,W20p0,1,1,-0.06883395100386128,0.06883395100386128
thetao,W20p0,10,12,0.06876643252573267,0.06876643252573267
thetao,W20p0,5,5,0.06872613566494275,0.06872613566494275
so,W40p0,10,19,-0.06856670074351448,0.06856670074351448
so,W30p0,2,4,0.06815970645123431,0.06815970645123431
thetao,W40p0,6,11,-0.06808737452570557,0.06808737452570557
so,W20p0,1,0,-0.06789917969623191,0.06789917969623191
thetao,W30p0,7,6,0.0677346874239143,0.0677346874239143
thetao,W40p0,1,20,0.06746108502015662,0.06746108502015662
so,W10p0,9,5,-0.06734566808837338,0.06734566808837338
thetao,W20p0,8,8,0.06719121402279873,0.06719121402279873
thetao,W40p0,6,8,0.0671269495691414,0.0671269495691414
thetao,W60p0,3,16,-0.06705533645181362,0.06705533645181362
so,W60p0,9,6,0.06703820979556405,0.06703820979556405
thetao,W30p0,3,9,-0.06703071006542384,0.06703071006542384
so,W60p0,6,12,-0.06700690395302436,0.06700690395302436
so,W10p0,8,9,-0.06682271621271073,0.06682271621271073
thetao,W60p0,6,20,-0.0667390866729364,0.0667390866729364
so,W60p0,3,12,-0.0667267155941587,0.0667267155941587
so,W30p0,9,20,-0.06670533167220954,0.06670533167220954
so,W30p0,1,5,0.066649988127748,0.066649988127748
thetao,W10p0,5,7,0.0665483805025889,0.0665483805025889
thetao,W10p0,6,20,0.06627787861820883,0.06627787861820883
thetao,W60p0,2,2,-0.0662414768248607,0.0662414768248607
so,W10p0,3,2,0.06615901592377278,0.06615901592377278
so,W40p0,9,1,-0.06614047350143543,0.06614047350143543
so,W30p0,8,14,0.06609460792697933,0.06609460792697933
so,W60p0,9,17,0.06605458189073309,0.06605458189073309
so,W10p0,3,18,0.06604170641231456,0.06604170641231456
thetao,W60p0,6,15,-0.06601840259707048,0.06601840259707048
so,W30p0,8,19,-0.06601397086158087,0.06601397086158087
thetao,W30p0,4,5,0.06600776974243382,0.06600776974243382
so,W20p0,2,20,-0.06594715063397324,0.06594715063397324
thetao,W10p0,9,9,-0.06578641310295189,0.06578641310295189
thetao,W30p0,7,12,-0.0653909393352906,0.0653909393352906
so,W10p0,4,2,0.06517369683932546,0.06517369683932546
thetao,W10p0,8,18,0.06513950242488885,0.06513950242488885
thetao,W20p0,3,3,0.06500131974220612,0.06500131974220612
so,W30p0,2,0,-0.06492158314782864,0.06492158314782864
thetao,W20p0,7,16,0.06486877680997957,0.06486877680997957
so,W10p0,10,6,-0.06468718199312153,0.06468718199312153
thetao,W40p0,8,11,-0.06465394891701914,0.06465394891701914
thetao,W60p0,6,19,-0.06453514075301028,0.06453514075301028
thetao,W10p0,3,15,0.06446730622768156,0.06446730622768156
so,W10p0,6,0,0.06422417401293956,0.06422417401293956
so,W60p0,9,5,0.06418808152786763,0.06418808152786763
thetao,W60p0,4,5,-0.06411549755155237,0.06411549755155237
thetao,W10p0,2,15,0.06400968098935406,0.06400968098935406
so,W30p0,1,2,-0.06369656476192118,0.06369656476192118
thetao,W60p0,8,17,0.06351862361691953,0.06351862361691953
thetao,W10p0,9,11,-0.06327266538271764,0.06327266538271764
so,W10p0,6,3,-0.06325872662898431,0.06325872662898431
thetao,W30p0,8,7,-0.06323293399401807,0.06323293399401807
thetao,W30p0,4,1,0.06318093553855242,0.06318093553855242
so,W60p0,3,9,-0.06312355132267519,0.06312355132267519
thetao,W60p0,5,18,-0.06291684703839413,0.06291684703839413
so,W10p0,9,10,-0.0629032825560099,0.0629032825560099
thetao,W30p0,7,9,-0.06258585046231654,0.06258585046231654
so,W30p0,7,15,0.06176840589761279,0.06176840589761279
so,W30p0,10,6,0.06143293225358459,0.06143293225358459
thetao,W20p0,5,17,-0.06143269984708701,0.06143269984708701
so,W10p0,9,1,-0.06137171778083694,0.06137171778083694
thetao,W10p0,6,9,0.061083048454416554,0.061083048454416554
so,W60p0,7,17,-0.06095264542615413,0.06095264542615413
so,W60p0,9,4,0.06092392051226601,0.06092392051226601
so,W30p0,3,18,-0.06082005627017615,0.06082005627017615
so,W30p0,8,0,-0.06078369031005645,0.06078369031005645
so,W60p0,9,3,0.0606681426975578,0.0606681426975578
thetao,W60p0,10,16,0.06021647078657213,0.06021647078657213
so,W60p0,6,14,-0.060194937799866975,0.060194937799866975
so,W60p0,3,7,0.06016403739416747,0.06016403739416747
so,W60p0,6,11,-0.05967366058340782,0.05967366058340782
thetao,W40p0,2,7,-0.05964334245452006,0.05964334245452006
so,W60p0,7,4,0.05945472377432092,0.05945472377432092
thetao,W10p0,10,9,0.059353141203733424,0.059353141203733424
so,W10p0,8,2,-0.05935022724981546,0.05935022724981546
thetao,W30p0,7,1,0.05933620651166125,0.05933620651166125
so,W10p0,9,4,-0.05926459821972119,0.05926459821972119
thetao,W20p0,4,4,0.05907183874605752,0.05907183874605752
so,W40p0,1,16,0.05905400051522362,0.05905400051522362
thetao,W20p0,4,13,0.05903910134933883,0.05903910134933883
so,W60p0,10,2,-0.05879391087780515,0.05879391087780515
thetao,W20p0,7,9,0.05874255470644355,0.05874255470644355
so,W20p0,2,3,0.05860225194860028,0.05860225194860028
so,W30p0,2,8,0.058460352193485374,0.058460352193485374
thetao,W60p0,4,7,-0.05840914898755944,0.05840914898755944
thetao,W20p0,2,2,-0.05835233814702013,0.05835233814702013
so,W30p0,7,4,0.05831492434522184,0.05831492434522184
so,W60p0,7,5,-0.05789438467228899,0.05789438467228899
so,W30p0,7,16,0.05782786982103138,0.05782786982103138
so,W10p0,5,12,0.05775513189849607,0.05775513189849607
thetao,W60p0,9,11,-0.05768519950807679,0.05768519950807679
so,W40p0,6,11,-0.057667522783655785,0.057667522783655785
so,W60p0,3,14,-0.05761964403477177,0.05761964403477177
thetao,W40p0,6,7,0.0576051689225647,0.0576051689225647
so,W40p0,9,7,-0.05755609681714163,0.05755609681714163
so,W30p0,10,5,0.05748190257519014,0.05748190257519014
so,W30p0,4,17,-0.05723463535849717,0.05723463535849717
so,W30p0,10,18,-0.057192427063187286,0.057192427063187286
thetao,W40p0,3,1,-0.05711807953075003,0.05711807953075003
so,W60p0,5,3,0.05710463438921255,0.05710463438921255
so,W60p0,9,14,-0.05707110258604212,0.05707110258604212
so,W60p0,8,16,-0.05696526844971849,0.05696526844971849
so,W60p0,10,6,-0.05652065231893233,0.05652065231893233
thetao,W60p0,7,16,-0.0565015818493091,0.0565015818493091
thetao,W40p0,7,5,-0.05649588129154679,0.05649588129154679
so,W10p0,6,19,0.05635573249331132,0.05635573249331132
so,W40p0,10,6,-0.056215324683703036,0.056215324683703036
thetao,W40p0,6,6,0.05616552903688972,0.05616552903688972
thetao,W20p0,7,20,0.056020883089068,0.056020883089068
thetao,W20p0,3,12,0.0559566063812058,0.0559566063812058
thetao,W60p0,10,13,0.05590055215726873,0.05590055215726873
thetao,W30p0,10,17,-0.05576283153783492,0.05576283153783492
so,W60p0,6,13,-0.05570542728929659,0.05570542728929659
so,W60p0,6,1,-0.055629555339460804,0.055629555339460804
thetao,W30p0,7,5,0.05552115934074684,0.05552115934074684
so,W40p0,6,13,-0.05550539254809733,0.05550539254809733
so,W30p0,7,9,0.05548195410511545,0.05548195410511545
so,W60p0,3,11,-0.05547326554929217,0.05547326554929217
so,W60p0,9,15,-0.05540006565211306,0.05540006565211306
thetao,W20p0,4,7,-0.05535283521464198,0.05535283521464198
thetao,W40p0,7,7,-0.055184231518604965,0.055184231518604965
thetao,W30p0,1,16,0.05487687906422857,0.05487687906422857
so,W60p0,1,8,-0.054809163929401425,0.054809163929401425
so,W10p0,3,19,0.05460454902047121,0.05460454902047121
thetao,W40p0,7,13,0.05450688664531605,0.05450688664531605
so,W10p0,6,15,-0.05448775717084891,0.05448775717084891
so,W40p0,5,18,0.05445284921338298,0.05445284921338298
thetao,W40p0,5,9,0.05443137948720794,0.05443137948720794
thetao,W10p0,3,11,0.05390891614918732,0.05390891614918732
thetao,W60p0,7,8,-0.05369194385037766,0.05369194385037766
thetao,W20p0,4,8,-0.05366461770199286,0.05366461770199286
thetao,W30p0,7,11,-0.053638921424035826,0.053638921424035826
so,W20p0,4,4,0.053578561290522325,0.053578561290522325
so,W10p0,1,13,0.05342530817615967,0.05342530817615967
thetao,W60p0,5,16,0.053422711434538396,0.053422711434538396
so,W40p0,8,14,-0.0534221427265468,0.0534221427265468
thetao,W60p0,1,0,0.05334515194690706,0.05334515194690706
so,W30p0,6,14,-0.05319016219048184,0.05319016219048184
thetao,W30p0,8,13,-0.05272199080858399,0.05272199080858399
so,W10p0,9,16,-0.052673239443881956,0.052673239443881956
so,W10p0,1,12,-0.052637264156514464,0.052637264156514464
thetao,W10p0,3,20,-0.0525522305116969,0.0525522305116969
so,W20p0,9,18,0.05253308390531873,0.05253308390531873
thetao,W30p0,4,0,0.05251027755323471,0.05251027755323471
thetao,W60p0,2,12,0.05235949930302516,0.05235949930302516
thetao,W20p0,9,16,-0.05225021460680765,0.05225021460680765
so,W30p0,10,7,0.05215658447073863,0.05215658447073863
thetao,W40p0,7,3,-0.052075682045946224,0.052075682045946224
so,W60p0,8,17,-0.05200277784044536,0.05200277784044536
so,W40p0,8,10,-0.05179756041683487,0.05179756041683487
so,W20p0,9,19,0.05159213602936716,0.05159213602936716
so,W60p0,8,12,0.05154443230794545,0.05154443230794545
thetao,W60p0,7,20,-0.051408720768029825,0.051408720768029825
so,W20p0,3,7,0.05127385170804952,0.05127385170804952
so,W10p0,4,3,0.051217238705851646,0.051217238705851646
so,W20p0,3,1,0.051187685026455494,0.051187685026455494
thetao,W30p0,8,9,0.05110927880121884,0.05110927880121884
thetao,W30p0,6,8,0.05108752253337545,0.05108752253337545
so,W30p0,9,9,-0.05106838350938577,0.05106838350938577
so,W40p0,10,16,0.05093736946155867,0.05093736946155867
thetao,W10p0,2,3,0.050791575590409276,0.050791575590409276
so,W20p0,4,5,0.05073898803022582,0.05073898803022582
thetao,W10p0,3,13,0.05069681950271911,0.05069681950271911
so,W10p0,5,0,0.05068416630617156,0.05068416630617156
thetao,W20p0,6,18,-0.050641896641375896,0.050641896641375896
thetao,W60p0,1,18,-0.05049332889658671,0.05049332889658671
thetao,W30p0,3,5,-0.05047064945257612,0.05047064945257612
so,W20p0,4,18,-0.05027704054038171,0.05027704054038171
thetao,W40p0,7,1,0.05027163763134733,0.05027163763134733
thetao,W20p0,5,6,0.05023704252781187,0.05023704252781187
thetao,W10p0,1,1,0.05009323672751357,0.05009323672751357
so,W30p0,6,1,-0.0500352097585843,0.0500352097585843
so,W10p0,10,5,-0.04986305187490492,0.04986305187490492
so,W30p0,9,17,-0.04985400073248194,0.04985400073248194
thetao,W40p0,3,20,-0.049833664040067796,0.049833664040067796
thetao,W10p0,10,12,-0.04973708857876314,0.04973708857876314
so,W30p0,6,5,0.04965014172633734,0.04965014172633734
thetao,W30p0,4,18,0.04955958262900343,0.04955958262900343
thetao,W10p0,4,13,0.049162013832097624,0.049162013832097624
so,W30p0,6,7,0.048934071369006196,0.048934071369006196
so,W30p0,9,18,-0.04868307739658093,0.04868307739658093
thetao,W20p0,7,18,0.0486814140858111,0.0486814140858111
so,W30p0,1,18,0.04865746996943751,0.04865746996943751
so,W10p0,5,2,0.048313530422792815,0.048313530422792815
so,W10p0,10,15,-0.04826185182123982,0.04826185182123982
thetao,W20p0,9,6,0.048234858317469216,0.048234858317469216
so,W20p0,7,0,-0.04812774671736824,0.04812774671736824
thetao,W60p0,5,12,0.04779723321539538,0.04779723321539538
thetao,W40p0,2,5,-0.047516779554526094,0.047516779554526094
so,W30p0,4,2,0.047400569279273365,0.047400569279273365
thetao,W30p0,3,18,0.047153220108029775,0.047153220108029775
so,W10p0,9,0,-0.04709363899241023,0.04709363899241023
so,W40p0,3,11,0.04701198349522868,0.04701198349522868
thetao,W20p0,4,3,-0.046944328160664024,0.046944328160664024
thetao,W30p0,10,3,0.04678568724342468,0.04678568724342468
thetao,W10p0,7,13,0.046306572460746785,0.046306572460746785
thetao,W40p0,3,7,0.04618374647067571,0.04618374647067571
so,W10p0,8,7,-0.04589745821900031,0.04589745821900031
so,W10p0,3,17,-0.045833000186922754,0.045833000186922754
so,W20p0,4,17,-0.045634560085792315,0.045634560085792315
thetao,W20p0,8,0,0.045590389849132246,0.045590389849132246
thetao,W10p0,8,14,-0.04512563950309346,0.04512563950309346
so,W10p0,1,0,-0.04505291669684018,0.04505291669684018
so,W60p0,6,19,-0.04493653177438386,0.04493653177438386
so,W60p0,6,3,-0.044920714250078445,0.044920714250078445
so,W60p0,5,16,0.04485477664029683,0.04485477664029683
so,W30p0,3,2,0.04475852990598632,0.04475852990598632
thetao,W40p0,7,17,-0.04458242641093502,0.04458242641093502
so,W40p0,10,5,-0.044497905526205306,0.044497905526205306
thetao,W30p0,5,3,-0.044401093628769484,0.044401093628769484
so,W60p0,9,12,0.04436205177861208,0.04436205177861208
so,W30p0,1,3,-0.04401327190314426,0.04401327190314426
thetao,W40p0,8,16,0.04399816098236028,0.04399816098236028
so,W60p0,5,5,0.04399687443501969,0.04399687443501969
so,W40p0,9,20,0.04396757604549107,0.04396757604549107
thetao,W10p0,9,17,0.0439417954230155,0.0439417954230155
thetao,W40p0,8,19,0.043930246002812756,0.043930246002812756
thetao,W60p0,7,10,-0.04371582099462181,0.04371582099462181
thetao,W30p0,7,0,-0.04351879636765661,0.04351879636765661
so,W60p0,6,10,-0.04344744603710112,0.04344744603710112
thetao,W20p0,9,12,-0.043333303239774655,0.043333303239774655
thetao,W30p0,10,11,-0.04328688203281509,0.04328688203281509
thetao,W60p0,4,14,-0.043251882771373915,0.043251882771373915
thetao,W40p0,5,20,0.04319273442911196,0.04319273442911196
so,W10p0,3,20,0.0431081492776736,0.0431081492776736
so,W10p0,7,18,0.04292156799721728,0.04292156799721728
so,W30p0,3,6,0.04287162352273838,0.04287162352273838
thetao,W60p0,4,2,0.04282181620005422,0.04282181620005422
so,W60p0,6,20,-0.04262693940009334,0.04262693940009334
so,W40p0,3,9,-0.04262420021284617,0.04262420021284617
thetao,W40p0,8,12,0.04256693709564659,0.04256693709564659
so,W20p0,4,20,-0.04243198907254484,0.04243198907254484
so,W60p0,10,13,0.04232543592444773,0.04232543592444773
thetao,W10p0,3,12,0.04209084092479226,0.04209084092479226
thetao,W30p0,6,13,-0.042022055520865575,0.042022055520865575
thetao,W20p0,1,7,0.04195358403349953,0.04195358403349953
so,W20p0,1,16,0.041890549101976274,0.041890549101976274
so,W60p0,8,15,0.04163947157410389,0.04163947157410389
so,W20p0,8,4,0.041363320217831234,0.041363320217831234
thetao,W40p0,7,9,-0.04128400329220017,0.04128400329220017
so,W20p0,2,4,-0.04116495408690754,0.04116495408690754
so,W60p0,1,6,0.041068699091195475,0.041068699091195475
so,W30p0,3,8,0.041033885502532445,0.041033885502532445
so,W60p0,4,15,-0.0409399578580825,0.0409399578580825
so,W30p0,6,13,-0.04092146944379209,0.04092146944379209
thetao,W30p0,7,8,0.04092104540971328,0.04092104540971328
thetao,W30p0,2,0,-0.04091706947092729,0.04091706947092729
so,W30p0,1,19,-0.04083623634803773,0.04083623634803773
thetao,W20p0,5,1,-0.040806747488641666,0.040806747488641666
thetao,W20p0,6,8,0.0406729088571692,0.0406729088571692
so,W10p0,5,20,-0.04065019458486661,0.04065019458486661
thetao,W60p0,3,15,-0.04061116840209329,0.04061116840209329
thetao,W30p0,6,20,0.04050530329704998,0.04050530329704998
so,W20p0,8,8,-0.04050421970906991,0.04050421970906991
so,W10p0,6,16,-0.04040007499925173,0.04040007499925173
thetao,W40p0,8,5,0.04039479859111019,0.04039479859111019
thetao,W20p0,5,19,0.04034006894922692,0.04034006894922692
thetao,W20p0,9,9,0.040020895548314686,0.040020895548314686
so,W40p0,5,15,0.039893540792890224,0.039893540792890224
thetao,W60p0,8,10,0.03983494067501239,0.03983494067501239
thetao,W30p0,10,2,0.03974426051920027,0.03974426051920027
so,W10p0,6,1,0.03966433622446299,0.03966433622446299
so,W30p0,7,5,0.03963640207190117,0.03963640207190117
thetao,W20p0,5,4,0.03961175341040182,0.03961175341040182
so,W10p0,10,17,0.03958775067307177,0.03958775067307177
so,W40p0,9,15,-0.03946727145697036,0.03946727145697036
thetao,W30p0,6,16,-0.03942989844440125,0.03942989844440125
so,W30p0,2,19,-0.03941082961281882,0.03941082961281882
so,W30p0,9,13,-0.03928585287585672,0.03928585287585672
thetao,W30p0,10,15,-0.03919267102909852,0.03919267102909852
thetao,W60p0,7,2,-0.03919101067562966,0.03919101067562966
so,W30p0,6,6,0.03917456016323818,0.03917456016323818
thetao,W10p0,3,10,-0.039115167138591464,0.039115167138591464
thetao,W20p0,3,10,-0.03883157896230164,0.03883157896230164
thetao,W30p0,3,6,-0.03873937204369153,0.03873937204369153
so,W40p0,6,5,-0.03873561819825065,0.03873561819825065
so,W10p0,5,18,-0.03867970453542453,0.03867970453542453
so,W10p0,3,7,0.03860948547026376,0.03860948547026376
so,W10p0,3,16,-0.03855597277996767,0.03855597277996767
thetao,W40p0,6,9,0.03854535634083757,0.03854535634083757
so,W10p0,7,16,0.038270556553479995,0.038270556553479995
so,W40p0,8,3,-0.03826275364407984,0.03826275364407984
thetao,W60p0,3,12,0.038234805178962536,0.038234805178962536
thetao,W40p0,9,7,0.03816899460479459,0.03816899460479459
thetao,W20p0,7,17,0.03812441186567772,0.03812441186567772
thetao,W40p0,7,6,-0.03806207773263828,0.03806207773263828
thetao,W40p0,4,14,-0.03801058036672035,0.03801058036672035
thetao,W20p0,6,19,-0.03795975885690482,0.03795975885690482
so,W60p0,10,9,0.03728448986835032,0.03728448986835032
so,W10p0,3,15,0.03725626539751111,0.03725626539751111
thetao,W30p0,8,6,-0.03714104126080019,0.03714104126080019
thetao,W30p0,3,1,-0.03710106922515645,0.03710106922515645
so,W60p0,7,15,0.03707408880924764,0.03707408880924764
thetao,W30p0,2,2,-0.036752056516612674,0.036752056516612674
so,W60p0,10,3,-0.03661973034587226,0.03661973034587226
thetao,W40p0,4,20,0.03610698160944119,0.03610698160944119
so,W30p0,8,3,0.035897004944866154,0.035897004944866154
thetao,W60p0,9,9,0.035768170332680246,0.035768170332680246
so,W30p0,10,14,0.03567851360597877,0.03567851360597877
thetao,W60p0,8,12,0.03560279432017782,0.03560279432017782
so,W40p0,10,9,-0.03553471222821008,0.03553471222821008
thetao,W20p0,5,11,-0.035485387994286646,0.035485387994286646
so,W40p0,6,19,0.035403347007274245,0.035403347007274245
so,W40p0,4,9,-0.0353498635342715,0.0353498635342715
so,W30p0,10,8,0.03524526044887412,0.03524526044887412
so,W10p0,2,5,-0.03507238268566468,0.03507238268566468
so,W10p0,9,11,0.035061102118139044,0.035061102118139044
thetao,W30p0,10,0,0.03499235894832253,0.03499235894832253
so,W10p0,5,3,0.03496125957451487,0.03496125957451487
thetao,W40p0,4,8,-0.03484137017348864,0.03484137017348864
so,W40p0,8,15,-0.034778247788779214,0.034778247788779214
thetao,W30p0,8,10,0.034722258979487435,0.034722258979487435
so,W30p0,2,10,-0.03456804775866765,0.03456804775866765
so,W40p0,8,13,-0.034502208363769805,0.034502208363769805
so,W10p0,8,8,-0.03449524660648143,0.03449524660648143
so,W30p0,2,7,0.03429353405286336,0.03429353405286336
thetao,W10p0,7,20,0.03426025083733007,0.03426025083733007
thetao,W20p0,7,8,-0.034173193354965256,0.034173193354965256
so,W30p0,8,1,0.034082789363630975,0.034082789363630975
thetao,W20p0,10,4,0.03407219089071572,0.03407219089071572
so,W60p0,10,4,-0.03403723066565648,0.03403723066565648
thetao,W60p0,4,8,-0.03393624316296644,0.03393624316296644
so,W30p0,7,7,0.03392267769196359,0.03392267769196359
thetao,W60p0,8,7,0.033901653670131725,0.033901653670131725
so,W10p0,3,1,0.03388163132538404,0.03388163132538404
so,W60p0,3,8,-0.033755588773895596,0.033755588773895596
thetao,W30p0,6,10,-0.033590228591865785,0.033590228591865785
thetao,W10p0,4,15,-0.03347734976782542,0.03347734976782542
so,W40p0,5,6,0.0334680389952903,0.0334680389952903
so,W20p0,8,6,0.03324759764687021,0.03324759764687021
so,W40p0,1,17,0.03302995351140148,0.03302995351140148
thetao,W20p0,4,16,-0.03302720500487909,0.03302720500487909
so,W20p0,5,19,-0.03299847504634635,0.03299847504634635
thetao,W30p0,8,8,0.032942704298438104,0.032942704298438104
thetao,W60p0,1,2,0.03285654777721922,0.03285654777721922
thetao,W40p0,4,18,0.03280878739865077,0.03280878739865077
thetao,W60p0,9,6,0.03269028281054222,0.03269028281054222
so,W20p0,1,2,-0.032633696873780614,0.032633696873780614
thetao,W40p0,3,3,0.032465619120831006,0.032465619120831006
thetao,W10p0,1,0,0.032446388376840885,0.032446388376840885
so,W60p0,3,15,-0.03236744710487094,0.03236744710487094
thetao,W30p0,6,12,-0.03236136027212449,0.03236136027212449
thetao,W60p0,4,18,-0.03235258640372706,0.03235258640372706
so,W40p0,10,11,0.0320687823838826,0.0320687823838826
thetao,W40p0,7,8,-0.0320126301672991,0.0320126301672991
thetao,W30p0,6,11,-0.0319959003641412,0.0319959003641412
so,W60p0,2,17,0.031759707860409596,0.031759707860409596
thetao,W40p0,5,4,-0.03174153915969157,0.03174153915969157
so,W40p0,4,10,-0.03155896125775664,0.03155896125775664
thetao,W30p0,10,13,-0.031104323404454255,0.031104323404454255
thetao,W30p0,8,12,-0.031084800362742273,0.031084800362742273
thetao,W60p0,8,11,0.03101135281894672,0.03101135281894672
so,W30p0,5,11,0.030943926029747625,0.030943926029747625
thetao,W60p0,6,18,-0.03091738665641953,0.03091738665641953
thetao,W10p0,1,2,0.030800972939295238,0.030800972939295238
thetao,W20p0,5,18,0.0307536239705866,0.0307536239705866
so,W60p0,5,19,0.030715208707320828,0.030715208707320828
thetao,W60p0,5,15,0.030696999798301018,0.030696999798301018
so,W10p0,3,6,0.030532594633372274,0.030532594633372274
thetao,W40p0,3,5,-0.030522272593361915,0.030522272593361915
thetao,W40p0,1,19,-0.030505648360306257,0.030505648360306257
so,W20p0,4,16,0.03037782823916506,0.03037782823916506
thetao,W10p0,1,4,-0.03035050387909045,0.03035050387909045
thetao,W20p0,2,19,-0.03032269059463837,0.03032269059463837
so,W60p0,10,11,0.030244885898670255,0.030244885898670255
so,W10p0,2,6,0.030243371355392967,0.030243371355392967
so,W60p0,4,3,-0.03023934943968828,0.03023934943968828
thetao,W20p0,3,0,-0.030018910547096326,0.030018910547096326
so,W30p0,3,5,0.029937820108996604,0.029937820108996604
thetao,W30p0,1,0,0.02989933775206599,0.02989933775206599
so,W60p0,7,16,0.029758159283439365,0.029758159283439365
thetao,W30p0,6,19,0.029747489789450906,0.029747489789450906
so,W30p0,9,15,-0.0297219146853461,0.0297219146853461
so,W10p0,9,18,-0.02966110436243401,0.02966110436243401
thetao,W30p0,6,18,0.029400147864927006,0.029400147864927006
so,W20p0,9,3,0.02930850923100473,0.02930850923100473
thetao,W30p0,2,19,0.029304757776349968,0.029304757776349968
so,W10p0,6,18,0.029228329126899447,0.029228329126899447
thetao,W20p0,9,11,0.02920558366671235,0.02920558366671235
thetao,W10p0,10,10,0.02917813373106892,0.02917813373106892
thetao,W30p0,2,7,-0.02901801286434047,0.02901801286434047
so,W40p0,5,17,-0.028795512029183505,0.028795512029183505
thetao,W10p0,5,8,-0.02872080350022143,0.02872080350022143
so,W40p0,1,19,-0.028668893800999545,0.028668893800999545
thetao,W40p0,3,19,0.028415161856189426,0.028415161856189426
so,W40p0,7,20,-0.02834898746359036,0.02834898746359036
so,W40p0,9,17,0.028318628774676127,0.028318628774676127
so,W40p0,9,6,-0.028239086280805546,0.028239086280805546
so,W60p0,4,0,-0.02822442867471218,0.02822442867471218
so,W40p0,7,19,0.02802037697621473,0.02802037697621473
so,W60p0,5,18,-0.027881073727254464,0.027881073727254464
thetao,W30p0,10,10,0.027621111320370394,0.027621111320370394
so,W20p0,7,1,-0.027514807197549278,0.027514807197549278
so,W40p0,5,5,-0.02739130968078489,0.02739130968078489
so,W60p0,10,7,-0.027153120569368246,0.027153120569368246
so,W30p0,10,10,-0.027106275388544546,0.027106275388544546
so,W10p0,4,16,0.02704298313787649,0.02704298313787649
so,W40p0,8,12,-0.026989950161141505,0.026989950161141505
thetao,W60p0,8,6,0.026981023809855793,0.026981023809855793
so,W20p0,7,3,0.026702715938491075,0.026702715938491075
thetao,W30p0,10,18,-0.026456392316247423,0.026456392316247423
thetao,W30p0,10,4,0.026434900467636996,0.026434900467636996
so,W40p0,5,16,-0.026431481678031183,0.026431481678031183
thetao,W60p0,10,15,0.026383338322931063,0.026383338322931063
so,W10p0,8,20,0.02631170977394526,0.02631170977394526
thetao,W30p0,5,8,-0.026238826685637037,0.026238826685637037
so,W40p0,8,11,-0.02621316091109993,0.02621316091109993
so,W60p0,10,8,-0.02621056373865093,0.02621056373865093
so,W10p0,4,17,-0.026199616987252945,0.026199616987252945
so,W40p0,10,8,-0.026111671660187404,0.026111671660187404
so,W20p0,7,4,0.02593648114695395,0.02593648114695395
thetao,W30p0,1,15,-0.02581253618826025,0.02581253618826025
so,W40p0,3,18,0.025736494380584524,0.025736494380584524
so,W30p0,1,4,-0.02563125709283946,0.02563125709283946
so,W30p0,10,15,-0.025530737793833455,0.025530737793833455
thetao,W20p0,8,12,0.02546680749274895,0.02546680749274895
so,W10p0,8,6,-0.02542058135082686,0.02542058135082686
thetao,W10p0,9,0,0.025403356971326726,0.025403356971326726
thetao,W60p0,3,17,-0.025365008885587723,0.025365008885587723
so,W30p0,6,16,-0.025127401702843652,0.025127401702843652
thetao,W30p0,7,16,-0.025086578582008835,0.025086578582008835
so,W30p0,9,14,-0.025059555080512,0.025059555080512
so,W40p0,8,1,-0.025004396911979903,0.025004396911979903
so,W60p0,6,18,0.024920396980778414,0.024920396980778414
thetao,W60p0,4,4,-0.024911571501407118,0.024911571501407118
thetao,W20p0,9,8,0.024538659505492805,0.024538659505492805
thetao,W30p0,10,5,0.024257112570424857,0.024257112570424857
thetao,W10p0,9,19,0.02422287626031709,0.02422287626031709
so,W20p0,7,20,0.02421052047621146,0.02421052047621146
so,W30p0,4,16,-0.024148011503245668,0.024148011503245668
thetao,W10p0,8,17,0.024077043199313693,0.024077043199313693
so,W30p0,6,18,0.024027213033699514,0.024027213033699514
thetao,W20p0,6,9,0.023922147862686736,0.023922147862686736
thetao,W60p0,7,11,0.02389707974551175,0.02389707974551175
so,W20p0,5,2,0.02387032396989308,0.02387032396989308
thetao,W30p0,10,19,-0.023844737150852766,0.023844737150852766
so,W30p0,3,19,-0.023825094960298564,0.023825094960298564
so,W60p0,10,18,0.023702432310769652,0.023702432310769652
so,W40p0,2,9,-0.02366243654956543,0.02366243654956543
so,W30p0,3,9,-0.023617076267651416,0.023617076267651416
thetao,W60p0,3,13,0.02359494546116882,0.02359494546116882
thetao,W30p0,8,11,-0.023515168662954347,0.023515168662954347
thetao,W40p0,8,6,0.02332997210630527,0.02332997210630527
thetao,W30p0,10,12,-0.023298394064010495,0.023298394064010495
thetao,W10p0,5,5,-0.023261239936283516,0.023261239936283516
so,W20p0,7,13,0.02323406515399575,0.02323406515399575
so,W40p0,1,18,0.023097675391459623,0.023097675391459623
thetao,W10p0,6,8,0.02309055725568296,0.02309055725568296
thetao,W10p0,9,2,0.023040044269115597,0.023040044269115597
so,W20p0,7,15,0.022981443774119308,0.022981443774119308
thetao,W40p0,7,19,0.022912144282679008,0.022912144282679008
thetao,W10p0,3,7,0.022735618519131407,0.022735618519131407
thetao,W40p0,3,4,-0.02264973908436257,0.02264973908436257
so,W20p0,5,3,0.022593094466371706,0.022593094466371706
thetao,W20p0,3,8,-0.022559929377141217,0.022559929377141217
thetao,W30p0,2,18,0.022472692891073353,0.022472692891073353
thetao,W30p0,2,6,0.022344762198439533,0.022344762198439533
so,W20p0,1,3,-0.02220333939885645,0.02220333939885645
so,W40p0,3,0,-0.022193261213814645,0.022193261213814645
thetao,W20p0,8,1,0.021989441643285253,0.021989441643285253
thetao,W40p0,7,11,0.021982170642882333,0.021982170642882333
so,W60p0,3,16,-0.021951529478273873,0.021951529478273873
thetao,W60p0,5,13,0.021906648132537364,0.021906648132537364
thetao,W30p0,3,3,-0.021768975020848406,0.021768975020848406
thetao,W20p0,4,15,-0.021764048362872303,0.021764048362872303
thetao,W30p0,5,12,0.021631085369186315,0.021631085369186315
thetao,W60p0,8,13,0.02155182461815841,0.02155182461815841
so,W30p0,4,15,0.021546765618422076,0.021546765618422076
so,W60p0,9,13,-0.021533897524876337,0.021533897524876337
thetao,W10p0,9,20,0.021528784392908545,0.021528784392908545
thetao,W60p0,4,15,0.02127356696245299,0.02127356696245299
so,W10p0,7,10,0.021006825634651376,0.021006825634651376
so,W20p0,1,15,-0.020914269938750285,0.020914269938750285
so,W30p0,6,12,-0.020783652152202372,0.020783652152202372
thetao,W40p0,5,7,-0.020755395256585044,0.020755395256585044
thetao,W40p0,2,17,-0.020745285107912476,0.020745285107912476
so,W60p0,10,10,0.020580030288455273,0.020580030288455273
thetao,W60p0,3,10,-0.020491529908635044,0.020491529908635044
thetao,W60p0,9,7,0.020108209268034624,0.020108209268034624
thetao,W30p0,4,19,-0.020050121207763748,0.020050121207763748
thetao,W60p0,10,5,-0.01990900930208778,0.01990900930208778
so,W20p0,5,13,0.01980831367925866,0.01980831367925866
thetao,W20p0,6,10,-0.019805390898116698,0.019805390898116698
thetao,W10p0,7,1,0.0198047441852195,0.0198047441852195
thetao,W30p0,10,20,-0.01976652443166056,0.01976652443166056
thetao,W40p0,7,18,-0.019649167886484135,0.019649167886484135
thetao,W40p0,7,10,-0.01940929252659221,0.01940929252659221
so,W10p0,7,17,0.01928863305170138,0.01928863305170138
thetao,W60p0,5,14,0.01905194330341214,0.01905194330341214
thetao,W60p0,2,1,-0.01863911258091032,0.01863911258091032
thetao,W40p0,7,16,0.01855696404325871,0.01855696404325871
thetao,W20p0,4,14,-0.018483602340944837,0.018483602340944837
thetao,W10p0,8,15,-0.018431451920261962,0.018431451920261962
thetao,W40p0,4,16,-0.018382789307060807,0.018382789307060807
so,W60p0,8,0,-0.018245324432037153,0.018245324432037153
so,W30p0,2,6,-0.018237786539793903,0.018237786539793903
so,W30p0,6,8,0.018160156751684135,0.018160156751684135
thetao,W30p0,7,19,0.01812905238286057,0.01812905238286057
so,W10p0,7,9,-0.017851963250609216,0.017851963250609216
so,W40p0,7,3,0.017849476826480075,0.017849476826480075
thetao,W40p0,8,17,0.017845115815582253,0.017845115815582253
thetao,W40p0,4,13,-0.017788245986940676,0.017788245986940676
thetao,W40p0,8,1,0.01769106603733797,0.01769106603733797
so,W60p0,3,20,0.01740243843934942,0.01740243843934942
so,W10p0,10,3,0.01739160448860401,0.01739160448860401
so,W30p0,9,6,0.017286805418718108,0.017286805418718108
so,W20p0,3,9,-0.017285937713245648,0.017285937713245648
thetao,W10p0,3,8,-0.01703980572591859,0.01703980572591859
thetao,W20p0,4,18,-0.016989788883715346,0.016989788883715346
so,W10p0,6,2,-0.016879781731246723,0.016879781731246723
thetao,W40p0,7,2,0.016690269230851384,0.016690269230851384
thetao,W20p0,4,6,-0.016608768446177098,0.016608768446177098
so,W40p0,10,7,-0.016528649034294143,0.016528649034294143
thetao,W60p0,5,0,-0.016494579313565978,0.016494579313565978
so,W40p0,3,16,0.016418009462654367,0.016418009462654367
thetao,W60p0,2,13,-0.016280833290476106,0.016280833290476106
so,W60p0,6,17,0.016141691504323753,0.016141691504323753
thetao,W20p0,2,1,0.016103852758152223,0.016103852758152223
thetao,W40p0,5,14,0.016100227717558646,0.016100227717558646
so,W10p0,5,19,-0.016072619076221213,0.016072619076221213
thetao,W20p0,10,0,0.01599656294598053,0.01599656294598053
so,W30p0,10,9,-0.015834935611177145,0.015834935611177145
thetao,W20p0,10,11,0.015706128344282477,0.015706128344282477
so,W10p0,8,4,0.01568856689289549,0.01568856689289549
thetao,W10p0,9,1,0.015522829128359127,0.015522829128359127
thetao,W60p0,5,17,-0.015311305547591771,0.015311305547591771
thetao,W40p0,8,18,-0.015081489270912875,0.015081489270912875
so,W30p0,6,17,-0.01507732101012915,0.01507732101012915
thetao,W10p0,5,10,0.014908887910278038,0.014908887910278038
thetao,W60p0,10,14,0.014842403907133176,0.014842403907133176
thetao,W10p0,2,14,0.01478858311696971,0.01478858311696971
thetao,W60p0,8,16,0.014679651496908898,0.014679651496908898
thetao,W30p0,2,5,0.014632236671838649,0.014632236671838649
so,W40p0,3,10,0.014477085087745912,0.014477085087745912
thetao,W20p0,5,3,0.014387232353244093,0.014387232353244093
thetao,W20p0,8,13,0.014260264196093176,0.014260264196093176
so,W60p0,4,19,0.014254106562202287,0.014254106562202287
thetao,W20p0,3,9,-0.014194145337469526,0.014194145337469526
so,W30p0,6,11,-0.014014986662119318,0.014014986662119318
so,W30p0,6,20,-0.013983029077750574,0.013983029077750574
so,W40p0,8,0,0.013416855548174322,0.013416855548174322
thetao,W20p0,5,0,0.013414423792075672,0.013414423792075672
thetao,W40p0,9,17,-0.013334801950762188,0.013334801950762188
so,W10p0,5,1,-0.013256632953767564,0.013256632953767564
so,W20p0,5,4,-0.013004935506074466,0.013004935506074466
thetao,W10p0,8,16,-0.01297439404273977,0.01297439404273977
so,W30p0,8,2,0.012952222088317838,0.012952222088317838
thetao,W20p0,4,9,0.012602577148052137,0.012602577148052137
so,W40p0,8,17,0.012361310828999928,0.012361310828999928
so,W40p0,3,17,-0.012358028476186254,0.012358028476186254
thetao,W30p0,6,17,0.012251743586933829,0.012251743586933829
thetao,W10p0,2,4,0.01219491722324969,0.01219491722324969
so,W30p0,2,18,0.012191493679833753,0.012191493679833753
so,W60p0,5,17,0.012071343794695858,0.012071343794695858
so,W20p0,8,5,-0.01201969563513352,0.01201969563513352
so,W60p0,10,5,-0.011944768524211297,0.011944768524211297
thetao,W40p0,4,15,-0.011871713567513846,0.011871713567513846
thetao,W60p0,3,14,-0.011814334897068414,0.011814334897068414
thetao,W20p0,9,10,0.011781051826491175,0.011781051826491175
so,W60p0,4,18,0.011780813622693566,0.011780813622693566
so,W20p0,4,15,0.011688149664760757,0.011688149664760757
thetao,W30p0,6,9,0.01162689838268379,0.01162689838268379
so,W30p0,10,12,0.011597576372217824,0.011597576372217824
thetao,W10p0,9,18,0.011572003376276781,0.011572003376276781
thetao,W30p0,8,19,0.011539080763057147,0.011539080763057147
thetao,W60p0,6,16,-0.011485288548053361,0.011485288548053361
thetao,W10p0,4,0,0.011337362341931995,0.011337362341931995
thetao,W40p0,4,17,-0.011253355669998435,0.011253355669998435
thetao,W60p0,9,8,-0.011199591882539156,0.011199591882539156
so,W40p0,10,4,-0.011067274546240674,0.011067274546240674
so,W60p0,6,4,0.011005146184588453,0.011005146184588453
thetao,W40p0,10,3,0.010449984581777776,0.010449984581777776
thetao,W30p0,10,1,-0.010444148849018932,0.010444148849018932
so,W20p0,9,20,0.010391432039375616,0.010391432039375616
so,W40p0,10,3,-0.010302338186646384,0.010302338186646384
thetao,W10p0,5,9,0.01025515823050205,0.01025515823050205
thetao,W30p0,7,20,-0.010221213379723188,0.010221213379723188
so,W60p0,4,16,-0.010188541625567388,0.010188541625567388
so,W10p0,8,5,-0.010102123397054956,0.010102123397054956
thetao,W20p0,1,8,-0.010086255835737301,0.010086255835737301
so,W40p0,10,0,-0.010083643103384353,0.010083643103384353
so,W60p0,9,16,-0.010004691930080451,0.010004691930080451
thetao,W60p0,8,14,0.009932746785292148,0.009932746785292148
thetao,W20p0,3,20,0.009885597514927614,0.009885597514927614
so,W10p0,10,4,-0.009828885545020413,0.009828885545020413
so,W20p0,9,4,-0.009816666572545448,0.009816666572545448
so,W20p0,10,13,0.009725374764255156,0.009725374764255156
so,W40p0,10,1,-0.00968683455830729,0.00968683455830729
so,W40p0,10,18,0.009533399811122853,0.009533399811122853
thetao,W30p0,7,18,-0.00949641260225435,0.00949641260225435
so,W60p0,6,7,0.0094930917180296,0.0094930917180296
thetao,W10p0,2,13,-0.009448207400599193,0.009448207400599193
thetao,W40p0,5,0,0.009383498371167885,0.009383498371167885
so,W10p0,5,17,-0.009353595310190723,0.009353595310190723
thetao,W60p0,8,5,-0.008907665080779857,0.008907665080779857
thetao,W10p0,5,20,0.008796231772116253,0.008796231772116253
so,W60p0,9,20,0.008483433674181844,0.008483433674181844
so,W20p0,5,14,0.008447172434127388,0.008447172434127388
so,W40p0,4,11,-0.008410106341276867,0.008410106341276867
thetao,W30p0,7,7,0.00839862325898816,0.00839862325898816
thetao,W20p0,3,4,0.008359289584866977,0.008359289584866977
thetao,W30p0,2,3,-0.008327131370307009,0.008327131370307009
so,W60p0,8,18,0.008324456076811709,0.008324456076811709
thetao,W40p0,2,6,-0.008237080541679988,0.008237080541679988
thetao,W20p0,5,2,-0.00814337735583885,0.00814337735583885
thetao,W20p0,4,20,-0.008045653935075265,0.008045653935075265
thetao,W60p0,1,3,0.007993437242191037,0.007993437242191037
so,W10p0,8,3,-0.007800436240394506,0.007800436240394506
thetao,W30p0,3,17,-0.0075643350427380745,0.0075643350427380745
thetao,W20p0,10,1,-0.007558476910229803,0.007558476910229803
so,W20p0,4,1,0.007504602273670511,0.007504602273670511
thetao,W60p0,9,10,0.007377477325862131,0.007377477325862131
thetao,W30p0,7,17,0.007369485361517914,0.007369485361517914
thetao,W30p0,3,8,-0.007356623529200914,0.007356623529200914
so,W30p0,3,20,-0.007117630916790359,0.007117630916790359
so,W60p0,6,9,-0.007112843073810158,0.007112843073810158
so,W30p0,10,20,0.007105125800816567,0.007105125800816567
thetao,W40p0,8,0,-0.007044639025059781,0.007044639025059781
thetao,W20p0,3,6,-0.00694119062944396,0.00694119062944396
so,W60p0,6,8,0.006799960289143891,0.006799960289143891
so,W60p0,4,17,0.006710698071316985,0.006710698071316985
thetao,W20p0,10,2,-0.006627971999673801,0.006627971999673801
so,W10p0,6,17,0.006602393116901019,0.006602393116901019
thetao,W10p0,3,9,-0.006554294128070426,0.006554294128070426
so,W30p0,7,8,-0.006476066493489547,0.006476066493489547
thetao,W40p0,3,2,-0.006453995569272423,0.006453995569272423
thetao,W40p0,5,8,-0.006450085748841099,0.006450085748841099
so,W20p0,5,15,0.0064056603986879955,0.0064056603986879955
thetao,W40p0,5,6,-0.006329806024847211,0.006329806024847211
thetao,W10p0,1,3,0.006015527204582822,0.006015527204582822
so,W60p0,3,19,0.005996241959729709,0.005996241959729709
thetao,W60p0,4,17,0.00599054107231026,0.00599054107231026
thetao,W40p0,3,6,0.005955877338625511,0.005955877338625511
thetao,W20p0,4,10,0.005924379126792564,0.005924379126792564
so,W40p0,4,12,0.005775375985640517,0.005775375985640517
thetao,W30p0,5,1,-0.005710806266006411,0.005710806266006411
thetao,W10p0,4,14,0.005554565807759875,0.005554565807759875
so,W20p0,10,14,0.005527602275190415,0.005527602275190415
so,W20p0,6,10,0.005515044944494621,0.005515044944494621
so,W40p0,10,10,0.005405400608339401,0.005405400608339401
so,W20p0,3,8,0.005341539737208793,0.005341539737208793
so,W20p0,3,0,0.00523195106261137,0.00523195106261137
thetao,W60p0,6,17,0.005193970455386797,0.005193970455386797
so,W30p0,7,6,-0.004987624830514704,0.004987624830514704
so,W30p0,9,19,-0.004975702238172647,0.004975702238172647
thetao,W40p0,7,12,-0.004917664838852413,0.004917664838852413
thetao,W60p0,4,19,-0.004884118560483526,0.004884118560483526
so,W40p0,4,15,-0.004725428233854665,0.004725428233854665
thetao,W30p0,10,14,-0.00471519384710661,0.00471519384710661
so,W20p0,4,3,0.0047028311790174495,0.0047028311790174495
so,W60p0,10,19,-0.0045918965202357736,0.0045918965202357736
thetao,W10p0,9,12,0.004555574292433884,0.004555574292433884
thetao,W30p0,3,4,-0.004491721442438837,0.004491721442438837
so,W60p0,5,20,-0.004101809831658699,0.004101809831658699
so,W40p0,9,18,0.004079817397363969,0.004079817397363969
thetao,W30p0,3,0,0.004007137309346254,0.004007137309346254
so,W60p0,4,20,0.003981192957560239,0.003981192957560239
thetao,W20p0,4,0,0.00391085474143013,0.00391085474143013
thetao,W10p0,7,14,-0.003844813837635034,0.003844813837635034
so,W20p0,5,7,-0.003817551280990719,0.003817551280990719
so,W40p0,8,16,-0.0034295138640420874,0.0034295138640420874
so,W20p0,9,17,-0.003419047843148985,0.003419047843148985
thetao,W30p0,3,2,0.0033857462083273187,0.0033857462083273187
thetao,W20p0,3,11,-0.003384805198939706,0.003384805198939706
so,W60p0,1,7,0.003354091785963846,0.003354091785963846
so,W60p0,3,17,-0.0032465669096473776,0.0032465669096473776
so,W30p0,2,17,0.003121517888169093,0.003121517888169093
so,W60p0,10,12,0.0029692824537632116,0.0029692824537632116
so,W40p0,8,2,0.002951501986606889,0.002951501986606889
so,W30p0,7,3,-0.002936429130328882,0.002936429130328882
thetao,W20p0,10,3,-0.002916356829464504,0.002916356829464504
so,W30p0,6,19,0.002867884989315268,0.002867884989315268
so,W30p0,4,8,-0.0027828110369852795,0.0027828110369852795
thetao,W10p0,10,11,-0.0026351920314795145,0.0026351920314795145
so,W60p0,3,18,-0.002622138848662861,0.002622138848662861
so,W40p0,9,19,0.0024478053560697557,0.0024478053560697557
so,W40p0,10,2,0.002382188886986984,0.002382188886986984
so,W20p0,4,2,-0.002270734268530933,0.002270734268530933
so,W30p0,4,3,-0.002234737915083736,0.002234737915083736
so,W20p0,5,1,0.002191552705690392,0.002191552705690392
so,W30p0,10,11,-0.002181281344932306,0.002181281344932306
thetao,W60p0,4,3,0.002144129773354055,0.002144129773354055
so,W10p0,9,15,0.0021043999062042833,0.0021043999062042833
thetao,W60p0,8,15,0.002092768335141002,0.002092768335141002
so,W20p0,7,2,0.002036176981536214,0.002036176981536214
thetao,W30p0,3,7,-0.0019346952724924767,0.0019346952724924767
thetao,W40p0,5,5,0.001926176928403965,0.001926176928403965
thetao,W20p0,4,11,-0.0018647631476734951,0.0018647631476734951
so,W10p0,5,16,0.0018512414668941319,0.0018512414668941319
thetao,W20p0,3,5,-0.0017032141514117106,0.0017032141514117106
thetao,W30p0,2,4,0.0015878367100543936,0.0015878367100543936
so,W30p0,2,5,0.0013644483160650768,0.0013644483160650768
so,W30p0,10,4,0.0012005624638402582,0.0012005624638402582
thetao,W30p0,5,2,-0.0011071399462010537,0.0011071399462010537
so,W30p0,6,15,0.0010820713653065964,0.0010820713653065964
so,W10p0,10,16,0.0009004991864017031,0.0009004991864017031
so,W20p0,7,14,-0.0008717500587318366,0.0008717500587318366
thetao,W60p0,3,11,0.0005363564750569433,0.0005363564750569433
thetao,W60p0,2,3,0.00045987823307827304,0.00045987823307827304
thetao,W20p0,3,7,-0.00035243691630165827,0.00035243691630165827
thetao,W60p0,7,15,0.0001881117470696469,0.0001881117470696469
so,W60p0,9,2,-0.00015499268501951107,0.00015499268501951107
thetao,W40p0,6,10,-0.00015095656631407053,0.00015095656631407053
so,W30p0,9,7,-0.00012493134780140565,0.00012493134780140565
thetao,W20p0,9,17,7.348866622618293e-05,7.348866622618293e-05
