var,lon_tag,mode,lag,corr,abs_corr
so,W10p0,10,10,-0.5737787389129739,0.5737787389129739
so,W10p0,10,11,-0.5674158551104208,0.5674158551104208
so,W40p0,3,17,0.544854843444433,0.544854843444433
so,W10p0,10,9,-0.5383572355734761,0.5383572355734761
so,W60p0,7,20,-0.5181555675960382,0.5181555675960382
so,W40p0,3,18,0.5035473920910353,0.5035473920910353
so,W10p0,10,12,-0.4881431928630641,0.4881431928630641
so,W10p0,7,16,0.48249308908008925,0.48249308908008925
so,W40p0,3,16,0.4685984304938622,0.4685984304938622
so,W60p0,7,19,-0.4607909155125502,0.4607909155125502
so,W10p0,7,15,0.4506447886787552,0.4506447886787552
so,W10p0,7,17,0.449325748990336,0.449325748990336
so,W10p0,6,4,0.44811638205470455,0.44811638205470455
so,W20p0,7,4,-0.4434468821249275,0.4434468821249275
so,W40p0,2,2,-0.44313557045493224,0.44313557045493224
so,W10p0,6,5,0.4385106446463494,0.4385106446463494
thetao,W40p0,10,1,0.43249357098465774,0.43249357098465774
thetao,W40p0,2,2,-0.4295211037238744,0.4295211037238744
so,W10p0,10,8,-0.4290809239913142,0.4290809239913142
so,W40p0,7,0,-0.4287095223284182,0.4287095223284182
thetao,W20p0,5,2,-0.4279441872148133,0.4279441872148133
thetao,W40p0,10,0,0.42781191302329424,0.42781191302329424
thetao,W40p0,2,1,-0.42700220649812803,0.42700220649812803
so,W10p0,7,18,0.4260926119324855,0.4260926119324855
so,W60p0,1,1,0.4226857798975131,0.4226857798975131
so,W20p0,7,5,-0.42093661708792524,0.42093661708792524
so,W20p0,7,3,-0.4200338123842012,0.4200338123842012
thetao,W30p0,5,9,0.4134535883155951,0.4134535883155951
so,W20p0,2,20,0.4126026948786027,0.4126026948786027
thetao,W40p0,3,0,-0.4104280760301522,0.4104280760301522
thetao,W40p0,6,1,0.4084727435308411,0.4084727435308411
so,W40p0,5,1,-0.40653482980360506,0.40653482980360506
so,W60p0,1,0,0.4046017829217106,0.4046017829217106
so,W10p0,7,14,0.40392622955056756,0.40392622955056756
so,W60p0,7,18,-0.40297903699263743,0.40297903699263743
thetao,W20p0,5,1,-0.40261571363852494,0.40261571363852494
so,W20p0,2,19,0.40160414825589125,0.40160414825589125
thetao,W30p0,6,11,-0.40106008281635097,0.40106008281635097
so,W10p0,6,3,0.3955585611673506,0.3955585611673506
so,W40p0,2,1,-0.3949365798508394,0.3949365798508394
so,W10p0,7,19,0.39460498573882535,0.39460498573882535
thetao,W40p0,8,18,0.3937816889310407,0.3937816889310407
so,W40p0,3,19,0.39007813219709186,0.39007813219709186
thetao,W40p0,3,10,0.389035522260162,0.389035522260162
so,W40p0,5,0,-0.3860551989751284,0.3860551989751284
so,W60p0,1,2,0.3851595397640092,0.3851595397640092
thetao,W20p0,5,3,-0.3838996753171011,0.3838996753171011
thetao,W40p0,6,2,0.3824814793573767,0.3824814793573767
so,W10p0,1,3,-0.38228858853952424,0.38228858853952424
thetao,W10p0,2,18,0.3808027232644884,0.3808027232644884
so,W60p0,2,18,-0.38001637926241644,0.38001637926241644
so,W20p0,6,0,0.37768245252428817,0.37768245252428817
so,W20p0,7,6,-0.3760599949894759,0.3760599949894759
thetao,W30p0,5,10,0.3744004628433291,0.3744004628433291
thetao,W30p0,6,10,-0.37344419708532134,0.37344419708532134
thetao,W30p0,6,12,-0.3711356067504376,0.3711356067504376
so,W10p0,6,6,0.3706288147521613,0.3706288147521613
thetao,W60p0,10,16,0.36888248109772903,0.36888248109772903
thetao,W20p0,10,10,0.36860220309321784,0.36860220309321784
thetao,W10p0,2,17,0.36628655990496384,0.36628655990496384
so,W10p0,1,4,-0.36571034785567214,0.36571034785567214
thetao,W40p0,8,7,-0.36481287800374085,0.36481287800374085
so,W20p0,7,2,-0.36391412236295867,0.36391412236295867
thetao,W60p0,9,1,0.3636764147945525,0.3636764147945525
so,W40p0,2,3,-0.3630135872096759,0.3630135872096759
thetao,W10p0,7,18,-0.35963064099093894,0.35963064099093894
thetao,W20p0,6,5,-0.35954556896214096,0.35954556896214096
thetao,W10p0,2,19,0.35881474551458653,0.35881474551458653
so,W20p0,6,1,0.35669749591707445,0.35669749591707445
thetao,W10p0,10,5,-0.3509468583904131,0.3509468583904131
so,W20p0,10,5,-0.3500057588542186,0.3500057588542186
so,W30p0,2,0,-0.3470479935334271,0.3470479935334271
thetao,W20p0,3,13,0.3466096717954414,0.3466096717954414
so,W30p0,4,19,0.345359183189079,0.345359183189079
so,W60p0,7,17,-0.3452217151031351,0.3452217151031351
thetao,W30p0,6,9,-0.34454903999708886,0.34454903999708886
thetao,W20p0,10,9,0.34330316204942,0.34330316204942
thetao,W60p0,10,15,0.3430168692474008,0.3430168692474008
so,W10p0,6,12,-0.3429705979559787,0.3429705979559787
thetao,W20p0,3,12,0.3424975198248865,0.3424975198248865
so,W60p0,2,19,-0.341317257709892,0.341317257709892
thetao,W10p0,7,16,-0.3407348273785853,0.3407348273785853
so,W20p0,7,1,-0.34059185052186636,0.34059185052186636
thetao,W60p0,2,8,-0.3405227824487468,0.3405227824487468
thetao,W40p0,3,11,0.33957363993112255,0.33957363993112255
so,W10p0,10,13,-0.33893059156428695,0.33893059156428695
so,W20p0,7,0,-0.33871337289351805,0.33871337289351805
so,W40p0,5,2,-0.33831269017389726,0.33831269017389726
so,W20p0,2,18,0.3372437094867861,0.3372437094867861
thetao,W40p0,6,0,0.33683191115504596,0.33683191115504596
thetao,W40p0,8,20,0.3366820471754874,0.3366820471754874
so,W40p0,3,20,0.33551283484783007,0.33551283484783007
so,W60p0,4,14,0.3354331891328904,0.3354331891328904
so,W20p0,8,10,-0.33525107892176986,0.33525107892176986
thetao,W30p0,9,18,-0.33490075492035654,0.33490075492035654
thetao,W60p0,10,0,-0.3345741106588107,0.3345741106588107
so,W30p0,4,20,0.33367430714090013,0.33367430714090013
thetao,W20p0,6,6,-0.33314495151583406,0.33314495151583406
thetao,W40p0,9,8,-0.33306788413597743,0.33306788413597743
so,W10p0,2,1,-0.3318447211398886,0.3318447211398886
so,W60p0,4,15,0.33120734307997546,0.33120734307997546
thetao,W30p0,5,8,0.3307354843170338,0.3307354843170338
so,W40p0,3,15,0.33047504970018354,0.33047504970018354
so,W10p0,6,11,-0.3302400412616859,0.3302400412616859
so,W10p0,10,7,-0.33014302951078117,0.33014302951078117
so,W10p0,7,13,0.32855633383865257,0.32855633383865257
thetao,W10p0,7,17,-0.3279548556133308,0.3279548556133308
thetao,W60p0,8,20,-0.3272864685197261,0.3272864685197261
thetao,W40p0,8,17,0.3271734164582835,0.3271734164582835
thetao,W20p0,5,0,-0.32592124803564093,0.32592124803564093
so,W20p0,10,4,-0.3251504202193069,0.3251504202193069
so,W30p0,2,18,0.32430343958536745,0.32430343958536745
thetao,W10p0,10,6,-0.32268210148325854,0.32268210148325854
so,W20p0,7,7,-0.32229062206847797,0.32229062206847797
so,W20p0,8,9,-0.32133738530115563,0.32133738530115563
so,W40p0,1,0,0.321013686450716,0.321013686450716
so,W10p0,7,20,0.3209551401890977,0.3209551401890977
thetao,W10p0,4,3,0.31981446644602196,0.31981446644602196
thetao,W60p0,10,17,0.31798094828412293,0.31798094828412293
so,W10p0,2,20,-0.31793193596196745,0.31793193596196745
thetao,W20p0,3,11,0.31771281392180095,0.31771281392180095
so,W40p0,1,13,-0.3175167203952219,0.3175167203952219
so,W60p0,2,17,-0.31627856256357684,0.31627856256357684
so,W10p0,2,0,-0.31583782438961766,0.31583782438961766
thetao,W60p0,1,19,-0.3156828601849418,0.3156828601849418
so,W30p0,1,8,0.31485731306337006,0.31485731306337006
so,W40p0,2,4,-0.3148091309982436,0.3148091309982436
thetao,W40p0,3,9,0.3137025093709622,0.3137025093709622
thetao,W40p0,8,19,0.31322382379255304,0.31322382379255304
so,W30p0,1,20,-0.3130351317954169,0.3130351317954169
thetao,W60p0,1,18,-0.31291074291507154,0.31291074291507154
so,W30p0,1,19,-0.31206495678889534,0.31206495678889534
thetao,W60p0,9,2,0.31162740502467673,0.31162740502467673
so,W20p0,10,6,-0.3110764633103951,0.3110764633103951
thetao,W60p0,2,9,-0.3099130878738341,0.3099130878738341
thetao,W60p0,1,20,-0.3095910061145913,0.3095910061145913
thetao,W40p0,8,15,0.3088679433910541,0.3088679433910541
thetao,W60p0,6,5,-0.30863253860533646,0.30863253860533646
so,W40p0,1,14,-0.30772674829265284,0.30772674829265284
so,W10p0,6,7,0.30713338036910304,0.30713338036910304
so,W20p0,8,8,-0.3069459387853165,0.3069459387853165
thetao,W10p0,4,20,-0.3060769748696592,0.3060769748696592
so,W40p0,1,15,-0.30565817593362865,0.30565817593362865
thetao,W40p0,8,14,0.30510533971366544,0.30510533971366544
so,W10p0,1,5,-0.3046409157529726,0.3046409157529726
thetao,W30p0,1,6,-0.30379721299596807,0.30379721299596807
so,W30p0,3,20,-0.3037573426180497,0.3037573426180497
so,W60p0,2,16,-0.30337187527063103,0.30337187527063103
so,W10p0,1,2,-0.30323097552116407,0.30323097552116407
thetao,W30p0,9,19,-0.3030352396623402,0.3030352396623402
thetao,W30p0,1,5,-0.3022743715139154,0.3022743715139154
thetao,W20p0,6,4,-0.30202443090959874,0.30202443090959874
thetao,W10p0,4,4,0.3017237524566642,0.3017237524566642
thetao,W60p0,1,16,-0.301216427281635,0.301216427281635
thetao,W40p0,1,15,0.3008388009569072,0.3008388009569072
thetao,W30p0,1,7,-0.30050100248726397,0.30050100248726397
so,W40p0,6,10,-0.3001995073155081,0.3001995073155081
so,W30p0,1,9,0.29996333898732613,0.29996333898732613
so,W30p0,1,7,0.29951539336250443,0.29951539336250443
thetao,W40p0,10,4,0.2990919597217657,0.2990919597217657
so,W40p0,9,7,-0.2986390682194461,0.2986390682194461
so,W30p0,3,1,0.29743508196334856,0.29743508196334856
so,W10p0,6,2,0.2973634117453676,0.2973634117453676
thetao,W40p0,8,6,-0.2972486814788828,0.2972486814788828
thetao,W40p0,2,3,-0.2969243547581583,0.2969243547581583
so,W20p0,3,2,0.29689729639544393,0.29689729639544393
thetao,W30p0,6,14,-0.2966049047313317,0.2966049047313317
thetao,W60p0,5,14,-0.2964137745508002,0.2964137745508002
thetao,W30p0,6,13,-0.29606829358302317,0.29606829358302317
thetao,W60p0,1,15,-0.2958108049754298,0.2958108049754298
so,W60p0,2,20,-0.2956604458482312,0.2956604458482312
thetao,W60p0,8,19,-0.2956074505923973,0.2956074505923973
thetao,W60p0,2,10,-0.29523409382874316,0.29523409382874316
so,W10p0,2,19,-0.2949583218569515,0.2949583218569515
so,W60p0,1,3,0.2948896533317766,0.2948896533317766
so,W60p0,5,16,0.2943412534684289,0.2943412534684289
thetao,W40p0,6,3,0.29411234635689126,0.29411234635689126
so,W30p0,3,19,-0.2937706484612259,0.2937706484612259
thetao,W40p0,5,1,-0.2936001368753979,0.2936001368753979
thetao,W40p0,1,14,0.2899331665915297,0.2899331665915297
so,W30p0,2,17,0.28974858636716405,0.28974858636716405
so,W30p0,7,0,-0.2893313094688208,0.2893313094688208
so,W30p0,5,11,-0.2892018631679663,0.2892018631679663
thetao,W40p0,9,2,0.2884740533369472,0.2884740533369472
so,W30p0,2,19,0.28801626939869013,0.28801626939869013
so,W30p0,4,18,0.28638654991810075,0.28638654991810075
so,W10p0,10,6,-0.2863405882828014,0.2863405882828014
thetao,W30p0,1,3,-0.28572158081377796,0.28572158081377796
thetao,W30p0,1,8,-0.28495105775696167,0.28495105775696167
thetao,W10p0,2,20,0.2844591768179468,0.2844591768179468
so,W30p0,1,18,-0.2842765254530324,0.2842765254530324
thetao,W10p0,6,20,-0.28337110238779073,0.28337110238779073
thetao,W10p0,4,6,0.28271115515323425,0.28271115515323425
thetao,W30p0,6,8,-0.28270890142111765,0.28270890142111765
thetao,W40p0,2,7,-0.2821711362548461,0.2821711362548461
thetao,W20p0,1,1,0.28178850750345225,0.28178850750345225
thetao,W60p0,1,17,-0.2807707902823957,0.2807707902823957
thetao,W60p0,1,14,-0.2807254103159881,0.2807254103159881
so,W40p0,6,9,-0.28069539524373716,0.28069539524373716
thetao,W20p0,3,14,0.28002005786212575,0.28002005786212575
so,W20p0,8,11,-0.2796493506140474,0.2796493506140474
so,W10p0,2,18,-0.27943010257541157,0.27943010257541157
thetao,W40p0,3,12,0.2794122879700732,0.2794122879700732
thetao,W10p0,4,5,0.2782868029616146,0.2782868029616146
thetao,W10p0,2,16,0.2782517468662975,0.2782517468662975
thetao,W10p0,6,19,-0.2778682390363614,0.2778682390363614
thetao,W20p0,1,2,0.27782319481750517,0.27782319481750517
so,W40p0,7,1,-0.2770648071000295,0.2770648071000295
thetao,W40p0,7,8,0.27697011022625234,0.27697011022625234
so,W20p0,6,15,-0.2767140497177499,0.2767140497177499
so,W20p0,7,8,-0.27670360663671745,0.27670360663671745
so,W10p0,6,20,-0.2764079232137987,0.2764079232137987
thetao,W30p0,10,20,-0.2755610283226947,0.2755610283226947
thetao,W30p0,1,2,-0.2753588315099671,0.2753588315099671
thetao,W60p0,2,7,-0.27488205287854256,0.27488205287854256
so,W20p0,6,2,0.273172088447163,0.273172088447163
thetao,W20p0,5,4,-0.2731663796465,0.2731663796465
so,W30p0,5,10,-0.27305772902113273,0.27305772902113273
thetao,W40p0,1,13,0.2729794594144606,0.2729794594144606
so,W40p0,9,6,-0.2719079528563493,0.2719079528563493
thetao,W30p0,9,17,-0.2716366111156792,0.2716366111156792
thetao,W20p0,2,20,0.27106495295407196,0.27106495295407196
thetao,W60p0,5,15,-0.2709221931179508,0.2709221931179508
thetao,W20p0,3,10,0.2708882907442925,0.2708882907442925
thetao,W20p0,10,11,0.2707018895624095,0.2707018895624095
so,W40p0,1,16,-0.27010468030775725,0.27010468030775725
so,W60p0,4,3,0.26980463606075367,0.26980463606075367
thetao,W40p0,2,0,-0.2689330817692548,0.2689330817692548
so,W20p0,10,3,-0.26868309299779536,0.26868309299779536
so,W60p0,2,15,-0.26860247579622126,0.26860247579622126
so,W40p0,1,12,-0.2678853319244515,0.2678853319244515
thetao,W10p0,4,7,0.26781509916687446,0.26781509916687446
thetao,W20p0,6,7,-0.2676780587883091,0.2676780587883091
so,W10p0,10,14,-0.26755980605174906,0.26755980605174906
so,W60p0,7,12,-0.267523459171166,0.267523459171166
so,W30p0,3,2,0.2674844476120112,0.2674844476120112
thetao,W60p0,2,1,-0.2671770104510691,0.2671770104510691
thetao,W20p0,1,3,0.2667551087718168,0.2667551087718168
thetao,W40p0,10,2,0.26617436244781256,0.26617436244781256
so,W40p0,7,4,-0.2656647233661224,0.2656647233661224
thetao,W30p0,1,4,-0.2655279304108859,0.2655279304108859
so,W10p0,8,0,-0.26524904628365875,0.26524904628365875
so,W30p0,5,8,-0.2649503335574005,0.2649503335574005
thetao,W60p0,9,0,0.26458875900706086,0.26458875900706086
thetao,W40p0,9,9,-0.26445787993442005,0.26445787993442005
so,W10p0,10,18,-0.2644373482839939,0.2644373482839939
thetao,W60p0,8,18,-0.2635028630903022,0.2635028630903022
thetao,W40p0,5,2,-0.26257793338181634,0.26257793338181634
so,W20p0,2,13,-0.2623043889024555,0.2623043889024555
so,W30p0,8,2,0.2621692428978803,0.2621692428978803
so,W20p0,6,14,-0.2620433448306475,0.2620433448306475
so,W60p0,6,7,0.26202151112111066,0.26202151112111066
so,W30p0,8,3,0.26153639658088607,0.26153639658088607
so,W60p0,4,2,0.2612943411352607,0.2612943411352607
thetao,W40p0,8,16,0.2610320845059105,0.2610320845059105
thetao,W10p0,4,2,0.2609110421235137,0.2609110421235137
thetao,W40p0,10,5,0.26078431122676615,0.26078431122676615
thetao,W20p0,1,0,0.26074537213601195,0.26074537213601195
thetao,W20p0,10,8,0.2604917224614705,0.2604917224614705
so,W60p0,4,1,0.2604872508296367,0.2604872508296367
so,W60p0,5,15,0.26045460038330387,0.26045460038330387
thetao,W40p0,8,5,-0.26043771080625566,0.26043771080625566
thetao,W40p0,9,7,-0.2604052077232732,0.2604052077232732
so,W40p0,6,11,-0.2602274354572441,0.2602274354572441
thetao,W30p0,1,9,-0.2601994873395779,0.2601994873395779
so,W30p0,3,5,0.26004223970429885,0.26004223970429885
so,W20p0,3,1,0.2597996825260087,0.2597996825260087
so,W20p0,2,14,-0.2593457898485613,0.2593457898485613
thetao,W40p0,1,16,0.2585085823648901,0.2585085823648901
so,W40p0,9,5,-0.2581729168600958,0.2581729168600958
thetao,W60p0,5,8,-0.2580057465862162,0.2580057465862162
thetao,W30p0,3,18,0.2578041244965492,0.2578041244965492
thetao,W60p0,8,17,-0.2576043752076444,0.2576043752076444
thetao,W60p0,10,18,0.2575654787907015,0.2575654787907015
thetao,W10p0,1,1,0.2572546587565942,0.2572546587565942
so,W10p0,2,2,-0.2572420557262785,0.2572420557262785
thetao,W30p0,5,20,-0.2568425537341992,0.2568425537341992
thetao,W10p0,3,0,-0.2563621088484017,0.2563621088484017
thetao,W40p0,2,6,-0.255485082658308,0.255485082658308
so,W20p0,10,2,-0.25544004695780576,0.25544004695780576
so,W40p0,9,3,-0.2554280421740155,0.2554280421740155
so,W60p0,4,16,0.255242790426834,0.255242790426834
thetao,W10p0,1,18,0.25425202165656025,0.25425202165656025
thetao,W10p0,1,2,0.25343792507714075,0.25343792507714075
thetao,W40p0,8,8,-0.2530096361377963,0.2530096361377963
thetao,W40p0,2,18,0.25283936723190537,0.25283936723190537
thetao,W20p0,2,3,-0.25263691036641794,0.25263691036641794
so,W40p0,9,8,-0.2521049213897825,0.2521049213897825
thetao,W40p0,7,9,0.25175851952518724,0.25175851952518724
thetao,W20p0,2,4,-0.2509914844539609,0.2509914844539609
thetao,W60p0,5,7,-0.25068165714858315,0.25068165714858315
so,W10p0,1,6,-0.250484503171273,0.250484503171273
so,W40p0,7,8,-0.2503858733307708,0.2503858733307708
thetao,W40p0,8,4,-0.24831586929138047,0.24831586929138047
so,W40p0,7,9,-0.2483037725268515,0.2483037725268515
thetao,W20p0,5,13,-0.24798198643627006,0.24798198643627006
thetao,W30p0,9,2,-0.24733307805857638,0.24733307805857638
so,W60p0,6,8,0.2472015140407335,0.2472015140407335
so,W30p0,8,4,0.24697829380816155,0.24697829380816155
thetao,W20p0,8,4,0.24610957473240078,0.24610957473240078
so,W60p0,3,19,0.24601603043913386,0.24601603043913386
so,W40p0,8,19,-0.24573597596655258,0.24573597596655258
so,W40p0,1,1,0.24543391354444,0.24543391354444
thetao,W10p0,1,19,0.24524109146996823,0.24524109146996823
thetao,W20p0,2,19,0.24407489580958974,0.24407489580958974
so,W10p0,5,12,-0.2435013284847287,0.2435013284847287
thetao,W60p0,8,5,0.24334833744375484,0.24334833744375484
thetao,W10p0,4,19,-0.2430948336737234,0.2430948336737234
thetao,W40p0,10,3,0.2417841460335355,0.2417841460335355
thetao,W60p0,2,2,-0.24153126720328366,0.24153126720328366
so,W30p0,5,7,-0.24108232406943933,0.24108232406943933
thetao,W30p0,10,19,-0.24106399420072394,0.24106399420072394
thetao,W60p0,5,16,-0.24020663182229293,0.24020663182229293
so,W60p0,3,20,0.24001703991002757,0.24001703991002757
so,W30p0,5,12,-0.24000853357831703,0.24000853357831703
thetao,W10p0,4,13,0.23989276467101503,0.23989276467101503
so,W30p0,3,3,0.23983288433564995,0.23983288433564995
so,W60p0,7,16,-0.23969253616628106,0.23969253616628106
thetao,W40p0,3,1,-0.2392310877335739,0.2392310877335739
so,W40p0,3,4,-0.2391221133820481,0.2391221133820481
thetao,W60p0,6,4,-0.23904069802186415,0.23904069802186415
thetao,W10p0,10,4,-0.23885453037048898,0.23885453037048898
so,W10p0,6,19,-0.23864168565493182,0.23864168565493182
so,W60p0,5,1,-0.23812915532819545,0.23812915532819545
thetao,W20p0,1,4,0.2381165484506745,0.2381165484506745
so,W10p0,10,15,-0.23784678012544178,0.23784678012544178
so,W40p0,8,18,-0.2370120016887643,0.2370120016887643
so,W20p0,8,7,-0.2362761315140003,0.2362761315140003
so,W30p0,7,1,-0.23576698380071026,0.23576698380071026
so,W60p0,2,1,0.2353210576088865,0.2353210576088865
thetao,W60p0,8,4,0.23526848917275972,0.23526848917275972
thetao,W20p0,5,14,-0.2348983851587958,0.2348983851587958
thetao,W40p0,2,19,0.23440305695619132,0.23440305695619132
thetao,W60p0,6,6,-0.23438905604609048,0.23438905604609048
so,W10p0,4,19,0.23365607128900634,0.23365607128900634
thetao,W60p0,8,6,0.23345495408988085,0.23345495408988085
so,W40p0,10,6,-0.23271417597950464,0.23271417597950464
thetao,W60p0,9,11,-0.23251085464729546,0.23251085464729546
so,W20p0,6,3,0.23248324249689217,0.23248324249689217
so,W40p0,10,5,-0.2322064614672139,0.2322064614672139
thetao,W20p0,3,0,-0.23135274665056862,0.23135274665056862
so,W40p0,7,18,0.2311611720029453,0.2311611720029453
thetao,W30p0,9,3,-0.23049856328005458,0.23049856328005458
so,W10p0,5,11,-0.2303159157264151,0.2303159157264151
thetao,W10p0,6,17,-0.2302272536880091,0.2302272536880091
so,W40p0,3,3,-0.2301402608920326,0.2301402608920326
thetao,W30p0,5,19,-0.22998429582299015,0.22998429582299015
thetao,W60p0,10,14,0.22975665443008664,0.22975665443008664
so,W40p0,2,0,-0.2295898376843999,0.2295898376843999
thetao,W20p0,2,2,-0.22910512963802424,0.22910512963802424
so,W30p0,5,9,-0.228900511803943,0.228900511803943
so,W60p0,1,4,0.22885091869548882,0.22885091869548882
so,W30p0,5,4,0.2286925081379285,0.2286925081379285
thetao,W40p0,9,1,0.2281790583091322,0.2281790583091322
thetao,W60p0,2,6,-0.22651137425972048,0.22651137425972048
so,W60p0,6,14,0.22623339582119387,0.22623339582119387
so,W40p0,9,4,-0.22608423050793963,0.22608423050793963
thetao,W30p0,6,7,-0.22572421263094944,0.22572421263094944
so,W30p0,3,6,0.224492243245633,0.224492243245633
so,W30p0,3,4,0.22437411976972746,0.22437411976972746
so,W10p0,10,19,-0.22420638758192543,0.22420638758192543
thetao,W60p0,10,11,0.2240056115603557,0.2240056115603557
so,W10p0,8,1,-0.22398244126493955,0.22398244126493955
so,W60p0,5,10,-0.22390784826771887,0.22390784826771887
so,W40p0,7,3,-0.22369508116762155,0.22369508116762155
so,W20p0,3,3,0.22364127202200926,0.22364127202200926
so,W10p0,6,13,-0.22262675860238712,0.22262675860238712
so,W30p0,1,17,-0.2226238518212813,0.2226238518212813
thetao,W10p0,6,3,-0.22240056870332073,0.22240056870332073
thetao,W30p0,9,20,-0.22236287184798637,0.22236287184798637
so,W20p0,4,7,0.22218636737151257,0.22218636737151257
thetao,W60p0,7,13,0.2221662606989841,0.2221662606989841
so,W40p0,7,15,0.2220877402042594,0.2220877402042594
thetao,W60p0,5,9,-0.22185554060716395,0.22185554060716395
thetao,W30p0,6,15,-0.22075023559678875,0.22075023559678875
so,W20p0,2,17,0.21994432824911037,0.21994432824911037
so,W10p0,5,13,-0.21988215062458025,0.21988215062458025
thetao,W40p0,2,8,-0.21970922657250855,0.21970922657250855
thetao,W30p0,5,11,0.21918650345659502,0.21918650345659502
so,W40p0,7,16,0.21781213348557948,0.21781213348557948
thetao,W10p0,7,13,-0.21749381175792862,0.21749381175792862
thetao,W20p0,3,15,0.21740906228007323,0.21740906228007323
so,W10p0,3,20,0.2170661774477364,0.2170661774477364
thetao,W60p0,6,3,-0.21694970069410785,0.21694970069410785
so,W40p0,10,4,-0.21672850045077577,0.21672850045077577
so,W20p0,1,6,-0.21628150280327074,0.21628150280327074
so,W60p0,6,6,0.21609687715185444,0.21609687715185444
thetao,W60p0,2,11,-0.21587530259015497,0.21587530259015497
thetao,W20p0,7,12,0.2157935109856705,0.2157935109856705
thetao,W60p0,10,10,0.21557751355699514,0.21557751355699514
thetao,W10p0,4,8,0.21556101030902952,0.21556101030902952
thetao,W60p0,4,12,-0.21532669017928321,0.21532669017928321
thetao,W40p0,6,17,0.2152240486512167,0.2152240486512167
thetao,W20p0,7,6,-0.21509634440708977,0.21509634440708977
so,W20p0,6,16,-0.21480972483192726,0.21480972483192726
thetao,W10p0,1,20,0.21434406513214954,0.21434406513214954
thetao,W10p0,6,2,-0.21425874311965507,0.21425874311965507
so,W30p0,9,9,-0.21411038115243097,0.21411038115243097
thetao,W10p0,10,7,-0.21306863759507758,0.21306863759507758
thetao,W60p0,5,5,-0.21290110766823042,0.21290110766823042
so,W60p0,5,17,0.212662038678431,0.212662038678431
thetao,W30p0,3,19,0.21247663057588956,0.21247663057588956
thetao,W60p0,1,13,-0.21219808238666818,0.21219808238666818
so,W30p0,3,9,0.2121030970356963,0.2121030970356963
so,W10p0,1,7,-0.21209710969440396,0.21209710969440396
so,W60p0,4,17,0.21202607069043167,0.21202607069043167
thetao,W20p0,7,7,-0.21185675094887127,0.21185675094887127
thetao,W20p0,5,12,-0.2116883923933139,0.2116883923933139
so,W10p0,6,10,-0.2116192286045526,0.2116192286045526
thetao,W40p0,3,20,-0.21152378303194944,0.21152378303194944
so,W20p0,10,1,-0.2114698381773412,0.2114698381773412
so,W20p0,6,13,-0.21138980012578035,0.21138980012578035
so,W30p0,5,3,0.21138892342374174,0.21138892342374174
thetao,W60p0,9,12,-0.21110151855684897,0.21110151855684897
thetao,W20p0,1,5,0.21103603356203554,0.21103603356203554
so,W40p0,7,6,-0.21084566847540748,0.21084566847540748
so,W40p0,8,4,0.21054049790201126,0.21054049790201126
thetao,W10p0,1,0,0.21044737606642824,0.21044737606642824
so,W40p0,3,2,-0.21033701019447926,0.21033701019447926
thetao,W20p0,6,8,-0.21015144713709324,0.21015144713709324
thetao,W20p0,7,14,0.20997663879427866,0.20997663879427866
thetao,W60p0,4,11,-0.2099594758357383,0.2099594758357383
so,W10p0,10,17,-0.20987527663880914,0.20987527663880914
thetao,W10p0,7,15,-0.2094320690827404,0.2094320690827404
so,W40p0,10,7,-0.2094212936254416,0.2094212936254416
thetao,W10p0,1,17,0.20912847994309486,0.20912847994309486
so,W20p0,8,12,-0.20847542374624736,0.20847542374624736
thetao,W20p0,7,13,0.20843928326974498,0.20843928326974498
thetao,W30p0,1,16,0.20818276141246606,0.20818276141246606
thetao,W10p0,7,14,-0.20789296837741705,0.20789296837741705
so,W60p0,5,0,-0.20649346097637175,0.20649346097637175
so,W20p0,1,7,-0.20557009916663976,0.20557009916663976
thetao,W10p0,1,3,0.20512471852509134,0.20512471852509134
thetao,W10p0,6,18,-0.20501175309212932,0.20501175309212932
thetao,W10p0,4,12,0.20486860453241937,0.20486860453241937
so,W60p0,5,2,-0.20483360943240086,0.20483360943240086
thetao,W40p0,1,12,0.20478860174503788,0.20478860174503788
so,W30p0,3,18,-0.2046397814932281,0.2046397814932281
thetao,W60p0,9,13,-0.20425502140358112,0.20425502140358112
so,W60p0,1,5,0.20417476126103928,0.20417476126103928
so,W60p0,7,5,0.20414404641857223,0.20414404641857223
thetao,W60p0,7,14,0.20411207244840637,0.20411207244840637
thetao,W20p0,1,20,0.20381185541880625,0.20381185541880625
so,W10p0,1,20,0.20370450510737978,0.20370450510737978
so,W30p0,5,13,-0.20349560007593903,0.20349560007593903
so,W40p0,3,5,-0.20348505819397536,0.20348505819397536
so,W60p0,4,13,0.20321895234680543,0.20321895234680543
thetao,W40p0,7,7,0.20305895223683643,0.20305895223683643
so,W60p0,9,19,-0.2029754703273584,0.2029754703273584
thetao,W60p0,5,10,-0.2027436795890469,0.2027436795890469
thetao,W10p0,2,15,0.20267698329570852,0.20267698329570852
so,W10p0,9,6,0.2021865279367712,0.2021865279367712
so,W30p0,1,6,0.20181210273869032,0.20181210273869032
so,W20p0,3,0,0.20180070841746964,0.20180070841746964
so,W60p0,7,11,-0.20176669711695006,0.20176669711695006
so,W40p0,8,10,0.20170777287464509,0.20170777287464509
so,W30p0,6,20,0.20167450840418433,0.20167450840418433
so,W20p0,2,12,-0.2013529227484922,0.2013529227484922
so,W40p0,4,16,0.20106557936932248,0.20106557936932248
thetao,W10p0,4,14,0.20106404265960706,0.20106404265960706
so,W40p0,7,14,0.20101032578393965,0.20101032578393965
so,W40p0,8,3,0.20088739311368944,0.20088739311368944
so,W40p0,7,5,-0.19998946997621875,0.19998946997621875
so,W10p0,2,17,-0.19983663690335515,0.19983663690335515
thetao,W60p0,5,18,-0.19967540380121734,0.19967540380121734
so,W10p0,1,19,0.19957989824508351,0.19957989824508351
thetao,W60p0,4,19,0.19952000343422516,0.19952000343422516
so,W40p0,9,2,-0.19937713366224846,0.19937713366224846
thetao,W30p0,9,1,-0.19902155243705905,0.19902155243705905
so,W30p0,10,2,0.19868497455542325,0.19868497455542325
thetao,W60p0,6,13,-0.19816163243840731,0.19816163243840731
so,W60p0,7,13,-0.1981293824748811,0.1981293824748811
so,W30p0,1,10,0.1979580341374328,0.1979580341374328
so,W40p0,4,17,0.19769278018189876,0.19769278018189876
thetao,W60p0,6,14,-0.19721908413037922,0.19721908413037922
thetao,W20p0,10,4,-0.1970008035093104,0.1970008035093104
so,W40p0,7,17,0.1968021454149338,0.1968021454149338
so,W30p0,2,16,0.19678285074727472,0.19678285074727472
thetao,W40p0,10,6,0.1966990790989122,0.1966990790989122
so,W40p0,7,2,-0.19661908981508575,0.19661908981508575
so,W40p0,7,7,-0.1966093922565914,0.1966093922565914
thetao,W20p0,9,6,0.19658862819719786,0.19658862819719786
thetao,W30p0,9,16,-0.19637260932967376,0.19637260932967376
so,W20p0,10,11,-0.19634689330928023,0.19634689330928023
so,W10p0,5,6,-0.19620133366766754,0.19620133366766754
thetao,W20p0,10,5,-0.19619201703949504,0.19619201703949504
so,W10p0,4,20,0.1957291497777268,0.1957291497777268
so,W10p0,8,7,-0.19562485152766698,0.19562485152766698
so,W40p0,1,17,-0.1951899808484745,0.1951899808484745
so,W20p0,4,6,0.19517710655299422,0.19517710655299422
thetao,W20p0,2,5,-0.1951027379190155,0.1951027379190155
thetao,W40p0,6,16,0.19497462280363348,0.19497462280363348
so,W10p0,7,12,0.19470311090831682,0.19470311090831682
so,W20p0,1,16,-0.1944802594632832,0.1944802594632832
thetao,W20p0,2,10,-0.193686506531124,0.193686506531124
so,W10p0,5,10,-0.19368279536877542,0.19368279536877542
thetao,W40p0,1,17,0.19367660164739728,0.19367660164739728
so,W40p0,1,11,-0.19358374269091666,0.19358374269091666
so,W30p0,2,20,0.1930658562501162,0.1930658562501162
thetao,W10p0,9,1,0.19298138131120993,0.19298138131120993
so,W20p0,3,13,0.1927847488167024,0.1927847488167024
so,W60p0,2,14,-0.1926300926125355,0.1926300926125355
thetao,W30p0,4,15,-0.1924151889308953,0.1924151889308953
so,W30p0,1,16,-0.19228883738167463,0.19228883738167463
so,W30p0,5,17,-0.19196352460471647,0.19196352460471647
thetao,W60p0,5,6,-0.1919031634173909,0.1919031634173909
thetao,W60p0,5,17,-0.19187159536135967,0.19187159536135967
thetao,W30p0,5,7,0.19166096088304538,0.19166096088304538
thetao,W60p0,9,6,0.19150146163313553,0.19150146163313553
so,W30p0,9,2,-0.1914529141840126,0.1914529141840126
thetao,W10p0,4,10,0.19131284820883931,0.19131284820883931
thetao,W20p0,6,16,-0.19092317232954265,0.19092317232954265
so,W20p0,5,0,0.19070502177975718,0.19070502177975718
thetao,W40p0,2,17,0.19069353872234185,0.19069353872234185
so,W40p0,2,5,-0.19066665116713763,0.19066665116713763
so,W20p0,1,8,-0.1903819242285954,0.1903819242285954
so,W60p0,2,8,0.19004087117602142,0.19004087117602142
thetao,W60p0,3,14,-0.18992830907482977,0.18992830907482977
so,W30p0,5,16,-0.18986006506983746,0.18986006506983746
so,W30p0,7,20,-0.1896327811449618,0.1896327811449618
so,W20p0,5,16,-0.1896163296423967,0.1896163296423967
thetao,W10p0,4,9,0.18961248070631048,0.18961248070631048
thetao,W40p0,9,3,0.18961126953307658,0.18961126953307658
thetao,W20p0,9,17,0.18958955302928152,0.18958955302928152
so,W60p0,6,17,-0.18946721837708144,0.18946721837708144
so,W40p0,8,20,-0.18915566829381938,0.18915566829381938
so,W30p0,10,12,0.1888336730215413,0.1888336730215413
thetao,W20p0,8,3,0.18883143856205067,0.18883143856205067
thetao,W40p0,9,16,-0.18873093917282188,0.18873093917282188
so,W10p0,3,8,-0.18870965485036614,0.18870965485036614
so,W30p0,7,11,-0.18868624782538382,0.18868624782538382
thetao,W40p0,2,5,-0.1886416299634486,0.1886416299634486
thetao,W10p0,9,11,-0.1885449929482383,0.1885449929482383
so,W20p0,5,1,0.18850908753825077,0.18850908753825077
so,W30p0,3,7,0.18838045106585505,0.18838045106585505
so,W10p0,6,8,0.1880177620928287,0.1880177620928287
so,W60p0,5,9,-0.18741893750278163,0.18741893750278163
thetao,W10p0,5,20,-0.187417528772984,0.187417528772984
thetao,W20p0,5,11,-0.18712155837150898,0.18712155837150898
so,W20p0,1,17,-0.1869368258742075,0.1869368258742075
thetao,W40p0,6,20,0.18692189674844054,0.18692189674844054
so,W20p0,3,14,0.18663358623768653,0.18663358623768653
thetao,W30p0,6,2,-0.18615908503839082,0.18615908503839082
so,W30p0,8,7,0.18612941809183714,0.18612941809183714
thetao,W60p0,4,13,-0.18596642488385015,0.18596642488385015
thetao,W10p0,2,0,0.18596312745837235,0.18596312745837235
thetao,W10p0,6,8,-0.18587875102746093,0.18587875102746093
so,W40p0,7,19,0.18558152129246186,0.18558152129246186
thetao,W20p0,2,11,-0.18545401796289437,0.18545401796289437
so,W30p0,3,13,0.18525333788432802,0.18525333788432802
thetao,W60p0,6,12,-0.18500200455173496,0.18500200455173496
thetao,W60p0,9,5,0.18472787236924598,0.18472787236924598
thetao,W40p0,5,13,0.18461918081618056,0.18461918081618056
thetao,W20p0,8,20,0.18428459510224232,0.18428459510224232
thetao,W10p0,4,1,0.184273040048885,0.184273040048885
so,W20p0,10,12,-0.18395894649371125,0.18395894649371125
so,W10p0,3,19,0.1839261115030124,0.1839261115030124
so,W60p0,9,0,-0.18380423527979456,0.18380423527979456
thetao,W20p0,9,12,0.18363105348090647,0.18363105348090647
so,W40p0,4,12,0.18334781019058952,0.18334781019058952
thetao,W20p0,6,0,0.18311026967029456,0.18311026967029456
so,W20p0,8,13,-0.18307222510180163,0.18307222510180163
so,W30p0,9,15,-0.18267474273714995,0.18267474273714995
thetao,W20p0,5,5,-0.18189971121696596,0.18189971121696596
thetao,W20p0,9,10,0.18183250156767708,0.18183250156767708
thetao,W40p0,7,6,0.18148481526194707,0.18148481526194707
thetao,W10p0,6,16,-0.18130031770416907,0.18130031770416907
so,W10p0,10,5,-0.18113717329075618,0.18113717329075618
so,W20p0,6,12,-0.18083652568317019,0.18083652568317019
so,W30p0,10,1,0.18082949412882524,0.18082949412882524
thetao,W60p0,2,3,-0.18082947709547967,0.18082947709547967
so,W30p0,3,10,0.18068555701608296,0.18068555701608296
so,W60p0,3,1,0.18067388354578406,0.18067388354578406
so,W20p0,5,15,-0.18066781803439022,0.18066781803439022
so,W20p0,10,7,-0.18060013752247153,0.18060013752247153
thetao,W40p0,9,17,-0.18059416413545293,0.18059416413545293
so,W60p0,8,3,-0.1804664169223351,0.1804664169223351
thetao,W40p0,5,14,0.18021466352971877,0.18021466352971877
so,W30p0,5,2,0.1801934311653366,0.1801934311653366
so,W10p0,9,7,0.1801926942602632,0.1801926942602632
so,W10p0,10,16,-0.17990302810896935,0.17990302810896935
so,W10p0,1,1,-0.17981468275563928,0.17981468275563928
thetao,W40p0,2,20,0.179682695872865,0.179682695872865
so,W60p0,7,14,-0.17957523790671717,0.17957523790671717
so,W20p0,8,19,-0.17946808694506008,0.17946808694506008
so,W10p0,6,1,0.17905289404975483,0.17905289404975483
so,W60p0,3,14,-0.17879907119751698,0.17879907119751698
so,W30p0,10,11,0.17874422426119907,0.17874422426119907
thetao,W30p0,1,1,-0.17854473072647972,0.17854473072647972
thetao,W20p0,6,15,-0.17850641037809623,0.17850641037809623
thetao,W20p0,8,18,0.17821540057623303,0.17821540057623303
thetao,W60p0,9,7,0.17806336234076636,0.17806336234076636
thetao,W30p0,10,18,-0.17802110101775012,0.17802110101775012
so,W20p0,7,9,-0.17784372991389175,0.17784372991389175
so,W40p0,8,11,0.17778678434389522,0.17778678434389522
thetao,W10p0,6,1,-0.17776926227078976,0.17776926227078976
thetao,W20p0,8,19,0.1776097612894221,0.1776097612894221
thetao,W40p0,9,0,0.17757787084284357,0.17757787084284357
thetao,W30p0,9,11,-0.17756287891074105,0.17756287891074105
so,W40p0,4,11,0.1774524472967589,0.1774524472967589
so,W30p0,10,3,0.17742239377992658,0.17742239377992658
thetao,W40p0,6,18,0.1774019045247962,0.1774019045247962
thetao,W60p0,2,5,-0.17734003531542136,0.17734003531542136
thetao,W60p0,7,18,0.1772913756623586,0.1772913756623586
so,W60p0,7,15,-0.176886117737223,0.176886117737223
thetao,W30p0,8,3,-0.1767861891178635,0.1767861891178635
so,W40p0,4,10,0.17613714322850302,0.17613714322850302
thetao,W60p0,4,14,-0.1760175355341366,0.1760175355341366
so,W30p0,8,8,0.17594882719272928,0.17594882719272928
so,W40p0,3,14,0.17582475335352182,0.17582475335352182
thetao,W20p0,8,5,0.17577735858073598,0.17577735858073598
thetao,W60p0,8,7,0.1757537960964643,0.1757537960964643
thetao,W10p0,9,12,-0.17570200880554626,0.17570200880554626
thetao,W30p0,1,17,0.17548129276159188,0.17548129276159188
so,W60p0,2,2,0.17539445503668993,0.17539445503668993
thetao,W20p0,7,8,-0.1753841626121977,0.1753841626121977
so,W20p0,1,9,-0.17537794680148608,0.17537794680148608
thetao,W30p0,7,15,-0.17489080357005063,0.17489080357005063
thetao,W40p0,10,15,-0.17462887435990265,0.17462887435990265
thetao,W60p0,10,1,-0.17420658051737498,0.17420658051737498
thetao,W60p0,9,3,0.17377852476480338,0.17377852476480338
so,W30p0,5,14,-0.17311384939267707,0.17311384939267707
so,W40p0,6,8,-0.1725640261165134,0.1725640261165134
so,W20p0,10,13,-0.1721964555170083,0.1721964555170083
thetao,W20p0,2,18,0.17193931670139254,0.17193931670139254
so,W60p0,4,4,0.17193352075320278,0.17193352075320278
so,W10p0,3,18,0.17128946168204107,0.17128946168204107
so,W60p0,9,12,0.17125141479289793,0.17125141479289793
so,W60p0,3,18,0.17086918746180202,0.17086918746180202
thetao,W10p0,1,9,-0.1708081691193276,0.1708081691193276
thetao,W40p0,6,19,0.17076384398450728,0.17076384398450728
thetao,W30p0,5,18,-0.1707465378025355,0.1707465378025355
thetao,W10p0,6,7,-0.17057406503705566,0.17057406503705566
thetao,W40p0,10,14,-0.17046485765135275,0.17046485765135275
so,W60p0,7,6,0.17035922024472228,0.17035922024472228
thetao,W40p0,9,10,-0.16997991701463394,0.16997991701463394
thetao,W10p0,1,10,-0.16993969336207262,0.16993969336207262
thetao,W40p0,3,8,0.1696918861551486,0.1696918861551486
thetao,W20p0,8,2,0.16965138406741914,0.16965138406741914
so,W10p0,3,9,-0.16943761170712696,0.16943761170712696
thetao,W60p0,7,19,0.16943487131786195,0.16943487131786195
so,W30p0,3,14,0.1693990393313084,0.1693990393313084
thetao,W40p0,8,3,-0.1693055358439333,0.1693055358439333
thetao,W20p0,3,9,0.1692229393485896,0.1692229393485896
so,W40p0,8,17,-0.16877032337916872,0.16877032337916872
thetao,W40p0,3,19,-0.1687084363823889,0.1687084363823889
so,W30p0,7,12,-0.16865123094153087,0.16865123094153087
thetao,W40p0,3,13,0.16862214244942045,0.16862214244942045
so,W30p0,8,5,0.16860317931441118,0.16860317931441118
thetao,W60p0,7,15,0.16848912546145342,0.16848912546145342
thetao,W30p0,4,1,0.16845925541508536,0.16845925541508536
so,W30p0,6,5,-0.16819400709636706,0.16819400709636706
so,W40p0,7,10,-0.16810207526037538,0.16810207526037538
so,W40p0,4,15,0.16808379677523008,0.16808379677523008
thetao,W10p0,5,18,-0.16804494452290952,0.16804494452290952
thetao,W10p0,1,11,-0.16803755983139856,0.16803755983139856
thetao,W40p0,7,5,0.16764703195040498,0.16764703195040498
so,W40p0,6,12,-0.16764593820752363,0.16764593820752363
thetao,W10p0,8,18,-0.1675272863921258,0.1675272863921258
thetao,W20p0,9,11,0.16738907133070988,0.16738907133070988
so,W20p0,5,12,0.16736909760619503,0.16736909760619503
so,W40p0,4,4,-0.16721917356597824,0.16721917356597824
so,W20p0,10,14,-0.16717663155093437,0.16717663155093437
so,W20p0,2,11,-0.16714118447542997,0.16714118447542997
so,W30p0,5,15,-0.1671046809757948,0.1671046809757948
so,W30p0,8,10,0.1670991095491789,0.1670991095491789
thetao,W40p0,2,4,-0.1669258421657919,0.1669258421657919
so,W30p0,10,20,0.16687862103662413,0.16687862103662413
so,W20p0,1,15,-0.16682541085073055,0.16682541085073055
so,W60p0,7,4,0.16671813302192878,0.16671813302192878
thetao,W60p0,5,19,-0.1664564136530612,0.1664564136530612
thetao,W60p0,10,12,0.16638889867979295,0.16638889867979295
thetao,W10p0,4,11,0.1652636022469363,0.1652636022469363
thetao,W60p0,5,13,-0.1650990951936948,0.1650990951936948
thetao,W60p0,10,19,0.16502942737758286,0.16502942737758286
so,W30p0,9,11,-0.1650113032943459,0.1650113032943459
so,W40p0,10,8,-0.1650031573628642,0.1650031573628642
so,W30p0,5,18,-0.16467974471965507,0.16467974471965507
so,W20p0,10,10,-0.16464813692043398,0.16464813692043398
so,W30p0,3,0,0.16435243232031763,0.16435243232031763
so,W20p0,1,11,-0.16353670374391602,0.16353670374391602
thetao,W40p0,5,15,0.1634950201665617,0.1634950201665617
thetao,W20p0,2,9,-0.16296139139134794,0.16296139139134794
so,W10p0,3,14,-0.1629455131892876,0.1629455131892876
so,W30p0,3,8,0.16249422474015926,0.16249422474015926
so,W20p0,1,12,-0.16246698505599405,0.16246698505599405
so,W40p0,6,7,-0.16220605302992805,0.16220605302992805
thetao,W30p0,6,1,-0.16211757733610538,0.16211757733610538
so,W10p0,1,18,0.16201498657684715,0.16201498657684715
thetao,W20p0,1,19,0.16196801664189608,0.16196801664189608
so,W20p0,8,20,-0.16177149042284528,0.16177149042284528
thetao,W30p0,8,0,0.16170603254950994,0.16170603254950994
thetao,W10p0,8,19,-0.1615256680458954,0.1615256680458954
so,W60p0,9,20,-0.1614511801996545,0.1614511801996545
so,W20p0,4,20,-0.1613827957704571,0.1613827957704571
thetao,W20p0,6,3,-0.16132189663997265,0.16132189663997265
so,W20p0,5,2,0.16122933315924265,0.16122933315924265
thetao,W60p0,5,20,-0.16108471172091307,0.16108471172091307
thetao,W20p0,7,0,-0.16041657602864223,0.16041657602864223
thetao,W30p0,1,10,-0.16003824777220763,0.16003824777220763
so,W40p0,2,12,0.1597833266352897,0.1597833266352897
thetao,W10p0,7,19,-0.15952315714167112,0.15952315714167112
so,W60p0,2,9,0.1594636778186061,0.1594636778186061
thetao,W20p0,9,5,0.15891897532002466,0.15891897532002466
thetao,W30p0,1,18,0.15836559417098162,0.15836559417098162
so,W30p0,9,10,-0.1583442809970638,0.1583442809970638
so,W30p0,9,14,-0.15831203510711703,0.15831203510711703
thetao,W20p0,1,6,0.157979058754509,0.157979058754509
so,W10p0,9,12,-0.15777779338137418,0.15777779338137418
thetao,W40p0,8,0,-0.15769170155242948,0.15769170155242948
thetao,W60p0,4,18,0.15752379751971365,0.15752379751971365
thetao,W10p0,3,13,-0.15749690763525065,0.15749690763525065
thetao,W10p0,7,0,0.15709711830789214,0.15709711830789214
so,W20p0,1,10,-0.15698923295207162,0.15698923295207162
so,W40p0,2,20,-0.156820880952617,0.156820880952617
so,W30p0,4,17,0.15681747754434192,0.15681747754434192
thetao,W20p0,10,12,0.15674439009458022,0.15674439009458022
so,W30p0,5,19,-0.15673850239119688,0.15673850239119688
thetao,W60p0,6,7,-0.15666629639880175,0.15666629639880175
so,W20p0,3,9,-0.1565627700144411,0.1565627700144411
so,W30p0,10,19,0.1563600955197542,0.1563600955197542
so,W40p0,4,18,0.15628028702733782,0.15628028702733782
thetao,W10p0,9,2,0.15593844861896095,0.15593844861896095
so,W60p0,3,0,0.1559373777539586,0.1559373777539586
thetao,W60p0,1,8,0.1558288976508044,0.1558288976508044
thetao,W20p0,2,12,-0.1558242059499265,0.1558242059499265
thetao,W30p0,1,19,0.15579203021689458,0.15579203021689458
thetao,W10p0,9,13,-0.15519873963462377,0.15519873963462377
thetao,W20p0,1,18,0.15517323538595706,0.15517323538595706
so,W10p0,4,18,0.15513715736210876,0.15513715736210876
so,W20p0,6,4,0.15487549001282133,0.15487549001282133
thetao,W30p0,4,16,-0.15480636196929393,0.15480636196929393
thetao,W10p0,6,4,-0.1547934772345198,0.1547934772345198
so,W30p0,9,12,-0.1545397837269571,0.1545397837269571
so,W10p0,1,8,-0.15432905720292103,0.15432905720292103
so,W60p0,6,13,0.15430137369445096,0.15430137369445096
so,W40p0,3,6,-0.15414025015835628,0.15414025015835628
so,W30p0,9,17,-0.1538480892787516,0.1538480892787516
thetao,W60p0,7,17,0.1536513795271062,0.1536513795271062
thetao,W20p0,6,9,-0.1535460802893101,0.1535460802893101
thetao,W20p0,9,20,-0.1532851587591337,0.1532851587591337
thetao,W10p0,1,12,-0.15321018877912662,0.15321018877912662
so,W30p0,10,13,0.1531478440878709,0.1531478440878709
so,W60p0,9,11,0.1529521663105762,0.1529521663105762
thetao,W30p0,4,5,-0.15284829799268496,0.15284829799268496
so,W30p0,6,0,0.1527793773323078,0.1527793773323078
so,W30p0,10,5,0.15264514104756527,0.15264514104756527
thetao,W10p0,3,12,-0.1525998843673535,0.1525998843673535
thetao,W60p0,8,16,-0.1524355809421817,0.1524355809421817
thetao,W60p0,5,11,-0.1522414473050565,0.1522414473050565
so,W60p0,10,0,-0.15192503747736075,0.15192503747736075
thetao,W40p0,5,0,-0.1518103634259739,0.1518103634259739
so,W40p0,10,1,0.15180957008346369,0.15180957008346369
so,W40p0,9,9,-0.15164147423624122,0.15164147423624122
so,W30p0,7,2,-0.15128907207384035,0.15128907207384035
so,W30p0,6,12,-0.1512868715573609,0.1512868715573609
so,W30p0,6,11,-0.15128282640514137,0.15128282640514137
so,W10p0,4,17,0.15104038288361024,0.15104038288361024
so,W10p0,8,4,0.15087290801666303,0.15087290801666303
so,W30p0,1,15,-0.15069791118128423,0.15069791118128423
thetao,W30p0,4,2,0.15052799021770338,0.15052799021770338
thetao,W10p0,9,3,0.15013617806570467,0.15013617806570467
thetao,W20p0,4,7,0.15011346754084007,0.15011346754084007
thetao,W30p0,4,13,-0.15000471507272173,0.15000471507272173
thetao,W30p0,3,17,0.14962115016325894,0.14962115016325894
so,W10p0,4,2,-0.1494539561859882,0.1494539561859882
so,W30p0,5,1,0.14931660946588132,0.14931660946588132
so,W30p0,8,9,0.14919904885108545,0.14919904885108545
thetao,W20p0,10,3,-0.14907200560834508,0.14907200560834508
thetao,W20p0,6,14,-0.14889765972199998,0.14889765972199998
thetao,W30p0,1,15,0.14857712832116993,0.14857712832116993
thetao,W60p0,7,16,0.1483195368716468,0.1483195368716468
so,W30p0,4,0,0.14815114788823397,0.14815114788823397
so,W40p0,4,13,0.14809650496676718,0.14809650496676718
so,W60p0,4,10,0.14799784210027814,0.14799784210027814
so,W10p0,10,20,-0.14799091887789317,0.14799091887789317
thetao,W40p0,6,4,0.1478959178736121,0.1478959178736121
thetao,W30p0,8,12,-0.14788982800024958,0.14788982800024958
so,W20p0,2,3,-0.14781978123794118,0.14781978123794118
so,W40p0,6,3,-0.1477582376793892,0.1477582376793892
thetao,W40p0,5,16,0.14733377694021266,0.14733377694021266
thetao,W40p0,8,1,-0.1472201407350514,0.1472201407350514
thetao,W10p0,7,12,-0.14721263149617145,0.14721263149617145
so,W60p0,5,14,0.1469850373291426,0.1469850373291426
thetao,W10p0,1,16,0.146759456269042,0.146759456269042
so,W30p0,10,4,0.14670224620027508,0.14670224620027508
so,W30p0,3,17,-0.14622356735060837,0.14622356735060837
so,W30p0,5,5,0.14578212796781975,0.14578212796781975
thetao,W40p0,8,13,0.14576445097774593,0.14576445097774593
thetao,W10p0,1,4,0.14569007106820533,0.14569007106820533
thetao,W30p0,8,4,-0.14561332213028563,0.14561332213028563
thetao,W20p0,5,10,-0.14557295249340702,0.14557295249340702
thetao,W60p0,8,0,0.1454110358227471,0.1454110358227471
thetao,W10p0,10,8,-0.14511252737508204,0.14511252737508204
so,W60p0,7,3,0.14504897172877398,0.14504897172877398
so,W10p0,1,14,-0.14487107772566088,0.14487107772566088
thetao,W30p0,2,14,0.1447480324075154,0.1447480324075154
thetao,W20p0,7,5,-0.14467305144337467,0.14467305144337467
thetao,W60p0,7,20,0.14456595582686535,0.14456595582686535
so,W10p0,3,13,-0.14445005934167574,0.14445005934167574
so,W10p0,3,7,-0.14420392625650805,0.14420392625650805
thetao,W40p0,7,10,0.14403167235141776,0.14403167235141776
thetao,W60p0,5,4,-0.14399401786427102,0.14399401786427102
thetao,W40p0,10,7,0.14375896333070326,0.14375896333070326
so,W60p0,9,18,-0.14349900844804078,0.14349900844804078
thetao,W60p0,1,12,-0.14348645338547125,0.14348645338547125
thetao,W30p0,8,2,-0.1433698004991073,0.1433698004991073
so,W30p0,7,8,-0.14273367516477004,0.14273367516477004
so,W20p0,2,15,-0.1425813462542876,0.1425813462542876
thetao,W60p0,10,20,0.1425773723730486,0.1425773723730486
so,W10p0,1,13,-0.142482482355726,0.142482482355726
so,W40p0,10,18,0.14235366408733277,0.14235366408733277
so,W20p0,3,8,-0.14216599954568954,0.14216599954568954
thetao,W30p0,4,14,-0.1420888876692121,0.1420888876692121
so,W40p0,1,18,-0.14200022374227667,0.14200022374227667
so,W60p0,8,4,-0.14177589563162538,0.14177589563162538
thetao,W30p0,6,19,0.14154334888703637,0.14154334888703637
thetao,W40p0,6,12,-0.14094006347612664,0.14094006347612664
thetao,W30p0,3,20,0.14082246600534,0.14082246600534
so,W60p0,10,16,0.14063918012161472,0.14063918012161472
so,W20p0,4,8,0.14030088888114467,0.14030088888114467
so,W60p0,1,14,-0.14024618040587583,0.14024618040587583
thetao,W20p0,9,7,0.14017185173455524,0.14017185173455524
so,W30p0,7,3,-0.14001864918692414,0.14001864918692414
thetao,W60p0,9,20,-0.13999215263789275,0.13999215263789275
so,W60p0,6,5,0.13994477936661825,0.13994477936661825
thetao,W10p0,9,0,0.13970552886734766,0.13970552886734766
so,W60p0,1,9,-0.13969464988899374,0.13969464988899374
thetao,W60p0,2,0,-0.13903203694073332,0.13903203694073332
so,W10p0,3,12,-0.13879530557347347,0.13879530557347347
thetao,W30p0,6,16,-0.13870091424903788,0.13870091424903788
so,W40p0,7,13,0.1386025262695449,0.1386025262695449
thetao,W20p0,2,1,-0.13850425887355106,0.13850425887355106
so,W40p0,10,13,-0.1384579691447391,0.1384579691447391
so,W40p0,5,3,-0.138291766174794,0.138291766174794
thetao,W40p0,3,5,0.138232698537478,0.138232698537478
so,W10p0,3,10,-0.13821837459031033,0.13821837459031033
so,W60p0,5,8,-0.13810014386753755,0.13810014386753755
thetao,W40p0,7,11,0.1379014265584482,0.1379014265584482
so,W60p0,5,11,-0.13787691623687484,0.13787691623687484
thetao,W40p0,6,15,0.13777240510764785,0.13777240510764785
thetao,W20p0,1,17,0.13758653293030618,0.13758653293030618
thetao,W40p0,4,0,-0.13755801594670153,0.13755801594670153
so,W10p0,4,1,-0.1373498489548448,0.1373498489548448
thetao,W20p0,9,16,0.13714644875973023,0.13714644875973023
so,W30p0,7,9,-0.1371355513321542,0.1371355513321542
so,W10p0,3,11,-0.1369581718891772,0.1369581718891772
thetao,W30p0,5,12,0.13679746070699647,0.13679746070699647
so,W60p0,4,11,0.13664528033219733,0.13664528033219733
so,W30p0,1,11,0.1364416538392165,0.1364416538392165
so,W30p0,8,11,0.13610430725143102,0.13610430725143102
thetao,W20p0,2,17,0.13609278910617886,0.13609278910617886
thetao,W60p0,6,20,-0.1359820480071933,0.1359820480071933
so,W30p0,8,6,0.1359313175314053,0.1359313175314053
thetao,W20p0,10,7,0.13586378299973323,0.13586378299973323
thetao,W60p0,5,3,-0.1358335081698951,0.1358335081698951
so,W40p0,10,15,-0.13559707984059913,0.13559707984059913
so,W60p0,8,2,-0.1355384301736935,0.1355384301736935
so,W60p0,1,11,-0.13544831612309302,0.13544831612309302
thetao,W20p0,9,8,0.13531657003911002,0.13531657003911002
so,W20p0,1,5,-0.13523802302843116,0.13523802302843116
thetao,W10p0,4,15,0.13501439456162734,0.13501439456162734
thetao,W60p0,6,0,-0.1346530964681825,0.1346530964681825
thetao,W30p0,10,2,-0.13451750040939472,0.13451750040939472
thetao,W20p0,6,17,-0.13441411816429513,0.13441411816429513
so,W40p0,8,2,0.13440959820909626,0.13440959820909626
so,W60p0,1,10,-0.1342328969992007,0.1342328969992007
thetao,W40p0,1,11,0.13384992908618734,0.13384992908618734
thetao,W60p0,2,18,0.13375691247686694,0.13375691247686694
thetao,W40p0,10,8,0.13341538927291344,0.13341538927291344
thetao,W20p0,7,15,0.13310446402190565,0.13310446402190565
so,W60p0,2,0,0.13309403701040745,0.13309403701040745
thetao,W10p0,6,15,-0.1330469485351327,0.1330469485351327
so,W10p0,5,20,0.13288324697872975,0.13288324697872975
so,W60p0,3,2,0.13284274686165531,0.13284274686165531
so,W60p0,2,7,0.13261846996156115,0.13261846996156115
so,W60p0,4,5,0.13253851529980032,0.13253851529980032
so,W60p0,1,6,0.13243013493844982,0.13243013493844982
thetao,W10p0,9,8,-0.1324003174774347,0.1324003174774347
so,W20p0,5,5,-0.13238368926691987,0.13238368926691987
thetao,W40p0,2,9,-0.13236384086543324,0.13236384086543324
thetao,W60p0,10,13,0.13211804003288485,0.13211804003288485
thetao,W10p0,2,6,0.13208403281066572,0.13208403281066572
thetao,W30p0,5,17,-0.13175852796043167,0.13175852796043167
so,W20p0,2,10,-0.13137684293021876,0.13137684293021876
thetao,W10p0,2,1,0.1307997776235497,0.1307997776235497
so,W20p0,6,11,-0.130782544887731,0.130782544887731
thetao,W10p0,5,0,-0.1307734880269003,0.1307734880269003
thetao,W10p0,4,18,-0.1305971349466075,0.1305971349466075
thetao,W60p0,6,15,-0.13051748215436532,0.13051748215436532
so,W10p0,4,8,0.13024044210410016,0.13024044210410016
so,W20p0,5,11,0.1302264410657089,0.1302264410657089
thetao,W20p0,4,6,0.13010083521403254,0.13010083521403254
thetao,W60p0,10,5,-0.13004352425119117,0.13004352425119117
thetao,W60p0,8,3,0.12994727027280917,0.12994727027280917
so,W40p0,8,5,0.1291072389355334,0.1291072389355334
thetao,W10p0,8,4,0.1290642322316197,0.1290642322316197
thetao,W30p0,9,10,-0.12904780983648292,0.12904780983648292
so,W60p0,1,13,-0.12895055882677384,0.12895055882677384
thetao,W30p0,7,5,0.12887009275142722,0.12887009275142722
so,W10p0,9,11,-0.12861561402515115,0.12861561402515115
thetao,W30p0,4,20,-0.12808824324831064,0.12808824324831064
thetao,W60p0,2,4,-0.12805343434553002,0.12805343434553002
so,W10p0,5,5,-0.12757252827152854,0.12757252827152854
thetao,W60p0,3,15,-0.12730542433366468,0.12730542433366468
so,W40p0,4,3,-0.12699116501554045,0.12699116501554045
so,W40p0,1,10,-0.12687015296699788,0.12687015296699788
so,W30p0,9,16,-0.12669950825695966,0.12669950825695966
so,W20p0,3,15,0.1266635506375604,0.1266635506375604
so,W10p0,5,9,-0.1266388375096409,0.1266388375096409
thetao,W60p0,2,12,-0.12663125467845246,0.12663125467845246
thetao,W20p0,5,15,-0.12623387495748564,0.12623387495748564
so,W40p0,2,9,0.12598603712573092,0.12598603712573092
so,W10p0,2,13,0.1258579448805541,0.1258579448805541
so,W10p0,8,8,-0.12582578981161635,0.12582578981161635
thetao,W20p0,2,6,-0.12579709773674036,0.12579709773674036
so,W60p0,8,5,-0.12574463015135987,0.12574463015135987
thetao,W20p0,8,7,0.12566800654505167,0.12566800654505167
so,W10p0,5,16,-0.1255639143613279,0.1255639143613279
so,W60p0,5,18,0.1254872574642015,0.1254872574642015
thetao,W30p0,10,8,0.12542279705964687,0.12542279705964687
so,W20p0,5,17,-0.12528316385599825,0.12528316385599825
so,W40p0,4,14,0.12513188399244862,0.12513188399244862
thetao,W10p0,8,3,0.12510439340869559,0.12510439340869559
thetao,W30p0,6,6,-0.12485938846243737,0.12485938846243737
thetao,W20p0,4,17,-0.12483629715504828,0.12483629715504828
thetao,W30p0,2,17,0.1243602606038624,0.1243602606038624
thetao,W40p0,1,18,0.1243542556003756,0.1243542556003756
thetao,W20p0,4,20,-0.12395157953992508,0.12395157953992508
thetao,W10p0,1,8,-0.12384316528413206,0.12384316528413206
so,W40p0,10,14,-0.12377242472186402,0.12377242472186402
thetao,W60p0,1,7,0.12335202193024489,0.12335202193024489
thetao,W30p0,10,7,0.12332388946598075,0.12332388946598075
so,W40p0,2,11,0.12294373895595989,0.12294373895595989
so,W20p0,9,10,0.12266308772971364,0.12266308772971364
thetao,W30p0,7,16,-0.12265759375775305,0.12265759375775305
thetao,W20p0,8,8,0.12242983488432788,0.12242983488432788
thetao,W20p0,5,9,-0.12234847415042514,0.12234847415042514
thetao,W40p0,6,11,-0.12226015141921477,0.12226015141921477
so,W10p0,9,5,0.12218196109092545,0.12218196109092545
thetao,W40p0,5,18,0.12205724974520357,0.12205724974520357
thetao,W60p0,3,20,-0.1220164162196616,0.1220164162196616
thetao,W10p0,5,1,-0.12163944073346086,0.12163944073346086
thetao,W40p0,7,12,0.12160986992254424,0.12160986992254424
thetao,W10p0,2,14,0.12145149198240479,0.12145149198240479
so,W40p0,6,6,-0.1214101418261737,0.1214101418261737
so,W30p0,1,0,-0.12139306645227389,0.12139306645227389
thetao,W60p0,4,10,-0.12131075111895036,0.12131075111895036
so,W30p0,10,15,0.12122213873447743,0.12122213873447743
so,W30p0,6,6,-0.12109665123449304,0.12109665123449304
thetao,W20p0,8,17,0.12063609537008992,0.12063609537008992
thetao,W20p0,2,8,-0.12057455908384283,0.12057455908384283
thetao,W40p0,7,1,-0.12047307566188667,0.12047307566188667
so,W10p0,4,7,0.12040996626337813,0.12040996626337813
thetao,W20p0,7,11,0.12038544207452806,0.12038544207452806
thetao,W30p0,10,6,0.12038137835576146,0.12038137835576146
thetao,W40p0,1,1,-0.12029129872346521,0.12029129872346521
so,W40p0,10,12,-0.12020758947769072,0.12020758947769072
thetao,W10p0,2,5,0.1202011499668041,0.1202011499668041
thetao,W20p0,7,1,-0.1201644712044747,0.1201644712044747
so,W20p0,3,4,0.12007162415635926,0.12007162415635926
thetao,W20p0,6,10,-0.12001931871974524,0.12001931871974524
so,W30p0,6,19,0.11995691404627266,0.11995691404627266
thetao,W20p0,4,1,0.11994703693562485,0.11994703693562485
so,W40p0,10,11,-0.11986336247598965,0.11986336247598965
so,W30p0,10,10,0.11967062718404056,0.11967062718404056
so,W60p0,6,9,0.11922824546187857,0.11922824546187857
thetao,W40p0,8,9,-0.11914459332002818,0.11914459332002818
thetao,W40p0,2,16,0.11895734140987377,0.11895734140987377
so,W40p0,1,4,0.11895287849864607,0.11895287849864607
thetao,W20p0,7,9,-0.11894161590648215,0.11894161590648215
so,W40p0,6,13,-0.1189280520048431,0.1189280520048431
so,W60p0,3,15,-0.11891143525481433,0.11891143525481433
so,W10p0,5,0,0.11870247087517947,0.11870247087517947
so,W30p0,7,16,0.11858111956191468,0.11858111956191468
thetao,W20p0,4,19,-0.11835575817314381,0.11835575817314381
thetao,W30p0,7,20,-0.11832722852331186,0.11832722852331186
so,W60p0,7,10,-0.11812500772405651,0.11812500772405651
thetao,W20p0,9,9,0.1180722181072167,0.1180722181072167
thetao,W60p0,8,1,0.11783095933435445,0.11783095933435445
thetao,W10p0,5,19,-0.11772165134425883,0.11772165134425883
so,W10p0,5,14,-0.11766466330405721,0.11766466330405721
so,W10p0,5,7,-0.11752275559428106,0.11752275559428106
so,W30p0,3,11,0.11747019635832885,0.11747019635832885
so,W40p0,6,2,-0.11730776765685456,0.11730776765685456
thetao,W40p0,10,12,-0.11725386010745598,0.11725386010745598
so,W20p0,7,15,-0.11704441815763478,0.11704441815763478
thetao,W10p0,8,6,0.11660955183848988,0.11660955183848988
thetao,W10p0,8,8,0.11656804627890657,0.11656804627890657
so,W10p0,5,15,-0.11654510469312512,0.11654510469312512
so,W10p0,6,18,-0.11651248865999514,0.11651248865999514
thetao,W10p0,10,20,0.11630004870703087,0.11630004870703087
thetao,W20p0,2,7,-0.11607797258398558,0.11607797258398558
so,W40p0,4,8,0.11595367373024164,0.11595367373024164
so,W30p0,9,8,-0.11592618899161203,0.11592618899161203
thetao,W20p0,4,0,0.11584637763098724,0.11584637763098724
thetao,W20p0,5,6,-0.11581423436605782,0.11581423436605782
thetao,W40p0,10,20,0.11564850362975726,0.11564850362975726
thetao,W60p0,9,14,-0.11552963967618772,0.11552963967618772
so,W30p0,9,3,-0.11529379635001685,0.11529379635001685
so,W60p0,8,0,0.11518814523034113,0.11518814523034113
thetao,W40p0,5,12,0.11498600051052993,0.11498600051052993
so,W60p0,6,18,-0.11489213396749418,0.11489213396749418
so,W20p0,4,12,0.11480749829503216,0.11480749829503216
so,W60p0,3,7,0.11468981563883056,0.11468981563883056
so,W20p0,2,4,-0.11460682337680174,0.11460682337680174
so,W10p0,10,2,0.11440494182358102,0.11440494182358102
thetao,W30p0,8,9,0.11431537458482328,0.11431537458482328
thetao,W60p0,2,19,0.11372609601047028,0.11372609601047028
thetao,W60p0,10,6,-0.11370009188958878,0.11370009188958878
thetao,W30p0,6,20,0.11351676622991884,0.11351676622991884
so,W60p0,3,8,0.11330454710373024,0.11330454710373024
thetao,W30p0,10,16,-0.11319576314557285,0.11319576314557285
so,W20p0,4,10,0.11306789472632013,0.11306789472632013
so,W60p0,2,6,0.11305870993138602,0.11305870993138602
so,W10p0,1,9,-0.11272852110238664,0.11272852110238664
so,W30p0,9,1,-0.11271336950138997,0.11271336950138997
so,W30p0,7,7,-0.11266088498930676,0.11266088498930676
thetao,W40p0,10,9,0.11264613753899645,0.11264613753899645
thetao,W40p0,3,18,-0.11258811937924673,0.11258811937924673
so,W20p0,1,13,-0.112548774464711,0.112548774464711
so,W40p0,1,2,0.11248113035431155,0.11248113035431155
so,W20p0,2,2,-0.1124282643062188,0.1124282643062188
so,W30p0,2,3,0.11240640377995072,0.11240640377995072
so,W30p0,6,4,-0.11239044270029643,0.11239044270029643
thetao,W40p0,4,7,-0.1123406368555952,0.1123406368555952
thetao,W40p0,3,2,-0.11175194128848355,0.11175194128848355
so,W40p0,2,10,0.11156631982724577,0.11156631982724577
so,W40p0,4,9,0.11146031584132324,0.11146031584132324
thetao,W10p0,6,0,-0.11137499946488855,0.11137499946488855
so,W30p0,10,0,0.11136283637915358,0.11136283637915358
so,W10p0,7,6,-0.1109961460525775,0.1109961460525775
so,W20p0,10,15,-0.11092180238212357,0.11092180238212357
so,W60p0,6,10,0.1108914105069944,0.1108914105069944
so,W20p0,7,16,-0.1106358424831175,0.1106358424831175
thetao,W40p0,5,17,0.11051488773475321,0.11051488773475321
so,W30p0,2,1,-0.11033894128461491,0.11033894128461491
so,W20p0,3,20,0.11030882873329609,0.11030882873329609
so,W10p0,2,14,0.11029766953038339,0.11029766953038339
thetao,W40p0,3,7,0.11016402969162274,0.11016402969162274
so,W30p0,3,12,0.11008299512842763,0.11008299512842763
thetao,W20p0,8,1,0.11005350269743872,0.11005350269743872
thetao,W20p0,2,13,-0.10976833958404374,0.10976833958404374
thetao,W60p0,5,12,-0.10973311486331587,0.10973311486331587
so,W10p0,6,14,-0.10961796988431721,0.10961796988431721
thetao,W60p0,4,0,0.10923144350128987,0.10923144350128987
thetao,W60p0,7,12,0.1090786868819065,0.1090786868819065
thetao,W30p0,6,3,-0.10895844818889769,0.10895844818889769
so,W30p0,2,15,0.10892513460692456,0.10892513460692456
thetao,W10p0,1,13,-0.10884198645462291,0.10884198645462291
thetao,W10p0,6,6,-0.10867067576829373,0.10867067576829373
thetao,W20p0,8,16,0.10855945639588507,0.10855945639588507
thetao,W30p0,8,13,-0.10855372238080599,0.10855372238080599
so,W10p0,6,0,0.10830392279953588,0.10830392279953588
thetao,W30p0,9,0,-0.10824898259146497,0.10824898259146497
thetao,W10p0,8,5,0.10815887461473028,0.10815887461473028
thetao,W30p0,8,14,-0.10814021263520675,0.10814021263520675
thetao,W10p0,3,11,-0.10785152627769189,0.10785152627769189
thetao,W30p0,1,20,0.1077812926106128,0.1077812926106128
thetao,W10p0,5,8,0.10746349843316136,0.10746349843316136
so,W20p0,1,14,-0.10738115764909313,0.10738115764909313
so,W20p0,9,11,0.10711954352306492,0.10711954352306492
so,W40p0,10,16,-0.107102217407918,0.107102217407918
so,W20p0,3,10,-0.10705372060739418,0.10705372060739418
so,W60p0,9,3,0.10697658794625622,0.10697658794625622
so,W40p0,5,18,0.10697331245077625,0.10697331245077625
thetao,W60p0,5,2,-0.1069308877815084,0.1069308877815084
thetao,W30p0,9,12,-0.10684513339019036,0.10684513339019036
thetao,W20p0,9,13,0.10678487125353674,0.10678487125353674
so,W10p0,4,0,-0.1064209365624727,0.1064209365624727
thetao,W60p0,8,12,-0.10635273172185074,0.10635273172185074
so,W20p0,10,9,-0.10594932114631188,0.10594932114631188
thetao,W60p0,10,7,-0.10589957392018105,0.10589957392018105
so,W20p0,9,18,-0.10587135644884776,0.10587135644884776
thetao,W30p0,10,9,0.10583730941815007,0.10583730941815007
so,W20p0,1,18,-0.10574851478422445,0.10574851478422445
so,W60p0,1,8,-0.10550214325992803,0.10550214325992803
thetao,W60p0,8,2,0.10547977427906798,0.10547977427906798
so,W20p0,10,8,-0.10512384508718822,0.10512384508718822
so,W20p0,6,17,-0.10507648747917689,0.10507648747917689
so,W40p0,10,9,-0.10492174812509464,0.10492174812509464
thetao,W10p0,8,17,-0.10473636368276193,0.10473636368276193
thetao,W40p0,8,2,-0.1046534424299362,0.1046534424299362
thetao,W10p0,2,3,0.10426832180617032,0.10426832180617032
thetao,W30p0,9,4,-0.10422187429513037,0.10422187429513037
so,W60p0,8,18,-0.10418970605881837,0.10418970605881837
so,W40p0,7,20,0.10411678955040513,0.10411678955040513
thetao,W10p0,5,7,0.1039874317634038,0.1039874317634038
thetao,W60p0,10,9,0.10394860792524882,0.10394860792524882
thetao,W10p0,5,4,-0.10390171319011528,0.10390171319011528
thetao,W60p0,9,4,0.1038916372230438,0.1038916372230438
so,W30p0,7,19,-0.10381857971216646,0.10381857971216646
so,W30p0,10,14,0.10375199516091921,0.10375199516091921
thetao,W40p0,5,10,-0.10374521789263746,0.10374521789263746
thetao,W40p0,1,19,0.10350217739742902,0.10350217739742902
so,W20p0,4,19,-0.10328093949577044,0.10328093949577044
thetao,W60p0,8,8,0.1032387145247732,0.1032387145247732
so,W60p0,7,2,0.10321738201517784,0.10321738201517784
thetao,W30p0,7,10,-0.10318419768451263,0.10318419768451263
thetao,W20p0,7,4,-0.10311949207116934,0.10311949207116934
so,W60p0,9,8,0.10298254281095462,0.10298254281095462
so,W60p0,2,3,0.10293673222495879,0.10293673222495879
thetao,W20p0,4,13,0.10265559122600636,0.10265559122600636
so,W10p0,4,9,0.10263291090192767,0.10263291090192767
thetao,W20p0,4,16,-0.10261338391155121,0.10261338391155121
thetao,W30p0,9,15,-0.10255235784520013,0.10255235784520013
thetao,W60p0,4,20,0.10213152081060109,0.10213152081060109
so,W30p0,10,16,0.10202703862709639,0.10202703862709639
so,W60p0,5,5,0.10194075623115748,0.10194075623115748
so,W10p0,2,3,-0.10188156952096458,0.10188156952096458
thetao,W40p0,4,1,-0.10174047151882808,0.10174047151882808
so,W40p0,10,2,0.10169094659597258,0.10169094659597258
thetao,W60p0,6,16,-0.10147824241186663,0.10147824241186663
so,W60p0,4,9,0.1012276668209033,0.1012276668209033
so,W20p0,9,12,0.101220959853761,0.101220959853761
thetao,W30p0,4,4,-0.10099061812456107,0.10099061812456107
thetao,W20p0,5,7,-0.10081451594980156,0.10081451594980156
thetao,W60p0,1,9,0.10058473525950035,0.10058473525950035
so,W40p0,8,16,-0.09967707850000265,0.09967707850000265
thetao,W10p0,3,10,-0.09957770698857184,0.09957770698857184
thetao,W60p0,9,10,-0.09949104135604736,0.09949104135604736
so,W30p0,2,4,0.09941037994896748,0.09941037994896748
so,W40p0,2,19,-0.09918570162766306,0.09918570162766306
thetao,W30p0,2,15,0.09914212909648065,0.09914212909648065
thetao,W60p0,10,4,-0.09909994606183836,0.09909994606183836
thetao,W60p0,9,19,-0.09882469243906966,0.09882469243906966
thetao,W10p0,5,2,-0.0983917887126636,0.0983917887126636
so,W40p0,9,19,0.0982462822538021,0.0982462822538021
so,W30p0,7,15,0.09816577329710607,0.09816577329710607
so,W20p0,4,5,0.09808227250191337,0.09808227250191337
so,W10p0,9,13,-0.09807109744208956,0.09807109744208956
so,W20p0,7,14,-0.09800256477054053,0.09800256477054053
thetao,W60p0,3,16,-0.09766599806687223,0.09766599806687223
thetao,W10p0,10,1,0.09765704586688824,0.09765704586688824
thetao,W30p0,8,15,-0.09757923599364819,0.09757923599364819
so,W20p0,9,5,-0.0975586472512751,0.0975586472512751
thetao,W20p0,3,3,0.09755853496694482,0.09755853496694482
thetao,W40p0,1,4,-0.09752189696386533,0.09752189696386533
so,W10p0,3,0,0.09745183608999608,0.09745183608999608
thetao,W30p0,7,17,-0.09742325979183676,0.09742325979183676
so,W30p0,5,20,-0.09737665263914586,0.09737665263914586
thetao,W20p0,2,16,0.096998272689721,0.096998272689721
thetao,W10p0,7,11,-0.09695955191632005,0.09695955191632005
so,W60p0,6,20,-0.09695871108150111,0.09695871108150111
thetao,W20p0,6,13,-0.09695436049127842,0.09695436049127842
so,W20p0,5,13,0.09648703458648933,0.09648703458648933
so,W60p0,3,13,-0.09622137190623362,0.09622137190623362
thetao,W40p0,4,6,-0.09596899212644101,0.09596899212644101
thetao,W40p0,5,3,-0.09587624733963045,0.09587624733963045
thetao,W10p0,5,14,0.09533066374766193,0.09533066374766193
thetao,W10p0,8,7,0.09530454626859838,0.09530454626859838
so,W60p0,1,12,-0.09526043096093974,0.09526043096093974
thetao,W30p0,1,11,-0.09503103799590938,0.09503103799590938
so,W40p0,2,8,0.09488974410455261,0.09488974410455261
so,W20p0,5,19,0.0947754500968154,0.0947754500968154
so,W60p0,4,12,0.09453004279923985,0.09453004279923985
thetao,W30p0,5,1,0.09451162646773134,0.09451162646773134
so,W20p0,9,9,0.09449077972805014,0.09449077972805014
so,W30p0,1,12,0.09444271874716516,0.09444271874716516
so,W30p0,8,12,0.09443048117395873,0.09443048117395873
so,W30p0,6,10,-0.09425049718023976,0.09425049718023976
thetao,W10p0,9,10,-0.09415163329779257,0.09415163329779257
thetao,W30p0,7,6,0.09395960107392014,0.09395960107392014
thetao,W20p0,5,8,-0.09379192722013813,0.09379192722013813
thetao,W60p0,9,8,0.0937309174255594,0.0937309174255594
so,W60p0,10,4,-0.09372182717263322,0.09372182717263322
so,W40p0,1,19,-0.09356898327927297,0.09356898327927297
thetao,W20p0,1,16,0.09350750729880325,0.09350750729880325
so,W40p0,3,1,-0.09342174778780087,0.09342174778780087
thetao,W20p0,7,16,0.09337984926419657,0.09337984926419657
so,W60p0,1,15,-0.09333245315550873,0.09333245315550873
thetao,W10p0,2,4,0.09331339775863152,0.09331339775863152
thetao,W60p0,8,11,-0.0932456057825097,0.0932456057825097
thetao,W40p0,1,0,-0.09323745814583337,0.09323745814583337
so,W30p0,4,6,-0.09318657520021091,0.09318657520021091
thetao,W30p0,8,8,0.09314109317560282,0.09314109317560282
so,W20p0,4,16,-0.09313284812113237,0.09313284812113237
so,W60p0,10,20,-0.09311777607613814,0.09311777607613814
thetao,W30p0,4,6,-0.09259905029501034,0.09259905029501034
thetao,W30p0,2,6,0.09259079014294998,0.09259079014294998
thetao,W20p0,7,3,-0.0925510458794867,0.0925510458794867
thetao,W10p0,7,4,0.09252233752751549,0.09252233752751549
thetao,W10p0,6,12,0.09247614535059342,0.09247614535059342
thetao,W30p0,6,0,-0.09240138020216986,0.09240138020216986
thetao,W30p0,7,8,-0.09236898280199198,0.09236898280199198
so,W20p0,2,9,-0.09235544366931195,0.09235544366931195
thetao,W10p0,9,6,-0.09225761214812113,0.09225761214812113
thetao,W20p0,5,18,0.09222816959430734,0.09222816959430734
thetao,W20p0,8,6,0.09220091920008112,0.09220091920008112
thetao,W30p0,10,17,-0.09169876286176538,0.09169876286176538
so,W20p0,4,9,0.09162393633071257,0.09162393633071257
so,W30p0,9,13,-0.09156011673875805,0.09156011673875805
so,W60p0,4,18,0.0914555083493713,0.0914555083493713
so,W10p0,7,7,-0.09136611581316653,0.09136611581316653
thetao,W40p0,4,20,0.09135420084903295,0.09135420084903295
so,W60p0,6,16,-0.0913036834439784,0.0913036834439784
thetao,W10p0,10,16,-0.09124661583475535,0.09124661583475535
thetao,W20p0,3,16,0.09122497426098036,0.09122497426098036
so,W30p0,4,5,-0.09118757472986434,0.09118757472986434
thetao,W10p0,3,17,0.0910636048774016,0.0910636048774016
thetao,W40p0,3,6,0.09084836701678033,0.09084836701678033
thetao,W10p0,9,7,-0.09054460032137474,0.09054460032137474
so,W10p0,7,8,-0.09006544937904672,0.09006544937904672
so,W20p0,10,0,-0.09001704649466012,0.09001704649466012
so,W30p0,10,18,0.0897445481424056,0.0897445481424056
thetao,W40p0,3,17,-0.08973081417104102,0.08973081417104102
so,W40p0,9,18,0.08964076109767,0.08964076109767
thetao,W60p0,3,1,-0.08937986032406144,0.08937986032406144
so,W10p0,4,16,0.08933978342177495,0.08933978342177495
thetao,W20p0,3,19,-0.08932966035295999,0.08932966035295999
thetao,W60p0,2,20,0.08920438978980981,0.08920438978980981
so,W10p0,1,15,-0.08917242066554043,0.08917242066554043
so,W10p0,7,5,-0.08913875284478043,0.08913875284478043
thetao,W30p0,10,3,-0.08874985919281149,0.08874985919281149
so,W20p0,6,10,-0.08870821234241881,0.08870821234241881
so,W60p0,2,4,0.08828903022867644,0.08828903022867644
so,W30p0,9,18,-0.08818579832156134,0.08818579832156134
thetao,W40p0,3,4,0.0879620300613913,0.0879620300613913
thetao,W40p0,10,13,-0.0879273428245547,0.0879273428245547
so,W40p0,9,0,0.08792645000660641,0.08792645000660641
so,W40p0,9,10,-0.0877175709532433,0.0877175709532433
thetao,W10p0,6,9,-0.08765163293695469,0.08765163293695469
thetao,W60p0,5,1,-0.0875711631675018,0.0875711631675018
thetao,W10p0,6,5,-0.087524571874213,0.087524571874213
thetao,W10p0,10,9,-0.08741349464826083,0.08741349464826083
so,W10p0,7,2,-0.08727073753595954,0.08727073753595954
so,W30p0,7,10,-0.08723475751086918,0.08723475751086918
so,W10p0,2,12,0.08719745269557412,0.08719745269557412
thetao,W30p0,4,11,0.08712573062885945,0.08712573062885945
so,W60p0,3,17,0.08709084084198992,0.08709084084198992
so,W40p0,5,7,-0.08702991938285126,0.08702991938285126
so,W20p0,5,20,0.08701398094041536,0.08701398094041536
so,W40p0,1,3,0.08700286694203148,0.08700286694203148
so,W10p0,10,1,0.08692874819711933,0.08692874819711933
so,W10p0,9,10,-0.08675929630447295,0.08675929630447295
so,W60p0,9,17,-0.08633089353605579,0.08633089353605579
so,W40p0,3,11,-0.08625266354322988,0.08625266354322988
so,W30p0,7,6,-0.08620471065320295,0.08620471065320295
thetao,W30p0,3,1,-0.08595646296723035,0.08595646296723035
so,W20p0,7,20,0.08595177645093639,0.08595177645093639
thetao,W10p0,6,13,0.08589476000841609,0.08589476000841609
so,W60p0,2,13,-0.08589003034830307,0.08589003034830307
so,W40p0,3,9,0.08585330559373013,0.08585330559373013
thetao,W40p0,4,3,-0.08584061403175348,0.08584061403175348
thetao,W30p0,10,0,0.0857516206986722,0.0857516206986722
so,W30p0,4,1,0.08566862700439842,0.08566862700439842
so,W40p0,10,10,-0.08566361946846791,0.08566361946846791
so,W10p0,8,2,-0.08556741433598399,0.08556741433598399
thetao,W40p0,4,18,-0.08546463128314043,0.08546463128314043
thetao,W40p0,4,2,-0.08541367092471674,0.08541367092471674
thetao,W30p0,2,13,0.08540766201278066,0.08540766201278066
so,W40p0,6,5,-0.08525908362073369,0.08525908362073369
thetao,W20p0,3,2,0.08521531998378724,0.08521531998378724
thetao,W10p0,8,16,-0.08514745701341257,0.08514745701341257
thetao,W10p0,8,2,0.08511271860638116,0.08511271860638116
thetao,W30p0,4,19,-0.0849167596594265,0.0849167596594265
thetao,W60p0,10,2,-0.0849155923595171,0.0849155923595171
thetao,W30p0,10,5,0.08487324630316868,0.08487324630316868
thetao,W10p0,10,0,0.08484834157600692,0.08484834157600692
thetao,W40p0,10,11,-0.08482264639179277,0.08482264639179277
so,W30p0,6,7,-0.08467604680139677,0.08467604680139677
so,W40p0,8,12,0.08458138846401304,0.08458138846401304
thetao,W30p0,7,19,-0.08453655601285531,0.08453655601285531
so,W60p0,10,3,-0.08435571988158047,0.08435571988158047
so,W10p0,1,17,0.0842749312595001,0.0842749312595001
thetao,W10p0,5,5,-0.0841797346548035,0.0841797346548035
thetao,W40p0,10,16,-0.0837052290010555,0.0837052290010555
thetao,W10p0,7,10,-0.08363984430682668,0.08363984430682668
thetao,W60p0,2,17,0.08353786846531987,0.08353786846531987
so,W10p0,8,17,0.08351671549234824,0.08351671549234824
thetao,W60p0,3,13,-0.08347437862165706,0.08347437862165706
thetao,W20p0,7,19,-0.08339764723489336,0.08339764723489336
so,W40p0,2,13,0.08322826140087773,0.08322826140087773
so,W30p0,5,0,0.08317027179665905,0.08317027179665905
so,W60p0,7,9,-0.08317020353671908,0.08317020353671908
so,W60p0,1,18,0.08304302438978334,0.08304302438978334
so,W20p0,3,12,0.08287293104324114,0.08287293104324114
thetao,W10p0,5,3,-0.08281788525467734,0.08281788525467734
thetao,W40p0,6,5,0.08251982583575992,0.08251982583575992
so,W10p0,1,12,-0.08234903936117867,0.08234903936117867
thetao,W20p0,4,5,0.0823214653105723,0.0823214653105723
thetao,W10p0,10,3,-0.08227528173035006,0.08227528173035006
thetao,W20p0,6,11,-0.08225156454056975,0.08225156454056975
so,W30p0,7,13,-0.0821893761289752,0.0821893761289752
so,W30p0,4,16,0.08201756395289331,0.08201756395289331
so,W20p0,4,13,0.0819448645475265,0.0819448645475265
thetao,W30p0,7,14,-0.08194427517779518,0.08194427517779518
thetao,W20p0,10,2,-0.08191753282431694,0.08191753282431694
so,W40p0,8,9,0.08182481677787012,0.08182481677787012
thetao,W60p0,4,17,0.08173243150272162,0.08173243150272162
so,W30p0,7,18,-0.08170022512031119,0.08170022512031119
so,W20p0,1,4,-0.08168038058924461,0.08168038058924461
thetao,W20p0,9,18,0.08161172868814345,0.08161172868814345
so,W20p0,7,19,0.08130078437832654,0.08130078437832654
thetao,W30p0,5,6,0.08080460021717603,0.08080460021717603
thetao,W20p0,3,8,0.08075426067456667,0.08075426067456667
so,W10p0,2,6,0.08074324775989443,0.08074324775989443
so,W10p0,4,3,-0.08059683734550947,0.08059683734550947
thetao,W10p0,3,14,-0.0805494386527019,0.0805494386527019
thetao,W20p0,1,11,-0.08054328695056062,0.08054328695056062
so,W10p0,9,19,0.08036276174048194,0.08036276174048194
so,W20p0,5,4,-0.08033044349019977,0.08033044349019977
thetao,W10p0,2,12,-0.08027618066760105,0.08027618066760105
thetao,W30p0,7,2,-0.07976828044893741,0.07976828044893741
thetao,W20p0,6,18,-0.07975351386761487,0.07975351386761487
so,W60p0,2,10,0.07958332050990337,0.07958332050990337
thetao,W40p0,9,6,-0.0794326624957546,0.0794326624957546
thetao,W60p0,3,5,-0.07921669169178097,0.07921669169178097
thetao,W10p0,1,15,0.07899033791866188,0.07899033791866188
thetao,W60p0,6,2,-0.07892157550065082,0.07892157550065082
thetao,W60p0,4,15,-0.07877305935364788,0.07877305935364788
thetao,W20p0,1,7,0.0786119760761356,0.0786119760761356
thetao,W10p0,2,2,0.07848064999128332,0.07848064999128332
so,W30p0,1,5,0.07818441123117315,0.07818441123117315
so,W40p0,5,10,0.07806543296701486,0.07806543296701486
so,W10p0,5,8,-0.07796536451837315,0.07796536451837315
so,W20p0,6,5,0.07793198253027078,0.07793198253027078
so,W40p0,4,5,-0.0778020126989515,0.0778020126989515
thetao,W20p0,10,14,-0.07775717476122046,0.07775717476122046
thetao,W60p0,7,6,0.07769317174586955,0.07769317174586955
so,W60p0,10,17,0.07753319344785446,0.07753319344785446
thetao,W60p0,7,3,-0.07740793642155654,0.07740793642155654
so,W60p0,8,6,-0.0773978974179918,0.0773978974179918
so,W30p0,4,2,0.07730581059573413,0.07730581059573413
thetao,W40p0,3,14,0.07701176337608742,0.07701176337608742
thetao,W10p0,1,5,0.07701089589554738,0.07701089589554738
so,W20p0,3,7,-0.07685789316359141,0.07685789316359141
so,W10p0,8,3,0.07669665997424602,0.07669665997424602
thetao,W10p0,8,20,-0.0766862436703393,0.0766862436703393
thetao,W60p0,3,11,0.07660748339553422,0.07660748339553422
thetao,W60p0,7,5,0.07658564242786807,0.07658564242786807
so,W10p0,7,1,-0.07623682401248359,0.07623682401248359
thetao,W10p0,6,14,-0.07595175519253336,0.07595175519253336
so,W60p0,10,15,0.07560745271242272,0.07560745271242272
so,W10p0,7,9,-0.07555295181303577,0.07555295181303577
thetao,W20p0,7,2,-0.07552564979568073,0.07552564979568073
so,W40p0,7,12,0.07540558413608321,0.07540558413608321
so,W40p0,5,8,-0.07532169101102303,0.07532169101102303
so,W60p0,4,0,0.07525508805908744,0.07525508805908744
thetao,W20p0,3,4,0.07525252778142069,0.07525252778142069
thetao,W60p0,6,17,-0.0751358326903298,0.0751358326903298
thetao,W30p0,3,3,0.07502461635352892,0.07502461635352892
thetao,W10p0,7,5,0.07482290362853773,0.07482290362853773
so,W30p0,2,5,0.07466391628931154,0.07466391628931154
so,W10p0,1,10,-0.0745926703321455,0.0745926703321455
so,W10p0,8,6,-0.07452733956443731,0.07452733956443731
thetao,W60p0,6,11,-0.07449927077165391,0.07449927077165391
thetao,W40p0,8,12,0.0742612512642325,0.0742612512642325
thetao,W20p0,1,10,-0.07418204279125717,0.07418204279125717
so,W60p0,1,19,0.07371004644076108,0.07371004644076108
so,W10p0,8,5,0.07367768209269476,0.07367768209269476
thetao,W40p0,1,20,0.07358429314854056,0.07358429314854056
thetao,W10p0,4,17,-0.07351950484819664,0.07351950484819664
thetao,W10p0,4,16,0.07336525665850939,0.07336525665850939
so,W40p0,6,20,0.07317124149466975,0.07317124149466975
thetao,W20p0,3,5,0.07313267028587919,0.07313267028587919
so,W30p0,4,7,-0.07312690700841694,0.07312690700841694
thetao,W20p0,6,12,-0.07306343723818616,0.07306343723818616
thetao,W20p0,8,10,0.07305219592307158,0.07305219592307158
thetao,W10p0,1,7,-0.07304076714064947,0.07304076714064947
so,W20p0,4,3,-0.07295512748166783,0.07295512748166783
thetao,W60p0,3,19,-0.07278155101903595,0.07278155101903595
so,W60p0,3,6,0.07267853698301603,0.07267853698301603
thetao,W30p0,2,1,0.07261619932100413,0.07261619932100413
so,W30p0,3,16,-0.07248140381090581,0.07248140381090581
so,W10p0,5,19,0.07243212388590144,0.07243212388590144
so,W60p0,5,13,0.07235895494242285,0.07235895494242285
thetao,W30p0,4,8,-0.07232199957598812,0.07232199957598812
thetao,W10p0,3,3,0.07224363584685345,0.07224363584685345
thetao,W60p0,5,0,-0.07215957287253717,0.07215957287253717
so,W20p0,8,6,-0.07213988602693913,0.07213988602693913
thetao,W20p0,3,18,-0.07188206385440643,0.07188206385440643
so,W40p0,1,5,0.07186928923097545,0.07186928923097545
so,W30p0,6,9,-0.0718345719459985,0.0718345719459985
so,W20p0,5,6,-0.07166234494131675,0.07166234494131675
thetao,W20p0,7,20,-0.07164680633153163,0.07164680633153163
so,W30p0,10,6,0.071618478053125,0.071618478053125
so,W30p0,9,6,-0.07140564701897689,0.07140564701897689
thetao,W60p0,6,19,-0.07138182252032142,0.07138182252032142
so,W40p0,9,20,0.07127813600879025,0.07127813600879025
thetao,W60p0,6,1,-0.07124834501611896,0.07124834501611896
so,W30p0,2,14,0.07111593945285466,0.07111593945285466
so,W40p0,2,7,0.07098042417604168,0.07098042417604168
thetao,W10p0,3,18,0.0709034878943552,0.0709034878943552
so,W60p0,6,3,-0.07090237983042236,0.07090237983042236
thetao,W30p0,10,15,-0.07066293095663811,0.07066293095663811
thetao,W60p0,1,6,0.0704553346908324,0.0704553346908324
thetao,W40p0,6,10,-0.07025477860077085,0.07025477860077085
so,W40p0,3,8,0.07020114756424146,0.07020114756424146
thetao,W60p0,6,8,-0.07009121705984239,0.07009121705984239
thetao,W40p0,2,10,-0.07001359978931135,0.07001359978931135
so,W10p0,7,11,0.06994490812501238,0.06994490812501238
thetao,W20p0,10,6,-0.06974671872879054,0.06974671872879054
thetao,W10p0,9,14,-0.06969009979131933,0.06969009979131933
so,W20p0,5,10,0.06957036130384295,0.06957036130384295
so,W40p0,6,0,0.0694377833281308,0.0694377833281308
thetao,W60p0,7,8,-0.06938996687496575,0.06938996687496575
so,W60p0,9,10,0.06930653297816482,0.06930653297816482
thetao,W60p0,3,8,-0.06923718382912213,0.06923718382912213
so,W20p0,8,18,-0.06906314316466851,0.06906314316466851
so,W60p0,6,0,0.06879385435870171,0.06879385435870171
thetao,W10p0,3,1,-0.06857238313844734,0.06857238313844734
thetao,W40p0,5,9,-0.06830102112712295,0.06830102112712295
thetao,W40p0,6,13,-0.06823852750210141,0.06823852750210141
so,W60p0,6,19,-0.06807745246721734,0.06807745246721734
thetao,W40p0,9,18,-0.06803908932040498,0.06803908932040498
thetao,W60p0,2,13,-0.06803100691097076,0.06803100691097076
thetao,W40p0,9,4,0.0678459406261091,0.0678459406261091
thetao,W30p0,2,10,-0.06761759901567437,0.06761759901567437
thetao,W40p0,9,11,-0.0676146181276576,0.0676146181276576
so,W30p0,9,7,-0.06757696025282714,0.06757696025282714
thetao,W60p0,1,11,-0.06755025978533043,0.06755025978533043
so,W30p0,1,13,0.06738237019738903,0.06738237019738903
so,W60p0,8,15,-0.06727530092547057,0.06727530092547057
so,W60p0,8,1,-0.0669895709952875,0.0669895709952875
thetao,W40p0,8,10,-0.06657574250980022,0.06657574250980022
thetao,W60p0,3,6,-0.06657560400107201,0.06657560400107201
so,W20p0,9,6,-0.06637035665866783,0.06637035665866783
so,W10p0,8,20,-0.06627959275800181,0.06627959275800181
so,W10p0,8,13,-0.06578004319744564,0.06578004319744564
so,W30p0,9,20,0.06577154495896106,0.06577154495896106
so,W60p0,6,12,0.06571022699703909,0.06571022699703909
thetao,W40p0,1,3,-0.06550700587860482,0.06550700587860482
so,W40p0,4,7,0.06550323037263182,0.06550323037263182
thetao,W10p0,2,7,0.06536639348398077,0.06536639348398077
so,W10p0,1,0,-0.06533407466792208,0.06533407466792208
thetao,W30p0,3,16,0.06508638176909945,0.06508638176909945
so,W10p0,2,16,-0.06501824859326047,0.06501824859326047
so,W40p0,7,11,-0.06489100280448366,0.06489100280448366
so,W30p0,6,2,0.06488799975473099,0.06488799975473099
so,W30p0,9,0,-0.0648750218840049,0.0648750218840049
thetao,W20p0,2,15,0.06471690531812899,0.06471690531812899
so,W10p0,5,3,0.06465252722058262,0.06465252722058262
thetao,W30p0,8,7,0.06464209180904627,0.06464209180904627
so,W20p0,4,14,-0.06450920070136631,0.06450920070136631
thetao,W10p0,3,9,-0.06442501205266725,0.06442501205266725
thetao,W20p0,8,0,0.06433508711925781,0.06433508711925781
thetao,W30p0,3,9,0.06427838013297167,0.06427838013297167
thetao,W60p0,3,12,0.06409840313667244,0.06409840313667244
so,W20p0,7,10,-0.06409365085286797,0.06409365085286797
thetao,W30p0,6,5,-0.06408001169077508,0.06408001169077508
so,W60p0,2,5,0.06403626372653454,0.06403626372653454
so,W10p0,7,3,-0.06397337890795737,0.06397337890795737
so,W10p0,9,9,-0.06391499361178207,0.06391499361178207
so,W20p0,2,5,-0.06386771007049143,0.06386771007049143
so,W30p0,4,8,-0.06379820403173198,0.06379820403173198
so,W30p0,1,3,-0.0637679155543331,0.0637679155543331
thetao,W60p0,1,1,0.06363704003116483,0.06363704003116483
thetao,W30p0,5,2,0.06357116404475809,0.06357116404475809
thetao,W40p0,1,5,-0.0635394947250986,0.0635394947250986
so,W20p0,8,3,0.06337938554054096,0.06337938554054096
thetao,W30p0,2,18,0.063311500345515,0.063311500345515
so,W40p0,6,1,-0.06328501246789521,0.06328501246789521
thetao,W20p0,5,19,0.0629432289329243,0.0629432289329243
thetao,W20p0,9,4,0.06252908697358014,0.06252908697358014
thetao,W10p0,3,20,-0.0624317975540043,0.0624317975540043
so,W10p0,10,3,0.06238821486444238,0.06238821486444238
thetao,W10p0,6,11,0.06226608344793769,0.06226608344793769
thetao,W20p0,7,18,-0.06220451944443551,0.06220451944443551
so,W10p0,8,12,-0.062136293657000394,0.062136293657000394
so,W40p0,5,6,-0.06208576658177888,0.06208576658177888
thetao,W20p0,9,15,0.062051792996172465,0.062051792996172465
thetao,W30p0,5,4,-0.06201785195447365,0.06201785195447365
so,W30p0,6,15,0.06191206146094596,0.06191206146094596
so,W30p0,8,1,0.06166840610492074,0.06166840610492074
thetao,W40p0,4,15,-0.06159076314936201,0.06159076314936201
so,W20p0,4,11,0.061587297461796246,0.061587297461796246
thetao,W20p0,3,7,0.061578035784761925,0.061578035784761925
thetao,W40p0,4,17,-0.06142860540250569,0.06142860540250569
thetao,W30p0,8,20,-0.06136490261093579,0.06136490261093579
so,W10p0,5,1,0.0613410224145489,0.0613410224145489
thetao,W60p0,3,7,-0.0613338791037585,0.0613338791037585
thetao,W20p0,4,18,-0.06112807030944348,0.06112807030944348
thetao,W60p0,6,18,-0.06101641845542955,0.06101641845542955
thetao,W40p0,5,8,-0.06101317044372039,0.06101317044372039
so,W10p0,7,4,-0.06098641409883522,0.06098641409883522
so,W40p0,10,19,0.06093399586467445,0.06093399586467445
thetao,W30p0,4,12,-0.06090182763878187,0.06090182763878187
thetao,W10p0,10,12,0.060739194633721544,0.060739194633721544
so,W60p0,5,3,-0.0606625915732793,0.0606625915732793
thetao,W30p0,6,4,-0.06041130446252322,0.06041130446252322
so,W60p0,9,13,0.06030776682478154,0.06030776682478154
so,W20p0,10,18,0.060113336385911716,0.060113336385911716
so,W20p0,6,19,-0.05996052169396323,0.05996052169396323
so,W20p0,3,18,-0.05988517024369076,0.05988517024369076
thetao,W20p0,4,2,0.059836352807931203,0.059836352807931203
thetao,W60p0,6,10,0.05974034407098637,0.05974034407098637
thetao,W30p0,3,0,-0.05970349557853193,0.05970349557853193
so,W60p0,4,8,0.059576665623506234,0.059576665623506234
so,W20p0,2,0,0.0595294770553035,0.0595294770553035
so,W40p0,3,12,-0.059443352550131806,0.059443352550131806
thetao,W30p0,8,10,0.05932670485625946,0.05932670485625946
so,W60p0,8,11,0.05932641341039335,0.05932641341039335
so,W20p0,5,14,-0.05929730204591728,0.05929730204591728
so,W40p0,6,4,-0.05926746413988881,0.05926746413988881
so,W40p0,9,1,-0.05895263025962461,0.05895263025962461
so,W10p0,2,7,0.05876656998593971,0.05876656998593971
thetao,W10p0,9,9,-0.05860741638965081,0.05860741638965081
thetao,W40p0,7,19,-0.05858673345075025,0.05858673345075025
so,W20p0,6,9,-0.058355324489465926,0.058355324489465926
thetao,W30p0,6,17,-0.058256845926657856,0.058256845926657856
thetao,W20p0,6,1,0.058185550921640336,0.058185550921640336
so,W20p0,4,2,-0.058148656125674436,0.058148656125674436
thetao,W10p0,5,9,0.0580670720254532,0.0580670720254532
so,W10p0,4,10,0.05802016349807196,0.05802016349807196
so,W30p0,6,17,0.057867486674976654,0.057867486674976654
thetao,W30p0,3,15,0.057861975612896285,0.057861975612896285
thetao,W20p0,1,15,0.05785472119335328,0.05785472119335328
so,W60p0,9,1,-0.05772050049711778,0.05772050049711778
thetao,W30p0,10,12,0.05763583885046346,0.05763583885046346
thetao,W60p0,9,17,-0.05702726447027716,0.05702726447027716
so,W40p0,4,20,-0.05688355230490053,0.05688355230490053
so,W20p0,6,8,-0.056853800632458776,0.056853800632458776
thetao,W30p0,2,5,0.05679059470865461,0.05679059470865461
so,W60p0,7,7,0.056654998583277626,0.056654998583277626
so,W60p0,3,3,0.056618060814158204,0.056618060814158204
so,W10p0,5,17,-0.05654035068844695,0.05654035068844695
so,W40p0,9,17,0.05633533746883415,0.05633533746883415
so,W30p0,2,12,-0.0561987808124257,0.0561987808124257
so,W40p0,3,7,-0.0561659300311818,0.0561659300311818
thetao,W20p0,1,12,-0.05616077475576,0.05616077475576
so,W60p0,6,11,0.05602854580533209,0.05602854580533209
so,W10p0,9,3,-0.05591053047941368,0.05591053047941368
thetao,W60p0,8,14,0.055799122303058044,0.055799122303058044
so,W40p0,5,12,0.055714267946451644,0.055714267946451644
thetao,W60p0,9,16,-0.05556747990852556,0.05556747990852556
thetao,W40p0,6,9,-0.05546908477353591,0.05546908477353591
thetao,W20p0,10,0,-0.05543607366263373,0.05543607366263373
so,W40p0,10,3,-0.055356161926595274,0.055356161926595274
thetao,W30p0,6,18,0.05520167122805868,0.05520167122805868
so,W10p0,1,11,-0.0550700011611572,0.0550700011611572
thetao,W30p0,2,7,0.054940421498855925,0.054940421498855925
so,W10p0,9,2,-0.05482801086270808,0.05482801086270808
thetao,W20p0,10,16,0.0548121931176439,0.0548121931176439
thetao,W30p0,1,14,0.05480865673106829,0.05480865673106829
thetao,W20p0,9,0,-0.054668367997207326,0.054668367997207326
thetao,W60p0,1,2,0.0546221276144352,0.0546221276144352
thetao,W10p0,9,4,0.054217914575541176,0.054217914575541176
so,W30p0,6,1,0.05418069854034918,0.05418069854034918
so,W20p0,8,1,0.05405897954753463,0.05405897954753463
so,W20p0,10,19,0.053931563772547035,0.053931563772547035
so,W40p0,5,11,0.05390468270436632,0.05390468270436632
thetao,W30p0,8,6,0.05366721117612598,0.05366721117612598
so,W30p0,2,11,-0.05311693506826743,0.05311693506826743
so,W60p0,10,7,0.052426239964091556,0.052426239964091556
thetao,W30p0,7,9,-0.05239646028107322,0.05239646028107322
thetao,W20p0,4,12,0.052306978584164256,0.052306978584164256
thetao,W30p0,4,17,-0.05223818009300299,0.05223818009300299
so,W20p0,7,17,-0.05208596176435992,0.05208596176435992
thetao,W40p0,4,16,-0.0519822296104843,0.0519822296104843
so,W30p0,8,15,0.051943162620710796,0.051943162620710796
so,W10p0,2,5,0.05193826719952083,0.05193826719952083
thetao,W10p0,10,17,-0.05193597255736296,0.05193597255736296
thetao,W10p0,9,19,-0.05193553920748341,0.05193553920748341
so,W30p0,5,6,-0.05192431182796963,0.05192431182796963
thetao,W30p0,2,0,0.05188144171525692,0.05188144171525692
so,W20p0,1,2,-0.05181194039215947,0.05181194039215947
thetao,W40p0,5,5,0.0516158242357404,0.0516158242357404
so,W20p0,9,8,0.0514623311294023,0.0514623311294023
thetao,W10p0,7,6,0.05091044456127334,0.05091044456127334
thetao,W20p0,10,1,-0.050813424687644264,0.050813424687644264
thetao,W10p0,9,15,-0.0507310455630423,0.0507310455630423
so,W40p0,8,6,0.05052857606489495,0.05052857606489495
so,W40p0,5,20,-0.050519861552711376,0.050519861552711376
so,W10p0,9,8,0.0505140485916128,0.0505140485916128
thetao,W30p0,5,13,0.05044063628161912,0.05044063628161912
thetao,W40p0,7,2,-0.050372182307809085,0.050372182307809085
so,W40p0,2,18,-0.05034218907103405,0.05034218907103405
so,W10p0,9,16,0.050187868370583325,0.050187868370583325
so,W30p0,9,4,-0.05014657360446978,0.05014657360446978
thetao,W30p0,9,14,-0.05014164881625749,0.05014164881625749
thetao,W10p0,10,2,0.05002602453303839,0.05002602453303839
thetao,W10p0,3,15,-0.05000352986489086,0.05000352986489086
thetao,W30p0,8,16,-0.049975838075532325,0.049975838075532325
thetao,W30p0,9,9,-0.04994483664624338,0.04994483664624338
thetao,W60p0,3,18,-0.04990657036873773,0.04990657036873773
so,W20p0,4,17,-0.04972657514363454,0.04972657514363454
thetao,W60p0,7,10,0.04951509013815828,0.04951509013815828
so,W60p0,10,12,-0.049382296483598556,0.049382296483598556
thetao,W40p0,4,9,-0.04922267517413897,0.04922267517413897
thetao,W30p0,8,1,-0.04884171755915129,0.04884171755915129
thetao,W10p0,10,15,-0.048786686888323896,0.048786686888323896
thetao,W60p0,7,4,0.04859036808936356,0.04859036808936356
so,W20p0,1,1,-0.04857509591152226,0.04857509591152226
thetao,W30p0,3,6,-0.048549439697188605,0.048549439697188605
thetao,W10p0,3,2,0.0484900960049671,0.0484900960049671
thetao,W40p0,7,0,-0.04841316950766964,0.04841316950766964
thetao,W30p0,8,5,-0.048387682943135224,0.048387682943135224
thetao,W40p0,2,11,-0.048201091447928265,0.048201091447928265
so,W20p0,10,16,-0.047958664575105385,0.047958664575105385
thetao,W30p0,9,13,-0.04787900900795435,0.04787900900795435
thetao,W30p0,8,18,0.047773742676198556,0.047773742676198556
thetao,W40p0,2,15,0.04776413701950807,0.04776413701950807
so,W10p0,7,0,-0.04734231271527517,0.04734231271527517
thetao,W30p0,2,16,0.04733769177170728,0.04733769177170728
thetao,W40p0,4,5,-0.047190880264811406,0.047190880264811406
thetao,W20p0,6,20,0.04717199994799584,0.04717199994799584
thetao,W20p0,3,6,0.04711709133962903,0.04711709133962903
so,W30p0,7,5,-0.04701342985541902,0.04701342985541902
so,W20p0,8,2,0.046728687983031564,0.046728687983031564
thetao,W20p0,8,14,0.04665516532462881,0.04665516532462881
thetao,W20p0,9,14,0.04664586558145483,0.04664586558145483
so,W30p0,4,10,0.046511734205287134,0.046511734205287134
so,W20p0,3,5,0.0465084367404038,0.0465084367404038
so,W30p0,7,4,-0.04643473602973111,0.04643473602973111
thetao,W40p0,5,20,0.0463431385870475,0.0463431385870475
so,W60p0,9,9,0.046337857867902614,0.046337857867902614
so,W10p0,8,10,0.04632120725885219,0.04632120725885219
thetao,W60p0,10,3,-0.04624401048254528,0.04624401048254528
so,W60p0,9,7,0.04610808421724322,0.04610808421724322
thetao,W30p0,5,0,-0.04600195742726941,0.04600195742726941
thetao,W30p0,10,1,-0.04550217854131925,0.04550217854131925
thetao,W40p0,7,15,0.04543461077509806,0.04543461077509806
so,W30p0,2,7,0.04538352893169608,0.04538352893169608
thetao,W30p0,3,5,-0.0452870590263392,0.0452870590263392
thetao,W60p0,7,11,0.04526023158045927,0.04526023158045927
so,W60p0,10,9,-0.045256675352833294,0.045256675352833294
thetao,W20p0,6,2,-0.04524034295406398,0.04524034295406398
so,W10p0,5,2,0.04523827985434462,0.04523827985434462
thetao,W30p0,3,4,0.04505815327658008,0.04505815327658008
so,W60p0,9,6,-0.04505517745911648,0.04505517745911648
so,W30p0,8,13,0.0449774817529144,0.0449774817529144
thetao,W40p0,5,19,0.04478926568875015,0.04478926568875015
so,W60p0,10,1,-0.044776749895287786,0.044776749895287786
thetao,W30p0,8,19,0.044641617733985436,0.044641617733985436
so,W10p0,10,0,0.044458286932582435,0.044458286932582435
thetao,W40p0,1,2,-0.04437416929996039,0.04437416929996039
so,W40p0,8,1,0.04436678273153308,0.04436678273153308
so,W10p0,8,16,0.04428185807213778,0.04428185807213778
thetao,W60p0,2,16,0.04425706894117711,0.04425706894117711
thetao,W10p0,10,14,-0.044216944735950794,0.044216944735950794
so,W20p0,1,3,-0.04412628126157834,0.04412628126157834
thetao,W60p0,3,9,-0.04411991215586143,0.04411991215586143
thetao,W20p0,2,0,0.04397523514348103,0.04397523514348103
thetao,W40p0,10,19,0.04390882329783451,0.04390882329783451
thetao,W10p0,10,11,0.043869397431228405,0.043869397431228405
thetao,W60p0,8,9,0.043863664957383836,0.043863664957383836
so,W60p0,8,16,-0.04377985476285444,0.04377985476285444
so,W20p0,10,20,0.04371305226543309,0.04371305226543309
so,W60p0,5,12,-0.04369779887875283,0.04369779887875283
thetao,W20p0,8,15,0.04351205231070669,0.04351205231070669
thetao,W60p0,8,15,-0.04349289357373737,0.04349289357373737
so,W10p0,2,15,0.043417795050860554,0.043417795050860554
thetao,W10p0,8,9,0.043373500171464664,0.043373500171464664
so,W40p0,5,19,0.043104308562650635,0.043104308562650635
thetao,W30p0,4,18,-0.04302300644523438,0.04302300644523438
thetao,W40p0,1,9,-0.042905100432372376,0.042905100432372376
thetao,W30p0,4,7,-0.042738204229884634,0.042738204229884634
thetao,W20p0,5,20,0.04272976572462203,0.04272976572462203
so,W30p0,3,15,0.04257397746118485,0.04257397746118485
thetao,W30p0,7,4,0.04254625495074791,0.04254625495074791
thetao,W20p0,4,11,-0.042493280496913886,0.042493280496913886
so,W40p0,10,17,0.04249049929522832,0.04249049929522832
so,W20p0,9,13,0.042343600089265646,0.042343600089265646
so,W10p0,4,14,0.04229396057030718,0.04229396057030718
so,W30p0,1,14,-0.04214867432948657,0.04214867432948657
thetao,W60p0,3,17,-0.042109768475731287,0.042109768475731287
thetao,W10p0,10,19,0.04199057387578618,0.04199057387578618
so,W20p0,3,17,-0.04192280394380838,0.04192280394380838
so,W60p0,10,19,-0.04176903204762382,0.04176903204762382
thetao,W40p0,5,11,-0.04174391218433495,0.04174391218433495
so,W10p0,8,15,0.041568657656592074,0.041568657656592074
so,W10p0,2,9,0.041477220704707614,0.041477220704707614
so,W10p0,3,17,0.041401741294425025,0.041401741294425025
so,W40p0,2,6,-0.04135030236152869,0.04135030236152869
thetao,W20p0,5,16,-0.04127750952715526,0.04127750952715526
so,W60p0,1,16,-0.041210352986661355,0.041210352986661355
so,W10p0,5,18,-0.04115232184496503,0.04115232184496503
thetao,W10p0,3,8,-0.04114019066467394,0.04114019066467394
thetao,W30p0,3,12,0.0411116099773462,0.0411116099773462
so,W30p0,4,12,0.04110037313218423,0.04110037313218423
so,W30p0,4,11,0.04109319797651802,0.04109319797651802
thetao,W60p0,4,6,0.04104670439040434,0.04104670439040434
thetao,W20p0,1,9,-0.04102472738108371,0.04102472738108371
thetao,W10p0,7,8,0.04098857851575748,0.04098857851575748
so,W10p0,4,4,-0.0408152620526794,0.0408152620526794
so,W10p0,4,6,0.04068732104784934,0.04068732104784934
so,W20p0,6,18,-0.040679641955368995,0.040679641955368995
thetao,W40p0,9,15,-0.040416149080853656,0.040416149080853656
thetao,W30p0,3,7,0.04030206988610682,0.04030206988610682
so,W40p0,6,14,-0.04029584907495515,0.04029584907495515
thetao,W60p0,9,18,-0.04024598459190677,0.04024598459190677
thetao,W60p0,9,15,-0.03992125938706199,0.03992125938706199
so,W30p0,8,14,0.03984863807769978,0.03984863807769978
thetao,W60p0,4,4,0.039844481094835855,0.039844481094835855
so,W10p0,3,3,-0.03984294765793966,0.03984294765793966
so,W20p0,2,8,-0.039819751650501896,0.039819751650501896
so,W20p0,7,13,-0.03976148225020613,0.03976148225020613
thetao,W30p0,10,10,0.039736288397962345,0.039736288397962345
so,W10p0,2,8,0.03973042089609324,0.03973042089609324
thetao,W40p0,3,3,0.039580805408520964,0.039580805408520964
so,W60p0,2,12,-0.03954470937558344,0.03954470937558344
so,W60p0,6,2,-0.0394861011250259,0.0394861011250259
so,W60p0,3,9,0.03939220870341941,0.03939220870341941
so,W60p0,5,6,0.03926977985680715,0.03926977985680715
so,W40p0,4,2,-0.03926914275594001,0.03926914275594001
thetao,W10p0,9,18,-0.03907715214517177,0.03907715214517177
so,W60p0,10,2,-0.03905675821279846,0.03905675821279846
so,W20p0,5,8,-0.038984698034269495,0.038984698034269495
so,W60p0,4,6,0.03884133932968762,0.03884133932968762
thetao,W10p0,8,14,0.038748114342736395,0.038748114342736395
so,W30p0,6,13,-0.03860842885636959,0.03860842885636959
so,W60p0,5,20,0.03851400501457089,0.03851400501457089
so,W30p0,10,7,0.03839532077333465,0.03839532077333465
thetao,W20p0,10,18,0.03837281161340791,0.03837281161340791
so,W20p0,9,2,0.038341835895155996,0.038341835895155996
so,W60p0,7,1,0.038213119062604155,0.038213119062604155
so,W30p0,2,10,-0.038190469061488964,0.038190469061488964
so,W20p0,2,16,0.03812462212699928,0.03812462212699928
so,W60p0,9,2,0.037859288272335964,0.037859288272335964
so,W10p0,9,15,-0.03783505622569592,0.03783505622569592
thetao,W40p0,9,14,0.03777169441294207,0.03777169441294207
so,W60p0,8,14,-0.03773961370414605,0.03773961370414605
so,W60p0,8,17,-0.037659038478118655,0.037659038478118655
so,W60p0,1,20,0.037641586296303604,0.037641586296303604
so,W10p0,2,11,0.03762158935246773,0.03762158935246773
so,W40p0,2,17,-0.037397153233456826,0.037397153233456826
so,W60p0,10,18,0.03730947063239586,0.03730947063239586
thetao,W30p0,3,2,0.03720298471672666,0.03720298471672666
so,W20p0,4,0,-0.036935748431689855,0.036935748431689855
thetao,W30p0,9,6,0.03692958580242634,0.03692958580242634
so,W60p0,9,14,0.03645000997725799,0.03645000997725799
so,W20p0,7,18,0.03615946717066264,0.03615946717066264
so,W20p0,3,6,-0.03614710435196935,0.03614710435196935
so,W40p0,1,20,-0.036112295506182474,0.036112295506182474
so,W30p0,2,6,0.036071202923648744,0.036071202923648744
thetao,W20p0,4,8,0.03604395024346494,0.03604395024346494
thetao,W10p0,4,0,0.035519711725525274,0.035519711725525274
thetao,W40p0,4,8,-0.035338916063387245,0.035338916063387245
so,W10p0,6,15,-0.03524569721795831,0.03524569721795831
so,W60p0,1,7,0.03510377603466494,0.03510377603466494
so,W40p0,1,6,0.03484146387226365,0.03484146387226365
thetao,W30p0,4,3,0.034759921324632674,0.034759921324632674
so,W40p0,8,8,0.034703042238493985,0.034703042238493985
thetao,W40p0,7,13,0.034701758292220476,0.034701758292220476
thetao,W20p0,4,14,-0.03463839675651009,0.03463839675651009
thetao,W10p0,8,15,0.0346302076137565,0.0346302076137565
so,W30p0,2,2,0.0344167053651272,0.0344167053651272
so,W60p0,10,14,0.03439739087065592,0.03439739087065592
so,W10p0,4,15,0.034375337782212786,0.034375337782212786
thetao,W20p0,3,17,-0.03428816461033622,0.03428816461033622
thetao,W30p0,7,13,-0.03413245648855351,0.03413245648855351
thetao,W30p0,4,0,0.03408880972670701,0.03408880972670701
so,W40p0,5,17,0.0340457378213601,0.0340457378213601
so,W20p0,1,19,-0.03367619305939221,0.03367619305939221
so,W10p0,9,1,-0.03353236793073875,0.03353236793073875
so,W40p0,3,13,0.03323221749015067,0.03323221749015067
so,W20p0,1,20,0.03316860331158349,0.03316860331158349
so,W40p0,5,16,0.03274145644362352,0.03274145644362352
thetao,W30p0,1,12,-0.03272230686121304,0.03272230686121304
thetao,W20p0,10,17,0.032684396698337045,0.032684396698337045
so,W40p0,4,19,0.032670471311770755,0.032670471311770755
thetao,W20p0,5,17,0.03249430378529518,0.03249430378529518
thetao,W40p0,4,10,-0.0324734437969305,0.0324734437969305
so,W30p0,6,18,0.03212315511062419,0.03212315511062419
so,W10p0,8,14,0.032095173244469956,0.032095173244469956
thetao,W40p0,4,14,-0.032064712270871015,0.032064712270871015
so,W60p0,7,0,-0.03201220822045791,0.03201220822045791
thetao,W20p0,3,20,-0.03180394956293355,0.03180394956293355
so,W10p0,9,14,-0.03163697201733675,0.03163697201733675
so,W10p0,3,15,-0.03132054120674461,0.03132054120674461
so,W40p0,6,19,0.03125335823033588,0.03125335823033588
so,W40p0,4,1,0.03110228307927552,0.03110228307927552
so,W20p0,9,7,-0.031077228579060447,0.031077228579060447
so,W40p0,8,15,-0.03090718796729874,0.03090718796729874
so,W40p0,10,20,0.03059324077546418,0.03059324077546418
so,W20p0,8,17,-0.030583165281944526,0.030583165281944526
thetao,W10p0,7,7,0.030559211909979657,0.030559211909979657
so,W40p0,5,5,0.030553293016447863,0.030553293016447863
so,W20p0,9,4,-0.030525632302612057,0.030525632302612057
thetao,W30p0,3,11,0.030375720882769908,0.030375720882769908
so,W20p0,6,20,-0.030111606155748517,0.030111606155748517
thetao,W40p0,9,19,-0.029944871005449673,0.029944871005449673
so,W40p0,6,15,-0.02989460209209606,0.02989460209209606
thetao,W40p0,1,10,0.029789612417900145,0.029789612417900145
so,W60p0,8,10,-0.029780993722159563,0.029780993722159563
thetao,W10p0,2,11,-0.029741414950739287,0.029741414950739287
so,W20p0,3,11,-0.02964092564925231,0.02964092564925231
thetao,W30p0,9,7,0.02940795462660676,0.02940795462660676
thetao,W60p0,4,9,-0.02937430725150981,0.02937430725150981
so,W60p0,5,7,-0.029243883211998604,0.029243883211998604
thetao,W40p0,2,14,0.029233639690021716,0.029233639690021716
thetao,W40p0,6,6,0.029094991158555825,0.029094991158555825
so,W30p0,4,13,0.02892975040786666,0.02892975040786666
so,W20p0,6,7,-0.028908912178916425,0.028908912178916425
thetao,W60p0,3,4,-0.028714072926625336,0.028714072926625336
so,W30p0,4,4,-0.028598827554582356,0.028598827554582356
thetao,W10p0,3,7,-0.028464705091791838,0.028464705091791838
thetao,W30p0,2,20,-0.028244545396445775,0.028244545396445775
thetao,W40p0,9,20,0.02818723970157527,0.02818723970157527
thetao,W40p0,3,15,0.02815490070240887,0.02815490070240887
thetao,W10p0,9,17,-0.028135196862912923,0.028135196862912923
so,W30p0,8,18,-0.028114510024042586,0.028114510024042586
so,W10p0,3,1,0.02802770564700806,0.02802770564700806
so,W30p0,10,9,0.027874911339801297,0.027874911339801297
thetao,W60p0,3,0,-0.027707972937707746,0.027707972937707746
thetao,W20p0,10,20,-0.027645326316369418,0.027645326316369418
thetao,W40p0,10,10,0.02731772675024489,0.02731772675024489
thetao,W30p0,7,18,-0.02731538207894472,0.02731538207894472
so,W60p0,9,4,-0.0273091298595832,0.0273091298595832
so,W60p0,6,15,0.027110725345865897,0.027110725345865897
thetao,W40p0,2,12,-0.02683456185544205,0.02683456185544205
so,W20p0,4,18,-0.026817571779160405,0.026817571779160405
thetao,W60p0,4,2,-0.026773307068384863,0.026773307068384863
thetao,W10p0,8,12,-0.02676635386502015,0.02676635386502015
thetao,W10p0,8,10,-0.026722800679850396,0.026722800679850396
thetao,W30p0,3,13,-0.026693980083537804,0.026693980083537804
thetao,W30p0,5,3,-0.026581067169431816,0.026581067169431816
thetao,W20p0,8,9,0.026494539262010314,0.026494539262010314
thetao,W40p0,9,13,0.026355313283635433,0.026355313283635433
so,W60p0,10,11,-0.026332080460208893,0.026332080460208893
so,W60p0,8,12,0.02605669394875398,0.02605669394875398
so,W30p0,1,4,-0.02599363870036364,0.02599363870036364
thetao,W60p0,3,2,-0.02599215243963123,0.02599215243963123
so,W20p0,3,16,0.02592100573924414,0.02592100573924414
thetao,W40p0,1,8,-0.025895002379865088,0.025895002379865088
so,W10p0,9,17,0.02574876732502138,0.02574876732502138
so,W40p0,6,16,0.025382500633836427,0.025382500633836427
thetao,W20p0,1,14,0.025161767925608057,0.025161767925608057
thetao,W10p0,5,17,-0.025105759800939327,0.025105759800939327
so,W20p0,9,16,0.025054654746415325,0.025054654746415325
thetao,W60p0,4,3,-0.02502570416174212,0.02502570416174212
so,W20p0,5,18,-0.02480366313881418,0.02480366313881418
so,W10p0,10,4,-0.024798573041992282,0.024798573041992282
so,W30p0,8,20,0.02478335212729368,0.02478335212729368
thetao,W30p0,5,16,-0.024630590156716266,0.024630590156716266
so,W10p0,3,5,0.02450405174664847,0.02450405174664847
so,W10p0,8,19,-0.024320896594915473,0.024320896594915473
so,W30p0,6,14,0.02429896226060548,0.02429896226060548
thetao,W40p0,7,14,0.024116152949881932,0.024116152949881932
thetao,W60p0,2,15,0.023977685950824973,0.023977685950824973
so,W40p0,1,9,-0.023755066654720942,0.023755066654720942
thetao,W60p0,7,2,-0.02369109620380512,0.02369109620380512
so,W10p0,2,10,0.023655651418815465,0.023655651418815465
so,W20p0,8,14,-0.023644802313377337,0.023644802313377337
thetao,W10p0,5,6,-0.0235201515983489,0.0235201515983489
thetao,W30p0,3,14,0.023471155401513948,0.023471155401513948
thetao,W10p0,5,15,-0.023265210783402362,0.023265210783402362
thetao,W20p0,9,1,-0.0229695287259945,0.0229695287259945
thetao,W10p0,8,1,0.02295415277708902,0.02295415277708902
thetao,W10p0,3,4,0.022774879455904378,0.022774879455904378
thetao,W10p0,9,20,-0.022755750525512174,0.022755750525512174
so,W40p0,6,17,0.022754041154979626,0.022754041154979626
so,W20p0,9,15,0.022639375883446253,0.022639375883446253
so,W60p0,7,8,-0.022435510324290853,0.022435510324290853
so,W30p0,8,17,-0.022426956409282255,0.022426956409282255
so,W10p0,3,2,-0.02230033168560154,0.02230033168560154
so,W20p0,4,1,-0.022256546552715046,0.022256546552715046
so,W20p0,9,14,0.022214359313902445,0.022214359313902445
so,W60p0,8,8,-0.022148981487622316,0.022148981487622316
thetao,W60p0,3,10,-0.022091953350316648,0.022091953350316648
so,W40p0,2,16,-0.02208298230615902,0.02208298230615902
thetao,W30p0,7,7,0.022064225005547992,0.022064225005547992
so,W60p0,8,9,-0.022060282160595204,0.022060282160595204
so,W60p0,8,19,-0.022036348137249976,0.022036348137249976
so,W40p0,9,14,-0.022026998858320473,0.022026998858320473
thetao,W30p0,5,14,-0.022005188420704223,0.022005188420704223
so,W10p0,8,18,0.02191661785062246,0.02191661785062246
so,W30p0,6,16,-0.02180244348934963,0.02180244348934963
thetao,W40p0,7,18,-0.021624042279564864,0.021624042279564864
thetao,W10p0,3,6,-0.021611380435650453,0.021611380435650453
thetao,W10p0,10,10,-0.021580182605532374,0.021580182605532374
thetao,W20p0,10,15,-0.021139155237908196,0.021139155237908196
thetao,W20p0,4,3,0.021102276549892964,0.021102276549892964
so,W30p0,6,3,-0.02096088834130392,0.02096088834130392
thetao,W60p0,1,0,-0.02090731154366049,0.02090731154366049
thetao,W10p0,3,19,-0.02075274659681316,0.02075274659681316
so,W10p0,8,9,0.02066483043080211,0.02066483043080211
so,W10p0,4,13,-0.020630338407886264,0.020630338407886264
thetao,W20p0,4,9,-0.02061217051401518,0.02061217051401518
thetao,W10p0,5,10,0.020436008143137556,0.020436008143137556
thetao,W40p0,2,13,0.020386698612879187,0.020386698612879187
thetao,W40p0,7,3,-0.020284286424227815,0.020284286424227815
so,W20p0,2,6,0.020256772967404125,0.020256772967404125
thetao,W40p0,4,12,-0.02021811367111296,0.02021811367111296
so,W40p0,3,0,-0.020030303325854818,0.020030303325854818
thetao,W10p0,5,13,0.020025746826435462,0.020025746826435462
thetao,W30p0,2,3,0.019950680064557396,0.019950680064557396
so,W40p0,9,12,0.019878478919739397,0.019878478919739397
so,W20p0,5,3,0.01981718549191199,0.01981718549191199
thetao,W40p0,5,7,-0.019716207370818237,0.019716207370818237
so,W60p0,10,10,0.019692338995196255,0.019692338995196255
thetao,W60p0,7,1,0.019656235743539075,0.019656235743539075
so,W20p0,5,9,-0.019331975088681286,0.019331975088681286
so,W40p0,8,13,0.019299074576258898,0.019299074576258898
thetao,W40p0,10,17,-0.019281601067570955,0.019281601067570955
thetao,W10p0,7,3,0.019194114740788585,0.019194114740788585
so,W10p0,4,12,-0.01913943836260361,0.01913943836260361
thetao,W40p0,7,20,-0.019115188037035588,0.019115188037035588
thetao,W30p0,7,11,-0.018993441853583412,0.018993441853583412
so,W60p0,3,5,0.01858865596783906,0.01858865596783906
so,W10p0,9,18,0.01858801510245822,0.01858801510245822
so,W10p0,3,6,-0.018538551120679186,0.018538551120679186
so,W40p0,10,0,-0.018493261414942154,0.018493261414942154
so,W30p0,2,13,0.018379627709851673,0.018379627709851673
thetao,W20p0,7,17,-0.018364106164905362,0.018364106164905362
so,W30p0,10,17,0.018257499407651645,0.018257499407651645
thetao,W20p0,1,13,-0.018229705865665864,0.018229705865665864
thetao,W40p0,7,4,0.018083202850634948,0.018083202850634948
thetao,W60p0,4,8,-0.018081096628356552,0.018081096628356552
thetao,W40p0,7,16,-0.017997795577040065,0.017997795577040065
so,W40p0,9,16,0.017985400113146734,0.017985400113146734
thetao,W60p0,9,9,-0.017913313216584806,0.017913313216584806
so,W30p0,8,0,-0.01791135446075463,0.01791135446075463
thetao,W40p0,4,19,0.017872555683786102,0.017872555683786102
thetao,W20p0,4,15,0.01764137295908686,0.01764137295908686
so,W60p0,4,19,0.017601377461910213,0.017601377461910213
so,W10p0,6,17,-0.017542234320631424,0.017542234320631424
so,W60p0,3,12,-0.017513015383313957,0.017513015383313957
thetao,W60p0,4,1,-0.01727439860024047,0.01727439860024047
thetao,W30p0,3,8,0.01721369416333571,0.01721369416333571
thetao,W30p0,2,19,0.01719630060896676,0.01719630060896676
so,W20p0,4,15,-0.016999440197624015,0.016999440197624015
so,W60p0,8,13,0.01678170134833604,0.01678170134833604
thetao,W30p0,1,13,-0.01673018880141355,0.01673018880141355
thetao,W40p0,6,14,0.01661182541843508,0.01661182541843508
so,W60p0,5,4,0.01656919409579015,0.01656919409579015
so,W10p0,9,0,-0.016540751221135495,0.016540751221135495
thetao,W40p0,1,6,-0.01649027937807772,0.01649027937807772
so,W20p0,8,5,-0.016465388419615895,0.016465388419615895
so,W10p0,1,16,-0.016410100651931124,0.016410100651931124
so,W60p0,4,20,0.016385190841949258,0.016385190841949258
so,W30p0,7,17,-0.016361471420692438,0.016361471420692438
thetao,W60p0,6,9,0.016279748304561085,0.016279748304561085
thetao,W60p0,8,13,-0.016242518271619,0.016242518271619
thetao,W20p0,4,4,0.016208508131287543,0.016208508131287543
so,W20p0,4,4,-0.016143008676816624,0.016143008676816624
so,W10p0,3,16,0.015983757956582394,0.015983757956582394
thetao,W40p0,4,13,0.015863822509073325,0.015863822509073325
thetao,W40p0,10,18,-0.015814566280597117,0.015814566280597117
thetao,W60p0,1,10,0.015609850553512508,0.015609850553512508
so,W30p0,4,3,0.015439594459507041,0.015439594459507041
thetao,W20p0,10,13,-0.015244181257265602,0.015244181257265602
thetao,W30p0,2,11,-0.01520061388573312,0.01520061388573312
thetao,W10p0,10,18,-0.015197360723319288,0.015197360723319288
thetao,W10p0,5,11,0.01505850578741335,0.01505850578741335
so,W40p0,5,9,0.015050950124024754,0.015050950124024754
thetao,W40p0,9,12,-0.015011094611633179,0.015011094611633179
thetao,W30p0,5,5,-0.014925906008384119,0.014925906008384119
so,W60p0,2,11,0.014855139475330206,0.014855139475330206
so,W10p0,9,4,0.014840440115845345,0.014840440115845345
thetao,W60p0,1,3,0.014648205575103693,0.014648205575103693
so,W60p0,1,17,0.014602773476325414,0.014602773476325414
so,W60p0,9,5,0.01456417953052243,0.01456417953052243
thetao,W60p0,4,5,-0.014546192014091571,0.014546192014091571
so,W20p0,2,1,-0.014352998658786285,0.014352998658786285
thetao,W60p0,3,3,0.014344620656601866,0.014344620656601866
thetao,W30p0,9,5,-0.01432440010502784,0.01432440010502784
so,W30p0,2,9,-0.014177988593014735,0.014177988593014735
thetao,W30p0,8,11,-0.013891179849368775,0.013891179849368775
so,W40p0,2,15,-0.013623953232761233,0.013623953232761233
thetao,W60p0,7,9,-0.013482536405134332,0.013482536405134332
so,W10p0,9,20,0.013344147128163873,0.013344147128163873
thetao,W30p0,2,2,-0.01333164726860158,0.01333164726860158
so,W60p0,8,7,-0.013214312265375559,0.013214312265375559
thetao,W40p0,6,8,-0.013188623918593762,0.013188623918593762
so,W60p0,10,13,-0.013160578188006583,0.013160578188006583
so,W30p0,8,16,0.013115738019646337,0.013115738019646337
so,W60p0,10,5,0.01311498894635688,0.01311498894635688
thetao,W60p0,4,7,0.013104097340799814,0.013104097340799814
thetao,W20p0,2,14,-0.012879089602818123,0.012879089602818123
so,W10p0,4,5,-0.012860530567995467,0.012860530567995467
so,W20p0,7,12,0.012839939491952891,0.012839939491952891
so,W20p0,5,7,-0.01282999724624105,0.01282999724624105
thetao,W20p0,8,11,0.012752324949795899,0.012752324949795899
so,W10p0,5,4,-0.012549623902909193,0.012549623902909193
so,W20p0,10,17,-0.012365004254704194,0.012365004254704194
so,W20p0,9,20,0.01235080446788236,0.01235080446788236
thetao,W60p0,7,0,0.012306528132600131,0.012306528132600131
thetao,W10p0,3,5,-0.012302758665158514,0.012302758665158514
so,W30p0,8,19,-0.012294544425807732,0.012294544425807732
so,W60p0,6,1,-0.01188871774766415,0.01188871774766415
so,W40p0,6,18,-0.011884663422675475,0.011884663422675475
thetao,W30p0,2,8,0.011761839832273984,0.011761839832273984
thetao,W30p0,2,12,-0.011733279895449712,0.011733279895449712
thetao,W40p0,8,11,-0.01165544445189292,0.01165544445189292
so,W20p0,9,19,-0.011587820629746979,0.011587820629746979
thetao,W30p0,10,11,0.011522825237012967,0.011522825237012967
thetao,W30p0,7,3,-0.011166989696734724,0.011166989696734724
so,W40p0,5,15,-0.011138593858636955,0.011138593858636955
so,W60p0,9,15,0.010969945499796319,0.010969945499796319
thetao,W30p0,2,9,-0.010962027217472836,0.010962027217472836
thetao,W10p0,2,9,0.010881827539874897,0.010881827539874897
so,W40p0,2,14,0.010866400926066461,0.010866400926066461
so,W40p0,9,15,-0.01081548360169877,0.01081548360169877
thetao,W30p0,7,12,0.01059374919906775,0.01059374919906775
so,W20p0,9,3,0.010575195877388342,0.010575195877388342
so,W30p0,2,8,0.010551914697471809,0.010551914697471809
thetao,W30p0,4,9,-0.010549014250340985,0.010549014250340985
so,W20p0,1,0,0.010509214285698688,0.010509214285698688
so,W30p0,4,14,-0.010431008836144078,0.010431008836144078
thetao,W10p0,7,9,-0.010387833835511744,0.010387833835511744
thetao,W10p0,2,10,0.010248772295762203,0.010248772295762203
thetao,W30p0,1,0,0.010240040022770113,0.010240040022770113
thetao,W10p0,10,13,0.010030450178424955,0.010030450178424955
thetao,W20p0,10,19,0.00975691954812142,0.00975691954812142
so,W40p0,1,8,-0.009735697069320794,0.009735697069320794
so,W30p0,1,2,-0.009648715427992971,0.009648715427992971
thetao,W20p0,1,8,0.009641383782937689,0.009641383782937689
so,W30p0,9,5,-0.009400032391459518,0.009400032391459518
thetao,W30p0,10,14,-0.009366987897373781,0.009366987897373781
thetao,W20p0,8,12,0.009355262171534153,0.009355262171534153
thetao,W20p0,9,19,0.009323301202868601,0.009323301202868601
thetao,W30p0,9,8,-0.009248949744182685,0.009248949744182685
thetao,W30p0,4,10,0.009189073947367706,0.009189073947367706
thetao,W10p0,2,8,0.009120935219458004,0.009120935219458004
thetao,W60p0,1,4,-0.009106074052868082,0.009106074052868082
thetao,W10p0,6,10,-0.009023869227299535,0.009023869227299535
so,W10p0,7,10,-0.008961691029811203,0.008961691029811203
thetao,W40p0,5,6,0.008819478660557224,0.008819478660557224
so,W60p0,4,7,0.008673698563797547,0.008673698563797547
thetao,W10p0,1,14,-0.008617383393518925,0.008617383393518925
thetao,W60p0,10,8,-0.008457689885083665,0.008457689885083665
so,W20p0,8,16,-0.008394825939718322,0.008394825939718322
so,W60p0,9,16,0.00839449940130638,0.00839449940130638
so,W60p0,6,4,0.008338423333822155,0.008338423333822155
thetao,W20p0,8,13,-0.008006252432209962,0.008006252432209962
thetao,W30p0,10,4,-0.007828694218869532,0.007828694218869532
thetao,W20p0,4,10,0.007615170303023248,0.007615170303023248
so,W60p0,3,11,-0.007373207367445366,0.007373207367445366
thetao,W60p0,1,5,0.007175755504063321,0.007175755504063321
so,W20p0,9,17,-0.007061332819133737,0.007061332819133737
so,W20p0,9,0,0.006977155697256961,0.006977155697256961
thetao,W20p0,9,3,-0.006900738468479712,0.006900738468479712
thetao,W10p0,2,13,-0.006806821437181682,0.006806821437181682
thetao,W30p0,5,15,0.00671827404876728,0.00671827404876728
so,W20p0,7,11,0.006685772254478437,0.006685772254478437
so,W30p0,7,14,0.006487318558369186,0.006487318558369186
thetao,W40p0,1,7,-0.006353130421438386,0.006353130421438386
thetao,W10p0,7,2,-0.006344481062734737,0.006344481062734737
thetao,W10p0,3,16,0.006254802046676086,0.006254802046676086
thetao,W40p0,5,4,-0.006212117996329974,0.006212117996329974
thetao,W30p0,7,0,-0.006168201562441764,0.006168201562441764
thetao,W40p0,7,17,0.005658535007389752,0.005658535007389752
so,W60p0,3,4,-0.005520750016004782,0.005520750016004782
thetao,W10p0,5,16,-0.00526616427183702,0.00526616427183702
thetao,W20p0,9,2,-0.00525651775721116,0.00525651775721116
so,W40p0,1,7,-0.005093639203362281,0.005093639203362281
thetao,W20p0,3,1,-0.00489802051546216,0.00489802051546216
so,W40p0,3,10,-0.004828685122839491,0.004828685122839491
so,W10p0,6,16,0.004627939789028184,0.004627939789028184
so,W10p0,3,4,0.004548831619606573,0.004548831619606573
so,W40p0,9,13,0.004420205172216756,0.004420205172216756
so,W40p0,8,0,-0.004182944169291457,0.004182944169291457
so,W40p0,9,11,-0.00414809704271637,0.00414809704271637
thetao,W60p0,4,16,0.004109849954244773,0.004109849954244773
so,W30p0,10,8,0.00407837930262706,0.00407837930262706
so,W40p0,8,7,-0.004060840069780337,0.004060840069780337
so,W30p0,6,8,0.0037831765533126956,0.0037831765533126956
thetao,W20p0,7,10,-0.003563389086844685,0.003563389086844685
so,W60p0,8,20,0.0035284865287973748,0.0035284865287973748
so,W20p0,8,15,0.0034569524745917037,0.0034569524745917037
so,W60p0,5,19,0.003436967600485627,0.003436967600485627
thetao,W60p0,7,7,0.0033778170878217416,0.0033778170878217416
so,W30p0,1,1,-0.0033488625774584888,0.0033488625774584888
so,W20p0,3,19,-0.003296217684420158,0.003296217684420158
thetao,W10p0,9,5,-0.003070051143275679,0.003070051143275679
so,W20p0,8,4,-0.0030392212908413145,0.0030392212908413145
so,W30p0,9,19,0.0029951070117726413,0.0029951070117726413
thetao,W40p0,6,7,0.002992251816748923,0.002992251816748923
so,W10p0,4,11,-0.0029561737610695115,0.0029561737610695115
so,W40p0,5,4,-0.002824903738242495,0.002824903738242495
thetao,W10p0,9,16,-0.0027252994271856146,0.0027252994271856146
so,W40p0,8,14,0.002660952010892156,0.002660952010892156
thetao,W40p0,9,5,-0.0026375375510577104,0.0026375375510577104
thetao,W60p0,2,14,-0.0024020179979143937,0.0024020179979143937
thetao,W40p0,4,4,-0.002374031366601194,0.002374031366601194
so,W30p0,4,15,-0.0020396786094731114,0.0020396786094731114
so,W20p0,6,6,0.001955649754266379,0.001955649754266379
thetao,W10p0,7,20,0.001902151544665336,0.001902151544665336
so,W40p0,5,13,0.0018781115521666893,0.0018781115521666893
so,W10p0,2,4,0.001818235062928361,0.001818235062928361
thetao,W30p0,7,1,0.0018045789087660037,0.0018045789087660037
thetao,W30p0,3,10,0.001743225452131307,0.001743225452131307
so,W10p0,6,9,-0.0017036757844388984,0.0017036757844388984
thetao,W30p0,8,17,0.0016110381285871667,0.0016110381285871667
thetao,W60p0,8,10,0.001529307181779682,0.001529307181779682
so,W40p0,4,0,0.001327234998318738,0.001327234998318738
thetao,W30p0,2,4,0.0013065278581928202,0.0013065278581928202
so,W20p0,9,1,0.001286979414557243,0.001286979414557243
so,W60p0,10,8,-0.0012105606247475495,0.0012105606247475495
so,W60p0,10,6,-0.0011410658453278027,0.0011410658453278027
so,W60p0,3,16,-0.001129199612434378,0.001129199612434378
so,W20p0,8,0,-0.0011091574621937366,0.0011091574621937366
so,W10p0,8,11,-0.000971910520203131,0.000971910520203131
thetao,W10p0,8,11,0.0009025926518456656,0.0009025926518456656
thetao,W40p0,3,16,0.0008969399914992205,0.0008969399914992205
thetao,W30p0,10,13,0.0008886121932391326,0.0008886121932391326
so,W30p0,4,9,0.0007494908384024166,0.0007494908384024166
so,W20p0,2,7,0.0005711570374057361,0.0005711570374057361
thetao,W10p0,7,1,-0.0005296845624400198,0.0005296845624400198
thetao,W10p0,5,12,-0.0005145794081674196,0.0005145794081674196
thetao,W40p0,4,11,0.00046067045582508107,0.00046067045582508107
so,W40p0,5,14,-0.0004171872566583331,0.0004171872566583331
thetao,W20p0,6,19,-0.00032347799519195973,0.00032347799519195973
so,W60p0,3,10,0.0003068340413601408,0.0003068340413601408
thetao,W10p0,8,0,-0.00030272349535512895,0.00030272349535512895
thetao,W10p0,1,6,0.00020440453021646315,0.00020440453021646315
so,W40p0,4,6,-0.00012236032587032946,0.00012236032587032946
thetao,W10p0,8,13,-1.3696828313053305e-05,1.3696828313053305e-05
