var,lon_tag,mode,lag,corr,abs_corr
thetao,W60p0,2,0,-0.7992226322104039,0.7992226322104039
thetao,W60p0,2,1,-0.7532866270386434,0.7532866270386434
thetao,W40p0,3,0,0.7517089075756568,0.7517089075756568
thetao,W60p0,2,2,-0.7289451121402729,0.7289451121402729
so,W30p0,1,11,-0.7223489492408944,0.7223489492408944
so,W30p0,1,5,-0.7107323607738604,0.7107323607738604
so,W30p0,1,10,-0.7093113070402505,0.7093113070402505
so,W30p0,1,12,-0.7014438510711533,0.7014438510711533
thetao,W60p0,2,3,-0.6973944270754423,0.6973944270754423
so,W30p0,1,4,-0.6956035101659294,0.6956035101659294
so,W30p0,1,7,-0.6932318596531171,0.6932318596531171
so,W30p0,1,9,-0.6923194106893006,0.6923194106893006
thetao,W10p0,2,16,0.6897957386969226,0.6897957386969226
thetao,W10p0,2,15,0.6881423755544455,0.6881423755544455
thetao,W10p0,2,8,0.6810672154677706,0.6810672154677706
so,W30p0,1,8,-0.6808824066682924,0.6808824066682924
so,W30p0,1,6,-0.6805116929171091,0.6805116929171091
so,W30p0,1,13,-0.6791550637567028,0.6791550637567028
thetao,W10p0,2,9,0.677855129186872,0.677855129186872
thetao,W10p0,2,17,0.6738434019304459,0.6738434019304459
so,W30p0,1,3,-0.6708844503764726,0.6708844503764726
so,W40p0,1,7,-0.669124032220251,0.669124032220251
thetao,W10p0,2,14,0.6678186065957445,0.6678186065957445
thetao,W10p0,2,10,0.6673331365458169,0.6673331365458169
thetao,W10p0,2,7,0.6660759745501046,0.6660759745501046
so,W30p0,1,14,-0.6642883262637364,0.6642883262637364
thetao,W10p0,2,11,0.6586538878285667,0.6586538878285667
so,W40p0,1,8,-0.658276621101522,0.658276621101522
thetao,W10p0,2,12,0.65790898165268,0.65790898165268
thetao,W10p0,2,18,0.6570839252662586,0.6570839252662586
thetao,W10p0,1,8,-0.655024931517528,0.655024931517528
thetao,W60p0,2,4,-0.6548457657821772,0.6548457657821772
so,W40p0,1,6,-0.6489266842402259,0.6489266842402259
so,W60p0,1,20,0.6483570128807135,0.6483570128807135
so,W60p0,1,19,0.645963566501705,0.645963566501705
thetao,W10p0,2,13,0.6455353355298139,0.6455353355298139
so,W40p0,1,5,-0.6446667901695778,0.6446667901695778
so,W10p0,2,12,0.6443794448279175,0.6443794448279175
so,W10p0,2,11,0.6415920784690612,0.6415920784690612
thetao,W30p0,1,11,-0.6384835679073547,0.6384835679073547
thetao,W10p0,1,7,-0.6384662589600304,0.6384662589600304
thetao,W10p0,2,6,0.6333408625615614,0.6333408625615614
thetao,W30p0,1,12,-0.6317609733891651,0.6317609733891651
thetao,W60p0,2,5,-0.6305473231494069,0.6305473231494069
thetao,W10p0,1,6,-0.6281988930715977,0.6281988930715977
thetao,W30p0,1,10,-0.6279332801628801,0.6279332801628801
so,W60p0,1,1,0.6278349084950348,0.6278349084950348
so,W30p0,1,2,-0.626764774399737,0.626764774399737
thetao,W10p0,1,9,-0.6264014315938524,0.6264014315938524
so,W20p0,4,4,0.6226322985295367,0.6226322985295367
so,W40p0,2,20,0.621788371892134,0.621788371892134
so,W10p0,2,13,0.6212319030142306,0.6212319030142306
so,W20p0,4,3,0.6169306523242071,0.6169306523242071
so,W60p0,1,2,0.6165626974531349,0.6165626974531349
so,W40p0,1,9,-0.6163058505255505,0.6163058505255505
so,W60p0,1,3,0.6155375466385146,0.6155375466385146
thetao,W20p0,2,9,-0.6153540258194877,0.6153540258194877
so,W60p0,1,18,0.6146681177082132,0.6146681177082132
thetao,W10p0,1,5,-0.6145386321100472,0.6145386321100472
thetao,W40p0,3,1,0.6119008980728773,0.6119008980728773
thetao,W20p0,2,10,-0.6091463356207504,0.6091463356207504
thetao,W60p0,2,6,-0.6083706251365028,0.6083706251365028
thetao,W20p0,2,8,-0.6079361658578116,0.6079361658578116
so,W60p0,1,0,0.607271646326767,0.607271646326767
thetao,W10p0,2,5,0.6052190062701529,0.6052190062701529
thetao,W10p0,2,19,0.6049671676669649,0.6049671676669649
so,W10p0,2,10,0.6031305444921055,0.6031305444921055
so,W30p0,1,15,-0.602322831050319,0.602322831050319
so,W40p0,3,0,-0.5992733695221132,0.5992733695221132
thetao,W10p0,1,4,-0.5988577537900147,0.5988577537900147
thetao,W10p0,2,0,0.5968656702300079,0.5968656702300079
so,W20p0,4,5,0.5950446237947143,0.5950446237947143
so,W10p0,2,14,0.5947170269461302,0.5947170269461302
thetao,W20p0,2,11,-0.5943018213932172,0.5943018213932172
thetao,W10p0,2,1,0.592984124590338,0.592984124590338
so,W60p0,1,10,0.5926654612402141,0.5926654612402141
thetao,W30p0,1,9,-0.5921638429795301,0.5921638429795301
so,W60p0,1,4,0.5915243469648868,0.5915243469648868
so,W60p0,1,12,0.5907031204517236,0.5907031204517236
so,W60p0,1,11,0.5883432932861445,0.5883432932861445
so,W40p0,1,4,-0.5870997983334816,0.5870997983334816
so,W40p0,1,10,-0.5867898878710954,0.5867898878710954
thetao,W60p0,2,7,-0.5866330713327451,0.5866330713327451
so,W20p0,2,11,0.5860821706744253,0.5860821706744253
thetao,W30p0,6,0,0.5854565255804245,0.5854565255804245
thetao,W40p0,3,2,0.5845849914913411,0.5845849914913411
thetao,W20p0,2,12,-0.583089167135322,0.583089167135322
thetao,W30p0,1,13,-0.5823571773347096,0.5823571773347096
thetao,W10p0,1,10,-0.5805833804070035,0.5805833804070035
so,W10p0,1,0,-0.5789218949468985,0.5789218949468985
thetao,W20p0,2,0,-0.5788149574307262,0.5788149574307262
so,W40p0,10,4,-0.5785351157603158,0.5785351157603158
thetao,W10p0,1,3,-0.5770099013438335,0.5770099013438335
thetao,W10p0,2,2,0.5762817609111193,0.5762817609111193
thetao,W30p0,1,8,-0.5753011953837149,0.5753011953837149
so,W60p0,1,9,0.5740172363629175,0.5740172363629175
so,W40p0,10,5,-0.5730359156122923,0.5730359156122923
so,W60p0,1,8,0.5717960985493282,0.5717960985493282
so,W60p0,1,5,0.5713064963541042,0.5713064963541042
thetao,W10p0,2,20,0.5710786625296184,0.5710786625296184
thetao,W10p0,2,3,0.5707460967493372,0.5707460967493372
so,W40p0,2,19,0.5701552694943125,0.5701552694943125
so,W20p0,2,10,0.5701093130242474,0.5701093130242474
thetao,W60p0,2,8,-0.5697820121365198,0.5697820121365198
so,W30p0,1,1,-0.5685887271891082,0.5685887271891082
so,W30p0,1,16,-0.5684423181142473,0.5684423181142473
so,W20p0,1,0,-0.566721773502671,0.566721773502671
so,W20p0,2,12,0.5664522956671436,0.5664522956671436
so,W10p0,2,15,0.5648369242892426,0.5648369242892426
thetao,W40p0,1,6,-0.5644899442803295,0.5644899442803295
so,W40p0,1,14,-0.5644100993780711,0.5644100993780711
so,W40p0,1,11,-0.5623600964811629,0.5623600964811629
thetao,W30p0,6,1,0.5622417931283454,0.5622417931283454
so,W10p0,2,16,0.561408562621967,0.561408562621967
thetao,W10p0,2,4,0.5580490007469654,0.5580490007469654
so,W60p0,1,17,0.5573728584624179,0.5573728584624179
thetao,W20p0,2,7,-0.5570385575231258,0.5570385575231258
thetao,W40p0,1,7,-0.5560574477806419,0.5560574477806419
so,W60p0,1,13,0.5540858171727574,0.5540858171727574
so,W60p0,1,7,0.5537791425443156,0.5537791425443156
thetao,W40p0,1,8,-0.5534860326715813,0.5534860326715813
thetao,W10p0,1,2,-0.5521107158370938,0.5521107158370938
so,W10p0,2,17,0.5520388143188215,0.5520388143188215
so,W60p0,1,6,0.5497332812408541,0.5497332812408541
so,W10p0,4,9,-0.5490937946799082,0.5490937946799082
thetao,W30p0,1,7,-0.5490523246224676,0.5490523246224676
so,W20p0,2,20,0.5476355030310049,0.5476355030310049
so,W10p0,2,18,0.5473656405734088,0.5473656405734088
thetao,W30p0,6,2,0.5468101823684309,0.5468101823684309
thetao,W40p0,3,20,0.5467472283138105,0.5467472283138105
thetao,W30p0,1,14,-0.5451857707714538,0.5451857707714538
so,W10p0,2,9,0.54510599717432,0.54510599717432
so,W10p0,4,10,-0.5437432943046595,0.5437432943046595
thetao,W60p0,2,9,-0.5429836893608249,0.5429836893608249
so,W60p0,1,15,0.5429453923837149,0.5429453923837149
thetao,W40p0,1,5,-0.5422338377607521,0.5422338377607521
so,W20p0,1,7,-0.542222652518708,0.542222652518708
so,W60p0,1,16,0.5414942876019598,0.5414942876019598
so,W20p0,2,13,0.5405025262789489,0.5405025262789489
so,W10p0,2,19,0.5399417605307653,0.5399417605307653
thetao,W30p0,1,4,-0.539629976810601,0.539629976810601
so,W40p0,1,3,-0.5390984902621094,0.5390984902621094
thetao,W10p0,1,11,-0.5389233829946591,0.5389233829946591
thetao,W30p0,1,5,-0.5386738478520466,0.5386738478520466
so,W60p0,1,14,0.5384548270585389,0.5384548270585389
thetao,W10p0,1,1,-0.5380582119206974,0.5380582119206974
so,W20p0,1,6,-0.5370544315978271,0.5370544315978271
thetao,W20p0,2,13,-0.5358640540191374,0.5358640540191374
so,W40p0,1,13,-0.5356172315230701,0.5356172315230701
thetao,W20p0,2,15,-0.5355170731051299,0.5355170731051299
so,W10p0,2,20,0.5355119367842696,0.5355119367842696
thetao,W30p0,1,6,-0.5350788830929128,0.5350788830929128
so,W20p0,2,9,0.5347892187403418,0.5347892187403418
thetao,W20p0,2,16,-0.5341617003993958,0.5341617003993958
so,W40p0,10,6,-0.5338157850709316,0.5338157850709316
thetao,W40p0,4,0,-0.5319811902440452,0.5319811902440452
thetao,W30p0,1,3,-0.5311691071996132,0.5311691071996132
thetao,W60p0,2,10,-0.5279834335878242,0.5279834335878242
so,W40p0,2,17,0.5271542193994497,0.5271542193994497
so,W20p0,2,19,0.5268876900736947,0.5268876900736947
thetao,W40p0,1,9,-0.5266319577782261,0.5266319577782261
so,W40p0,2,11,0.5261088807956252,0.5261088807956252
so,W40p0,1,12,-0.5258549893966885,0.5258549893966885
so,W20p0,1,8,-0.5256807368175359,0.5256807368175359
thetao,W20p0,2,1,-0.5240272039364657,0.5240272039364657
so,W20p0,4,2,0.523322030284315,0.523322030284315
so,W40p0,2,18,0.5229348137448336,0.5229348137448336
so,W40p0,2,10,0.5226218227567423,0.5226218227567423
thetao,W40p0,3,3,0.5219730963848528,0.5219730963848528
thetao,W20p0,2,14,-0.521794063100922,0.521794063100922
thetao,W20p0,2,6,-0.5216666076393566,0.5216666076393566
so,W40p0,10,3,-0.5215829280067498,0.5215829280067498
so,W10p0,4,8,-0.520842070043883,0.520842070043883
so,W30p0,1,17,-0.5195121191074294,0.5195121191074294
so,W40p0,10,2,-0.5192412547905204,0.5192412547905204
thetao,W10p0,1,0,-0.5190946763001156,0.5190946763001156
so,W40p0,2,9,0.518786038690258,0.518786038690258
thetao,W40p0,3,18,0.5178151269102069,0.5178151269102069
so,W40p0,1,15,-0.5175454770702331,0.5175454770702331
so,W20p0,1,1,-0.5167831256079295,0.5167831256079295
thetao,W40p0,5,1,-0.5156355020401351,0.5156355020401351
thetao,W20p0,1,3,0.5152627793183506,0.5152627793183506
so,W10p0,1,1,-0.5150263110343213,0.5150263110343213
so,W60p0,10,0,0.5149598866701885,0.5149598866701885
thetao,W40p0,5,2,-0.5138046064528543,0.5138046064528543
so,W10p0,2,8,0.5135729426787682,0.5135729426787682
thetao,W10p0,1,12,-0.5129288360640439,0.5129288360640439
thetao,W40p0,4,1,-0.5126250761124805,0.5126250761124805
thetao,W40p0,5,0,-0.5119926845691383,0.5119926845691383
so,W20p0,2,18,0.5116995862929101,0.5116995862929101
so,W20p0,4,13,0.5114154204214673,0.5114154204214673
thetao,W40p0,3,19,0.511045593363689,0.511045593363689
so,W10p0,1,2,-0.5103742468846386,0.5103742468846386
so,W30p0,1,18,-0.5101966212309453,0.5101966212309453
so,W20p0,4,6,0.5091456640575118,0.5091456640575118
thetao,W20p0,2,2,-0.5069865071904458,0.5069865071904458
thetao,W20p0,2,17,-0.5067702123693746,0.5067702123693746
thetao,W40p0,4,2,-0.5058426967477282,0.5058426967477282
thetao,W40p0,1,4,-0.5056065254275557,0.5056065254275557
so,W40p0,2,12,0.5054859956813521,0.5054859956813521
so,W30p0,2,0,0.5053305792715562,0.5053305792715562
thetao,W20p0,1,2,0.5046726976435075,0.5046726976435075
so,W40p0,2,2,0.5027542103667368,0.5027542103667368
thetao,W30p0,1,2,-0.5016799408513406,0.5016799408513406
so,W20p0,2,14,0.5015067897983132,0.5015067897983132
so,W10p0,4,11,-0.5004659896415453,0.5004659896415453
so,W10p0,1,3,-0.5002405243826902,0.5002405243826902
so,W10p0,2,4,0.500114232292663,0.500114232292663
so,W10p0,2,5,0.4991054049286369,0.4991054049286369
thetao,W30p0,6,3,0.4989946722783727,0.4989946722783727
so,W40p0,10,7,-0.49860586091449544,0.49860586091449544
so,W20p0,4,14,0.49680051031677624,0.49680051031677624
so,W40p0,3,1,-0.4961227243248952,0.4961227243248952
thetao,W40p0,4,3,-0.49603109999195155,0.49603109999195155
so,W30p0,1,19,-0.4954402646357423,0.4954402646357423
thetao,W60p0,2,11,-0.49528147514140963,0.49528147514140963
thetao,W40p0,4,4,-0.49474513181577223,0.49474513181577223
so,W20p0,2,8,0.49471215491552134,0.49471215491552134
thetao,W60p0,2,18,-0.49364548760410654,0.49364548760410654
so,W10p0,2,6,0.49252048335303283,0.49252048335303283
thetao,W40p0,6,0,-0.49230827967694274,0.49230827967694274
thetao,W20p0,2,3,-0.49130304028168054,0.49130304028168054
so,W20p0,1,5,-0.4911540081858259,0.4911540081858259
so,W40p0,1,16,-0.4900054083265803,0.4900054083265803
so,W10p0,2,7,0.48982009728956677,0.48982009728956677
so,W40p0,3,2,-0.4895888039714871,0.4895888039714871
thetao,W40p0,3,17,0.4895542015662698,0.4895542015662698
thetao,W20p0,1,4,0.48934142082063525,0.48934142082063525
so,W40p0,2,13,0.48903949756161613,0.48903949756161613
so,W10p0,1,4,-0.48778682091265835,0.48778682091265835
thetao,W60p0,2,19,-0.4877756779850009,0.4877756779850009
thetao,W10p0,1,16,-0.48749742109201233,0.48749742109201233
so,W40p0,2,8,0.4856937615001246,0.4856937615001246
so,W20p0,2,16,0.4851367820504923,0.4851367820504923
so,W10p0,4,19,-0.4849219143348784,0.4849219143348784
thetao,W30p0,1,15,-0.4846574643177536,0.4846574643177536
so,W40p0,2,4,0.4841507982677211,0.4841507982677211
so,W10p0,4,2,-0.483309032975675,0.483309032975675
thetao,W10p0,1,14,-0.4828335371703703,0.4828335371703703
so,W40p0,2,16,0.4827485028744257,0.4827485028744257
so,W30p0,1,0,-0.4806807213862147,0.4806807213862147
so,W20p0,2,17,0.4802074350514281,0.4802074350514281
so,W40p0,2,1,0.47999223958752923,0.47999223958752923
so,W40p0,2,3,0.4798663176666624,0.4798663176666624
so,W20p0,4,7,0.4789753474591767,0.4789753474591767
so,W30p0,1,20,-0.47831181862785743,0.47831181862785743
thetao,W20p0,2,4,-0.47823244887365896,0.47823244887365896
so,W20p0,2,7,0.4780174224235346,0.4780174224235346
thetao,W40p0,1,10,-0.4768333843514235,0.4768333843514235
thetao,W40p0,5,3,-0.4762475884880674,0.4762475884880674
thetao,W20p0,2,5,-0.4756007176350584,0.4756007176350584
so,W10p0,2,3,0.47521249856037767,0.47521249856037767
so,W40p0,1,2,-0.4750377075859112,0.4750377075859112
so,W40p0,2,0,0.47473319587331453,0.47473319587331453
so,W10p0,4,7,-0.47326360178573795,0.47326360178573795
so,W20p0,2,3,0.47203309113722686,0.47203309113722686
thetao,W60p0,2,12,-0.47172431267849674,0.47172431267849674
thetao,W20p0,2,18,-0.4716021548135199,0.4716021548135199
thetao,W60p0,2,17,-0.47103602668173983,0.47103602668173983
so,W40p0,2,15,0.4709763146895613,0.4709763146895613
so,W10p0,4,1,-0.47060483313960183,0.47060483313960183
so,W40p0,10,1,-0.46958961146884615,0.46958961146884615
so,W20p0,2,4,0.469391961737348,0.469391961737348
so,W20p0,2,5,0.46752009456162463,0.46752009456162463
thetao,W10p0,1,17,-0.46701464243945023,0.46701464243945023
thetao,W40p0,1,14,-0.466318721835436,0.466318721835436
so,W20p0,4,12,0.4659452420559303,0.4659452420559303
thetao,W30p0,6,4,0.464553650121589,0.464553650121589
so,W10p0,4,20,-0.46416991017389925,0.46416991017389925
thetao,W40p0,3,4,0.4635967984543116,0.4635967984543116
so,W40p0,2,5,0.4631087231693871,0.4631087231693871
thetao,W10p0,1,15,-0.463026780711971,0.463026780711971
thetao,W30p0,1,1,-0.4627221799723663,0.4627221799723663
so,W20p0,4,1,0.4625601181477302,0.4625601181477302
so,W10p0,4,3,-0.46224020536826216,0.46224020536826216
thetao,W20p0,1,10,0.4619282545364075,0.4619282545364075
thetao,W60p0,2,16,-0.4619040964703399,0.4619040964703399
thetao,W40p0,4,5,-0.4616946337911192,0.4616946337911192
so,W40p0,1,1,-0.46159921770818196,0.46159921770818196
so,W20p0,4,16,0.46077352610685485,0.46077352610685485
thetao,W20p0,1,1,0.4604844695621986,0.4604844695621986
thetao,W20p0,1,5,0.46000065231457954,0.46000065231457954
so,W10p0,1,5,-0.45975912968804405,0.45975912968804405
so,W40p0,2,7,0.45910681058246955,0.45910681058246955
so,W20p0,4,15,0.45874002582092677,0.45874002582092677
so,W20p0,2,15,0.458142299188875,0.458142299188875
so,W40p0,2,14,0.4567573132982045,0.4567573132982045
thetao,W40p0,1,3,-0.45656500556201274,0.45656500556201274
so,W40p0,10,0,-0.45589921699468255,0.45589921699468255
thetao,W40p0,3,9,0.45588567161231147,0.45588567161231147
thetao,W40p0,3,8,0.45565694339458346,0.45565694339458346
so,W10p0,4,18,-0.4550721123729225,0.4550721123729225
so,W10p0,2,2,0.4542135574856179,0.4542135574856179
thetao,W10p0,1,13,-0.45317011154421066,0.45317011154421066
so,W20p0,1,9,-0.45263993640950967,0.45263993640950967
thetao,W40p0,1,13,-0.4526195490914391,0.4526195490914391
thetao,W60p0,2,15,-0.4523613343304803,0.4523613343304803
so,W20p0,1,2,-0.4491706013179926,0.4491706013179926
thetao,W60p0,2,20,-0.44854748722044113,0.44854748722044113
thetao,W40p0,1,15,-0.44757909513230437,0.44757909513230437
thetao,W40p0,1,11,-0.4474596219959378,0.4474596219959378
so,W40p0,2,6,0.4472774155065669,0.4472774155065669
so,W20p0,2,6,0.4469614853389525,0.4469614853389525
thetao,W20p0,1,9,0.446773894739502,0.446773894739502
thetao,W40p0,1,12,-0.4462651154906434,0.4462651154906434
thetao,W30p0,10,0,-0.4461639906027917,0.4461639906027917
so,W10p0,4,12,-0.4447021181131223,0.4447021181131223
thetao,W40p0,3,11,0.4446075607588316,0.4446075607588316
thetao,W40p0,3,10,0.44411404835921375,0.44411404835921375
so,W20p0,2,2,0.44287491119136296,0.44287491119136296
thetao,W40p0,5,4,-0.44237464636764656,0.44237464636764656
thetao,W60p0,2,13,-0.4420201696860014,0.4420201696860014
so,W10p0,1,13,-0.4417321010032185,0.4417321010032185
so,W20p0,4,11,0.4417071467064556,0.4417071467064556
thetao,W20p0,2,19,-0.4405499235428888,0.4405499235428888
so,W10p0,4,4,-0.44028388521103573,0.44028388521103573
so,W10p0,1,14,-0.4389251685164591,0.4389251685164591
thetao,W20p0,1,7,0.4387739251565342,0.4387739251565342
thetao,W60p0,2,14,-0.43762287542024486,0.43762287542024486
thetao,W40p0,3,7,0.4369527581642665,0.4369527581642665
so,W40p0,10,9,-0.43647887100122323,0.43647887100122323
thetao,W40p0,1,2,-0.43641215895900964,0.43641215895900964
thetao,W20p0,1,6,0.43633955581063716,0.43633955581063716
so,W10p0,1,6,-0.4358195163618031,0.4358195163618031
so,W20p0,1,4,-0.4339425314660419,0.4339425314660419
thetao,W20p0,1,11,0.43275362190865335,0.43275362190865335
thetao,W10p0,1,18,-0.43035965881023575,0.43035965881023575
so,W20p0,4,8,0.4300907562191521,0.4300907562191521
thetao,W40p0,1,1,-0.43003790337129866,0.43003790337129866
so,W30p0,2,19,0.429936922315981,0.429936922315981
so,W20p0,4,10,0.42794919609462995,0.42794919609462995
so,W40p0,10,10,-0.4279162964150908,0.4279162964150908
so,W10p0,4,6,-0.4274154636010728,0.4274154636010728
so,W10p0,4,5,-0.42695649880447983,0.42695649880447983
thetao,W30p0,1,16,-0.4231151000683084,0.4231151000683084
so,W40p0,10,8,-0.42144682820266227,0.42144682820266227
so,W30p0,3,0,0.4207147159954482,0.4207147159954482
thetao,W20p0,1,8,0.4195983267941489,0.4195983267941489
so,W20p0,1,3,-0.4186976161536711,0.4186976161536711
so,W10p0,2,1,0.4185853219410018,0.4185853219410018
so,W10p0,4,16,-0.4182298250474099,0.4182298250474099
thetao,W40p0,3,6,0.4174824859814045,0.4174824859814045
so,W10p0,1,12,-0.41573911600635494,0.41573911600635494
so,W10p0,4,17,-0.41261121369535686,0.41261121369535686
so,W20p0,4,0,0.4120836441280311,0.4120836441280311
thetao,W30p0,1,0,-0.41117857873707137,0.41117857873707137
thetao,W40p0,3,12,0.41102165220806514,0.41102165220806514
thetao,W40p0,1,0,-0.4105607999638819,0.4105607999638819
thetao,W40p0,1,16,-0.409136411076927,0.409136411076927
so,W30p0,2,1,0.40827296761995613,0.40827296761995613
thetao,W40p0,3,5,0.4078499838545585,0.4078499838545585
thetao,W30p0,10,4,-0.40655593252819433,0.40655593252819433
so,W30p0,2,17,0.40643944208306,0.40643944208306
thetao,W40p0,3,16,0.40640138776528784,0.40640138776528784
so,W10p0,1,15,-0.4061552014516284,0.4061552014516284
thetao,W30p0,6,5,0.40473712558990027,0.40473712558990027
so,W40p0,1,17,-0.4039732660129246,0.4039732660129246
so,W20p0,2,1,0.4036146964817726,0.4036146964817726
so,W20p0,1,10,-0.40345354295972374,0.40345354295972374
thetao,W10p0,4,0,0.40253447113861174,0.40253447113861174
so,W20p0,4,9,0.40245509593953743,0.40245509593953743
so,W30p0,2,20,0.40087837960217815,0.40087837960217815
so,W30p0,2,18,0.4006387070808169,0.4006387070808169
thetao,W20p0,9,3,-0.3995631805966367,0.3995631805966367
thetao,W20p0,2,20,-0.3991358780840409,0.3991358780840409
so,W10p0,4,14,-0.39912448992919375,0.39912448992919375
thetao,W40p0,3,15,0.39719555745438684,0.39719555745438684
so,W40p0,3,3,-0.3968823694510523,0.3968823694510523
so,W20p0,4,17,0.3965187549991059,0.3965187549991059
thetao,W10p0,4,2,0.39521603409606887,0.39521603409606887
so,W10p0,4,13,-0.39363806377616384,0.39363806377616384
so,W60p0,2,0,0.39283017514497315,0.39283017514497315
thetao,W20p0,7,0,-0.3901110828754843,0.3901110828754843
so,W10p0,1,7,-0.38851358152577453,0.38851358152577453
thetao,W10p0,1,19,-0.3879075327501322,0.3879075327501322
thetao,W30p0,9,3,0.38778679334242605,0.38778679334242605
thetao,W10p0,4,3,0.3876826313183476,0.3876826313183476
so,W40p0,10,11,-0.38685172993768435,0.38685172993768435
thetao,W30p0,10,5,-0.3863782798507729,0.3863782798507729
so,W60p0,9,20,0.38636802253624974,0.38636802253624974
thetao,W30p0,9,4,0.38605021702832504,0.38605021702832504
thetao,W40p0,5,5,-0.38538030390414146,0.38538030390414146
so,W10p0,4,15,-0.38315147774625036,0.38315147774625036
thetao,W40p0,4,6,-0.3826924279347306,0.3826924279347306
thetao,W30p0,10,3,-0.38236249763861746,0.38236249763861746
so,W20p0,4,19,0.3814110212248504,0.3814110212248504
so,W10p0,1,11,-0.38067621467992757,0.38067621467992757
thetao,W30p0,4,6,0.37959719638860784,0.37959719638860784
so,W60p0,8,18,-0.3793448556562319,0.3793448556562319
thetao,W20p0,9,4,-0.3789974794627166,0.3789974794627166
so,W20p0,4,20,0.3773862634729201,0.3773862634729201
so,W20p0,1,16,-0.37612289229650964,0.37612289229650964
so,W20p0,1,15,-0.3754566842201422,0.3754566842201422
thetao,W10p0,4,1,0.3749769020852128,0.3749769020852128
thetao,W20p0,7,4,-0.3744786106764477,0.3744786106764477
thetao,W20p0,9,2,-0.37339246897282524,0.37339246897282524
so,W30p0,3,1,0.37309232545259025,0.37309232545259025
so,W30p0,2,16,0.37296787232165657,0.37296787232165657
so,W60p0,10,4,0.3706897525044236,0.3706897525044236
so,W20p0,9,1,0.36928483579083016,0.36928483579083016
thetao,W30p0,4,5,0.3685978267712401,0.3685978267712401
so,W60p0,3,8,-0.367509550539699,0.367509550539699
thetao,W30p0,10,1,-0.3673801363401066,0.3673801363401066
so,W20p0,4,18,0.36621354351073687,0.36621354351073687
thetao,W20p0,7,2,-0.3653957633645628,0.3653957633645628
thetao,W30p0,4,4,0.3653398146166527,0.3653398146166527
thetao,W20p0,1,12,0.36492892333816174,0.36492892333816174
thetao,W30p0,4,8,0.36489556462648354,0.36489556462648354
thetao,W30p0,1,17,-0.36438874034176577,0.36438874034176577
thetao,W30p0,4,7,0.361641437455396,0.361641437455396
thetao,W30p0,10,2,-0.36072315399974686,0.36072315399974686
so,W10p0,1,16,-0.36067404238496653,0.36067404238496653
thetao,W20p0,7,3,-0.3591127243254065,0.3591127243254065
so,W10p0,4,0,-0.3590492552183668,0.3590492552183668
thetao,W30p0,10,6,-0.35858755685405314,0.35858755685405314
so,W10p0,2,0,0.35812782710473634,0.35812782710473634
thetao,W60p0,8,14,0.35769684692604853,0.35769684692604853
thetao,W40p0,9,5,0.35755153300708087,0.35755153300708087
thetao,W30p0,6,6,0.35629171934770343,0.35629171934770343
so,W20p0,9,2,0.35614405262269877,0.35614405262269877
so,W40p0,10,15,-0.3556308479677711,0.3556308479677711
thetao,W30p0,9,2,0.3552456028816763,0.3552456028816763
thetao,W40p0,3,13,0.3534473219508091,0.3534473219508091
thetao,W10p0,4,4,0.35297003321407366,0.35297003321407366
so,W20p0,9,0,0.35267779721274356,0.35267779721274356
so,W40p0,10,12,-0.3523393895251882,0.3523393895251882
so,W10p0,1,10,-0.3518873379499036,0.3518873379499036
thetao,W30p0,9,5,0.35127282788037834,0.35127282788037834
thetao,W40p0,8,19,0.351061275975034,0.351061275975034
so,W40p0,1,0,-0.3505232899332387,0.3505232899332387
thetao,W20p0,9,5,-0.3501114779283037,0.3501114779283037
thetao,W60p0,8,2,0.34972008276175565,0.34972008276175565
thetao,W20p0,7,1,-0.34719753716168994,0.34719753716168994
thetao,W30p0,4,9,0.3471510913836076,0.3471510913836076
so,W60p0,3,9,-0.34661465762306554,0.34661465762306554
thetao,W60p0,1,20,0.346519912795966,0.346519912795966
so,W10p0,1,8,-0.3450901464400851,0.3450901464400851
so,W40p0,10,13,-0.3441996729482666,0.3441996729482666
so,W20p0,10,15,-0.34366364564006885,0.34366364564006885
thetao,W30p0,1,18,-0.3431885828041031,0.3431885828041031
so,W60p0,6,17,-0.34304140692407437,0.34304140692407437
thetao,W30p0,2,17,-0.34230114562561176,0.34230114562561176
so,W40p0,3,4,-0.3422375279054452,0.3422375279054452
so,W60p0,9,14,0.3421567709375069,0.3421567709375069
so,W40p0,1,18,-0.3419684366288953,0.3419684366288953
so,W10p0,1,9,-0.34131599090680315,0.34131599090680315
thetao,W20p0,7,5,-0.341054917729577,0.341054917729577
thetao,W30p0,2,18,-0.3404689232469544,0.3404689232469544
so,W60p0,10,1,0.34001051798267395,0.34001051798267395
thetao,W30p0,2,0,-0.33903187652609434,0.33903187652609434
so,W30p0,3,2,0.3387814347487788,0.3387814347487788
so,W60p0,10,2,0.33876446929390763,0.33876446929390763
thetao,W40p0,8,20,0.3384343857976148,0.3384343857976148
so,W20p0,1,11,-0.3375252770732098,0.3375252770732098
so,W60p0,8,19,-0.33569835459523656,0.33569835459523656
thetao,W20p0,8,0,-0.3351757316765596,0.3351757316765596
so,W20p0,1,18,-0.3344574017912793,0.3344574017912793
so,W60p0,3,7,-0.3344112004294231,0.3344112004294231
thetao,W30p0,1,19,-0.3343192976246734,0.3343192976246734
so,W60p0,3,5,-0.33338448487859157,0.33338448487859157
so,W20p0,10,16,-0.33255096023374475,0.33255096023374475
so,W40p0,8,3,-0.3321199198298974,0.3321199198298974
so,W30p0,5,17,-0.331656633068178,0.331656633068178
so,W10p0,1,17,-0.33077397961819355,0.33077397961819355
so,W20p0,1,17,-0.33053457701349087,0.33053457701349087
thetao,W40p0,1,17,-0.32981303042015614,0.32981303042015614
so,W30p0,2,2,0.32905499091422274,0.32905499091422274
thetao,W20p0,1,13,0.3287927766752642,0.3287927766752642
so,W40p0,3,20,-0.328038068791896,0.328038068791896
so,W40p0,7,15,-0.32697630890926077,0.32697630890926077
thetao,W60p0,6,0,0.3260069669316232,0.3260069669316232
thetao,W30p0,4,3,0.3259351727092452,0.3259351727092452
thetao,W60p0,6,3,0.32469272924457415,0.32469272924457415
so,W60p0,6,18,-0.32458988376039555,0.32458988376039555
so,W40p0,10,14,-0.32374367682204086,0.32374367682204086
thetao,W40p0,3,14,0.32274921687457786,0.32274921687457786
so,W60p0,9,17,0.32223510088786017,0.32223510088786017
so,W20p0,10,17,-0.32220175751558605,0.32220175751558605
thetao,W30p0,10,15,-0.321215830249129,0.321215830249129
thetao,W30p0,10,16,-0.320347168449244,0.320347168449244
thetao,W30p0,9,6,0.3198676721679879,0.3198676721679879
thetao,W10p0,1,20,-0.31755121195769886,0.31755121195769886
thetao,W60p0,1,19,0.31743077840331685,0.31743077840331685
so,W60p0,8,17,-0.31738384042970225,0.31738384042970225
thetao,W30p0,1,20,-0.31728522827983807,0.31728522827983807
thetao,W20p0,7,6,-0.3170710497964375,0.3170710497964375
thetao,W20p0,1,0,0.31701960171475624,0.31701960171475624
thetao,W30p0,10,7,-0.3169467405145129,0.3169467405145129
thetao,W40p0,5,6,-0.31646750982716676,0.31646750982716676
thetao,W40p0,4,7,-0.31637216391086287,0.31637216391086287
so,W20p0,9,3,0.3160571995763176,0.3160571995763176
so,W20p0,1,14,-0.3160110976788118,0.3160110976788118
so,W30p0,10,1,0.31589143459172664,0.31589143459172664
so,W60p0,3,6,-0.31519050173577945,0.31519050173577945
so,W20p0,6,0,0.3150656334787855,0.3150656334787855
thetao,W60p0,5,5,0.3139013519420555,0.3139013519420555
so,W30p0,3,3,0.31387642712654323,0.31387642712654323
so,W60p0,10,5,0.31376216037825494,0.31376216037825494
so,W40p0,8,8,-0.31345877418159773,0.31345877418159773
thetao,W40p0,9,6,0.31298225476968483,0.31298225476968483
so,W40p0,8,2,-0.31237090848007276,0.31237090848007276
so,W60p0,9,16,0.31189721225685063,0.31189721225685063
so,W30p0,5,19,-0.31145741351337414,0.31145741351337414
thetao,W10p0,7,20,0.3114494164999754,0.3114494164999754
so,W30p0,5,20,-0.3112838547989402,0.3112838547989402
thetao,W10p0,4,5,0.31046245808866235,0.31046245808866235
so,W40p0,8,6,-0.309921392961188,0.309921392961188
so,W40p0,10,16,-0.3095453913367987,0.3095453913367987
thetao,W30p0,9,1,0.3089727412528142,0.3089727412528142
so,W60p0,2,6,0.3082583848469541,0.3082583848469541
so,W30p0,2,9,0.30823590997421874,0.30823590997421874
so,W30p0,5,16,-0.30788733436415916,0.30788733436415916
so,W30p0,2,8,0.30785370684952,0.30785370684952
so,W20p0,2,0,0.3072427545515325,0.3072427545515325
so,W40p0,1,19,-0.30712433876957934,0.30712433876957934
thetao,W40p0,4,14,-0.30689013058245346,0.30689013058245346
so,W40p0,10,17,-0.3064526435769559,0.3064526435769559
thetao,W40p0,8,18,0.30551509053864123,0.30551509053864123
so,W60p0,2,1,0.3051312090919056,0.3051312090919056
thetao,W30p0,4,10,0.3049653461346775,0.3049653461346775
thetao,W60p0,6,2,0.30395077792029546,0.30395077792029546
so,W10p0,7,0,-0.30390884123005946,0.30390884123005946
so,W40p0,7,14,-0.30390044846251063,0.30390044846251063
so,W60p0,10,3,0.3038947006371598,0.3038947006371598
thetao,W20p0,9,1,-0.3037460788314999,0.3037460788314999
thetao,W30p0,10,8,-0.30338168284912886,0.30338168284912886
thetao,W10p0,4,13,0.3032284216342092,0.3032284216342092
thetao,W20p0,4,1,0.30322048235306526,0.30322048235306526
thetao,W40p0,4,15,-0.3032091918186813,0.3032091918186813
so,W60p0,6,16,-0.3027131118276955,0.3027131118276955
thetao,W60p0,1,18,0.302271990767781,0.302271990767781
so,W40p0,8,10,-0.301693410375316,0.301693410375316
thetao,W60p0,8,13,0.30092005968115265,0.30092005968115265
thetao,W60p0,8,3,0.2999269801339293,0.2999269801339293
thetao,W20p0,4,2,0.2995608840825816,0.2995608840825816
thetao,W10p0,8,3,0.29947151205771216,0.29947151205771216
so,W60p0,3,1,-0.29929175529780505,0.29929175529780505
thetao,W30p0,5,20,0.29886597435526785,0.29886597435526785
so,W20p0,10,14,-0.2988503478350197,0.2988503478350197
so,W30p0,5,6,-0.2985830033951404,0.2985830033951404
so,W40p0,8,9,-0.29850354477020163,0.29850354477020163
thetao,W30p0,5,0,0.2978803714124386,0.2978803714124386
thetao,W60p0,5,3,0.29782491822739765,0.29782491822739765
so,W20p0,1,12,-0.2976665908311327,0.2976665908311327
so,W30p0,10,2,0.29707199880349894,0.29707199880349894
so,W40p0,8,7,-0.2957644536744318,0.2957644536744318
thetao,W20p0,5,0,-0.2954826710634938,0.2954826710634938
thetao,W60p0,6,4,0.29534145608602413,0.29534145608602413
so,W60p0,3,2,-0.29437445467368173,0.29437445467368173
thetao,W40p0,4,13,-0.29433944634431536,0.29433944634431536
thetao,W60p0,8,1,0.2941882409756258,0.2941882409756258
thetao,W20p0,3,1,0.2940240717013683,0.2940240717013683
so,W60p0,9,15,0.29335036563035244,0.29335036563035244
so,W60p0,3,4,-0.293163884861582,0.293163884861582
so,W60p0,2,8,0.2926131723852339,0.2926131723852339
thetao,W30p0,4,2,0.2925041675158844,0.2925041675158844
thetao,W30p0,6,7,0.29234671639737503,0.29234671639737503
thetao,W20p0,6,20,-0.2911051095833177,0.2911051095833177
thetao,W10p0,8,2,0.29061751553870163,0.29061751553870163
so,W60p0,3,3,-0.28960112668905846,0.28960112668905846
thetao,W40p0,9,4,0.2888860498130349,0.2888860498130349
so,W60p0,2,7,0.28848854865722035,0.28848854865722035
so,W30p0,5,1,-0.2878730490044024,0.2878730490044024
so,W60p0,8,16,-0.28782529656886713,0.28782529656886713
so,W30p0,5,5,-0.28728256231965565,0.28728256231965565
thetao,W20p0,4,0,0.2872577258573417,0.2872577258573417
thetao,W30p0,5,17,0.28669706994287847,0.28669706994287847
so,W10p0,1,18,-0.2860587481523081,0.2860587481523081
thetao,W60p0,8,10,0.28584586554906516,0.28584586554906516
so,W60p0,9,19,0.2851706075550364,0.2851706075550364
thetao,W60p0,7,18,-0.28489587941623257,0.28489587941623257
thetao,W30p0,2,16,-0.2842841244635659,0.2842841244635659
thetao,W30p0,10,12,-0.2840198827585801,0.2840198827585801
thetao,W10p0,5,3,0.2839877462468294,0.2839877462468294
thetao,W20p0,4,3,0.28379387160049474,0.28379387160049474
so,W30p0,5,18,-0.2835299888310889,0.2835299888310889
thetao,W20p0,3,0,0.2827796910815434,0.2827796910815434
thetao,W10p0,9,13,-0.28257128839310575,0.28257128839310575
thetao,W30p0,5,19,0.2825479948598379,0.2825479948598379
so,W30p0,5,2,-0.2822584625154567,0.2822584625154567
so,W30p0,4,4,-0.2820072832135218,0.2820072832135218
so,W40p0,3,19,-0.28169885828985036,0.28169885828985036
thetao,W20p0,9,13,-0.2813876803445136,0.2813876803445136
thetao,W60p0,8,12,0.2808115204068432,0.2808115204068432
so,W40p0,8,5,-0.2807261875240026,0.2807261875240026
thetao,W30p0,4,11,0.2805678388079606,0.2805678388079606
thetao,W60p0,5,4,0.2800827657554169,0.2800827657554169
so,W60p0,3,10,-0.27997587092355175,0.27997587092355175
so,W60p0,2,2,0.2788286986420547,0.2788286986420547
so,W60p0,6,15,-0.27868314716601483,0.27868314716601483
thetao,W10p0,5,1,0.27806321703763265,0.27806321703763265
so,W20p0,3,2,-0.27779068233018334,0.27779068233018334
thetao,W40p0,5,7,-0.27763222580998953,0.27763222580998953
thetao,W60p0,8,11,0.27686721195322594,0.27686721195322594
thetao,W30p0,3,19,-0.2767839030301649,0.2767839030301649
thetao,W30p0,8,0,-0.27596383690026305,0.27596383690026305
so,W20p0,10,5,-0.2747821757879875,0.2747821757879875
thetao,W30p0,4,12,0.274591726082767,0.274591726082767
so,W60p0,2,4,0.2745181031020294,0.2745181031020294
so,W60p0,9,18,0.2742587390734317,0.2742587390734317
so,W30p0,3,4,0.2741689071598795,0.2741689071598795
so,W20p0,9,9,0.27369039141491946,0.27369039141491946
thetao,W40p0,8,17,0.2732151288766137,0.2732151288766137
so,W30p0,2,10,0.27258466809381404,0.27258466809381404
thetao,W10p0,4,12,0.2722974178026118,0.2722974178026118
so,W30p0,5,4,-0.2721926977006567,0.2721926977006567
so,W60p0,10,7,0.27199800588062895,0.27199800588062895
thetao,W30p0,3,20,-0.2719693417571557,0.2719693417571557
thetao,W60p0,6,1,0.2711091799444158,0.2711091799444158
so,W60p0,9,13,0.27107906614053645,0.27107906614053645
thetao,W30p0,5,18,0.27094506354228276,0.27094506354228276
thetao,W60p0,4,0,-0.2709391206512184,0.2709391206512184
so,W20p0,3,3,-0.2707111579340439,0.2707111579340439
thetao,W30p0,4,0,0.2704484274911541,0.2704484274911541
so,W10p0,7,1,-0.269917292414037,0.269917292414037
so,W60p0,2,5,0.26991403074319537,0.26991403074319537
thetao,W10p0,4,14,0.26985201728526703,0.26985201728526703
so,W60p0,2,9,0.2697378274501808,0.2697378274501808
so,W40p0,8,4,-0.26938417433303835,0.26938417433303835
thetao,W30p0,6,8,0.26934504612140225,0.26934504612140225
so,W40p0,3,9,-0.26923015880900525,0.26923015880900525
thetao,W20p0,9,0,-0.26905103051371543,0.26905103051371543
thetao,W10p0,5,2,0.26888873865708535,0.26888873865708535
so,W10p0,5,0,0.26836751469515974,0.26836751469515974
thetao,W20p0,8,1,-0.268302120826269,0.268302120826269
so,W30p0,4,5,-0.2681577637209484,0.2681577637209484
thetao,W10p0,5,4,0.26775572997163566,0.26775572997163566
so,W20p0,1,19,-0.26760534437304584,0.26760534437304584
thetao,W30p0,5,13,0.26752321058415807,0.26752321058415807
thetao,W30p0,4,17,0.26733427983782626,0.26733427983782626
so,W30p0,8,0,-0.26696866411896975,0.26696866411896975
thetao,W10p0,8,4,0.26692593905646483,0.26692593905646483
so,W30p0,2,15,0.26681615640490447,0.26681615640490447
so,W60p0,10,8,0.26672410124801954,0.26672410124801954
thetao,W60p0,5,1,0.2665882866694823,0.2665882866694823
thetao,W30p0,10,13,-0.26642414146458676,0.26642414146458676
thetao,W40p0,8,14,0.26632282423078796,0.26632282423078796
so,W20p0,3,1,-0.26631883217782426,0.26631883217782426
so,W20p0,9,8,0.26593083537639584,0.26593083537639584
so,W20p0,6,1,0.26574660171339654,0.26574660171339654
thetao,W20p0,9,6,-0.26564277243900347,0.26564277243900347
thetao,W10p0,6,0,0.2653661439329134,0.2653661439329134
thetao,W40p0,4,16,-0.2650298709848521,0.2650298709848521
so,W30p0,7,0,0.26489090649364444,0.26489090649364444
thetao,W30p0,4,13,0.26449750484191464,0.26449750484191464
thetao,W30p0,2,19,-0.2644898529113751,0.2644898529113751
so,W30p0,8,1,-0.26437685951219114,0.26437685951219114
so,W20p0,10,6,-0.26389275306128246,0.26389275306128246
thetao,W20p0,8,2,-0.26383965390484165,0.26383965390484165
thetao,W20p0,1,20,0.2635341558450578,0.2635341558450578
so,W60p0,6,19,-0.26346993571661276,0.26346993571661276
thetao,W30p0,4,16,0.2625660040850998,0.2625660040850998
so,W40p0,8,1,-0.26235289554455304,0.26235289554455304
so,W40p0,4,20,-0.2621454663728295,0.2621454663728295
so,W40p0,7,13,-0.26214214792662144,0.26214214792662144
thetao,W30p0,10,14,-0.26208154003133366,0.26208154003133366
so,W20p0,6,2,0.26180751569774835,0.26180751569774835
so,W30p0,3,6,0.26165400134887795,0.26165400134887795
thetao,W30p0,4,1,0.2616113830134037,0.2616113830134037
thetao,W30p0,4,15,0.261499153185407,0.261499153185407
thetao,W30p0,5,14,0.26145616949076406,0.26145616949076406
so,W40p0,3,5,-0.26143975621584886,0.26143975621584886
so,W30p0,2,7,0.2612152455920873,0.2612152455920873
thetao,W60p0,10,18,0.26062780205967756,0.26062780205967756
thetao,W60p0,5,2,0.2597289803725852,0.2597289803725852
so,W10p0,1,20,-0.25925902100631615,0.25925902100631615
so,W10p0,1,19,-0.25904287036748436,0.25904287036748436
so,W60p0,8,15,-0.25853997990728445,0.25853997990728445
thetao,W30p0,10,17,-0.257475450705068,0.257475450705068
thetao,W20p0,6,5,0.2565544867306533,0.2565544867306533
so,W40p0,3,8,-0.25647506742705195,0.25647506742705195
so,W40p0,3,6,-0.25645191196195544,0.25645191196195544
thetao,W60p0,8,4,0.25603570204655396,0.25603570204655396
so,W20p0,9,7,0.25564825499136395,0.25564825499136395
so,W40p0,9,20,0.25554129749055365,0.25554129749055365
so,W20p0,1,13,-0.255479931952016,0.255479931952016
so,W20p0,10,4,-0.255289010190599,0.255289010190599
thetao,W20p0,9,20,-0.2548524104077877,0.2548524104077877
thetao,W20p0,3,2,0.25434761196078626,0.25434761196078626
so,W30p0,5,15,-0.25422756110820227,0.25422756110820227
thetao,W20p0,4,4,0.2536448524419309,0.2536448524419309
thetao,W30p0,10,9,-0.2536263587856407,0.2536263587856407
thetao,W60p0,6,5,0.25358506381796714,0.25358506381796714
so,W20p0,9,4,0.25349062213072604,0.25349062213072604
so,W20p0,9,10,0.25340830010549215,0.25340830010549215
so,W30p0,2,3,0.2534053262684231,0.2534053262684231
so,W60p0,10,18,0.2532412369814203,0.2532412369814203
so,W60p0,2,3,0.25296855903492066,0.25296855903492066
thetao,W60p0,9,2,0.25287615493003673,0.25287615493003673
so,W60p0,10,6,0.2523805216312131,0.2523805216312131
so,W40p0,3,7,-0.2520230626409648,0.2520230626409648
thetao,W30p0,9,0,0.25155942816835536,0.25155942816835536
thetao,W60p0,8,15,0.25142771775255546,0.25142771775255546
thetao,W40p0,1,18,-0.2512839087238236,0.2512839087238236
so,W30p0,4,6,-0.2511780920304162,0.2511780920304162
thetao,W10p0,8,20,0.25111821192824146,0.25111821192824146
so,W30p0,2,11,0.2508616876314551,0.2508616876314551
so,W60p0,9,2,0.25009908015178306,0.25009908015178306
thetao,W60p0,1,17,0.24973547592383327,0.24973547592383327
thetao,W60p0,10,19,0.24968482272160883,0.24968482272160883
thetao,W30p0,5,16,0.2495514369584604,0.2495514369584604
thetao,W10p0,4,15,0.24953097721966244,0.24953097721966244
so,W30p0,5,7,-0.24951573690761228,0.24951573690761228
thetao,W60p0,7,17,-0.2493100171795582,0.2493100171795582
thetao,W40p0,5,8,-0.24909722438327536,0.24909722438327536
so,W20p0,9,6,0.24840580983124214,0.24840580983124214
so,W40p0,3,17,-0.24834567471165805,0.24834567471165805
thetao,W30p0,3,18,-0.24781925590578407,0.24781925590578407
so,W10p0,3,15,0.2476930074323727,0.2476930074323727
thetao,W60p0,7,20,-0.24754986576078725,0.24754986576078725
so,W30p0,7,9,0.24753101561293483,0.24753101561293483
so,W30p0,10,0,0.24733053914798586,0.24733053914798586
thetao,W10p0,6,6,0.24675754407204356,0.24675754407204356
thetao,W20p0,5,1,-0.2466333965887435,0.2466333965887435
so,W60p0,3,11,-0.24591823570393861,0.24591823570393861
thetao,W40p0,8,15,0.24581945901808705,0.24581945901808705
thetao,W30p0,10,20,-0.24577227637899593,0.24577227637899593
so,W40p0,1,20,-0.24572928710698813,0.24572928710698813
thetao,W10p0,4,6,0.24555086513735097,0.24555086513735097
thetao,W40p0,4,17,-0.24534496045850984,0.24534496045850984
so,W30p0,2,6,0.2451717335805687,0.2451717335805687
so,W40p0,4,19,-0.24508251670779976,0.24508251670779976
thetao,W20p0,1,14,0.24501321043800817,0.24501321043800817
so,W40p0,3,18,-0.24494990745923576,0.24494990745923576
thetao,W60p0,7,16,-0.24448960293814215,0.24448960293814215
thetao,W10p0,8,1,0.24425206849922088,0.24425206849922088
thetao,W10p0,7,19,0.24389909060867387,0.24389909060867387
so,W20p0,5,2,0.2437619028675688,0.2437619028675688
thetao,W40p0,7,2,0.2430697362461756,0.2430697362461756
so,W60p0,3,0,-0.24228400933823852,0.24228400933823852
so,W20p0,10,13,-0.24174691588493744,0.24174691588493744
thetao,W40p0,6,7,-0.24106937353125216,0.24106937353125216
so,W40p0,9,12,0.24086578919458998,0.24086578919458998
thetao,W40p0,6,8,-0.24080822059091683,0.24080822059091683
thetao,W20p0,5,8,-0.24059225124045383,0.24059225124045383
thetao,W40p0,8,1,0.24057602415471133,0.24057602415471133
thetao,W10p0,6,5,0.24031425807881726,0.24031425807881726
thetao,W30p0,10,10,-0.2401477567436211,0.2401477567436211
thetao,W60p0,7,19,-0.23994578748557038,0.23994578748557038
thetao,W30p0,5,15,0.23992702627109508,0.23992702627109508
so,W30p0,3,5,0.2395070341086304,0.2395070341086304
thetao,W40p0,8,16,0.23917017692740586,0.23917017692740586
thetao,W30p0,5,12,0.23910411654608313,0.23910411654608313
so,W30p0,5,3,-0.23905047036296523,0.23905047036296523
so,W40p0,7,17,-0.23901791590386487,0.23901791590386487
so,W60p0,10,20,0.2385079852869101,0.2385079852869101
thetao,W30p0,6,9,0.2364541368132025,0.2364541368132025
thetao,W40p0,8,2,0.23642267800987077,0.23642267800987077
thetao,W10p0,6,4,0.23574308605570618,0.23574308605570618
thetao,W40p0,7,7,0.23525958839777436,0.23525958839777436
thetao,W40p0,4,8,-0.2351306632760571,0.2351306632760571
thetao,W10p0,4,11,0.2348519468712127,0.2348519468712127
so,W10p0,3,20,0.23395723292850115,0.23395723292850115
so,W40p0,10,18,-0.23382456031355459,0.23382456031355459
thetao,W40p0,9,7,0.23330653135799842,0.23330653135799842
so,W30p0,5,14,-0.2327054405977203,0.2327054405977203
thetao,W20p0,1,19,0.2322152930907157,0.2322152930907157
so,W40p0,9,8,0.23134719381257984,0.23134719381257984
thetao,W60p0,7,0,-0.2312407583573316,0.2312407583573316
thetao,W30p0,4,14,0.23098051092200408,0.23098051092200408
so,W20p0,9,5,0.23085911437706108,0.23085911437706108
so,W30p0,10,3,0.2303947894623617,0.2303947894623617
thetao,W30p0,10,11,-0.23007522323454205,0.23007522323454205
so,W30p0,4,3,-0.2298169462627845,0.2298169462627845
so,W20p0,5,6,0.2297501347087268,0.2297501347087268
so,W10p0,7,20,-0.2295393748719342,0.2295393748719342
so,W60p0,10,17,0.22901779477133155,0.22901779477133155
thetao,W60p0,9,0,0.22894738454809035,0.22894738454809035
so,W40p0,9,11,0.22887024741561812,0.22887024741561812
so,W20p0,5,3,0.2287748078290797,0.2287748078290797
thetao,W60p0,4,1,-0.22838190000508787,0.22838190000508787
thetao,W60p0,8,5,0.22837434499924392,0.22837434499924392
thetao,W30p0,5,1,0.22811112548536225,0.22811112548536225
thetao,W60p0,9,3,0.22794435323390413,0.22794435323390413
so,W30p0,3,7,0.22776063617284334,0.22776063617284334
so,W20p0,3,19,-0.22764155438954412,0.22764155438954412
thetao,W40p0,8,0,0.22758004410355898,0.22758004410355898
so,W30p0,2,12,0.22738139786759407,0.22738139786759407
so,W40p0,9,9,0.2272833793836841,0.2272833793836841
thetao,W40p0,6,6,-0.2269453094140374,0.2269453094140374
so,W30p0,3,8,0.22683608335668382,0.22683608335668382
thetao,W40p0,7,6,0.22678620739736502,0.22678620739736502
thetao,W40p0,8,13,0.22669207702535119,0.22669207702535119
so,W60p0,9,4,0.22568726094053915,0.22568726094053915
thetao,W20p0,5,6,-0.22565036773950653,0.22565036773950653
so,W40p0,8,11,-0.22559124031233066,0.22559124031233066
thetao,W40p0,9,3,0.22530571314219525,0.22530571314219525
thetao,W60p0,5,6,0.2252390928187778,0.2252390928187778
thetao,W20p0,5,7,-0.22500915040271674,0.22500915040271674
thetao,W40p0,6,17,-0.2247657172494405,0.2247657172494405
thetao,W20p0,5,2,-0.22466319287936856,0.22466319287936856
so,W30p0,5,8,-0.22448410886638503,0.22448410886638503
so,W20p0,5,1,0.22436514598061394,0.22436514598061394
thetao,W40p0,6,1,-0.2243224463945043,0.2243224463945043
so,W30p0,5,9,-0.22396383373668055,0.22396383373668055
thetao,W20p0,9,19,-0.22379149397217973,0.22379149397217973
so,W10p0,3,14,0.2237390093705445,0.2237390093705445
so,W60p0,10,16,0.22348478276494418,0.22348478276494418
thetao,W40p0,4,18,-0.2233037602909096,0.2233037602909096
so,W40p0,7,16,-0.22325847367338456,0.22325847367338456
thetao,W40p0,4,12,-0.22281409458485812,0.22281409458485812
thetao,W10p0,6,7,0.2227842714186382,0.2227842714186382
so,W40p0,3,10,-0.22276503351268517,0.22276503351268517
so,W20p0,5,4,0.22254790579299139,0.22254790579299139
so,W20p0,10,8,-0.22245597677566192,0.22245597677566192
so,W20p0,10,12,-0.22229247930108187,0.22229247930108187
thetao,W30p0,9,7,0.22193167786151427,0.22193167786151427
thetao,W20p0,9,12,-0.22182043095673154,0.22182043095673154
thetao,W40p0,7,1,0.22134468546226302,0.22134468546226302
so,W60p0,9,3,0.22120674257354628,0.22120674257354628
so,W20p0,5,10,0.22103221285299204,0.22103221285299204
so,W40p0,7,20,-0.22048036467167478,0.22048036467167478
thetao,W10p0,9,12,-0.22039568701425813,0.22039568701425813
thetao,W60p0,9,6,0.22020320078595998,0.22020320078595998
thetao,W40p0,9,18,-0.2197370310435707,0.2197370310435707
so,W40p0,8,19,-0.21932410573359612,0.21932410573359612
thetao,W60p0,9,8,0.2191110902164504,0.2191110902164504
thetao,W20p0,6,6,0.21907693051418609,0.21907693051418609
thetao,W20p0,4,5,0.2190397301196481,0.2190397301196481
so,W60p0,9,11,0.21899508596806994,0.21899508596806994
thetao,W40p0,7,5,0.2188317558698761,0.2188317558698761
thetao,W30p0,2,15,-0.21879064257278974,0.21879064257278974
so,W20p0,10,18,-0.21874085991304032,0.21874085991304032
so,W60p0,10,19,0.21845076398843136,0.21845076398843136
thetao,W40p0,8,3,0.21825100663425767,0.21825100663425767
thetao,W20p0,6,4,0.21814555707647512,0.21814555707647512
thetao,W60p0,6,6,0.217626596058719,0.217626596058719
so,W10p0,8,1,-0.21742393627571246,0.21742393627571246
so,W30p0,6,18,-0.21738344936012263,0.21738344936012263
so,W30p0,8,2,-0.2170761561619118,0.2170761561619118
thetao,W20p0,9,15,-0.21622162647341753,0.21622162647341753
thetao,W20p0,3,3,0.21582762854626336,0.21582762854626336
thetao,W10p0,3,0,-0.21581685541675963,0.21581685541675963
so,W20p0,5,5,0.21541752764717406,0.21541752764717406
so,W10p0,8,0,-0.21504909387062768,0.21504909387062768
thetao,W30p0,10,19,-0.21471721420461298,0.21471721420461298
thetao,W40p0,6,18,-0.2142851577603518,0.2142851577603518
thetao,W40p0,4,9,-0.21423577497956628,0.21423577497956628
thetao,W30p0,4,20,0.21376509403993962,0.21376509403993962
so,W20p0,3,20,-0.21353520473997972,0.21353520473997972
so,W20p0,5,9,0.21303191846767644,0.21303191846767644
so,W10p0,7,19,-0.21300592395713433,0.21300592395713433
so,W60p0,8,20,-0.21289465850333492,0.21289465850333492
thetao,W60p0,10,17,0.21280647365592517,0.21280647365592517
so,W60p0,9,9,0.21276932924993558,0.21276932924993558
thetao,W60p0,8,9,0.21241775533365992,0.21241775533365992
so,W60p0,2,10,0.21240121308756477,0.21240121308756477
so,W30p0,9,15,0.21233676699665882,0.21233676699665882
thetao,W40p0,7,8,0.2123027762307604,0.2123027762307604
thetao,W10p0,4,10,0.21205470849423116,0.21205470849423116
thetao,W40p0,6,9,-0.21192777479565444,0.21192777479565444
so,W60p0,3,12,-0.21169940688827826,0.21169940688827826
thetao,W20p0,3,19,0.2114358723546381,0.2114358723546381
thetao,W40p0,4,10,-0.2104144585309165,0.2104144585309165
so,W20p0,5,11,0.21040699460089118,0.21040699460089118
thetao,W40p0,5,9,-0.21036554548837838,0.21036554548837838
so,W60p0,8,4,0.2103538902417626,0.2103538902417626
so,W60p0,9,12,0.21033394043086592,0.21033394043086592
so,W30p0,9,0,0.21001606853721158,0.21001606853721158
thetao,W10p0,9,14,-0.20989149541700566,0.20989149541700566
so,W10p0,10,3,-0.20986961509501217,0.20986961509501217
so,W20p0,6,9,0.20970911738591172,0.20970911738591172
thetao,W20p0,9,18,-0.20961453433828758,0.20961453433828758
so,W10p0,5,1,0.20952249410065416,0.20952249410065416
thetao,W40p0,7,3,0.20942759366519068,0.20942759366519068
thetao,W40p0,7,19,0.20941537671408186,0.20941537671408186
so,W30p0,2,5,0.20801534003059238,0.20801534003059238
so,W60p0,9,1,0.2078393696513699,0.2078393696513699
thetao,W30p0,3,4,0.20753587858573666,0.20753587858573666
thetao,W20p0,8,3,-0.20686328817507393,0.20686328817507393
so,W20p0,10,7,-0.20685808405013084,0.20685808405013084
so,W30p0,9,16,0.20681400685086831,0.20681400685086831
thetao,W30p0,3,17,-0.2064669515921121,0.2064669515921121
thetao,W20p0,5,5,-0.20613262704158464,0.20613262704158464
thetao,W30p0,4,18,0.20525332202342708,0.20525332202342708
thetao,W10p0,6,3,0.20521333089543145,0.20521333089543145
so,W20p0,10,9,-0.20508708478455398,0.20508708478455398
so,W30p0,7,10,0.20507959233935835,0.20507959233935835
thetao,W10p0,6,8,0.2049808382856332,0.2049808382856332
so,W60p0,7,0,-0.20412001760674026,0.20412001760674026
so,W60p0,2,11,0.20409410365313319,0.20409410365313319
so,W10p0,9,8,-0.20346967236038185,0.20346967236038185
so,W30p0,4,2,-0.20342858988941456,0.20342858988941456
thetao,W30p0,8,9,-0.2032602673080404,0.2032602673080404
thetao,W60p0,9,7,0.20294984838899618,0.20294984838899618
thetao,W20p0,10,4,-0.20294255050102047,0.20294255050102047
thetao,W40p0,5,10,-0.20282780566573488,0.20282780566573488
so,W30p0,2,14,0.20261443332338097,0.20261443332338097
so,W60p0,5,20,0.20231327028198512,0.20231327028198512
so,W40p0,9,19,0.2022125742934207,0.2022125742934207
thetao,W30p0,5,11,0.2020941533152421,0.2020941533152421
so,W60p0,8,2,0.2019932955726462,0.2019932955726462
thetao,W40p0,10,0,-0.2018146034379906,0.2018146034379906
thetao,W10p0,8,19,0.20175296665029538,0.20175296665029538
so,W20p0,5,7,0.20172061687965473,0.20172061687965473
so,W60p0,2,12,0.20154898378053016,0.20154898378053016
so,W30p0,9,17,0.20126886595185067,0.20126886595185067
thetao,W30p0,3,3,0.20089650675402534,0.20089650675402534
so,W40p0,3,11,-0.20077361706555905,0.20077361706555905
thetao,W60p0,9,9,0.20042472777356748,0.20042472777356748
thetao,W30p0,5,2,0.200259826777132,0.200259826777132
thetao,W40p0,7,10,0.20021756041179817,0.20021756041179817
so,W30p0,2,4,0.20005252557754025,0.20005252557754025
so,W60p0,4,8,-0.1993613101531715,0.1993613101531715
so,W10p0,3,13,0.1992798744126318,0.1992798744126318
so,W10p0,3,18,0.19898717445830322,0.19898717445830322
thetao,W30p0,3,5,0.19840362042060633,0.19840362042060633
so,W30p0,9,5,0.19803726325511567,0.19803726325511567
thetao,W30p0,6,10,0.19803483320706472,0.19803483320706472
thetao,W10p0,7,3,0.19790083765611932,0.19790083765611932
so,W60p0,9,10,0.19787512273615457,0.19787512273615457
so,W30p0,2,13,0.19774740124084045,0.19774740124084045
so,W60p0,8,3,0.19773453602926744,0.19773453602926744
thetao,W30p0,10,18,-0.1970698416240704,0.1970698416240704
thetao,W40p0,6,16,-0.19702484750431626,0.19702484750431626
thetao,W60p0,5,7,0.19700889281211925,0.19700889281211925
so,W10p0,7,18,-0.19686717668956122,0.19686717668956122
so,W10p0,10,2,-0.19649888874273325,0.19649888874273325
thetao,W10p0,4,20,0.1959571274262583,0.1959571274262583
so,W30p0,5,13,-0.19571404873858222,0.19571404873858222
so,W40p0,9,18,0.19530520109515406,0.19530520109515406
so,W60p0,4,5,-0.1949485988340886,0.1949485988340886
thetao,W20p0,9,17,-0.1948476048706747,0.1948476048706747
thetao,W20p0,8,20,0.19467331776443964,0.19467331776443964
thetao,W10p0,7,4,0.19464678085044304,0.19464678085044304
so,W20p0,10,11,-0.19439180171069956,0.19439180171069956
so,W40p0,4,18,-0.19390884714097625,0.19390884714097625
so,W60p0,6,14,-0.19347280684274412,0.19347280684274412
thetao,W10p0,5,5,0.19344083789884484,0.19344083789884484
so,W40p0,3,15,-0.19312860004796079,0.19312860004796079
thetao,W10p0,6,2,0.1926463621897626,0.1926463621897626
so,W60p0,10,9,0.1926269089959566,0.1926269089959566
thetao,W30p0,2,8,-0.1925968198853574,0.1925968198853574
thetao,W30p0,9,11,0.19248103527292332,0.19248103527292332
thetao,W40p0,7,4,0.1923432804654439,0.1923432804654439
so,W20p0,7,1,-0.1921769987004833,0.1921769987004833
thetao,W40p0,9,1,0.1916102822900931,0.1916102822900931
thetao,W40p0,7,9,0.19147808745473374,0.19147808745473374
thetao,W20p0,7,7,-0.19141916628465366,0.19141916628465366
so,W30p0,10,17,-0.19098027879893292,0.19098027879893292
thetao,W20p0,4,6,0.19062537128661186,0.19062537128661186
so,W30p0,8,7,-0.1888918026982365,0.1888918026982365
thetao,W60p0,8,6,0.18888829134108717,0.18888829134108717
so,W30p0,5,0,-0.18870747724504947,0.18870747724504947
thetao,W20p0,10,12,-0.18789298126478765,0.18789298126478765
thetao,W40p0,1,19,-0.1874454823564339,0.1874454823564339
so,W30p0,9,4,0.1873482696014647,0.1873482696014647
thetao,W10p0,3,1,-0.18679541669891214,0.18679541669891214
thetao,W40p0,9,19,-0.18658492346284716,0.18658492346284716
thetao,W60p0,1,16,0.18654429898207395,0.18654429898207395
thetao,W40p0,10,1,-0.18638425026733507,0.18638425026733507
thetao,W30p0,3,6,0.18599101801047474,0.18599101801047474
so,W30p0,4,7,-0.1859055146482062,0.1859055146482062
so,W10p0,10,4,-0.18583596140008996,0.18583596140008996
so,W20p0,10,19,-0.18582921988232567,0.18582921988232567
thetao,W40p0,8,4,0.18578470735096855,0.18578470735096855
so,W30p0,4,8,-0.18570874728059875,0.18570874728059875
so,W40p0,8,12,-0.18567680032348186,0.18567680032348186
thetao,W20p0,1,18,0.1856066677996952,0.1856066677996952
thetao,W20p0,10,3,-0.18483341173072323,0.18483341173072323
thetao,W20p0,10,13,-0.18475884005918572,0.18475884005918572
so,W10p0,3,19,0.18428330643862892,0.18428330643862892
thetao,W20p0,6,3,0.18388772220941563,0.18388772220941563
so,W40p0,10,19,-0.18384335271264893,0.18384335271264893
thetao,W60p0,9,4,0.18379729198760733,0.18379729198760733
thetao,W30p0,3,2,0.18362507165525732,0.18362507165525732
so,W30p0,4,15,-0.1833220923234032,0.1833220923234032
so,W60p0,10,15,0.18324068377741493,0.18324068377741493
so,W60p0,3,13,-0.18321017521255378,0.18321017521255378
so,W20p0,7,0,-0.18308429326759115,0.18308429326759115
so,W60p0,5,7,-0.1830341126005997,0.1830341126005997
so,W20p0,7,7,-0.18260196241653653,0.18260196241653653
so,W20p0,6,11,0.18256889564217232,0.18256889564217232
thetao,W40p0,4,11,-0.18252837316382378,0.18252837316382378
so,W10p0,7,9,-0.18223712133967176,0.18223712133967176
thetao,W20p0,3,20,0.1821689122912367,0.1821689122912367
thetao,W20p0,9,14,-0.18191371799796546,0.18191371799796546
thetao,W10p0,4,9,0.18183151864413347,0.18183151864413347
so,W20p0,6,10,0.18173391580561676,0.18173391580561676
so,W60p0,4,7,-0.18158456697283787,0.18158456697283787
thetao,W20p0,8,4,-0.18130647228409594,0.18130647228409594
thetao,W40p0,7,14,0.18127933102747001,0.18127933102747001
thetao,W30p0,9,10,0.18105352573774797,0.18105352573774797
thetao,W20p0,5,14,0.18103013172594198,0.18103013172594198
so,W30p0,8,8,-0.18069961111592556,0.18069961111592556
so,W20p0,3,4,-0.18060883597671445,0.18060883597671445
so,W60p0,10,11,0.1799832974762002,0.1799832974762002
thetao,W40p0,4,19,-0.1797442661334451,0.1797442661334451
so,W30p0,4,9,-0.17959094002643453,0.17959094002643453
so,W40p0,3,16,-0.1795752827831737,0.1795752827831737
thetao,W10p0,4,16,0.17930917917568268,0.17930917917568268
so,W20p0,7,5,-0.17928001244045852,0.17928001244045852
so,W10p0,9,7,-0.1792293961592416,0.1792293961592416
so,W40p0,7,18,-0.1791357585615347,0.1791357585615347
so,W60p0,4,9,-0.1788956220227324,0.1788956220227324
so,W20p0,5,14,0.17886041254362658,0.17886041254362658
thetao,W20p0,6,19,-0.1786297440552481,0.1786297440552481
thetao,W60p0,8,7,0.17821194669503665,0.17821194669503665
thetao,W20p0,5,20,0.17815822570238546,0.17815822570238546
thetao,W30p0,2,7,-0.17782326239943122,0.17782326239943122
so,W30p0,6,19,-0.17763142835475604,0.17763142835475604
thetao,W30p0,6,11,0.17752726833883553,0.17752726833883553
so,W60p0,3,14,-0.17745095440970543,0.17745095440970543
so,W60p0,9,5,0.17730144644563245,0.17730144644563245
so,W30p0,4,1,-0.17695889065958653,0.17695889065958653
thetao,W60p0,9,11,0.17667529900006476,0.17667529900006476
so,W30p0,3,16,0.17644117540371615,0.17644117540371615
so,W30p0,7,1,0.17593421131426998,0.17593421131426998
thetao,W20p0,9,16,-0.17579221501217082,0.17579221501217082
thetao,W40p0,10,16,-0.1756211463835213,0.1756211463835213
so,W20p0,7,6,-0.17552341226012028,0.17552341226012028
so,W30p0,9,14,0.1751419097309802,0.1751419097309802
so,W30p0,3,9,0.1744039345146455,0.1744039345146455
so,W20p0,3,12,-0.17406381161305304,0.17406381161305304
so,W10p0,3,17,0.1737115779829994,0.1737115779829994
thetao,W40p0,5,11,-0.1737099314114244,0.1737099314114244
thetao,W60p0,9,1,0.17300848534395952,0.17300848534395952
so,W20p0,6,3,0.17295440815493132,0.17295440815493132
thetao,W30p0,3,16,-0.17272471966421513,0.17272471966421513
so,W40p0,4,0,0.17256215784031884,0.17256215784031884
thetao,W10p0,8,13,0.1724197136117351,0.1724197136117351
thetao,W40p0,9,17,-0.17231289611676065,0.17231289611676065
so,W30p0,9,18,0.1722619030565561,0.1722619030565561
so,W60p0,6,4,0.17196131681901017,0.17196131681901017
so,W10p0,8,2,-0.17178218447535096,0.17178218447535096
so,W40p0,7,4,-0.17103492455306077,0.17103492455306077
so,W20p0,5,12,0.1708355701881856,0.1708355701881856
so,W20p0,3,13,-0.17069483184857748,0.17069483184857748
thetao,W40p0,10,17,-0.17065560121179094,0.17065560121179094
thetao,W40p0,9,2,0.17051245855290717,0.17051245855290717
so,W30p0,6,17,-0.1704313382795927,0.1704313382795927
so,W40p0,3,12,-0.16975980745737249,0.16975980745737249
thetao,W10p0,4,7,0.1697316539431058,0.1697316539431058
thetao,W60p0,7,13,-0.16943935103672444,0.16943935103672444
thetao,W30p0,3,0,0.1691640380253582,0.1691640380253582
so,W20p0,9,11,0.16905367713818195,0.16905367713818195
thetao,W60p0,7,15,-0.16899368493410094,0.16899368493410094
so,W60p0,10,12,0.1687622726934538,0.1687622726934538
thetao,W20p0,5,3,-0.16873734733597268,0.16873734733597268
so,W20p0,7,8,-0.16861063912280572,0.16861063912280572
thetao,W30p0,2,20,-0.1679285502464064,0.1679285502464064
so,W60p0,6,13,-0.16739572784400641,0.16739572784400641
so,W60p0,10,10,0.16723490358998544,0.16723490358998544
so,W40p0,9,17,0.16712228324160297,0.16712228324160297
so,W20p0,6,16,-0.16680741016936315,0.16680741016936315
thetao,W20p0,3,11,0.16677788911218014,0.16677788911218014
thetao,W20p0,5,19,0.16668208514015637,0.16668208514015637
thetao,W30p0,8,10,-0.16649906829148373,0.16649906829148373
so,W60p0,5,19,0.16632050162271794,0.16632050162271794
so,W60p0,4,6,-0.16631097322895907,0.16631097322895907
thetao,W10p0,8,14,0.16630874115079342,0.16630874115079342
thetao,W20p0,8,5,-0.16611489470541885,0.16611489470541885
so,W20p0,7,2,-0.16586046653065928,0.16586046653065928
thetao,W60p0,7,12,-0.16550863796215054,0.16550863796215054
thetao,W30p0,3,1,0.16533370204081618,0.16533370204081618
so,W60p0,6,10,-0.16513999455956105,0.16513999455956105
so,W10p0,3,16,0.16512995718345652,0.16512995718345652
so,W40p0,9,10,0.16495092181366866,0.16495092181366866
so,W20p0,5,13,0.16489301608992216,0.16489301608992216
thetao,W20p0,10,0,-0.1647676158759488,0.1647676158759488
so,W30p0,9,3,0.16461532619342928,0.16461532619342928
thetao,W20p0,3,18,0.1635117568225682,0.1635117568225682
thetao,W30p0,6,12,0.16319729618160517,0.16319729618160517
so,W40p0,7,12,-0.1625954574148884,0.1625954574148884
thetao,W10p0,10,0,0.16170549002739487,0.16170549002739487
so,W20p0,10,10,-0.16161840097628763,0.16161840097628763
so,W10p0,7,17,-0.16149603756578787,0.16149603756578787
thetao,W20p0,9,11,-0.16147954550665924,0.16147954550665924
so,W60p0,5,5,-0.16121674731425428,0.16121674731425428
so,W60p0,10,13,0.16076547638497557,0.16076547638497557
thetao,W40p0,10,14,-0.16063825020140257,0.16063825020140257
thetao,W60p0,4,8,0.1605587207551606,0.1605587207551606
so,W20p0,5,20,0.16041541299363538,0.16041541299363538
thetao,W20p0,3,4,0.16034121039197358,0.16034121039197358
so,W30p0,4,16,-0.16032814992522654,0.16032814992522654
thetao,W10p0,7,5,0.16019337991125637,0.16019337991125637
so,W30p0,3,15,0.15996125644022058,0.15996125644022058
thetao,W30p0,9,14,0.15980595589989835,0.15980595589989835
so,W10p0,9,9,-0.15977635011444885,0.15977635011444885
thetao,W40p0,10,13,-0.15969189530879058,0.15969189530879058
so,W40p0,3,13,-0.15951798660631827,0.15951798660631827
so,W20p0,6,12,0.1594288798789732,0.1594288798789732
thetao,W60p0,8,16,0.15934078910571134,0.15934078910571134
so,W60p0,2,13,0.15907741660587546,0.15907741660587546
thetao,W60p0,10,20,0.1589043758550412,0.1589043758550412
so,W30p0,8,3,-0.15862071347088186,0.15862071347088186
thetao,W20p0,3,12,0.1583428992546338,0.1583428992546338
thetao,W20p0,4,7,0.1582530490793938,0.1582530490793938
so,W60p0,7,1,-0.15824739143018166,0.15824739143018166
thetao,W40p0,10,12,-0.15802838306516975,0.15802838306516975
so,W40p0,7,19,-0.15762896841639892,0.15762896841639892
thetao,W20p0,6,7,0.1575808224426817,0.1575808224426817
thetao,W20p0,5,13,0.15750964468283443,0.15750964468283443
so,W40p0,8,13,-0.1574338726362067,0.1574338726362067
thetao,W10p0,8,0,0.15719438950171938,0.15719438950171938
so,W20p0,5,8,0.1570301642992545,0.1570301642992545
thetao,W10p0,9,15,-0.1570238502683706,0.1570238502683706
thetao,W10p0,4,17,0.15696175684618463,0.15696175684618463
thetao,W40p0,7,11,0.15695984937069793,0.15695984937069793
so,W30p0,6,12,0.15690535948064108,0.15690535948064108
thetao,W20p0,5,15,0.1568587243859133,0.1568587243859133
thetao,W20p0,7,9,-0.15681405862610154,0.15681405862610154
thetao,W20p0,5,9,-0.15637961032717854,0.15637961032717854
thetao,W10p0,7,18,0.15629738232376117,0.15629738232376117
so,W20p0,10,0,-0.15619863327513483,0.15619863327513483
thetao,W20p0,6,2,0.15617260312450268,0.15617260312450268
so,W60p0,5,4,-0.1560407641888558,0.1560407641888558
thetao,W10p0,8,5,0.1558745835482988,0.1558745835482988
thetao,W30p0,8,8,-0.15568786036375565,0.15568786036375565
so,W40p0,10,20,-0.1555927746126054,0.1555927746126054
so,W10p0,8,3,-0.15549578053566895,0.15549578053566895
so,W30p0,3,17,0.15544365107039954,0.15544365107039954
thetao,W20p0,9,10,-0.15541062829954325,0.15541062829954325
thetao,W30p0,9,8,0.15538468073089642,0.15538468073089642
so,W30p0,5,12,-0.15533992722170903,0.15533992722170903
thetao,W30p0,6,13,0.15486536353478927,0.15486536353478927
thetao,W20p0,9,7,-0.15480782031640675,0.15480782031640675
thetao,W20p0,7,8,-0.15479050460720448,0.15479050460720448
so,W20p0,3,18,-0.15476170418607035,0.15476170418607035
thetao,W60p0,6,7,0.15472956205929594,0.15472956205929594
thetao,W30p0,3,7,0.15469017361956308,0.15469017361956308
thetao,W40p0,5,12,-0.15434385002129533,0.15434385002129533
so,W20p0,1,20,-0.15413103742484285,0.15413103742484285
so,W30p0,4,14,-0.1540913127006346,0.1540913127006346
so,W10p0,10,17,0.15386506344760242,0.15386506344760242
thetao,W40p0,8,5,0.15379259824436717,0.15379259824436717
so,W40p0,6,3,-0.1537294109127286,0.1537294109127286
thetao,W20p0,1,15,0.153543861443175,0.153543861443175
so,W40p0,7,5,-0.15317236158240824,0.15317236158240824
so,W40p0,3,14,-0.15307054762473782,0.15307054762473782
so,W30p0,6,13,0.1525140925008744,0.1525140925008744
thetao,W30p0,9,15,0.15242628638969796,0.15242628638969796
so,W10p0,6,0,0.1523628050837955,0.1523628050837955
thetao,W40p0,9,20,-0.15231421934576517,0.15231421934576517
so,W40p0,4,17,-0.1522980238206396,0.1522980238206396
thetao,W40p0,6,15,-0.1520624425050118,0.1520624425050118
so,W60p0,9,7,0.15205394181631318,0.15205394181631318
thetao,W60p0,4,9,0.15149593926938473,0.15149593926938473
thetao,W20p0,3,14,0.1513768707613104,0.1513768707613104
thetao,W20p0,5,4,-0.1511524564150985,0.1511524564150985
thetao,W40p0,9,8,0.15090295826443317,0.15090295826443317
so,W30p0,7,2,0.15073528223432814,0.15073528223432814
so,W10p0,9,10,-0.1505298383660831,0.1505298383660831
so,W60p0,6,20,-0.1500197252698975,0.1500197252698975
so,W20p0,7,4,-0.14973813767811528,0.14973813767811528
thetao,W40p0,7,20,0.14967297441020802,0.14967297441020802
so,W30p0,7,5,0.1493772289717074,0.1493772289717074
thetao,W40p0,10,15,-0.14937057498178252,0.14937057498178252
so,W20p0,3,10,-0.14934057165417977,0.14934057165417977
so,W30p0,8,4,-0.149016632830374,0.149016632830374
so,W60p0,5,6,-0.14896342621058167,0.14896342621058167
thetao,W10p0,8,12,0.14893420563667395,0.14893420563667395
so,W30p0,7,8,0.1489107364186065,0.1489107364186065
so,W40p0,9,0,0.14883446421677968,0.14883446421677968
so,W30p0,3,19,0.14846995320362405,0.14846995320362405
thetao,W60p0,1,15,0.14820953694586314,0.14820953694586314
so,W20p0,3,11,-0.14804179394852132,0.14804179394852132
so,W40p0,8,0,-0.14775791418408096,0.14775791418408096
so,W10p0,6,12,0.14746411635132345,0.14746411635132345
thetao,W60p0,9,13,0.14736493523028382,0.14736493523028382
thetao,W30p0,4,19,0.14726370780095152,0.14726370780095152
so,W20p0,6,17,-0.1472244364910484,0.1472244364910484
so,W20p0,6,8,0.14691847270324032,0.14691847270324032
thetao,W20p0,3,13,0.1468384437252756,0.1468384437252756
so,W60p0,6,12,-0.1468361611266132,0.1468361611266132
so,W40p0,6,5,-0.14666261695787022,0.14666261695787022
thetao,W30p0,2,9,-0.1465875987201194,0.1465875987201194
so,W60p0,4,4,-0.14656809492205877,0.14656809492205877
thetao,W30p0,9,9,0.146499290300355,0.146499290300355
thetao,W30p0,6,17,0.14649513302895215,0.14649513302895215
thetao,W10p0,4,8,0.14624228788857915,0.14624228788857915
thetao,W60p0,9,14,0.14598140970591603,0.14598140970591603
so,W30p0,7,6,0.14597441914223278,0.14597441914223278
thetao,W60p0,9,10,0.14593281470949318,0.14593281470949318
so,W30p0,3,10,0.14559274464560168,0.14559274464560168
so,W60p0,4,3,-0.1452977242880443,0.1452977242880443
so,W60p0,10,14,0.14525772596275102,0.14525772596275102
so,W60p0,8,9,-0.1450815040299273,0.1450815040299273
so,W10p0,3,8,-0.14505678112357867,0.14505678112357867
so,W30p0,5,10,-0.144678205423468,0.144678205423468
thetao,W40p0,9,0,0.14310248297008754,0.14310248297008754
thetao,W30p0,5,3,0.14256407706011773,0.14256407706011773
so,W30p0,3,14,0.14242742034047223,0.14242742034047223
so,W60p0,9,8,0.14238774022604964,0.14238774022604964
so,W10p0,7,2,-0.14236029768324962,0.14236029768324962
so,W60p0,6,5,0.14186386638109078,0.14186386638109078
so,W20p0,8,4,0.14185165219920293,0.14185165219920293
thetao,W40p0,6,10,-0.14105430485454112,0.14105430485454112
thetao,W60p0,4,7,0.14101576397078983,0.14101576397078983
so,W20p0,6,4,0.14076226681666693,0.14076226681666693
so,W30p0,6,3,0.1406925368281894,0.1406925368281894
thetao,W40p0,8,7,0.14050503446317072,0.14050503446317072
so,W20p0,7,3,-0.14041531668540533,0.14041531668540533
so,W10p0,7,11,-0.14016282551747822,0.14016282551747822
thetao,W40p0,8,6,0.13995309141640475,0.13995309141640475
thetao,W40p0,8,12,0.13983785436236162,0.13983785436236162
thetao,W20p0,8,6,-0.13964020937739618,0.13964020937739618
so,W10p0,7,10,-0.1390403620569939,0.1390403620569939
so,W30p0,3,12,0.13901879364517372,0.13901879364517372
so,W30p0,3,11,0.13898958828874647,0.13898958828874647
so,W40p0,6,4,-0.13893030195101172,0.13893030195101172
thetao,W30p0,6,14,0.13869673486728237,0.13869673486728237
so,W40p0,8,18,-0.13823758340531386,0.13823758340531386
thetao,W60p0,5,0,0.13805800712003582,0.13805800712003582
thetao,W60p0,4,2,-0.1377637999904246,0.1377637999904246
thetao,W40p0,6,5,-0.13767910620322488,0.13767910620322488
thetao,W20p0,9,8,-0.13717908133134207,0.13717908133134207
thetao,W20p0,3,10,0.13709207861764358,0.13709207861764358
so,W30p0,8,5,-0.13695726657708637,0.13695726657708637
thetao,W30p0,3,15,-0.1363129972462212,0.1363129972462212
thetao,W40p0,6,2,-0.1362886166457198,0.1362886166457198
thetao,W60p0,9,5,0.13613343580573586,0.13613343580573586
thetao,W60p0,8,8,0.13600446579117273,0.13600446579117273
so,W30p0,9,13,0.1354765722599248,0.1354765722599248
so,W20p0,10,20,-0.13542470862934577,0.13542470862934577
thetao,W10p0,7,14,0.13538473209257218,0.13538473209257218
so,W40p0,9,7,0.13532333043513636,0.13532333043513636
thetao,W30p0,6,15,0.13526750026720744,0.13526750026720744
thetao,W60p0,10,0,0.13516495927635788,0.13516495927635788
so,W20p0,3,8,-0.13492148013086708,0.13492148013086708
thetao,W20p0,4,8,0.13479090677749064,0.13479090677749064
so,W20p0,10,3,-0.1345121142975544,0.1345121142975544
thetao,W10p0,3,2,-0.13432800615076246,0.13432800615076246
thetao,W60p0,10,16,0.134246717984965,0.134246717984965
thetao,W20p0,5,16,0.13423880559618237,0.13423880559618237
thetao,W60p0,5,13,0.13415970864231996,0.13415970864231996
thetao,W40p0,10,2,-0.13401067804850558,0.13401067804850558
thetao,W20p0,1,17,0.13391107372901984,0.13391107372901984
so,W10p0,3,7,-0.13378527892384004,0.13378527892384004
so,W20p0,8,5,0.13363008777534194,0.13363008777534194
thetao,W60p0,4,6,0.13347890656207348,0.13347890656207348
thetao,W10p0,5,20,-0.13330542668584794,0.13330542668584794
thetao,W10p0,4,18,0.13320270756850994,0.13320270756850994
thetao,W10p0,6,9,0.13308920337069716,0.13308920337069716
so,W30p0,5,11,-0.13266541036585125,0.13266541036585125
thetao,W20p0,10,5,-0.13178255059849253,0.13178255059849253
thetao,W30p0,2,6,-0.13148862722805643,0.13148862722805643
so,W20p0,8,20,-0.13125546323194953,0.13125546323194953
so,W30p0,7,11,0.1310948432110906,0.1310948432110906
so,W30p0,3,13,0.1308746864408567,0.1308746864408567
so,W10p0,8,4,-0.130546430182451,0.130546430182451
thetao,W10p0,8,18,0.1304597074969216,0.1304597074969216
so,W20p0,3,7,-0.130345457593548,0.130345457593548
thetao,W60p0,10,1,0.13031790919428968,0.13031790919428968
so,W60p0,8,8,-0.13009828727285902,0.13009828727285902
so,W30p0,10,20,-0.1300184346520344,0.1300184346520344
thetao,W60p0,5,11,0.12989714649192421,0.12989714649192421
so,W40p0,7,11,-0.1298232828064368,0.1298232828064368
thetao,W10p0,8,15,0.1297933122949584,0.1297933122949584
thetao,W20p0,9,9,-0.1292157196831989,0.1292157196831989
so,W20p0,3,0,-0.12916675360089527,0.12916675360089527
thetao,W20p0,6,1,0.12868967480036606,0.12868967480036606
so,W30p0,4,0,-0.12861149105295708,0.12861149105295708
so,W30p0,4,17,-0.12854502226813927,0.12854502226813927
so,W10p0,6,18,-0.12841560386364453,0.12841560386364453
so,W60p0,8,10,-0.12838219141592389,0.12838219141592389
so,W30p0,8,15,0.128361623346265,0.128361623346265
so,W60p0,4,17,0.12828822992751918,0.12828822992751918
thetao,W30p0,7,12,0.12807886539538188,0.12807886539538188
so,W10p0,6,20,-0.1276579799052255,0.1276579799052255
thetao,W60p0,3,8,-0.1275894836618231,0.1275894836618231
thetao,W40p0,4,20,-0.12753833818210197,0.12753833818210197
so,W20p0,8,6,0.1275288439978749,0.1275288439978749
so,W30p0,6,11,0.12731221224403508,0.12731221224403508
so,W10p0,5,2,0.12718707424121342,0.12718707424121342
so,W60p0,9,6,0.12698385934770517,0.12698385934770517
so,W60p0,6,3,0.1267540636461261,0.1267540636461261
thetao,W30p0,6,16,0.1265325398688872,0.1265325398688872
so,W20p0,6,18,-0.12615448441506016,0.12615448441506016
thetao,W20p0,7,10,-0.1259085832329238,0.1259085832329238
thetao,W10p0,5,17,-0.12578814633597188,0.12578814633597188
so,W10p0,7,12,-0.125701457907261,0.125701457907261
thetao,W30p0,6,18,0.1256928079457867,0.1256928079457867
thetao,W40p0,10,11,-0.12552200504265926,0.12552200504265926
thetao,W10p0,6,1,0.12551837231136698,0.12551837231136698
thetao,W40p0,2,16,0.12550816996403158,0.12550816996403158
thetao,W10p0,7,13,0.12541380983088027,0.12541380983088027
thetao,W10p0,4,19,0.12528016805762934,0.12528016805762934
so,W60p0,8,5,0.12504263773894544,0.12504263773894544
thetao,W60p0,6,8,0.12479693596074827,0.12479693596074827
thetao,W40p0,2,20,0.12444664139313032,0.12444664139313032
so,W10p0,6,13,0.12439882293512904,0.12439882293512904
thetao,W60p0,7,14,-0.12392418346608237,0.12392418346608237
thetao,W40p0,2,19,0.12385367486159853,0.12385367486159853
thetao,W20p0,10,2,-0.12383162579109833,0.12383162579109833
so,W20p0,3,5,-0.12359033442896843,0.12359033442896843
thetao,W20p0,10,1,-0.12358495062126894,0.12358495062126894
thetao,W30p0,9,16,0.1232980629169055,0.1232980629169055
thetao,W40p0,7,13,0.12327895478445454,0.12327895478445454
thetao,W10p0,7,0,-0.12255887949889163,0.12255887949889163
thetao,W20p0,4,9,0.12233345613181901,0.12233345613181901
thetao,W20p0,1,16,0.12231494801939435,0.12231494801939435
thetao,W40p0,6,19,-0.12223355907517842,0.12223355907517842
so,W40p0,5,12,-0.122189531377616,0.122189531377616
thetao,W20p0,10,11,-0.12163861648866998,0.12163861648866998
so,W30p0,10,16,-0.12158611769386535,0.12158611769386535
so,W60p0,4,10,-0.1213658571498009,0.1213658571498009
so,W10p0,7,13,-0.121020881491227,0.121020881491227
so,W10p0,3,12,0.1208207921784381,0.1208207921784381
so,W20p0,5,18,0.12079917531344188,0.12079917531344188
so,W40p0,8,20,-0.12057766675647341,0.12057766675647341
so,W10p0,6,14,0.12030652121607663,0.12030652121607663
thetao,W30p0,8,11,-0.12013086821045635,0.12013086821045635
thetao,W10p0,3,15,0.12005286236710769,0.12005286236710769
thetao,W20p0,7,18,0.11978208285800418,0.11978208285800418
thetao,W30p0,2,1,-0.119665336269711,0.119665336269711
so,W30p0,8,14,0.11939041573733954,0.11939041573733954
thetao,W60p0,7,11,-0.11892759642477052,0.11892759642477052
thetao,W40p0,2,17,0.11887920245878777,0.11887920245878777
thetao,W60p0,3,9,-0.11866506218296909,0.11866506218296909
thetao,W40p0,8,8,0.1186014231168242,0.1186014231168242
thetao,W40p0,9,9,0.11839659318564366,0.11839659318564366
so,W30p0,8,6,-0.11829918139834218,0.11829918139834218
thetao,W20p0,8,19,0.11813795802796478,0.11813795802796478
thetao,W10p0,5,0,0.11806120941079914,0.11806120941079914
thetao,W10p0,7,2,0.1176138806234385,0.1176138806234385
so,W60p0,8,14,-0.11737986344359193,0.11737986344359193
so,W30p0,10,18,-0.11701320969165363,0.11701320969165363
so,W30p0,8,9,-0.11667946327396855,0.11667946327396855
thetao,W10p0,6,15,0.11667935290603441,0.11667935290603441
thetao,W10p0,9,7,0.1164052443185963,0.1164052443185963
so,W20p0,3,16,-0.11624059098563529,0.11624059098563529
so,W20p0,3,15,-0.11622206340887441,0.11622206340887441
so,W60p0,7,2,-0.11615253702530942,0.11615253702530942
so,W40p0,6,10,-0.1159826323257572,0.1159826323257572
so,W30p0,3,18,0.11553855915349655,0.11553855915349655
so,W40p0,9,16,0.11532281088697845,0.11532281088697845
thetao,W30p0,8,14,0.11502503843704893,0.11502503843704893
thetao,W40p0,5,13,-0.11499981800960858,0.11499981800960858
thetao,W20p0,7,19,0.11473348879989947,0.11473348879989947
so,W40p0,6,8,-0.1147290416065952,0.1147290416065952
thetao,W40p0,5,20,-0.11435084283079525,0.11435084283079525
thetao,W30p0,9,13,0.11392850491947953,0.11392850491947953
so,W10p0,10,16,0.11391728110105373,0.11391728110105373
thetao,W40p0,1,20,-0.11380494324683149,0.11380494324683149
so,W20p0,5,19,0.11370538706809692,0.11370538706809692
thetao,W30p0,3,14,-0.11347267606060059,0.11347267606060059
so,W20p0,3,6,-0.11344884536570626,0.11344884536570626
thetao,W30p0,7,13,0.11342564129483426,0.11342564129483426
thetao,W60p0,10,11,-0.11333619637082991,0.11333619637082991
so,W60p0,3,16,-0.1132064176727932,0.1132064176727932
thetao,W60p0,9,12,0.1125186191406738,0.1125186191406738
thetao,W40p0,5,14,-0.11240416133545844,0.11240416133545844
thetao,W10p0,10,19,0.11226695575575361,0.11226695575575361
thetao,W10p0,8,16,0.11219722227996597,0.11219722227996597
thetao,W40p0,7,18,0.11197694559513374,0.11197694559513374
so,W40p0,6,2,-0.1119614841062237,0.1119614841062237
thetao,W20p0,5,18,0.11194760697892919,0.11194760697892919
thetao,W40p0,5,19,-0.11191856334505602,0.11191856334505602
thetao,W40p0,2,18,0.11188400398068624,0.11188400398068624
thetao,W60p0,4,10,0.11188179756346049,0.11188179756346049
so,W20p0,5,0,0.11169920387738154,0.11169920387738154
so,W40p0,5,17,0.11140606666040813,0.11140606666040813
thetao,W20p0,4,10,0.11138771185172483,0.11138771185172483
so,W30p0,7,3,0.11096700779887136,0.11096700779887136
thetao,W40p0,7,12,0.1109155898498236,0.1109155898498236
so,W40p0,6,7,-0.11082395446346566,0.11082395446346566
so,W20p0,5,17,0.11081970659974279,0.11081970659974279
thetao,W30p0,3,8,0.11058293002842254,0.11058293002842254
thetao,W10p0,5,6,0.11045069664456797,0.11045069664456797
thetao,W40p0,6,4,-0.11039706496729179,0.11039706496729179
thetao,W10p0,7,16,0.1103306548356096,0.1103306548356096
thetao,W30p0,9,12,0.11021052589195218,0.11021052589195218
so,W40p0,6,6,-0.11011955341764204,0.11011955341764204
so,W30p0,6,2,0.10995876490508172,0.10995876490508172
so,W60p0,6,8,-0.10985170574047796,0.10985170574047796
thetao,W20p0,6,18,-0.10938231861010364,0.10938231861010364
so,W20p0,8,19,-0.10907127719428668,0.10907127719428668
thetao,W20p0,3,17,0.10901755346358703,0.10901755346358703
so,W10p0,8,5,-0.10829628104682507,0.10829628104682507
thetao,W10p0,9,11,-0.10811205982661548,0.10811205982661548
so,W30p0,9,2,0.10770774531761647,0.10770774531761647
thetao,W10p0,8,11,0.10768958677765296,0.10768958677765296
thetao,W60p0,5,8,0.10745362795333055,0.10745362795333055
thetao,W40p0,10,10,-0.10738340337190518,0.10738340337190518
thetao,W60p0,9,15,0.10704101185681963,0.10704101185681963
so,W20p0,3,14,-0.10673250386457041,0.10673250386457041
so,W30p0,10,19,-0.10657332871585291,0.10657332871585291
so,W40p0,7,0,-0.10632375569837141,0.10632375569837141
so,W60p0,8,1,0.1062367227947769,0.1062367227947769
thetao,W40p0,2,15,0.10590108121453211,0.10590108121453211
thetao,W20p0,5,17,0.10573682782893243,0.10573682782893243
so,W10p0,10,18,0.10540702851703004,0.10540702851703004
so,W20p0,7,9,-0.10522325405715359,0.10522325405715359
so,W20p0,6,15,-0.10513090779072397,0.10513090779072397
thetao,W10p0,7,15,0.1048271435626954,0.1048271435626954
thetao,W60p0,5,12,0.10478552718375292,0.10478552718375292
thetao,W40p0,10,18,-0.10472916282214524,0.10472916282214524
thetao,W10p0,7,12,0.10469053210341767,0.10469053210341767
thetao,W40p0,9,15,-0.10458470095622881,0.10458470095622881
thetao,W10p0,10,1,0.10448032995556601,0.10448032995556601
so,W20p0,8,3,0.10429310239396423,0.10429310239396423
thetao,W60p0,7,9,-0.10406572950937626,0.10406572950937626
thetao,W40p0,10,3,-0.10400450753449886,0.10400450753449886
so,W20p0,3,9,-0.10390834878563372,0.10390834878563372
so,W60p0,7,3,-0.10387420691023953,0.10387420691023953
so,W40p0,8,14,-0.10385285990805544,0.10385285990805544
so,W30p0,6,7,-0.10378069131960521,0.10378069131960521
so,W30p0,10,15,-0.10376728225681284,0.10376728225681284
so,W20p0,7,17,0.10363509701675207,0.10363509701675207
thetao,W40p0,8,11,0.10333794462365281,0.10333794462365281
so,W60p0,6,11,-0.10318134980765083,0.10318134980765083
thetao,W40p0,2,14,0.10263560970543922,0.10263560970543922
thetao,W10p0,7,6,0.10262266630817583,0.10262266630817583
thetao,W20p0,6,14,0.10222165559310499,0.10222165559310499
so,W40p0,6,1,-0.10199550705843569,0.10199550705843569
so,W30p0,6,16,-0.10199231807872179,0.10199231807872179
thetao,W10p0,5,18,-0.10180761622753573,0.10180761622753573
so,W10p0,6,19,-0.10167196707831946,0.10167196707831946
so,W40p0,6,11,-0.10150052083641609,0.10150052083641609
so,W10p0,10,1,-0.10142918964652031,0.10142918964652031
thetao,W60p0,10,13,-0.10096654706375525,0.10096654706375525
so,W60p0,8,13,-0.10072652757831825,0.10072652757831825
so,W60p0,2,14,0.10064577696025637,0.10064577696025637
so,W10p0,7,5,0.10046242886298005,0.10046242886298005
so,W60p0,5,18,0.10038571924458883,0.10038571924458883
so,W60p0,3,15,-0.1003566216780489,0.1003566216780489
so,W60p0,7,14,0.10026328332455184,0.10026328332455184
so,W30p0,7,17,0.10014065821946022,0.10014065821946022
thetao,W30p0,5,10,0.09992936490868948,0.09992936490868948
so,W30p0,4,10,-0.0998840115713219,0.0998840115713219
thetao,W60p0,8,17,0.09974805491492555,0.09974805491492555
thetao,W30p0,6,19,0.09961996831526684,0.09961996831526684
thetao,W30p0,5,4,0.09961732994495742,0.09961732994495742
so,W60p0,6,9,-0.09957192851781205,0.09957192851781205
so,W60p0,8,11,-0.0994040244408951,0.0994040244408951
thetao,W60p0,7,1,-0.09933681161194147,0.09933681161194147
thetao,W60p0,1,14,0.09932195683849233,0.09932195683849233
so,W30p0,10,5,0.09927345782115234,0.09927345782115234
so,W30p0,10,4,0.09919261190297242,0.09919261190297242
so,W20p0,8,14,0.09918484128893001,0.09918484128893001
thetao,W30p0,8,19,0.09910699352873925,0.09910699352873925
thetao,W20p0,10,6,-0.09878900716959542,0.09878900716959542
so,W10p0,5,20,0.09861220501720008,0.09861220501720008
thetao,W60p0,10,2,0.09854654689101132,0.09854654689101132
thetao,W40p0,6,20,-0.09849763785894483,0.09849763785894483
so,W30p0,10,6,0.09848814060595802,0.09848814060595802
so,W20p0,7,14,0.09819433219226331,0.09819433219226331
so,W10p0,6,11,0.09809827162308778,0.09809827162308778
so,W40p0,4,13,0.09799881711337528,0.09799881711337528
so,W40p0,5,18,0.09799347079056141,0.09799347079056141
so,W30p0,3,20,0.09794734454966428,0.09794734454966428
thetao,W60p0,6,9,0.09782329461176556,0.09782329461176556
so,W20p0,8,16,-0.09731266259994217,0.09731266259994217
so,W60p0,5,9,-0.09726526598531103,0.09726526598531103
thetao,W40p0,5,15,-0.09702032392454563,0.09702032392454563
thetao,W20p0,7,15,-0.09694266491423481,0.09694266491423481
so,W30p0,8,16,0.09660480841118667,0.09660480841118667
so,W10p0,9,0,-0.09656750692562324,0.09656750692562324
so,W20p0,6,19,-0.09642014577798794,0.09642014577798794
so,W30p0,7,12,0.09583043941828709,0.09583043941828709
so,W10p0,10,5,-0.09581522488768454,0.09581522488768454
so,W60p0,4,11,-0.09568638478281152,0.09568638478281152
thetao,W40p0,5,16,-0.09539969192218715,0.09539969192218715
so,W40p0,4,16,-0.09537019762617482,0.09537019762617482
thetao,W10p0,3,13,0.09535041039069994,0.09535041039069994
so,W10p0,9,11,-0.09531470287244764,0.09531470287244764
so,W30p0,6,1,0.0945460937657339,0.0945460937657339
thetao,W10p0,3,16,0.09451012189544859,0.09451012189544859
so,W60p0,2,17,0.09450924200998775,0.09450924200998775
so,W40p0,9,1,0.09449728369760141,0.09449728369760141
thetao,W30p0,8,7,-0.09428944303363312,0.09428944303363312
thetao,W20p0,3,16,0.09408205422826017,0.09408205422826017
so,W60p0,7,4,-0.09382798879148818,0.09382798879148818
thetao,W10p0,9,8,0.09376947185846185,0.09376947185846185
thetao,W20p0,10,14,-0.09355417798753521,0.09355417798753521
thetao,W40p0,8,9,0.09342911994523706,0.09342911994523706
thetao,W60p0,10,12,-0.09337339056079937,0.09337339056079937
so,W20p0,8,17,-0.09323861765434524,0.09323861765434524
thetao,W20p0,3,5,0.09322123787235098,0.09322123787235098
so,W30p0,4,13,-0.09321489652157255,0.09321489652157255
thetao,W60p0,4,3,-0.09320602750281999,0.09320602750281999
thetao,W10p0,5,7,0.09306172666533834,0.09306172666533834
thetao,W30p0,7,11,0.09304215372146164,0.09304215372146164
thetao,W40p0,5,17,-0.09303332170812197,0.09303332170812197
so,W30p0,6,20,-0.09298149291310878,0.09298149291310878
thetao,W10p0,8,17,0.09276047086546763,0.09276047086546763
thetao,W10p0,3,3,-0.09274729008791636,0.09274729008791636
thetao,W20p0,3,15,0.09252690573317547,0.09252690573317547
so,W10p0,3,6,-0.0924107176426924,0.0924107176426924
so,W30p0,9,1,0.09211621344246376,0.09211621344246376
thetao,W20p0,10,7,-0.092008150513355,0.092008150513355
thetao,W20p0,3,9,0.09196832794448288,0.09196832794448288
so,W10p0,6,1,0.0919386801122106,0.0919386801122106
so,W30p0,7,4,0.09158519896169233,0.09158519896169233
so,W30p0,8,17,0.09147586320141268,0.09147586320141268
so,W60p0,6,2,0.09136153286735048,0.09136153286735048
so,W20p0,10,1,-0.09127235962669672,0.09127235962669672
thetao,W30p0,8,6,-0.09112165687156652,0.09112165687156652
thetao,W60p0,8,20,0.0909660285147467,0.0909660285147467
thetao,W60p0,5,10,0.09059195046232466,0.09059195046232466
so,W20p0,8,7,0.0904768870514862,0.0904768870514862
thetao,W30p0,7,5,0.09046815549677013,0.09046815549677013
thetao,W30p0,7,4,0.09037263568966061,0.09037263568966061
so,W30p0,9,20,0.09012469198792356,0.09012469198792356
so,W40p0,5,11,-0.09005588487611575,0.09005588487611575
thetao,W30p0,8,1,-0.09000994031989709,0.09000994031989709
so,W20p0,6,7,0.08995206758350764,0.08995206758350764
so,W30p0,8,20,0.08981127954470355,0.08981127954470355
so,W40p0,4,4,0.08966612739698185,0.08966612739698185
thetao,W30p0,8,12,-0.08965316225015656,0.08965316225015656
thetao,W40p0,6,3,-0.08934568243720935,0.08934568243720935
so,W60p0,8,12,-0.08912586639887822,0.08912586639887822
thetao,W40p0,10,9,-0.08905610421055382,0.08905610421055382
thetao,W60p0,7,10,-0.08894498753210364,0.08894498753210364
thetao,W10p0,3,9,0.08893056736861098,0.08893056736861098
thetao,W60p0,4,20,-0.08880098449254653,0.08880098449254653
thetao,W10p0,3,20,0.0887842945704492,0.0887842945704492
so,W20p0,10,2,-0.08875131531802889,0.08875131531802889
thetao,W10p0,9,1,0.08857312916710146,0.08857312916710146
so,W60p0,5,3,-0.08796058500615773,0.08796058500615773
thetao,W40p0,8,10,0.08785870522408447,0.08785870522408447
so,W60p0,2,16,0.08751706406703258,0.08751706406703258
so,W30p0,8,18,0.08749820750363176,0.08749820750363176
thetao,W20p0,4,11,0.0874168192552729,0.0874168192552729
thetao,W10p0,3,17,0.0873920037383451,0.0873920037383451
thetao,W10p0,7,17,0.08691218606166462,0.08691218606166462
thetao,W10p0,3,8,0.08689040966214577,0.08689040966214577
thetao,W10p0,3,14,0.08634953094168922,0.08634953094168922
thetao,W20p0,6,11,-0.08627309539481925,0.08627309539481925
thetao,W40p0,5,18,-0.08620725007873056,0.08620725007873056
thetao,W40p0,10,5,-0.08607426271815723,0.08607426271815723
so,W40p0,7,3,-0.08592776244963617,0.08592776244963617
thetao,W10p0,3,10,0.08585041724137009,0.08585041724137009
so,W10p0,10,11,-0.08555618375167445,0.08555618375167445
thetao,W20p0,10,16,-0.08554098206128667,0.08554098206128667
so,W10p0,7,6,0.08539380772199934,0.08539380772199934
so,W30p0,7,7,0.08508448498786696,0.08508448498786696
so,W40p0,5,8,0.08495542591922683,0.08495542591922683
thetao,W40p0,9,16,-0.08481502671665996,0.08481502671665996
thetao,W40p0,7,16,0.08440604684307862,0.08440604684307862
so,W10p0,9,20,0.08413810595837386,0.08413810595837386
so,W60p0,2,15,0.0840340447716248,0.0840340447716248
thetao,W10p0,10,2,0.08396701045336728,0.08396701045336728
so,W30p0,6,6,-0.08394600527124384,0.08394600527124384
thetao,W40p0,7,17,0.08338248990068912,0.08338248990068912
so,W60p0,6,6,0.08336492544924078,0.08336492544924078
so,W40p0,5,19,0.08322110283446718,0.08322110283446718
so,W60p0,4,20,-0.08301975509226299,0.08301975509226299
so,W40p0,9,5,0.08286413137355146,0.08286413137355146
so,W20p0,7,13,0.08285021926714294,0.08285021926714294
so,W40p0,5,7,0.08279696028698837,0.08279696028698837
so,W10p0,6,4,0.08255425771667596,0.08255425771667596
so,W10p0,5,11,0.0825340501034282,0.0825340501034282
thetao,W10p0,7,11,0.08226006871293753,0.08226006871293753
thetao,W60p0,1,13,0.08215108073436078,0.08215108073436078
thetao,W40p0,6,11,-0.08195929523957335,0.08195929523957335
so,W40p0,6,9,-0.08184884726250331,0.08184884726250331
so,W10p0,3,11,0.08181991143006456,0.08181991143006456
thetao,W10p0,9,20,-0.08170010051924556,0.08170010051924556
so,W30p0,8,19,0.0814136831967989,0.0814136831967989
thetao,W40p0,2,13,0.08098976148654018,0.08098976148654018
so,W40p0,7,2,-0.08089054610842025,0.08089054610842025
so,W40p0,9,15,0.0807755039388819,0.0807755039388819
thetao,W60p0,4,11,0.08076796091085649,0.08076796091085649
so,W40p0,8,16,-0.0806804956782342,0.0806804956782342
thetao,W20p0,6,10,-0.08062118134564554,0.08062118134564554
thetao,W10p0,10,9,-0.0803965535657157,0.0803965535657157
so,W40p0,5,13,-0.08007524340324708,0.08007524340324708
thetao,W60p0,7,8,-0.07999310489367115,0.07999310489367115
so,W60p0,9,0,0.07980226078350598,0.07980226078350598
so,W40p0,4,2,0.07979939584801492,0.07979939584801492
so,W60p0,5,8,-0.07965045093033908,0.07965045093033908
so,W20p0,6,6,0.07943657049745563,0.07943657049745563
so,W40p0,7,7,-0.0793203585513054,0.0793203585513054
thetao,W60p0,10,10,-0.07924989689850047,0.07924989689850047
thetao,W60p0,10,7,-0.07922846954775672,0.07922846954775672
so,W30p0,9,12,0.07896226717781842,0.07896226717781842
so,W10p0,10,20,-0.07894890343314094,0.07894890343314094
thetao,W40p0,2,0,-0.07890399638926253,0.07890399638926253
thetao,W40p0,10,4,-0.07870401261009856,0.07870401261009856
thetao,W10p0,8,8,-0.07869605172136847,0.07869605172136847
thetao,W60p0,6,10,0.07824278314038126,0.07824278314038126
so,W60p0,2,18,0.07815102527293899,0.07815102527293899
thetao,W10p0,3,11,0.07813012252575098,0.07813012252575098
so,W60p0,5,13,-0.07759758175851002,0.07759758175851002
thetao,W10p0,7,9,-0.07751116001904634,0.07751116001904634
thetao,W40p0,9,10,0.07748325881169021,0.07748325881169021
thetao,W30p0,3,13,-0.07735799722781056,0.07735799722781056
thetao,W60p0,1,12,0.07710945352203552,0.07710945352203552
thetao,W10p0,3,12,0.07694874241172905,0.07694874241172905
so,W30p0,6,10,0.07647599512755043,0.07647599512755043
thetao,W60p0,5,14,0.07646194369256362,0.07646194369256362
so,W20p0,7,12,0.0761693796495012,0.0761693796495012
thetao,W30p0,2,4,0.07563091455654315,0.07563091455654315
thetao,W20p0,6,12,-0.07560625244632634,0.07560625244632634
so,W20p0,3,17,-0.07552390868182474,0.07552390868182474
so,W10p0,7,14,-0.07532670178214701,0.07532670178214701
so,W40p0,4,8,-0.07490892610165852,0.07490892610165852
thetao,W20p0,10,10,-0.07478201964168182,0.07478201964168182
thetao,W60p0,3,7,-0.0746967805741215,0.0746967805741215
so,W10p0,5,19,0.07429615235104634,0.07429615235104634
thetao,W10p0,6,10,0.07426349659238862,0.07426349659238862
so,W20p0,9,12,0.07388345893437866,0.07388345893437866
so,W10p0,3,2,0.07363516100857041,0.07363516100857041
so,W30p0,7,20,0.07352653148258348,0.07352653148258348
so,W10p0,5,16,-0.07339638315363026,0.07339638315363026
thetao,W20p0,5,12,0.07333771422753985,0.07333771422753985
thetao,W60p0,5,9,0.07297540590677148,0.07297540590677148
thetao,W40p0,6,12,-0.07262262940086532,0.07262262940086532
so,W30p0,6,4,0.07249602366751551,0.07249602366751551
thetao,W60p0,4,18,-0.072460786747219,0.072460786747219
so,W40p0,6,16,0.0722235074545833,0.0722235074545833
so,W60p0,7,8,0.0721556868612919,0.0721556868612919
thetao,W20p0,7,11,-0.07211059047437895,0.07211059047437895
thetao,W30p0,2,3,0.071764612329083,0.071764612329083
thetao,W10p0,9,17,-0.07148749318366401,0.07148749318366401
so,W30p0,8,13,0.07137750867235379,0.07137750867235379
so,W40p0,6,17,0.07115855526531946,0.07115855526531946
so,W10p0,3,5,-0.0710456409532036,0.0710456409532036
so,W30p0,4,12,-0.07053521055813107,0.07053521055813107
so,W60p0,7,16,0.07009018184769024,0.07009018184769024
so,W20p0,6,5,0.07007388038603045,0.07007388038603045
thetao,W20p0,8,17,-0.07001163783366751,0.07001163783366751
so,W30p0,9,6,0.06985657329823894,0.06985657329823894
so,W20p0,5,15,0.06983465844355953,0.06983465844355953
thetao,W30p0,6,20,0.0697404231584236,0.0697404231584236
so,W20p0,6,13,0.06940207298016972,0.06940207298016972
so,W60p0,8,0,0.06934107278327545,0.06934107278327545
thetao,W10p0,3,7,0.06911453318310255,0.06911453318310255
so,W10p0,9,6,-0.06821873758158893,0.06821873758158893
so,W10p0,10,12,-0.06809385791614607,0.06809385791614607
so,W20p0,7,16,0.06779597387588392,0.06779597387588392
thetao,W30p0,7,9,0.06776468631582636,0.06776468631582636
so,W10p0,8,6,-0.06755570137495027,0.06755570137495027
thetao,W60p0,3,16,0.06733052321493954,0.06733052321493954
so,W60p0,4,2,-0.06716248173243386,0.06716248173243386
so,W20p0,7,10,-0.06685270334619574,0.06685270334619574
thetao,W30p0,8,20,0.0667670814419932,0.0667670814419932
thetao,W30p0,7,6,0.06665653152038374,0.06665653152038374
so,W40p0,7,1,-0.06664835402379655,0.06664835402379655
so,W10p0,7,8,-0.06648433526759606,0.06648433526759606
thetao,W30p0,2,14,-0.06636589824253607,0.06636589824253607
thetao,W40p0,10,6,-0.06631055249654484,0.06631055249654484
so,W40p0,6,15,0.06608186716435456,0.06608186716435456
thetao,W30p0,5,7,-0.06577435849621564,0.06577435849621564
thetao,W20p0,3,7,0.06526023392741928,0.06526023392741928
thetao,W10p0,10,18,0.06490845252849586,0.06490845252849586
thetao,W60p0,4,17,-0.06467337405500977,0.06467337405500977
thetao,W10p0,5,19,-0.06464288319680488,0.06464288319680488
thetao,W60p0,10,6,-0.06458299536875206,0.06458299536875206
thetao,W60p0,3,18,0.06444979016125868,0.06444979016125868
so,W30p0,4,18,-0.06423667550464371,0.06423667550464371
so,W20p0,8,2,0.06418418867206313,0.06418418867206313
so,W40p0,4,7,-0.06413137228996206,0.06413137228996206
so,W40p0,4,12,0.0640835503945453,0.0640835503945453
so,W60p0,4,12,-0.0634558264361273,0.0634558264361273
so,W60p0,2,19,0.063431862196489,0.063431862196489
thetao,W60p0,3,20,0.0632377922385211,0.0632377922385211
thetao,W10p0,10,3,0.06318274035809948,0.06318274035809948
thetao,W20p0,4,12,0.063098944551522,0.063098944551522
thetao,W20p0,5,10,-0.0630812831108075,0.0630812831108075
so,W40p0,5,20,0.06307710765140276,0.06307710765140276
so,W40p0,4,5,0.06297113191055186,0.06297113191055186
so,W60p0,5,2,-0.06294727074265898,0.06294727074265898
so,W10p0,7,4,0.06278231377997939,0.06278231377997939
thetao,W60p0,4,19,-0.06269533760397833,0.06269533760397833
so,W30p0,9,11,0.06261656135250632,0.06261656135250632
so,W20p0,7,15,0.06256597320608501,0.06256597320608501
so,W40p0,6,0,-0.062227493899203457,0.062227493899203457
so,W40p0,5,6,0.06219746736265399,0.06219746736265399
so,W60p0,5,16,0.06200900479810195,0.06200900479810195
thetao,W10p0,3,18,0.06195889512463601,0.06195889512463601
thetao,W10p0,5,15,-0.06192058135892611,0.06192058135892611
thetao,W20p0,10,9,-0.06129168114127369,0.06129168114127369
so,W60p0,7,10,0.061159758586161586,0.061159758586161586
thetao,W10p0,7,8,-0.06097650308515119,0.06097650308515119
thetao,W60p0,4,16,-0.06094999980171104,0.06094999980171104
thetao,W60p0,3,15,0.06065905963265917,0.06065905963265917
thetao,W30p0,3,9,0.06065418498309753,0.06065418498309753
thetao,W30p0,7,0,0.06032773772275242,0.06032773772275242
thetao,W20p0,4,20,-0.060199168022909165,0.060199168022909165
thetao,W40p0,7,15,0.059384804289353485,0.059384804289353485
thetao,W60p0,3,17,0.059322634681269575,0.059322634681269575
thetao,W20p0,3,8,0.059229188964757075,0.059229188964757075
so,W60p0,6,1,0.0591170256201525,0.0591170256201525
thetao,W10p0,6,20,0.058885624436743216,0.058885624436743216
thetao,W20p0,3,6,0.058830972921494695,0.058830972921494695
so,W60p0,3,20,-0.05818134227347776,0.05818134227347776
so,W20p0,9,13,0.057776572139766634,0.057776572139766634
so,W30p0,7,18,0.05769787587145379,0.05769787587145379
thetao,W30p0,7,10,0.0576939449440124,0.0576939449440124
thetao,W60p0,1,11,0.05759036598688452,0.05759036598688452
so,W10p0,5,3,0.05750415244406348,0.05750415244406348
so,W10p0,5,10,0.057257808275233184,0.057257808275233184
thetao,W60p0,1,1,0.05724435402749453,0.05724435402749453
so,W60p0,7,19,0.05722279686725949,0.05722279686725949
thetao,W20p0,7,13,-0.05721063383674991,0.05721063383674991
so,W60p0,7,12,0.05715934628287471,0.05715934628287471
so,W40p0,6,12,-0.05709825724913826,0.05709825724913826
thetao,W60p0,1,2,0.05694004838477814,0.05694004838477814
thetao,W10p0,5,16,-0.056911015760262064,0.056911015760262064
so,W40p0,7,9,-0.056295733444638056,0.056295733444638056
so,W10p0,5,5,-0.0562796058751401,0.0562796058751401
thetao,W40p0,2,5,0.056272042018938866,0.056272042018938866
so,W10p0,5,6,-0.05625082630354912,0.05625082630354912
so,W60p0,7,15,0.05602758852845097,0.05602758852845097
thetao,W20p0,7,20,0.05593656343953384,0.05593656343953384
so,W60p0,4,1,-0.055936291644643456,0.055936291644643456
thetao,W40p0,10,7,-0.05571557850337407,0.05571557850337407
so,W10p0,3,10,0.05544292700226883,0.05544292700226883
thetao,W10p0,9,0,0.055424304198156214,0.055424304198156214
thetao,W30p0,7,3,0.05516910134363671,0.05516910134363671
thetao,W20p0,6,15,0.055118342731102235,0.055118342731102235
so,W40p0,9,4,0.05509766857837719,0.05509766857837719
so,W10p0,8,20,0.05498837178295213,0.05498837178295213
so,W30p0,9,19,0.05482129446135296,0.05482129446135296
thetao,W20p0,10,8,-0.05475511414729059,0.05475511414729059
so,W10p0,9,1,-0.05459738175613272,0.05459738175613272
thetao,W40p0,2,6,0.054564562420210905,0.054564562420210905
so,W10p0,10,10,-0.05453820385147888,0.05453820385147888
thetao,W40p0,10,20,-0.05445786167055387,0.05445786167055387
so,W10p0,5,15,-0.05407362824809799,0.05407362824809799
thetao,W30p0,7,15,0.05397001166301813,0.05397001166301813
so,W10p0,6,7,0.05387621120343811,0.05387621120343811
so,W30p0,8,11,0.053768295365139614,0.053768295365139614
thetao,W10p0,9,6,0.05370342822814652,0.05370342822814652
thetao,W30p0,7,16,0.05353508853897014,0.05353508853897014
thetao,W60p0,6,16,-0.05349620154473303,0.05349620154473303
so,W40p0,7,10,-0.053483721997913826,0.053483721997913826
so,W10p0,6,16,-0.053465292290757895,0.053465292290757895
thetao,W60p0,6,15,-0.05341719500933115,0.05341719500933115
thetao,W40p0,10,8,-0.053091196426040266,0.053091196426040266
thetao,W60p0,6,11,0.05304140697813481,0.05304140697813481
thetao,W60p0,10,9,-0.052826296152079774,0.052826296152079774
so,W30p0,7,16,0.05231048875913628,0.05231048875913628
thetao,W20p0,4,18,-0.051317379831742595,0.051317379831742595
thetao,W40p0,2,7,0.05116287559664388,0.05116287559664388
thetao,W10p0,10,8,-0.05108421480911607,0.05108421480911607
thetao,W10p0,9,16,-0.050952815722007126,0.050952815722007126
thetao,W20p0,6,17,-0.050824294952483764,0.050824294952483764
thetao,W30p0,9,18,-0.050801457357841834,0.050801457357841834
so,W60p0,7,9,0.05075987545455581,0.05075987545455581
thetao,W60p0,6,14,-0.050721919723170195,0.050721919723170195
thetao,W60p0,3,2,-0.05066216988657083,0.05066216988657083
thetao,W60p0,5,16,0.05062490031721896,0.05062490031721896
thetao,W30p0,3,12,-0.05057351884966941,0.05057351884966941
so,W40p0,9,13,0.05056894767623055,0.05056894767623055
thetao,W10p0,6,13,0.05002563254851471,0.05002563254851471
thetao,W60p0,1,3,0.04996186379342166,0.04996186379342166
so,W60p0,7,17,0.04977169373442119,0.04977169373442119
so,W20p0,7,20,0.049742754236610606,0.049742754236610606
so,W60p0,3,19,-0.04954612530033127,0.04954612530033127
so,W30p0,6,14,0.04930557176111678,0.04930557176111678
so,W40p0,5,9,0.049113584171108324,0.049113584171108324
so,W30p0,6,15,-0.049018672865563835,0.049018672865563835
thetao,W10p0,3,6,0.048955654790571575,0.048955654790571575
thetao,W10p0,3,19,0.048863219646317554,0.048863219646317554
so,W10p0,6,5,0.04874732362555938,0.04874732362555938
thetao,W20p0,6,8,0.04867195394480692,0.04867195394480692
thetao,W10p0,8,6,0.04861761248214903,0.04861761248214903
so,W40p0,4,15,0.04857127907166105,0.04857127907166105
thetao,W30p0,2,12,0.048409927550156676,0.048409927550156676
so,W30p0,4,11,-0.04840264689938443,0.04840264689938443
thetao,W60p0,3,6,-0.04835133660713558,0.04835133660713558
so,W10p0,8,16,-0.04819533441500333,0.04819533441500333
thetao,W60p0,1,7,-0.04819464742406402,0.04819464742406402
so,W40p0,8,17,-0.047989546284157684,0.047989546284157684
so,W20p0,7,18,0.04785543996962585,0.04785543996962585
so,W20p0,6,20,-0.04761970907884828,0.04761970907884828
thetao,W20p0,10,15,-0.047157039519260015,0.047157039519260015
so,W60p0,4,0,-0.04701156967873731,0.04701156967873731
so,W10p0,6,8,0.046850008830226685,0.046850008830226685
thetao,W10p0,10,10,-0.046777337799073386,0.046777337799073386
thetao,W60p0,3,13,0.04668465023556655,0.04668465023556655
so,W60p0,5,10,-0.04663191339293498,0.04663191339293498
so,W30p0,8,12,0.046459233708857704,0.046459233708857704
thetao,W60p0,3,12,0.04645404203638704,0.04645404203638704
thetao,W40p0,2,8,0.046379621457121385,0.046379621457121385
so,W10p0,6,10,0.046343184545909306,0.046343184545909306
so,W10p0,5,12,0.046133042434518635,0.046133042434518635
thetao,W20p0,4,17,-0.04582592195853164,0.04582592195853164
thetao,W60p0,9,18,-0.04540540177044971,0.04540540177044971
thetao,W10p0,9,10,-0.04515823006101897,0.04515823006101897
thetao,W20p0,7,14,-0.0448307743623398,0.0448307743623398
thetao,W10p0,8,10,0.044759208375545846,0.044759208375545846
thetao,W10p0,8,7,-0.04469910839171326,0.04469910839171326
so,W40p0,5,16,0.044672370758146646,0.044672370758146646
thetao,W30p0,8,18,0.04446419861118445,0.04446419861118445
so,W10p0,8,15,-0.04441750408470558,0.04441750408470558
so,W20p0,8,18,-0.044354221804123475,0.044354221804123475
thetao,W30p0,5,9,0.0441407603762679,0.0441407603762679
thetao,W20p0,8,7,-0.043186162662431644,0.043186162662431644
thetao,W60p0,1,6,-0.04315251401526149,0.04315251401526149
so,W60p0,7,13,0.042941086061622655,0.042941086061622655
so,W10p0,7,16,-0.042927018855477464,0.042927018855477464
thetao,W20p0,4,13,0.04290865676335685,0.04290865676335685
so,W10p0,3,9,-0.04275620243409141,0.04275620243409141
thetao,W30p0,7,20,0.042718874666404914,0.042718874666404914
thetao,W30p0,7,19,-0.04258878029087264,0.04258878029087264
so,W10p0,10,6,-0.04221333586536148,0.04221333586536148
thetao,W60p0,8,19,0.041741233557596936,0.041741233557596936
so,W30p0,4,19,-0.0414362007475825,0.0414362007475825
thetao,W20p0,7,12,-0.04127825147368239,0.04127825147368239
thetao,W10p0,3,4,-0.04125231667829408,0.04125231667829408
so,W60p0,7,5,-0.04122706327354956,0.04122706327354956
so,W10p0,9,13,0.040928342277318536,0.040928342277318536
so,W30p0,10,9,0.04084581002317935,0.04084581002317935
thetao,W40p0,2,12,0.04062317609931348,0.04062317609931348
thetao,W60p0,6,17,-0.04054442750929484,0.04054442750929484
thetao,W10p0,6,18,-0.03980881366374279,0.03980881366374279
thetao,W10p0,6,12,0.03980206276524025,0.03980206276524025
thetao,W60p0,3,1,-0.039713789269524596,0.039713789269524596
so,W60p0,3,17,-0.039559042191139746,0.039559042191139746
thetao,W60p0,1,8,-0.039361006865452845,0.039361006865452845
thetao,W60p0,10,5,-0.039360006031553575,0.039360006031553575
so,W10p0,10,8,0.0393076046502366,0.0393076046502366
thetao,W40p0,2,4,0.03887468563656085,0.03887468563656085
thetao,W60p0,1,10,0.03884402177781494,0.03884402177781494
so,W30p0,6,0,0.038804048765118976,0.038804048765118976
thetao,W40p0,2,9,0.0384969084188249,0.0384969084188249
thetao,W20p0,4,19,-0.038417119873210566,0.038417119873210566
thetao,W60p0,4,5,0.03834995929105846,0.03834995929105846
thetao,W20p0,6,9,-0.03820209584817833,0.03820209584817833
so,W10p0,3,3,0.03761384851045812,0.03761384851045812
so,W40p0,5,15,0.03751778034151558,0.03751778034151558
so,W60p0,8,6,0.03715390536917869,0.03715390536917869
thetao,W60p0,5,18,0.037053952482471265,0.037053952482471265
so,W10p0,8,18,-0.03703051628733873,0.03703051628733873
thetao,W30p0,2,11,0.036484329644837214,0.036484329644837214
so,W10p0,5,18,0.0362160238754468,0.0362160238754468
so,W10p0,10,13,-0.03620819123850647,0.03620819123850647
so,W30p0,4,20,-0.03590785972017577,0.03590785972017577
thetao,W20p0,10,19,0.03556484945127419,0.03556484945127419
thetao,W30p0,8,2,-0.03556480391145893,0.03556480391145893
thetao,W10p0,9,5,0.03552737000783133,0.03552737000783133
so,W60p0,3,18,-0.035292260463334287,0.035292260463334287
so,W40p0,5,5,-0.03522756515026295,0.03522756515026295
so,W20p0,8,9,-0.03509056431983463,0.03509056431983463
so,W60p0,8,7,-0.034727248068046036,0.034727248068046036
thetao,W40p0,7,0,0.03440823682475785,0.03440823682475785
so,W30p0,10,11,-0.034285634398862244,0.034285634398862244
thetao,W30p0,2,10,-0.034028168532369715,0.034028168532369715
so,W10p0,10,0,-0.03351128812323819,0.03351128812323819
so,W40p0,5,14,-0.033320599093904016,0.033320599093904016
thetao,W60p0,4,14,-0.03321125166537414,0.03321125166537414
so,W10p0,6,17,-0.032946634427490656,0.032946634427490656
thetao,W20p0,8,8,-0.03259629311843236,0.03259629311843236
thetao,W10p0,6,14,0.032514804331370536,0.032514804331370536
thetao,W60p0,3,10,-0.03226162645637715,0.03226162645637715
thetao,W60p0,9,17,-0.03221657645788327,0.03221657645788327
so,W40p0,6,18,0.03218309461484686,0.03218309461484686
so,W10p0,6,3,0.032149240461538546,0.032149240461538546
thetao,W20p0,10,17,-0.032114655937563984,0.032114655937563984
so,W40p0,7,6,-0.031906128681737374,0.031906128681737374
thetao,W60p0,7,4,0.03179758643171331,0.03179758643171331
thetao,W60p0,4,4,-0.03172007609179724,0.03172007609179724
so,W40p0,5,4,-0.03161307800579223,0.03161307800579223
thetao,W60p0,10,14,-0.03157119283793875,0.03157119283793875
so,W20p0,8,13,0.031536958151086036,0.031536958151086036
so,W40p0,8,15,-0.031422500658565396,0.031422500658565396
so,W60p0,7,11,0.03138795325538639,0.03138795325538639
thetao,W60p0,8,18,0.03138137282586176,0.03138137282586176
thetao,W60p0,8,0,0.03110456953071079,0.03110456953071079
so,W10p0,9,12,-0.031025672447868555,0.031025672447868555
so,W40p0,4,1,0.030967656005960565,0.030967656005960565
thetao,W10p0,10,14,-0.030951762191646907,0.030951762191646907
thetao,W30p0,9,19,-0.030920850845348305,0.030920850845348305
so,W60p0,4,15,0.03073738597018504,0.03073738597018504
so,W60p0,6,0,-0.03072933464533619,0.03072933464533619
so,W60p0,4,19,-0.030718055109396333,0.030718055109396333
so,W10p0,8,13,-0.030551718670872103,0.030551718670872103
thetao,W10p0,6,19,-0.03050536859011026,0.03050536859011026
thetao,W30p0,7,17,0.03049049989162226,0.03049049989162226
thetao,W60p0,3,4,0.030394362072992925,0.030394362072992925
thetao,W30p0,7,14,0.03038625359650326,0.03038625359650326
thetao,W30p0,2,13,0.03037819869532628,0.03037819869532628
thetao,W30p0,9,20,-0.030353025098809442,0.030353025098809442
thetao,W40p0,9,13,0.030255733435915127,0.030255733435915127
so,W40p0,4,10,-0.030164219389966888,0.030164219389966888
thetao,W60p0,4,12,0.030002799419728717,0.030002799419728717
thetao,W20p0,7,16,-0.029981079827745002,0.029981079827745002
so,W10p0,9,16,0.02991729405830588,0.02991729405830588
so,W20p0,8,0,-0.029817795306290328,0.029817795306290328
thetao,W20p0,8,9,-0.029749394594993504,0.029749394594993504
thetao,W60p0,7,3,0.029717310216528663,0.029717310216528663
so,W20p0,8,15,0.029579324376462737,0.029579324376462737
thetao,W10p0,5,13,-0.0295094438994593,0.0295094438994593
thetao,W20p0,6,0,0.02940159132533016,0.02940159132533016
so,W40p0,5,3,-0.029159051989672467,0.029159051989672467
so,W40p0,7,8,-0.028998141955385928,0.028998141955385928
thetao,W10p0,10,16,-0.0289114241429375,0.0289114241429375
thetao,W10p0,7,1,-0.028800423382084373,0.028800423382084373
so,W40p0,4,3,0.028773179182644864,0.028773179182644864
thetao,W30p0,8,5,-0.028752556987223832,0.028752556987223832
thetao,W10p0,10,20,0.028463933744280065,0.028463933744280065
thetao,W40p0,2,1,-0.02843742242949773,0.02843742242949773
so,W10p0,10,9,0.02794060897630851,0.02794060897630851
so,W10p0,7,7,0.02789671538833259,0.02789671538833259
so,W10p0,9,14,0.027822906394286303,0.027822906394286303
so,W40p0,4,6,0.02770088720212226,0.02770088720212226
so,W60p0,7,18,0.027673584711175703,0.027673584711175703
thetao,W30p0,5,6,-0.02760004949487032,0.02760004949487032
thetao,W60p0,4,15,-0.027595527775402664,0.027595527775402664
thetao,W60p0,6,18,-0.027529769986195957,0.027529769986195957
so,W10p0,8,14,-0.02745656190176423,0.02745656190176423
thetao,W40p0,9,14,-0.027093318708528782,0.027093318708528782
thetao,W20p0,4,14,0.027003167963062503,0.027003167963062503
thetao,W10p0,9,4,-0.026474915320387267,0.026474915320387267
thetao,W60p0,10,8,-0.02626406448738964,0.02626406448738964
so,W10p0,10,19,0.026008011609358242,0.026008011609358242
thetao,W40p0,2,10,0.025946166886115358,0.025946166886115358
thetao,W60p0,10,3,0.025703563007432734,0.025703563007432734
so,W30p0,8,10,-0.025601045958408647,0.025601045958408647
so,W40p0,9,6,-0.0255031651980114,0.0255031651980114
so,W10p0,8,7,-0.02546120303121208,0.02546120303121208
thetao,W60p0,1,0,0.0253115044535989,0.0253115044535989
thetao,W10p0,10,15,0.025222928780795746,0.025222928780795746
so,W60p0,7,7,0.02516756394787264,0.02516756394787264
so,W30p0,9,7,0.025158779062483955,0.025158779062483955
so,W40p0,5,1,-0.025016788607916333,0.025016788607916333
thetao,W20p0,4,16,-0.02489038252062396,0.02489038252062396
so,W10p0,6,2,0.024846663788603084,0.024846663788603084
so,W10p0,5,7,0.02453673035242024,0.02453673035242024
thetao,W60p0,6,13,-0.024501125639932616,0.024501125639932616
thetao,W30p0,3,10,0.024463819768428482,0.024463819768428482
so,W10p0,5,9,-0.024452146740764208,0.024452146740764208
thetao,W30p0,5,5,0.024259092953998525,0.024259092953998525
thetao,W60p0,3,5,0.023998559354997794,0.023998559354997794
so,W60p0,4,13,-0.023895401609085824,0.023895401609085824
thetao,W60p0,3,11,0.02352770506043316,0.02352770506043316
so,W60p0,4,16,0.023443366697761772,0.023443366697761772
so,W60p0,2,20,0.023382492330394036,0.023382492330394036
so,W30p0,6,8,-0.02330114870664188,0.02330114870664188
thetao,W20p0,8,13,-0.023279139092543925,0.023279139092543925
thetao,W30p0,9,17,0.02315399532585116,0.02315399532585116
so,W40p0,6,19,0.023072205409757376,0.023072205409757376
thetao,W10p0,8,9,-0.02290631424182519,0.02290631424182519
thetao,W20p0,7,17,0.022840408023421327,0.022840408023421327
thetao,W60p0,10,4,-0.02283909786991199,0.02283909786991199
thetao,W60p0,9,20,0.022776525318812385,0.022776525318812385
so,W40p0,9,14,0.02277618018905649,0.02277618018905649
so,W10p0,5,8,-0.022737302036589975,0.022737302036589975
so,W10p0,5,14,-0.022537934334799434,0.022537934334799434
thetao,W30p0,7,8,0.02247532903560125,0.02247532903560125
thetao,W30p0,5,8,-0.022151283236081384,0.022151283236081384
thetao,W40p0,9,12,0.022109019449589977,0.022109019449589977
thetao,W20p0,8,15,-0.021789610100982272,0.021789610100982272
thetao,W10p0,9,19,-0.0217650669920558,0.0217650669920558
thetao,W60p0,5,20,0.021744000216046153,0.021744000216046153
so,W40p0,5,10,-0.02168812893529843,0.02168812893529843
thetao,W10p0,10,17,-0.021470693928215677,0.021470693928215677
thetao,W10p0,10,4,0.02131782540090229,0.02131782540090229
thetao,W60p0,5,15,-0.02119988771351479,0.02119988771351479
so,W60p0,5,11,-0.021169510316306667,0.021169510316306667
thetao,W40p0,6,13,-0.020625990488406933,0.020625990488406933
so,W10p0,10,7,-0.020595773217490742,0.020595773217490742
so,W10p0,3,1,0.02054494799254053,0.02054494799254053
so,W60p0,5,0,-0.020472987229837834,0.020472987229837834
so,W10p0,9,3,0.020466860092694567,0.020466860092694567
thetao,W60p0,3,0,-0.020067353665190777,0.020067353665190777
so,W30p0,7,15,0.01991460987793865,0.01991460987793865
so,W20p0,6,14,-0.019808958614927364,0.019808958614927364
thetao,W30p0,7,18,-0.019655948092334282,0.019655948092334282
thetao,W10p0,5,14,0.01957014985743192,0.01957014985743192
so,W20p0,8,12,0.019210269960287775,0.019210269960287775
thetao,W10p0,3,5,0.019147896052268496,0.019147896052268496
thetao,W60p0,7,7,-0.01906744048033494,0.01906744048033494
so,W40p0,4,14,0.01885408313244792,0.01885408313244792
so,W30p0,9,8,0.018571988630113948,0.018571988630113948
so,W30p0,6,9,0.018459108006250936,0.018459108006250936
thetao,W20p0,5,11,0.018426082101306356,0.018426082101306356
thetao,W10p0,6,11,0.018400302498225447,0.018400302498225447
so,W10p0,9,5,0.018265129904294766,0.018265129904294766
thetao,W60p0,3,3,0.017984058007237052,0.017984058007237052
thetao,W40p0,2,11,0.01793723743806064,0.01793723743806064
so,W20p0,8,1,0.017842018784549867,0.017842018784549867
so,W20p0,9,19,0.017802517148330907,0.017802517148330907
thetao,W30p0,3,11,-0.0177663800438204,0.0177663800438204
thetao,W20p0,8,10,0.017758459743110556,0.017758459743110556
thetao,W10p0,7,10,0.017688071083278793,0.017688071083278793
so,W20p0,9,14,-0.017679197666427733,0.017679197666427733
thetao,W60p0,7,2,-0.01764946473419066,0.01764946473419066
so,W10p0,5,17,-0.017631777719454806,0.017631777719454806
thetao,W30p0,8,17,0.017604913372573402,0.017604913372573402
so,W20p0,8,11,0.0175876147181549,0.0175876147181549
thetao,W20p0,8,16,-0.016962862205854953,0.016962862205854953
so,W10p0,9,4,0.016650053321234218,0.016650053321234218
so,W60p0,7,20,0.01661575948249075,0.01661575948249075
so,W60p0,5,12,-0.016578797872662657,0.016578797872662657
so,W40p0,4,11,-0.016383279336438177,0.016383279336438177
so,W60p0,5,14,-0.016215019256583234,0.016215019256583234
thetao,W10p0,5,12,-0.016211490030482806,0.016211490030482806
so,W60p0,4,14,-0.01612324724166868,0.01612324724166868
so,W60p0,5,15,0.016045553234964323,0.016045553234964323
thetao,W20p0,10,18,0.015925430417170428,0.015925430417170428
so,W30p0,7,14,-0.015915218356158143,0.015915218356158143
so,W20p0,5,16,0.015879394690087395,0.015879394690087395
thetao,W60p0,1,9,-0.015742677581756948,0.015742677581756948
thetao,W30p0,2,2,-0.015364569459698996,0.015364569459698996
thetao,W30p0,8,3,-0.015031762729480702,0.015031762729480702
thetao,W10p0,5,10,-0.015004254795045923,0.015004254795045923
thetao,W30p0,7,7,0.014866518893190633,0.014866518893190633
so,W40p0,9,2,0.014449760321929751,0.014449760321929751
so,W20p0,9,15,-0.014382255424489294,0.014382255424489294
thetao,W10p0,5,9,-0.014325161827304755,0.014325161827304755
thetao,W60p0,1,5,-0.014195364808267903,0.014195364808267903
thetao,W60p0,1,4,0.014018683808564164,0.014018683808564164
so,W20p0,8,10,-0.013947557607679425,0.013947557607679425
so,W10p0,8,9,-0.013888334122435444,0.013888334122435444
thetao,W60p0,3,19,0.013752310923101854,0.013752310923101854
so,W30p0,6,5,0.013639525960310827,0.013639525960310827
so,W10p0,9,2,-0.013601703947380089,0.013601703947380089
thetao,W40p0,2,2,-0.013556507082188555,0.013556507082188555
so,W40p0,9,3,-0.013358547580247064,0.013358547580247064
so,W30p0,10,10,-0.013307962965939968,0.013307962965939968
so,W10p0,6,9,0.012794840283000533,0.012794840283000533
so,W40p0,6,13,-0.012608293089432178,0.012608293089432178
so,W40p0,6,14,0.01203097843920889,0.01203097843920889
thetao,W20p0,6,13,-0.011790000786685961,0.011790000786685961
so,W10p0,6,15,0.011676412976120086,0.011676412976120086
thetao,W10p0,9,2,-0.011491923860423085,0.011491923860423085
thetao,W10p0,9,9,0.011478473827330814,0.011478473827330814
so,W10p0,3,4,-0.011474435779056538,0.011474435779056538
so,W40p0,6,20,-0.01140838674936501,0.01140838674936501
so,W40p0,4,9,-0.01135037228687661,0.01135037228687661
thetao,W30p0,8,13,0.011251529163248038,0.011251529163248038
thetao,W20p0,6,16,0.011205932095120526,0.011205932095120526
thetao,W40p0,2,3,0.011080037702733263,0.011080037702733263
thetao,W60p0,6,20,-0.011063053254521851,0.011063053254521851
thetao,W10p0,10,5,-0.010850468200696189,0.010850468200696189
thetao,W60p0,6,19,-0.010759639687576967,0.010759639687576967
so,W30p0,10,8,0.010714739310213425,0.010714739310213425
so,W10p0,8,17,-0.010640490863691352,0.010640490863691352
thetao,W10p0,10,11,-0.010468986677667502,0.010468986677667502
so,W10p0,9,15,0.010444853171694666,0.010444853171694666
so,W10p0,6,6,0.010379597586244243,0.010379597586244243
thetao,W20p0,8,12,0.010093230044523834,0.010093230044523834
thetao,W10p0,10,12,0.010070240112850456,0.010070240112850456
thetao,W60p0,6,12,0.009986213352146618,0.009986213352146618
so,W60p0,7,6,0.009618273586270695,0.009618273586270695
so,W30p0,10,12,-0.009610951379590274,0.009610951379590274
thetao,W20p0,10,20,0.009321648740898858,0.009321648740898858
thetao,W60p0,3,14,0.009183619278814819,0.009183619278814819
so,W10p0,5,4,-0.009025659733647537,0.009025659733647537
thetao,W30p0,2,5,0.008934976639285946,0.008934976639285946
so,W10p0,5,13,0.008929549973273115,0.008929549973273115
so,W30p0,10,14,-0.008920560444298082,0.008920560444298082
so,W30p0,7,19,-0.0088517409503558,0.0088517409503558
so,W30p0,10,7,0.00877161723014958,0.00877161723014958
so,W60p0,5,17,-0.008743964754283903,0.008743964754283903
so,W20p0,9,16,0.008715781374878792,0.008715781374878792
thetao,W30p0,8,15,0.008634144995593099,0.008634144995593099
so,W10p0,9,17,0.008627109592008912,0.008627109592008912
so,W40p0,5,0,-0.008623806561892211,0.008623806561892211
thetao,W10p0,5,11,0.008501154316514168,0.008501154316514168
thetao,W60p0,9,19,0.008458399904807444,0.008458399904807444
thetao,W10p0,9,18,-0.008354040297054409,0.008354040297054409
so,W10p0,7,15,-0.007945172299283067,0.007945172299283067
so,W20p0,9,17,0.007871054802977255,0.007871054802977255
thetao,W60p0,7,6,0.0077883922826495,0.0077883922826495
thetao,W40p0,10,19,-0.00752378747439897,0.00752378747439897
thetao,W60p0,10,15,0.007258506670980367,0.007258506670980367
so,W10p0,8,8,-0.007243170983328744,0.007243170983328744
so,W20p0,7,19,0.007188474542944726,0.007188474542944726
so,W10p0,10,14,0.006924635041943607,0.006924635041943607
thetao,W10p0,10,6,-0.006903704172081911,0.006903704172081911
thetao,W10p0,10,13,0.00656428282131841,0.00656428282131841
thetao,W10p0,5,8,0.006354270811602157,0.006354270811602157
thetao,W60p0,7,5,0.006218772406985133,0.006218772406985133
so,W10p0,8,11,0.006194724069453607,0.006194724069453607
thetao,W60p0,4,13,-0.006156938012685787,0.006156938012685787
thetao,W20p0,4,15,-0.006025264133542603,0.006025264133542603
thetao,W20p0,8,11,0.005900259265964735,0.005900259265964735
so,W60p0,5,1,-0.0056919738122404515,0.0056919738122404515
so,W10p0,9,18,-0.005573160325510765,0.005573160325510765
thetao,W30p0,7,2,-0.005517303927973722,0.005517303927973722
thetao,W40p0,9,11,0.005432609065125095,0.005432609065125095
so,W30p0,7,13,0.0052781968487294025,0.0052781968487294025
thetao,W30p0,7,1,-0.005226056153766198,0.005226056153766198
so,W20p0,7,11,0.004842474125482014,0.004842474125482014
thetao,W60p0,9,16,-0.004810714617204509,0.004810714617204509
so,W40p0,5,2,-0.004605466030560673,0.004605466030560673
so,W10p0,8,12,-0.004263415237465408,0.004263415237465408
thetao,W10p0,10,7,-0.0038101657967655454,0.0038101657967655454
thetao,W30p0,8,4,0.0037061982018927577,0.0037061982018927577
so,W10p0,7,3,0.003476508944624886,0.003476508944624886
thetao,W10p0,6,16,0.003337980323982096,0.003337980323982096
so,W10p0,8,10,0.0031933313765311905,0.0031933313765311905
thetao,W60p0,5,19,0.003174372320688444,0.003174372320688444
so,W10p0,9,19,-0.002872513322901533,0.002872513322901533
thetao,W20p0,8,18,0.0027245405231326055,0.0027245405231326055
so,W20p0,8,8,-0.0026786576071692794,0.0026786576071692794
so,W20p0,9,18,0.0024222861696737504,0.0024222861696737504
thetao,W20p0,8,14,-0.0021919871498341614,0.0021919871498341614
thetao,W60p0,5,17,0.002107542291587985,0.002107542291587985
thetao,W30p0,8,16,-0.00185865544717574,0.00185865544717574
so,W10p0,10,15,0.0017309001868941708,0.0017309001868941708
so,W10p0,3,0,-0.0017299734592316498,0.0017299734592316498
so,W10p0,8,19,0.0014080909585952495,0.0014080909585952495
so,W30p0,9,10,0.0013705629519542286,0.0013705629519542286
thetao,W10p0,6,17,0.001058713142515334,0.001058713142515334
thetao,W10p0,9,3,-0.0010206630929192422,0.0010206630929192422
so,W30p0,10,13,-0.0007489862633726032,0.0007489862633726032
thetao,W10p0,7,7,0.0005710013473697137,0.0005710013473697137
so,W30p0,9,9,-0.0005262335999627678,0.0005262335999627678
so,W20p0,9,20,0.0004973462077323274,0.0004973462077323274
so,W60p0,4,18,0.0004887590465040646,0.0004887590465040646
thetao,W40p0,6,14,0.00048317595712796187,0.00048317595712796187
so,W60p0,6,7,1.615290577823566e-05,1.615290577823566e-05
