var,lon_tag,mode,lag,corr,abs_corr
thetao,W40p0,3,0,0.6695959034162877,0.6695959034162877
thetao,W30p0,4,3,0.6369139747715625,0.6369139747715625
thetao,W30p0,4,4,0.6268043770631595,0.6268043770631595
thetao,W60p0,2,0,-0.591983607840752,0.591983607840752
thetao,W30p0,4,2,0.5893189921425341,0.5893189921425341
thetao,W30p0,4,5,0.5880289356155088,0.5880289356155088
so,W60p0,1,0,0.5278069476089583,0.5278069476089583
so,W40p0,2,1,0.5203895803002717,0.5203895803002717
so,W60p0,1,1,0.5140251740373191,0.5140251740373191
thetao,W20p0,3,4,-0.507557588290569,0.507557588290569
thetao,W30p0,1,17,-0.5062579595830254,0.5062579595830254
so,W30p0,1,11,-0.5001116502101653,0.5001116502101653
thetao,W30p0,4,6,0.4967489813138468,0.4967489813138468
thetao,W30p0,1,18,-0.4953397018946277,0.4953397018946277
so,W30p0,1,12,-0.48583417439102794,0.48583417439102794
so,W40p0,2,2,0.48369887656138494,0.48369887656138494
thetao,W20p0,3,5,-0.48351619632221415,0.48351619632221415
thetao,W10p0,5,16,-0.48242538997397816,0.48242538997397816
thetao,W30p0,4,1,0.4748032996454987,0.4748032996454987
so,W40p0,2,0,0.47249578688197896,0.47249578688197896
thetao,W20p0,3,3,-0.46649412357208564,0.46649412357208564
so,W30p0,1,10,-0.4645374116331023,0.4645374116331023
thetao,W20p0,3,6,-0.4628679002561091,0.4628679002561091
thetao,W60p0,2,1,-0.46267029512675584,0.46267029512675584
thetao,W40p0,1,20,-0.46208612569378443,0.46208612569378443
thetao,W30p0,1,16,-0.46111857261836364,0.46111857261836364
thetao,W40p0,1,19,-0.4606290869649916,0.4606290869649916
thetao,W10p0,1,4,-0.4577215243419735,0.4577215243419735
thetao,W10p0,5,17,-0.45663577545858774,0.45663577545858774
thetao,W10p0,5,18,-0.4558957278345065,0.4558957278345065
thetao,W40p0,1,18,-0.45005328855483095,0.45005328855483095
so,W40p0,5,11,-0.4483868961945325,0.4483868961945325
so,W40p0,5,10,-0.44473528807693774,0.44473528807693774
thetao,W10p0,5,15,-0.4429644299812277,0.4429644299812277
so,W10p0,8,5,0.44122450508320954,0.44122450508320954
thetao,W20p0,2,19,-0.4396573765124935,0.4396573765124935
thetao,W10p0,1,3,-0.4374698450112462,0.4374698450112462
thetao,W30p0,1,19,-0.4350496985638147,0.4350496985638147
thetao,W20p0,2,16,-0.4348826531932312,0.4348826531932312
thetao,W20p0,2,17,-0.4332762385878912,0.4332762385878912
thetao,W10p0,1,5,-0.43192099182527266,0.43192099182527266
thetao,W40p0,5,15,0.4313023823353508,0.4313023823353508
thetao,W40p0,5,18,0.43000926259581207,0.43000926259581207
thetao,W20p0,3,7,-0.4276904360430175,0.4276904360430175
thetao,W10p0,1,6,-0.425674028259324,0.425674028259324
so,W10p0,1,17,-0.4218628252484946,0.4218628252484946
thetao,W10p0,1,2,-0.4213753536634801,0.4213753536634801
thetao,W20p0,2,18,-0.4178729605823579,0.4178729605823579
thetao,W30p0,4,0,0.416815204617562,0.416815204617562
so,W30p0,2,0,0.41531066690718754,0.41531066690718754
so,W60p0,1,2,0.41405978088851997,0.41405978088851997
thetao,W10p0,5,19,-0.41395127863513836,0.41395127863513836
thetao,W60p0,6,16,-0.4129790937645325,0.4129790937645325
so,W40p0,1,12,-0.4125405326068158,0.4125405326068158
so,W10p0,8,2,0.4119564425905997,0.4119564425905997
so,W10p0,1,16,-0.4106890585548727,0.4106890585548727
thetao,W20p0,1,6,0.41018824771187506,0.41018824771187506
thetao,W30p0,1,12,-0.4090194047807218,0.4090194047807218
so,W30p0,1,9,-0.40755153665649557,0.40755153665649557
thetao,W30p0,1,11,-0.4050413394327467,0.4050413394327467
so,W40p0,1,13,-0.40486589766277314,0.40486589766277314
thetao,W40p0,5,19,0.4032462305827502,0.4032462305827502
thetao,W40p0,3,1,0.40280089453002604,0.40280089453002604
thetao,W10p0,1,7,-0.40233810006897514,0.40233810006897514
thetao,W20p0,2,15,-0.39999757394806185,0.39999757394806185
thetao,W40p0,1,17,-0.3994643835477853,0.3994643835477853
so,W10p0,8,3,0.39851437184785243,0.39851437184785243
thetao,W30p0,1,15,-0.3976890370545252,0.3976890370545252
thetao,W10p0,1,1,-0.3968741144280665,0.3968741144280665
thetao,W30p0,1,13,-0.3963646461342694,0.3963646461342694
thetao,W30p0,4,7,0.3959936401793707,0.3959936401793707
thetao,W60p0,1,1,0.3956391094833934,0.3956391094833934
so,W40p0,2,3,0.39476747296403825,0.39476747296403825
thetao,W30p0,3,5,0.3938693472185681,0.3938693472185681
thetao,W20p0,3,8,-0.3935815598023969,0.3935815598023969
thetao,W40p0,9,2,0.39296319663680473,0.39296319663680473
so,W40p0,4,6,-0.39285241461116477,0.39285241461116477
so,W40p0,1,20,-0.39279797082348916,0.39279797082348916
thetao,W20p0,1,7,0.39239453647581635,0.39239453647581635
so,W20p0,7,19,0.3922583608431676,0.3922583608431676
thetao,W40p0,9,4,0.39174120564082304,0.39174120564082304
so,W40p0,6,1,-0.39159477656747455,0.39159477656747455
thetao,W30p0,3,4,0.3905133757512676,0.3905133757512676
thetao,W40p0,5,17,0.3903228213280146,0.3903228213280146
so,W20p0,7,17,0.39014261170259157,0.39014261170259157
thetao,W20p0,1,5,0.38949641789727235,0.38949641789727235
thetao,W40p0,1,14,-0.38880253709848484,0.38880253709848484
thetao,W60p0,5,3,0.38831015527568197,0.38831015527568197
thetao,W30p0,1,14,-0.3882102447984796,0.3882102447984796
thetao,W40p0,8,9,-0.3874564560533738,0.3874564560533738
thetao,W60p0,1,0,0.38667194052021603,0.38667194052021603
so,W60p0,1,8,0.38665199738143574,0.38665199738143574
thetao,W60p0,6,17,-0.3865234439074076,0.3865234439074076
thetao,W40p0,5,12,0.3864080435616156,0.3864080435616156
thetao,W20p0,3,2,-0.38625507437836337,0.38625507437836337
thetao,W10p0,8,15,-0.38498932164507077,0.38498932164507077
thetao,W30p0,8,20,0.3837779500438909,0.3837779500438909
thetao,W40p0,5,16,0.3806719067419747,0.3806719067419747
so,W60p0,10,13,-0.3800738366339233,0.3800738366339233
thetao,W40p0,5,14,0.38006675641345966,0.38006675641345966
thetao,W40p0,9,1,0.37953549320775654,0.37953549320775654
thetao,W40p0,1,15,-0.3788139886440882,0.3788139886440882
thetao,W40p0,8,10,-0.3786766082783682,0.3786766082783682
thetao,W10p0,1,8,-0.3776804515839021,0.3776804515839021
so,W60p0,10,0,0.37724900446841586,0.37724900446841586
thetao,W60p0,6,15,-0.3771903245458456,0.3771903245458456
thetao,W40p0,5,10,0.37698147416161665,0.37698147416161665
so,W40p0,2,5,0.3760861039353597,0.3760861039353597
thetao,W10p0,4,7,-0.3758706505907617,0.3758706505907617
so,W10p0,8,4,0.3757160194758217,0.3757160194758217
so,W60p0,10,12,-0.3752466930352791,0.3752466930352791
thetao,W40p0,5,11,0.374973576252047,0.374973576252047
thetao,W20p0,3,9,-0.37488847728772556,0.37488847728772556
thetao,W60p0,7,0,-0.37482662096967617,0.37482662096967617
thetao,W20p0,1,8,0.37374377553686955,0.37374377553686955
so,W20p0,2,2,0.37346342951500844,0.37346342951500844
thetao,W30p0,3,6,0.37307730780159765,0.37307730780159765
so,W60p0,1,9,0.3726081430887238,0.3726081430887238
thetao,W40p0,5,20,0.37239799852020194,0.37239799852020194
thetao,W20p0,1,4,0.37181943577275633,0.37181943577275633
so,W10p0,8,6,0.3706272267914406,0.3706272267914406
thetao,W40p0,5,13,0.36997613704616333,0.36997613704616333
so,W10p0,1,18,-0.36973365971755373,0.36973365971755373
so,W20p0,7,16,0.36885163456373,0.36885163456373
so,W40p0,3,0,-0.3681619051470274,0.3681619051470274
thetao,W10p0,1,0,-0.3681424851328194,0.3681424851328194
thetao,W20p0,1,20,-0.3675149726369126,0.3675149726369126
thetao,W30p0,3,3,0.3667493334075148,0.3667493334075148
thetao,W10p0,8,16,-0.36663918932556006,0.36663918932556006
thetao,W60p0,6,12,-0.3659509280777503,0.3659509280777503
thetao,W20p0,9,18,-0.3618979311942863,0.3618979311942863
thetao,W10p0,1,9,-0.3612410172911985,0.3612410172911985
thetao,W60p0,5,2,0.3610688752138669,0.3610688752138669
thetao,W20p0,3,0,-0.3607485712257313,0.3607485712257313
thetao,W40p0,9,3,0.36004011404437286,0.36004011404437286
thetao,W40p0,1,16,-0.359914984920169,0.359914984920169
so,W20p0,7,18,0.3582916773215279,0.3582916773215279
thetao,W20p0,2,20,-0.35816683594273296,0.35816683594273296
thetao,W40p0,1,13,-0.35590332416714526,0.35590332416714526
so,W40p0,5,9,-0.3552436794114384,0.3552436794114384
so,W30p0,1,13,-0.35509695258368457,0.35509695258368457
thetao,W40p0,5,9,0.355009776906547,0.355009776906547
so,W10p0,8,1,0.3549352791861607,0.3549352791861607
thetao,W30p0,6,12,-0.3547429777571659,0.3547429777571659
thetao,W10p0,1,10,-0.35460652952784893,0.35460652952784893
thetao,W60p0,1,2,0.3538367045742389,0.3538367045742389
thetao,W60p0,6,13,-0.35347152358151523,0.35347152358151523
so,W40p0,2,4,0.3534437911790627,0.3534437911790627
thetao,W30p0,6,11,-0.35220108264272754,0.35220108264272754
so,W30p0,6,10,0.35217694527572624,0.35217694527572624
so,W20p0,10,4,-0.3521546674539998,0.3521546674539998
thetao,W60p0,5,4,0.35153842457806916,0.35153842457806916
so,W30p0,9,3,0.3508052476271517,0.3508052476271517
so,W40p0,1,14,-0.35065308536347356,0.35065308536347356
thetao,W60p0,6,14,-0.350476688083875,0.350476688083875
thetao,W40p0,6,10,0.35039268655531786,0.35039268655531786
so,W20p0,2,1,0.3500880539472768,0.3500880539472768
so,W10p0,4,7,-0.34933651094834217,0.34933651094834217
thetao,W60p0,3,10,0.3491919601055356,0.3491919601055356
thetao,W10p0,5,20,-0.3491721222908043,0.3491721222908043
thetao,W30p0,5,4,-0.3485443041912146,0.3485443041912146
thetao,W40p0,6,11,0.3483006057269867,0.3483006057269867
thetao,W60p0,2,2,-0.34771600849687334,0.34771600849687334
so,W60p0,1,7,0.3475356875729642,0.3475356875729642
so,W40p0,6,0,-0.3473172629324902,0.3473172629324902
so,W60p0,1,3,0.3471959257695209,0.3471959257695209
so,W10p0,4,8,-0.3465553218388212,0.3465553218388212
so,W40p0,1,18,-0.3448777806773556,0.3448777806773556
so,W40p0,1,0,0.3437027295154449,0.3437027295154449
so,W30p0,6,16,0.34365287558395574,0.34365287558395574
so,W60p0,1,10,0.34323968906630764,0.34323968906630764
thetao,W30p0,4,8,0.3413368546690044,0.3413368546690044
so,W10p0,1,15,-0.34127892809422516,0.34127892809422516
so,W20p0,2,3,0.34086322276212533,0.34086322276212533
so,W40p0,3,12,0.3408284747865425,0.3408284747865425
thetao,W30p0,5,5,-0.3406371421875724,0.3406371421875724
thetao,W20p0,1,3,0.33992404175540647,0.33992404175540647
thetao,W30p0,1,10,-0.33987931499714336,0.33987931499714336
so,W10p0,4,1,-0.3392767439973676,0.3392767439973676
so,W20p0,7,20,0.33872724813781907,0.33872724813781907
so,W40p0,4,7,-0.338177226349441,0.338177226349441
thetao,W40p0,6,12,0.3377970294075674,0.3377970294075674
thetao,W10p0,5,14,-0.33770289499140477,0.33770289499140477
so,W40p0,2,6,0.3363416567765999,0.3363416567765999
thetao,W40p0,1,12,-0.33476976065904557,0.33476976065904557
thetao,W20p0,1,19,-0.33425290409966885,0.33425290409966885
so,W40p0,5,12,-0.33362744163173785,0.33362744163173785
so,W10p0,5,4,-0.333521197373938,0.333521197373938
thetao,W20p0,3,10,-0.33339044339836177,0.33339044339836177
thetao,W30p0,5,6,-0.3333322114251764,0.3333322114251764
so,W60p0,10,14,-0.33327474730782247,0.33327474730782247
so,W60p0,9,11,-0.3315503523163867,0.3315503523163867
thetao,W40p0,5,8,0.33090601030676536,0.33090601030676536
thetao,W40p0,6,9,0.330338717220795,0.330338717220795
thetao,W30p0,1,0,0.3303384089800277,0.3303384089800277
thetao,W20p0,2,14,-0.32995844603614977,0.32995844603614977
so,W40p0,1,19,-0.3299468814289737,0.3299468814289737
thetao,W30p0,3,2,0.32961041155409615,0.32961041155409615
thetao,W10p0,4,6,-0.3294955096199317,0.3294955096199317
so,W40p0,6,2,-0.32922489178575076,0.32922489178575076
so,W20p0,7,15,0.3290860959260578,0.3290860959260578
so,W30p0,1,18,-0.3281414249034761,0.3281414249034761
so,W20p0,2,10,0.32798400784762616,0.32798400784762616
so,W30p0,2,1,0.32656930322029876,0.32656930322029876
thetao,W30p0,6,13,-0.32526416245532813,0.32526416245532813
so,W40p0,1,15,-0.3249389520285666,0.3249389520285666
thetao,W10p0,8,14,-0.32456767366421296,0.32456767366421296
so,W20p0,5,20,-0.3241017725211001,0.3241017725211001
thetao,W20p0,3,1,-0.32376251584321786,0.32376251584321786
so,W30p0,1,3,-0.3235407995019871,0.3235407995019871
thetao,W20p0,5,17,0.3235240506537523,0.3235240506537523
so,W20p0,7,14,0.32291161111363637,0.32291161111363637
thetao,W30p0,6,10,-0.32209051512133213,0.32209051512133213
thetao,W40p0,6,13,0.32191826481774716,0.32191826481774716
thetao,W10p0,4,8,-0.32183594736812304,0.32183594736812304
so,W10p0,4,2,-0.3210363288039027,0.3210363288039027
so,W10p0,1,19,-0.3206141707860034,0.3206141707860034
so,W60p0,9,14,-0.32055459436094236,0.32055459436094236
thetao,W60p0,3,11,0.3197297700902431,0.3197297700902431
thetao,W20p0,9,19,-0.31931843848467084,0.31931843848467084
thetao,W10p0,4,5,-0.31789848817268335,0.31789848817268335
thetao,W40p0,2,20,0.3173014294511277,0.3173014294511277
thetao,W20p0,4,20,-0.31684277254479304,0.31684277254479304
thetao,W60p0,10,14,-0.3163481679075314,0.3163481679075314
thetao,W20p0,9,20,-0.3162161819221799,0.3162161819221799
thetao,W40p0,8,11,-0.3162013735224587,0.3162013735224587
so,W40p0,4,5,-0.31490535982243106,0.31490535982243106
thetao,W60p0,7,11,0.31383203448273966,0.31383203448273966
so,W30p0,6,11,0.3134195327815281,0.3134195327815281
thetao,W10p0,1,11,-0.31161934341467645,0.31161934341467645
so,W10p0,8,7,0.31148218664642024,0.31148218664642024
thetao,W40p0,1,0,0.3113527748399514,0.3113527748399514
thetao,W60p0,1,3,0.31061764609555625,0.31061764609555625
thetao,W40p0,4,8,0.310249003153117,0.310249003153117
thetao,W40p0,4,9,0.310032210079504,0.310032210079504
so,W10p0,5,3,-0.30974653976742034,0.30974653976742034
so,W10p0,9,11,-0.3087477098902604,0.3087477098902604
so,W30p0,9,0,0.3085924581208598,0.3085924581208598
so,W10p0,1,20,-0.30813748855351103,0.30813748855351103
so,W10p0,8,0,0.30768473905766575,0.30768473905766575
thetao,W10p0,7,17,-0.307142893696558,0.307142893696558
so,W10p0,4,6,-0.30701559006697193,0.30701559006697193
thetao,W10p0,2,4,-0.30639936965636855,0.30639936965636855
thetao,W60p0,6,11,-0.3047386444312883,0.3047386444312883
so,W20p0,2,9,0.30471549783199325,0.30471549783199325
thetao,W60p0,10,11,-0.30471340234985617,0.30471340234985617
so,W20p0,2,11,0.3036736405762233,0.3036736405762233
so,W60p0,9,12,-0.3023258582489657,0.3023258582489657
so,W60p0,1,4,0.30197013243963294,0.30197013243963294
thetao,W60p0,6,18,-0.3017232412747678,0.3017232412747678
so,W60p0,1,6,0.3012395837672702,0.3012395837672702
thetao,W30p0,4,9,0.3010041678693431,0.3010041678693431
so,W20p0,7,4,-0.30091446487713874,0.30091446487713874
thetao,W10p0,8,18,-0.3006456734710279,0.3006456734710279
thetao,W20p0,1,9,0.2997573468292471,0.2997573468292471
so,W10p0,1,14,-0.29882296736434677,0.29882296736434677
thetao,W20p0,1,18,-0.2987151275049574,0.2987151275049574
thetao,W30p0,1,20,-0.2976705267356204,0.2976705267356204
so,W60p0,10,16,-0.2975131553407694,0.2975131553407694
thetao,W10p0,2,3,-0.2973540920971003,0.2973540920971003
thetao,W40p0,3,2,0.29731672872290993,0.29731672872290993
so,W20p0,4,4,0.29702665585721827,0.29702665585721827
thetao,W30p0,6,9,-0.29642190681448477,0.29642190681448477
so,W20p0,5,6,0.29616365596352023,0.29616365596352023
so,W60p0,4,12,0.2957206932760599,0.2957206932760599
thetao,W60p0,7,12,0.2955828946468143,0.2955828946468143
thetao,W30p0,2,0,-0.2953186786536153,0.2953186786536153
thetao,W40p0,8,8,-0.29491984548400607,0.29491984548400607
thetao,W10p0,4,9,-0.29467316802739674,0.29467316802739674
so,W20p0,7,5,-0.2942903338979492,0.2942903338979492
thetao,W60p0,10,12,-0.29402073875152274,0.29402073875152274
thetao,W10p0,8,9,-0.29344954286405556,0.29344954286405556
so,W60p0,10,11,-0.29336137166589055,0.29336137166589055
so,W60p0,1,5,0.2929902703776355,0.2929902703776355
so,W20p0,7,6,-0.29253097412073514,0.29253097412073514
thetao,W30p0,2,10,0.29247749526123906,0.29247749526123906
thetao,W30p0,3,18,-0.29229361444220864,0.29229361444220864
thetao,W20p0,9,17,-0.2919032533931,0.2919032533931
thetao,W40p0,9,7,0.2917522191505164,0.2917522191505164
thetao,W40p0,9,0,0.2916789221628625,0.2916789221628625
so,W30p0,8,9,-0.29156706089061657,0.29156706089061657
so,W20p0,5,5,0.29133254871480524,0.29133254871480524
so,W30p0,1,20,-0.2912429468556047,0.2912429468556047
so,W60p0,10,15,-0.29094233336414177,0.29094233336414177
so,W60p0,5,20,-0.2908485711319731,0.2908485711319731
thetao,W10p0,2,2,-0.2907841155123891,0.2907841155123891
thetao,W10p0,4,4,-0.2897405968612217,0.2897405968612217
so,W30p0,1,17,-0.28891415629877637,0.28891415629877637
thetao,W20p0,4,19,-0.28875977241035916,0.28875977241035916
thetao,W10p0,8,17,-0.2882115591387342,0.2882115591387342
so,W20p0,7,13,0.28806604113377976,0.28806604113377976
thetao,W20p0,1,2,0.28783692917767284,0.28783692917767284
so,W60p0,1,11,0.2875111243009307,0.2875111243009307
thetao,W30p0,7,18,0.28702041950049056,0.28702041950049056
thetao,W40p0,7,10,-0.2867287347084312,0.2867287347084312
so,W40p0,2,9,0.2863158040541682,0.2863158040541682
so,W10p0,9,19,-0.2862865008300292,0.2862865008300292
so,W10p0,5,15,-0.2861366591639858,0.2861366591639858
thetao,W20p0,5,16,0.285892161756678,0.285892161756678
thetao,W30p0,10,7,0.2851750907826215,0.2851750907826215
thetao,W30p0,3,19,-0.2851602201455564,0.2851602201455564
so,W10p0,4,3,-0.28503408318625423,0.28503408318625423
thetao,W40p0,5,7,0.28495728463214925,0.28495728463214925
thetao,W20p0,1,17,-0.28481009301516624,0.28481009301516624
thetao,W10p0,8,19,-0.28469863751539437,0.28469863751539437
thetao,W40p0,7,11,-0.28447012078178663,0.28447012078178663
thetao,W10p0,1,12,-0.2843541620697019,0.2843541620697019
so,W30p0,1,19,-0.28404419175498946,0.28404419175498946
so,W30p0,4,7,0.2839994558604757,0.2839994558604757
so,W20p0,5,8,0.2837867709115127,0.2837867709115127
thetao,W10p0,7,18,-0.28346859159633375,0.28346859159633375
thetao,W10p0,2,5,-0.28325970387357763,0.28325970387357763
thetao,W40p0,7,17,-0.2831970403875733,0.2831970403875733
thetao,W60p0,10,15,-0.2831444109503398,0.2831444109503398
thetao,W30p0,6,14,-0.2824576491930029,0.2824576491930029
thetao,W20p0,6,8,-0.2823638230579958,0.2823638230579958
so,W20p0,2,12,0.2823620815282074,0.2823620815282074
thetao,W30p0,3,17,-0.28213796041060313,0.28213796041060313
thetao,W10p0,3,8,0.2815010805424231,0.2815010805424231
so,W30p0,9,4,0.2806684590542395,0.2806684590542395
so,W10p0,4,5,-0.2804951853948608,0.2804951853948608
so,W10p0,10,20,0.28045785601020107,0.28045785601020107
thetao,W20p0,6,9,-0.280311949133112,0.280311949133112
so,W10p0,4,0,-0.28015352082646144,0.28015352082646144
thetao,W60p0,10,13,-0.2799922022683605,0.2799922022683605
so,W20p0,6,9,0.27973487169154804,0.27973487169154804
so,W30p0,6,17,0.27901271134057337,0.27901271134057337
so,W10p0,2,20,0.27841875542190103,0.27841875542190103
thetao,W10p0,9,1,0.27799672903669165,0.27799672903669165
so,W40p0,2,7,0.2779204953342282,0.2779204953342282
thetao,W30p0,3,7,0.27742288606925836,0.27742288606925836
thetao,W30p0,7,19,0.2774002129243786,0.2774002129243786
so,W40p0,2,8,0.27727364106896885,0.27727364106896885
thetao,W20p0,5,18,0.27725872117917144,0.27725872117917144
so,W10p0,5,2,-0.2770330027853984,0.2770330027853984
so,W40p0,3,13,0.2765727639035421,0.2765727639035421
thetao,W30p0,5,3,-0.2764026186689911,0.2764026186689911
thetao,W10p0,3,7,0.27578583760951214,0.27578583760951214
so,W30p0,1,4,-0.27564919925889403,0.27564919925889403
so,W40p0,10,2,-0.2756183381376131,0.2756183381376131
thetao,W20p0,1,16,-0.27533580345674363,0.27533580345674363
thetao,W60p0,10,16,-0.27528880780555937,0.27528880780555937
thetao,W20p0,3,11,-0.27511450874956694,0.27511450874956694
so,W40p0,10,3,-0.27502473348316714,0.27502473348316714
so,W10p0,2,19,0.2750088176294011,0.2750088176294011
thetao,W40p0,8,7,-0.2733655444599362,0.2733655444599362
so,W30p0,6,4,-0.27335244883206955,0.27335244883206955
thetao,W60p0,7,10,0.27315564595723973,0.27315564595723973
thetao,W40p0,4,10,0.27313376956527163,0.27313376956527163
thetao,W20p0,7,14,0.2724834340817809,0.2724834340817809
so,W10p0,4,9,-0.27210808196531616,0.27210808196531616
so,W10p0,9,13,-0.2718427142516289,0.2718427142516289
so,W40p0,1,11,-0.2718244016446651,0.2718244016446651
thetao,W30p0,6,18,-0.27159602377505276,0.27159602377505276
thetao,W40p0,9,5,0.2709685396199488,0.2709685396199488
thetao,W10p0,7,20,-0.2705243756253688,0.2705243756253688
so,W10p0,5,20,-0.2702657579412215,0.2702657579412215
thetao,W30p0,2,9,0.27009914368846366,0.27009914368846366
thetao,W30p0,1,4,0.2698878543333327,0.2698878543333327
so,W40p0,3,18,0.2697884021473994,0.2697884021473994
thetao,W20p0,2,13,-0.2697467704307886,0.2697467704307886
so,W60p0,6,10,0.2693120736702172,0.2693120736702172
so,W20p0,10,5,-0.2692582788564728,0.2692582788564728
thetao,W40p0,7,18,-0.2685880648248667,0.2685880648248667
so,W30p0,6,5,-0.2679570564484325,0.2679570564484325
so,W60p0,9,2,0.2675997280479021,0.2675997280479021
thetao,W20p0,9,7,0.267555644081348,0.267555644081348
thetao,W40p0,4,7,0.2669491139188608,0.2669491139188608
thetao,W30p0,4,10,0.26667850831271345,0.26667850831271345
thetao,W60p0,10,10,-0.2661737559055397,0.2661737559055397
thetao,W20p0,9,6,0.26616216859003183,0.26616216859003183
thetao,W60p0,5,16,-0.2659544312493988,0.2659544312493988
so,W10p0,9,12,-0.2654810873044468,0.2654810873044468
thetao,W30p0,1,1,0.26529193802107914,0.26529193802107914
so,W20p0,2,4,0.2648660173071295,0.2648660173071295
so,W10p0,4,4,-0.26479704022689937,0.26479704022689937
thetao,W10p0,3,5,0.2644979213273741,0.2644979213273741
thetao,W40p0,9,6,0.26398685626495993,0.26398685626495993
thetao,W10p0,6,1,-0.2634967367931044,0.2634967367931044
so,W40p0,4,8,-0.26320576794851464,0.26320576794851464
so,W10p0,6,16,0.2632025469374587,0.2632025469374587
thetao,W10p0,9,5,0.2629306377382326,0.2629306377382326
thetao,W30p0,3,20,-0.26279469544653866,0.26279469544653866
so,W30p0,1,8,-0.2626572119113998,0.2626572119113998
thetao,W30p0,3,16,-0.2626496301443665,0.2626496301443665
so,W30p0,9,2,0.26176302370226273,0.26176302370226273
thetao,W10p0,7,19,-0.26137086726438935,0.26137086726438935
thetao,W30p0,5,17,0.26126721186556073,0.26126721186556073
thetao,W30p0,5,16,0.26094123846165646,0.26094123846165646
thetao,W10p0,3,6,0.26088571109502895,0.26088571109502895
thetao,W20p0,5,15,0.26081147494796714,0.26081147494796714
so,W60p0,6,13,0.2606666764402998,0.2606666764402998
so,W60p0,5,9,0.2605724038935577,0.2605724038935577
thetao,W30p0,10,8,0.26035346656197306,0.26035346656197306
so,W20p0,10,11,-0.25917080352800487,0.25917080352800487
so,W30p0,1,2,-0.2591194580067802,0.2591194580067802
thetao,W40p0,1,1,0.2589196735551197,0.2589196735551197
so,W40p0,8,17,0.25876030849852705,0.25876030849852705
so,W10p0,10,18,0.2583245553645734,0.2583245553645734
so,W10p0,8,9,0.25824108134268825,0.25824108134268825
so,W20p0,10,3,-0.25806437007014044,0.25806437007014044
so,W30p0,5,5,-0.25755165454651235,0.25755165454651235
so,W10p0,8,8,0.2575206964029773,0.2575206964029773
thetao,W60p0,1,4,0.2569695590402153,0.2569695590402153
thetao,W20p0,1,15,-0.25685432901779925,0.25685432901779925
so,W10p0,5,5,-0.2566716205716746,0.2566716205716746
thetao,W60p0,2,3,-0.2566704084766659,0.2566704084766659
thetao,W10p0,1,13,-0.25618060796328973,0.25618060796328973
so,W40p0,5,8,-0.2558462581363897,0.2558462581363897
so,W30p0,5,4,-0.25569374764581154,0.25569374764581154
thetao,W60p0,10,18,-0.2554394602133862,0.2554394602133862
so,W40p0,3,20,0.2549593111901896,0.2549593111901896
thetao,W60p0,6,10,-0.2549523627506835,0.2549523627506835
thetao,W60p0,10,17,-0.2548925923189985,0.2548925923189985
thetao,W60p0,5,1,0.2548762490517138,0.2548762490517138
so,W40p0,1,17,-0.25473895519228407,0.25473895519228407
so,W40p0,5,7,-0.25470133877535245,0.25470133877535245
so,W40p0,4,4,-0.2546108474600941,0.2546108474600941
so,W60p0,4,11,0.2545954290925509,0.2545954290925509
so,W20p0,10,6,-0.25390184666903187,0.25390184666903187
thetao,W20p0,10,2,-0.25384514039945666,0.25384514039945666
so,W10p0,2,18,0.2537003781528469,0.2537003781528469
thetao,W10p0,2,6,-0.25336383815288194,0.25336383815288194
so,W60p0,6,0,-0.2532123291436537,0.2532123291436537
thetao,W20p0,5,0,-0.2531978860319426,0.2531978860319426
thetao,W60p0,3,12,0.2530939048251819,0.2530939048251819
thetao,W30p0,6,15,-0.2520167930132033,0.2520167930132033
so,W30p0,1,14,-0.2519844164045334,0.2519844164045334
so,W60p0,10,17,-0.25137029965555147,0.25137029965555147
thetao,W40p0,6,8,0.25131609633809593,0.25131609633809593
so,W20p0,7,3,-0.2511664223305583,0.2511664223305583
so,W10p0,9,18,-0.2509575914154008,0.2509575914154008
thetao,W30p0,1,5,0.2506902474777993,0.2506902474777993
so,W30p0,6,18,0.25051011585941463,0.25051011585941463
so,W40p0,4,17,0.2504879721586849,0.2504879721586849
so,W10p0,7,20,0.25029447314213354,0.25029447314213354
thetao,W30p0,6,8,-0.25024183559875857,0.25024183559875857
so,W40p0,1,16,-0.25021216297084975,0.25021216297084975
thetao,W30p0,1,2,0.25020382193924945,0.25020382193924945
thetao,W30p0,2,20,-0.2501970772492736,0.2501970772492736
thetao,W10p0,8,10,-0.2500917104659615,0.2500917104659615
so,W20p0,7,7,-0.2499942088494212,0.2499942088494212
thetao,W10p0,3,15,0.24959740847856984,0.24959740847856984
thetao,W40p0,9,20,-0.24882694987116408,0.24882694987116408
thetao,W30p0,2,11,0.24845174485860183,0.24845174485860183
thetao,W10p0,3,4,0.2482039579460163,0.2482039579460163
thetao,W10p0,9,0,0.24815241924812734,0.24815241924812734
thetao,W30p0,1,3,0.24775921425791,0.24775921425791
thetao,W20p0,7,12,0.2469607697196512,0.2469607697196512
thetao,W40p0,7,16,-0.24682848313223907,0.24682848313223907
so,W20p0,10,12,-0.24674335113472554,0.24674335113472554
thetao,W60p0,6,9,-0.2465775575107629,0.2465775575107629
thetao,W10p0,7,16,-0.24596749724158043,0.24596749724158043
so,W20p0,10,10,-0.24455526639720185,0.24455526639720185
thetao,W30p0,6,19,-0.24446212935991407,0.24446212935991407
thetao,W20p0,5,13,0.2442938453421159,0.2442938453421159
thetao,W10p0,8,8,-0.24368843300267726,0.24368843300267726
so,W30p0,2,2,0.24349181779729237,0.24349181779729237
so,W20p0,5,19,-0.24320847578853605,0.24320847578853605
so,W20p0,6,10,0.24259848842696877,0.24259848842696877
thetao,W40p0,3,5,0.24223136079770938,0.24223136079770938
thetao,W20p0,5,12,0.24129899613683412,0.24129899613683412
so,W10p0,6,19,0.24058061357808694,0.24058061357808694
thetao,W20p0,4,18,-0.24046982386757354,0.24046982386757354
so,W60p0,5,8,0.24036300438755173,0.24036300438755173
thetao,W10p0,2,1,-0.24030488423373952,0.24030488423373952
thetao,W20p0,7,11,0.24029224778334327,0.24029224778334327
so,W20p0,8,0,-0.23993508865140148,0.23993508865140148
so,W10p0,5,16,-0.23979792753194296,0.23979792753194296
thetao,W20p0,5,4,-0.23973274680652334,0.23973274680652334
so,W30p0,6,0,-0.2391650421466945,0.2391650421466945
thetao,W10p0,8,13,-0.23912352186701724,0.23912352186701724
thetao,W10p0,3,3,0.23865904018484693,0.23865904018484693
so,W40p0,3,14,0.23857662095200974,0.23857662095200974
thetao,W10p0,3,9,0.23828713643156882,0.23828713643156882
thetao,W20p0,7,13,0.23781581350389053,0.23781581350389053
thetao,W40p0,6,0,-0.23750886495104906,0.23750886495104906
thetao,W60p0,7,13,0.23743350909882435,0.23743350909882435
so,W40p0,3,11,0.23641633245167507,0.23641633245167507
so,W20p0,5,18,-0.2362781842244947,0.2362781842244947
so,W10p0,9,10,-0.2362742095717324,0.2362742095717324
thetao,W30p0,9,14,-0.2361088794365223,0.2361088794365223
so,W30p0,4,8,0.235399238529925,0.235399238529925
thetao,W30p0,7,0,0.23494960993313638,0.23494960993313638
so,W60p0,2,14,0.23486338655670932,0.23486338655670932
so,W20p0,2,8,0.23465052029582575,0.23465052029582575
thetao,W20p0,5,14,0.2343746139509682,0.2343746139509682
so,W20p0,5,7,0.2343191409918673,0.2343191409918673
thetao,W40p0,4,20,-0.2343050277522793,0.2343050277522793
thetao,W30p0,6,17,-0.2340935593168702,0.2340935593168702
so,W30p0,10,10,-0.23401696624444712,0.23401696624444712
thetao,W20p0,4,16,-0.233211474531826,0.233211474531826
so,W30p0,6,12,0.23310346479831748,0.23310346479831748
thetao,W30p0,1,9,-0.23299021030439426,0.23299021030439426
thetao,W40p0,7,19,-0.23294638865203218,0.23294638865203218
thetao,W30p0,6,16,-0.2328200687311514,0.2328200687311514
thetao,W10p0,10,7,0.2324258963978299,0.2324258963978299
thetao,W10p0,1,20,-0.23172791885971283,0.23172791885971283
so,W40p0,6,3,-0.2315589734768033,0.2315589734768033
thetao,W30p0,5,14,0.2315014049648681,0.2315014049648681
thetao,W10p0,5,13,-0.2314198012150291,0.2314198012150291
so,W30p0,6,9,0.23139508547177523,0.23139508547177523
so,W10p0,1,13,-0.23124560647017,0.23124560647017
so,W40p0,8,16,0.2308639333660579,0.2308639333660579
thetao,W10p0,4,10,-0.23083881655746372,0.23083881655746372
thetao,W60p0,6,19,-0.23067612207806976,0.23067612207806976
thetao,W40p0,6,14,0.23050637570448274,0.23050637570448274
thetao,W30p0,3,1,0.23047539839698708,0.23047539839698708
so,W30p0,4,6,0.23045952718105753,0.23045952718105753
thetao,W20p0,5,19,0.2300312297382631,0.2300312297382631
so,W40p0,9,9,0.23001479962488722,0.23001479962488722
thetao,W10p0,4,3,-0.22977289468806258,0.22977289468806258
so,W40p0,5,13,-0.22924888564533397,0.22924888564533397
so,W10p0,6,18,0.22874779674284237,0.22874779674284237
so,W40p0,10,4,-0.22857193463373557,0.22857193463373557
thetao,W40p0,2,9,-0.22819700736954948,0.22819700736954948
thetao,W10p0,8,11,-0.22783178535764237,0.22783178535764237
so,W30p0,1,16,-0.22781776700965492,0.22781776700965492
thetao,W40p0,9,19,-0.22755163744323137,0.22755163744323137
thetao,W30p0,3,8,0.22734655790107447,0.22734655790107447
so,W60p0,8,10,0.22725992102339032,0.22725992102339032
thetao,W30p0,2,19,-0.2268914032683787,0.2268914032683787
thetao,W30p0,10,6,0.22659538978203317,0.22659538978203317
so,W10p0,5,17,-0.2264655241978922,0.2264655241978922
thetao,W40p0,2,8,-0.22606138888173416,0.22606138888173416
so,W30p0,3,11,-0.22593455242873645,0.22593455242873645
thetao,W10p0,2,10,-0.22583445863906934,0.22583445863906934
thetao,W30p0,5,2,-0.22580524375184693,0.22580524375184693
thetao,W20p0,5,11,0.22579670059376902,0.22579670059376902
thetao,W30p0,9,16,-0.22562762528446795,0.22562762528446795
thetao,W30p0,8,19,0.2252583932700611,0.2252583932700611
so,W40p0,2,10,0.2248159211222416,0.2248159211222416
thetao,W10p0,3,16,0.2247992426080073,0.2247992426080073
so,W20p0,8,7,-0.22462575193794895,0.22462575193794895
thetao,W40p0,9,8,0.22435066407438517,0.22435066407438517
so,W10p0,4,16,0.224241706842079,0.224241706842079
thetao,W30p0,6,7,-0.22408975146919133,0.22408975146919133
thetao,W10p0,4,17,0.22395901625846595,0.22395901625846595
thetao,W10p0,10,6,0.22392205224707745,0.22392205224707745
so,W60p0,8,11,0.22391961479289457,0.22391961479289457
so,W20p0,4,3,0.22377854021008245,0.22377854021008245
thetao,W10p0,4,16,0.22330368988127433,0.22330368988127433
thetao,W10p0,4,18,0.2232777074930753,0.2232777074930753
thetao,W40p0,10,7,-0.22267282127525934,0.22267282127525934
thetao,W10p0,9,6,0.222510327888611,0.222510327888611
so,W10p0,5,14,-0.22159809823202628,0.22159809823202628
thetao,W20p0,5,5,-0.22137773444613287,0.22137773444613287
thetao,W20p0,5,6,-0.2207746184402614,0.2207746184402614
so,W30p0,1,6,-0.22075743236614265,0.22075743236614265
thetao,W20p0,4,17,-0.2203741175507129,0.2203741175507129
thetao,W40p0,3,6,0.22019016153252097,0.22019016153252097
so,W10p0,10,19,0.2201262359497732,0.2201262359497732
so,W20p0,6,8,0.21999821654383694,0.21999821654383694
thetao,W20p0,5,3,-0.21968725308111528,0.21968725308111528
thetao,W30p0,10,9,0.21962365060050681,0.21962365060050681
so,W30p0,6,3,-0.21949321090829446,0.21949321090829446
thetao,W10p0,1,19,-0.218852106059218,0.218852106059218
so,W20p0,5,15,-0.21877678050407812,0.21877678050407812
so,W40p0,10,1,-0.21865693426091726,0.21865693426091726
so,W40p0,9,20,-0.21814573211986601,0.21814573211986601
so,W60p0,9,1,0.21791461370810522,0.21791461370810522
thetao,W60p0,5,17,-0.21789207398347368,0.21789207398347368
thetao,W20p0,1,1,0.21776092963824084,0.21776092963824084
thetao,W10p0,8,7,-0.21742733093065528,0.21742733093065528
thetao,W20p0,1,10,0.21741030437376954,0.21741030437376954
thetao,W60p0,1,5,0.2171628624792704,0.2171628624792704
so,W30p0,8,12,-0.21704767968611832,0.21704767968611832
so,W60p0,2,13,0.21689701801621072,0.21689701801621072
thetao,W10p0,7,7,0.21681203982075825,0.21681203982075825
so,W40p0,4,9,-0.2167463488068373,0.2167463488068373
thetao,W10p0,2,0,-0.2166116624176429,0.2166116624176429
thetao,W30p0,8,8,-0.21658625769545975,0.21658625769545975
thetao,W30p0,7,17,0.21644398292534475,0.21644398292534475
thetao,W30p0,5,1,-0.21643594969231988,0.21643594969231988
thetao,W30p0,3,15,-0.21642986981332382,0.21642986981332382
so,W10p0,6,20,0.21630832408289144,0.21630832408289144
thetao,W10p0,9,4,0.21613484092588087,0.21613484092588087
thetao,W60p0,8,11,0.21581736753989997,0.21581736753989997
thetao,W20p0,10,1,-0.2158157937865681,0.2158157937865681
so,W30p0,8,10,-0.21536327224468343,0.21536327224468343
thetao,W40p0,8,12,-0.21523841489794068,0.21523841489794068
thetao,W20p0,3,12,-0.21513497036299614,0.21513497036299614
so,W40p0,4,16,0.21510304331966357,0.21510304331966357
so,W10p0,5,10,-0.21503236771461237,0.21503236771461237
thetao,W30p0,5,15,0.21487428958713636,0.21487428958713636
so,W30p0,5,6,-0.2147892814171808,0.2147892814171808
so,W30p0,8,1,-0.21468523763021288,0.21468523763021288
thetao,W30p0,5,13,0.21438837666680985,0.21438837666680985
so,W30p0,10,9,-0.21406854834558295,0.21406854834558295
thetao,W30p0,5,7,-0.2140642543935411,0.2140642543935411
thetao,W10p0,1,18,-0.2138938504445109,0.2138938504445109
thetao,W20p0,4,15,-0.21281143059952834,0.21281143059952834
so,W60p0,2,15,0.2127822363303224,0.2127822363303224
so,W40p0,7,3,-0.21267004067015738,0.21267004067015738
thetao,W40p0,1,2,0.21209400721182278,0.21209400721182278
thetao,W40p0,3,3,0.21204310027557577,0.21204310027557577
so,W60p0,8,3,0.21175165832238385,0.21175165832238385
so,W40p0,5,14,-0.21143433198644968,0.21143433198644968
thetao,W30p0,6,20,-0.21137254979648057,0.21137254979648057
so,W60p0,8,2,0.21136955991445638,0.21136955991445638
so,W40p0,7,8,0.21071232827403966,0.21071232827403966
so,W20p0,10,9,-0.21070952916163332,0.21070952916163332
thetao,W40p0,10,6,-0.2106410132190328,0.2106410132190328
thetao,W20p0,9,16,-0.2105230905136612,0.2105230905136612
so,W10p0,8,10,0.2102267222134464,0.2102267222134464
so,W30p0,4,9,0.21017823563923158,0.21017823563923158
thetao,W10p0,3,0,0.2095682438852704,0.2095682438852704
thetao,W60p0,6,8,-0.20944653973884614,0.20944653973884614
thetao,W40p0,9,17,-0.2093882221588574,0.2093882221588574
thetao,W10p0,1,14,-0.20909807734864924,0.20909807734864924
so,W40p0,7,10,0.20881771320924947,0.20881771320924947
so,W30p0,6,15,0.2087887933274612,0.2087887933274612
so,W10p0,2,2,0.20869300945639388,0.20869300945639388
thetao,W30p0,9,15,-0.2082612576505188,0.2082612576505188
thetao,W10p0,9,20,0.20825044893786707,0.20825044893786707
thetao,W20p0,6,4,0.20813313504765915,0.20813313504765915
thetao,W10p0,2,9,-0.20811667727982075,0.20811667727982075
thetao,W60p0,4,11,0.20800170042525476,0.20800170042525476
so,W60p0,10,10,-0.20785369093673997,0.20785369093673997
thetao,W20p0,6,10,-0.20783518359477554,0.20783518359477554
thetao,W20p0,7,10,0.20772740672409523,0.20772740672409523
so,W40p0,3,1,-0.2077082699518118,0.2077082699518118
thetao,W10p0,3,2,0.20754728619357032,0.20754728619357032
so,W30p0,9,1,0.2073773305201631,0.2073773305201631
so,W30p0,1,7,-0.207187713015054,0.207187713015054
so,W20p0,5,16,-0.20702935410820833,0.20702935410820833
thetao,W40p0,7,20,-0.20681967627057662,0.20681967627057662
so,W10p0,5,11,-0.20625329065635956,0.20625329065635956
so,W30p0,8,7,-0.2060640811238209,0.2060640811238209
so,W30p0,3,12,-0.20595442846659326,0.20595442846659326
so,W10p0,2,17,0.20561141422153897,0.20561141422153897
thetao,W60p0,10,19,-0.20526931848694982,0.20526931848694982
thetao,W20p0,2,12,-0.20498432672538666,0.20498432672538666
thetao,W40p0,2,10,-0.20497202235884507,0.20497202235884507
so,W30p0,10,11,-0.2047862503763258,0.2047862503763258
so,W30p0,8,8,-0.2040406463317461,0.2040406463317461
thetao,W30p0,7,10,0.20388719518444437,0.20388719518444437
thetao,W30p0,7,9,0.20355807064681797,0.20355807064681797
thetao,W20p0,2,11,-0.20354065128925034,0.20354065128925034
thetao,W30p0,9,17,-0.2033132879522687,0.2033132879522687
thetao,W60p0,8,19,0.20310128283634885,0.20310128283634885
so,W10p0,4,10,-0.2029897805410431,0.2029897805410431
thetao,W60p0,2,4,-0.2029222226176931,0.2029222226176931
so,W10p0,3,10,-0.2026301567508911,0.2026301567508911
so,W60p0,2,9,-0.20221505238682114,0.20221505238682114
so,W10p0,9,20,-0.2020515257573653,0.2020515257573653
thetao,W10p0,3,14,0.20189459042270236,0.20189459042270236
thetao,W20p0,3,20,-0.20170331398199104,0.20170331398199104
so,W40p0,7,9,0.20092090692832912,0.20092090692832912
thetao,W30p0,5,18,0.200762730144828,0.200762730144828
thetao,W40p0,8,6,-0.20072819552292406,0.20072819552292406
so,W60p0,4,10,0.20072779522776155,0.20072779522776155
so,W60p0,2,20,0.20060159274487938,0.20060159274487938
thetao,W10p0,8,20,-0.20040717685941628,0.20040717685941628
thetao,W10p0,7,5,0.20027759707931014,0.20027759707931014
thetao,W60p0,1,6,0.20007105186685714,0.20007105186685714
so,W60p0,2,8,-0.19992710121334292,0.19992710121334292
so,W20p0,8,5,-0.19977481183264204,0.19977481183264204
so,W60p0,9,13,-0.1994931269496066,0.1994931269496066
thetao,W30p0,10,15,0.19948040760002556,0.19948040760002556
thetao,W30p0,4,11,0.19936986052573738,0.19936986052573738
thetao,W10p0,7,6,0.19928407214565233,0.19928407214565233
thetao,W20p0,2,10,-0.19925864948813762,0.19925864948813762
thetao,W10p0,4,19,0.19916289106339938,0.19916289106339938
so,W10p0,5,8,-0.19910076563848988,0.19910076563848988
so,W20p0,7,2,-0.19901063233709881,0.19901063233709881
so,W40p0,4,18,0.19882883886471794,0.19882883886471794
thetao,W10p0,6,12,-0.1987507081515615,0.1987507081515615
so,W60p0,9,3,0.19874406920723434,0.19874406920723434
thetao,W30p0,10,16,0.19871483192729764,0.19871483192729764
so,W10p0,2,3,0.19860695749116752,0.19860695749116752
so,W40p0,5,6,-0.198563367558074,0.198563367558074
thetao,W10p0,3,18,0.19845532704805208,0.19845532704805208
so,W10p0,5,6,-0.19835816144891819,0.19835816144891819
so,W60p0,3,17,0.1982110012787464,0.1982110012787464
thetao,W10p0,4,2,-0.19811375675560863,0.19811375675560863
thetao,W40p0,7,9,-0.19778978498187158,0.19778978498187158
so,W10p0,3,9,-0.19776943944967737,0.19776943944967737
thetao,W10p0,6,3,-0.19768258293824365,0.19768258293824365
so,W60p0,6,4,0.19755287273028396,0.19755287273028396
so,W60p0,6,11,0.19749335644296293,0.19749335644296293
thetao,W20p0,6,16,-0.19703810956504295,0.19703810956504295
thetao,W20p0,4,14,-0.19693088330128097,0.19693088330128097
so,W10p0,7,19,0.19683664168550224,0.19683664168550224
thetao,W60p0,4,12,0.19673523215468028,0.19673523215468028
so,W10p0,5,1,-0.19658315205536592,0.19658315205536592
thetao,W10p0,2,7,-0.1964835398489425,0.1964835398489425
so,W20p0,7,1,-0.19607948725136215,0.19607948725136215
thetao,W60p0,1,7,0.1959005149751807,0.1959005149751807
so,W60p0,10,18,-0.195642600444191,0.195642600444191
so,W60p0,1,12,0.1956217121791835,0.1956217121791835
thetao,W40p0,1,11,-0.19533530936920948,0.19533530936920948
thetao,W10p0,2,11,-0.19520451200522987,0.19520451200522987
so,W40p0,4,19,0.19512456624661073,0.19512456624661073
so,W10p0,5,19,-0.19509117688326635,0.19509117688326635
so,W60p0,5,19,-0.19492319149762619,0.19492319149762619
thetao,W60p0,5,5,0.19480468782507468,0.19480468782507468
thetao,W60p0,7,1,-0.19425613850042406,0.19425613850042406
thetao,W20p0,6,3,0.19405358692286837,0.19405358692286837
so,W20p0,5,17,-0.19404467474312231,0.19404467474312231
thetao,W10p0,10,5,0.1939676788663416,0.1939676788663416
so,W10p0,5,18,-0.19339651562270102,0.19339651562270102
so,W30p0,6,13,0.19325407465174047,0.19325407465174047
so,W10p0,5,12,-0.1931516761014592,0.1931516761014592
thetao,W40p0,10,17,0.19304920013582144,0.19304920013582144
so,W60p0,2,19,0.1926844222938964,0.1926844222938964
so,W20p0,5,4,0.1924123891109466,0.1924123891109466
so,W40p0,8,15,0.19213767026540154,0.19213767026540154
thetao,W20p0,9,5,0.19177860797901472,0.19177860797901472
thetao,W10p0,9,7,0.19170024081588405,0.19170024081588405
thetao,W40p0,1,6,0.19110141477680317,0.19110141477680317
thetao,W60p0,6,20,-0.19104759778762506,0.19104759778762506
so,W40p0,9,19,-0.19086684064177017,0.19086684064177017
thetao,W60p0,4,8,0.19084418297307185,0.19084418297307185
so,W60p0,6,3,0.190782756757367,0.190782756757367
so,W30p0,1,5,-0.1905506510334069,0.1905506510334069
so,W10p0,2,1,0.19044348376515274,0.19044348376515274
so,W30p0,1,15,-0.1901671181172297,0.1901671181172297
thetao,W60p0,3,9,0.18998618879605536,0.18998618879605536
thetao,W10p0,10,8,0.1899499646918508,0.1899499646918508
so,W40p0,3,19,0.18987476496719466,0.18987476496719466
thetao,W10p0,3,17,0.18921935401862325,0.18921935401862325
thetao,W30p0,2,8,0.18917745330569607,0.18917745330569607
so,W20p0,7,12,0.18912619473383613,0.18912619473383613
so,W10p0,2,12,0.18899863511331624,0.18899863511331624
so,W60p0,10,1,0.18899249331953877,0.18899249331953877
so,W20p0,5,9,0.18892078870308351,0.18892078870308351
thetao,W40p0,4,11,0.188566160388407,0.188566160388407
so,W60p0,5,10,0.18855079552887632,0.18855079552887632
so,W20p0,10,2,-0.18850466119576353,0.18850466119576353
so,W10p0,6,17,0.18824386721678338,0.18824386721678338
so,W40p0,8,2,-0.18810849393601003,0.18810849393601003
so,W30p0,10,13,-0.18778010211048013,0.18778010211048013
so,W40p0,1,10,-0.18754060115620338,0.18754060115620338
thetao,W30p0,7,8,0.18751781641967666,0.18751781641967666
thetao,W10p0,1,17,-0.18742625747915442,0.18742625747915442
thetao,W10p0,9,19,0.18733304032398632,0.18733304032398632
so,W60p0,5,7,0.1871149423501166,0.1871149423501166
so,W20p0,6,0,0.1869529516910718,0.1869529516910718
so,W40p0,3,15,0.18692348137577267,0.18692348137577267
so,W10p0,4,17,0.18670346748071798,0.18670346748071798
so,W20p0,2,0,0.18565864198925572,0.18565864198925572
so,W30p0,7,17,0.18513239681368518,0.18513239681368518
so,W40p0,9,8,0.18500787405570443,0.18500787405570443
thetao,W20p0,7,0,-0.18488137007708144,0.18488137007708144
thetao,W40p0,6,2,0.18472739510814773,0.18472739510814773
thetao,W40p0,5,6,0.18442481006152656,0.18442481006152656
thetao,W20p0,9,13,-0.1843001366725883,0.1843001366725883
so,W30p0,8,11,-0.1842190235020419,0.1842190235020419
so,W10p0,7,3,0.18398682686085038,0.18398682686085038
so,W10p0,5,9,-0.18396732210252018,0.18396732210252018
so,W40p0,3,5,-0.18346599455877427,0.18346599455877427
thetao,W60p0,8,10,0.1833854173391881,0.1833854173391881
thetao,W10p0,3,19,0.18322860626816673,0.18322860626816673
thetao,W20p0,6,7,-0.18309572243534894,0.18309572243534894
thetao,W60p0,4,9,0.18307968687756337,0.18307968687756337
thetao,W40p0,3,7,0.18301145172866848,0.18301145172866848
so,W60p0,4,13,0.18293478269391833,0.18293478269391833
so,W20p0,1,6,-0.18264314535533224,0.18264314535533224
so,W10p0,5,0,-0.18258243969187823,0.18258243969187823
so,W60p0,2,16,0.1819765534175104,0.1819765534175104
thetao,W20p0,5,10,0.1818479084564685,0.1818479084564685
thetao,W40p0,2,19,0.18157631633735025,0.18157631633735025
so,W20p0,2,7,0.1815482866896917,0.1815482866896917
thetao,W20p0,2,9,-0.18148711534808118,0.18148711534808118
thetao,W30p0,6,0,0.18148212740290287,0.18148212740290287
thetao,W60p0,8,3,0.18138623211832766,0.18138623211832766
so,W10p0,9,9,-0.18124267715982895,0.18124267715982895
so,W30p0,5,16,0.1804008202403754,0.1804008202403754
thetao,W40p0,9,10,0.1801242095779793,0.1801242095779793
so,W20p0,1,0,-0.18010912672687188,0.18010912672687188
thetao,W10p0,2,8,-0.18007635303986397,0.18007635303986397
thetao,W10p0,1,15,-0.18006597349824974,0.18006597349824974
thetao,W30p0,3,9,0.17967087757256683,0.17967087757256683
so,W20p0,6,11,0.17956158259211794,0.17956158259211794
thetao,W10p0,4,20,0.1793785918505635,0.1793785918505635
so,W30p0,10,15,-0.17915898034005165,0.17915898034005165
thetao,W20p0,1,14,-0.17900514281294277,0.17900514281294277
so,W20p0,1,20,-0.17881759798927152,0.17881759798927152
thetao,W30p0,9,4,0.17836938750202208,0.17836938750202208
so,W40p0,3,17,0.17833483502810535,0.17833483502810535
so,W30p0,6,6,-0.17812672332005894,0.17812672332005894
thetao,W10p0,7,15,-0.17809402940429056,0.17809402940429056
thetao,W60p0,8,12,0.1780606436179129,0.1780606436179129
thetao,W40p0,10,18,0.17790343618935514,0.17790343618935514
thetao,W30p0,5,11,0.17752062876147418,0.17752062876147418
so,W30p0,3,9,-0.17745666811750663,0.17745666811750663
thetao,W30p0,8,7,-0.17743786646627288,0.17743786646627288
so,W30p0,8,0,-0.17733819913125687,0.17733819913125687
so,W10p0,9,3,-0.177251694096919,0.177251694096919
thetao,W10p0,8,12,-0.17720676080591866,0.17720676080591866
thetao,W40p0,4,16,0.1771542591081256,0.1771542591081256
thetao,W20p0,5,1,-0.17709884431122905,0.17709884431122905
so,W10p0,3,15,-0.17692308812781773,0.17692308812781773
so,W40p0,3,6,-0.1765877678595464,0.1765877678595464
thetao,W30p0,2,18,-0.1764573591685678,0.1764573591685678
thetao,W20p0,9,12,-0.1763653454038163,0.1763653454038163
so,W20p0,8,8,-0.1757462706222477,0.1757462706222477
thetao,W60p0,8,0,-0.17530184664777884,0.17530184664777884
so,W40p0,9,7,0.17512189105521844,0.17512189105521844
so,W30p0,8,15,-0.17504810258697884,0.17504810258697884
so,W60p0,10,3,0.1749150880388623,0.1749150880388623
thetao,W20p0,5,20,0.17489401486709935,0.17489401486709935
thetao,W40p0,10,16,0.17479429240696537,0.17479429240696537
thetao,W60p0,10,20,-0.17444838143435032,0.17444838143435032
thetao,W60p0,2,5,-0.1743113814315554,0.1743113814315554
so,W20p0,2,5,0.17427962676877276,0.17427962676877276
thetao,W40p0,10,5,-0.17399253051089802,0.17399253051089802
thetao,W60p0,9,20,-0.17393659413629753,0.17393659413629753
thetao,W20p0,5,7,-0.17368805234504467,0.17368805234504467
thetao,W60p0,5,15,-0.17368568947398053,0.17368568947398053
so,W10p0,8,13,0.1732337360517727,0.1732337360517727
so,W20p0,10,0,-0.17286448391222495,0.17286448391222495
thetao,W20p0,8,19,0.17267356147276586,0.17267356147276586
so,W20p0,6,16,0.17177881066305412,0.17177881066305412
so,W20p0,10,7,-0.17175860604390225,0.17175860604390225
so,W40p0,10,11,-0.17170365826106318,0.17170365826106318
thetao,W40p0,1,7,0.17125759239369429,0.17125759239369429
thetao,W20p0,8,18,0.17114424385517868,0.17114424385517868
thetao,W30p0,5,12,0.17068267655716557,0.17068267655716557
so,W60p0,2,1,-0.17037117363680093,0.17037117363680093
thetao,W20p0,7,9,0.1703527861034026,0.1703527861034026
so,W20p0,3,9,-0.16991605004282806,0.16991605004282806
so,W10p0,4,15,0.169680760798701,0.169680760798701
thetao,W10p0,1,16,-0.16934755924885614,0.16934755924885614
so,W20p0,2,13,0.16923755829058149,0.16923755829058149
so,W30p0,6,1,-0.16867792150655994,0.16867792150655994
thetao,W20p0,9,14,-0.16851830498191092,0.16851830498191092
thetao,W60p0,9,9,0.1685166959462461,0.1685166959462461
so,W30p0,6,14,0.16813437284289726,0.16813437284289726
so,W10p0,2,11,0.16798095362373558,0.16798095362373558
thetao,W10p0,3,10,0.16788218448102274,0.16788218448102274
so,W20p0,10,8,-0.16779301158638768,0.16779301158638768
thetao,W10p0,4,1,-0.16771219804043358,0.16771219804043358
so,W40p0,7,4,-0.167658272686893,0.167658272686893
thetao,W10p0,3,20,0.16749927374908818,0.16749927374908818
thetao,W60p0,8,4,0.1672403975850553,0.1672403975850553
so,W60p0,10,2,0.1670694315565701,0.1670694315565701
so,W20p0,4,5,0.16702076032735916,0.16702076032735916
so,W10p0,5,13,-0.16674029506932234,0.16674029506932234
so,W10p0,8,12,0.16667731540069977,0.16667731540069977
so,W30p0,4,19,-0.16664557672528144,0.16664557672528144
so,W60p0,3,18,0.16655009688171046,0.16655009688171046
thetao,W20p0,5,2,-0.16649923027964436,0.16649923027964436
thetao,W60p0,1,8,0.16647770485548283,0.16647770485548283
so,W20p0,6,20,-0.16646236637080147,0.16646236637080147
so,W20p0,5,3,0.166448554765403,0.166448554765403
so,W10p0,9,5,-0.16575385536727946,0.16575385536727946
so,W10p0,3,14,-0.16528660973302026,0.16528660973302026
so,W10p0,2,13,0.1652797768736118,0.1652797768736118
thetao,W20p0,3,13,-0.16517013284682763,0.16517013284682763
thetao,W30p0,7,16,0.1651112343598177,0.1651112343598177
so,W20p0,3,7,-0.1648791653834704,0.1648791653834704
so,W20p0,1,5,-0.16469282180803266,0.16469282180803266
so,W60p0,2,2,-0.16460045031790352,0.16460045031790352
thetao,W20p0,10,0,-0.1643214410022191,0.1643214410022191
thetao,W20p0,7,15,0.16394972373360947,0.16394972373360947
so,W60p0,6,14,0.16394619724747042,0.16394619724747042
so,W60p0,9,16,-0.16376830102534118,0.16376830102534118
so,W10p0,3,12,-0.16307380226711152,0.16307380226711152
so,W40p0,5,5,-0.1629125898154942,0.1629125898154942
so,W30p0,5,3,-0.16277007155635959,0.16277007155635959
thetao,W40p0,6,15,0.16247808170810893,0.16247808170810893
thetao,W60p0,3,17,0.16206577755362098,0.16206577755362098
so,W20p0,1,4,-0.16203147708517407,0.16203147708517407
so,W60p0,9,15,-0.16196191692104384,0.16196191692104384
thetao,W10p0,6,2,-0.16189787704167521,0.16189787704167521
thetao,W60p0,8,2,0.16185168819238893,0.16185168819238893
so,W20p0,1,10,0.16183516215863686,0.16183516215863686
so,W10p0,3,13,-0.16181564823991304,0.16181564823991304
so,W10p0,1,12,-0.1616628058315667,0.1616628058315667
thetao,W10p0,2,12,-0.16155858120582894,0.16155858120582894
so,W30p0,10,7,-0.1613713416297088,0.1613713416297088
thetao,W30p0,2,12,0.16135802581299555,0.16135802581299555
so,W60p0,7,19,0.16135032585955197,0.16135032585955197
so,W20p0,10,18,-0.16134113804430442,0.16134113804430442
so,W20p0,7,11,0.1612654248867212,0.1612654248867212
thetao,W60p0,8,9,0.1611770870220784,0.1611770870220784
so,W10p0,8,11,0.16110159290802514,0.16110159290802514
thetao,W60p0,9,8,0.16095410608094468,0.16095410608094468
thetao,W40p0,2,11,-0.1608887241831537,0.1608887241831537
so,W40p0,2,11,0.1608085769962135,0.1608085769962135
so,W30p0,1,1,-0.1603666717570759,0.1603666717570759
thetao,W30p0,5,10,0.16030102321805592,0.16030102321805592
so,W30p0,9,5,0.16015256348873164,0.16015256348873164
thetao,W10p0,10,4,0.16002865942759148,0.16002865942759148
thetao,W20p0,6,17,-0.15977554189116902,0.15977554189116902
thetao,W40p0,9,9,0.15976140508528688,0.15976140508528688
thetao,W10p0,3,1,0.1595915086970198,0.1595915086970198
so,W10p0,9,17,-0.15928888309510003,0.15928888309510003
thetao,W60p0,8,18,0.1590823074232909,0.1590823074232909
thetao,W40p0,1,5,0.1589576394272955,0.1589576394272955
so,W10p0,9,6,-0.15890381105156143,0.15890381105156143
thetao,W30p0,8,9,-0.15851372369359834,0.15851372369359834
thetao,W30p0,9,3,0.15851143785091387,0.15851143785091387
thetao,W10p0,5,1,0.158445960698734,0.158445960698734
thetao,W40p0,8,5,-0.1583662682237081,0.1583662682237081
thetao,W20p0,9,8,0.1583126284093439,0.1583126284093439
so,W20p0,6,15,0.1580572475748234,0.1580572475748234
so,W10p0,7,1,0.1576425843956549,0.1576425843956549
thetao,W10p0,6,4,-0.15762479047706457,0.15762479047706457
so,W10p0,1,7,0.15759117802678232,0.15759117802678232
thetao,W30p0,5,19,0.15698354325557148,0.15698354325557148
thetao,W40p0,2,7,-0.15697845465871488,0.15697845465871488
so,W30p0,8,6,-0.15691730638844098,0.15691730638844098
thetao,W60p0,10,9,-0.15668708983140417,0.15668708983140417
so,W20p0,10,15,-0.1563620202093466,0.1563620202093466
thetao,W20p0,9,11,-0.15632778833345937,0.15632778833345937
thetao,W20p0,2,8,-0.1562418695265176,0.1562418695265176
so,W40p0,7,16,0.15606513644879574,0.15606513644879574
thetao,W40p0,6,17,0.15597147784894239,0.15597147784894239
thetao,W20p0,3,19,-0.15596692195716153,0.15596692195716153
thetao,W60p0,5,6,0.15584210215953764,0.15584210215953764
so,W20p0,10,20,-0.15580802329682797,0.15580802329682797
thetao,W20p0,4,0,-0.1554325207965823,0.1554325207965823
thetao,W60p0,1,14,-0.15537804022487922,0.15537804022487922
thetao,W10p0,7,8,0.15527260038064208,0.15527260038064208
so,W30p0,7,0,0.1548437041068245,0.1548437041068245
thetao,W60p0,8,8,0.15472446915772142,0.15472446915772142
so,W60p0,2,18,0.15447441340032753,0.15447441340032753
so,W10p0,3,11,-0.154126269858429,0.154126269858429
thetao,W40p0,3,8,0.15406719212902636,0.15406719212902636
so,W60p0,10,19,-0.15386971760458706,0.15386971760458706
thetao,W10p0,9,18,0.1534142274576571,0.1534142274576571
so,W20p0,8,6,-0.15325163260121422,0.15325163260121422
thetao,W60p0,3,18,0.15300289913327064,0.15300289913327064
thetao,W30p0,7,20,0.15282062002762037,0.15282062002762037
so,W10p0,8,16,0.1527425515834703,0.1527425515834703
so,W60p0,1,17,0.15253848018413038,0.15253848018413038
thetao,W10p0,9,3,0.15248751765601434,0.15248751765601434
so,W30p0,6,8,0.15224020082930642,0.15224020082930642
thetao,W30p0,3,14,-0.15187496020803262,0.15187496020803262
so,W40p0,9,18,-0.1516775770943092,0.1516775770943092
so,W40p0,3,2,-0.15147727023147906,0.15147727023147906
so,W20p0,10,17,-0.1514460270421664,0.1514460270421664
so,W60p0,1,18,0.15137676288649596,0.15137676288649596
thetao,W20p0,6,15,-0.1512954245580731,0.1512954245580731
so,W40p0,4,3,-0.15123332350842109,0.15123332350842109
thetao,W40p0,3,12,-0.1511215470305713,0.1511215470305713
thetao,W60p0,2,6,-0.15107919410197776,0.15107919410197776
thetao,W20p0,8,20,0.15098437310226834,0.15098437310226834
thetao,W20p0,4,7,-0.15097578854102564,0.15097578854102564
thetao,W30p0,4,16,-0.150828685850178,0.150828685850178
thetao,W20p0,10,3,-0.1508262686373866,0.1508262686373866
thetao,W40p0,2,4,0.15074628803077358,0.15074628803077358
thetao,W40p0,10,4,-0.15052906034142294,0.15052906034142294
so,W40p0,10,15,0.15049840245384685,0.15049840245384685
thetao,W40p0,1,3,0.15039187270204749,0.15039187270204749
so,W20p0,3,8,-0.15035289943884314,0.15035289943884314
thetao,W60p0,6,2,0.15016300924681117,0.15016300924681117
thetao,W20p0,7,7,0.1499949334583797,0.1499949334583797
thetao,W10p0,10,9,0.1498113290727873,0.1498113290727873
so,W60p0,10,20,-0.14979106306885479,0.14979106306885479
so,W20p0,1,19,-0.14959932332624876,0.14959932332624876
thetao,W40p0,9,18,-0.14940775223665884,0.14940775223665884
so,W30p0,5,7,-0.14921637035903257,0.14921637035903257
so,W60p0,6,12,0.14910733678539,0.14910733678539
so,W20p0,4,12,0.1490008841014035,0.1490008841014035
thetao,W10p0,9,2,0.14864178659710847,0.14864178659710847
thetao,W30p0,2,16,-0.14813893388134994,0.14813893388134994
thetao,W10p0,10,2,0.1480582970187671,0.1480582970187671
thetao,W60p0,4,20,0.14803390509467954,0.14803390509467954
so,W10p0,9,4,-0.14779176208374187,0.14779176208374187
thetao,W60p0,4,10,0.14771421581607178,0.14771421581607178
so,W30p0,8,13,-0.1476884199620868,0.1476884199620868
so,W30p0,2,7,0.14745031902642117,0.14745031902642117
so,W10p0,8,17,0.14730180248875807,0.14730180248875807
so,W60p0,8,9,0.14723109790625202,0.14723109790625202
so,W30p0,4,1,-0.14710001752452412,0.14710001752452412
so,W30p0,5,15,0.14707550653465187,0.14707550653465187
so,W30p0,5,8,-0.14706059132212804,0.14706059132212804
so,W40p0,5,0,0.14673789860594277,0.14673789860594277
thetao,W30p0,1,6,0.14673459356608062,0.14673459356608062
thetao,W60p0,4,6,0.14648841952371902,0.14648841952371902
thetao,W60p0,1,9,0.14645288003126938,0.14645288003126938
so,W60p0,3,19,0.14632448192651054,0.14632448192651054
so,W60p0,7,14,0.14631933120986115,0.14631933120986115
thetao,W10p0,5,2,0.14611524558613836,0.14611524558613836
so,W30p0,7,19,0.14604791784047874,0.14604791784047874
so,W60p0,10,7,0.1458883194664033,0.1458883194664033
thetao,W60p0,7,14,0.14581978722441197,0.14581978722441197
thetao,W20p0,8,0,-0.14577952563418875,0.14577952563418875
so,W10p0,10,1,-0.14575209981633677,0.14575209981633677
thetao,W30p0,2,15,-0.14542981761765875,0.14542981761765875
thetao,W30p0,6,1,0.145111802638697,0.145111802638697
so,W30p0,10,8,-0.14470750342164793,0.14470750342164793
so,W10p0,5,7,-0.1446285550328835,0.1446285550328835
so,W10p0,9,7,-0.14452125867845947,0.14452125867845947
so,W10p0,10,17,0.14434557550623137,0.14434557550623137
thetao,W40p0,10,20,0.14425555111497612,0.14425555111497612
so,W60p0,8,1,0.14421155841634506,0.14421155841634506
thetao,W20p0,7,16,0.14406258682381956,0.14406258682381956
thetao,W40p0,5,5,0.14393853688459438,0.14393853688459438
so,W60p0,5,0,-0.1438769095631414,0.1438769095631414
thetao,W30p0,8,18,0.14373324904609666,0.14373324904609666
thetao,W10p0,5,11,-0.143405063865706,0.143405063865706
thetao,W40p0,3,4,0.14330155982078233,0.14330155982078233
so,W20p0,5,10,0.14319350787082485,0.14319350787082485
thetao,W40p0,1,8,0.14313268354782585,0.14313268354782585
so,W20p0,6,1,0.1430753990287333,0.1430753990287333
thetao,W30p0,9,18,-0.1430135266900457,0.1430135266900457
so,W30p0,4,20,-0.14287619784025513,0.14287619784025513
so,W20p0,10,13,-0.14277129288892165,0.14277129288892165
thetao,W20p0,10,14,0.1427050492760409,0.1427050492760409
so,W30p0,10,19,0.1425733509434942,0.1425733509434942
thetao,W10p0,10,3,0.14247107937821457,0.14247107937821457
so,W40p0,7,12,0.14242352022892127,0.14242352022892127
so,W30p0,2,5,0.14229402141401165,0.14229402141401165
thetao,W20p0,9,15,-0.1422716279987012,0.1422716279987012
so,W40p0,8,18,0.1421382418488201,0.1421382418488201
so,W40p0,9,0,-0.14210325956311304,0.14210325956311304
so,W10p0,9,2,-0.14188470842951406,0.14188470842951406
thetao,W40p0,2,2,0.14184141794905955,0.14184141794905955
so,W20p0,6,4,-0.14175967377965945,0.14175967377965945
thetao,W40p0,6,7,0.14161194550929534,0.14161194550929534
thetao,W60p0,8,14,0.14157934031838273,0.14157934031838273
thetao,W40p0,2,3,0.1414248520506009,0.1414248520506009
so,W20p0,2,18,0.1413251224947899,0.1413251224947899
thetao,W60p0,4,7,0.1411500188472152,0.1411500188472152
so,W20p0,2,19,0.14110046133925988,0.14110046133925988
thetao,W60p0,8,13,0.140975677233797,0.140975677233797
so,W10p0,4,18,0.14097138814200882,0.14097138814200882
thetao,W60p0,8,17,0.14090347944690035,0.14090347944690035
so,W10p0,2,10,0.14084683108900262,0.14084683108900262
so,W60p0,2,10,-0.14076161161082654,0.14076161161082654
so,W30p0,5,14,0.14076008295309034,0.14076008295309034
so,W30p0,7,2,0.1406654015712697,0.1406654015712697
thetao,W60p0,9,6,0.14039436187122947,0.14039436187122947
thetao,W30p0,4,17,-0.14020597942687776,0.14020597942687776
thetao,W10p0,5,4,0.14002792640169545,0.14002792640169545
so,W60p0,2,7,-0.1400019517336455,0.1400019517336455
thetao,W30p0,2,17,-0.1399980398492668,0.1399980398492668
so,W60p0,3,16,0.13994674058593978,0.13994674058593978
thetao,W60p0,9,5,0.13991718343768733,0.13991718343768733
thetao,W10p0,5,3,0.13980537413734737,0.13980537413734737
so,W10p0,3,19,0.13956204191571184,0.13956204191571184
thetao,W40p0,9,15,-0.13930634194101588,0.13930634194101588
thetao,W10p0,6,5,-0.13929476010978925,0.13929476010978925
thetao,W20p0,2,0,-0.13928931404964537,0.13928931404964537
thetao,W10p0,4,11,-0.13902423468978412,0.13902423468978412
so,W20p0,2,6,0.13892774319794873,0.13892774319794873
so,W20p0,6,7,0.1388760160674598,0.1388760160674598
thetao,W40p0,7,15,-0.1387534472004978,0.1387534472004978
so,W30p0,4,2,-0.13872840822839577,0.13872840822839577
so,W20p0,10,1,-0.1387019685734681,0.1387019685734681
thetao,W60p0,5,0,0.13861745499093012,0.13861745499093012
thetao,W30p0,7,11,0.13857508856234266,0.13857508856234266
thetao,W20p0,10,6,0.13853096072137566,0.13853096072137566
so,W20p0,10,16,-0.1384861591201555,0.1384861591201555
so,W40p0,1,1,0.13845049032595244,0.13845049032595244
so,W40p0,5,16,-0.13843841021706452,0.13843841021706452
so,W20p0,5,2,0.13841468833859766,0.13841468833859766
thetao,W60p0,9,2,0.1383580891832196,0.1383580891832196
thetao,W20p0,4,13,-0.1381681989683693,0.1381681989683693
so,W40p0,3,10,0.1381313810800985,0.1381313810800985
so,W20p0,1,3,-0.1377655977031755,0.1377655977031755
so,W30p0,6,2,-0.1374867564197804,0.1374867564197804
so,W10p0,3,4,-0.1371624190220049,0.1371624190220049
thetao,W60p0,10,1,0.137103214406848,0.137103214406848
so,W30p0,7,1,0.13657360976124402,0.13657360976124402
so,W30p0,4,10,0.1363536805714998,0.1363536805714998
so,W10p0,6,15,0.1362151875533119,0.1362151875533119
thetao,W30p0,2,3,0.13621012866364637,0.13621012866364637
thetao,W40p0,7,6,0.13614810145064765,0.13614810145064765
thetao,W60p0,4,5,0.135900720271829,0.135900720271829
so,W60p0,5,1,-0.1358897551930128,0.1358897551930128
so,W60p0,9,10,-0.13585359514064352,0.13585359514064352
thetao,W10p0,5,12,-0.1357366234737347,0.1357366234737347
thetao,W40p0,8,16,-0.13539917028627219,0.13539917028627219
thetao,W30p0,6,6,-0.1353596127411386,0.1353596127411386
so,W40p0,3,16,0.1353308693671233,0.1353308693671233
thetao,W30p0,10,14,0.1350823087383981,0.1350823087383981
so,W60p0,6,15,0.13499724920710227,0.13499724920710227
so,W30p0,5,17,0.1349962215832937,0.1349962215832937
so,W30p0,8,14,-0.13490063309535433,0.13490063309535433
so,W30p0,2,3,0.1347769441998254,0.1347769441998254
so,W10p0,6,14,0.1343745868296853,0.1343745868296853
thetao,W20p0,4,8,-0.13437342478121583,0.13437342478121583
thetao,W60p0,4,13,0.134309819013838,0.134309819013838
so,W20p0,2,20,0.1342099163307554,0.1342099163307554
so,W10p0,7,2,0.13418145739731147,0.13418145739731147
thetao,W40p0,8,0,0.13393875939346056,0.13393875939346056
thetao,W40p0,4,12,0.13389345913942904,0.13389345913942904
so,W30p0,6,19,0.1338369159383397,0.1338369159383397
so,W20p0,4,2,0.13383016419411844,0.13383016419411844
thetao,W20p0,7,8,0.13373326748033237,0.13373326748033237
so,W10p0,3,2,-0.13353332768593576,0.13353332768593576
so,W30p0,7,18,0.13338075076037859,0.13338075076037859
thetao,W40p0,4,3,-0.13322953282365085,0.13322953282365085
so,W20p0,1,1,-0.13307020290071195,0.13307020290071195
thetao,W60p0,2,20,-0.13298686812360117,0.13298686812360117
so,W10p0,2,16,0.13298480225203319,0.13298480225203319
so,W40p0,3,7,-0.13279712344951508,0.13279712344951508
so,W10p0,10,2,-0.13276038732957382,0.13276038732957382
thetao,W20p0,4,9,-0.13271504151798505,0.13271504151798505
so,W60p0,5,2,-0.13268958764406316,0.13268958764406316
thetao,W10p0,7,3,0.13267858923108014,0.13267858923108014
thetao,W20p0,1,11,0.1321748605171666,0.1321748605171666
so,W40p0,5,17,-0.1321172604689288,0.1321172604689288
thetao,W10p0,6,13,-0.1318116748827123,0.1318116748827123
thetao,W40p0,7,0,-0.13180474813986748,0.13180474813986748
thetao,W20p0,4,10,-0.1317076947295767,0.1317076947295767
thetao,W60p0,8,20,0.13133420075028765,0.13133420075028765
so,W30p0,7,11,0.13111698120206833,0.13111698120206833
thetao,W40p0,4,6,0.1309776984306983,0.1309776984306983
so,W60p0,2,17,0.13095957703271677,0.13095957703271677
so,W60p0,7,13,0.13081195271864485,0.13081195271864485
thetao,W20p0,3,18,-0.13078206197675998,0.13078206197675998
thetao,W60p0,3,20,0.13067037025463274,0.13067037025463274
thetao,W10p0,4,15,0.13032482280223356,0.13032482280223356
thetao,W60p0,7,9,0.13030739517159115,0.13030739517159115
so,W60p0,6,9,0.13001801498508597,0.13001801498508597
so,W60p0,3,20,0.1297282479958917,0.1297282479958917
thetao,W20p0,2,3,0.12968451788099183,0.12968451788099183
thetao,W30p0,6,2,0.12963975892322874,0.12963975892322874
so,W60p0,6,1,-0.12951475826177347,0.12951475826177347
so,W10p0,2,4,0.12914757387916512,0.12914757387916512
thetao,W60p0,1,13,-0.12913291841297755,0.12913291841297755
thetao,W60p0,1,15,-0.12867796770944584,0.12867796770944584
thetao,W10p0,3,11,0.12840577067712797,0.12840577067712797
so,W10p0,2,14,0.12806521370737992,0.12806521370737992
thetao,W60p0,9,7,0.12803760020015797,0.12803760020015797
so,W20p0,6,17,0.12803503990831988,0.12803503990831988
thetao,W60p0,9,3,0.1279841614002118,0.1279841614002118
so,W40p0,10,10,-0.1278952315362451,0.1278952315362451
so,W40p0,8,19,0.12763269347661274,0.12763269347661274
thetao,W40p0,6,4,0.12762875166772605,0.12762875166772605
thetao,W40p0,4,2,-0.12740504987802675,0.12740504987802675
so,W60p0,1,16,0.12726704475807668,0.12726704475807668
thetao,W40p0,6,6,0.12700271782285866,0.12700271782285866
thetao,W40p0,9,11,0.12644955950337314,0.12644955950337314
thetao,W30p0,7,3,0.12642284879809565,0.12642284879809565
thetao,W20p0,3,14,-0.12631580982255447,0.12631580982255447
so,W20p0,5,11,0.12625371849233485,0.12625371849233485
thetao,W60p0,2,18,-0.12613715043414575,0.12613715043414575
thetao,W60p0,3,13,0.12589535191725224,0.12589535191725224
thetao,W30p0,7,2,0.12587879821595993,0.12587879821595993
thetao,W30p0,5,20,0.12586469634360892,0.12586469634360892
thetao,W30p0,2,2,0.12583900751628485,0.12583900751628485
thetao,W30p0,5,0,-0.1256634497159911,0.1256634497159911
so,W10p0,4,11,-0.1256269776449354,0.1256269776449354
so,W30p0,10,6,-0.12554524100070588,0.12554524100070588
thetao,W20p0,10,7,0.12550952736091664,0.12550952736091664
thetao,W10p0,10,17,0.1253950879481138,0.1253950879481138
so,W60p0,8,8,0.1251989454656956,0.1251989454656956
thetao,W30p0,9,5,0.12506989670290927,0.12506989670290927
so,W30p0,3,10,-0.12500468038755927,0.12500468038755927
thetao,W30p0,8,10,-0.12487260865780218,0.12487260865780218
thetao,W40p0,5,4,0.1247387351490947,0.1247387351490947
so,W40p0,6,14,0.1242411550945495,0.1242411550945495
thetao,W30p0,3,10,0.12410511443219789,0.12410511443219789
so,W40p0,10,0,-0.12404578085530361,0.12404578085530361
so,W10p0,4,20,0.12401962126808154,0.12401962126808154
so,W30p0,10,12,-0.12342530269709927,0.12342530269709927
so,W60p0,10,5,0.12295777939243556,0.12295777939243556
thetao,W40p0,7,12,-0.12287262820161149,0.12287262820161149
thetao,W60p0,6,7,-0.12281097740805362,0.12281097740805362
so,W60p0,10,4,0.12258343931504269,0.12258343931504269
so,W60p0,6,17,-0.12255810268835392,0.12255810268835392
so,W30p0,10,20,0.12242904574131408,0.12242904574131408
thetao,W10p0,10,10,0.12239039863087639,0.12239039863087639
so,W60p0,2,3,-0.12230482455376708,0.12230482455376708
thetao,W30p0,9,2,0.1222122559728914,0.1222122559728914
so,W20p0,4,13,0.12202607379516175,0.12202607379516175
so,W40p0,3,8,-0.1219710663165879,0.1219710663165879
thetao,W30p0,4,15,-0.12162160384351091,0.12162160384351091
thetao,W20p0,4,12,-0.12149138358665833,0.12149138358665833
so,W60p0,9,17,-0.12128156099112625,0.12128156099112625
thetao,W40p0,6,16,0.12127821634291883,0.12127821634291883
thetao,W60p0,2,7,-0.1212777979269508,0.1212777979269508
thetao,W40p0,4,4,-0.12100710133743241,0.12100710133743241
so,W30p0,2,4,0.12089193233595467,0.12089193233595467
so,W20p0,1,7,-0.12088218565258155,0.12088218565258155
thetao,W60p0,9,0,0.1208650086930397,0.1208650086930397
so,W10p0,2,0,0.12073121789783592,0.12073121789783592
thetao,W20p0,4,11,-0.12042540667323073,0.12042540667323073
thetao,W60p0,9,18,-0.12040149709405339,0.12040149709405339
so,W40p0,7,11,0.12029928892024817,0.12029928892024817
thetao,W10p0,6,11,-0.12024954703807529,0.12024954703807529
so,W40p0,5,15,-0.11997046995086451,0.11997046995086451
so,W10p0,1,6,0.1199193840515571,0.1199193840515571
so,W40p0,5,4,-0.11975411664593627,0.11975411664593627
so,W20p0,4,11,0.1196312194314417,0.1196312194314417
thetao,W40p0,10,15,0.11959415342492144,0.11959415342492144
so,W20p0,1,11,0.11935484903682743,0.11935484903682743
so,W30p0,2,11,-0.11930717076382476,0.11930717076382476
thetao,W40p0,4,15,0.1191622773620553,0.1191622773620553
so,W60p0,6,2,0.11905076566250423,0.11905076566250423
thetao,W30p0,10,17,0.1190398979280508,0.1190398979280508
so,W30p0,9,8,-0.11895462922088197,0.11895462922088197
thetao,W20p0,2,4,0.11892653479260039,0.11892653479260039
thetao,W20p0,4,3,-0.11850263069171024,0.11850263069171024
thetao,W30p0,10,5,0.11837390665041017,0.11837390665041017
thetao,W10p0,3,13,0.11808446312532937,0.11808446312532937
so,W20p0,8,17,0.11807073682928483,0.11807073682928483
so,W10p0,8,18,0.11787765501590344,0.11787765501590344
thetao,W20p0,10,15,0.11773639693245441,0.11773639693245441
so,W10p0,6,12,0.11722341503747144,0.11722341503747144
so,W40p0,10,12,-0.11718740194066238,0.11718740194066238
thetao,W60p0,6,3,0.11696226389259927,0.11696226389259927
so,W60p0,5,11,0.11668391222288112,0.11668391222288112
so,W10p0,10,16,0.11595642963364013,0.11595642963364013
thetao,W30p0,3,0,0.1158238552069588,0.1158238552069588
thetao,W30p0,4,18,-0.11579450699846493,0.11579450699846493
thetao,W30p0,1,8,-0.11555304355215994,0.11555304355215994
so,W40p0,8,3,-0.11547234960185218,0.11547234960185218
so,W60p0,4,9,0.11521750027382852,0.11521750027382852
thetao,W30p0,8,0,-0.11486363084467978,0.11486363084467978
thetao,W10p0,7,4,0.11463221639609905,0.11463221639609905
so,W20p0,7,8,-0.11452246763017528,0.11452246763017528
thetao,W40p0,6,3,0.11441506154837051,0.11441506154837051
so,W60p0,2,6,-0.11433015249819037,0.11433015249819037
so,W60p0,7,20,0.1142693227135591,0.1142693227135591
thetao,W20p0,6,2,0.11418315449713044,0.11418315449713044
so,W30p0,9,20,0.11409817204692155,0.11409817204692155
so,W30p0,2,12,-0.11398241698763403,0.11398241698763403
so,W60p0,3,11,0.11389848839658047,0.11389848839658047
so,W40p0,9,12,0.11371387666229339,0.11371387666229339
thetao,W60p0,3,8,0.11355300715977075,0.11355300715977075
thetao,W30p0,9,13,-0.11340516617528022,0.11340516617528022
so,W10p0,8,14,0.11340119464778416,0.11340119464778416
thetao,W40p0,9,16,-0.11335889417087079,0.11335889417087079
so,W40p0,7,13,0.11332638861073323,0.11332638861073323
thetao,W10p0,8,2,0.11321977977882562,0.11321977977882562
so,W10p0,1,11,-0.11312143670683669,0.11312143670683669
so,W20p0,3,2,0.11310426724677347,0.11310426724677347
thetao,W60p0,1,10,0.11307227555310308,0.11307227555310308
thetao,W60p0,8,16,0.11306798148879216,0.11306798148879216
so,W30p0,10,4,-0.11301929032325103,0.11301929032325103
so,W60p0,4,2,-0.11258811122552921,0.11258811122552921
so,W40p0,7,7,0.1122766402067577,0.1122766402067577
thetao,W60p0,8,1,0.11225019035483193,0.11225019035483193
so,W20p0,9,4,-0.11219047251017808,0.11219047251017808
thetao,W30p0,10,10,0.1120963162485087,0.1120963162485087
thetao,W10p0,2,20,-0.11199990806039194,0.11199990806039194
thetao,W20p0,3,15,-0.11187555873508824,0.11187555873508824
thetao,W40p0,8,13,-0.11172221982031433,0.11172221982031433
thetao,W40p0,2,1,0.11156388237800527,0.11156388237800527
so,W20p0,8,4,-0.11153419510863795,0.11153419510863795
thetao,W30p0,8,17,0.11139882666011067,0.11139882666011067
thetao,W40p0,3,13,-0.11137795110462179,0.11137795110462179
thetao,W60p0,4,19,0.1113599950659976,0.1113599950659976
thetao,W60p0,7,20,-0.1111036790261901,0.1111036790261901
so,W60p0,4,20,-0.11102352383700856,0.11102352383700856
thetao,W30p0,9,12,-0.1108729323355889,0.1108729323355889
so,W10p0,9,14,-0.11070644617976633,0.11070644617976633
so,W10p0,10,3,-0.11058926885543689,0.11058926885543689
so,W40p0,5,19,0.11035642669019717,0.11035642669019717
thetao,W60p0,6,0,0.11033327943595421,0.11033327943595421
thetao,W10p0,10,18,0.11018525526538915,0.11018525526538915
so,W10p0,3,20,0.10996245997913807,0.10996245997913807
so,W20p0,4,20,0.10990839911801695,0.10990839911801695
thetao,W60p0,8,5,0.10990510751785693,0.10990510751785693
so,W10p0,3,16,-0.10984252063173394,0.10984252063173394
thetao,W40p0,8,4,-0.1096157108183031,0.1096157108183031
so,W20p0,9,18,0.10950911200087382,0.10950911200087382
so,W30p0,3,1,-0.10904994671920581,0.10904994671920581
so,W60p0,3,15,0.10897284739353293,0.10897284739353293
thetao,W30p0,9,11,-0.10886183302234202,0.10886183302234202
so,W10p0,3,3,-0.1087376105576797,0.1087376105576797
so,W40p0,4,0,0.10851572723288748,0.10851572723288748
thetao,W10p0,10,20,0.10832881707033595,0.10832881707033595
so,W60p0,7,12,0.1082390194014211,0.1082390194014211
so,W30p0,8,19,0.1082273447376227,0.1082273447376227
thetao,W30p0,8,2,0.1082245234107722,0.1082245234107722
thetao,W30p0,8,3,0.10811592039393617,0.10811592039393617
thetao,W10p0,5,5,0.10802413508555958,0.10802413508555958
so,W60p0,9,4,0.10790155998367784,0.10790155998367784
so,W20p0,8,15,0.10789298401945639,0.10789298401945639
thetao,W60p0,2,17,-0.10758487485797763,0.10758487485797763
thetao,W60p0,5,7,0.1075688921802336,0.1075688921802336
so,W30p0,4,18,-0.10755622995949363,0.10755622995949363
so,W10p0,3,18,0.10737805199516061,0.10737805199516061
thetao,W10p0,7,9,0.10714379969624212,0.10714379969624212
so,W60p0,7,8,0.10709449168376368,0.10709449168376368
thetao,W20p0,3,16,-0.10657576112808921,0.10657576112808921
thetao,W60p0,7,2,-0.10640040090945106,0.10640040090945106
thetao,W10p0,4,12,-0.10635396948313677,0.10635396948313677
so,W20p0,1,18,-0.10598977561370639,0.10598977561370639
so,W30p0,10,14,-0.10596518220920857,0.10596518220920857
thetao,W40p0,8,17,-0.10586887531929533,0.10586887531929533
thetao,W30p0,9,8,-0.10584458765397835,0.10584458765397835
thetao,W20p0,6,11,-0.10579327935530607,0.10579327935530607
thetao,W30p0,10,13,0.10569267677155778,0.10569267677155778
so,W10p0,7,18,0.10565712361239885,0.10565712361239885
so,W20p0,8,18,0.10557337456729053,0.10557337456729053
thetao,W20p0,8,7,0.10555966622545436,0.10555966622545436
so,W60p0,8,4,0.10552770476116116,0.10552770476116116
so,W20p0,9,3,-0.10543006220673339,0.10543006220673339
thetao,W10p0,10,19,0.10542924402423089,0.10542924402423089
thetao,W30p0,2,7,0.10511318366344491,0.10511318366344491
thetao,W40p0,4,13,0.10509838947197436,0.10509838947197436
so,W60p0,3,8,-0.10484022297765677,0.10484022297765677
thetao,W30p0,9,19,-0.10460815275356969,0.10460815275356969
so,W10p0,6,13,0.10450804455273359,0.10450804455273359
thetao,W40p0,7,14,-0.10436424395785225,0.10436424395785225
thetao,W40p0,8,14,-0.10385549538113842,0.10385549538113842
thetao,W60p0,5,20,0.10373136122542297,0.10373136122542297
so,W30p0,5,18,0.10360925158142237,0.10360925158142237
so,W60p0,1,15,0.1034780873532457,0.1034780873532457
thetao,W30p0,7,1,0.10328519730060387,0.10328519730060387
so,W20p0,9,0,-0.10304766276925686,0.10304766276925686
so,W40p0,10,9,-0.10299691174697273,0.10299691174697273
so,W40p0,7,20,-0.10276817337934056,0.10276817337934056
so,W20p0,9,6,-0.10276571116802137,0.10276571116802137
so,W40p0,7,2,-0.10271823445373812,0.10271823445373812
so,W40p0,4,20,0.10269820557196761,0.10269820557196761
so,W30p0,3,3,-0.10267513903603616,0.10267513903603616
thetao,W40p0,8,3,-0.10246629151804847,0.10246629151804847
thetao,W20p0,4,6,-0.10237777703775558,0.10237777703775558
so,W10p0,1,8,0.1021126701591733,0.1021126701591733
so,W30p0,8,5,-0.102037619114785,0.102037619114785
so,W60p0,4,5,0.10202855175941292,0.10202855175941292
thetao,W60p0,5,14,-0.1019292420651607,0.1019292420651607
so,W10p0,3,5,-0.10172487806009356,0.10172487806009356
thetao,W20p0,3,17,-0.10170315046500314,0.10170315046500314
so,W20p0,9,19,0.10079720111491773,0.10079720111491773
thetao,W10p0,6,20,-0.10075089041505819,0.10075089041505819
so,W10p0,4,19,0.10055297974704382,0.10055297974704382
thetao,W10p0,9,16,0.10036721939167427,0.10036721939167427
so,W20p0,9,5,-0.09958846724493756,0.09958846724493756
thetao,W30p0,8,6,-0.09951700369459517,0.09951700369459517
thetao,W20p0,6,1,0.09946806995307565,0.09946806995307565
so,W10p0,7,4,0.09945081693347346,0.09945081693347346
so,W40p0,5,20,0.09918686597372246,0.09918686597372246
thetao,W30p0,8,14,0.09893216020969815,0.09893216020969815
so,W20p0,2,17,0.09892507052552346,0.09892507052552346
thetao,W30p0,9,1,0.09866351112058218,0.09866351112058218
thetao,W40p0,1,4,0.09836555793190188,0.09836555793190188
so,W30p0,4,5,0.0982672169829608,0.0982672169829608
so,W60p0,7,4,0.09822997789752477,0.09822997789752477
thetao,W10p0,8,6,-0.09815332203105455,0.09815332203105455
so,W60p0,8,19,0.09815263163779736,0.09815263163779736
thetao,W60p0,2,19,-0.09811911443377114,0.09811911443377114
thetao,W10p0,5,10,-0.09811871789776484,0.09811871789776484
thetao,W40p0,10,8,-0.09807935526395489,0.09807935526395489
so,W20p0,8,14,0.09761592930933517,0.09761592930933517
thetao,W20p0,7,17,0.09757050712890741,0.09757050712890741
thetao,W40p0,10,10,-0.09742414384586857,0.09742414384586857
thetao,W40p0,7,8,-0.09714026084058672,0.09714026084058672
so,W20p0,4,10,0.09709469102447413,0.09709469102447413
so,W30p0,3,13,-0.09677957519326055,0.09677957519326055
thetao,W30p0,4,12,0.09657372795959641,0.09657372795959641
thetao,W30p0,9,10,-0.09650082734848932,0.09650082734848932
thetao,W40p0,4,0,-0.0960612886496713,0.0960612886496713
thetao,W40p0,10,9,-0.09604738869607417,0.09604738869607417
so,W30p0,2,8,0.09593380255445737,0.09593380255445737
so,W20p0,10,19,-0.09574750364892246,0.09574750364892246
thetao,W60p0,3,4,0.09570860941442726,0.09570860941442726
thetao,W30p0,9,20,-0.09570550950430459,0.09570550950430459
so,W20p0,8,1,-0.09566273117165948,0.09566273117165948
thetao,W20p0,8,17,0.09558016341845327,0.09558016341845327
so,W60p0,7,3,0.09546907548922236,0.09546907548922236
thetao,W10p0,9,8,0.09536584552157053,0.09536584552157053
so,W10p0,9,8,-0.0952365942875248,0.0952365942875248
so,W40p0,9,17,-0.09520375600453844,0.09520375600453844
so,W20p0,7,10,0.09484260554232539,0.09484260554232539
so,W30p0,10,5,-0.09475227870784837,0.09475227870784837
thetao,W60p0,9,1,0.09473184529880598,0.09473184529880598
thetao,W60p0,3,19,0.09458278294194737,0.09458278294194737
so,W10p0,8,19,0.09456027155951081,0.09456027155951081
thetao,W10p0,6,14,-0.09420630432792337,0.09420630432792337
so,W60p0,7,9,0.09408764218799512,0.09408764218799512
so,W40p0,9,11,0.09404919073931894,0.09404919073931894
thetao,W10p0,7,2,0.0938695600405684,0.0938695600405684
so,W20p0,6,6,0.09386150215952797,0.09386150215952797
thetao,W20p0,6,5,0.09385077240563043,0.09385077240563043
so,W40p0,8,4,-0.09384486695275088,0.09384486695275088
thetao,W10p0,2,13,-0.09381127599860387,0.09381127599860387
so,W60p0,5,6,0.09380770506050017,0.09380770506050017
so,W30p0,3,2,-0.09371259575746271,0.09371259575746271
so,W10p0,1,5,0.0934193876691556,0.0934193876691556
thetao,W10p0,7,14,-0.09341645712430403,0.09341645712430403
so,W10p0,8,15,0.09333339925862792,0.09333339925862792
thetao,W10p0,10,1,0.09325924667708275,0.09325924667708275
so,W60p0,7,6,0.09323905871395681,0.09323905871395681
thetao,W60p0,9,15,-0.09313834963750503,0.09313834963750503
so,W40p0,3,3,-0.09304252219358015,0.09304252219358015
thetao,W10p0,7,10,0.09301118022575203,0.09301118022575203
so,W20p0,5,14,-0.09294906965243997,0.09294906965243997
so,W60p0,9,18,-0.09293269541572005,0.09293269541572005
so,W60p0,2,5,-0.09291633098912114,0.09291633098912114
so,W30p0,4,11,0.09267250678063399,0.09267250678063399
so,W60p0,3,7,-0.09265964440766714,0.09265964440766714
thetao,W60p0,3,16,0.09239432062778795,0.09239432062778795
thetao,W60p0,10,0,0.0923082969964148,0.0923082969964148
thetao,W20p0,2,7,-0.09228665889008558,0.09228665889008558
thetao,W40p0,10,14,0.09225515558876185,0.09225515558876185
so,W60p0,4,0,-0.0920206384411786,0.0920206384411786
thetao,W20p0,10,12,0.09194547572169243,0.09194547572169243
thetao,W20p0,4,2,-0.09187475601400652,0.09187475601400652
thetao,W40p0,9,12,0.09185660617184516,0.09185660617184516
so,W40p0,9,6,0.09185053768293319,0.09185053768293319
thetao,W10p0,10,11,0.091765949650974,0.091765949650974
thetao,W20p0,6,18,-0.09172120037090233,0.09172120037090233
thetao,W20p0,4,1,-0.0916687104928711,0.0916687104928711
so,W10p0,3,8,-0.09166751846866283,0.09166751846866283
so,W10p0,2,15,0.09154279242267943,0.09154279242267943
so,W30p0,10,0,0.09151959053319296,0.09151959053319296
so,W30p0,8,16,-0.09105348223576434,0.09105348223576434
thetao,W20p0,4,5,-0.09104571257960185,0.09104571257960185
thetao,W60p0,2,13,0.09099160310383139,0.09099160310383139
so,W40p0,8,1,-0.090492242507766,0.090492242507766
so,W30p0,5,2,-0.09032164001029448,0.09032164001029448
thetao,W60p0,8,6,0.09029077596296,0.09029077596296
so,W60p0,2,4,-0.09005877355147734,0.09005877355147734
thetao,W40p0,2,16,-0.08983245679922275,0.08983245679922275
so,W60p0,6,5,0.08965653098331167,0.08965653098331167
so,W30p0,10,2,0.08963834433756428,0.08963834433756428
so,W30p0,2,6,0.08946073581822073,0.08946073581822073
thetao,W40p0,3,16,0.08937013060740191,0.08937013060740191
thetao,W10p0,5,9,-0.08929762157236212,0.08929762157236212
so,W20p0,1,9,0.08925225510494145,0.08925225510494145
thetao,W60p0,9,4,0.08924151888853424,0.08924151888853424
thetao,W40p0,3,17,0.08909433850329207,0.08909433850329207
so,W60p0,1,13,0.08903979735782454,0.08903979735782454
so,W30p0,2,13,-0.08903238869250396,0.08903238869250396
so,W60p0,2,12,0.08900912129178316,0.08900912129178316
so,W60p0,6,20,0.08875810994671314,0.08875810994671314
thetao,W10p0,2,17,-0.08864240952452095,0.08864240952452095
thetao,W30p0,3,13,-0.08854668005336572,0.08854668005336572
so,W60p0,3,4,0.08810987438134317,0.08810987438134317
thetao,W30p0,8,13,0.08788908486423022,0.08788908486423022
so,W20p0,3,0,0.08786237817146643,0.08786237817146643
so,W60p0,9,5,0.08780605780689885,0.08780605780689885
so,W10p0,6,0,0.08770759765372751,0.08770759765372751
thetao,W60p0,7,7,-0.08740136237637122,0.08740136237637122
thetao,W30p0,2,4,0.08739079704626544,0.08739079704626544
so,W60p0,3,14,0.08731887435279358,0.08731887435279358
so,W30p0,4,14,0.08715961590109926,0.08715961590109926
thetao,W10p0,3,12,0.08707640831959172,0.08707640831959172
so,W10p0,10,8,-0.08702471291009604,0.08702471291009604
thetao,W20p0,8,8,0.08681949082978713,0.08681949082978713
so,W30p0,4,3,-0.0863729977053412,0.0863729977053412
thetao,W40p0,9,14,-0.0862476549341358,0.0862476549341358
thetao,W20p0,4,4,-0.08614473399039177,0.08614473399039177
so,W60p0,8,0,0.08600638647079838,0.08600638647079838
so,W30p0,7,12,0.0859899268180817,0.0859899268180817
so,W60p0,8,12,0.08597073868438874,0.08597073868438874
so,W40p0,6,4,-0.08590584246803423,0.08590584246803423
so,W20p0,1,2,-0.08575203823738865,0.08575203823738865
so,W60p0,6,18,-0.08550906160649682,0.08550906160649682
so,W20p0,7,0,-0.08526165376430571,0.08526165376430571
so,W10p0,4,14,0.08526104464719342,0.08526104464719342
so,W40p0,9,10,0.08485674848923011,0.08485674848923011
so,W30p0,4,0,-0.08483124142142563,0.08483124142142563
thetao,W60p0,5,11,-0.08480584837117212,0.08480584837117212
so,W30p0,7,4,-0.08464479206942534,0.08464479206942534
thetao,W60p0,7,18,-0.08457283553912148,0.08457283553912148
thetao,W40p0,3,9,0.0844357609423081,0.0844357609423081
so,W40p0,1,9,-0.08441458200679108,0.08441458200679108
thetao,W60p0,8,15,0.08398314779465772,0.08398314779465772
thetao,W30p0,2,6,0.08382324364935846,0.08382324364935846
so,W60p0,5,3,-0.08370780231278115,0.08370780231278115
thetao,W60p0,2,12,0.08335341276880152,0.08335341276880152
thetao,W60p0,2,8,-0.08328867480822884,0.08328867480822884
so,W40p0,10,14,0.0832436451521717,0.0832436451521717
thetao,W20p0,10,13,0.08296001728685286,0.08296001728685286
so,W60p0,3,12,0.08278128993146378,0.08278128993146378
thetao,W20p0,10,8,0.08262104068881047,0.08262104068881047
so,W20p0,8,11,0.08236060114588728,0.08236060114588728
so,W40p0,6,15,0.08235985706454033,0.08235985706454033
so,W20p0,5,0,-0.08235399157533004,0.08235399157533004
so,W60p0,1,14,0.08235322718384397,0.08235322718384397
thetao,W40p0,10,19,0.08231483631443949,0.08231483631443949
so,W60p0,6,8,0.0822069245704637,0.0822069245704637
thetao,W10p0,8,1,0.08211698173561019,0.08211698173561019
so,W10p0,3,1,-0.08198997644469812,0.08198997644469812
thetao,W30p0,2,14,-0.0817364835943191,0.0817364835943191
thetao,W60p0,9,19,-0.08164687853761204,0.08164687853761204
thetao,W10p0,2,19,-0.0815476365876325,0.0815476365876325
thetao,W40p0,4,19,-0.08150851135762575,0.08150851135762575
thetao,W40p0,2,18,0.0814399548394744,0.0814399548394744
so,W10p0,7,0,0.08119297642967686,0.08119297642967686
so,W40p0,10,16,0.08114377497124088,0.08114377497124088
so,W10p0,10,0,-0.08112263952369726,0.08112263952369726
thetao,W40p0,6,1,0.08109597134871836,0.08109597134871836
thetao,W60p0,1,16,-0.08094188594359998,0.08094188594359998
so,W30p0,1,0,0.08090289853729381,0.08090289853729381
so,W40p0,7,15,0.0807983302357147,0.0807983302357147
so,W30p0,7,15,-0.08050183727008423,0.08050183727008423
so,W30p0,2,14,-0.08028202739962305,0.08028202739962305
so,W40p0,2,15,-0.0802786118317211,0.0802786118317211
so,W60p0,5,14,-0.08022987186159491,0.08022987186159491
so,W20p0,8,13,0.08020172800668735,0.08020172800668735
thetao,W60p0,9,17,-0.08019648922668361,0.08019648922668361
so,W60p0,3,5,0.07984917184371781,0.07984917184371781
so,W60p0,5,17,0.07983996351606808,0.07983996351606808
thetao,W60p0,4,1,0.07979578186240935,0.07979578186240935
thetao,W40p0,3,19,0.07931772269890557,0.07931772269890557
so,W30p0,4,17,-0.07925968906471612,0.07925968906471612
thetao,W10p0,8,3,0.07889883904147268,0.07889883904147268
thetao,W30p0,7,7,0.07882852068367997,0.07882852068367997
thetao,W10p0,7,11,0.07855325675182312,0.07855325675182312
so,W40p0,9,2,-0.07852502617972185,0.07852502617972185
so,W40p0,4,10,-0.0785163545305675,0.0785163545305675
thetao,W10p0,9,17,0.07847200762198923,0.07847200762198923
so,W40p0,2,14,-0.07836955720913433,0.07836955720913433
so,W40p0,2,18,-0.07834240899989893,0.07834240899989893
thetao,W20p0,9,1,0.07818314443238766,0.07818314443238766
thetao,W10p0,2,18,-0.07792176482853153,0.07792176482853153
so,W60p0,1,19,0.07760919820993754,0.07760919820993754
thetao,W60p0,5,18,-0.077488497087784,0.077488497087784
thetao,W60p0,3,5,0.07721008587390331,0.07721008587390331
thetao,W20p0,7,19,0.07664285317676015,0.07664285317676015
so,W40p0,6,9,-0.07648352446787177,0.07648352446787177
so,W10p0,9,16,-0.07645774156645978,0.07645774156645978
so,W30p0,4,13,0.07639172137657506,0.07639172137657506
thetao,W60p0,4,4,0.07616119187425091,0.07616119187425091
so,W10p0,9,1,-0.07603279306107885,0.07603279306107885
thetao,W40p0,2,6,-0.07585211268512493,0.07585211268512493
so,W20p0,2,14,0.0755925369085653,0.0755925369085653
thetao,W40p0,7,4,0.0755884904763205,0.0755884904763205
so,W60p0,10,8,0.07554575454252929,0.07554575454252929
thetao,W20p0,6,14,-0.07533636859315078,0.07533636859315078
thetao,W20p0,5,9,0.07519795288721207,0.07519795288721207
so,W40p0,4,14,0.07518506812526388,0.07518506812526388
so,W60p0,7,7,0.07491181377439726,0.07491181377439726
so,W20p0,4,0,-0.07469485008038289,0.07469485008038289
thetao,W30p0,5,9,0.07434113151964027,0.07434113151964027
thetao,W40p0,6,18,0.07415744648175304,0.07415744648175304
so,W60p0,3,13,0.07414928255561752,0.07414928255561752
thetao,W40p0,10,3,-0.07401942140410445,0.07401942140410445
thetao,W60p0,6,6,-0.07362814269935476,0.07362814269935476
so,W40p0,5,3,-0.07347358630500525,0.07347358630500525
thetao,W30p0,9,9,-0.07339035092574965,0.07339035092574965
so,W10p0,4,12,-0.07319568123407974,0.07319568123407974
so,W60p0,8,6,-0.07307489827067212,0.07307489827067212
thetao,W40p0,4,1,-0.07295929324116614,0.07295929324116614
so,W20p0,4,14,0.07293383490362133,0.07293383490362133
so,W60p0,4,4,0.07289099851977415,0.07289099851977415
thetao,W20p0,6,20,0.07252973045104329,0.07252973045104329
thetao,W10p0,9,9,0.07233457829874143,0.07233457829874143
so,W30p0,10,16,-0.07224994517437361,0.07224994517437361
so,W60p0,1,20,0.0719592339613145,0.0719592339613145
so,W20p0,3,10,-0.07168973902172521,0.07168973902172521
thetao,W10p0,7,0,-0.07164749633831875,0.07164749633831875
thetao,W20p0,8,2,-0.07122284112804089,0.07122284112804089
thetao,W40p0,1,10,-0.07121830085211872,0.07121830085211872
thetao,W20p0,8,5,0.0711752432667672,0.0711752432667672
so,W30p0,4,12,0.07099285296425031,0.07099285296425031
thetao,W40p0,3,14,-0.07095412061943314,0.07095412061943314
thetao,W20p0,1,13,-0.07089858928618374,0.07089858928618374
thetao,W10p0,6,10,-0.07079684278878763,0.07079684278878763
thetao,W20p0,8,13,0.07046473846573473,0.07046473846573473
so,W40p0,3,4,-0.07043950795275339,0.07043950795275339
so,W40p0,5,1,0.07040460670249514,0.07040460670249514
so,W40p0,8,0,0.07018666029328986,0.07018666029328986
thetao,W40p0,6,5,0.07015271996818352,0.07015271996818352
thetao,W40p0,2,15,-0.06991562500907166,0.06991562500907166
so,W60p0,10,9,-0.0698748451808753,0.0698748451808753
so,W60p0,10,6,0.06983461320450055,0.06983461320450055
thetao,W60p0,9,12,-0.06953156230967433,0.06953156230967433
thetao,W60p0,2,11,0.06952791468315447,0.06952791468315447
so,W20p0,10,14,-0.0694806905137602,0.0694806905137602
so,W20p0,6,13,0.06942485829367864,0.06942485829367864
so,W20p0,3,20,0.06906478459833729,0.06906478459833729
thetao,W60p0,3,7,0.06889476487856347,0.06889476487856347
thetao,W60p0,3,15,0.06883229750513392,0.06883229750513392
thetao,W20p0,7,20,0.06879942364905614,0.06879942364905614
thetao,W60p0,6,1,0.06877989922771426,0.06877989922771426
so,W40p0,10,5,-0.06860101866169638,0.06860101866169638
so,W20p0,3,19,0.06787495038683825,0.06787495038683825
thetao,W40p0,6,20,0.0677590943640889,0.0677590943640889
so,W40p0,7,14,0.06764349981855461,0.06764349981855461
so,W20p0,6,19,-0.06749039800635818,0.06749039800635818
thetao,W10p0,9,12,0.06739653991891587,0.06739653991891587
thetao,W60p0,4,14,0.06728299372308519,0.06728299372308519
so,W20p0,3,1,0.06660843557003268,0.06660843557003268
so,W20p0,8,2,-0.0664544951302318,0.0664544951302318
so,W20p0,3,6,-0.06642109606518785,0.06642109606518785
thetao,W20p0,8,6,0.06624769212529816,0.06624769212529816
so,W40p0,7,0,-0.0662382711079224,0.0662382711079224
thetao,W60p0,3,2,0.06622901308169206,0.06622901308169206
thetao,W60p0,2,16,-0.0660830028220203,0.0660830028220203
so,W60p0,4,1,-0.06553795408550261,0.06553795408550261
so,W10p0,1,4,0.06508060012773807,0.06508060012773807
so,W10p0,2,9,0.06477110018239882,0.06477110018239882
thetao,W40p0,2,12,-0.06468273436925633,0.06468273436925633
thetao,W40p0,4,14,0.06465148275255558,0.06465148275255558
so,W60p0,3,0,0.06438225459106968,0.06438225459106968
thetao,W60p0,7,3,-0.06421400933503385,0.06421400933503385
so,W60p0,7,11,0.0640092583092485,0.0640092583092485
thetao,W60p0,3,6,0.06366425969772543,0.06366425969772543
thetao,W10p0,4,0,-0.06362133931757631,0.06362133931757631
so,W40p0,1,4,-0.06339472951005379,0.06339472951005379
so,W60p0,7,5,0.06329154280117444,0.06329154280117444
thetao,W60p0,4,18,0.06268386865690108,0.06268386865690108
thetao,W30p0,3,11,0.06259119940342592,0.06259119940342592
thetao,W40p0,7,7,0.06259045135935115,0.06259045135935115
so,W60p0,7,16,0.06225929795528829,0.06225929795528829
so,W40p0,10,7,0.06217820298514988,0.06217820298514988
so,W30p0,10,3,-0.06217010072621197,0.06217010072621197
so,W20p0,9,14,-0.06209290222391445,0.06209290222391445
so,W40p0,6,16,0.06207943028553776,0.06207943028553776
so,W40p0,8,9,0.06199732953270714,0.06199732953270714
so,W60p0,7,15,0.06194080094800202,0.06194080094800202
so,W60p0,4,16,-0.06191697937317689,0.06191697937317689
so,W30p0,9,6,0.061772496197129344,0.061772496197129344
thetao,W30p0,9,7,-0.061768601175510855,0.061768601175510855
so,W20p0,6,14,0.06176729664970997,0.06176729664970997
so,W10p0,7,12,0.06165494996164134,0.06165494996164134
so,W20p0,1,17,-0.061597681171695284,0.061597681171695284
so,W10p0,6,3,-0.06142351134244948,0.06142351134244948
so,W20p0,9,20,-0.06121942733377026,0.06121942733377026
so,W30p0,8,2,-0.06118087590363076,0.06118087590363076
so,W30p0,4,15,0.0610337775908611,0.0610337775908611
thetao,W30p0,10,3,-0.06088632230785954,0.06088632230785954
thetao,W60p0,10,2,0.06084828229167229,0.06084828229167229
so,W40p0,4,13,-0.06077897130743678,0.06077897130743678
thetao,W40p0,4,17,0.06069767173540979,0.06069767173540979
thetao,W60p0,9,16,-0.06053573641076554,0.06053573641076554
so,W20p0,6,3,-0.06028702418296176,0.06028702418296176
so,W20p0,6,2,0.06011668880588544,0.06011668880588544
thetao,W40p0,3,20,0.059957259089886444,0.059957259089886444
so,W20p0,8,20,0.05988010914171295,0.05988010914171295
so,W60p0,4,6,0.05969969407271696,0.05969969407271696
thetao,W40p0,4,18,-0.059562436750555885,0.059562436750555885
so,W60p0,3,9,-0.05949175353963728,0.05949175353963728
so,W60p0,5,13,-0.05934216349505579,0.05934216349505579
so,W60p0,4,18,-0.05932161996474355,0.05932161996474355
thetao,W40p0,8,20,0.059248956064380805,0.059248956064380805
thetao,W60p0,4,2,0.05920586572869009,0.05920586572869009
thetao,W60p0,3,3,0.05915190281130217,0.05915190281130217
thetao,W10p0,9,15,0.0590042126864182,0.0590042126864182
so,W20p0,2,16,0.058929579222294644,0.058929579222294644
thetao,W20p0,8,14,0.0586615434071685,0.0586615434071685
so,W10p0,3,7,-0.05864941804040312,0.05864941804040312
so,W10p0,6,11,0.05838844579750551,0.05838844579750551
thetao,W20p0,10,20,0.05832274432863172,0.05832274432863172
thetao,W30p0,8,4,0.0582144743207732,0.0582144743207732
so,W30p0,10,1,0.058132314042162146,0.058132314042162146
thetao,W40p0,8,18,-0.058063217289005924,0.058063217289005924
thetao,W60p0,7,15,0.05798523569200259,0.05798523569200259
thetao,W40p0,8,15,-0.05765646205857075,0.05765646205857075
so,W40p0,7,5,-0.05749732344815684,0.05749732344815684
so,W20p0,8,12,0.05749132635459986,0.05749132635459986
so,W30p0,3,20,-0.05748410406056211,0.05748410406056211
thetao,W10p0,5,8,-0.05741322318257987,0.05741322318257987
thetao,W30p0,8,1,0.05738186216670163,0.05738186216670163
so,W30p0,8,20,0.05724442986499485,0.05724442986499485
thetao,W60p0,7,19,-0.05719364461951653,0.05719364461951653
so,W20p0,8,16,0.05716958671475577,0.05716958671475577
thetao,W30p0,10,0,0.05704053164595875,0.05704053164595875
thetao,W60p0,4,3,0.05702798099037122,0.05702798099037122
thetao,W30p0,4,14,-0.056992870731489745,0.056992870731489745
thetao,W60p0,4,0,0.05698530500036678,0.05698530500036678
thetao,W30p0,10,1,0.05682421466565224,0.05682421466565224
thetao,W30p0,7,13,-0.056656397134778665,0.056656397134778665
thetao,W20p0,7,6,0.05657247842214977,0.05657247842214977
so,W10p0,9,15,-0.05638058038183109,0.05638058038183109
so,W20p0,6,12,0.05602982100869341,0.05602982100869341
so,W40p0,6,20,0.05593025827074371,0.05593025827074371
so,W10p0,10,9,-0.0557238810058772,0.0557238810058772
so,W20p0,9,9,-0.05565094169727835,0.05565094169727835
so,W40p0,7,19,-0.05552896007309556,0.05552896007309556
so,W30p0,5,0,0.05549654521454568,0.05549654521454568
thetao,W60p0,7,5,-0.05526423337425947,0.05526423337425947
thetao,W40p0,1,9,0.055221591047366764,0.055221591047366764
so,W60p0,4,8,0.05520072773562683,0.05520072773562683
thetao,W60p0,1,12,-0.055114293101064984,0.055114293101064984
so,W20p0,9,1,-0.0548824687028338,0.0548824687028338
thetao,W60p0,6,4,0.054767854208498015,0.054767854208498015
so,W20p0,4,19,0.05462516481084207,0.05462516481084207
thetao,W60p0,8,7,0.05462167327280897,0.05462167327280897
thetao,W60p0,10,8,-0.05455774717989379,0.05455774717989379
thetao,W20p0,5,8,-0.05449994067832518,0.05449994067832518
so,W60p0,3,6,0.0540611507914276,0.0540611507914276
thetao,W10p0,4,13,-0.05404834184674633,0.05404834184674633
so,W40p0,9,13,0.053581552912663075,0.053581552912663075
so,W20p0,9,12,0.05319647705162806,0.05319647705162806
thetao,W10p0,10,16,0.05296525923294962,0.05296525923294962
thetao,W20p0,2,5,0.052890554034879154,0.052890554034879154
so,W20p0,8,19,0.0527550762919068,0.0527550762919068
so,W60p0,7,18,0.05258209196549868,0.05258209196549868
so,W30p0,7,16,0.0525738464632437,0.0525738464632437
thetao,W40p0,6,19,0.05246596699809752,0.05246596699809752
thetao,W20p0,2,2,0.05224070290980892,0.05224070290980892
thetao,W40p0,2,14,-0.05221762362265522,0.05221762362265522
thetao,W30p0,5,8,-0.0520106268135927,0.0520106268135927
thetao,W30p0,9,6,0.05186048919537297,0.05186048919537297
so,W60p0,4,14,0.05173604931537785,0.05173604931537785
so,W20p0,9,15,-0.05148282064628715,0.05148282064628715
thetao,W60p0,9,14,-0.051331890022335055,0.051331890022335055
thetao,W10p0,7,13,-0.05118591907386989,0.05118591907386989
so,W60p0,5,4,-0.05117808667686446,0.05117808667686446
thetao,W10p0,9,10,0.05102666961443434,0.05102666961443434
thetao,W20p0,7,2,-0.050845027575095576,0.050845027575095576
so,W20p0,5,1,0.050706078177014426,0.050706078177014426
thetao,W20p0,10,9,0.050641602716699846,0.050641602716699846
so,W60p0,5,15,-0.050634714330519116,0.050634714330519116
so,W10p0,2,5,0.05059533986041751,0.05059533986041751
so,W20p0,3,12,-0.050556821026634766,0.050556821026634766
thetao,W60p0,1,19,-0.05028890731355553,0.05028890731355553
so,W30p0,2,15,-0.050275762822677116,0.050275762822677116
thetao,W30p0,8,15,0.050242626153973804,0.050242626153973804
so,W30p0,9,15,-0.050103848571999565,0.050103848571999565
thetao,W10p0,5,6,0.049955127019222036,0.049955127019222036
thetao,W10p0,6,19,-0.049942754090405696,0.049942754090405696
so,W40p0,10,17,0.049819479131067344,0.049819479131067344
thetao,W40p0,3,11,-0.0497972724556398,0.0497972724556398
so,W40p0,2,12,0.049744765613812365,0.049744765613812365
thetao,W60p0,10,7,0.049724094674692736,0.049724094674692736
so,W10p0,1,10,-0.049611908178651916,0.049611908178651916
thetao,W10p0,8,5,-0.049604154699915665,0.049604154699915665
so,W40p0,1,2,0.04925613325668284,0.04925613325668284
thetao,W60p0,1,20,-0.04913440022170885,0.04913440022170885
thetao,W30p0,7,15,0.04883337257714154,0.04883337257714154
thetao,W40p0,2,13,-0.04879099463171643,0.04879099463171643
so,W60p0,9,7,0.04876925763270727,0.04876925763270727
thetao,W20p0,9,0,0.04871931626814748,0.04871931626814748
thetao,W60p0,4,17,0.048687734064185605,0.048687734064185605
so,W40p0,9,16,-0.04857286759120051,0.04857286759120051
so,W30p0,5,1,-0.04854961028843047,0.04854961028843047
thetao,W20p0,8,12,0.04850769860170037,0.04850769860170037
so,W10p0,7,13,0.0484153835990937,0.0484153835990937
thetao,W40p0,10,11,-0.04839324384935353,0.04839324384935353
thetao,W10p0,6,0,-0.04799377820611932,0.04799377820611932
thetao,W10p0,6,6,-0.047862476355135214,0.047862476355135214
so,W40p0,6,13,0.0478030479987672,0.0478030479987672
so,W20p0,4,1,0.04764148824103314,0.04764148824103314
so,W30p0,3,14,-0.0476394210415584,0.0476394210415584
so,W30p0,10,18,0.047277324225668486,0.047277324225668486
thetao,W40p0,3,18,0.04725320125746587,0.04725320125746587
so,W30p0,8,17,-0.047247963105178425,0.047247963105178425
so,W20p0,3,3,0.04706143021242326,0.04706143021242326
thetao,W60p0,10,3,0.04680131313319097,0.04680131313319097
thetao,W20p0,7,18,0.04673684856336877,0.04673684856336877
so,W60p0,4,15,0.04669411538200217,0.04669411538200217
so,W10p0,8,20,0.04652971758923239,0.04652971758923239
so,W60p0,8,13,0.04637084803842968,0.04637084803842968
so,W60p0,6,16,-0.04606011071881973,0.04606011071881973
thetao,W20p0,8,15,0.045964021911592705,0.045964021911592705
so,W20p0,6,5,-0.04578957016437747,0.04578957016437747
so,W10p0,6,5,0.045569400166319426,0.045569400166319426
so,W40p0,2,17,-0.04547510759469121,0.04547510759469121
thetao,W40p0,10,0,0.04532541634837213,0.04532541634837213
thetao,W60p0,9,11,-0.04505383881603046,0.04505383881603046
thetao,W20p0,8,10,0.04488627391172813,0.04488627391172813
thetao,W40p0,7,5,0.04486950399149919,0.04486950399149919
thetao,W40p0,5,3,0.04477601651479283,0.04477601651479283
thetao,W20p0,8,4,0.044542902267489304,0.044542902267489304
so,W60p0,8,18,0.0444968389293184,0.0444968389293184
so,W30p0,7,14,-0.044370630987770686,0.044370630987770686
thetao,W40p0,10,12,-0.04412899326398532,0.04412899326398532
thetao,W20p0,6,19,-0.04403114641772147,0.04403114641772147
so,W20p0,1,13,0.043636489731255695,0.043636489731255695
thetao,W30p0,6,5,-0.04342269300443218,0.04342269300443218
so,W30p0,3,17,-0.043208374432201886,0.043208374432201886
so,W30p0,5,20,0.04315780826890175,0.04315780826890175
thetao,W60p0,9,13,-0.04315514746931333,0.04315514746931333
so,W30p0,7,3,0.04303724448926977,0.04303724448926977
so,W30p0,7,6,-0.04299981292174173,0.04299981292174173
thetao,W40p0,5,1,-0.04295960338185692,0.04295960338185692
thetao,W20p0,9,9,0.04271471161443954,0.04271471161443954
thetao,W60p0,7,4,-0.04218977719493901,0.04218977719493901
so,W10p0,10,15,0.04215270566580813,0.04215270566580813
thetao,W60p0,3,14,0.04199248944539838,0.04199248944539838
thetao,W30p0,4,20,0.041695735740041304,0.041695735740041304
so,W30p0,2,17,-0.041641090937462225,0.041641090937462225
thetao,W40p0,9,13,-0.04151767514549664,0.04151767514549664
thetao,W10p0,4,14,0.04134970604762452,0.04134970604762452
so,W60p0,3,1,-0.04120026037944259,0.04120026037944259
thetao,W30p0,2,5,0.04119899477402977,0.04119899477402977
so,W60p0,5,16,0.041085963311807853,0.041085963311807853
so,W10p0,1,9,0.041020757717995515,0.041020757717995515
thetao,W60p0,5,9,-0.0404779134995098,0.0404779134995098
so,W30p0,9,11,0.04025990060177821,0.04025990060177821
thetao,W10p0,9,11,0.040195363405314564,0.040195363405314564
thetao,W20p0,1,12,0.03956371304078234,0.03956371304078234
so,W30p0,9,18,0.039510299864534054,0.039510299864534054
so,W30p0,5,13,0.03942177997949675,0.03942177997949675
thetao,W20p0,8,16,0.039385232442718,0.039385232442718
so,W40p0,6,12,0.03932614665486047,0.03932614665486047
so,W40p0,10,13,0.03929415857055898,0.03929415857055898
so,W60p0,4,7,0.03905374268165191,0.03905374268165191
so,W40p0,10,19,-0.038957368616104854,0.038957368616104854
thetao,W10p0,10,0,0.03869138312621438,0.03869138312621438
so,W40p0,8,10,0.03866651841656727,0.03866651841656727
thetao,W30p0,7,4,0.038513240334933425,0.038513240334933425
so,W20p0,4,16,-0.038433141303863515,0.038433141303863515
thetao,W60p0,10,4,0.03839410542106428,0.03839410542106428
thetao,W10p0,6,16,-0.03831678567965782,0.03831678567965782
thetao,W30p0,10,12,0.038159471148972716,0.038159471148972716
thetao,W20p0,10,10,-0.037917434498878876,0.037917434498878876
so,W30p0,9,14,-0.03790154694562266,0.03790154694562266
so,W30p0,7,7,-0.037824475200961306,0.037824475200961306
so,W40p0,6,17,0.03776969763185247,0.03776969763185247
thetao,W20p0,9,10,-0.03773481681737095,0.03773481681737095
thetao,W40p0,8,19,-0.037065300893175356,0.037065300893175356
so,W60p0,8,20,-0.036847878165211886,0.036847878165211886
so,W60p0,9,8,0.03683071093606837,0.03683071093606837
so,W40p0,4,2,-0.03673858103056682,0.03673858103056682
thetao,W60p0,7,17,-0.03647375387937689,0.03647375387937689
so,W10p0,10,6,-0.03643020727447859,0.03643020727447859
so,W10p0,6,10,0.03633481809868495,0.03633481809868495
so,W10p0,7,9,0.036223384647440876,0.036223384647440876
so,W60p0,9,9,0.03617969338270587,0.03617969338270587
so,W10p0,1,3,0.03612564622874274,0.03612564622874274
thetao,W30p0,10,20,-0.035800283342647544,0.035800283342647544
so,W40p0,9,5,0.035750147033918066,0.035750147033918066
so,W60p0,8,7,0.035721321876886016,0.035721321876886016
so,W40p0,1,5,0.03553665445061642,0.03553665445061642
so,W20p0,9,10,-0.035484649729921616,0.035484649729921616
so,W20p0,1,15,-0.03547953180722446,0.03547953180722446
so,W10p0,3,17,0.034973941176578836,0.034973941176578836
thetao,W30p0,8,11,-0.034849511530910475,0.034849511530910475
so,W60p0,4,17,-0.03478970812916761,0.03478970812916761
thetao,W60p0,2,14,0.034771836630370395,0.034771836630370395
thetao,W40p0,7,13,-0.03432619419673515,0.03432619419673515
thetao,W20p0,8,9,0.03410017456869344,0.03410017456869344
thetao,W10p0,7,1,0.034018948562119074,0.034018948562119074
thetao,W10p0,10,12,0.03382674006893162,0.03382674006893162
thetao,W30p0,10,11,0.033662236150512004,0.033662236150512004
so,W10p0,7,6,0.03364264544659399,0.03364264544659399
thetao,W20p0,9,4,0.033439341698173065,0.033439341698173065
thetao,W30p0,10,18,0.03321842136365344,0.03321842136365344
so,W20p0,3,5,0.03314459938114375,0.03314459938114375
thetao,W10p0,2,16,-0.03296613394476481,0.03296613394476481
thetao,W40p0,7,1,0.03277318232993063,0.03277318232993063
thetao,W10p0,8,0,0.03268966409636279,0.03268966409636279
thetao,W30p0,6,3,0.03263985683085674,0.03263985683085674
so,W20p0,3,16,0.03261582169273759,0.03261582169273759
thetao,W10p0,9,14,0.032498491098337516,0.032498491098337516
so,W10p0,1,1,0.03238523224223025,0.03238523224223025
so,W30p0,9,12,-0.03237380387681269,0.03237380387681269
so,W40p0,6,19,0.03231557902405153,0.03231557902405153
thetao,W40p0,7,2,0.03210082096089601,0.03210082096089601
so,W40p0,8,11,0.032097346463589554,0.032097346463589554
so,W40p0,8,5,-0.03205595295917856,0.03205595295917856
thetao,W60p0,10,6,0.031988149406421806,0.031988149406421806
so,W20p0,9,2,-0.03194779429397457,0.03194779429397457
so,W30p0,2,16,0.031867894995061596,0.031867894995061596
thetao,W20p0,8,1,-0.03183424154861373,0.03183424154861373
so,W10p0,9,0,0.031584742572467794,0.031584742572467794
thetao,W20p0,10,4,-0.03147699245074841,0.03147699245074841
so,W40p0,1,6,0.03135907271362514,0.03135907271362514
thetao,W30p0,8,16,0.03134275360300019,0.03134275360300019
thetao,W20p0,8,3,-0.031244361751840578,0.031244361751840578
so,W10p0,7,11,0.03120843446338816,0.03120843446338816
so,W30p0,8,4,-0.031156113051277433,0.031156113051277433
so,W30p0,7,9,0.030882827766505205,0.030882827766505205
so,W60p0,7,17,0.030796952119215338,0.030796952119215338
so,W40p0,3,9,0.030644614121117908,0.030644614121117908
thetao,W60p0,4,16,0.030292003713177154,0.030292003713177154
thetao,W40p0,5,0,0.03028225402772096,0.03028225402772096
thetao,W40p0,8,1,0.030279616230978242,0.030279616230978242
so,W10p0,7,16,-0.030189498396124184,0.030189498396124184
thetao,W60p0,6,5,-0.030138553556348622,0.030138553556348622
so,W30p0,2,19,0.02999310338913838,0.02999310338913838
thetao,W10p0,5,0,-0.0299755077770216,0.0299755077770216
so,W60p0,8,15,0.029974442635579093,0.029974442635579093
thetao,W40p0,5,2,-0.029787645599726253,0.029787645599726253
so,W30p0,7,10,0.029678217102598416,0.029678217102598416
so,W30p0,8,18,0.029503320979192,0.029503320979192
thetao,W20p0,7,5,0.0294470096667137,0.0294470096667137
thetao,W60p0,2,10,0.029411401614563435,0.029411401614563435
so,W40p0,4,15,0.02935228913803729,0.02935228913803729
so,W40p0,4,1,-0.029175230008508583,0.029175230008508583
thetao,W30p0,8,12,0.029154468408611044,0.029154468408611044
so,W60p0,3,3,0.029074800045200144,0.029074800045200144
thetao,W30p0,10,2,-0.029068357939971177,0.029068357939971177
so,W30p0,9,19,-0.029059422039192616,0.029059422039192616
so,W40p0,8,14,0.029038152901065508,0.029038152901065508
thetao,W30p0,4,19,-0.028899262028936838,0.028899262028936838
so,W40p0,1,8,0.028803494232998283,0.028803494232998283
so,W40p0,8,8,-0.028754889768583286,0.028754889768583286
so,W60p0,9,20,0.02869989876005718,0.02869989876005718
so,W40p0,10,20,0.028594554048911106,0.028594554048911106
thetao,W10p0,9,13,0.02855205655903496,0.02855205655903496
so,W20p0,1,12,0.028502143219470873,0.028502143219470873
thetao,W20p0,10,16,0.028484409849969784,0.028484409849969784
so,W60p0,2,11,-0.028469584871958553,0.028469584871958553
thetao,W30p0,2,13,0.028428442869821383,0.028428442869821383
thetao,W30p0,9,0,0.028412395473407154,0.028412395473407154
so,W60p0,5,18,-0.028241639085298725,0.028241639085298725
so,W30p0,7,13,0.028064701937932,0.028064701937932
so,W60p0,5,12,-0.027958316375213198,0.027958316375213198
so,W30p0,3,4,-0.02791331421288329,0.02791331421288329
thetao,W40p0,2,5,0.027593018929010515,0.027593018929010515
so,W40p0,6,6,-0.027548685223787173,0.027548685223787173
thetao,W40p0,2,17,-0.027471473564023238,0.027471473564023238
so,W40p0,8,20,0.027423073560895943,0.027423073560895943
so,W40p0,6,18,0.027372750776631732,0.027372750776631732
so,W30p0,5,19,0.027342738322771773,0.027342738322771773
so,W30p0,3,19,0.02702363151604262,0.02702363151604262
so,W30p0,3,5,-0.026925771017254064,0.026925771017254064
so,W10p0,7,7,0.02688860214394517,0.02688860214394517
thetao,W60p0,3,1,0.026884949517194157,0.026884949517194157
thetao,W20p0,1,0,0.0268446252822827,0.0268446252822827
so,W10p0,1,2,0.026843193148295863,0.026843193148295863
so,W10p0,10,5,-0.026542461657870674,0.026542461657870674
thetao,W60p0,2,9,-0.02646600137839756,0.02646600137839756
thetao,W30p0,10,19,-0.026414222205819377,0.026414222205819377
so,W10p0,2,8,0.02618819876906703,0.02618819876906703
so,W30p0,3,6,-0.02581990272593214,0.02581990272593214
so,W20p0,4,9,0.025526076685785208,0.025526076685785208
so,W30p0,9,17,0.025384879777485384,0.025384879777485384
so,W30p0,3,16,0.02519234479315627,0.02519234479315627
thetao,W60p0,9,10,0.02516795413020094,0.02516795413020094
so,W30p0,9,7,-0.0251227064419102,0.0251227064419102
so,W20p0,8,9,-0.02479717946550847,0.02479717946550847
so,W10p0,10,7,-0.02460406957949949,0.02460406957949949
so,W10p0,7,10,-0.024421930742416234,0.024421930742416234
so,W10p0,3,6,-0.02427656146832956,0.02427656146832956
thetao,W60p0,7,6,-0.02402604991854078,0.02402604991854078
so,W10p0,7,8,0.023863475790134144,0.023863475790134144
so,W10p0,10,10,-0.023849134799446153,0.023849134799446153
thetao,W20p0,7,3,0.02351009311780007,0.02351009311780007
thetao,W60p0,1,17,-0.023498377565948792,0.023498377565948792
so,W60p0,7,1,0.02339671769101429,0.02339671769101429
thetao,W40p0,7,3,0.02334615283198225,0.02334615283198225
thetao,W60p0,5,13,0.023319375185394623,0.023319375185394623
so,W40p0,9,4,0.022925908854745942,0.022925908854745942
thetao,W40p0,10,1,-0.022814973435997497,0.022814973435997497
so,W60p0,6,19,0.022620004732077897,0.022620004732077897
thetao,W10p0,7,12,0.022384871527561096,0.022384871527561096
so,W40p0,7,18,-0.02237661070065958,0.02237661070065958
so,W10p0,7,15,-0.022353850870957422,0.022353850870957422
so,W20p0,4,17,-0.022337724763881812,0.022337724763881812
thetao,W30p0,7,5,-0.022312487946993503,0.022312487946993503
so,W40p0,5,18,-0.022167795269222097,0.022167795269222097
thetao,W10p0,10,14,-0.02214344550242077,0.02214344550242077
so,W40p0,4,11,0.021760837463669115,0.021760837463669115
so,W60p0,9,6,0.021686683917871645,0.021686683917871645
thetao,W10p0,6,8,0.02149186731730811,0.02149186731730811
so,W30p0,3,8,-0.021423538308427005,0.021423538308427005
thetao,W20p0,6,13,-0.021361256758290998,0.021361256758290998
so,W20p0,2,15,0.021329761774208283,0.021329761774208283
so,W60p0,7,2,0.021267809206467963,0.021267809206467963
thetao,W10p0,5,7,-0.021095220928608896,0.021095220928608896
so,W30p0,5,10,0.021041651926408705,0.021041651926408705
so,W30p0,4,16,-0.020967886312604888,0.020967886312604888
so,W30p0,7,20,0.020806529644159116,0.020806529644159116
so,W40p0,1,7,0.02069985922549041,0.02069985922549041
thetao,W40p0,10,2,0.020641888909910193,0.020641888909910193
thetao,W60p0,5,19,0.020455612464052773,0.020455612464052773
so,W40p0,10,6,0.020398706592558356,0.020398706592558356
so,W10p0,10,13,-0.020358450718417492,0.020358450718417492
thetao,W30p0,6,4,-0.020188770565752114,0.020188770565752114
thetao,W20p0,7,1,-0.020172930965975153,0.020172930965975153
so,W10p0,10,11,-0.02005907345267398,0.02005907345267398
so,W60p0,5,5,0.019937138663106438,0.019937138663106438
so,W40p0,9,3,0.019917637647717194,0.019917637647717194
thetao,W30p0,1,7,0.019836224900891875,0.019836224900891875
so,W30p0,6,20,-0.019570695908734243,0.019570695908734243
thetao,W60p0,1,11,0.019475102981260206,0.019475102981260206
thetao,W60p0,7,16,0.019455513332637113,0.019455513332637113
so,W40p0,4,12,-0.019447872246494278,0.019447872246494278
so,W20p0,3,15,-0.01940280658335769,0.01940280658335769
so,W30p0,2,10,-0.01925705883530478,0.01925705883530478
so,W30p0,9,13,-0.019078432924472394,0.019078432924472394
so,W40p0,8,13,-0.018911310895099374,0.018911310895099374
so,W60p0,9,19,0.01874805189267631,0.01874805189267631
so,W60p0,3,2,0.018732560918117532,0.018732560918117532
thetao,W20p0,7,4,-0.01852459579676455,0.01852459579676455
thetao,W10p0,6,17,-0.01843531358855754,0.01843531358855754
so,W40p0,7,1,-0.01837058754577205,0.01837058754577205
so,W30p0,9,16,0.0182534431023659,0.0182534431023659
so,W40p0,6,5,-0.018216675627729603,0.018216675627729603
so,W20p0,5,12,0.018204072226325505,0.018204072226325505
so,W10p0,10,12,-0.01811044253743058,0.01811044253743058
thetao,W30p0,7,6,-0.017995017305139367,0.017995017305139367
so,W20p0,3,17,0.01793014279841412,0.01793014279841412
so,W20p0,4,7,-0.01789502942790364,0.01789502942790364
so,W30p0,2,18,-0.017612556303034554,0.017612556303034554
so,W10p0,6,1,0.017338634016682633,0.017338634016682633
so,W60p0,3,10,0.01707700789989931,0.01707700789989931
so,W60p0,6,7,-0.0170579687556524,0.0170579687556524
thetao,W30p0,7,12,-0.017027439078226507,0.017027439078226507
so,W60p0,8,16,0.016974682780275713,0.016974682780275713
so,W30p0,3,0,-0.01682480714503068,0.01682480714503068
thetao,W20p0,10,19,-0.01681161378359039,0.01681161378359039
so,W60p0,8,14,0.016552817089082444,0.016552817089082444
so,W10p0,7,17,0.016281515364810952,0.016281515364810952
so,W20p0,3,13,0.01583055661595283,0.01583055661595283
thetao,W60p0,1,18,-0.015827150269944974,0.015827150269944974
so,W40p0,8,6,-0.015814471503928597,0.015814471503928597
so,W30p0,2,9,-0.01580623837627896,0.01580623837627896
thetao,W20p0,2,1,-0.015794066045443728,0.015794066045443728
so,W60p0,4,19,0.015612743532395917,0.015612743532395917
so,W40p0,6,7,0.015585945808984288,0.015585945808984288
thetao,W10p0,10,13,-0.015583670827205597,0.015583670827205597
so,W20p0,9,7,-0.01548288798915835,0.01548288798915835
so,W10p0,6,4,-0.01543135351635045,0.01543135351635045
so,W30p0,7,8,0.015415242547319435,0.015415242547319435
so,W10p0,7,5,0.01523126506403881,0.01523126506403881
so,W40p0,5,2,-0.015176448592072254,0.015176448592072254
so,W20p0,4,18,0.014769532237061386,0.014769532237061386
so,W20p0,9,17,0.014301375654945058,0.014301375654945058
so,W40p0,9,14,0.014280416990540798,0.014280416990540798
so,W20p0,3,14,0.014134699888922027,0.014134699888922027
so,W20p0,5,13,-0.013947275157267498,0.013947275157267498
so,W10p0,4,13,0.013884942061968336,0.013884942061968336
so,W40p0,9,1,-0.013814460800078471,0.013814460800078471
so,W30p0,9,10,0.013687574959581816,0.013687574959581816
so,W20p0,3,11,-0.013500036770931147,0.013500036770931147
so,W60p0,2,0,-0.013435031898387722,0.013435031898387722
so,W30p0,9,9,-0.013307702474161196,0.013307702474161196
so,W10p0,6,2,-0.013122419625008902,0.013122419625008902
thetao,W60p0,5,10,-0.012624701365770043,0.012624701365770043
thetao,W20p0,6,0,0.012498500463338865,0.012498500463338865
so,W10p0,6,6,0.012486537808871401,0.012486537808871401
so,W40p0,2,16,-0.01248603182504349,0.01248603182504349
so,W10p0,7,14,0.012250162238938565,0.012250162238938565
thetao,W20p0,6,6,-0.01221430204669025,0.01221430204669025
so,W60p0,9,0,-0.012164293641977988,0.012164293641977988
so,W40p0,6,8,0.012104662350368608,0.012104662350368608
thetao,W10p0,10,15,-0.011893425412882748,0.011893425412882748
so,W30p0,3,18,-0.011798206487650781,0.011798206487650781
thetao,W20p0,10,17,-0.01169777094220001,0.01169777094220001
so,W40p0,10,18,0.011603689844396095,0.011603689844396095
so,W30p0,5,12,-0.011548090742126736,0.011548090742126736
thetao,W60p0,5,12,-0.011538159092070116,0.011538159092070116
so,W60p0,7,0,0.011379256491748778,0.011379256491748778
so,W10p0,2,7,-0.011360286404871205,0.011360286404871205
thetao,W20p0,8,11,0.011216522950222038,0.011216522950222038
thetao,W60p0,3,0,-0.011049777872436077,0.011049777872436077
so,W10p0,3,0,-0.010589560515413408,0.010589560515413408
so,W40p0,1,3,-0.009867198166521011,0.009867198166521011
so,W20p0,7,9,-0.009773608740451488,0.009773608740451488
so,W10p0,1,0,-0.009730460130534468,0.009730460130534468
so,W40p0,7,6,0.009589716467623076,0.009589716467623076
thetao,W60p0,10,5,0.009585519798754074,0.009585519798754074
so,W40p0,6,11,0.009581635488407318,0.009581635488407318
thetao,W20p0,10,11,-0.009473039943830088,0.009473039943830088
so,W60p0,4,3,-0.009199968174998355,0.009199968174998355
thetao,W20p0,10,5,0.009185976437230316,0.009185976437230316
thetao,W40p0,3,15,0.008784355277693166,0.008784355277693166
thetao,W60p0,5,8,-0.00875916935465231,0.00875916935465231
thetao,W60p0,2,15,-0.008694783579519676,0.008694783579519676
so,W10p0,2,6,0.008651524604341326,0.008651524604341326
so,W30p0,6,7,-0.00857428698600112,0.00857428698600112
so,W30p0,3,15,-0.00849829742128063,0.00849829742128063
so,W30p0,5,11,0.008471962478532595,0.008471962478532595
thetao,W30p0,10,4,0.008353546680962142,0.008353546680962142
so,W10p0,10,4,-0.008285410458909626,0.008285410458909626
so,W20p0,1,16,-0.008156789836262031,0.008156789836262031
thetao,W20p0,10,18,0.008066518768263182,0.008066518768263182
so,W60p0,8,5,0.008025377791902764,0.008025377791902764
so,W20p0,9,13,0.007959095794971713,0.007959095794971713
thetao,W20p0,9,2,-0.007823721026742399,0.007823721026742399
thetao,W40p0,8,2,0.007821481890443195,0.007821481890443195
so,W20p0,4,6,0.0077042930599677244,0.0077042930599677244
so,W20p0,8,3,0.007430262611604931,0.007430262611604931
so,W60p0,8,17,-0.007066844423980889,0.007066844423980889
thetao,W60p0,4,15,-0.0069812203358953565,0.0069812203358953565
so,W20p0,1,14,-0.006859126378175027,0.006859126378175027
thetao,W60p0,7,8,0.006752120664164564,0.006752120664164564
so,W20p0,9,16,0.006598279885508886,0.006598279885508886
so,W40p0,7,17,0.0065894480263719414,0.0065894480263719414
so,W30p0,7,5,-0.005819790251272294,0.005819790251272294
so,W20p0,3,4,-0.005808386275232604,0.005808386275232604
thetao,W10p0,2,14,-0.005590996975674648,0.005590996975674648
thetao,W10p0,8,4,-0.005423631322293654,0.005423631322293654
so,W10p0,10,14,0.005412450818134386,0.005412450818134386
thetao,W10p0,6,7,0.005400311814350701,0.005400311814350701
thetao,W10p0,6,9,-0.005381429151613003,0.005381429151613003
so,W40p0,9,15,0.0053406668476446845,0.0053406668476446845
thetao,W30p0,3,12,-0.005221610772628213,0.005221610772628213
so,W10p0,6,7,0.005163180045646085,0.005163180045646085
so,W20p0,9,8,0.00475090470925218,0.00475090470925218
thetao,W10p0,6,15,0.0047297402441632466,0.0047297402441632466
so,W40p0,2,20,0.004669892406738759,0.004669892406738759
so,W10p0,6,8,-0.004648266400559604,0.004648266400559604
thetao,W40p0,10,13,0.004641455549283831,0.004641455549283831
so,W30p0,2,20,-0.004613144155095477,0.004613144155095477
so,W30p0,4,4,-0.0045792475011573915,0.0045792475011573915
so,W20p0,8,10,-0.0041534873894318565,0.0041534873894318565
thetao,W40p0,3,10,0.0037586288085250173,0.0037586288085250173
so,W40p0,10,8,-0.0036720283261989397,0.0036720283261989397
so,W20p0,4,8,-0.0034361929067917535,0.0034361929067917535
thetao,W30p0,2,1,-0.0034346946670199426,0.0034346946670199426
thetao,W40p0,4,5,-0.003297487488383326,0.003297487488383326
so,W30p0,5,9,-0.0032439424406030346,0.0032439424406030346
thetao,W20p0,9,3,-0.00307675951074557,0.00307675951074557
so,W30p0,10,17,-0.00302589139330497,0.00302589139330497
so,W30p0,3,7,-0.0030106571632355114,0.0030106571632355114
so,W40p0,8,7,-0.0026258222708484954,0.0026258222708484954
so,W20p0,4,15,-0.002614285596736506,0.002614285596736506
so,W20p0,6,18,0.0025592781221348625,0.0025592781221348625
so,W40p0,6,10,0.0024668446640934817,0.0024668446640934817
thetao,W30p0,4,13,0.001928082066829122,0.001928082066829122
so,W40p0,2,13,0.0018287147197835257,0.0018287147197835257
so,W30p0,8,3,-0.001721298868181481,0.001721298868181481
so,W40p0,2,19,-0.0015536799594128882,0.0015536799594128882
so,W20p0,1,8,0.0014883803986701282,0.0014883803986701282
thetao,W40p0,2,0,-0.0014842228491552594,0.0014842228491552594
so,W60p0,6,6,0.0013141181078693456,0.0013141181078693456
thetao,W10p0,6,18,0.0012237842779088735,0.0012237842779088735
thetao,W10p0,2,15,0.0009675858800696298,0.0009675858800696298
thetao,W30p0,7,14,-0.0009379181794260361,0.0009379181794260361
so,W10p0,6,9,0.0008903954055642292,0.0008903954055642292
thetao,W20p0,6,12,0.0007145728186819737,0.0007145728186819737
so,W20p0,3,18,-0.0007042476173605223,0.0007042476173605223
so,W20p0,9,11,0.000541329677793226,0.000541329677793226
thetao,W20p0,2,6,-0.0003232078375185469,0.0003232078375185469
so,W60p0,7,10,0.00027667957505252475,0.00027667957505252475
so,W40p0,8,12,0.00019319696706737428,0.00019319696706737428
thetao,W30p0,8,5,-2.462908228440386e-06,2.462908228440386e-06
