var,lon_tag,mode,lag,corr,abs_corr
so,W40p0,2,2,-0.48992277576616317,0.48992277576616317
thetao,W10p0,4,3,0.48587407358556867,0.48587407358556867
so,W40p0,2,1,-0.48050514621067025,0.48050514621067025
thetao,W10p0,4,4,0.4723092630624856,0.4723092630624856
thetao,W10p0,4,5,0.4280192110822798,0.4280192110822798
so,W10p0,7,1,-0.42653751780578786,0.42653751780578786
thetao,W40p0,9,0,0.42619842147471876,0.42619842147471876
so,W10p0,7,0,-0.4106496110863726,0.4106496110863726
so,W40p0,2,3,-0.4046869162559412,0.4046869162559412
thetao,W10p0,4,2,0.39941979274503053,0.39941979274503053
so,W60p0,2,1,0.39791425735878466,0.39791425735878466
thetao,W10p0,4,6,0.3903975440439996,0.3903975440439996
thetao,W60p0,5,1,-0.3895424483460968,0.3895424483460968
thetao,W60p0,1,1,0.3872150068828679,0.3872150068828679
thetao,W60p0,1,6,0.38425866375274337,0.38425866375274337
thetao,W20p0,6,12,-0.38365605013249987,0.38365605013249987
thetao,W10p0,7,16,0.38258421623393746,0.38258421623393746
so,W10p0,1,4,-0.38215073427470503,0.38215073427470503
thetao,W20p0,6,13,-0.37931309849401923,0.37931309849401923
so,W60p0,1,1,0.3791597700743829,0.3791597700743829
thetao,W60p0,1,5,0.37911843630800623,0.37911843630800623
thetao,W40p0,9,1,0.3707340916720879,0.3707340916720879
thetao,W60p0,5,0,-0.369302357115199,0.369302357115199
so,W10p0,2,1,-0.36289658988094375,0.36289658988094375
so,W20p0,5,5,-0.36204681580314174,0.36204681580314174
thetao,W60p0,1,4,0.3618741337071478,0.3618741337071478
thetao,W60p0,1,2,0.3582626167846788,0.3582626167846788
thetao,W20p0,6,14,-0.356866118925216,0.356866118925216
so,W60p0,2,4,0.3549074619752756,0.3549074619752756
thetao,W10p0,7,17,0.3548078365443614,0.3548078365443614
so,W10p0,7,2,-0.3541466769032202,0.3541466769032202
so,W20p0,7,0,-0.3503892218596795,0.3503892218596795
so,W60p0,2,5,0.34600536264970255,0.34600536264970255
so,W10p0,1,3,-0.34404042547390506,0.34404042547390506
thetao,W60p0,5,2,-0.34032494252811024,0.34032494252811024
thetao,W20p0,6,11,-0.33931433972761676,0.33931433972761676
so,W60p0,2,2,0.33294723357851735,0.33294723357851735
thetao,W30p0,1,2,-0.3322007786202899,0.3322007786202899
so,W60p0,2,0,0.3305542850174277,0.3305542850174277
so,W60p0,10,0,-0.32563780165075096,0.32563780165075096
so,W60p0,2,6,0.3236566681866648,0.3236566681866648
so,W10p0,1,20,-0.3163312761398834,0.3163312761398834
thetao,W10p0,4,7,0.3160280987217341,0.3160280987217341
so,W10p0,1,5,-0.3142187431537628,0.3142187431537628
so,W10p0,2,2,-0.3128357552931013,0.3128357552931013
so,W20p0,7,12,-0.3109938731635223,0.3109938731635223
so,W60p0,4,1,0.3097071254684108,0.3097071254684108
so,W20p0,1,6,-0.3081560311899564,0.3081560311899564
so,W60p0,1,6,0.30522093175219284,0.30522093175219284
so,W60p0,1,0,0.304650941613137,0.304650941613137
thetao,W30p0,9,2,-0.30444449477899926,0.30444449477899926
so,W30p0,7,0,-0.30327682192627226,0.30327682192627226
thetao,W60p0,1,3,0.3010067292679142,0.3010067292679142
thetao,W30p0,1,1,-0.30097696028352844,0.30097696028352844
thetao,W10p0,4,20,0.3003202507867378,0.3003202507867378
so,W30p0,5,2,0.2999664258134238,0.2999664258134238
thetao,W40p0,6,1,0.2988880879940835,0.2988880879940835
so,W30p0,3,3,0.298871597321818,0.298871597321818
thetao,W40p0,6,2,0.2981876771297888,0.2981876771297888
so,W30p0,5,4,0.2963513385712617,0.2963513385712617
thetao,W30p0,1,3,-0.296302761104603,0.296302761104603
so,W20p0,5,4,-0.2962943279193195,0.2962943279193195
so,W20p0,7,13,-0.29626720667187284,0.29626720667187284
thetao,W40p0,10,0,0.29605334461779476,0.29605334461779476
so,W10p0,2,0,-0.2948169368762554,0.2948169368762554
thetao,W40p0,9,2,0.2946816113684894,0.2946816113684894
so,W30p0,5,3,0.2943433371259234,0.2943433371259234
so,W40p0,3,3,-0.2941790179418461,0.2941790179418461
so,W40p0,4,20,0.2934227733015442,0.2934227733015442
so,W60p0,7,3,0.29287483264256053,0.29287483264256053
so,W30p0,3,2,0.2908592534717982,0.2908592534717982
so,W60p0,2,3,0.2899635579763364,0.2899635579763364
so,W60p0,5,6,-0.28832192960863784,0.28832192960863784
so,W10p0,3,14,0.28684318826253746,0.28684318826253746
so,W20p0,1,7,-0.28629930725380054,0.28629930725380054
so,W40p0,2,4,-0.2858833119335803,0.2858833119335803
so,W30p0,8,12,0.28583678751387825,0.28583678751387825
thetao,W20p0,9,3,0.2853163275333439,0.2853163275333439
so,W30p0,8,1,0.28175458101075995,0.28175458101075995
thetao,W20p0,10,16,0.2787023168688501,0.2787023168688501
so,W30p0,8,11,0.277940737509831,0.277940737509831
so,W10p0,7,18,-0.2768557157536677,0.2768557157536677
thetao,W10p0,3,2,0.27611847343875795,0.27611847343875795
thetao,W10p0,7,15,0.2746926526976509,0.2746926526976509
so,W40p0,9,7,-0.2738055555779515,0.2738055555779515
thetao,W10p0,8,15,-0.2727455599269805,0.2727455599269805
thetao,W10p0,3,3,0.2721279856501173,0.2721279856501173
thetao,W10p0,7,18,0.2716647433624871,0.2716647433624871
thetao,W20p0,2,8,-0.2716438513552252,0.2716438513552252
so,W20p0,7,11,-0.2715173320937297,0.2715173320937297
so,W60p0,4,2,0.27127277092861923,0.27127277092861923
thetao,W20p0,2,7,-0.27083143824263095,0.27083143824263095
so,W20p0,9,14,-0.2701713688889915,0.2701713688889915
so,W60p0,5,20,0.2700896826328963,0.2700896826328963
so,W30p0,8,10,0.2700545259641617,0.2700545259641617
so,W20p0,3,3,0.26939205769807745,0.26939205769807745
thetao,W40p0,8,18,0.26916543601939774,0.26916543601939774
so,W40p0,3,2,-0.2689235827663826,0.2689235827663826
so,W40p0,2,0,-0.2683744666930988,0.2683744666930988
so,W40p0,7,0,-0.2671003452735744,0.2671003452735744
thetao,W20p0,5,11,-0.26587968124528966,0.26587968124528966
so,W40p0,9,2,-0.2656499235670947,0.2656499235670947
so,W30p0,8,0,0.2648727625630209,0.2648727625630209
so,W60p0,1,2,0.2642270689041282,0.2642270689041282
so,W30p0,3,6,0.2642262944871271,0.2642262944871271
so,W20p0,9,16,-0.26402776892690333,0.26402776892690333
so,W40p0,3,12,0.26367623844130134,0.26367623844130134
thetao,W20p0,6,15,-0.26296085894586685,0.26296085894586685
so,W60p0,5,5,-0.262857002896388,0.262857002896388
so,W40p0,3,13,0.2618920010412552,0.2618920010412552
so,W60p0,4,0,0.25912282297623057,0.25912282297623057
so,W60p0,6,0,0.25835221764340804,0.25835221764340804
thetao,W60p0,7,20,-0.2582977189072947,0.2582977189072947
thetao,W30p0,9,3,-0.258204331806696,0.258204331806696
thetao,W20p0,5,12,-0.2575878792358525,0.2575878792358525
thetao,W60p0,10,0,-0.25730410382180263,0.25730410382180263
so,W40p0,5,2,-0.25701159067580365,0.25701159067580365
thetao,W40p0,9,3,0.256840158285144,0.256840158285144
thetao,W40p0,6,0,0.2564939617332245,0.2564939617332245
thetao,W10p0,4,1,0.254628778925976,0.254628778925976
so,W60p0,3,13,0.25439148159585845,0.25439148159585845
so,W40p0,3,11,0.25355693274712787,0.25355693274712787
so,W20p0,2,0,0.2527157877600933,0.2527157877600933
thetao,W40p0,2,17,0.25262102972849304,0.25262102972849304
so,W40p0,4,14,-0.25183003561300527,0.25183003561300527
so,W30p0,3,4,0.2515771627344202,0.2515771627344202
thetao,W60p0,1,0,0.2515605847426189,0.2515605847426189
so,W10p0,7,17,-0.25076916522495496,0.25076916522495496
thetao,W60p0,5,3,-0.25073036713079844,0.25073036713079844
so,W30p0,5,5,0.2506369774459318,0.2506369774459318
thetao,W30p0,1,4,-0.24998910460273147,0.24998910460273147
thetao,W60p0,1,7,0.24925427138732045,0.24925427138732045
thetao,W10p0,8,4,-0.248338398061515,0.248338398061515
thetao,W10p0,8,14,-0.24833041040708073,0.24833041040708073
thetao,W20p0,9,4,0.24815081763459776,0.24815081763459776
thetao,W20p0,10,17,0.24800892797754326,0.24800892797754326
so,W20p0,5,6,-0.24771334625359626,0.24771334625359626
thetao,W30p0,9,0,-0.2474763751440409,0.2474763751440409
thetao,W30p0,9,1,-0.24725531033192907,0.24725531033192907
thetao,W40p0,8,19,0.2470360806225661,0.2470360806225661
thetao,W40p0,9,20,0.24580208044362706,0.24580208044362706
so,W30p0,10,18,0.24534970244258023,0.24534970244258023
so,W40p0,7,20,0.24526440639179384,0.24526440639179384
so,W40p0,5,1,-0.24488471122476912,0.24488471122476912
so,W40p0,4,9,-0.24478101140697556,0.24478101140697556
so,W60p0,9,0,-0.24412509466503965,0.24412509466503965
thetao,W60p0,10,3,-0.24387133027183716,0.24387133027183716
thetao,W60p0,2,19,0.24377683792378144,0.24377683792378144
so,W60p0,1,7,0.24320156722779918,0.24320156722779918
thetao,W10p0,8,13,-0.24207005695572673,0.24207005695572673
so,W20p0,3,4,0.24193866750995754,0.24193866750995754
so,W10p0,7,19,-0.24188705949120748,0.24188705949120748
so,W10p0,1,2,-0.24145163100910222,0.24145163100910222
thetao,W20p0,7,0,-0.24102374377747043,0.24102374377747043
so,W40p0,4,13,-0.2407914815884063,0.2407914815884063
so,W30p0,3,5,0.23974225173137592,0.23974225173137592
so,W40p0,9,3,-0.23966435852037266,0.23966435852037266
thetao,W60p0,10,2,-0.23822227207949628,0.23822227207949628
thetao,W20p0,6,19,0.23663160617969925,0.23663160617969925
so,W20p0,7,14,-0.2362256718140474,0.2362256718140474
thetao,W40p0,10,1,0.23565647636784248,0.23565647636784248
so,W20p0,9,15,-0.23407914862557003,0.23407914862557003
so,W40p0,2,6,-0.2338369072042282,0.2338369072042282
thetao,W60p0,5,10,-0.23383410715662545,0.23383410715662545
so,W10p0,7,16,-0.2332015661141278,0.2332015661141278
so,W10p0,3,13,0.233115102319792,0.233115102319792
thetao,W60p0,9,2,0.23278106261223536,0.23278106261223536
thetao,W60p0,2,12,-0.23265585452938803,0.23265585452938803
thetao,W10p0,8,3,-0.23208553560912823,0.23208553560912823
thetao,W20p0,2,6,-0.23200647553002388,0.23200647553002388
so,W10p0,1,6,-0.23198137894665635,0.23198137894665635
so,W60p0,3,14,0.2317923878179267,0.2317923878179267
so,W20p0,3,2,0.23120235731357422,0.23120235731357422
so,W20p0,9,11,-0.2311894481986717,0.2311894481986717
so,W30p0,8,13,0.2311367268268256,0.2311367268268256
so,W60p0,10,5,0.2309197046147671,0.2309197046147671
thetao,W40p0,9,4,0.23072042873533705,0.23072042873533705
so,W60p0,7,2,0.22966646704293803,0.22966646704293803
thetao,W40p0,6,12,0.22942385553072403,0.22942385553072403
so,W40p0,9,8,-0.22847696037946721,0.22847696037946721
thetao,W40p0,2,2,-0.227764273924757,0.227764273924757
so,W40p0,3,4,-0.22753772195847638,0.22753772195847638
so,W20p0,10,2,-0.22745868007511386,0.22745868007511386
thetao,W10p0,1,3,0.22743488083595007,0.22743488083595007
thetao,W30p0,2,12,-0.2266210709067727,0.2266210709067727
thetao,W20p0,1,0,0.22550748796506126,0.22550748796506126
so,W60p0,5,7,-0.22547328819798135,0.22547328819798135
so,W30p0,5,1,0.22522363224103717,0.22522363224103717
so,W10p0,10,12,0.22408749815351264,0.22408749815351264
thetao,W30p0,9,12,-0.2237846229045207,0.2237846229045207
so,W60p0,7,4,0.2229839969671009,0.2229839969671009
so,W30p0,3,1,0.22258358546769955,0.22258358546769955
so,W60p0,3,17,0.22245540494086558,0.22245540494086558
thetao,W20p0,3,2,0.2223017144227524,0.2223017144227524
thetao,W30p0,4,18,-0.22229505924059895,0.22229505924059895
so,W20p0,2,16,0.22218397972097617,0.22218397972097617
so,W20p0,9,12,-0.22193362127600605,0.22193362127600605
so,W40p0,3,1,-0.22191027841813976,0.22191027841813976
thetao,W40p0,6,3,0.221719209044424,0.221719209044424
so,W10p0,9,0,0.22143060975340348,0.22143060975340348
so,W40p0,5,0,-0.22125628417883367,0.22125628417883367
so,W20p0,9,4,0.221061112765734,0.221061112765734
thetao,W20p0,7,18,-0.22038030529460603,0.22038030529460603
so,W20p0,2,15,0.22004940772018666,0.22004940772018666
thetao,W20p0,1,1,0.2198924337594944,0.2198924337594944
thetao,W40p0,10,2,0.2193642682741504,0.2193642682741504
so,W10p0,2,9,0.21915291561837677,0.21915291561837677
thetao,W60p0,9,3,0.21911323062881524,0.21911323062881524
thetao,W30p0,10,12,-0.21847874736426576,0.21847874736426576
thetao,W20p0,10,18,0.21815901530374088,0.21815901530374088
thetao,W60p0,5,19,-0.21793445995344143,0.21793445995344143
thetao,W40p0,8,17,0.21792435942975283,0.21792435942975283
so,W60p0,5,4,-0.2177028244280022,0.2177028244280022
so,W30p0,9,9,-0.21745138097460912,0.21745138097460912
so,W10p0,3,15,0.21733883097465992,0.21733883097465992
thetao,W10p0,8,16,-0.2171333643672197,0.2171333643672197
thetao,W30p0,8,1,-0.21707427198046447,0.21707427198046447
so,W60p0,1,5,0.21642373977697266,0.21642373977697266
so,W10p0,5,0,0.2164227636651978,0.2164227636651978
thetao,W30p0,7,11,-0.21617517962103888,0.21617517962103888
so,W10p0,1,19,-0.21546414878817707,0.21546414878817707
so,W20p0,7,10,-0.2153462007359743,0.2153462007359743
so,W40p0,4,8,-0.21513407161770165,0.21513407161770165
thetao,W40p0,2,3,-0.21501817963473052,0.21501817963473052
thetao,W60p0,4,4,0.21440725520181814,0.21440725520181814
thetao,W20p0,7,1,-0.2143967049899081,0.2143967049899081
so,W30p0,3,7,0.21411966402321594,0.21411966402321594
thetao,W20p0,7,16,-0.2140216779982041,0.2140216779982041
thetao,W60p0,4,13,0.21371156360804858,0.21371156360804858
so,W40p0,7,14,0.21291382542877593,0.21291382542877593
so,W40p0,2,5,-0.21259881525816204,0.21259881525816204
thetao,W20p0,2,9,-0.21222522647747935,0.21222522647747935
thetao,W40p0,2,18,0.21205482840333434,0.21205482840333434
thetao,W60p0,2,13,-0.2120517234524302,0.2120517234524302
thetao,W10p0,3,7,0.2117724799483795,0.2117724799483795
so,W60p0,6,18,0.21130884353077242,0.21130884353077242
so,W20p0,1,8,-0.21117939943788275,0.21117939943788275
so,W30p0,2,0,-0.21060610844640826,0.21060610844640826
thetao,W20p0,6,10,-0.21007705874525337,0.21007705874525337
so,W60p0,6,17,0.20988612854569283,0.20988612854569283
so,W10p0,7,3,-0.2086538296427059,0.2086538296427059
thetao,W60p0,10,1,-0.2085346563939932,0.2085346563939932
thetao,W40p0,2,4,-0.20760778619009235,0.20760778619009235
thetao,W30p0,8,2,-0.2065875856151216,0.2065875856151216
thetao,W20p0,10,15,0.20653396095248747,0.20653396095248747
thetao,W20p0,7,15,-0.2064983694124648,0.2064983694124648
thetao,W60p0,4,5,0.20625381140365764,0.20625381140365764
thetao,W40p0,9,19,0.20566940627315997,0.20566940627315997
thetao,W20p0,10,4,0.20493821005890603,0.20493821005890603
so,W20p0,10,13,-0.20464549651374242,0.20464549651374242
thetao,W20p0,10,5,0.20425382308066353,0.20425382308066353
so,W20p0,8,0,-0.20393946070393626,0.20393946070393626
thetao,W20p0,1,2,0.2028529040735186,0.2028529040735186
so,W30p0,5,11,-0.2023948154577752,0.2023948154577752
so,W40p0,3,10,0.20237209403357537,0.20237209403357537
so,W40p0,3,14,0.20228996100218422,0.20228996100218422
thetao,W30p0,9,13,-0.2018300401592848,0.2018300401592848
thetao,W10p0,4,19,0.20173983400435797,0.20173983400435797
thetao,W10p0,7,14,0.20164575764533557,0.20164575764533557
thetao,W10p0,7,0,0.20096010659523217,0.20096010659523217
thetao,W60p0,4,9,0.20066164403721115,0.20066164403721115
so,W20p0,8,13,-0.20047376087345734,0.20047376087345734
thetao,W10p0,3,4,0.200140019854894,0.200140019854894
so,W20p0,1,5,-0.20002924991910348,0.20002924991910348
thetao,W40p0,4,15,0.1999769524403032,0.1999769524403032
thetao,W40p0,9,5,0.19951255937350315,0.19951255937350315
so,W20p0,10,1,-0.19891620304234425,0.19891620304234425
so,W20p0,2,1,0.19856551641765693,0.19856551641765693
so,W60p0,3,12,0.19748791286903228,0.19748791286903228
thetao,W30p0,5,5,0.19659245860299737,0.19659245860299737
so,W30p0,7,1,-0.19650218267735556,0.19650218267735556
thetao,W10p0,1,2,0.1962649012065919,0.1962649012065919
thetao,W60p0,4,14,0.1961117229373703,0.1961117229373703
thetao,W60p0,9,7,0.1958037637756596,0.1958037637756596
thetao,W20p0,7,2,-0.19559952872460884,0.19559952872460884
so,W20p0,7,1,-0.1949587472284311,0.1949587472284311
so,W40p0,1,0,0.19449700269627823,0.19449700269627823
so,W30p0,4,12,0.19423939387778902,0.19423939387778902
thetao,W40p0,10,3,0.19405758435226272,0.19405758435226272
thetao,W20p0,2,10,-0.1938533996268757,0.1938533996268757
thetao,W30p0,5,2,0.19365802744076493,0.19365802744076493
thetao,W10p0,5,14,-0.19334650825138694,0.19334650825138694
thetao,W20p0,6,18,0.19327487704352028,0.19327487704352028
so,W60p0,3,6,-0.19322831810530902,0.19322831810530902
thetao,W60p0,9,6,0.19276274223545073,0.19276274223545073
so,W30p0,3,12,-0.19253619527453716,0.19253619527453716
so,W60p0,3,15,0.19163044591362152,0.19163044591362152
thetao,W30p0,2,13,-0.190853756770275,0.190853756770275
thetao,W20p0,1,5,0.19076815437114586,0.19076815437114586
thetao,W20p0,8,19,-0.1904994229226122,0.1904994229226122
thetao,W30p0,5,1,0.19039559339332968,0.19039559339332968
thetao,W10p0,8,12,-0.19028277563884616,0.19028277563884616
so,W30p0,5,6,0.1894883402015434,0.1894883402015434
so,W30p0,8,2,0.18898514649251433,0.18898514649251433
so,W10p0,1,7,-0.18897246256858,0.18897246256858
so,W10p0,8,0,-0.18881496971683176,0.18881496971683176
so,W20p0,3,5,0.18851156051736886,0.18851156051736886
so,W10p0,10,11,0.18814886964830665,0.18814886964830665
so,W40p0,10,5,-0.18806071113514206,0.18806071113514206
so,W60p0,5,19,0.18797497949761402,0.18797497949761402
so,W40p0,4,10,-0.18760126747022884,0.18760126747022884
so,W30p0,4,13,0.187304063793216,0.187304063793216
so,W10p0,2,3,-0.18695780427810912,0.18695780427810912
thetao,W20p0,1,3,0.18691255157034753,0.18691255157034753
thetao,W20p0,8,12,0.18691239416045247,0.18691239416045247
thetao,W30p0,1,6,-0.18664182848553657,0.18664182848553657
so,W60p0,1,3,0.18532917942443466,0.18532917942443466
so,W30p0,6,15,0.18516521848711764,0.18516521848711764
thetao,W30p0,8,9,0.18493443903355816,0.18493443903355816
thetao,W60p0,2,14,-0.1848734099924485,0.1848734099924485
thetao,W20p0,1,4,0.18473845537879763,0.18473845537879763
thetao,W40p0,6,13,0.18420944707739706,0.18420944707739706
so,W20p0,9,13,-0.1841213656050541,0.1841213656050541
so,W60p0,3,16,0.18408081130491621,0.18408081130491621
so,W10p0,3,16,0.18392380645656561,0.18392380645656561
thetao,W40p0,2,5,-0.18361561230577692,0.18361561230577692
so,W20p0,3,20,0.18353101605011454,0.18353101605011454
thetao,W10p0,9,1,0.18295134523708192,0.18295134523708192
so,W30p0,1,14,-0.18265231441165802,0.18265231441165802
so,W10p0,2,8,0.1824498255541385,0.1824498255541385
thetao,W20p0,6,20,0.18218199008777347,0.18218199008777347
so,W20p0,1,10,-0.18112801367829132,0.18112801367829132
so,W30p0,5,12,-0.18064498929635597,0.18064498929635597
so,W40p0,10,6,-0.18041895447759945,0.18041895447759945
so,W60p0,3,5,-0.18028763640731735,0.18028763640731735
thetao,W40p0,2,16,0.1801513933628968,0.1801513933628968
so,W10p0,10,13,0.18014420112215987,0.18014420112215987
so,W60p0,6,1,0.1796121344557414,0.1796121344557414
so,W30p0,3,13,-0.179379448482389,0.179379448482389
so,W10p0,4,6,0.17933538442722902,0.17933538442722902
so,W20p0,10,11,-0.17928688003155938,0.17928688003155938
thetao,W30p0,2,16,-0.17910301673088627,0.17910301673088627
so,W60p0,4,3,0.17904690805156262,0.17904690805156262
thetao,W30p0,4,19,-0.1790448287792096,0.1790448287792096
thetao,W20p0,3,3,0.17902705960969556,0.17902705960969556
thetao,W10p0,4,8,0.1790074049509713,0.1790074049509713
so,W30p0,7,3,-0.17890270210954004,0.17890270210954004
so,W20p0,4,12,-0.17828911026641395,0.17828911026641395
thetao,W20p0,9,2,0.17812260825636628,0.17812260825636628
so,W20p0,10,3,-0.17803357466387515,0.17803357466387515
so,W60p0,10,4,0.17796477489495857,0.17796477489495857
thetao,W30p0,1,5,-0.17759105226652674,0.17759105226652674
thetao,W20p0,5,10,-0.17756536147197913,0.17756536147197913
thetao,W20p0,1,6,0.1774230788616078,0.1774230788616078
thetao,W60p0,9,4,0.17733090022271436,0.17733090022271436
so,W30p0,4,1,-0.17730242458445056,0.17730242458445056
thetao,W30p0,5,6,0.17716326177477443,0.17716326177477443
thetao,W20p0,3,1,0.1770386970584976,0.1770386970584976
so,W20p0,9,3,0.17681897149384904,0.17681897149384904
so,W60p0,10,6,0.1763620480336855,0.1763620480336855
so,W20p0,8,14,-0.17564447862547464,0.17564447862547464
thetao,W30p0,10,13,-0.17559504048888122,0.17559504048888122
so,W20p0,10,12,-0.17531007635256032,0.17531007635256032
so,W40p0,7,13,0.17494297541916043,0.17494297541916043
thetao,W60p0,5,11,-0.17485933229069608,0.17485933229069608
so,W30p0,8,16,0.1743413238194876,0.1743413238194876
thetao,W60p0,3,13,-0.1742082677319596,0.1742082677319596
so,W20p0,4,13,-0.1736727838692659,0.1736727838692659
thetao,W10p0,3,12,0.17363890080301073,0.17363890080301073
thetao,W40p0,8,16,0.1735433157789917,0.1735433157789917
thetao,W60p0,6,4,0.17345292122638126,0.17345292122638126
so,W30p0,10,12,0.17326159004175787,0.17326159004175787
thetao,W10p0,10,0,0.17322878461151897,0.17322878461151897
so,W30p0,9,8,-0.17317359059317036,0.17317359059317036
thetao,W20p0,8,10,0.17307489314217145,0.17307489314217145
so,W10p0,2,10,0.17282709492092155,0.17282709492092155
thetao,W10p0,3,1,0.1726684517519704,0.1726684517519704
thetao,W20p0,8,18,-0.1725167406521087,0.1725167406521087
so,W20p0,2,8,-0.1724100187474208,0.1724100187474208
thetao,W60p0,4,12,0.17235395420907326,0.17235395420907326
thetao,W10p0,8,5,-0.17231486799630366,0.17231486799630366
so,W10p0,3,6,-0.17228812926660422,0.17228812926660422
so,W30p0,4,15,0.17219186055320812,0.17219186055320812
thetao,W40p0,8,14,0.1720650785819988,0.1720650785819988
thetao,W60p0,10,4,-0.17201718579082137,0.17201718579082137
thetao,W40p0,6,11,0.1718662557675506,0.1718662557675506
so,W60p0,1,20,0.17185075895847257,0.17185075895847257
so,W40p0,9,6,-0.1717171613731411,0.1717171613731411
so,W40p0,3,18,0.1717071782709539,0.1717071782709539
so,W20p0,1,9,-0.1714253937584192,0.1714253937584192
thetao,W30p0,5,16,-0.1713482935427966,0.1713482935427966
thetao,W30p0,1,0,-0.1711498287477365,0.1711498287477365
so,W30p0,9,17,-0.1698968229310046,0.1698968229310046
so,W30p0,10,13,0.1698534457906155,0.1698534457906155
thetao,W10p0,1,4,0.16956608230482212,0.16956608230482212
thetao,W30p0,9,14,-0.16938795856163455,0.16938795856163455
thetao,W60p0,9,5,0.16928788585626708,0.16928788585626708
so,W30p0,2,7,0.16922465596806485,0.16922465596806485
thetao,W60p0,2,20,0.16914948745833214,0.16914948745833214
so,W40p0,8,14,-0.16906601321326714,0.16906601321326714
so,W30p0,7,2,-0.1689700832684793,0.1689700832684793
thetao,W20p0,10,14,0.16884958117782117,0.16884958117782117
so,W30p0,9,10,-0.16877220156568862,0.16877220156568862
thetao,W40p0,9,13,-0.16870581056401188,0.16870581056401188
thetao,W60p0,3,0,-0.16789168368817897,0.16789168368817897
thetao,W60p0,7,3,-0.1677889767759676,0.1677889767759676
thetao,W60p0,7,19,-0.16769938013226,0.16769938013226
thetao,W60p0,4,8,0.16758385025261366,0.16758385025261366
thetao,W60p0,6,2,0.1670573804598883,0.1670573804598883
thetao,W30p0,5,4,0.16698983426484346,0.16698983426484346
so,W10p0,1,18,-0.16658421881254848,0.16658421881254848
so,W60p0,8,13,-0.16626217460674672,0.16626217460674672
so,W20p0,4,17,-0.16606241361637605,0.16606241361637605
so,W30p0,5,10,-0.16559730207800652,0.16559730207800652
so,W40p0,4,15,-0.16528543204452292,0.16528543204452292
thetao,W40p0,2,1,-0.16526557381815682,0.16526557381815682
so,W40p0,3,5,-0.16521061635744347,0.16521061635744347
thetao,W60p0,5,15,-0.1649712145772529,0.1649712145772529
thetao,W60p0,2,18,0.16427577139777988,0.16427577139777988
thetao,W60p0,9,1,0.16372873483381048,0.16372873483381048
so,W20p0,2,9,-0.1634573991427997,0.1634573991427997
thetao,W20p0,7,17,-0.16324458432824737,0.16324458432824737
thetao,W20p0,8,13,0.16317706424213313,0.16317706424213313
so,W40p0,3,17,0.1630828949042926,0.1630828949042926
so,W60p0,5,10,0.16252851066700774,0.16252851066700774
thetao,W30p0,4,0,-0.16227744185463316,0.16227744185463316
so,W60p0,8,3,0.16210518726082151,0.16210518726082151
thetao,W30p0,5,3,0.16203128803087377,0.16203128803087377
so,W20p0,6,18,0.16197396793567864,0.16197396793567864
so,W40p0,10,3,-0.1617132817687796,0.1617132817687796
so,W40p0,6,18,-0.16163291719367873,0.16163291719367873
thetao,W30p0,7,15,-0.16153499466788523,0.16153499466788523
so,W20p0,6,19,0.16139590424108033,0.16139590424108033
thetao,W20p0,10,6,0.16074262818223933,0.16074262818223933
so,W40p0,5,3,-0.1607380458628677,0.1607380458628677
thetao,W30p0,1,7,-0.16049406480535436,0.16049406480535436
so,W30p0,8,14,0.16005177994001676,0.16005177994001676
thetao,W30p0,2,3,0.15988197275810195,0.15988197275810195
thetao,W30p0,4,3,0.1595677408776986,0.1595677408776986
so,W10p0,7,15,-0.1594107559763106,0.1594107559763106
thetao,W60p0,4,11,0.15940431407578634,0.15940431407578634
thetao,W10p0,5,13,-0.15925865334907646,0.15925865334907646
so,W30p0,3,16,-0.15898074539245968,0.15898074539245968
thetao,W40p0,8,3,-0.15890490923467057,0.15890490923467057
so,W60p0,7,0,0.15856190812832702,0.15856190812832702
so,W60p0,7,19,-0.15842613005640346,0.15842613005640346
thetao,W40p0,8,20,0.15829081710928175,0.15829081710928175
so,W30p0,8,15,0.15791228940189714,0.15791228940189714
thetao,W20p0,6,0,-0.1578989283767796,0.1578989283767796
so,W40p0,2,7,-0.1578380428402098,0.1578380428402098
so,W10p0,8,1,-0.15753918031662106,0.15753918031662106
thetao,W60p0,6,5,0.15696939752323902,0.15696939752323902
thetao,W40p0,1,10,-0.1569656907973807,0.1569656907973807
so,W30p0,4,14,0.1566150058173426,0.1566150058173426
thetao,W40p0,6,4,0.15638080390292886,0.15638080390292886
so,W20p0,4,16,-0.15631523523570634,0.15631523523570634
thetao,W20p0,5,5,0.15627334066109827,0.15627334066109827
thetao,W60p0,5,12,-0.15625087458114284,0.15625087458114284
thetao,W20p0,8,9,0.15615302646366763,0.15615302646366763
so,W30p0,8,9,0.15600503277930708,0.15600503277930708
thetao,W10p0,6,0,-0.15594150432580792,0.15594150432580792
thetao,W10p0,3,8,0.1556326298254213,0.1556326298254213
thetao,W10p0,3,11,0.1555883318713236,0.1555883318713236
so,W30p0,10,19,0.15541850405874438,0.15541850405874438
thetao,W60p0,2,11,-0.15484129856751397,0.15484129856751397
thetao,W60p0,6,3,0.15473347917327668,0.15473347917327668
thetao,W30p0,7,12,-0.15437693035103345,0.15437693035103345
so,W40p0,10,4,-0.15401353327836123,0.15401353327836123
so,W40p0,3,16,0.15359202448531237,0.15359202448531237
so,W60p0,1,13,-0.15339887271820124,0.15339887271820124
so,W60p0,3,18,0.15328260755209996,0.15328260755209996
thetao,W10p0,9,19,-0.15323086396891394,0.15323086396891394
so,W10p0,3,2,-0.15302463158311155,0.15302463158311155
so,W20p0,8,12,-0.15297760835086646,0.15297760835086646
thetao,W10p0,8,0,0.15275333593812576,0.15275333593812576
so,W60p0,5,13,0.15255662455473684,0.15255662455473684
thetao,W30p0,4,11,0.15250318361636933,0.15250318361636933
thetao,W10p0,7,5,0.1524880227911534,0.1524880227911534
so,W20p0,8,15,-0.15236448979468842,0.15236448979468842
thetao,W30p0,5,17,-0.1521282460993826,0.1521282460993826
thetao,W20p0,3,4,0.15188635822202043,0.15188635822202043
thetao,W40p0,8,15,0.1517825920835934,0.1517825920835934
thetao,W40p0,4,16,0.15151479433697965,0.15151479433697965
thetao,W30p0,10,11,-0.151227764936997,0.151227764936997
so,W30p0,8,4,0.15112564211073218,0.15112564211073218
so,W10p0,9,15,0.15106794346420052,0.15106794346420052
so,W20p0,8,16,-0.15097516733048982,0.15097516733048982
so,W40p0,7,12,0.15088777207988188,0.15088777207988188
thetao,W10p0,5,8,0.15058276857230737,0.15058276857230737
thetao,W40p0,1,14,-0.1505129554672,0.1505129554672
thetao,W30p0,2,11,-0.1504499575536167,0.1504499575536167
thetao,W30p0,7,4,0.1500429130270357,0.1500429130270357
thetao,W20p0,10,3,0.14995001281070056,0.14995001281070056
thetao,W40p0,9,12,-0.1498103438550045,0.1498103438550045
thetao,W30p0,6,10,-0.14970679760237482,0.14970679760237482
so,W20p0,7,9,-0.1496025072773311,0.1496025072773311
thetao,W40p0,6,5,0.14950899585688873,0.14950899585688873
thetao,W20p0,2,5,-0.14946780363817272,0.14946780363817272
thetao,W20p0,5,13,-0.14931389198207698,0.14931389198207698
so,W10p0,6,20,-0.14896964472705318,0.14896964472705318
thetao,W10p0,1,1,0.14853906700296407,0.14853906700296407
thetao,W10p0,8,11,-0.14838586462118503,0.14838586462118503
thetao,W60p0,5,9,-0.14813336398889096,0.14813336398889096
so,W20p0,5,0,-0.14789907858559131,0.14789907858559131
thetao,W60p0,8,7,-0.14759903698704666,0.14759903698704666
thetao,W20p0,8,11,0.1474588496777435,0.1474588496777435
thetao,W20p0,2,0,0.14732250184288928,0.14732250184288928
so,W40p0,1,19,0.14721923072349669,0.14721923072349669
thetao,W20p0,7,14,-0.14679343919767499,0.14679343919767499
so,W20p0,1,19,-0.1463866485611192,0.1463866485611192
thetao,W20p0,10,1,0.14631816207086243,0.14631816207086243
so,W10p0,10,14,0.14627491283203564,0.14627491283203564
thetao,W10p0,10,1,0.1462255600899123,0.1462255600899123
so,W10p0,4,14,-0.14605795830964552,0.14605795830964552
so,W10p0,9,19,0.1460421786327062,0.1460421786327062
thetao,W30p0,4,17,-0.14601193730823883,0.14601193730823883
thetao,W10p0,3,13,0.14586979811095435,0.14586979811095435
thetao,W30p0,2,10,-0.14576075213770243,0.14576075213770243
thetao,W10p0,7,19,0.14572219826659488,0.14572219826659488
so,W20p0,10,7,-0.14566750826513664,0.14566750826513664
so,W60p0,6,19,0.1456347831008415,0.1456347831008415
thetao,W30p0,9,11,-0.14555276797059388,0.14555276797059388
so,W60p0,10,18,-0.14511114443869555,0.14511114443869555
thetao,W20p0,9,5,0.1450205595121352,0.1450205595121352
so,W40p0,9,4,-0.14497933159607185,0.14497933159607185
thetao,W20p0,4,17,-0.1448541814206014,0.1448541814206014
thetao,W30p0,4,12,0.14476631729224765,0.14476631729224765
so,W20p0,5,3,-0.1445181309631185,0.1445181309631185
thetao,W10p0,7,1,0.1441618426699338,0.1441618426699338
thetao,W30p0,2,14,-0.14387536932445366,0.14387536932445366
thetao,W10p0,7,6,0.14366619887815377,0.14366619887815377
so,W60p0,1,4,0.14355220608865474,0.14355220608865474
so,W60p0,1,16,0.14340683343557864,0.14340683343557864
thetao,W30p0,10,14,-0.1433038362648944,0.1433038362648944
so,W60p0,8,4,0.143121878268305,0.143121878268305
so,W10p0,2,16,-0.14301902209914333,0.14301902209914333
so,W30p0,4,0,-0.1429497206482135,0.1429497206482135
thetao,W10p0,3,6,0.14268553313707874,0.14268553313707874
so,W40p0,10,7,-0.1423231044357671,0.1423231044357671
so,W40p0,4,12,-0.14181962937131373,0.14181962937131373
so,W10p0,4,7,0.1416816490386807,0.1416816490386807
thetao,W40p0,7,4,0.1416545657352613,0.1416545657352613
thetao,W20p0,2,11,-0.1415235230574607,0.1415235230574607
thetao,W10p0,9,3,0.14116604967730573,0.14116604967730573
so,W30p0,4,16,0.14076823314291742,0.14076823314291742
so,W20p0,2,4,-0.14062696470323197,0.14062696470323197
so,W60p0,7,1,0.1405694664683586,0.1405694664683586
thetao,W40p0,8,2,-0.14047608134300366,0.14047608134300366
so,W40p0,4,7,-0.14037227507184802,0.14037227507184802
thetao,W30p0,10,4,-0.14014655724834843,0.14014655724834843
so,W40p0,1,14,0.13991046353234907,0.13991046353234907
thetao,W30p0,2,15,-0.13984768526723326,0.13984768526723326
thetao,W10p0,2,3,0.13970708304019128,0.13970708304019128
so,W40p0,10,15,-0.13930702670984138,0.13930702670984138
so,W60p0,9,14,-0.13909200176946784,0.13909200176946784
thetao,W30p0,7,13,-0.13889515215344342,0.13889515215344342
thetao,W30p0,9,17,0.13876823896004484,0.13876823896004484
thetao,W20p0,3,13,0.13869128851781257,0.13869128851781257
so,W30p0,7,4,-0.13852434047928375,0.13852434047928375
so,W20p0,9,19,0.13846008872186474,0.13846008872186474
thetao,W60p0,7,13,-0.13832740298037524,0.13832740298037524
thetao,W20p0,1,7,0.13826190211633912,0.13826190211633912
thetao,W10p0,9,18,-0.13786490356606698,0.13786490356606698
thetao,W30p0,3,4,0.13735974076991653,0.13735974076991653
so,W20p0,6,12,-0.1372836846217955,0.1372836846217955
thetao,W30p0,2,17,-0.13714274010140928,0.13714274010140928
thetao,W10p0,6,14,0.13698551196904307,0.13698551196904307
so,W10p0,1,8,-0.13680961111250417,0.13680961111250417
so,W20p0,2,17,0.1366842666815935,0.1366842666815935
so,W40p0,5,19,-0.136629132754083,0.136629132754083
thetao,W10p0,4,0,0.13658203833028784,0.13658203833028784
thetao,W20p0,1,19,0.13642140689131982,0.13642140689131982
so,W10p0,7,6,-0.13638369682168244,0.13638369682168244
so,W10p0,5,10,0.1363439551897845,0.1363439551897845
so,W20p0,3,19,0.1362683083643561,0.1362683083643561
so,W10p0,5,16,0.13626207546251962,0.13626207546251962
so,W20p0,1,20,-0.13589332745141405,0.13589332745141405
thetao,W40p0,7,5,0.1352719983969293,0.1352719983969293
so,W60p0,2,7,0.13510055369902324,0.13510055369902324
so,W40p0,1,20,0.13504864259114752,0.13504864259114752
so,W10p0,5,17,0.13487043631032472,0.13487043631032472
so,W30p0,9,2,0.13468996039299425,0.13468996039299425
so,W60p0,5,11,0.13437298546355708,0.13437298546355708
so,W30p0,10,14,0.1336676803398604,0.1336676803398604
so,W60p0,10,7,0.1336387921977768,0.1336387921977768
so,W10p0,10,10,0.13361694392896234,0.13361694392896234
thetao,W40p0,8,11,0.1335428393232454,0.1335428393232454
thetao,W40p0,1,13,-0.13346939297255167,0.13346939297255167
thetao,W10p0,6,6,-0.13341409823618808,0.13341409823618808
thetao,W20p0,10,2,0.13337557623513496,0.13337557623513496
so,W40p0,8,9,-0.13336988011996517,0.13336988011996517
thetao,W40p0,8,7,-0.1330132751816452,0.1330132751816452
thetao,W40p0,1,11,-0.13298365134394846,0.13298365134394846
so,W20p0,4,14,-0.13276014061543479,0.13276014061543479
thetao,W20p0,3,5,0.13268471041889324,0.13268471041889324
so,W20p0,5,14,-0.1326707378020355,0.1326707378020355
thetao,W40p0,1,20,-0.13255592656445161,0.13255592656445161
thetao,W60p0,3,7,0.13247248950155457,0.13247248950155457
thetao,W20p0,6,1,-0.13243123262881407,0.13243123262881407
thetao,W30p0,7,5,0.13199815677766844,0.13199815677766844
so,W10p0,3,7,-0.13190630314472865,0.13190630314472865
so,W30p0,3,14,-0.13190566391112596,0.13190566391112596
thetao,W30p0,8,13,-0.13185941082213937,0.13185941082213937
thetao,W60p0,5,18,-0.13168636531993944,0.13168636531993944
thetao,W10p0,6,1,-0.13157119047455465,0.13157119047455465
so,W60p0,8,2,0.13154175738969015,0.13154175738969015
thetao,W60p0,7,14,-0.13118673150973884,0.13118673150973884
thetao,W40p0,1,19,-0.13116644254069626,0.13116644254069626
so,W30p0,3,15,-0.131086247652574,0.131086247652574
thetao,W60p0,8,11,-0.13083164485789822,0.13083164485789822
so,W60p0,1,19,0.13071365636024074,0.13071365636024074
thetao,W40p0,1,12,-0.130612137374645,0.130612137374645
so,W40p0,9,0,0.13048799617443235,0.13048799617443235
so,W40p0,7,1,-0.13046195503831115,0.13046195503831115
thetao,W20p0,9,1,0.13006099197009294,0.13006099197009294
thetao,W30p0,4,10,0.12987585980423622,0.12987585980423622
so,W20p0,8,18,-0.12982376366456122,0.12982376366456122
thetao,W40p0,3,2,-0.12979009197666289,0.12979009197666289
so,W10p0,3,3,-0.12970810751954498,0.12970810751954498
so,W10p0,3,5,-0.12967115508843924,0.12967115508843924
so,W30p0,6,11,0.12965854482561961,0.12965854482561961
thetao,W60p0,5,20,-0.12965250043099036,0.12965250043099036
thetao,W10p0,3,9,0.12961758164875417,0.12961758164875417
thetao,W20p0,5,9,-0.1292636082780709,0.1292636082780709
so,W20p0,3,18,0.12922811759458122,0.12922811759458122
so,W30p0,4,2,-0.12914210804510298,0.12914210804510298
so,W30p0,5,9,-0.12892479965332695,0.12892479965332695
so,W10p0,2,15,-0.12884830988095164,0.12884830988095164
thetao,W60p0,3,18,-0.12877278526632205,0.12877278526632205
thetao,W40p0,6,6,0.12865717953849823,0.12865717953849823
so,W40p0,3,15,0.12835007674040766,0.12835007674040766
so,W60p0,10,15,0.1278917888891067,0.1278917888891067
thetao,W30p0,6,11,-0.12787394569361885,0.12787394569361885
so,W60p0,10,1,-0.12780363089780447,0.12780363089780447
thetao,W10p0,8,17,-0.12766608184092915,0.12766608184092915
thetao,W20p0,10,13,0.1270452704345374,0.1270452704345374
so,W60p0,9,7,0.1270162626185495,0.1270162626185495
thetao,W40p0,10,20,-0.1268440793543717,0.1268440793543717
so,W60p0,3,11,0.12682454953254765,0.12682454953254765
thetao,W40p0,1,18,-0.12652498957182948,0.12652498957182948
so,W30p0,9,20,0.12640663001019903,0.12640663001019903
thetao,W20p0,6,16,-0.1263822568398032,0.1263822568398032
so,W10p0,9,17,0.12630561201527601,0.12630561201527601
thetao,W60p0,3,14,-0.12629770790929137,0.12629770790929137
so,W30p0,7,7,0.12623072605547403,0.12623072605547403
so,W60p0,6,16,0.1261336178900608,0.1261336178900608
so,W20p0,7,15,-0.1259937314402514,0.1259937314402514
thetao,W20p0,3,14,0.12596794103105638,0.12596794103105638
so,W40p0,1,18,0.1257078547778192,0.1257078547778192
thetao,W60p0,2,4,-0.12554820854812312,0.12554820854812312
so,W40p0,6,0,-0.1251623920720646,0.1251623920720646
so,W10p0,9,3,-0.12511715329720624,0.12511715329720624
so,W20p0,10,14,-0.12499975919055133,0.12499975919055133
thetao,W10p0,6,13,0.12496883918174896,0.12496883918174896
thetao,W20p0,5,4,0.12483109438266263,0.12483109438266263
so,W10p0,7,4,-0.12468893107238557,0.12468893107238557
so,W40p0,8,8,-0.12462757696465747,0.12462757696465747
thetao,W40p0,1,8,-0.1245797129229801,0.1245797129229801
so,W30p0,3,17,-0.12457159372497045,0.12457159372497045
so,W40p0,4,19,0.12433972708957722,0.12433972708957722
thetao,W20p0,9,20,0.12408448948293463,0.12408448948293463
so,W10p0,5,9,0.12408015536726297,0.12408015536726297
so,W20p0,3,15,-0.1240660397779573,0.1240660397779573
thetao,W20p0,1,20,0.12383342354856391,0.12383342354856391
so,W20p0,5,1,-0.12373837658201141,0.12373837658201141
so,W60p0,1,17,0.1233618129985849,0.1233618129985849
so,W20p0,4,15,-0.12324791215992832,0.12324791215992832
so,W10p0,9,4,-0.12307033659497592,0.12307033659497592
so,W40p0,1,15,0.12307026673291789,0.12307026673291789
thetao,W20p0,1,18,0.12305067672670933,0.12305067672670933
thetao,W60p0,7,12,-0.12302440592632571,0.12302440592632571
so,W10p0,3,12,0.12295350474331629,0.12295350474331629
thetao,W30p0,10,6,-0.12282965162703358,0.12282965162703358
so,W40p0,8,17,0.12270639266616236,0.12270639266616236
so,W60p0,5,12,0.12265145766056947,0.12265145766056947
so,W30p0,8,5,0.12236893659820004,0.12236893659820004
so,W10p0,7,5,-0.12230284402976944,0.12230284402976944
so,W60p0,1,12,-0.12211381753056684,0.12211381753056684
so,W20p0,6,13,-0.12196210829239733,0.12196210829239733
so,W10p0,3,18,0.12184382189016263,0.12184382189016263
so,W40p0,7,19,0.12130006031573336,0.12130006031573336
thetao,W20p0,8,20,-0.12122359494416869,0.12122359494416869
thetao,W30p0,8,10,0.12119384576844916,0.12119384576844916
so,W10p0,8,2,-0.12118965878658933,0.12118965878658933
thetao,W30p0,6,0,-0.12107490342586157,0.12107490342586157
so,W30p0,1,15,-0.12097785842905978,0.12097785842905978
thetao,W20p0,8,4,0.1209346204445967,0.1209346204445967
so,W20p0,2,5,-0.12041520927431568,0.12041520927431568
thetao,W20p0,3,6,0.12028643881154136,0.12028643881154136
thetao,W60p0,4,10,0.12014503358411639,0.12014503358411639
so,W40p0,1,10,0.12008836966659629,0.12008836966659629
thetao,W20p0,4,16,-0.11977002976855113,0.11977002976855113
so,W10p0,2,11,0.11952110852019002,0.11952110852019002
so,W40p0,10,14,-0.11950877847216716,0.11950877847216716
thetao,W60p0,2,15,-0.11931457887801848,0.11931457887801848
so,W60p0,1,8,0.1189654766507608,0.1189654766507608
so,W40p0,9,12,-0.1189127742577049,0.1189127742577049
thetao,W30p0,7,16,-0.11872089353230925,0.11872089353230925
so,W60p0,6,7,0.11867208046539356,0.11867208046539356
so,W20p0,8,6,0.11862407184672034,0.11862407184672034
so,W30p0,8,17,0.11862169871542948,0.11862169871542948
so,W40p0,5,6,-0.1185736754444346,0.1185736754444346
so,W20p0,3,1,0.11825507925304002,0.11825507925304002
so,W20p0,9,5,0.11816688775949322,0.11816688775949322
thetao,W10p0,3,10,0.11784483492924262,0.11784483492924262
thetao,W10p0,8,6,-0.11784377565546637,0.11784377565546637
thetao,W30p0,8,4,-0.11757761193480447,0.11757761193480447
so,W30p0,10,7,-0.11727928571373913,0.11727928571373913
so,W30p0,6,18,-0.1172633860823354,0.1172633860823354
thetao,W60p0,5,14,-0.11724620128657375,0.11724620128657375
thetao,W40p0,10,14,-0.117100802461055,0.117100802461055
so,W10p0,5,11,0.11708618847993967,0.11708618847993967
so,W60p0,9,6,0.11702525687384276,0.11702525687384276
so,W10p0,4,16,-0.11687201470278481,0.11687201470278481
thetao,W30p0,7,10,-0.11682810501728119,0.11682810501728119
so,W60p0,3,20,0.11676992416564054,0.11676992416564054
thetao,W60p0,6,16,-0.11675163291842694,0.11675163291842694
thetao,W20p0,9,6,0.11671712227540795,0.11671712227540795
so,W30p0,3,8,0.11656809848609002,0.11656809848609002
so,W60p0,8,12,-0.11655439303876376,0.11655439303876376
thetao,W10p0,10,17,0.1164196263859847,0.1164196263859847
so,W60p0,9,20,0.11636559199156295,0.11636559199156295
so,W10p0,9,16,0.11626915212108944,0.11626915212108944
thetao,W60p0,6,20,-0.11616112335150791,0.11616112335150791
thetao,W30p0,4,4,0.11608316257774515,0.11608316257774515
so,W10p0,9,7,-0.11596912970719588,0.11596912970719588
so,W40p0,8,10,-0.11594137699180156,0.11594137699180156
so,W20p0,3,6,0.11579336747024793,0.11579336747024793
thetao,W40p0,9,11,-0.1153951114128308,0.1153951114128308
so,W10p0,8,11,-0.11537429621409444,0.11537429621409444
thetao,W30p0,6,12,-0.11525457479657775,0.11525457479657775
so,W60p0,6,8,0.1151949775953784,0.1151949775953784
so,W20p0,2,14,0.11517068948597756,0.11517068948597756
thetao,W40p0,8,10,0.11516378093189238,0.11516378093189238
thetao,W30p0,6,1,-0.11493266173011456,0.11493266173011456
so,W30p0,8,3,0.11491256214754565,0.11491256214754565
thetao,W20p0,8,14,0.11481445901629184,0.11481445901629184
thetao,W30p0,8,18,-0.1142918735666105,0.1142918735666105
so,W60p0,5,2,-0.11418875533577763,0.11418875533577763
thetao,W10p0,3,17,0.11411752658485391,0.11411752658485391
so,W40p0,9,13,-0.11411134509607897,0.11411134509607897
so,W60p0,5,3,-0.1136994130559656,0.1136994130559656
thetao,W60p0,8,0,0.11310818902360163,0.11310818902360163
so,W60p0,1,18,0.11299664475542337,0.11299664475542337
so,W10p0,4,5,0.11285933394293021,0.11285933394293021
thetao,W10p0,10,16,0.11281113323570814,0.11281113323570814
so,W40p0,5,20,-0.11259186240267705,0.11259186240267705
so,W40p0,7,15,0.11255200021581581,0.11255200021581581
so,W60p0,1,14,-0.11249258856881196,0.11249258856881196
thetao,W30p0,8,3,-0.11232346329884267,0.11232346329884267
thetao,W20p0,5,6,0.1122511961435544,0.1122511961435544
so,W40p0,3,9,0.11211952687776672,0.11211952687776672
thetao,W60p0,4,7,0.11190601238074853,0.11190601238074853
so,W10p0,1,1,-0.11177753157036496,0.11177753157036496
so,W30p0,9,6,-0.11161109325922404,0.11161109325922404
so,W40p0,6,17,-0.11124189764477951,0.11124189764477951
so,W20p0,8,17,-0.11108621728413323,0.11108621728413323
so,W60p0,3,7,-0.11107913566634642,0.11107913566634642
thetao,W30p0,5,7,0.11058225589617075,0.11058225589617075
so,W30p0,1,13,-0.1103055419743216,0.1103055419743216
thetao,W10p0,3,5,0.11008396212738686,0.11008396212738686
so,W10p0,5,8,0.10965292778062775,0.10965292778062775
thetao,W30p0,10,1,-0.10961472950066757,0.10961472950066757
so,W60p0,5,18,0.10940939699371341,0.10940939699371341
thetao,W60p0,4,3,0.10935732870232026,0.10935732870232026
so,W40p0,9,9,-0.1092120713808811,0.1092120713808811
so,W10p0,10,15,0.10910625534589807,0.10910625534589807
thetao,W60p0,5,4,-0.10905824380291677,0.10905824380291677
thetao,W10p0,7,4,0.10904755319961879,0.10904755319961879
thetao,W30p0,7,8,0.10901362163930016,0.10901362163930016
so,W30p0,4,3,-0.10888993757804041,0.10888993757804041
thetao,W60p0,5,16,-0.10874109261637961,0.10874109261637961
so,W40p0,10,13,-0.10867891347313734,0.10867891347313734
so,W40p0,8,6,-0.10860448884392848,0.10860448884392848
so,W10p0,6,7,-0.10854584241214846,0.10854584241214846
so,W10p0,6,19,-0.10849707300220592,0.10849707300220592
so,W30p0,10,6,-0.10833428120879796,0.10833428120879796
thetao,W10p0,7,10,0.10833346627284635,0.10833346627284635
thetao,W20p0,8,8,0.108098303120013,0.108098303120013
so,W40p0,10,16,-0.10788596893432544,0.10788596893432544
thetao,W30p0,3,17,0.1078443653333767,0.1078443653333767
so,W40p0,9,5,-0.10774486966978279,0.10774486966978279
thetao,W40p0,7,3,0.10770226923023297,0.10770226923023297
so,W10p0,3,1,-0.10769946253916628,0.10769946253916628
thetao,W40p0,4,14,0.10760644780132012,0.10760644780132012
thetao,W30p0,5,10,-0.10746409398493113,0.10746409398493113
so,W30p0,8,7,0.10740876147915426,0.10740876147915426
thetao,W10p0,5,3,0.1073862555750702,0.1073862555750702
thetao,W10p0,8,9,-0.10723659212831643,0.10723659212831643
thetao,W30p0,6,9,-0.10711146826894616,0.10711146826894616
so,W30p0,9,18,-0.10708728832825151,0.10708728832825151
thetao,W30p0,10,3,-0.10698698855538173,0.10698698855538173
so,W10p0,3,17,0.10692563974714678,0.10692563974714678
so,W10p0,6,0,0.10690257674738023,0.10690257674738023
so,W60p0,3,4,-0.10673882668347784,0.10673882668347784
so,W40p0,9,14,-0.10659188180745942,0.10659188180745942
so,W40p0,6,20,-0.10656305092326405,0.10656305092326405
so,W20p0,8,19,-0.10644060402195123,0.10644060402195123
thetao,W60p0,7,4,-0.10640752545039513,0.10640752545039513
so,W10p0,9,11,-0.10637382213958135,0.10637382213958135
so,W30p0,2,2,0.10632901503384981,0.10632901503384981
thetao,W20p0,9,16,-0.10616074650021762,0.10616074650021762
thetao,W60p0,3,17,-0.1060561668739609,0.1060561668739609
thetao,W40p0,4,8,-0.10590855720582047,0.10590855720582047
thetao,W30p0,8,8,0.10559708692458684,0.10559708692458684
thetao,W10p0,6,9,0.10547328552873131,0.10547328552873131
so,W10p0,6,6,-0.10538653844392395,0.10538653844392395
thetao,W10p0,1,10,-0.10497313920249347,0.10497313920249347
so,W10p0,10,17,0.10475278054394682,0.10475278054394682
thetao,W10p0,8,10,-0.10467412279431015,0.10467412279431015
so,W30p0,4,10,0.10460398729659773,0.10460398729659773
thetao,W30p0,10,5,-0.10445569081960895,0.10445569081960895
so,W20p0,3,7,0.10411074070039956,0.10411074070039956
thetao,W10p0,9,7,-0.10366413224236748,0.10366413224236748
so,W10p0,4,8,0.10361345484735432,0.10361345484735432
so,W10p0,2,17,-0.10349396468257796,0.10349396468257796
thetao,W10p0,9,20,-0.1029362362821872,0.1029362362821872
so,W10p0,8,18,0.10293269407664155,0.10293269407664155
thetao,W10p0,1,11,-0.10272597792447491,0.10272597792447491
so,W10p0,1,17,-0.10260579566088446,0.10260579566088446
so,W20p0,5,2,-0.1025566396883802,0.1025566396883802
so,W10p0,8,9,-0.10234590824112844,0.10234590824112844
thetao,W30p0,2,2,0.10234434317850558,0.10234434317850558
thetao,W20p0,4,13,-0.10230646678555255,0.10230646678555255
so,W20p0,10,6,-0.10221318349201015,0.10221318349201015
so,W40p0,8,13,-0.10210758788093514,0.10210758788093514
so,W60p0,6,9,0.1020241504903552,0.1020241504903552
so,W30p0,8,19,0.10178645609373553,0.10178645609373553
thetao,W20p0,7,10,0.10175231611777982,0.10175231611777982
so,W40p0,6,19,-0.10156139196563156,0.10156139196563156
so,W20p0,1,11,-0.10153258391501037,0.10153258391501037
thetao,W40p0,8,12,0.10122821999822501,0.10122821999822501
so,W40p0,3,0,-0.10116746299123529,0.10116746299123529
thetao,W10p0,9,2,0.10110704081328543,0.10110704081328543
thetao,W40p0,5,9,0.1011038068324501,0.1011038068324501
so,W40p0,7,3,-0.10098867397775409,0.10098867397775409
so,W20p0,3,10,-0.10096234882490229,0.10096234882490229
so,W20p0,9,10,-0.10061450956255859,0.10061450956255859
so,W20p0,4,11,-0.10028852423301729,0.10028852423301729
so,W30p0,2,8,0.1002397861262496,0.1002397861262496
thetao,W10p0,9,10,0.1001420356415103,0.1001420356415103
thetao,W60p0,4,6,0.10006710911263865,0.10006710911263865
thetao,W20p0,4,20,0.10001238712074437,0.10001238712074437
thetao,W10p0,3,14,0.09997806243935474,0.09997806243935474
thetao,W40p0,1,15,-0.09991194034380209,0.09991194034380209
thetao,W30p0,9,18,0.09990201477138846,0.09990201477138846
thetao,W60p0,3,19,-0.09979224053010582,0.09979224053010582
thetao,W30p0,1,8,-0.09974778016805208,0.09974778016805208
thetao,W10p0,9,17,-0.09957298159429667,0.09957298159429667
so,W10p0,4,13,-0.0994999593177002,0.0994999593177002
thetao,W20p0,4,12,-0.0994500369767175,0.0994500369767175
thetao,W10p0,9,0,0.09931104991502622,0.09931104991502622
so,W30p0,8,6,0.0993026350127125,0.0993026350127125
so,W40p0,8,1,0.09897517546177724,0.09897517546177724
so,W60p0,6,2,0.09890524929554016,0.09890524929554016
thetao,W60p0,9,0,0.09888829351741837,0.09888829351741837
thetao,W30p0,9,16,0.09887130714018058,0.09887130714018058
so,W60p0,8,1,0.09866314605323241,0.09866314605323241
thetao,W20p0,5,3,0.09858466961037499,0.09858466961037499
thetao,W20p0,7,19,-0.0985489970862001,0.0985489970862001
so,W20p0,5,7,-0.0985058790675872,0.0985058790675872
thetao,W10p0,5,7,0.09845547056137395,0.09845547056137395
so,W20p0,6,20,0.09803591422070257,0.09803591422070257
so,W40p0,4,6,-0.09800889754445893,0.09800889754445893
so,W30p0,4,9,0.097982409957033,0.097982409957033
thetao,W60p0,9,12,0.0979370501177141,0.0979370501177141
so,W30p0,8,18,0.09776213577446265,0.09776213577446265
so,W40p0,7,2,-0.09773648867903002,0.09773648867903002
so,W60p0,10,14,0.09770500744086966,0.09770500744086966
thetao,W40p0,4,19,0.0976694861675143,0.0976694861675143
so,W30p0,6,13,0.09761657681658566,0.09761657681658566
so,W30p0,7,15,0.09755403356150456,0.09755403356150456
so,W40p0,10,2,-0.09755174185996753,0.09755174185996753
so,W10p0,3,4,-0.09744744563932924,0.09744744563932924
so,W30p0,6,14,0.09744101184650601,0.09744101184650601
so,W10p0,4,0,-0.09735929441899144,0.09735929441899144
thetao,W20p0,9,19,0.09713491086287397,0.09713491086287397
thetao,W30p0,9,20,-0.09705929644511582,0.09705929644511582
thetao,W20p0,6,5,0.09685966663208277,0.09685966663208277
thetao,W20p0,10,19,0.096856085784731,0.096856085784731
thetao,W60p0,2,3,-0.0968488791900359,0.0968488791900359
so,W60p0,2,10,-0.09680953041180794,0.09680953041180794
so,W60p0,10,11,0.09663347019312467,0.09663347019312467
so,W40p0,7,11,0.09651990984536403,0.09651990984536403
thetao,W60p0,9,8,0.09645282862823422,0.09645282862823422
so,W60p0,2,9,-0.09633579053054579,0.09633579053054579
thetao,W10p0,10,19,0.09610147902567424,0.09610147902567424
thetao,W40p0,8,6,-0.09607022353479465,0.09607022353479465
thetao,W20p0,3,15,0.09597986723574999,0.09597986723574999
thetao,W40p0,2,6,-0.09585754299109678,0.09585754299109678
thetao,W40p0,9,6,0.09583255463533683,0.09583255463533683
thetao,W30p0,6,8,-0.0957741253031331,0.0957741253031331
so,W30p0,10,17,0.09564545017429384,0.09564545017429384
thetao,W10p0,5,6,0.09563076510237144,0.09563076510237144
so,W40p0,1,8,0.09552837252830405,0.09552837252830405
thetao,W60p0,10,18,0.09513442675812586,0.09513442675812586
thetao,W60p0,6,7,0.09504942047553268,0.09504942047553268
thetao,W20p0,1,17,0.09504565506677717,0.09504565506677717
so,W40p0,3,6,-0.09503861113514353,0.09503861113514353
thetao,W10p0,1,0,0.0948464318703119,0.0948464318703119
thetao,W60p0,5,13,-0.09478756132889131,0.09478756132889131
so,W30p0,10,0,0.09471336541488723,0.09471336541488723
thetao,W40p0,4,9,-0.09469591432320268,0.09469591432320268
so,W60p0,7,18,-0.09458341707846735,0.09458341707846735
thetao,W20p0,4,15,-0.09450718591305783,0.09450718591305783
so,W20p0,5,11,0.09435853004157338,0.09435853004157338
thetao,W60p0,8,6,-0.09420909579940369,0.09420909579940369
so,W30p0,4,11,0.09406569593877619,0.09406569593877619
so,W20p0,2,7,-0.09405457254428992,0.09405457254428992
thetao,W40p0,1,9,-0.0940135404989682,0.0940135404989682
thetao,W60p0,7,7,-0.09400585577123619,0.09400585577123619
so,W10p0,4,15,-0.09391566016826193,0.09391566016826193
thetao,W40p0,6,7,0.09390662539086349,0.09390662539086349
so,W60p0,5,8,-0.09365533566911924,0.09365533566911924
so,W40p0,5,5,-0.09338332854693487,0.09338332854693487
so,W30p0,10,16,0.09327252537908161,0.09327252537908161
so,W30p0,9,7,-0.093149729751268,0.093149729751268
thetao,W30p0,2,18,-0.09313427841637836,0.09313427841637836
so,W40p0,4,16,-0.09311472085896083,0.09311472085896083
so,W10p0,10,2,0.09309403714884669,0.09309403714884669
thetao,W20p0,3,19,-0.0930673250122699,0.0930673250122699
thetao,W60p0,9,13,0.0930205711400063,0.0930205711400063
so,W40p0,1,17,0.09294885703411056,0.09294885703411056
so,W30p0,3,11,-0.09290516076580269,0.09290516076580269
so,W40p0,1,13,0.09288593372289408,0.09288593372289408
thetao,W20p0,3,7,0.09287444665019684,0.09287444665019684
thetao,W10p0,8,20,-0.09263700074504039,0.09263700074504039
thetao,W10p0,4,13,0.09262335749867665,0.09262335749867665
so,W20p0,9,17,-0.0926189116549198,0.0926189116549198
thetao,W40p0,5,18,0.09224962990788123,0.09224962990788123
so,W40p0,1,16,0.09220610594158406,0.09220610594158406
thetao,W10p0,4,9,0.09210057180120643,0.09210057180120643
so,W40p0,8,18,0.09208487662607624,0.09208487662607624
thetao,W10p0,8,2,-0.09171191901992867,0.09171191901992867
thetao,W10p0,5,4,0.09166163474425819,0.09166163474425819
thetao,W20p0,2,20,-0.09158896415764353,0.09158896415764353
thetao,W60p0,7,18,-0.09156204043540896,0.09156204043540896
thetao,W20p0,8,17,-0.09149008117939993,0.09149008117939993
thetao,W40p0,10,13,-0.09116347108194991,0.09116347108194991
thetao,W60p0,4,17,0.09097809118082961,0.09097809118082961
thetao,W10p0,6,4,0.0909412845094366,0.0909412845094366
so,W30p0,7,13,-0.09090739131006202,0.09090739131006202
so,W60p0,10,10,0.09088848900043481,0.09088848900043481
thetao,W10p0,9,4,0.09087131529578531,0.09087131529578531
so,W10p0,6,16,-0.09086481173726413,0.09086481173726413
thetao,W60p0,7,15,-0.09060842913313528,0.09060842913313528
so,W30p0,1,9,0.0905382287681977,0.0905382287681977
so,W20p0,9,0,-0.09052158449351876,0.09052158449351876
so,W10p0,5,1,0.09049709510106563,0.09049709510106563
thetao,W60p0,7,16,-0.08999163770422217,0.08999163770422217
thetao,W10p0,7,13,0.08995220664747593,0.08995220664747593
thetao,W40p0,6,10,0.0897769073337823,0.0897769073337823
so,W40p0,10,19,0.08976302573930339,0.08976302573930339
thetao,W10p0,8,8,-0.08969165116637673,0.08969165116637673
thetao,W20p0,4,9,0.08960358445254085,0.08960358445254085
thetao,W10p0,8,7,-0.08936344417354589,0.08936344417354589
thetao,W40p0,4,10,-0.08868503687084296,0.08868503687084296
so,W30p0,4,17,0.08865622381031409,0.08865622381031409
so,W40p0,9,16,-0.08852468329177551,0.08852468329177551
thetao,W30p0,8,12,-0.08844044447246383,0.08844044447246383
thetao,W20p0,4,18,0.08827737313443501,0.08827737313443501
so,W10p0,9,2,-0.08822141730336168,0.08822141730336168
so,W30p0,9,3,0.0880458447230682,0.0880458447230682
so,W60p0,8,0,0.08786544981037334,0.08786544981037334
so,W40p0,5,13,-0.08786433536535024,0.08786433536535024
so,W10p0,9,18,0.08776237360941037,0.08776237360941037
so,W20p0,5,20,0.08775374779522348,0.08775374779522348
so,W60p0,9,13,-0.08773077747609474,0.08773077747609474
thetao,W40p0,10,15,-0.08766512624944084,0.08766512624944084
so,W40p0,2,20,-0.08765966822513106,0.08765966822513106
thetao,W40p0,3,3,-0.08754506688335378,0.08754506688335378
thetao,W20p0,9,13,0.08737884075681189,0.08737884075681189
so,W30p0,7,6,0.08734502938839248,0.08734502938839248
so,W60p0,9,1,-0.08730005018313704,0.08730005018313704
so,W30p0,10,20,0.08710346357507706,0.08710346357507706
thetao,W20p0,3,12,0.08697176204695024,0.08697176204695024
thetao,W10p0,1,9,-0.08695249688416515,0.08695249688416515
thetao,W20p0,10,0,0.08676488319838699,0.08676488319838699
thetao,W10p0,6,3,0.08674083973381647,0.08674083973381647
thetao,W20p0,2,19,-0.08673607618051216,0.08673607618051216
so,W10p0,6,13,0.08656899149889359,0.08656899149889359
thetao,W30p0,9,6,0.08627858554128075,0.08627858554128075
so,W10p0,10,16,0.08624922890305116,0.08624922890305116
thetao,W30p0,9,4,-0.0861852498814503,0.0861852498814503
thetao,W20p0,7,9,0.08594311793211647,0.08594311793211647
so,W40p0,2,9,0.08577090614550358,0.08577090614550358
so,W60p0,6,5,-0.08576069992342523,0.08576069992342523
so,W60p0,5,9,0.0855388881158271,0.0855388881158271
thetao,W60p0,6,18,-0.08543932766075409,0.08543932766075409
thetao,W30p0,4,20,-0.08541574354308802,0.08541574354308802
thetao,W20p0,5,18,0.08516206736886699,0.08516206736886699
thetao,W30p0,3,1,-0.08508077682795014,0.08508077682795014
so,W30p0,2,4,-0.08483972768648194,0.08483972768648194
so,W40p0,4,11,-0.084693723843942,0.084693723843942
thetao,W10p0,2,4,0.08465586667642581,0.08465586667642581
so,W40p0,3,20,-0.08449296681335033,0.08449296681335033
so,W60p0,6,20,0.08448180625344898,0.08448180625344898
so,W10p0,9,5,-0.08438840830453924,0.08438840830453924
thetao,W30p0,10,2,-0.0843271961079929,0.0843271961079929
thetao,W40p0,6,18,0.08432348047795477,0.08432348047795477
so,W10p0,6,9,-0.08430150819444125,0.08430150819444125
thetao,W40p0,8,13,0.08429887037332474,0.08429887037332474
so,W30p0,6,0,0.08425381746152752,0.08425381746152752
so,W30p0,2,5,-0.08422272007326265,0.08422272007326265
thetao,W40p0,10,16,-0.08412465744369295,0.08412465744369295
so,W30p0,1,18,-0.08411737576368179,0.08411737576368179
thetao,W30p0,8,20,-0.08411420773836109,0.08411420773836109
thetao,W30p0,7,3,0.08399320349271579,0.08399320349271579
thetao,W60p0,3,6,0.08393590373443703,0.08393590373443703
thetao,W60p0,6,17,-0.08361504515502079,0.08361504515502079
thetao,W40p0,1,7,-0.08347503817595898,0.08347503817595898
so,W30p0,1,10,0.08346059448493982,0.08346059448493982
thetao,W60p0,5,7,-0.08341670232833114,0.08341670232833114
thetao,W10p0,5,9,0.08327074322891084,0.08327074322891084
so,W30p0,1,17,-0.08325100449326563,0.08325100449326563
so,W10p0,10,9,0.08304493750473323,0.08304493750473323
so,W60p0,10,3,0.08302956892964852,0.08302956892964852
thetao,W10p0,1,5,0.08301693374830967,0.08301693374830967
thetao,W10p0,10,13,-0.08297104362293051,0.08297104362293051
so,W20p0,3,14,-0.08267106618178587,0.08267106618178587
thetao,W60p0,5,8,-0.0826189669545084,0.0826189669545084
thetao,W40p0,3,15,-0.08258910954392776,0.08258910954392776
so,W10p0,10,8,0.08256310609706882,0.08256310609706882
so,W30p0,10,9,0.08233287006616948,0.08233287006616948
so,W20p0,10,15,-0.08228905112370619,0.08228905112370619
thetao,W10p0,1,15,-0.08225367445386443,0.08225367445386443
thetao,W20p0,7,4,0.08217385906105919,0.08217385906105919
so,W10p0,4,20,0.08214779953555942,0.08214779953555942
so,W40p0,9,11,-0.08211276559914579,0.08211276559914579
thetao,W40p0,10,17,-0.08208476136723127,0.08208476136723127
so,W10p0,8,10,-0.08190092859024783,0.08190092859024783
so,W10p0,8,17,0.08179949339559808,0.08179949339559808
thetao,W30p0,3,18,0.08179848155239935,0.08179848155239935
thetao,W40p0,10,12,-0.08178809954541104,0.08178809954541104
thetao,W10p0,6,19,-0.08175102511123507,0.08175102511123507
thetao,W20p0,1,8,0.08173979293014152,0.08173979293014152
thetao,W30p0,2,6,0.0816893940046388,0.0816893940046388
thetao,W40p0,4,17,0.08161226968455382,0.08161226968455382
thetao,W20p0,7,13,-0.0816029328195801,0.0816029328195801
so,W40p0,1,12,0.08148173012465085,0.08148173012465085
so,W10p0,4,17,-0.08102497156921046,0.08102497156921046
so,W40p0,10,8,-0.08091489529414025,0.08091489529414025
thetao,W10p0,6,12,0.08079877444109071,0.08079877444109071
thetao,W40p0,4,20,0.08078089926747535,0.08078089926747535
thetao,W20p0,2,4,-0.08063417702785666,0.08063417702785666
thetao,W20p0,3,11,0.08062629937217111,0.08062629937217111
thetao,W60p0,10,5,-0.08056709195112595,0.08056709195112595
so,W60p0,7,13,0.08056606080034957,0.08056606080034957
so,W30p0,2,6,0.0805501978143921,0.0805501978143921
so,W10p0,6,1,0.08045192103041461,0.08045192103041461
so,W20p0,5,13,-0.08043012973392427,0.08043012973392427
thetao,W10p0,9,13,0.08040306024095975,0.08040306024095975
so,W30p0,1,6,0.08025977718802682,0.08025977718802682
thetao,W60p0,5,6,-0.08020651040388915,0.08020651040388915
so,W10p0,10,1,0.0802063746806315,0.0802063746806315
so,W20p0,4,5,0.08012977848325883,0.08012977848325883
so,W30p0,5,13,-0.08008647562214075,0.08008647562214075
so,W30p0,6,16,0.08000798203231312,0.08000798203231312
thetao,W30p0,6,20,0.07990807474647184,0.07990807474647184
thetao,W20p0,6,4,0.07976868991478152,0.07976868991478152
so,W60p0,4,4,0.07975139310184581,0.07975139310184581
so,W30p0,9,11,-0.07973766690741525,0.07973766690741525
thetao,W10p0,1,14,-0.07968485290435615,0.07968485290435615
so,W30p0,7,9,0.07968384229358895,0.07968384229358895
thetao,W60p0,2,5,-0.0796429418330886,0.0796429418330886
so,W20p0,4,1,0.07959190975056304,0.07959190975056304
so,W40p0,9,1,-0.0795184030365088,0.0795184030365088
so,W40p0,6,15,0.07951197632718528,0.07951197632718528
so,W10p0,10,7,0.07943723847434471,0.07943723847434471
thetao,W20p0,6,2,-0.07937723350210393,0.07937723350210393
thetao,W10p0,9,11,0.07929441256937564,0.07929441256937564
so,W20p0,9,6,0.07926255541529946,0.07926255541529946
so,W30p0,1,20,-0.07879395833375835,0.07879395833375835
thetao,W60p0,9,15,-0.07871700951037193,0.07871700951037193
so,W30p0,9,5,-0.07866129789121966,0.07866129789121966
so,W10p0,4,10,0.07862042530666814,0.07862042530666814
thetao,W10p0,1,12,-0.07843721952976228,0.07843721952976228
thetao,W10p0,7,7,0.07840012115933047,0.07840012115933047
thetao,W10p0,5,18,-0.07831509374277967,0.07831509374277967
so,W20p0,10,18,0.0783069109907125,0.0783069109907125
thetao,W60p0,8,10,-0.07804204308332881,0.07804204308332881
thetao,W40p0,10,19,-0.07788245870081394,0.07788245870081394
so,W20p0,8,7,0.07774383021646779,0.07774383021646779
thetao,W30p0,2,7,0.07753708607369318,0.07753708607369318
so,W10p0,2,7,0.07747421004911635,0.07747421004911635
thetao,W20p0,1,16,0.07735043147525246,0.07735043147525246
thetao,W20p0,5,17,0.07732895999025137,0.07732895999025137
so,W20p0,7,19,0.0771463522179117,0.0771463522179117
so,W30p0,1,3,-0.07705844288576531,0.07705844288576531
so,W40p0,9,19,0.07684740498697268,0.07684740498697268
so,W10p0,2,4,-0.07662963597415223,0.07662963597415223
thetao,W40p0,6,17,0.07656639960646713,0.07656639960646713
thetao,W20p0,5,16,0.07649176594032984,0.07649176594032984
thetao,W60p0,10,8,0.07645193548065213,0.07645193548065213
so,W60p0,4,7,-0.07633008786173652,0.07633008786173652
thetao,W40p0,2,19,0.07630709348102062,0.07630709348102062
thetao,W40p0,1,16,-0.07628179016901172,0.07628179016901172
thetao,W60p0,3,12,-0.07617218117683304,0.07617218117683304
so,W30p0,9,0,-0.0761125669336276,0.0761125669336276
thetao,W60p0,9,11,0.07610587954870547,0.07610587954870547
so,W10p0,6,4,-0.07608247749048948,0.07608247749048948
thetao,W40p0,1,17,-0.07605696554551977,0.07605696554551977
thetao,W30p0,6,5,-0.0759249742430594,0.0759249742430594
thetao,W10p0,5,5,0.0758871793776113,0.0758871793776113
thetao,W30p0,7,9,-0.07584647121890357,0.07584647121890357
thetao,W40p0,9,18,0.07583611580919417,0.07583611580919417
so,W10p0,5,12,0.07576976044248042,0.07576976044248042
so,W20p0,7,18,0.07568010518488039,0.07568010518488039
so,W20p0,9,20,0.07565854753089268,0.07565854753089268
thetao,W60p0,8,16,-0.07562984757802638,0.07562984757802638
so,W10p0,8,12,-0.07556101574762261,0.07556101574762261
thetao,W30p0,9,10,-0.07548998709024164,0.07548998709024164
so,W10p0,2,12,0.07547415151631888,0.07547415151631888
so,W60p0,7,12,0.07544144082979044,0.07544144082979044
thetao,W60p0,4,1,-0.07533919160447718,0.07533919160447718
thetao,W30p0,5,15,-0.07533320517599044,0.07533320517599044
so,W60p0,10,20,0.07533136495760762,0.07533136495760762
thetao,W40p0,3,0,-0.07522094459940468,0.07522094459940468
thetao,W30p0,10,15,-0.07516141575594688,0.07516141575594688
so,W20p0,3,11,-0.07508341347154893,0.07508341347154893
thetao,W20p0,10,12,0.07507821931923654,0.07507821931923654
so,W60p0,8,11,-0.07505260650505467,0.07505260650505467
thetao,W10p0,1,13,-0.07502194784104851,0.07502194784104851
thetao,W10p0,10,10,-0.07492087629863785,0.07492087629863785
thetao,W10p0,7,9,0.07473750946100158,0.07473750946100158
thetao,W10p0,3,18,0.07420924131960265,0.07420924131960265
thetao,W10p0,7,8,0.07420109133364268,0.07420109133364268
so,W30p0,5,7,0.07414012495736882,0.07414012495736882
so,W10p0,5,2,-0.07412958263692139,0.07412958263692139
thetao,W30p0,2,19,-0.07412914433144994,0.07412914433144994
so,W60p0,8,5,0.07400731789234648,0.07400731789234648
so,W30p0,7,12,-0.07397349196521982,0.07397349196521982
so,W20p0,6,6,0.07393653967009302,0.07393653967009302
thetao,W40p0,6,14,0.07391122709906985,0.07391122709906985
so,W20p0,8,9,-0.07380833767687545,0.07380833767687545
thetao,W10p0,4,18,0.0737980416073052,0.0737980416073052
so,W20p0,7,2,-0.0737975869779574,0.0737975869779574
so,W10p0,5,15,0.07373256887522565,0.07373256887522565
thetao,W20p0,1,14,0.07368296624305473,0.07368296624305473
so,W10p0,3,9,0.07368277733327767,0.07368277733327767
thetao,W20p0,4,14,-0.07364927487010164,0.07364927487010164
thetao,W10p0,10,18,0.0736101702765566,0.0736101702765566
so,W40p0,1,11,0.0734651428759804,0.0734651428759804
thetao,W30p0,6,7,-0.07342340782711075,0.07342340782711075
thetao,W60p0,2,0,0.07338772939944307,0.07338772939944307
so,W60p0,9,2,-0.07333197134485865,0.07333197134485865
thetao,W20p0,6,6,0.07325808307815587,0.07325808307815587
so,W40p0,2,10,0.07313652027605055,0.07313652027605055
so,W20p0,2,3,-0.07308141016830275,0.07308141016830275
thetao,W40p0,4,3,0.07300666765132291,0.07300666765132291
thetao,W30p0,10,8,0.072973252899692,0.072973252899692
so,W60p0,8,17,-0.07295752922127381,0.07295752922127381
so,W40p0,8,7,-0.07276457111969903,0.07276457111969903
thetao,W10p0,5,10,0.07271583497782869,0.07271583497782869
so,W30p0,1,16,-0.0726968879885756,0.0726968879885756
thetao,W30p0,6,4,-0.07260721117639095,0.07260721117639095
so,W30p0,2,13,0.07258667052428522,0.07258667052428522
so,W20p0,10,10,-0.07257282718617049,0.07257282718617049
thetao,W30p0,7,14,-0.07250825042967901,0.07250825042967901
thetao,W30p0,3,5,0.072498660499858,0.072498660499858
so,W40p0,4,5,-0.07210859836222189,0.07210859836222189
thetao,W10p0,2,11,-0.07206572957808154,0.07206572957808154
so,W60p0,6,3,0.07182967134101771,0.07182967134101771
so,W10p0,4,1,-0.07176938616402276,0.07176938616402276
thetao,W60p0,1,18,0.07164971916866665,0.07164971916866665
so,W60p0,8,19,0.07157868022665595,0.07157868022665595
thetao,W30p0,8,19,-0.07157628995592388,0.07157628995592388
thetao,W40p0,4,2,0.07154266904658653,0.07154266904658653
so,W10p0,6,5,-0.0714570481834576,0.0714570481834576
thetao,W30p0,5,11,-0.07131765716579769,0.07131765716579769
thetao,W10p0,5,19,0.07126542906429266,0.07126542906429266
so,W20p0,2,6,-0.0712312823734281,0.0712312823734281
so,W40p0,9,15,-0.07111823263425444,0.07111823263425444
thetao,W40p0,5,3,-0.07108199838793226,0.07108199838793226
thetao,W40p0,10,18,-0.07103634843893251,0.07103634843893251
thetao,W10p0,7,20,0.07089699802227026,0.07089699802227026
so,W20p0,6,1,0.07078555637194009,0.07078555637194009
thetao,W30p0,8,5,-0.07074810004337713,0.07074810004337713
so,W20p0,2,10,-0.07055477405156545,0.07055477405156545
thetao,W40p0,9,14,-0.07053236223735317,0.07053236223735317
thetao,W20p0,3,8,0.07048704484323545,0.07048704484323545
so,W40p0,6,13,0.07048042428648592,0.07048042428648592
so,W10p0,4,18,-0.07045742849901776,0.07045742849901776
so,W60p0,5,14,0.07043652900217985,0.07043652900217985
thetao,W40p0,5,17,0.07033982344294303,0.07033982344294303
so,W30p0,4,4,-0.07030544756958523,0.07030544756958523
thetao,W30p0,3,20,-0.07022310845053023,0.07022310845053023
thetao,W60p0,1,8,0.07013609180040667,0.07013609180040667
thetao,W60p0,7,5,-0.07004909393893644,0.07004909393893644
so,W20p0,7,17,0.06995299550399355,0.06995299550399355
so,W10p0,10,5,0.06993486867034782,0.06993486867034782
so,W20p0,7,7,0.06986880491064383,0.06986880491064383
thetao,W60p0,3,15,-0.06973805784891443,0.06973805784891443
thetao,W60p0,8,12,-0.06965239266960198,0.06965239266960198
so,W60p0,3,19,0.06948708850790118,0.06948708850790118
so,W40p0,8,0,0.06934612598302779,0.06934612598302779
thetao,W40p0,8,9,0.06924749907486599,0.06924749907486599
thetao,W60p0,10,13,0.06906555157275236,0.06906555157275236
thetao,W60p0,6,10,-0.06857617823300624,0.06857617823300624
thetao,W30p0,5,12,-0.0685196547851534,0.0685196547851534
thetao,W60p0,5,5,-0.06842996295336222,0.06842996295336222
so,W20p0,8,10,-0.06842915396048319,0.06842915396048319
so,W20p0,1,4,-0.06841385803067983,0.06841385803067983
so,W30p0,10,5,-0.06840816101236932,0.06840816101236932
thetao,W30p0,8,14,-0.06840801524815347,0.06840801524815347
so,W20p0,4,20,0.06839678942983908,0.06839678942983908
so,W30p0,2,14,0.06835969146857208,0.06835969146857208
so,W30p0,2,15,0.06807653428713613,0.06807653428713613
thetao,W40p0,3,14,-0.06797777643956847,0.06797777643956847
thetao,W30p0,7,7,0.06793712970332527,0.06793712970332527
so,W10p0,8,4,0.06790551732830377,0.06790551732830377
thetao,W10p0,4,11,0.06752769870011467,0.06752769870011467
so,W40p0,6,1,-0.0674759209616783,0.0674759209616783
so,W10p0,9,14,0.06741620810261284,0.06741620810261284
thetao,W10p0,9,8,-0.06738096133421483,0.06738096133421483
thetao,W10p0,2,19,0.06711679483007621,0.06711679483007621
thetao,W40p0,4,1,0.06709409970903808,0.06709409970903808
thetao,W30p0,1,9,-0.06706002028008254,0.06706002028008254
thetao,W20p0,10,7,0.06702368802523756,0.06702368802523756
thetao,W10p0,6,7,-0.06694103832829663,0.06694103832829663
so,W30p0,2,20,0.06685079192843829,0.06685079192843829
so,W60p0,10,17,-0.06676507375556218,0.06676507375556218
thetao,W10p0,9,12,0.06676032426608483,0.06676032426608483
thetao,W60p0,4,20,-0.06670485878110505,0.06670485878110505
so,W40p0,2,18,-0.0666669498222109,0.0666669498222109
so,W40p0,1,7,0.06661381329666653,0.06661381329666653
thetao,W40p0,9,10,-0.06660627112400375,0.06660627112400375
thetao,W20p0,9,18,-0.06653091432320175,0.06653091432320175
thetao,W60p0,7,6,-0.06634147193088566,0.06634147193088566
thetao,W30p0,1,10,-0.06619502365147467,0.06619502365147467
thetao,W10p0,4,12,0.06589120472799508,0.06589120472799508
thetao,W30p0,4,9,0.06578718565454034,0.06578718565454034
so,W10p0,6,11,-0.06566862145719678,0.06566862145719678
so,W60p0,7,5,0.06564279266281367,0.06564279266281367
thetao,W60p0,2,9,0.06534750075732365,0.06534750075732365
thetao,W40p0,7,0,0.06534253054563284,0.06534253054563284
thetao,W60p0,3,1,-0.06527686326369879,0.06527686326369879
thetao,W60p0,7,11,-0.06495942036925488,0.06495942036925488
thetao,W60p0,2,2,-0.06494586857596149,0.06494586857596149
thetao,W30p0,10,17,0.064681068245836,0.064681068245836
so,W40p0,6,8,-0.06461782590736741,0.06461782590736741
so,W20p0,6,17,0.06460781391337113,0.06460781391337113
thetao,W40p0,7,12,0.06459544153804582,0.06459544153804582
so,W60p0,9,17,-0.06447032289815513,0.06447032289815513
so,W30p0,6,20,0.06431212654660094,0.06431212654660094
so,W40p0,6,14,0.06428194372337377,0.06428194372337377
so,W10p0,10,3,0.06418999448894375,0.06418999448894375
thetao,W10p0,4,15,0.06413399524460138,0.06413399524460138
thetao,W10p0,1,19,-0.06410362473735857,0.06410362473735857
so,W40p0,5,17,0.06408046263296412,0.06408046263296412
so,W40p0,5,12,-0.06397276468984185,0.06397276468984185
thetao,W40p0,9,8,-0.06380303188578558,0.06380303188578558
so,W30p0,6,19,-0.06376724758216222,0.06376724758216222
so,W30p0,1,4,-0.06376042349071272,0.06376042349071272
so,W30p0,6,17,-0.06371623290532984,0.06371623290532984
thetao,W10p0,5,15,-0.06368215557675301,0.06368215557675301
so,W30p0,9,16,-0.0636302852021614,0.0636302852021614
so,W60p0,8,8,-0.06361937830842568,0.06361937830842568
thetao,W60p0,8,8,-0.06354592821658618,0.06354592821658618
thetao,W60p0,10,19,0.06351225205509721,0.06351225205509721
thetao,W40p0,1,0,-0.06342680432104794,0.06342680432104794
thetao,W30p0,7,0,-0.0633612274559415,0.0633612274559415
so,W10p0,7,14,-0.06334549952343697,0.06334549952343697
so,W40p0,10,1,-0.06333053409114954,0.06333053409114954
thetao,W20p0,1,15,0.06322735115611204,0.06322735115611204
so,W20p0,4,3,0.06307961556155071,0.06307961556155071
thetao,W40p0,8,1,-0.0630491353355133,0.0630491353355133
so,W20p0,5,12,0.06280086659678533,0.06280086659678533
so,W30p0,5,19,-0.06279620280410095,0.06279620280410095
so,W60p0,6,10,0.06256996515910417,0.06256996515910417
thetao,W30p0,3,16,0.06252356835115631,0.06252356835115631
so,W10p0,6,8,-0.06242681455255503,0.06242681455255503
thetao,W40p0,5,10,0.062417232292662515,0.062417232292662515
thetao,W10p0,6,5,-0.062334833980569375,0.062334833980569375
thetao,W10p0,8,1,0.06222041301436075,0.06222041301436075
so,W40p0,5,4,-0.06220760927211249,0.06220760927211249
so,W40p0,7,5,0.06216695125505875,0.06216695125505875
thetao,W60p0,4,15,0.06197568619599618,0.06197568619599618
thetao,W10p0,6,16,0.06196653651122533,0.06196653651122533
so,W10p0,9,12,-0.06195369839352158,0.06195369839352158
so,W30p0,7,10,0.06194504871141254,0.06194504871141254
so,W20p0,3,0,0.06187414904147308,0.06187414904147308
so,W40p0,4,17,-0.06181329246507597,0.06181329246507597
thetao,W30p0,1,11,-0.06171209049945928,0.06171209049945928
so,W20p0,3,8,0.06166646265126826,0.06166646265126826
thetao,W40p0,3,6,-0.06166413625488889,0.06166413625488889
so,W40p0,4,4,-0.061578617365396215,0.061578617365396215
so,W20p0,3,16,-0.06151819210101157,0.06151819210101157
so,W10p0,6,10,-0.06151388959920943,0.06151388959920943
thetao,W30p0,6,6,-0.06146643151717879,0.06146643151717879
so,W40p0,1,6,0.061433386482049705,0.061433386482049705
so,W60p0,3,0,-0.06141103469014614,0.06141103469014614
thetao,W20p0,6,9,-0.06135093420445004,0.06135093420445004
so,W60p0,9,15,-0.06131047161403872,0.06131047161403872
so,W20p0,5,9,-0.061278921691842916,0.061278921691842916
thetao,W30p0,7,20,-0.061275867399233,0.061275867399233
so,W20p0,6,5,0.0611580430408108,0.0611580430408108
thetao,W30p0,4,1,-0.06115040395017893,0.06115040395017893
thetao,W40p0,5,19,0.061035914374948354,0.061035914374948354
thetao,W40p0,10,8,0.061018780939633185,0.061018780939633185
thetao,W40p0,5,0,0.06101317021053196,0.06101317021053196
so,W10p0,9,20,-0.0608640732199837,0.0608640732199837
so,W10p0,10,4,0.06079672025959355,0.06079672025959355
so,W30p0,4,18,0.06070750050316972,0.06070750050316972
so,W20p0,7,20,0.06064258303667908,0.06064258303667908
thetao,W20p0,2,3,-0.06051838108437428,0.06051838108437428
thetao,W20p0,1,13,0.06051320593941635,0.06051320593941635
thetao,W40p0,4,13,0.06045833785163615,0.06045833785163615
thetao,W20p0,7,8,0.06044599722002116,0.06044599722002116
thetao,W30p0,8,17,-0.060357109690043195,0.060357109690043195
so,W20p0,7,6,0.06032597637382429,0.06032597637382429
so,W10p0,1,11,0.06031009883004767,0.06031009883004767
so,W10p0,4,2,-0.060268294225998754,0.060268294225998754
thetao,W40p0,3,4,-0.06025713758746073,0.06025713758746073
thetao,W60p0,2,8,0.06021917167111431,0.06021917167111431
so,W30p0,4,19,0.06014765350508903,0.06014765350508903
so,W10p0,5,7,0.06002029355600362,0.06002029355600362
so,W30p0,1,0,-0.06001510735754272,0.06001510735754272
so,W20p0,4,2,0.05993686905446013,0.05993686905446013
thetao,W10p0,6,20,-0.0598687575394783,0.0598687575394783
so,W30p0,3,18,-0.05948339738761615,0.05948339738761615
so,W60p0,6,4,-0.05943423763820115,0.05943423763820115
so,W40p0,4,0,-0.05937614386383781,0.05937614386383781
so,W40p0,8,15,-0.059288410956165376,0.059288410956165376
so,W40p0,8,16,0.059150207990518254,0.059150207990518254
so,W10p0,8,14,0.059148996286057284,0.059148996286057284
thetao,W30p0,7,2,0.05906969424661601,0.05906969424661601
so,W30p0,8,8,0.05904079531241794,0.05904079531241794
so,W10p0,10,6,0.05897505966608001,0.05897505966608001
thetao,W30p0,2,20,-0.05895463770347477,0.05895463770347477
so,W60p0,5,15,0.05894190275476742,0.05894190275476742
so,W20p0,6,11,-0.05888480148552369,0.05888480148552369
so,W40p0,8,5,-0.0588374431265007,0.0588374431265007
so,W10p0,5,13,0.0587703876113939,0.0587703876113939
thetao,W40p0,4,6,0.058762848660156956,0.058762848660156956
so,W30p0,8,20,0.058716183410738795,0.058716183410738795
thetao,W10p0,4,14,0.0587084683811109,0.0587084683811109
so,W10p0,4,11,0.05862627704571019,0.05862627704571019
so,W30p0,6,9,0.05847123056860671,0.05847123056860671
thetao,W60p0,6,14,0.05815463845149986,0.05815463845149986
so,W60p0,4,19,0.05811539633183887,0.05811539633183887
so,W20p0,8,11,-0.05804455451541832,0.05804455451541832
so,W20p0,6,0,0.05800452785072973,0.05800452785072973
thetao,W20p0,7,3,-0.05783038966395453,0.05783038966395453
thetao,W60p0,7,2,-0.0577014401356553,0.0577014401356553
so,W40p0,1,9,0.057278109806956704,0.057278109806956704
thetao,W60p0,10,6,-0.05705776692261599,0.05705776692261599
thetao,W20p0,3,10,0.056990100281306674,0.056990100281306674
so,W20p0,5,8,-0.05693262174244041,0.05693262174244041
so,W10p0,4,9,0.056881641135031746,0.056881641135031746
so,W40p0,10,10,0.0566824616024275,0.0566824616024275
so,W10p0,7,20,-0.05664858091074633,0.05664858091074633
so,W20p0,6,3,-0.05662132572112644,0.05662132572112644
thetao,W60p0,7,17,-0.05659949592753754,0.05659949592753754
so,W30p0,6,1,0.05659756287832891,0.05659756287832891
so,W40p0,9,20,0.05616348449412907,0.05616348449412907
thetao,W10p0,10,2,0.055908757321221046,0.055908757321221046
so,W30p0,2,3,0.05589075914569495,0.05589075914569495
thetao,W40p0,5,12,-0.055758477951754606,0.055758477951754606
thetao,W60p0,8,20,-0.05575709311985736,0.05575709311985736
thetao,W60p0,3,20,-0.055645364914419654,0.055645364914419654
thetao,W40p0,5,2,-0.05529533342272914,0.05529533342272914
thetao,W40p0,7,19,-0.05516791277216238,0.05516791277216238
so,W30p0,6,6,0.05508463427237562,0.05508463427237562
so,W40p0,10,18,0.055079409819995324,0.055079409819995324
thetao,W60p0,3,8,0.054997911962820896,0.054997911962820896
so,W10p0,7,9,0.05497313289606571,0.05497313289606571
thetao,W30p0,6,13,-0.05496909855326983,0.05496909855326983
thetao,W20p0,8,6,-0.05492423074123011,0.05492423074123011
thetao,W30p0,6,2,-0.05486262657665522,0.05486262657665522
so,W10p0,1,14,-0.05485385048535688,0.05485385048535688
thetao,W30p0,7,1,-0.05464564885873586,0.05464564885873586
thetao,W60p0,10,9,0.05453293685736361,0.05453293685736361
so,W30p0,6,5,-0.054485910210156294,0.054485910210156294
thetao,W40p0,8,8,-0.054454376777027746,0.054454376777027746
thetao,W10p0,6,15,0.05443384090717985,0.05443384090717985
so,W20p0,3,12,-0.0543973580827444,0.0543973580827444
thetao,W60p0,1,12,0.05436563424376134,0.05436563424376134
so,W30p0,6,10,0.05427023549091317,0.05427023549091317
thetao,W10p0,2,18,0.05416084711127113,0.05416084711127113
so,W30p0,5,18,-0.05414603821083066,0.05414603821083066
thetao,W10p0,2,10,-0.054116941028553536,0.054116941028553536
thetao,W10p0,1,18,-0.05410436646833307,0.05410436646833307
thetao,W30p0,2,9,-0.05405986359947173,0.05405986359947173
thetao,W30p0,9,8,-0.053834003757397955,0.053834003757397955
so,W40p0,2,19,-0.05368321941212089,0.05368321941212089
so,W20p0,6,14,-0.05366172769123503,0.05366172769123503
thetao,W30p0,5,0,0.053550381455950875,0.053550381455950875
thetao,W10p0,5,16,-0.05350224274337966,0.05350224274337966
thetao,W20p0,9,11,-0.05344972470091713,0.05344972470091713
thetao,W40p0,7,20,-0.05344486648620279,0.05344486648620279
so,W20p0,2,2,0.053208259746356214,0.053208259746356214
so,W60p0,5,16,0.053154114650660174,0.053154114650660174
thetao,W40p0,10,6,0.05310706615747882,0.05310706615747882
so,W40p0,10,17,-0.0529577663461176,0.0529577663461176
so,W10p0,9,9,0.052833270299403184,0.052833270299403184
so,W30p0,3,0,0.05279552050147837,0.05279552050147837
thetao,W10p0,10,9,-0.05278290592342708,0.05278290592342708
so,W20p0,1,14,0.05277406611761494,0.05277406611761494
thetao,W10p0,10,12,-0.052611549747592704,0.052611549747592704
so,W60p0,9,12,-0.052094581764601425,0.052094581764601425
so,W30p0,4,8,0.0520436263681616,0.0520436263681616
so,W20p0,4,10,-0.05202986108969219,0.05202986108969219
thetao,W10p0,7,3,0.05189022294738139,0.05189022294738139
thetao,W40p0,9,17,0.051884128302162213,0.051884128302162213
thetao,W40p0,10,4,0.051835476911640956,0.051835476911640956
thetao,W60p0,6,19,-0.051698690373537554,0.051698690373537554
thetao,W20p0,5,8,-0.05169217865054125,0.05169217865054125
thetao,W30p0,4,2,0.05162970547964173,0.05162970547964173
thetao,W20p0,10,10,-0.0515948208597948,0.0515948208597948
so,W10p0,8,7,-0.051503409403267156,0.051503409403267156
so,W30p0,5,8,-0.05147381529863803,0.05147381529863803
so,W30p0,7,19,-0.051350458625895476,0.051350458625895476
so,W10p0,2,14,-0.05128223577818966,0.05128223577818966
so,W60p0,5,1,-0.051251310823940514,0.051251310823940514
thetao,W10p0,5,20,0.05117502888401318,0.05117502888401318
so,W30p0,1,7,0.0509683268915703,0.0509683268915703
thetao,W30p0,2,4,0.050945441283786544,0.050945441283786544
so,W10p0,8,20,-0.050854210811227395,0.050854210811227395
thetao,W40p0,3,7,-0.050818823854138946,0.050818823854138946
thetao,W60p0,4,18,0.050712530896494995,0.050712530896494995
thetao,W60p0,1,16,0.05069453174943616,0.05069453174943616
thetao,W60p0,1,11,0.0506441524367397,0.0506441524367397
so,W10p0,9,6,-0.050614874876776274,0.050614874876776274
so,W20p0,4,8,-0.050486514225413906,0.050486514225413906
so,W20p0,3,13,-0.05045315830312075,0.05045315830312075
thetao,W60p0,8,2,-0.05042167656139796,0.05042167656139796
thetao,W40p0,3,16,-0.050358832757002,0.050358832757002
thetao,W40p0,5,5,-0.05031456987366288,0.05031456987366288
thetao,W10p0,2,2,0.050026523930302894,0.050026523930302894
thetao,W10p0,5,11,0.049967393897280776,0.049967393897280776
so,W30p0,7,16,0.04990226656629763,0.04990226656629763
thetao,W20p0,5,7,0.049892654162751286,0.049892654162751286
thetao,W40p0,5,8,0.04979609915249674,0.04979609915249674
so,W10p0,3,11,0.04973435523349093,0.04973435523349093
thetao,W20p0,8,0,-0.04965483349935434,0.04965483349935434
so,W60p0,6,15,0.04962490908332518,0.04962490908332518
so,W60p0,8,14,-0.04944557030582355,0.04944557030582355
so,W10p0,1,0,-0.049429401239777404,0.049429401239777404
so,W20p0,10,8,-0.04939699464707782,0.04939699464707782
thetao,W40p0,10,7,0.04938061462411539,0.04938061462411539
so,W10p0,2,18,-0.049341432987378274,0.049341432987378274
thetao,W20p0,8,7,-0.04930336853702675,0.04930336853702675
so,W10p0,8,8,-0.04897263467505011,0.04897263467505011
thetao,W10p0,10,14,-0.04896332641082685,0.04896332641082685
thetao,W40p0,5,6,-0.04895425155198184,0.04895425155198184
thetao,W40p0,7,9,0.04894597789184742,0.04894597789184742
thetao,W20p0,9,10,-0.04887470627749116,0.04887470627749116
thetao,W40p0,7,18,-0.04875259526148427,0.04875259526148427
so,W10p0,6,15,-0.048726016822025355,0.048726016822025355
thetao,W60p0,7,10,-0.04870540565834177,0.04870540565834177
thetao,W10p0,5,12,-0.04868915644197164,0.04868915644197164
so,W20p0,5,17,0.04867737984266215,0.04867737984266215
so,W60p0,8,18,-0.04831247581247547,0.04831247581247547
thetao,W30p0,3,12,0.0482770744972825,0.0482770744972825
so,W20p0,2,20,-0.04816113994278564,0.04816113994278564
so,W40p0,1,1,0.04815295315443677,0.04815295315443677
so,W20p0,4,18,0.04807931003370416,0.04807931003370416
thetao,W40p0,3,13,-0.04798122800557437,0.04798122800557437
thetao,W20p0,3,20,-0.04796075049846833,0.04796075049846833
thetao,W20p0,4,5,0.04785396321209628,0.04785396321209628
thetao,W60p0,2,16,-0.04765603611111881,0.04765603611111881
so,W40p0,5,14,-0.047642593589797354,0.047642593589797354
thetao,W20p0,10,20,-0.047562475963442534,0.047562475963442534
thetao,W60p0,6,8,0.047452071104902335,0.047452071104902335
thetao,W40p0,1,4,0.04726954101783411,0.04726954101783411
thetao,W30p0,1,20,-0.047232906130688895,0.047232906130688895
thetao,W40p0,5,20,0.047221136193872096,0.047221136193872096
so,W60p0,3,9,-0.047200032179153965,0.047200032179153965
thetao,W20p0,7,12,-0.047053053364628665,0.047053053364628665
thetao,W40p0,5,13,-0.047001013679173156,0.047001013679173156
so,W40p0,8,3,0.046957242331707366,0.046957242331707366
thetao,W60p0,1,20,0.04692589366032154,0.04692589366032154
so,W30p0,10,11,0.04689518337426993,0.04689518337426993
thetao,W10p0,4,10,0.04688999818259171,0.04688999818259171
thetao,W10p0,2,7,-0.04672134880134509,0.04672134880134509
thetao,W40p0,9,9,-0.046704436003621085,0.046704436003621085
so,W10p0,1,13,-0.0466347213924576,0.0466347213924576
thetao,W60p0,7,8,-0.046515378193134484,0.046515378193134484
thetao,W30p0,5,18,-0.04638870180010238,0.04638870180010238
so,W30p0,1,11,0.046313314670644395,0.046313314670644395
thetao,W20p0,2,18,-0.046293790896028024,0.046293790896028024
thetao,W40p0,3,1,-0.04625273539652787,0.04625273539652787
so,W60p0,7,11,0.04621900975169983,0.04621900975169983
thetao,W30p0,10,0,-0.04621882826840735,0.04621882826840735
so,W30p0,2,12,0.04615223320290506,0.04615223320290506
thetao,W10p0,8,19,-0.04588829865783169,0.04588829865783169
so,W40p0,3,19,0.045880268452122834,0.045880268452122834
thetao,W60p0,1,10,-0.045877816298544385,0.045877816298544385
thetao,W20p0,9,0,0.04572676531341785,0.04572676531341785
thetao,W20p0,2,2,-0.04556642910994517,0.04556642910994517
thetao,W20p0,2,12,-0.04556348225099003,0.04556348225099003
so,W60p0,4,17,-0.04548433368935225,0.04548433368935225
thetao,W40p0,1,5,0.04542705094179964,0.04542705094179964
so,W40p0,8,19,0.04539272427216143,0.04539272427216143
so,W30p0,3,9,0.04519474874129451,0.04519474874129451
thetao,W30p0,10,10,-0.04518205669161806,0.04518205669161806
thetao,W10p0,6,8,0.0450771689145796,0.0450771689145796
so,W30p0,3,20,-0.04507019681768038,0.04507019681768038
so,W60p0,3,1,-0.04491883087958998,0.04491883087958998
so,W40p0,9,10,-0.044697814698390355,0.044697814698390355
so,W40p0,5,15,-0.04467401714217458,0.04467401714217458
thetao,W30p0,2,8,0.04464896642792462,0.04464896642792462
thetao,W60p0,8,13,0.04463648587176432,0.04463648587176432
thetao,W20p0,4,3,0.04457103814803002,0.04457103814803002
thetao,W30p0,9,9,-0.044374859288418264,0.044374859288418264
so,W10p0,1,9,-0.04437423687607627,0.04437423687607627
so,W60p0,2,20,-0.04430819568110632,0.04430819568110632
thetao,W30p0,10,16,-0.044218718684509474,0.044218718684509474
so,W20p0,10,4,-0.044215339399414806,0.044215339399414806
thetao,W10p0,9,9,0.04419908577860646,0.04419908577860646
so,W40p0,8,12,-0.04402185308370704,0.04402185308370704
thetao,W10p0,6,18,0.04398681934869607,0.04398681934869607
so,W40p0,2,16,-0.04396560317091304,0.04396560317091304
so,W30p0,9,1,0.04380165542640682,0.04380165542640682
thetao,W40p0,2,15,0.04379283523751359,0.04379283523751359
so,W60p0,4,15,0.04377968526456669,0.04377968526456669
thetao,W30p0,6,15,0.04346234735562702,0.04346234735562702
so,W60p0,7,6,-0.043361406042376135,0.043361406042376135
thetao,W20p0,8,3,0.04330445702160398,0.04330445702160398
so,W20p0,6,8,0.04310031538313809,0.04310031538313809
so,W20p0,1,2,0.04303380641749478,0.04303380641749478
so,W40p0,9,18,0.04284619214151056,0.04284619214151056
so,W10p0,6,3,-0.04271242494179112,0.04271242494179112
so,W60p0,8,6,0.04267349403361326,0.04267349403361326
so,W20p0,5,19,0.0426718584683468,0.0426718584683468
so,W30p0,10,3,0.042661834793774354,0.042661834793774354
thetao,W20p0,8,1,-0.04253137456056427,0.04253137456056427
thetao,W40p0,7,10,0.04248725002799853,0.04248725002799853
thetao,W30p0,10,20,-0.04242321093614214,0.04242321093614214
thetao,W30p0,3,3,0.042334778716167504,0.042334778716167504
thetao,W20p0,8,15,0.04231381695031956,0.04231381695031956
so,W60p0,3,2,-0.0422734303002314,0.0422734303002314
thetao,W60p0,6,6,0.04219428613122835,0.04219428613122835
so,W30p0,2,10,-0.04216212330238696,0.04216212330238696
thetao,W60p0,8,14,0.042146810616571107,0.042146810616571107
so,W20p0,4,6,0.04213273689910186,0.04213273689910186
so,W40p0,1,3,0.0420812526926554,0.0420812526926554
thetao,W40p0,7,7,0.0419658900280137,0.0419658900280137
so,W30p0,4,6,-0.04192081439589665,0.04192081439589665
thetao,W20p0,4,1,-0.041745203114226435,0.041745203114226435
so,W30p0,4,5,-0.041745129553734155,0.041745129553734155
thetao,W10p0,2,0,0.041679837248666106,0.041679837248666106
thetao,W40p0,4,18,0.041624776080513605,0.041624776080513605
thetao,W40p0,7,2,0.04158614711009937,0.04158614711009937
so,W10p0,6,12,0.041424160382867524,0.041424160382867524
so,W30p0,1,2,-0.041298342888118456,0.041298342888118456
thetao,W60p0,8,18,0.04129545007019888,0.04129545007019888
thetao,W30p0,5,8,0.04129305949918812,0.04129305949918812
thetao,W20p0,8,2,-0.04127055541845942,0.04127055541845942
thetao,W20p0,8,16,-0.04124512198395306,0.04124512198395306
so,W60p0,9,9,-0.04110441024393188,0.04110441024393188
thetao,W20p0,6,17,0.041082551639805974,0.041082551639805974
thetao,W10p0,8,18,-0.04104497869462714,0.04104497869462714
thetao,W10p0,7,12,0.040905247729066514,0.040905247729066514
thetao,W20p0,9,7,0.04079784305752096,0.04079784305752096
so,W30p0,6,4,-0.04074361518933212,0.04074361518933212
so,W20p0,8,4,0.040673057912093864,0.040673057912093864
thetao,W10p0,1,16,-0.04066123461772105,0.04066123461772105
thetao,W20p0,2,16,0.04065052876717076,0.04065052876717076
thetao,W30p0,4,16,-0.040614214475014586,0.040614214475014586
so,W60p0,6,6,0.04055717501783037,0.04055717501783037
so,W40p0,5,16,0.0404534683359586,0.0404534683359586
so,W30p0,2,11,0.04036470622254966,0.04036470622254966
thetao,W60p0,6,11,-0.040238879641811116,0.040238879641811116
thetao,W20p0,9,17,-0.04022479583248105,0.04022479583248105
so,W20p0,6,7,0.04005481098126385,0.04005481098126385
so,W40p0,1,5,0.039856787265896074,0.039856787265896074
so,W60p0,3,8,-0.03985343837960526,0.03985343837960526
so,W40p0,4,2,0.03983492047898721,0.03983492047898721
so,W60p0,2,17,0.03976355815098425,0.03976355815098425
so,W40p0,8,11,-0.03961312896851403,0.03961312896851403
so,W10p0,6,2,0.03948756967431529,0.03948756967431529
so,W60p0,4,12,0.03948489450024086,0.03948489450024086
thetao,W20p0,4,10,0.039304795804197504,0.039304795804197504
thetao,W30p0,1,19,-0.03929759459568659,0.03929759459568659
so,W10p0,4,4,0.039263471466210884,0.039263471466210884
so,W10p0,8,3,-0.03923544841412401,0.03923544841412401
thetao,W20p0,10,11,-0.0390421838859046,0.0390421838859046
so,W20p0,8,5,0.03903855389402254,0.03903855389402254
so,W30p0,6,12,0.038983062739688316,0.038983062739688316
thetao,W40p0,6,16,0.038938363001854916,0.038938363001854916
so,W10p0,3,10,0.03880955501126588,0.03880955501126588
so,W40p0,6,9,-0.038771156980813425,0.038771156980813425
thetao,W10p0,9,6,-0.03875520199584151,0.03875520199584151
so,W20p0,6,15,-0.03871405864115905,0.03871405864115905
so,W20p0,6,9,0.038698645152622814,0.038698645152622814
so,W30p0,7,8,0.03866216514068794,0.03866216514068794
so,W60p0,8,9,-0.03864225950138416,0.03864225950138416
thetao,W60p0,9,20,0.03851014666819183,0.03851014666819183
so,W30p0,5,17,-0.038496118932444826,0.038496118932444826
thetao,W40p0,6,8,0.03836528929262219,0.03836528929262219
so,W10p0,9,1,0.038306926103112315,0.038306926103112315
so,W60p0,4,5,0.03829341680233684,0.03829341680233684
so,W20p0,3,17,0.038125858659145265,0.038125858659145265
thetao,W40p0,4,11,-0.03798078737799645,0.03798078737799645
so,W60p0,10,2,-0.03788834062897271,0.03788834062897271
thetao,W60p0,6,13,-0.037887755061025846,0.037887755061025846
so,W30p0,9,14,-0.0377833466463176,0.0377833466463176
so,W40p0,7,8,-0.03773447328947809,0.03773447328947809
thetao,W20p0,4,11,-0.03773011335643238,0.03773011335643238
so,W60p0,4,9,-0.037716536297568964,0.037716536297568964
thetao,W60p0,1,9,-0.03766839338760225,0.03766839338760225
so,W10p0,1,10,0.0376218737391697,0.0376218737391697
thetao,W60p0,1,19,0.03759650102625028,0.03759650102625028
so,W20p0,1,12,-0.03756057367342839,0.03756057367342839
thetao,W10p0,10,7,0.03749266249391055,0.03749266249391055
so,W10p0,3,20,-0.037399081765479916,0.037399081765479916
so,W10p0,2,5,-0.037361278471357756,0.037361278471357756
so,W60p0,2,19,-0.03734741808641989,0.03734741808641989
so,W20p0,8,20,-0.03723648131921229,0.03723648131921229
thetao,W30p0,6,3,-0.03703734495911212,0.03703734495911212
so,W20p0,3,9,-0.03699623145921771,0.03699623145921771
so,W20p0,5,15,-0.0368876671759988,0.0368876671759988
so,W20p0,8,1,-0.03685961878694885,0.03685961878694885
so,W40p0,10,11,0.03681174271624299,0.03681174271624299
thetao,W30p0,3,2,-0.036756224437132536,0.036756224437132536
so,W40p0,5,9,-0.03669924767668208,0.03669924767668208
so,W60p0,3,3,-0.036663793761416,0.036663793761416
thetao,W30p0,4,13,0.03654764393809217,0.03654764393809217
so,W40p0,7,10,0.03638875658386296,0.03638875658386296
thetao,W60p0,8,5,-0.03631308649256378,0.03631308649256378
so,W20p0,10,17,-0.036110735886458835,0.036110735886458835
thetao,W40p0,3,19,-0.03608738512949215,0.03608738512949215
thetao,W30p0,10,18,0.03607071366594063,0.03607071366594063
so,W10p0,1,16,-0.03599254212121498,0.03599254212121498
so,W30p0,10,10,0.035924855342478836,0.035924855342478836
so,W30p0,1,19,-0.0359099518676791,0.0359099518676791
so,W10p0,4,12,-0.035745637023885196,0.035745637023885196
so,W40p0,2,17,-0.03568276370005582,0.03568276370005582
thetao,W30p0,5,9,-0.03549486167428077,0.03549486167428077
so,W60p0,8,16,-0.03546809063547412,0.03546809063547412
so,W60p0,2,16,0.03545925902960888,0.03545925902960888
thetao,W10p0,6,17,0.03530003874850348,0.03530003874850348
thetao,W40p0,10,9,0.03510638392993301,0.03510638392993301
thetao,W10p0,3,16,0.03489914553596067,0.03489914553596067
thetao,W40p0,7,1,0.03470873948752903,0.03470873948752903
so,W10p0,3,8,-0.03462836232414794,0.03462836232414794
so,W20p0,2,13,0.03458942231532888,0.03458942231532888
thetao,W10p0,10,20,0.03451871049906732,0.03451871049906732
thetao,W10p0,3,19,-0.03449453711518906,0.03449453711518906
thetao,W60p0,9,18,-0.034484126344053186,0.034484126344053186
so,W60p0,9,19,-0.034447286328774446,0.034447286328774446
thetao,W20p0,5,0,-0.034345471673434255,0.034345471673434255
so,W10p0,4,19,0.034321143491970595,0.034321143491970595
thetao,W40p0,4,4,-0.03412693135627238,0.03412693135627238
so,W30p0,9,4,-0.034097162254330474,0.034097162254330474
so,W60p0,9,18,-0.034095486828901116,0.034095486828901116
thetao,W40p0,3,18,0.033925333469539194,0.033925333469539194
so,W40p0,5,18,0.033918547776137675,0.033918547776137675
so,W20p0,8,3,0.033766744894560656,0.033766744894560656
thetao,W60p0,3,16,-0.03374943102083654,0.03374943102083654
so,W10p0,2,20,0.03366882037643476,0.03366882037643476
thetao,W40p0,6,20,0.033626378130308145,0.033626378130308145
thetao,W20p0,7,6,-0.03360090270468689,0.03360090270468689
thetao,W60p0,1,14,0.03359339300770894,0.03359339300770894
so,W10p0,2,19,-0.033563994266109495,0.033563994266109495
so,W20p0,10,9,0.033525253479224956,0.033525253479224956
so,W60p0,1,11,-0.03344267091494973,0.03344267091494973
so,W30p0,9,19,0.033400200679948845,0.033400200679948845
so,W10p0,1,15,-0.03336880792395268,0.03336880792395268
so,W30p0,3,19,-0.033308813354368604,0.033308813354368604
thetao,W40p0,5,16,0.03329732722750763,0.03329732722750763
thetao,W30p0,9,15,-0.03328541209474866,0.03328541209474866
thetao,W30p0,9,5,0.03323515933404298,0.03323515933404298
so,W30p0,10,8,-0.03312565998215231,0.03312565998215231
thetao,W20p0,4,8,0.03305788534671135,0.03305788534671135
so,W40p0,6,7,-0.03302044538602923,0.03302044538602923
thetao,W20p0,2,15,0.03264860146497005,0.03264860146497005
so,W30p0,5,16,-0.032604457509571125,0.032604457509571125
thetao,W40p0,3,5,-0.0324433187815389,0.0324433187815389
so,W30p0,10,1,-0.032330264181091736,0.032330264181091736
thetao,W60p0,8,3,-0.032267843757245326,0.032267843757245326
so,W60p0,4,8,-0.032249879601081326,0.032249879601081326
so,W10p0,7,7,-0.03222536000654408,0.03222536000654408
so,W60p0,3,10,-0.032214003334955076,0.032214003334955076
thetao,W60p0,10,7,-0.03213424772351919,0.03213424772351919
so,W40p0,4,3,0.03196825596008136,0.03196825596008136
thetao,W30p0,1,13,-0.0316661164807285,0.0316661164807285
thetao,W60p0,10,20,0.03163433429207561,0.03163433429207561
thetao,W10p0,3,20,-0.03162521185835764,0.03162521185835764
so,W60p0,9,8,0.03157500788745217,0.03157500788745217
so,W60p0,10,13,0.03148670610601414,0.03148670610601414
thetao,W60p0,1,17,0.031423073299681914,0.031423073299681914
so,W60p0,8,15,0.031163412066591217,0.031163412066591217
thetao,W20p0,3,18,-0.03115146848250573,0.03115146848250573
thetao,W20p0,1,9,0.031130200191597564,0.031130200191597564
so,W10p0,7,8,0.031111050394898,0.031111050394898
thetao,W40p0,6,19,0.030979430464251563,0.030979430464251563
so,W60p0,7,20,-0.03095409218427173,0.03095409218427173
so,W20p0,7,8,-0.03092064437310976,0.03092064437310976
thetao,W20p0,9,9,-0.030897249165696593,0.030897249165696593
so,W20p0,4,7,-0.030886248622352876,0.030886248622352876
thetao,W10p0,1,8,-0.030853213453037966,0.030853213453037966
thetao,W30p0,7,19,0.030724055652255784,0.030724055652255784
thetao,W20p0,6,7,0.030720058658657533,0.030720058658657533
so,W30p0,9,15,-0.030653003183636608,0.030653003183636608
thetao,W10p0,7,2,0.030532353477843402,0.030532353477843402
so,W40p0,10,12,-0.030454846263535756,0.030454846263535756
so,W40p0,3,8,0.03044551440555211,0.03044551440555211
so,W20p0,6,4,-0.03036649505503065,0.03036649505503065
thetao,W40p0,5,4,-0.03035919571644582,0.03035919571644582
thetao,W40p0,7,6,0.030356936982322665,0.030356936982322665
thetao,W30p0,3,14,0.030310019993597205,0.030310019993597205
so,W10p0,7,12,0.030269286160252436,0.030269286160252436
thetao,W10p0,10,4,-0.03022761155994743,0.03022761155994743
thetao,W40p0,3,8,-0.030021260357114204,0.030021260357114204
so,W30p0,5,14,0.029989665550223994,0.029989665550223994
thetao,W10p0,2,6,-0.029868839208628362,0.029868839208628362
thetao,W40p0,7,8,-0.0298344182847665,0.0298344182847665
thetao,W60p0,4,2,0.02969483586891374,0.02969483586891374
thetao,W40p0,8,0,0.029640700776114526,0.029640700776114526
thetao,W10p0,5,17,0.029577712988705634,0.029577712988705634
thetao,W30p0,6,19,0.029495940588006867,0.029495940588006867
so,W10p0,8,5,0.029441677203041777,0.029441677203041777
thetao,W10p0,2,12,-0.029245300637335207,0.029245300637335207
so,W60p0,6,13,0.029221222964798614,0.029221222964798614
so,W60p0,9,10,-0.029171464651427725,0.029171464651427725
so,W30p0,1,12,-0.029118507033422093,0.029118507033422093
so,W10p0,2,13,0.029087022921626425,0.029087022921626425
so,W30p0,2,19,0.02905088878866023,0.02905088878866023
so,W30p0,7,14,-0.029050344523910795,0.029050344523910795
thetao,W60p0,6,1,0.02898734130142688,0.02898734130142688
thetao,W20p0,5,15,0.028987154184335107,0.028987154184335107
so,W40p0,6,2,-0.028923854979134054,0.028923854979134054
thetao,W40p0,1,2,0.028792290162154406,0.028792290162154406
thetao,W30p0,7,6,0.028779127866776638,0.028779127866776638
so,W20p0,1,18,-0.028699311582780673,0.028699311582780673
thetao,W60p0,8,4,-0.02867125373648717,0.02867125373648717
thetao,W40p0,2,0,0.028496832048301876,0.028496832048301876
so,W40p0,8,20,0.028159606623623667,0.028159606623623667
thetao,W40p0,2,8,0.028081040882197986,0.028081040882197986
so,W40p0,6,3,0.028040424480414498,0.028040424480414498
so,W20p0,1,15,0.027827635912857546,0.027827635912857546
so,W60p0,2,18,0.027812114534741486,0.027812114534741486
so,W40p0,4,18,-0.027494398417847524,0.027494398417847524
thetao,W60p0,8,9,-0.027456769647250055,0.027456769647250055
thetao,W10p0,5,2,0.02728361297056327,0.02728361297056327
thetao,W30p0,7,18,0.027209605850886612,0.027209605850886612
thetao,W20p0,3,0,-0.02717750376384425,0.02717750376384425
thetao,W60p0,3,11,-0.027169008794747717,0.027169008794747717
so,W40p0,8,4,0.027161898465211883,0.027161898465211883
thetao,W20p0,5,14,-0.027111338573124408,0.027111338573124408
thetao,W10p0,10,5,-0.027081075589064203,0.027081075589064203
thetao,W60p0,1,15,0.02703378500737616,0.02703378500737616
thetao,W30p0,7,17,0.02702205806362758,0.02702205806362758
thetao,W10p0,2,20,0.026994215600424892,0.026994215600424892
thetao,W40p0,6,9,0.02696741406934634,0.02696741406934634
thetao,W30p0,8,7,0.026922122840865963,0.026922122840865963
so,W40p0,5,7,-0.02691200037186049,0.02691200037186049
so,W10p0,6,17,-0.026905259690092897,0.026905259690092897
thetao,W20p0,5,19,0.026758155246037883,0.026758155246037883
thetao,W20p0,10,9,-0.026690934203815384,0.026690934203815384
thetao,W30p0,2,1,0.026354648760705156,0.026354648760705156
so,W30p0,7,11,0.026291041732086046,0.026291041732086046
thetao,W30p0,3,15,0.026288532318671978,0.026288532318671978
so,W10p0,8,13,0.02625655623284635,0.02625655623284635
so,W40p0,3,7,-0.02625452929089468,0.02625452929089468
so,W10p0,9,10,0.026122923474486092,0.026122923474486092
thetao,W30p0,3,7,0.0260676296328706,0.0260676296328706
so,W40p0,1,4,0.02602135738791994,0.02602135738791994
so,W20p0,4,19,-0.025787373265816302,0.025787373265816302
thetao,W60p0,10,14,0.02565020709878706,0.02565020709878706
thetao,W20p0,1,12,0.025561443720457044,0.025561443720457044
thetao,W30p0,10,9,-0.0255513297749347,0.0255513297749347
so,W10p0,6,18,-0.025384594887149635,0.025384594887149635
so,W40p0,7,16,0.025364740906837383,0.025364740906837383
so,W30p0,9,12,-0.0251807743754268,0.0251807743754268
thetao,W60p0,8,17,-0.02506375365422479,0.02506375365422479
thetao,W40p0,10,10,0.0250064469100519,0.0250064469100519
thetao,W40p0,5,15,-0.02498959096123962,0.02498959096123962
thetao,W60p0,5,17,-0.02494368840545729,0.02494368840545729
thetao,W20p0,7,20,-0.02479870382770019,0.02479870382770019
thetao,W30p0,5,13,-0.024790641587513162,0.024790641587513162
so,W60p0,7,10,-0.024776451002845857,0.024776451002845857
so,W60p0,8,20,0.024767005964131842,0.024767005964131842
thetao,W10p0,7,11,0.024663193540656353,0.024663193540656353
so,W20p0,10,0,-0.024653171372627916,0.024653171372627916
thetao,W20p0,1,10,0.0246530667701688,0.0246530667701688
so,W20p0,10,19,0.024624493144302966,0.024624493144302966
so,W20p0,2,11,-0.024548125819200812,0.024548125819200812
thetao,W10p0,1,6,0.024530175087503377,0.024530175087503377
so,W60p0,10,12,0.024466359838790787,0.024466359838790787
thetao,W20p0,3,9,0.02445466388597285,0.02445466388597285
thetao,W60p0,6,0,-0.024404052463993922,0.024404052463993922
so,W60p0,9,11,-0.024348430757631417,0.024348430757631417
thetao,W20p0,3,16,0.02430373128724813,0.02430373128724813
thetao,W40p0,2,11,-0.024266326495702522,0.024266326495702522
so,W20p0,4,0,0.023935676140239014,0.023935676140239014
so,W10p0,8,16,0.023898016295312127,0.023898016295312127
thetao,W10p0,5,1,-0.023867055620026563,0.023867055620026563
thetao,W10p0,4,16,0.023827247267530514,0.023827247267530514
so,W40p0,6,16,-0.02377481360989094,0.02377481360989094
thetao,W20p0,4,2,-0.02374236915351572,0.02374236915351572
thetao,W30p0,3,0,-0.023585428677381105,0.023585428677381105
thetao,W60p0,2,7,0.02354644210873062,0.02354644210873062
so,W60p0,7,14,0.023530854044347484,0.023530854044347484
so,W40p0,2,8,-0.023529104828602616,0.023529104828602616
so,W40p0,10,9,0.023458133380531005,0.023458133380531005
so,W20p0,7,4,-0.023433543072699212,0.023433543072699212
thetao,W30p0,2,5,0.02338768472576827,0.02338768472576827
thetao,W10p0,10,3,-0.023352835929398484,0.023352835929398484
thetao,W20p0,1,11,0.02330448324532177,0.02330448324532177
so,W30p0,1,1,-0.023203364598892634,0.023203364598892634
so,W40p0,2,12,0.023164790682339426,0.023164790682339426
so,W30p0,10,15,0.02310980545542275,0.02310980545542275
thetao,W60p0,6,15,-0.02305172476839309,0.02305172476839309
thetao,W60p0,9,10,0.022851242369432374,0.022851242369432374
thetao,W60p0,9,9,0.02266344152129618,0.02266344152129618
so,W40p0,10,0,-0.022589612142743784,0.022589612142743784
so,W10p0,5,18,0.02255602347398462,0.02255602347398462
so,W60p0,10,9,-0.02251918533129089,0.02251918533129089
so,W60p0,10,16,0.022274398387885943,0.022274398387885943
thetao,W10p0,10,15,0.021849366157752778,0.021849366157752778
thetao,W40p0,5,14,-0.02181191176170454,0.02181191176170454
thetao,W30p0,10,19,-0.021733130586054302,0.021733130586054302
thetao,W30p0,3,13,0.02166500650350627,0.02166500650350627
so,W30p0,2,16,0.02157749702133831,0.02157749702133831
thetao,W30p0,1,15,0.02154987913295447,0.02154987913295447
so,W60p0,9,3,-0.02143252417205026,0.02143252417205026
thetao,W60p0,3,4,-0.021335902774353138,0.021335902774353138
so,W10p0,5,20,-0.02123146222430782,0.02123146222430782
thetao,W10p0,1,20,-0.021162104459877786,0.021162104459877786
thetao,W40p0,4,0,-0.021136882955495463,0.021136882955495463
so,W20p0,9,7,0.021102453326743143,0.021102453326743143
so,W30p0,6,8,-0.021068819994262175,0.021068819994262175
thetao,W30p0,5,14,0.021027896051790198,0.021027896051790198
so,W20p0,8,8,0.02099503015997656,0.02099503015997656
so,W30p0,7,20,-0.020991896369014624,0.020991896369014624
thetao,W40p0,7,16,0.02090498916895879,0.02090498916895879
so,W10p0,9,8,-0.020888470241220685,0.020888470241220685
so,W30p0,5,20,0.02086126007503113,0.02086126007503113
thetao,W30p0,9,7,0.020830010378036612,0.020830010378036612
thetao,W60p0,9,17,-0.020795149598808554,0.020795149598808554
so,W20p0,6,2,0.02079484969682677,0.02079484969682677
so,W10p0,6,14,0.020587336128883294,0.020587336128883294
thetao,W10p0,1,7,0.020557151622696116,0.020557151622696116
so,W10p0,5,3,-0.020425691086552625,0.020425691086552625
so,W40p0,7,17,-0.0204175716818218,0.0204175716818218
thetao,W10p0,3,0,-0.020382877259096717,0.020382877259096717
thetao,W60p0,7,1,0.02005426792903373,0.02005426792903373
thetao,W30p0,5,19,-0.020009320458988213,0.020009320458988213
thetao,W10p0,10,11,-0.020002394975880192,0.020002394975880192
so,W60p0,4,18,0.01997506149771964,0.01997506149771964
so,W20p0,1,1,-0.01993673605456594,0.01993673605456594
thetao,W40p0,2,9,0.019763127566312527,0.019763127566312527
thetao,W30p0,8,6,-0.019641954352470414,0.019641954352470414
thetao,W30p0,8,16,-0.019617147554907684,0.019617147554907684
thetao,W60p0,3,3,-0.01961154246551241,0.01961154246551241
thetao,W60p0,2,17,0.019554542109765087,0.019554542109765087
so,W60p0,10,19,-0.019528815381554487,0.019528815381554487
so,W10p0,5,19,-0.01938457940069639,0.01938457940069639
thetao,W30p0,1,17,0.019374138058698503,0.019374138058698503
thetao,W30p0,6,16,0.019293282816139023,0.019293282816139023
thetao,W20p0,6,3,0.019230555486237137,0.019230555486237137
thetao,W20p0,9,8,-0.019152238170379,0.019152238170379
thetao,W10p0,10,6,-0.019061831135508484,0.019061831135508484
so,W30p0,2,1,0.018962615083878618,0.018962615083878618
thetao,W40p0,7,17,0.018905534164616353,0.018905534164616353
so,W60p0,8,10,0.01879895800904275,0.01879895800904275
so,W30p0,3,10,-0.01873602144149917,0.01873602144149917
so,W10p0,5,5,0.018654577506600756,0.018654577506600756
so,W30p0,1,8,0.018640745402210036,0.018640745402210036
thetao,W10p0,9,15,0.018638223727604007,0.018638223727604007
thetao,W10p0,6,11,0.018589109526067127,0.018589109526067127
so,W30p0,6,3,0.018291104128202486,0.018291104128202486
thetao,W60p0,10,16,-0.017988291557905774,0.017988291557905774
thetao,W60p0,1,13,0.017873002511221786,0.017873002511221786
thetao,W10p0,6,10,0.01786865943396658,0.01786865943396658
thetao,W60p0,2,1,-0.017860838775198666,0.017860838775198666
thetao,W10p0,9,16,-0.017826727575817054,0.017826727575817054
so,W60p0,6,12,0.017554102429154887,0.017554102429154887
thetao,W60p0,6,12,-0.01754144152298248,0.01754144152298248
so,W60p0,4,20,0.01752934964531494,0.01752934964531494
thetao,W20p0,7,5,0.017517131705753704,0.017517131705753704
so,W60p0,4,16,0.01743065154625141,0.01743065154625141
so,W10p0,8,6,-0.017203460030299787,0.017203460030299787
so,W40p0,7,6,0.017009891372956453,0.017009891372956453
so,W60p0,1,15,0.016865877502099745,0.016865877502099745
so,W40p0,7,7,-0.01666202996529772,0.01666202996529772
thetao,W30p0,1,12,-0.01662993874249156,0.01662993874249156
thetao,W20p0,5,2,0.016588278977196246,0.016588278977196246
so,W10p0,5,6,0.016541454099366176,0.016541454099366176
thetao,W30p0,5,20,0.01648948901048792,0.01648948901048792
thetao,W30p0,4,7,0.01629116211912179,0.01629116211912179
thetao,W20p0,5,1,-0.016282794551074228,0.016282794551074228
thetao,W60p0,4,0,0.016227691508430498,0.016227691508430498
thetao,W60p0,3,9,-0.016227038638339995,0.016227038638339995
thetao,W10p0,1,17,-0.01621743236891591,0.01621743236891591
so,W40p0,7,18,0.01615737150176988,0.01615737150176988
thetao,W30p0,6,17,-0.016041567967180877,0.016041567967180877
so,W20p0,5,16,0.01599834062882122,0.01599834062882122
so,W20p0,10,16,-0.015955913360460146,0.015955913360460146
so,W60p0,4,14,-0.01587569303125113,0.01587569303125113
so,W40p0,2,14,0.015763906232248687,0.015763906232248687
so,W60p0,4,11,0.01574156241805404,0.01574156241805404
so,W40p0,2,13,0.01570911597154354,0.01570911597154354
thetao,W60p0,2,6,-0.015643177022336533,0.015643177022336533
thetao,W30p0,4,8,0.015443728222407726,0.015443728222407726
thetao,W10p0,9,5,0.015380983052151853,0.015380983052151853
thetao,W10p0,2,14,-0.015312639259151413,0.015312639259151413
so,W20p0,1,13,0.015078530934178647,0.015078530934178647
thetao,W10p0,2,9,0.014996196976524188,0.014996196976524188
so,W20p0,1,16,0.01497008916229025,0.01497008916229025
so,W10p0,3,19,-0.014927967245549394,0.014927967245549394
so,W40p0,5,10,-0.0148543384334397,0.0148543384334397
so,W30p0,10,2,-0.014757875025689472,0.014757875025689472
so,W60p0,7,16,0.014697102928740716,0.014697102928740716
thetao,W10p0,10,8,-0.014628908596428113,0.014628908596428113
thetao,W40p0,1,1,0.014621335348801778,0.014621335348801778
thetao,W40p0,2,12,-0.014552314704707104,0.014552314704707104
thetao,W40p0,4,7,-0.014492382920436359,0.014492382920436359
so,W40p0,5,11,-0.014431485326763534,0.014431485326763534
so,W60p0,2,15,0.014385909718159545,0.014385909718159545
so,W60p0,8,7,0.014316590460242322,0.014316590460242322
so,W20p0,4,4,0.014286768376454238,0.014286768376454238
so,W30p0,9,13,-0.01425874402990811,0.01425874402990811
so,W40p0,6,5,-0.014242009754731909,0.014242009754731909
thetao,W40p0,9,7,-0.014233565019831505,0.014233565019831505
thetao,W60p0,10,12,0.014164308161912824,0.014164308161912824
so,W20p0,5,18,-0.014130390073373947,0.014130390073373947
so,W20p0,6,16,0.014111130915001276,0.014111130915001276
so,W40p0,6,11,0.014102452792668047,0.014102452792668047
thetao,W10p0,2,15,0.014067471553825595,0.014067471553825595
thetao,W20p0,5,20,-0.014064287656332958,0.014064287656332958
so,W40p0,1,2,0.013972725395813174,0.013972725395813174
so,W30p0,7,5,-0.013748138575111887,0.013748138575111887
so,W30p0,6,2,0.013525719770213572,0.013525719770213572
thetao,W60p0,10,10,0.013433941848236335,0.013433941848236335
so,W60p0,1,9,0.01330407122792141,0.01330407122792141
thetao,W30p0,3,9,0.013231298657021561,0.013231298657021561
so,W40p0,10,20,-0.013103726629994424,0.013103726629994424
so,W20p0,2,18,0.013050931966576631,0.013050931966576631
thetao,W20p0,3,17,-0.013034538581789639,0.013034538581789639
so,W40p0,2,15,-0.013000511155093134,0.013000511155093134
thetao,W20p0,2,1,0.012972641174852797,0.012972641174852797
thetao,W30p0,3,10,0.012802223507446931,0.012802223507446931
thetao,W40p0,1,6,-0.012779557465426306,0.012779557465426306
so,W30p0,2,18,0.012776531047881647,0.012776531047881647
thetao,W30p0,1,14,-0.012694908433275899,0.012694908433275899
so,W40p0,2,11,0.01268063347303089,0.01268063347303089
thetao,W60p0,3,2,-0.012650990582608186,0.012650990582608186
thetao,W60p0,4,16,0.012483208448451204,0.012483208448451204
so,W10p0,3,0,-0.012448775090271235,0.012448775090271235
so,W60p0,10,8,-0.01240443303031786,0.01240443303031786
so,W60p0,2,12,0.012400354331567704,0.012400354331567704
so,W60p0,9,4,-0.012332174457301564,0.012332174457301564
so,W20p0,7,3,-0.012238582316850198,0.012238582316850198
thetao,W30p0,8,11,0.0122326858941504,0.0122326858941504
so,W40p0,9,17,0.01222277110517491,0.01222277110517491
thetao,W40p0,3,9,0.01221467533392883,0.01221467533392883
so,W40p0,7,9,-0.012174401536581253,0.012174401536581253
so,W30p0,7,18,-0.012147934328822038,0.012147934328822038
thetao,W30p0,6,18,0.012035065115477077,0.012035065115477077
thetao,W40p0,5,1,-0.012007654438207489,0.012007654438207489
thetao,W40p0,6,15,0.011977264641571997,0.011977264641571997
so,W60p0,6,11,-0.011871474026884356,0.011871474026884356
so,W60p0,9,16,0.011832919856326996,0.011832919856326996
thetao,W60p0,9,19,-0.011803745856517882,0.011803745856517882
thetao,W20p0,9,14,0.011793358796023574,0.011793358796023574
thetao,W60p0,6,9,0.011727295302327597,0.011727295302327597
so,W60p0,7,8,0.011631926015142326,0.011631926015142326
so,W10p0,10,0,0.011629680711283357,0.011629680711283357
so,W60p0,1,10,0.011563745925238773,0.011563745925238773
thetao,W40p0,3,11,0.011506034595238846,0.011506034595238846
thetao,W40p0,4,12,0.011379920556807971,0.011379920556807971
thetao,W60p0,10,17,0.011354253700361583,0.011354253700361583
thetao,W40p0,4,5,-0.011351144295126049,0.011351144295126049
thetao,W60p0,10,11,-0.01132786688273378,0.01132786688273378
so,W20p0,8,2,0.011262687284972168,0.011262687284972168
so,W30p0,4,7,-0.011138619494993535,0.011138619494993535
thetao,W60p0,10,15,0.010861063728572552,0.010861063728572552
so,W10p0,8,19,-0.01063719385667027,0.01063719385667027
thetao,W30p0,8,0,0.010593018787788866,0.010593018787788866
thetao,W20p0,9,12,-0.010532362331805241,0.010532362331805241
so,W20p0,9,1,-0.01052213798198847,0.01052213798198847
so,W10p0,9,13,-0.010520996579696067,0.010520996579696067
thetao,W20p0,2,13,-0.010450155980721685,0.010450155980721685
thetao,W60p0,9,14,-0.010431762363266879,0.010431762363266879
thetao,W40p0,2,13,-0.01035666357933,0.01035666357933
thetao,W60p0,8,19,0.010014075341036686,0.010014075341036686
so,W20p0,4,9,-0.009919152977747531,0.009919152977747531
thetao,W20p0,4,19,0.009909258965953373,0.009909258965953373
thetao,W40p0,7,11,-0.009901482741148432,0.009901482741148432
so,W60p0,2,11,-0.009688065154239775,0.009688065154239775
thetao,W40p0,5,11,-0.009671723717169917,0.009671723717169917
thetao,W40p0,3,10,0.00964499125687991,0.00964499125687991
so,W60p0,5,17,0.009605110583431617,0.009605110583431617
so,W20p0,7,5,0.009600346544744183,0.009600346544744183
thetao,W40p0,7,15,0.009579156746614515,0.009579156746614515
thetao,W40p0,9,15,0.009201586637641423,0.009201586637641423
thetao,W20p0,10,8,0.009177247241341129,0.009177247241341129
so,W30p0,10,4,-0.008978253462408894,0.008978253462408894
so,W40p0,7,4,-0.008967872807452136,0.008967872807452136
thetao,W10p0,3,15,-0.008958191373750583,0.008958191373750583
thetao,W60p0,7,9,-0.00882309559660674,0.00882309559660674
thetao,W60p0,3,5,0.008622665130549947,0.008622665130549947
thetao,W60p0,3,10,-0.008487282555040193,0.008487282555040193
thetao,W40p0,9,16,0.00828968236870569,0.00828968236870569
thetao,W10p0,2,16,0.008125775127692199,0.008125775127692199
thetao,W10p0,2,13,-0.0076086590933362635,0.0076086590933362635
so,W60p0,4,13,-0.00729699357025749,0.00729699357025749
thetao,W60p0,9,16,0.007266949347536658,0.007266949347536658
thetao,W30p0,3,11,0.0072660459676435795,0.0072660459676435795
thetao,W30p0,3,19,0.007259157034985628,0.007259157034985628
thetao,W30p0,10,7,-0.007192433664154725,0.007192433664154725
thetao,W40p0,2,14,-0.0071838170655741645,0.0071838170655741645
thetao,W30p0,4,14,0.007161986541221559,0.007161986541221559
thetao,W20p0,4,0,0.007158745083713284,0.007158745083713284
so,W20p0,5,10,-0.007155815143485947,0.007155815143485947
thetao,W40p0,7,14,0.007032843236575736,0.007032843236575736
thetao,W10p0,6,2,0.007031487123644706,0.007031487123644706
thetao,W30p0,9,19,0.006982189793620457,0.006982189793620457
thetao,W40p0,2,20,0.006776018564956611,0.006776018564956611
so,W20p0,6,10,0.00657027495945673,0.00657027495945673
so,W60p0,7,7,0.006473654362048919,0.006473654362048919
thetao,W30p0,1,18,-0.006191673640092793,0.006191673640092793
thetao,W30p0,4,6,-0.006158807246544596,0.006158807246544596
so,W10p0,5,14,0.006109668369222716,0.006109668369222716
thetao,W20p0,7,7,-0.006013843669886667,0.006013843669886667
thetao,W10p0,5,0,-0.005937573260159245,0.005937573260159245
thetao,W30p0,6,14,0.005833300242114412,0.005833300242114412
so,W10p0,5,4,-0.005688312526707147,0.005688312526707147
so,W20p0,9,2,0.0055602609893879865,0.0055602609893879865
so,W20p0,2,19,-0.005541027007579131,0.005541027007579131
thetao,W30p0,4,15,0.0054456787703774,0.0054456787703774
so,W40p0,4,1,-0.005441757842289903,0.005441757842289903
thetao,W40p0,3,17,0.005431780558106191,0.005431780558106191
so,W20p0,10,5,-0.0052701995803990575,0.0052701995803990575
so,W20p0,1,17,-0.005266562296072857,0.005266562296072857
so,W40p0,6,10,-0.0050793488924197145,0.0050793488924197145
so,W20p0,9,9,-0.005064753193218907,0.005064753193218907
so,W60p0,7,15,-0.00505951737882692,0.00505951737882692
thetao,W10p0,2,1,0.004974854201882117,0.004974854201882117
so,W60p0,9,5,0.00496437644224686,0.00496437644224686
thetao,W20p0,7,11,0.004890051815409102,0.004890051815409102
thetao,W30p0,8,15,0.004775289282464678,0.004775289282464678
so,W10p0,2,6,0.004742387336988337,0.004742387336988337
so,W40p0,5,8,-0.004671651506481886,0.004671651506481886
thetao,W40p0,3,12,-0.004670945934417954,0.004670945934417954
thetao,W60p0,7,0,0.0046647379423394655,0.0046647379423394655
so,W20p0,1,0,0.004663124761162887,0.004663124761162887
thetao,W60p0,8,1,-0.004643380504110707,0.004643380504110707
so,W60p0,2,8,-0.004615688385625469,0.004615688385625469
so,W10p0,7,10,0.004492895358404246,0.004492895358404246
thetao,W60p0,2,10,0.004457744621688236,0.004457744621688236
so,W30p0,2,9,0.00445712504673306,0.00445712504673306
thetao,W20p0,8,5,-0.0041485835847951055,0.0041485835847951055
thetao,W30p0,1,16,0.004019654438686477,0.004019654438686477
so,W10p0,7,13,0.004003465890344788,0.004003465890344788
thetao,W40p0,2,7,-0.003834116300635394,0.003834116300635394
thetao,W40p0,8,5,-0.0038266635561319913,0.0038266635561319913
so,W10p0,10,19,0.003752791830467737,0.003752791830467737
so,W20p0,1,3,0.0036123331609547197,0.0036123331609547197
so,W60p0,4,10,-0.00360415791932261,0.00360415791932261
thetao,W20p0,4,6,-0.0035615454781368874,0.0035615454781368874
so,W10p0,10,20,0.003494002074841989,0.003494002074841989
thetao,W20p0,2,17,0.0034079003498950905,0.0034079003498950905
so,W30p0,7,17,-0.003398718291934864,0.003398718291934864
so,W40p0,6,12,-0.003285014669128131,0.003285014669128131
so,W60p0,6,14,0.0032647018961960107,0.0032647018961960107
so,W20p0,10,20,-0.0032188019441316755,0.0032188019441316755
thetao,W10p0,2,8,0.003041010316391046,0.003041010316391046
so,W30p0,1,5,-0.0029803052025994758,0.0029803052025994758
so,W40p0,6,4,0.0027970246787136443,0.0027970246787136443
so,W10p0,1,12,0.0026404866190878006,0.0026404866190878006
so,W30p0,5,0,0.002576165284280855,0.002576165284280855
thetao,W20p0,9,15,0.00254703096231391,0.00254703096231391
so,W20p0,7,16,-0.0024586399208185402,0.0024586399208185402
thetao,W40p0,7,13,0.0024135329657694513,0.0024135329657694513
thetao,W40p0,10,5,0.002362004524612806,0.002362004524612806
thetao,W10p0,2,5,-0.0022879089697007697,0.0022879089697007697
thetao,W40p0,2,10,0.0022355388961023573,0.0022355388961023573
thetao,W40p0,1,3,0.0021983947790311185,0.0021983947790311185
thetao,W40p0,5,7,-0.002094016623977785,0.002094016623977785
so,W10p0,4,3,0.0020536220556369045,0.0020536220556369045
so,W30p0,2,17,-0.0020440561148207482,0.0020440561148207482
so,W40p0,8,2,0.0019380325336886696,0.0019380325336886696
so,W10p0,8,15,0.0018953840855157683,0.0018953840855157683
so,W60p0,4,6,-0.0018774238734022802,0.0018774238734022802
thetao,W20p0,6,8,0.0018506575614384425,0.0018506575614384425
so,W60p0,2,13,-0.0016373193458000185,0.0016373193458000185
so,W40p0,6,6,-0.0016211379370078495,0.0016211379370078495
so,W20p0,9,8,0.0015590189372138535,0.0015590189372138535
thetao,W20p0,4,7,0.0015212184545465267,0.0015212184545465267
thetao,W20p0,2,14,-0.0015062222511587084,0.0015062222511587084
thetao,W20p0,4,4,0.00148466680513459,0.00148466680513459
so,W30p0,4,20,0.0013003525251298904,0.0013003525251298904
thetao,W10p0,2,17,0.001298858130349424,0.001298858130349424
so,W60p0,7,17,-0.001181575453995532,0.001181575453995532
thetao,W60p0,4,19,0.001146807206268728,0.001146807206268728
thetao,W30p0,4,5,0.0010208256378594193,0.0010208256378594193
so,W10p0,7,11,0.0010195690416568402,0.0010195690416568402
so,W60p0,7,9,-0.0008876795932198154,0.0008876795932198154
thetao,W60p0,8,15,0.0007489463302833215,0.0007489463302833215
so,W20p0,2,12,0.0007465685800909317,0.0007465685800909317
so,W30p0,6,7,0.0006809661529419728,0.0006809661529419728
so,W60p0,5,0,0.0005662661054388765,0.0005662661054388765
thetao,W30p0,3,8,-0.0005524562342687036,0.0005524562342687036
thetao,W10p0,4,17,-0.0005472802907556758,0.0005472802907556758
thetao,W30p0,2,0,0.00045916631651643936,0.00045916631651643936
thetao,W30p0,3,6,0.0004250521189279682,0.0004250521189279682
thetao,W40p0,8,4,-0.0003260762856811878,0.0003260762856811878
so,W30p0,5,15,-0.00030997111798855884,0.00030997111798855884
thetao,W40p0,10,11,0.00030049885323078855,0.00030049885323078855
thetao,W10p0,9,14,-0.00017622447561024867,0.00017622447561024867
so,W20p0,9,18,-0.00017506155905320494,0.00017506155905320494
so,W60p0,2,14,-0.00017418657781064135,0.00017418657781064135
thetao,W40p0,3,20,2.817497112618383e-05,2.817497112618383e-05
so,W10p0,10,18,1.6743627443053872e-05,1.6743627443053872e-05
