var,lon_tag,mode,lag,corr,abs_corr
so,W10p0,2,1,-0.46722788365548223,0.46722788365548223
so,W10p0,2,2,-0.4542988446876173,0.4542988446876173
so,W30p0,3,20,0.43804319664372515,0.43804319664372515
thetao,W10p0,4,20,0.42566623528210934,0.42566623528210934
thetao,W30p0,6,10,-0.41593382865745226,0.41593382865745226
so,W10p0,6,20,-0.41277688286021336,0.41277688286021336
thetao,W20p0,10,15,0.40427684344893977,0.40427684344893977
thetao,W30p0,9,16,0.4039880036615405,0.4039880036615405
thetao,W30p0,2,20,0.40167134032245605,0.40167134032245605
so,W30p0,3,19,0.3949322882785182,0.3949322882785182
thetao,W60p0,9,1,0.3919552359391451,0.3919552359391451
thetao,W30p0,2,19,0.38320921498992333,0.38320921498992333
so,W30p0,5,12,-0.38284189160356547,0.38284189160356547
thetao,W20p0,10,16,0.3816422222274889,0.3816422222274889
thetao,W30p0,9,17,0.3812735749693727,0.3812735749693727
thetao,W30p0,6,9,-0.37779597811722293,0.37779597811722293
so,W10p0,2,0,-0.37726507435070633,0.37726507435070633
thetao,W30p0,6,11,-0.375075379131713,0.375075379131713
thetao,W30p0,2,18,0.37115413845845946,0.37115413845845946
so,W30p0,3,18,0.3648397506883613,0.3648397506883613
so,W30p0,3,17,0.3644934609466269,0.3644934609466269
thetao,W40p0,2,5,-0.3622780946034399,0.3622780946034399
so,W60p0,3,6,-0.36097086677970286,0.36097086677970286
so,W30p0,3,16,0.3597060196781168,0.3597060196781168
thetao,W20p0,7,19,0.3592119843784103,0.3592119843784103
so,W30p0,7,0,-0.3579004814513964,0.3579004814513964
thetao,W40p0,9,1,0.3562999365377065,0.3562999365377065
thetao,W40p0,2,4,-0.35571528819835807,0.35571528819835807
thetao,W40p0,2,2,-0.35301458854554557,0.35301458854554557
thetao,W20p0,7,20,0.3518646875173754,0.3518646875173754
thetao,W40p0,9,2,0.34264706613198903,0.34264706613198903
thetao,W40p0,2,3,-0.3425398201988644,0.3425398201988644
thetao,W60p0,9,2,0.3415787347751749,0.3415787347751749
so,W60p0,2,2,0.34119411665057653,0.34119411665057653
thetao,W30p0,1,5,-0.33835318493036526,0.33835318493036526
so,W40p0,10,12,0.33702649304279525,0.33702649304279525
so,W10p0,6,19,-0.33687133624304216,0.33687133624304216
thetao,W30p0,9,18,0.33410253465787976,0.33410253465787976
so,W60p0,3,7,-0.3330115919206387,0.3330115919206387
thetao,W60p0,7,9,0.3327992770167937,0.3327992770167937
thetao,W20p0,2,15,0.33268105496170797,0.33268105496170797
so,W10p0,2,3,-0.33177476542146156,0.33177476542146156
so,W60p0,2,4,0.32754107725336185,0.32754107725336185
so,W30p0,2,0,-0.3247983115909916,0.3247983115909916
so,W60p0,2,3,0.32394486402090367,0.32394486402090367
thetao,W40p0,1,19,0.3237117191695289,0.3237117191695289
thetao,W40p0,10,14,-0.32360433368694685,0.32360433368694685
thetao,W20p0,2,14,0.3234302018052686,0.3234302018052686
thetao,W40p0,2,1,-0.322100355074211,0.322100355074211
thetao,W30p0,6,12,-0.31968616493023394,0.31968616493023394
so,W40p0,5,1,-0.31955021950346413,0.31955021950346413
thetao,W10p0,10,20,0.3176343139620159,0.3176343139620159
thetao,W40p0,1,20,0.3172263429591467,0.3172263429591467
thetao,W20p0,1,1,0.315291255181677,0.315291255181677
thetao,W40p0,2,6,-0.31301205210863997,0.31301205210863997
thetao,W60p0,4,10,-0.31265834826099953,0.31265834826099953
so,W60p0,2,1,0.3119231650936723,0.3119231650936723
so,W30p0,5,11,-0.3115568622455126,0.3115568622455126
thetao,W30p0,6,8,-0.31146690125265925,0.31146690125265925
thetao,W30p0,1,6,-0.3111040637822739,0.3111040637822739
so,W10p0,1,20,-0.30960487374755613,0.30960487374755613
thetao,W20p0,10,17,0.30870731589887596,0.30870731589887596
thetao,W30p0,8,3,-0.30843291551751145,0.30843291551751145
so,W20p0,3,17,0.30751581225356656,0.30751581225356656
thetao,W10p0,1,3,0.30425981454890116,0.30425981454890116
thetao,W40p0,6,1,0.3030764870808243,0.3030764870808243
thetao,W10p0,1,2,0.30299675427997746,0.30299675427997746
thetao,W20p0,1,2,0.3023974409239032,0.3023974409239032
thetao,W30p0,9,15,0.30218287939541644,0.30218287939541644
thetao,W20p0,10,14,0.3011177194412855,0.3011177194412855
so,W40p0,2,2,-0.2988487961105752,0.2988487961105752
thetao,W30p0,8,13,-0.2982044320745509,0.2982044320745509
so,W60p0,3,8,-0.29663155762947474,0.29663155762947474
thetao,W60p0,1,2,0.2961992225061535,0.2961992225061535
so,W20p0,3,18,0.294645491963952,0.294645491963952
so,W40p0,10,13,0.29336535553194826,0.29336535553194826
thetao,W20p0,1,0,0.2930082242243059,0.2930082242243059
thetao,W30p0,6,13,-0.2908334978246051,0.2908334978246051
so,W40p0,9,7,-0.2906452374108163,0.2906452374108163
so,W20p0,8,19,0.2899145683082923,0.2899145683082923
so,W20p0,3,20,0.28978910653980966,0.28978910653980966
so,W30p0,5,10,-0.28956885141748684,0.28956885141748684
thetao,W20p0,1,3,0.28663475416807777,0.28663475416807777
thetao,W40p0,10,13,-0.28651973496108096,0.28651973496108096
thetao,W40p0,7,16,-0.2855972569598322,0.2855972569598322
thetao,W40p0,3,8,0.2852545452861716,0.2852545452861716
so,W40p0,1,20,-0.28215126554012354,0.28215126554012354
thetao,W10p0,2,20,0.28155411531639973,0.28155411531639973
thetao,W20p0,2,5,-0.2814121175751056,0.2814121175751056
thetao,W60p0,4,7,-0.2808821773085428,0.2808821773085428
thetao,W20p0,7,18,0.2803495366598731,0.2803495366598731
thetao,W10p0,2,17,0.28020575257784286,0.28020575257784286
thetao,W60p0,9,0,0.2801486834106594,0.2801486834106594
thetao,W10p0,10,19,0.27842416722160185,0.27842416722160185
thetao,W30p0,2,17,0.27781765865956043,0.27781765865956043
thetao,W40p0,3,9,0.27741195296385934,0.27741195296385934
so,W20p0,3,3,0.27731601192946276,0.27731601192946276
thetao,W20p0,2,16,0.2769277792917859,0.2769277792917859
thetao,W60p0,4,8,-0.2767738296426838,0.2767738296426838
so,W30p0,1,7,0.2763875443342384,0.2763875443342384
thetao,W10p0,2,18,0.2763481922996248,0.2763481922996248
thetao,W40p0,7,14,-0.2763443057605048,0.2763443057605048
thetao,W60p0,4,11,-0.27485654113646146,0.27485654113646146
thetao,W10p0,2,19,0.2732054190497902,0.2732054190497902
so,W40p0,1,19,-0.27231061940170875,0.27231061940170875
thetao,W10p0,2,16,0.27191872068010164,0.27191872068010164
so,W30p0,5,13,-0.269817016339761,0.269817016339761
thetao,W30p0,1,4,-0.26879073443015095,0.26879073443015095
so,W40p0,4,17,0.26682912178472734,0.26682912178472734
thetao,W60p0,1,1,0.2666209922911995,0.2666209922911995
thetao,W40p0,6,0,0.2656736882719312,0.2656736882719312
thetao,W30p0,6,7,-0.26540383873953066,0.26540383873953066
thetao,W10p0,1,1,0.2646068063853623,0.2646068063853623
thetao,W30p0,8,2,-0.26394188957036807,0.26394188957036807
thetao,W60p0,4,6,-0.2636704073047155,0.2636704073047155
so,W20p0,8,15,0.2629301981336911,0.2629301981336911
thetao,W40p0,2,7,-0.26122244257998783,0.26122244257998783
thetao,W30p0,1,3,-0.2610264091882018,0.2610264091882018
thetao,W40p0,9,3,0.26032566960921627,0.26032566960921627
so,W30p0,8,16,-0.2599439801600451,0.2599439801600451
thetao,W30p0,1,7,-0.2597976339788537,0.2597976339788537
thetao,W40p0,6,7,-0.259157822415123,0.259157822415123
thetao,W30p0,8,12,-0.25892901556870507,0.25892901556870507
so,W30p0,8,20,-0.2584623158247999,0.2584623158247999
so,W60p0,7,20,0.2580243295121366,0.2580243295121366
thetao,W40p0,7,17,-0.2573611220105773,0.2573611220105773
so,W40p0,3,5,-0.2559157877515155,0.2559157877515155
thetao,W40p0,5,12,-0.25509716054416237,0.25509716054416237
thetao,W10p0,2,0,0.2541259881724094,0.2541259881724094
thetao,W40p0,5,7,0.2537705381692881,0.2537705381692881
thetao,W10p0,4,19,0.2531027909069191,0.2531027909069191
so,W60p0,10,0,-0.252883710237958,0.252883710237958
thetao,W60p0,2,2,-0.25214034047015516,0.25214034047015516
so,W20p0,1,19,-0.2521375139882233,0.2521375139882233
so,W60p0,7,1,0.25185103791437535,0.25185103791437535
so,W30p0,4,15,0.2499773302448801,0.2499773302448801
thetao,W40p0,10,15,-0.24981885331252338,0.24981885331252338
thetao,W60p0,1,3,0.24950170433110794,0.24950170433110794
so,W60p0,2,14,-0.24912874860204082,0.24912874860204082
so,W20p0,8,16,0.24861399773717635,0.24861399773717635
so,W60p0,4,1,0.24854359238788568,0.24854359238788568
so,W40p0,2,9,0.24815518977340192,0.24815518977340192
thetao,W40p0,5,8,0.24764645599847662,0.24764645599847662
so,W30p0,2,20,0.24718825619714208,0.24718825619714208
thetao,W40p0,6,8,-0.24713090838578405,0.24713090838578405
so,W40p0,4,20,0.24684316303754597,0.24684316303754597
thetao,W20p0,6,18,0.24573318967222316,0.24573318967222316
thetao,W20p0,7,17,0.24573059352178678,0.24573059352178678
so,W40p0,5,2,-0.2456825556696176,0.2456825556696176
so,W60p0,2,5,0.245409005015545,0.245409005015545
thetao,W40p0,8,13,0.24529914779361636,0.24529914779361636
thetao,W40p0,2,9,-0.24476447683015107,0.24476447683015107
thetao,W60p0,4,9,-0.2447235836360593,0.2447235836360593
thetao,W30p0,9,14,0.24371066871978425,0.24371066871978425
so,W60p0,3,9,-0.2433559877955652,0.2433559877955652
so,W20p0,7,13,-0.242910992639496,0.242910992639496
so,W40p0,2,10,0.24261478058553562,0.24261478058553562
so,W30p0,8,19,-0.24188060278637674,0.24188060278637674
so,W20p0,3,19,0.240640098914433,0.240640098914433
so,W40p0,7,9,-0.24002867190114544,0.24002867190114544
so,W60p0,3,20,-0.2400216843182543,0.2400216843182543
so,W60p0,1,18,-0.23962705569055923,0.23962705569055923
so,W60p0,1,17,-0.23949744047186244,0.23949744047186244
thetao,W30p0,1,1,-0.2385943156891858,0.2385943156891858
thetao,W60p0,7,8,0.23821792574003758,0.23821792574003758
thetao,W40p0,2,10,-0.2375765624267429,0.2375765624267429
so,W40p0,9,6,-0.23742079410075428,0.23742079410075428
thetao,W40p0,2,8,-0.2373866503718543,0.2373866503718543
thetao,W30p0,1,2,-0.23722029116143517,0.23722029116143517
thetao,W20p0,2,13,0.2369109766155191,0.2369109766155191
thetao,W20p0,2,17,0.23658939492221076,0.23658939492221076
thetao,W10p0,1,4,0.2361784024807242,0.2361784024807242
so,W20p0,7,0,-0.23587335962521117,0.23587335962521117
thetao,W40p0,4,0,-0.23551752966369283,0.23551752966369283
thetao,W60p0,9,3,0.23551204601165204,0.23551204601165204
so,W20p0,6,13,-0.23491956926859225,0.23491956926859225
so,W40p0,2,3,-0.23454864699792535,0.23454864699792535
so,W10p0,1,19,-0.23429820338641244,0.23429820338641244
thetao,W30p0,8,14,-0.23395791893074525,0.23395791893074525
thetao,W40p0,5,2,-0.2327036346884165,0.2327036346884165
thetao,W60p0,8,11,-0.23267784450348342,0.23267784450348342
so,W30p0,5,9,-0.23257074891029925,0.23257074891029925
thetao,W40p0,7,15,-0.23210753808896042,0.23210753808896042
thetao,W60p0,7,7,0.23101494309923779,0.23101494309923779
thetao,W40p0,5,17,-0.2305455077815253,0.2305455077815253
thetao,W40p0,3,10,0.23035423083640222,0.23035423083640222
thetao,W40p0,7,18,-0.23032326739563322,0.23032326739563322
so,W10p0,10,2,0.22990333032293894,0.22990333032293894
so,W30p0,4,16,0.22966619121539508,0.22966619121539508
thetao,W40p0,5,1,-0.22953484991168907,0.22953484991168907
thetao,W60p0,3,13,-0.2291834941003119,0.2291834941003119
so,W10p0,1,18,-0.22867994528250812,0.22867994528250812
thetao,W30p0,10,14,-0.22855238014650653,0.22855238014650653
thetao,W40p0,9,0,0.2284872460242384,0.2284872460242384
so,W40p0,2,1,-0.22843390541777656,0.22843390541777656
thetao,W30p0,3,4,-0.22813473490998326,0.22813473490998326
so,W30p0,8,18,-0.22803051636755722,0.22803051636755722
thetao,W60p0,9,16,-0.22801936216760668,0.22801936216760668
so,W20p0,8,20,0.22772684625016384,0.22772684625016384
thetao,W10p0,10,1,0.22756857326182917,0.22756857326182917
so,W40p0,4,18,0.227406946646817,0.227406946646817
so,W60p0,6,0,0.2268137565390619,0.2268137565390619
so,W60p0,3,5,-0.22673575954494407,0.22673575954494407
so,W30p0,1,8,0.22608518010849257,0.22608518010849257
thetao,W60p0,5,5,0.22577779159526,0.22577779159526
so,W40p0,6,1,-0.22576390337164184,0.22576390337164184
so,W40p0,7,10,-0.2248914538550235,0.2248914538550235
thetao,W60p0,1,14,-0.22431641175632291,0.22431641175632291
thetao,W20p0,6,19,0.2241549433526257,0.2241549433526257
thetao,W20p0,2,6,-0.22295389318446648,0.22295389318446648
thetao,W40p0,7,11,-0.22249254522058476,0.22249254522058476
so,W20p0,8,18,0.22186766704448552,0.22186766704448552
thetao,W10p0,2,7,-0.22053114283411684,0.22053114283411684
thetao,W10p0,1,0,0.2204569774173139,0.2204569774173139
thetao,W10p0,10,2,0.22027407761736043,0.22027407761736043
so,W30p0,10,13,-0.21887007388910126,0.21887007388910126
thetao,W20p0,9,0,0.21833561537461532,0.21833561537461532
thetao,W60p0,7,10,0.21735812672303695,0.21735812672303695
so,W20p0,6,17,-0.21732539107558754,0.21732539107558754
so,W10p0,1,17,-0.21725925085880715,0.21725925085880715
thetao,W40p0,1,18,0.21703400669278083,0.21703400669278083
so,W10p0,10,17,0.21664997937613822,0.21664997937613822
so,W60p0,3,10,-0.216624679686038,0.216624679686038
thetao,W30p0,8,11,-0.21638319862174082,0.21638319862174082
so,W10p0,9,11,-0.21621401493408207,0.21621401493408207
thetao,W10p0,7,20,-0.21615960698694714,0.21615960698694714
thetao,W20p0,10,18,0.2151750801561012,0.2151750801561012
so,W30p0,3,3,0.21508453291759763,0.21508453291759763
so,W60p0,3,19,-0.21481712576402032,0.21481712576402032
thetao,W40p0,7,12,-0.21412388096506643,0.21412388096506643
so,W30p0,8,15,-0.21380686923545686,0.21380686923545686
thetao,W40p0,8,2,0.21378914188277465,0.21378914188277465
thetao,W60p0,1,4,0.2137205301250681,0.2137205301250681
thetao,W10p0,6,16,0.2135115012421985,0.2135115012421985
so,W30p0,10,14,-0.2134062402180174,0.2134062402180174
thetao,W30p0,8,4,-0.21332439902093597,0.21332439902093597
so,W30p0,9,13,0.21318397896805602,0.21318397896805602
so,W40p0,3,6,-0.21315354544514167,0.21315354544514167
so,W40p0,9,8,-0.2131162599965516,0.2131162599965516
so,W40p0,9,0,0.21282433528942268,0.21282433528942268
so,W20p0,9,15,-0.21267871672227184,0.21267871672227184
so,W30p0,8,2,0.21267237743205525,0.21267237743205525
thetao,W30p0,9,0,-0.21244419139984294,0.21244419139984294
so,W10p0,10,1,0.21237475202995887,0.21237475202995887
thetao,W40p0,10,2,0.21230703694906164,0.21230703694906164
thetao,W60p0,5,4,0.21152471280178572,0.21152471280178572
thetao,W30p0,1,8,-0.21138206484291386,0.21138206484291386
thetao,W30p0,1,20,-0.21133599553477792,0.21133599553477792
thetao,W60p0,8,12,-0.21085969088428547,0.21085969088428547
so,W60p0,1,16,-0.21073306913065457,0.21073306913065457
thetao,W20p0,2,4,-0.21038474887927258,0.21038474887927258
so,W20p0,3,2,0.20984507448658773,0.20984507448658773
so,W60p0,9,12,0.20963590046040595,0.20963590046040595
so,W20p0,3,16,0.20944779426347263,0.20944779426347263
thetao,W40p0,3,11,0.20862583437772017,0.20862583437772017
so,W60p0,6,14,0.2085952061760513,0.2085952061760513
thetao,W40p0,3,7,0.20851886068598605,0.20851886068598605
so,W30p0,2,19,0.2084599473811869,0.2084599473811869
thetao,W30p0,4,5,0.2084514516579731,0.2084514516579731
so,W20p0,1,20,-0.20814500849117115,0.20814500849117115
thetao,W40p0,7,10,-0.20724837328784607,0.20724837328784607
so,W60p0,7,2,0.20693311923233407,0.20693311923233407
so,W10p0,9,12,-0.20667272888685712,0.20667272888685712
so,W10p0,4,16,-0.20642669589539522,0.20642669589539522
thetao,W60p0,2,3,-0.206333276129619,0.206333276129619
so,W30p0,1,6,0.20617650161271972,0.20617650161271972
thetao,W40p0,7,13,-0.2058578449681812,0.2058578449681812
thetao,W30p0,2,0,-0.2054625837397346,0.2054625837397346
thetao,W20p0,2,3,-0.2054470485549993,0.2054470485549993
so,W20p0,7,12,-0.2050020066451831,0.2050020066451831
thetao,W10p0,10,0,0.20498942400450773,0.20498942400450773
so,W40p0,9,2,-0.2048938620818314,0.2048938620818314
so,W20p0,8,17,0.20453715195207334,0.20453715195207334
so,W30p0,7,1,-0.20442183388951823,0.20442183388951823
thetao,W30p0,9,19,0.20436300171723432,0.20436300171723432
thetao,W60p0,9,17,-0.20386245653497723,0.20386245653497723
thetao,W30p0,6,14,-0.203288263895351,0.203288263895351
thetao,W40p0,10,3,0.20292864569613947,0.20292864569613947
so,W20p0,5,14,-0.20268814311501446,0.20268814311501446
thetao,W40p0,6,9,-0.20256216911634636,0.20256216911634636
thetao,W40p0,4,8,-0.20197829797491523,0.20197829797491523
so,W10p0,2,4,-0.20194768168829158,0.20194768168829158
thetao,W20p0,3,20,-0.20187667721400873,0.20187667721400873
thetao,W20p0,2,7,-0.20116106948551585,0.20116106948551585
thetao,W30p0,4,2,0.20043240684815672,0.20043240684815672
so,W40p0,4,19,0.20037634759272974,0.20037634759272974
so,W30p0,3,2,0.20017617861682568,0.20017617861682568
thetao,W20p0,9,1,0.20014517816927477,0.20014517816927477
so,W40p0,4,16,0.19987291012702063,0.19987291012702063
thetao,W20p0,1,4,0.1993594698039196,0.1993594698039196
thetao,W60p0,3,14,-0.19899974924220054,0.19899974924220054
so,W20p0,3,4,0.1988065723051681,0.1988065723051681
thetao,W30p0,10,1,-0.19841566818560183,0.19841566818560183
thetao,W30p0,2,16,0.1980995867057116,0.1980995867057116
thetao,W10p0,7,16,0.19775772679778833,0.19775772679778833
so,W10p0,1,4,-0.19767957133614777,0.19767957133614777
thetao,W60p0,7,6,0.1970905464249703,0.1970905464249703
thetao,W10p0,7,15,0.19671393564231757,0.19671393564231757
thetao,W10p0,6,17,0.19599705086630798,0.19599705086630798
so,W30p0,8,17,-0.19588180915929418,0.19588180915929418
so,W30p0,4,0,0.19546040460974504,0.19546040460974504
so,W30p0,6,0,0.19539390195978276,0.19539390195978276
thetao,W10p0,2,8,-0.19494950403394584,0.19494950403394584
thetao,W10p0,5,16,0.19461102336464045,0.19461102336464045
so,W10p0,5,5,-0.1944139647312794,0.1944139647312794
thetao,W20p0,3,19,-0.19435182966258313,0.19435182966258313
thetao,W30p0,6,15,-0.19405708827080664,0.19405708827080664
thetao,W30p0,4,6,0.1939164470996097,0.1939164470996097
thetao,W40p0,3,2,0.19387734105570614,0.19387734105570614
so,W40p0,7,0,-0.19387659691562256,0.19387659691562256
so,W10p0,4,17,-0.1938133027907208,0.1938133027907208
thetao,W40p0,3,1,0.19361761709555494,0.19361761709555494
thetao,W40p0,6,2,0.19359940733073655,0.19359940733073655
thetao,W40p0,2,17,0.19338639406847344,0.19338639406847344
so,W30p0,3,15,0.19321726782081322,0.19321726782081322
thetao,W20p0,5,16,0.1931115167082095,0.1931115167082095
thetao,W30p0,4,7,0.19296181711946064,0.19296181711946064
thetao,W40p0,2,16,0.19246508346599864,0.19246508346599864
thetao,W30p0,10,19,-0.19122028646284933,0.19122028646284933
thetao,W40p0,10,7,0.19105000771160874,0.19105000771160874
thetao,W20p0,7,16,0.19097345840992716,0.19097345840992716
so,W60p0,1,14,-0.19074653208856682,0.19074653208856682
thetao,W30p0,4,14,-0.19052317321953097,0.19052317321953097
thetao,W40p0,4,9,-0.1901640205012366,0.1901640205012366
thetao,W60p0,9,9,-0.19005293140855706,0.19005293140855706
thetao,W40p0,9,10,-0.19004534380776386,0.19004534380776386
so,W30p0,4,4,-0.18993570116842445,0.18993570116842445
so,W40p0,2,8,0.18983896023757377,0.18983896023757377
so,W40p0,6,0,-0.18974479350027745,0.18974479350027745
thetao,W40p0,6,6,-0.18921328373054538,0.18921328373054538
so,W40p0,10,11,0.1886538780756287,0.1886538780756287
so,W60p0,9,0,-0.18854614555564564,0.18854614555564564
so,W60p0,4,18,0.18823268447196945,0.18823268447196945
thetao,W30p0,10,18,-0.18820490297615508,0.18820490297615508
thetao,W30p0,1,19,-0.1880938437530039,0.1880938437530039
thetao,W40p0,2,11,-0.18763086113691121,0.18763086113691121
thetao,W10p0,2,1,0.18701058178002103,0.18701058178002103
thetao,W60p0,4,12,-0.18694425062680442,0.18694425062680442
thetao,W40p0,7,19,-0.18689919000191346,0.18689919000191346
so,W20p0,3,11,-0.18643106536885856,0.18643106536885856
so,W30p0,9,12,0.18625376566710125,0.18625376566710125
so,W20p0,9,19,0.18624867630098949,0.18624867630098949
so,W60p0,5,4,-0.18610104171720404,0.18610104171720404
so,W20p0,10,19,0.18607815037115455,0.18607815037115455
so,W20p0,6,16,-0.1858196974441595,0.1858196974441595
so,W20p0,6,18,-0.18578950849993614,0.18578950849993614
so,W60p0,2,0,0.18577339237971266,0.18577339237971266
so,W60p0,2,15,-0.18564319176603764,0.18564319176603764
so,W30p0,9,14,0.18558300612187523,0.18558300612187523
so,W10p0,4,20,-0.1855686420738821,0.1855686420738821
so,W20p0,6,14,-0.18554373372089072,0.18554373372089072
thetao,W30p0,9,20,0.1850654889943233,0.1850654889943233
thetao,W30p0,9,1,-0.18501233553298727,0.18501233553298727
so,W60p0,7,19,0.18427955440724475,0.18427955440724475
so,W40p0,2,11,0.1834298545580079,0.1834298545580079
thetao,W60p0,9,15,-0.18316846040501555,0.18316846040501555
thetao,W60p0,8,0,0.18300212556060189,0.18300212556060189
so,W30p0,7,18,-0.18270908380680562,0.18270908380680562
so,W20p0,9,16,-0.18245859400225886,0.18245859400225886
so,W20p0,10,1,-0.18240253688320537,0.18240253688320537
so,W20p0,2,15,0.18209673902686466,0.18209673902686466
thetao,W10p0,6,15,0.18180394233926098,0.18180394233926098
thetao,W10p0,10,10,-0.18102380141904514,0.18102380141904514
so,W10p0,4,15,-0.18085456830210483,0.18085456830210483
thetao,W40p0,3,3,0.1806540503175036,0.1806540503175036
so,W40p0,7,8,-0.18009277316676722,0.18009277316676722
thetao,W60p0,7,19,-0.17988099927998125,0.17988099927998125
thetao,W30p0,6,2,-0.1795240734635777,0.1795240734635777
so,W40p0,3,20,-0.17911809760757424,0.17911809760757424
so,W40p0,5,0,-0.17904079044383486,0.17904079044383486
so,W30p0,8,3,0.17887679968645623,0.17887679968645623
thetao,W20p0,10,13,0.17819149054080194,0.17819149054080194
thetao,W20p0,10,0,0.17797713509646435,0.17797713509646435
thetao,W30p0,4,20,-0.1772326038145519,0.1772326038145519
thetao,W20p0,7,11,0.1770506422004525,0.1770506422004525
thetao,W10p0,3,3,0.1766480091906101,0.1766480091906101
so,W20p0,6,20,-0.17661583744830844,0.17661583744830844
so,W10p0,8,20,0.17605549597487,0.17605549597487
so,W40p0,4,6,-0.17523934073021116,0.17523934073021116
thetao,W40p0,6,14,-0.17519032411103555,0.17519032411103555
thetao,W20p0,1,20,0.17518591010833404,0.17518591010833404
thetao,W40p0,5,6,0.1751534348110004,0.1751534348110004
so,W20p0,8,0,-0.1749782489855107,0.1749782489855107
so,W10p0,7,9,0.17484710391208397,0.17484710391208397
so,W30p0,1,9,0.17471422140751977,0.17471422140751977
so,W20p0,6,19,-0.17470794333947307,0.17470794333947307
so,W60p0,9,11,0.17469007552465599,0.17469007552465599
so,W20p0,7,1,-0.1743925297325615,0.1743925297325615
so,W40p0,3,4,-0.1742572320423195,0.1742572320423195
thetao,W20p0,5,20,-0.17400986356969717,0.17400986356969717
so,W20p0,10,18,0.17374282845584466,0.17374282845584466
so,W20p0,6,15,-0.17370215008774081,0.17370215008774081
thetao,W30p0,10,11,-0.17351454411644493,0.17351454411644493
thetao,W40p0,8,3,0.17343454213432488,0.17343454213432488
thetao,W40p0,5,13,-0.17291175327956917,0.17291175327956917
so,W10p0,10,16,0.17270395887886145,0.17270395887886145
thetao,W40p0,7,8,-0.17268951917863365,0.17268951917863365
thetao,W10p0,5,17,0.17228394482094783,0.17228394482094783
so,W60p0,8,19,0.17218899601291454,0.17218899601291454
thetao,W10p0,9,10,0.1721257460335503,0.1721257460335503
so,W10p0,10,0,0.17179551372916968,0.17179551372916968
thetao,W20p0,6,17,0.1717887622935836,0.1717887622935836
thetao,W30p0,10,13,-0.17172530156807375,0.17172530156807375
thetao,W60p0,3,9,-0.1717127367317739,0.1717127367317739
so,W60p0,5,10,0.17104597140610525,0.17104597140610525
so,W10p0,8,0,-0.17098045353804955,0.17098045353804955
so,W10p0,10,3,0.1706980300835375,0.1706980300835375
so,W40p0,1,15,-0.17067853667151767,0.17067853667151767
so,W40p0,1,18,-0.1706748032268555,0.1706748032268555
thetao,W40p0,7,9,-0.17044867976534225,0.17044867976534225
thetao,W20p0,3,18,-0.17015304521870983,0.17015304521870983
so,W10p0,10,4,0.17015102385171382,0.17015102385171382
thetao,W60p0,3,10,-0.16923329231414908,0.16923329231414908
thetao,W40p0,6,3,0.16923181558844744,0.16923181558844744
thetao,W30p0,6,16,-0.16919929369584166,0.16919929369584166
thetao,W10p0,2,15,0.16912012190740694,0.16912012190740694
so,W30p0,10,0,0.16906434119857716,0.16906434119857716
so,W60p0,10,11,0.1689398988275899,0.1689398988275899
thetao,W40p0,8,17,0.1689136009166142,0.1689136009166142
thetao,W40p0,1,3,0.1688867666991224,0.1688867666991224
thetao,W30p0,10,15,-0.16876981078279105,0.16876981078279105
thetao,W30p0,5,11,0.16874631055372424,0.16874631055372424
so,W20p0,7,11,-0.1686931262769319,0.1686931262769319
so,W60p0,4,10,0.16863985362942754,0.16863985362942754
thetao,W40p0,3,6,0.16852328419623136,0.16852328419623136
thetao,W20p0,2,18,0.1681750295197858,0.1681750295197858
so,W60p0,4,17,0.16803792036969115,0.16803792036969115
thetao,W30p0,10,12,-0.16803777314205123,0.16803777314205123
so,W60p0,7,17,0.16789741092096172,0.16789741092096172
thetao,W30p0,6,6,-0.16775908433321604,0.16775908433321604
thetao,W40p0,6,10,-0.16756549307061094,0.16756549307061094
so,W40p0,5,8,0.16739512102524154,0.16739512102524154
so,W20p0,7,10,-0.1673270258675985,0.1673270258675985
so,W60p0,7,16,0.16727547606583415,0.16727547606583415
so,W30p0,7,6,-0.16716620468657645,0.16716620468657645
thetao,W60p0,4,18,-0.1669347911086867,0.1669347911086867
thetao,W20p0,7,9,0.16690373399972674,0.16690373399972674
so,W60p0,1,0,0.16601211641246308,0.16601211641246308
so,W40p0,7,11,-0.16594983758084605,0.16594983758084605
so,W20p0,7,16,0.1657486752872475,0.1657486752872475
thetao,W40p0,5,9,0.16554517192788046,0.16554517192788046
thetao,W30p0,4,19,-0.16549956747662153,0.16549956747662153
so,W20p0,6,12,-0.1654275729169775,0.1654275729169775
so,W20p0,7,14,-0.16518634864717924,0.16518634864717924
thetao,W40p0,10,8,0.16501172790395977,0.16501172790395977
so,W30p0,9,9,-0.16499081296748522,0.16499081296748522
so,W30p0,9,8,-0.16475072063477808,0.16475072063477808
thetao,W20p0,6,0,-0.16472745791166638,0.16472745791166638
so,W60p0,1,15,-0.1646892694162149,0.1646892694162149
thetao,W40p0,9,4,0.16466954006221363,0.16466954006221363
thetao,W60p0,5,10,-0.16444243847778872,0.16444243847778872
thetao,W60p0,4,0,0.16433222184074686,0.16433222184074686
so,W60p0,7,0,0.16423864939081156,0.16423864939081156
so,W20p0,2,0,0.1640399921829132,0.1640399921829132
thetao,W20p0,7,10,0.1639086001605363,0.1639086001605363
thetao,W30p0,3,15,-0.16379570514061015,0.16379570514061015
so,W10p0,1,3,-0.1632150822858456,0.1632150822858456
so,W40p0,3,19,-0.16287773595461016,0.16287773595461016
thetao,W30p0,10,20,-0.16275114445378522,0.16275114445378522
so,W60p0,1,13,-0.1627229392111679,0.1627229392111679
so,W10p0,9,13,-0.16237324623490162,0.16237324623490162
thetao,W20p0,7,7,0.16227586787993944,0.16227586787993944
so,W30p0,8,5,0.16220366983128268,0.16220366983128268
thetao,W60p0,9,8,-0.16212374173984492,0.16212374173984492
so,W20p0,5,4,-0.16210381609478347,0.16210381609478347
so,W30p0,4,5,-0.1618776143721976,0.1618776143721976
so,W20p0,5,20,0.16182044889227426,0.16182044889227426
so,W40p0,1,14,-0.16157004139623746,0.16157004139623746
thetao,W30p0,3,3,-0.16119787289607368,0.16119787289607368
thetao,W60p0,2,1,-0.16064852440470365,0.16064852440470365
thetao,W30p0,5,19,0.1605342179456181,0.1605342179456181
thetao,W40p0,1,15,0.16044226884796567,0.16044226884796567
so,W60p0,6,13,0.16040883928612626,0.16040883928612626
thetao,W30p0,4,4,0.16036064156431057,0.16036064156431057
thetao,W10p0,7,17,0.1603220902634655,0.1603220902634655
thetao,W60p0,5,19,-0.16024637527264424,0.16024637527264424
thetao,W30p0,5,20,0.1599831104551417,0.1599831104551417
thetao,W60p0,10,0,-0.15973076316033408,0.15973076316033408
thetao,W10p0,3,10,-0.1596678968636806,0.1596678968636806
thetao,W20p0,6,5,-0.159466033688508,0.159466033688508
thetao,W40p0,10,9,0.15928308369305338,0.15928308369305338
thetao,W60p0,6,14,0.15918672823351218,0.15918672823351218
so,W40p0,2,12,0.1591548371957371,0.1591548371957371
thetao,W60p0,1,15,-0.15910452627811025,0.15910452627811025
thetao,W40p0,7,20,-0.15878374118857366,0.15878374118857366
so,W40p0,8,2,-0.15873158711038576,0.15873158711038576
so,W60p0,8,13,-0.15865182583342916,0.15865182583342916
so,W10p0,6,11,-0.1583448156843003,0.1583448156843003
thetao,W20p0,10,1,0.1575855753161299,0.1575855753161299
thetao,W20p0,2,8,-0.1575473294118287,0.1575473294118287
so,W10p0,4,19,-0.15742781248009804,0.15742781248009804
so,W20p0,2,1,0.15697581035394065,0.15697581035394065
so,W40p0,1,3,-0.1569387334982009,0.1569387334982009
so,W60p0,3,18,-0.15638115276219744,0.15638115276219744
thetao,W20p0,2,2,-0.1560061270567492,0.1560061270567492
so,W20p0,10,20,0.15592625398476118,0.15592625398476118
thetao,W30p0,6,5,-0.15590701447633815,0.15590701447633815
thetao,W30p0,6,1,-0.15580243310841915,0.15580243310841915
so,W30p0,8,1,0.15576642067078997,0.15576642067078997
thetao,W10p0,2,6,-0.15572337636503109,0.15572337636503109
so,W30p0,8,0,0.15568096443428345,0.15568096443428345
thetao,W20p0,7,8,0.15557236181492348,0.15557236181492348
so,W20p0,1,11,-0.15539014782515229,0.15539014782515229
thetao,W60p0,2,14,0.15487298022819104,0.15487298022819104
thetao,W20p0,6,6,-0.15463381912108973,0.15463381912108973
thetao,W40p0,8,12,0.15445870154346916,0.15445870154346916
so,W40p0,7,3,-0.1541207068272345,0.1541207068272345
thetao,W10p0,10,9,-0.15410427642449998,0.15410427642449998
so,W20p0,9,18,0.15393503036110892,0.15393503036110892
thetao,W40p0,9,15,-0.15378721936316211,0.15378721936316211
so,W60p0,10,20,0.15354125686109085,0.15354125686109085
thetao,W40p0,6,13,-0.15307888020573415,0.15307888020573415
so,W60p0,4,7,0.15290923622107877,0.15290923622107877
so,W20p0,7,17,0.1526483456362316,0.1526483456362316
thetao,W10p0,4,18,0.15256257164160664,0.15256257164160664
thetao,W40p0,5,18,-0.15201404250581177,0.15201404250581177
so,W60p0,4,19,0.15190972266155106,0.15190972266155106
thetao,W60p0,7,18,-0.15188131275730207,0.15188131275730207
thetao,W10p0,8,2,-0.15188013368700606,0.15188013368700606
so,W40p0,10,5,-0.15181433314555526,0.15181433314555526
thetao,W30p0,4,18,-0.1517601645745905,0.1517601645745905
so,W60p0,8,14,-0.15172612054224718,0.15172612054224718
so,W40p0,1,16,-0.15164592069471586,0.15164592069471586
so,W20p0,3,10,-0.15108810786168161,0.15108810786168161
thetao,W20p0,9,19,0.15106834927465293,0.15106834927465293
so,W10p0,8,19,0.15102807946029287,0.15102807946029287
so,W10p0,7,20,0.15094582437825604,0.15094582437825604
so,W40p0,5,9,0.1509433230581195,0.1509433230581195
so,W30p0,4,14,0.15065321628496092,0.15065321628496092
so,W60p0,5,9,0.15050841945968899,0.15050841945968899
thetao,W40p0,9,9,-0.1503786681021552,0.1503786681021552
so,W40p0,1,13,-0.14987706341918186,0.14987706341918186
so,W10p0,8,16,0.14959015094966605,0.14959015094966605
so,W60p0,4,2,0.14944191081044755,0.14944191081044755
thetao,W30p0,4,15,-0.14943306508500398,0.14943306508500398
thetao,W60p0,6,8,-0.14931754592049779,0.14931754592049779
thetao,W60p0,3,0,-0.1493083690238319,0.1493083690238319
so,W10p0,4,10,0.14922205561451155,0.14922205561451155
so,W40p0,2,4,-0.1489824008580247,0.1489824008580247
thetao,W60p0,6,15,0.14875089723424045,0.14875089723424045
so,W20p0,2,16,0.14868244429877406,0.14868244429877406
thetao,W10p0,3,4,0.14860945140932993,0.14860945140932993
so,W30p0,1,5,0.1480776948268674,0.1480776948268674
so,W60p0,10,5,-0.14802237501467017,0.14802237501467017
thetao,W20p0,7,12,0.14795982222293333,0.14795982222293333
so,W30p0,7,14,-0.1478382514066206,0.1478382514066206
thetao,W20p0,8,6,-0.14744596363437856,0.14744596363437856
thetao,W40p0,3,5,0.14741657295945568,0.14741657295945568
so,W30p0,2,18,0.14736286071515706,0.14736286071515706
thetao,W40p0,1,4,0.14728712728032128,0.14728712728032128
so,W10p0,8,1,-0.1471884331191839,0.1471884331191839
thetao,W40p0,2,18,0.14714987904299534,0.14714987904299534
so,W40p0,4,5,-0.14708371062581033,0.14708371062581033
so,W30p0,5,19,0.1469068161759705,0.1469068161759705
so,W40p0,8,14,0.1467814867162861,0.1467814867162861
thetao,W60p0,5,1,-0.14646542588086067,0.14646542588086067
thetao,W60p0,7,5,0.14627930021056218,0.14627930021056218
so,W10p0,8,18,0.14625091361012815,0.14625091361012815
so,W60p0,1,1,0.14619190775196572,0.14619190775196572
thetao,W10p0,8,1,-0.14591634326692718,0.14591634326692718
so,W10p0,6,10,-0.14544675296090034,0.14544675296090034
so,W10p0,7,8,0.14542914118737743,0.14542914118737743
thetao,W30p0,10,16,-0.14519215351046924,0.14519215351046924
thetao,W10p0,5,15,0.14518975395224454,0.14518975395224454
thetao,W40p0,5,3,-0.14499559826391303,0.14499559826391303
so,W20p0,8,14,0.144885033952294,0.144885033952294
so,W60p0,8,18,0.14486408673603154,0.14486408673603154
thetao,W30p0,6,3,-0.14445717706667985,0.14445717706667985
so,W30p0,10,1,0.14445207272764857,0.14445207272764857
so,W20p0,8,2,0.14437814811340705,0.14437814811340705
so,W30p0,1,0,-0.14431128444704336,0.14431128444704336
so,W20p0,3,1,0.14428705010812284,0.14428705010812284
thetao,W40p0,6,12,-0.14422114277991227,0.14422114277991227
so,W30p0,7,13,-0.1441438461484535,0.1441438461484535
thetao,W10p0,3,5,0.14370732750630127,0.14370732750630127
so,W40p0,10,17,0.1434642630904185,0.1434642630904185
so,W60p0,8,17,0.14316544421421667,0.14316544421421667
so,W40p0,3,1,-0.14299712088002806,0.14299712088002806
thetao,W60p0,4,5,-0.14277538933457812,0.14277538933457812
thetao,W60p0,4,13,-0.14270084475119835,0.14270084475119835
thetao,W40p0,1,14,0.1426986782426469,0.1426986782426469
so,W30p0,7,5,-0.1426576759670853,0.1426576759670853
so,W40p0,8,1,-0.14247372594058225,0.14247372594058225
so,W20p0,9,14,-0.14230849401930495,0.14230849401930495
thetao,W10p0,3,9,-0.14225749206534075,0.14225749206534075
thetao,W20p0,7,15,0.14224444314079665,0.14224444314079665
so,W60p0,4,8,0.14215729171000097,0.14215729171000097
thetao,W30p0,8,5,-0.14195145996425632,0.14195145996425632
thetao,W10p0,3,0,-0.14191425169996397,0.14191425169996397
thetao,W20p0,9,9,-0.14170125277006693,0.14170125277006693
thetao,W10p0,7,1,-0.1416379131590846,0.1416379131590846
so,W10p0,5,6,-0.14123837379207252,0.14123837379207252
so,W30p0,1,10,0.14109027543016486,0.14109027543016486
so,W60p0,5,5,-0.14108229180235335,0.14108229180235335
thetao,W30p0,6,4,-0.14107523641461034,0.14107523641461034
so,W10p0,1,5,-0.14104290976057313,0.14104290976057313
thetao,W60p0,6,16,0.140994120882469,0.140994120882469
thetao,W30p0,4,1,0.14080904531955507,0.14080904531955507
so,W10p0,5,1,-0.1401500670964226,0.1401500670964226
so,W10p0,9,10,-0.14007564307891165,0.14007564307891165
thetao,W20p0,5,15,0.140057308536427,0.140057308536427
thetao,W20p0,5,17,0.13997571249584667,0.13997571249584667
so,W10p0,6,9,-0.13992050286000518,0.13992050286000518
so,W60p0,5,3,-0.13954352211919985,0.13954352211919985
thetao,W10p0,1,5,0.13935648529744615,0.13935648529744615
thetao,W60p0,2,4,-0.13912458281469062,0.13912458281469062
so,W40p0,2,7,0.1390944257418378,0.1390944257418378
thetao,W40p0,4,7,-0.13907465368061472,0.13907465368061472
so,W10p0,4,1,-0.1389329097243584,0.1389329097243584
thetao,W60p0,3,1,-0.13892003221400234,0.13892003221400234
so,W60p0,8,16,0.138838237996173,0.138838237996173
thetao,W20p0,1,10,-0.13852019326396567,0.13852019326396567
so,W40p0,9,19,0.1384979789290152,0.1384979789290152
thetao,W30p0,8,1,-0.1383280735002476,0.1383280735002476
thetao,W60p0,8,1,0.1382925213643315,0.1382925213643315
so,W40p0,2,14,0.1379730692160855,0.1379730692160855
so,W30p0,2,12,0.13793486598629986,0.13793486598629986
thetao,W20p0,7,2,0.13777888795922236,0.13777888795922236
so,W40p0,9,3,-0.1375321249974805,0.1375321249974805
thetao,W60p0,9,10,-0.13727616714584687,0.13727616714584687
so,W40p0,1,0,0.13713341535031598,0.13713341535031598
thetao,W20p0,6,13,-0.13675353238261728,0.13675353238261728
thetao,W10p0,10,3,0.13674409009103866,0.13674409009103866
so,W40p0,10,6,-0.1366599267781229,0.1366599267781229
thetao,W20p0,6,1,-0.13664691607266966,0.13664691607266966
so,W60p0,1,19,-0.13651862920924204,0.13651862920924204
thetao,W10p0,3,11,-0.13651386718355207,0.13651386718355207
so,W10p0,6,7,-0.13598844895210074,0.13598844895210074
so,W10p0,6,18,-0.13598273905244032,0.13598273905244032
thetao,W10p0,10,13,-0.13587628941393853,0.13587628941393853
thetao,W40p0,8,6,-0.13575621987836517,0.13575621987836517
thetao,W30p0,6,0,-0.13572152562507653,0.13572152562507653
so,W20p0,10,2,-0.13568585021975924,0.13568585021975924
so,W60p0,10,12,0.13561082370291516,0.13561082370291516
so,W10p0,9,0,0.13559837871434546,0.13559837871434546
thetao,W10p0,10,18,0.1355450408627814,0.1355450408627814
so,W40p0,6,19,0.13534641070463616,0.13534641070463616
so,W30p0,4,3,-0.13511957038899108,0.13511957038899108
so,W40p0,2,13,0.13487570570293936,0.13487570570293936
so,W60p0,3,0,0.13479100328479554,0.13479100328479554
so,W10p0,2,5,-0.13465170630090545,0.13465170630090545
thetao,W40p0,10,1,0.1343317327298289,0.1343317327298289
thetao,W40p0,5,11,-0.1343152275777368,0.1343152275777368
thetao,W20p0,1,11,-0.1343101009255381,0.1343101009255381
thetao,W10p0,6,6,0.13430799232123997,0.13430799232123997
so,W30p0,9,15,0.13425557977332161,0.13425557977332161
thetao,W30p0,3,20,0.13424907234110892,0.13424907234110892
thetao,W60p0,5,0,-0.13387973546779627,0.13387973546779627
so,W60p0,2,13,-0.13383621795470346,0.13383621795470346
so,W60p0,10,19,0.1338285433141833,0.1338285433141833
thetao,W60p0,1,0,0.13380014352554306,0.13380014352554306
thetao,W30p0,10,2,-0.13370009883994868,0.13370009883994868
thetao,W40p0,6,15,-0.13356300570201737,0.13356300570201737
so,W60p0,1,9,-0.1335205029520945,0.1335205029520945
so,W30p0,7,19,-0.13348584606437658,0.13348584606437658
so,W40p0,6,2,-0.13345944307032223,0.13345944307032223
so,W40p0,5,3,-0.1334363833530339,0.1334363833530339
thetao,W60p0,9,20,0.13340644228013382,0.13340644228013382
thetao,W40p0,6,11,-0.13334414236481681,0.13334414236481681
so,W30p0,8,8,0.13331806272297164,0.13331806272297164
so,W20p0,10,0,-0.13326525444858192,0.13326525444858192
so,W30p0,8,10,0.13324831856268005,0.13324831856268005
thetao,W60p0,6,19,0.13317013725444732,0.13317013725444732
thetao,W40p0,5,19,-0.133062283827855,0.133062283827855
so,W30p0,6,18,0.13290717553656586,0.13290717553656586
so,W20p0,5,5,-0.13274371272242497,0.13274371272242497
thetao,W40p0,10,19,-0.13250061422397744,0.13250061422397744
so,W20p0,6,1,0.13242039701325006,0.13242039701325006
thetao,W30p0,5,4,-0.13241236927509598,0.13241236927509598
thetao,W20p0,9,8,-0.13236025693957718,0.13236025693957718
so,W30p0,7,4,-0.1322969472889199,0.1322969472889199
so,W10p0,8,4,0.13188312100391691,0.13188312100391691
so,W10p0,8,17,0.13187531980513031,0.13187531980513031
thetao,W10p0,6,14,0.13161269951016472,0.13161269951016472
thetao,W10p0,6,5,0.1313685391645654,0.1313685391645654
so,W10p0,4,18,-0.13122012764749083,0.13122012764749083
thetao,W10p0,1,17,0.13120295162537657,0.13120295162537657
thetao,W40p0,2,15,0.13113397306693128,0.13113397306693128
so,W30p0,3,0,-0.1305814387601687,0.1305814387601687
so,W10p0,10,18,0.13055045124085807,0.13055045124085807
thetao,W30p0,5,1,0.13052663607866577,0.13052663607866577
so,W10p0,4,14,-0.1305179440459409,0.1305179440459409
so,W30p0,10,12,-0.13028919402276595,0.13028919402276595
thetao,W40p0,9,7,-0.13026084171091312,0.13026084171091312
so,W10p0,8,15,0.1300627097640366,0.1300627097640366
thetao,W60p0,2,15,0.13001694998229038,0.13001694998229038
so,W10p0,9,2,0.12925312295100364,0.12925312295100364
so,W30p0,6,14,0.12914788065385385,0.12914788065385385
so,W60p0,10,1,-0.12908542645436316,0.12908542645436316
so,W20p0,7,2,-0.12876919605116988,0.12876919605116988
thetao,W40p0,9,11,-0.12821314439756326,0.12821314439756326
thetao,W40p0,10,0,0.1281902143664595,0.1281902143664595
thetao,W10p0,8,20,0.12818300467311752,0.12818300467311752
thetao,W20p0,8,8,-0.12810913964390755,0.12810913964390755
so,W20p0,2,9,-0.12790288847271886,0.12790288847271886
so,W40p0,9,5,-0.12785257539342715,0.12785257539342715
so,W60p0,6,15,0.12755836353679534,0.12755836353679534
so,W10p0,10,15,0.12734111851669389,0.12734111851669389
thetao,W60p0,1,13,-0.12727248054396761,0.12727248054396761
so,W30p0,9,1,-0.127256668714724,0.127256668714724
so,W30p0,6,17,0.12706068719293362,0.12706068719293362
thetao,W60p0,6,20,0.12699061970004835,0.12699061970004835
thetao,W20p0,6,7,-0.12694570320257845,0.12694570320257845
so,W10p0,9,15,0.12652497423591008,0.12652497423591008
thetao,W40p0,3,12,0.12615111036233917,0.12615111036233917
thetao,W40p0,9,16,-0.12613608070392524,0.12613608070392524
thetao,W40p0,1,16,0.1261284346258422,0.1261284346258422
thetao,W30p0,5,5,-0.12587524128915747,0.12587524128915747
so,W10p0,6,16,-0.12572218659714587,0.12572218659714587
thetao,W30p0,2,1,-0.1256503830724095,0.1256503830724095
so,W10p0,6,8,-0.12542582192552953,0.12542582192552953
thetao,W40p0,10,6,0.12527591609126865,0.12527591609126865
so,W10p0,7,12,0.12526696124563202,0.12526696124563202
so,W20p0,8,11,0.12524704912310167,0.12524704912310167
so,W10p0,1,16,-0.12480893170898663,0.12480893170898663
so,W30p0,3,4,0.12476923013631024,0.12476923013631024
thetao,W10p0,5,18,0.12459503117136171,0.12459503117136171
so,W40p0,3,2,-0.12426475197571717,0.12426475197571717
so,W20p0,5,12,0.12410181143750972,0.12410181143750972
thetao,W40p0,3,18,-0.12403833537787723,0.12403833537787723
thetao,W40p0,5,16,-0.12402637985760628,0.12402637985760628
thetao,W10p0,2,5,-0.12394215277430014,0.12394215277430014
thetao,W10p0,2,14,0.12392509619722082,0.12392509619722082
so,W40p0,1,8,-0.12382359528620218,0.12382359528620218
so,W40p0,3,7,-0.12369201799057149,0.12369201799057149
thetao,W30p0,1,9,-0.12357030163070606,0.12357030163070606
thetao,W10p0,9,20,-0.12346625370815724,0.12346625370815724
so,W60p0,1,4,-0.12344664893982353,0.12344664893982353
thetao,W60p0,7,16,-0.12336221823727163,0.12336221823727163
thetao,W20p0,2,9,-0.12276110181300044,0.12276110181300044
so,W60p0,9,18,0.1225834624983336,0.1225834624983336
so,W40p0,9,18,0.12252952838924668,0.12252952838924668
thetao,W10p0,3,20,-0.12245750216948947,0.12245750216948947
thetao,W10p0,7,6,-0.12233325643771834,0.12233325643771834
thetao,W30p0,10,17,-0.12223994690590279,0.12223994690590279
so,W10p0,8,8,0.12215009631463657,0.12215009631463657
so,W60p0,10,4,-0.12210488949055534,0.12210488949055534
so,W60p0,7,18,0.12202444386343525,0.12202444386343525
thetao,W20p0,7,3,0.1219141080300334,0.1219141080300334
so,W60p0,8,1,-0.12187358782360481,0.12187358782360481
so,W10p0,6,6,-0.12181508803582515,0.12181508803582515
thetao,W30p0,9,8,0.12165210756761133,0.12165210756761133
so,W40p0,5,20,0.12145124870903884,0.12145124870903884
thetao,W60p0,9,4,0.12140791974225772,0.12140791974225772
thetao,W20p0,3,17,-0.12125678775495818,0.12125678775495818
thetao,W40p0,10,4,0.12106150985442744,0.12106150985442744
thetao,W40p0,8,18,0.12077703628161235,0.12077703628161235
thetao,W60p0,1,5,0.12071795615570304,0.12071795615570304
thetao,W20p0,1,19,0.12065985106161352,0.12065985106161352
so,W30p0,4,17,0.12050780615885003,0.12050780615885003
thetao,W10p0,7,14,0.12038033467800362,0.12038033467800362
so,W20p0,4,11,0.12020812745019478,0.12020812745019478
thetao,W30p0,5,18,0.12010487028852362,0.12010487028852362
thetao,W40p0,10,12,-0.11980214117517551,0.11980214117517551
so,W30p0,5,20,0.11963997184283275,0.11963997184283275
so,W60p0,2,11,0.11949805757511535,0.11949805757511535
thetao,W20p0,1,5,0.11939248111385421,0.11939248111385421
so,W30p0,8,4,0.11929427216536641,0.11929427216536641
so,W60p0,4,6,0.11926689348287721,0.11926689348287721
so,W10p0,5,20,-0.119034071848,0.119034071848
thetao,W20p0,1,9,-0.11902180590843388,0.11902180590843388
so,W60p0,9,19,0.11884764329514877,0.11884764329514877
thetao,W40p0,10,10,0.11876922547171866,0.11876922547171866
so,W60p0,7,3,0.11866716292697227,0.11866716292697227
thetao,W30p0,4,17,-0.11840343127517185,0.11840343127517185
so,W40p0,9,15,0.11793271285685972,0.11793271285685972
thetao,W30p0,5,7,-0.11784819848199508,0.11784819848199508
so,W30p0,1,11,0.11780540261942185,0.11780540261942185
thetao,W30p0,2,4,0.11775156808643719,0.11775156808643719
so,W30p0,3,7,0.11769825352896472,0.11769825352896472
thetao,W40p0,4,20,-0.11752885729080709,0.11752885729080709
so,W20p0,9,10,0.11747427901626524,0.11747427901626524
so,W40p0,9,16,0.11742620474039028,0.11742620474039028
so,W20p0,10,9,0.11734336057832881,0.11734336057832881
so,W40p0,5,7,0.11733900340648108,0.11733900340648108
so,W20p0,2,18,-0.11729427272180797,0.11729427272180797
thetao,W10p0,3,12,-0.11671182025623138,0.11671182025623138
so,W10p0,5,4,-0.1165482857600752,0.1165482857600752
so,W30p0,5,8,-0.1163452351678972,0.1163452351678972
so,W40p0,1,4,-0.11630828037749648,0.11630828037749648
thetao,W10p0,9,7,-0.1162740183898505,0.1162740183898505
thetao,W20p0,9,2,0.11624436338023032,0.11624436338023032
thetao,W20p0,5,19,-0.11623070897572056,0.11623070897572056
so,W40p0,1,5,-0.11595615727760737,0.11595615727760737
so,W40p0,4,0,0.11585964658808529,0.11585964658808529
thetao,W20p0,8,7,-0.115803796745365,0.115803796745365
thetao,W60p0,2,20,0.11567276624801977,0.11567276624801977
so,W40p0,8,15,0.1156146156497184,0.1156146156497184
so,W20p0,7,3,-0.11544149404768357,0.11544149404768357
thetao,W10p0,2,9,-0.11540654253255586,0.11540654253255586
thetao,W10p0,9,15,-0.11520683370604028,0.11520683370604028
so,W40p0,4,8,-0.11491244274648928,0.11491244274648928
thetao,W10p0,7,9,-0.11479667928961962,0.11479667928961962
so,W20p0,7,4,-0.11464936935753217,0.11464936935753217
so,W60p0,10,10,0.11422810204899383,0.11422810204899383
thetao,W30p0,10,0,-0.114221835282357,0.114221835282357
so,W60p0,3,4,-0.11418978659333223,0.11418978659333223
thetao,W10p0,9,5,-0.11404444528146841,0.11404444528146841
so,W30p0,8,9,0.11379727646939493,0.11379727646939493
thetao,W60p0,10,14,0.11367287156988182,0.11367287156988182
thetao,W10p0,3,2,0.11366589708104383,0.11366589708104383
thetao,W60p0,5,3,0.11356867576764872,0.11356867576764872
thetao,W40p0,1,5,0.1135425985347098,0.1135425985347098
so,W20p0,10,17,0.11327383922979263,0.11327383922979263
thetao,W20p0,10,12,0.11276728688262408,0.11276728688262408
so,W10p0,3,18,-0.11266576723021572,0.11266576723021572
so,W10p0,4,9,0.11232159611698227,0.11232159611698227
thetao,W30p0,8,10,-0.11221656461786922,0.11221656461786922
thetao,W20p0,6,12,-0.11209422897747387,0.11209422897747387
thetao,W60p0,3,12,-0.11190736334255691,0.11190736334255691
thetao,W10p0,9,17,-0.11189886467264248,0.11189886467264248
thetao,W40p0,2,20,0.11178564443631674,0.11178564443631674
thetao,W30p0,1,18,-0.11175044350999162,0.11175044350999162
thetao,W20p0,3,7,0.11145907573324046,0.11145907573324046
so,W20p0,2,8,-0.11145557303918846,0.11145557303918846
thetao,W30p0,3,12,-0.11142419707832561,0.11142419707832561
so,W40p0,4,15,0.11132480488444216,0.11132480488444216
thetao,W40p0,4,12,-0.11116931000339297,0.11116931000339297
thetao,W20p0,6,20,0.11103030724929869,0.11103030724929869
thetao,W20p0,8,2,0.11096949407679653,0.11096949407679653
so,W10p0,6,15,-0.11093947574786801,0.11093947574786801
so,W20p0,9,7,-0.11069169907083339,0.11069169907083339
thetao,W40p0,9,5,0.11053360055662972,0.11053360055662972
thetao,W40p0,4,10,-0.1103949265130098,0.1103949265130098
so,W60p0,2,10,0.11037755480177898,0.11037755480177898
thetao,W60p0,6,17,0.11031399538214942,0.11031399538214942
thetao,W40p0,3,14,0.10989061449530989,0.10989061449530989
thetao,W20p0,5,12,-0.10985502294098053,0.10985502294098053
thetao,W10p0,3,16,-0.10982950997620868,0.10982950997620868
thetao,W60p0,2,12,-0.10957041995733093,0.10957041995733093
so,W30p0,6,11,-0.10922137362357794,0.10922137362357794
so,W60p0,1,5,-0.10913800472933359,0.10913800472933359
thetao,W60p0,7,20,-0.10907837495466267,0.10907837495466267
so,W40p0,1,12,-0.10882938964660771,0.10882938964660771
so,W20p0,10,3,-0.10878692951352023,0.10878692951352023
so,W40p0,5,19,0.10877916259253517,0.10877916259253517
so,W40p0,9,9,-0.10843865763663008,0.10843865763663008
so,W60p0,2,9,0.10842855446523547,0.10842855446523547
thetao,W20p0,1,12,-0.10827332125712695,0.10827332125712695
thetao,W20p0,10,11,0.10811886911673028,0.10811886911673028
thetao,W40p0,1,17,0.10811811186420213,0.10811811186420213
thetao,W10p0,10,14,-0.10808943979739995,0.10808943979739995
thetao,W60p0,9,18,-0.10795278876575692,0.10795278876575692
thetao,W30p0,8,15,-0.10788176715078376,0.10788176715078376
so,W40p0,1,2,-0.10777991604829258,0.10777991604829258
so,W30p0,6,19,0.10721909390944491,0.10721909390944491
so,W60p0,4,9,0.10701730600096711,0.10701730600096711
so,W20p0,6,9,-0.10693833130339193,0.10693833130339193
so,W10p0,3,19,-0.10693242708373193,0.10693242708373193
so,W10p0,7,10,0.10691069393823963,0.10691069393823963
thetao,W60p0,5,18,-0.10663308706536655,0.10663308706536655
thetao,W40p0,8,9,0.1062701118049962,0.1062701118049962
thetao,W20p0,3,1,0.10615085099053755,0.10615085099053755
thetao,W20p0,3,0,-0.10604798012163588,0.10604798012163588
thetao,W20p0,5,11,-0.10599283706450843,0.10599283706450843
so,W30p0,6,9,-0.10594994964022852,0.10594994964022852
thetao,W60p0,7,11,0.10591079787197026,0.10591079787197026
thetao,W40p0,2,19,0.10588411901513438,0.10588411901513438
thetao,W60p0,6,4,-0.1057092978663035,0.1057092978663035
thetao,W60p0,6,1,0.10559195210775066,0.10559195210775066
thetao,W40p0,4,17,-0.10545332843332877,0.10545332843332877
so,W40p0,2,18,-0.10533137772265401,0.10533137772265401
thetao,W10p0,3,13,-0.10512347626792459,0.10512347626792459
so,W60p0,10,13,0.10493832737386638,0.10493832737386638
thetao,W40p0,2,0,-0.10470628506885203,0.10470628506885203
thetao,W20p0,5,10,-0.10466199076721522,0.10466199076721522
thetao,W10p0,9,18,-0.1046428993657889,0.1046428993657889
so,W30p0,2,2,0.10445276939772306,0.10445276939772306
so,W40p0,5,17,0.10444297949929061,0.10444297949929061
thetao,W20p0,9,16,0.1044193660660398,0.1044193660660398
thetao,W60p0,7,15,-0.10441772471428695,0.10441772471428695
so,W40p0,2,15,0.10438928901082836,0.10438928901082836
thetao,W30p0,5,6,-0.10423515231600114,0.10423515231600114
so,W40p0,3,3,-0.10421826070041358,0.10421826070041358
so,W20p0,2,2,0.10417184712724352,0.10417184712724352
so,W60p0,8,2,-0.10396790324765141,0.10396790324765141
thetao,W20p0,7,6,0.10376359345218701,0.10376359345218701
thetao,W20p0,3,8,0.1037618112842724,0.1037618112842724
so,W10p0,8,11,-0.10362191507320864,0.10362191507320864
thetao,W10p0,6,2,-0.10356382611365873,0.10356382611365873
thetao,W20p0,9,18,0.10356344859575357,0.10356344859575357
thetao,W20p0,5,5,0.10338292652484139,0.10338292652484139
thetao,W60p0,4,17,-0.10332644580421163,0.10332644580421163
so,W30p0,1,20,0.10323904086602163,0.10323904086602163
so,W30p0,7,7,-0.10322416047497104,0.10322416047497104
thetao,W30p0,6,17,-0.10320323497373415,0.10320323497373415
so,W20p0,3,0,0.10314988335223575,0.10314988335223575
so,W60p0,6,1,0.10294662935234915,0.10294662935234915
so,W30p0,5,17,-0.10291970824223207,0.10291970824223207
thetao,W20p0,1,16,0.10283845422732679,0.10283845422732679
thetao,W20p0,1,17,0.10277710914730619,0.10277710914730619
so,W60p0,4,16,0.10255654088640422,0.10255654088640422
thetao,W40p0,3,19,-0.10251850830576632,0.10251850830576632
so,W10p0,5,7,-0.10247312246610901,0.10247312246610901
so,W20p0,6,8,-0.10238917117109442,0.10238917117109442
thetao,W40p0,1,13,0.10236059149836986,0.10236059149836986
so,W40p0,8,11,-0.10235139781878613,0.10235139781878613
so,W30p0,7,17,-0.10178622736779727,0.10178622736779727
so,W20p0,9,11,0.10171932438190234,0.10171932438190234
so,W20p0,6,2,0.10161867073257118,0.10161867073257118
so,W40p0,6,18,0.10160818893320335,0.10160818893320335
thetao,W20p0,3,2,0.10149640864233311,0.10149640864233311
so,W60p0,5,11,0.10138081953976152,0.10138081953976152
thetao,W10p0,6,18,0.10116201545828668,0.10116201545828668
so,W40p0,4,7,-0.1009035940261062,0.1009035940261062
so,W20p0,2,14,0.10083840151915138,0.10083840151915138
thetao,W20p0,2,0,0.10082368243494606,0.10082368243494606
thetao,W20p0,6,4,-0.10071369038265705,0.10071369038265705
so,W20p0,5,19,0.10048462757386435,0.10048462757386435
thetao,W20p0,3,3,0.10046288285610581,0.10046288285610581
thetao,W30p0,3,5,-0.10038137223525706,0.10038137223525706
so,W60p0,3,11,-0.10026576096576154,0.10026576096576154
so,W20p0,1,6,-0.10024661953481333,0.10024661953481333
thetao,W60p0,7,1,-0.10023265988005643,0.10023265988005643
thetao,W10p0,7,19,-0.10004488278717594,0.10004488278717594
thetao,W60p0,7,4,0.09983623823329145,0.09983623823329145
thetao,W60p0,9,7,-0.09951601622958794,0.09951601622958794
so,W30p0,9,0,-0.09948570184532024,0.09948570184532024
thetao,W60p0,4,19,-0.09946970108828353,0.09946970108828353
so,W60p0,4,11,0.09945168558118778,0.09945168558118778
so,W30p0,7,10,-0.09927313286117384,0.09927313286117384
so,W10p0,3,16,-0.09925863176959185,0.09925863176959185
so,W10p0,9,7,0.09922192940437556,0.09922192940437556
thetao,W10p0,9,11,0.09917592074195232,0.09917592074195232
thetao,W10p0,7,5,-0.09902022493921657,0.09902022493921657
so,W20p0,9,12,0.09895868498291065,0.09895868498291065
thetao,W40p0,5,20,-0.09885250898606418,0.09885250898606418
thetao,W10p0,4,14,-0.09884176772926503,0.09884176772926503
so,W20p0,10,13,0.09871695040640836,0.09871695040640836
thetao,W30p0,3,19,0.09858183884919312,0.09858183884919312
thetao,W40p0,3,0,0.098370990923971,0.098370990923971
so,W60p0,4,20,0.09833179790038427,0.09833179790038427
thetao,W10p0,9,6,-0.09832112424748951,0.09832112424748951
thetao,W30p0,5,17,0.09826818404557644,0.09826818404557644
so,W40p0,1,17,-0.098223937619108,0.098223937619108
so,W10p0,3,17,-0.098127646212919,0.098127646212919
thetao,W20p0,9,7,-0.0981003115386305,0.0981003115386305
so,W40p0,9,4,-0.09805444707392962,0.09805444707392962
so,W60p0,1,10,-0.09797431240531354,0.09797431240531354
so,W40p0,1,9,-0.09774024768601078,0.09774024768601078
so,W60p0,4,14,0.09756244888996961,0.09756244888996961
thetao,W10p0,7,7,-0.09749402499962319,0.09749402499962319
thetao,W40p0,8,1,0.09745504521960402,0.09745504521960402
thetao,W60p0,7,0,-0.09742327921752988,0.09742327921752988
thetao,W20p0,6,9,-0.097422558610126,0.097422558610126
so,W30p0,3,8,0.09735822847730341,0.09735822847730341
so,W30p0,1,18,-0.09705589917565166,0.09705589917565166
thetao,W40p0,2,12,-0.09696237284302953,0.09696237284302953
thetao,W20p0,7,13,0.09695732863239821,0.09695732863239821
so,W20p0,2,10,-0.09694811746541315,0.09694811746541315
so,W20p0,9,6,-0.09679969826500906,0.09679969826500906
so,W60p0,5,15,-0.09664154691338248,0.09664154691338248
so,W10p0,6,17,-0.09649858935007716,0.09649858935007716
so,W60p0,1,8,-0.09643934576925024,0.09643934576925024
so,W10p0,8,14,0.09638261829757569,0.09638261829757569
thetao,W30p0,2,5,0.0963629188992468,0.0963629188992468
thetao,W10p0,1,6,0.09630124484931879,0.09630124484931879
so,W60p0,6,7,-0.09620227356979986,0.09620227356979986
so,W40p0,10,14,0.09597957329136315,0.09597957329136315
thetao,W60p0,3,15,-0.09590979747121788,0.09590979747121788
so,W60p0,5,0,-0.09570529749801622,0.09570529749801622
so,W20p0,4,12,0.09568734598806576,0.09568734598806576
so,W40p0,5,12,0.09554717801346864,0.09554717801346864
so,W30p0,7,9,-0.09546253582671788,0.09546253582671788
thetao,W20p0,6,8,-0.09545171837459362,0.09545171837459362
thetao,W40p0,1,0,-0.09533743918167012,0.09533743918167012
thetao,W10p0,4,15,-0.0951303187413059,0.0951303187413059
so,W10p0,1,8,-0.09507845711129674,0.09507845711129674
so,W10p0,2,9,0.09507264617155708,0.09507264617155708
thetao,W40p0,8,7,-0.09495137882731655,0.09495137882731655
so,W10p0,8,5,0.09491036386228441,0.09491036386228441
thetao,W10p0,3,15,-0.0947828539050524,0.0947828539050524
so,W60p0,6,5,-0.09474765153702261,0.09474765153702261
thetao,W60p0,9,14,-0.0945703997552367,0.0945703997552367
so,W30p0,9,16,0.0944780195094737,0.0944780195094737
thetao,W20p0,10,19,0.09443942060027212,0.09443942060027212
thetao,W40p0,8,5,-0.094334881042611,0.094334881042611
so,W60p0,9,3,0.0941866292205094,0.0941866292205094
so,W30p0,4,6,-0.09410179888332824,0.09410179888332824
thetao,W20p0,6,14,-0.09408500949231638,0.09408500949231638
so,W40p0,2,5,-0.09392719327843115,0.09392719327843115
so,W10p0,9,6,0.09391205713231025,0.09391205713231025
so,W20p0,4,1,0.09389438121729166,0.09389438121729166
thetao,W20p0,3,5,0.0937181275733859,0.0937181275733859
thetao,W10p0,9,19,-0.0936887149001328,0.0936887149001328
thetao,W40p0,10,5,0.09338222072284086,0.09338222072284086
thetao,W10p0,10,17,0.0933507599805687,0.0933507599805687
thetao,W20p0,5,6,0.09317341969390926,0.09317341969390926
thetao,W20p0,6,2,-0.09316982172825791,0.09316982172825791
so,W20p0,8,13,0.09267433465265144,0.09267433465265144
thetao,W10p0,7,11,-0.09254220512647021,0.09254220512647021
so,W10p0,2,15,-0.09239126360021765,0.09239126360021765
thetao,W10p0,2,13,0.0923504349404697,0.0923504349404697
thetao,W10p0,7,8,-0.09228164714358299,0.09228164714358299
thetao,W20p0,6,10,-0.09215429813814925,0.09215429813814925
thetao,W30p0,5,10,0.09204830818292736,0.09204830818292736
thetao,W10p0,9,9,0.09182651886679877,0.09182651886679877
so,W30p0,8,11,0.09165505468377354,0.09165505468377354
so,W30p0,6,12,-0.09126105034904541,0.09126105034904541
thetao,W40p0,5,0,-0.09100889834629564,0.09100889834629564
so,W20p0,8,9,-0.09098527280318874,0.09098527280318874
thetao,W20p0,6,16,0.09089698318047447,0.09089698318047447
thetao,W20p0,3,12,0.09074480135640231,0.09074480135640231
thetao,W40p0,1,2,0.09070605813312917,0.09070605813312917
thetao,W40p0,8,8,0.09055077924996646,0.09055077924996646
so,W20p0,7,9,-0.09047749736508062,0.09047749736508062
so,W10p0,7,11,0.09045788664540715,0.09045788664540715
thetao,W30p0,9,2,-0.09040142558193826,0.09040142558193826
so,W60p0,9,8,0.09028201456320176,0.09028201456320176
so,W10p0,4,8,0.09022783722435893,0.09022783722435893
so,W20p0,10,8,0.09018853975318118,0.09018853975318118
thetao,W30p0,3,11,-0.09013986634539574,0.09013986634539574
thetao,W20p0,1,8,-0.08960992965178033,0.08960992965178033
thetao,W10p0,3,6,0.08952714341621232,0.08952714341621232
thetao,W20p0,10,3,-0.08936991195057864,0.08936991195057864
so,W60p0,7,8,-0.08928465133262996,0.08928465133262996
so,W60p0,8,3,-0.08927001522992177,0.08927001522992177
thetao,W20p0,9,15,0.08926792195424266,0.08926792195424266
thetao,W40p0,3,4,0.08913900871743853,0.08913900871743853
so,W30p0,9,3,0.08904937654695026,0.08904937654695026
thetao,W20p0,6,11,-0.08900192924866845,0.08900192924866845
thetao,W40p0,8,14,0.08891392077006505,0.08891392077006505
thetao,W60p0,5,20,-0.08874993989936188,0.08874993989936188
so,W40p0,9,14,0.08862498839701465,0.08862498839701465
so,W20p0,4,14,0.0886037514392414,0.0886037514392414
so,W60p0,4,13,0.08845246140895766,0.08845246140895766
so,W40p0,4,4,-0.08842758593749483,0.08842758593749483
so,W40p0,7,7,-0.0883139890405557,0.0883139890405557
thetao,W60p0,6,5,-0.08826313832133383,0.08826313832133383
thetao,W30p0,2,6,0.08802786997217923,0.08802786997217923
so,W30p0,1,17,-0.08798898121102457,0.08798898121102457
thetao,W10p0,10,16,0.08789765042275681,0.08789765042275681
so,W60p0,7,10,-0.08764657816641536,0.08764657816641536
so,W40p0,4,9,-0.0876040929258213,0.0876040929258213
so,W20p0,6,7,-0.08755381131627166,0.08755381131627166
thetao,W40p0,3,17,-0.08737382852742677,0.08737382852742677
so,W60p0,8,12,-0.08727821649894726,0.08727821649894726
so,W40p0,7,20,0.08724935145525176,0.08724935145525176
so,W30p0,2,3,0.08719026661835944,0.08719026661835944
so,W20p0,1,18,-0.087127658840605,0.087127658840605
thetao,W10p0,3,8,-0.08692996571007917,0.08692996571007917
thetao,W60p0,8,16,-0.08689302337270316,0.08689302337270316
thetao,W10p0,5,19,0.08668788482213345,0.08668788482213345
thetao,W30p0,1,12,0.0865728634661471,0.0865728634661471
thetao,W40p0,9,8,-0.08648345387129795,0.08648345387129795
thetao,W60p0,7,17,-0.0864810252860791,0.0864810252860791
thetao,W30p0,5,12,0.08643293963072315,0.08643293963072315
thetao,W30p0,7,20,0.08631792234838347,0.08631792234838347
so,W20p0,2,4,-0.08625059877968355,0.08625059877968355
thetao,W10p0,7,12,-0.08600266942612445,0.08600266942612445
thetao,W20p0,1,18,0.08597449094852559,0.08597449094852559
thetao,W10p0,6,0,-0.08597162838370005,0.08597162838370005
thetao,W20p0,3,4,0.08591435477385737,0.08591435477385737
thetao,W20p0,4,1,0.08584250491762373,0.08584250491762373
so,W20p0,5,15,-0.08566821469711033,0.08566821469711033
so,W10p0,9,9,-0.08563514773003347,0.08563514773003347
so,W20p0,3,12,-0.0855114287422693,0.0855114287422693
so,W20p0,8,1,0.08544728312659183,0.08544728312659183
thetao,W30p0,4,3,0.08536357598557665,0.08536357598557665
so,W20p0,8,12,0.08527201531075912,0.08527201531075912
thetao,W10p0,8,3,-0.08500422610282378,0.08500422610282378
so,W60p0,6,10,0.08496048904642399,0.08496048904642399
so,W20p0,2,19,-0.0849155182151721,0.0849155182151721
so,W10p0,3,4,-0.08481042391166294,0.08481042391166294
so,W10p0,9,19,-0.08470349773002656,0.08470349773002656
thetao,W40p0,10,20,-0.08461718070728812,0.08461718070728812
thetao,W60p0,3,11,-0.08451989310986747,0.08451989310986747
thetao,W40p0,4,3,0.08436243107917407,0.08436243107917407
thetao,W10p0,10,8,-0.08431579525363653,0.08431579525363653
thetao,W40p0,10,16,-0.08425533582465003,0.08425533582465003
so,W30p0,5,14,-0.0841529987382498,0.0841529987382498
so,W20p0,9,5,-0.08397827984654238,0.08397827984654238
so,W10p0,8,7,0.08397346007223677,0.08397346007223677
so,W30p0,5,1,0.08379552139108479,0.08379552139108479
so,W30p0,2,5,0.08359796455348303,0.08359796455348303
so,W10p0,3,2,-0.08351795396173504,0.08351795396173504
so,W10p0,8,9,0.08307054988345294,0.08307054988345294
thetao,W20p0,8,5,-0.08296361155188396,0.08296361155188396
so,W60p0,2,6,0.08292352539017661,0.08292352539017661
so,W10p0,2,6,-0.08290922769768012,0.08290922769768012
thetao,W40p0,6,5,-0.08275775513674698,0.08275775513674698
so,W60p0,9,4,0.08265688263320475,0.08265688263320475
so,W40p0,5,5,-0.08252266643698297,0.08252266643698297
so,W10p0,7,13,0.08250910487992676,0.08250910487992676
so,W60p0,6,20,-0.0824987893375108,0.0824987893375108
so,W10p0,9,20,-0.08242547778472471,0.08242547778472471
so,W30p0,9,19,-0.08240635728062685,0.08240635728062685
so,W20p0,6,3,0.08239884953055307,0.08239884953055307
so,W40p0,5,4,-0.08233360851330901,0.08233360851330901
so,W30p0,5,0,-0.08230478104904407,0.08230478104904407
so,W60p0,6,3,-0.08227860686896867,0.08227860686896867
thetao,W20p0,6,3,-0.08215565585869307,0.08215565585869307
so,W20p0,6,11,-0.08186126695460595,0.08186126695460595
so,W10p0,8,2,-0.08181076112174107,0.08181076112174107
so,W40p0,10,7,-0.08180393351429627,0.08180393351429627
thetao,W60p0,3,2,-0.08179321190779004,0.08179321190779004
thetao,W60p0,8,10,-0.08179317224477697,0.08179317224477697
so,W40p0,7,2,-0.08178413321898982,0.08178413321898982
thetao,W40p0,4,13,-0.08151413078280474,0.08151413078280474
thetao,W20p0,10,4,-0.0814960379843849,0.0814960379843849
thetao,W20p0,2,1,-0.08148628806516744,0.08148628806516744
so,W10p0,1,6,-0.08140381049133885,0.08140381049133885
so,W10p0,8,12,-0.08136602355552698,0.08136602355552698
thetao,W40p0,5,14,-0.0812817831462517,0.0812817831462517
thetao,W10p0,9,4,-0.08127073908408253,0.08127073908408253
so,W30p0,9,10,-0.08113154840539083,0.08113154840539083
thetao,W40p0,7,1,-0.0808703291270311,0.0808703291270311
thetao,W20p0,3,16,-0.08078639097184637,0.08078639097184637
so,W40p0,3,17,0.0807671166777994,0.0807671166777994
so,W40p0,10,18,0.08069244725455164,0.08069244725455164
so,W60p0,5,6,-0.08061308392078899,0.08061308392078899
so,W40p0,2,19,-0.08046564582030029,0.08046564582030029
thetao,W60p0,2,19,0.08040820110983954,0.08040820110983954
thetao,W60p0,10,2,0.0803025825917609,0.0803025825917609
so,W60p0,7,9,-0.0801741395623313,0.0801741395623313
thetao,W20p0,8,15,0.08006255717383934,0.08006255717383934
thetao,W40p0,4,11,-0.0800394226504322,0.0800394226504322
thetao,W60p0,8,17,-0.07983940963332053,0.07983940963332053
so,W60p0,4,0,0.07973858590203763,0.07973858590203763
thetao,W30p0,9,13,0.07962621027004076,0.07962621027004076
thetao,W60p0,9,12,0.07947502273422076,0.07947502273422076
so,W30p0,3,5,0.07943904007198697,0.07943904007198697
thetao,W60p0,6,3,-0.07939963917502865,0.07939963917502865
thetao,W60p0,6,9,-0.07938347084876383,0.07938347084876383
so,W10p0,7,7,0.0793550419060208,0.0793550419060208
thetao,W30p0,3,1,-0.07930476237117141,0.07930476237117141
thetao,W40p0,8,0,0.07929829804367917,0.07929829804367917
thetao,W10p0,1,18,0.07925664895217469,0.07925664895217469
thetao,W10p0,5,9,-0.07923546852379669,0.07923546852379669
thetao,W20p0,8,4,-0.07916937230307072,0.07916937230307072
thetao,W10p0,7,4,-0.07907019389236539,0.07907019389236539
thetao,W10p0,7,2,-0.07873069338253443,0.07873069338253443
so,W10p0,6,12,-0.07857583323789803,0.07857583323789803
so,W40p0,10,3,-0.07845908381147067,0.07845908381147067
thetao,W20p0,5,9,-0.07837347535251112,0.07837347535251112
thetao,W40p0,4,1,-0.07834347509242329,0.07834347509242329
thetao,W40p0,3,20,-0.07820056926424836,0.07820056926424836
so,W60p0,10,6,-0.07816196254220398,0.07816196254220398
thetao,W60p0,6,2,0.07812047657391648,0.07812047657391648
thetao,W10p0,10,11,-0.07787106268618407,0.07787106268618407
so,W30p0,3,14,0.07781407999325997,0.07781407999325997
thetao,W40p0,7,2,-0.07767510078124851,0.07767510078124851
thetao,W60p0,6,13,0.07766566002480607,0.07766566002480607
thetao,W10p0,9,16,-0.07760344910065177,0.07760344910065177
thetao,W20p0,8,1,0.07757432740904607,0.07757432740904607
thetao,W20p0,2,12,0.0775496808812811,0.0775496808812811
so,W30p0,2,10,-0.07752927957813706,0.07752927957813706
so,W60p0,8,10,0.07739011929416877,0.07739011929416877
thetao,W10p0,8,0,-0.07736378717215983,0.07736378717215983
thetao,W60p0,6,18,0.07734794019456503,0.07734794019456503
so,W20p0,5,3,-0.07722758004318886,0.07722758004318886
thetao,W40p0,4,18,-0.07716400374764952,0.07716400374764952
so,W60p0,10,9,0.07696971894778508,0.07696971894778508
so,W40p0,3,16,0.0769416389303048,0.0769416389303048
so,W40p0,1,11,-0.0768313887187926,0.0768313887187926
so,W30p0,5,16,-0.07661678983323085,0.07661678983323085
so,W60p0,5,8,0.07646028534351398,0.07646028534351398
so,W60p0,9,6,0.0764250410081312,0.0764250410081312
so,W20p0,8,3,0.0763498452400847,0.0763498452400847
thetao,W20p0,9,17,0.07629283541463266,0.07629283541463266
thetao,W60p0,2,5,-0.0762583848767932,0.0762583848767932
thetao,W30p0,3,0,-0.07616945187203404,0.07616945187203404
thetao,W20p0,9,12,0.07608532346808976,0.07608532346808976
thetao,W40p0,3,15,0.07602255890500603,0.07602255890500603
so,W30p0,7,15,-0.07600188938160117,0.07600188938160117
so,W10p0,2,8,0.07594545067716836,0.07594545067716836
thetao,W40p0,5,4,-0.07560637760920041,0.07560637760920041
thetao,W60p0,6,7,-0.075460488676372,0.075460488676372
thetao,W60p0,10,13,0.07541467968826097,0.07541467968826097
so,W40p0,7,4,-0.0752575888105718,0.0752575888105718
thetao,W10p0,2,4,-0.07517568784031498,0.07517568784031498
thetao,W30p0,7,0,-0.07511733828891361,0.07511733828891361
thetao,W40p0,4,5,0.07501128107225793,0.07501128107225793
so,W40p0,7,17,-0.07489916812385482,0.07489916812385482
so,W10p0,2,19,-0.0748626473322414,0.0748626473322414
so,W10p0,10,12,0.07478894833808976,0.07478894833808976
thetao,W60p0,5,6,0.07474715631791973,0.07474715631791973
so,W10p0,5,3,-0.0747331052548567,0.0747331052548567
thetao,W30p0,3,14,-0.07467162938708381,0.07467162938708381
so,W30p0,1,12,0.07449933280613091,0.07449933280613091
so,W60p0,6,4,-0.07447640481701234,0.07447640481701234
thetao,W60p0,10,7,0.07428768798905427,0.07428768798905427
thetao,W30p0,3,18,0.07420914284640598,0.07420914284640598
so,W60p0,5,13,-0.07420007614233586,0.07420007614233586
thetao,W20p0,5,3,0.0741657532719662,0.0741657532719662
thetao,W30p0,2,15,0.0740725225286541,0.0740725225286541
so,W40p0,6,13,-0.0740515694119588,0.0740515694119588
so,W60p0,4,4,-0.07398462608172066,0.07398462608172066
thetao,W30p0,1,13,0.07384780693910835,0.07384780693910835
so,W40p0,5,10,0.07370397172667432,0.07370397172667432
thetao,W30p0,4,11,-0.07367345478310837,0.07367345478310837
so,W20p0,7,5,-0.07366037859861149,0.07366037859861149
so,W30p0,5,2,0.07348977202914019,0.07348977202914019
so,W30p0,6,10,-0.073341718120063,0.073341718120063
thetao,W10p0,3,14,-0.07321592706714901,0.07321592706714901
thetao,W30p0,2,10,-0.07319877365021253,0.07319877365021253
thetao,W30p0,3,17,0.07314772770640322,0.07314772770640322
so,W20p0,1,10,-0.07313836159794594,0.07313836159794594
so,W60p0,5,14,-0.07309907046511488,0.07309907046511488
so,W10p0,4,13,-0.07309004918306702,0.07309004918306702
so,W10p0,2,11,-0.07308326659262436,0.07308326659262436
so,W20p0,5,11,0.0730036032522155,0.0730036032522155
so,W30p0,4,10,0.07300028476161699,0.07300028476161699
so,W60p0,9,13,0.0729641194277596,0.0729641194277596
so,W10p0,1,2,-0.07291875731954317,0.07291875731954317
so,W30p0,3,9,0.07284223329449306,0.07284223329449306
so,W10p0,1,7,-0.07272182473151835,0.07272182473151835
thetao,W60p0,2,11,-0.07270406307596791,0.07270406307596791
so,W20p0,10,11,0.07268131208140705,0.07268131208140705
so,W20p0,2,20,-0.07265957726452191,0.07265957726452191
thetao,W10p0,1,16,0.07265838110707418,0.07265838110707418
thetao,W10p0,10,12,-0.07246767393150405,0.07246767393150405
thetao,W20p0,1,13,-0.07245801126967684,0.07245801126967684
thetao,W60p0,7,14,-0.07237672872326026,0.07237672872326026
so,W40p0,5,18,0.07225563831165847,0.07225563831165847
so,W60p0,7,15,0.07224204172079524,0.07224204172079524
so,W30p0,2,13,0.07222585753212714,0.07222585753212714
so,W30p0,6,15,0.07182963533927572,0.07182963533927572
thetao,W60p0,7,2,-0.07178146876951585,0.07178146876951585
so,W60p0,5,16,-0.07174903716439496,0.07174903716439496
so,W60p0,9,17,0.07168271346747683,0.07168271346747683
so,W40p0,6,5,0.07162524361429629,0.07162524361429629
thetao,W10p0,8,18,0.07135424708092965,0.07135424708092965
so,W10p0,3,15,-0.07129021659169275,0.07129021659169275
so,W10p0,8,6,0.0710651848985083,0.0710651848985083
so,W60p0,9,5,0.0709253648603756,0.0709253648603756
thetao,W10p0,6,7,0.0707661677465291,0.0707661677465291
thetao,W10p0,4,0,-0.07051996748657116,0.07051996748657116
thetao,W40p0,4,6,-0.07047509769434622,0.07047509769434622
so,W40p0,9,20,0.0704730426630616,0.0704730426630616
thetao,W30p0,7,12,-0.07027997358219339,0.07027997358219339
so,W40p0,5,16,0.07025432186228799,0.07025432186228799
thetao,W30p0,3,2,-0.07015822955829587,0.07015822955829587
so,W60p0,9,14,-0.07009525233611759,0.07009525233611759
so,W30p0,9,4,0.07009122710291067,0.07009122710291067
so,W10p0,4,2,-0.07007644463727355,0.07007644463727355
so,W10p0,2,16,-0.0699042054953339,0.0699042054953339
so,W40p0,6,8,-0.0696541950479088,0.0696541950479088
so,W10p0,5,0,-0.06952464915505403,0.06952464915505403
so,W60p0,6,8,-0.06945829128796419,0.06945829128796419
thetao,W60p0,8,20,-0.06940465425276943,0.06940465425276943
thetao,W30p0,6,20,0.0693923916955606,0.0693923916955606
thetao,W10p0,5,13,-0.06903706760446267,0.06903706760446267
thetao,W40p0,7,0,-0.06899983300417753,0.06899983300417753
so,W20p0,5,13,-0.0689353056783817,0.0689353056783817
so,W20p0,2,7,-0.06886222638835213,0.06886222638835213
so,W30p0,4,13,0.06864011758229652,0.06864011758229652
so,W10p0,10,14,0.06861280603678732,0.06861280603678732
so,W30p0,9,17,0.06846876514676038,0.06846876514676038
so,W10p0,3,3,-0.06845391546822348,0.06845391546822348
thetao,W10p0,4,17,0.06841353452773308,0.06841353452773308
thetao,W40p0,3,16,0.06839756392305509,0.06839756392305509
so,W40p0,7,19,0.06838489057169152,0.06838489057169152
so,W60p0,9,20,0.06832330668277221,0.06832330668277221
so,W10p0,2,18,-0.06814885953954035,0.06814885953954035
so,W20p0,10,12,0.06813385085130556,0.06813385085130556
thetao,W30p0,7,2,-0.06811388677102276,0.06811388677102276
so,W60p0,2,8,0.06810547568956456,0.06810547568956456
so,W60p0,6,6,-0.06805251814222488,0.06805251814222488
so,W20p0,1,7,-0.0680045487465746,0.0680045487465746
so,W10p0,5,2,-0.06777431653885947,0.06777431653885947
thetao,W60p0,3,17,-0.06775978556641675,0.06775978556641675
thetao,W30p0,1,16,0.06774095015360723,0.06774095015360723
thetao,W40p0,10,11,0.06769352553689308,0.06769352553689308
so,W30p0,8,7,0.06767081877667454,0.06767081877667454
so,W10p0,2,12,-0.06763350720959035,0.06763350720959035
thetao,W30p0,8,0,0.06735049550445096,0.06735049550445096
so,W30p0,2,9,-0.06723688117307249,0.06723688117307249
thetao,W40p0,4,19,-0.06719435233379507,0.06719435233379507
thetao,W20p0,10,20,-0.066720881972636,0.066720881972636
thetao,W10p0,10,5,0.0665218728292168,0.0665218728292168
so,W40p0,1,10,-0.06643077166810492,0.06643077166810492
so,W20p0,2,5,-0.06618694883879941,0.06618694883879941
so,W30p0,3,6,0.06612058786021069,0.06612058786021069
thetao,W30p0,7,10,-0.06609189515052527,0.06609189515052527
so,W10p0,6,2,-0.06605965711635467,0.06605965711635467
thetao,W30p0,5,2,0.06597570807493733,0.06597570807493733
so,W30p0,4,1,0.06592848545199119,0.06592848545199119
thetao,W10p0,7,10,-0.06590260059213418,0.06590260059213418
thetao,W10p0,2,2,0.06588390150172012,0.06588390150172012
thetao,W20p0,7,0,-0.06572932443338315,0.06572932443338315
so,W10p0,1,9,-0.06560657272106817,0.06560657272106817
thetao,W40p0,1,8,0.06555324508781517,0.06555324508781517
so,W20p0,7,18,0.06547917388000404,0.06547917388000404
so,W30p0,2,16,0.06541661006017191,0.06541661006017191
thetao,W60p0,10,6,0.06522949102395113,0.06522949102395113
thetao,W20p0,9,13,0.06519060079509806,0.06519060079509806
so,W60p0,6,16,0.06495487171587551,0.06495487171587551
so,W40p0,8,3,-0.06483499282668131,0.06483499282668131
thetao,W60p0,1,11,0.06481236455377103,0.06481236455377103
thetao,W20p0,5,4,0.06481115456607231,0.06481115456607231
so,W30p0,2,14,0.064738203790304,0.064738203790304
so,W20p0,1,5,-0.06473595570171888,0.06473595570171888
so,W30p0,5,3,0.06469343988787167,0.06469343988787167
so,W10p0,7,19,0.06463506974857787,0.06463506974857787
so,W60p0,9,16,0.06459359949095328,0.06459359949095328
so,W20p0,5,0,-0.06447312499830349,0.06447312499830349
thetao,W30p0,5,9,0.06439721679282374,0.06439721679282374
thetao,W30p0,8,6,-0.06437754912185528,0.06437754912185528
so,W40p0,9,17,0.0641541583396261,0.0641541583396261
thetao,W10p0,7,3,-0.06411410903951224,0.06411410903951224
thetao,W30p0,5,15,-0.06408730288116354,0.06408730288116354
so,W20p0,10,7,0.06376769281700015,0.06376769281700015
so,W30p0,10,11,-0.06340764890645699,0.06340764890645699
so,W20p0,6,6,-0.06340073242432569,0.06340073242432569
so,W30p0,2,15,0.06325467222185382,0.06325467222185382
so,W60p0,10,3,-0.06303101868749007,0.06303101868749007
so,W40p0,4,1,0.06300825306676754,0.06300825306676754
so,W60p0,2,7,0.06298172773340859,0.06298172773340859
so,W30p0,10,15,-0.06284949896232102,0.06284949896232102
thetao,W30p0,2,3,0.0627074579009015,0.0627074579009015
so,W30p0,2,6,0.06262731466732747,0.06262731466732747
thetao,W40p0,3,13,0.06255404431873479,0.06255404431873479
thetao,W60p0,2,18,0.0624125349033699,0.0624125349033699
so,W10p0,10,13,0.062254933362648104,0.062254933362648104
so,W60p0,9,1,-0.06220080620173143,0.06220080620173143
so,W30p0,8,12,0.061947318585465865,0.061947318585465865
thetao,W40p0,6,16,-0.06188228095645668,0.06188228095645668
thetao,W60p0,5,11,-0.06187765254628393,0.06187765254628393
so,W60p0,4,15,0.06186778440498565,0.06186778440498565
thetao,W30p0,10,10,-0.06183320019421848,0.06183320019421848
so,W30p0,7,8,-0.06176494335314994,0.06176494335314994
so,W20p0,3,5,0.06163438985250456,0.06163438985250456
so,W20p0,8,4,0.06154692201049568,0.06154692201049568
thetao,W60p0,6,11,-0.061158192277154196,0.061158192277154196
so,W40p0,6,4,0.06111160712517374,0.06111160712517374
thetao,W20p0,8,13,0.060859449207002446,0.060859449207002446
thetao,W10p0,9,14,-0.06084110793950188,0.06084110793950188
so,W30p0,8,6,0.06082447582403217,0.06082447582403217
so,W40p0,1,6,-0.060407182528698346,0.060407182528698346
so,W60p0,9,15,-0.06035569657908496,0.06035569657908496
so,W60p0,7,14,0.06010987512257639,0.06010987512257639
so,W20p0,3,9,-0.05987093194888362,0.05987093194888362
so,W10p0,9,8,0.0598123294960119,0.0598123294960119
thetao,W30p0,4,16,-0.05978947188507817,0.05978947188507817
so,W30p0,9,7,-0.059723283622938286,0.059723283622938286
so,W20p0,9,8,-0.05972170749113822,0.05972170749113822
so,W40p0,8,0,-0.05970018884366986,0.05970018884366986
thetao,W40p0,8,20,-0.0596653552197052,0.0596653552197052
thetao,W40p0,8,16,0.05965177246705568,0.05965177246705568
so,W30p0,8,13,0.059629795380648644,0.059629795380648644
thetao,W20p0,1,15,0.05954110600270994,0.05954110600270994
so,W30p0,2,17,0.05953338617993958,0.05953338617993958
so,W60p0,3,2,0.05946237068076112,0.05946237068076112
thetao,W20p0,2,10,-0.05934889474716546,0.05934889474716546
thetao,W30p0,9,9,0.059344955553766766,0.059344955553766766
so,W60p0,9,7,0.05918280928976077,0.05918280928976077
thetao,W60p0,4,14,-0.05910412723802979,0.05910412723802979
thetao,W10p0,10,4,0.05894090708777226,0.05894090708777226
thetao,W30p0,1,15,0.058811911876279196,0.058811911876279196
thetao,W20p0,4,14,0.05870843512700369,0.05870843512700369
thetao,W40p0,2,14,0.058601546804486405,0.058601546804486405
so,W10p0,7,4,0.058412438874705146,0.058412438874705146
thetao,W60p0,10,8,0.05832316395212471,0.05832316395212471
so,W40p0,10,9,0.05829356876233252,0.05829356876233252
thetao,W10p0,6,19,0.058059123722684354,0.058059123722684354
thetao,W40p0,7,7,-0.0580583080591387,0.0580583080591387
so,W40p0,8,20,-0.058001141827178256,0.058001141827178256
thetao,W20p0,3,14,0.05788122425984336,0.05788122425984336
thetao,W40p0,9,17,-0.057848871914021806,0.057848871914021806
thetao,W60p0,10,1,0.057754016374627674,0.057754016374627674
so,W20p0,4,5,0.057512999676777275,0.057512999676777275
so,W30p0,4,11,0.0573471477715415,0.0573471477715415
so,W40p0,6,6,0.057320155205580696,0.057320155205580696
thetao,W60p0,5,12,0.057189298422355185,0.057189298422355185
thetao,W30p0,7,4,0.05700399747535282,0.05700399747535282
thetao,W30p0,1,0,-0.05694134138942762,0.05694134138942762
thetao,W20p0,4,2,-0.05684247562360755,0.05684247562360755
so,W20p0,10,4,-0.05683427930206971,0.05683427930206971
thetao,W10p0,10,6,0.056771273098140014,0.056771273098140014
so,W20p0,10,14,0.0567261642240764,0.0567261642240764
so,W60p0,3,1,0.05669598952202947,0.05669598952202947
thetao,W40p0,9,6,-0.05658851785231794,0.05658851785231794
so,W10p0,10,19,0.05653279267161636,0.05653279267161636
thetao,W60p0,10,3,0.05646318373579571,0.05646318373579571
so,W20p0,5,16,0.05645284812076047,0.05645284812076047
so,W10p0,2,17,-0.056320311231566444,0.056320311231566444
thetao,W30p0,3,8,0.05620599163583521,0.05620599163583521
thetao,W60p0,10,5,0.0561197531923286,0.0561197531923286
thetao,W60p0,4,16,-0.056110699237596894,0.056110699237596894
so,W60p0,2,16,-0.05607051114807082,0.05607051114807082
so,W20p0,1,3,0.056009000527261536,0.056009000527261536
thetao,W20p0,2,19,0.055893897627366074,0.055893897627366074
so,W20p0,9,1,-0.05546045627763198,0.05546045627763198
thetao,W60p0,1,20,0.05528842361790005,0.05528842361790005
so,W20p0,1,1,-0.05519472263018685,0.05519472263018685
so,W60p0,3,14,-0.05503820002081094,0.05503820002081094
so,W20p0,1,13,0.05489197884627462,0.05489197884627462
so,W30p0,10,4,-0.054763822829667574,0.054763822829667574
thetao,W60p0,5,13,0.054674516510782714,0.054674516510782714
so,W10p0,5,10,0.054185669744883085,0.054185669744883085
thetao,W30p0,7,14,-0.054127197890860845,0.054127197890860845
so,W10p0,10,5,0.05406148876272696,0.05406148876272696
so,W40p0,6,12,-0.054049116303684,0.054049116303684
so,W10p0,7,15,-0.054044336734445295,0.054044336734445295
so,W10p0,1,11,0.05393712139012876,0.05393712139012876
so,W30p0,3,12,0.05379605381810618,0.05379605381810618
so,W10p0,7,0,0.05375728076996805,0.05375728076996805
so,W20p0,6,0,0.053720449841509484,0.053720449841509484
so,W40p0,5,13,0.053697661276524165,0.053697661276524165
thetao,W40p0,8,4,0.05369762976754896,0.05369762976754896
so,W60p0,1,3,-0.05352598528712307,0.05352598528712307
so,W20p0,9,9,0.05345512002237621,0.05345512002237621
thetao,W20p0,10,10,0.05342159327725622,0.05342159327725622
thetao,W20p0,3,6,0.05338389654247827,0.05338389654247827
thetao,W40p0,7,3,-0.05327274451001847,0.05327274451001847
so,W40p0,9,12,-0.05324982043924981,0.05324982043924981
thetao,W40p0,4,2,0.0532234087896732,0.0532234087896732
so,W10p0,9,1,0.0530487253224846,0.0530487253224846
thetao,W30p0,2,9,-0.05293087911800563,0.05293087911800563
so,W20p0,5,17,0.05287605608378464,0.05287605608378464
thetao,W60p0,4,4,-0.05271178964889155,0.05271178964889155
thetao,W10p0,5,2,0.05259320552487552,0.05259320552487552
so,W60p0,1,12,-0.05251838050409282,0.05251838050409282
thetao,W20p0,1,7,-0.05232086314627705,0.05232086314627705
thetao,W30p0,4,13,-0.052205648334600244,0.052205648334600244
thetao,W20p0,10,2,0.052139838416158074,0.052139838416158074
thetao,W10p0,1,15,0.05207911438442853,0.05207911438442853
thetao,W20p0,3,11,0.05185646802232415,0.05185646802232415
so,W20p0,3,15,0.051605934769065664,0.051605934769065664
so,W20p0,4,10,0.051601086911179754,0.051601086911179754
thetao,W20p0,10,7,0.05156040828334497,0.05156040828334497
so,W20p0,9,0,-0.05112241542106985,0.05112241542106985
thetao,W30p0,7,16,0.05100852347319797,0.05100852347319797
so,W30p0,6,1,0.05090358923663107,0.05090358923663107
thetao,W20p0,8,19,-0.050841906687255176,0.050841906687255176
thetao,W20p0,10,9,0.05067384129550545,0.05067384129550545
thetao,W20p0,5,7,0.050668690674489016,0.050668690674489016
thetao,W30p0,7,11,-0.05062596537314307,0.05062596537314307
thetao,W10p0,6,13,0.050537111577525363,0.050537111577525363
thetao,W40p0,5,5,0.05034766775464764,0.05034766775464764
thetao,W30p0,9,7,0.05031081772095327,0.05031081772095327
so,W40p0,8,7,-0.05019562146156407,0.05019562146156407
so,W60p0,3,17,-0.05015879168781983,0.05015879168781983
thetao,W40p0,5,10,0.05015219973850397,0.05015219973850397
thetao,W10p0,6,1,-0.0500970244803743,0.0500970244803743
thetao,W10p0,5,6,0.050089595783791296,0.050089595783791296
thetao,W10p0,5,0,0.050083542508781484,0.050083542508781484
thetao,W10p0,5,8,0.049951702551357446,0.049951702551357446
so,W20p0,4,6,0.04988392586477018,0.04988392586477018
so,W60p0,1,7,-0.049764096580109635,0.049764096580109635
thetao,W10p0,8,10,-0.049740593362181125,0.049740593362181125
so,W10p0,3,1,0.049670828622345925,0.049670828622345925
thetao,W60p0,1,16,-0.04958466913232555,0.04958466913232555
so,W30p0,3,1,0.04956989415928557,0.04956989415928557
thetao,W60p0,3,5,0.049543787752604616,0.049543787752604616
so,W10p0,6,0,-0.049411138255825965,0.049411138255825965
so,W60p0,6,2,-0.04935674160013752,0.04935674160013752
thetao,W20p0,5,13,-0.04934781171710656,0.04934781171710656
so,W10p0,4,3,-0.04926875867206934,0.04926875867206934
so,W10p0,5,19,-0.04926392498659568,0.04926392498659568
thetao,W60p0,3,19,0.049263249915122875,0.049263249915122875
so,W40p0,8,19,0.049237895757291476,0.049237895757291476
so,W10p0,2,14,-0.04898604535164205,0.04898604535164205
thetao,W30p0,1,10,-0.04885728179504594,0.04885728179504594
thetao,W10p0,8,19,0.04885461174438903,0.04885461174438903
thetao,W40p0,10,18,-0.04882333677358552,0.04882333677358552
thetao,W20p0,4,8,0.04879737223860063,0.04879737223860063
thetao,W60p0,3,3,-0.04875066500229516,0.04875066500229516
so,W30p0,3,11,0.04874812469052794,0.04874812469052794
so,W60p0,2,12,0.04870404241313948,0.04870404241313948
thetao,W40p0,7,4,-0.04867278152203653,0.04867278152203653
so,W10p0,3,20,-0.048591469910400864,0.048591469910400864
so,W10p0,7,5,0.04853046264460874,0.04853046264460874
thetao,W20p0,8,0,0.048129044634664594,0.048129044634664594
so,W10p0,3,10,-0.0480278430879146,0.0480278430879146
so,W40p0,9,1,-0.047711925168719756,0.047711925168719756
thetao,W60p0,3,20,0.04768990638253309,0.04768990638253309
so,W30p0,7,20,-0.04762072999618835,0.04762072999618835
thetao,W30p0,9,3,0.04742579366672595,0.04742579366672595
thetao,W10p0,4,13,-0.04736257479025399,0.04736257479025399
so,W40p0,8,13,0.04728528650369221,0.04728528650369221
so,W20p0,4,7,0.04727770740149316,0.04727770740149316
so,W40p0,4,12,0.04722873818577328,0.04722873818577328
so,W20p0,3,13,-0.0472078813484307,0.0472078813484307
so,W40p0,6,16,-0.0471940822785254,0.0471940822785254
thetao,W20p0,9,10,-0.04719243541598648,0.04719243541598648
thetao,W40p0,4,4,0.04718121848761255,0.04718121848761255
so,W10p0,8,3,0.04717632881797668,0.04717632881797668
thetao,W60p0,6,10,-0.04709340063490884,0.04709340063490884
so,W20p0,2,6,-0.04701921366459423,0.04701921366459423
so,W20p0,1,12,-0.04693655082340652,0.04693655082340652
so,W10p0,3,12,-0.04690581981237507,0.04690581981237507
so,W30p0,4,12,0.046872937956608136,0.046872937956608136
thetao,W10p0,4,3,0.046870992789966995,0.046870992789966995
so,W40p0,10,16,0.046809898636088705,0.046809898636088705
so,W40p0,10,10,0.04677392984371246,0.04677392984371246
so,W20p0,8,7,-0.04674882326790074,0.04674882326790074
so,W30p0,8,14,-0.04663277971832614,0.04663277971832614
so,W40p0,3,8,-0.04660909960540181,0.04660909960540181
thetao,W20p0,3,9,0.046587067804614316,0.046587067804614316
thetao,W30p0,3,6,-0.04657854392150407,0.04657854392150407
thetao,W40p0,8,11,0.04655290043604374,0.04655290043604374
thetao,W30p0,6,18,-0.04640556051025057,0.04640556051025057
thetao,W30p0,2,11,-0.046293370497123267,0.046293370497123267
thetao,W10p0,8,17,0.04603251687585905,0.04603251687585905
thetao,W20p0,8,14,0.04592504794329447,0.04592504794329447
so,W30p0,10,19,-0.04589602559141588,0.04589602559141588
so,W60p0,5,2,-0.045886521616586476,0.045886521616586476
thetao,W10p0,4,4,0.04585017372235053,0.04585017372235053
thetao,W40p0,9,20,-0.045839818732456294,0.045839818732456294
thetao,W60p0,3,16,-0.04556333768302593,0.04556333768302593
thetao,W20p0,9,20,0.04555034652732794,0.04555034652732794
thetao,W10p0,5,5,-0.045526834947424856,0.045526834947424856
so,W60p0,4,12,0.04552601399487606,0.04552601399487606
so,W60p0,9,9,-0.045465167670191375,0.045465167670191375
so,W30p0,5,18,0.04543487636387092,0.04543487636387092
thetao,W10p0,1,19,0.04540296161582354,0.04540296161582354
so,W20p0,4,8,0.04524130051507858,0.04524130051507858
thetao,W20p0,5,14,0.04514918579025361,0.04514918579025361
so,W10p0,7,6,0.045138661944507434,0.045138661944507434
so,W20p0,5,2,0.045025549151523146,0.045025549151523146
thetao,W10p0,4,9,0.04491001226304358,0.04491001226304358
so,W30p0,7,16,-0.04473492030135894,0.04473492030135894
so,W20p0,9,4,-0.04468803263226742,0.04468803263226742
so,W30p0,6,8,-0.04456452887006901,0.04456452887006901
so,W10p0,3,6,-0.04443213358109472,0.04443213358109472
so,W40p0,6,3,-0.044396104940757936,0.044396104940757936
thetao,W40p0,1,9,0.04432220619843556,0.04432220619843556
thetao,W60p0,2,9,0.04432091363655848,0.04432091363655848
so,W10p0,4,11,0.044311706050400745,0.044311706050400745
so,W30p0,10,8,-0.044250016266777464,0.044250016266777464
thetao,W30p0,2,13,0.04422417775950748,0.04422417775950748
so,W30p0,10,3,-0.0441351166894453,0.0441351166894453
thetao,W30p0,4,8,0.044088690293601435,0.044088690293601435
thetao,W60p0,7,13,-0.043998575145901865,0.043998575145901865
thetao,W20p0,4,20,0.043996411137617396,0.043996411137617396
thetao,W10p0,5,1,-0.04399507240867155,0.04399507240867155
so,W60p0,1,6,-0.043790068783020025,0.043790068783020025
so,W30p0,10,10,-0.04376818241384873,0.04376818241384873
thetao,W30p0,5,3,-0.043738911742005365,0.043738911742005365
so,W20p0,5,10,-0.04368662316677862,0.04368662316677862
thetao,W20p0,4,6,0.043430396607913827,0.043430396607913827
thetao,W60p0,1,18,-0.0433957166462098,0.0433957166462098
thetao,W60p0,3,6,0.043266019373942526,0.043266019373942526
thetao,W10p0,1,9,-0.043214584895419204,0.043214584895419204
so,W40p0,1,1,-0.043190004416157626,0.043190004416157626
so,W40p0,3,14,-0.0430980405946039,0.0430980405946039
thetao,W60p0,2,8,0.04301922422135465,0.04301922422135465
so,W60p0,8,20,0.04286508055133084,0.04286508055133084
thetao,W30p0,9,11,-0.04277342125994628,0.04277342125994628
thetao,W30p0,2,8,-0.04269848278394288,0.04269848278394288
thetao,W20p0,9,14,0.04258580705531113,0.04258580705531113
so,W40p0,2,17,-0.04253434397835458,0.04253434397835458
thetao,W60p0,10,4,0.042428287799678215,0.042428287799678215
so,W30p0,6,7,-0.041947383388258694,0.041947383388258694
so,W40p0,10,15,-0.0419164293025131,0.0419164293025131
thetao,W60p0,10,20,-0.041756367919047466,0.041756367919047466
thetao,W10p0,3,19,-0.041641503332120834,0.041641503332120834
so,W40p0,3,18,-0.041637831401280995,0.041637831401280995
thetao,W10p0,2,12,0.04161645416034162,0.04161645416034162
thetao,W60p0,5,7,0.04135001689801343,0.04135001689801343
thetao,W60p0,8,15,-0.04133422062996709,0.04133422062996709
thetao,W60p0,3,8,-0.04120447105612196,0.04120447105612196
so,W40p0,4,11,0.04114494575851167,0.04114494575851167
thetao,W30p0,1,11,0.04111529045951449,0.04111529045951449
so,W40p0,7,16,-0.041006914911468094,0.041006914911468094
thetao,W10p0,9,8,-0.04090182447608704,0.04090182447608704
thetao,W60p0,2,17,-0.040861989971641706,0.040861989971641706
thetao,W20p0,8,17,0.040792106196474595,0.040792106196474595
thetao,W60p0,6,6,-0.04072067197034406,0.04072067197034406
thetao,W10p0,9,0,0.040676355838815646,0.040676355838815646
so,W10p0,5,16,0.040522391355388106,0.040522391355388106
so,W40p0,6,17,0.04040999023738393,0.04040999023738393
so,W20p0,10,10,0.04014835099826562,0.04014835099826562
thetao,W10p0,9,12,0.04011459656042145,0.04011459656042145
thetao,W10p0,9,2,0.04009161814345221,0.04009161814345221
so,W10p0,6,4,0.03998660565168914,0.03998660565168914
thetao,W20p0,4,3,0.039977303710119295,0.039977303710119295
thetao,W40p0,4,16,-0.03989019831852255,0.03989019831852255
so,W40p0,1,7,-0.039868321278402716,0.039868321278402716
thetao,W20p0,8,16,0.03979579817842821,0.03979579817842821
thetao,W60p0,8,7,0.03959902000329076,0.03959902000329076
so,W40p0,10,4,-0.03959359756254288,0.03959359756254288
so,W40p0,8,18,0.03937066135950424,0.03937066135950424
so,W10p0,9,16,-0.03934628467263473,0.03934628467263473
thetao,W10p0,6,12,-0.03930762805414822,0.03930762805414822
so,W20p0,5,18,-0.039305027504868494,0.039305027504868494
so,W40p0,6,9,-0.03928164174950342,0.03928164174950342
thetao,W10p0,6,20,-0.03925149488985747,0.03925149488985747
so,W30p0,5,7,-0.039173099358666905,0.039173099358666905
so,W30p0,9,11,0.039060063669688484,0.039060063669688484
thetao,W20p0,7,5,0.03903679957845381,0.03903679957845381
thetao,W20p0,4,11,0.0389312350998703,0.0389312350998703
so,W30p0,3,10,0.038927160155466524,0.038927160155466524
so,W20p0,6,10,-0.03890131870129688,0.03890131870129688
so,W10p0,10,9,0.03886220247304397,0.03886220247304397
thetao,W30p0,1,14,0.0387893820693391,0.0387893820693391
so,W20p0,9,3,-0.03874199860879166,0.03874199860879166
so,W60p0,5,17,-0.038706726550142255,0.038706726550142255
so,W30p0,4,9,0.03868119146686197,0.03868119146686197
so,W40p0,10,20,-0.038606904945795315,0.038606904945795315
so,W20p0,10,5,-0.03838969962304991,0.03838969962304991
thetao,W30p0,9,12,-0.038316195665496204,0.038316195665496204
thetao,W10p0,8,14,0.0382873103993111,0.0382873103993111
so,W20p0,5,8,0.03823530877870584,0.03823530877870584
thetao,W30p0,9,5,-0.03822727316789961,0.03822727316789961
so,W20p0,2,12,0.0379841590902605,0.0379841590902605
so,W30p0,2,7,0.03784294347267643,0.03784294347267643
so,W20p0,1,15,-0.03770538937813326,0.03770538937813326
so,W40p0,7,18,-0.03752047440234009,0.03752047440234009
so,W10p0,10,8,0.037512652641340676,0.037512652641340676
so,W30p0,1,13,-0.037485759236352924,0.037485759236352924
so,W40p0,4,10,-0.03731317540469764,0.03731317540469764
thetao,W20p0,2,20,0.037260895509303456,0.037260895509303456
so,W20p0,4,3,0.03708663679960795,0.03708663679960795
so,W10p0,7,17,0.03699579249888152,0.03699579249888152
so,W20p0,7,6,-0.036945871004585636,0.036945871004585636
thetao,W60p0,2,0,-0.03692912627502277,0.03692912627502277
so,W10p0,9,18,-0.036928954422813964,0.036928954422813964
so,W60p0,8,11,0.03681556949798717,0.03681556949798717
so,W40p0,4,13,0.036797762532161486,0.036797762532161486
so,W40p0,6,11,-0.03665410170026116,0.03665410170026116
thetao,W10p0,2,11,0.03638176515538225,0.03638176515538225
thetao,W20p0,4,7,0.036272782542476914,0.036272782542476914
so,W30p0,9,5,0.03615523402362973,0.03615523402362973
thetao,W60p0,1,9,0.0360907951824779,0.0360907951824779
thetao,W20p0,10,8,0.03606492262653113,0.03606492262653113
so,W10p0,3,11,-0.03589853706392505,0.03589853706392505
so,W10p0,3,8,-0.0357940517569024,0.0357940517569024
so,W10p0,6,14,-0.035746470039820545,0.035746470039820545
thetao,W10p0,6,9,0.03559384962113426,0.03559384962113426
so,W40p0,8,12,-0.03540220204564197,0.03540220204564197
so,W40p0,5,11,0.03535365363195784,0.03535365363195784
thetao,W60p0,1,10,0.03534614051269716,0.03534614051269716
so,W20p0,8,8,-0.03518755161300786,0.03518755161300786
so,W20p0,5,9,0.03516454203289692,0.03516454203289692
so,W40p0,2,16,0.03499997225252877,0.03499997225252877
so,W60p0,2,20,0.034951800275223426,0.034951800275223426
so,W60p0,5,20,-0.034844643342508586,0.034844643342508586
so,W20p0,2,13,0.03462914518196691,0.03462914518196691
thetao,W20p0,4,10,0.03461107311000882,0.03461107311000882
so,W40p0,7,1,-0.0344062686813408,0.0344062686813408
thetao,W40p0,6,4,0.03437331966513604,0.03437331966513604
thetao,W20p0,9,4,-0.0343390977570898,0.0343390977570898
thetao,W60p0,6,0,0.03431962058221822,0.03431962058221822
so,W30p0,1,14,-0.03417451316841,0.03417451316841
so,W30p0,10,7,-0.03413261920112218,0.03413261920112218
so,W40p0,9,10,-0.03403338806824936,0.03403338806824936
thetao,W20p0,8,10,0.0338971599644042,0.0338971599644042
so,W20p0,1,14,0.03389320166068495,0.03389320166068495
thetao,W10p0,4,8,0.03373136652428895,0.03373136652428895
so,W20p0,4,19,-0.03364773688891275,0.03364773688891275
thetao,W20p0,9,5,-0.033642347309637,0.033642347309637
so,W10p0,7,18,0.03363598942137659,0.03363598942137659
thetao,W30p0,2,2,-0.03362350485391405,0.03362350485391405
thetao,W60p0,2,13,0.03356237979648602,0.03356237979648602
so,W20p0,5,1,-0.03352912180025055,0.03352912180025055
thetao,W40p0,9,14,-0.033452777335238965,0.033452777335238965
thetao,W60p0,10,11,-0.033324490990704975,0.033324490990704975
so,W60p0,3,15,-0.03331712502756446,0.03331712502756446
thetao,W30p0,4,10,-0.03303455286957886,0.03303455286957886
thetao,W30p0,2,14,0.03292050711178721,0.03292050711178721
so,W30p0,9,18,-0.03288975317492347,0.03288975317492347
so,W40p0,10,0,0.03282669944685541,0.03282669944685541
so,W30p0,3,13,0.032723865730087266,0.032723865730087266
so,W20p0,8,5,0.03271602220540874,0.03271602220540874
so,W60p0,10,2,-0.03269109368708009,0.03269109368708009
thetao,W40p0,9,19,-0.03261389715455763,0.03261389715455763
thetao,W10p0,5,7,0.03260333052020838,0.03260333052020838
so,W60p0,10,14,-0.03258147250354286,0.03258147250354286
thetao,W60p0,10,9,0.03254846199788196,0.03254846199788196
thetao,W60p0,2,10,0.0325223856604192,0.0325223856604192
so,W20p0,3,14,-0.032497760676403455,0.032497760676403455
so,W30p0,1,4,0.032275078421820966,0.032275078421820966
so,W10p0,2,13,-0.03223183001057807,0.03223183001057807
so,W60p0,3,16,-0.03220094311942397,0.03220094311942397
thetao,W60p0,1,12,0.03215925198534537,0.03215925198534537
so,W40p0,6,14,-0.032149476135596065,0.032149476135596065
so,W10p0,10,11,-0.032119301880905816,0.032119301880905816
so,W60p0,6,19,-0.03211110017016108,0.03211110017016108
so,W40p0,5,6,0.03198676077292822,0.03198676077292822
thetao,W10p0,5,11,-0.03188134508031454,0.03188134508031454
thetao,W10p0,8,5,-0.031878539637606534,0.031878539637606534
thetao,W30p0,10,8,-0.03187550286928718,0.03187550286928718
thetao,W30p0,9,4,0.0315994509122014,0.0315994509122014
thetao,W10p0,5,14,-0.03153772964686457,0.03153772964686457
so,W60p0,10,17,-0.03142267821471014,0.03142267821471014
thetao,W30p0,8,16,-0.031389359879637,0.031389359879637
thetao,W60p0,8,19,-0.03134924332045218,0.03134924332045218
thetao,W30p0,7,13,0.03131647369573348,0.03131647369573348
thetao,W20p0,8,12,0.031147982592251683,0.031147982592251683
so,W10p0,8,13,0.03107843157973435,0.03107843157973435
thetao,W30p0,7,19,0.03107369748888234,0.03107369748888234
so,W40p0,5,15,0.031050648909149315,0.031050648909149315
thetao,W60p0,8,14,0.030985286197937403,0.030985286197937403
so,W40p0,8,4,-0.03096575413478092,0.03096575413478092
thetao,W60p0,5,9,-0.030951665846199405,0.030951665846199405
so,W20p0,1,16,-0.030874220731500625,0.030874220731500625
so,W40p0,3,11,0.03081730205729366,0.03081730205729366
thetao,W30p0,5,14,-0.03054421370165594,0.03054421370165594
so,W30p0,6,4,-0.03050771221849443,0.03050771221849443
so,W40p0,6,20,0.03048914310008996,0.03048914310008996
so,W30p0,6,5,-0.030347892173663005,0.030347892173663005
thetao,W40p0,6,19,-0.030267890107987677,0.030267890107987677
thetao,W20p0,4,13,-0.030204283690023464,0.030204283690023464
thetao,W30p0,2,12,0.030005693485164218,0.030005693485164218
thetao,W20p0,7,1,0.02999593716007251,0.02999593716007251
thetao,W20p0,4,12,0.02995628775563069,0.02995628775563069
so,W60p0,2,17,0.02994106556353548,0.02994106556353548
so,W20p0,5,7,0.02994101213150431,0.02994101213150431
thetao,W30p0,7,5,0.02943333774039148,0.02943333774039148
so,W30p0,2,11,0.029421595415588846,0.029421595415588846
thetao,W30p0,8,18,-0.029376389591367753,0.029376389591367753
thetao,W20p0,5,1,0.029346035615491,0.029346035615491
so,W60p0,10,8,-0.029313779747576235,0.029313779747576235
so,W30p0,7,11,-0.029237942529745698,0.029237942529745698
thetao,W30p0,5,13,-0.02916158832402083,0.02916158832402083
so,W20p0,5,6,-0.029132735164553118,0.029132735164553118
so,W30p0,2,1,-0.029024881632939082,0.029024881632939082
so,W10p0,1,10,0.02901527537055009,0.02901527537055009
so,W20p0,2,3,-0.02893497617263508,0.02893497617263508
thetao,W30p0,7,6,0.028914705384135746,0.028914705384135746
thetao,W60p0,10,18,0.028551234489524503,0.028551234489524503
thetao,W10p0,4,7,0.02854545280267903,0.02854545280267903
thetao,W10p0,4,2,0.02853813854657692,0.02853813854657692
thetao,W10p0,8,4,-0.028321044988809572,0.028321044988809572
thetao,W30p0,8,19,0.02831913202830528,0.02831913202830528
so,W10p0,6,1,-0.028276362302268255,0.028276362302268255
so,W10p0,5,18,-0.028239066943306447,0.028239066943306447
thetao,W60p0,9,6,-0.028119524745200308,0.028119524745200308
thetao,W40p0,1,12,0.028014948893998717,0.028014948893998717
thetao,W10p0,1,11,0.02796800373300438,0.02796800373300438
thetao,W40p0,8,10,0.027898353938263343,0.027898353938263343
thetao,W10p0,3,1,0.02783433686243286,0.02783433686243286
so,W30p0,6,3,-0.027796735385838028,0.027796735385838028
thetao,W20p0,7,4,0.027762544058073758,0.027762544058073758
so,W60p0,3,3,-0.02774089734605811,0.02774089734605811
so,W20p0,4,18,-0.027729684377400164,0.027729684377400164
so,W10p0,1,0,0.027616670128011066,0.027616670128011066
thetao,W60p0,6,12,0.027570740977109563,0.027570740977109563
so,W10p0,7,3,0.02756185888376727,0.02756185888376727
so,W30p0,10,18,-0.0274840082311439,0.0274840082311439
thetao,W30p0,5,0,-0.027379796496500373,0.027379796496500373
thetao,W30p0,10,6,-0.027329189367484116,0.027329189367484116
thetao,W20p0,10,6,0.027316100128872912,0.027316100128872912
thetao,W20p0,4,18,0.027236803050987402,0.027236803050987402
so,W30p0,6,20,0.02718077942283021,0.02718077942283021
thetao,W10p0,3,7,-0.02717482986255302,0.02717482986255302
so,W30p0,6,2,0.027173269276429976,0.027173269276429976
so,W30p0,2,4,0.027160389406949363,0.027160389406949363
thetao,W30p0,10,9,-0.027115992778843998,0.027115992778843998
so,W60p0,5,12,-0.02702196754654805,0.02702196754654805
thetao,W10p0,6,3,-0.02693045347949974,0.02693045347949974
thetao,W10p0,9,13,-0.026865741151906784,0.026865741151906784
so,W60p0,7,13,0.026853078045343023,0.026853078045343023
so,W10p0,5,12,0.02682502107166776,0.02682502107166776
thetao,W60p0,10,15,0.026744855742756767,0.026744855742756767
thetao,W20p0,3,10,0.026738992542317007,0.026738992542317007
thetao,W30p0,10,7,-0.02665023991084656,0.02665023991084656
so,W10p0,3,14,0.02657815547672496,0.02657815547672496
thetao,W30p0,10,3,-0.02654910150389896,0.02654910150389896
thetao,W10p0,8,13,0.0264217051476442,0.0264217051476442
so,W60p0,10,18,-0.02640692322059495,0.02640692322059495
thetao,W10p0,8,11,-0.02629864169172167,0.02629864169172167
so,W40p0,7,6,-0.02627175093251921,0.02627175093251921
so,W10p0,10,6,-0.02623586003882432,0.02623586003882432
so,W60p0,7,7,-0.026186668229647485,0.026186668229647485
so,W40p0,10,19,-0.026171052026145895,0.026171052026145895
so,W10p0,10,10,-0.026136094439542706,0.026136094439542706
so,W40p0,10,1,0.026108159357409153,0.026108159357409153
so,W20p0,3,6,-0.025969767235444686,0.025969767235444686
thetao,W30p0,5,16,0.025952398471722826,0.025952398471722826
so,W40p0,8,6,-0.025518466104493712,0.025518466104493712
thetao,W30p0,8,17,-0.025479354963169137,0.025479354963169137
thetao,W60p0,2,7,0.025255512806550647,0.025255512806550647
thetao,W10p0,1,8,-0.02525325272994881,0.02525325272994881
thetao,W10p0,3,17,-0.025127402533787983,0.025127402533787983
so,W10p0,10,7,-0.025121348573451385,0.025121348573451385
thetao,W40p0,1,1,0.02506318586380382,0.02506318586380382
thetao,W10p0,1,7,0.025051387864015354,0.025051387864015354
thetao,W60p0,8,18,-0.024949948546682383,0.024949948546682383
so,W60p0,3,12,-0.024881828728492632,0.024881828728492632
thetao,W10p0,4,1,0.024863039776179336,0.024863039776179336
so,W40p0,3,13,0.024634972391151005,0.024634972391151005
so,W60p0,8,5,0.024634253919188505,0.024634253919188505
so,W30p0,9,6,-0.024543591447291256,0.024543591447291256
so,W20p0,7,19,0.024318867149587052,0.024318867149587052
thetao,W20p0,8,20,-0.024300267220844666,0.024300267220844666
so,W60p0,9,2,0.024297806037790342,0.024297806037790342
so,W10p0,9,14,-0.02423872268504546,0.02423872268504546
thetao,W20p0,4,5,0.02419150045740838,0.02419150045740838
so,W30p0,6,13,-0.024175194392078346,0.024175194392078346
thetao,W10p0,8,7,0.024170176257950673,0.024170176257950673
thetao,W20p0,5,2,0.024103703363069037,0.024103703363069037
so,W40p0,9,11,0.0240224228735424,0.0240224228735424
thetao,W10p0,4,11,-0.023961147881919963,0.023961147881919963
thetao,W20p0,8,18,-0.023924336993975174,0.023924336993975174
so,W10p0,9,3,-0.023903016203037808,0.023903016203037808
thetao,W20p0,4,4,-0.023893615345378875,0.023893615345378875
thetao,W10p0,8,8,0.02385225819493334,0.02385225819493334
so,W30p0,4,7,0.023795876860522924,0.023795876860522924
so,W30p0,1,19,-0.02368066902487053,0.02368066902487053
so,W10p0,4,0,-0.023557329853101022,0.023557329853101022
so,W30p0,4,19,0.023553137590038454,0.023553137590038454
so,W40p0,4,14,0.023522468586024713,0.023522468586024713
so,W20p0,1,4,0.023373850442450227,0.023373850442450227
thetao,W40p0,1,6,0.02335834871816419,0.02335834871816419
thetao,W60p0,7,3,0.02333176863819045,0.02333176863819045
so,W10p0,3,13,0.023241376412619297,0.023241376412619297
thetao,W30p0,9,6,-0.0228856132624719,0.0228856132624719
so,W30p0,10,6,0.022818581574111492,0.022818581574111492
thetao,W10p0,8,6,-0.02272320450479563,0.02272320450479563
thetao,W60p0,5,15,0.022681733473114564,0.022681733473114564
thetao,W30p0,3,10,-0.022654936521872723,0.022654936521872723
thetao,W40p0,8,19,0.022593182440404314,0.022593182440404314
so,W40p0,2,6,0.022497971912396834,0.022497971912396834
so,W10p0,5,15,-0.02247275884632706,0.02247275884632706
thetao,W10p0,6,10,0.022362546807338474,0.022362546807338474
so,W60p0,8,7,-0.022314036178059254,0.022314036178059254
so,W40p0,4,2,0.02221380443029776,0.02221380443029776
thetao,W60p0,5,14,0.02215046794822267,0.02215046794822267
so,W10p0,1,13,-0.022129505124860484,0.022129505124860484
so,W20p0,9,13,0.022114510794099727,0.022114510794099727
so,W40p0,3,10,0.021967829901372974,0.021967829901372974
so,W40p0,3,0,0.02188324470137561,0.02188324470137561
thetao,W60p0,9,11,-0.021824438933362406,0.021824438933362406
thetao,W30p0,7,7,0.02173172227566029,0.02173172227566029
so,W30p0,10,9,-0.021559237096407977,0.021559237096407977
so,W60p0,3,13,-0.02141433398661101,0.02141433398661101
thetao,W20p0,3,13,0.021291309926672275,0.021291309926672275
so,W20p0,1,9,-0.021128969464705268,0.021128969464705268
so,W10p0,1,15,-0.02096098966083045,0.02096098966083045
so,W10p0,3,7,-0.020928685143681094,0.020928685143681094
thetao,W60p0,9,19,0.020819770048077727,0.020819770048077727
thetao,W30p0,8,8,-0.020633818195182414,0.020633818195182414
thetao,W40p0,4,15,-0.02057334654694996,0.02057334654694996
thetao,W20p0,8,3,0.020517982702210145,0.020517982702210145
so,W20p0,1,8,-0.02046078878345949,0.02046078878345949
thetao,W20p0,4,0,-0.020418634439277408,0.020418634439277408
so,W60p0,8,4,-0.020403978250529888,0.020403978250529888
thetao,W60p0,4,1,0.020380105323991853,0.020380105323991853
thetao,W10p0,3,18,-0.020364215766541943,0.020364215766541943
so,W40p0,10,8,0.02027801903561555,0.02027801903561555
thetao,W30p0,8,9,-0.020128857505216827,0.020128857505216827
so,W40p0,7,5,-0.020118439067613157,0.020118439067613157
thetao,W40p0,6,17,-0.01999657105606919,0.01999657105606919
so,W30p0,5,15,-0.019979506812531935,0.019979506812531935
so,W60p0,1,11,-0.01992913242894192,0.01992913242894192
thetao,W30p0,7,15,-0.019910404987001994,0.019910404987001994
thetao,W30p0,7,17,-0.019790052588296452,0.019790052588296452
so,W60p0,7,11,-0.01972825306583336,0.01972825306583336
thetao,W60p0,3,18,-0.019713432743404962,0.019713432743404962
thetao,W40p0,4,14,-0.019658879284186335,0.019658879284186335
so,W10p0,5,17,-0.019544008543850334,0.019544008543850334
so,W40p0,2,20,-0.019501660093733234,0.019501660093733234
thetao,W10p0,1,20,0.0194949053205291,0.0194949053205291
thetao,W60p0,8,6,0.019430263004378345,0.019430263004378345
so,W30p0,4,18,0.019273988070106454,0.019273988070106454
so,W20p0,7,8,-0.01922988229713387,0.01922988229713387
so,W20p0,1,2,-0.01920786454510479,0.01920786454510479
thetao,W40p0,8,15,0.019207063196500895,0.019207063196500895
so,W10p0,9,5,0.01919681074401828,0.01919681074401828
so,W30p0,7,3,-0.019183951558905656,0.019183951558905656
thetao,W10p0,9,1,0.019168949315481947,0.019168949315481947
thetao,W10p0,5,10,0.019137258086612673,0.019137258086612673
thetao,W10p0,7,0,-0.018933922289459976,0.018933922289459976
so,W10p0,3,5,-0.018828975379301394,0.018828975379301394
so,W10p0,3,9,0.018814897699184534,0.018814897699184534
thetao,W30p0,3,16,-0.01865645107257852,0.01865645107257852
so,W10p0,8,10,-0.01864498951978171,0.01864498951978171
so,W60p0,7,6,0.018583485552891504,0.018583485552891504
so,W30p0,5,6,0.018536203586987845,0.018536203586987845
so,W20p0,4,0,-0.018391153087498696,0.018391153087498696
so,W60p0,8,6,-0.018251717060431053,0.018251717060431053
thetao,W10p0,5,20,-0.018164888844838502,0.018164888844838502
thetao,W30p0,5,8,-0.01811771619486144,0.01811771619486144
so,W60p0,7,12,0.01806790045986832,0.01806790045986832
so,W40p0,8,16,0.018065589464006337,0.018065589464006337
thetao,W10p0,4,12,-0.017993370714241983,0.017993370714241983
so,W30p0,10,20,0.017978151509572136,0.017978151509572136
thetao,W30p0,1,17,0.017914586530224704,0.017914586530224704
thetao,W60p0,3,7,0.017911972534042465,0.017911972534042465
so,W20p0,2,17,0.017895420929860184,0.017895420929860184
so,W20p0,4,20,-0.017881528208699822,0.017881528208699822
thetao,W10p0,2,10,-0.017782225078316536,0.017782225078316536
thetao,W20p0,9,3,-0.01773813334881758,0.01773813334881758
so,W60p0,7,5,0.017681070002923602,0.017681070002923602
thetao,W20p0,1,14,-0.01766653461520752,0.01766653461520752
thetao,W40p0,10,17,-0.017580143909355427,0.017580143909355427
so,W20p0,3,7,-0.01757172139248756,0.01757172139248756
so,W10p0,4,6,0.01754163586022223,0.01754163586022223
thetao,W20p0,5,18,0.017459233331558223,0.017459233331558223
so,W20p0,4,15,0.01744263594952226,0.01744263594952226
so,W10p0,9,4,-0.017399772880687853,0.017399772880687853
so,W30p0,6,16,0.017390996544731065,0.017390996544731065
thetao,W60p0,8,13,-0.01716126944626942,0.01716126944626942
so,W20p0,4,17,-0.017061754236416152,0.017061754236416152
thetao,W20p0,7,14,0.016912942785367414,0.016912942785367414
thetao,W40p0,1,7,-0.016787100826934933,0.016787100826934933
thetao,W60p0,4,2,0.01675908216517511,0.01675908216517511
thetao,W20p0,8,11,-0.016748019953784107,0.016748019953784107
so,W60p0,9,10,0.016696040865300556,0.016696040865300556
thetao,W30p0,2,7,0.016603982608932276,0.016603982608932276
so,W60p0,6,9,0.01659604924606893,0.01659604924606893
so,W40p0,3,9,0.016398035018653882,0.016398035018653882
thetao,W30p0,4,12,-0.016299690232519357,0.016299690232519357
so,W20p0,7,15,0.016257756732903614,0.016257756732903614
thetao,W60p0,2,16,-0.016229522942784815,0.016229522942784815
so,W10p0,5,9,-0.016217286806697005,0.016217286806697005
so,W40p0,7,14,0.015989233174859774,0.015989233174859774
thetao,W20p0,5,8,-0.015919697850508934,0.015919697850508934
so,W30p0,9,2,0.015815213841420914,0.015815213841420914
so,W60p0,5,7,0.015673217724091748,0.015673217724091748
so,W40p0,8,10,-0.01556516793421493,0.01556516793421493
thetao,W30p0,3,13,-0.015459687333830671,0.015459687333830671
so,W40p0,7,15,-0.015409371662180713,0.015409371662180713
so,W40p0,3,15,0.015377985162918118,0.015377985162918118
thetao,W10p0,1,12,0.015295985429031501,0.015295985429031501
thetao,W10p0,4,10,-0.015247250543433672,0.015247250543433672
thetao,W30p0,7,18,0.015134161391205417,0.015134161391205417
so,W20p0,8,6,-0.015074106532250707,0.015074106532250707
so,W10p0,5,8,-0.015023271334456778,0.015023271334456778
thetao,W30p0,7,1,-0.01495267917931987,0.01495267917931987
so,W60p0,10,7,-0.014802618872316499,0.014802618872316499
thetao,W30p0,4,0,0.014721098474371624,0.014721098474371624
so,W30p0,5,4,0.014665071170284785,0.014665071170284785
so,W30p0,1,16,-0.014618906411609787,0.014618906411609787
so,W40p0,7,13,0.014557200316734777,0.014557200316734777
thetao,W60p0,10,12,-0.014490185120138195,0.014490185120138195
so,W60p0,6,18,0.014462621464418023,0.014462621464418023
so,W30p0,10,5,0.014406447347697884,0.014406447347697884
so,W20p0,4,13,0.014337604755141562,0.014337604755141562
thetao,W10p0,5,3,-0.0141048330420959,0.0141048330420959
so,W40p0,9,13,-0.014092287909211486,0.014092287909211486
so,W40p0,7,12,-0.013979362646257123,0.013979362646257123
thetao,W10p0,10,7,-0.013891536205120092,0.013891536205120092
so,W20p0,6,4,0.013853628832380484,0.013853628832380484
so,W30p0,1,2,-0.01376205268601019,0.01376205268601019
thetao,W60p0,8,5,-0.013751457272585133,0.013751457272585133
thetao,W20p0,4,16,0.013734922319064622,0.013734922319064622
so,W10p0,4,4,0.013725384988876276,0.013725384988876276
so,W10p0,3,0,0.013629712751485475,0.013629712751485475
so,W20p0,2,11,0.01350898215620991,0.01350898215620991
thetao,W60p0,10,16,-0.013470926210517993,0.013470926210517993
so,W20p0,9,20,0.013399445489625296,0.013399445489625296
thetao,W60p0,1,6,0.013399407622986312,0.013399407622986312
thetao,W60p0,1,17,-0.013363198548089403,0.013363198548089403
so,W10p0,5,11,-0.013239948102639634,0.013239948102639634
so,W20p0,9,17,-0.013141289283539652,0.013141289283539652
so,W20p0,1,17,-0.013134909962076754,0.013134909962076754
thetao,W40p0,1,10,0.012851877297649935,0.012851877297649935
so,W60p0,8,15,0.012823942615748554,0.012823942615748554
so,W40p0,5,14,0.012517804243915112,0.012517804243915112
so,W60p0,7,4,0.012078811599632333,0.012078811599632333
thetao,W30p0,8,20,0.012017636202781956,0.012017636202781956
so,W60p0,8,8,-0.011983728416343585,0.011983728416343585
so,W30p0,4,8,0.011937937857324527,0.011937937857324527
so,W60p0,8,0,-0.011885343965016077,0.011885343965016077
thetao,W60p0,4,20,0.011850104422967548,0.011850104422967548
thetao,W10p0,8,12,-0.011595566557553717,0.011595566557553717
thetao,W10p0,5,12,-0.011569880972297806,0.011569880972297806
thetao,W30p0,8,7,-0.011521259489679707,0.011521259489679707
thetao,W10p0,10,15,0.011450692507921014,0.011450692507921014
so,W20p0,10,6,-0.011321466981146567,0.011321466981146567
thetao,W40p0,5,15,-0.01120303146849625,0.01120303146849625
thetao,W60p0,1,8,0.011037915377289563,0.011037915377289563
so,W20p0,7,20,-0.011004911703105035,0.011004911703105035
so,W10p0,4,5,0.010984543093609746,0.010984543093609746
so,W60p0,10,16,-0.010893693473607908,0.010893693473607908
thetao,W60p0,8,3,-0.01057558492372438,0.01057558492372438
so,W30p0,7,2,-0.010543781001636587,0.010543781001636587
so,W60p0,2,19,-0.01053846791085211,0.01053846791085211
thetao,W30p0,7,8,-0.01053819990296332,0.01053819990296332
thetao,W30p0,10,4,-0.010514307212026308,0.010514307212026308
thetao,W40p0,7,6,-0.010290280873297997,0.010290280873297997
so,W20p0,3,8,-0.010098997690454125,0.010098997690454125
thetao,W40p0,9,12,-0.009817780177537245,0.009817780177537245
so,W10p0,2,10,0.009783764405101512,0.009783764405101512
so,W60p0,5,18,0.009782327649897393,0.009782327649897393
thetao,W60p0,8,9,-0.009716475087559734,0.009716475087559734
so,W10p0,6,5,-0.009655183578957078,0.009655183578957078
thetao,W60p0,4,15,-0.009597643985382992,0.009597643985382992
thetao,W20p0,4,9,0.009530422750362628,0.009530422750362628
thetao,W30p0,7,3,-0.009455567342457456,0.009455567342457456
thetao,W10p0,9,3,0.009442572459290203,0.009442572459290203
so,W40p0,6,7,0.009342704967106763,0.009342704967106763
thetao,W60p0,5,16,0.009288393995912015,0.009288393995912015
so,W10p0,5,13,0.009270639384116569,0.009270639384116569
so,W10p0,9,17,0.009108602863260758,0.009108602863260758
thetao,W10p0,6,11,0.009069860679837845,0.009069860679837845
so,W60p0,5,19,0.008986459087614142,0.008986459087614142
so,W30p0,2,8,-0.00891250180271453,0.00891250180271453
thetao,W20p0,5,0,-0.008774912508327015,0.008774912508327015
so,W40p0,10,2,-0.008749468227283582,0.008749468227283582
so,W10p0,2,7,-0.008626902732474451,0.008626902732474451
thetao,W20p0,3,15,-0.008528093749084264,0.008528093749084264
so,W20p0,9,2,-0.008432948746812444,0.008432948746812444
so,W40p0,8,8,0.008313855035825683,0.008313855035825683
so,W60p0,2,18,-0.008254067196919464,0.008254067196919464
so,W20p0,8,10,-0.008214238827338719,0.008214238827338719
so,W10p0,2,20,-0.008176045273674956,0.008176045273674956
so,W60p0,6,17,0.008158645478775088,0.008158645478775088
so,W10p0,7,1,0.008098929698424736,0.008098929698424736
thetao,W40p0,6,18,-0.008094153409300536,0.008094153409300536
thetao,W20p0,9,6,-0.007892371684819393,0.007892371684819393
thetao,W20p0,4,19,-0.007719231126602875,0.007719231126602875
thetao,W60p0,7,12,-0.007641023437427968,0.007641023437427968
thetao,W60p0,5,2,-0.007598176175158617,0.007598176175158617
thetao,W10p0,6,8,0.007501521551376894,0.007501521551376894
so,W30p0,10,16,-0.007481610912264313,0.007481610912264313
so,W20p0,4,16,0.007280770710124244,0.007280770710124244
thetao,W20p0,1,6,0.007175694324482301,0.007175694324482301
so,W30p0,1,1,-0.007158574534685062,0.007158574534685062
so,W40p0,6,10,-0.007140090167944851,0.007140090167944851
thetao,W10p0,4,5,0.006826112338772646,0.006826112338772646
thetao,W60p0,8,8,0.006699441028290266,0.006699441028290266
thetao,W30p0,3,7,0.006689529446071879,0.006689529446071879
so,W30p0,7,12,-0.006665019374026264,0.006665019374026264
thetao,W30p0,4,9,-0.00654474239749909,0.00654474239749909
so,W10p0,10,20,0.006534320641315219,0.006534320641315219
so,W10p0,7,2,0.0065282214081235825,0.0065282214081235825
thetao,W60p0,2,6,-0.006506335016865273,0.006506335016865273
so,W10p0,4,7,0.006495223634051343,0.006495223634051343
thetao,W10p0,1,13,-0.006478000809844609,0.006478000809844609
so,W10p0,1,1,-0.006433455639430816,0.006433455639430816
thetao,W60p0,1,7,0.006293378336431767,0.006293378336431767
so,W20p0,6,5,0.005911366566770009,0.005911366566770009
thetao,W20p0,8,9,-0.005902159024066,0.005902159024066
so,W40p0,8,5,-0.005805282351281773,0.005805282351281773
so,W10p0,7,16,0.005771867564848562,0.005771867564848562
thetao,W10p0,7,18,0.0057397403588757235,0.0057397403588757235
thetao,W40p0,1,11,-0.005507961251467298,0.005507961251467298
thetao,W60p0,5,8,-0.005486033669945799,0.005486033669945799
so,W60p0,4,3,0.0054856900204631395,0.0054856900204631395
thetao,W60p0,8,4,0.0054394515788601695,0.0054394515788601695
so,W30p0,10,2,0.00538353540369683,0.00538353540369683
thetao,W60p0,10,17,0.005343774704346898,0.005343774704346898
so,W10p0,6,3,-0.00534129160634094,0.00534129160634094
so,W10p0,6,13,-0.005334857069780202,0.005334857069780202
so,W10p0,7,14,-0.005276851597352859,0.005276851597352859
thetao,W10p0,1,14,0.005245590613684918,0.005245590613684918
so,W30p0,4,20,0.0051077916929564635,0.0051077916929564635
so,W30p0,1,3,0.005026285855176246,0.005026285855176246
thetao,W10p0,5,4,-0.0048896681044886415,0.0048896681044886415
so,W30p0,4,2,-0.004888704984941273,0.004888704984941273
thetao,W30p0,10,5,0.004879015098700604,0.004879015098700604
so,W10p0,1,14,0.004828765491575281,0.004828765491575281
so,W60p0,1,20,0.00481239226680083,0.00481239226680083
thetao,W60p0,4,3,0.004712569337457572,0.004712569337457572
thetao,W40p0,9,13,0.004672190196329423,0.004672190196329423
thetao,W10p0,8,15,-0.0046559026834429775,0.0046559026834429775
so,W60p0,4,5,-0.00462181263976275,0.00462181263976275
thetao,W40p0,7,5,-0.004619631712261983,0.004619631712261983
so,W40p0,8,9,-0.004500360622543973,0.004500360622543973
thetao,W30p0,7,9,0.004490237796159618,0.004490237796159618
so,W60p0,5,1,-0.004284202131195215,0.004284202131195215
so,W60p0,8,9,-0.004243172183744312,0.004243172183744312
thetao,W20p0,4,17,0.00423507339120742,0.00423507339120742
thetao,W30p0,9,10,0.004079715868767707,0.004079715868767707
thetao,W40p0,9,18,-0.004028673581104933,0.004028673581104933
so,W20p0,4,4,-0.004014561868483781,0.004014561868483781
thetao,W60p0,10,10,0.0037698021856458646,0.0037698021856458646
so,W20p0,7,7,-0.0037269138259367245,0.0037269138259367245
so,W60p0,6,11,-0.0036224178918865483,0.0036224178918865483
so,W20p0,10,15,0.0034418938459253464,0.0034418938459253464
so,W10p0,5,14,-0.0033043017460006583,0.0033043017460006583
thetao,W60p0,3,4,-0.003266504030133335,0.003266504030133335
thetao,W10p0,1,10,0.003254663180746243,0.003254663180746243
so,W60p0,1,2,0.003161296519492706,0.003161296519492706
so,W30p0,6,6,-0.00313716801003539,0.00313716801003539
so,W40p0,4,3,0.003113874541849079,0.003113874541849079
so,W60p0,10,15,0.003047033233104893,0.003047033233104893
thetao,W60p0,5,17,0.0029840998808790924,0.0029840998808790924
thetao,W20p0,2,11,0.002967599967039756,0.002967599967039756
thetao,W10p0,8,9,-0.0027594250798710527,0.0027594250798710527
thetao,W60p0,9,13,0.0027481561890113585,0.0027481561890113585
thetao,W20p0,9,11,0.0026415858701190824,0.0026415858701190824
thetao,W20p0,10,5,-0.002571242950914143,0.002571242950914143
thetao,W40p0,2,13,0.002564904493491073,0.002564904493491073
thetao,W20p0,4,15,-0.0024004667685715722,0.0024004667685715722
thetao,W60p0,10,19,0.002355379615659614,0.002355379615659614
so,W40p0,2,0,-0.00224569175734817,0.00224569175734817
thetao,W60p0,1,19,-0.0020969486718581637,0.0020969486718581637
so,W60p0,6,12,-0.0019341417556107817,0.0019341417556107817
so,W10p0,4,12,0.0019313078067932116,0.0019313078067932116
thetao,W10p0,4,6,-0.00189604644626991,0.00189604644626991
so,W20p0,1,0,-0.0017925284811272349,0.0017925284811272349
thetao,W60p0,9,5,-0.001685263986695405,0.001685263986695405
thetao,W30p0,3,9,-0.0014999927298098802,0.0014999927298098802
so,W30p0,5,5,-0.0014820861360483504,0.0014820861360483504
so,W20p0,4,2,-0.001423107670811164,0.001423107670811164
thetao,W20p0,6,15,0.0014152292562950692,0.0014152292562950692
thetao,W10p0,8,16,-0.00128003274421601,0.00128003274421601
thetao,W40p0,6,20,-0.0011202784609750543,0.0011202784609750543
so,W20p0,4,9,-0.0009623474280689158,0.0009623474280689158
thetao,W10p0,7,13,0.0009359818576656051,0.0009359818576656051
so,W30p0,10,17,-0.0009030758030083807,0.0009030758030083807
so,W40p0,8,17,0.0008512252732110744,0.0008512252732110744
so,W40p0,3,12,0.0007011779432051968,0.0007011779432051968
thetao,W10p0,6,4,-0.0006052352562421318,0.0006052352562421318
thetao,W30p0,6,19,-0.0005542422514234291,0.0005542422514234291
thetao,W10p0,2,3,-0.0005035409835482715,0.0005035409835482715
thetao,W60p0,8,2,-0.00048499858238204753,0.00048499858238204753
so,W10p0,1,12,0.0004095928951051431,0.0004095928951051431
so,W30p0,1,15,-0.00039008794985028616,0.00039008794985028616
so,W40p0,6,15,-0.00025572429015232814,0.00025572429015232814
so,W30p0,9,20,1.9416217746143238e-05,1.9416217746143238e-05
thetao,W10p0,4,16,1.3716730814873895e-05,1.3716730814873895e-05
so,W20p0,10,16,7.8816945090627e-08,7.8816945090627e-08
