var,lon_tag,mode,lag,corr,abs_corr
thetao,W60p0,10,0,-0.55340794543818,0.55340794543818
so,W60p0,2,3,0.534614645765216,0.534614645765216
so,W60p0,2,2,0.5135721360117202,0.5135721360117202
thetao,W20p0,2,6,-0.5030667605797855,0.5030667605797855
so,W40p0,1,0,0.4959260694220085,0.4959260694220085
thetao,W20p0,2,5,-0.4958637384104914,0.4958637384104914
so,W40p0,2,2,-0.49539686394239535,0.49539686394239535
so,W60p0,2,4,0.49338988262060135,0.49338988262060135
so,W30p0,8,2,0.49270627723200394,0.49270627723200394
thetao,W10p0,4,7,0.49228786221693477,0.49228786221693477
so,W60p0,1,0,0.49177607544483143,0.49177607544483143
thetao,W10p0,4,8,0.48436044495334235,0.48436044495334235
thetao,W10p0,4,9,0.48407030468026957,0.48407030468026957
so,W30p0,8,3,0.460599421280746,0.460599421280746
so,W30p0,2,0,-0.45886246939112724,0.45886246939112724
so,W60p0,1,1,0.454329593091105,0.454329593091105
so,W30p0,5,15,-0.45257331284895236,0.45257331284895236
thetao,W10p0,4,6,0.45047989313025605,0.45047989313025605
thetao,W60p0,10,1,-0.4478721225972967,0.4478721225972967
so,W10p0,2,9,0.44506817493949047,0.44506817493949047
so,W10p0,2,10,0.44197463750863464,0.44197463750863464
so,W40p0,2,3,-0.441849814425687,0.441849814425687
so,W60p0,2,1,0.4416157541677101,0.4416157541677101
thetao,W20p0,2,7,-0.4375626730484866,0.4375626730484866
thetao,W10p0,4,10,0.43142914409751454,0.43142914409751454
thetao,W10p0,10,10,-0.43025637503940817,0.43025637503940817
so,W40p0,2,1,-0.42948684045701246,0.42948684045701246
thetao,W60p0,1,18,-0.4289039245775441,0.4289039245775441
so,W30p0,1,9,0.42886767408666693,0.42886767408666693
so,W60p0,10,0,-0.42814113790512887,0.42814113790512887
thetao,W30p0,6,10,-0.42772843309266717,0.42772843309266717
so,W10p0,7,3,-0.42531036253201104,0.42531036253201104
thetao,W10p0,10,9,-0.42447652007997866,0.42447652007997866
so,W20p0,2,7,-0.42417830974467535,0.42417830974467535
so,W30p0,1,8,0.42389324830059094,0.42389324830059094
thetao,W60p0,1,19,-0.422165289767263,0.422165289767263
thetao,W10p0,10,11,-0.4196052060905493,0.4196052060905493
thetao,W60p0,1,4,0.4194761244099502,0.4194761244099502
thetao,W60p0,1,3,0.4189628913052202,0.4189628913052202
so,W10p0,7,4,-0.4187516136010498,0.4187516136010498
so,W40p0,7,0,-0.4184965659571003,0.4184965659571003
thetao,W20p0,2,4,-0.4177984345398552,0.4177984345398552
so,W40p0,1,1,0.4152671527853275,0.4152671527853275
so,W30p0,5,14,-0.4132745446475759,0.4132745446475759
thetao,W60p0,4,10,-0.41201012114862096,0.41201012114862096
thetao,W30p0,6,9,-0.4110398940727601,0.4110398940727601
so,W60p0,2,18,-0.4105202383612511,0.4105202383612511
thetao,W20p0,2,20,0.4104195946008932,0.4104195946008932
so,W10p0,2,11,0.40898264777338766,0.40898264777338766
so,W60p0,2,5,0.4085526564826067,0.4085526564826067
so,W10p0,7,14,0.40812107751211746,0.40812107751211746
so,W40p0,3,3,-0.4074691827589445,0.4074691827589445
so,W10p0,2,8,0.4063643824021214,0.4063643824021214
so,W30p0,5,16,-0.40281856682366746,0.40281856682366746
so,W40p0,3,4,-0.400476260378641,0.400476260378641
so,W60p0,2,17,-0.4004400516309169,0.4004400516309169
so,W20p0,2,8,-0.3997879658205741,0.3997879658205741
so,W20p0,2,6,-0.39913302172393866,0.39913302172393866
thetao,W20p0,2,8,-0.39892359008866185,0.39892359008866185
thetao,W60p0,4,9,-0.3988688469998668,0.3988688469998668
thetao,W40p0,6,10,-0.39739215510684417,0.39739215510684417
thetao,W30p0,1,5,-0.39694448920991543,0.39694448920991543
thetao,W40p0,6,11,-0.3960745934958234,0.3960745934958234
thetao,W30p0,1,6,-0.39515315667817463,0.39515315667817463
thetao,W40p0,2,10,-0.39288502796514596,0.39288502796514596
so,W30p0,8,4,0.392852485677369,0.392852485677369
thetao,W60p0,4,11,-0.3922046967523639,0.3922046967523639
thetao,W60p0,1,5,0.3910585180583579,0.3910585180583579
thetao,W10p0,4,5,0.38973174669430377,0.38973174669430377
thetao,W60p0,8,6,0.3895712668816747,0.3895712668816747
thetao,W40p0,1,0,-0.3891757664216084,0.3891757664216084
so,W60p0,2,19,-0.3870668132733767,0.3870668132733767
thetao,W60p0,8,5,0.3869255944157516,0.3869255944157516
so,W20p0,2,9,-0.38582328393827825,0.38582328393827825
so,W40p0,2,9,0.38486743605402995,0.38486743605402995
thetao,W60p0,1,17,-0.381351785855863,0.381351785855863
so,W20p0,6,19,-0.38093259974060434,0.38093259974060434
thetao,W40p0,2,9,-0.3807753773779828,0.3807753773779828
so,W10p0,2,0,-0.3806661768577583,0.3806661768577583
so,W10p0,7,13,0.37984104199707475,0.37984104199707475
so,W10p0,7,2,-0.3793193977071876,0.3793193977071876
so,W10p0,2,1,-0.37622626542135634,0.37622626542135634
so,W30p0,1,10,0.37621154205555185,0.37621154205555185
so,W30p0,5,13,-0.3754935278169046,0.3754935278169046
so,W30p0,5,12,-0.37429343524931996,0.37429343524931996
thetao,W20p0,2,19,0.3739606410054795,0.3739606410054795
thetao,W30p0,1,4,-0.3731986450081882,0.3731986450081882
so,W30p0,8,1,0.37286835684425146,0.37286835684425146
so,W10p0,2,12,0.3707993748368971,0.3707993748368971
thetao,W40p0,6,1,0.37034534252374585,0.37034534252374585
so,W30p0,1,7,0.3695933802474615,0.3695933802474615
so,W40p0,2,10,0.36902977983539165,0.36902977983539165
thetao,W30p0,6,11,-0.36879896192676453,0.36879896192676453
thetao,W60p0,1,20,-0.366758449925772,0.366758449925772
so,W30p0,5,17,-0.3665913898598679,0.3665913898598679
thetao,W30p0,9,8,0.3655714829319566,0.3655714829319566
so,W20p0,6,18,-0.36544833775559116,0.36544833775559116
so,W20p0,7,15,-0.3652071203538153,0.3652071203538153
so,W30p0,5,3,0.36376592290703774,0.36376592290703774
so,W10p0,7,5,-0.36181150929378153,0.36181150929378153
thetao,W60p0,1,2,0.35987560360146176,0.35987560360146176
thetao,W40p0,1,1,-0.3595099800785213,0.3595099800785213
thetao,W20p0,2,9,-0.35937658289496827,0.35937658289496827
so,W40p0,3,2,-0.35905801713558183,0.35905801713558183
thetao,W60p0,8,4,0.3589491722116444,0.3589491722116444
so,W30p0,3,5,0.3576568563706193,0.3576568563706193
so,W40p0,3,5,-0.35665040053790253,0.35665040053790253
so,W30p0,5,4,0.3563281548893598,0.3563281548893598
thetao,W30p0,6,14,-0.35522184939662865,0.35522184939662865
thetao,W40p0,6,12,-0.35129713278604735,0.35129713278604735
so,W30p0,3,6,0.3500431262889831,0.3500431262889831
so,W30p0,5,18,-0.3497370504370377,0.3497370504370377
thetao,W10p0,10,8,-0.34922379325784264,0.34922379325784264
so,W40p0,2,8,0.349129875897657,0.349129875897657
so,W30p0,5,19,-0.3483139537419095,0.3483139537419095
thetao,W40p0,6,9,-0.34816335197927156,0.34816335197927156
so,W20p0,6,2,0.34803941078209344,0.34803941078209344
so,W10p0,7,15,0.3480005766407696,0.3480005766407696
so,W30p0,3,4,0.34634782104587547,0.34634782104587547
so,W20p0,6,3,0.34213613521732955,0.34213613521732955
so,W40p0,2,11,0.3416139466514524,0.3416139466514524
thetao,W30p0,6,8,-0.34128428086507706,0.34128428086507706
thetao,W40p0,2,2,-0.34048641688782694,0.34048641688782694
thetao,W20p0,3,11,0.3401735778118564,0.3401735778118564
so,W60p0,1,2,0.3399728725925179,0.3399728725925179
thetao,W40p0,2,11,-0.33990989632236746,0.33990989632236746
thetao,W40p0,10,1,0.3396696621171467,0.3396696621171467
thetao,W40p0,8,5,-0.33885728578577073,0.33885728578577073
so,W30p0,4,2,-0.3387227628329402,0.3387227628329402
thetao,W10p0,4,11,0.33816838705954866,0.33816838705954866
so,W20p0,7,14,-0.33697128438276747,0.33697128438276747
so,W40p0,2,12,0.33566222077463653,0.33566222077463653
so,W30p0,5,2,0.3348392581495565,0.3348392581495565
thetao,W60p0,1,6,0.3345997321031632,0.3345997321031632
so,W40p0,4,4,-0.3342837399861616,0.3342837399861616
so,W40p0,2,4,-0.3342701260218067,0.3342701260218067
so,W30p0,8,5,0.33375059260460876,0.33375059260460876
thetao,W20p0,2,18,0.33372521483156775,0.33372521483156775
thetao,W60p0,8,3,0.33364288886685534,0.33364288886685534
so,W10p0,7,1,-0.33352089219031406,0.33352089219031406
so,W40p0,4,3,-0.33244104388874746,0.33244104388874746
so,W30p0,3,3,0.33191931851269674,0.33191931851269674
so,W10p0,2,7,0.33150634086426295,0.33150634086426295
thetao,W30p0,1,3,-0.33046208376716457,0.33046208376716457
thetao,W40p0,6,0,0.3297767381623217,0.3297767381623217
thetao,W10p0,10,12,-0.32936105325077636,0.32936105325077636
thetao,W30p0,6,13,-0.32852983965405536,0.32852983965405536
thetao,W20p0,2,3,-0.32852431089257533,0.32852431089257533
thetao,W40p0,8,1,-0.32759973453402613,0.32759973453402613
so,W10p0,7,12,0.32466357644428706,0.32466357644428706
so,W10p0,2,13,0.3239307029461533,0.3239307029461533
thetao,W30p0,6,15,-0.3235775551723371,0.3235775551723371
so,W60p0,4,2,0.32328357308074607,0.32328357308074607
so,W40p0,4,18,0.32279899218938496,0.32279899218938496
thetao,W40p0,10,0,0.3224083554956077,0.3224083554956077
so,W30p0,9,9,-0.3214389976454714,0.3214389976454714
so,W30p0,9,10,-0.320618150052238,0.320618150052238
so,W20p0,6,17,-0.31996102323015,0.31996102323015
thetao,W20p0,5,14,-0.3194437964217548,0.3194437964217548
so,W30p0,4,18,0.31849465293505064,0.31849465293505064
so,W40p0,4,2,-0.3184028190320696,0.3184028190320696
so,W20p0,6,4,0.3181971637663018,0.3181971637663018
so,W30p0,5,11,-0.3163648910610549,0.3163648910610549
thetao,W20p0,6,15,-0.315781571900792,0.315781571900792
so,W20p0,2,10,-0.3155719450887805,0.3155719450887805
so,W60p0,2,20,-0.31530223380244726,0.31530223380244726
thetao,W30p0,4,1,0.31490592988062094,0.31490592988062094
thetao,W20p0,6,16,-0.3146075871701473,0.3146075871701473
thetao,W30p0,1,7,-0.31381381965896143,0.31381381965896143
thetao,W60p0,10,2,-0.31368060959612715,0.31368060959612715
thetao,W20p0,2,10,-0.31280552884267704,0.31280552884267704
so,W40p0,5,2,-0.3120179265571881,0.3120179265571881
so,W40p0,4,19,0.31151332161888123,0.31151332161888123
thetao,W20p0,2,17,0.31131333801629035,0.31131333801629035
so,W60p0,2,0,0.3111962251856684,0.3111962251856684
thetao,W30p0,9,7,0.3111342312213636,0.3111342312213636
so,W10p0,4,17,-0.3110841524405097,0.3110841524405097
so,W30p0,4,3,-0.31104458727091205,0.31104458727091205
thetao,W60p0,4,12,-0.3108186769449945,0.3108186769449945
thetao,W30p0,9,9,0.310719920959934,0.310719920959934
thetao,W20p0,5,13,-0.3093817612868755,0.3093817612868755
so,W30p0,1,11,0.3081074515460287,0.3081074515460287
so,W40p0,2,13,0.3075178834409969,0.3075178834409969
so,W40p0,9,3,-0.3073450511363575,0.3073450511363575
so,W20p0,6,20,-0.30721921494259774,0.30721921494259774
so,W10p0,2,2,-0.3071583487080106,0.3071583487080106
thetao,W40p0,8,4,-0.30710718645737073,0.30710718645737073
so,W40p0,10,11,0.30632405907329563,0.30632405907329563
thetao,W20p0,3,10,0.30618892120770286,0.30618892120770286
so,W60p0,4,3,0.30386173829697,0.30386173829697
so,W20p0,2,5,-0.3037777645927195,0.3037777645927195
so,W30p0,4,19,0.3037338688975137,0.3037338688975137
thetao,W20p0,6,14,-0.30357934237241124,0.30357934237241124
thetao,W20p0,3,12,0.30329932389871983,0.30329932389871983
thetao,W60p0,8,7,0.30294506698723017,0.30294506698723017
so,W40p0,7,1,-0.30257591395330746,0.30257591395330746
thetao,W20p0,5,15,-0.3021100750352677,0.3021100750352677
so,W40p0,9,2,-0.30153631813999243,0.30153631813999243
thetao,W30p0,6,16,-0.3005668504503192,0.3005668504503192
so,W10p0,7,0,-0.3003403453300142,0.3003403453300142
thetao,W30p0,6,12,-0.29992873746337695,0.29992873746337695
so,W40p0,4,17,0.29901541655471225,0.29901541655471225
thetao,W60p0,4,8,-0.2985699062508518,0.2985699062508518
thetao,W40p0,8,0,-0.2983491944081765,0.2983491944081765
thetao,W30p0,5,11,0.29822497071810417,0.29822497071810417
thetao,W60p0,6,16,0.29733702741456036,0.29733702741456036
so,W40p0,4,5,-0.29605301069101353,0.29605301069101353
thetao,W40p0,6,13,-0.295688920759157,0.295688920759157
so,W60p0,2,16,-0.29558437844413477,0.29558437844413477
thetao,W40p0,2,3,-0.2949096264318611,0.2949096264318611
so,W30p0,3,7,0.2947547250724676,0.2947547250724676
so,W10p0,10,7,-0.294617645833098,0.294617645833098
thetao,W20p0,6,17,-0.29295243386256903,0.29295243386256903
thetao,W40p0,2,8,-0.2921246098634555,0.2921246098634555
thetao,W20p0,2,11,-0.29209308793028327,0.29209308793028327
thetao,W30p0,1,19,0.29195651265897815,0.29195651265897815
so,W40p0,5,1,-0.2914048254094779,0.2914048254094779
so,W10p0,2,14,0.2907267561147831,0.2907267561147831
thetao,W60p0,4,4,-0.29009143497771056,0.29009143497771056
so,W30p0,1,6,0.2896262662498411,0.2896262662498411
so,W30p0,4,17,0.2887486594934512,0.2887486594934512
thetao,W20p0,5,12,-0.28816361512534266,0.28816361512534266
so,W60p0,9,7,0.2878748528016424,0.2878748528016424
thetao,W10p0,4,4,0.28754984351496726,0.28754984351496726
so,W40p0,1,2,0.2872578295968225,0.2872578295968225
so,W30p0,9,13,-0.28654797430637846,0.28654797430637846
so,W20p0,2,20,0.2864366139432588,0.2864366139432588
so,W40p0,10,12,0.2861178948401564,0.2861178948401564
thetao,W40p0,10,2,0.2861038809168798,0.2861038809168798
thetao,W40p0,3,13,0.28594961927655865,0.28594961927655865
thetao,W30p0,4,0,0.28587339511708265,0.28587339511708265
so,W30p0,5,5,0.2850990310164146,0.2850990310164146
thetao,W30p0,6,7,-0.2848495572811307,0.2848495572811307
thetao,W30p0,6,19,-0.2838273511899559,0.2838273511899559
so,W20p0,7,16,-0.28302176750736124,0.28302176750736124
so,W60p0,10,1,-0.2824143355000482,0.2824143355000482
so,W10p0,8,10,-0.2822538997346997,0.2822538997346997
so,W20p0,6,1,0.2818868807626168,0.2818868807626168
so,W30p0,3,2,0.28087750174981146,0.28087750174981146
so,W10p0,7,16,0.2801732434765776,0.2801732434765776
so,W10p0,1,8,-0.27872268673217687,0.27872268673217687
thetao,W30p0,7,14,-0.27867036112069143,0.27867036112069143
thetao,W40p0,9,9,-0.27866729882124913,0.27866729882124913
so,W10p0,7,6,-0.27857215646567085,0.27857215646567085
thetao,W20p0,7,6,0.27827546752171667,0.27827546752171667
thetao,W20p0,5,10,-0.27809292254238765,0.27809292254238765
so,W40p0,8,0,-0.27789926280884136,0.27789926280884136
thetao,W20p0,7,7,0.27719163752306836,0.27719163752306836
thetao,W30p0,6,20,-0.27697872711726385,0.27697872711726385
so,W60p0,2,6,0.27675121120194185,0.27675121120194185
so,W10p0,1,7,-0.27669375907209404,0.27669375907209404
so,W60p0,9,9,0.27643676509280024,0.27643676509280024
so,W40p0,9,4,-0.27591149914564433,0.27591149914564433
so,W10p0,10,8,-0.2755105504419484,0.2755105504419484
so,W40p0,3,1,-0.27529499498520116,0.27529499498520116
so,W30p0,5,1,0.2751770002147213,0.2751770002147213
so,W10p0,1,9,-0.27496296518184193,0.27496296518184193
so,W30p0,9,11,-0.2749627280201132,0.2749627280201132
so,W10p0,1,6,-0.2748177615905138,0.2748177615905138
so,W30p0,2,15,0.27459007752580217,0.27459007752580217
thetao,W10p0,10,7,-0.27454062644255156,0.27454062644255156
so,W30p0,5,10,-0.27448476803365235,0.27448476803365235
so,W60p0,9,6,0.27409130773194257,0.27409130773194257
thetao,W20p0,6,13,-0.27399039783116436,0.27399039783116436
thetao,W40p0,9,8,-0.2739267847233952,0.2739267847233952
thetao,W30p0,5,10,0.2731534106504725,0.2731534106504725
so,W20p0,3,6,0.272427516443449,0.272427516443449
thetao,W40p0,6,2,0.2723608272426122,0.2723608272426122
so,W20p0,6,16,-0.27224113615396883,0.27224113615396883
thetao,W30p0,1,18,0.27220105808415035,0.27220105808415035
thetao,W40p0,6,8,-0.2721904282074855,0.2721904282074855
so,W40p0,9,5,-0.27167925513944413,0.27167925513944413
thetao,W10p0,10,13,-0.2710122651036838,0.2710122651036838
so,W30p0,8,18,-0.2709141863634554,0.2709141863634554
so,W10p0,5,15,0.27026471241916217,0.27026471241916217
thetao,W40p0,8,6,-0.2697579299316434,0.2697579299316434
so,W60p0,7,2,0.26878675651348455,0.26878675651348455
so,W10p0,4,16,-0.2680609167211227,0.2680609167211227
so,W30p0,9,14,-0.2678564758133401,0.2678564758133401
so,W30p0,2,1,-0.26776268236467077,0.26776268236467077
so,W10p0,8,9,-0.2672552032022258,0.2672552032022258
thetao,W40p0,8,2,-0.2671232911841511,0.2671232911841511
thetao,W40p0,2,1,-0.2659874749846731,0.2659874749846731
thetao,W20p0,3,20,0.2654175647503621,0.2654175647503621
thetao,W20p0,7,8,0.26531461083774005,0.26531461083774005
so,W60p0,1,12,-0.2650267677170242,0.2650267677170242
thetao,W40p0,2,4,-0.2646636078246988,0.2646636078246988
so,W60p0,9,8,0.26415277604247034,0.26415277604247034
so,W30p0,7,0,-0.26379973504349047,0.26379973504349047
thetao,W20p0,5,11,-0.26377342076750104,0.26377342076750104
so,W40p0,4,20,0.2637633845787255,0.2637633845787255
thetao,W60p0,1,7,0.26352849342801166,0.26352849342801166
so,W40p0,9,7,-0.26319111343481316,0.26319111343481316
so,W60p0,5,12,0.26308173123219014,0.26308173123219014
thetao,W30p0,5,12,0.2627858269499924,0.2627858269499924
so,W60p0,7,1,0.26268746805709486,0.26268746805709486
thetao,W20p0,3,19,0.2621929076428029,0.2621929076428029
so,W10p0,10,16,-0.2621252065599133,0.2621252065599133
thetao,W20p0,6,18,-0.26211129881473183,0.26211129881473183
so,W40p0,9,6,-0.2615907161758376,0.2615907161758376
thetao,W30p0,1,2,-0.2613191074102935,0.2613191074102935
so,W30p0,5,20,-0.2607114617859319,0.2607114617859319
thetao,W20p0,6,12,-0.2602818357268995,0.2602818357268995
thetao,W40p0,8,3,-0.26026973398203235,0.26026973398203235
thetao,W40p0,9,0,0.2596597917742238,0.2596597917742238
so,W30p0,2,14,0.25961829075083515,0.25961829075083515
so,W30p0,8,6,0.259476380588661,0.259476380588661
thetao,W10p0,8,20,0.25946946061167503,0.25946946061167503
so,W10p0,4,18,-0.259348689066814,0.259348689066814
thetao,W30p0,6,17,-0.2590942289918251,0.2590942289918251
thetao,W60p0,4,5,-0.25863637861583,0.25863637861583
thetao,W30p0,3,10,-0.2585526797818176,0.2585526797818176
so,W40p0,2,14,0.25823259185858627,0.25823259185858627
thetao,W60p0,4,6,-0.25727159580299386,0.25727159580299386
so,W10p0,10,6,-0.25702636890307,0.25702636890307
thetao,W20p0,3,9,0.2569688114683516,0.2569688114683516
thetao,W20p0,3,13,0.25689377707082756,0.25689377707082756
so,W60p0,9,20,-0.2568571605589286,0.2568571605589286
thetao,W30p0,6,18,-0.25583886011108753,0.25583886011108753
thetao,W10p0,8,17,0.2557256037383405,0.2557256037383405
thetao,W20p0,5,16,-0.2555251780921734,0.2555251780921734
thetao,W30p0,3,11,-0.25543532166349997,0.25543532166349997
thetao,W10p0,6,11,0.25457323814473487,0.25457323814473487
so,W30p0,1,12,0.25410165299799164,0.25410165299799164
thetao,W40p0,1,2,-0.25360219829485575,0.25360219829485575
so,W40p0,9,20,0.2533841124293643,0.2533841124293643
so,W10p0,10,9,-0.2533404105517305,0.2533404105517305
so,W20p0,7,13,-0.2528027062480241,0.2528027062480241
so,W40p0,9,18,0.25244124238360033,0.25244124238360033
so,W20p0,2,11,-0.2521627114200737,0.2521627114200737
thetao,W10p0,8,18,0.2511235499027147,0.2511235499027147
so,W10p0,8,11,-0.2509020580156204,0.2509020580156204
so,W40p0,10,0,-0.2506436154690217,0.2506436154690217
thetao,W30p0,7,13,-0.25054391845118656,0.25054391845118656
so,W20p0,2,18,0.2500248952861411,0.2500248952861411
so,W40p0,1,14,-0.24990602460136335,0.24990602460136335
thetao,W10p0,8,19,0.24966194247586948,0.24966194247586948
so,W10p0,7,11,0.24943311155007522,0.24943311155007522
thetao,W40p0,5,7,0.24854903900886513,0.24854903900886513
so,W30p0,3,8,0.24823747466522017,0.24823747466522017
thetao,W10p0,9,15,0.24796001446673133,0.24796001446673133
thetao,W60p0,1,1,0.24752080736947885,0.24752080736947885
so,W40p0,4,16,0.24720975038316054,0.24720975038316054
so,W40p0,1,16,-0.2471010659066724,0.2471010659066724
so,W10p0,1,5,-0.24658243988671405,0.24658243988671405
so,W60p0,5,11,0.24642998775671746,0.24642998775671746
thetao,W40p0,10,20,0.2461736565831912,0.2461736565831912
thetao,W10p0,10,14,-0.2452027376535072,0.2452027376535072
so,W10p0,1,10,-0.24518215725100279,0.24518215725100279
so,W30p0,8,19,-0.2450845895076518,0.2450845895076518
so,W60p0,3,6,-0.24499718353728303,0.24499718353728303
so,W10p0,8,8,-0.2447894798390695,0.2447894798390695
so,W40p0,3,15,0.24392945048519554,0.24392945048519554
so,W40p0,4,1,-0.2438504960530839,0.2438504960530839
so,W20p0,1,10,-0.24350146485730714,0.24350146485730714
so,W10p0,2,15,0.24299702707543305,0.24299702707543305
thetao,W40p0,3,14,0.242690337334785,0.242690337334785
thetao,W60p0,4,7,-0.24267646890135416,0.24267646890135416
thetao,W10p0,5,10,0.24252957338504275,0.24252957338504275
so,W40p0,3,6,-0.24182840291366656,0.24182840291366656
thetao,W20p0,6,11,-0.24149496751261065,0.24149496751261065
so,W10p0,8,7,-0.2414476876825388,0.2414476876825388
so,W30p0,9,12,-0.24133485999900323,0.24133485999900323
thetao,W60p0,4,3,-0.2412703822706947,0.2412703822706947
thetao,W20p0,2,2,-0.24073008599677412,0.24073008599677412
thetao,W40p0,6,14,-0.24019658237058558,0.24019658237058558
thetao,W30p0,5,9,0.24008056437951059,0.24008056437951059
thetao,W20p0,5,9,-0.23977902806773801,0.23977902806773801
thetao,W10p0,3,2,0.23963328275525966,0.23963328275525966
so,W60p0,7,0,0.23950335400643857,0.23950335400643857
thetao,W60p0,6,15,0.2392193845985488,0.2392193845985488
so,W20p0,2,17,0.2384754708043435,0.2384754708043435
so,W30p0,8,20,-0.23846213481628198,0.23846213481628198
so,W20p0,1,8,-0.2375918422562725,0.2375918422562725
so,W40p0,8,1,-0.2374466895146429,0.2374466895146429
thetao,W60p0,10,14,0.23727756614475687,0.23727756614475687
thetao,W60p0,6,17,0.23676994244720398,0.23676994244720398
so,W20p0,3,5,0.23667862688522323,0.23667862688522323
so,W30p0,1,19,-0.23625977647615892,0.23625977647615892
so,W20p0,2,19,0.2360601993169944,0.2360601993169944
so,W30p0,3,1,0.23581427290548718,0.23581427290548718
thetao,W40p0,9,15,-0.23526871274129973,0.23526871274129973
so,W40p0,1,15,-0.23468110336815715,0.23468110336815715
so,W60p0,3,7,-0.23464184449092562,0.23464184449092562
so,W60p0,5,13,0.2342498303256686,0.2342498303256686
thetao,W10p0,6,17,0.2340902555598347,0.2340902555598347
thetao,W30p0,3,8,-0.23405657998939122,0.23405657998939122
so,W60p0,1,17,-0.2337767439732408,0.2337767439732408
thetao,W40p0,9,14,-0.2337079731923826,0.2337079731923826
thetao,W20p0,2,16,0.23366226799970827,0.23366226799970827
so,W30p0,9,8,-0.2336019350521503,0.2336019350521503
so,W20p0,6,5,0.23342090923439776,0.23342090923439776
thetao,W40p0,5,1,-0.2333858302114113,0.2333858302114113
thetao,W60p0,7,7,-0.23315295878988315,0.23315295878988315
so,W40p0,2,0,-0.23297126137611993,0.23297126137611993
thetao,W40p0,2,5,-0.23291357211204852,0.23291357211204852
so,W20p0,1,9,-0.2326215678823096,0.2326215678823096
thetao,W60p0,6,14,0.23238028162018753,0.23238028162018753
thetao,W10p0,6,10,0.23182724277966207,0.23182724277966207
thetao,W40p0,2,20,0.23154165150459494,0.23154165150459494
so,W40p0,9,17,0.2313585967622008,0.2313585967622008
so,W30p0,4,1,-0.2307326427432515,0.2307326427432515
thetao,W60p0,8,2,0.22966308414554554,0.22966308414554554
thetao,W30p0,3,9,-0.2294022024583983,0.2294022024583983
so,W10p0,3,8,-0.22938052336259568,0.22938052336259568
thetao,W30p0,1,20,0.22932230518723692,0.22932230518723692
thetao,W40p0,8,12,0.2291371571381484,0.2291371571381484
so,W10p0,2,6,0.22890784712761947,0.22890784712761947
thetao,W40p0,6,7,-0.2287405102100566,0.2287405102100566
thetao,W60p0,1,16,-0.22833089824447733,0.22833089824447733
thetao,W30p0,1,8,-0.22794048426470256,0.22794048426470256
so,W30p0,4,16,0.2273877249395491,0.2273877249395491
thetao,W20p0,7,9,0.22684754666097418,0.22684754666097418
thetao,W30p0,8,8,0.22675394653942846,0.22675394653942846
thetao,W30p0,9,10,0.22659678397326474,0.22659678397326474
so,W60p0,1,11,-0.22659623023223022,0.22659623023223022
so,W40p0,4,6,-0.22658859820979113,0.22658859820979113
thetao,W40p0,6,17,-0.2265148153376497,0.2265148153376497
so,W40p0,2,15,0.22571306103240868,0.22571306103240868
so,W60p0,1,16,-0.2256093389379374,0.2256093389379374
so,W60p0,5,0,-0.22527368989108662,0.22527368989108662
so,W40p0,1,3,0.22468405975112296,0.22468405975112296
thetao,W60p0,10,15,0.22454311562141618,0.22454311562141618
so,W20p0,3,7,0.22450948494265308,0.22450948494265308
thetao,W30p0,2,7,-0.22423548755782316,0.22423548755782316
thetao,W30p0,4,2,0.22407858424895405,0.22407858424895405
thetao,W40p0,2,7,-0.2240609655481381,0.2240609655481381
thetao,W40p0,5,2,-0.2235344259822988,0.2235344259822988
thetao,W20p0,2,12,-0.22314766995363314,0.22314766995363314
so,W60p0,5,1,-0.22296145550748045,0.22296145550748045
so,W10p0,10,5,-0.22294824257811482,0.22294824257811482
thetao,W20p0,3,18,0.2229238622615671,0.2229238622615671
so,W10p0,10,17,-0.22280384081150292,0.22280384081150292
thetao,W40p0,9,7,-0.22274714399514686,0.22274714399514686
thetao,W40p0,2,12,-0.22239161000764032,0.22239161000764032
so,W60p0,5,10,0.22152340922863972,0.22152340922863972
so,W30p0,5,0,0.22083220045522986,0.22083220045522986
thetao,W40p0,2,17,0.22030900664314632,0.22030900664314632
so,W60p0,6,9,0.22030483939237772,0.22030483939237772
thetao,W40p0,6,16,-0.22029829695661957,0.22029829695661957
thetao,W10p0,4,12,0.2202430856356731,0.2202430856356731
thetao,W30p0,6,6,-0.22011017180457587,0.22011017180457587
thetao,W40p0,6,15,-0.2199665733755401,0.2199665733755401
so,W30p0,1,5,0.2197842722418673,0.2197842722418673
so,W40p0,9,11,-0.21970112997703453,0.21970112997703453
so,W60p0,4,15,-0.21928804630692983,0.21928804630692983
thetao,W40p0,5,8,0.21916415987120538,0.21916415987120538
so,W60p0,6,13,0.21831194886571134,0.21831194886571134
thetao,W20p0,7,5,0.21818768679192901,0.21818768679192901
thetao,W40p0,5,6,0.218109438192432,0.218109438192432
so,W60p0,6,14,0.21785126765788912,0.21785126765788912
so,W60p0,6,15,0.21695115155304182,0.21695115155304182
so,W40p0,10,10,0.21675991232912173,0.21675991232912173
so,W10p0,10,15,-0.21623866120381863,0.21623866120381863
so,W10p0,10,10,-0.2159533975479735,0.2159533975479735
thetao,W30p0,9,12,0.2158709995151712,0.2158709995151712
thetao,W30p0,2,20,0.21546207184468238,0.21546207184468238
so,W40p0,1,13,-0.21521586437364573,0.21521586437364573
so,W30p0,8,17,-0.2151222549942297,0.2151222549942297
thetao,W10p0,4,3,0.2149751442421814,0.2149751442421814
so,W20p0,1,7,-0.21496634752271587,0.21496634752271587
so,W20p0,10,10,-0.21492520459799302,0.21492520459799302
thetao,W10p0,6,18,0.21466889705762923,0.21466889705762923
thetao,W30p0,9,6,0.21453551844288551,0.21453551844288551
so,W20p0,3,0,0.2144940135684146,0.2144940135684146
so,W10p0,4,15,-0.2144077229752338,0.2144077229752338
so,W10p0,8,6,-0.21393476163254602,0.21393476163254602
so,W60p0,6,11,0.21390404005892774,0.21390404005892774
so,W10p0,3,9,-0.21388049906552517,0.21388049906552517
so,W40p0,5,0,-0.2138218681126221,0.2138218681126221
so,W60p0,4,4,0.21379291616908958,0.21379291616908958
so,W40p0,5,10,-0.2135364130041795,0.2135364130041795
so,W10p0,4,19,-0.21349003338404662,0.21349003338404662
so,W10p0,7,17,0.21343487849690687,0.21343487849690687
thetao,W30p0,8,2,-0.21260989895988433,0.21260989895988433
so,W10p0,5,14,0.21164323995614176,0.21164323995614176
so,W10p0,4,20,-0.2115895639723453,0.2115895639723453
so,W10p0,1,11,-0.21152496312704255,0.21152496312704255
thetao,W10p0,3,3,0.21079910197143054,0.21079910197143054
thetao,W20p0,1,1,0.21069261751553678,0.21069261751553678
thetao,W20p0,1,0,0.21066140762082577,0.21066140762082577
so,W10p0,10,4,-0.21011507903766133,0.21011507903766133
thetao,W60p0,4,13,-0.20994600785238446,0.20994600785238446
so,W60p0,5,2,-0.20967169116887308,0.20967169116887308
so,W10p0,8,3,-0.20932274092693107,0.20932274092693107
so,W10p0,8,2,-0.2091457420198248,0.2091457420198248
thetao,W40p0,9,1,0.20857123158072516,0.20857123158072516
thetao,W20p0,6,19,-0.20847987112721855,0.20847987112721855
so,W60p0,1,13,-0.20847406856565737,0.20847406856565737
so,W30p0,2,16,0.208445000220111,0.208445000220111
so,W40p0,9,19,0.2082999352184753,0.2082999352184753
so,W60p0,2,15,-0.20811012150173933,0.20811012150173933
so,W40p0,1,18,-0.20777210203899596,0.20777210203899596
thetao,W40p0,3,12,0.20773711060330327,0.20773711060330327
so,W60p0,7,3,0.20766520377568254,0.20766520377568254
so,W30p0,1,20,-0.20735476035731976,0.20735476035731976
so,W60p0,6,17,0.20717735732494166,0.20717735732494166
so,W40p0,9,10,-0.20712555211937717,0.20712555211937717
thetao,W40p0,2,16,0.20609665110487932,0.20609665110487932
so,W40p0,6,0,-0.20569389020002593,0.20569389020002593
thetao,W10p0,6,16,0.20558278252552356,0.20558278252552356
thetao,W30p0,2,10,-0.2053535325553916,0.2053535325553916
so,W60p0,4,16,-0.20480747450418518,0.20480747450418518
thetao,W30p0,1,17,0.20478803015083538,0.20478803015083538
so,W60p0,6,16,0.2047473342939866,0.2047473342939866
so,W30p0,4,14,0.2045159459191368,0.2045159459191368
so,W40p0,7,20,-0.20429473380089602,0.20429473380089602
so,W40p0,8,11,-0.20403739192411582,0.20403739192411582
thetao,W60p0,7,6,-0.2040023288829991,0.2040023288829991
thetao,W10p0,5,11,0.2034107453492149,0.2034107453492149
so,W60p0,9,19,-0.20305975328891562,0.20305975328891562
thetao,W20p0,5,8,-0.2027920202929504,0.2027920202929504
so,W60p0,6,10,0.20261155284352078,0.20261155284352078
so,W30p0,1,18,-0.20248569598851693,0.20248569598851693
so,W10p0,2,16,0.20236302616796287,0.20236302616796287
so,W60p0,4,1,0.20181135788621984,0.20181135788621984
so,W30p0,5,9,-0.20142674158338914,0.20142674158338914
so,W10p0,7,7,-0.2013792021683185,0.2013792021683185
thetao,W10p0,6,9,0.20135843656759905,0.20135843656759905
so,W20p0,1,11,-0.20132039265552243,0.20132039265552243
so,W40p0,2,7,0.20113210938001258,0.20113210938001258
so,W40p0,10,13,0.20079622719301796,0.20079622719301796
thetao,W40p0,2,6,-0.2004343319396563,0.2004343319396563
so,W20p0,6,0,0.19967004157495874,0.19967004157495874
thetao,W40p0,6,18,-0.1992725140022377,0.1992725140022377
thetao,W40p0,2,19,0.19918772163174858,0.19918772163174858
thetao,W10p0,6,7,0.19909301689942582,0.19909301689942582
so,W10p0,3,7,-0.19898780634895982,0.19898780634895982
thetao,W10p0,7,4,0.19890247217535847,0.19890247217535847
so,W30p0,4,15,0.19866473694158102,0.19866473694158102
so,W20p0,6,15,-0.1982889584992132,0.1982889584992132
so,W20p0,2,4,-0.1981707104411503,0.1981707104411503
thetao,W30p0,7,16,-0.19805533093897162,0.19805533093897162
so,W10p0,3,6,-0.1975861514731255,0.1975861514731255
thetao,W10p0,9,16,0.19757352861832558,0.19757352861832558
so,W10p0,3,10,-0.1975167068532446,0.1975167068532446
thetao,W60p0,4,2,-0.19743116432029917,0.19743116432029917
thetao,W20p0,8,8,-0.19742727637843094,0.19742727637843094
so,W60p0,2,7,0.19726364552243023,0.19726364552243023
so,W30p0,1,13,0.19724585052186783,0.19724585052186783
so,W40p0,5,3,-0.19714230920395864,0.19714230920395864
thetao,W30p0,8,7,0.19707251017055666,0.19707251017055666
so,W10p0,10,11,-0.19700661485178006,0.19700661485178006
thetao,W60p0,6,18,0.19691845222033688,0.19691845222033688
so,W10p0,9,0,-0.19665840337727172,0.19665840337727172
so,W40p0,2,5,-0.1965697491834753,0.1965697491834753
so,W40p0,2,16,0.19639833404125487,0.19639833404125487
thetao,W40p0,1,3,-0.19596870570579328,0.19596870570579328
thetao,W60p0,2,2,-0.19553408983462223,0.19553408983462223
so,W60p0,1,3,0.19515085583427005,0.19515085583427005
so,W40p0,3,16,0.1950515186389115,0.1950515186389115
so,W60p0,3,8,-0.19490107832536308,0.19490107832536308
thetao,W40p0,3,20,0.19473334635967832,0.19473334635967832
thetao,W30p0,7,15,-0.19471581822611508,0.19471581822611508
so,W20p0,3,4,0.19448507145554492,0.19448507145554492
so,W40p0,1,17,-0.19427209082910774,0.19427209082910774
thetao,W40p0,9,2,0.19386769329788262,0.19386769329788262
so,W60p0,6,12,0.1935465236147108,0.1935465236147108
thetao,W60p0,5,0,0.19344626706544693,0.19344626706544693
so,W20p0,2,0,0.1933819134168493,0.1933819134168493
thetao,W60p0,6,13,0.19308330786674563,0.19308330786674563
so,W60p0,3,5,-0.1930112115742582,0.1930112115742582
thetao,W10p0,7,11,-0.19300427457811373,0.19300427457811373
thetao,W60p0,8,15,-0.19213437995268243,0.19213437995268243
thetao,W60p0,8,20,-0.19199901658179294,0.19199901658179294
so,W30p0,8,7,0.19193451824231647,0.19193451824231647
thetao,W10p0,6,19,0.191775847794809,0.191775847794809
so,W40p0,10,20,-0.19143076745181656,0.19143076745181656
thetao,W40p0,9,10,-0.19114390806906786,0.19114390806906786
thetao,W60p0,7,8,-0.1905626695017053,0.1905626695017053
thetao,W60p0,10,13,0.1904730877657783,0.1904730877657783
so,W60p0,9,10,0.19039768879782498,0.19039768879782498
so,W40p0,1,4,0.18985181585462652,0.18985181585462652
so,W10p0,6,0,0.18924162901938058,0.18924162901938058
thetao,W60p0,8,16,-0.18921966290799858,0.18921966290799858
so,W60p0,6,8,0.18878279767912112,0.18878279767912112
thetao,W30p0,2,9,-0.18869933470971206,0.18869933470971206
thetao,W30p0,1,9,-0.18821717556900186,0.18821717556900186
so,W20p0,1,12,-0.18811079835378627,0.18811079835378627
thetao,W30p0,9,11,0.18756661773217895,0.18756661773217895
so,W20p0,1,6,-0.18723601084966174,0.18723601084966174
thetao,W30p0,5,8,0.1872016219062084,0.1872016219062084
thetao,W10p0,10,6,-0.18719953829560054,0.18719953829560054
thetao,W60p0,9,1,0.18711881799335614,0.18711881799335614
so,W10p0,9,14,0.18711074150171628,0.18711074150171628
so,W30p0,2,8,-0.18669607981005842,0.18669607981005842
so,W20p0,4,14,-0.18663873456478897,0.18663873456478897
thetao,W40p0,2,18,0.18653131573487874,0.18653131573487874
thetao,W30p0,6,5,-0.1863875190052583,0.1863875190052583
so,W20p0,2,12,-0.18636860306472658,0.18636860306472658
thetao,W30p0,2,8,-0.18631812846195767,0.18631812846195767
so,W10p0,5,16,0.18626704568292002,0.18626704568292002
thetao,W30p0,9,0,-0.18602048481762273,0.18602048481762273
thetao,W10p0,8,16,0.18597269468370967,0.18597269468370967
so,W60p0,5,9,0.18572786541807298,0.18572786541807298
so,W10p0,4,14,-0.18565721024934376,0.18565721024934376
so,W40p0,5,16,0.18552480518465742,0.18552480518465742
thetao,W30p0,3,12,-0.18539329568292137,0.18539329568292137
thetao,W40p0,9,3,0.1853667937686211,0.1853667937686211
so,W40p0,3,14,0.1850237949284611,0.1850237949284611
thetao,W10p0,7,10,-0.18495607525252203,0.18495607525252203
thetao,W20p0,1,2,0.18486176666190637,0.18486176666190637
so,W60p0,10,19,-0.18485425645137557,0.18485425645137557
so,W40p0,3,0,-0.1844490013280093,0.1844490013280093
so,W10p0,7,18,0.18444817021511895,0.18444817021511895
so,W10p0,1,4,-0.18384045799139842,0.18384045799139842
so,W10p0,4,13,-0.18372141081968152,0.18372141081968152
thetao,W30p0,7,17,-0.18347854775638806,0.18347854775638806
so,W20p0,4,15,-0.18341599864205207,0.18341599864205207
so,W40p0,9,8,-0.1832321284177413,0.1832321284177413
so,W40p0,3,20,0.18322029631162376,0.18322029631162376
thetao,W40p0,10,3,0.18297366167482154,0.18297366167482154
so,W20p0,3,1,0.18268741229072336,0.18268741229072336
so,W40p0,8,12,-0.1824183708300099,0.1824183708300099
so,W30p0,8,0,0.18159339024011892,0.18159339024011892
so,W60p0,1,18,-0.18147111151606174,0.18147111151606174
thetao,W60p0,10,16,0.18137011830839897,0.18137011830839897
thetao,W30p0,3,6,-0.18133449935145657,0.18133449935145657
so,W40p0,1,12,-0.1811344752641034,0.1811344752641034
so,W30p0,3,9,0.18087031824940278,0.18087031824940278
thetao,W20p0,9,1,0.18086590478740452,0.18086590478740452
thetao,W20p0,8,1,0.18080877867687659,0.18080877867687659
so,W30p0,6,0,0.1807697110710558,0.1807697110710558
thetao,W20p0,3,14,0.18062236138442023,0.18062236138442023
so,W40p0,5,11,-0.18042177927518974,0.18042177927518974
so,W60p0,9,5,0.1804011133618513,0.1804011133618513
thetao,W10p0,10,15,-0.180377900948801,0.180377900948801
so,W10p0,5,9,-0.18016136009080194,0.18016136009080194
thetao,W10p0,2,20,0.17969003700231803,0.17969003700231803
thetao,W40p0,3,8,0.17967853046574433,0.17967853046574433
thetao,W20p0,10,2,0.1794858802788795,0.1794858802788795
thetao,W60p0,8,0,0.1791313309353392,0.1791313309353392
so,W10p0,10,12,-0.17899518420806307,0.17899518420806307
so,W30p0,2,13,0.178670097889325,0.178670097889325
so,W20p0,3,2,0.17866593139816744,0.17866593139816744
so,W20p0,10,11,-0.17855644037541452,0.17855644037541452
thetao,W40p0,1,16,0.1783424160165896,0.1783424160165896
thetao,W10p0,4,18,-0.17828416620586415,0.17828416620586415
so,W20p0,2,16,0.17767245887203037,0.17767245887203037
thetao,W20p0,10,1,0.17763931307550868,0.17763931307550868
thetao,W60p0,8,1,0.1772626145325604,0.1772626145325604
so,W40p0,2,17,0.17717919822679434,0.17717919822679434
thetao,W30p0,9,20,-0.17668938908111892,0.17668938908111892
thetao,W30p0,9,5,0.1764414384842788,0.1764414384842788
thetao,W30p0,5,13,0.17618854289212077,0.17618854289212077
thetao,W60p0,8,19,-0.1761094146504327,0.1761094146504327
so,W10p0,9,17,0.1759906359290703,0.1759906359290703
so,W20p0,3,3,0.17569716106916494,0.17569716106916494
so,W20p0,1,13,-0.17568946176551953,0.17568946176551953
so,W40p0,9,9,-0.17567267277145268,0.17567267277145268
so,W40p0,2,18,0.17549273283487968,0.17549273283487968
thetao,W10p0,6,12,0.17537932954846328,0.17537932954846328
thetao,W20p0,8,7,-0.17488307360376149,0.17488307360376149
so,W10p0,8,12,-0.17486274881678415,0.17486274881678415
thetao,W40p0,7,10,-0.17480867741361988,0.17480867741361988
so,W20p0,8,13,-0.17480546007403241,0.17480546007403241
thetao,W30p0,8,3,-0.17479633241902778,0.17479633241902778
so,W40p0,4,0,-0.17460537106756124,0.17460537106756124
so,W40p0,2,19,0.1745296995732055,0.1745296995732055
thetao,W40p0,8,20,0.1741975255893629,0.1741975255893629
so,W60p0,1,14,-0.17403703146579053,0.17403703146579053
thetao,W60p0,9,0,0.17358133372754023,0.17358133372754023
thetao,W20p0,7,10,0.17327892261660355,0.17327892261660355
so,W20p0,6,13,-0.17296917610322335,0.17296917610322335
thetao,W20p0,3,8,0.17286137345883892,0.17286137345883892
thetao,W20p0,9,0,0.17280120499237903,0.17280120499237903
thetao,W40p0,9,12,-0.1725972907920877,0.1725972907920877
thetao,W30p0,3,7,-0.17253080784638977,0.17253080784638977
so,W20p0,7,17,-0.1724852753393126,0.1724852753393126
thetao,W30p0,1,1,-0.17205981133919543,0.17205981133919543
so,W60p0,1,15,-0.17158869009344854,0.17158869009344854
so,W30p0,7,11,0.17147554327110334,0.17147554327110334
thetao,W60p0,3,3,-0.1712494183444161,0.1712494183444161
thetao,W30p0,10,14,-0.17070634386828792,0.17070634386828792
so,W40p0,7,2,-0.17069346528829088,0.17069346528829088
thetao,W20p0,7,14,0.17068101530262558,0.17068101530262558
thetao,W20p0,5,17,-0.1706336694537259,0.1706336694537259
thetao,W10p0,3,4,0.17042851558568375,0.17042851558568375
so,W60p0,7,10,-0.17020635884028334,0.17020635884028334
thetao,W60p0,8,14,-0.1701424507771483,0.1701424507771483
so,W10p0,10,13,-0.1700767233038215,0.1700767233038215
thetao,W60p0,8,8,0.17007569346496526,0.17007569346496526
thetao,W20p0,8,0,0.16975263170625013,0.16975263170625013
thetao,W40p0,9,13,-0.1697374169194729,0.1697374169194729
so,W20p0,6,12,-0.1693759470161521,0.1693759470161521
so,W30p0,4,4,-0.1693274043774532,0.1693274043774532
thetao,W60p0,1,8,0.1691673969914267,0.1691673969914267
so,W60p0,3,9,-0.16903754415083833,0.16903754415083833
so,W10p0,2,3,-0.16870067604148023,0.16870067604148023
thetao,W10p0,1,7,-0.16843493213475286,0.16843493213475286
thetao,W20p0,3,17,0.1681858090744911,0.1681858090744911
thetao,W60p0,8,13,-0.1680512120767618,0.1680512120767618
thetao,W40p0,8,11,0.16795762571104844,0.16795762571104844
so,W10p0,6,1,0.167943315046236,0.167943315046236
thetao,W30p0,4,13,0.16788053303998032,0.16788053303998032
so,W10p0,8,4,-0.16784216481082861,0.16784216481082861
so,W20p0,6,14,-0.16742181714615778,0.16742181714615778
so,W60p0,10,2,-0.1670172948495667,0.1670172948495667
thetao,W10p0,5,9,0.1669492904322878,0.1669492904322878
so,W40p0,6,9,0.1667811369684789,0.1667811369684789
thetao,W10p0,1,8,-0.16652573487286973,0.16652573487286973
thetao,W40p0,9,16,-0.16651690878491132,0.16651690878491132
so,W10p0,8,5,-0.16635844693916452,0.16635844693916452
so,W10p0,7,19,0.16633805936163043,0.16633805936163043
thetao,W40p0,5,3,-0.16598144432369205,0.16598144432369205
thetao,W60p0,6,9,-0.16574764345805362,0.16574764345805362
thetao,W30p0,10,15,-0.16561773201366536,0.16561773201366536
thetao,W60p0,3,1,-0.1654684621742189,0.1654684621742189
thetao,W60p0,3,7,0.16545813455987743,0.16545813455987743
so,W20p0,1,5,-0.16518113788303285,0.16518113788303285
thetao,W10p0,5,8,0.16502215355260302,0.16502215355260302
thetao,W60p0,10,17,0.16382759518901902,0.16382759518901902
thetao,W40p0,8,15,0.16380005188998437,0.16380005188998437
thetao,W10p0,4,2,0.163767162180897,0.163767162180897
so,W40p0,4,15,0.16347767235540253,0.16347767235540253
thetao,W60p0,3,2,-0.16323815654541607,0.16323815654541607
thetao,W20p0,7,11,0.16302002018596168,0.16302002018596168
so,W40p0,9,1,-0.1628243989311511,0.1628243989311511
so,W20p0,3,8,0.16276949490294365,0.16276949490294365
so,W10p0,7,10,0.16262351651737228,0.16262351651737228
so,W30p0,7,10,0.16251494823221566,0.16251494823221566
thetao,W40p0,5,13,-0.16194149228331872,0.16194149228331872
so,W10p0,8,1,-0.16138256628345232,0.16138256628345232
thetao,W10p0,6,15,0.1612953956051261,0.1612953956051261
so,W10p0,9,18,0.16128736848573771,0.16128736848573771
thetao,W40p0,3,15,0.160736971679101,0.160736971679101
thetao,W60p0,8,18,-0.1606846401090668,0.1606846401090668
thetao,W10p0,6,13,0.16060134828250727,0.16060134828250727
thetao,W20p0,6,10,-0.16055160273040558,0.16055160273040558
so,W60p0,9,4,0.16049509341539575,0.16049509341539575
thetao,W60p0,6,0,-0.1602269706482432,0.1602269706482432
so,W30p0,4,20,0.16011984530545784,0.16011984530545784
thetao,W10p0,5,6,0.16009430046922757,0.16009430046922757
so,W60p0,1,10,-0.1600430465402122,0.1600430465402122
thetao,W30p0,4,12,0.15996965808219624,0.15996965808219624
thetao,W60p0,7,15,-0.15996928453578227,0.15996928453578227
so,W40p0,10,6,-0.15938262565650663,0.15938262565650663
so,W10p0,10,19,-0.15905883485814623,0.15905883485814623
so,W10p0,10,18,-0.15897367962772466,0.15897367962772466
so,W60p0,9,18,-0.15894233437519148,0.15894233437519148
thetao,W10p0,9,14,0.15873330110840345,0.15873330110840345
thetao,W10p0,6,8,0.15861119371979132,0.15861119371979132
thetao,W20p0,10,3,0.15854386180552804,0.15854386180552804
so,W30p0,5,6,0.15854170252823338,0.15854170252823338
so,W20p0,8,0,-0.15853359617746401,0.15853359617746401
so,W40p0,6,10,0.15835096978297913,0.15835096978297913
so,W30p0,6,1,0.15832225261741104,0.15832225261741104
so,W30p0,9,7,-0.1578350909611259,0.1578350909611259
thetao,W10p0,1,1,0.15772700592340935,0.15772700592340935
so,W30p0,6,13,0.1577017869835113,0.1577017869835113
thetao,W20p0,10,7,0.15768004335653663,0.15768004335653663
thetao,W20p0,3,16,0.15759969380770184,0.15759969380770184
so,W30p0,1,4,0.1571610940161627,0.1571610940161627
thetao,W30p0,10,12,-0.1569163306968431,0.1569163306968431
so,W30p0,2,7,-0.15686918297874894,0.15686918297874894
so,W40p0,10,15,0.15676548574695784,0.15676548574695784
thetao,W40p0,9,11,-0.15666270686454842,0.15666270686454842
thetao,W10p0,4,17,-0.15613552104178002,0.15613552104178002
thetao,W20p0,7,15,0.1560568780205085,0.1560568780205085
thetao,W20p0,10,0,0.15601006193162278,0.15601006193162278
thetao,W60p0,2,3,-0.15577103611461549,0.15577103611461549
thetao,W40p0,10,9,0.15564784083480995,0.15564784083480995
thetao,W40p0,1,14,0.1555708422257154,0.1555708422257154
thetao,W40p0,8,13,0.155541826361351,0.155541826361351
thetao,W60p0,2,1,-0.15544777038159502,0.15544777038159502
so,W40p0,5,17,0.15520362886655154,0.15520362886655154
so,W60p0,10,20,-0.15516070709289848,0.15516070709289848
thetao,W40p0,1,15,0.15446989202896638,0.15446989202896638
thetao,W40p0,5,14,-0.15433487991675662,0.15433487991675662
so,W60p0,4,14,-0.15411970155397225,0.15411970155397225
thetao,W10p0,6,1,-0.1540447497325658,0.1540447497325658
so,W60p0,10,13,0.15391853278220374,0.15391853278220374
thetao,W40p0,6,6,-0.1538473325688266,0.1538473325688266
thetao,W30p0,10,13,-0.1532591732020718,0.1532591732020718
thetao,W40p0,5,12,-0.15314873943372437,0.15314873943372437
so,W30p0,2,17,0.15309795152654868,0.15309795152654868
thetao,W20p0,8,9,-0.15296965279495894,0.15296965279495894
thetao,W30p0,9,13,0.15295343709722978,0.15295343709722978
so,W10p0,2,17,0.15291803643166518,0.15291803643166518
thetao,W60p0,8,12,-0.15263638378388422,0.15263638378388422
thetao,W20p0,1,3,0.15250400474870343,0.15250400474870343
so,W10p0,10,14,-0.152089699033955,0.152089699033955
so,W60p0,3,16,0.15201189726074252,0.15201189726074252
thetao,W40p0,6,3,0.15185637411334568,0.15185637411334568
so,W40p0,10,14,0.1515757874658734,0.1515757874658734
thetao,W10p0,8,15,0.15157071927137347,0.15157071927137347
thetao,W40p0,1,18,0.15144947913241993,0.15144947913241993
so,W60p0,6,18,0.15101756752433468,0.15101756752433468
thetao,W10p0,1,9,-0.1509889950774309,0.1509889950774309
so,W20p0,10,1,-0.1509477773240736,0.1509477773240736
so,W30p0,9,15,-0.15072519904003606,0.15072519904003606
so,W20p0,3,19,0.1505608229915914,0.1505608229915914
thetao,W10p0,6,14,0.15051798770814145,0.15051798770814145
so,W20p0,4,12,-0.1504485095946717,0.1504485095946717
thetao,W10p0,4,19,-0.15026757988595718,0.15026757988595718
thetao,W60p0,10,9,0.15026437734259884,0.15026437734259884
thetao,W40p0,1,4,-0.14986196115754294,0.14986196115754294
thetao,W20p0,3,2,0.14983374813856065,0.14983374813856065
so,W60p0,7,4,0.14962034342047945,0.14962034342047945
so,W20p0,7,12,-0.14950106317217896,0.14950106317217896
so,W40p0,5,15,0.14916448616531156,0.14916448616531156
thetao,W10p0,5,12,0.1491300085140625,0.1491300085140625
so,W20p0,8,14,-0.14874468504108443,0.14874468504108443
so,W20p0,10,9,-0.14837571025193214,0.14837571025193214
so,W10p0,1,12,-0.14836484572604197,0.14836484572604197
so,W40p0,8,20,-0.14810935266213393,0.14810935266213393
so,W40p0,10,1,-0.14795302737627328,0.14795302737627328
thetao,W10p0,9,12,0.14783242568262472,0.14783242568262472
so,W40p0,5,9,-0.1477354486307439,0.1477354486307439
thetao,W30p0,2,5,-0.1474807807277441,0.1474807807277441
so,W60p0,6,4,0.14736860358029494,0.14736860358029494
so,W10p0,9,15,0.14736848210315706,0.14736848210315706
so,W30p0,9,17,-0.14711597930428016,0.14711597930428016
so,W20p0,6,11,-0.14674360232266268,0.14674360232266268
so,W20p0,8,12,-0.14664237899348387,0.14664237899348387
thetao,W20p0,10,11,0.1465617299535831,0.1465617299535831
so,W40p0,10,7,-0.1464572670780066,0.1464572670780066
thetao,W30p0,9,1,-0.14617490094749977,0.14617490094749977
so,W20p0,9,1,0.14615532717417007,0.14615532717417007
thetao,W40p0,4,5,-0.1457250295578693,0.1457250295578693
thetao,W40p0,7,9,-0.14569859939439322,0.14569859939439322
so,W10p0,9,16,0.1452706538910052,0.1452706538910052
thetao,W30p0,6,4,-0.1451809483842255,0.1451809483842255
thetao,W40p0,8,16,0.14491615207418576,0.14491615207418576
thetao,W20p0,5,7,-0.1447010238966987,0.1447010238966987
thetao,W20p0,9,17,-0.14443692917418202,0.14443692917418202
thetao,W20p0,10,6,0.14409003986207017,0.14409003986207017
thetao,W40p0,5,9,0.14405537216892816,0.14405537216892816
so,W20p0,6,10,-0.14373708208809827,0.14373708208809827
thetao,W20p0,2,13,-0.14363952268943034,0.14363952268943034
so,W40p0,10,19,-0.14358026652108286,0.14358026652108286
thetao,W30p0,7,12,-0.14324947479504876,0.14324947479504876
thetao,W40p0,10,8,0.14309123961578382,0.14309123961578382
thetao,W60p0,5,1,0.14292181919175964,0.14292181919175964
so,W20p0,9,0,0.14288087975724995,0.14288087975724995
thetao,W60p0,9,2,0.14283375306946286,0.14283375306946286
thetao,W10p0,6,6,0.14260900788982353,0.14260900788982353
thetao,W30p0,4,7,-0.14246485776075252,0.14246485776075252
thetao,W40p0,2,15,0.14216219913428585,0.14216219913428585
so,W30p0,4,13,0.142036873283797,0.142036873283797
thetao,W40p0,8,7,-0.14201689203880058,0.14201689203880058
so,W40p0,1,19,-0.14109033331812726,0.14109033331812726
so,W30p0,9,6,-0.14107806353222443,0.14107806353222443
thetao,W60p0,7,0,0.14089357584315218,0.14089357584315218
thetao,W10p0,8,13,0.1407839010782309,0.1407839010782309
thetao,W30p0,5,14,0.14077017909161765,0.14077017909161765
thetao,W60p0,5,12,-0.14045548519458856,0.14045548519458856
so,W60p0,9,0,-0.1403955912252801,0.1403955912252801
thetao,W20p0,7,16,0.1402194551750093,0.1402194551750093
so,W30p0,7,9,0.1401154635797038,0.1401154635797038
thetao,W10p0,3,1,0.1399583974972798,0.1399583974972798
thetao,W20p0,3,1,0.1398748479054298,0.1398748479054298
so,W20p0,6,6,0.13982677112372296,0.13982677112372296
so,W60p0,2,8,0.1397924979004974,0.1397924979004974
so,W40p0,8,13,-0.13960781955394477,0.13960781955394477
thetao,W60p0,4,0,0.13917243467160675,0.13917243467160675
thetao,W60p0,6,12,0.13885521509091936,0.13885521509091936
thetao,W20p0,8,2,0.1387594921322027,0.1387594921322027
thetao,W40p0,7,8,-0.13862872432323733,0.13862872432323733
so,W10p0,6,2,0.13857959923406526,0.13857959923406526
thetao,W30p0,8,14,-0.13850421380825104,0.13850421380825104
thetao,W60p0,7,14,-0.13817790158038443,0.13817790158038443
so,W10p0,5,10,-0.1378664686881933,0.1378664686881933
thetao,W20p0,3,15,0.13784974784482104,0.13784974784482104
so,W30p0,2,2,-0.13743645599258678,0.13743645599258678
thetao,W60p0,5,11,-0.13733902464067832,0.13733902464067832
thetao,W30p0,4,6,-0.13729492653969266,0.13729492653969266
thetao,W60p0,1,9,0.13723454604870788,0.13723454604870788
thetao,W30p0,9,4,0.13715784330665456,0.13715784330665456
so,W60p0,9,2,0.13705798545773745,0.13705798545773745
thetao,W60p0,6,19,0.1370440051426124,0.1370440051426124
so,W40p0,9,12,-0.13679943363121072,0.13679943363121072
so,W30p0,7,12,0.13679919443025695,0.13679919443025695
so,W10p0,5,13,0.13675946754171975,0.13675946754171975
thetao,W10p0,7,3,0.13663996308028872,0.13663996308028872
thetao,W60p0,8,17,-0.13649902441394451,0.13649902441394451
so,W60p0,7,11,-0.13622378118666356,0.13622378118666356
so,W60p0,9,3,0.13584787546186375,0.13584787546186375
thetao,W40p0,3,19,0.13575257523168632,0.13575257523168632
thetao,W10p0,1,2,0.1356703967854477,0.1356703967854477
thetao,W10p0,1,0,0.13554235250704286,0.13554235250704286
so,W60p0,10,14,0.1353348539903248,0.1353348539903248
so,W30p0,9,16,-0.13515976750340641,0.13515976750340641
thetao,W30p0,2,11,-0.13493828676996142,0.13493828676996142
thetao,W40p0,3,16,0.13489108985581397,0.13489108985581397
thetao,W20p0,8,10,-0.13464751687382204,0.13464751687382204
so,W10p0,3,5,-0.1345831368628611,0.1345831368628611
so,W20p0,4,0,0.13449181173455485,0.13449181173455485
so,W60p0,7,5,0.13443226359870855,0.13443226359870855
so,W30p0,2,9,-0.13437694004011885,0.13437694004011885
thetao,W20p0,4,9,0.13424804058154322,0.13424804058154322
thetao,W10p0,5,7,0.13376476157374492,0.13376476157374492
thetao,W30p0,9,15,0.13350635397286606,0.13350635397286606
so,W10p0,9,2,-0.13344563337441614,0.13344563337441614
so,W40p0,7,19,-0.13316208812999078,0.13316208812999078
thetao,W30p0,2,4,-0.1330957350466719,0.1330957350466719
thetao,W10p0,1,6,-0.1329286595244441,0.1329286595244441
so,W30p0,9,0,0.13279052106874079,0.13279052106874079
thetao,W20p0,10,5,0.13220362018795526,0.13220362018795526
thetao,W40p0,10,19,0.1321827666139381,0.1321827666139381
thetao,W30p0,9,19,-0.1321231165128947,0.1321231165128947
thetao,W40p0,1,17,0.13182162650696758,0.13182162650696758
so,W10p0,10,3,-0.13161566897282004,0.13161566897282004
so,W10p0,7,20,0.13150166821594508,0.13150166821594508
so,W60p0,3,15,0.13121174270416183,0.13121174270416183
so,W60p0,6,7,0.1308919324698234,0.1308919324698234
thetao,W60p0,6,20,0.13079240506306775,0.13079240506306775
thetao,W30p0,2,6,-0.13070685349182135,0.13070685349182135
thetao,W40p0,3,11,0.13066592578978672,0.13066592578978672
so,W10p0,1,3,-0.13046408157440986,0.13046408157440986
so,W20p0,10,14,0.13041668003506712,0.13041668003506712
thetao,W60p0,10,3,-0.13036861754982995,0.13036861754982995
so,W10p0,4,5,-0.13026387193203323,0.13026387193203323
thetao,W40p0,8,14,0.13007726301794856,0.13007726301794856
thetao,W20p0,6,20,-0.1299575886111707,0.1299575886111707
so,W60p0,8,14,-0.12993264700019455,0.12993264700019455
thetao,W20p0,1,20,0.12987405909649313,0.12987405909649313
thetao,W20p0,8,12,-0.12978797216410212,0.12978797216410212
so,W20p0,8,15,-0.12949679617029092,0.12949679617029092
thetao,W10p0,9,13,0.12935831544538892,0.12935831544538892
so,W10p0,8,13,-0.12906591395208458,0.12906591395208458
thetao,W40p0,6,19,-0.12890198631466465,0.12890198631466465
so,W20p0,4,13,-0.12877396776909794,0.12877396776909794
so,W60p0,7,9,-0.12872634948843117,0.12872634948843117
so,W30p0,9,1,0.12850686102351525,0.12850686102351525
so,W20p0,2,1,0.1280447550305453,0.1280447550305453
so,W60p0,4,20,0.12803973232762875,0.12803973232762875
thetao,W30p0,1,10,-0.12803193752935463,0.12803193752935463
thetao,W40p0,3,9,0.12793289985894785,0.12793289985894785
so,W40p0,4,7,-0.12784103891097068,0.12784103891097068
thetao,W10p0,6,20,0.1278177395708726,0.1278177395708726
thetao,W10p0,8,14,0.12769527381095647,0.12769527381095647
so,W60p0,5,16,-0.12756180034720158,0.12756180034720158
thetao,W10p0,3,16,-0.1274486338369378,0.1274486338369378
thetao,W30p0,1,16,0.12737415440303015,0.12737415440303015
so,W60p0,3,10,-0.12698424267191535,0.12698424267191535
so,W10p0,1,16,0.12676186611106896,0.12676186611106896
so,W40p0,8,10,-0.1265947277411915,0.1265947277411915
so,W20p0,3,20,0.1265593306188841,0.1265593306188841
thetao,W60p0,3,6,0.1265433388822593,0.1265433388822593
so,W40p0,6,1,-0.1264298571504698,0.1264298571504698
so,W60p0,3,4,-0.12629475977435217,0.12629475977435217
so,W30p0,9,18,-0.1262843926890107,0.1262843926890107
thetao,W10p0,4,13,0.12614568886530766,0.12614568886530766
thetao,W30p0,8,13,-0.12609741987313458,0.12609741987313458
so,W60p0,5,17,-0.12601144306835255,0.12601144306835255
thetao,W20p0,9,14,-0.12590407810137677,0.12590407810137677
thetao,W40p0,9,6,-0.12572684208994325,0.12572684208994325
so,W60p0,5,6,0.12537922971798093,0.12537922971798093
thetao,W20p0,10,10,0.1253687653555316,0.1253687653555316
so,W20p0,3,15,-0.12517981546775353,0.12517981546775353
thetao,W40p0,10,4,0.12515466721798793,0.12515466721798793
thetao,W10p0,2,9,-0.12492552083784363,0.12492552083784363
so,W60p0,5,5,0.1248692445531451,0.1248692445531451
thetao,W60p0,10,6,0.12441043149991564,0.12441043149991564
so,W10p0,1,17,0.12436261266724877,0.12436261266724877
thetao,W20p0,10,4,0.12428607110063068,0.12428607110063068
so,W40p0,5,12,-0.12419009687246817,0.12419009687246817
so,W60p0,3,1,0.12407956529497659,0.12407956529497659
thetao,W60p0,10,7,0.12398289754752996,0.12398289754752996
so,W20p0,5,17,0.12395926471076096,0.12395926471076096
so,W10p0,6,7,-0.12374189223526562,0.12374189223526562
thetao,W60p0,2,19,0.12365925936681156,0.12365925936681156
thetao,W20p0,8,6,-0.12349923837768442,0.12349923837768442
so,W60p0,10,18,-0.12323960883987259,0.12323960883987259
thetao,W30p0,10,11,-0.12309537491516781,0.12309537491516781
so,W20p0,3,16,-0.1230365385902316,0.1230365385902316
so,W10p0,4,12,-0.12299104383600047,0.12299104383600047
thetao,W10p0,4,16,-0.12228265390785378,0.12228265390785378
thetao,W10p0,4,20,-0.1221783532078043,0.1221783532078043
so,W20p0,5,20,-0.12208769537209876,0.12208769537209876
thetao,W40p0,5,15,-0.12199113065898029,0.12199113065898029
so,W60p0,2,9,0.12191284459955862,0.12191284459955862
thetao,W60p0,6,8,-0.12178720263088251,0.12178720263088251
thetao,W30p0,2,15,0.12141550100506551,0.12141550100506551
so,W30p0,4,11,0.12100334907784763,0.12100334907784763
thetao,W20p0,1,4,0.12100067772697631,0.12100067772697631
thetao,W30p0,8,9,0.12080289321005828,0.12080289321005828
thetao,W40p0,1,13,0.12073442020706682,0.12073442020706682
so,W60p0,5,14,0.12072050714676534,0.12072050714676534
thetao,W10p0,5,15,0.12058851626987108,0.12058851626987108
thetao,W20p0,7,13,0.12051296293765171,0.12051296293765171
so,W60p0,10,12,0.12045488032939687,0.12045488032939687
thetao,W40p0,3,18,0.12018369877105199,0.12018369877105199
so,W30p0,1,17,-0.11958294247350906,0.11958294247350906
thetao,W30p0,8,12,-0.11950959984279101,0.11950959984279101
so,W30p0,8,16,-0.119424902543425,0.119424902543425
thetao,W20p0,2,1,-0.11926777594854661,0.11926777594854661
so,W10p0,5,8,-0.11925113124834821,0.11925113124834821
so,W20p0,9,13,-0.11923818491307282,0.11923818491307282
so,W30p0,6,14,0.11898310107688723,0.11898310107688723
so,W30p0,7,7,0.11821118865606388,0.11821118865606388
so,W40p0,9,16,0.11804286114582194,0.11804286114582194
thetao,W30p0,8,6,0.11801831788328544,0.11801831788328544
thetao,W20p0,7,12,0.11774726004949859,0.11774726004949859
so,W10p0,6,6,-0.11771364671888446,0.11771364671888446
thetao,W60p0,10,8,0.11759916122248526,0.11759916122248526
so,W30p0,7,20,-0.11758678771487394,0.11758678771487394
so,W20p0,10,2,-0.11755035935361213,0.11755035935361213
so,W20p0,1,14,-0.11738846323651153,0.11738846323651153
thetao,W10p0,7,5,0.11719871488650335,0.11719871488650335
so,W30p0,9,2,0.11698296697961134,0.11698296697961134
so,W20p0,8,1,-0.11694295541441242,0.11694295541441242
so,W30p0,3,0,0.1168617593500637,0.1168617593500637
so,W40p0,8,9,-0.11680423449088821,0.11680423449088821
so,W60p0,1,19,-0.1167072636877268,0.1167072636877268
so,W30p0,1,0,-0.1166567082364207,0.1166567082364207
so,W30p0,6,7,-0.11661706189914903,0.11661706189914903
thetao,W10p0,5,18,0.11659334144759659,0.11659334144759659
so,W40p0,10,16,0.1165918193207661,0.1165918193207661
so,W60p0,3,0,0.11642997487046904,0.11642997487046904
thetao,W60p0,3,4,-0.11639991082916441,0.11639991082916441
so,W30p0,7,1,-0.1161589331250574,0.1161589331250574
so,W30p0,7,8,0.11604633542358764,0.11604633542358764
thetao,W60p0,6,1,-0.1158312155164108,0.1158312155164108
so,W20p0,9,11,-0.11571308608896293,0.11571308608896293
thetao,W60p0,3,0,-0.11560267638338682,0.11560267638338682
thetao,W60p0,2,7,0.11542231827961083,0.11542231827961083
so,W20p0,4,16,-0.115028034350343,0.115028034350343
so,W60p0,9,11,0.11484517474576385,0.11484517474576385
so,W40p0,8,2,-0.11462129218286543,0.11462129218286543
thetao,W60p0,1,10,0.11461777685904022,0.11461777685904022
thetao,W40p0,3,7,0.11455546649563968,0.11455546649563968
so,W60p0,1,9,-0.11452494258309118,0.11452494258309118
thetao,W20p0,7,4,0.11451681790284059,0.11451681790284059
thetao,W30p0,2,16,0.11445761502849057,0.11445761502849057
so,W60p0,7,17,0.11441451285411097,0.11441451285411097
thetao,W60p0,9,6,0.11432410488298743,0.11432410488298743
thetao,W20p0,7,0,-0.11416332175902728,0.11416332175902728
thetao,W10p0,9,4,0.11377110201080343,0.11377110201080343
thetao,W30p0,5,7,0.11373517324669564,0.11373517324669564
so,W60p0,2,14,-0.11368928519767663,0.11368928519767663
so,W30p0,4,10,0.11361351546570846,0.11361351546570846
so,W60p0,6,0,-0.11354504629628359,0.11354504629628359
thetao,W40p0,7,11,-0.11341481613482701,0.11341481613482701
thetao,W40p0,8,19,0.11331180213755622,0.11331180213755622
thetao,W40p0,7,16,-0.1132033729729063,0.1132033729729063
so,W30p0,1,14,0.11278975778688996,0.11278975778688996
thetao,W10p0,8,8,0.11269141487374347,0.11269141487374347
thetao,W20p0,4,16,-0.1126691217488646,0.1126691217488646
thetao,W30p0,10,20,0.11265862904733513,0.11265862904733513
so,W10p0,2,18,0.1123359738708045,0.1123359738708045
so,W20p0,9,4,-0.11215054035232694,0.11215054035232694
thetao,W60p0,7,12,-0.11188155173226566,0.11188155173226566
thetao,W40p0,10,7,0.11187380895611779,0.11187380895611779
so,W20p0,9,5,-0.11187140008674222,0.11187140008674222
thetao,W60p0,6,7,-0.11180678080370288,0.11180678080370288
thetao,W30p0,5,15,0.11179970540586372,0.11179970540586372
so,W10p0,4,4,-0.1117284803376306,0.1117284803376306
so,W20p0,3,9,0.11167489637105603,0.11167489637105603
thetao,W40p0,3,6,0.11160397940329514,0.11160397940329514
thetao,W30p0,2,3,-0.11152058781196295,0.11152058781196295
so,W60p0,6,6,0.11148715459393092,0.11148715459393092
so,W40p0,7,17,-0.11147180189503847,0.11147180189503847
thetao,W20p0,5,18,-0.11137251411456354,0.11137251411456354
thetao,W10p0,3,0,-0.11124956085970103,0.11124956085970103
thetao,W60p0,3,8,0.11120662759791942,0.11120662759791942
thetao,W30p0,9,16,0.11096100206182977,0.11096100206182977
thetao,W60p0,5,13,-0.11079732513391612,0.11079732513391612
thetao,W10p0,5,0,-0.11062118195760377,0.11062118195760377
so,W10p0,6,13,0.11057767840480301,0.11057767840480301
thetao,W10p0,2,7,-0.11032413954989108,0.11032413954989108
thetao,W40p0,10,16,-0.11030197351743992,0.11030197351743992
thetao,W10p0,2,8,-0.11013584761599625,0.11013584761599625
thetao,W60p0,7,16,-0.10999926415046762,0.10999926415046762
thetao,W30p0,3,5,-0.1099835276292897,0.1099835276292897
thetao,W30p0,6,3,-0.1099443825242762,0.1099443825242762
so,W10p0,2,5,0.10986619029883579,0.10986619029883579
thetao,W10p0,1,10,-0.10978213914546055,0.10978213914546055
thetao,W60p0,9,12,-0.10975045157020852,0.10975045157020852
so,W20p0,6,9,-0.10949818505717013,0.10949818505717013
thetao,W60p0,7,9,-0.10934752524418567,0.10934752524418567
thetao,W30p0,9,14,0.10928246501962147,0.10928246501962147
so,W30p0,9,5,-0.10905501660180483,0.10905501660180483
so,W10p0,6,5,-0.10884831011208335,0.10884831011208335
so,W40p0,4,14,0.1086991169181387,0.1086991169181387
thetao,W30p0,7,19,-0.10865740768526908,0.10865740768526908
thetao,W40p0,9,4,0.10857466923627553,0.10857466923627553
so,W20p0,4,11,-0.10854569963233222,0.10854569963233222
so,W20p0,9,14,-0.10850961292544445,0.10850961292544445
thetao,W40p0,3,17,0.10842835040652746,0.10842835040652746
thetao,W30p0,8,15,-0.10838431326485656,0.10838431326485656
so,W40p0,7,18,-0.10834711277363739,0.10834711277363739
thetao,W40p0,8,17,0.10822252141576257,0.10822252141576257
so,W60p0,3,17,0.10803306934387596,0.10803306934387596
so,W60p0,10,6,0.10785258172762255,0.10785258172762255
thetao,W20p0,7,17,0.10758083456431304,0.10758083456431304
so,W30p0,7,14,0.1075265723700152,0.1075265723700152
thetao,W20p0,9,4,-0.10734539767896337,0.10734539767896337
so,W60p0,10,5,0.10733170027341522,0.10733170027341522
so,W40p0,3,13,0.10731845148787837,0.10731845148787837
thetao,W10p0,4,1,0.10731488576475061,0.10731488576475061
thetao,W20p0,8,13,-0.10727549585328543,0.10727549585328543
so,W20p0,2,13,-0.10698570419363843,0.10698570419363843
so,W30p0,10,6,-0.10681966323423742,0.10681966323423742
thetao,W60p0,9,16,-0.10676885458751029,0.10676885458751029
so,W10p0,6,17,-0.10666926986380551,0.10666926986380551
thetao,W20p0,4,7,0.10662581582100684,0.10662581582100684
so,W40p0,1,5,0.10657462233708195,0.10657462233708195
thetao,W40p0,5,11,-0.10656120030380832,0.10656120030380832
so,W40p0,5,20,0.10627021699244439,0.10627021699244439
thetao,W10p0,5,5,0.1061704623853281,0.1061704623853281
so,W30p0,2,12,0.1061243657855899,0.1061243657855899
thetao,W10p0,5,14,0.10605329172401638,0.10605329172401638
thetao,W20p0,3,7,0.10587429592387086,0.10587429592387086
so,W40p0,6,11,0.10560727688419125,0.10560727688419125
thetao,W60p0,1,0,0.10560216708944131,0.10560216708944131
so,W20p0,1,0,0.10560059563366325,0.10560059563366325
so,W60p0,5,3,-0.10556379415697796,0.10556379415697796
so,W60p0,4,11,0.10554358932716129,0.10554358932716129
so,W20p0,5,16,0.10545459334693803,0.10545459334693803
thetao,W60p0,7,13,-0.10540696932880013,0.10540696932880013
thetao,W20p0,4,15,-0.10532949492300321,0.10532949492300321
thetao,W10p0,3,5,0.1051699388503231,0.1051699388503231
thetao,W10p0,7,12,-0.1051304349186665,0.1051304349186665
thetao,W10p0,1,20,0.10500286700474595,0.10500286700474595
thetao,W60p0,9,13,-0.10496623518607222,0.10496623518607222
thetao,W10p0,10,0,0.10478041370527938,0.10478041370527938
thetao,W10p0,5,19,0.10475647559649956,0.10475647559649956
thetao,W10p0,10,16,-0.10474776592750995,0.10474776592750995
thetao,W30p0,7,18,-0.10472432732277265,0.10472432732277265
thetao,W10p0,7,15,0.10461935324905412,0.10461935324905412
so,W10p0,6,12,0.10461834514522335,0.10461834514522335
thetao,W40p0,10,15,-0.10444340819069661,0.10444340819069661
thetao,W60p0,2,20,0.10437301570748726,0.10437301570748726
thetao,W10p0,7,6,0.10407048898954485,0.10407048898954485
thetao,W10p0,6,5,0.103845667698386,0.103845667698386
so,W10p0,3,18,-0.10374754923079696,0.10374754923079696
thetao,W60p0,9,15,-0.1036947814958341,0.1036947814958341
thetao,W20p0,6,4,0.10367117997518395,0.10367117997518395
thetao,W40p0,4,6,-0.10366017697436303,0.10366017697436303
thetao,W10p0,7,9,-0.10345239028084088,0.10345239028084088
thetao,W60p0,1,15,-0.1033410177580741,0.1033410177580741
thetao,W40p0,1,12,0.10312052984828761,0.10312052984828761
so,W60p0,3,11,-0.10307158879599525,0.10307158879599525
so,W60p0,2,10,0.10294918512295566,0.10294918512295566
thetao,W60p0,10,20,-0.10289921305416044,0.10289921305416044
so,W60p0,7,13,-0.10282690002839255,0.10282690002839255
thetao,W20p0,3,3,0.10282080402472737,0.10282080402472737
thetao,W20p0,3,6,0.10265732406126207,0.10265732406126207
so,W20p0,1,4,-0.10264028871468464,0.10264028871468464
so,W60p0,1,4,0.10239381750238433,0.10239381750238433
thetao,W40p0,10,10,0.10227154865374494,0.10227154865374494
so,W30p0,3,10,0.10207008796980052,0.10207008796980052
so,W30p0,4,7,0.1018940886940018,0.1018940886940018
thetao,W40p0,5,0,-0.1018459645265337,0.1018459645265337
thetao,W60p0,9,20,-0.10182366047629453,0.10182366047629453
so,W40p0,6,15,-0.10147297234927537,0.10147297234927537
so,W30p0,2,18,0.10147187003342972,0.10147187003342972
thetao,W30p0,2,2,-0.10126632285339784,0.10126632285339784
so,W20p0,10,13,0.10101474968467979,0.10101474968467979
so,W30p0,7,13,0.10067225886277983,0.10067225886277983
so,W40p0,5,19,0.10063961397436286,0.10063961397436286
so,W10p0,10,20,-0.10057335425804498,0.10057335425804498
so,W60p0,7,16,0.10046847867260163,0.10046847867260163
thetao,W60p0,2,6,0.10044976610677751,0.10044976610677751
so,W40p0,6,14,-0.10036441002391726,0.10036441002391726
so,W40p0,1,7,0.10022882711828422,0.10022882711828422
thetao,W30p0,4,8,-0.10022727775639462,0.10022727775639462
so,W60p0,6,5,0.10013774184855143,0.10013774184855143
so,W30p0,6,2,0.10000190048382046,0.10000190048382046
thetao,W40p0,4,19,0.09946357166086914,0.09946357166086914
thetao,W20p0,2,15,0.09943996065953976,0.09943996065953976
so,W40p0,3,12,0.09929476467610188,0.09929476467610188
thetao,W30p0,1,11,-0.09919836458498783,0.09919836458498783
thetao,W20p0,9,13,-0.09916358878074871,0.09916358878074871
so,W10p0,8,0,-0.09910205946021605,0.09910205946021605
so,W20p0,7,0,-0.09899423888728014,0.09899423888728014
so,W10p0,6,8,-0.0989881053260369,0.0989881053260369
so,W40p0,3,19,0.09887722020155668,0.09887722020155668
thetao,W20p0,4,20,-0.09868276426550496,0.09868276426550496
thetao,W60p0,6,10,-0.09820178009381014,0.09820178009381014
thetao,W20p0,1,19,0.09816939462420327,0.09816939462420327
thetao,W10p0,9,17,0.0981640418718003,0.0981640418718003
so,W60p0,7,8,-0.09808781073110895,0.09808781073110895
so,W10p0,1,2,-0.09798981838980857,0.09798981838980857
so,W20p0,5,18,0.09792207196588937,0.09792207196588937
thetao,W10p0,6,0,-0.09791131435363805,0.09791131435363805
thetao,W30p0,5,19,-0.0978657489867334,0.0978657489867334
so,W20p0,8,8,-0.09784388251767935,0.09784388251767935
thetao,W30p0,2,19,0.09772742623925379,0.09772742623925379
so,W20p0,10,12,-0.09772536347324028,0.09772536347324028
so,W40p0,1,6,0.09768715061908723,0.09768715061908723
so,W10p0,1,18,0.09765394389829532,0.09765394389829532
thetao,W20p0,10,12,0.09759958711513989,0.09759958711513989
thetao,W40p0,4,7,-0.09746763840858418,0.09746763840858418
thetao,W10p0,9,0,-0.09737498520341611,0.09737498520341611
thetao,W30p0,4,3,0.0973192626051323,0.0973192626051323
thetao,W20p0,10,8,0.09727739245118806,0.09727739245118806
so,W20p0,3,14,-0.09719962840488736,0.09719962840488736
thetao,W60p0,6,6,-0.09715157178622853,0.09715157178622853
thetao,W20p0,6,3,0.09677826500711871,0.09677826500711871
so,W60p0,6,3,0.09668858801549277,0.09668858801549277
thetao,W20p0,7,19,0.09667943877668753,0.09667943877668753
so,W30p0,8,12,-0.09655077251158832,0.09655077251158832
thetao,W10p0,1,19,0.0965456791527904,0.0965456791527904
thetao,W20p0,6,6,0.09621034896080648,0.09621034896080648
thetao,W10p0,10,5,-0.09610862869836534,0.09610862869836534
so,W30p0,10,8,-0.09605695651550367,0.09605695651550367
so,W60p0,7,12,-0.09596240403475852,0.09596240403475852
so,W10p0,2,19,0.09594023933699158,0.09594023933699158
thetao,W40p0,1,7,-0.0957749647342935,0.0957749647342935
thetao,W60p0,1,11,0.09563481150070048,0.09563481150070048
thetao,W40p0,2,0,-0.09547785932950419,0.09547785932950419
so,W30p0,4,8,0.09527651346477949,0.09527651346477949
so,W30p0,6,8,-0.0952194122680661,0.0952194122680661
so,W40p0,5,4,-0.09519699517321735,0.09519699517321735
thetao,W60p0,2,8,0.09517588067908575,0.09517588067908575
so,W30p0,6,12,0.09517492342161002,0.09517492342161002
thetao,W60p0,2,18,0.0951093661607282,0.0951093661607282
thetao,W10p0,10,1,0.09502044937438314,0.09502044937438314
thetao,W30p0,10,0,0.09440846725189875,0.09440846725189875
thetao,W10p0,2,2,0.09429592770169648,0.09429592770169648
thetao,W60p0,10,10,0.09414055060621528,0.09414055060621528
thetao,W60p0,4,1,-0.09410190188273407,0.09410190188273407
thetao,W20p0,9,10,0.09338503138838783,0.09338503138838783
thetao,W10p0,4,15,-0.09336381271369563,0.09336381271369563
thetao,W30p0,4,5,-0.09335255477589159,0.09335255477589159
so,W20p0,10,8,-0.09326091382149501,0.09326091382149501
thetao,W40p0,10,14,-0.09325388330553441,0.09325388330553441
so,W60p0,5,18,-0.09321995018009474,0.09321995018009474
thetao,W40p0,3,4,-0.0930864309234389,0.0930864309234389
so,W20p0,7,3,-0.09306867504246871,0.09306867504246871
thetao,W10p0,3,17,-0.0927079490696881,0.0927079490696881
thetao,W40p0,8,18,0.09262495823084256,0.09262495823084256
thetao,W30p0,10,7,0.09240125216276938,0.09240125216276938
thetao,W10p0,8,1,-0.09239197501541173,0.09239197501541173
so,W60p0,9,17,-0.09196449934198193,0.09196449934198193
thetao,W20p0,10,9,0.09193710830239925,0.09193710830239925
thetao,W60p0,3,15,0.0917601156107172,0.0917601156107172
so,W10p0,3,19,-0.09173874524474383,0.09173874524474383
so,W60p0,1,5,0.09168441549064421,0.09168441549064421
thetao,W10p0,8,9,0.0916703984875336,0.0916703984875336
thetao,W40p0,3,2,-0.09128177507474479,0.09128177507474479
so,W30p0,3,17,-0.091230796453982,0.091230796453982
thetao,W10p0,8,12,0.09104893053771941,0.09104893053771941
thetao,W60p0,9,14,-0.09097088362761811,0.09097088362761811
thetao,W40p0,4,20,0.09090833253765619,0.09090833253765619
thetao,W10p0,9,11,0.09054747485380409,0.09054747485380409
thetao,W20p0,10,13,0.09039632919426702,0.09039632919426702
thetao,W40p0,3,3,-0.09023159776942019,0.09023159776942019
thetao,W30p0,5,2,0.09014111005899092,0.09014111005899092
so,W30p0,4,5,-0.09005981925658371,0.09005981925658371
so,W60p0,5,8,0.09001550003430048,0.09001550003430048
thetao,W30p0,10,16,-0.08984073634693879,0.08984073634693879
so,W40p0,3,17,0.08972720709951287,0.08972720709951287
thetao,W30p0,5,6,0.08960198422322092,0.08960198422322092
thetao,W20p0,6,5,0.08949880484837767,0.08949880484837767
so,W30p0,9,3,0.08947497162251758,0.08947497162251758
thetao,W30p0,5,0,-0.08928202383307172,0.08928202383307172
so,W60p0,4,10,0.08920278937378565,0.08920278937378565
so,W30p0,7,6,0.08918449186812996,0.08918449186812996
so,W10p0,4,11,-0.08911951548974432,0.08911951548974432
thetao,W40p0,1,6,-0.08898005131703951,0.08898005131703951
thetao,W60p0,4,16,0.08865379279839816,0.08865379279839816
so,W10p0,4,3,-0.08860878106810299,0.08860878106810299
thetao,W30p0,7,7,0.08848478758623159,0.08848478758623159
so,W30p0,8,15,-0.08843370312603052,0.08843370312603052
thetao,W10p0,8,0,-0.08841092528123923,0.08841092528123923
thetao,W30p0,2,17,0.08818407069125841,0.08818407069125841
thetao,W30p0,2,0,-0.08795733854359686,0.08795733854359686
so,W20p0,5,8,0.08786437010438855,0.08786437010438855
thetao,W10p0,6,4,0.0877353157297422,0.0877353157297422
so,W20p0,5,6,0.08761781337752497,0.08761781337752497
thetao,W40p0,3,10,0.08760637039637714,0.08760637039637714
so,W10p0,6,11,0.0875881892456807,0.0875881892456807
so,W30p0,2,3,-0.08753572044353677,0.08753572044353677
so,W20p0,8,16,-0.08752294932032895,0.08752294932032895
so,W10p0,3,1,-0.08736648795278876,0.08736648795278876
thetao,W20p0,8,5,-0.08735894198291064,0.08735894198291064
thetao,W60p0,7,10,-0.08732864166805275,0.08732864166805275
thetao,W20p0,4,18,-0.0872429485577429,0.0872429485577429
so,W60p0,6,19,0.08717094124205313,0.08717094124205313
thetao,W20p0,9,15,-0.08715407389290819,0.08715407389290819
so,W60p0,8,16,-0.08672980981438967,0.08672980981438967
thetao,W10p0,7,20,-0.08669079169646164,0.08669079169646164
so,W10p0,1,15,0.08657421316579451,0.08657421316579451
thetao,W60p0,3,16,0.08650359404312206,0.08650359404312206
so,W20p0,2,3,-0.08643758451606509,0.08643758451606509
so,W30p0,10,7,-0.0863912737308879,0.0863912737308879
thetao,W20p0,4,10,0.08631741965257533,0.08631741965257533
thetao,W20p0,6,9,-0.08629666976460959,0.08629666976460959
so,W10p0,6,18,-0.0862031563476512,0.0862031563476512
thetao,W20p0,2,0,0.08619799668488705,0.08619799668488705
so,W30p0,10,14,0.08608167698206355,0.08608167698206355
so,W20p0,8,2,-0.08583241858803474,0.08583241858803474
thetao,W60p0,7,11,-0.08575670322343872,0.08575670322343872
so,W60p0,4,5,0.08573954629349574,0.08573954629349574
thetao,W60p0,10,18,0.08571575046209601,0.08571575046209601
thetao,W10p0,8,5,0.08569672734906528,0.08569672734906528
thetao,W60p0,4,14,-0.08560566314219413,0.08560566314219413
so,W40p0,5,18,0.08554130341357852,0.08554130341357852
thetao,W10p0,5,20,0.0854389282083136,0.0854389282083136
thetao,W10p0,1,5,-0.08537542177968162,0.08537542177968162
thetao,W30p0,2,1,-0.08536838130728568,0.08536838130728568
thetao,W40p0,1,19,0.0852357462016654,0.0852357462016654
thetao,W10p0,2,10,-0.08518514208198535,0.08518514208198535
so,W10p0,6,20,0.08509767616153038,0.08509767616153038
thetao,W30p0,8,1,-0.08467013745305856,0.08467013745305856
thetao,W20p0,1,18,0.08460738419126017,0.08460738419126017
thetao,W20p0,8,20,-0.08442680436061088,0.08442680436061088
so,W30p0,2,4,-0.08437581244287096,0.08437581244287096
so,W20p0,1,19,0.08422451628450511,0.08422451628450511
thetao,W20p0,9,18,-0.0840411807575638,0.0840411807575638
thetao,W20p0,7,18,0.08396771669493543,0.08396771669493543
so,W40p0,3,7,-0.0839177091784664,0.0839177091784664
thetao,W30p0,4,15,-0.08367861905451623,0.08367861905451623
so,W10p0,4,6,-0.08362620117879965,0.08362620117879965
thetao,W10p0,2,19,0.08342124217876778,0.08342124217876778
so,W20p0,8,18,-0.08325604980124184,0.08325604980124184
so,W20p0,8,17,-0.0831780403898358,0.0831780403898358
so,W20p0,8,10,-0.08299791852154577,0.08299791852154577
thetao,W20p0,10,14,0.08292340854477316,0.08292340854477316
so,W10p0,6,16,-0.08268387151353293,0.08268387151353293
thetao,W30p0,8,11,-0.08256887360228563,0.08256887360228563
thetao,W20p0,1,5,0.08251929093476959,0.08251929093476959
so,W20p0,9,12,-0.08240529137554106,0.08240529137554106
so,W10p0,4,7,-0.08225333821793929,0.08225333821793929
so,W10p0,5,3,0.0822511976149446,0.0822511976149446
thetao,W60p0,5,6,-0.08193413797269113,0.08193413797269113
thetao,W40p0,8,8,-0.0817996068983952,0.0817996068983952
thetao,W30p0,5,20,-0.08179179144611518,0.08179179144611518
so,W60p0,8,15,-0.08168449209917422,0.08168449209917422
thetao,W30p0,4,11,0.08158905331147943,0.08158905331147943
thetao,W60p0,1,12,0.08154441148307423,0.08154441148307423
so,W30p0,5,8,-0.08133294828392647,0.08133294828392647
thetao,W20p0,9,2,0.08122237392594496,0.08122237392594496
so,W60p0,8,11,0.0811351819571788,0.0811351819571788
so,W40p0,1,11,-0.08098740475610348,0.08098740475610348
thetao,W40p0,1,5,-0.08095005832528226,0.08095005832528226
so,W10p0,3,11,-0.08066387640834792,0.08066387640834792
thetao,W20p0,10,17,0.08065719808420413,0.08065719808420413
so,W30p0,4,12,0.08050957204594117,0.08050957204594117
thetao,W10p0,2,4,0.08041973951415424,0.08041973951415424
thetao,W30p0,2,18,0.08040414379554885,0.08040414379554885
thetao,W40p0,4,18,0.08028183264211844,0.08028183264211844
thetao,W20p0,8,3,0.08017093878681858,0.08017093878681858
so,W60p0,3,20,0.08009156857120958,0.08009156857120958
so,W20p0,8,7,-0.08008679451733638,0.08008679451733638
so,W20p0,5,7,0.07998459296940431,0.07998459296940431
thetao,W60p0,4,20,0.079873508303502,0.079873508303502
so,W60p0,3,18,0.079616684913931,0.079616684913931
so,W10p0,3,4,-0.07960564950828598,0.07960564950828598
thetao,W10p0,7,19,-0.0791377262596423,0.0791377262596423
so,W40p0,8,8,-0.07906521520168347,0.07906521520168347
so,W30p0,6,16,0.07883368339529738,0.07883368339529738
thetao,W20p0,4,8,0.07866536997030908,0.07866536997030908
thetao,W20p0,3,5,0.07847152744167411,0.07847152744167411
so,W20p0,9,17,-0.07829879899604322,0.07829879899604322
so,W40p0,6,8,0.0781675052277344,0.0781675052277344
so,W20p0,8,11,-0.07814845586192264,0.07814845586192264
thetao,W40p0,4,4,-0.07802630277543997,0.07802630277543997
so,W60p0,4,12,0.07770407327087267,0.07770407327087267
so,W30p0,3,16,-0.07770319086548953,0.07770319086548953
so,W30p0,3,20,0.07757429637698803,0.07757429637698803
thetao,W60p0,5,16,0.07739102750405119,0.07739102750405119
so,W30p0,2,10,-0.07727875148027678,0.07727875148027678
so,W30p0,10,11,0.07683033190543809,0.07683033190543809
so,W60p0,8,3,-0.07680534512447952,0.07680534512447952
so,W40p0,6,13,-0.07669825644039581,0.07669825644039581
so,W40p0,4,13,0.07663792496536999,0.07663792496536999
so,W20p0,7,2,-0.07630061285364641,0.07630061285364641
so,W20p0,7,1,-0.07625319106107074,0.07625319106107074
thetao,W10p0,2,3,0.07622760575366894,0.07622760575366894
thetao,W40p0,1,8,-0.07596855167237831,0.07596855167237831
thetao,W30p0,8,20,-0.07557701857830504,0.07557701857830504
thetao,W20p0,4,0,0.07532381643881741,0.07532381643881741
thetao,W30p0,5,3,0.0752872680732626,0.0752872680732626
so,W40p0,2,20,0.07528288644552197,0.07528288644552197
so,W40p0,10,8,-0.07487709847898644,0.07487709847898644
thetao,W60p0,7,5,-0.07472713062182573,0.07472713062182573
so,W60p0,7,14,-0.07439006706832882,0.07439006706832882
so,W60p0,6,1,-0.07422557300761297,0.07422557300761297
so,W30p0,7,15,0.07403282150011231,0.07403282150011231
so,W60p0,5,19,-0.07395952513807033,0.07395952513807033
thetao,W60p0,9,7,0.07394262864545478,0.07394262864545478
thetao,W10p0,3,11,0.07390334479457722,0.07390334479457722
so,W40p0,5,6,0.07389417681343452,0.07389417681343452
so,W60p0,5,20,-0.07386034798961068,0.07386034798961068
so,W20p0,3,18,0.07376869411634143,0.07376869411634143
so,W60p0,3,14,0.0736819132893659,0.0736819132893659
so,W10p0,9,1,-0.07361116588024225,0.07361116588024225
so,W40p0,6,16,-0.07350719301722171,0.07350719301722171
thetao,W60p0,3,20,-0.07317487983619855,0.07317487983619855
thetao,W60p0,10,12,0.07286506007436061,0.07286506007436061
thetao,W40p0,4,0,-0.07286263263345284,0.07286263263345284
thetao,W10p0,7,16,0.07274084848988412,0.07274084848988412
thetao,W20p0,1,10,-0.07251527902456585,0.07251527902456585
thetao,W20p0,8,11,-0.07240333746141098,0.07240333746141098
thetao,W40p0,2,13,-0.07239492855752643,0.07239492855752643
thetao,W40p0,7,17,-0.07233495075058072,0.07233495075058072
so,W20p0,10,0,-0.07206851365528794,0.07206851365528794
thetao,W40p0,7,4,-0.0719913006125462,0.0719913006125462
so,W60p0,9,12,0.0719214133958829,0.0719214133958829
so,W60p0,4,8,-0.07188890655551558,0.07188890655551558
thetao,W20p0,9,16,-0.0718122522390182,0.0718122522390182
so,W40p0,1,8,0.07174925910263075,0.07174925910263075
thetao,W10p0,9,18,0.07172340387144926,0.07172340387144926
so,W60p0,10,15,0.07165301376090627,0.07165301376090627
so,W40p0,8,14,-0.07164451754343332,0.07164451754343332
so,W60p0,9,1,0.07163211160999533,0.07163211160999533
thetao,W40p0,8,10,0.07160997964843309,0.07160997964843309
thetao,W10p0,7,13,-0.07136856519304156,0.07136856519304156
so,W60p0,5,7,0.07100483160267959,0.07100483160267959
so,W40p0,7,13,0.07098641812747239,0.07098641812747239
so,W20p0,10,15,0.07095118702280007,0.07095118702280007
thetao,W10p0,8,7,0.07076239893165868,0.07076239893165868
thetao,W20p0,7,3,0.0707385466281766,0.0707385466281766
so,W10p0,1,19,0.07068292297161385,0.07068292297161385
so,W20p0,7,11,-0.07067286348852178,0.07067286348852178
so,W30p0,4,9,0.07058350291314625,0.07058350291314625
thetao,W20p0,1,17,0.0705298478068772,0.0705298478068772
thetao,W60p0,9,17,-0.07050475801057647,0.07050475801057647
thetao,W40p0,7,12,-0.07046893882319114,0.07046893882319114
so,W60p0,4,17,-0.07038938638732713,0.07038938638732713
so,W60p0,8,17,-0.07025665479886409,0.07025665479886409
so,W10p0,7,8,-0.07009625771693258,0.07009625771693258
thetao,W20p0,8,18,-0.07007163707433832,0.07007163707433832
so,W10p0,9,4,-0.06999007130252118,0.06999007130252118
so,W20p0,8,9,-0.06990483250642643,0.06990483250642643
so,W40p0,6,4,0.069766793636351,0.069766793636351
thetao,W30p0,10,10,-0.06951222411527201,0.06951222411527201
so,W60p0,1,8,-0.06945471622595595,0.06945471622595595
so,W10p0,6,4,-0.06934455466555205,0.06934455466555205
so,W30p0,1,3,0.06921759197124956,0.06921759197124956
thetao,W10p0,8,6,0.06918582720252099,0.06918582720252099
thetao,W10p0,10,17,-0.06909684988045665,0.06909684988045665
thetao,W30p0,5,1,0.06906937469794412,0.06906937469794412
thetao,W30p0,9,2,-0.06899991289757369,0.06899991289757369
thetao,W30p0,10,6,0.06887468155001085,0.06887468155001085
thetao,W60p0,1,13,0.06883834202412102,0.06883834202412102
thetao,W60p0,2,4,-0.06860087507863466,0.06860087507863466
so,W10p0,1,1,-0.06851147925546197,0.06851147925546197
so,W10p0,1,13,-0.06850090649206071,0.06850090649206071
thetao,W60p0,10,5,0.06849659541269079,0.06849659541269079
thetao,W20p0,8,16,-0.06848329180459235,0.06848329180459235
thetao,W10p0,5,4,0.06844439518327794,0.06844439518327794
thetao,W10p0,1,18,0.06838398940484004,0.06838398940484004
thetao,W60p0,5,2,0.06837343556168086,0.06837343556168086
thetao,W30p0,1,12,-0.06821471810440008,0.06821471810440008
thetao,W60p0,7,17,-0.06820466372248805,0.06820466372248805
so,W40p0,10,17,0.06811743343019684,0.06811743343019684
so,W30p0,10,10,-0.06804675160679662,0.06804675160679662
so,W20p0,3,13,-0.06777634286965561,0.06777634286965561
thetao,W60p0,8,9,0.06776757225676266,0.06776757225676266
thetao,W20p0,6,7,0.06774102814300692,0.06774102814300692
so,W30p0,6,3,0.06762818347281947,0.06762818347281947
so,W20p0,5,14,0.0673124777429502,0.0673124777429502
thetao,W60p0,2,12,-0.06731166679848351,0.06731166679848351
thetao,W30p0,6,2,-0.06727577620183836,0.06727577620183836
so,W60p0,9,16,-0.0671443214145789,0.0671443214145789
thetao,W10p0,2,6,-0.06713032915893187,0.06713032915893187
so,W30p0,10,5,-0.06711860757917444,0.06711860757917444
so,W30p0,8,8,0.06676447932634443,0.06676447932634443
thetao,W30p0,7,8,0.06673115499946936,0.06673115499946936
thetao,W20p0,6,2,0.06660594592018802,0.06660594592018802
so,W10p0,5,4,0.06635333569242223,0.06635333569242223
thetao,W20p0,1,9,-0.06619927093181614,0.06619927093181614
so,W20p0,8,6,-0.06603387848664324,0.06603387848664324
thetao,W40p0,5,5,0.06572352120855937,0.06572352120855937
so,W40p0,4,12,0.06563036735507095,0.06563036735507095
so,W20p0,9,2,0.0656069205695456,0.0656069205695456
thetao,W10p0,9,2,0.06546688544775854,0.06546688544775854
thetao,W20p0,4,6,0.06545985108541726,0.06545985108541726
so,W10p0,5,2,0.06545608287664285,0.06545608287664285
thetao,W40p0,7,2,-0.06539768903100343,0.06539768903100343
so,W10p0,8,19,0.06535843640709385,0.06535843640709385
thetao,W20p0,7,1,-0.06527740127820937,0.06527740127820937
thetao,W40p0,7,3,-0.06524621342493173,0.06524621342493173
so,W20p0,2,15,0.06524034902432053,0.06524034902432053
thetao,W10p0,8,4,0.06513947265149822,0.06513947265149822
thetao,W60p0,4,17,0.0650964044512339,0.0650964044512339
thetao,W30p0,4,10,0.06506772248744337,0.06506772248744337
so,W10p0,1,20,0.06501328054404454,0.06501328054404454
thetao,W30p0,8,4,-0.06487259391067902,0.06487259391067902
so,W60p0,7,7,-0.06479260751357799,0.06479260751357799
so,W60p0,8,0,0.0646792398537758,0.0646792398537758
so,W10p0,6,14,0.06454021228196447,0.06454021228196447
thetao,W10p0,1,3,0.06452991341971236,0.06452991341971236
so,W20p0,1,15,-0.06443853781212949,0.06443853781212949
thetao,W40p0,10,6,0.06443170964225865,0.06443170964225865
so,W30p0,6,9,-0.06442714579828783,0.06442714579828783
so,W30p0,3,11,0.06420218599793573,0.06420218599793573
thetao,W40p0,5,16,-0.06420036108718549,0.06420036108718549
so,W30p0,10,9,-0.06400159883975737,0.06400159883975737
thetao,W20p0,5,20,-0.06390954388567996,0.06390954388567996
so,W30p0,10,15,0.06370981071782994,0.06370981071782994
so,W30p0,3,18,-0.0636488445677757,0.0636488445677757
thetao,W10p0,5,16,0.06357334638079663,0.06357334638079663
so,W60p0,10,3,-0.06337608878471405,0.06337608878471405
so,W30p0,2,6,-0.06326258895506777,0.06326258895506777
thetao,W10p0,5,13,0.06325063252264433,0.06325063252264433
thetao,W20p0,4,14,-0.06322755006107156,0.06322755006107156
thetao,W30p0,8,0,0.06303172895374477,0.06303172895374477
thetao,W40p0,7,5,-0.0630267518710031,0.0630267518710031
thetao,W20p0,4,19,-0.06281708336885787,0.06281708336885787
so,W30p0,8,9,0.06264261731965537,0.06264261731965537
thetao,W30p0,10,8,0.06253677003785503,0.06253677003785503
so,W20p0,5,13,0.06238179361393585,0.06238179361393585
so,W60p0,2,11,0.062256796680681216,0.062256796680681216
so,W20p0,5,15,0.06221377583357697,0.06221377583357697
thetao,W10p0,3,15,-0.06200038725058429,0.06200038725058429
so,W60p0,3,2,0.061944486528185155,0.061944486528185155
thetao,W30p0,7,5,0.06183799423032004,0.06183799423032004
so,W40p0,6,7,0.061814955811404025,0.061814955811404025
thetao,W40p0,7,7,-0.06174987978597375,0.06174987978597375
so,W60p0,3,19,0.061649316256549715,0.061649316256549715
so,W60p0,8,13,-0.06154420179435709,0.06154420179435709
thetao,W40p0,1,9,-0.06130547430740721,0.06130547430740721
so,W20p0,9,10,-0.061226410629783325,0.061226410629783325
thetao,W40p0,5,19,0.06118508584195592,0.06118508584195592
so,W30p0,10,13,0.06117565299410298,0.06117565299410298
thetao,W10p0,2,18,0.0609439192311378,0.0609439192311378
so,W30p0,2,5,-0.06084480755375174,0.06084480755375174
so,W60p0,6,20,0.06058646768897837,0.06058646768897837
thetao,W60p0,2,17,0.0605612870460368,0.0605612870460368
so,W60p0,10,17,-0.06043742864799282,0.06043742864799282
so,W10p0,8,17,0.06026976304243403,0.06026976304243403
thetao,W30p0,4,18,-0.060156833306144526,0.060156833306144526
so,W40p0,7,14,0.06008006380579147,0.06008006380579147
so,W20p0,10,17,0.06007537899662658,0.06007537899662658
so,W30p0,5,7,0.059985951263984275,0.059985951263984275
so,W10p0,5,12,0.05992883043673822,0.05992883043673822
so,W30p0,1,16,-0.05951637036479525,0.05951637036479525
so,W40p0,7,5,0.059476450521050245,0.059476450521050245
so,W10p0,8,14,-0.059232166817564734,0.059232166817564734
so,W20p0,9,15,-0.05919070212263351,0.05919070212263351
so,W60p0,10,7,0.059024450653187836,0.059024450653187836
thetao,W20p0,3,4,0.058950157731420205,0.058950157731420205
so,W10p0,7,9,0.05882358220735641,0.05882358220735641
so,W40p0,10,4,0.05881659291579777,0.05881659291579777
thetao,W60p0,5,10,-0.058696713675061046,0.058696713675061046
so,W40p0,8,16,0.058398093983151204,0.058398093983151204
thetao,W30p0,4,17,-0.05832381026592851,0.05832381026592851
thetao,W10p0,3,6,0.05827126439116175,0.05827126439116175
thetao,W10p0,1,11,-0.058194702025508686,0.058194702025508686
thetao,W40p0,7,13,-0.058142464338359394,0.058142464338359394
thetao,W60p0,2,9,0.05813320032439737,0.05813320032439737
thetao,W60p0,4,19,0.05812249088569239,0.05812249088569239
thetao,W40p0,4,8,-0.0580602425645843,0.0580602425645843
thetao,W60p0,3,12,-0.05773415707081562,0.05773415707081562
so,W10p0,4,2,-0.05769511318281067,0.05769511318281067
thetao,W10p0,2,1,0.05757732743170749,0.05757732743170749
so,W10p0,3,13,0.057488266280517515,0.057488266280517515
thetao,W30p0,7,6,0.05745214502690891,0.05745214502690891
so,W10p0,10,2,-0.057392460251449284,0.057392460251449284
thetao,W60p0,5,4,-0.05731035638707966,0.05731035638707966
thetao,W30p0,7,20,-0.05724687521044801,0.05724687521044801
so,W20p0,9,20,0.05722790472921963,0.05722790472921963
so,W10p0,5,11,-0.05721713605653926,0.05721713605653926
so,W20p0,6,8,-0.05679713282255543,0.05679713282255543
thetao,W30p0,5,5,0.05678334347958832,0.05678334347958832
so,W40p0,10,9,0.05677220101905572,0.05677220101905572
so,W60p0,10,10,-0.05666252600233136,0.05666252600233136
thetao,W20p0,10,18,0.05662921156735425,0.05662921156735425
so,W10p0,5,19,-0.05655538304898685,0.05655538304898685
thetao,W40p0,10,13,-0.056546291066365294,0.056546291066365294
thetao,W20p0,7,2,-0.05617658825419879,0.05617658825419879
so,W30p0,3,14,-0.056102292359858266,0.056102292359858266
thetao,W60p0,5,5,-0.05607899776503135,0.05607899776503135
so,W20p0,4,3,-0.05577596287326195,0.05577596287326195
thetao,W30p0,10,18,-0.05554695362760289,0.05554695362760289
so,W10p0,5,7,-0.05546029090814052,0.05546029090814052
thetao,W20p0,4,1,-0.055446129493133614,0.055446129493133614
thetao,W10p0,2,13,0.05506131405747669,0.05506131405747669
thetao,W40p0,10,18,0.05489881722926672,0.05489881722926672
thetao,W30p0,1,13,-0.05480738543062501,0.05480738543062501
thetao,W20p0,8,4,-0.05477036325499036,0.05477036325499036
thetao,W60p0,9,11,-0.0546684113992223,0.0546684113992223
thetao,W60p0,8,11,-0.05453322441851298,0.05453322441851298
thetao,W10p0,7,7,0.05403900042258143,0.05403900042258143
thetao,W20p0,1,16,0.05403042949876412,0.05403042949876412
thetao,W20p0,1,11,-0.0539781214223699,0.0539781214223699
thetao,W40p0,4,15,-0.05388403169957156,0.05388403169957156
so,W20p0,7,18,-0.05367184822269353,0.05367184822269353
so,W30p0,6,10,-0.053659263164567275,0.053659263164567275
thetao,W20p0,5,6,-0.05355283436254595,0.05355283436254595
thetao,W10p0,9,8,0.0534819350443517,0.0534819350443517
thetao,W10p0,10,4,-0.05329748984337105,0.05329748984337105
so,W40p0,10,3,0.053202839439025075,0.053202839439025075
thetao,W20p0,9,5,-0.05301904269341784,0.05301904269341784
thetao,W20p0,5,0,0.05283806196581767,0.05283806196581767
so,W10p0,4,8,-0.052680497124309916,0.052680497124309916
thetao,W10p0,10,2,0.05262331051702947,0.05262331051702947
so,W30p0,10,0,0.05235968658703074,0.05235968658703074
thetao,W40p0,3,1,-0.05235962978442634,0.05235962978442634
so,W20p0,5,10,0.05234903661393454,0.05234903661393454
so,W20p0,8,19,-0.052272911827688215,0.052272911827688215
so,W60p0,9,13,0.05204149334220116,0.05204149334220116
so,W60p0,5,4,0.05199576669125371,0.05199576669125371
so,W10p0,5,0,-0.05198425422949738,0.05198425422949738
so,W10p0,3,20,-0.05172138396447051,0.05172138396447051
thetao,W40p0,9,18,0.05161118625712608,0.05161118625712608
so,W30p0,3,13,-0.05159784122450552,0.05159784122450552
thetao,W10p0,9,3,0.05151004680981935,0.05151004680981935
so,W30p0,4,0,-0.051390872919038266,0.051390872919038266
thetao,W40p0,4,16,-0.05135648222572442,0.05135648222572442
thetao,W10p0,2,0,0.05132586113542384,0.05132586113542384
so,W20p0,1,18,0.05111428558759593,0.05111428558759593
so,W30p0,6,6,-0.051058552800156816,0.051058552800156816
so,W10p0,9,13,0.05092877993611355,0.05092877993611355
thetao,W40p0,10,11,0.05084524365145605,0.05084524365145605
so,W20p0,1,20,0.050838900957033195,0.050838900957033195
so,W20p0,9,16,-0.05076866316869224,0.05076866316869224
thetao,W30p0,3,16,0.05025638427266889,0.05025638427266889
thetao,W20p0,9,9,0.05025546243637439,0.05025546243637439
so,W40p0,8,17,0.05014482566333018,0.05014482566333018
so,W60p0,8,2,-0.05011992453837401,0.05011992453837401
thetao,W20p0,5,19,-0.0500040132366843,0.0500040132366843
so,W40p0,9,14,-0.049791565855232756,0.049791565855232756
so,W20p0,3,17,-0.04963589532071011,0.04963589532071011
so,W60p0,4,7,-0.04962556555412105,0.04962556555412105
thetao,W10p0,2,11,-0.04959858125033923,0.04959858125033923
thetao,W30p0,9,18,-0.049530318232643825,0.049530318232643825
so,W30p0,6,5,-0.04940537032571939,0.04940537032571939
thetao,W20p0,2,14,-0.04935544523951762,0.04935544523951762
thetao,W30p0,5,18,-0.04934640837900237,0.04934640837900237
thetao,W40p0,10,5,0.04920643355365771,0.04920643355365771
thetao,W10p0,1,12,-0.04907888613635302,0.04907888613635302
so,W10p0,8,20,0.04903948753876002,0.04903948753876002
so,W30p0,7,5,0.048933207730752375,0.048933207730752375
so,W40p0,6,17,-0.04892895256049179,0.04892895256049179
so,W30p0,10,12,0.048881100838530714,0.048881100838530714
so,W60p0,8,12,0.04884616147680409,0.04884616147680409
thetao,W40p0,6,5,-0.04866077327850939,0.04866077327850939
so,W60p0,1,6,0.04860354128427359,0.04860354128427359
thetao,W30p0,8,16,-0.04851745980958552,0.04851745980958552
thetao,W40p0,5,4,-0.04836817612493318,0.04836817612493318
thetao,W10p0,9,5,0.048290684037680456,0.048290684037680456
so,W10p0,4,1,0.048263558631657905,0.048263558631657905
so,W40p0,1,20,-0.04814000365200831,0.04814000365200831
thetao,W20p0,5,4,0.048018693471934736,0.048018693471934736
so,W20p0,4,18,-0.047913452003468096,0.047913452003468096
so,W60p0,7,18,0.047874563338620224,0.047874563338620224
thetao,W30p0,1,15,0.04751401257362761,0.04751401257362761
thetao,W10p0,10,18,0.04750914034476741,0.04750914034476741
so,W10p0,8,16,0.04713373319030837,0.04713373319030837
so,W40p0,3,18,0.04673974238998023,0.04673974238998023
so,W20p0,9,9,-0.04669553087076497,0.04669553087076497
so,W60p0,10,16,0.04662687429194621,0.04662687429194621
thetao,W20p0,9,8,0.04654901919608359,0.04654901919608359
thetao,W10p0,1,13,-0.0464391241736391,0.0464391241736391
thetao,W30p0,3,2,0.04635745572701856,0.04635745572701856
so,W40p0,7,3,-0.0463352761308699,0.0463352761308699
thetao,W60p0,5,17,0.046105818139876076,0.046105818139876076
thetao,W40p0,3,0,-0.046102027563107384,0.046102027563107384
thetao,W10p0,2,16,0.04608855519230082,0.04608855519230082
so,W30p0,7,2,-0.04608623220153002,0.04608623220153002
so,W30p0,10,19,0.046075339030380434,0.046075339030380434
thetao,W40p0,7,0,0.04602286672404742,0.04602286672404742
so,W40p0,6,20,-0.04587812175540403,0.04587812175540403
so,W20p0,5,5,0.04585997280367857,0.04585997280367857
so,W30p0,6,11,-0.04573852395377072,0.04573852395377072
so,W20p0,6,7,0.045641920177720126,0.045641920177720126
so,W30p0,8,13,-0.04542060694369635,0.04542060694369635
so,W60p0,8,9,-0.04522913071369682,0.04522913071369682
so,W20p0,7,4,-0.045169679903395765,0.045169679903395765
thetao,W30p0,4,16,-0.04515985621808372,0.04515985621808372
thetao,W60p0,9,9,0.04500258469778507,0.04500258469778507
thetao,W20p0,3,0,0.04480847451579261,0.04480847451579261
thetao,W40p0,5,20,0.04477181373880503,0.04477181373880503
so,W20p0,9,19,0.04464182426568855,0.04464182426568855
so,W40p0,10,18,-0.04427073995283496,0.04427073995283496
thetao,W10p0,9,1,0.04415544276397676,0.04415544276397676
so,W20p0,8,4,-0.043937552312383485,0.043937552312383485
so,W10p0,2,20,0.0437673254665783,0.0437673254665783
thetao,W10p0,8,2,-0.04376082491371629,0.04376082491371629
so,W10p0,9,5,-0.04375158449500027,0.04375158449500027
so,W20p0,5,11,0.043405256238140684,0.043405256238140684
thetao,W30p0,10,2,-0.043396623311966365,0.043396623311966365
so,W40p0,7,16,-0.0432812970356373,0.0432812970356373
so,W40p0,9,13,-0.04324667530935112,0.04324667530935112
so,W10p0,5,1,0.04321484490834543,0.04321484490834543
so,W20p0,1,3,-0.043142573437603145,0.043142573437603145
thetao,W10p0,10,19,0.043042930402221784,0.043042930402221784
so,W20p0,5,12,0.042913616930719226,0.042913616930719226
thetao,W20p0,1,8,-0.04291241618375266,0.04291241618375266
so,W20p0,10,6,0.04259396401724928,0.04259396401724928
so,W60p0,4,19,0.04243636232799818,0.04243636232799818
so,W30p0,10,20,0.042246012276832334,0.042246012276832334
thetao,W60p0,5,7,-0.042199202734991975,0.042199202734991975
so,W60p0,1,20,-0.041968567424024286,0.041968567424024286
thetao,W20p0,8,15,-0.04192646103587395,0.04192646103587395
thetao,W60p0,4,18,0.04184130693253015,0.04184130693253015
so,W60p0,8,20,0.041819297282190755,0.041819297282190755
so,W10p0,4,9,-0.04177811291729447,0.04177811291729447
so,W30p0,6,15,0.04147629754684285,0.04147629754684285
so,W40p0,9,0,0.04125671284637826,0.04125671284637826
so,W40p0,4,8,-0.041206717305419846,0.041206717305419846
thetao,W60p0,9,5,0.041111829544067766,0.041111829544067766
thetao,W10p0,5,3,0.041089503223697824,0.041089503223697824
thetao,W30p0,5,4,0.04096844481317684,0.04096844481317684
so,W20p0,8,3,-0.04089312242669462,0.04089312242669462
so,W10p0,6,9,-0.04088202283321357,0.04088202283321357
thetao,W10p0,2,15,0.04080157941645602,0.04080157941645602
thetao,W10p0,2,17,0.04069834855695768,0.04069834855695768
thetao,W60p0,2,15,0.04068817463807895,0.04068817463807895
so,W20p0,5,9,0.04059170887756244,0.04059170887756244
so,W10p0,5,17,0.040440164499401896,0.040440164499401896
so,W60p0,8,6,-0.04043742069213702,0.04043742069213702
thetao,W20p0,6,0,0.040265561191468284,0.040265561191468284
so,W60p0,9,14,0.04004498887916477,0.04004498887916477
thetao,W10p0,10,20,0.039784893605515716,0.039784893605515716
so,W60p0,10,11,0.03973683197476733,0.03973683197476733
thetao,W40p0,1,10,-0.039616268928346264,0.039616268928346264
thetao,W40p0,4,1,-0.03950016873161642,0.03950016873161642
thetao,W10p0,3,12,0.03943279018768725,0.03943279018768725
so,W40p0,10,5,-0.039224705772601204,0.039224705772601204
so,W40p0,1,9,0.038939117162890745,0.038939117162890745
thetao,W60p0,5,14,-0.038916837638764315,0.038916837638764315
so,W40p0,6,12,0.03884539916518228,0.03884539916518228
thetao,W40p0,4,12,0.038687046779640834,0.038687046779640834
so,W30p0,8,11,-0.0386048840761671,0.0386048840761671
thetao,W10p0,7,0,-0.03822445337884756,0.03822445337884756
so,W40p0,6,5,0.03777157326709385,0.03777157326709385
thetao,W30p0,10,17,-0.03771728057358232,0.03771728057358232
so,W10p0,6,3,0.03751214653595493,0.03751214653595493
thetao,W30p0,7,11,-0.037454553629925995,0.037454553629925995
so,W10p0,8,18,0.037364459038477064,0.037364459038477064
thetao,W60p0,5,18,0.03724887846397,0.03724887846397
so,W30p0,2,19,0.03711528687446908,0.03711528687446908
so,W30p0,10,18,0.037104297633649835,0.037104297633649835
so,W40p0,7,12,0.03706297021673942,0.03706297021673942
so,W20p0,2,14,-0.037035071974338,0.037035071974338
so,W20p0,10,3,-0.0369118354626061,0.0369118354626061
so,W20p0,4,9,0.03669196527188779,0.03669196527188779
thetao,W20p0,8,19,-0.0365444210821182,0.0365444210821182
thetao,W20p0,1,15,0.03652798654163893,0.03652798654163893
so,W60p0,8,4,-0.036482507911242495,0.036482507911242495
so,W40p0,5,14,0.03647280484238736,0.03647280484238736
thetao,W10p0,9,10,0.036334077270975734,0.036334077270975734
thetao,W20p0,5,5,0.03630224862064435,0.03630224862064435
so,W60p0,4,6,0.03615949074566093,0.03615949074566093
thetao,W20p0,5,3,0.03613613866719213,0.03613613866719213
so,W10p0,4,10,-0.03612405181376641,0.03612405181376641
thetao,W40p0,7,15,-0.036081602221739506,0.036081602221739506
so,W20p0,3,10,0.0360706071537529,0.0360706071537529
thetao,W60p0,6,4,-0.03597234370044155,0.03597234370044155
thetao,W10p0,9,9,0.03595687743728079,0.03595687743728079
so,W20p0,10,20,0.035785878477772794,0.035785878477772794
so,W10p0,9,20,0.035721377282443074,0.035721377282443074
so,W40p0,7,11,0.03563539146708134,0.03563539146708134
so,W40p0,6,6,0.035412822447619376,0.035412822447619376
thetao,W60p0,3,9,0.035388363399764686,0.035388363399764686
so,W20p0,10,16,0.03529804642792039,0.03529804642792039
so,W60p0,3,3,-0.03515657392017902,0.03515657392017902
thetao,W40p0,7,20,-0.03499066472592403,0.03499066472592403
thetao,W10p0,8,10,0.034822517232982936,0.034822517232982936
so,W20p0,10,7,0.03463540285418391,0.03463540285418391
thetao,W20p0,6,1,0.034631740679936206,0.034631740679936206
so,W40p0,3,9,0.03459600081880411,0.03459600081880411
so,W40p0,5,7,0.034539230642875965,0.034539230642875965
so,W40p0,8,5,0.03443652174147132,0.03443652174147132
thetao,W60p0,6,2,-0.0343912850219429,0.0343912850219429
so,W20p0,4,4,-0.03421728566937457,0.03421728566937457
thetao,W10p0,5,2,-0.03407261027413558,0.03407261027413558
so,W30p0,8,10,0.03396376229202581,0.03396376229202581
thetao,W10p0,7,17,0.03394241613502685,0.03394241613502685
thetao,W10p0,3,8,0.033844001532814805,0.033844001532814805
so,W40p0,8,7,-0.033834593603134774,0.033834593603134774
thetao,W10p0,7,1,-0.033642604554632874,0.033642604554632874
thetao,W60p0,3,14,0.033625109965361076,0.033625109965361076
thetao,W30p0,3,4,-0.033491991530197024,0.033491991530197024
thetao,W40p0,2,14,0.033436397813597044,0.033436397813597044
thetao,W10p0,3,7,0.033426841970166606,0.033426841970166606
thetao,W60p0,2,0,-0.033402286585410446,0.033402286585410446
thetao,W10p0,6,2,-0.03337742250028633,0.03337742250028633
thetao,W30p0,1,14,-0.03336857265794484,0.03336857265794484
so,W20p0,4,10,-0.03328046601600435,0.03328046601600435
thetao,W60p0,3,13,-0.03326562671105184,0.03326562671105184
so,W60p0,8,8,0.03310240868557469,0.03310240868557469
thetao,W30p0,10,5,0.03309218000411652,0.03309218000411652
thetao,W30p0,3,0,0.032983286680715526,0.032983286680715526
so,W10p0,3,3,-0.03294323668070253,0.03294323668070253
so,W60p0,7,20,-0.03288705612690988,0.03288705612690988
so,W20p0,1,16,-0.03285523236147938,0.03285523236147938
so,W40p0,8,3,-0.03278247553468011,0.03278247553468011
so,W40p0,5,8,-0.03275050778458446,0.03275050778458446
thetao,W60p0,2,16,0.03266804002910537,0.03266804002910537
so,W30p0,3,15,-0.03265399192434606,0.03265399192434606
so,W40p0,5,13,-0.03257394641881503,0.03257394641881503
so,W40p0,8,18,0.032564447320229034,0.032564447320229034
so,W60p0,10,8,0.032553308099425325,0.032553308099425325
thetao,W20p0,1,12,-0.032378062945590626,0.032378062945590626
thetao,W30p0,2,14,0.03232768111818249,0.03232768111818249
thetao,W30p0,8,19,-0.032149567507166625,0.032149567507166625
thetao,W20p0,4,3,-0.03214878026697394,0.03214878026697394
thetao,W30p0,6,1,-0.03210792342614177,0.03210792342614177
thetao,W60p0,7,1,0.03195636588000267,0.03195636588000267
thetao,W20p0,1,6,0.03194830003612989,0.03194830003612989
so,W20p0,10,18,-0.03157415017304063,0.03157415017304063
thetao,W10p0,9,19,0.031428529778577415,0.031428529778577415
so,W10p0,9,19,0.031420893435417804,0.031420893435417804
so,W20p0,8,5,-0.03124322000395163,0.03124322000395163
thetao,W60p0,5,19,0.03101457609832416,0.03101457609832416
so,W30p0,6,4,0.030958099943313017,0.030958099943313017
thetao,W20p0,4,11,0.030958090571262652,0.030958090571262652
thetao,W30p0,2,12,0.030927551859383638,0.030927551859383638
thetao,W30p0,9,17,0.030612864848319387,0.030612864848319387
thetao,W60p0,3,17,0.030572410303185905,0.030572410303185905
thetao,W30p0,5,16,0.030395691843282086,0.030395691843282086
so,W10p0,6,19,-0.03018096280193416,0.03018096280193416
so,W60p0,2,12,0.0299604257217868,0.0299604257217868
so,W30p0,6,20,0.02968971278976591,0.02968971278976591
thetao,W30p0,3,13,-0.02950164117149781,0.02950164117149781
thetao,W60p0,10,11,0.029390741353469738,0.029390741353469738
so,W20p0,8,20,0.029265493375065205,0.029265493375065205
so,W40p0,3,11,0.029167389076087978,0.029167389076087978
thetao,W20p0,4,5,0.029156702833218102,0.029156702833218102
thetao,W60p0,6,5,-0.028919993459994894,0.028919993459994894
so,W20p0,10,5,0.028852899908966955,0.028852899908966955
so,W10p0,3,14,0.028777945820019624,0.028777945820019624
thetao,W20p0,9,7,-0.028744719718141916,0.028744719718141916
thetao,W60p0,2,13,-0.028726903854158357,0.028726903854158357
so,W20p0,3,12,-0.028621304158106438,0.028621304158106438
so,W20p0,10,4,0.02846753034967964,0.02846753034967964
thetao,W10p0,1,17,0.02841464747094525,0.02841464747094525
thetao,W20p0,5,2,0.0281423282657399,0.0281423282657399
so,W30p0,6,17,0.028002557934203278,0.028002557934203278
so,W20p0,5,3,-0.02799732434830177,0.02799732434830177
so,W60p0,4,13,-0.02765023492073433,0.02765023492073433
thetao,W30p0,7,1,-0.02762507003011861,0.02762507003011861
so,W40p0,7,7,-0.02757158786175753,0.02757158786175753
so,W30p0,6,18,-0.027559848532920785,0.027559848532920785
thetao,W30p0,10,3,0.027372272970035753,0.027372272970035753
so,W40p0,8,6,0.027274841601682146,0.027274841601682146
so,W20p0,5,19,-0.027078507430238673,0.027078507430238673
thetao,W10p0,3,9,-0.0270272923458636,0.0270272923458636
thetao,W10p0,8,11,0.026856784190375647,0.026856784190375647
thetao,W40p0,4,13,0.026833836982935733,0.026833836982935733
thetao,W30p0,7,3,-0.026819814810916554,0.026819814810916554
thetao,W20p0,4,17,-0.026755652365958282,0.026755652365958282
thetao,W30p0,8,17,0.02652558403138522,0.02652558403138522
so,W20p0,2,2,0.026364272233671267,0.026364272233671267
thetao,W10p0,1,14,-0.026234963497250425,0.026234963497250425
so,W40p0,5,5,0.026209970398328526,0.026209970398328526
thetao,W10p0,2,14,0.02579325317423238,0.02579325317423238
so,W40p0,6,2,-0.0255652229085186,0.0255652229085186
thetao,W60p0,2,11,-0.025534401467422623,0.025534401467422623
thetao,W30p0,2,13,0.02534316864086345,0.02534316864086345
so,W20p0,4,20,-0.025317397928171545,0.025317397928171545
so,W20p0,4,5,-0.024866659966864785,0.024866659966864785
so,W40p0,7,10,0.024845531241079393,0.024845531241079393
thetao,W20p0,9,19,-0.02477560107234875,0.02477560107234875
so,W10p0,3,16,0.024683590191778196,0.024683590191778196
so,W30p0,1,15,0.02461511357684878,0.02461511357684878
so,W30p0,9,4,-0.02448556539219506,0.02448556539219506
so,W20p0,7,10,-0.024276988910306888,0.024276988910306888
thetao,W10p0,3,19,0.024228454554671115,0.024228454554671115
thetao,W60p0,2,5,0.024147262163397524,0.024147262163397524
thetao,W10p0,10,3,-0.024131261738773384,0.024131261738773384
thetao,W40p0,5,18,0.023880443258714423,0.023880443258714423
thetao,W30p0,3,1,0.023829649218816328,0.023829649218816328
so,W20p0,7,7,-0.023639941357769124,0.023639941357769124
so,W10p0,5,18,-0.023544888645529057,0.023544888645529057
so,W60p0,10,9,-0.02350715997018262,0.02350715997018262
thetao,W20p0,10,15,0.02350084744597411,0.02350084744597411
so,W40p0,6,3,0.023447780600859572,0.023447780600859572
thetao,W30p0,4,20,0.023441657626825627,0.023441657626825627
so,W10p0,6,15,0.02305926665311181,0.02305926665311181
thetao,W60p0,7,2,-0.023041881544542554,0.023041881544542554
so,W60p0,10,4,0.02302594932368432,0.02302594932368432
thetao,W60p0,7,3,-0.022919606462287124,0.022919606462287124
so,W10p0,9,11,-0.02290424003715513,0.02290424003715513
thetao,W10p0,4,0,0.022703066368520774,0.022703066368520774
thetao,W60p0,7,20,0.02241995262770756,0.02241995262770756
so,W30p0,7,3,-0.022353066594374377,0.022353066594374377
thetao,W20p0,5,1,0.022168651568456394,0.022168651568456394
thetao,W10p0,3,20,-0.021801953939087258,0.021801953939087258
so,W60p0,3,13,0.02169111537380584,0.02169111537380584
thetao,W40p0,4,3,-0.021632050399114998,0.021632050399114998
thetao,W30p0,3,17,0.021376456564482886,0.021376456564482886
thetao,W20p0,4,12,-0.021322182471260633,0.021322182471260633
so,W20p0,7,8,-0.02128180307929772,0.02128180307929772
thetao,W30p0,10,4,0.02127775113901596,0.02127775113901596
thetao,W40p0,9,17,-0.0212698123843547,0.0212698123843547
thetao,W10p0,8,3,0.0211022852092404,0.0211022852092404
so,W20p0,5,0,0.020986384842042655,0.020986384842042655
thetao,W30p0,8,18,0.020976308620172943,0.020976308620172943
so,W40p0,7,6,0.02096845973419086,0.02096845973419086
thetao,W30p0,7,4,-0.02093834479037243,0.02093834479037243
so,W40p0,7,8,-0.020935618721137448,0.020935618721137448
thetao,W30p0,5,17,-0.020890826011399206,0.020890826011399206
so,W30p0,2,11,0.020841881243179358,0.020841881243179358
thetao,W40p0,4,11,0.02069612503205269,0.02069612503205269
thetao,W60p0,7,4,-0.020692150629156653,0.020692150629156653
thetao,W20p0,9,3,-0.02060836807791954,0.02060836807791954
thetao,W10p0,1,4,-0.020531473836404284,0.020531473836404284
thetao,W60p0,9,8,0.020504993709358824,0.020504993709358824
so,W60p0,7,15,0.02041304438550353,0.02041304438550353
thetao,W30p0,10,9,-0.020412323534563858,0.020412323534563858
so,W40p0,8,19,-0.02036983174919857,0.02036983174919857
thetao,W60p0,9,18,-0.020273491561618874,0.020273491561618874
thetao,W60p0,2,10,0.020189810129041922,0.020189810129041922
so,W40p0,10,2,-0.019978125815115873,0.019978125815115873
so,W20p0,9,6,-0.0199711307630384,0.0199711307630384
so,W20p0,1,1,0.019960493610054506,0.019960493610054506
so,W40p0,3,8,0.019959994444558492,0.019959994444558492
thetao,W60p0,5,8,-0.019894916263377582,0.019894916263377582
thetao,W30p0,7,2,-0.019872118550140858,0.019872118550140858
thetao,W10p0,7,14,0.019844393002853247,0.019844393002853247
so,W30p0,7,16,0.01974338388948097,0.01974338388948097
so,W60p0,9,15,0.019456592513453285,0.019456592513453285
so,W10p0,10,0,-0.01917073939845572,0.01917073939845572
so,W20p0,4,19,-0.019047258180917567,0.019047258180917567
thetao,W60p0,3,11,-0.018934974711870185,0.018934974711870185
so,W60p0,3,12,-0.018897925957888313,0.018897925957888313
thetao,W30p0,4,14,0.018839004244369115,0.018839004244369115
thetao,W20p0,6,8,-0.018784045075185052,0.018784045075185052
thetao,W30p0,4,9,0.018591460386693508,0.018591460386693508
thetao,W30p0,3,19,-0.018494051454963256,0.018494051454963256
thetao,W20p0,9,6,-0.018299008127668295,0.018299008127668295
thetao,W60p0,9,4,-0.018298569036340445,0.018298569036340445
so,W30p0,4,6,-0.018027323564838237,0.018027323564838237
so,W60p0,8,5,-0.01800865882617971,0.01800865882617971
so,W30p0,10,4,-0.01763406263581174,0.01763406263581174
so,W40p0,4,10,-0.017550724252668962,0.017550724252668962
thetao,W30p0,3,14,0.017302142198094603,0.017302142198094603
thetao,W20p0,1,14,0.01729652009284494,0.01729652009284494
thetao,W60p0,9,3,0.017201524455317342,0.017201524455317342
so,W10p0,9,3,-0.01703671803081079,0.01703671803081079
thetao,W40p0,7,6,0.016942141545975804,0.016942141545975804
thetao,W60p0,5,15,0.01683380641000941,0.01683380641000941
thetao,W20p0,10,19,0.016805203638764567,0.016805203638764567
so,W20p0,7,5,0.01671727541878784,0.01671727541878784
thetao,W40p0,9,19,0.016697408695139377,0.016697408695139377
so,W30p0,1,1,-0.01654896037976009,0.01654896037976009
so,W40p0,4,11,0.016510700443629373,0.016510700443629373
thetao,W60p0,9,19,-0.01640577319355429,0.01640577319355429
so,W60p0,7,19,-0.016356817675595693,0.016356817675595693
so,W20p0,5,4,-0.016281327357507883,0.016281327357507883
so,W60p0,2,13,-0.016244093552709716,0.016244093552709716
thetao,W40p0,6,4,0.016047920031564192,0.016047920031564192
so,W30p0,7,19,-0.01595916778713264,0.01595916778713264
thetao,W40p0,8,9,-0.015875678261061774,0.015875678261061774
so,W20p0,10,19,-0.01586217368051873,0.01586217368051873
so,W40p0,4,9,-0.01574785788155472,0.01574785788155472
thetao,W40p0,5,17,-0.015553012418573335,0.015553012418573335
so,W10p0,1,0,-0.015466078386775889,0.015466078386775889
thetao,W60p0,9,10,-0.015457572236912824,0.015457572236912824
thetao,W30p0,8,10,0.015164885450137076,0.015164885450137076
thetao,W10p0,5,17,0.015077963974253513,0.015077963974253513
thetao,W20p0,8,17,-0.014974138497233226,0.014974138497233226
thetao,W20p0,1,7,-0.014964734225551652,0.014964734225551652
so,W10p0,3,2,-0.014897689768842684,0.014897689768842684
thetao,W60p0,5,9,-0.014840508591013392,0.014840508591013392
so,W30p0,10,2,-0.014826767463233016,0.014826767463233016
so,W10p0,4,0,0.014731845126542175,0.014731845126542175
so,W30p0,3,19,-0.014634267749757141,0.014634267749757141
thetao,W60p0,10,19,-0.014573015044216694,0.014573015044216694
thetao,W40p0,7,1,-0.014403644067060774,0.014403644067060774
so,W60p0,1,7,-0.014386706605478621,0.014386706605478621
thetao,W60p0,3,5,0.014205862334281548,0.014205862334281548
thetao,W60p0,3,18,0.01419123695641882,0.01419123695641882
so,W40p0,9,15,-0.013806290303747672,0.013806290303747672
so,W40p0,7,4,0.013787147834172179,0.013787147834172179
so,W20p0,4,1,0.01367221923097237,0.01367221923097237
thetao,W40p0,1,11,0.01348842532451399,0.01348842532451399
thetao,W20p0,4,13,-0.013444449296805144,0.013444449296805144
thetao,W10p0,3,13,-0.013363199124505013,0.013363199124505013
so,W20p0,4,2,0.013362263784881673,0.013362263784881673
so,W60p0,5,15,0.013016861320304995,0.013016861320304995
thetao,W60p0,6,11,0.012993783138701602,0.012993783138701602
so,W10p0,9,8,0.01284506766959147,0.01284506766959147
thetao,W40p0,5,10,0.012723253857555461,0.012723253857555461
so,W10p0,3,12,-0.0126711666765961,0.0126711666765961
thetao,W30p0,10,1,-0.012629295720960622,0.012629295720960622
so,W10p0,8,15,-0.012476064091582162,0.012476064091582162
thetao,W40p0,7,19,-0.012420875956888639,0.012420875956888639
so,W40p0,8,15,0.012262026616503356,0.012262026616503356
thetao,W10p0,2,12,0.012209236098961048,0.012209236098961048
so,W30p0,7,18,-0.01210600781646929,0.01210600781646929
so,W30p0,9,19,-0.011794658944566981,0.011794658944566981
thetao,W20p0,9,20,-0.011786696966824219,0.011786696966824219
so,W30p0,1,2,0.011773025346607556,0.011773025346607556
thetao,W60p0,3,10,0.011736239118506913,0.011736239118506913
thetao,W40p0,4,17,-0.011721435305085147,0.011721435305085147
so,W20p0,9,8,0.011644723722513867,0.011644723722513867
so,W10p0,9,7,-0.011431528660093483,0.011431528660093483
thetao,W30p0,8,5,0.01143098230422315,0.01143098230422315
so,W20p0,4,17,-0.011339112637349819,0.011339112637349819
so,W60p0,6,2,-0.011234749810940432,0.011234749810940432
thetao,W30p0,1,0,-0.011231591890133744,0.011231591890133744
thetao,W20p0,7,20,0.011041726796980716,0.011041726796980716
thetao,W20p0,9,11,0.01099218914965765,0.01099218914965765
so,W20p0,7,9,-0.010924066537433932,0.010924066537433932
thetao,W30p0,4,19,-0.010818224818277454,0.010818224818277454
so,W20p0,5,1,0.010779046683156048,0.010779046683156048
so,W10p0,2,4,-0.01077103679708568,0.01077103679708568
thetao,W10p0,2,5,0.010618153517067271,0.010618153517067271
thetao,W10p0,6,3,0.010583080483567028,0.010583080483567028
so,W30p0,10,17,0.010537240804876113,0.010537240804876113
so,W10p0,10,1,0.010531042623327562,0.010531042623327562
thetao,W60p0,10,4,0.010491252815428759,0.010491252815428759
so,W60p0,4,0,-0.010381133115075977,0.010381133115075977
so,W20p0,5,2,-0.01025657174857959,0.01025657174857959
so,W10p0,9,10,0.010181004228791226,0.010181004228791226
so,W20p0,4,8,-0.010126341238606614,0.010126341238606614
thetao,W30p0,3,20,-0.010080662649789763,0.010080662649789763
thetao,W10p0,9,7,-0.010051373938321909,0.010051373938321909
thetao,W60p0,8,10,0.009919919341593569,0.009919919341593569
so,W30p0,7,17,0.009913646213903234,0.009913646213903234
thetao,W10p0,3,10,-0.00987395465146658,0.00987395465146658
thetao,W40p0,10,17,-0.009602402896628552,0.009602402896628552
thetao,W30p0,4,4,-0.009539454425858983,0.009539454425858983
so,W20p0,9,7,0.009508463922264569,0.009508463922264569
so,W40p0,6,18,-0.009247627843886901,0.009247627843886901
so,W10p0,1,14,0.009074221604382147,0.009074221604382147
so,W60p0,8,1,-0.008792349392322369,0.008792349392322369
thetao,W40p0,6,20,-0.008617252329374617,0.008617252329374617
so,W20p0,7,6,0.008460598214813684,0.008460598214813684
so,W30p0,3,12,0.008124363415403143,0.008124363415403143
thetao,W30p0,7,10,-0.008111646945162247,0.008111646945162247
thetao,W20p0,8,14,-0.00808587724474784,0.00808587724474784
so,W10p0,9,12,0.008068608238933735,0.008068608238933735
thetao,W40p0,7,18,0.007898896720858136,0.007898896720858136
so,W30p0,8,14,-0.007898153590500124,0.007898153590500124
thetao,W60p0,1,14,0.007809187275111146,0.007809187275111146
so,W10p0,5,5,0.0077937151516219196,0.0077937151516219196
so,W60p0,7,6,0.007782710008244027,0.007782710008244027
thetao,W60p0,5,3,-0.007702075847216622,0.007702075847216622
so,W40p0,3,10,0.007539614164253641,0.007539614164253641
thetao,W40p0,7,14,0.007530977182183022,0.007530977182183022
so,W30p0,9,20,0.007303830533191679,0.007303830533191679
thetao,W60p0,2,14,0.007292366456281383,0.007292366456281383
so,W10p0,6,10,0.00724437544536766,0.00724437544536766
so,W20p0,9,18,-0.00721283638504517,0.00721283638504517
thetao,W40p0,4,9,-0.007180355583858122,0.007180355583858122
so,W10p0,5,6,0.007159679978687134,0.007159679978687134
thetao,W30p0,7,0,0.006759317326582693,0.006759317326582693
thetao,W30p0,3,3,0.006746176091771308,0.006746176091771308
thetao,W10p0,3,14,-0.006704445782841029,0.006704445782841029
so,W60p0,8,18,-0.0065599683165021155,0.0065599683165021155
thetao,W60p0,6,3,0.006529843261815996,0.006529843261815996
so,W30p0,6,19,-0.006516546991502124,0.006516546991502124
so,W20p0,7,20,0.006466554402309159,0.006466554402309159
thetao,W30p0,10,19,0.006425997442459297,0.006425997442459297
thetao,W10p0,1,15,-0.006412264734921385,0.006412264734921385
so,W10p0,9,9,-0.006274501054970022,0.006274501054970022
thetao,W40p0,9,5,0.00619391569512657,0.00619391569512657
thetao,W10p0,7,8,-0.006151951634773064,0.006151951634773064
thetao,W30p0,3,18,-0.006100702848700388,0.006100702848700388
so,W10p0,3,15,0.006073018032116501,0.006073018032116501
so,W40p0,7,9,0.005953491181630781,0.005953491181630781
thetao,W10p0,9,6,-0.005947228836529636,0.005947228836529636
so,W20p0,9,3,0.005604154256716418,0.005604154256716418
thetao,W40p0,4,10,0.005540335352358604,0.005540335352358604
so,W10p0,5,20,0.005514089232977876,0.005514089232977876
thetao,W20p0,10,16,0.005376152625178194,0.005376152625178194
thetao,W20p0,9,12,0.0053429134646143135,0.0053429134646143135
thetao,W60p0,7,19,-0.005317702076320386,0.005317702076320386
thetao,W60p0,5,20,0.0053043283176816705,0.0053043283176816705
thetao,W40p0,3,5,0.0051223628529191234,0.0051223628529191234
so,W30p0,10,16,-0.005118048642492293,0.005118048642492293
so,W40p0,1,10,-0.00509203691637179,0.00509203691637179
thetao,W10p0,5,1,0.004982111159717377,0.004982111159717377
thetao,W20p0,4,4,0.004692052117306543,0.004692052117306543
thetao,W20p0,1,13,-0.0046671801362175025,0.0046671801362175025
thetao,W10p0,7,2,0.004453729705156559,0.004453729705156559
thetao,W40p0,4,14,0.00439684851923088,0.00439684851923088
thetao,W30p0,9,3,0.004361752550991098,0.004361752550991098
thetao,W10p0,4,14,0.004317092249976079,0.004317092249976079
so,W60p0,8,7,-0.0042745023188369945,0.0042745023188369945
thetao,W40p0,10,12,-0.004128767865551954,0.004128767865551954
thetao,W10p0,7,18,0.0039287772808824315,0.0039287772808824315
thetao,W30p0,3,15,-0.0037313105043474343,0.0037313105043474343
so,W30p0,7,4,0.003514505904460927,0.003514505904460927
so,W60p0,8,19,-0.0034531717005621466,0.0034531717005621466
so,W40p0,7,15,-0.003231202864688674,0.003231202864688674
thetao,W30p0,7,9,0.0030832907340983757,0.0030832907340983757
so,W20p0,4,6,-0.0030321936279637204,0.0030321936279637204
thetao,W60p0,3,19,-0.0030123818387724033,0.0030123818387724033
so,W10p0,3,0,-0.002808239135023381,0.002808239135023381
so,W60p0,8,10,-0.002738456500329417,0.002738456500329417
thetao,W30p0,6,0,0.0024124919211281387,0.0024124919211281387
thetao,W40p0,1,20,0.0022807016600696756,0.0022807016600696756
so,W60p0,4,9,0.002279444640690342,0.002279444640690342
thetao,W40p0,4,2,-0.0022225193634850047,0.0022225193634850047
thetao,W60p0,7,18,-0.0021749700624811423,0.0021749700624811423
so,W40p0,8,4,0.001969574370667862,0.001969574370667862
so,W60p0,4,18,0.0019359079482610575,0.0019359079482610575
thetao,W60p0,4,15,0.0018994973400814873,0.0018994973400814873
so,W10p0,9,6,0.0018810770718959546,0.0018810770718959546
so,W20p0,1,17,0.0017991841663666886,0.0017991841663666886
thetao,W10p0,9,20,-0.001632052061810994,0.001632052061810994
so,W20p0,7,19,0.0015621006495574938,0.0015621006495574938
thetao,W20p0,10,20,0.0015047632743429378,0.0015047632743429378
so,W40p0,6,19,0.0014204117719060303,0.0014204117719060303
so,W20p0,1,2,-0.0013653619931484633,0.0013653619931484633
thetao,W10p0,1,16,-0.001113277033949849,0.001113277033949849
thetao,W40p0,9,20,0.0010030453990416916,0.0010030453990416916
so,W30p0,2,20,0.0009917272636009277,0.0009917272636009277
so,W20p0,3,11,0.0008457910255372953,0.0008457910255372953
thetao,W10p0,3,18,-0.000736676733974399,0.000736676733974399
so,W30p0,10,1,0.0006833164849208054,0.0006833164849208054
so,W20p0,4,7,0.00046497708305799043,0.00046497708305799043
thetao,W20p0,4,2,-0.00043609704433181213,0.00043609704433181213
so,W10p0,3,17,-0.00035820049954522884,0.00035820049954522884
so,W30p0,10,3,-0.0003020867840796623,0.0003020867840796623
so,W40p0,2,6,6.369246683131055e-05,6.369246683131055e-05
