var,lon_tag,mode,lag,corr,abs_corr
thetao,W30p0,4,3,0.7307573402943076,0.7307573402943076
so,W30p0,1,5,-0.7290758915625184,0.7290758915625184
thetao,W30p0,4,4,0.7289813507475694,0.7289813507475694
thetao,W60p0,2,0,-0.7208824847003387,0.7208824847003387
thetao,W30p0,4,2,0.7103700147155338,0.7103700147155338
so,W30p0,1,4,-0.7094529915985013,0.7094529915985013
so,W30p0,1,12,-0.7079202138656525,0.7079202138656525
thetao,W30p0,4,0,0.7026699913135135,0.7026699913135135
thetao,W60p0,2,1,-0.6954685567559964,0.6954685567559964
thetao,W40p0,3,0,0.6930834137982285,0.6930834137982285
thetao,W30p0,4,1,0.6901353473357072,0.6901353473357072
thetao,W30p0,1,12,-0.6898499588917335,0.6898499588917335
thetao,W30p0,4,5,0.6867070488549636,0.6867070488549636
thetao,W30p0,1,10,-0.6858624396765547,0.6858624396765547
thetao,W30p0,1,11,-0.6845368617410635,0.6845368617410635
thetao,W30p0,1,13,-0.6833783191518449,0.6833783191518449
so,W30p0,1,10,-0.6813007252204731,0.6813007252204731
so,W30p0,1,13,-0.6810145183855812,0.6810145183855812
thetao,W60p0,2,2,-0.6808697722214735,0.6808697722214735
so,W30p0,1,6,-0.6788648951631001,0.6788648951631001
so,W30p0,1,8,-0.6787587417936495,0.6787587417936495
thetao,W30p0,1,14,-0.6772331631595176,0.6772331631595176
thetao,W20p0,2,17,-0.676226769009947,0.676226769009947
thetao,W20p0,2,18,-0.6726941814356202,0.6726941814356202
thetao,W30p0,1,15,-0.6694675933884394,0.6694675933884394
thetao,W20p0,2,14,-0.6690950820533024,0.6690950820533024
so,W40p0,1,5,-0.6677747524964256,0.6677747524964256
thetao,W20p0,2,0,-0.6671261422413602,0.6671261422413602
thetao,W30p0,1,9,-0.6670933207033352,0.6670933207033352
so,W30p0,1,9,-0.6657723729138065,0.6657723729138065
so,W30p0,1,11,-0.6631855885704129,0.6631855885704129
thetao,W20p0,2,16,-0.663040689547532,0.663040689547532
thetao,W20p0,2,15,-0.6610777225193333,0.6610777225193333
so,W30p0,1,7,-0.6609714029810179,0.6609714029810179
so,W30p0,1,3,-0.6591086241626295,0.6591086241626295
thetao,W20p0,2,19,-0.6579584842708075,0.6579584842708075
thetao,W30p0,1,8,-0.6511523947862619,0.6511523947862619
thetao,W60p0,2,3,-0.650154071487175,0.650154071487175
thetao,W30p0,1,16,-0.6481047025043661,0.6481047025043661
thetao,W30p0,4,6,0.6478899252945166,0.6478899252945166
thetao,W20p0,2,13,-0.6478402900784401,0.6478402900784401
so,W30p0,1,14,-0.6456794674165638,0.6456794674165638
so,W10p0,1,8,-0.645031592566106,0.645031592566106
so,W40p0,1,6,-0.6444750947046965,0.6444750947046965
thetao,W20p0,2,10,-0.6434824931244444,0.6434824931244444
thetao,W20p0,2,7,-0.6434303766891093,0.6434303766891093
thetao,W20p0,2,11,-0.6429730728471573,0.6429730728471573
so,W10p0,1,0,-0.6420616315933905,0.6420616315933905
so,W30p0,1,15,-0.6405013950269034,0.6405013950269034
thetao,W30p0,4,7,0.6397510411143309,0.6397510411143309
thetao,W20p0,2,6,-0.6397202324015347,0.6397202324015347
thetao,W10p0,1,0,-0.6366357737836643,0.6366357737836643
thetao,W10p0,2,16,0.6352705476358085,0.6352705476358085
thetao,W30p0,1,7,-0.6349253198357484,0.6349253198357484
thetao,W10p0,2,18,0.6344051099018043,0.6344051099018043
so,W30p0,1,2,-0.6342693144144934,0.6342693144144934
thetao,W10p0,1,4,-0.6325482626603649,0.6325482626603649
thetao,W30p0,1,6,-0.6322584989400449,0.6322584989400449
thetao,W10p0,1,3,-0.6322525571387275,0.6322525571387275
thetao,W20p0,2,8,-0.6321878235883089,0.6321878235883089
thetao,W10p0,2,20,0.6312979749920967,0.6312979749920967
so,W30p0,1,16,-0.6309198736427054,0.6309198736427054
thetao,W10p0,2,17,0.6305432574632345,0.6305432574632345
thetao,W10p0,1,1,-0.6301284260148518,0.6301284260148518
thetao,W20p0,2,12,-0.629908916064961,0.629908916064961
thetao,W60p0,2,4,-0.6289680080611542,0.6289680080611542
thetao,W20p0,2,9,-0.6285280427054212,0.6285280427054212
thetao,W60p0,2,5,-0.6279754267977388,0.6279754267977388
thetao,W40p0,3,18,0.627872142912564,0.627872142912564
thetao,W40p0,3,19,0.6273930213279774,0.6273930213279774
thetao,W10p0,1,2,-0.6268792436236339,0.6268792436236339
thetao,W30p0,1,17,-0.6264472412856347,0.6264472412856347
so,W10p0,1,7,-0.6250566760448588,0.6250566760448588
thetao,W10p0,1,5,-0.6231787421199858,0.6231787421199858
thetao,W60p0,2,9,-0.6227190407806322,0.6227190407806322
thetao,W40p0,3,17,0.6224541555704911,0.6224541555704911
so,W10p0,1,9,-0.6220467031171696,0.6220467031171696
thetao,W10p0,2,15,0.6220027919202539,0.6220027919202539
thetao,W60p0,2,6,-0.6194697251416333,0.6194697251416333
thetao,W60p0,2,10,-0.6191896998328384,0.6191896998328384
so,W10p0,1,1,-0.6191604357888603,0.6191604357888603
thetao,W30p0,4,8,0.6188642647164001,0.6188642647164001
thetao,W20p0,2,20,-0.6186021767739578,0.6186021767739578
thetao,W40p0,1,6,-0.6181937078430237,0.6181937078430237
thetao,W40p0,1,5,-0.6168735369358829,0.6168735369358829
thetao,W10p0,2,19,0.6161534722885265,0.6161534722885265
thetao,W10p0,1,6,-0.6154059499757997,0.6154059499757997
thetao,W60p0,2,20,-0.614473193884294,0.614473193884294
thetao,W20p0,1,4,0.6112919828571194,0.6112919828571194
so,W40p0,1,7,-0.6094954664201154,0.6094954664201154
so,W30p0,1,1,-0.6091993147646991,0.6091993147646991
thetao,W10p0,2,13,0.6075766975043145,0.6075766975043145
thetao,W30p0,4,11,0.6075263665197048,0.6075263665197048
thetao,W10p0,3,17,0.6075191764424656,0.6075191764424656
thetao,W20p0,2,3,-0.6073447473763272,0.6073447473763272
thetao,W10p0,2,14,0.6063177598314189,0.6063177598314189
so,W40p0,1,4,-0.6058198314146378,0.6058198314146378
thetao,W60p0,2,11,-0.6057578716001221,0.6057578716001221
thetao,W60p0,2,8,-0.6044982882842475,0.6044982882842475
thetao,W60p0,2,19,-0.6044016989450152,0.6044016989450152
so,W40p0,1,9,-0.6032586451714657,0.6032586451714657
thetao,W10p0,1,7,-0.6027846580419836,0.6027846580419836
thetao,W20p0,2,2,-0.6026919390060493,0.6026919390060493
thetao,W60p0,2,12,-0.6025872071970234,0.6025872071970234
thetao,W40p0,3,14,0.6023650726111223,0.6023650726111223
thetao,W20p0,2,1,-0.6019420724320949,0.6019420724320949
so,W40p0,1,12,-0.600809822347118,0.600809822347118
thetao,W30p0,1,5,-0.6007877187742882,0.6007877187742882
so,W30p0,1,17,-0.6002708260579294,0.6002708260579294
thetao,W10p0,3,16,0.5991330961839912,0.5991330961839912
thetao,W60p0,2,7,-0.5985160805725137,0.5985160805725137
so,W40p0,1,8,-0.5978462875581724,0.5978462875581724
thetao,W60p0,2,18,-0.5977280777198787,0.5977280777198787
thetao,W20p0,5,16,0.5976634059997166,0.5976634059997166
thetao,W60p0,2,17,-0.5967052888811903,0.5967052888811903
thetao,W40p0,1,8,-0.5964671468989471,0.5964671468989471
thetao,W30p0,4,12,0.5959637235135559,0.5959637235135559
thetao,W10p0,3,13,0.5950770493472861,0.5950770493472861
thetao,W40p0,1,7,-0.5946625246624873,0.5946625246624873
so,W40p0,1,1,-0.5943738530830165,0.5943738530830165
thetao,W30p0,4,9,0.5942590935728973,0.5942590935728973
thetao,W60p0,2,13,-0.5941922943649615,0.5941922943649615
thetao,W20p0,2,5,-0.5934796159057246,0.5934796159057246
thetao,W30p0,1,18,-0.5930089162790428,0.5930089162790428
thetao,W30p0,4,13,0.5924273688051936,0.5924273688051936
so,W60p0,1,17,0.5900064841244937,0.5900064841244937
thetao,W40p0,1,9,-0.5898023447681462,0.5898023447681462
thetao,W10p0,8,9,0.5896839561539884,0.5896839561539884
thetao,W40p0,3,20,0.589659369508223,0.589659369508223
thetao,W10p0,3,20,0.589167467808082,0.589167467808082
so,W30p0,1,18,-0.5888026591213731,0.5888026591213731
so,W10p0,1,10,-0.5884775965070833,0.5884775965070833
thetao,W40p0,3,16,0.587990480804999,0.587990480804999
thetao,W30p0,4,14,0.5877358580586034,0.5877358580586034
so,W10p0,1,6,-0.5877224564886273,0.5877224564886273
so,W40p0,1,3,-0.5871428830165636,0.5871428830165636
so,W60p0,1,15,0.58684810447341,0.58684810447341
thetao,W10p0,1,8,-0.5862008907961627,0.5862008907961627
so,W10p0,1,11,-0.5861753711146913,0.5861753711146913
thetao,W60p0,2,16,-0.585093835471712,0.585093835471712
thetao,W10p0,2,12,0.5843842514608241,0.5843842514608241
thetao,W20p0,5,17,0.5841653351066819,0.5841653351066819
so,W30p0,1,20,-0.5838871745707568,0.5838871745707568
thetao,W30p0,4,15,0.5834896325319171,0.5834896325319171
thetao,W40p0,3,15,0.5833366678416784,0.5833366678416784
thetao,W40p0,1,4,-0.5828688812535242,0.5828688812535242
thetao,W30p0,4,19,0.5826963758357419,0.5826963758357419
thetao,W10p0,3,18,0.5826244744176159,0.5826244744176159
thetao,W30p0,4,10,0.5824970884320831,0.5824970884320831
thetao,W40p0,1,1,-0.5822031464122875,0.5822031464122875
so,W60p0,1,16,0.5821937229209357,0.5821937229209357
so,W40p0,1,10,-0.5819485394484925,0.5819485394484925
so,W10p0,1,4,-0.581832938989769,0.581832938989769
thetao,W10p0,3,15,0.5816255639361924,0.5816255639361924
thetao,W20p0,2,4,-0.5814542655800069,0.5814542655800069
so,W60p0,1,3,0.5809429267394949,0.5809429267394949
thetao,W40p0,3,11,0.5806753666133152,0.5806753666133152
so,W40p0,1,13,-0.5804232825041411,0.5804232825041411
thetao,W40p0,3,2,0.5802697779329643,0.5802697779329643
thetao,W10p0,3,19,0.5794091525294934,0.5794091525294934
thetao,W20p0,1,3,0.5786155304022356,0.5786155304022356
thetao,W10p0,3,14,0.5783209948467404,0.5783209948467404
so,W60p0,1,18,0.5782959809774377,0.5782959809774377
so,W10p0,1,5,-0.5782321839762798,0.5782321839762798
thetao,W30p0,1,4,-0.578209418768066,0.578209418768066
so,W10p0,1,2,-0.5780254256106346,0.5780254256106346
thetao,W20p0,1,5,0.577583181170638,0.577583181170638
thetao,W40p0,3,10,0.5737779693273148,0.5737779693273148
so,W30p0,1,19,-0.5728712298895456,0.5728712298895456
thetao,W40p0,1,12,-0.571962493647383,0.571962493647383
thetao,W30p0,4,20,0.5716928740951401,0.5716928740951401
thetao,W60p0,2,15,-0.5716797225738398,0.5716797225738398
so,W20p0,6,0,0.570893140420281,0.570893140420281
thetao,W60p0,2,14,-0.570299427416358,0.570299427416358
thetao,W40p0,1,0,-0.5702992250785178,0.5702992250785178
thetao,W20p0,1,9,0.5695849988542068,0.5695849988542068
thetao,W10p0,1,9,-0.5687221895634162,0.5687221895634162
thetao,W40p0,1,13,-0.5680567106184385,0.5680567106184385
so,W10p0,4,13,-0.5680243393216188,0.5680243393216188
so,W60p0,1,19,0.5678191165382827,0.5678191165382827
thetao,W30p0,4,18,0.5676592575108269,0.5676592575108269
thetao,W40p0,1,3,-0.5661403863621424,0.5661403863621424
thetao,W40p0,3,3,0.5660407897888547,0.5660407897888547
so,W10p0,1,3,-0.5657958918162909,0.5657958918162909
so,W20p0,4,4,0.5655596586927769,0.5655596586927769
so,W60p0,1,2,0.5654767966986043,0.5654767966986043
thetao,W10p0,3,12,0.5654327511420972,0.5654327511420972
thetao,W40p0,1,11,-0.5649125055568148,0.5649125055568148
thetao,W10p0,1,10,-0.563836369026285,0.563836369026285
thetao,W40p0,1,10,-0.5630917264929084,0.5630917264929084
thetao,W30p0,1,3,-0.5629040051004347,0.5629040051004347
so,W60p0,1,20,0.5628166911544196,0.5628166911544196
thetao,W30p0,4,16,0.562002045270462,0.562002045270462
so,W10p0,4,3,-0.5608663417482852,0.5608663417482852
so,W40p0,1,2,-0.5604795261552763,0.5604795261552763
thetao,W40p0,1,2,-0.5604220082805268,0.5604220082805268
thetao,W30p0,4,17,0.5598490560024119,0.5598490560024119
so,W10p0,4,4,-0.5595601990089761,0.5595601990089761
so,W10p0,1,12,-0.5594622242859797,0.5594622242859797
thetao,W40p0,3,1,0.5575778327422818,0.5575778327422818
thetao,W10p0,3,11,0.5573693202810239,0.5573693202810239
so,W40p0,1,11,-0.5560344657598784,0.5560344657598784
thetao,W30p0,1,2,-0.555967874781358,0.555967874781358
so,W10p0,4,2,-0.5553594519400539,0.5553594519400539
so,W60p0,2,0,0.5526843428425338,0.5526843428425338
thetao,W20p0,1,10,0.5525391186110041,0.5525391186110041
so,W10p0,1,19,-0.5519858559738122,0.5519858559738122
so,W60p0,1,14,0.5517990913901331,0.5517990913901331
thetao,W20p0,1,7,0.5512416292248056,0.5512416292248056
so,W10p0,4,12,-0.5502597157817722,0.5502597157817722
so,W60p0,1,11,0.5498476077004691,0.5498476077004691
so,W60p0,1,1,0.5497301038248011,0.5497301038248011
thetao,W30p0,1,19,-0.5492703043383195,0.5492703043383195
thetao,W20p0,1,6,0.5492430389715237,0.5492430389715237
so,W60p0,1,12,0.5491463505469681,0.5491463505469681
thetao,W40p0,3,9,0.5489370734553035,0.5489370734553035
thetao,W10p0,3,10,0.5484201501667803,0.5484201501667803
so,W60p0,1,13,0.5474779975937499,0.5474779975937499
thetao,W20p0,5,18,0.5472046737136317,0.5472046737136317
thetao,W20p0,5,15,0.546927473888614,0.546927473888614
thetao,W20p0,1,8,0.546224306223495,0.546224306223495
so,W60p0,1,4,0.5443619521612203,0.5443619521612203
so,W20p0,4,3,0.5443147493983262,0.5443147493983262
so,W40p0,10,13,0.5441536512092955,0.5441536512092955
thetao,W10p0,1,11,-0.5424084331266169,0.5424084331266169
thetao,W10p0,8,19,0.5416736714806558,0.5416736714806558
so,W10p0,4,5,-0.5412857327382425,0.5412857327382425
thetao,W10p0,2,11,0.5404634978795735,0.5404634978795735
thetao,W10p0,8,8,0.5394467435168442,0.5394467435168442
thetao,W40p0,3,13,0.5383667619688667,0.5383667619688667
thetao,W40p0,3,12,0.5378290468873833,0.5378290468873833
so,W20p0,4,5,0.5365731275905073,0.5365731275905073
thetao,W40p0,3,7,0.536289216336515,0.536289216336515
thetao,W10p0,8,20,0.5359022970297352,0.5359022970297352
so,W10p0,1,20,-0.5346668656798861,0.5346668656798861
thetao,W30p0,1,20,-0.5342289334434898,0.5342289334434898
so,W10p0,4,14,-0.5341149677514281,0.5341149677514281
so,W10p0,1,16,-0.5341124918608613,0.5341124918608613
so,W10p0,4,1,-0.5329941543582953,0.5329941543582953
thetao,W10p0,1,13,-0.5326065320331412,0.5326065320331412
so,W10p0,4,17,-0.5322374538585791,0.5322374538585791
so,W10p0,1,17,-0.5307063353804831,0.5307063353804831
so,W10p0,4,16,-0.5304183011960083,0.5304183011960083
so,W10p0,1,18,-0.5303747513921286,0.5303747513921286
thetao,W10p0,1,14,-0.5302369798907928,0.5302369798907928
so,W10p0,4,20,-0.5299704849639539,0.5299704849639539
thetao,W30p0,1,1,-0.5282817794778153,0.5282817794778153
so,W10p0,1,15,-0.5275173872640606,0.5275173872640606
thetao,W10p0,3,9,0.5248475046681135,0.5248475046681135
thetao,W40p0,1,14,-0.5245473530388534,0.5245473530388534
so,W30p0,1,0,-0.5242608644290436,0.5242608644290436
thetao,W10p0,4,20,0.5237460222624328,0.5237460222624328
thetao,W10p0,4,19,0.5229163558554908,0.5229163558554908
thetao,W20p0,3,0,-0.5222863325364948,0.5222863325364948
thetao,W20p0,1,11,0.5219566769786208,0.5219566769786208
so,W20p0,4,6,0.5215229453272693,0.5215229453272693
thetao,W40p0,3,4,0.5213384382372125,0.5213384382372125
thetao,W10p0,2,10,0.5207351264708865,0.5207351264708865
so,W10p0,4,9,-0.5203295360195983,0.5203295360195983
thetao,W10p0,1,12,-0.5202840903695926,0.5202840903695926
so,W10p0,4,10,-0.5188142771267237,0.5188142771267237
thetao,W40p0,3,8,0.5187696804950718,0.5187696804950718
thetao,W10p0,8,12,0.5187050261584462,0.5187050261584462
so,W20p0,6,17,0.5184171281663665,0.5184171281663665
so,W10p0,4,11,-0.5182426352725946,0.5182426352725946
so,W10p0,4,6,-0.5169863517185076,0.5169863517185076
so,W40p0,1,14,-0.5159234824803406,0.5159234824803406
so,W10p0,1,14,-0.515562232142724,0.515562232142724
so,W10p0,1,13,-0.5146234843280918,0.5146234843280918
so,W10p0,4,15,-0.5146037170758576,0.5146037170758576
so,W60p0,1,10,0.5144563325150179,0.5144563325150179
thetao,W20p0,5,19,0.5130751693321317,0.5130751693321317
so,W10p0,4,18,-0.5116723481575663,0.5116723481575663
thetao,W10p0,1,15,-0.5115499649509243,0.5115499649509243
thetao,W20p0,1,2,0.5100985866056832,0.5100985866056832
so,W60p0,1,0,0.5096322482439569,0.5096322482439569
so,W10p0,4,0,-0.5096066633377044,0.5096066633377044
thetao,W20p0,4,20,-0.5087081319329702,0.5087081319329702
so,W20p0,6,18,0.5083384624558848,0.5083384624558848
so,W40p0,10,14,0.5083049616150797,0.5083049616150797
so,W20p0,4,7,0.5071643372516876,0.5071643372516876
thetao,W20p0,3,6,-0.50650164909165,0.50650164909165
so,W40p0,1,15,-0.50520371037695,0.50520371037695
thetao,W20p0,4,19,-0.504418166132165,0.504418166132165
so,W60p0,1,9,0.5041446575772724,0.5041446575772724
thetao,W10p0,8,11,0.5041234199724186,0.5041234199724186
so,W40p0,2,14,0.5032149681685374,0.5032149681685374
thetao,W60p0,5,1,0.5030598258440403,0.5030598258440403
so,W40p0,10,16,0.5029722259886975,0.5029722259886975
thetao,W40p0,3,6,0.5024288781686136,0.5024288781686136
so,W40p0,1,0,-0.5023322724838123,0.5023322724838123
so,W60p0,1,5,0.5014143952105882,0.5014143952105882
thetao,W10p0,8,10,0.49995538003626394,0.49995538003626394
so,W10p0,4,8,-0.4998500189638909,0.4998500189638909
so,W60p0,1,8,0.4996704580492911,0.4996704580492911
so,W20p0,6,8,0.49959268272364743,0.49959268272364743
so,W40p0,2,17,0.49907226488954287,0.49907226488954287
thetao,W10p0,2,6,0.4990543371157303,0.4990543371157303
thetao,W20p0,4,18,-0.49849098510867434,0.49849098510867434
so,W60p0,1,7,0.4978890457986125,0.4978890457986125
thetao,W10p0,1,17,-0.4974855176932354,0.4974855176932354
so,W20p0,6,7,0.49647196193361076,0.49647196193361076
thetao,W10p0,2,7,0.4944959075944645,0.4944959075944645
so,W20p0,6,2,0.4924514918346684,0.4924514918346684
so,W10p0,4,19,-0.49222115353379664,0.49222115353379664
thetao,W10p0,1,16,-0.4917928824643624,0.4917928824643624
thetao,W30p0,5,19,0.4903878768293785,0.4903878768293785
so,W20p0,6,19,0.4902144453619076,0.4902144453619076
so,W20p0,4,9,0.48952268865399157,0.48952268865399157
thetao,W20p0,4,17,-0.48903051042146733,0.48903051042146733
so,W10p0,4,7,-0.4888342880114465,0.4888342880114465
thetao,W30p0,1,0,-0.4886701930434124,0.4886701930434124
so,W60p0,1,6,0.4885686479534759,0.4885686479534759
so,W40p0,10,15,0.4883107969775386,0.4883107969775386
so,W60p0,2,1,0.4872857204072821,0.4872857204072821
thetao,W10p0,2,9,0.48708455371331744,0.48708455371331744
thetao,W20p0,1,12,0.4868519754498385,0.4868519754498385
so,W40p0,1,16,-0.4867383834609998,0.4867383834609998
so,W40p0,2,19,0.4863187191771376,0.4863187191771376
thetao,W40p0,1,15,-0.4858867119838182,0.4858867119838182
thetao,W20p0,5,20,0.4848372768500332,0.4848372768500332
thetao,W10p0,8,13,0.4848090677004421,0.4848090677004421
thetao,W40p0,3,5,0.4843043477664065,0.4843043477664065
thetao,W10p0,8,18,0.48405791194768033,0.48405791194768033
so,W40p0,2,18,0.4833598940596727,0.4833598940596727
thetao,W20p0,3,7,-0.48273779098668324,0.48273779098668324
so,W20p0,4,8,0.48265152309865295,0.48265152309865295
thetao,W10p0,1,18,-0.4820807957144013,0.4820807957144013
so,W40p0,7,0,-0.480035797885486,0.480035797885486
thetao,W10p0,2,5,0.4793965097078193,0.4793965097078193
thetao,W20p0,3,3,-0.4791497519544396,0.4791497519544396
so,W20p0,4,2,0.47891145525855133,0.47891145525855133
thetao,W10p0,4,18,0.4778025891425064,0.4778025891425064
so,W40p0,1,20,-0.4763090738485249,0.4763090738485249
thetao,W10p0,3,8,0.47613590419002144,0.47613590419002144
so,W40p0,2,13,0.47598280066927506,0.47598280066927506
thetao,W20p0,3,2,-0.4759005240135919,0.4759005240135919
so,W20p0,6,16,0.4752439976128333,0.4752439976128333
thetao,W20p0,5,14,0.47462864628225304,0.47462864628225304
thetao,W10p0,2,8,0.4740917565753047,0.4740917565753047
thetao,W20p0,3,4,-0.4738126766037787,0.4738126766037787
thetao,W10p0,4,17,0.4715343877455395,0.4715343877455395
so,W30p0,9,0,0.4709734521786749,0.4709734521786749
thetao,W30p0,10,9,0.4701730628310091,0.4701730628310091
thetao,W10p0,3,7,0.4692938388971935,0.4692938388971935
so,W20p0,6,1,0.46847642268914613,0.46847642268914613
so,W40p0,2,16,0.4676205027125852,0.4676205027125852
thetao,W20p0,4,16,-0.467537058159868,0.467537058159868
thetao,W20p0,3,10,-0.4667470792446113,0.4667470792446113
thetao,W40p0,6,16,0.46668969245058894,0.46668969245058894
so,W40p0,2,15,0.46614036199037157,0.46614036199037157
so,W20p0,6,11,0.4660478781907373,0.4660478781907373
thetao,W10p0,8,17,0.46534117930615565,0.46534117930615565
thetao,W30p0,9,9,0.4647700990754577,0.4647700990754577
thetao,W10p0,8,2,0.46476805194045995,0.46476805194045995
thetao,W40p0,9,0,0.463896307312543,0.463896307312543
thetao,W10p0,8,3,0.4635297413743871,0.4635297413743871
thetao,W10p0,2,4,0.4630454278575491,0.4630454278575491
thetao,W40p0,1,16,-0.4629575505645214,0.4629575505645214
so,W20p0,6,6,0.4626431736195901,0.4626431736195901
thetao,W10p0,1,19,-0.46254615088838236,0.46254615088838236
so,W40p0,10,12,0.4618335193146191,0.4618335193146191
thetao,W20p0,3,5,-0.4614055091975223,0.4614055091975223
thetao,W40p0,6,15,0.46114420156510855,0.46114420156510855
thetao,W10p0,1,20,-0.4605374050064538,0.4605374050064538
thetao,W20p0,4,15,-0.460114996454411,0.460114996454411
thetao,W20p0,4,14,-0.46008965348447384,0.46008965348447384
so,W20p0,6,9,0.45991326544229366,0.45991326544229366
thetao,W20p0,3,8,-0.45973274089052857,0.45973274089052857
thetao,W20p0,3,9,-0.45886922365291294,0.45886922365291294
so,W40p0,2,20,0.458286489715623,0.458286489715623
thetao,W10p0,3,6,0.45808942436164274,0.45808942436164274
thetao,W20p0,3,1,-0.457867808975395,0.457867808975395
so,W10p0,9,19,0.4570325114320975,0.4570325114320975
thetao,W10p0,4,16,0.45613089882357627,0.45613089882357627
so,W40p0,7,20,-0.45607658630250564,0.45607658630250564
thetao,W30p0,10,10,0.4555887370864938,0.4555887370864938
so,W40p0,10,17,0.4553636907624124,0.4553636907624124
thetao,W30p0,10,12,0.45533625698891744,0.45533625698891744
thetao,W10p0,8,4,0.45442738200283317,0.45442738200283317
thetao,W30p0,5,20,0.45404724580420536,0.45404724580420536
thetao,W40p0,1,20,-0.4540197070963777,0.4540197070963777
so,W20p0,4,1,0.45332843098752207,0.45332843098752207
thetao,W20p0,5,13,0.452888475255313,0.452888475255313
so,W40p0,10,10,0.4528127030157233,0.4528127030157233
so,W40p0,10,18,0.4519816836115494,0.4519816836115494
so,W60p0,2,2,0.45067222126052453,0.45067222126052453
thetao,W10p0,8,16,0.45048002942975374,0.45048002942975374
thetao,W20p0,1,13,0.45013199135925086,0.45013199135925086
so,W20p0,6,12,0.44964753370356797,0.44964753370356797
so,W20p0,6,14,0.44925908053546937,0.44925908053546937
so,W20p0,6,15,0.44848867274673077,0.44848867274673077
so,W40p0,1,17,-0.44827238884132325,0.44827238884132325
so,W40p0,10,11,0.448209253238626,0.448209253238626
thetao,W60p0,6,15,-0.4477894148767299,0.4477894148767299
thetao,W20p0,4,13,-0.44773879326559807,0.44773879326559807
thetao,W10p0,8,1,0.447664735101302,0.447664735101302
so,W20p0,1,10,-0.4454869373346311,0.4454869373346311
so,W40p0,1,18,-0.44429484513788503,0.44429484513788503
so,W20p0,4,10,0.4437539158685731,0.4437539158685731
thetao,W20p0,1,1,0.4427309452026236,0.4427309452026236
thetao,W30p0,5,18,0.4425266360229733,0.4425266360229733
thetao,W30p0,9,10,0.44133382250067216,0.44133382250067216
thetao,W10p0,2,3,0.44018417919169517,0.44018417919169517
so,W20p0,6,3,0.43959674003639243,0.43959674003639243
so,W40p0,7,13,-0.4393576474767498,0.4393576474767498
thetao,W40p0,1,17,-0.4384294807408255,0.4384294807408255
thetao,W10p0,8,5,0.4370250259573192,0.4370250259573192
thetao,W30p0,10,11,0.43680703989103886,0.43680703989103886
thetao,W40p0,2,20,0.4365398666780483,0.4365398666780483
so,W40p0,7,16,-0.43618918937124473,0.43618918937124473
so,W20p0,6,5,0.43600181523671944,0.43600181523671944
so,W20p0,6,10,0.4357569959519086,0.4357569959519086
so,W20p0,1,0,-0.4350080224313388,0.4350080224313388
thetao,W30p0,10,13,0.4349388258034709,0.4349388258034709
so,W40p0,2,11,0.43460015244996986,0.43460015244996986
so,W40p0,10,9,0.43413445100058073,0.43413445100058073
thetao,W10p0,8,14,0.4326515510131536,0.4326515510131536
so,W40p0,7,12,-0.4322546092440186,0.4322546092440186
so,W40p0,1,19,-0.4316694819987516,0.4316694819987516
so,W40p0,7,11,-0.4304265458101662,0.4304265458101662
thetao,W40p0,5,9,0.4291210694243043,0.4291210694243043
thetao,W40p0,6,13,0.4268876876540251,0.4268876876540251
so,W40p0,10,19,0.42667646270660287,0.42667646270660287
so,W40p0,2,12,0.4257958318052021,0.4257958318052021
thetao,W10p0,2,2,0.4257387371605394,0.4257387371605394
thetao,W20p0,3,11,-0.42532573219462083,0.42532573219462083
so,W60p0,2,5,0.4246734188258131,0.4246734188258131
so,W10p0,9,18,0.42418465093055713,0.42418465093055713
so,W20p0,6,20,0.42408919761835623,0.42408919761835623
so,W20p0,6,13,0.4240818399344867,0.4240818399344867
thetao,W40p0,1,19,-0.4236567077614324,0.4236567077614324
thetao,W20p0,9,4,-0.42320007581977465,0.42320007581977465
thetao,W60p0,6,2,-0.4228276813113494,0.4228276813113494
thetao,W10p0,8,7,0.422474445049689,0.422474445049689
thetao,W10p0,2,1,0.4217501792352808,0.4217501792352808
thetao,W10p0,4,15,0.42148582251446987,0.42148582251446987
thetao,W30p0,10,8,0.4210597845958012,0.4210597845958012
thetao,W40p0,1,18,-0.4208859111297152,0.4208859111297152
thetao,W20p0,4,12,-0.42005431223360745,0.42005431223360745
thetao,W30p0,9,7,0.41986792911596515,0.41986792911596515
so,W40p0,7,9,-0.4194067686978518,0.4194067686978518
so,W10p0,9,20,0.4193754761623451,0.4193754761623451
thetao,W10p0,8,15,0.41908578417735665,0.41908578417735665
so,W20p0,1,1,-0.4186554160446923,0.4186554160446923
so,W20p0,1,9,-0.4186124505176304,0.4186124505176304
so,W20p0,9,20,-0.4185169025781866,0.4185169025781866
so,W20p0,1,5,-0.41822979641876995,0.41822979641876995
thetao,W20p0,4,11,-0.41782415938861384,0.41782415938861384
thetao,W10p0,3,5,0.41758264271712936,0.41758264271712936
thetao,W20p0,1,14,0.41719033193584015,0.41719033193584015
thetao,W40p0,5,11,0.4170548837353535,0.4170548837353535
so,W40p0,7,1,-0.4155863943773602,0.4155863943773602
so,W20p0,1,2,-0.41501000451747605,0.41501000451747605
thetao,W10p0,8,6,0.4149699339772581,0.4149699339772581
thetao,W60p0,6,4,-0.41443714415322236,0.41443714415322236
thetao,W60p0,6,14,-0.4142381142530965,0.4142381142530965
thetao,W10p0,4,9,0.41363541667826775,0.41363541667826775
thetao,W20p0,5,12,0.4132648567782818,0.4132648567782818
thetao,W40p0,8,10,-0.4120615309002335,0.4120615309002335
thetao,W30p0,9,8,0.4115500635583396,0.4115500635583396
so,W40p0,2,10,0.4109369114710734,0.4109369114710734
thetao,W10p0,4,11,0.41090471349986973,0.41090471349986973
so,W60p0,8,3,0.4102239109309611,0.4102239109309611
thetao,W40p0,6,17,0.4101144569967298,0.4101144569967298
so,W20p0,4,0,0.4101117004100422,0.4101117004100422
thetao,W30p0,9,13,0.40996902180559547,0.40996902180559547
thetao,W60p0,6,3,-0.4093812904108764,0.4093812904108764
thetao,W10p0,4,8,0.40876948810449576,0.40876948810449576
so,W20p0,5,4,0.4084585428261436,0.4084585428261436
thetao,W60p0,6,16,-0.4078462618163522,0.4078462618163522
so,W20p0,1,3,-0.40747716524129285,0.40747716524129285
so,W20p0,5,11,0.40620782680372447,0.40620782680372447
thetao,W40p0,9,1,0.4061580137660042,0.4061580137660042
thetao,W10p0,2,0,0.40604860338311954,0.40604860338311954
so,W40p0,5,13,-0.40597400677143514,0.40597400677143514
so,W40p0,10,20,0.4043381725323446,0.4043381725323446
thetao,W60p0,6,6,-0.4042720368162597,0.4042720368162597
thetao,W10p0,4,12,0.40407173502660976,0.40407173502660976
thetao,W40p0,6,18,0.40403693990009265,0.40403693990009265
thetao,W10p0,4,0,0.4031476249459931,0.4031476249459931
thetao,W60p0,5,5,0.4027631648946823,0.4027631648946823
thetao,W60p0,5,19,0.4023544978677105,0.4023544978677105
thetao,W40p0,6,12,0.40189115840380346,0.40189115840380346
thetao,W40p0,5,10,0.4016509233554077,0.4016509233554077
thetao,W60p0,6,1,-0.4010317095937225,0.4010317095937225
so,W20p0,1,6,-0.40090327073722914,0.40090327073722914
so,W20p0,2,18,0.3986840088124807,0.3986840088124807
thetao,W40p0,9,4,0.39796820056930743,0.39796820056930743
thetao,W60p0,6,7,-0.3964862979871628,0.3964862979871628
so,W60p0,2,10,0.3959053798750002,0.3959053798750002
thetao,W10p0,3,4,0.3956691794607174,0.3956691794607174
thetao,W30p0,2,0,-0.39508787542201473,0.39508787542201473
so,W20p0,1,8,-0.39498364614621234,0.39498364614621234
thetao,W40p0,2,19,0.3937295240093189,0.3937295240093189
so,W40p0,7,2,-0.393533588824021,0.393533588824021
so,W20p0,1,7,-0.39199449430297467,0.39199449430297467
thetao,W10p0,6,16,-0.39172150371242,0.39172150371242
thetao,W30p0,9,6,0.3912302548966364,0.3912302548966364
so,W60p0,2,4,0.3906334651900911,0.3906334651900911
thetao,W30p0,10,6,0.3905544220711589,0.3905544220711589
thetao,W40p0,6,14,0.3898987462435052,0.3898987462435052
so,W40p0,7,14,-0.3898461034318734,0.3898461034318734
so,W20p0,4,14,0.3897193152898932,0.3897193152898932
thetao,W40p0,5,14,0.3894663790515492,0.3894663790515492
so,W20p0,2,16,0.3887215237526611,0.3887215237526611
thetao,W40p0,4,0,-0.3886411818909228,0.3886411818909228
thetao,W60p0,10,20,-0.3882443389527546,0.3882443389527546
thetao,W60p0,9,0,0.3880698337531702,0.3880698337531702
thetao,W40p0,8,13,-0.38805285660006567,0.38805285660006567
thetao,W30p0,3,18,-0.3877539183988801,0.3877539183988801
thetao,W30p0,5,17,0.3871021224465732,0.3871021224465732
thetao,W20p0,1,15,0.38689896933629614,0.38689896933629614
thetao,W40p0,8,12,-0.3868973183557533,0.3868973183557533
thetao,W30p0,3,20,-0.3868944212537088,0.3868944212537088
so,W20p0,6,4,0.38689059907845297,0.38689059907845297
thetao,W30p0,3,17,-0.38603719039967443,0.38603719039967443
so,W20p0,2,17,0.38567613390099986,0.38567613390099986
thetao,W10p0,3,3,0.38506332873484755,0.38506332873484755
so,W40p0,7,19,-0.3848012560539416,0.3848012560539416
so,W40p0,7,5,-0.3840617607589007,0.3840617607589007
thetao,W40p0,8,11,-0.38285029137620225,0.38285029137620225
so,W20p0,4,15,0.38217881830403316,0.38217881830403316
thetao,W60p0,5,2,0.381733835992605,0.381733835992605
thetao,W40p0,5,13,0.381669649835407,0.381669649835407
so,W20p0,4,13,0.3813776329951035,0.3813776329951035
so,W20p0,2,14,0.3811843278658813,0.3811843278658813
thetao,W30p0,9,12,0.38108663248135755,0.38108663248135755
thetao,W20p0,4,10,-0.38082007588710326,0.38082007588710326
thetao,W30p0,9,16,0.38078922953224986,0.38078922953224986
thetao,W60p0,5,12,0.38037905007608075,0.38037905007608075
so,W40p0,5,15,-0.38007484453574575,0.38007484453574575
so,W20p0,5,12,0.38000247796539677,0.38000247796539677
so,W20p0,2,15,0.3797672220031659,0.3797672220031659
thetao,W30p0,5,16,0.37941232079699616,0.37941232079699616
so,W30p0,3,0,0.37935723474727284,0.37935723474727284
so,W40p0,5,14,-0.37847940238465066,0.37847940238465066
so,W60p0,2,11,0.3783708779646783,0.3783708779646783
thetao,W30p0,9,14,0.3780049819164287,0.3780049819164287
thetao,W40p0,10,1,-0.37797344066923994,0.37797344066923994
thetao,W30p0,9,17,0.3778292668763513,0.3778292668763513
thetao,W10p0,4,1,0.37764004353821534,0.37764004353821534
thetao,W30p0,9,15,0.37754803559131594,0.37754803559131594
thetao,W30p0,3,19,-0.3772211586475401,0.3772211586475401
thetao,W30p0,10,14,0.3771355298217125,0.3771355298217125
so,W60p0,9,12,0.3768130935178663,0.3768130935178663
so,W20p0,4,11,0.3759987814431994,0.3759987814431994
thetao,W20p0,6,5,0.3758546815759198,0.3758546815759198
thetao,W60p0,5,13,0.37507010719868555,0.37507010719868555
so,W60p0,2,6,0.37505749150940193,0.37505749150940193
so,W20p0,1,4,-0.3747968196146385,0.3747968196146385
thetao,W30p0,10,7,0.37472895810526574,0.37472895810526574
thetao,W40p0,2,18,0.37436677833667426,0.37436677833667426
thetao,W40p0,6,19,0.37433576746330155,0.37433576746330155
so,W30p0,9,20,0.37388087725268576,0.37388087725268576
thetao,W60p0,5,0,0.3734992759617805,0.3734992759617805
thetao,W40p0,5,12,0.3734055941643554,0.3734055941643554
so,W60p0,2,9,0.37323600420598885,0.37323600420598885
thetao,W10p0,4,14,0.3730470147392113,0.3730470147392113
so,W10p0,9,17,0.3723395912868117,0.3723395912868117
thetao,W30p0,10,5,0.37205883005175516,0.37205883005175516
so,W60p0,8,4,0.3720179479948501,0.3720179479948501
thetao,W40p0,6,20,0.37170191591121154,0.37170191591121154
thetao,W40p0,2,17,0.37129322972636775,0.37129322972636775
thetao,W40p0,10,2,-0.3712216532196792,0.3712216532196792
thetao,W10p0,6,12,-0.3711597310717807,0.3711597310717807
thetao,W60p0,9,2,0.37094967816710583,0.37094967816710583
thetao,W40p0,5,6,0.37092586853471815,0.37092586853471815
so,W40p0,2,4,0.3709129214772944,0.3709129214772944
so,W40p0,7,17,-0.37074718953600866,0.37074718953600866
so,W20p0,5,9,0.37053013731229256,0.37053013731229256
so,W20p0,2,19,0.37008331877754347,0.37008331877754347
thetao,W10p0,4,13,0.36934345693294934,0.36934345693294934
so,W20p0,1,20,-0.3693422749685866,0.3693422749685866
so,W60p0,9,13,0.3689172465540006,0.3689172465540006
thetao,W20p0,9,3,-0.36885777587403135,0.36885777587403135
so,W40p0,7,15,-0.3685036373808472,0.3685036373808472
so,W40p0,7,18,-0.3684091366208141,0.3684091366208141
thetao,W30p0,10,2,0.36724806891115025,0.36724806891115025
thetao,W10p0,4,10,0.366668442406573,0.366668442406573
thetao,W40p0,2,16,0.36639584873029246,0.36639584873029246
thetao,W10p0,4,2,0.366347865936202,0.366347865936202
thetao,W20p0,1,16,0.36617453420052437,0.36617453420052437
so,W40p0,7,10,-0.36591191145602286,0.36591191145602286
thetao,W40p0,10,3,-0.36562575705905515,0.36562575705905515
so,W10p0,8,20,0.36556407557495896,0.36556407557495896
thetao,W10p0,8,0,0.36556361787403696,0.36556361787403696
thetao,W30p0,9,11,0.36507671308808815,0.36507671308808815
so,W60p0,2,13,0.36435495930395745,0.36435495930395745
thetao,W60p0,6,5,-0.36347780538603636,0.36347780538603636
thetao,W10p0,4,7,0.3626352218778468,0.3626352218778468
thetao,W20p0,3,13,-0.3621706581073847,0.3621706581073847
thetao,W40p0,7,9,0.36184592100406704,0.36184592100406704
thetao,W10p0,3,2,0.36132729699497707,0.36132729699497707
so,W10p0,9,15,0.36032069587593557,0.36032069587593557
so,W40p0,7,4,-0.35994383419490156,0.35994383419490156
so,W10p0,8,10,0.35972919229893885,0.35972919229893885
thetao,W30p0,9,5,0.3590287464433127,0.3590287464433127
thetao,W20p0,5,9,0.3590110829737148,0.3590110829737148
so,W20p0,1,12,-0.3587866088823338,0.3587866088823338
so,W60p0,2,8,0.35856505498280455,0.35856505498280455
thetao,W60p0,5,20,0.358541891138827,0.358541891138827
so,W20p0,1,11,-0.3580779686017178,0.3580779686017178
so,W10p0,9,16,0.35768480087136806,0.35768480087136806
so,W40p0,5,16,-0.35761399238290936,0.35761399238290936
thetao,W40p0,5,8,0.35718937836691245,0.35718937836691245
thetao,W20p0,6,4,0.3570109560678456,0.3570109560678456
thetao,W20p0,3,12,-0.3557940542491637,0.3557940542491637
so,W60p0,2,3,0.3554486280710879,0.3554486280710879
so,W40p0,2,3,0.35518445279446276,0.35518445279446276
thetao,W40p0,10,0,-0.3550233305975032,0.3550233305975032
so,W20p0,1,13,-0.3549808001097629,0.3549808001097629
so,W40p0,10,1,0.35488900362720055,0.35488900362720055
so,W40p0,5,12,-0.3543623414401204,0.3543623414401204
so,W40p0,7,3,-0.35406077396997526,0.35406077396997526
thetao,W40p0,8,14,-0.3538369248101977,0.3538369248101977
thetao,W20p0,9,1,-0.35363905953648916,0.35363905953648916
so,W20p0,2,13,0.35355781250015883,0.35355781250015883
so,W20p0,4,18,0.35350123101266556,0.35350123101266556
so,W60p0,2,14,0.3531034699375619,0.3531034699375619
thetao,W40p0,2,13,0.35293301745810046,0.35293301745810046
thetao,W20p0,1,17,0.35221499294563285,0.35221499294563285
so,W20p0,4,16,0.35206452034861485,0.35206452034861485
so,W60p0,2,12,0.3516427890794111,0.3516427890794111
so,W30p0,4,12,0.3515701102548174,0.3515701102548174
thetao,W20p0,9,2,-0.351477437014729,0.351477437014729
thetao,W40p0,9,3,0.3513186164195897,0.3513186164195897
thetao,W40p0,5,15,0.350919666613059,0.350919666613059
so,W40p0,7,7,-0.35078568568867496,0.35078568568867496
thetao,W30p0,3,16,-0.35063198742104357,0.35063198742104357
thetao,W10p0,3,0,0.35018699485630767,0.35018699485630767
thetao,W20p0,9,5,-0.35005531524298217,0.35005531524298217
so,W10p0,9,12,0.3490802268796422,0.3490802268796422
thetao,W60p0,6,17,-0.3489493778059525,0.3489493778059525
so,W30p0,3,1,0.34885986294480803,0.34885986294480803
thetao,W20p0,5,11,0.34876634428171005,0.34876634428171005
so,W10p0,10,17,-0.348514405452885,0.348514405452885
so,W10p0,9,0,0.3484231153992385,0.3484231153992385
thetao,W40p0,8,7,-0.3478737434691969,0.3478737434691969
so,W20p0,7,20,0.3478529476328092,0.3478529476328092
so,W40p0,5,0,-0.34752321446165724,0.34752321446165724
thetao,W10p0,4,6,0.34707767118931676,0.34707767118931676
so,W10p0,2,19,0.34667744932597266,0.34667744932597266
so,W20p0,4,12,0.34652749325166476,0.34652749325166476
so,W30p0,5,4,-0.34642979848237093,0.34642979848237093
so,W20p0,4,20,0.34637650691805005,0.34637650691805005
so,W40p0,5,1,-0.3450493092142975,0.3450493092142975
so,W60p0,8,0,0.34484669128890283,0.34484669128890283
thetao,W10p0,6,20,-0.3445794338544362,0.3445794338544362
thetao,W30p0,9,4,0.3440418660118351,0.3440418660118351
so,W20p0,10,5,-0.3433473140089459,0.3433473140089459
thetao,W40p0,4,1,-0.34310817050422443,0.34310817050422443
so,W40p0,10,0,0.34309587099346717,0.34309587099346717
so,W20p0,5,5,0.3425183115969565,0.3425183115969565
so,W20p0,2,20,0.3422314688701592,0.3422314688701592
so,W20p0,10,6,-0.341628255573449,0.341628255573449
thetao,W40p0,5,5,0.34110206996864834,0.34110206996864834
so,W10p0,2,18,0.3409025792289718,0.3409025792289718
so,W10p0,10,20,-0.34089314906420237,0.34089314906420237
thetao,W40p0,5,17,0.3408913957701362,0.3408913957701362
thetao,W40p0,2,15,0.33986869000667486,0.33986869000667486
so,W20p0,1,18,-0.3395772789740248,0.3395772789740248
thetao,W30p0,10,16,0.3392849494943083,0.3392849494943083
so,W20p0,9,19,-0.3390088225671593,0.3390088225671593
thetao,W10p0,4,3,0.33846824980879475,0.33846824980879475
thetao,W40p0,5,20,0.3381206920726744,0.3381206920726744
thetao,W40p0,5,7,0.33804172320815956,0.33804172320815956
so,W40p0,10,7,0.3379914408222268,0.3379914408222268
so,W40p0,2,2,0.3375796872176847,0.3375796872176847
thetao,W40p0,2,12,0.3372939794313661,0.3372939794313661
thetao,W30p0,5,15,0.3368718632256468,0.3368718632256468
so,W60p0,2,7,0.33669446479373205,0.33669446479373205
so,W40p0,2,9,0.3362669093321592,0.3362669093321592
thetao,W40p0,6,4,0.33532413823479085,0.33532413823479085
thetao,W30p0,10,3,0.33531051226286457,0.33531051226286457
so,W10p0,9,11,0.33458801148555345,0.33458801148555345
thetao,W20p0,3,14,-0.3332198492589559,0.3332198492589559
so,W20p0,4,19,0.3331552172703367,0.3331552172703367
so,W10p0,8,17,0.33310714059088264,0.33310714059088264
so,W40p0,2,8,0.3330943452706421,0.3330943452706421
thetao,W20p0,4,9,-0.33304823373632586,0.33304823373632586
thetao,W20p0,1,18,0.33269067844261396,0.33269067844261396
thetao,W30p0,10,17,0.33264010212059697,0.33264010212059697
thetao,W60p0,5,4,0.33257018070575983,0.33257018070575983
so,W10p0,2,17,0.33250173366879804,0.33250173366879804
so,W10p0,8,11,0.33232232764003955,0.33232232764003955
so,W20p0,5,10,0.33230349646173035,0.33230349646173035
thetao,W10p0,6,1,-0.3322532467009992,0.3322532467009992
thetao,W10p0,3,1,0.3319747226829147,0.3319747226829147
thetao,W40p0,5,18,0.3319728857733006,0.3319728857733006
so,W10p0,5,6,-0.3319433278956685,0.3319433278956685
thetao,W40p0,7,10,0.33182785339371784,0.33182785339371784
so,W10p0,2,20,0.33176689966094147,0.33176689966094147
so,W40p0,7,8,-0.3314981783612848,0.3314981783612848
thetao,W10p0,6,9,-0.3311600846443999,0.3311600846443999
so,W20p0,4,17,0.3303358201147256,0.3303358201147256
thetao,W30p0,10,1,0.330025228570609,0.330025228570609
so,W40p0,2,7,0.3299680614422963,0.3299680614422963
so,W20p0,10,9,-0.3297395730048864,0.3297395730048864
thetao,W40p0,9,5,0.32952056163288806,0.32952056163288806
so,W10p0,9,13,0.32945877700175735,0.32945877700175735
so,W60p0,9,1,0.32898813053013937,0.32898813053013937
so,W20p0,9,17,-0.3283621723961792,0.3283621723961792
so,W10p0,10,16,-0.32829097510455874,0.32829097510455874
so,W30p0,3,2,0.32823424418390473,0.32823424418390473
so,W30p0,8,11,0.32821710618015665,0.32821710618015665
so,W40p0,5,2,-0.3280864965683381,0.3280864965683381
so,W40p0,10,8,0.327385085737463,0.327385085737463
thetao,W40p0,2,14,0.3273250403656641,0.3273250403656641
so,W20p0,3,3,-0.32708401053865405,0.32708401053865405
thetao,W20p0,6,1,0.326679404231452,0.326679404231452
so,W20p0,1,17,-0.3262360455989527,0.3262360455989527
thetao,W10p0,6,5,-0.3261594642760754,0.3261594642760754
thetao,W10p0,6,17,-0.3259784956375442,0.3259784956375442
so,W20p0,1,19,-0.3258437920216859,0.3258437920216859
so,W20p0,3,5,-0.32553867320623237,0.32553867320623237
so,W20p0,10,7,-0.3254162596433233,0.3254162596433233
thetao,W60p0,5,18,0.32522609458024676,0.32522609458024676
so,W60p0,9,2,0.32452804897952986,0.32452804897952986
thetao,W40p0,8,9,-0.3231273555145473,0.3231273555145473
thetao,W40p0,5,16,0.3227548702094283,0.3227548702094283
thetao,W30p0,9,3,0.3225019413263937,0.3225019413263937
so,W20p0,9,18,-0.3224062233438422,0.3224062233438422
so,W10p0,2,16,0.32235998699435714,0.32235998699435714
so,W60p0,8,2,0.3222575660897453,0.3222575660897453
thetao,W10p0,4,4,0.3222258757265343,0.3222258757265343
thetao,W60p0,5,10,0.32100340875716904,0.32100340875716904
thetao,W10p0,6,15,-0.3208969180061167,0.3208969180061167
thetao,W60p0,6,18,-0.3207714703525033,0.3207714703525033
thetao,W30p0,5,11,0.3207641976081459,0.3207641976081459
thetao,W20p0,6,20,0.3206139411322065,0.3206139411322065
so,W20p0,1,14,-0.3201132638353543,0.3201132638353543
so,W60p0,2,19,0.3200985232292648,0.3200985232292648
thetao,W20p0,1,0,0.3200705719244281,0.3200705719244281
so,W20p0,2,12,0.3200493600225376,0.3200493600225376
thetao,W40p0,6,8,0.3198995989472327,0.3198995989472327
so,W60p0,9,9,0.3195848718809927,0.3195848718809927
thetao,W40p0,6,11,0.3195126162903581,0.3195126162903581
thetao,W10p0,6,18,-0.3192541223387144,0.3192541223387144
so,W10p0,8,9,0.31922416596057757,0.31922416596057757
thetao,W40p0,10,4,-0.31914432159471157,0.31914432159471157
so,W10p0,8,13,0.31890303777737256,0.31890303777737256
thetao,W60p0,5,16,0.31888601326290045,0.31888601326290045
so,W10p0,8,16,0.31772110054886044,0.31772110054886044
thetao,W40p0,10,5,-0.31698476301493733,0.31698476301493733
so,W20p0,5,8,0.316898817481914,0.316898817481914
so,W40p0,5,3,-0.3166327819198623,0.3166327819198623
thetao,W60p0,6,8,-0.31637904916937504,0.31637904916937504
thetao,W40p0,5,19,0.3157996235990941,0.3157996235990941
thetao,W20p0,5,10,0.3157403911423034,0.3157403911423034
so,W10p0,5,5,-0.3152445917391162,0.3152445917391162
thetao,W20p0,4,8,-0.31501048957318045,0.31501048957318045
so,W10p0,10,18,-0.31483858714183477,0.31483858714183477
thetao,W30p0,9,20,0.31453596812890255,0.31453596812890255
so,W20p0,3,1,-0.3142782007006055,0.3142782007006055
so,W30p0,9,1,0.3139905722780837,0.3139905722780837
so,W20p0,7,16,0.31365073250491216,0.31365073250491216
so,W40p0,10,6,0.3134523067309557,0.3134523067309557
thetao,W60p0,9,1,0.31338714376245536,0.31338714376245536
thetao,W40p0,8,15,-0.31327070056288875,0.31327070056288875
thetao,W30p0,10,4,0.3125731085330633,0.3125731085330633
thetao,W30p0,5,10,0.312238458064495,0.312238458064495
thetao,W20p0,6,2,0.31215751409753606,0.31215751409753606
so,W40p0,5,11,-0.3117915224615326,0.3117915224615326
so,W10p0,9,14,0.3116775170848674,0.3116775170848674
thetao,W10p0,4,5,0.31157060800463376,0.31157060800463376
so,W10p0,9,4,0.3115292433704708,0.3115292433704708
so,W10p0,5,0,-0.31145411876437007,0.31145411876437007
so,W60p0,8,1,0.3110501351395665,0.3110501351395665
thetao,W20p0,9,0,-0.31097267277018437,0.31097267277018437
so,W40p0,2,5,0.3109030678556491,0.3109030678556491
thetao,W30p0,10,18,0.31061343993895507,0.31061343993895507
thetao,W20p0,5,8,0.3097074357259498,0.3097074357259498
so,W30p0,3,6,0.30921325698306124,0.30921325698306124
thetao,W40p0,6,9,0.3091149533163902,0.3091149533163902
thetao,W60p0,10,19,-0.30894027214423037,0.30894027214423037
so,W20p0,3,2,-0.3085698894913488,0.3085698894913488
thetao,W20p0,6,3,0.3084634884128968,0.3084634884128968
so,W10p0,8,12,0.30829249334717973,0.30829249334717973
so,W10p0,9,9,0.3077916195796396,0.3077916195796396
so,W20p0,2,4,0.3072526486072182,0.3072526486072182
so,W20p0,5,2,0.30717461665585244,0.30717461665585244
thetao,W30p0,10,15,0.3071006136387977,0.3071006136387977
thetao,W10p0,6,19,-0.3070178925516775,0.3070178925516775
thetao,W60p0,5,15,0.30657589976945465,0.30657589976945465
so,W20p0,5,3,0.30630501183251907,0.30630501183251907
so,W20p0,7,19,0.30569874084534604,0.30569874084534604
so,W40p0,2,6,0.30549665794615255,0.30549665794615255
thetao,W30p0,3,15,-0.3053232898771596,0.3053232898771596
thetao,W30p0,9,1,0.30505211714250885,0.30505211714250885
so,W20p0,9,16,-0.30497902266460175,0.30497902266460175
so,W60p0,2,16,0.30489864782289994,0.30489864782289994
thetao,W40p0,8,16,-0.304777145600453,0.304777145600453
so,W40p0,7,6,-0.3047768192578806,0.3047768192578806
thetao,W10p0,6,8,-0.3046220030389258,0.3046220030389258
so,W10p0,9,10,0.30446106954306124,0.30446106954306124
thetao,W60p0,6,13,-0.30442788089933037,0.30442788089933037
thetao,W40p0,7,8,0.30402740260712185,0.30402740260712185
so,W20p0,3,4,-0.3036997335302585,0.3036997335302585
thetao,W40p0,2,11,0.3036537370114752,0.3036537370114752
thetao,W10p0,6,4,-0.3036092906030241,0.3036092906030241
thetao,W30p0,9,18,0.3034937315617919,0.3034937315617919
thetao,W40p0,8,6,-0.30332604780918004,0.30332604780918004
so,W60p0,9,10,0.3032774010202248,0.3032774010202248
so,W20p0,5,1,0.3032197624264012,0.3032197624264012
thetao,W60p0,9,3,0.3031826178918256,0.3031826178918256
so,W60p0,2,20,0.3030379195873578,0.3030379195873578
thetao,W40p0,8,8,-0.3014773354783121,0.3014773354783121
so,W10p0,5,4,-0.3010409836950653,0.3010409836950653
thetao,W40p0,6,3,0.30041267261682486,0.30041267261682486
thetao,W40p0,6,5,0.30037346717643004,0.30037346717643004
so,W10p0,9,6,0.30029271214990755,0.30029271214990755
so,W10p0,5,7,-0.30008609530987806,0.30008609530987806
so,W30p0,3,3,0.2998919914148019,0.2998919914148019
thetao,W60p0,6,0,-0.2996929275501196,0.2996929275501196
thetao,W60p0,5,17,0.2995598692272341,0.2995598692272341
thetao,W40p0,10,6,-0.29943779431831613,0.29943779431831613
so,W20p0,1,16,-0.29870652836991846,0.29870652836991846
so,W60p0,9,18,0.2982094559363316,0.2982094559363316
so,W10p0,8,8,0.2981886776498253,0.2981886776498253
thetao,W20p0,4,7,-0.2981858835203348,0.2981858835203348
so,W30p0,9,19,0.2980646483083105,0.2980646483083105
so,W10p0,8,1,0.2979671363026949,0.2979671363026949
thetao,W60p0,5,11,0.29789801447309866,0.29789801447309866
so,W20p0,7,15,0.2977169199001805,0.2977169199001805
thetao,W40p0,7,6,0.2969850039167565,0.2969850039167565
thetao,W60p0,5,8,0.2967707495663897,0.2967707495663897
thetao,W30p0,5,14,0.29675528131699724,0.29675528131699724
thetao,W40p0,4,12,-0.2965191335355588,0.2965191335355588
thetao,W40p0,9,15,0.29627044929561924,0.29627044929561924
thetao,W60p0,5,6,0.29612337542719497,0.29612337542719497
thetao,W60p0,5,3,0.2952914985058768,0.2952914985058768
so,W40p0,2,1,0.29501399856738764,0.29501399856738764
so,W20p0,9,9,-0.2948206965657467,0.2948206965657467
so,W60p0,2,17,0.29477031528831116,0.29477031528831116
so,W20p0,5,13,0.29468735146886305,0.29468735146886305
so,W30p0,3,4,0.29465844586781775,0.29465844586781775
so,W10p0,8,19,0.29445503694579805,0.29445503694579805
thetao,W20p0,4,6,-0.2943904800780597,0.2943904800780597
thetao,W40p0,9,2,0.29425566417012605,0.29425566417012605
so,W40p0,3,0,-0.2941349856959468,0.2941349856959468
so,W60p0,2,15,0.2940891864689052,0.2940891864689052
thetao,W30p0,5,12,0.29408181003162215,0.29408181003162215
so,W20p0,10,0,-0.293832424582337,0.293832424582337
so,W10p0,9,1,0.2935994997895443,0.2935994997895443
thetao,W20p0,6,6,0.29344990635882845,0.29344990635882845
thetao,W30p0,5,9,0.29298174386477016,0.29298174386477016
thetao,W40p0,8,20,-0.29297610418611464,0.29297610418611464
thetao,W20p0,9,9,-0.29265669153601176,0.29265669153601176
thetao,W20p0,3,15,-0.2919481378929757,0.2919481378929757
thetao,W40p0,8,17,-0.29191018344754055,0.29191018344754055
thetao,W30p0,3,14,-0.2916657777969658,0.2916657777969658
thetao,W20p0,9,6,-0.29082024350685176,0.29082024350685176
thetao,W40p0,6,10,0.2904551221414665,0.2904551221414665
so,W60p0,9,11,0.29030478578345426,0.29030478578345426
so,W40p0,5,10,-0.29003587862616725,0.29003587862616725
thetao,W20p0,3,17,-0.28987210563558385,0.28987210563558385
thetao,W30p0,9,19,0.2896526811790244,0.2896526811790244
so,W10p0,9,8,0.28952192541810406,0.28952192541810406
thetao,W30p0,9,2,0.28886814491096996,0.28886814491096996
thetao,W40p0,7,13,0.288766217695784,0.288766217695784
thetao,W40p0,8,19,-0.2885794902149228,0.2885794902149228
so,W60p0,8,5,0.28852204964873573,0.28852204964873573
thetao,W40p0,9,19,0.28820818046860447,0.28820818046860447
thetao,W20p0,1,19,0.2881213772221113,0.2881213772221113
thetao,W40p0,10,8,-0.28808794337069443,0.28808794337069443
thetao,W20p0,3,19,-0.28784922340742763,0.28784922340742763
thetao,W30p0,5,13,0.2871791442224524,0.2871791442224524
so,W20p0,9,15,-0.28716555270670246,0.28716555270670246
so,W10p0,8,0,0.28712757005436423,0.28712757005436423
so,W10p0,2,15,0.2870883168651953,0.2870883168651953
thetao,W10p0,6,13,-0.2867335031884116,0.2867335031884116
so,W20p0,10,8,-0.2857301494044448,0.2857301494044448
so,W10p0,2,14,0.28531496155381814,0.28531496155381814
so,W10p0,7,8,-0.28521319312830895,0.28521319312830895
thetao,W40p0,9,20,0.28506882820677937,0.28506882820677937
thetao,W40p0,6,2,0.2848653159473424,0.2848653159473424
so,W20p0,5,6,0.28465243701084714,0.28465243701084714
so,W20p0,1,15,-0.2846414948838089,0.2846414948838089
so,W20p0,10,16,-0.2846411807401927,0.2846411807401927
so,W20p0,5,15,0.2845250751977155,0.2845250751977155
so,W60p0,9,16,0.2834250734191577,0.2834250734191577
thetao,W20p0,3,18,-0.28330417525910623,0.28330417525910623
so,W20p0,9,12,-0.2822087891201991,0.2822087891201991
so,W30p0,4,13,0.28202850976188365,0.28202850976188365
thetao,W20p0,6,9,0.2814946814400104,0.2814946814400104
so,W20p0,7,17,0.28131043407492223,0.28131043407492223
so,W20p0,9,0,-0.2809581761239533,0.2809581761239533
so,W60p0,6,17,-0.2809134145899423,0.2809134145899423
so,W10p0,9,2,0.28046370226177336,0.28046370226177336
so,W10p0,9,7,0.2802289766293816,0.2802289766293816
thetao,W40p0,7,7,0.2800866699226967,0.2800866699226967
so,W40p0,5,17,-0.2798974842353189,0.2798974842353189
thetao,W40p0,9,13,0.2798337729337167,0.2798337729337167
so,W40p0,5,18,-0.2798278491010316,0.2798278491010316
thetao,W40p0,9,6,0.27932469925248193,0.27932469925248193
so,W10p0,5,15,-0.27906676992634555,0.27906676992634555
thetao,W20p0,8,0,-0.2790240884051233,0.2790240884051233
so,W20p0,2,11,0.27841575402246327,0.27841575402246327
so,W20p0,10,10,-0.2782708826782639,0.2782708826782639
so,W10p0,8,7,0.2780628068100371,0.2780628068100371
so,W20p0,3,6,-0.27797691615521614,0.27797691615521614
so,W10p0,9,3,0.2774703958986817,0.2774703958986817
so,W30p0,5,5,-0.2773365447521132,0.2773365447521132
so,W20p0,5,7,0.2772449018737811,0.2772449018737811
thetao,W10p0,5,0,-0.27686190347033585,0.27686190347033585
so,W20p0,9,11,-0.2766890397010679,0.2766890397010679
thetao,W40p0,7,12,0.27664524104145366,0.27664524104145366
so,W20p0,9,10,-0.27607894090008106,0.27607894090008106
so,W40p0,2,0,0.2757814648280993,0.2757814648280993
thetao,W10p0,6,10,-0.2756810184451891,0.2756810184451891
thetao,W40p0,10,7,-0.27539938301522054,0.27539938301522054
thetao,W40p0,4,16,-0.2747204385942114,0.2747204385942114
so,W20p0,2,3,0.2747140947311963,0.2747140947311963
so,W20p0,9,13,-0.2746491865890233,0.2746491865890233
so,W30p0,5,3,-0.27408702567253573,0.27408702567253573
thetao,W60p0,5,14,0.2739217093301165,0.2739217093301165
thetao,W20p0,10,12,0.27385867615660586,0.27385867615660586
so,W30p0,4,11,0.2738066066968619,0.2738066066968619
so,W20p0,5,16,0.27351004896659104,0.27351004896659104
thetao,W20p0,3,20,-0.273186462982091,0.273186462982091
thetao,W60p0,9,5,0.2730939002824611,0.2730939002824611
so,W10p0,2,13,0.27304822949875623,0.27304822949875623
thetao,W30p0,3,13,-0.2730451538620824,0.2730451538620824
thetao,W20p0,9,7,-0.27298401880058226,0.27298401880058226
thetao,W40p0,4,5,-0.272834684564132,0.272834684564132
so,W10p0,10,14,-0.2723451571831103,0.2723451571831103
thetao,W40p0,8,5,-0.27190599236823765,0.27190599236823765
thetao,W20p0,9,13,-0.2718426391259158,0.2718426391259158
thetao,W20p0,5,7,0.2717967812757907,0.2717967812757907
so,W10p0,5,14,-0.27164077576566015,0.27164077576566015
thetao,W60p0,6,9,-0.27129492427999763,0.27129492427999763
so,W10p0,5,3,-0.27045634196512214,0.27045634196512214
thetao,W40p0,9,18,0.27010015869023446,0.27010015869023446
thetao,W40p0,8,4,-0.2700947657418202,0.2700947657418202
thetao,W40p0,8,1,-0.26972419442756285,0.26972419442756285
thetao,W20p0,4,5,-0.26918916588724084,0.26918916588724084
so,W60p0,8,6,0.2686298342696595,0.2686298342696595
thetao,W40p0,8,3,-0.2682082098010728,0.2682082098010728
thetao,W20p0,9,12,-0.26799607995017577,0.26799607995017577
so,W20p0,7,18,0.2669586473029871,0.2669586473029871
thetao,W20p0,6,13,0.2668560043702282,0.2668560043702282
so,W10p0,10,13,-0.266642180014793,0.266642180014793
so,W30p0,3,9,0.266615405360834,0.266615405360834
so,W40p0,9,18,-0.26661536830328897,0.26661536830328897
thetao,W10p0,5,11,-0.2665297215433294,0.2665297215433294
thetao,W40p0,8,0,-0.2657155237446933,0.2657155237446933
thetao,W10p0,6,11,-0.2654912729756856,0.2654912729756856
so,W30p0,3,7,0.26534890800840855,0.26534890800840855
thetao,W40p0,6,1,0.26503591381874453,0.26503591381874453
so,W60p0,8,7,0.2642508093777688,0.2642508093777688
thetao,W60p0,5,9,0.26418092556608563,0.26418092556608563
thetao,W60p0,6,20,-0.26380952622496384,0.26380952622496384
thetao,W20p0,6,12,0.26337536887805507,0.26337536887805507
thetao,W40p0,4,2,-0.26329165432857404,0.26329165432857404
so,W30p0,3,5,0.2632108628314201,0.2632108628314201
so,W30p0,3,8,0.26306425414606704,0.26306425414606704
thetao,W40p0,8,18,-0.26271451809683627,0.26271451809683627
thetao,W40p0,5,3,0.2624878202972586,0.2624878202972586
so,W10p0,8,14,0.2624473298479099,0.2624473298479099
thetao,W60p0,6,11,-0.2622678787801592,0.2622678787801592
so,W10p0,5,16,-0.2615424811701547,0.2615424811701547
thetao,W10p0,6,2,-0.261495738469157,0.261495738469157
so,W60p0,8,14,0.2614507024534496,0.2614507024534496
so,W20p0,10,4,-0.2613779536116675,0.2613779536116675
thetao,W20p0,9,8,-0.26117368027287824,0.26117368027287824
so,W40p0,10,2,0.26085363792421057,0.26085363792421057
thetao,W60p0,9,6,0.26081986597620044,0.26081986597620044
so,W20p0,10,3,-0.2607069770087012,0.2607069770087012
so,W20p0,2,5,0.2605106940035746,0.2605106940035746
so,W20p0,9,14,-0.26040501530592375,0.26040501530592375
so,W30p0,9,3,0.260366499242001,0.260366499242001
so,W10p0,9,5,0.26033235396193244,0.26033235396193244
so,W20p0,10,19,-0.2602271865471734,0.2602271865471734
thetao,W20p0,1,20,0.2599229852198124,0.2599229852198124
thetao,W40p0,7,5,0.25990929468258783,0.25990929468258783
so,W10p0,5,8,-0.2597156908649965,0.2597156908649965
thetao,W10p0,6,3,-0.25957843520102447,0.25957843520102447
so,W60p0,9,15,0.2594946517754112,0.2594946517754112
so,W10p0,10,19,-0.25919329793520973,0.25919329793520973
so,W20p0,5,14,0.2590467287165636,0.2590467287165636
thetao,W60p0,1,18,0.25896951627202835,0.25896951627202835
so,W60p0,9,3,0.25895843832612897,0.25895843832612897
thetao,W20p0,3,16,-0.2588182279115459,0.2588182279115459
thetao,W40p0,10,9,-0.2587119943066945,0.2587119943066945
thetao,W40p0,8,2,-0.2582823898413661,0.2582823898413661
so,W20p0,3,13,-0.2581822043467956,0.2581822043467956
so,W60p0,9,4,0.25795552799751414,0.25795552799751414
so,W20p0,5,0,0.2577432728419126,0.2577432728419126
so,W40p0,9,17,-0.2574133804086663,0.2574133804086663
thetao,W10p0,6,14,-0.257118611729932,0.257118611729932
so,W10p0,8,15,0.25694336822888364,0.25694336822888364
thetao,W40p0,5,4,0.25664246112703326,0.25664246112703326
so,W40p0,3,2,-0.2566055760662388,0.2566055760662388
so,W20p0,10,1,-0.25657639753810196,0.25657639753810196
so,W40p0,5,9,-0.25631165034927794,0.25631165034927794
so,W30p0,4,0,0.2560223611648766,0.2560223611648766
so,W20p0,8,10,-0.2558908244607928,0.2558908244607928
thetao,W20p0,8,1,-0.2558593026802336,0.2558593026802336
thetao,W40p0,4,13,-0.2554419161324676,0.2554419161324676
thetao,W60p0,6,12,-0.2548194217677862,0.2548194217677862
so,W20p0,5,20,0.25462970659335316,0.25462970659335316
thetao,W60p0,9,4,0.2545130088684797,0.2545130088684797
thetao,W60p0,5,7,0.25450312361815663,0.25450312361815663
so,W10p0,3,12,0.2539854067243281,0.2539854067243281
thetao,W40p0,4,4,-0.25394668521133024,0.25394668521133024
thetao,W40p0,4,20,-0.25347724040191566,0.25347724040191566
so,W10p0,5,11,-0.2528611914978624,0.2528611914978624
thetao,W40p0,7,11,0.25244273643611287,0.25244273643611287
so,W60p0,9,0,0.25229611415808073,0.25229611415808073
so,W30p0,8,12,0.25212718230327075,0.25212718230327075
thetao,W20p0,4,4,-0.2519215907907274,0.2519215907907274
thetao,W20p0,5,5,0.25191018797949355,0.25191018797949355
so,W20p0,2,10,0.25188124999490574,0.25188124999490574
thetao,W40p0,9,11,0.2517190549367476,0.2517190549367476
thetao,W40p0,6,6,0.2516224379921211,0.2516224379921211
thetao,W20p0,6,8,0.2515177171708784,0.2515177171708784
so,W30p0,5,2,-0.2514268316996099,0.2514268316996099
so,W60p0,9,20,0.25140748865353585,0.25140748865353585
thetao,W30p0,9,0,0.2508122964701827,0.2508122964701827
so,W10p0,8,2,0.2507467413429178,0.2507467413429178
so,W40p0,9,0,-0.25007653883121417,0.25007653883121417
thetao,W40p0,6,7,0.2496869376440554,0.2496869376440554
thetao,W20p0,6,15,0.24869860242282185,0.24869860242282185
so,W60p0,9,19,0.248567498497986,0.248567498497986
so,W10p0,8,18,0.24854118954150067,0.24854118954150067
thetao,W60p0,6,10,-0.24824242668377522,0.24824242668377522
thetao,W40p0,4,3,-0.2468145944443495,0.2468145944443495
so,W40p0,5,4,-0.24653483208096827,0.24653483208096827
so,W20p0,9,5,-0.24645154333410763,0.24645154333410763
thetao,W20p0,5,4,0.2464275104771168,0.2464275104771168
so,W20p0,3,12,-0.2462210942488813,0.2462210942488813
thetao,W20p0,6,16,0.24601858859687092,0.24601858859687092
so,W10p0,5,9,-0.2457007194804966,0.2457007194804966
so,W10p0,2,12,0.24562304168833068,0.24562304168833068
so,W30p0,9,2,0.24506453138958845,0.24506453138958845
thetao,W20p0,6,7,0.2450540583002597,0.2450540583002597
thetao,W40p0,10,11,-0.24493181107993856,0.24493181107993856
so,W10p0,8,6,0.24481084958744645,0.24481084958744645
so,W10p0,3,20,0.2441314523160729,0.2441314523160729
so,W30p0,3,10,0.24413028318345656,0.24413028318345656
so,W30p0,3,11,0.24374385152059772,0.24374385152059772
so,W20p0,9,8,-0.2435004755315724,0.2435004755315724
so,W60p0,2,18,0.24313760670440315,0.24313760670440315
thetao,W20p0,5,6,0.24189216039368455,0.24189216039368455
thetao,W60p0,7,3,0.24183938945036645,0.24183938945036645
so,W60p0,8,15,0.24165969286614217,0.24165969286614217
so,W20p0,3,7,-0.2411908851149131,0.2411908851149131
thetao,W20p0,9,11,-0.24118239119109064,0.24118239119109064
so,W60p0,9,14,0.2404464502193387,0.2404464502193387
thetao,W60p0,10,0,-0.24023209693150974,0.24023209693150974
so,W40p0,9,20,-0.23995198954203445,0.23995198954203445
thetao,W60p0,6,19,-0.23963363918588093,0.23963363918588093
so,W40p0,10,3,0.23936668403084038,0.23936668403084038
so,W30p0,8,10,0.23928833997796384,0.23928833997796384
thetao,W10p0,6,6,-0.23926794474594548,0.23926794474594548
thetao,W20p0,5,3,0.23913857200340152,0.23913857200340152
so,W10p0,5,1,-0.23909657573115856,0.23909657573115856
so,W30p0,4,15,0.23729375673908487,0.23729375673908487
thetao,W40p0,2,10,0.23724907510389764,0.23724907510389764
so,W20p0,5,17,0.23653111696250878,0.23653111696250878
thetao,W60p0,9,19,0.2364793127090172,0.2364793127090172
thetao,W30p0,3,12,-0.23640888153808826,0.23640888153808826
thetao,W40p0,4,11,-0.23631906989691315,0.23631906989691315
thetao,W20p0,4,3,-0.23628625222596303,0.23628625222596303
thetao,W40p0,10,10,-0.23620907601048832,0.23620907601048832
thetao,W40p0,9,14,0.2355797484358194,0.2355797484358194
so,W10p0,10,9,-0.2355537111315358,0.2355537111315358
thetao,W20p0,10,11,0.23482896110395052,0.23482896110395052
so,W40p0,3,1,-0.23449844623468316,0.23449844623468316
so,W10p0,5,12,-0.2344844730048157,0.2344844730048157
so,W10p0,10,2,-0.23418691647302878,0.23418691647302878
thetao,W40p0,9,17,0.2339739408601614,0.2339739408601614
thetao,W40p0,5,2,0.23375086414937532,0.23375086414937532
so,W20p0,7,14,0.23359601261916177,0.23359601261916177
so,W40p0,5,19,-0.23328305283245807,0.23328305283245807
so,W40p0,9,14,-0.23299262080131483,0.23299262080131483
so,W10p0,8,5,0.23268272504219706,0.23268272504219706
thetao,W20p0,6,14,0.232256135946398,0.232256135946398
thetao,W20p0,9,10,-0.2322491270171664,0.2322491270171664
so,W60p0,8,17,0.23201594757348193,0.23201594757348193
so,W20p0,2,6,0.23192739926692846,0.23192739926692846
so,W60p0,6,15,-0.23157215137062653,0.23157215137062653
thetao,W20p0,10,13,0.23149473160114223,0.23149473160114223
thetao,W40p0,5,0,0.23065017852320724,0.23065017852320724
thetao,W20p0,8,20,-0.23050945915607124,0.23050945915607124
so,W30p0,9,18,0.23006606307596847,0.23006606307596847
thetao,W40p0,9,12,0.22991073422971678,0.22991073422971678
thetao,W20p0,5,1,0.22968874887398114,0.22968874887398114
thetao,W40p0,4,15,-0.22965006268118124,0.22965006268118124
thetao,W40p0,10,12,-0.2292250979848103,0.2292250979848103
so,W60p0,9,5,0.22913049066225857,0.22913049066225857
thetao,W60p0,10,5,-0.2289122986028021,0.2289122986028021
so,W30p0,8,9,0.2287141349805477,0.2287141349805477
so,W20p0,2,7,0.22831501880162672,0.22831501880162672
thetao,W30p0,10,20,0.22817968444747017,0.22817968444747017
thetao,W20p0,6,10,0.227853753251434,0.227853753251434
so,W40p0,10,5,0.22779218651463345,0.22779218651463345
thetao,W60p0,9,20,0.2275047260471188,0.2275047260471188
so,W10p0,10,15,-0.22700775725812938,0.22700775725812938
so,W20p0,7,0,0.22667531841917174,0.22667531841917174
so,W60p0,6,8,-0.22605008921332376,0.22605008921332376
so,W20p0,8,3,-0.22590493442032478,0.22590493442032478
so,W30p0,4,16,0.22553121633018147,0.22553121633018147
so,W40p0,9,11,-0.22494708464955995,0.22494708464955995
so,W40p0,9,13,-0.2249355942169655,0.2249355942169655
so,W10p0,8,3,0.224680691366452,0.224680691366452
thetao,W60p0,1,19,0.22468012639182683,0.22468012639182683
thetao,W40p0,4,14,-0.22456821881141378,0.22456821881141378
so,W60p0,9,17,0.22448420020906393,0.22448420020906393
so,W20p0,10,2,-0.22440568506215264,0.22440568506215264
thetao,W20p0,8,19,-0.2242540299482908,0.2242540299482908
so,W30p0,9,9,0.22413783274771795,0.22413783274771795
so,W10p0,3,11,0.22411851822261575,0.22411851822261575
thetao,W30p0,3,11,-0.2238678927090815,0.2238678927090815
thetao,W10p0,6,7,-0.22301104517920745,0.22301104517920745
thetao,W40p0,7,15,0.22277498147929936,0.22277498147929936
so,W20p0,8,19,-0.22252322657175053,0.22252322657175053
thetao,W40p0,2,8,0.22239641591399176,0.22239641591399176
thetao,W40p0,2,5,0.22222308013682673,0.22222308013682673
so,W60p0,6,7,-0.2221595414640215,0.2221595414640215
so,W30p0,4,14,0.22213241313837515,0.22213241313837515
so,W20p0,10,14,-0.22207266904942966,0.22207266904942966
so,W10p0,6,2,0.2220082843786136,0.2220082843786136
so,W20p0,7,13,0.22176149333786283,0.22176149333786283
so,W10p0,5,13,-0.2211565735826088,0.2211565735826088
thetao,W20p0,10,10,0.2211497476360312,0.2211497476360312
so,W20p0,9,6,-0.22110257752297147,0.22110257752297147
so,W20p0,8,11,-0.2204009511601556,0.2204009511601556
thetao,W40p0,2,4,0.2203673750811788,0.2203673750811788
so,W60p0,8,19,0.2200861122149967,0.2200861122149967
so,W20p0,2,2,0.21999114152076496,0.21999114152076496
so,W20p0,10,15,-0.21959478499725968,0.21959478499725968
thetao,W40p0,7,16,0.21949976192469625,0.21949976192469625
thetao,W40p0,4,19,-0.21928267278114863,0.21928267278114863
thetao,W30p0,10,0,0.2190070359261511,0.2190070359261511
so,W30p0,5,6,-0.21879482681153586,0.21879482681153586
so,W10p0,10,12,-0.21878245651820516,0.21878245651820516
thetao,W30p0,5,8,0.21873074306166443,0.21873074306166443
thetao,W10p0,9,17,-0.21869177969264983,0.21869177969264983
thetao,W20p0,4,0,-0.21849825014050978,0.21849825014050978
so,W60p0,9,6,0.2182534677339449,0.2182534677339449
so,W20p0,10,20,-0.21759005700484219,0.21759005700484219
thetao,W40p0,7,14,0.2175080683470676,0.2175080683470676
thetao,W40p0,2,7,0.21740339808955308,0.21740339808955308
so,W40p0,9,12,-0.2171291953691824,0.2171291953691824
so,W40p0,9,19,-0.21689857099111517,0.21689857099111517
thetao,W10p0,5,7,-0.2167635514777553,0.2167635514777553
so,W20p0,10,18,-0.2167309406716745,0.2167309406716745
thetao,W40p0,2,9,0.21652694333877753,0.21652694333877753
so,W60p0,6,16,-0.2160193931289902,0.2160193931289902
so,W20p0,7,12,0.215999034437677,0.215999034437677
so,W20p0,3,10,-0.2159389614852054,0.2159389614852054
so,W30p0,4,10,0.215929884290043,0.215929884290043
thetao,W20p0,4,2,-0.21537920509628114,0.21537920509628114
so,W10p0,5,10,-0.21531723668614816,0.21531723668614816
thetao,W40p0,4,9,-0.21423072324288817,0.21423072324288817
thetao,W30p0,10,19,0.21422880728978663,0.21422880728978663
so,W10p0,5,19,-0.21407548147415645,0.21407548147415645
so,W20p0,2,8,0.21407235690750326,0.21407235690750326
so,W10p0,2,11,0.2139708822408984,0.2139708822408984
so,W30p0,3,13,0.2136387840298202,0.2136387840298202
thetao,W10p0,5,10,-0.21355587155552627,0.21355587155552627
so,W30p0,9,17,0.21328919825394352,0.21328919825394352
so,W40p0,6,14,0.21324310043503392,0.21324310043503392
thetao,W40p0,4,8,-0.2131801758096389,0.2131801758096389
so,W10p0,3,9,0.21222641746796095,0.21222641746796095
thetao,W20p0,5,2,0.21183140984815046,0.21183140984815046
thetao,W40p0,4,18,-0.21151319261145735,0.21151319261145735
so,W40p0,9,9,-0.2114895758518784,0.2114895758518784
thetao,W30p0,3,10,-0.21040351839636529,0.21040351839636529
so,W20p0,8,0,-0.20882787259720095,0.20882787259720095
thetao,W60p0,9,17,0.20849378457502094,0.20849378457502094
thetao,W40p0,2,6,0.20789246870138414,0.20789246870138414
so,W20p0,9,7,-0.20781510023581568,0.20781510023581568
thetao,W60p0,9,7,0.20733336701549077,0.20733336701549077
so,W20p0,3,14,-0.20724195444030483,0.20724195444030483
so,W20p0,2,9,0.2070332870593997,0.2070332870593997
so,W10p0,5,18,-0.20696564527102732,0.20696564527102732
so,W60p0,6,11,-0.20628992378624889,0.20628992378624889
thetao,W60p0,9,18,0.20603249509834576,0.20603249509834576
so,W60p0,3,18,0.20594158949672456,0.20594158949672456
thetao,W60p0,7,4,0.2055657910919144,0.2055657910919144
so,W60p0,5,3,0.20546741956247028,0.20546741956247028
so,W20p0,9,2,-0.2053723679554796,0.2053723679554796
so,W60p0,10,18,-0.2052934089873182,0.2052934089873182
thetao,W40p0,4,17,-0.20498580453846868,0.20498580453846868
so,W20p0,5,19,0.2045187032042493,0.2045187032042493
so,W10p0,7,7,-0.20438828406936535,0.20438828406936535
thetao,W60p0,7,2,0.2043353013859965,0.2043353013859965
so,W30p0,9,5,0.20415424455807885,0.20415424455807885
thetao,W40p0,9,16,0.2039866721009116,0.2039866721009116
thetao,W20p0,6,18,0.203619239593285,0.203619239593285
thetao,W60p0,9,9,0.20361164608808296,0.20361164608808296
so,W40p0,5,8,-0.20342612902381327,0.20342612902381327
thetao,W60p0,1,17,0.20330200051175062,0.20330200051175062
so,W30p0,5,1,-0.2021670653196589,0.2021670653196589
thetao,W10p0,9,13,-0.20183166792543042,0.20183166792543042
thetao,W20p0,6,17,0.20112940387351755,0.20112940387351755
so,W20p0,10,17,-0.20062120922673016,0.20062120922673016
thetao,W40p0,10,14,-0.2006013173820674,0.2006013173820674
so,W60p0,5,14,0.2001970258408128,0.2001970258408128
so,W60p0,8,18,0.19994062344165478,0.19994062344165478
so,W30p0,9,7,0.19968471120577802,0.19968471120577802
so,W10p0,8,4,0.19900783892286933,0.19900783892286933
so,W30p0,2,18,0.1987614623730079,0.1987614623730079
so,W20p0,3,8,-0.1975411851618244,0.1975411851618244
thetao,W10p0,9,14,-0.197335631985908,0.197335631985908
thetao,W40p0,2,3,0.19665082467845407,0.19665082467845407
so,W20p0,10,11,-0.1965999368475324,0.1965999368475324
thetao,W60p0,3,20,-0.1959927294477264,0.1959927294477264
so,W10p0,6,9,0.1958146002740236,0.1958146002740236
so,W60p0,6,9,-0.19565559298215482,0.19565559298215482
thetao,W30p0,5,0,0.19558643409776882,0.19558643409776882
thetao,W20p0,6,0,0.19542859176965868,0.19542859176965868
so,W30p0,2,19,0.19531120351289494,0.19531120351289494
so,W20p0,10,13,-0.19419323163709729,0.19419323163709729
thetao,W10p0,5,6,-0.19380961734881247,0.19380961734881247
so,W60p0,6,10,-0.19352838367623384,0.19352838367623384
thetao,W60p0,1,20,0.19347905744130123,0.19347905744130123
so,W20p0,5,18,0.1933895756733806,0.1933895756733806
thetao,W40p0,10,15,-0.19298837754407452,0.19298837754407452
so,W40p0,9,15,-0.19231994490113774,0.19231994490113774
thetao,W10p0,9,4,-0.19230359507502418,0.19230359507502418
thetao,W40p0,7,4,0.19199787224639528,0.19199787224639528
so,W10p0,10,10,-0.1917888885703947,0.1917888885703947
thetao,W20p0,6,19,0.19177212911280242,0.19177212911280242
thetao,W40p0,7,3,0.19169093197560402,0.19169093197560402
so,W40p0,9,8,-0.1915436262100033,0.1915436262100033
so,W60p0,6,14,-0.19093543053277326,0.19093543053277326
thetao,W60p0,10,4,-0.19087453331301782,0.19087453331301782
thetao,W10p0,9,18,-0.19085837737378733,0.19085837737378733
so,W60p0,9,7,0.19080648231755692,0.19080648231755692
thetao,W40p0,9,7,0.18884795408560845,0.18884795408560845
so,W30p0,2,13,0.18878585910011267,0.18878585910011267
so,W20p0,3,9,-0.18860749186886505,0.18860749186886505
thetao,W40p0,7,17,0.1884515537385719,0.1884515537385719
thetao,W60p0,9,10,0.18828480663431887,0.18828480663431887
so,W10p0,10,3,-0.1882509174511822,0.1882509174511822
thetao,W20p0,8,16,-0.18797485110932624,0.18797485110932624
so,W20p0,3,0,-0.1878512216998179,0.1878512216998179
so,W30p0,9,4,0.18782259534480183,0.18782259534480183
thetao,W40p0,10,13,-0.18762891857236758,0.18762891857236758
thetao,W20p0,8,13,-0.18740656239187745,0.18740656239187745
thetao,W10p0,9,0,-0.18680323256545872,0.18680323256545872
so,W60p0,5,13,0.18677361739151532,0.18677361739151532
so,W30p0,4,1,0.18642176761429463,0.18642176761429463
so,W20p0,9,1,-0.1863893362134321,0.1863893362134321
so,W30p0,2,17,0.18610605421818957,0.18610605421818957
so,W30p0,2,14,0.1857374215529678,0.1857374215529678
thetao,W20p0,9,15,-0.18539284955370208,0.18539284955370208
thetao,W60p0,10,6,-0.18531911543810325,0.18531911543810325
so,W60p0,5,2,0.18488678018523064,0.18488678018523064
thetao,W40p0,2,1,0.1848534556406482,0.1848534556406482
thetao,W10p0,5,8,-0.1840806710139742,0.1840806710139742
so,W20p0,8,6,-0.18406273717334196,0.18406273717334196
so,W60p0,8,8,0.18391668017825,0.18391668017825
so,W30p0,8,13,0.18353164088663132,0.18353164088663132
so,W60p0,5,6,0.18331221868160263,0.18331221868160263
so,W10p0,6,20,0.18273534064389604,0.18273534064389604
thetao,W10p0,9,19,-0.182515879491724,0.182515879491724
so,W30p0,7,11,0.18236165700008844,0.18236165700008844
so,W20p0,10,12,-0.1822565263415793,0.1822565263415793
so,W60p0,6,19,-0.18225364415221273,0.18225364415221273
so,W60p0,9,8,0.18198975125337688,0.18198975125337688
thetao,W40p0,7,1,0.1819211197811034,0.1819211197811034
so,W10p0,7,11,-0.18187984375662858,0.18187984375662858
so,W40p0,6,13,0.18183072619547666,0.18183072619547666
thetao,W40p0,7,2,0.18171508293941271,0.18171508293941271
so,W10p0,3,19,0.18162594731664214,0.18162594731664214
thetao,W20p0,6,11,0.18155880472181368,0.18155880472181368
so,W10p0,7,0,-0.18143489789721032,0.18143489789721032
so,W20p0,3,11,-0.18135180334039389,0.18135180334039389
so,W10p0,10,11,-0.18095872647573305,0.18095872647573305
thetao,W20p0,8,2,-0.18094265811794602,0.18094265811794602
thetao,W20p0,4,1,-0.18077477628220628,0.18077477628220628
thetao,W40p0,7,18,0.18054371142470862,0.18054371142470862
so,W40p0,5,5,-0.18011273872602637,0.18011273872602637
thetao,W20p0,8,12,-0.17994145272237733,0.17994145272237733
so,W10p0,6,15,0.17956405378338117,0.17956405378338117
so,W60p0,10,4,-0.17948958936308435,0.17948958936308435
so,W20p0,8,14,-0.17939772478093002,0.17939772478093002
so,W10p0,3,17,0.17920293435227883,0.17920293435227883
so,W10p0,3,10,0.17859148047952467,0.17859148047952467
so,W60p0,6,18,-0.1785225541324641,0.1785225541324641
thetao,W10p0,6,0,-0.17839878361185746,0.17839878361185746
so,W10p0,7,9,-0.17780915315058188,0.17780915315058188
so,W60p0,4,4,0.1777456950917522,0.1777456950917522
so,W20p0,8,8,-0.17772633258389653,0.17772633258389653
so,W20p0,2,1,0.17683320717221548,0.17683320717221548
so,W40p0,8,5,-0.17679461211999675,0.17679461211999675
thetao,W60p0,10,18,-0.1766406470335154,0.1766406470335154
thetao,W20p0,10,14,0.1765081300954013,0.1765081300954013
thetao,W20p0,9,14,-0.17616868972261515,0.17616868972261515
so,W60p0,10,20,-0.17587688152906159,0.17587688152906159
so,W10p0,3,13,0.17558311042644956,0.17558311042644956
thetao,W10p0,5,17,-0.17541179232974208,0.17541179232974208
thetao,W20p0,10,15,0.1749685443376214,0.1749685443376214
thetao,W20p0,5,0,0.17476617977611122,0.17476617977611122
so,W40p0,3,4,-0.1747550258297653,0.1747550258297653
so,W30p0,8,8,0.17424847106995278,0.17424847106995278
thetao,W40p0,5,1,0.17419859730479034,0.17419859730479034
so,W40p0,5,20,-0.17402910581495495,0.17402910581495495
so,W30p0,4,9,0.1737186993497848,0.1737186993497848
so,W60p0,4,20,-0.17357863747939764,0.17357863747939764
so,W10p0,6,1,0.1733061606921614,0.1733061606921614
so,W60p0,8,13,0.17288145869876945,0.17288145869876945
thetao,W30p0,3,9,-0.17265002184881165,0.17265002184881165
so,W10p0,2,10,0.17260099136359047,0.17260099136359047
so,W30p0,5,15,-0.17250815223949686,0.17250815223949686
thetao,W10p0,5,19,-0.1722420557221424,0.1722420557221424
so,W60p0,5,15,0.17218890070759996,0.17218890070759996
so,W10p0,10,7,-0.17160131115491184,0.17160131115491184
so,W40p0,9,10,-0.17132715335839924,0.17132715335839924
so,W40p0,3,3,-0.17092839228173626,0.17092839228173626
thetao,W10p0,9,2,-0.1706916849107078,0.1706916849107078
so,W10p0,10,8,-0.1705064352988235,0.1705064352988235
so,W20p0,8,7,-0.17046609336336166,0.17046609336336166
so,W10p0,5,2,-0.1704589168836083,0.1704589168836083
so,W30p0,3,12,0.17022208048770887,0.17022208048770887
thetao,W30p0,8,12,0.17009840677409957,0.17009840677409957
so,W30p0,9,16,0.16932338269829814,0.16932338269829814
so,W10p0,6,13,0.16905243643142162,0.16905243643142162
so,W20p0,8,17,-0.1690383342437327,0.1690383342437327
thetao,W60p0,10,12,-0.1688457710631429,0.1688457710631429
so,W60p0,10,16,-0.16881550129905173,0.16881550129905173
thetao,W60p0,9,16,0.16881211534671706,0.16881211534671706
so,W40p0,10,4,0.16817902393234113,0.16817902393234113
thetao,W40p0,4,7,-0.16810240771024884,0.16810240771024884
thetao,W30p0,5,7,0.16808515191302845,0.16808515191302845
so,W10p0,6,18,0.16805068202122272,0.16805068202122272
so,W10p0,10,6,-0.16772540689256507,0.16772540689256507
thetao,W40p0,9,8,0.16765073641930542,0.16765073641930542
thetao,W40p0,2,2,0.16697739983106472,0.16697739983106472
so,W10p0,6,17,0.16689922021881295,0.16689922021881295
so,W60p0,6,6,-0.16672221268596651,0.16672221268596651
thetao,W60p0,10,13,-0.16659538084003717,0.16659538084003717
so,W40p0,9,16,-0.16637642342916203,0.16637642342916203
thetao,W30p0,8,13,0.16627785578700852,0.16627785578700852
thetao,W30p0,8,16,0.1659808278227476,0.1659808278227476
so,W40p0,6,15,0.16573120803191763,0.16573120803191763
thetao,W10p0,5,12,-0.16527565046466558,0.16527565046466558
so,W20p0,3,15,-0.1644095714415018,0.1644095714415018
so,W30p0,9,6,0.16426745741730378,0.16426745741730378
thetao,W20p0,10,9,0.16425459086743524,0.16425459086743524
so,W60p0,10,3,-0.16424652947170168,0.16424652947170168
so,W10p0,5,20,-0.1639390346524438,0.1639390346524438
thetao,W10p0,9,16,-0.16337899253095003,0.16337899253095003
so,W60p0,4,5,0.16303861468544445,0.16303861468544445
thetao,W60p0,7,1,0.16271327038703837,0.16271327038703837
thetao,W10p0,5,13,-0.16248663595838395,0.16248663595838395
so,W40p0,4,0,0.16236842241132007,0.16236842241132007
thetao,W10p0,9,3,-0.1621863530820062,0.1621863530820062
so,W30p0,2,20,0.16194345401750684,0.16194345401750684
thetao,W40p0,4,10,-0.1619250473269427,0.1619250473269427
so,W20p0,7,1,0.16186903795019605,0.16186903795019605
so,W10p0,6,16,0.16163862323905515,0.16163862323905515
thetao,W60p0,10,1,-0.16115486869634627,0.16115486869634627
so,W30p0,4,17,0.16055187502352264,0.16055187502352264
so,W10p0,6,12,0.15993612472623475,0.15993612472623475
thetao,W10p0,9,20,-0.15956629312273415,0.15956629312273415
thetao,W30p0,2,1,-0.1593489293961894,0.1593489293961894
so,W60p0,10,7,-0.1592052866335205,0.1592052866335205
thetao,W40p0,10,16,-0.15917965097529152,0.15917965097529152
so,W30p0,2,15,0.15902017970983912,0.15902017970983912
thetao,W10p0,5,14,-0.15891645424546258,0.15891645424546258
thetao,W60p0,8,3,0.15882193535489134,0.15882193535489134
so,W30p0,5,14,-0.15877430900381515,0.15877430900381515
so,W30p0,9,13,0.15861942650944155,0.15861942650944155
thetao,W60p0,1,16,0.1583977681507556,0.1583977681507556
thetao,W60p0,10,2,-0.15829983008653514,0.15829983008653514
so,W60p0,8,11,0.15815082157081486,0.15815082157081486
thetao,W20p0,8,15,-0.15788532648150352,0.15788532648150352
thetao,W60p0,8,2,0.15770131331709206,0.15770131331709206
thetao,W60p0,9,8,0.15742480456863747,0.15742480456863747
thetao,W10p0,5,9,-0.15733270412839334,0.15733270412839334
so,W20p0,8,16,-0.15720602430791045,0.15720602430791045
thetao,W30p0,2,14,-0.1571634379879054,0.1571634379879054
so,W10p0,6,10,0.15712027056961136,0.15712027056961136
thetao,W20p0,7,20,-0.15700587017173362,0.15700587017173362
thetao,W60p0,10,17,-0.1568957679036848,0.1568957679036848
thetao,W10p0,9,15,-0.15676511108322272,0.15676511108322272
thetao,W20p0,7,19,-0.1561484783123116,0.1561484783123116
so,W20p0,8,1,-0.1559139668145822,0.1559139668145822
thetao,W10p0,9,11,-0.15570894116463876,0.15570894116463876
thetao,W20p0,10,17,0.15554466910887413,0.15554466910887413
so,W60p0,8,16,0.15554408905767977,0.15554408905767977
so,W10p0,3,16,0.15532168416676456,0.15532168416676456
thetao,W10p0,5,4,-0.15488389638196806,0.15488389638196806
so,W10p0,10,5,-0.15438164095856413,0.15438164095856413
so,W40p0,6,11,0.1543782713265901,0.1543782713265901
thetao,W10p0,9,1,-0.15429041042723085,0.15429041042723085
so,W10p0,6,8,0.1538464741998534,0.1538464741998534
thetao,W40p0,9,10,0.15358075907813248,0.15358075907813248
so,W30p0,2,16,0.15354874393529105,0.15354874393529105
so,W60p0,10,6,-0.1534279034249296,0.1534279034249296
so,W30p0,10,11,-0.1532005732989567,0.1532005732989567
so,W10p0,7,10,-0.15301172049819295,0.15301172049819295
thetao,W40p0,4,6,-0.15291324390492764,0.15291324390492764
so,W30p0,9,8,0.15251163528586983,0.15251163528586983
so,W30p0,6,18,0.1524585398653888,0.1524585398653888
so,W60p0,3,19,0.15222430578690901,0.15222430578690901
so,W20p0,8,9,-0.15216838535485092,0.15216838535485092
so,W20p0,8,13,-0.15169663300617386,0.15169663300617386
thetao,W10p0,5,20,-0.1513343503188497,0.1513343503188497
so,W20p0,8,15,-0.1513017285569218,0.1513017285569218
so,W30p0,5,11,-0.15084144091497553,0.15084144091497553
thetao,W30p0,5,2,0.15017093302625398,0.15017093302625398
thetao,W20p0,8,17,-0.15008372502399822,0.15008372502399822
so,W40p0,5,7,-0.14976258621400607,0.14976258621400607
so,W60p0,6,12,-0.14971267077388667,0.14971267077388667
thetao,W20p0,7,9,-0.14955031655457074,0.14955031655457074
so,W20p0,8,18,-0.14906922911237785,0.14906922911237785
thetao,W40p0,2,0,0.14903494987913676,0.14903494987913676
so,W10p0,3,18,0.14851810942909063,0.14851810942909063
thetao,W60p0,8,14,0.148327583691838,0.148327583691838
thetao,W10p0,5,15,-0.14810956463954525,0.14810956463954525
so,W10p0,10,1,-0.1471676333724272,0.1471676333724272
thetao,W60p0,10,3,-0.14714110704369252,0.14714110704369252
so,W30p0,5,7,-0.14709856282809125,0.14709856282809125
so,W60p0,5,1,0.1468191072731499,0.1468191072731499
so,W10p0,5,17,-0.14655992400093407,0.14655992400093407
thetao,W20p0,10,19,0.14642909428035944,0.14642909428035944
thetao,W20p0,10,5,0.14609627245358756,0.14609627245358756
so,W20p0,3,16,-0.14593657283289205,0.14593657283289205
so,W10p0,6,7,0.14589437330103916,0.14589437330103916
so,W20p0,8,12,-0.1456864557544529,0.1456864557544529
thetao,W60p0,10,16,-0.14550458667388938,0.14550458667388938
so,W60p0,7,0,-0.1449118770019186,0.1449118770019186
so,W40p0,3,6,-0.14457118284467435,0.14457118284467435
so,W60p0,6,0,-0.14441634575783532,0.14441634575783532
thetao,W10p0,5,1,-0.14381639155285203,0.14381639155285203
thetao,W30p0,5,6,0.14378995744231404,0.14378995744231404
so,W30p0,3,14,0.1436943328292104,0.1436943328292104
thetao,W10p0,5,18,-0.14243401632410976,0.14243401632410976
thetao,W60p0,10,11,-0.14206442053617677,0.14206442053617677
so,W30p0,8,20,0.1412200414723027,0.1412200414723027
thetao,W60p0,9,14,0.14112534399232857,0.14112534399232857
thetao,W20p0,7,8,-0.14097177329938176,0.14097177329938176
so,W40p0,8,1,-0.14094797979450838,0.14094797979450838
thetao,W60p0,8,15,0.14083904137733605,0.14083904137733605
thetao,W60p0,10,10,-0.1407464472725407,0.1407464472725407
thetao,W20p0,10,20,0.14029388355923567,0.14029388355923567
so,W30p0,2,11,0.14019135032993799,0.14019135032993799
so,W20p0,9,4,-0.14001526442988071,0.14001526442988071
so,W10p0,3,1,0.13971096286629145,0.13971096286629145
so,W10p0,6,19,0.13970082307773404,0.13970082307773404
thetao,W20p0,8,8,-0.13962578852519508,0.13962578852519508
so,W60p0,5,0,0.1396060595411542,0.1396060595411542
thetao,W20p0,10,16,0.13928094973595828,0.13928094973595828
so,W10p0,7,1,-0.13837481279519478,0.13837481279519478
so,W60p0,4,19,-0.1383297535834588,0.1383297535834588
so,W20p0,9,3,-0.13825531099009686,0.13825531099009686
so,W10p0,2,9,0.1379199940873635,0.1379199940873635
so,W40p0,3,7,-0.13785127039476405,0.13785127039476405
so,W40p0,9,1,-0.1376376792377494,0.1376376792377494
thetao,W10p0,5,16,-0.13720904977991769,0.13720904977991769
so,W10p0,7,15,-0.137039938474776,0.137039938474776
so,W60p0,5,7,0.13683989848209474,0.13683989848209474
so,W30p0,9,12,0.13635473962690492,0.13635473962690492
so,W10p0,10,0,-0.13547127364950848,0.13547127364950848
thetao,W10p0,7,7,-0.1353834942385136,0.1353834942385136
so,W30p0,8,7,0.13521894374457288,0.13521894374457288
so,W10p0,7,4,-0.13514702134778614,0.13514702134778614
so,W30p0,5,16,-0.13502279639880854,0.13502279639880854
so,W30p0,5,8,-0.13490099331071304,0.13490099331071304
thetao,W10p0,9,12,-0.13487163249837655,0.13487163249837655
thetao,W10p0,7,6,-0.13484572591378086,0.13484572591378086
thetao,W10p0,5,2,-0.13399608580226124,0.13399608580226124
so,W60p0,8,12,0.1339099799698272,0.1339099799698272
so,W30p0,4,18,0.13364025539883376,0.13364025539883376
so,W30p0,4,2,0.1334049098151687,0.1334049098151687
so,W30p0,2,0,0.13309230030340563,0.13309230030340563
so,W40p0,3,14,-0.13300050664498966,0.13300050664498966
so,W60p0,10,5,-0.13285739868680446,0.13285739868680446
so,W60p0,7,12,-0.13263585858303356,0.13263585858303356
thetao,W60p0,10,9,-0.13237027460582543,0.13237027460582543
so,W40p0,3,11,-0.1323434001443566,0.1323434001443566
so,W60p0,7,10,-0.13226431539482186,0.13226431539482186
thetao,W30p0,6,1,0.13186997784966717,0.13186997784966717
thetao,W60p0,7,18,0.13181950689717994,0.13181950689717994
so,W40p0,3,10,-0.13175903179076157,0.13175903179076157
so,W30p0,5,10,-0.13151278135709937,0.13151278135709937
thetao,W60p0,1,15,0.13144347983351143,0.13144347983351143
so,W10p0,6,6,0.13088261473810842,0.13088261473810842
so,W30p0,6,12,-0.13052917422812949,0.13052917422812949
thetao,W20p0,10,18,0.1303585476041318,0.1303585476041318
thetao,W30p0,5,1,0.13026348507596247,0.13026348507596247
thetao,W10p0,5,5,-0.13025367025002865,0.13025367025002865
thetao,W20p0,8,18,-0.12991930493427048,0.12991930493427048
thetao,W10p0,5,3,-0.12952718950876416,0.12952718950876416
so,W10p0,2,8,0.12949045695117095,0.12949045695117095
thetao,W60p0,9,13,0.12928145478300035,0.12928145478300035
thetao,W30p0,6,10,-0.12781414646531308,0.12781414646531308
so,W60p0,4,15,0.12763593897144365,0.12763593897144365
thetao,W30p0,5,4,0.127279529717937,0.127279529717937
so,W60p0,6,20,-0.12692988782745565,0.12692988782745565
thetao,W60p0,10,7,-0.12688321445350967,0.12688321445350967
thetao,W60p0,7,5,0.1265255067119306,0.1265255067119306
so,W60p0,8,20,0.12587632729342788,0.12587632729342788
so,W10p0,3,2,0.12571070182751792,0.12571070182751792
so,W10p0,7,6,-0.12564379066398665,0.12564379066398665
so,W60p0,5,17,0.1255039372128231,0.1255039372128231
thetao,W30p0,7,0,0.12537146594368392,0.12537146594368392
thetao,W30p0,2,17,-0.12530764239225026,0.12530764239225026
so,W20p0,7,11,0.12530525345569057,0.12530525345569057
so,W20p0,3,17,-0.1250795817568637,0.1250795817568637
thetao,W20p0,9,20,-0.12486527618624486,0.12486527618624486
so,W30p0,4,3,0.12460496234448647,0.12460496234448647
thetao,W30p0,5,5,0.12459135098519987,0.12459135098519987
thetao,W30p0,6,0,0.1245459900352552,0.1245459900352552
so,W30p0,6,17,0.12431308403386188,0.12431308403386188
so,W10p0,6,11,0.12314100411725815,0.12314100411725815
thetao,W60p0,10,14,-0.12301748440706524,0.12301748440706524
thetao,W30p0,2,13,-0.12290383633797523,0.12290383633797523
thetao,W60p0,9,11,0.12267587321301188,0.12267587321301188
thetao,W20p0,7,10,-0.12267246131583633,0.12267246131583633
so,W60p0,5,18,0.1226005203916954,0.1226005203916954
so,W30p0,7,19,0.12257198316750104,0.12257198316750104
so,W30p0,10,12,-0.1223864358430624,0.1223864358430624
so,W60p0,10,2,-0.12234338490683454,0.12234338490683454
thetao,W10p0,7,20,-0.122295642994676,0.122295642994676
so,W40p0,3,5,-0.12218567945126231,0.12218567945126231
so,W40p0,3,8,-0.12202703490893281,0.12202703490893281
so,W10p0,2,4,0.12198309479986413,0.12198309479986413
so,W40p0,8,14,0.12179669138176887,0.12179669138176887
so,W40p0,6,12,0.12118625260080512,0.12118625260080512
thetao,W30p0,6,2,0.12107555374319744,0.12107555374319744
so,W30p0,4,8,0.12063346775347968,0.12063346775347968
so,W10p0,6,5,0.12061247506680155,0.12061247506680155
so,W40p0,5,6,-0.11994405502230103,0.11994405502230103
thetao,W30p0,3,8,-0.11979137083218178,0.11979137083218178
so,W30p0,6,10,-0.11968806095653849,0.11968806095653849
so,W30p0,6,3,0.11956342922277748,0.11956342922277748
thetao,W20p0,8,11,-0.11925817209665765,0.11925817209665765
thetao,W30p0,8,0,-0.11915512354126491,0.11915512354126491
so,W30p0,9,15,0.11816975263601534,0.11816975263601534
thetao,W30p0,8,15,0.11802255569988597,0.11802255569988597
thetao,W10p0,9,5,-0.11782347550899007,0.11782347550899007
so,W20p0,8,4,-0.11766011311677273,0.11766011311677273
so,W60p0,5,16,0.11750000584136454,0.11750000584136454
so,W30p0,10,14,-0.11668037627182447,0.11668037627182447
so,W10p0,10,4,-0.11630007909500696,0.11630007909500696
so,W60p0,5,20,0.11620386140491072,0.11620386140491072
thetao,W30p0,7,17,-0.11611228078567325,0.11611228078567325
thetao,W30p0,7,16,-0.11601728008672461,0.11601728008672461
so,W40p0,3,9,-0.11597270722284471,0.11597270722284471
so,W10p0,6,0,0.11482410725919699,0.11482410725919699
thetao,W10p0,7,17,-0.1141339721244256,0.1141339721244256
thetao,W60p0,3,19,-0.1141145029927078,0.1141145029927078
thetao,W20p0,8,9,-0.1139758050679577,0.1139758050679577
thetao,W60p0,3,14,-0.11385134032863681,0.11385134032863681
so,W10p0,3,14,0.11338384485654412,0.11338384485654412
so,W30p0,6,19,0.11317105989021083,0.11317105989021083
thetao,W30p0,6,11,-0.11316492945108705,0.11316492945108705
thetao,W20p0,7,7,-0.11297396677192212,0.11297396677192212
so,W10p0,3,15,0.11230262079254215,0.11230262079254215
so,W30p0,6,11,-0.11200542835855502,0.11200542835855502
so,W10p0,7,5,-0.11185619037005903,0.11185619037005903
so,W30p0,5,13,-0.11162478508932615,0.11162478508932615
so,W60p0,5,4,0.11122130561697165,0.11122130561697165
so,W60p0,4,2,0.1106340147578222,0.1106340147578222
so,W10p0,2,7,0.11042389105839885,0.11042389105839885
so,W60p0,10,0,0.11036039537274214,0.11036039537274214
so,W60p0,4,3,0.11018984741922838,0.11018984741922838
so,W60p0,3,0,0.10996059053364106,0.10996059053364106
thetao,W20p0,8,5,-0.10980049433565392,0.10980049433565392
so,W60p0,10,17,-0.10963128484956429,0.10963128484956429
thetao,W20p0,7,0,-0.10962923996614041,0.10962923996614041
so,W30p0,10,7,-0.10934216675333475,0.10934216675333475
so,W10p0,7,3,-0.10924039922131329,0.10924039922131329
thetao,W30p0,6,4,0.1092198713965576,0.1092198713965576
so,W40p0,8,18,0.10916986451907809,0.10916986451907809
so,W60p0,10,8,-0.10839719807246721,0.10839719807246721
so,W60p0,7,13,-0.10827148598414588,0.10827148598414588
thetao,W30p0,5,3,0.10811960852215653,0.10811960852215653
so,W60p0,8,10,0.10782655244922457,0.10782655244922457
so,W10p0,3,8,0.10762258059109227,0.10762258059109227
so,W30p0,5,0,-0.1073520040790656,0.1073520040790656
thetao,W20p0,7,6,-0.10679786485762713,0.10679786485762713
thetao,W60p0,4,17,0.1067970092427837,0.1067970092427837
so,W30p0,10,9,-0.1067746111495118,0.1067746111495118
so,W10p0,3,0,0.10652207993252144,0.10652207993252144
thetao,W20p0,10,4,0.10630210757311899,0.10630210757311899
so,W10p0,7,16,-0.10617903858355648,0.10617903858355648
so,W10p0,6,4,0.1060465976422026,0.1060465976422026
so,W60p0,3,17,0.10560033922450432,0.10560033922450432
so,W30p0,9,14,0.10558830795687896,0.10558830795687896
so,W60p0,3,20,0.10558699344990975,0.10558699344990975
thetao,W30p0,2,11,-0.10525253741417284,0.10525253741417284
so,W20p0,8,2,-0.10516320597470279,0.10516320597470279
so,W30p0,6,4,0.10515668369547371,0.10515668369547371
so,W30p0,3,15,0.10496764249734518,0.10496764249734518
thetao,W40p0,10,17,-0.10454155222767175,0.10454155222767175
so,W60p0,6,1,-0.10395661578018384,0.10395661578018384
thetao,W20p0,8,14,-0.10357550940089383,0.10357550940089383
so,W30p0,8,15,0.10339011875605791,0.10339011875605791
thetao,W30p0,6,3,0.10338807727295463,0.10338807727295463
so,W30p0,9,10,0.1030545815538135,0.1030545815538135
so,W40p0,6,2,0.1028512007669377,0.1028512007669377
thetao,W60p0,8,4,0.10222342308600477,0.10222342308600477
so,W40p0,4,10,-0.1020657998987175,0.1020657998987175
thetao,W20p0,10,6,0.10201783188691392,0.10201783188691392
thetao,W30p0,2,10,-0.10185184937551217,0.10185184937551217
so,W30p0,7,10,0.10178754562832786,0.10178754562832786
so,W10p0,7,14,-0.1016742656212026,0.1016742656212026
thetao,W60p0,10,15,-0.10155848474591142,0.10155848474591142
so,W30p0,7,0,0.10134504868231647,0.10134504868231647
thetao,W30p0,2,20,-0.10105438394492547,0.10105438394492547
thetao,W30p0,8,14,0.1006687235125773,0.1006687235125773
thetao,W60p0,8,6,0.10015789405855435,0.10015789405855435
thetao,W10p0,10,2,0.1000951174650141,0.1000951174650141
thetao,W60p0,4,9,0.10009506014576978,0.10009506014576978
thetao,W60p0,7,14,0.09985280820943399,0.09985280820943399
thetao,W10p0,7,19,-0.09893985393135513,0.09893985393135513
thetao,W30p0,3,7,-0.09866364245927563,0.09866364245927563
so,W60p0,3,6,-0.09808863339278226,0.09808863339278226
so,W40p0,4,6,-0.09799336864129334,0.09799336864129334
thetao,W40p0,9,9,0.09776394471623476,0.09776394471623476
thetao,W20p0,10,8,0.09723294291333813,0.09723294291333813
so,W10p0,6,14,0.09716727261754049,0.09716727261754049
so,W30p0,10,15,-0.09697421771754362,0.09697421771754362
thetao,W30p0,7,9,-0.09687169890450001,0.09687169890450001
so,W30p0,2,12,0.09662748291643962,0.09662748291643962
thetao,W20p0,9,16,-0.09659285016829915,0.09659285016829915
so,W30p0,4,19,0.09638222265351626,0.09638222265351626
thetao,W60p0,10,8,-0.09595771190589106,0.09595771190589106
so,W40p0,4,7,-0.09586983695107655,0.09586983695107655
thetao,W60p0,9,12,0.09582121350537251,0.09582121350537251
so,W30p0,6,16,0.09570240020290903,0.09570240020290903
thetao,W60p0,7,15,0.09565587635076099,0.09565587635076099
thetao,W10p0,9,8,-0.09533843570169222,0.09533843570169222
so,W10p0,2,5,0.09516221371674831,0.09516221371674831
so,W30p0,8,6,0.09506434615785321,0.09506434615785321
thetao,W20p0,8,4,-0.09449253693361381,0.09449253693361381
so,W30p0,2,10,0.09447218946324845,0.09447218946324845
so,W60p0,10,1,-0.09438935875563323,0.09438935875563323
so,W60p0,7,15,-0.09429261963883073,0.09429261963883073
thetao,W10p0,9,10,-0.09390048789848934,0.09390048789848934
so,W10p0,7,12,-0.093832954856526,0.093832954856526
thetao,W30p0,2,18,-0.09362991253062229,0.09362991253062229
thetao,W60p0,8,0,-0.09359196254934848,0.09359196254934848
thetao,W60p0,7,17,0.09292188697092163,0.09292188697092163
so,W30p0,5,9,-0.0928024088803463,0.0928024088803463
so,W60p0,6,3,-0.09265920181318717,0.09265920181318717
thetao,W20p0,10,7,0.09234462207739559,0.09234462207739559
thetao,W60p0,3,17,-0.09223132643904275,0.09223132643904275
so,W30p0,5,19,-0.0922222047651767,0.0922222047651767
so,W60p0,7,20,0.09208062108171002,0.09208062108171002
thetao,W10p0,7,0,-0.09186872757428509,0.09186872757428509
so,W30p0,8,14,0.091827463587388,0.091827463587388
so,W10p0,6,3,0.09161319879340504,0.09161319879340504
thetao,W30p0,7,18,-0.09157660222424413,0.09157660222424413
thetao,W30p0,8,17,0.09026915664905902,0.09026915664905902
thetao,W60p0,7,13,0.09016986707289261,0.09016986707289261
thetao,W60p0,3,13,-0.08995129087787142,0.08995129087787142
thetao,W60p0,9,15,0.08954492558368306,0.08954492558368306
so,W30p0,7,15,0.08951413097720225,0.08951413097720225
so,W30p0,5,17,-0.0894727881112945,0.0894727881112945
thetao,W60p0,8,1,0.08935985338635478,0.08935985338635478
thetao,W10p0,7,8,-0.08874415409013298,0.08874415409013298
so,W20p0,2,0,0.08867013715540814,0.08867013715540814
so,W40p0,6,16,0.0884010396721313,0.0884010396721313
so,W30p0,6,9,-0.0883074365587178,0.0883074365587178
so,W40p0,9,2,-0.08816911754308489,0.08816911754308489
so,W40p0,4,15,-0.0879745075707461,0.0879745075707461
thetao,W30p0,2,16,-0.08753301220189826,0.08753301220189826
so,W30p0,8,19,0.08749020150606052,0.08749020150606052
so,W40p0,8,6,-0.08745747062486325,0.08745747062486325
so,W60p0,10,14,-0.08744025386389054,0.08744025386389054
thetao,W60p0,7,20,0.08726335047175782,0.08726335047175782
so,W60p0,6,13,-0.0870913170140308,0.0870913170140308
thetao,W20p0,8,3,-0.08690565326203525,0.08690565326203525
so,W30p0,5,20,-0.08676112142604897,0.08676112142604897
thetao,W60p0,3,4,0.0867423161840847,0.0867423161840847
so,W20p0,3,18,-0.08607567102874236,0.08607567102874236
so,W60p0,7,11,-0.08586004354631181,0.08586004354631181
thetao,W30p0,2,2,-0.08569727904279333,0.08569727904279333
so,W30p0,10,6,-0.08535005837588411,0.08535005837588411
so,W10p0,2,6,0.08500085508589235,0.08500085508589235
so,W60p0,5,5,0.08482351389030013,0.08482351389030013
so,W60p0,5,19,0.08461700905556972,0.08461700905556972
so,W30p0,6,15,0.0845619802692524,0.0845619802692524
thetao,W30p0,2,9,-0.08447908728903124,0.08447908728903124
thetao,W60p0,7,16,0.08413390905517387,0.08413390905517387
so,W60p0,7,9,-0.08380043915548856,0.08380043915548856
so,W40p0,6,1,0.08365696654407513,0.08365696654407513
thetao,W10p0,9,6,-0.08323994122093731,0.08323994122093731
so,W30p0,10,0,-0.08304081920587758,0.08304081920587758
thetao,W30p0,8,5,0.08298119467815548,0.08298119467815548
so,W40p0,4,8,-0.08244289085909148,0.08244289085909148
thetao,W10p0,9,7,-0.08233826111043988,0.08233826111043988
thetao,W30p0,2,15,-0.08229886415057275,0.08229886415057275
so,W30p0,4,7,0.080822408573518,0.080822408573518
so,W40p0,6,0,0.08056124838791448,0.08056124838791448
so,W10p0,2,3,0.08044204019932504,0.08044204019932504
so,W60p0,3,16,0.0800541830005562,0.0800541830005562
thetao,W20p0,10,2,0.07996263154717032,0.07996263154717032
so,W60p0,6,2,-0.07984566858526917,0.07984566858526917
thetao,W30p0,3,1,0.0797167551474539,0.0797167551474539
thetao,W20p0,7,17,-0.07971625125746337,0.07971625125746337
thetao,W60p0,4,8,0.07929322254626085,0.07929322254626085
thetao,W60p0,4,10,0.07899075303461102,0.07899075303461102
thetao,W30p0,2,19,-0.07897656711883287,0.07897656711883287
thetao,W10p0,7,18,-0.07896198439875453,0.07896198439875453
so,W30p0,7,20,0.07880462231398655,0.07880462231398655
so,W20p0,7,2,0.07842429883981512,0.07842429883981512
so,W60p0,4,7,0.07783818605003154,0.07783818605003154
thetao,W10p0,7,5,-0.07781009451126696,0.07781009451126696
so,W40p0,8,4,-0.07773425705171227,0.07773425705171227
so,W60p0,6,4,-0.07711636028375617,0.07711636028375617
thetao,W20p0,9,19,-0.07710710618805343,0.07710710618805343
so,W30p0,6,0,-0.07708978051180111,0.07708978051180111
thetao,W60p0,4,16,0.07707840313836323,0.07707840313836323
thetao,W10p0,10,20,-0.07660488715897364,0.07660488715897364
thetao,W30p0,8,9,0.07641397196909507,0.07641397196909507
so,W40p0,3,13,-0.07610520196753293,0.07610520196753293
thetao,W60p0,7,6,0.07546179485835953,0.07546179485835953
thetao,W30p0,2,7,-0.07542592718449773,0.07542592718449773
so,W30p0,4,5,0.07505672742649443,0.07505672742649443
thetao,W60p0,4,1,-0.07484816631507275,0.07484816631507275
so,W30p0,7,14,0.07481077777186959,0.07481077777186959
so,W40p0,4,18,-0.07473247120772174,0.07473247120772174
thetao,W60p0,4,18,0.07450991464817744,0.07450991464817744
so,W60p0,6,5,-0.07413350149616058,0.07413350149616058
so,W60p0,4,16,0.07406563899341209,0.07406563899341209
so,W60p0,10,12,0.07354374212166657,0.07354374212166657
thetao,W60p0,8,7,0.07346754445350245,0.07346754445350245
thetao,W30p0,7,4,0.07321247476776095,0.07321247476776095
thetao,W20p0,10,1,0.07299708669433394,0.07299708669433394
so,W60p0,5,12,0.07243808444191305,0.07243808444191305
so,W60p0,5,8,0.07243308224122602,0.07243308224122602
so,W10p0,7,20,0.072224047989219,0.072224047989219
so,W60p0,10,15,-0.07190322191313867,0.07190322191313867
thetao,W10p0,7,16,-0.07151587692870497,0.07151587692870497
so,W30p0,7,5,-0.07150880898215863,0.07150880898215863
so,W40p0,8,17,0.07146535344039955,0.07146535344039955
thetao,W10p0,9,9,-0.07143037385223239,0.07143037385223239
thetao,W60p0,3,18,-0.07142996718571812,0.07142996718571812
thetao,W10p0,10,14,-0.07134840336587477,0.07134840336587477
so,W30p0,4,4,0.07085081041576474,0.07085081041576474
so,W60p0,4,11,-0.07054095708019209,0.07054095708019209
so,W60p0,7,1,-0.07030110822699387,0.07030110822699387
so,W60p0,4,6,0.06997985790256162,0.06997985790256162
thetao,W30p0,7,13,-0.06982145707908367,0.06982145707908367
so,W60p0,10,9,-0.06961406369910372,0.06961406369910372
so,W10p0,7,19,-0.06880148798892215,0.06880148798892215
thetao,W60p0,7,0,0.06875015260634215,0.06875015260634215
so,W30p0,10,10,-0.06850232019913564,0.06850232019913564
so,W30p0,10,18,-0.06825653959883213,0.06825653959883213
thetao,W30p0,3,2,0.06821702631149598,0.06821702631149598
thetao,W10p0,10,3,0.06763664141849512,0.06763664141849512
so,W40p0,4,9,-0.0672203867550605,0.0672203867550605
thetao,W30p0,3,0,0.0672096980056188,0.0672096980056188
so,W60p0,3,2,-0.06694152026425901,0.06694152026425901
thetao,W20p0,10,3,0.06692208005621594,0.06692208005621594
thetao,W60p0,8,13,0.06691009606211108,0.06691009606211108
so,W60p0,4,14,0.06642372539626534,0.06642372539626534
thetao,W60p0,1,0,-0.06633292256659948,0.06633292256659948
thetao,W20p0,8,6,-0.06578798964978842,0.06578798964978842
so,W60p0,3,7,-0.06555356075043511,0.06555356075043511
so,W20p0,8,20,-0.06499003648218017,0.06499003648218017
thetao,W30p0,6,5,0.06497499326247186,0.06497499326247186
so,W60p0,4,18,-0.06468230387592136,0.06468230387592136
thetao,W60p0,3,5,0.06464443595623066,0.06464443595623066
so,W30p0,4,20,0.06441322418863922,0.06441322418863922
thetao,W60p0,1,2,-0.06408982912154843,0.06408982912154843
thetao,W30p0,8,18,0.06340296056057255,0.06340296056057255
thetao,W30p0,6,12,-0.06338304067357554,0.06338304067357554
so,W40p0,8,12,-0.06319633447248318,0.06319633447248318
so,W40p0,4,20,0.06266888781004118,0.06266888781004118
so,W10p0,2,2,0.06264336432022849,0.06264336432022849
thetao,W20p0,7,11,-0.06260154058923924,0.06260154058923924
thetao,W20p0,8,7,-0.06239706930635641,0.06239706930635641
so,W40p0,8,9,-0.06228664035544246,0.06228664035544246
so,W60p0,3,12,-0.06203548497084128,0.06203548497084128
so,W60p0,7,14,-0.06148549756230772,0.06148549756230772
thetao,W60p0,8,5,0.06117375826346572,0.06117375826346572
thetao,W60p0,3,16,-0.0611117023944752,0.0611117023944752
so,W20p0,8,5,-0.06072215669410763,0.06072215669410763
so,W30p0,10,8,-0.060534567399446515,0.060534567399446515
so,W10p0,7,18,-0.060429651773040556,0.060429651773040556
thetao,W30p0,3,6,-0.06018881250289838,0.06018881250289838
thetao,W60p0,3,8,0.05986406634999738,0.05986406634999738
thetao,W60p0,3,7,0.0594208962008906,0.0594208962008906
so,W40p0,9,5,-0.05939060654906648,0.05939060654906648
so,W60p0,10,19,-0.05935064200808661,0.05935064200808661
so,W30p0,8,1,-0.058784807559392846,0.058784807559392846
thetao,W30p0,6,20,0.058760277145366704,0.058760277145366704
thetao,W30p0,7,12,-0.05875808705842903,0.05875808705842903
so,W30p0,2,1,0.05825485065029684,0.05825485065029684
so,W40p0,4,12,-0.05815343563009056,0.05815343563009056
so,W40p0,8,8,-0.05813021892647893,0.05813021892647893
so,W30p0,7,7,0.05782925020712105,0.05782925020712105
thetao,W60p0,3,11,-0.0577736732389527,0.0577736732389527
so,W60p0,7,16,-0.05771964018823051,0.05771964018823051
thetao,W60p0,1,6,-0.0575865736549374,0.0575865736549374
thetao,W60p0,3,12,-0.057530053169586856,0.057530053169586856
so,W40p0,8,2,-0.057335402051261246,0.057335402051261246
so,W30p0,2,5,-0.05705837596431496,0.05705837596431496
thetao,W30p0,2,6,-0.05698206577050054,0.05698206577050054
thetao,W60p0,4,0,-0.05693994734766128,0.05693994734766128
thetao,W40p0,10,18,-0.056840197572724745,0.056840197572724745
thetao,W30p0,2,12,-0.0567352221386672,0.0567352221386672
thetao,W10p0,10,11,-0.0566808180652657,0.0566808180652657
thetao,W60p0,7,19,0.05661365379368199,0.05661365379368199
so,W60p0,3,14,-0.05658463703265773,0.05658463703265773
so,W30p0,7,17,0.05642047619649372,0.05642047619649372
thetao,W30p0,3,3,0.056166085338869194,0.056166085338869194
thetao,W60p0,4,11,0.05600378386030092,0.05600378386030092
so,W30p0,7,18,0.05596595247821967,0.05596595247821967
so,W20p0,7,4,0.05573320014384157,0.05573320014384157
so,W30p0,7,3,0.05558591104023085,0.05558591104023085
so,W30p0,8,5,0.05528169067877217,0.05528169067877217
so,W60p0,7,2,-0.055165217315952926,0.055165217315952926
thetao,W60p0,1,5,-0.05501558820479501,0.05501558820479501
thetao,W30p0,2,8,-0.054652718031170375,0.054652718031170375
so,W40p0,4,14,-0.05464778455421407,0.05464778455421407
thetao,W20p0,7,13,-0.05463823297855581,0.05463823297855581
so,W30p0,10,1,-0.05447186844700067,0.05447186844700067
thetao,W10p0,7,15,-0.05440508601233507,0.05440508601233507
thetao,W60p0,1,1,-0.05399935857652297,0.05399935857652297
thetao,W10p0,10,13,-0.053819652489090104,0.053819652489090104
so,W30p0,7,9,0.05377396890663071,0.05377396890663071
so,W60p0,7,3,-0.05358175316718881,0.05358175316718881
thetao,W60p0,3,3,0.05356752073837312,0.05356752073837312
so,W30p0,10,4,-0.05351953075434868,0.05351953075434868
thetao,W60p0,8,19,-0.05337791176338085,0.05337791176338085
thetao,W30p0,7,8,-0.05272992379255229,0.05272992379255229
so,W60p0,4,8,0.05260884907110927,0.05260884907110927
so,W30p0,6,2,0.0525257733956791,0.0525257733956791
so,W60p0,3,3,-0.05220325145457301,0.05220325145457301
so,W30p0,5,18,-0.05180272217586509,0.05180272217586509
so,W40p0,8,19,0.05138254089529323,0.05138254089529323
thetao,W40p0,10,20,-0.0513762213439408,0.0513762213439408
thetao,W30p0,7,20,-0.051034361310524815,0.051034361310524815
thetao,W60p0,7,7,0.050953169430255046,0.050953169430255046
thetao,W60p0,4,19,0.05046484520759237,0.05046484520759237
thetao,W20p0,7,14,-0.05025241759825181,0.05025241759825181
so,W40p0,3,15,-0.050185292942497725,0.050185292942497725
so,W30p0,10,13,-0.05008487579449532,0.05008487579449532
so,W10p0,3,5,0.04997233009797164,0.04997233009797164
thetao,W30p0,8,1,0.049705814272577635,0.049705814272577635
so,W40p0,8,15,0.04922023546749008,0.04922023546749008
so,W30p0,5,12,-0.04840453170738684,0.04840453170738684
so,W40p0,3,12,-0.04827085740941597,0.04827085740941597
thetao,W30p0,8,20,0.04813545085951149,0.04813545085951149
thetao,W30p0,7,3,0.0480520133195947,0.0480520133195947
thetao,W30p0,2,4,0.04784513908521732,0.04784513908521732
so,W60p0,3,13,-0.04774189404378917,0.04774189404378917
so,W10p0,3,4,0.04750845368672143,0.04750845368672143
thetao,W30p0,3,4,0.047414237365581195,0.047414237365581195
so,W60p0,5,9,0.0473219802464365,0.0473219802464365
thetao,W30p0,6,19,0.04729763115148059,0.04729763115148059
thetao,W10p0,10,15,-0.04727358709540169,0.04727358709540169
so,W10p0,2,1,0.04715345058636866,0.04715345058636866
thetao,W10p0,7,3,-0.04679843417114745,0.04679843417114745
so,W40p0,9,3,-0.046619916267686176,0.046619916267686176
so,W40p0,9,4,-0.04660867790743856,0.04660867790743856
so,W40p0,4,5,-0.04658539511500017,0.04658539511500017
so,W30p0,7,16,0.04627680532437178,0.04627680532437178
thetao,W60p0,8,16,0.046244424689823205,0.046244424689823205
so,W30p0,6,20,0.046174237407314675,0.046174237407314675
so,W30p0,10,20,-0.04607170439469749,0.04607170439469749
so,W40p0,6,10,0.04569015520262349,0.04569015520262349
so,W30p0,6,8,-0.04526852644915825,0.04526852644915825
so,W40p0,8,13,-0.0451620701699128,0.0451620701699128
so,W30p0,3,16,0.045101965148121405,0.045101965148121405
so,W30p0,9,11,0.044948056659539735,0.044948056659539735
thetao,W30p0,6,9,-0.04434921238361654,0.04434921238361654
so,W30p0,8,0,-0.0442858639710206,0.0442858639710206
thetao,W40p0,7,19,0.0442363024432645,0.0442363024432645
thetao,W60p0,3,15,-0.04420598397566928,0.04420598397566928
thetao,W10p0,10,16,-0.04414039371547257,0.04414039371547257
so,W30p0,8,16,0.04390373157311604,0.04390373157311604
so,W30p0,7,8,0.043754570963908994,0.043754570963908994
thetao,W10p0,7,4,-0.043685874550306085,0.043685874550306085
thetao,W30p0,6,14,-0.04363443773808808,0.04363443773808808
so,W40p0,8,3,-0.043611626254253695,0.043611626254253695
so,W30p0,4,6,0.04345755386470114,0.04345755386470114
thetao,W60p0,7,12,0.04333497952271549,0.04333497952271549
thetao,W60p0,4,5,-0.04324481816439658,0.04324481816439658
so,W60p0,4,0,-0.043232476623067735,0.043232476623067735
so,W60p0,3,15,0.04320086218207121,0.04320086218207121
thetao,W10p0,10,0,-0.04272432021612776,0.04272432021612776
thetao,W30p0,7,5,0.04230355294916995,0.04230355294916995
thetao,W10p0,10,10,-0.0422760363333929,0.0422760363333929
thetao,W30p0,2,5,0.042142448326890854,0.042142448326890854
so,W60p0,4,10,-0.04158776658298379,0.04158776658298379
so,W60p0,7,4,-0.041231920087623025,0.041231920087623025
thetao,W60p0,4,15,0.041176940061661046,0.041176940061661046
so,W20p0,3,19,-0.04066378806249029,0.04066378806249029
thetao,W30p0,6,13,-0.04064417761979076,0.04064417761979076
so,W60p0,5,11,0.04061450862784534,0.04061450862784534
thetao,W20p0,10,0,0.04056844151298015,0.04056844151298015
thetao,W30p0,8,6,0.04048599255658171,0.04048599255658171
so,W60p0,7,5,-0.040434491336661715,0.040434491336661715
thetao,W60p0,4,20,0.040031358202837194,0.040031358202837194
so,W60p0,4,17,0.03976430882744255,0.03976430882744255
so,W30p0,8,18,0.03953958397983994,0.03953958397983994
thetao,W10p0,10,19,-0.0391904398890316,0.0391904398890316
so,W60p0,4,1,0.039169787695939824,0.039169787695939824
thetao,W10p0,7,1,-0.038824183216116886,0.038824183216116886
so,W40p0,8,7,-0.038771592105315084,0.038771592105315084
so,W40p0,4,3,-0.038680401593742586,0.038680401593742586
so,W30p0,2,3,0.0384909016979358,0.0384909016979358
so,W30p0,8,17,0.038237500770877515,0.038237500770877515
thetao,W60p0,8,11,0.038188929188312064,0.038188929188312064
thetao,W60p0,8,12,0.037939851638274555,0.037939851638274555
thetao,W30p0,7,19,-0.0375847404117358,0.0375847404117358
so,W40p0,9,7,-0.03757783627810017,0.03757783627810017
so,W30p0,10,16,-0.0372933224337614,0.0372933224337614
so,W10p0,3,3,0.03727428558320975,0.03727428558320975
so,W30p0,7,12,0.037266437557136996,0.037266437557136996
so,W30p0,10,19,-0.037030318308944786,0.037030318308944786
so,W40p0,6,17,0.03697337021376248,0.03697337021376248
so,W20p0,3,20,-0.03694095110505222,0.03694095110505222
so,W20p0,7,8,0.0368811847130823,0.0368811847130823
thetao,W30p0,8,8,0.03669360850109058,0.03669360850109058
so,W40p0,8,10,-0.0366650238229882,0.0366650238229882
thetao,W40p0,6,0,0.03656705336156112,0.03656705336156112
so,W10p0,7,2,-0.036519097758977014,0.036519097758977014
thetao,W10p0,10,18,0.03642328556131494,0.03642328556131494
so,W60p0,3,4,-0.03632826977219427,0.03632826977219427
thetao,W40p0,7,20,0.03602601178137456,0.03602601178137456
thetao,W60p0,3,2,-0.03601791668087191,0.03601791668087191
so,W40p0,8,16,0.03569800989161146,0.03569800989161146
so,W10p0,7,13,-0.03560871921840064,0.03560871921840064
so,W40p0,3,20,0.03539542093113706,0.03539542093113706
so,W30p0,3,17,0.03537249071807114,0.03537249071807114
so,W40p0,4,19,0.03527850068487864,0.03527850068487864
so,W40p0,4,16,-0.03527061353153994,0.03527061353153994
so,W40p0,4,17,-0.03519961829076314,0.03519961829076314
thetao,W60p0,1,4,-0.035172588942474756,0.035172588942474756
so,W60p0,3,8,-0.035135174084763784,0.035135174084763784
so,W60p0,5,10,0.03503278362425805,0.03503278362425805
thetao,W30p0,8,4,0.03486378190302302,0.03486378190302302
so,W60p0,8,9,0.034746126368657725,0.034746126368657725
thetao,W60p0,1,14,0.03425545940394118,0.03425545940394118
so,W30p0,8,2,-0.034039858023923314,0.034039858023923314
so,W30p0,7,13,-0.03386911658394778,0.03386911658394778
so,W30p0,2,2,0.03367064511940474,0.03367064511940474
thetao,W30p0,7,6,0.03353815184499356,0.03353815184499356
thetao,W30p0,7,1,-0.03348209670521206,0.03348209670521206
thetao,W60p0,4,14,0.03337143998596957,0.03337143998596957
thetao,W10p0,10,12,-0.0332765453926007,0.0332765453926007
thetao,W20p0,7,3,-0.03314284810545028,0.03314284810545028
thetao,W30p0,6,6,0.032902544398487735,0.032902544398487735
thetao,W30p0,8,2,0.032819424826007665,0.032819424826007665
so,W60p0,3,5,-0.032778267095845526,0.032778267095845526
thetao,W30p0,7,15,-0.032353562391671455,0.032353562391671455
so,W30p0,6,7,-0.03233971003434162,0.03233971003434162
so,W30p0,6,13,-0.031600912694155,0.031600912694155
thetao,W60p0,7,11,0.031258273028930715,0.031258273028930715
thetao,W30p0,2,3,-0.030998493446694655,0.030998493446694655
so,W30p0,10,2,0.030564351162702424,0.030564351162702424
so,W20p0,7,6,0.030378494138822935,0.030378494138822935
thetao,W10p0,7,12,0.030330762404203584,0.030330762404203584
thetao,W20p0,7,18,-0.030210099274435652,0.030210099274435652
thetao,W20p0,8,10,-0.030050051998402022,0.030050051998402022
so,W30p0,3,20,0.029260737195492142,0.029260737195492142
thetao,W60p0,8,9,-0.029231224402826987,0.029231224402826987
so,W30p0,10,17,-0.029115554387837802,0.029115554387837802
so,W60p0,10,13,-0.02899410888812191,0.02899410888812191
thetao,W60p0,4,7,0.028974792881513296,0.028974792881513296
thetao,W30p0,7,11,0.028470376413607914,0.028470376413607914
thetao,W10p0,7,2,-0.028183561730640405,0.028183561730640405
so,W60p0,7,17,0.028064727146040698,0.028064727146040698
thetao,W60p0,4,4,-0.02741337102356169,0.02741337102356169
thetao,W60p0,1,13,0.027278436230057927,0.027278436230057927
so,W30p0,8,4,0.027202762193637323,0.027202762193637323
so,W60p0,7,19,0.026888279179059556,0.026888279179059556
so,W60p0,7,6,0.026778401884184996,0.026778401884184996
so,W30p0,8,3,-0.02656279427929798,0.02656279427929798
thetao,W60p0,1,7,-0.02616196972128607,0.02616196972128607
so,W60p0,4,12,-0.026115627985212272,0.026115627985212272
so,W60p0,4,13,-0.02549066168488277,0.02549066168488277
thetao,W60p0,1,3,-0.025466864535639382,0.025466864535639382
thetao,W30p0,7,7,0.025363387194853974,0.025363387194853974
so,W60p0,3,9,0.025234420627176134,0.025234420627176134
so,W10p0,7,17,-0.025127656373803684,0.025127656373803684
so,W10p0,3,7,0.025050858362316165,0.025050858362316165
so,W20p0,7,9,0.024979484059687695,0.024979484059687695
so,W30p0,6,5,0.024360765153145093,0.024360765153145093
so,W40p0,4,1,0.024157783471468162,0.024157783471468162
thetao,W60p0,3,10,-0.024019120067560854,0.024019120067560854
so,W30p0,7,2,0.023913264882797935,0.023913264882797935
thetao,W10p0,10,7,0.023835617166638224,0.023835617166638224
so,W20p0,7,5,0.023779686963399046,0.023779686963399046
thetao,W60p0,4,2,-0.023396382338210193,0.023396382338210193
thetao,W40p0,10,19,-0.023104999911462098,0.023104999911462098
so,W10p0,3,6,0.02293376230228195,0.02293376230228195
so,W20p0,7,10,-0.022904973821359753,0.022904973821359753
thetao,W30p0,6,18,0.02285987762498592,0.02285987762498592
thetao,W60p0,4,12,0.022846122226807465,0.022846122226807465
so,W30p0,3,19,0.02265085714281058,0.02265085714281058
so,W40p0,8,0,0.02253620641803931,0.02253620641803931
thetao,W60p0,8,17,0.022396454668218945,0.022396454668218945
so,W60p0,7,8,-0.02230205151909945,0.02230205151909945
thetao,W60p0,1,12,0.02212675545276466,0.02212675545276466
so,W30p0,2,9,0.02210478412188205,0.02210478412188205
so,W40p0,3,18,0.022048818786692802,0.022048818786692802
so,W40p0,6,18,-0.02201494410423104,0.02201494410423104
thetao,W20p0,7,16,-0.021939925171509698,0.021939925171509698
thetao,W20p0,7,1,-0.021867556919612306,0.021867556919612306
thetao,W10p0,7,14,-0.02182269220395468,0.02182269220395468
thetao,W30p0,8,10,0.021426209802630203,0.021426209802630203
thetao,W60p0,1,11,0.021278979413744507,0.021278979413744507
thetao,W30p0,6,16,0.020875796881606387,0.020875796881606387
thetao,W10p0,7,11,0.020793111711198128,0.020793111711198128
so,W40p0,4,11,-0.020482810251981065,0.020482810251981065
thetao,W30p0,7,14,-0.020460197852568023,0.020460197852568023
so,W40p0,9,6,-0.02037425683663929,0.02037425683663929
thetao,W10p0,10,9,0.02026184710420342,0.02026184710420342
so,W40p0,3,17,-0.01982394052936349,0.01982394052936349
thetao,W60p0,8,20,0.019602970743082575,0.019602970743082575
so,W60p0,7,18,-0.01958603435534545,0.01958603435534545
thetao,W30p0,8,11,0.01938993241131417,0.01938993241131417
so,W20p0,7,7,0.019260876515093124,0.019260876515093124
thetao,W30p0,7,10,-0.01923021478690067,0.01923021478690067
so,W40p0,6,8,0.019148782219925945,0.019148782219925945
so,W30p0,6,14,0.018990166625642006,0.018990166625642006
thetao,W30p0,8,19,-0.018912788240647314,0.018912788240647314
thetao,W10p0,10,8,0.018845006950282725,0.018845006950282725
thetao,W30p0,8,3,0.01790865388235901,0.01790865388235901
thetao,W60p0,3,6,0.01748135390426872,0.01748135390426872
so,W40p0,6,3,-0.01727259976238402,0.01727259976238402
thetao,W60p0,1,8,-0.01715901695445519,0.01715901695445519
thetao,W10p0,7,9,-0.016860863511933312,0.016860863511933312
thetao,W30p0,6,17,0.01678578242406809,0.01678578242406809
thetao,W20p0,9,17,-0.01623839411636112,0.01623839411636112
so,W30p0,2,4,0.01609824352479266,0.01609824352479266
so,W30p0,7,6,-0.015734662267407204,0.015734662267407204
thetao,W60p0,8,8,0.01571002935012697,0.01571002935012697
so,W40p0,8,11,-0.01558245584306965,0.01558245584306965
so,W60p0,3,10,0.015482104746818558,0.015482104746818558
so,W60p0,3,11,0.015199666473702704,0.015199666473702704
thetao,W60p0,7,9,-0.014684619777226609,0.014684619777226609
so,W30p0,6,1,0.014645971036248267,0.014645971036248267
thetao,W30p0,6,8,-0.01463805884432062,0.01463805884432062
so,W30p0,10,5,-0.014279126906016681,0.014279126906016681
so,W60p0,4,9,0.01394095643109523,0.01394095643109523
thetao,W60p0,4,3,-0.013579398440939777,0.013579398440939777
so,W30p0,3,18,0.01318443601884873,0.01318443601884873
so,W30p0,2,8,0.013130706710629367,0.013130706710629367
thetao,W60p0,1,10,0.013030670527837948,0.013030670527837948
so,W40p0,6,19,-0.012306525423800195,0.012306525423800195
thetao,W60p0,3,9,0.011976975256586142,0.011976975256586142
thetao,W20p0,7,12,0.011876314424825932,0.011876314424825932
thetao,W10p0,7,10,0.011701300209638376,0.011701300209638376
so,W30p0,10,3,0.011395981082976459,0.011395981082976459
so,W30p0,7,4,0.011363265981930258,0.011363265981930258
so,W40p0,4,2,-0.011322178034452636,0.011322178034452636
thetao,W30p0,6,15,-0.010943909276662186,0.010943909276662186
thetao,W20p0,7,15,-0.010746692644409491,0.010746692644409491
thetao,W40p0,7,0,-0.010596018767238447,0.010596018767238447
thetao,W30p0,7,2,0.009920182239292658,0.009920182239292658
thetao,W20p0,9,18,0.009590347694200385,0.009590347694200385
thetao,W60p0,4,13,0.00948072920114672,0.00948072920114672
so,W40p0,4,13,0.009182320259857803,0.009182320259857803
thetao,W60p0,8,10,0.008760800738149251,0.008760800738149251
thetao,W10p0,10,6,-0.008625889958233844,0.008625889958233844
thetao,W20p0,7,4,-0.00809180508034575,0.00809180508034575
so,W40p0,6,6,0.007729525590251469,0.007729525590251469
thetao,W10p0,10,1,0.007711653150668408,0.007711653150668408
thetao,W60p0,4,6,0.007708619286969155,0.007708619286969155
thetao,W30p0,3,5,0.0076874076116265405,0.0076874076116265405
so,W40p0,6,9,0.007396368245322618,0.007396368245322618
thetao,W60p0,8,18,-0.0070579241382204855,0.0070579241382204855
thetao,W10p0,7,13,0.006974054944672766,0.006974054944672766
so,W60p0,10,10,-0.006896113712995637,0.006896113712995637
thetao,W20p0,7,2,0.006883858484343747,0.006883858484343747
so,W40p0,3,16,-0.006717775321335206,0.006717775321335206
thetao,W60p0,7,10,-0.006572509675807384,0.006572509675807384
thetao,W60p0,7,8,-0.006342275091872698,0.006342275091872698
so,W40p0,4,4,0.005915661616002457,0.005915661616002457
thetao,W10p0,10,5,-0.005809173177720583,0.005809173177720583
thetao,W10p0,10,17,-0.005289028167522395,0.005289028167522395
thetao,W10p0,10,4,0.00509599823540697,0.00509599823540697
thetao,W30p0,6,7,-0.004961104973120899,0.004961104973120899
so,W60p0,7,7,-0.0046335612428173864,0.0046335612428173864
so,W30p0,2,6,0.003967578299627921,0.003967578299627921
thetao,W60p0,3,0,0.003919076938795588,0.003919076938795588
so,W60p0,3,1,-0.0032655549982345323,0.0032655549982345323
so,W10p0,2,0,0.0030377716096416855,0.0030377716096416855
thetao,W60p0,1,9,0.002885515948610385,0.002885515948610385
so,W40p0,6,7,-0.002819524622252246,0.002819524622252246
so,W40p0,8,20,0.0026370344223338575,0.0026370344223338575
thetao,W60p0,3,1,-0.00249010006091945,0.00249010006091945
so,W40p0,6,20,0.002466701921526785,0.002466701921526785
so,W40p0,6,4,0.0024663780686280047,0.0024663780686280047
so,W40p0,6,5,0.002072897105290127,0.002072897105290127
thetao,W20p0,7,5,-0.0017829959605812585,0.0017829959605812585
so,W40p0,3,19,0.0016399106061218591,0.0016399106061218591
so,W30p0,2,7,-0.0015280573398204634,0.0015280573398204634
so,W20p0,7,3,-0.001283095062781748,0.001283095062781748
so,W60p0,10,11,-0.0007222912787172828,0.0007222912787172828
so,W30p0,7,1,0.0004950301445939435,0.0004950301445939435
thetao,W30p0,8,7,-0.00041069196186182904,0.00041069196186182904
so,W30p0,6,6,0.00030591134498244194,0.00030591134498244194
