var,lon_tag,mode,lag,corr,abs_corr
thetao,W20p0,2,7,-0.5286352822512193,0.5286352822512193
thetao,W20p0,2,6,-0.5132326024130237,0.5132326024130237
thetao,W60p0,1,0,-0.5119637109641697,0.5119637109641697
thetao,W20p0,2,5,-0.50935338015031,0.50935338015031
so,W30p0,1,4,-0.5003992697775171,0.5003992697775171
thetao,W40p0,2,4,-0.4996450875159644,0.4996450875159644
so,W10p0,1,7,-0.4993095499080365,0.4993095499080365
so,W20p0,1,2,-0.4984303461709763,0.4984303461709763
so,W20p0,1,0,-0.4967113746010424,0.4967113746010424
thetao,W20p0,2,8,-0.49641438564825086,0.49641438564825086
so,W30p0,1,3,-0.49408754972046975,0.49408754972046975
so,W10p0,7,18,0.49221202751538146,0.49221202751538146
thetao,W20p0,2,4,-0.49161096025405565,0.49161096025405565
so,W30p0,1,2,-0.48812599037215865,0.48812599037215865
thetao,W60p0,1,1,-0.48590985175256635,0.48590985175256635
so,W10p0,1,6,-0.4854075498309911,0.4854075498309911
so,W30p0,1,0,-0.48526971167296007,0.48526971167296007
so,W20p0,1,1,-0.4849745915570925,0.4849745915570925
so,W40p0,1,0,-0.48125035981630393,0.48125035981630393
so,W30p0,1,5,-0.4806508318582967,0.4806508318582967
thetao,W20p0,2,2,-0.4799763463869572,0.4799763463869572
so,W10p0,1,5,-0.47431228319507623,0.47431228319507623
so,W20p0,1,3,-0.47332863490092436,0.47332863490092436
thetao,W20p0,2,3,-0.4730814477032709,0.4730814477032709
so,W30p0,1,7,-0.47100879260187734,0.47100879260187734
so,W10p0,7,19,0.4685316192764257,0.4685316192764257
so,W10p0,1,4,-0.46679397877587964,0.46679397877587964
so,W30p0,1,1,-0.4661928178773061,0.4661928178773061
thetao,W20p0,2,1,-0.4659882422530924,0.4659882422530924
so,W30p0,1,6,-0.46586732174612133,0.46586732174612133
thetao,W20p0,2,0,-0.4637789687348165,0.4637789687348165
so,W10p0,1,3,-0.463402874519933,0.463402874519933
so,W60p0,1,0,-0.46338697620902647,0.46338697620902647
so,W20p0,1,4,-0.4589505243850168,0.4589505243850168
so,W10p0,1,2,-0.45863383043365513,0.45863383043365513
thetao,W30p0,2,7,-0.4546401316822602,0.4546401316822602
so,W10p0,1,0,-0.4479695874771328,0.4479695874771328
so,W20p0,1,5,-0.4472300866350868,0.4472300866350868
thetao,W60p0,1,9,-0.44644747988868544,0.44644747988868544
thetao,W30p0,2,8,-0.4460563120451077,0.4460563120451077
so,W40p0,1,1,-0.445925236060562,0.445925236060562
so,W10p0,1,8,-0.4446259285958787,0.4446259285958787
so,W20p0,1,6,-0.44460625318975067,0.44460625318975067
thetao,W40p0,2,3,-0.4404124622043856,0.4404124622043856
thetao,W60p0,1,10,-0.4396933136986207,0.4396933136986207
thetao,W60p0,1,2,-0.4387680142866723,0.4387680142866723
thetao,W20p0,2,9,-0.43817517250173,0.43817517250173
so,W60p0,1,1,-0.4365599861982794,0.4365599861982794
so,W20p0,4,14,-0.43500862103701693,0.43500862103701693
thetao,W60p0,1,8,-0.43330907435953747,0.43330907435953747
so,W10p0,1,1,-0.4294594011065791,0.4294594011065791
thetao,W60p0,1,3,-0.4235146616785131,0.4235146616785131
thetao,W40p0,2,9,-0.4230762780287438,0.4230762780287438
so,W30p0,1,8,-0.4221510511680422,0.4221510511680422
so,W60p0,1,2,-0.42203698577268683,0.42203698577268683
so,W10p0,7,17,0.4210158267925169,0.4210158267925169
so,W20p0,1,7,-0.419003681447987,0.419003681447987
so,W60p0,4,14,-0.41897710237336316,0.41897710237336316
thetao,W30p0,2,3,-0.41759989108054785,0.41759989108054785
thetao,W30p0,2,4,-0.417269689857888,0.417269689857888
thetao,W60p0,1,11,-0.415060542708804,0.415060542708804
thetao,W40p0,2,7,-0.414966226394473,0.414966226394473
thetao,W40p0,2,5,-0.4127292652888679,0.4127292652888679
so,W30p0,2,18,-0.4126899179680484,0.4126899179680484
so,W60p0,1,3,-0.41101865009375926,0.41101865009375926
so,W60p0,6,20,-0.41082633461577145,0.41082633461577145
thetao,W30p0,2,9,-0.41040406926179906,0.41040406926179906
so,W40p0,1,5,-0.4090628268033922,0.4090628268033922
thetao,W10p0,1,5,-0.40782002828065145,0.40782002828065145
so,W20p0,4,15,-0.40579995671767727,0.40579995671767727
so,W30p0,1,9,-0.4043455069868003,0.4043455069868003
thetao,W30p0,2,2,-0.403578593271412,0.403578593271412
thetao,W40p0,2,8,-0.4018900590980136,0.4018900590980136
so,W40p0,1,2,-0.40078833997056723,0.40078833997056723
so,W40p0,1,4,-0.400240352604901,0.400240352604901
so,W60p0,1,17,-0.39708930308856055,0.39708930308856055
thetao,W60p0,1,7,-0.39642297842956536,0.39642297842956536
thetao,W60p0,1,17,-0.3945100591579628,0.3945100591579628
so,W40p0,9,16,-0.3944736015750663,0.3944736015750663
so,W60p0,1,8,-0.39345027355339607,0.39345027355339607
so,W60p0,1,9,-0.39317537343525727,0.39317537343525727
thetao,W60p0,4,0,0.3926166875227012,0.3926166875227012
so,W30p0,2,17,-0.391667514052804,0.391667514052804
so,W60p0,4,13,-0.39135159607536274,0.39135159607536274
thetao,W40p0,2,6,-0.390917279298443,0.390917279298443
so,W60p0,1,4,-0.38978602120579947,0.38978602120579947
so,W40p0,1,7,-0.389189154851665,0.389189154851665
thetao,W30p0,2,6,-0.38872998631381706,0.38872998631381706
so,W60p0,1,10,-0.3885921625160732,0.3885921625160732
so,W60p0,1,16,-0.3881173981937731,0.3881173981937731
so,W60p0,1,7,-0.3872512988995494,0.3872512988995494
so,W40p0,1,3,-0.3863335170479044,0.3863335170479044
so,W40p0,1,6,-0.38560038857214807,0.38560038857214807
thetao,W60p0,1,4,-0.3848921692157833,0.3848921692157833
thetao,W60p0,1,12,-0.3841433108881768,0.3841433108881768
so,W60p0,4,15,-0.3798759721999811,0.3798759721999811
so,W10p0,4,16,-0.379515589095845,0.379515589095845
thetao,W60p0,7,9,0.37943962273436904,0.37943962273436904
so,W60p0,1,18,-0.37701178071149527,0.37701178071149527
so,W60p0,1,6,-0.3767556577384502,0.3767556577384502
thetao,W10p0,2,3,-0.3758504879707062,0.3758504879707062
so,W20p0,4,13,-0.37573564494591083,0.37573564494591083
thetao,W10p0,1,6,-0.37571123182770116,0.37571123182770116
thetao,W40p0,2,0,-0.37535593143861296,0.37535593143861296
thetao,W20p0,2,10,-0.37502739821973013,0.37502739821973013
so,W60p0,1,5,-0.37442698226590954,0.37442698226590954
thetao,W40p0,5,15,-0.37284921794395426,0.37284921794395426
thetao,W40p0,5,14,-0.3727477692913446,0.3727477692913446
so,W30p0,1,10,-0.3723078883841701,0.3723078883841701
thetao,W60p0,7,10,0.37187027715337495,0.37187027715337495
so,W10p0,7,16,0.3703795218389359,0.3703795218389359
thetao,W60p0,1,18,-0.36951053090758623,0.36951053090758623
thetao,W10p0,1,7,-0.3688177166051901,0.3688177166051901
thetao,W30p0,2,5,-0.3670633671745701,0.3670633671745701
so,W60p0,6,19,-0.36645831050027167,0.36645831050027167
thetao,W40p0,2,2,-0.36587356016749173,0.36587356016749173
so,W60p0,1,11,-0.36492667617645136,0.36492667617645136
so,W40p0,9,15,-0.3645313111414527,0.3645313111414527
so,W20p0,1,8,-0.36349811627262585,0.36349811627262585
so,W10p0,8,17,-0.36215828247118087,0.36215828247118087
thetao,W10p0,2,6,-0.3609092354940398,0.3609092354940398
thetao,W40p0,5,16,-0.35921619240193836,0.35921619240193836
so,W10p0,1,9,-0.3590429155390791,0.3590429155390791
so,W60p0,1,12,-0.3577279989499782,0.3577279989499782
thetao,W10p0,10,20,-0.35613110552460375,0.35613110552460375
thetao,W60p0,7,11,0.35399084947855336,0.35399084947855336
thetao,W40p0,2,1,-0.3516464802367199,0.3516464802367199
thetao,W60p0,1,6,-0.3504331460629027,0.3504331460629027
thetao,W40p0,5,1,-0.3486718004217774,0.3486718004217774
so,W40p0,1,8,-0.34830494144219354,0.34830494144219354
so,W10p0,8,16,-0.3473842263168884,0.3473842263168884
thetao,W10p0,10,17,-0.34705523058920384,0.34705523058920384
so,W30p0,1,11,-0.3465869099062044,0.3465869099062044
so,W20p0,10,17,-0.3462378471326793,0.3462378471326793
so,W40p0,9,17,-0.3459011868715406,0.3459011868715406
so,W60p0,6,12,-0.3457801260132266,0.3457801260132266
thetao,W20p0,2,11,-0.3450651236143614,0.3450651236143614
thetao,W10p0,2,4,-0.34385869809358227,0.34385869809358227
so,W20p0,4,16,-0.3434910377874674,0.3434910377874674
thetao,W10p0,1,8,-0.3433978362157371,0.3433978362157371
thetao,W40p0,2,10,-0.3424751851244264,0.3424751851244264
so,W60p0,1,15,-0.34241474625381646,0.34241474625381646
thetao,W60p0,1,5,-0.3423578531756209,0.3423578531756209
so,W40p0,1,9,-0.3418637037369938,0.3418637037369938
thetao,W40p0,6,19,-0.34088060030660094,0.34088060030660094
thetao,W40p0,5,17,-0.33931851517476597,0.33931851517476597
thetao,W30p0,7,10,-0.33682811049673683,0.33682811049673683
thetao,W30p0,7,11,-0.33554893101406413,0.33554893101406413
thetao,W10p0,9,9,-0.33540614508612815,0.33540614508612815
so,W40p0,9,14,-0.33485646801057395,0.33485646801057395
so,W30p0,8,14,-0.3345003551410031,0.3345003551410031
so,W10p0,4,15,-0.3333000028123155,0.3333000028123155
thetao,W10p0,1,4,-0.33325079691419535,0.33325079691419535
so,W10p0,8,15,-0.3330148486351691,0.3330148486351691
so,W10p0,8,18,-0.3327337923034845,0.3327337923034845
thetao,W30p0,2,0,-0.3327056729164353,0.3327056729164353
thetao,W60p0,1,16,-0.33260646513676584,0.33260646513676584
thetao,W10p0,7,19,0.33225875517843245,0.33225875517843245
thetao,W40p0,1,16,-0.33179336794973396,0.33179336794973396
so,W60p0,1,19,-0.3316558684401999,0.3316558684401999
thetao,W30p0,7,12,-0.33148041686544316,0.33148041686544316
thetao,W60p0,4,5,0.33128911473428746,0.33128911473428746
thetao,W10p0,2,2,-0.3309697709312073,0.3309697709312073
thetao,W10p0,10,18,-0.3296670301681461,0.3296670301681461
thetao,W10p0,2,18,0.32935062368119594,0.32935062368119594
so,W40p0,9,13,-0.3289850881612523,0.3289850881612523
so,W40p0,1,15,-0.3285248722004445,0.3285248722004445
so,W10p0,9,20,0.3278828745230691,0.3278828745230691
thetao,W40p0,5,18,-0.32774012676247005,0.32774012676247005
thetao,W30p0,2,1,-0.3275214736986947,0.3275214736986947
thetao,W60p0,8,15,0.32734246920100435,0.32734246920100435
so,W40p0,7,14,-0.32647544984737303,0.32647544984737303
thetao,W60p0,4,1,0.3262951554186227,0.3262951554186227
thetao,W30p0,5,19,-0.32612653221843874,0.32612653221843874
so,W30p0,2,19,-0.32607739711778505,0.32607739711778505
so,W60p0,6,11,-0.32585542991388355,0.32585542991388355
so,W60p0,1,13,-0.32550052719823364,0.32550052719823364
so,W30p0,4,10,-0.32522662017541326,0.32522662017541326
thetao,W10p0,2,5,-0.3251825047143285,0.3251825047143285
thetao,W20p0,2,12,-0.3250733673331874,0.3250733673331874
thetao,W10p0,9,8,-0.3249610692712511,0.3249610692712511
so,W20p0,1,9,-0.32463041435991946,0.32463041435991946
thetao,W40p0,10,11,0.32446918177023526,0.32446918177023526
so,W10p0,6,14,0.32336210959602363,0.32336210959602363
thetao,W10p0,1,0,-0.3232668638057306,0.3232668638057306
so,W60p0,6,13,-0.3222585290489339,0.3222585290489339
so,W10p0,9,19,0.3222268258020045,0.3222268258020045
so,W20p0,4,17,-0.321874547478468,0.321874547478468
thetao,W40p0,5,13,-0.3215862606663322,0.3215862606663322
thetao,W10p0,2,0,-0.321341379892871,0.321341379892871
thetao,W40p0,6,20,-0.3206053003213195,0.3206053003213195
thetao,W60p0,4,6,0.31816381768683005,0.31816381768683005
thetao,W20p0,7,19,0.3179268328637319,0.3179268328637319
so,W40p0,9,12,-0.3173649584068489,0.3173649584068489
so,W20p0,10,18,-0.31716599134175855,0.31716599134175855
so,W30p0,2,16,-0.3170839556789658,0.3170839556789658
thetao,W10p0,9,10,-0.31707645297330084,0.31707645297330084
thetao,W60p0,8,16,0.31695245543057604,0.31695245543057604
so,W40p0,1,14,-0.3164892913942205,0.3164892913942205
thetao,W40p0,7,7,0.3164677088751728,0.3164677088751728
thetao,W60p0,1,13,-0.31463574113118203,0.31463574113118203
thetao,W40p0,9,18,0.31457637455997023,0.31457637455997023
so,W10p0,7,20,0.3139858727798211,0.3139858727798211
thetao,W10p0,9,11,-0.3131517965514363,0.3131517965514363
so,W60p0,1,14,-0.31259475283074717,0.31259475283074717
so,W40p0,7,13,-0.31259141855758366,0.31259141855758366
thetao,W60p0,8,14,0.3123471332059474,0.3123471332059474
so,W10p0,4,17,-0.31233898507604335,0.31233898507604335
thetao,W20p0,9,19,0.3122108814763925,0.3122108814763925
so,W40p0,1,10,-0.3121939045360128,0.3121939045360128
thetao,W40p0,2,12,-0.3116576891162195,0.3116576891162195
so,W60p0,6,14,-0.3114688336599208,0.3114688336599208
thetao,W20p0,4,19,-0.31142260979186026,0.31142260979186026
thetao,W10p0,1,9,-0.31101785030141904,0.31101785030141904
so,W40p0,1,11,-0.31055558950033296,0.31055558950033296
thetao,W40p0,2,11,-0.31046126947706665,0.31046126947706665
so,W40p0,8,15,-0.3104175859904261,0.3104175859904261
thetao,W10p0,10,19,-0.31035676743712254,0.31035676743712254
thetao,W10p0,2,1,-0.3103309523385419,0.3103309523385419
so,W40p0,3,3,-0.3099233114390409,0.3099233114390409
so,W10p0,1,10,-0.3097747416592815,0.3097747416592815
so,W30p0,2,14,-0.3097584188768951,0.3097584188768951
so,W30p0,4,12,-0.3093948183811552,0.3093948183811552
so,W30p0,9,12,0.30933275865714405,0.30933275865714405
so,W40p0,1,12,-0.30833746268952267,0.30833746268952267
thetao,W30p0,5,0,-0.30831111789666205,0.30831111789666205
thetao,W40p0,5,11,-0.308297968520909,0.308297968520909
so,W10p0,9,17,0.30806723607463005,0.30806723607463005
so,W30p0,2,15,-0.30672905750427254,0.30672905750427254
thetao,W20p0,9,20,0.3067070251384357,0.3067070251384357
thetao,W30p0,7,19,-0.3065567677943828,0.3065567677943828
thetao,W40p0,1,0,-0.3062505938600271,0.3062505938600271
thetao,W30p0,7,0,-0.3061006868244508,0.3061006868244508
so,W20p0,4,12,-0.3059067812425329,0.3059067812425329
thetao,W60p0,5,9,-0.3058757781445646,0.3058757781445646
thetao,W30p0,5,18,-0.3057571061232837,0.3057571061232837
so,W10p0,6,15,0.30569153497431845,0.30569153497431845
so,W30p0,4,11,-0.30552926486549165,0.30552926486549165
so,W40p0,9,11,-0.30549132464187734,0.30549132464187734
so,W20p0,10,16,-0.30539339442237945,0.30539339442237945
thetao,W40p0,5,2,-0.30530690939437627,0.30530690939437627
thetao,W40p0,1,15,-0.3047956745196104,0.3047956745196104
thetao,W30p0,7,13,-0.3045967008665012,0.3045967008665012
so,W40p0,10,15,0.30433582654970803,0.30433582654970803
so,W40p0,6,20,-0.30381544705415486,0.30381544705415486
so,W20p0,10,15,-0.3036974113830211,0.3036974113830211
thetao,W30p0,7,9,-0.30361415677732617,0.30361415677732617
so,W10p0,7,15,0.3034558182072677,0.3034558182072677
so,W20p0,1,10,-0.30342747939111736,0.30342747939111736
thetao,W40p0,7,8,0.3034198485344667,0.3034198485344667
thetao,W10p0,1,1,-0.30228375560957155,0.30228375560957155
so,W60p0,6,10,-0.3022178674301726,0.3022178674301726
thetao,W60p0,7,8,0.3018468018331048,0.3018468018331048
thetao,W20p0,4,18,-0.30167010083361634,0.30167010083361634
so,W10p0,9,18,0.30155551675729914,0.30155551675729914
thetao,W60p0,1,19,-0.30136289457277177,0.30136289457277177
thetao,W10p0,2,19,0.29993223264481267,0.29993223264481267
so,W60p0,6,9,-0.2997832025954174,0.2997832025954174
thetao,W10p0,2,7,-0.29972484965235763,0.29972484965235763
so,W30p0,1,12,-0.29907530925129766,0.29907530925129766
so,W40p0,1,13,-0.29814293965486566,0.29814293965486566
thetao,W60p0,2,19,-0.29810436414263486,0.29810436414263486
so,W30p0,5,20,-0.2980165270186397,0.2980165270186397
so,W40p0,9,18,-0.2977574769121041,0.2977574769121041
so,W10p0,8,19,-0.2976748934118764,0.2976748934118764
thetao,W40p0,10,10,0.29691422194691924,0.29691422194691924
thetao,W40p0,5,0,-0.2960040195660454,0.2960040195660454
thetao,W40p0,1,17,-0.2957780186527729,0.2957780186527729
so,W60p0,1,20,-0.2957150045680172,0.2957150045680172
so,W40p0,10,16,0.29544521679488517,0.29544521679488517
thetao,W30p0,3,15,0.2950133301465722,0.2950133301465722
thetao,W60p0,7,18,0.2949758992570754,0.2949758992570754
thetao,W10p0,9,7,-0.2948522888126307,0.2948522888126307
so,W10p0,3,18,0.29477532141547,0.29477532141547
so,W30p0,8,0,-0.2939814407083536,0.2939814407083536
thetao,W30p0,2,10,-0.2935357547435218,0.2935357547435218
thetao,W10p0,6,1,-0.29351115219990737,0.29351115219990737
so,W10p0,8,20,-0.2930361233964234,0.2930361233964234
thetao,W30p0,4,5,0.29230280436452505,0.29230280436452505
thetao,W10p0,1,10,-0.2922877372804335,0.2922877372804335
so,W30p0,4,13,-0.29186275763956104,0.29186275763956104
thetao,W10p0,10,16,-0.29185462738322,0.29185462738322
thetao,W40p0,6,18,-0.29160459205520484,0.29160459205520484
thetao,W30p0,7,20,-0.29135811311194354,0.29135811311194354
so,W40p0,9,20,-0.29134636234059713,0.29134636234059713
thetao,W40p0,5,12,-0.2911000270137952,0.2911000270137952
thetao,W10p0,3,7,0.2899133972780125,0.2899133972780125
so,W60p0,10,17,0.2897740909349508,0.2897740909349508
so,W30p0,8,15,-0.2886487701657496,0.2886487701657496
so,W40p0,9,19,-0.2882352880609672,0.2882352880609672
so,W40p0,3,2,-0.28785166678994956,0.28785166678994956
so,W40p0,1,16,-0.28775502372208467,0.28775502372208467
thetao,W40p0,5,10,-0.28763152206096554,0.28763152206096554
thetao,W10p0,7,18,0.2869757728924288,0.2869757728924288
so,W60p0,6,15,-0.2861052205106714,0.2861052205106714
so,W60p0,3,18,0.28534453242434205,0.28534453242434205
so,W60p0,6,18,-0.284717826047126,0.284717826047126
so,W20p0,3,19,-0.2846184716868544,0.2846184716868544
so,W40p0,10,17,0.2843836503199875,0.2843836503199875
thetao,W60p0,5,10,-0.2839192568184197,0.2839192568184197
so,W20p0,6,16,0.2838912677890577,0.2838912677890577
so,W30p0,5,19,-0.28382816039689224,0.28382816039689224
thetao,W60p0,7,20,0.28345101496288444,0.28345101496288444
thetao,W30p0,7,14,-0.2830484432556208,0.2830484432556208
thetao,W30p0,7,1,-0.28248089701697693,0.28248089701697693
so,W40p0,10,13,0.28184302928913574,0.28184302928913574
thetao,W30p0,6,18,-0.2817115562289196,0.2817115562289196
so,W60p0,4,12,-0.2801908627880403,0.2801908627880403
thetao,W20p0,8,20,-0.28016445661935513,0.28016445661935513
thetao,W60p0,5,8,-0.280067784529627,0.280067784529627
thetao,W40p0,10,12,0.2798683429460839,0.2798683429460839
thetao,W30p0,7,2,-0.2798572266634841,0.2798572266634841
thetao,W30p0,5,2,-0.27884406980060156,0.27884406980060156
thetao,W20p0,7,18,0.27797058352409315,0.27797058352409315
thetao,W40p0,5,19,-0.27773856345840725,0.27773856345840725
thetao,W60p0,2,18,-0.2775502394715439,0.2775502394715439
so,W10p0,9,16,0.27740441239137525,0.27740441239137525
thetao,W10p0,7,20,0.2765622227335642,0.2765622227335642
thetao,W10p0,3,8,0.2765199667719783,0.2765199667719783
so,W20p0,1,11,-0.2764544391827246,0.2764544391827246
so,W40p0,8,16,-0.2761669095660125,0.2761669095660125
so,W40p0,3,4,-0.27598294358398295,0.27598294358398295
thetao,W60p0,9,3,0.2755809076964036,0.2755809076964036
thetao,W60p0,1,15,-0.27543623770065134,0.27543623770065134
thetao,W20p0,1,7,0.27512837597112927,0.27512837597112927
so,W60p0,4,16,-0.27481061989589217,0.27481061989589217
so,W40p0,7,12,-0.2746956410711119,0.2746956410711119
thetao,W40p0,9,19,0.27464469259451907,0.27464469259451907
so,W40p0,3,6,-0.27441559706084767,0.27441559706084767
thetao,W10p0,1,11,-0.273846294766926,0.273846294766926
so,W10p0,4,10,-0.2736838476235673,0.2736838476235673
thetao,W10p0,1,3,-0.27366539293014713,0.27366539293014713
thetao,W30p0,5,3,-0.272869948034318,0.272869948034318
so,W20p0,6,18,0.27275715587708865,0.27275715587708865
thetao,W60p0,7,19,0.2719553365226313,0.2719553365226313
thetao,W30p0,6,15,-0.27143989996113954,0.27143989996113954
so,W10p0,3,19,0.27123168278323306,0.27123168278323306
so,W30p0,8,13,-0.27063565293777003,0.27063565293777003
thetao,W30p0,7,3,-0.27032636040684294,0.27032636040684294
thetao,W30p0,6,19,-0.27006892416520223,0.27006892416520223
thetao,W40p0,10,19,0.26992610198265754,0.26992610198265754
thetao,W40p0,1,1,-0.26951031615557625,0.26951031615557625
thetao,W60p0,1,14,-0.2692766726703018,0.2692766726703018
thetao,W20p0,7,20,0.2690771257018752,0.2690771257018752
so,W30p0,9,11,0.26903477114800783,0.26903477114800783
so,W30p0,8,1,-0.26867356931922004,0.26867356931922004
so,W20p0,3,18,-0.26856142552740464,0.26856142552740464
thetao,W20p0,2,13,-0.26832814768544516,0.26832814768544516
so,W10p0,2,0,-0.26817744060901455,0.26817744060901455
thetao,W60p0,8,13,0.2678517090929522,0.2678517090929522
thetao,W10p0,1,2,-0.267747983027645,0.267747983027645
thetao,W30p0,7,18,-0.26763042666198095,0.26763042666198095
so,W10p0,3,17,0.2674803064306062,0.2674803064306062
so,W40p0,8,14,-0.26726630718101735,0.26726630718101735
so,W40p0,3,13,-0.26692072807450873,0.26692072807450873
thetao,W60p0,5,0,-0.26684389719150636,0.26684389719150636
so,W10p0,4,9,-0.26667533703881874,0.26667533703881874
so,W10p0,10,7,-0.266449640966689,0.266449640966689
thetao,W30p0,6,17,-0.26624390705119233,0.26624390705119233
so,W60p0,6,6,-0.265619551334689,0.265619551334689
thetao,W30p0,6,16,-0.265543034320634,0.265543034320634
so,W10p0,1,11,-0.26543880667655223,0.26543880667655223
thetao,W60p0,8,20,0.26522120738622085,0.26522120738622085
thetao,W40p0,7,1,0.2651934372261803,0.2651934372261803
so,W10p0,5,0,0.2651472924592812,0.2651472924592812
so,W30p0,8,20,-0.2649425550810169,0.2649425550810169
thetao,W30p0,1,18,-0.2648946363080873,0.2648946363080873
thetao,W60p0,9,1,0.264785498442472,0.264785498442472
so,W40p0,3,5,-0.26470405126364277,0.26470405126364277
so,W20p0,3,20,-0.26429876622369475,0.26429876622369475
thetao,W30p0,1,19,-0.2640264489551492,0.2640264489551492
thetao,W10p0,6,0,-0.2637045642783853,0.2637045642783853
so,W60p0,5,20,0.26335085671829156,0.26335085671829156
so,W20p0,10,14,-0.26321021052589066,0.26321021052589066
so,W20p0,3,17,-0.26292190592602227,0.26292190592602227
thetao,W40p0,7,9,0.2625717650123883,0.2625717650123883
so,W40p0,10,14,0.262206702063434,0.262206702063434
so,W40p0,9,8,-0.26215425152776567,0.26215425152776567
thetao,W30p0,2,11,-0.2620325366434912,0.2620325366434912
so,W40p0,9,9,-0.26195219064296643,0.26195219064296643
so,W10p0,4,8,-0.2619358278956943,0.2619358278956943
thetao,W30p0,3,16,0.2613669471021088,0.2613669471021088
thetao,W60p0,7,12,0.26037865325994086,0.26037865325994086
thetao,W40p0,10,18,0.25954705853991694,0.25954705853991694
so,W40p0,9,7,-0.2593841304276722,0.2593841304276722
so,W60p0,6,16,-0.2589697297272756,0.2589697297272756
so,W60p0,10,11,0.25890359926413775,0.25890359926413775
so,W40p0,5,17,0.25855872297984744,0.25855872297984744
thetao,W60p0,9,6,0.2578730224229007,0.2578730224229007
thetao,W40p0,5,20,-0.25775656228353255,0.25775656228353255
thetao,W60p0,4,4,0.25755698814362,0.25755698814362
so,W60p0,10,10,0.2563379345307831,0.2563379345307831
thetao,W60p0,9,2,0.25631104622922474,0.25631104622922474
thetao,W40p0,6,0,-0.25628363678397387,0.25628363678397387
so,W30p0,8,18,-0.2561358585798525,0.2561358585798525
so,W30p0,8,19,-0.25576332514503264,0.25576332514503264
so,W40p0,1,17,-0.2550078191259675,0.2550078191259675
thetao,W10p0,1,12,-0.2549168741868704,0.2549168741868704
so,W60p0,4,7,-0.2543611807952014,0.2543611807952014
so,W20p0,10,19,-0.2535063106265408,0.2535063106265408
thetao,W40p0,9,17,0.25299625646120544,0.25299625646120544
thetao,W30p0,4,1,0.25172612326477545,0.25172612326477545
so,W10p0,4,11,-0.2517117714950499,0.2517117714950499
so,W60p0,5,3,0.2515817565694328,0.2515817565694328
so,W20p0,10,20,-0.25136181125143486,0.25136181125143486
so,W20p0,4,18,-0.25079240538964925,0.25079240538964925
thetao,W60p0,7,17,0.25062632637312,0.25062632637312
thetao,W20p0,7,15,0.2503275604723481,0.2503275604723481
so,W60p0,6,8,-0.2502020380906711,0.2502020380906711
so,W20p0,9,18,0.24924247967289329,0.24924247967289329
thetao,W30p0,5,1,-0.24850793599601337,0.24850793599601337
thetao,W40p0,10,9,0.24798796756283842,0.24798796756283842
thetao,W10p0,9,6,-0.24743749932098968,0.24743749932098968
so,W20p0,6,17,0.24738700324191923,0.24738700324191923
thetao,W20p0,8,19,-0.24721039703491138,0.24721039703491138
so,W60p0,6,7,-0.24680779492817054,0.24680779492817054
thetao,W60p0,9,4,0.2465684459118691,0.2465684459118691
thetao,W10p0,3,9,0.24600709459175407,0.24600709459175407
thetao,W60p0,5,17,-0.2452866445592972,0.2452866445592972
so,W30p0,2,20,-0.2450283850848971,0.2450283850848971
thetao,W10p0,2,17,0.24499634202976037,0.24499634202976037
so,W40p0,8,17,-0.24461968356662558,0.24461968356662558
so,W60p0,10,18,0.24454631981042083,0.24454631981042083
so,W40p0,3,9,-0.24427863865044186,0.24427863865044186
thetao,W60p0,4,2,0.24414568364830624,0.24414568364830624
so,W40p0,9,10,-0.24378597772734215,0.24378597772734215
so,W40p0,6,19,-0.24339942679916182,0.24339942679916182
so,W60p0,6,5,-0.2425984085162764,0.2425984085162764
thetao,W60p0,5,1,-0.2424101297600991,0.2424101297600991
so,W60p0,6,4,-0.24238843990071993,0.24238843990071993
so,W30p0,7,2,-0.24237597268206626,0.24237597268206626
so,W30p0,5,18,-0.24227245065127165,0.24227245065127165
so,W30p0,4,1,-0.2421051396188373,0.2421051396188373
so,W10p0,4,13,-0.24167847213863877,0.24167847213863877
so,W20p0,4,7,-0.2416531253253509,0.2416531253253509
so,W20p0,5,0,-0.24138563024241835,0.24138563024241835
so,W40p0,3,12,-0.24138143421317934,0.24138143421317934
thetao,W20p0,7,14,0.2409368783918962,0.2409368783918962
so,W40p0,10,12,0.24087264184904622,0.24087264184904622
thetao,W60p0,5,18,-0.24054571680254305,0.24054571680254305
thetao,W60p0,4,14,0.24035330719722145,0.24035330719722145
so,W10p0,3,20,0.24030111277015614,0.24030111277015614
thetao,W20p0,8,1,0.2401456276258079,0.2401456276258079
so,W20p0,6,19,0.2396871863936917,0.2396871863936917
so,W10p0,4,14,-0.2396687776429768,0.2396687776429768
thetao,W20p0,8,0,0.23963795984107233,0.23963795984107233
so,W20p0,8,12,0.23961129080583302,0.23961129080583302
so,W40p0,10,10,0.23945560137349262,0.23945560137349262
thetao,W40p0,2,13,-0.2394317419337355,0.2394317419337355
thetao,W40p0,5,6,-0.23914190761956752,0.23914190761956752
so,W10p0,5,1,0.2391065825063279,0.2391065825063279
so,W30p0,2,13,-0.23888516360495965,0.23888516360495965
thetao,W40p0,5,8,-0.23857457010724248,0.23857457010724248
so,W60p0,5,2,0.23845109172981085,0.23845109172981085
thetao,W30p0,2,12,-0.2374172660552664,0.2374172660552664
so,W10p0,3,16,0.23731500668333258,0.23731500668333258
thetao,W20p0,2,15,-0.23677302662529867,0.23677302662529867
thetao,W20p0,2,14,-0.23675239199356973,0.23675239199356973
so,W40p0,7,15,-0.23636019485953513,0.23636019485953513
so,W40p0,3,8,-0.23607622500933317,0.23607622500933317
thetao,W30p0,6,20,-0.23595848221021454,0.23595848221021454
so,W20p0,3,16,-0.23593532033503833,0.23593532033503833
so,W20p0,4,6,-0.2359244388809835,0.2359244388809835
so,W10p0,4,12,-0.23562926563679118,0.23562926563679118
thetao,W60p0,1,20,-0.23559624905340631,0.23559624905340631
thetao,W60p0,6,9,-0.235154031034582,0.235154031034582
so,W10p0,6,16,0.23509430521572075,0.23509430521572075
thetao,W30p0,7,4,-0.23489070610221782,0.23489070610221782
so,W30p0,4,5,-0.23476341855226285,0.23476341855226285
so,W20p0,4,8,-0.23474386725711807,0.23474386725711807
so,W10p0,10,0,-0.2345532707022601,0.2345532707022601
thetao,W60p0,5,11,-0.23437274926760143,0.23437274926760143
thetao,W30p0,7,15,-0.23422805718103115,0.23422805718103115
so,W40p0,3,7,-0.23369649296248082,0.23369649296248082
so,W40p0,3,10,-0.23331846833332467,0.23331846833332467
so,W10p0,6,13,0.2332688280094099,0.2332688280094099
so,W60p0,6,17,-0.2331554346151625,0.2331554346151625
so,W40p0,4,20,-0.23237067279512724,0.23237067279512724
so,W40p0,10,11,0.23196424797977824,0.23196424797977824
thetao,W20p0,1,8,0.23149943242539642,0.23149943242539642
so,W30p0,8,16,-0.23148252016311147,0.23148252016311147
thetao,W10p0,6,2,-0.23134659412627567,0.23134659412627567
so,W30p0,9,13,0.23116589163495713,0.23116589163495713
thetao,W60p0,8,17,0.23099512010388007,0.23099512010388007
so,W20p0,8,11,0.230452509843306,0.230452509843306
so,W60p0,7,5,0.23026360508335106,0.23026360508335106
thetao,W10p0,1,13,-0.2301530441598087,0.2301530441598087
so,W60p0,10,8,0.23010762503964977,0.23010762503964977
so,W60p0,10,9,0.23005898819293746,0.23005898819293746
so,W30p0,5,17,-0.22989468244300545,0.22989468244300545
so,W10p0,1,12,-0.22981147118195724,0.22981147118195724
so,W60p0,3,17,0.22928946169007325,0.22928946169007325
thetao,W40p0,7,0,0.22914227609491833,0.22914227609491833
thetao,W60p0,6,8,-0.22888594273862925,0.22888594273862925
thetao,W30p0,7,8,-0.2288617655431909,0.2288617655431909
so,W10p0,3,9,0.22864197312548604,0.22864197312548604
so,W30p0,8,17,-0.22834542654784312,0.22834542654784312
thetao,W40p0,5,9,-0.22803470013202137,0.22803470013202137
thetao,W40p0,10,13,0.22786408908113628,0.22786408908113628
so,W10p0,3,10,0.2274811989530254,0.2274811989530254
so,W20p0,4,9,-0.2274685538149863,0.2274685538149863
so,W20p0,10,2,-0.2272867869413688,0.2272867869413688
so,W60p0,5,19,0.22722525099139654,0.22722525099139654
so,W20p0,9,19,0.2270846738262412,0.2270846738262412
thetao,W40p0,10,17,0.2270705507410909,0.2270705507410909
so,W30p0,4,9,-0.2270096531381109,0.2270096531381109
thetao,W60p0,2,2,0.22685379678865042,0.22685379678865042
so,W20p0,4,11,-0.22681331587531162,0.22681331587531162
thetao,W40p0,7,10,0.2267949421813669,0.2267949421813669
so,W60p0,5,18,0.22661913499335445,0.22661913499335445
thetao,W30p0,7,7,-0.2264562154237516,0.2264562154237516
so,W20p0,6,15,0.22609961282419969,0.22609961282419969
thetao,W40p0,6,17,-0.2256916980100247,0.2256916980100247
thetao,W60p0,7,2,0.225666686312854,0.225666686312854
so,W40p0,3,11,-0.22498434995302202,0.22498434995302202
thetao,W30p0,1,0,-0.22447063718733526,0.22447063718733526
thetao,W10p0,1,14,-0.22444104594881054,0.22444104594881054
thetao,W30p0,3,14,0.2243605362863525,0.2243605362863525
so,W30p0,4,14,-0.22432083214759113,0.22432083214759113
so,W30p0,7,1,-0.2241582256077537,0.2241582256077537
so,W60p0,4,8,-0.22410791228240684,0.22410791228240684
so,W60p0,3,19,0.22388258755943194,0.22388258755943194
so,W40p0,10,9,0.22379359720147018,0.22379359720147018
thetao,W10p0,3,2,0.22358822901919462,0.22358822901919462
thetao,W60p0,4,7,0.22294986600880154,0.22294986600880154
so,W20p0,4,5,-0.22232930537156742,0.22232930537156742
thetao,W30p0,10,2,-0.22223610734422006,0.22223610734422006
thetao,W20p0,8,12,-0.22133111356052912,0.22133111356052912
so,W60p0,10,16,0.22129493886877397,0.22129493886877397
so,W10p0,2,1,-0.221144383891527,0.221144383891527
thetao,W40p0,10,15,0.22111067725969002,0.22111067725969002
so,W40p0,5,4,-0.22058529453133613,0.22058529453133613
so,W30p0,8,4,-0.2205685405547853,0.2205685405547853
so,W30p0,4,0,-0.22055984930143552,0.22055984930143552
thetao,W30p0,5,20,-0.22053334341002884,0.22053334341002884
so,W20p0,6,14,0.22035632987737308,0.22035632987737308
thetao,W20p0,9,18,0.2202267698143715,0.2202267698143715
thetao,W60p0,9,5,0.21958346736353684,0.21958346736353684
thetao,W30p0,4,6,0.21950111903666247,0.21950111903666247
thetao,W20p0,6,7,0.21902920648851132,0.21902920648851132
so,W30p0,3,16,0.21885686474481367,0.21885686474481367
thetao,W10p0,2,8,-0.21865344044764298,0.21865344044764298
thetao,W60p0,9,17,-0.21824995116573462,0.21824995116573462
so,W40p0,2,16,0.21814952459583006,0.21814952459583006
thetao,W30p0,5,11,-0.21810150688157182,0.21810150688157182
thetao,W20p0,7,12,0.21749622915059577,0.21749622915059577
thetao,W20p0,8,16,-0.21744110826026297,0.21744110826026297
so,W30p0,8,5,-0.21674670076099486,0.21674670076099486
so,W30p0,3,15,0.21650050424219994,0.21650050424219994
thetao,W60p0,2,20,-0.21604100509187107,0.21604100509187107
thetao,W10p0,9,15,-0.21599335783149792,0.21599335783149792
so,W40p0,3,1,-0.21584328057481636,0.21584328057481636
thetao,W30p0,5,10,-0.21540802804199516,0.21540802804199516
so,W40p0,5,3,-0.2150894471704226,0.2150894471704226
so,W20p0,3,15,-0.21492156783757557,0.21492156783757557
so,W20p0,1,12,-0.2149163999568269,0.2149163999568269
thetao,W60p0,4,15,0.21477546568700326,0.21477546568700326
so,W40p0,5,18,0.21442255558793952,0.21442255558793952
so,W40p0,4,11,0.21422038065525023,0.21422038065525023
thetao,W30p0,1,17,-0.21410602717024294,0.21410602717024294
thetao,W30p0,3,7,0.21409688906195382,0.21409688906195382
thetao,W40p0,1,18,-0.21384277599355958,0.21384277599355958
so,W30p0,8,2,-0.21379461140593822,0.21379461140593822
so,W10p0,3,11,0.21322808500254933,0.21322808500254933
so,W60p0,10,12,0.21283509166289608,0.21283509166289608
thetao,W60p0,7,13,0.2126788010495193,0.2126788010495193
thetao,W10p0,1,15,-0.21262259540633208,0.21262259540633208
so,W20p0,6,20,0.2122862252280343,0.2122862252280343
thetao,W60p0,7,7,0.2122661196106188,0.2122661196106188
so,W10p0,10,6,-0.21206146121170308,0.21206146121170308
thetao,W20p0,2,20,-0.2118173942241101,0.2118173942241101
so,W20p0,4,10,-0.21115568177728994,0.21115568177728994
thetao,W10p0,9,12,-0.21083036882096098,0.21083036882096098
thetao,W40p0,1,2,-0.21062774057996225,0.21062774057996225
thetao,W30p0,5,12,-0.210584541749091,0.210584541749091
thetao,W60p0,8,12,0.21036610401734665,0.21036610401734665
so,W20p0,2,3,-0.21030822772291588,0.21030822772291588
so,W30p0,5,16,-0.2102259411824018,0.2102259411824018
thetao,W20p0,2,16,-0.21009473855763414,0.21009473855763414
thetao,W60p0,9,7,0.21000278899727276,0.21000278899727276
so,W40p0,5,14,0.20975150402791512,0.20975150402791512
thetao,W30p0,6,14,-0.2094303141848326,0.2094303141848326
thetao,W40p0,6,1,-0.20942528992179318,0.20942528992179318
so,W60p0,7,4,0.20930368848867414,0.20930368848867414
thetao,W60p0,5,13,-0.2091080698728401,0.2091080698728401
thetao,W20p0,9,17,0.20892487506152785,0.20892487506152785
so,W40p0,10,18,0.20872865328879614,0.20872865328879614
so,W60p0,10,13,0.2085997846697781,0.2085997846697781
so,W30p0,1,13,-0.20852468121292755,0.20852468121292755
thetao,W30p0,5,4,-0.20845675639311853,0.20845675639311853
so,W30p0,5,15,-0.20822583597416525,0.20822583597416525
so,W20p0,10,3,-0.20790466107642952,0.20790466107642952
so,W60p0,8,9,-0.20783557507155165,0.20783557507155165
so,W20p0,10,1,-0.20761329997550637,0.20761329997550637
thetao,W60p0,3,3,-0.20755073422297812,0.20755073422297812
thetao,W40p0,6,4,-0.20732228239624795,0.20732228239624795
so,W10p0,8,14,-0.20715455263084478,0.20715455263084478
thetao,W40p0,10,16,0.20641070038418066,0.20641070038418066
so,W40p0,8,13,-0.2061653800914511,0.2061653800914511
thetao,W60p0,8,7,0.20607326622866928,0.20607326622866928
thetao,W40p0,7,2,0.20592036601649205,0.20592036601649205
so,W20p0,10,5,-0.20555256764124952,0.20555256764124952
so,W40p0,10,8,0.20552131902386633,0.20552131902386633
so,W60p0,4,6,-0.20519405297354337,0.20519405297354337
so,W20p0,2,4,-0.20513326552210073,0.20513326552210073
thetao,W60p0,7,3,0.2051149512933167,0.2051149512933167
so,W40p0,5,15,0.20498276834840357,0.20498276834840357
thetao,W30p0,7,17,-0.20483920625149477,0.20483920625149477
thetao,W60p0,5,12,-0.204736932932138,0.204736932932138
thetao,W60p0,6,10,-0.20450974740397973,0.20450974740397973
thetao,W20p0,8,13,-0.20410621304042975,0.20410621304042975
so,W20p0,7,2,-0.20363934305893294,0.20363934305893294
thetao,W10p0,3,16,0.2033699610728351,0.2033699610728351
thetao,W30p0,7,16,-0.20328071155733116,0.20328071155733116
thetao,W30p0,8,5,0.2031712010967124,0.2031712010967124
so,W20p0,8,10,0.20307637285615834,0.20307637285615834
thetao,W20p0,1,9,0.20277832620614883,0.20277832620614883
thetao,W10p0,4,6,0.20263659136600884,0.20263659136600884
so,W10p0,9,15,0.20230352693118417,0.20230352693118417
thetao,W40p0,5,7,-0.20223537746460854,0.20223537746460854
thetao,W20p0,8,17,-0.2022163132955837,0.2022163132955837
thetao,W60p0,6,7,-0.20215255330695853,0.20215255330695853
thetao,W60p0,9,16,-0.2016249643298956,0.2016249643298956
thetao,W10p0,4,7,0.20145191125635908,0.20145191125635908
thetao,W10p0,1,20,-0.20145189012858783,0.20145189012858783
so,W60p0,8,5,-0.20118630692036188,0.20118630692036188
thetao,W40p0,10,20,0.20101662159022737,0.20101662159022737
so,W60p0,6,3,-0.2009585796173372,0.2009585796173372
thetao,W60p0,5,3,-0.20071544204773403,0.20071544204773403
thetao,W20p0,7,11,0.20044712548299734,0.20044712548299734
thetao,W60p0,5,7,-0.20015276912202598,0.20015276912202598
thetao,W40p0,1,14,-0.1999886816057735,0.1999886816057735
so,W20p0,4,19,-0.19978485506064303,0.19978485506064303
thetao,W40p0,10,5,0.1993921955524518,0.1993921955524518
thetao,W20p0,7,10,0.19939001287068814,0.19939001287068814
so,W20p0,8,16,0.19935770352628845,0.19935770352628845
so,W10p0,4,18,-0.19931267289848661,0.19931267289848661
so,W30p0,4,19,-0.19930070582749837,0.19930070582749837
thetao,W10p0,3,18,0.1991732985303266,0.1991732985303266
so,W60p0,5,11,0.19905697046814122,0.19905697046814122
so,W20p0,2,5,-0.1989064676178232,0.1989064676178232
so,W60p0,10,15,0.1988014707137293,0.1988014707137293
thetao,W40p0,7,6,0.19823887988891606,0.19823887988891606
so,W20p0,10,13,-0.19823536440971423,0.19823536440971423
thetao,W10p0,3,19,0.1981272884806829,0.1981272884806829
thetao,W10p0,4,18,-0.19809901492144708,0.19809901492144708
thetao,W20p0,1,6,0.19796286938770785,0.19796286938770785
so,W20p0,7,3,-0.19784210182755096,0.19784210182755096
thetao,W10p0,7,0,0.19782400089652286,0.19782400089652286
thetao,W40p0,10,7,0.19769214927852907,0.19769214927852907
so,W60p0,10,19,0.19767200669686677,0.19767200669686677
so,W60p0,5,0,0.1974537540554443,0.1974537540554443
so,W10p0,6,12,0.19730564849449186,0.19730564849449186
thetao,W30p0,4,14,0.1967735457342691,0.1967735457342691
thetao,W20p0,1,3,0.19651890786962017,0.19651890786962017
thetao,W60p0,7,1,0.1964549391524712,0.1964549391524712
thetao,W10p0,9,5,-0.19644380334817843,0.19644380334817843
thetao,W60p0,2,17,-0.1960264357822463,0.1960264357822463
thetao,W40p0,6,3,-0.19598993820432203,0.19598993820432203
so,W60p0,5,1,0.1955539922785109,0.1955539922785109
so,W40p0,2,17,0.19538287348665576,0.19538287348665576
thetao,W10p0,7,9,0.19523515115530285,0.19523515115530285
so,W40p0,3,0,-0.1946295740789997,0.1946295740789997
so,W10p0,2,2,-0.19459946983204418,0.19459946983204418
so,W40p0,9,6,-0.19440916774723258,0.19440916774723258
thetao,W10p0,4,19,-0.19433624225536605,0.19433624225536605
so,W20p0,10,4,-0.19423514491518662,0.19423514491518662
thetao,W60p0,9,8,0.19422445367665775,0.19422445367665775
thetao,W20p0,7,16,0.19419476510895167,0.19419476510895167
so,W40p0,5,16,0.19402315075702298,0.19402315075702298
thetao,W10p0,9,16,-0.19401250704526465,0.19401250704526465
so,W40p0,10,5,0.1940091186324693,0.1940091186324693
thetao,W20p0,8,15,-0.19383452195647222,0.19383452195647222
thetao,W40p0,5,3,-0.19376395995194653,0.19376395995194653
so,W40p0,2,4,-0.19362034906103118,0.19362034906103118
thetao,W40p0,7,11,0.19356345644469433,0.19356345644469433
so,W20p0,9,17,0.19341342845007542,0.19341342845007542
so,W30p0,8,3,-0.19308373595267864,0.19308373595267864
so,W10p0,4,20,-0.19265215862312465,0.19265215862312465
thetao,W10p0,3,11,0.1925057261325709,0.1925057261325709
thetao,W60p0,5,19,-0.19249383788847924,0.19249383788847924
so,W40p0,6,18,-0.19228296713431564,0.19228296713431564
so,W10p0,7,14,0.19207850441403934,0.19207850441403934
thetao,W10p0,3,10,0.19151084521082237,0.19151084521082237
thetao,W20p0,1,12,0.1913199344832822,0.1913199344832822
so,W30p0,9,14,0.1909118592310474,0.1909118592310474
thetao,W40p0,10,0,0.19058752080229047,0.19058752080229047
so,W20p0,4,20,-0.19047060414574207,0.19047060414574207
thetao,W60p0,8,19,0.19004416734655002,0.19004416734655002
thetao,W60p0,5,2,-0.19001765100792384,0.19001765100792384
thetao,W40p0,6,2,-0.18985685633992028,0.18985685633992028
so,W20p0,3,0,-0.18977927853352947,0.18977927853352947
thetao,W20p0,4,17,-0.18959811529267317,0.18959811529267317
so,W60p0,5,10,0.18949235605598988,0.18949235605598988
so,W20p0,2,7,-0.18948022452592359,0.18948022452592359
so,W20p0,2,6,-0.1892986394437084,0.1892986394437084
thetao,W30p0,4,0,0.18917046121746836,0.18917046121746836
thetao,W30p0,8,0,0.18908117706491576,0.18908117706491576
thetao,W10p0,5,20,-0.1887917305014303,0.1887917305014303
thetao,W20p0,7,17,0.18873013381053472,0.18873013381053472
so,W30p0,8,6,-0.18864144641692301,0.18864144641692301
so,W60p0,5,12,0.18855075823512873,0.18855075823512873
so,W30p0,4,4,-0.18833159796325633,0.18833159796325633
thetao,W20p0,4,20,-0.18826884449131054,0.18826884449131054
thetao,W40p0,10,8,0.1881527529668783,0.1881527529668783
so,W40p0,1,18,-0.18811500152593974,0.18811500152593974
thetao,W10p0,2,16,0.18726972104422354,0.18726972104422354
so,W40p0,2,10,-0.1870767434267173,0.1870767434267173
thetao,W10p0,8,17,-0.1869806952569734,0.1869806952569734
thetao,W10p0,1,16,-0.18576578069292057,0.18576578069292057
so,W30p0,9,10,0.18576432713916113,0.18576432713916113
thetao,W10p0,3,15,0.18573325095571028,0.18573325095571028
so,W20p0,5,1,-0.18554498260121235,0.18554498260121235
thetao,W20p0,7,13,0.18498419858713394,0.18498419858713394
so,W20p0,5,11,-0.18473419339257363,0.18473419339257363
so,W60p0,8,10,-0.1846750591263721,0.1846750591263721
thetao,W20p0,8,14,-0.18457815147192663,0.18457815147192663
thetao,W20p0,1,4,0.18449861916124138,0.18449861916124138
thetao,W30p0,7,6,-0.18400375625950766,0.18400375625950766
thetao,W10p0,7,10,0.18367065323491583,0.18367065323491583
thetao,W40p0,8,11,-0.1834034751296675,0.1834034751296675
thetao,W40p0,6,16,-0.18339009564006303,0.18339009564006303
thetao,W20p0,9,1,0.18301150602674088,0.18301150602674088
thetao,W40p0,9,16,0.182644404229857,0.182644404229857
so,W40p0,2,18,0.18223188371798768,0.18223188371798768
so,W40p0,8,0,-0.18208651115330537,0.18208651115330537
thetao,W10p0,6,9,0.18166714865883893,0.18166714865883893
thetao,W60p0,4,20,0.18137405591534184,0.18137405591534184
so,W20p0,10,12,-0.18107623140804274,0.18107623140804274
so,W20p0,3,1,-0.18096944166419096,0.18096944166419096
so,W40p0,7,11,-0.18061898750491515,0.18061898750491515
thetao,W10p0,9,17,-0.18058740668363243,0.18058740668363243
thetao,W10p0,6,8,0.18028074482853565,0.18028074482853565
so,W30p0,5,14,-0.17992009705143333,0.17992009705143333
so,W30p0,9,15,0.17962612219176396,0.17962612219176396
so,W30p0,8,12,-0.17949563284565268,0.17949563284565268
thetao,W20p0,1,11,0.17940720989150008,0.17940720989150008
so,W60p0,9,12,0.17874427145046487,0.17874427145046487
so,W20p0,6,8,0.1786587775915783,0.1786587775915783
so,W10p0,2,20,-0.17864893557526457,0.17864893557526457
thetao,W20p0,8,18,-0.1781859070174609,0.1781859070174609
so,W60p0,8,17,-0.17791862120975727,0.17791862120975727
so,W60p0,6,2,-0.1777485006961686,0.1777485006961686
so,W60p0,3,6,-0.17770928822555687,0.17770928822555687
so,W40p0,2,5,-0.17756607190042883,0.17756607190042883
so,W40p0,2,20,0.1775289618847842,0.1775289618847842
so,W20p0,10,6,-0.17748313579700215,0.17748313579700215
thetao,W10p0,7,17,0.17738535978156025,0.17738535978156025
thetao,W30p0,7,5,-0.17726383154777056,0.17726383154777056
so,W10p0,10,8,-0.17725562207092815,0.17725562207092815
so,W10p0,7,2,0.17722236633094024,0.17722236633094024
thetao,W30p0,1,1,-0.1770077662355304,0.1770077662355304
so,W60p0,5,4,0.17697879064896258,0.17697879064896258
so,W20p0,2,2,-0.17695508072488714,0.17695508072488714
so,W60p0,5,17,0.1767041964753815,0.1767041964753815
thetao,W40p0,8,0,-0.17647993183857127,0.17647993183857127
thetao,W40p0,10,14,0.17645064869587443,0.17645064869587443
thetao,W20p0,1,2,0.1764298546270259,0.1764298546270259
thetao,W30p0,10,1,-0.17611173056271934,0.17611173056271934
so,W10p0,1,13,-0.17610123856155965,0.17610123856155965
so,W10p0,3,15,0.1759782297157049,0.1759782297157049
so,W60p0,5,13,0.17537441202537826,0.17537441202537826
so,W60p0,3,20,0.17521298052535872,0.17521298052535872
so,W20p0,6,13,0.17503583044717208,0.17503583044717208
thetao,W20p0,6,8,0.17472047182946443,0.17472047182946443
thetao,W60p0,4,13,0.17455013737330277,0.17455013737330277
so,W20p0,8,15,0.17444629205006873,0.17444629205006873
so,W10p0,8,13,-0.17420415623682306,0.17420415623682306
thetao,W60p0,4,3,0.1741527741960802,0.1741527741960802
so,W30p0,6,15,0.17393782348254078,0.17393782348254078
thetao,W60p0,2,3,0.17391668506367053,0.17391668506367053
so,W60p0,5,9,0.17391289229862536,0.17391289229862536
so,W10p0,2,3,-0.17390979688449895,0.17390979688449895
thetao,W40p0,8,12,-0.17363568219793019,0.17363568219793019
so,W60p0,10,20,0.17360866243472886,0.17360866243472886
so,W60p0,5,8,0.173487519257526,0.173487519257526
so,W40p0,2,11,-0.17315440393623924,0.17315440393623924
so,W30p0,3,11,-0.17314623594215653,0.17314623594215653
thetao,W30p0,5,13,-0.17312100229576993,0.17312100229576993
thetao,W40p0,3,2,0.1730628216100618,0.1730628216100618
thetao,W20p0,9,16,0.17298267267053766,0.17298267267053766
thetao,W10p0,9,13,-0.17296681742600625,0.17296681742600625
so,W10p0,5,5,0.1728684239428813,0.1728684239428813
thetao,W40p0,6,5,-0.17277325868302787,0.17277325868302787
thetao,W10p0,10,1,-0.17266887658829208,0.17266887658829208
thetao,W20p0,9,15,0.1726081914948449,0.1726081914948449
thetao,W10p0,1,17,-0.1726057331154766,0.1726057331154766
thetao,W10p0,10,8,-0.1725737256359187,0.1725737256359187
thetao,W60p0,5,14,-0.17252816680097008,0.17252816680097008
so,W40p0,7,5,-0.17238695314185218,0.17238695314185218
thetao,W40p0,10,6,0.17204041044399968,0.17204041044399968
thetao,W20p0,1,5,0.17129062984983637,0.17129062984983637
so,W10p0,4,1,0.17127594785487238,0.17127594785487238
thetao,W20p0,8,2,0.17106719330199405,0.17106719330199405
so,W20p0,9,20,0.17101808389588202,0.17101808389588202
so,W10p0,4,7,-0.1709518216425303,0.1709518216425303
so,W30p0,4,8,-0.1706162221612995,0.1706162221612995
thetao,W10p0,2,20,0.1706080242766605,0.1706080242766605
so,W10p0,7,9,0.17059325569901787,0.17059325569901787
thetao,W40p0,4,1,0.17047608656511073,0.17047608656511073
so,W20p0,5,10,-0.17044010886730698,0.17044010886730698
so,W40p0,1,19,-0.17024247284900243,0.17024247284900243
so,W40p0,4,19,-0.1698712006913202,0.1698712006913202
so,W20p0,6,9,0.1696483979356444,0.1696483979356444
thetao,W30p0,4,4,0.16960821008032548,0.16960821008032548
thetao,W60p0,10,5,-0.16920819513032218,0.16920819513032218
so,W60p0,8,8,-0.16916621265363893,0.16916621265363893
thetao,W60p0,7,4,0.16909661667053197,0.16909661667053197
thetao,W40p0,10,3,0.16907736749028748,0.16907736749028748
thetao,W60p0,5,20,-0.1688435071668906,0.1688435071668906
thetao,W30p0,5,5,-0.16872833372392987,0.16872833372392987
thetao,W10p0,2,15,0.16825736388024834,0.16825736388024834
thetao,W40p0,8,1,-0.1681580064568703,0.1681580064568703
so,W30p0,7,3,-0.1675363865397437,0.1675363865397437
thetao,W20p0,7,0,0.16738401937636005,0.16738401937636005
thetao,W10p0,3,6,0.16730770846531579,0.16730770846531579
so,W10p0,10,13,-0.16724709027135584,0.16724709027135584
thetao,W10p0,3,20,0.16704601403996,0.16704601403996
so,W30p0,3,17,0.16665327881220648,0.16665327881220648
thetao,W20p0,4,16,-0.16660269043131715,0.16660269043131715
so,W20p0,3,14,-0.16636510236661892,0.16636510236661892
thetao,W60p0,7,14,0.166317042736079,0.166317042736079
thetao,W20p0,2,17,-0.1662772878576312,0.1662772878576312
so,W30p0,6,16,0.16609664956302492,0.16609664956302492
thetao,W30p0,3,6,0.1660550166870905,0.1660550166870905
so,W10p0,7,10,0.1660066740305193,0.1660066740305193
thetao,W60p0,8,8,0.16584425122754065,0.16584425122754065
so,W20p0,10,0,-0.16582564920379003,0.16582564920379003
thetao,W10p0,10,15,-0.1657559201392218,0.1657559201392218
so,W40p0,9,5,-0.16559784435130248,0.16559784435130248
so,W20p0,3,7,0.16550210130540075,0.16550210130540075
thetao,W20p0,9,8,-0.16549984433491394,0.16549984433491394
thetao,W30p0,1,20,-0.1651097619015172,0.1651097619015172
thetao,W60p0,9,9,0.16489328758815808,0.16489328758815808
so,W30p0,3,2,-0.16482835402827378,0.16482835402827378
so,W20p0,5,9,-0.16451865193912363,0.16451865193912363
thetao,W30p0,4,15,0.16438790092828123,0.16438790092828123
thetao,W10p0,5,9,-0.16404794435002346,0.16404794435002346
thetao,W10p0,10,2,-0.1637951548820201,0.1637951548820201
so,W60p0,10,14,0.1637130109471605,0.1637130109471605
thetao,W60p0,5,4,-0.16369658155428687,0.16369658155428687
so,W20p0,5,12,-0.16367001080694077,0.16367001080694077
thetao,W30p0,6,13,-0.16347006729354707,0.16347006729354707
so,W40p0,4,10,0.1633835927736913,0.1633835927736913
so,W40p0,5,19,0.16331894770130445,0.16331894770130445
thetao,W40p0,10,4,0.16326966929660233,0.16326966929660233
so,W60p0,6,0,-0.1632296679958886,0.1632296679958886
thetao,W30p0,5,6,-0.16269268921716007,0.16269268921716007
thetao,W40p0,5,5,-0.16266963419473704,0.16266963419473704
so,W40p0,10,6,0.16266525011391736,0.16266525011391736
thetao,W10p0,3,3,0.16265777321266123,0.16265777321266123
so,W10p0,5,4,0.16263203589095415,0.16263203589095415
so,W60p0,8,4,-0.16253701677816912,0.16253701677816912
so,W60p0,3,2,-0.16252906526705396,0.16252906526705396
thetao,W10p0,5,16,-0.16200811979414279,0.16200811979414279
thetao,W60p0,7,15,0.16193622452973316,0.16193622452973316
so,W40p0,4,18,-0.1619331917497909,0.1619331917497909
thetao,W10p0,8,15,-0.16188357509232285,0.16188357509232285
thetao,W60p0,2,1,0.16187976152610706,0.16187976152610706
so,W10p0,3,12,0.1618101636176653,0.1618101636176653
thetao,W40p0,1,19,-0.16171504169895645,0.16171504169895645
thetao,W60p0,7,16,0.16168813975856558,0.16168813975856558
thetao,W30p0,1,4,-0.16168370639791796,0.16168370639791796
so,W30p0,2,7,0.16146305978868436,0.16146305978868436
so,W20p0,3,8,0.16129381636484977,0.16129381636484977
thetao,W10p0,3,17,0.1612001784888375,0.1612001784888375
so,W30p0,7,0,-0.16103004103263188,0.16103004103263188
thetao,W10p0,10,9,-0.16083033963520554,0.16083033963520554
thetao,W10p0,5,8,-0.16060782818340524,0.16060782818340524
so,W40p0,10,7,0.16051750304239865,0.16051750304239865
thetao,W10p0,9,14,-0.16041557429011086,0.16041557429011086
so,W30p0,8,7,-0.15984960374703472,0.15984960374703472
so,W10p0,6,7,0.15936156246739558,0.15936156246739558
so,W30p0,3,3,-0.15935126109495854,0.15935126109495854
so,W10p0,3,13,0.15922510027851355,0.15922510027851355
so,W20p0,7,4,-0.15919837503513012,0.15919837503513012
so,W40p0,5,2,-0.15916768174673063,0.15916768174673063
so,W30p0,6,14,0.15893039553670735,0.15893039553670735
so,W30p0,4,20,-0.15884045982568176,0.15884045982568176
thetao,W40p0,1,7,-0.1585685339717414,0.1585685339717414
so,W60p0,7,6,0.15841337150154508,0.15841337150154508
thetao,W40p0,1,6,-0.15807243640145086,0.15807243640145086
so,W30p0,9,16,0.15803599592028927,0.15803599592028927
thetao,W20p0,1,10,0.1575341223810814,0.1575341223810814
so,W40p0,2,9,-0.15730347334293654,0.15730347334293654
so,W40p0,10,4,0.15712961833370612,0.15712961833370612
so,W60p0,8,7,-0.15704111065799303,0.15704111065799303
thetao,W60p0,3,2,-0.15701711221309456,0.15701711221309456
so,W60p0,8,6,-0.15689214162873827,0.15689214162873827
so,W60p0,4,9,-0.1566159474295548,0.1566159474295548
thetao,W10p0,3,12,0.1564530539856147,0.1564530539856147
thetao,W40p0,10,2,0.15641812730373453,0.15641812730373453
thetao,W40p0,8,2,-0.15637246180766842,0.15637246180766842
so,W40p0,6,0,-0.15630743247492476,0.15630743247492476
so,W60p0,8,18,-0.15625490042520004,0.15625490042520004
so,W20p0,10,11,-0.15618474515735212,0.15618474515735212
thetao,W30p0,3,17,0.1558707475801036,0.1558707475801036
thetao,W40p0,10,1,0.15580104960766994,0.15580104960766994
thetao,W10p0,7,16,0.1557371284500507,0.1557371284500507
so,W40p0,7,19,-0.155577908909122,0.155577908909122
so,W10p0,3,8,0.15547247081923546,0.15547247081923546
so,W10p0,4,19,-0.15544944729267235,0.15544944729267235
so,W40p0,3,14,-0.15506439447053988,0.15506439447053988
so,W60p0,10,7,0.15495677622594617,0.15495677622594617
so,W10p0,3,5,-0.15473084614828775,0.15473084614828775
thetao,W10p0,5,11,-0.15448868182623754,0.15448868182623754
so,W20p0,9,11,-0.15446841322861316,0.15446841322861316
thetao,W10p0,7,12,0.15418804615140486,0.15418804615140486
thetao,W60p0,8,18,0.15401948227616213,0.15401948227616213
thetao,W10p0,5,13,-0.1539773475887204,0.1539773475887204
so,W60p0,4,5,-0.1539581083177918,0.1539581083177918
so,W10p0,10,12,-0.15389952876288998,0.15389952876288998
so,W30p0,4,3,-0.15381668502846538,0.15381668502846538
so,W20p0,9,2,-0.15376262205433813,0.15376262205433813
so,W20p0,2,0,-0.1537054281406477,0.1537054281406477
so,W10p0,4,0,0.15369653601274674,0.15369653601274674
thetao,W40p0,3,19,-0.15366930341453724,0.15366930341453724
so,W40p0,8,1,-0.15335873556728702,0.15335873556728702
so,W20p0,6,10,0.1533208931595127,0.1533208931595127
thetao,W10p0,5,17,-0.1532243986637004,0.1532243986637004
thetao,W10p0,3,13,0.15316721510760206,0.15316721510760206
thetao,W30p0,2,13,-0.15312821721473913,0.15312821721473913
thetao,W30p0,5,9,-0.15289508669363214,0.15289508669363214
thetao,W60p0,3,12,-0.15281580427481764,0.15281580427481764
thetao,W60p0,8,6,0.152443883213589,0.152443883213589
so,W20p0,4,4,-0.1524043115731543,0.1524043115731543
so,W30p0,3,14,0.1523899277719207,0.1523899277719207
thetao,W10p0,6,13,0.1519730524480675,0.1519730524480675
so,W10p0,5,17,0.15193212285060026,0.15193212285060026
thetao,W10p0,8,19,-0.1515315390838813,0.1515315390838813
thetao,W30p0,5,17,-0.15141242428092674,0.15141242428092674
so,W30p0,4,2,-0.15108154323586623,0.15108154323586623
thetao,W40p0,6,11,-0.1508641418053324,0.1508641418053324
so,W60p0,4,1,-0.15039512869449176,0.15039512869449176
thetao,W20p0,8,11,-0.15035476693435879,0.15035476693435879
thetao,W40p0,3,3,0.1499533900242302,0.1499533900242302
so,W10p0,10,14,-0.14992978354952807,0.14992978354952807
so,W40p0,9,4,-0.14992968305271723,0.14992968305271723
so,W10p0,8,7,-0.1498333520135114,0.1498333520135114
so,W10p0,9,14,0.14954803434063008,0.14954803434063008
so,W40p0,7,18,-0.14923096061202962,0.14923096061202962
so,W10p0,5,18,0.149230420615046,0.149230420615046
so,W60p0,4,11,-0.14899442225376208,0.14899442225376208
thetao,W60p0,9,18,-0.14893062260727058,0.14893062260727058
so,W10p0,10,1,-0.148798793052812,0.148798793052812
thetao,W60p0,8,9,0.1487205067411533,0.1487205067411533
so,W60p0,6,1,-0.14868113989775503,0.14868113989775503
so,W10p0,9,8,-0.14862987115773524,0.14862987115773524
so,W30p0,9,9,0.14859389291315703,0.14859389291315703
thetao,W60p0,3,11,-0.1484247363815187,0.1484247363815187
so,W40p0,8,12,-0.14806988133834179,0.14806988133834179
so,W30p0,3,10,-0.14793949897937453,0.14793949897937453
so,W40p0,9,3,-0.1475960257370008,0.1475960257370008
thetao,W20p0,5,4,0.1475451979033813,0.1475451979033813
thetao,W10p0,1,19,-0.147349384065046,0.147349384065046
so,W40p0,7,16,-0.14725051760349117,0.14725051760349117
so,W10p0,5,2,0.14718616091162418,0.14718616091162418
so,W60p0,8,16,-0.14718278034758728,0.14718278034758728
thetao,W40p0,6,15,-0.14696171843488998,0.14696171843488998
so,W60p0,2,1,0.1469616457922366,0.1469616457922366
thetao,W10p0,10,14,-0.1468827876424644,0.1468827876424644
thetao,W10p0,8,18,-0.14674689976552793,0.14674689976552793
thetao,W60p0,2,7,0.1467121630844726,0.1467121630844726
thetao,W10p0,7,6,0.14627345551199003,0.14627345551199003
so,W20p0,5,6,-0.14617992840300176,0.14617992840300176
thetao,W10p0,8,20,-0.14616565315811852,0.14616565315811852
so,W20p0,5,13,-0.14573508607232746,0.14573508607232746
so,W20p0,9,12,-0.1454935651767593,0.1454935651767593
thetao,W10p0,5,10,-0.14530360893206506,0.14530360893206506
thetao,W10p0,2,14,0.14516173339819474,0.14516173339819474
so,W10p0,6,20,0.1450653259407986,0.1450653259407986
thetao,W20p0,6,16,0.14498551970541687,0.14498551970541687
so,W60p0,3,4,-0.14471029696207463,0.14471029696207463
so,W10p0,9,7,-0.1446600608051104,0.1446600608051104
thetao,W10p0,9,18,-0.14436366944509474,0.14436366944509474
thetao,W10p0,7,11,0.14435257685868913,0.14435257685868913
so,W10p0,3,14,0.14408572719790885,0.14408572719790885
thetao,W40p0,1,20,-0.14400247754319678,0.14400247754319678
thetao,W60p0,7,5,0.1439096504532753,0.1439096504532753
thetao,W40p0,8,17,0.1438082206517328,0.1438082206517328
so,W20p0,8,13,0.14377728094756478,0.14377728094756478
so,W20p0,8,17,0.14370555059315032,0.14370555059315032
so,W30p0,10,17,0.1436350461222573,0.1436350461222573
so,W10p0,6,17,0.14352290513939,0.14352290513939
so,W30p0,9,17,0.14331580851342238,0.14331580851342238
so,W40p0,8,18,-0.14320598552241998,0.14320598552241998
thetao,W20p0,8,10,-0.14312630228632223,0.14312630228632223
thetao,W60p0,5,16,-0.14307164999808775,0.14307164999808775
thetao,W10p0,7,15,0.14303135121648938,0.14303135121648938
so,W60p0,4,10,-0.14273835292998474,0.14273835292998474
thetao,W10p0,6,10,0.14265460307647318,0.14265460307647318
so,W30p0,1,14,-0.14264060940454756,0.14264060940454756
thetao,W30p0,4,7,0.14256426789935636,0.14256426789935636
so,W20p0,2,1,-0.142360577699985,0.142360577699985
so,W60p0,3,5,-0.1422075951571851,0.1422075951571851
so,W30p0,2,12,-0.14209670247928513,0.14209670247928513
thetao,W40p0,1,3,-0.1420239308013515,0.1420239308013515
so,W20p0,1,13,-0.14190450111502037,0.14190450111502037
so,W40p0,4,17,-0.14188661868628089,0.14188661868628089
thetao,W20p0,7,6,0.14172425616843234,0.14172425616843234
thetao,W20p0,4,11,-0.14160154127781466,0.14160154127781466
so,W10p0,6,3,-0.14147924703893416,0.14147924703893416
thetao,W60p0,6,1,-0.14145133816551306,0.14145133816551306
thetao,W40p0,1,5,-0.14118348852441767,0.14118348852441767
so,W60p0,4,17,-0.1410749516431683,0.1410749516431683
thetao,W30p0,8,4,0.1410606354472857,0.1410606354472857
thetao,W10p0,7,4,0.1407622745272141,0.1407622745272141
thetao,W20p0,9,0,0.1407329555645199,0.1407329555645199
so,W40p0,2,12,-0.14055874935134163,0.14055874935134163
so,W60p0,3,3,-0.14047730193832247,0.14047730193832247
so,W20p0,7,1,-0.14046878010816136,0.14046878010816136
thetao,W40p0,6,12,-0.14043754568612737,0.14043754568612737
thetao,W40p0,6,14,-0.14034185416565784,0.14034185416565784
so,W30p0,10,10,-0.14027969273200452,0.14027969273200452
thetao,W20p0,9,2,0.1402651146394427,0.1402651146394427
so,W20p0,8,18,0.14005350906042482,0.14005350906042482
thetao,W10p0,10,7,-0.1398572542570226,0.1398572542570226
so,W20p0,4,0,-0.1398217504009468,0.1398217504009468
thetao,W10p0,7,5,0.1396940545114354,0.1396940545114354
so,W60p0,3,1,-0.13966321612463062,0.13966321612463062
so,W20p0,8,20,0.1395525283590849,0.1395525283590849
so,W20p0,9,1,-0.13948802536125782,0.13948802536125782
thetao,W30p0,4,10,0.13947551977434502,0.13947551977434502
so,W20p0,6,12,0.1394494766943918,0.1394494766943918
thetao,W20p0,4,12,-0.13918274009891365,0.13918274009891365
so,W20p0,9,16,0.13872993047881485,0.13872993047881485
thetao,W10p0,8,0,0.13870565677034521,0.13870565677034521
thetao,W10p0,3,14,0.1384323937350337,0.1384323937350337
so,W30p0,4,18,-0.13818512522210996,0.13818512522210996
so,W10p0,1,15,-0.13793943720775034,0.13793943720775034
thetao,W40p0,2,14,-0.13793268839027703,0.13793268839027703
thetao,W60p0,4,19,0.13776786741964114,0.13776786741964114
so,W20p0,4,1,-0.13690939313994685,0.13690939313994685
so,W40p0,7,17,-0.13636130742730293,0.13636130742730293
thetao,W20p0,7,9,0.13635973368478174,0.13635973368478174
so,W10p0,8,8,-0.1362833032611492,0.1362833032611492
thetao,W10p0,3,1,0.13624466105321634,0.13624466105321634
so,W60p0,9,13,0.13622127127252345,0.13622127127252345
thetao,W60p0,4,16,0.1361490888351348,0.1361490888351348
so,W10p0,8,12,-0.13562759629502644,0.13562759629502644
thetao,W40p0,9,11,0.1352064101558307,0.1352064101558307
so,W20p0,8,19,0.13509867008078633,0.13509867008078633
so,W60p0,3,0,-0.13504083208301104,0.13504083208301104
thetao,W60p0,6,11,-0.13501817517497397,0.13501817517497397
so,W10p0,7,1,0.1349117009169355,0.1349117009169355
thetao,W10p0,4,20,-0.1344364613594285,0.1344364613594285
so,W40p0,2,15,0.13436772116171355,0.13436772116171355
so,W10p0,2,4,-0.1341821894399926,0.1341821894399926
so,W10p0,5,3,0.13393978743064333,0.13393978743064333
so,W20p0,8,4,0.13376414829807604,0.13376414829807604
so,W40p0,4,12,0.13340555578197952,0.13340555578197952
thetao,W60p0,8,11,0.13338781807820194,0.13338781807820194
so,W20p0,7,19,-0.13330790368063672,0.13330790368063672
so,W30p0,7,16,0.1332039961187999,0.1332039961187999
thetao,W20p0,3,17,0.13315986472908659,0.13315986472908659
so,W30p0,2,6,0.13270021186430045,0.13270021186430045
thetao,W40p0,8,16,0.13265203344389948,0.13265203344389948
so,W40p0,9,0,-0.13259785336148314,0.13259785336148314
thetao,W60p0,9,0,0.1325478648829572,0.1325478648829572
thetao,W30p0,4,8,0.13245720443621822,0.13245720443621822
thetao,W60p0,3,4,-0.1322219510861676,0.1322219510861676
thetao,W30p0,4,2,0.13201668745484535,0.13201668745484535
so,W20p0,10,7,-0.1318452868159525,0.1318452868159525
so,W20p0,5,2,-0.13174338563415286,0.13174338563415286
thetao,W20p0,2,19,-0.1315878599204202,0.1315878599204202
thetao,W20p0,3,2,-0.13153753712413763,0.13153753712413763
so,W30p0,7,17,0.13142572610926567,0.13142572610926567
thetao,W30p0,5,15,-0.13141260014626827,0.13141260014626827
so,W20p0,5,8,-0.131057891131081,0.131057891131081
so,W10p0,8,9,-0.13098742046734857,0.13098742046734857
thetao,W60p0,5,5,-0.1307263604640793,0.1307263604640793
so,W60p0,7,7,0.13063301889757384,0.13063301889757384
thetao,W10p0,10,10,-0.13053604362255594,0.13053604362255594
thetao,W20p0,8,9,-0.13006126045452138,0.13006126045452138
so,W20p0,8,14,0.1299416740317541,0.1299416740317541
thetao,W20p0,9,7,-0.12976728599042842,0.12976728599042842
thetao,W20p0,5,5,0.12960828566367893,0.12960828566367893
thetao,W40p0,6,13,-0.12939834926385696,0.12939834926385696
so,W10p0,5,14,0.129373237527307,0.129373237527307
thetao,W40p0,7,15,0.12908848416075425,0.12908848416075425
so,W20p0,8,9,0.1290177555170907,0.1290177555170907
so,W40p0,10,19,0.12882067647701226,0.12882067647701226
thetao,W20p0,7,5,0.12877262599593792,0.12877262599593792
so,W10p0,10,9,-0.12875936436709023,0.12875936436709023
thetao,W30p0,1,16,-0.12874292481788197,0.12874292481788197
so,W30p0,4,15,-0.12864538695622404,0.12864538695622404
thetao,W60p0,3,8,-0.12855584779463491,0.12855584779463491
thetao,W10p0,5,12,-0.1284112960468135,0.1284112960468135
thetao,W30p0,3,11,-0.12838743807680458,0.12838743807680458
thetao,W60p0,7,0,0.1283667836661924,0.1283667836661924
so,W10p0,7,5,0.12808540442410773,0.12808540442410773
thetao,W20p0,3,14,0.1276825978956475,0.1276825978956475
so,W20p0,5,7,-0.12766645426967246,0.12766645426967246
thetao,W20p0,10,3,-0.12766486789955478,0.12766486789955478
so,W20p0,5,14,-0.12760850203448026,0.12760850203448026
thetao,W60p0,7,6,0.12759481178721085,0.12759481178721085
thetao,W30p0,1,3,-0.12729480846976585,0.12729480846976585
thetao,W30p0,6,11,-0.12723123830997582,0.12723123830997582
thetao,W40p0,3,14,-0.12721052443889277,0.12721052443889277
thetao,W30p0,9,0,0.12703480591065155,0.12703480591065155
so,W40p0,1,20,-0.1269593800548418,0.1269593800548418
so,W30p0,3,7,0.1268904223588018,0.1268904223588018
thetao,W30p0,5,14,-0.12683155776288577,0.12683155776288577
thetao,W20p0,3,18,0.1266698400153717,0.1266698400153717
thetao,W10p0,5,15,-0.12640962101816253,0.12640962101816253
thetao,W10p0,10,0,-0.12611166905298563,0.12611166905298563
so,W40p0,4,16,-0.12604405149106745,0.12604405149106745
so,W30p0,3,6,0.12597264628662855,0.12597264628662855
thetao,W60p0,8,10,0.1258010392581357,0.1258010392581357
so,W30p0,6,3,-0.12568132728403675,0.12568132728403675
thetao,W60p0,2,6,0.12556958861783382,0.12556958861783382
so,W20p0,9,0,-0.12554902007639307,0.12554902007639307
so,W20p0,6,5,-0.12554672635475322,0.12554672635475322
so,W10p0,1,14,-0.12536923626570404,0.12536923626570404
so,W30p0,10,16,0.12517895926431716,0.12517895926431716
thetao,W10p0,4,5,0.1251301391512967,0.1251301391512967
thetao,W20p0,10,4,-0.12505147520395768,0.12505147520395768
so,W10p0,2,19,-0.12491195191099243,0.12491195191099243
so,W60p0,8,1,-0.12486080081708435,0.12486080081708435
so,W30p0,8,11,-0.12477236715412786,0.12477236715412786
so,W30p0,4,6,-0.12475201503566624,0.12475201503566624
thetao,W60p0,6,0,-0.12462088010869436,0.12462088010869436
so,W20p0,5,5,-0.12439984677059429,0.12439984677059429
thetao,W20p0,9,9,-0.12437163076893336,0.12437163076893336
so,W30p0,9,8,0.1242850214717293,0.1242850214717293
so,W20p0,2,8,-0.1241197499902438,0.1241197499902438
so,W20p0,6,1,-0.12409190212385032,0.12409190212385032
thetao,W20p0,9,14,0.12397136447225875,0.12397136447225875
thetao,W30p0,6,12,-0.12376758400888174,0.12376758400888174
so,W20p0,3,2,-0.12360297369620499,0.12360297369620499
so,W40p0,2,7,-0.12332901519245786,0.12332901519245786
so,W20p0,7,20,-0.1231740618099167,0.1231740618099167
thetao,W10p0,7,1,0.12285515873841554,0.12285515873841554
thetao,W40p0,4,5,0.12277200291402986,0.12277200291402986
so,W60p0,5,5,0.12274255986481257,0.12274255986481257
thetao,W40p0,1,8,-0.12272311511248102,0.12272311511248102
thetao,W60p0,3,20,-0.12251976937967299,0.12251976937967299
so,W10p0,6,10,0.12244584484032112,0.12244584484032112
thetao,W10p0,4,17,-0.12161163489339859,0.12161163489339859
thetao,W10p0,4,8,0.12157609340402266,0.12157609340402266
thetao,W10p0,7,14,0.12114581029331828,0.12114581029331828
so,W10p0,6,11,0.12079578239618041,0.12079578239618041
thetao,W20p0,3,19,0.12067567515121513,0.12067567515121513
thetao,W30p0,1,5,-0.12067279603486909,0.12067279603486909
so,W10p0,10,11,-0.12048980778713628,0.12048980778713628
thetao,W10p0,6,12,0.12040379041683148,0.12040379041683148
so,W40p0,4,2,0.12019844892266125,0.12019844892266125
thetao,W60p0,6,6,-0.11998258838919809,0.11998258838919809
so,W40p0,10,20,0.11987735019190732,0.11987735019190732
so,W10p0,7,11,0.11979365907772924,0.11979365907772924
thetao,W20p0,5,15,-0.11938910054407248,0.11938910054407248
thetao,W10p0,9,4,-0.11903723868714403,0.11903723868714403
thetao,W10p0,7,8,0.11899354212763656,0.11899354212763656
so,W10p0,7,13,0.1188249421545844,0.1188249421545844
so,W30p0,1,15,-0.11829133053086699,0.11829133053086699
thetao,W40p0,6,10,-0.11811284787478901,0.11811284787478901
so,W10p0,7,8,0.11777448909409036,0.11777448909409036
thetao,W60p0,2,0,0.11756142628361188,0.11756142628361188
so,W10p0,9,6,-0.11741614020616437,0.11741614020616437
so,W20p0,6,2,-0.1172519085917654,0.1172519085917654
so,W40p0,9,2,-0.11721153657781154,0.11721153657781154
thetao,W60p0,5,15,-0.11720388613374498,0.11720388613374498
thetao,W10p0,7,7,0.1169778490629349,0.1169778490629349
so,W10p0,9,9,-0.11671542017466291,0.11671542017466291
so,W60p0,5,16,0.1166494162700013,0.1166494162700013
thetao,W40p0,8,10,-0.11651712689424269,0.11651712689424269
so,W10p0,3,4,-0.11599813504668574,0.11599813504668574
thetao,W20p0,6,4,-0.11571916813525772,0.11571916813525772
so,W60p0,9,11,0.11568080354518107,0.11568080354518107
thetao,W20p0,6,17,0.11556981306618262,0.11556981306618262
thetao,W40p0,7,16,0.11554114351957873,0.11554114351957873
so,W20p0,6,11,0.1154259805137785,0.1154259805137785
thetao,W20p0,10,11,0.11535750720311513,0.11535750720311513
thetao,W60p0,9,15,-0.11534647525217485,0.11534647525217485
so,W10p0,2,11,-0.11510841305096751,0.11510841305096751
thetao,W40p0,8,4,-0.1146507938330328,0.1146507938330328
thetao,W30p0,8,6,0.11457585040552568,0.11457585040552568
thetao,W40p0,1,4,-0.1143844560606562,0.1143844560606562
so,W10p0,5,19,0.11432207031171757,0.11432207031171757
so,W20p0,6,7,0.11429442582914948,0.11429442582914948
thetao,W10p0,8,16,-0.11417261614564447,0.11417261614564447
thetao,W10p0,6,11,0.11393405577924136,0.11393405577924136
so,W10p0,8,10,-0.11370835646072558,0.11370835646072558
thetao,W30p0,8,1,0.11368903265421211,0.11368903265421211
so,W30p0,1,16,-0.11363578946265274,0.11363578946265274
thetao,W20p0,5,3,0.11336545592986512,0.11336545592986512
thetao,W60p0,3,5,-0.11333732046495774,0.11333732046495774
so,W10p0,10,5,-0.11333654585565776,0.11333654585565776
thetao,W60p0,2,16,-0.11322816848821478,0.11322816848821478
thetao,W20p0,10,5,-0.11302256511110745,0.11302256511110745
thetao,W60p0,9,10,0.1129412571762643,0.1129412571762643
thetao,W30p0,9,19,-0.11291323012210965,0.11291323012210965
so,W10p0,6,9,0.11262535641819471,0.11262535641819471
so,W10p0,1,16,-0.11246739684390536,0.11246739684390536
so,W10p0,10,20,0.11242710764415331,0.11242710764415331
thetao,W20p0,4,3,-0.11161394412156901,0.11161394412156901
thetao,W30p0,4,13,0.11125279341380354,0.11125279341380354
so,W30p0,10,11,-0.11117451482741399,0.11117451482741399
so,W10p0,6,6,0.1110515488145182,0.1110515488145182
thetao,W30p0,1,8,-0.1110360639511012,0.1110360639511012
thetao,W40p0,8,3,-0.11087577624490676,0.11087577624490676
so,W60p0,5,14,0.11068484102100572,0.11068484102100572
so,W10p0,10,2,-0.11038486039562323,0.11038486039562323
thetao,W30p0,3,8,0.1103237548077832,0.1103237548077832
so,W60p0,9,0,0.11025583803060245,0.11025583803060245
so,W10p0,7,6,0.11023576854388505,0.11023576854388505
thetao,W20p0,7,7,0.1101452446695851,0.1101452446695851
thetao,W60p0,3,13,-0.1101316236936778,0.1101316236936778
thetao,W20p0,4,13,-0.11010661516167927,0.11010661516167927
thetao,W30p0,5,7,-0.10965551877594629,0.10965551877594629
thetao,W20p0,10,6,-0.10960354016927733,0.10960354016927733
thetao,W40p0,1,13,-0.1095638976145827,0.1095638976145827
so,W30p0,7,8,0.10936435870617717,0.10936435870617717
thetao,W60p0,5,6,-0.1093121376317308,0.1093121376317308
so,W40p0,5,5,-0.10927389425363657,0.10927389425363657
so,W60p0,2,3,-0.10926938419790887,0.10926938419790887
so,W30p0,8,9,-0.10921153924782545,0.10921153924782545
so,W60p0,2,14,0.1090863102016026,0.1090863102016026
so,W10p0,6,8,0.10908031403576501,0.10908031403576501
so,W10p0,8,11,-0.1089371293977444,0.1089371293977444
so,W20p0,7,18,-0.10893537498319508,0.10893537498319508
thetao,W30p0,8,11,-0.10878504987137722,0.10878504987137722
thetao,W20p0,1,13,0.10877572989151835,0.10877572989151835
thetao,W60p0,3,10,-0.10873651078747533,0.10873651078747533
so,W40p0,10,3,0.10867400665049025,0.10867400665049025
thetao,W30p0,8,10,-0.1086704542254975,0.1086704542254975
thetao,W30p0,10,13,0.1085249132720603,0.1085249132720603
thetao,W30p0,2,18,0.10850597308932823,0.10850597308932823
so,W30p0,1,19,-0.10842321595512919,0.10842321595512919
thetao,W10p0,1,18,-0.1083261777104771,0.1083261777104771
so,W20p0,10,10,-0.10829821699932564,0.10829821699932564
thetao,W20p0,5,14,-0.10805216812700655,0.10805216812700655
so,W10p0,2,12,-0.10781129855039043,0.10781129855039043
so,W10p0,3,6,-0.10778527258328811,0.10778527258328811
so,W30p0,6,0,0.10771154674768832,0.10771154674768832
so,W30p0,5,13,-0.10760361711739098,0.10760361711739098
thetao,W30p0,3,10,-0.1074513707485156,0.1074513707485156
so,W40p0,7,10,-0.10719610073111122,0.10719610073111122
thetao,W10p0,9,1,-0.10704395751539929,0.10704395751539929
thetao,W30p0,1,10,-0.10704338827299682,0.10704338827299682
so,W60p0,4,0,-0.10698510486495541,0.10698510486495541
so,W10p0,10,10,-0.10673099082699176,0.10673099082699176
thetao,W40p0,4,12,-0.10668326375340785,0.10668326375340785
thetao,W30p0,1,9,-0.10654226043065579,0.10654226043065579
thetao,W30p0,8,9,-0.10614919981226649,0.10614919981226649
thetao,W30p0,4,9,0.10594638569889564,0.10594638569889564
so,W30p0,1,17,-0.1057358330915818,0.1057358330915818
thetao,W60p0,3,9,-0.1056654661218314,0.1056654661218314
thetao,W60p0,10,10,-0.10566285008719432,0.10566285008719432
so,W60p0,5,15,0.10559158033295316,0.10559158033295316
thetao,W10p0,10,12,-0.1055762337199418,0.1055762337199418
thetao,W60p0,2,4,0.1054803525217098,0.1054803525217098
so,W40p0,2,19,0.10543385729402088,0.10543385729402088
thetao,W10p0,7,13,0.10538152392324591,0.10538152392324591
so,W30p0,6,17,0.10519459019466224,0.10519459019466224
so,W20p0,10,8,-0.10491909999505286,0.10491909999505286
thetao,W20p0,4,15,-0.10489658637208374,0.10489658637208374
thetao,W60p0,4,12,0.1047959064627353,0.1047959064627353
so,W60p0,10,2,0.10472951547830282,0.10472951547830282
thetao,W20p0,6,5,-0.10472648374020978,0.10472648374020978
thetao,W10p0,6,7,0.10462869754667509,0.10462869754667509
so,W30p0,10,9,-0.10459937149349492,0.10459937149349492
so,W40p0,6,13,-0.10450784410775099,0.10450784410775099
thetao,W30p0,10,16,0.10439007168331461,0.10439007168331461
so,W40p0,2,8,-0.1040843658881575,0.1040843658881575
thetao,W40p0,7,17,0.10405705851578338,0.10405705851578338
thetao,W40p0,8,13,-0.10404815250262849,0.10404815250262849
so,W10p0,5,6,0.10399321164652157,0.10399321164652157
so,W10p0,4,6,-0.10391527717922928,0.10391527717922928
so,W20p0,1,20,-0.1038339800511391,0.1038339800511391
thetao,W20p0,10,19,-0.10379926016502883,0.10379926016502883
thetao,W10p0,5,14,-0.10378283481093896,0.10378283481093896
so,W20p0,6,3,-0.1037561700125106,0.1037561700125106
thetao,W20p0,5,16,-0.10334202160227986,0.10334202160227986
so,W10p0,7,7,0.1033282872992353,0.1033282872992353
so,W10p0,5,15,0.10330517842187613,0.10330517842187613
so,W60p0,10,3,0.10323225134170715,0.10323225134170715
so,W60p0,8,19,-0.102920290047094,0.102920290047094
so,W20p0,6,0,-0.1025583140001101,0.1025583140001101
so,W10p0,7,3,0.10249027432043711,0.10249027432043711
thetao,W40p0,4,13,-0.10234388018872168,0.10234388018872168
thetao,W10p0,2,9,-0.1020495667695115,0.1020495667695115
so,W40p0,4,9,0.10203601268948091,0.10203601268948091
so,W10p0,4,2,0.10192739586246362,0.10192739586246362
so,W40p0,8,11,-0.1018498331384016,0.1018498331384016
thetao,W10p0,6,14,0.10181167692101672,0.10181167692101672
so,W10p0,8,6,-0.10176036666078464,0.10176036666078464
so,W20p0,6,4,-0.10171852909876905,0.10171852909876905
so,W20p0,3,9,0.10137359497742532,0.10137359497742532
thetao,W40p0,3,18,-0.10120711878918584,0.10120711878918584
thetao,W30p0,5,16,-0.10110442314088587,0.10110442314088587
thetao,W10p0,9,2,-0.10106926544228573,0.10106926544228573
thetao,W10p0,7,3,0.10096168078042321,0.10096168078042321
thetao,W20p0,6,2,0.1007924744667994,0.1007924744667994
so,W10p0,6,2,-0.10076965887218345,0.10076965887218345
so,W30p0,2,8,0.1007224111066043,0.1007224111066043
thetao,W40p0,8,5,-0.10052753914976403,0.10052753914976403
thetao,W30p0,1,2,-0.10046138302070635,0.10046138302070635
thetao,W40p0,9,15,0.10026030505021645,0.10026030505021645
thetao,W40p0,4,0,0.10025701371448068,0.10025701371448068
so,W30p0,8,8,-0.10022304942686325,0.10022304942686325
thetao,W20p0,6,14,0.09986519838131039,0.09986519838131039
thetao,W30p0,6,8,0.09901170288650574,0.09901170288650574
so,W20p0,7,5,-0.09865496029324491,0.09865496029324491
so,W30p0,1,18,-0.09850885000840774,0.09850885000840774
so,W20p0,10,9,-0.09839929223185834,0.09839929223185834
so,W30p0,10,15,0.09832323932083177,0.09832323932083177
thetao,W40p0,7,12,0.09832280056369837,0.09832280056369837
thetao,W30p0,4,3,0.09820805005121304,0.09820805005121304
so,W30p0,10,1,0.09818837414482527,0.09818837414482527
so,W10p0,6,18,0.09803966683328649,0.09803966683328649
so,W40p0,10,2,0.09771389916969785,0.09771389916969785
thetao,W40p0,7,3,0.0976960361537689,0.0976960361537689
so,W40p0,6,17,-0.09768065309594189,0.09768065309594189
thetao,W40p0,5,4,-0.0976743744890401,0.0976743744890401
thetao,W40p0,9,5,-0.09747527092897432,0.09747527092897432
so,W30p0,6,13,0.09746635607964943,0.09746635607964943
thetao,W20p0,4,10,-0.09727560508408992,0.09727560508408992
so,W10p0,2,10,-0.097202645455031,0.097202645455031
so,W60p0,9,7,0.09670503120549588,0.09670503120549588
thetao,W10p0,9,19,-0.09669338881440034,0.09669338881440034
so,W10p0,10,19,0.09637188712475787,0.09637188712475787
thetao,W10p0,2,13,0.09624064345604522,0.09624064345604522
thetao,W20p0,3,15,0.09614986794688095,0.09614986794688095
thetao,W40p0,9,6,-0.09613760074769492,0.09613760074769492
so,W60p0,8,11,-0.09593933006972795,0.09593933006972795
thetao,W20p0,10,2,-0.09590970680295664,0.09590970680295664
so,W30p0,2,4,0.09579979443754573,0.09579979443754573
thetao,W20p0,3,5,0.09571428627844689,0.09571428627844689
thetao,W10p0,10,5,0.09569716203440737,0.09569716203440737
so,W40p0,7,1,-0.09537047631528227,0.09537047631528227
so,W30p0,2,5,0.09532469239064961,0.09532469239064961
so,W40p0,2,6,-0.09508108746713025,0.09508108746713025
so,W40p0,10,1,0.09508010911501541,0.09508010911501541
thetao,W20p0,6,9,0.09490260504361021,0.09490260504361021
so,W60p0,7,14,0.09483489929125122,0.09483489929125122
so,W30p0,4,17,-0.09479036003601593,0.09479036003601593
thetao,W40p0,9,20,0.0947634016917364,0.0947634016917364
so,W20p0,1,14,-0.09472248214702772,0.09472248214702772
so,W60p0,5,7,0.09471390228683854,0.09471390228683854
so,W30p0,8,10,-0.09453946042104658,0.09453946042104658
thetao,W30p0,1,6,-0.09435121184695458,0.09435121184695458
so,W60p0,9,18,0.09430255379505394,0.09430255379505394
thetao,W40p0,9,0,0.09415594378789603,0.09415594378789603
so,W20p0,9,3,-0.09403486893103186,0.09403486893103186
so,W20p0,2,16,0.09401689191923941,0.09401689191923941
so,W60p0,3,16,0.09399199264504761,0.09399199264504761
so,W10p0,2,13,-0.09390853590996416,0.09390853590996416
so,W10p0,6,19,0.09388895813638981,0.09388895813638981
thetao,W20p0,7,1,0.09388093846356052,0.09388093846356052
so,W20p0,3,6,0.09335933297032104,0.09335933297032104
thetao,W10p0,4,16,-0.09313859970175722,0.09313859970175722
thetao,W30p0,8,14,0.09294129571040936,0.09294129571040936
thetao,W30p0,10,15,0.09290796111843655,0.09290796111843655
thetao,W40p0,6,6,-0.092884816565504,0.092884816565504
thetao,W40p0,9,12,0.09287160314085374,0.09287160314085374
thetao,W40p0,8,6,-0.09287003416091585,0.09287003416091585
so,W20p0,5,3,-0.09278180245367354,0.09278180245367354
thetao,W60p0,9,11,0.09262409657223668,0.09262409657223668
so,W40p0,2,3,-0.09251995853920456,0.09251995853920456
thetao,W40p0,7,5,0.09214336031597069,0.09214336031597069
so,W40p0,7,4,-0.09208110355561312,0.09208110355561312
thetao,W20p0,10,20,-0.09207879427599087,0.09207879427599087
thetao,W20p0,3,3,-0.09205502878176601,0.09205502878176601
thetao,W60p0,2,11,0.0917888791112062,0.0917888791112062
thetao,W30p0,1,7,-0.0917467326298721,0.0917467326298721
so,W20p0,2,15,0.09173816213790711,0.09173816213790711
so,W10p0,9,10,-0.09159480210420733,0.09159480210420733
so,W10p0,2,18,-0.09158334658873298,0.09158334658873298
thetao,W30p0,2,19,0.09156142973783077,0.09156142973783077
so,W60p0,2,4,-0.09141012603325284,0.09141012603325284
so,W10p0,5,16,0.09136584527842785,0.09136584527842785
thetao,W40p0,2,20,-0.09128941395803236,0.09128941395803236
thetao,W40p0,4,15,0.09125000183112109,0.09125000183112109
so,W30p0,10,2,0.09091665640326815,0.09091665640326815
so,W30p0,7,4,-0.09087496250139947,0.09087496250139947
so,W10p0,7,0,0.0908145930040846,0.0908145930040846
so,W20p0,3,13,-0.09080242222007497,0.09080242222007497
so,W30p0,7,9,0.09068964636222035,0.09068964636222035
so,W20p0,8,3,0.09060071210677764,0.09060071210677764
so,W30p0,4,7,-0.09059629533144253,0.09059629533144253
so,W10p0,10,15,-0.09005273648976493,0.09005273648976493
thetao,W30p0,4,20,0.0899776094592384,0.0899776094592384
so,W10p0,2,16,-0.08980335764132326,0.08980335764132326
so,W40p0,7,6,-0.08950589022843039,0.08950589022843039
thetao,W10p0,9,0,-0.08948294992070163,0.08948294992070163
so,W20p0,2,14,0.08906675465447292,0.08906675465447292
thetao,W30p0,8,15,0.08905443286192996,0.08905443286192996
so,W30p0,9,7,0.08894039142950728,0.08894039142950728
thetao,W20p0,5,20,-0.08884740511285133,0.08884740511285133
so,W60p0,8,0,-0.08866872819370569,0.08866872819370569
thetao,W60p0,2,5,0.08849949974640585,0.08849949974640585
thetao,W40p0,2,15,-0.08832460362776118,0.08832460362776118
so,W30p0,3,0,-0.08829415434220023,0.08829415434220023
thetao,W30p0,10,3,-0.0882149907448146,0.0882149907448146
so,W30p0,9,4,0.08787671369033395,0.08787671369033395
so,W60p0,3,7,-0.08773574554427806,0.08773574554427806
so,W30p0,6,9,-0.08761544162213927,0.08761544162213927
thetao,W10p0,10,13,-0.08752006047035499,0.08752006047035499
so,W20p0,9,10,-0.087454288600119,0.087454288600119
so,W40p0,7,20,-0.08719054501382228,0.08719054501382228
thetao,W30p0,10,14,0.08698893192974681,0.08698893192974681
so,W60p0,9,16,0.08696279858230044,0.08696279858230044
so,W20p0,7,0,-0.08692604288455909,0.08692604288455909
thetao,W30p0,4,11,0.0867894182139916,0.0867894182139916
thetao,W60p0,10,2,0.0867034390472934,0.0867034390472934
thetao,W10p0,8,1,0.08659498156406074,0.08659498156406074
thetao,W10p0,9,3,-0.08643189981810957,0.08643189981810957
so,W30p0,1,20,-0.08634121646505039,0.08634121646505039
thetao,W40p0,1,9,-0.08626686191696821,0.08626686191696821
so,W30p0,3,12,-0.08615711112494569,0.08615711112494569
so,W10p0,10,3,-0.08605026167460156,0.08605026167460156
so,W30p0,5,2,-0.0860336697539551,0.0860336697539551
thetao,W60p0,4,8,0.08586741533418285,0.08586741533418285
thetao,W60p0,10,6,-0.08585153514668444,0.08585153514668444
thetao,W60p0,2,8,0.0858321755419478,0.0858321755419478
thetao,W20p0,8,8,-0.08572036297988744,0.08572036297988744
thetao,W20p0,4,9,-0.0857039619716715,0.0857039619716715
thetao,W20p0,10,1,-0.085468041475355,0.085468041475355
thetao,W20p0,2,18,-0.08545263434591752,0.08545263434591752
thetao,W60p0,10,11,-0.08543232744925885,0.08543232744925885
thetao,W30p0,4,19,0.08514101171611124,0.08514101171611124
so,W30p0,9,2,0.0849689001415247,0.0849689001415247
so,W10p0,8,5,-0.08475068285267238,0.08475068285267238
thetao,W10p0,4,0,-0.08460517683147861,0.08460517683147861
so,W40p0,4,3,0.08451513464594766,0.08451513464594766
thetao,W30p0,5,8,-0.08435283759713942,0.08435283759713942
so,W20p0,5,4,-0.08431687879634871,0.08431687879634871
so,W20p0,7,14,-0.08422570469131317,0.08422570469131317
so,W60p0,9,17,0.08372062897411647,0.08372062897411647
so,W10p0,4,4,-0.08371563875989843,0.08371563875989843
so,W40p0,6,10,-0.08365551134693931,0.08365551134693931
thetao,W30p0,8,8,-0.08347232092407918,0.08347232092407918
so,W10p0,2,5,-0.08334320722923916,0.08334320722923916
so,W20p0,8,2,0.08321992641547361,0.08321992641547361
thetao,W20p0,10,18,-0.08310534061487213,0.08310534061487213
so,W60p0,8,3,-0.08295916568470992,0.08295916568470992
thetao,W30p0,6,7,0.08293050017888746,0.08293050017888746
thetao,W30p0,10,12,0.08290917123431327,0.08290917123431327
so,W30p0,9,5,0.08275177373297629,0.08275177373297629
thetao,W20p0,9,3,0.08255758493974863,0.08255758493974863
thetao,W20p0,4,0,-0.08244264524256877,0.08244264524256877
thetao,W60p0,4,10,0.08232739262067174,0.08232739262067174
so,W10p0,6,0,-0.08232300535582392,0.08232300535582392
thetao,W10p0,4,3,-0.0822264180525096,0.0822264180525096
so,W60p0,8,14,0.08219994583403786,0.08219994583403786
so,W60p0,2,11,-0.08218524131598522,0.08218524131598522
so,W40p0,6,12,-0.08216758262424163,0.08216758262424163
thetao,W30p0,4,12,0.08204355781104108,0.08204355781104108
so,W30p0,3,1,-0.08194111208392169,0.08194111208392169
so,W60p0,9,20,0.08181761093650557,0.08181761093650557
so,W10p0,5,20,0.08170920978537997,0.08170920978537997
so,W60p0,2,0,0.08159412620472829,0.08159412620472829
thetao,W20p0,6,1,0.081236427161705,0.081236427161705
so,W60p0,9,8,0.08117858251427056,0.08117858251427056
so,W60p0,2,15,0.080972985706065,0.080972985706065
so,W10p0,6,1,-0.08078725692517705,0.08078725692517705
thetao,W30p0,1,14,-0.08074143105280093,0.08074143105280093
so,W40p0,4,7,0.08070101985120018,0.08070101985120018
so,W10p0,2,17,-0.08054819658670694,0.08054819658670694
so,W30p0,5,1,-0.07993435912667074,0.07993435912667074
thetao,W60p0,10,15,0.07964801792630213,0.07964801792630213
so,W30p0,7,5,-0.07950024678005678,0.07950024678005678
so,W10p0,6,4,-0.07949137618681922,0.07949137618681922
thetao,W30p0,1,12,-0.07947173095743594,0.07947173095743594
thetao,W20p0,7,4,0.07945991228070441,0.07945991228070441
thetao,W40p0,8,14,-0.07934297545447491,0.07934297545447491
thetao,W20p0,1,1,0.07924967855965977,0.07924967855965977
so,W30p0,4,16,-0.07919612424444965,0.07919612424444965
so,W40p0,9,1,-0.07915592919826156,0.07915592919826156
thetao,W10p0,7,2,0.07897203190273627,0.07897203190273627
so,W60p0,5,6,0.07894996033791157,0.07894996033791157
so,W30p0,2,3,0.0787734708143646,0.0787734708143646
so,W30p0,6,4,-0.07873190668063212,0.07873190668063212
so,W40p0,5,13,0.07871070941756601,0.07871070941756601
so,W20p0,4,2,-0.07862528439408534,0.07862528439408534
thetao,W10p0,6,16,0.07852612809683754,0.07852612809683754
so,W10p0,2,15,-0.07849080672714273,0.07849080672714273
thetao,W20p0,6,15,0.07838483912453109,0.07838483912453109
so,W60p0,10,1,0.07822218214935396,0.07822218214935396
thetao,W10p0,6,15,0.07819802678907775,0.07819802678907775
so,W60p0,3,9,0.07788688346102396,0.07788688346102396
thetao,W60p0,6,12,-0.07754427233723181,0.07754427233723181
thetao,W10p0,3,5,0.07745040535342222,0.07745040535342222
thetao,W20p0,1,14,0.07744530855823813,0.07744530855823813
so,W10p0,2,9,-0.07733880251283476,0.07733880251283476
thetao,W10p0,4,11,-0.07728922185285086,0.07728922185285086
so,W20p0,3,3,-0.0769993440997998,0.0769993440997998
so,W60p0,8,13,0.07691876082820895,0.07691876082820895
thetao,W60p0,4,9,0.07688878941848729,0.07688878941848729
thetao,W60p0,3,16,-0.07678100368853878,0.07678100368853878
so,W20p0,9,15,0.07663045708965738,0.07663045708965738
thetao,W60p0,3,7,-0.07651442298899012,0.07651442298899012
thetao,W10p0,3,4,0.07645680974939847,0.07645680974939847
thetao,W10p0,5,18,-0.07633515537907623,0.07633515537907623
so,W10p0,7,12,0.07628421385019091,0.07628421385019091
so,W40p0,8,4,0.07613066489788406,0.07613066489788406
so,W10p0,4,5,-0.07607416196219961,0.07607416196219961
thetao,W20p0,10,0,-0.07603162966491404,0.07603162966491404
thetao,W20p0,5,6,0.0759452152187555,0.0759452152187555
so,W40p0,7,0,-0.075632934555618,0.075632934555618
thetao,W60p0,3,18,-0.07557080431416846,0.07557080431416846
thetao,W30p0,3,19,-0.07482819921842102,0.07482819921842102
thetao,W40p0,9,10,0.07414051702030511,0.07414051702030511
so,W10p0,7,4,0.07412193050646784,0.07412193050646784
so,W30p0,7,7,0.07401141574120966,0.07401141574120966
so,W60p0,8,2,-0.07386302918607214,0.07386302918607214
thetao,W30p0,3,5,0.07385939727778192,0.07385939727778192
thetao,W30p0,9,8,0.07371794788298319,0.07371794788298319
thetao,W20p0,7,2,0.07356617174707496,0.07356617174707496
so,W30p0,9,3,0.07351935240440707,0.07351935240440707
thetao,W30p0,8,12,-0.07345522648675201,0.07345522648675201
so,W20p0,8,5,0.07336567464167006,0.07336567464167006
so,W30p0,6,1,0.07335861566844092,0.07335861566844092
thetao,W20p0,3,16,0.07325817709866873,0.07325817709866873
thetao,W40p0,4,20,-0.07282401360885395,0.07282401360885395
so,W30p0,2,11,-0.07261276661746174,0.07261276661746174
thetao,W30p0,9,7,0.07249645002126417,0.07249645002126417
thetao,W20p0,6,6,0.0724853273023232,0.0724853273023232
thetao,W40p0,1,12,-0.07230919467661655,0.07230919467661655
so,W20p0,7,6,-0.07177526794312537,0.07177526794312537
so,W30p0,2,2,0.07165141636017147,0.07165141636017147
thetao,W30p0,9,18,-0.07152852692474512,0.07152852692474512
so,W20p0,8,8,0.07135948517756135,0.07135948517756135
thetao,W60p0,6,2,-0.07098341650768741,0.07098341650768741
thetao,W30p0,1,13,-0.07077127550541906,0.07077127550541906
so,W40p0,6,1,-0.0706405730426627,0.0706405730426627
thetao,W30p0,3,3,-0.07048493157256311,0.07048493157256311
so,W60p0,8,20,-0.07044307609246003,0.07044307609246003
so,W60p0,7,20,-0.07040147832308898,0.07040147832308898
thetao,W60p0,2,14,-0.0701547838380166,0.0701547838380166
thetao,W40p0,7,14,0.07007995080209771,0.07007995080209771
so,W40p0,8,7,-0.07005593775299808,0.07005593775299808
so,W40p0,6,4,-0.07003087201877704,0.07003087201877704
thetao,W20p0,6,18,0.0696003653852031,0.0696003653852031
so,W60p0,4,19,0.06949699613693376,0.06949699613693376
thetao,W10p0,8,2,0.06907827434059506,0.06907827434059506
thetao,W30p0,1,15,-0.06902950040874033,0.06902950040874033
thetao,W30p0,10,20,0.06898637900398455,0.06898637900398455
thetao,W10p0,5,19,-0.06896807730547751,0.06896807730547751
thetao,W40p0,9,13,0.0685211713872268,0.0685211713872268
so,W30p0,7,19,0.06842563067104136,0.06842563067104136
so,W60p0,7,19,-0.06819462081118458,0.06819462081118458
so,W30p0,7,15,0.06818259331745882,0.06818259331745882
thetao,W20p0,7,3,0.0681622983053424,0.0681622983053424
so,W60p0,9,19,0.06792538709008179,0.06792538709008179
so,W20p0,2,18,0.06786740061509036,0.06786740061509036
thetao,W40p0,4,18,-0.06744580553440913,0.06744580553440913
so,W30p0,9,1,0.06741569005684468,0.06741569005684468
so,W10p0,5,9,0.06739547731126937,0.06739547731126937
thetao,W40p0,4,9,-0.06736629477521165,0.06736629477521165
so,W10p0,9,5,-0.0671939815106238,0.0671939815106238
so,W30p0,3,4,-0.06718851614645753,0.06718851614645753
thetao,W40p0,3,11,0.06701209326208084,0.06701209326208084
thetao,W60p0,8,1,-0.06695148379516067,0.06695148379516067
so,W10p0,10,4,-0.06688648482146188,0.06688648482146188
so,W20p0,4,3,-0.06683451874893978,0.06683451874893978
so,W30p0,3,18,0.0666984088511669,0.0666984088511669
thetao,W20p0,4,4,-0.06652376629255748,0.06652376629255748
so,W60p0,7,15,0.06650326894620835,0.06650326894620835
thetao,W10p0,4,15,-0.0663441700434978,0.0663441700434978
thetao,W30p0,8,20,0.06631415731446416,0.06631415731446416
so,W60p0,9,14,0.06629711881505776,0.06629711881505776
so,W60p0,7,8,0.06624554532611354,0.06624554532611354
so,W10p0,3,3,-0.06595593350497436,0.06595593350497436
so,W60p0,2,5,-0.06583377338823328,0.06583377338823328
so,W10p0,9,13,0.06579091363331481,0.06579091363331481
so,W10p0,2,14,-0.06555421588847714,0.06555421588847714
so,W30p0,6,10,-0.0655424126058949,0.0655424126058949
so,W40p0,5,10,0.06552060958286664,0.06552060958286664
so,W20p0,2,17,0.06544307324719925,0.06544307324719925
so,W60p0,7,3,0.0654365520577903,0.0654365520577903
thetao,W20p0,10,10,0.06524350787482504,0.06524350787482504
thetao,W60p0,3,6,-0.06514662944389277,0.06514662944389277
so,W60p0,3,10,0.06460250921984201,0.06460250921984201
so,W40p0,6,6,0.06428498474038849,0.06428498474038849
so,W30p0,5,3,-0.06427920568817891,0.06427920568817891
thetao,W60p0,10,4,-0.06426881987034408,0.06426881987034408
thetao,W10p0,3,0,0.06426685354463815,0.06426685354463815
thetao,W40p0,8,19,-0.06402529738009675,0.06402529738009675
so,W30p0,10,19,-0.06388104656614765,0.06388104656614765
thetao,W30p0,9,9,0.06378942907064813,0.06378942907064813
thetao,W30p0,3,20,-0.0637819274976498,0.0637819274976498
so,W20p0,1,15,-0.06367028970998771,0.06367028970998771
thetao,W20p0,1,15,0.06319634971109536,0.06319634971109536
so,W60p0,7,16,0.0631899595353686,0.0631899595353686
thetao,W30p0,4,16,0.06315488604310189,0.06315488604310189
so,W40p0,4,5,0.06298221169925305,0.06298221169925305
thetao,W20p0,4,2,-0.06272200330333226,0.06272200330333226
so,W30p0,3,8,0.06249807530780845,0.06249807530780845
thetao,W20p0,3,20,0.062449209496406456,0.062449209496406456
thetao,W60p0,6,15,-0.06236060001400412,0.06236060001400412
thetao,W60p0,10,20,0.06232040844954803,0.06232040844954803
thetao,W40p0,9,14,0.06226718197084647,0.06226718197084647
so,W10p0,5,13,0.06224277013291284,0.06224277013291284
so,W30p0,9,0,0.062080224843606244,0.062080224843606244
so,W60p0,10,6,0.061736835916491546,0.061736835916491546
thetao,W10p0,8,5,-0.061277805850562334,0.061277805850562334
thetao,W40p0,2,16,-0.06115554103097568,0.06115554103097568
thetao,W20p0,3,13,0.061127693825203444,0.061127693825203444
thetao,W40p0,4,11,-0.060958353858631804,0.060958353858631804
thetao,W20p0,4,14,-0.06093514640621898,0.06093514640621898
thetao,W60p0,6,17,-0.06089654711147847,0.06089654711147847
thetao,W40p0,3,17,-0.06059727379429776,0.06059727379429776
thetao,W10p0,2,12,0.06058393379323255,0.06058393379323255
thetao,W40p0,9,4,-0.06053013584544434,0.06053013584544434
thetao,W40p0,4,2,0.06047933446658238,0.06047933446658238
thetao,W40p0,9,8,-0.06034209045997687,0.06034209045997687
so,W40p0,4,15,-0.06034108540368286,0.06034108540368286
thetao,W30p0,6,10,-0.060234178912305376,0.060234178912305376
thetao,W30p0,9,5,0.060112027042239925,0.060112027042239925
thetao,W30p0,10,5,0.060066984514965525,0.060066984514965525
so,W40p0,6,3,-0.06003178713333784,0.06003178713333784
so,W10p0,8,3,-0.0599430256740545,0.0599430256740545
so,W10p0,8,2,-0.059838562956356464,0.059838562956356464
so,W30p0,7,18,0.05965012695771405,0.05965012695771405
thetao,W30p0,1,11,-0.0596148390560078,0.0596148390560078
thetao,W60p0,10,14,0.05952549935572339,0.05952549935572339
so,W40p0,6,2,-0.059193734659646814,0.059193734659646814
so,W20p0,9,13,-0.05900105582115236,0.05900105582115236
so,W40p0,6,11,-0.058951778557683604,0.058951778557683604
so,W10p0,5,10,0.05876716623126877,0.05876716623126877
so,W40p0,6,16,-0.05855366717568743,0.05855366717568743
so,W40p0,8,3,0.05855149564490219,0.05855149564490219
thetao,W30p0,4,17,0.05849806429782447,0.05849806429782447
thetao,W20p0,5,13,-0.05807091313027349,0.05807091313027349
so,W60p0,2,16,0.05797531244725893,0.05797531244725893
so,W30p0,7,20,0.05783138863335715,0.05783138863335715
thetao,W40p0,9,7,-0.05780928447169779,0.05780928447169779
thetao,W40p0,1,11,-0.057734972657096775,0.057734972657096775
so,W60p0,9,6,0.057725430200949585,0.057725430200949585
thetao,W10p0,4,2,-0.05765736761700481,0.05765736761700481
thetao,W20p0,1,0,0.05763922222414957,0.05763922222414957
so,W40p0,4,8,0.057622710386576445,0.057622710386576445
so,W10p0,2,8,-0.05751051924921491,0.05751051924921491
thetao,W10p0,5,7,-0.05749891897845618,0.05749891897845618
so,W30p0,10,14,0.057473590375486876,0.057473590375486876
thetao,W10p0,10,3,-0.05744669543976269,0.05744669543976269
thetao,W20p0,9,10,-0.057377374825553246,0.057377374825553246
thetao,W20p0,5,17,-0.057272826675186905,0.057272826675186905
so,W20p0,2,11,-0.05714552849594209,0.05714552849594209
thetao,W20p0,7,8,0.056825491266903734,0.056825491266903734
thetao,W20p0,6,20,0.056337846685320936,0.056337846685320936
thetao,W30p0,10,4,0.056213884026226846,0.056213884026226846
thetao,W60p0,6,5,-0.055919864838338704,0.055919864838338704
so,W20p0,2,9,-0.055697154565451594,0.055697154565451594
so,W30p0,10,20,-0.05569212892992272,0.05569212892992272
thetao,W60p0,3,1,0.055519224885137435,0.055519224885137435
thetao,W60p0,6,16,-0.05534634721839593,0.05534634721839593
so,W60p0,2,17,0.05518569184105829,0.05518569184105829
thetao,W10p0,8,11,-0.05509640213664174,0.05509640213664174
thetao,W60p0,2,9,0.05499800777940193,0.05499800777940193
so,W30p0,7,13,0.05485628373253387,0.05485628373253387
so,W40p0,7,7,-0.05471231896114495,0.05471231896114495
thetao,W60p0,3,19,-0.054648661070385504,0.054648661070385504
so,W30p0,3,5,0.054392910131384906,0.054392910131384906
thetao,W30p0,9,13,-0.054230782626253374,0.054230782626253374
thetao,W60p0,8,2,-0.054164220263187346,0.054164220263187346
thetao,W40p0,1,10,-0.053716839408495025,0.053716839408495025
so,W40p0,5,7,-0.053634713309619185,0.053634713309619185
thetao,W30p0,2,16,-0.05337578573263783,0.05337578573263783
so,W30p0,7,14,0.05322056602697392,0.05322056602697392
so,W20p0,3,10,0.05305364567074257,0.05305364567074257
thetao,W10p0,4,12,-0.052913125721894196,0.052913125721894196
thetao,W40p0,3,7,0.052671703235666015,0.052671703235666015
so,W30p0,9,18,0.05266439580053204,0.05266439580053204
thetao,W60p0,3,17,-0.05261070085674981,0.05261070085674981
so,W40p0,8,10,-0.052476485797834024,0.052476485797834024
thetao,W30p0,10,9,0.05227966100120409,0.05227966100120409
thetao,W60p0,10,0,0.052150330265193834,0.052150330265193834
thetao,W60p0,6,18,-0.05214250834020447,0.05214250834020447
so,W40p0,5,11,0.05173823949392085,0.05173823949392085
thetao,W30p0,6,3,-0.05169725107432564,0.05169725107432564
thetao,W40p0,4,10,-0.051667937199766985,0.051667937199766985
so,W40p0,6,7,0.051556599047713765,0.051556599047713765
thetao,W60p0,10,18,0.051525615159401086,0.051525615159401086
thetao,W30p0,10,19,0.05143073258343274,0.05143073258343274
thetao,W20p0,9,13,0.05123634573628189,0.05123634573628189
so,W40p0,10,0,0.050894480487018265,0.050894480487018265
so,W30p0,3,13,0.050853783138938916,0.050853783138938916
thetao,W10p0,10,11,-0.050616681755576216,0.050616681755576216
thetao,W20p0,3,12,0.05013253633392915,0.05013253633392915
thetao,W60p0,4,11,0.05011513625141199,0.05011513625141199
so,W30p0,10,12,-0.05005321560912198,0.05005321560912198
so,W30p0,9,6,0.04992466944156859,0.04992466944156859
so,W40p0,4,14,-0.049910686726966275,0.049910686726966275
thetao,W40p0,3,4,0.0498437432071762,0.0498437432071762
thetao,W40p0,6,7,-0.04963615432443267,0.04963615432443267
so,W40p0,6,9,-0.04957031815252317,0.04957031815252317
so,W40p0,3,20,-0.04920327342477056,0.04920327342477056
thetao,W20p0,1,17,0.04911066599074368,0.04911066599074368
so,W30p0,6,7,-0.04887765796048541,0.04887765796048541
so,W30p0,10,3,0.04880223879925642,0.04880223879925642
thetao,W10p0,6,3,-0.04876657872266283,0.04876657872266283
so,W60p0,10,5,0.04870728595010609,0.04870728595010609
thetao,W20p0,5,0,0.04867051130510932,0.04867051130510932
so,W60p0,9,9,0.04866610599771702,0.04866610599771702
so,W40p0,6,14,-0.04863611125180918,0.04863611125180918
thetao,W20p0,6,10,0.048628603122294806,0.048628603122294806
thetao,W60p0,6,13,-0.048515335709653974,0.048515335709653974
thetao,W20p0,3,1,-0.04850471484384512,0.04850471484384512
so,W20p0,5,15,-0.04834962967675135,0.04834962967675135
so,W30p0,3,20,-0.048038345301662906,0.048038345301662906
thetao,W40p0,3,9,0.04798277315746636,0.04798277315746636
so,W30p0,6,2,-0.047904729031056074,0.047904729031056074
thetao,W30p0,8,16,0.04790416271057902,0.04790416271057902
so,W40p0,2,1,-0.047806391541584725,0.047806391541584725
thetao,W10p0,9,20,-0.04735798142730676,0.04735798142730676
thetao,W40p0,8,8,0.047276676673016944,0.047276676673016944
so,W40p0,5,6,-0.04720706794815593,0.04720706794815593
thetao,W30p0,8,19,0.04715894709418791,0.04715894709418791
thetao,W10p0,8,3,0.04713035869771271,0.04713035869771271
so,W40p0,3,15,-0.04705020004418908,0.04705020004418908
so,W60p0,9,15,0.047015761165797525,0.047015761165797525
thetao,W60p0,10,12,-0.047003316939382325,0.047003316939382325
so,W30p0,5,12,-0.046890004868913336,0.046890004868913336
thetao,W30p0,6,2,-0.046724899748929564,0.046724899748929564
thetao,W40p0,3,15,-0.04649547311918186,0.04649547311918186
so,W20p0,9,9,-0.04615819423955035,0.04615819423955035
so,W60p0,4,2,-0.04558988597783245,0.04558988597783245
thetao,W30p0,9,10,0.045428019205094136,0.045428019205094136
thetao,W10p0,5,3,-0.04539797976891654,0.04539797976891654
so,W10p0,10,18,0.04495503231770813,0.04495503231770813
so,W20p0,5,20,-0.04461506847459521,0.04461506847459521
thetao,W20p0,4,6,0.04458042460078943,0.04458042460078943
thetao,W40p0,6,9,-0.04439876883295981,0.04439876883295981
so,W40p0,8,6,-0.04429674165818618,0.04429674165818618
so,W10p0,9,11,-0.044195458956969705,0.044195458956969705
so,W10p0,1,17,-0.04393504494774205,0.04393504494774205
so,W30p0,10,18,0.043883606795746675,0.043883606795746675
so,W30p0,6,19,-0.04384535040407418,0.04384535040407418
thetao,W20p0,10,9,0.0435951879136916,0.0435951879136916
so,W10p0,2,6,-0.04338453542718698,0.04338453542718698
so,W40p0,8,19,-0.04338415903689295,0.04338415903689295
so,W30p0,2,9,0.0431360483432414,0.0431360483432414
thetao,W40p0,4,19,-0.04290619780198168,0.04290619780198168
so,W20p0,1,18,0.042812847461083825,0.042812847461083825
so,W20p0,9,7,-0.04279976962822238,0.04279976962822238
thetao,W20p0,1,18,0.04259692326073267,0.04259692326073267
thetao,W60p0,6,14,-0.04258074939112005,0.04258074939112005
thetao,W20p0,5,12,-0.04254241022165272,0.04254241022165272
thetao,W30p0,3,13,0.0423587557638589,0.0423587557638589
so,W60p0,3,13,-0.0423338841718148,0.0423338841718148
thetao,W30p0,9,16,-0.041915951477183154,0.041915951477183154
thetao,W20p0,5,18,-0.04189415968176267,0.04189415968176267
so,W40p0,5,12,0.041832728271399125,0.041832728271399125
thetao,W30p0,6,9,0.04095590060562274,0.04095590060562274
thetao,W30p0,9,14,-0.04094606980086296,0.04094606980086296
thetao,W30p0,10,11,0.04092226271382016,0.04092226271382016
so,W20p0,2,19,0.040895722789515664,0.040895722789515664
so,W20p0,5,19,-0.04072423729906049,0.04072423729906049
so,W20p0,9,8,-0.04029879310396147,0.04029879310396147
so,W10p0,1,20,-0.040298380368935495,0.040298380368935495
so,W40p0,5,20,0.04009536703337912,0.04009536703337912
thetao,W30p0,10,7,-0.04008187012296146,0.04008187012296146
thetao,W10p0,2,11,0.0400236537881599,0.0400236537881599
so,W20p0,7,13,-0.039985465842055375,0.039985465842055375
thetao,W20p0,5,19,-0.039975578603681144,0.039975578603681144
so,W40p0,2,0,-0.03997109785799239,0.03997109785799239
thetao,W20p0,10,12,0.03977866477539028,0.03977866477539028
thetao,W20p0,8,3,0.039456906958185926,0.039456906958185926
thetao,W60p0,10,13,-0.039405428916187125,0.039405428916187125
thetao,W20p0,10,7,-0.039224082976885975,0.039224082976885975
thetao,W20p0,9,6,-0.039209232069096704,0.039209232069096704
thetao,W20p0,4,5,0.03915446872012558,0.03915446872012558
thetao,W20p0,5,10,0.039103201872422264,0.039103201872422264
so,W60p0,4,20,0.03907743683602352,0.03907743683602352
thetao,W60p0,3,15,-0.038985197289020695,0.038985197289020695
thetao,W40p0,9,2,-0.03893575168380305,0.03893575168380305
thetao,W20p0,10,15,0.038714501857715744,0.038714501857715744
thetao,W60p0,4,18,0.03855714842376079,0.03855714842376079
thetao,W40p0,3,12,0.03855326703839265,0.03855326703839265
so,W10p0,10,17,0.03844167055653989,0.03844167055653989
thetao,W30p0,8,3,0.03841881151359116,0.03841881151359116
so,W20p0,1,19,-0.038327015021927806,0.038327015021927806
so,W20p0,2,12,-0.038072282019603144,0.038072282019603144
thetao,W30p0,6,1,-0.03794697714474625,0.03794697714474625
thetao,W20p0,5,2,0.03793671938969284,0.03793671938969284
thetao,W30p0,9,17,-0.03772100807323984,0.03772100807323984
so,W10p0,8,0,0.037689111410630756,0.037689111410630756
so,W60p0,3,14,-0.03761673582350079,0.03761673582350079
thetao,W20p0,1,16,0.037527230556349905,0.037527230556349905
so,W10p0,3,2,-0.03744567089231595,0.03744567089231595
so,W10p0,9,1,-0.03737311990755606,0.03737311990755606
so,W40p0,5,8,0.03715046962443578,0.03715046962443578
so,W60p0,2,12,-0.03703275422201925,0.03703275422201925
thetao,W10p0,10,6,-0.03699479836314356,0.03699479836314356
so,W40p0,8,2,-0.03695663689810775,0.03695663689810775
so,W30p0,3,9,-0.0367916894885326,0.0367916894885326
thetao,W40p0,3,8,0.036724396687984905,0.036724396687984905
thetao,W60p0,2,10,0.03644019986534807,0.03644019986534807
so,W30p0,10,0,0.03642770553157528,0.03642770553157528
so,W20p0,9,5,0.03632695721199613,0.03632695721199613
thetao,W30p0,10,10,0.03624790562597063,0.03624790562597063
thetao,W10p0,6,5,-0.03605522522577961,0.03605522522577961
thetao,W10p0,8,12,-0.03603930153612211,0.03603930153612211
so,W20p0,6,6,-0.03590918322314597,0.03590918322314597
so,W60p0,3,8,0.03553298397616071,0.03553298397616071
so,W30p0,6,8,-0.03543343822487516,0.03543343822487516
thetao,W30p0,3,12,-0.03540807860252363,0.03540807860252363
so,W60p0,9,10,0.03505724449579564,0.03505724449579564
so,W10p0,2,7,-0.03488036876996296,0.03488036876996296
so,W20p0,1,16,-0.034764288581706104,0.034764288581706104
thetao,W30p0,9,1,0.03463733222943258,0.03463733222943258
thetao,W60p0,8,5,0.03461116445264454,0.03461116445264454
thetao,W30p0,3,18,0.03457756252319522,0.03457756252319522
so,W30p0,6,6,-0.034567065816744395,0.034567065816744395
so,W60p0,2,10,-0.034550764386466,0.034550764386466
so,W40p0,4,6,0.034378808432935413,0.034378808432935413
so,W10p0,5,12,0.034358085156347695,0.034358085156347695
thetao,W30p0,3,0,0.034144032964478835,0.034144032964478835
so,W20p0,7,7,-0.03388199435045235,0.03388199435045235
thetao,W60p0,2,12,0.03387112600993568,0.03387112600993568
so,W20p0,9,6,-0.033477450548149816,0.033477450548149816
thetao,W60p0,2,15,-0.033204747447941454,0.033204747447941454
so,W40p0,2,14,0.033149838783963485,0.033149838783963485
thetao,W10p0,5,4,-0.03309375852275527,0.03309375852275527
thetao,W10p0,8,14,-0.03305231639361901,0.03305231639361901
so,W30p0,5,8,0.033040155248450075,0.033040155248450075
so,W30p0,10,8,-0.03290359365158974,0.03290359365158974
thetao,W60p0,9,20,-0.03282056947732424,0.03282056947732424
so,W20p0,7,10,-0.03272799641904864,0.03272799641904864
thetao,W40p0,6,8,-0.03268912385817258,0.03268912385817258
so,W60p0,4,4,-0.032177620966459465,0.032177620966459465
so,W40p0,4,0,-0.03184588812776829,0.03184588812776829
thetao,W30p0,10,0,-0.03155425909383702,0.03155425909383702
so,W60p0,3,12,-0.03145800672593314,0.03145800672593314
so,W30p0,6,11,-0.031423332262852446,0.031423332262852446
thetao,W40p0,7,20,-0.031409193160552434,0.031409193160552434
thetao,W30p0,9,20,-0.031378876098700305,0.031378876098700305
thetao,W20p0,6,0,0.03137026600148114,0.03137026600148114
thetao,W20p0,3,6,0.03123691401934209,0.03123691401934209
thetao,W10p0,10,4,0.031232293338206707,0.031232293338206707
thetao,W40p0,4,8,-0.031101177201744445,0.031101177201744445
thetao,W40p0,7,4,0.031062257269962024,0.031062257269962024
so,W10p0,5,8,0.030973954904111548,0.030973954904111548
so,W20p0,2,20,0.030802445796661356,0.030802445796661356
thetao,W10p0,5,1,-0.03076994498532555,0.03076994498532555
thetao,W20p0,3,4,0.030548889258733218,0.030548889258733218
thetao,W40p0,3,5,-0.030453685751568135,0.030453685751568135
thetao,W30p0,4,18,0.030424964615807515,0.030424964615807515
so,W40p0,5,0,-0.03013053800053801,0.03013053800053801
so,W20p0,7,12,-0.029975931002092435,0.029975931002092435
thetao,W10p0,4,9,0.029962576025998708,0.029962576025998708
thetao,W60p0,8,3,-0.029264545922452142,0.029264545922452142
so,W20p0,7,17,-0.02923941969804858,0.02923941969804858
thetao,W20p0,8,5,0.029159169057915647,0.029159169057915647
so,W40p0,7,9,-0.029119869167397033,0.029119869167397033
thetao,W20p0,4,8,-0.02891474106285739,0.02891474106285739
so,W30p0,2,10,-0.028861541188279233,0.028861541188279233
thetao,W30p0,8,18,0.028787803918203233,0.028787803918203233
thetao,W10p0,6,17,0.028696796583837135,0.028696796583837135
thetao,W30p0,6,0,-0.028645588352350506,0.028645588352350506
thetao,W10p0,5,0,-0.028521751894221015,0.028521751894221015
thetao,W20p0,3,10,0.028285679485153165,0.028285679485153165
so,W10p0,8,4,-0.028206121471927685,0.028206121471927685
thetao,W40p0,4,6,0.028162692183331405,0.028162692183331405
so,W60p0,2,18,0.028118224226323804,0.028118224226323804
thetao,W30p0,10,18,-0.02799051170370248,0.02799051170370248
thetao,W10p0,4,13,-0.02791830661273384,0.02791830661273384
so,W40p0,8,5,-0.027755929364957035,0.027755929364957035
so,W20p0,2,10,-0.027687298807843277,0.027687298807843277
thetao,W40p0,2,18,0.02766482123027453,0.02766482123027453
so,W10p0,5,7,0.02758392296875356,0.02758392296875356
thetao,W60p0,10,7,0.02746333609480713,0.02746333609480713
so,W10p0,1,18,0.027456691106589406,0.027456691106589406
thetao,W30p0,9,11,0.027027772925399433,0.027027772925399433
so,W60p0,9,4,-0.026954303214543625,0.026954303214543625
thetao,W30p0,2,14,-0.026864804008397195,0.026864804008397195
so,W60p0,2,2,-0.026793733335168005,0.026793733335168005
thetao,W60p0,6,20,-0.026551242509374115,0.026551242509374115
thetao,W20p0,6,12,0.026540614279306343,0.026540614279306343
so,W20p0,3,4,-0.026475847226151986,0.026475847226151986
so,W20p0,1,17,0.02632182499838812,0.02632182499838812
thetao,W30p0,2,15,-0.02627402742462471,0.02627402742462471
so,W40p0,6,15,-0.02619046017019768,0.02619046017019768
so,W30p0,7,12,0.026171985189349288,0.026171985189349288
thetao,W30p0,3,4,-0.026035422134392854,0.026035422134392854
so,W30p0,5,7,0.025757455069160287,0.025757455069160287
thetao,W20p0,6,19,0.025724266703750602,0.025724266703750602
so,W40p0,7,2,-0.02537789480783988,0.02537789480783988
so,W60p0,7,10,-0.025183709358284463,0.025183709358284463
so,W60p0,3,11,-0.02510384850115129,0.02510384850115129
so,W30p0,6,20,-0.024994825459438118,0.024994825459438118
thetao,W40p0,4,14,0.024887755548084325,0.024887755548084325
thetao,W20p0,10,8,-0.024667141436229993,0.024667141436229993
thetao,W60p0,10,9,-0.0245620765321042,0.0245620765321042
thetao,W40p0,8,15,0.02456152311742201,0.02456152311742201
thetao,W20p0,10,13,0.02437463625815863,0.02437463625815863
so,W40p0,6,8,0.024371707703449732,0.024371707703449732
thetao,W20p0,8,6,0.024052952001112533,0.024052952001112533
so,W30p0,6,18,0.023937853856931146,0.023937853856931146
thetao,W40p0,3,0,0.023762050106906223,0.023762050106906223
thetao,W30p0,8,2,0.023744386072629194,0.023744386072629194
so,W30p0,3,19,-0.023713820209661347,0.023713820209661347
so,W60p0,7,0,0.02370757934911378,0.02370757934911378
so,W40p0,8,8,-0.023248609456546807,0.023248609456546807
so,W60p0,9,3,-0.023194822406366025,0.023194822406366025
so,W30p0,7,6,-0.022915416142586603,0.022915416142586603
thetao,W40p0,7,18,0.02289920675286648,0.02289920675286648
thetao,W10p0,6,4,-0.022660452543534867,0.022660452543534867
thetao,W40p0,2,19,-0.022594492780300734,0.022594492780300734
so,W60p0,2,9,-0.02245025918293381,0.02245025918293381
thetao,W30p0,10,17,0.02222389532920049,0.02222389532920049
so,W40p0,5,1,0.022176222701456652,0.022176222701456652
so,W60p0,2,8,-0.022098337909850677,0.022098337909850677
so,W40p0,4,4,0.022036432075252688,0.022036432075252688
so,W10p0,9,3,0.021960190408709244,0.021960190408709244
thetao,W10p0,8,6,-0.021953139505097485,0.021953139505097485
thetao,W20p0,3,8,0.02194387384567346,0.02194387384567346
so,W20p0,8,7,0.02192688857173966,0.02192688857173966
thetao,W40p0,2,17,-0.021840030684391356,0.021840030684391356
thetao,W60p0,10,1,0.021580962590731965,0.021580962590731965
so,W40p0,8,9,-0.021462030087392597,0.021462030087392597
so,W60p0,7,13,0.021160286611187892,0.021160286611187892
so,W20p0,2,13,0.02084235776605782,0.02084235776605782
thetao,W20p0,5,9,0.020828552415373132,0.020828552415373132
so,W60p0,7,18,-0.020574307172048553,0.020574307172048553
so,W30p0,5,11,-0.020486187634405958,0.020486187634405958
so,W20p0,3,12,-0.020345025713733124,0.020345025713733124
thetao,W60p0,9,19,-0.02023082617228822,0.02023082617228822
so,W10p0,3,0,0.020209323372356085,0.020209323372356085
so,W40p0,3,18,-0.020050789803925783,0.020050789803925783
so,W20p0,8,1,-0.019954104635633768,0.019954104635633768
so,W10p0,6,5,0.019948891576897297,0.019948891576897297
thetao,W20p0,10,14,-0.019902523700772987,0.019902523700772987
thetao,W20p0,9,11,-0.019527631900491605,0.019527631900491605
thetao,W60p0,4,17,0.01943545871997035,0.01943545871997035
so,W30p0,9,20,-0.01935842182596076,0.01935842182596076
so,W60p0,9,2,-0.01898380349193334,0.01898380349193334
so,W60p0,2,6,-0.0189389552236448,0.0189389552236448
thetao,W60p0,6,19,-0.018871459379090027,0.018871459379090027
thetao,W30p0,9,2,0.018795561600557675,0.018795561600557675
so,W30p0,10,13,-0.01877610675176689,0.01877610675176689
thetao,W30p0,9,15,-0.01872216025594284,0.01872216025594284
thetao,W40p0,3,6,0.01870095777847042,0.01870095777847042
so,W60p0,4,3,-0.018501338782733117,0.018501338782733117
so,W30p0,6,12,0.01844695377692224,0.01844695377692224
thetao,W20p0,4,7,0.01827801658991273,0.01827801658991273
so,W40p0,2,13,-0.018254999219406782,0.018254999219406782
so,W60p0,2,7,0.018218493821725832,0.018218493821725832
thetao,W10p0,6,6,0.0181741595905581,0.0181741595905581
thetao,W30p0,9,3,0.018141592264912226,0.018141592264912226
thetao,W30p0,3,1,0.01811062854269049,0.01811062854269049
so,W60p0,10,0,0.01807354952847614,0.01807354952847614
thetao,W60p0,3,14,0.01794704062634105,0.01794704062634105
thetao,W10p0,2,10,-0.017935316223243902,0.017935316223243902
so,W10p0,9,2,-0.017929236343994705,0.017929236343994705
so,W30p0,5,4,-0.01786669795284592,0.01786669795284592
thetao,W60p0,10,16,0.01779236824871891,0.01779236824871891
so,W60p0,7,17,-0.01774620910174902,0.01774620910174902
thetao,W10p0,4,4,-0.01766782784059891,0.01766782784059891
thetao,W40p0,4,3,-0.017637852563238444,0.017637852563238444
thetao,W40p0,3,20,-0.017581755342397715,0.017581755342397715
thetao,W30p0,8,13,0.016974091316851715,0.016974091316851715
thetao,W60p0,9,14,0.01685187232646303,0.01685187232646303
so,W60p0,2,20,-0.01679897757957743,0.01679897757957743
thetao,W30p0,10,8,-0.016773134277895303,0.016773134277895303
thetao,W20p0,10,16,0.016748469706687894,0.016748469706687894
so,W40p0,3,17,0.016704049357227902,0.016704049357227902
so,W10p0,1,19,0.0166920108624434,0.0166920108624434
so,W60p0,9,1,-0.016364873951274148,0.016364873951274148
thetao,W20p0,6,13,0.016059754979015677,0.016059754979015677
so,W60p0,10,4,0.01604218448209431,0.01604218448209431
so,W40p0,4,1,0.01594535235424534,0.01594535235424534
so,W30p0,10,6,-0.015901152468361757,0.015901152468361757
so,W20p0,7,15,-0.01566102051107513,0.01566102051107513
thetao,W60p0,6,4,0.015542177075709486,0.015542177075709486
thetao,W40p0,7,19,-0.015220873203577878,0.015220873203577878
so,W60p0,7,2,0.015141965024227447,0.015141965024227447
thetao,W30p0,8,17,0.015082832105734176,0.015082832105734176
so,W30p0,10,7,-0.01505562034981834,0.01505562034981834
so,W10p0,5,11,0.014731779080476036,0.014731779080476036
so,W20p0,5,18,0.01420551949876583,0.01420551949876583
thetao,W20p0,5,8,0.014189342725302844,0.014189342725302844
so,W60p0,3,15,-0.014144347974068086,0.014144347974068086
thetao,W20p0,5,1,0.01393723938796034,0.01393723938796034
so,W30p0,2,0,-0.013821510599686343,0.013821510599686343
thetao,W30p0,9,6,0.013773347337607293,0.013773347337607293
thetao,W40p0,3,10,0.013753500478285328,0.013753500478285328
thetao,W30p0,2,20,0.013717378829960644,0.013717378829960644
so,W30p0,5,5,0.013672532509147265,0.013672532509147265
thetao,W10p0,8,7,0.013514101746831738,0.013514101746831738
so,W40p0,3,16,0.013433646811085552,0.013433646811085552
so,W40p0,3,19,-0.013433582298007325,0.013433582298007325
so,W20p0,9,14,-0.013199191909008782,0.013199191909008782
thetao,W10p0,4,14,0.013086938249802895,0.013086938249802895
so,W40p0,8,20,0.01295798640543553,0.01295798640543553
thetao,W10p0,6,19,-0.012732597359258375,0.012732597359258375
so,W60p0,4,18,-0.012619733224522213,0.012619733224522213
thetao,W20p0,3,0,-0.012385314434560727,0.012385314434560727
so,W30p0,5,9,0.012344109437868026,0.012344109437868026
thetao,W10p0,5,5,-0.012335623568195455,0.012335623568195455
so,W30p0,2,1,-0.012165555779918421,0.012165555779918421
thetao,W10p0,6,20,0.01210127152148996,0.01210127152148996
so,W10p0,8,1,-0.011919468263839031,0.011919468263839031
thetao,W10p0,4,10,-0.011856217398605786,0.011856217398605786
so,W10p0,9,0,-0.01185382499128283,0.01185382499128283
thetao,W30p0,6,6,-0.01182858026521988,0.01182858026521988
thetao,W40p0,4,4,0.011713190148303004,0.011713190148303004
thetao,W60p0,8,4,-0.011564233636128785,0.011564233636128785
thetao,W10p0,8,10,-0.011425705649417644,0.011425705649417644
thetao,W60p0,10,8,0.011325612058618817,0.011325612058618817
thetao,W60p0,10,17,0.011204033260708795,0.011204033260708795
thetao,W20p0,9,12,0.011197168404069556,0.011197168404069556
thetao,W60p0,10,19,0.01112132633749154,0.01112132633749154
so,W10p0,4,3,-0.01101763254795008,0.01101763254795008
thetao,W30p0,3,2,-0.010884693000985268,0.010884693000985268
thetao,W10p0,8,8,0.010855013350488904,0.010855013350488904
thetao,W10p0,6,18,0.01084451208729655,0.01084451208729655
thetao,W20p0,5,11,-0.01082994085903864,0.01082994085903864
thetao,W20p0,3,7,0.010748450120029581,0.010748450120029581
so,W60p0,7,11,-0.010710232178571888,0.010710232178571888
thetao,W10p0,5,6,-0.010624520817081406,0.010624520817081406
thetao,W10p0,8,4,0.01061794653255627,0.01061794653255627
thetao,W20p0,10,17,-0.010595172803484793,0.010595172803484793
thetao,W40p0,3,16,0.010429893523540946,0.010429893523540946
so,W40p0,7,3,-0.010322367452778449,0.010322367452778449
thetao,W30p0,10,6,-0.009975109175640127,0.009975109175640127
thetao,W60p0,2,13,-0.009684604473722139,0.009684604473722139
so,W20p0,7,16,-0.009400898159805826,0.009400898159805826
so,W60p0,9,5,0.009254657465989698,0.009254657465989698
thetao,W30p0,6,4,-0.009043428503715402,0.009043428503715402
thetao,W10p0,8,13,0.008740280621513576,0.008740280621513576
thetao,W40p0,4,17,-0.008731216350238668,0.008731216350238668
thetao,W40p0,3,13,-0.008629582106763208,0.008629582106763208
thetao,W20p0,9,5,-0.00860530932768833,0.00860530932768833
thetao,W10p0,4,1,-0.008597060412389253,0.008597060412389253
thetao,W20p0,3,9,0.008550168844687879,0.008550168844687879
so,W40p0,2,2,-0.008548974678885412,0.008548974678885412
thetao,W20p0,5,7,-0.008468340182307063,0.008468340182307063
thetao,W30p0,9,4,0.008381736910957968,0.008381736910957968
thetao,W30p0,6,5,-0.008215857033455119,0.008215857033455119
so,W30p0,7,10,0.008173696933683932,0.008173696933683932
so,W40p0,6,5,0.007731750520472066,0.007731750520472066
so,W20p0,3,11,0.00761992942750312,0.00761992942750312
so,W30p0,6,5,0.007428077081350235,0.007428077081350235
thetao,W40p0,9,3,-0.0072640675954040515,0.0072640675954040515
thetao,W60p0,10,3,-0.0072441425737369645,0.0072441425737369645
so,W60p0,7,1,-0.007236736351601495,0.007236736351601495
so,W60p0,8,12,-0.007150946284938531,0.007150946284938531
so,W30p0,10,4,-0.0066525050261282154,0.0066525050261282154
thetao,W20p0,9,4,-0.006516869145223939,0.006516869145223939
thetao,W40p0,4,16,0.00634767858113175,0.00634767858113175
so,W10p0,3,1,0.006181389897644789,0.006181389897644789
so,W60p0,8,15,-0.00612505513716797,0.00612505513716797
so,W10p0,10,16,0.005989305031866513,0.005989305031866513
so,W60p0,2,19,-0.005988557400091146,0.005988557400091146
thetao,W20p0,8,4,0.005885154300151556,0.005885154300151556
so,W30p0,5,10,0.005561781185531175,0.005561781185531175
so,W20p0,7,9,-0.005474988726405158,0.005474988726405158
thetao,W30p0,3,9,0.0054410617932813795,0.0054410617932813795
so,W30p0,9,19,0.005412547400084559,0.005412547400084559
thetao,W40p0,9,9,-0.005152568499618827,0.005152568499618827
thetao,W40p0,3,1,0.005125374657850333,0.005125374657850333
so,W20p0,3,5,-0.005117488808608242,0.005117488808608242
so,W60p0,2,13,0.005106237469661576,0.005106237469661576
thetao,W60p0,3,0,-0.005072903223213744,0.005072903223213744
thetao,W60p0,8,0,-0.005063637678137027,0.005063637678137027
thetao,W20p0,6,3,-0.005041214183570511,0.005041214183570511
thetao,W30p0,2,17,0.00498404639024987,0.00498404639024987
thetao,W20p0,1,19,-0.004801434960899847,0.004801434960899847
so,W60p0,7,9,0.004787371663676213,0.004787371663676213
thetao,W40p0,8,7,-0.004715061208739499,0.004715061208739499
thetao,W40p0,8,18,0.0046761210853118835,0.0046761210853118835
thetao,W60p0,6,3,-0.004496091776968573,0.004496091776968573
so,W10p0,9,12,0.004418197046394462,0.004418197046394462
thetao,W10p0,8,9,0.004404513832845841,0.004404513832845841
thetao,W20p0,1,20,-0.004359551919923903,0.004359551919923903
so,W20p0,8,6,0.0037067532783448425,0.0037067532783448425
so,W40p0,4,13,-0.003323277966354273,0.003323277966354273
thetao,W20p0,6,11,0.003246519234414165,0.003246519234414165
so,W30p0,7,11,-0.0030291921040192828,0.0030291921040192828
so,W20p0,5,16,0.0028387584841098575,0.0028387584841098575
so,W10p0,9,4,0.002703888204291034,0.002703888204291034
so,W20p0,5,17,-0.002601322634122799,0.002601322634122799
thetao,W40p0,8,20,0.0025905865884769167,0.0025905865884769167
so,W30p0,5,6,-0.002540949111771643,0.002540949111771643
so,W20p0,8,0,-0.002517390734495721,0.002517390734495721
so,W30p0,5,0,-0.0024364889628473068,0.0024364889628473068
thetao,W30p0,8,7,-0.0024189604485731118,0.0024189604485731118
thetao,W60p0,9,13,0.0022567688351367867,0.0022567688351367867
so,W40p0,5,9,0.0022056905648513304,0.0022056905648513304
so,W10p0,3,7,-0.002021225479973042,0.002021225479973042
thetao,W40p0,8,9,0.0019785982110065666,0.0019785982110065666
so,W20p0,7,11,-0.0019575833654706556,0.0019575833654706556
so,W20p0,9,4,0.0017672672591096767,0.0017672672591096767
thetao,W20p0,3,11,0.0015854674493781355,0.0015854674493781355
thetao,W10p0,5,2,-0.001483688228241015,0.001483688228241015
thetao,W40p0,7,13,0.0013413447937923565,0.0013413447937923565
thetao,W20p0,4,1,-0.0012059286224807319,0.0012059286224807319
so,W60p0,7,12,-0.0011656499600554975,0.0011656499600554975
thetao,W30p0,9,12,-0.0006470253416105961,0.0006470253416105961
thetao,W20p0,8,7,-0.0006213936980979556,0.0006213936980979556
thetao,W40p0,4,7,0.0003411259408188672,0.0003411259408188672
thetao,W60p0,9,12,-0.0002577019585390431,0.0002577019585390431
thetao,W40p0,9,1,-0.00020744527911170465,0.00020744527911170465
so,W20p0,7,8,-9.378566133939392e-05,9.378566133939392e-05
so,W40p0,7,8,7.733570954500968e-05,7.733570954500968e-05
so,W30p0,10,5,3.1488897403604045e-05,3.1488897403604045e-05
