var,lon_tag,mode,lag,corr,abs_corr
thetao,W40p0,10,0,0.5669061338651132,0.5669061338651132
so,W40p0,2,3,-0.5398061270975629,0.5398061270975629
thetao,W10p0,2,5,-0.5246410981017872,0.5246410981017872
thetao,W40p0,10,1,0.5131222979993282,0.5131222979993282
thetao,W10p0,2,4,-0.4968591530667394,0.4968591530667394
thetao,W10p0,2,6,-0.4945093607253597,0.4945093607253597
thetao,W30p0,9,1,-0.4937903980013428,0.4937903980013428
so,W40p0,2,2,-0.4792895335357664,0.4792895335357664
thetao,W30p0,9,2,-0.4775553528372533,0.4775553528372533
so,W40p0,2,4,-0.47140731130368346,0.47140731130368346
thetao,W30p0,9,5,-0.46046468300561555,0.46046468300561555
thetao,W10p0,2,7,-0.4579099213355285,0.4579099213355285
so,W60p0,4,2,0.4467218589090931,0.4467218589090931
thetao,W30p0,9,4,-0.4434978219702404,0.4434978219702404
thetao,W30p0,9,6,-0.44130965550159656,0.44130965550159656
thetao,W10p0,2,3,-0.4401216899465566,0.4401216899465566
thetao,W10p0,9,1,0.4396298007149196,0.4396298007149196
so,W20p0,1,16,-0.4390872901032147,0.4390872901032147
thetao,W10p0,4,13,0.4375231163189021,0.4375231163189021
thetao,W30p0,9,3,-0.43486888660787126,0.43486888660787126
so,W40p0,7,0,-0.43091277234741343,0.43091277234741343
so,W60p0,4,3,0.42785172841236496,0.42785172841236496
thetao,W10p0,4,12,0.4237966751294011,0.4237966751294011
so,W20p0,1,15,-0.4205052569051299,0.4205052569051299
thetao,W30p0,9,0,-0.4189460126450366,0.4189460126450366
so,W10p0,1,13,-0.4160937002693508,0.4160937002693508
thetao,W10p0,2,8,-0.4124202583104255,0.4124202583104255
so,W60p0,1,0,0.4115816989165676,0.4115816989165676
thetao,W10p0,4,14,0.40696917269802735,0.40696917269802735
thetao,W30p0,10,7,0.40670314378690675,0.40670314378690675
thetao,W10p0,4,15,0.40555074714773803,0.40555074714773803
so,W10p0,2,1,-0.40551288303582705,0.40551288303582705
thetao,W30p0,10,9,0.40484185598362016,0.40484185598362016
thetao,W40p0,10,2,0.40280864297923624,0.40280864297923624
thetao,W30p0,10,8,0.40223797386245885,0.40223797386245885
so,W60p0,6,0,0.40095457456730904,0.40095457456730904
thetao,W10p0,2,9,-0.3999596188118696,0.3999596188118696
thetao,W20p0,3,2,0.3997076466781951,0.3997076466781951
so,W10p0,1,14,-0.3953313071316197,0.3953313071316197
so,W40p0,5,1,-0.39262588628628825,0.39262588628628825
thetao,W10p0,2,2,-0.39025454357374684,0.39025454357374684
so,W20p0,1,17,-0.3890478631118912,0.3890478631118912
so,W10p0,2,2,-0.3889333383569021,0.3889333383569021
so,W10p0,1,12,-0.386591372728061,0.386591372728061
thetao,W10p0,4,11,0.38605209827488446,0.38605209827488446
thetao,W10p0,2,10,-0.385439279854899,0.385439279854899
thetao,W20p0,2,16,-0.38405146417147823,0.38405146417147823
thetao,W30p0,8,2,-0.38360427826659427,0.38360427826659427
thetao,W20p0,5,4,-0.3826775839456379,0.3826775839456379
thetao,W20p0,8,6,-0.3779613078702915,0.3779613078702915
thetao,W20p0,8,0,-0.3765430129444396,0.3765430129444396
thetao,W30p0,9,7,-0.3759773205251058,0.3759773205251058
thetao,W20p0,2,15,-0.3740953877153775,0.3740953877153775
thetao,W20p0,8,7,-0.37330186373286195,0.37330186373286195
so,W10p0,8,0,-0.37229611324330897,0.37229611324330897
thetao,W10p0,2,1,-0.3689422597943861,0.3689422597943861
so,W10p0,2,0,-0.3687884747368381,0.3687884747368381
thetao,W10p0,4,16,0.36867067287667,0.36867067287667
thetao,W30p0,10,10,0.3680135496799569,0.3680135496799569
so,W60p0,9,3,-0.3673234233635781,0.3673234233635781
so,W60p0,9,2,-0.36714470117650666,0.36714470117650666
thetao,W40p0,2,17,-0.3659931008234367,0.3659931008234367
so,W20p0,8,3,0.36597148057696366,0.36597148057696366
thetao,W40p0,6,3,0.36471830160015234,0.36471830160015234
so,W40p0,1,11,0.36440827949400156,0.36440827949400156
thetao,W20p0,5,3,-0.3626425771225138,0.3626425771225138
thetao,W60p0,1,12,0.3616024821242692,0.3616024821242692
so,W20p0,1,14,-0.36150973196260305,0.36150973196260305
thetao,W40p0,6,4,0.3602168371581238,0.3602168371581238
thetao,W30p0,10,6,0.3595328775814242,0.3595328775814242
thetao,W30p0,8,3,-0.3573569440724385,0.3573569440724385
so,W40p0,5,2,-0.35721611765414785,0.35721611765414785
thetao,W20p0,5,5,-0.3570349889136973,0.3570349889136973
thetao,W30p0,1,17,-0.35665498967184966,0.35665498967184966
thetao,W30p0,1,12,-0.35664664426364145,0.35664664426364145
so,W60p0,9,4,-0.35641818630585015,0.35641818630585015
so,W20p0,8,4,0.35592155447180407,0.35592155447180407
thetao,W20p0,3,3,0.3528141775203609,0.3528141775203609
thetao,W10p0,10,1,0.35259714921297286,0.35259714921297286
thetao,W10p0,7,9,0.35060662212458427,0.35060662212458427
so,W60p0,1,1,0.350534796546155,0.350534796546155
thetao,W40p0,6,2,0.350274747088928,0.350274747088928
so,W60p0,6,1,0.35008743723952457,0.35008743723952457
thetao,W30p0,9,8,-0.3498298845872146,0.3498298845872146
so,W10p0,2,3,-0.3490900659184867,0.3490900659184867
so,W30p0,7,18,-0.34874831945445983,0.34874831945445983
thetao,W10p0,2,0,-0.347782970630197,0.347782970630197
thetao,W10p0,4,17,0.3472343322009606,0.3472343322009606
so,W40p0,2,5,-0.3470331208713782,0.3470331208713782
thetao,W20p0,8,5,-0.3469611758236538,0.3469611758236538
thetao,W10p0,1,3,0.34690796025207293,0.34690796025207293
so,W10p0,1,11,-0.3447075855595087,0.3447075855595087
so,W40p0,1,10,0.3442035201671421,0.3442035201671421
thetao,W60p0,1,13,0.34406102229013663,0.34406102229013663
thetao,W10p0,9,2,0.344041658011708,0.344041658011708
thetao,W30p0,1,13,-0.34363938601127725,0.34363938601127725
so,W10p0,1,15,-0.3428533431084908,0.3428533431084908
thetao,W40p0,2,18,-0.34228943565433423,0.34228943565433423
thetao,W20p0,5,2,-0.3421586747768061,0.3421586747768061
so,W20p0,3,3,0.3419407721651424,0.3419407721651424
so,W40p0,2,1,-0.3415336301797232,0.3415336301797232
thetao,W40p0,7,10,0.34149442915743977,0.34149442915743977
thetao,W10p0,10,2,0.3409443181916075,0.3409443181916075
so,W60p0,2,17,0.3398833646014244,0.3398833646014244
thetao,W60p0,1,11,0.33941614796938785,0.33941614796938785
thetao,W30p0,1,18,-0.33900431591650126,0.33900431591650126
thetao,W60p0,3,2,-0.3386695759053157,0.3386695759053157
so,W20p0,8,2,0.33761628283828876,0.33761628283828876
so,W40p0,7,1,-0.3375844402209098,0.3375844402209098
thetao,W10p0,10,6,0.3373303344233306,0.3373303344233306
so,W10p0,4,2,-0.3371942375692692,0.3371942375692692
thetao,W40p0,7,7,0.33614473053688826,0.33614473053688826
thetao,W60p0,5,0,-0.3359709668329645,0.3359709668329645
thetao,W60p0,5,1,-0.3349430563020883,0.3349430563020883
thetao,W40p0,2,19,-0.33491172138279324,0.33491172138279324
thetao,W30p0,1,16,-0.3343997479306104,0.3343997479306104
thetao,W10p0,10,0,0.33427887493827396,0.33427887493827396
so,W60p0,4,1,0.33368866689902954,0.33368866689902954
so,W40p0,1,12,0.33345020881894105,0.33345020881894105
so,W40p0,1,14,0.33328118731058964,0.33328118731058964
thetao,W20p0,3,1,0.3328593236642638,0.3328593236642638
thetao,W20p0,1,8,0.3317229626682589,0.3317229626682589
thetao,W10p0,9,12,0.33065097354114786,0.33065097354114786
thetao,W10p0,9,11,0.3301301823950211,0.3301301823950211
thetao,W60p0,6,4,0.330081236319825,0.330081236319825
thetao,W10p0,4,20,0.33003249485249664,0.33003249485249664
so,W40p0,1,9,0.32921101402850483,0.32921101402850483
thetao,W40p0,1,14,-0.3287510028277328,0.3287510028277328
thetao,W10p0,10,5,0.3285583306406502,0.3285583306406502
so,W20p0,3,4,0.32845099896652125,0.32845099896652125
so,W10p0,8,1,-0.3278687643364987,0.3278687643364987
thetao,W10p0,1,2,0.3278562620495485,0.3278562620495485
thetao,W10p0,4,10,0.3259008608666585,0.3259008608666585
so,W30p0,1,19,0.3250970578861698,0.3250970578861698
so,W20p0,1,18,-0.32445052791190776,0.32445052791190776
thetao,W40p0,7,0,0.32409133148897845,0.32409133148897845
thetao,W30p0,1,19,-0.32401940578807803,0.32401940578807803
thetao,W20p0,1,9,0.32352549923580914,0.32352549923580914
so,W60p0,2,18,0.32339311013228716,0.32339311013228716
thetao,W40p0,1,12,-0.3232135357985881,0.3232135357985881
thetao,W20p0,8,1,-0.32318906553355975,0.32318906553355975
thetao,W20p0,1,5,0.3231821098243185,0.3231821098243185
thetao,W40p0,6,5,0.3223200880795539,0.3223200880795539
thetao,W40p0,1,13,-0.32142718539422493,0.32142718539422493
so,W10p0,2,4,-0.320719749665757,0.320719749665757
thetao,W10p0,7,10,0.32059745897075304,0.32059745897075304
thetao,W10p0,7,8,0.3190321687989336,0.3190321687989336
so,W60p0,4,4,0.318676040576947,0.318676040576947
thetao,W40p0,6,1,0.3186091617724832,0.3186091617724832
thetao,W20p0,5,1,-0.31832528803867516,0.31832528803867516
thetao,W40p0,2,16,-0.31818309668547334,0.31818309668547334
thetao,W20p0,1,7,0.3180765950529244,0.3180765950529244
thetao,W40p0,1,11,-0.3178109224924789,0.3178109224924789
so,W60p0,9,0,-0.31767418208298026,0.31767418208298026
thetao,W20p0,8,8,-0.3175435775705918,0.3175435775705918
thetao,W60p0,10,0,-0.31746530526436967,0.31746530526436967
thetao,W20p0,1,10,0.31739244294507973,0.31739244294507973
so,W30p0,2,12,0.31693007825027186,0.31693007825027186
so,W40p0,1,13,0.31668699002404965,0.31668699002404965
thetao,W10p0,1,4,0.31661630803398283,0.31661630803398283
thetao,W10p0,2,11,-0.3163201328243786,0.3163201328243786
thetao,W30p0,1,14,-0.3158496230305324,0.3158496230305324
so,W10p0,7,18,-0.3153986275877435,0.3153986275877435
so,W10p0,1,10,-0.3150786801213589,0.3150786801213589
thetao,W60p0,1,17,0.314159427650193,0.314159427650193
thetao,W60p0,5,10,-0.3138795208467772,0.3138795208467772
thetao,W60p0,6,3,0.3135865397372046,0.3135865397372046
thetao,W10p0,4,18,0.3134639374389925,0.3134639374389925
thetao,W60p0,1,16,0.3134066197625274,0.3134066197625274
thetao,W20p0,1,4,0.31323602712099036,0.31323602712099036
so,W20p0,9,13,-0.3128857250204732,0.3128857250204732
so,W30p0,7,16,-0.3128004611435209,0.3128004611435209
thetao,W20p0,8,11,-0.31260647497521726,0.31260647497521726
thetao,W30p0,1,11,-0.3113329000004642,0.3113329000004642
so,W10p0,7,19,-0.310821560810604,0.310821560810604
thetao,W40p0,7,8,0.31080435738448314,0.31080435738448314
thetao,W10p0,10,4,0.31020817454806154,0.31020817454806154
thetao,W10p0,9,13,0.3101630197506415,0.3101630197506415
thetao,W40p0,7,11,0.3099196865027125,0.3099196865027125
thetao,W10p0,4,19,0.30904612482728494,0.30904612482728494
thetao,W60p0,6,2,0.3076444969604075,0.3076444969604075
thetao,W10p0,10,7,0.30764134011308875,0.30764134011308875
thetao,W10p0,10,3,0.30753557059489195,0.30753557059489195
so,W60p0,2,11,0.3072581997179515,0.3072581997179515
so,W20p0,9,12,-0.3065486578854104,0.3065486578854104
thetao,W30p0,1,20,-0.30643820932381466,0.30643820932381466
so,W60p0,2,16,0.306307854320722,0.306307854320722
so,W20p0,3,2,0.3058246603373082,0.3058246603373082
so,W20p0,8,5,0.3054432364740912,0.3054432364740912
thetao,W20p0,1,11,0.3052920584237274,0.3052920584237274
thetao,W20p0,1,6,0.3050798166524456,0.3050798166524456
so,W30p0,1,18,0.30496891315476715,0.30496891315476715
so,W20p0,3,8,0.30490128958609425,0.30490128958609425
thetao,W30p0,9,9,-0.30484129514791414,0.30484129514791414
so,W20p0,3,9,0.3043872032223517,0.3043872032223517
thetao,W60p0,1,14,0.3035990101106563,0.3035990101106563
thetao,W40p0,7,9,0.30327518067900194,0.30327518067900194
so,W20p0,1,12,-0.30255786801390966,0.30255786801390966
so,W40p0,1,15,0.3021992954561948,0.3021992954561948
so,W10p0,4,3,-0.30054797025221425,0.30054797025221425
thetao,W60p0,1,15,0.3004259904964393,0.3004259904964393
thetao,W10p0,9,0,0.30009238482070766,0.30009238482070766
thetao,W30p0,9,10,-0.299792478346347,0.299792478346347
thetao,W30p0,9,11,-0.2997877865407604,0.2997877865407604
thetao,W40p0,7,6,0.29957291246027007,0.29957291246027007
so,W30p0,7,17,-0.29928357544770035,0.29928357544770035
so,W60p0,9,5,-0.29875166791049407,0.29875166791049407
so,W10p0,1,5,-0.2978166255927032,0.2978166255927032
so,W10p0,1,9,-0.29671603097942595,0.29671603097942595
thetao,W60p0,5,11,-0.29655170413482274,0.29655170413482274
so,W10p0,1,4,-0.2964689485743301,0.2964689485743301
thetao,W10p0,9,14,0.2962733364074002,0.2962733364074002
thetao,W60p0,5,2,-0.2959566577479895,0.2959566577479895
so,W20p0,1,13,-0.29572123339101647,0.29572123339101647
thetao,W60p0,1,10,0.295066592237219,0.295066592237219
thetao,W20p0,8,9,-0.29494504688489026,0.29494504688489026
thetao,W20p0,2,14,-0.2944599867802935,0.2944599867802935
thetao,W40p0,1,15,-0.29427590129842746,0.29427590129842746
thetao,W60p0,3,3,-0.2939128508661136,0.2939128508661136
thetao,W10p0,10,8,0.29376733323622833,0.29376733323622833
thetao,W10p0,1,1,0.2933377047370943,0.2933377047370943
so,W10p0,1,16,-0.2930102226753669,0.2930102226753669
so,W60p0,2,12,0.29242422293643827,0.29242422293643827
thetao,W30p0,1,15,-0.2912448321302691,0.2912448321302691
thetao,W20p0,1,12,0.29061598817556394,0.29061598817556394
so,W60p0,2,19,0.29015090823900574,0.29015090823900574
thetao,W20p0,1,3,0.28972490329809464,0.28972490329809464
so,W30p0,1,4,-0.2895758286327537,0.2895758286327537
thetao,W20p0,2,17,-0.2894460267464703,0.2894460267464703
so,W20p0,3,10,0.28899314521441394,0.28899314521441394
thetao,W30p0,10,11,0.288309637506114,0.288309637506114
thetao,W10p0,9,4,0.28809530721051707,0.28809530721051707
so,W10p0,4,1,-0.28805267917389504,0.28805267917389504
thetao,W30p0,1,10,-0.287426762220682,0.287426762220682
so,W40p0,1,8,0.2869935744193017,0.2869935744193017
so,W20p0,3,7,0.28607524690441055,0.28607524690441055
thetao,W10p0,1,5,0.2839829786501733,0.2839829786501733
thetao,W40p0,7,12,0.28366606250565163,0.28366606250565163
so,W20p0,1,11,-0.28359691187948644,0.28359691187948644
thetao,W60p0,5,12,-0.2820786847078612,0.2820786847078612
so,W10p0,1,6,-0.2814448273331506,0.2814448273331506
so,W40p0,1,7,0.28091020408080036,0.28091020408080036
thetao,W10p0,10,12,0.28076479875678767,0.28076479875678767
thetao,W60p0,9,0,0.2807280808478433,0.2807280808478433
so,W60p0,4,10,0.28028640594166115,0.28028640594166115
thetao,W20p0,3,4,0.2801705875024314,0.2801705875024314
so,W40p0,1,0,0.280005621152403,0.280005621152403
so,W10p0,1,8,-0.2792583393537268,0.2792583393537268
thetao,W60p0,6,5,0.2791399192100628,0.2791399192100628
thetao,W20p0,10,15,0.2777737444801824,0.2777737444801824
thetao,W30p0,10,5,0.27738712204237925,0.27738712204237925
thetao,W30p0,6,0,-0.2768968618554571,0.2768968618554571
so,W20p0,3,11,0.2767931571046249,0.2767931571046249
thetao,W20p0,9,13,-0.27670935950264647,0.27670935950264647
so,W30p0,1,17,0.27570442141090934,0.27570442141090934
so,W20p0,3,1,0.27424376444299264,0.27424376444299264
thetao,W10p0,7,14,0.2741755268465071,0.2741755268465071
so,W10p0,1,7,-0.27404666940483274,0.27404666940483274
so,W60p0,9,1,-0.27383731267623623,0.27383731267623623
thetao,W20p0,5,6,-0.2734050987469041,0.2734050987469041
so,W60p0,2,10,0.27285214537656116,0.27285214537656116
thetao,W60p0,4,5,0.2722951706188644,0.2722951706188644
thetao,W40p0,3,8,-0.2721767394459894,0.2721767394459894
so,W10p0,7,20,-0.27189082826775407,0.27189082826775407
so,W20p0,1,19,-0.2716775502458041,0.2716775502458041
thetao,W60p0,3,1,-0.271182371086315,0.271182371086315
thetao,W60p0,4,4,0.2707441678322127,0.2707441678322127
thetao,W60p0,4,20,-0.27065913588177953,0.27065913588177953
thetao,W10p0,9,3,0.27038709925659354,0.27038709925659354
thetao,W20p0,7,6,-0.27010668388891274,0.27010668388891274
thetao,W60p0,5,9,-0.2693642722430704,0.2693642722430704
thetao,W10p0,4,9,0.2693518353424485,0.2693518353424485
thetao,W10p0,7,7,0.2693238323411156,0.2693238323411156
so,W20p0,3,5,0.2689542244244285,0.2689542244244285
so,W10p0,1,3,-0.2687721335373891,0.2687721335373891
thetao,W20p0,1,13,0.26861897300080473,0.26861897300080473
thetao,W40p0,5,2,-0.268515845651617,0.268515845651617
so,W30p0,1,20,0.26807939452358936,0.26807939452358936
so,W10p0,2,5,-0.26790790461733954,0.26790790461733954
so,W20p0,3,6,0.26790639877955696,0.26790639877955696
so,W30p0,7,10,-0.26788449209509296,0.26788449209509296
so,W40p0,4,5,0.2674381117972398,0.2674381117972398
thetao,W60p0,2,9,0.26703872003150503,0.26703872003150503
so,W60p0,4,11,0.26668497160764376,0.26668497160764376
thetao,W40p0,6,6,0.2658281273434962,0.2658281273434962
so,W30p0,7,1,-0.26484793727015016,0.26484793727015016
so,W10p0,3,4,-0.2648101336818975,0.2648101336818975
thetao,W60p0,10,1,-0.26458326591810905,0.26458326591810905
so,W20p0,3,12,0.2645551080818018,0.2645551080818018
thetao,W40p0,3,9,-0.26451582344175945,0.26451582344175945
thetao,W40p0,2,1,-0.262659105551701,0.262659105551701
so,W30p0,1,5,-0.26258918693000843,0.26258918693000843
thetao,W60p0,5,3,-0.2613830283946204,0.2613830283946204
so,W20p0,8,1,0.2613210437679988,0.2613210437679988
so,W40p0,7,20,0.26108729507152995,0.26108729507152995
thetao,W60p0,2,8,0.2609627348778777,0.2609627348778777
so,W60p0,3,9,-0.260773212576091,0.260773212576091
thetao,W40p0,10,3,0.2597091050616848,0.2597091050616848
thetao,W40p0,1,10,-0.2595411884149874,0.2595411884149874
thetao,W30p0,8,1,-0.25916756741917724,0.25916756741917724
so,W30p0,2,13,0.2590475150752161,0.2590475150752161
thetao,W20p0,8,16,-0.2582373830008812,0.2582373830008812
so,W60p0,1,2,0.2576001040945303,0.2576001040945303
so,W40p0,4,6,0.25730383272864304,0.25730383272864304
thetao,W60p0,4,6,0.25727421782122817,0.25727421782122817
so,W30p0,1,3,-0.2571770064543439,0.2571770064543439
thetao,W20p0,10,12,0.2566242096177076,0.2566242096177076
thetao,W10p0,1,6,0.2558861797892289,0.2558861797892289
thetao,W20p0,1,14,0.25575289315396643,0.25575289315396643
thetao,W60p0,1,18,0.2556998779229881,0.2556998779229881
so,W20p0,8,12,0.2554871934101705,0.2554871934101705
so,W10p0,1,17,-0.2554112949303572,0.2554112949303572
so,W30p0,2,0,-0.25503462480736794,0.25503462480736794
so,W40p0,1,16,0.25472769981245835,0.25472769981245835
thetao,W20p0,8,10,-0.25468402976237836,0.25468402976237836
thetao,W10p0,9,5,0.2546376882814502,0.2546376882814502
so,W10p0,7,9,-0.25404462085772556,0.25404462085772556
thetao,W40p0,2,2,-0.253957129369106,0.253957129369106
so,W60p0,2,1,0.2537370900339356,0.2537370900339356
so,W10p0,4,0,-0.253495008095339,0.253495008095339
thetao,W20p0,10,14,0.2534684424524064,0.2534684424524064
thetao,W60p0,8,1,-0.2531036659142328,0.2531036659142328
thetao,W10p0,10,9,0.25307597189206915,0.25307597189206915
so,W40p0,2,6,-0.25223364931704495,0.25223364931704495
thetao,W30p0,9,12,-0.2521193975738019,0.2521193975738019
thetao,W60p0,10,17,-0.25207325463224045,0.25207325463224045
thetao,W30p0,5,8,-0.2519750066667443,0.2519750066667443
thetao,W60p0,10,15,-0.2518567890499467,0.2518567890499467
thetao,W40p0,2,20,-0.2516723319059468,0.2516723319059468
thetao,W40p0,1,16,-0.2511247770954636,0.2511247770954636
so,W60p0,2,2,0.25088786241730576,0.25088786241730576
so,W10p0,4,4,-0.2500519494838885,0.2500519494838885
thetao,W10p0,10,13,0.24997483116305236,0.24997483116305236
so,W60p0,6,9,0.24939812409000683,0.24939812409000683
thetao,W30p0,5,9,-0.24858952238039445,0.24858952238039445
thetao,W10p0,10,11,0.24857644257121048,0.24857644257121048
thetao,W30p0,6,1,-0.2485199195759463,0.2485199195759463
thetao,W20p0,5,0,-0.24802296155293663,0.24802296155293663
thetao,W40p0,7,5,0.2478898559394866,0.2478898559394866
so,W40p0,4,7,0.24765798664631125,0.24765798664631125
so,W10p0,4,7,-0.2471429987505933,0.2471429987505933
thetao,W40p0,7,13,0.24621783188876945,0.24621783188876945
so,W10p0,4,5,-0.24582298047788315,0.24582298047788315
thetao,W10p0,4,8,0.24506273517259616,0.24506273517259616
thetao,W40p0,9,1,0.2442956541025901,0.2442956541025901
thetao,W10p0,8,11,-0.2442280447932371,0.2442280447932371
thetao,W40p0,5,3,-0.24408320114184756,0.24408320114184756
so,W10p0,4,6,-0.24332609054106852,0.24332609054106852
so,W10p0,2,17,0.24327091672436058,0.24327091672436058
so,W60p0,4,12,0.2430736594247979,0.2430736594247979
so,W60p0,2,13,0.24306771694943977,0.24306771694943977
so,W60p0,6,2,0.24282998865074037,0.24282998865074037
so,W40p0,5,3,-0.24263882814258506,0.24263882814258506
thetao,W40p0,7,4,0.24211132309161112,0.24211132309161112
thetao,W10p0,7,15,0.24187553173225887,0.24187553173225887
so,W60p0,4,5,0.24015841969978322,0.24015841969978322
thetao,W10p0,7,11,0.23989935117785888,0.23989935117785888
so,W10p0,8,11,-0.23953509768753953,0.23953509768753953
so,W20p0,3,13,0.23926761395801055,0.23926761395801055
thetao,W20p0,1,2,0.23926431152481978,0.23926431152481978
so,W40p0,1,6,0.2387753185199042,0.2387753185199042
thetao,W10p0,4,7,0.2380138745824212,0.2380138745824212
thetao,W20p0,9,14,-0.23789309287518215,0.23789309287518215
so,W20p0,9,14,-0.2378812013708795,0.2378812013708795
thetao,W60p0,9,18,-0.23779383379693378,0.23779383379693378
so,W20p0,9,0,0.23753253298123397,0.23753253298123397
so,W30p0,7,0,-0.23742014590132332,0.23742014590132332
thetao,W10p0,4,5,0.23720390982951317,0.23720390982951317
so,W40p0,4,4,0.23687809595105472,0.23687809595105472
so,W10p0,5,9,0.23686933229081827,0.23686933229081827
thetao,W10p0,4,6,0.23680016321548902,0.23680016321548902
so,W10p0,2,18,0.2366396403408848,0.2366396403408848
thetao,W40p0,8,20,0.23648161688576413,0.23648161688576413
so,W10p0,5,10,0.23632354150862614,0.23632354150862614
so,W30p0,2,11,0.236268102049984,0.236268102049984
thetao,W20p0,7,5,-0.2362418500677725,0.2362418500677725
so,W10p0,2,19,0.23603619329051598,0.23603619329051598
so,W30p0,7,15,-0.23595180614343136,0.23595180614343136
thetao,W40p0,2,15,-0.23584982533716495,0.23584982533716495
so,W20p0,7,4,-0.2354784467153057,0.2354784467153057
so,W40p0,4,3,0.23513386572253173,0.23513386572253173
so,W20p0,3,0,0.23453387025568653,0.23453387025568653
thetao,W40p0,1,9,-0.23437218568092016,0.23437218568092016
so,W40p0,10,2,0.233742160060235,0.233742160060235
thetao,W40p0,3,4,-0.23321914496516014,0.23321914496516014
so,W10p0,9,12,-0.23276271706779092,0.23276271706779092
thetao,W30p0,5,7,-0.23268051533314416,0.23268051533314416
thetao,W20p0,10,13,0.23240911941306855,0.23240911941306855
so,W20p0,1,9,-0.23215199684010243,0.23215199684010243
thetao,W10p0,7,13,0.23210047393200472,0.23210047393200472
so,W10p0,2,6,-0.23193837787238433,0.23193837787238433
thetao,W30p0,3,1,-0.23165072539852738,0.23165072539852738
thetao,W30p0,1,9,-0.23142948089278462,0.23142948089278462
thetao,W30p0,4,19,0.23142712562595913,0.23142712562595913
thetao,W60p0,7,14,-0.23119374471425963,0.23119374471425963
so,W20p0,7,3,-0.2311372020641137,0.2311372020641137
thetao,W60p0,5,13,-0.23105660633313935,0.23105660633313935
thetao,W30p0,6,2,-0.23093671890754208,0.23093671890754208
so,W30p0,7,19,-0.2305815098441418,0.2305815098441418
thetao,W40p0,9,0,0.23037649793209555,0.23037649793209555
so,W60p0,2,15,0.22971784073840276,0.22971784073840276
so,W40p0,5,0,-0.22960673983458393,0.22960673983458393
thetao,W60p0,4,19,-0.22936464568432605,0.22936464568432605
thetao,W40p0,3,10,-0.22928174992848255,0.22928174992848255
thetao,W40p0,7,2,0.22927420740937335,0.22927420740937335
thetao,W30p0,9,13,-0.22918588056628436,0.22918588056628436
so,W20p0,1,10,-0.22906806892586945,0.22906806892586945
thetao,W20p0,8,17,-0.22896246797355344,0.22896246797355344
thetao,W10p0,6,12,0.2285198602746117,0.2285198602746117
thetao,W60p0,2,7,0.22806704154351368,0.22806704154351368
so,W20p0,9,1,0.2279771429124674,0.2279771429124674
so,W10p0,2,20,0.22796698157863457,0.22796698157863457
so,W40p0,4,9,0.22755832606592402,0.22755832606592402
so,W60p0,6,10,0.22725395480540977,0.22725395480540977
so,W20p0,1,8,-0.22720029021134905,0.22720029021134905
so,W10p0,7,10,-0.22705248802807518,0.22705248802807518
so,W60p0,10,0,-0.22666608992337536,0.22666608992337536
so,W20p0,8,13,0.2265701177118555,0.2265701177118555
thetao,W40p0,8,19,0.2265547491055825,0.2265547491055825
thetao,W60p0,1,1,0.22627387324799053,0.22627387324799053
so,W40p0,4,12,0.2262381461430941,0.2262381461430941
so,W30p0,7,9,-0.2257540500057479,0.2257540500057479
thetao,W60p0,6,1,0.2252030372066725,0.2252030372066725
thetao,W10p0,10,10,0.22507357820089935,0.22507357820089935
thetao,W40p0,1,7,-0.2249966943721573,0.2249966943721573
so,W40p0,4,8,0.22489125673169535,0.22489125673169535
so,W10p0,8,2,-0.22473868854669923,0.22473868854669923
thetao,W40p0,1,0,-0.22421944848929654,0.22421944848929654
thetao,W60p0,1,9,0.22420611819301736,0.22420611819301736
thetao,W60p0,10,5,-0.22369682585191009,0.22369682585191009
thetao,W10p0,2,12,-0.22362174641055285,0.22362174641055285
thetao,W10p0,10,14,0.22361290108936743,0.22361290108936743
thetao,W40p0,7,3,0.22327010533397723,0.22327010533397723
thetao,W40p0,7,1,0.22305814218268927,0.22305814218268927
so,W30p0,7,8,-0.22254677545337623,0.22254677545337623
so,W40p0,7,19,0.22253836688853607,0.22253836688853607
thetao,W20p0,2,13,-0.22239496434442943,0.22239496434442943
thetao,W20p0,7,7,-0.22223672475827622,0.22223672475827622
thetao,W30p0,10,12,0.22177852588980815,0.22177852588980815
so,W30p0,2,3,0.22166450244891028,0.22166450244891028
thetao,W40p0,3,3,-0.22153601693254393,0.22153601693254393
thetao,W20p0,8,15,-0.2215121026508298,0.2215121026508298
thetao,W30p0,9,15,-0.22127838120673704,0.22127838120673704
so,W10p0,5,8,0.22107001021942738,0.22107001021942738
thetao,W20p0,10,11,0.22089359222485483,0.22089359222485483
so,W30p0,7,11,-0.22051982774745718,0.22051982774745718
thetao,W40p0,9,2,0.22050363816676613,0.22050363816676613
thetao,W10p0,3,18,0.22049120309866047,0.22049120309866047
thetao,W20p0,1,15,0.22043701285772244,0.22043701285772244
thetao,W60p0,9,1,0.22014282850671668,0.22014282850671668
thetao,W60p0,7,13,-0.22000908341318895,0.22000908341318895
so,W60p0,9,6,-0.21979387060232086,0.21979387060232086
thetao,W20p0,5,7,-0.2196266188221048,0.2196266188221048
thetao,W60p0,1,2,0.2184628318095287,0.2184628318095287
thetao,W10p0,6,17,0.21839412964789295,0.21839412964789295
so,W20p0,9,11,-0.21837103441585892,0.21837103441585892
so,W20p0,6,14,0.2183489681375651,0.2183489681375651
thetao,W10p0,9,10,0.21829387332439973,0.21829387332439973
so,W40p0,8,8,-0.21821651686751223,0.21821651686751223
thetao,W10p0,4,4,0.21788281635683734,0.21788281635683734
so,W60p0,3,8,-0.2178826688405807,0.2178826688405807
thetao,W60p0,10,16,-0.2171396413906324,0.2171396413906324
so,W60p0,1,7,0.2169395277931269,0.2169395277931269
thetao,W60p0,10,14,-0.2168975557007979,0.2168975557007979
so,W10p0,3,5,-0.21663515578482867,0.21663515578482867
thetao,W60p0,9,19,-0.2164623814532052,0.2164623814532052
so,W40p0,4,13,0.21570342380653013,0.21570342380653013
so,W10p0,9,11,-0.21552651279702303,0.21552651279702303
so,W10p0,3,3,-0.21542445500270307,0.21542445500270307
thetao,W60p0,5,4,-0.21536201968792412,0.21536201968792412
thetao,W10p0,1,0,0.21522973085194874,0.21522973085194874
so,W60p0,10,12,0.21504992480432059,0.21504992480432059
thetao,W10p0,1,7,0.21503111540653824,0.21503111540653824
thetao,W20p0,8,12,-0.21473549657948815,0.21473549657948815
thetao,W40p0,3,5,-0.21462134028419066,0.21462134028419066
thetao,W30p0,2,12,0.21457444661294692,0.21457444661294692
so,W20p0,9,2,0.21455616389479454,0.21455616389479454
so,W10p0,5,11,0.2142055424240626,0.2142055424240626
thetao,W60p0,8,2,-0.21409459354844926,0.21409459354844926
thetao,W40p0,6,12,0.214036547802287,0.214036547802287
thetao,W60p0,9,20,-0.2140145022792557,0.2140145022792557
so,W30p0,1,1,-0.21320824322120252,0.21320824322120252
thetao,W20p0,8,2,-0.21295373494554617,0.21295373494554617
thetao,W20p0,2,0,0.2125526258677907,0.2125526258677907
thetao,W10p0,9,6,0.21234877776110464,0.21234877776110464
thetao,W30p0,8,4,-0.2122928125889219,0.2122928125889219
thetao,W30p0,4,18,0.21211211876515743,0.21211211876515743
so,W60p0,2,14,0.21151740132993999,0.21151740132993999
so,W30p0,3,3,0.21148149727732043,0.21148149727732043
thetao,W60p0,1,6,0.21139896672996117,0.21139896672996117
so,W30p0,1,16,0.2110630905036121,0.2110630905036121
thetao,W20p0,1,1,0.21081394561331263,0.21081394561331263
thetao,W60p0,2,10,0.2106990927874784,0.2106990927874784
so,W40p0,4,14,0.21046343216909075,0.21046343216909075
thetao,W30p0,10,0,0.21023730758791326,0.21023730758791326
thetao,W30p0,9,14,-0.20996919999658428,0.20996919999658428
so,W30p0,1,2,-0.20972133159019696,0.20972133159019696
so,W30p0,2,2,0.20960457825870069,0.20960457825870069
thetao,W40p0,10,8,0.20848772773495539,0.20848772773495539
thetao,W20p0,8,14,-0.20826473555095593,0.20826473555095593
so,W60p0,3,10,-0.20801879719884217,0.20801879719884217
so,W40p0,4,11,0.20800188613250198,0.20800188613250198
so,W40p0,2,8,-0.20740737341666726,0.20740737341666726
thetao,W10p0,8,12,-0.2071904885885979,0.2071904885885979
so,W10p0,2,16,0.20695876105610694,0.20695876105610694
so,W30p0,8,9,0.20671264337743048,0.20671264337743048
so,W10p0,7,8,-0.20663860426972086,0.20663860426972086
so,W60p0,2,20,0.20622107622059363,0.20622107622059363
so,W40p0,8,9,-0.2059708727659832,0.2059708727659832
so,W20p0,1,7,-0.205930000502444,0.205930000502444
thetao,W10p0,3,3,0.2058262734823375,0.2058262734823375
so,W30p0,8,3,0.20566854934566262,0.20566854934566262
so,W10p0,1,18,-0.20563400760907316,0.20563400760907316
thetao,W20p0,2,20,-0.20506078901374944,0.20506078901374944
thetao,W20p0,8,4,-0.2049441466668324,0.2049441466668324
so,W10p0,8,13,-0.20422067991265827,0.20422067991265827
so,W60p0,10,11,0.20410973966188806,0.20410973966188806
so,W40p0,4,10,0.20361066014947896,0.20361066014947896
so,W10p0,4,12,-0.20352071292373816,0.20352071292373816
thetao,W60p0,6,6,0.20307007695000345,0.20307007695000345
thetao,W30p0,10,13,0.20286634849267987,0.20286634849267987
so,W20p0,7,1,-0.2027941833462975,0.2027941833462975
thetao,W10p0,3,4,0.20241168174039523,0.20241168174039523
thetao,W60p0,2,15,0.20216703354780355,0.20216703354780355
so,W30p0,8,10,0.202158758097406,0.202158758097406
thetao,W20p0,10,16,0.20205675071088605,0.20205675071088605
thetao,W60p0,5,5,-0.2020225874297118,0.2020225874297118
so,W10p0,4,8,-0.20160973120115744,0.20160973120115744
so,W40p0,9,17,-0.2013528863353327,0.2013528863353327
so,W60p0,4,20,0.2012396798720267,0.2012396798720267
thetao,W10p0,1,8,0.20116689187344164,0.20116689187344164
thetao,W40p0,1,6,-0.20102792181080603,0.20102792181080603
thetao,W60p0,2,14,0.20077933872299794,0.20077933872299794
so,W20p0,6,13,0.20065269201375918,0.20065269201375918
thetao,W40p0,4,20,0.20040047507968511,0.20040047507968511
thetao,W20p0,1,16,0.20037008309369145,0.20037008309369145
so,W30p0,5,0,-0.20030994291676013,0.20030994291676013
thetao,W60p0,3,4,-0.20030881928547736,0.20030881928547736
thetao,W30p0,5,6,-0.20026077276469054,0.20026077276469054
so,W60p0,9,20,0.2001976952547814,0.2001976952547814
thetao,W10p0,10,15,0.2000661334450658,0.2000661334450658
so,W30p0,4,15,0.19993598680762714,0.19993598680762714
so,W20p0,7,2,-0.19972523265642825,0.19972523265642825
thetao,W40p0,6,0,0.19964880592040318,0.19964880592040318
so,W60p0,1,6,0.19955535802528904,0.19955535802528904
so,W30p0,3,2,0.19942310039988406,0.19942310039988406
thetao,W20p0,8,18,-0.19939824165071848,0.19939824165071848
so,W60p0,2,9,0.19923390227237336,0.19923390227237336
so,W20p0,7,5,-0.19847674612097885,0.19847674612097885
so,W40p0,5,18,-0.19776963326581884,0.19776963326581884
so,W60p0,7,14,0.1977504632975511,0.1977504632975511
so,W10p0,7,17,-0.19773039310052523,0.19773039310052523
so,W40p0,5,17,-0.1975598935123118,0.1975598935123118
so,W40p0,1,18,0.19733440412646922,0.19733440412646922
thetao,W20p0,8,13,-0.19726034632985534,0.19726034632985534
thetao,W60p0,10,18,-0.19682138219249648,0.19682138219249648
thetao,W20p0,8,3,-0.19675882544256618,0.19675882544256618
thetao,W40p0,5,9,0.19659167715690368,0.19659167715690368
thetao,W40p0,2,11,-0.19609360041675433,0.19609360041675433
thetao,W20p0,10,10,0.19600396622685717,0.19600396622685717
so,W10p0,2,7,-0.1959066057313101,0.1959066057313101
thetao,W30p0,2,9,0.19564727599941098,0.19564727599941098
so,W30p0,5,3,0.19510801229604188,0.19510801229604188
so,W30p0,6,3,-0.19484032502045176,0.19484032502045176
so,W40p0,2,9,-0.19480770787668125,0.19480770787668125
thetao,W60p0,1,5,0.1939683354963603,0.1939683354963603
thetao,W60p0,4,18,-0.1939202936504888,0.1939202936504888
so,W20p0,3,14,0.19391878166353907,0.19391878166353907
thetao,W40p0,6,7,0.19374070427991258,0.19374070427991258
so,W30p0,4,14,0.1935938832377771,0.1935938832377771
thetao,W40p0,4,10,0.19336761105066408,0.19336761105066408
thetao,W40p0,4,8,0.1932963678491389,0.1932963678491389
so,W40p0,1,17,0.1927799843829434,0.1927799843829434
thetao,W40p0,6,13,0.19262737113550105,0.19262737113550105
so,W20p0,1,20,-0.1925873722061931,0.1925873722061931
thetao,W60p0,2,13,0.1925248725419874,0.1925248725419874
thetao,W60p0,1,19,0.19147887682015696,0.19147887682015696
so,W60p0,7,13,0.1910534324588153,0.1910534324588153
so,W10p0,1,20,-0.1905563192632359,0.1905563192632359
thetao,W40p0,1,8,-0.19047705708113313,0.19047705708113313
thetao,W60p0,7,8,-0.19024955755625622,0.19024955755625622
thetao,W10p0,1,9,0.1901202706036891,0.1901202706036891
so,W40p0,9,12,-0.19008058964523325,0.19008058964523325
thetao,W20p0,1,17,0.18990147452335004,0.18990147452335004
thetao,W40p0,9,7,0.18984029830444168,0.18984029830444168
so,W20p0,10,15,0.18982345464827444,0.18982345464827444
so,W20p0,7,0,-0.18934228694690095,0.18934228694690095
thetao,W40p0,10,7,0.18922977331578783,0.18922977331578783
thetao,W60p0,1,3,0.1891620895049261,0.1891620895049261
so,W40p0,1,1,0.1887520521709743,0.1887520521709743
thetao,W60p0,8,0,-0.18868421029998256,0.18868421029998256
thetao,W10p0,4,3,0.1885967650340424,0.1885967650340424
so,W10p0,8,12,-0.18857011532855006,0.18857011532855006
so,W10p0,4,20,-0.18855973258421002,0.18855973258421002
so,W40p0,2,10,-0.18849359130647647,0.18849359130647647
so,W20p0,8,6,0.18848627843382632,0.18848627843382632
so,W30p0,1,6,-0.18844496106358957,0.18844496106358957
thetao,W10p0,7,12,0.1875187348458913,0.1875187348458913
thetao,W30p0,2,10,0.18747836864259357,0.18747836864259357
thetao,W20p0,7,20,-0.18716065128841555,0.18716065128841555
thetao,W20p0,7,9,-0.18702819111918562,0.18702819111918562
so,W30p0,7,2,-0.18691693068606618,0.18691693068606618
thetao,W10p0,6,15,0.18690735397592828,0.18690735397592828
thetao,W20p0,10,9,0.18686812146940074,0.18686812146940074
so,W60p0,5,11,0.18684573820294356,0.18684573820294356
so,W10p0,8,19,0.18637214827216136,0.18637214827216136
thetao,W20p0,3,0,0.1860269967167525,0.1860269967167525
so,W30p0,1,0,-0.18592470919554693,0.18592470919554693
thetao,W40p0,2,12,-0.1855841196702614,0.1855841196702614
thetao,W60p0,9,17,-0.18554240766252603,0.18554240766252603
thetao,W40p0,3,7,-0.18539874209613882,0.18539874209613882
thetao,W30p0,8,10,-0.18528367725850048,0.18528367725850048
so,W40p0,2,7,-0.1849556170826057,0.1849556170826057
thetao,W20p0,1,18,0.18484293886728326,0.18484293886728326
thetao,W10p0,6,16,0.18463697335707546,0.18463697335707546
thetao,W20p0,9,12,-0.1845983586446622,0.1845983586446622
thetao,W60p0,2,12,0.18385314310949466,0.18385314310949466
so,W20p0,4,11,-0.18380662833821043,0.18380662833821043
so,W60p0,3,16,-0.18331089493336672,0.18331089493336672
so,W10p0,8,15,-0.18330734183644873,0.18330734183644873
so,W10p0,1,19,-0.18322002986775948,0.18322002986775948
so,W40p0,8,0,-0.18319515411704093,0.18319515411704093
thetao,W10p0,7,6,0.18313450269129933,0.18313450269129933
thetao,W10p0,3,17,0.18285424412134124,0.18285424412134124
thetao,W10p0,1,10,0.182416235497711,0.182416235497711
so,W30p0,8,4,0.1823022333461458,0.1823022333461458
thetao,W60p0,10,6,-0.1820986038651236,0.1820986038651236
so,W30p0,4,0,0.1819934345147258,0.1819934345147258
thetao,W20p0,1,20,0.18194809025493375,0.18194809025493375
thetao,W20p0,9,15,-0.18179422312921806,0.18179422312921806
so,W20p0,9,15,-0.18125285008965214,0.18125285008965214
so,W10p0,10,2,0.1810677922165309,0.1810677922165309
so,W60p0,10,6,0.18074821278161401,0.18074821278161401
thetao,W30p0,4,2,0.18065209159484316,0.18065209159484316
so,W20p0,8,9,0.18054426954074837,0.18054426954074837
so,W60p0,3,17,-0.18036729233765145,0.18036729233765145
thetao,W40p0,1,17,-0.18032502520577112,0.18032502520577112
thetao,W40p0,1,18,-0.18031961654465087,0.18031961654465087
so,W60p0,4,15,-0.18014343617872916,0.18014343617872916
so,W10p0,10,3,0.18010204273791464,0.18010204273791464
so,W40p0,7,2,-0.18007166180975545,0.18007166180975545
thetao,W40p0,7,18,0.18005573443046471,0.18005573443046471
thetao,W20p0,3,20,0.18004140034559163,0.18004140034559163
so,W20p0,8,11,0.1799169600889821,0.1799169600889821
thetao,W20p0,1,19,0.1798455905147788,0.1798455905147788
so,W10p0,1,2,-0.17983481351451674,0.17983481351451674
so,W60p0,2,0,0.17965407809155393,0.17965407809155393
so,W30p0,2,10,0.17941005375632804,0.17941005375632804
thetao,W30p0,3,0,-0.17902136368500118,0.17902136368500118
thetao,W10p0,3,19,0.17897335032449305,0.17897335032449305
thetao,W20p0,3,5,0.17896264240617246,0.17896264240617246
thetao,W10p0,8,10,-0.17884554280641915,0.17884554280641915
thetao,W60p0,7,12,-0.1785638321892575,0.1785638321892575
so,W60p0,1,5,0.17855233802098983,0.17855233802098983
thetao,W10p0,6,11,0.17846397788261184,0.17846397788261184
so,W40p0,8,7,-0.17832677636293165,0.17832677636293165
so,W40p0,6,1,-0.17824227382556873,0.17824227382556873
so,W20p0,2,0,0.17820459442232403,0.17820459442232403
thetao,W30p0,6,3,-0.17811414310383966,0.17811414310383966
thetao,W60p0,2,16,0.1780395072891043,0.1780395072891043
so,W20p0,6,4,0.17782166595252513,0.17782166595252513
so,W60p0,7,19,0.17770600445540852,0.17770600445540852
thetao,W20p0,5,8,-0.1776699157603715,0.1776699157603715
so,W20p0,8,10,0.17760314680308026,0.17760314680308026
thetao,W40p0,5,4,-0.17736897219430034,0.17736897219430034
thetao,W60p0,7,7,-0.17689042802412971,0.17689042802412971
thetao,W40p0,6,11,0.17666029987537119,0.17666029987537119
so,W40p0,9,13,-0.17642036458542185,0.17642036458542185
thetao,W60p0,8,16,0.1762848672706812,0.1762848672706812
so,W40p0,10,3,0.1760424044511523,0.1760424044511523
so,W10p0,5,13,0.17590112777040767,0.17590112777040767
thetao,W30p0,2,11,0.17551814733980764,0.17551814733980764
thetao,W30p0,9,16,-0.1755045898687072,0.1755045898687072
thetao,W40p0,10,6,0.1752074915796723,0.1752074915796723
thetao,W60p0,7,10,-0.17520400488415677,0.17520400488415677
so,W30p0,5,12,0.17518320886606262,0.17518320886606262
so,W40p0,4,15,0.17503825117800884,0.17503825117800884
so,W10p0,3,6,-0.17489353976761704,0.17489353976761704
thetao,W30p0,8,19,-0.17455942888777098,0.17455942888777098
thetao,W10p0,4,2,0.174477213228025,0.174477213228025
thetao,W40p0,10,9,0.1743395184168044,0.1743395184168044
thetao,W40p0,10,5,0.17427313411663534,0.17427313411663534
so,W60p0,6,11,0.17423802645424286,0.17423802645424286
thetao,W40p0,4,9,0.17363960998791594,0.17363960998791594
thetao,W30p0,1,8,-0.1735451129851401,0.1735451129851401
so,W60p0,10,13,0.1732756590880021,0.1732756590880021
thetao,W20p0,7,8,-0.1731110786194126,0.1731110786194126
so,W40p0,9,18,-0.17291571141760378,0.17291571141760378
thetao,W60p0,8,13,0.17286435944843567,0.17286435944843567
thetao,W60p0,10,2,-0.1727801034981717,0.1727801034981717
so,W40p0,2,11,-0.17272981506424906,0.17272981506424906
so,W60p0,4,9,0.17268433612360282,0.17268433612360282
so,W40p0,5,19,-0.17258517772955123,0.17258517772955123
thetao,W40p0,8,11,0.17247646582216092,0.17247646582216092
so,W60p0,2,3,0.17245405628363675,0.17245405628363675
so,W60p0,1,8,0.17217271356665348,0.17217271356665348
so,W30p0,8,8,0.17215892143790992,0.17215892143790992
thetao,W30p0,4,20,0.17212944977026906,0.17212944977026906
thetao,W20p0,2,12,-0.1721115753405704,0.1721115753405704
thetao,W60p0,8,14,0.17207064795136076,0.17207064795136076
thetao,W30p0,5,10,-0.1717439533517935,0.1717439533517935
so,W40p0,6,0,-0.17165169416244955,0.17165169416244955
thetao,W40p0,8,10,0.17124538869838257,0.17124538869838257
so,W60p0,7,15,0.17107233662645668,0.17107233662645668
so,W10p0,8,10,-0.17099491413552503,0.17099491413552503
so,W60p0,1,3,0.1709062144254546,0.1709062144254546
thetao,W60p0,10,13,-0.1707314592634286,0.1707314592634286
thetao,W20p0,7,11,-0.17065083486886645,0.17065083486886645
so,W30p0,5,4,0.1706434580733926,0.1706434580733926
thetao,W10p0,6,7,0.17054598407129604,0.17054598407129604
thetao,W60p0,2,11,0.1704889368894243,0.1704889368894243
so,W60p0,3,11,-0.17041085440302645,0.17041085440302645
so,W20p0,7,7,-0.17017559469232296,0.17017559469232296
thetao,W30p0,5,1,0.17015253258279417,0.17015253258279417
thetao,W10p0,1,11,0.1700225274182203,0.1700225274182203
thetao,W60p0,8,15,0.1698577228224176,0.1698577228224176
thetao,W60p0,3,9,-0.16952672191528453,0.16952672191528453
thetao,W20p0,9,10,-0.16944715745246944,0.16944715745246944
thetao,W60p0,3,10,-0.16923417606963304,0.16923417606963304
thetao,W20p0,1,0,0.1691853800853574,0.1691853800853574
so,W20p0,7,8,-0.16850259946330415,0.16850259946330415
thetao,W60p0,7,15,-0.1683441574854312,0.1683441574854312
thetao,W20p0,2,18,-0.16829387532324505,0.16829387532324505
thetao,W60p0,1,4,0.16815118396618586,0.16815118396618586
so,W30p0,9,17,0.16798524648676666,0.16798524648676666
so,W40p0,5,8,-0.16722041543702112,0.16722041543702112
so,W60p0,5,12,0.16714192020874272,0.16714192020874272
so,W10p0,2,8,-0.1668611363866009,0.1668611363866009
so,W20p0,7,13,0.1667111070718097,0.1667111070718097
so,W30p0,7,7,-0.16653343590935807,0.16653343590935807
so,W10p0,3,2,-0.16641643103822315,0.16641643103822315
thetao,W10p0,7,1,-0.16628611073273575,0.16628611073273575
thetao,W30p0,7,9,-0.16606939033335466,0.16606939033335466
so,W60p0,8,0,0.16597915295686833,0.16597915295686833
so,W60p0,1,9,0.1658769215951234,0.1658769215951234
so,W20p0,10,14,0.1657377514768514,0.1657377514768514
thetao,W10p0,2,13,-0.16573655664475156,0.16573655664475156
thetao,W60p0,1,8,0.1656459606979546,0.1656459606979546
so,W10p0,4,9,-0.16551898130058712,0.16551898130058712
thetao,W40p0,10,4,0.1653785080267245,0.1653785080267245
so,W40p0,2,16,0.1652508065587359,0.1652508065587359
thetao,W60p0,3,11,-0.1652395185726186,0.1652395185726186
so,W60p0,7,11,0.16519756923677395,0.16519756923677395
thetao,W10p0,5,0,-0.1651470316615378,0.1651470316615378
thetao,W60p0,1,0,0.16511405145400665,0.16511405145400665
so,W40p0,6,4,0.16467281940684225,0.16467281940684225
so,W20p0,6,15,0.1646673615969216,0.1646673615969216
thetao,W60p0,5,8,-0.16439542496907084,0.16439542496907084
so,W60p0,3,14,-0.16436424494658344,0.16436424494658344
so,W20p0,4,13,-0.16434019083778661,0.16434019083778661
so,W40p0,8,5,-0.16427928790390608,0.16427928790390608
thetao,W20p0,9,9,-0.16392568104093702,0.16392568104093702
so,W10p0,6,0,-0.1637574581844128,0.1637574581844128
thetao,W40p0,3,20,0.1637428935828737,0.1637428935828737
thetao,W40p0,9,8,0.16368610938423972,0.16368610938423972
so,W10p0,2,15,0.16356308206353562,0.16356308206353562
thetao,W20p0,10,8,0.163365524207003,0.163365524207003
thetao,W10p0,8,4,-0.1629255807378979,0.1629255807378979
thetao,W10p0,1,12,0.16282580322045476,0.16282580322045476
thetao,W60p0,7,11,-0.1625549280351609,0.1625549280351609
so,W40p0,10,12,-0.1624694497611432,0.1624694497611432
thetao,W40p0,8,9,0.16238822364996303,0.16238822364996303
thetao,W60p0,3,0,-0.16234416575653104,0.16234416575653104
thetao,W60p0,1,7,0.16222599513973657,0.16222599513973657
thetao,W40p0,5,1,-0.16222309706966048,0.16222309706966048
thetao,W20p0,4,11,-0.16208514245229125,0.16208514245229125
so,W60p0,2,6,0.16205717704623387,0.16205717704623387
thetao,W10p0,3,20,0.16088753594333405,0.16088753594333405
so,W10p0,8,14,-0.16063227904311628,0.16063227904311628
thetao,W10p0,6,14,0.1605669123833788,0.1605669123833788
thetao,W10p0,3,0,-0.1604231225019262,0.1604231225019262
thetao,W60p0,8,11,0.1603946061970339,0.1603946061970339
thetao,W60p0,6,0,0.16020543332131715,0.16020543332131715
so,W60p0,4,6,0.16000563329533105,0.16000563329533105
so,W60p0,3,15,-0.1593762129717333,0.1593762129717333
so,W60p0,5,20,0.15931659177170962,0.15931659177170962
thetao,W10p0,3,6,0.15930246190904832,0.15930246190904832
thetao,W60p0,2,6,0.15908468644160653,0.15908468644160653
thetao,W40p0,1,1,-0.15904115176850453,0.15904115176850453
thetao,W30p0,10,14,0.15902309321480262,0.15902309321480262
so,W40p0,7,18,0.15897222746400289,0.15897222746400289
thetao,W10p0,7,16,0.1589704872345095,0.1589704872345095
thetao,W20p0,2,19,-0.1587409364103835,0.1587409364103835
so,W20p0,7,6,-0.15870583411613415,0.15870583411613415
so,W30p0,7,3,-0.15834781921564822,0.15834781921564822
so,W30p0,2,20,0.15824883963288813,0.15824883963288813
so,W60p0,7,20,0.15824563471831507,0.15824563471831507
so,W20p0,2,7,0.1582305153597484,0.1582305153597484
so,W30p0,3,12,0.15820353050739455,0.15820353050739455
so,W60p0,3,13,-0.1578963558049235,0.1578963558049235
so,W40p0,4,2,0.1578211784844672,0.1578211784844672
so,W40p0,8,6,-0.1577687669182139,0.1577687669182139
so,W40p0,1,5,0.15775638670352543,0.15775638670352543
thetao,W40p0,9,3,0.15773328783978327,0.15773328783978327
thetao,W60p0,8,12,0.1575466724236368,0.1575466724236368
thetao,W20p0,6,0,0.1574728632903061,0.1574728632903061
thetao,W30p0,5,5,-0.15721628029686235,0.15721628029686235
thetao,W40p0,5,8,0.15716428782048805,0.15716428782048805
so,W40p0,10,1,0.1569700126571802,0.1569700126571802
thetao,W40p0,5,10,0.15692511006740878,0.15692511006740878
so,W20p0,2,11,0.1568440779260496,0.1568440779260496
thetao,W40p0,6,10,0.15626716346605957,0.15626716346605957
so,W10p0,5,6,0.15614127403144337,0.15614127403144337
so,W20p0,8,14,0.15593482945634038,0.15593482945634038
thetao,W30p0,10,15,0.1559116750432261,0.1559116750432261
so,W60p0,1,4,0.15584952045198122,0.15584952045198122
so,W10p0,4,13,-0.1557647765144164,0.1557647765144164
so,W10p0,5,14,0.15560956746577387,0.15560956746577387
thetao,W20p0,7,10,-0.1552999847105746,0.1552999847105746
so,W40p0,5,10,-0.15490932591966533,0.15490932591966533
so,W10p0,6,1,-0.154811304118639,0.154811304118639
thetao,W10p0,8,13,-0.15451501299854173,0.15451501299854173
thetao,W60p0,4,7,0.15450253287455396,0.15450253287455396
so,W40p0,6,9,0.15435078315466486,0.15435078315466486
thetao,W30p0,8,18,-0.15433601329269836,0.15433601329269836
so,W60p0,6,8,0.15432405116151224,0.15432405116151224
thetao,W60p0,10,4,-0.1541391099276157,0.1541391099276157
so,W20p0,6,12,0.15410820481173912,0.15410820481173912
thetao,W10p0,3,5,0.1540072548404027,0.1540072548404027
thetao,W10p0,9,20,0.15390595961524506,0.15390595961524506
thetao,W40p0,3,11,-0.15372709335745977,0.15372709335745977
thetao,W40p0,6,14,0.1530641529164721,0.1530641529164721
so,W60p0,2,5,0.1528415357773162,0.1528415357773162
so,W30p0,8,2,0.15244973858557823,0.15244973858557823
so,W20p0,9,10,-0.15231354050411827,0.15231354050411827
thetao,W40p0,2,3,-0.15212045973433924,0.15212045973433924
thetao,W40p0,9,5,0.15201573684371505,0.15201573684371505
so,W40p0,10,13,-0.15182415015970435,0.15182415015970435
so,W20p0,2,5,0.15179072970373395,0.15179072970373395
thetao,W30p0,1,0,0.15171496334311663,0.15171496334311663
thetao,W60p0,7,9,-0.15162877623922094,0.15162877623922094
so,W40p0,10,17,-0.1514550096138167,0.1514550096138167
thetao,W10p0,9,9,0.15144337127243404,0.15144337127243404
so,W40p0,5,9,-0.15142993506497485,0.15142993506497485
so,W30p0,3,4,0.15109565242437734,0.15109565242437734
thetao,W60p0,10,7,-0.15089687519662223,0.15089687519662223
so,W10p0,9,5,-0.15070501801577513,0.15070501801577513
so,W60p0,3,12,-0.15064029596658615,0.15064029596658615
so,W60p0,4,16,-0.15063841681876092,0.15063841681876092
thetao,W10p0,10,16,0.15053740945976965,0.15053740945976965
thetao,W60p0,9,10,-0.15046872047028007,0.15046872047028007
thetao,W10p0,6,8,0.15045877435109256,0.15045877435109256
thetao,W40p0,6,8,0.15045441854358013,0.15045441854358013
so,W60p0,10,7,0.15033492380462918,0.15033492380462918
thetao,W60p0,3,8,-0.15024956484073396,0.15024956484073396
thetao,W40p0,2,10,-0.15013984368301256,0.15013984368301256
thetao,W40p0,8,12,0.14985628755234878,0.14985628755234878
thetao,W60p0,2,0,0.14981026538232783,0.14981026538232783
so,W40p0,7,17,0.14933348127229842,0.14933348127229842
so,W40p0,6,8,0.14922134072595244,0.14922134072595244
thetao,W10p0,8,5,-0.14909324923877568,0.14909324923877568
so,W30p0,6,2,-0.1490609773555141,0.1490609773555141
thetao,W30p0,10,4,0.14891374436690938,0.14891374436690938
thetao,W40p0,3,6,-0.14890752993547307,0.14890752993547307
so,W20p0,2,6,0.148850534430481,0.148850534430481
thetao,W30p0,8,11,-0.14883907048112704,0.14883907048112704
thetao,W40p0,9,6,0.14878154596824505,0.14878154596824505
so,W60p0,7,4,0.14841403262472022,0.14841403262472022
thetao,W10p0,8,19,0.1483958366907285,0.1483958366907285
thetao,W20p0,10,0,0.1483144667246205,0.1483144667246205
so,W10p0,2,9,-0.14828158993468507,0.14828158993468507
so,W30p0,8,20,0.1481578433550487,0.1481578433550487
so,W40p0,6,10,0.14814678161679715,0.14814678161679715
so,W30p0,10,17,0.14814426394416672,0.14814426394416672
so,W10p0,8,20,0.147955236023338,0.147955236023338
thetao,W40p0,2,14,-0.14792563859419822,0.14792563859419822
so,W30p0,1,15,0.14789600000836928,0.14789600000836928
so,W20p0,2,8,0.14780292284734517,0.14780292284734517
so,W60p0,7,12,0.1475915960709892,0.1475915960709892
so,W60p0,7,5,0.1473882232274591,0.1473882232274591
so,W10p0,5,12,0.14724721055610865,0.14724721055610865
so,W60p0,1,10,0.1465924080091904,0.1465924080091904
so,W20p0,3,15,0.1465360693277494,0.1465360693277494
so,W40p0,2,17,0.14652969945670855,0.14652969945670855
so,W30p0,9,10,0.14646698310473166,0.14646698310473166
thetao,W30p0,9,17,-0.1464264025364727,0.1464264025364727
thetao,W10p0,9,15,0.1462631625247169,0.1462631625247169
thetao,W30p0,8,20,-0.14625155803435091,0.14625155803435091
so,W60p0,5,10,0.1461335886780242,0.1461335886780242
thetao,W20p0,10,20,0.145917370631227,0.145917370631227
so,W20p0,6,5,0.14580825041919296,0.14580825041919296
so,W40p0,9,11,-0.14549673441183197,0.14549673441183197
thetao,W10p0,3,2,0.14548201834732163,0.14548201834732163
so,W30p0,3,13,0.14543413122514182,0.14543413122514182
thetao,W20p0,3,19,0.1448828480355628,0.1448828480355628
thetao,W10p0,6,13,0.14482642094594925,0.14482642094594925
thetao,W20p0,5,9,-0.1446407528199598,0.1446407528199598
thetao,W60p0,5,6,-0.14462691398290303,0.14462691398290303
so,W30p0,7,14,-0.14460412633514685,0.14460412633514685
thetao,W40p0,8,18,0.14438608981242945,0.14438608981242945
thetao,W40p0,10,10,0.1443851814292848,0.1443851814292848
thetao,W40p0,2,13,-0.14426477513054728,0.14426477513054728
so,W10p0,9,6,-0.1442165182933949,0.1442165182933949
so,W30p0,8,11,0.14416790091211512,0.14416790091211512
so,W30p0,6,4,-0.14400018539960566,0.14400018539960566
so,W10p0,5,7,0.1437571099659621,0.1437571099659621
so,W60p0,7,6,0.14360700971675375,0.14360700971675375
thetao,W60p0,4,3,0.14344489506870453,0.14344489506870453
so,W40p0,1,2,0.14333562312803655,0.14333562312803655
so,W60p0,4,0,0.14333350719966834,0.14333350719966834
so,W60p0,10,10,0.14326540281310549,0.14326540281310549
so,W40p0,2,12,-0.14298164358346754,0.14298164358346754
so,W10p0,7,11,-0.14256925839877924,0.14256925839877924
so,W20p0,2,10,0.142155833176717,0.142155833176717
thetao,W10p0,2,15,-0.14212053585135642,0.14212053585135642
so,W10p0,6,12,-0.14165378583187224,0.14165378583187224
so,W20p0,4,10,-0.14120774582692897,0.14120774582692897
thetao,W30p0,6,4,-0.14105928849926783,0.14105928849926783
so,W60p0,4,19,0.14023589568151243,0.14023589568151243
so,W20p0,1,6,-0.14006666770443482,0.14006666770443482
thetao,W60p0,2,17,0.1399665799165089,0.1399665799165089
thetao,W30p0,2,8,0.13963201661281385,0.13963201661281385
thetao,W30p0,3,5,-0.13941931970159424,0.13941931970159424
so,W40p0,9,19,-0.13939103939883496,0.13939103939883496
so,W30p0,4,7,0.13903195472584448,0.13903195472584448
thetao,W40p0,4,19,0.1389973340796848,0.1389973340796848
so,W20p0,7,14,0.138640185236138,0.138640185236138
so,W30p0,1,11,0.13858582857523521,0.13858582857523521
thetao,W60p0,3,19,-0.13834130248848875,0.13834130248848875
so,W40p0,6,5,0.1383159658118506,0.1383159658118506
thetao,W20p0,5,20,-0.13809888771374196,0.13809888771374196
thetao,W10p0,4,1,0.13803581957340566,0.13803581957340566
thetao,W10p0,8,20,0.13802709871168797,0.13802709871168797
so,W30p0,2,4,0.1379033893049863,0.1379033893049863
thetao,W10p0,2,14,-0.13788764295095826,0.13788764295095826
thetao,W30p0,2,13,0.13786939090119302,0.13786939090119302
so,W10p0,8,18,0.1378509566466742,0.1378509566466742
so,W20p0,10,13,0.1374216364942195,0.1374216364942195
so,W60p0,10,5,0.13693811888026017,0.13693811888026017
so,W10p0,6,6,-0.13690942318509258,0.13690942318509258
thetao,W60p0,2,5,0.13639087117239782,0.13639087117239782
so,W30p0,4,6,0.13574229112443015,0.13574229112443015
so,W10p0,7,7,-0.1356895077795197,0.1356895077795197
so,W10p0,3,7,-0.13526937270436856,0.13526937270436856
so,W60p0,10,4,0.13516500415575536,0.13516500415575536
thetao,W60p0,2,4,0.13505081258911597,0.13505081258911597
so,W60p0,9,19,0.13486028037517644,0.13486028037517644
so,W30p0,8,7,0.1347285148730268,0.1347285148730268
thetao,W60p0,10,9,-0.13434335505354164,0.13434335505354164
thetao,W40p0,4,3,0.13422552460333764,0.13422552460333764
thetao,W60p0,8,3,-0.13421501299539337,0.13421501299539337
so,W10p0,3,1,-0.13377530980810193,0.13377530980810193
so,W10p0,8,9,-0.13366227720449853,0.13366227720449853
so,W40p0,5,16,-0.13364675586761346,0.13364675586761346
thetao,W20p0,9,11,-0.13361231947473146,0.13361231947473146
so,W30p0,7,20,-0.1334598742536047,0.1334598742536047
thetao,W60p0,1,20,0.1333223461784123,0.1333223461784123
so,W30p0,8,15,0.13314440057092636,0.13314440057092636
so,W30p0,1,12,0.13304644396259846,0.13304644396259846
so,W30p0,6,19,0.13298363280708722,0.13298363280708722
thetao,W10p0,8,8,-0.13292118441009962,0.13292118441009962
thetao,W40p0,6,9,0.1327766034524381,0.1327766034524381
so,W10p0,4,19,-0.1326418471471646,0.1326418471471646
thetao,W40p0,9,13,-0.13262565001342952,0.13262565001342952
thetao,W40p0,7,20,0.13238759098892092,0.13238759098892092
thetao,W40p0,7,14,0.13232729773513602,0.13232729773513602
thetao,W20p0,10,19,0.1323046637467905,0.1323046637467905
so,W40p0,10,14,-0.13219351784321057,0.13219351784321057
so,W40p0,5,11,-0.13216497102337468,0.13216497102337468
so,W10p0,6,7,-0.13208343878341952,0.13208343878341952
thetao,W10p0,8,9,-0.13197531549723834,0.13197531549723834
so,W30p0,10,20,0.13187465692440498,0.13187465692440498
thetao,W60p0,9,9,-0.13186533168120068,0.13186533168120068
so,W40p0,10,20,-0.1317922514519189,0.1317922514519189
thetao,W10p0,8,18,0.13160558761172197,0.13160558761172197
thetao,W30p0,3,2,-0.1311197450621353,0.1311197450621353
so,W10p0,10,1,0.13101113523341026,0.13101113523341026
thetao,W20p0,6,1,0.13084616446832908,0.13084616446832908
thetao,W40p0,9,14,-0.13077363885037166,0.13077363885037166
so,W20p0,8,0,0.1305839380426658,0.1305839380426658
so,W30p0,5,11,0.13048133011608634,0.13048133011608634
thetao,W10p0,6,18,0.13028113460344723,0.13028113460344723
thetao,W10p0,9,19,0.13027647481329555,0.13027647481329555
so,W40p0,8,10,-0.13014184437867668,0.13014184437867668
so,W60p0,5,4,-0.12984380528194417,0.12984380528194417
so,W30p0,4,13,0.12980745926597234,0.12980745926597234
so,W60p0,2,7,0.12956743935463103,0.12956743935463103
thetao,W30p0,7,19,-0.1294610860876097,0.1294610860876097
thetao,W30p0,5,20,0.1293749855105511,0.1293749855105511
thetao,W60p0,9,11,-0.12919690485834004,0.12919690485834004
so,W40p0,2,18,0.12918481965041936,0.12918481965041936
so,W30p0,2,9,0.12917688415305725,0.12917688415305725
so,W10p0,3,8,-0.12887235623301743,0.12887235623301743
so,W40p0,10,16,-0.12884617085909444,0.12884617085909444
so,W10p0,6,11,-0.1288342023354844,0.1288342023354844
thetao,W60p0,10,12,-0.12873848186975292,0.12873848186975292
thetao,W40p0,1,2,-0.12872124897987622,0.12872124897987622
so,W10p0,5,5,0.12871790484599852,0.12871790484599852
thetao,W10p0,9,16,0.1284042334147698,0.1284042334147698
so,W20p0,6,3,0.1283637345027737,0.1283637345027737
thetao,W40p0,9,4,0.12829965716668526,0.12829965716668526
so,W40p0,2,0,-0.1280417552861604,0.1280417552861604
so,W20p0,2,9,0.12779252052327614,0.12779252052327614
so,W20p0,7,9,-0.12776518335640416,0.12776518335640416
so,W30p0,10,7,0.12759897626057282,0.12759897626057282
so,W30p0,7,12,-0.1275959126756562,0.1275959126756562
so,W40p0,4,1,0.12756926301061075,0.12756926301061075
so,W10p0,10,8,0.12756561130010388,0.12756561130010388
so,W30p0,10,1,0.12748383823975762,0.12748383823975762
so,W20p0,8,20,-0.12744799562328046,0.12744799562328046
thetao,W10p0,8,6,-0.12741246042568113,0.12741246042568113
so,W40p0,5,4,-0.1271998636529981,0.1271998636529981
so,W60p0,2,8,0.12701181963125613,0.12701181963125613
thetao,W10p0,5,12,-0.12685534098885481,0.12685534098885481
thetao,W30p0,7,0,-0.12680478969665143,0.12680478969665143
so,W10p0,9,7,-0.12656961011492934,0.12656961011492934
so,W60p0,4,17,-0.1265671297655254,0.1265671297655254
so,W30p0,5,13,0.1263034251162578,0.1263034251162578
so,W40p0,4,16,0.12624624745125965,0.12624624745125965
thetao,W10p0,6,9,0.12611618687530612,0.12611618687530612
so,W30p0,10,0,0.12606734500298786,0.12606734500298786
so,W20p0,7,12,0.12593081872477083,0.12593081872477083
so,W10p0,3,20,0.12580437028223598,0.12580437028223598
so,W10p0,4,14,-0.12577340073664858,0.12577340073664858
thetao,W10p0,2,16,-0.1254640027086761,0.1254640027086761
so,W30p0,6,9,0.1253305427892197,0.1253305427892197
so,W30p0,10,18,0.1250902370531787,0.1250902370531787
so,W40p0,3,13,0.12462822461779904,0.12462822461779904
thetao,W10p0,7,0,-0.12444808314125005,0.12444808314125005
thetao,W20p0,4,13,-0.12443421073437068,0.12443421073437068
so,W30p0,6,12,0.12434005995945961,0.12434005995945961
so,W30p0,2,6,0.12429327532156406,0.12429327532156406
so,W10p0,9,14,-0.12426695427503527,0.12426695427503527
so,W20p0,10,16,0.12426276739835183,0.12426276739835183
thetao,W20p0,7,19,-0.12420262215640403,0.12420262215640403
so,W10p0,4,11,-0.12406642179603417,0.12406642179603417
so,W60p0,6,3,0.12343310123378888,0.12343310123378888
thetao,W40p0,9,9,0.1234243809443256,0.1234243809443256
so,W60p0,5,13,0.12328611501987766,0.12328611501987766
so,W60p0,1,20,-0.1230719068171787,0.1230719068171787
so,W20p0,2,1,0.12301684465471399,0.12301684465471399
so,W40p0,2,15,0.12281007889929448,0.12281007889929448
so,W60p0,1,12,0.12268245816426536,0.12268245816426536
so,W40p0,6,18,0.12264577694845227,0.12264577694845227
thetao,W40p0,7,17,0.12233946546902565,0.12233946546902565
so,W10p0,6,8,-0.12233519726064167,0.12233519726064167
thetao,W20p0,10,7,0.12228063144395321,0.12228063144395321
thetao,W10p0,6,6,0.12221168533447119,0.12221168533447119
so,W10p0,5,1,0.1221463606568916,0.1221463606568916
so,W60p0,8,19,-0.12213631040692742,0.12213631040692742
so,W20p0,6,0,-0.12200610766223598,0.12200610766223598
thetao,W40p0,1,19,-0.12180706209791714,0.12180706209791714
thetao,W20p0,9,8,-0.1215644621031738,0.1215644621031738
thetao,W10p0,5,1,-0.1215235653753525,0.1215235653753525
so,W60p0,10,8,0.12145410147413266,0.12145410147413266
so,W40p0,9,20,-0.12130111098530572,0.12130111098530572
so,W10p0,10,0,0.12115125978644893,0.12115125978644893
so,W20p0,10,2,-0.12100072878545208,0.12100072878545208
so,W10p0,9,13,-0.12048174020476224,0.12048174020476224
thetao,W60p0,10,8,-0.12030847495453892,0.12030847495453892
so,W40p0,1,19,0.12020643413941481,0.12020643413941481
thetao,W20p0,5,18,-0.12016414306835388,0.12016414306835388
thetao,W40p0,10,12,0.12015217432754746,0.12015217432754746
so,W20p0,4,12,-0.11994531299597401,0.11994531299597401
so,W60p0,10,14,0.11985940494119227,0.11985940494119227
thetao,W60p0,5,7,-0.11960418065858891,0.11960418065858891
thetao,W10p0,8,7,-0.11952512627314642,0.11952512627314642
thetao,W60p0,10,11,-0.11942384183439862,0.11942384183439862
thetao,W10p0,8,3,-0.11942328298083443,0.11942328298083443
thetao,W40p0,10,11,0.11941650996248948,0.11941650996248948
so,W60p0,10,9,0.11934499047972552,0.11934499047972552
so,W30p0,8,14,0.11914395479122805,0.11914395479122805
thetao,W60p0,3,12,-0.11889488624309488,0.11889488624309488
thetao,W20p0,6,14,0.11887755296102667,0.11887755296102667
so,W30p0,4,10,-0.11856784238651985,0.11856784238651985
thetao,W20p0,5,19,-0.1185510795364357,0.1185510795364357
so,W30p0,1,10,0.11848226484986497,0.11848226484986497
so,W40p0,7,16,0.11827856742922827,0.11827856742922827
so,W20p0,5,6,0.11792016677569538,0.11792016677569538
thetao,W20p0,6,13,0.11781734972310387,0.11781734972310387
thetao,W60p0,5,18,0.11757963687785518,0.11757963687785518
so,W10p0,10,13,0.11741181962503576,0.11741181962503576
thetao,W40p0,4,2,0.11741036312629556,0.11741036312629556
so,W20p0,1,5,-0.11728998329863362,0.11728998329863362
so,W30p0,9,9,0.11707583422795267,0.11707583422795267
thetao,W60p0,3,18,-0.11702837400635863,0.11702837400635863
thetao,W10p0,6,19,0.11702702784803247,0.11702702784803247
thetao,W30p0,3,10,0.11699395422535824,0.11699395422535824
so,W60p0,1,19,-0.11687878712278606,0.11687878712278606
so,W60p0,5,19,0.11684146485490765,0.11684146485490765
thetao,W30p0,7,10,-0.11677650881733015,0.11677650881733015
thetao,W40p0,4,11,0.1167693182111197,0.1167693182111197
thetao,W10p0,3,16,0.11668711341158615,0.11668711341158615
so,W10p0,6,13,-0.11643932769501147,0.11643932769501147
so,W40p0,10,18,-0.11639364830123723,0.11639364830123723
thetao,W20p0,6,2,0.11632898734568257,0.11632898734568257
so,W40p0,10,8,-0.1162583293345369,0.1162583293345369
thetao,W60p0,4,14,0.11610561203703691,0.11610561203703691
thetao,W20p0,10,17,0.1158379198949751,0.1158379198949751
so,W20p0,10,6,-0.11568536734949582,0.11568536734949582
thetao,W60p0,8,9,0.11551427232179988,0.11551427232179988
thetao,W10p0,1,17,-0.11543648309236089,0.11543648309236089
so,W60p0,5,5,-0.1153872501692415,0.1153872501692415
thetao,W60p0,6,18,-0.11537968436185589,0.11537968436185589
so,W30p0,10,8,0.11530277975256815,0.11530277975256815
thetao,W30p0,2,2,0.1152930608608619,0.1152930608608619
so,W10p0,6,5,-0.11482693379179248,0.11482693379179248
so,W30p0,1,13,0.11470809120512451,0.11470809120512451
so,W20p0,2,2,0.11463513605067704,0.11463513605067704
so,W10p0,4,10,-0.11428295520223408,0.11428295520223408
so,W20p0,8,8,0.11415485243733005,0.11415485243733005
so,W10p0,6,2,-0.11393419047648043,0.11393419047648043
thetao,W20p0,2,11,-0.11392752873583965,0.11392752873583965
so,W10p0,9,10,-0.11380940616910735,0.11380940616910735
thetao,W60p0,3,5,-0.11377142482431771,0.11377142482431771
so,W20p0,5,18,-0.11373611915120527,0.11373611915120527
so,W10p0,2,14,0.11354552339088778,0.11354552339088778
so,W30p0,5,17,-0.11328479704483396,0.11328479704483396
so,W30p0,5,16,-0.11325514635774606,0.11325514635774606
so,W40p0,10,19,-0.11306247681695665,0.11306247681695665
so,W40p0,3,14,0.11294232476595378,0.11294232476595378
so,W40p0,6,17,0.11267614557866332,0.11267614557866332
thetao,W60p0,6,19,-0.11267284099897731,0.11267284099897731
so,W60p0,1,11,0.11266355805894124,0.11266355805894124
so,W60p0,8,8,-0.11240780226879583,0.11240780226879583
so,W20p0,2,12,0.1123468062808011,0.1123468062808011
thetao,W30p0,4,17,0.11231286280749848,0.11231286280749848
thetao,W60p0,4,17,-0.11228364230929727,0.11228364230929727
so,W30p0,8,6,0.11203506019792075,0.11203506019792075
so,W30p0,10,6,0.11202380324049394,0.11202380324049394
so,W10p0,5,15,0.11164488630617207,0.11164488630617207
thetao,W30p0,1,3,-0.1114652213960478,0.1114652213960478
so,W30p0,9,15,0.11142270215004861,0.11142270215004861
thetao,W60p0,9,16,-0.11139365843995662,0.11139365843995662
thetao,W10p0,1,19,-0.11127925507606394,0.11127925507606394
thetao,W10p0,1,13,0.11124233539952096,0.11124233539952096
so,W30p0,2,19,0.11109880644831836,0.11109880644831836
so,W60p0,3,7,-0.11105811032385694,0.11105811032385694
so,W30p0,3,11,0.11085383147760113,0.11085383147760113
so,W40p0,10,9,-0.11072304634490557,0.11072304634490557
so,W30p0,1,14,0.10988123395001193,0.10988123395001193
so,W20p0,4,20,-0.10971730886830855,0.10971730886830855
thetao,W20p0,4,6,0.10954255329892627,0.10954255329892627
so,W30p0,7,6,-0.10938801697410913,0.10938801697410913
so,W20p0,2,3,0.10920434926746206,0.10920434926746206
thetao,W40p0,7,19,0.10916741659199512,0.10916741659199512
thetao,W10p0,7,5,0.10911803661661776,0.10911803661661776
so,W30p0,6,5,-0.1089378266930801,0.1089378266930801
thetao,W10p0,10,17,0.10890324271068004,0.10890324271068004
thetao,W30p0,6,5,-0.10882898049708163,0.10882898049708163
so,W30p0,3,8,0.10881968636148528,0.10881968636148528
thetao,W10p0,6,5,0.10863404524508267,0.10863404524508267
so,W30p0,5,2,0.10854176756352027,0.10854176756352027
thetao,W10p0,9,18,0.1085232485485832,0.1085232485485832
so,W30p0,3,1,0.10846761543490874,0.10846761543490874
thetao,W20p0,7,12,-0.1083765181036909,0.1083765181036909
so,W10p0,10,4,0.10835718048872546,0.10835718048872546
thetao,W30p0,5,19,0.1082876938118631,0.1082876938118631
so,W30p0,3,9,0.108218434678941,0.108218434678941
so,W60p0,5,2,-0.10798218246423369,0.10798218246423369
thetao,W40p0,6,15,0.1076857256505471,0.1076857256505471
so,W30p0,9,18,0.10746888097961334,0.10746888097961334
thetao,W10p0,9,7,0.10743570541416718,0.10743570541416718
thetao,W20p0,7,14,-0.1070852947235871,0.1070852947235871
thetao,W10p0,7,2,-0.10682379856993741,0.10682379856993741
thetao,W30p0,8,12,-0.10667483970604384,0.10667483970604384
thetao,W30p0,1,7,-0.10653122079270967,0.10653122079270967
so,W10p0,5,0,0.10651533811923479,0.10651533811923479
thetao,W20p0,6,3,0.10649044975934295,0.10649044975934295
so,W10p0,2,10,-0.10645112396508515,0.10645112396508515
so,W30p0,2,17,0.10573736130677902,0.10573736130677902
so,W30p0,2,8,0.10541969315307002,0.10541969315307002
thetao,W10p0,6,10,0.10538688385599689,0.10538688385599689
thetao,W60p0,6,9,-0.10535546471666839,0.10535546471666839
so,W60p0,3,18,-0.10503849963366838,0.10503849963366838
so,W20p0,5,7,0.10480351292906959,0.10480351292906959
thetao,W30p0,3,9,0.10433984720633811,0.10433984720633811
so,W30p0,8,16,0.10427176708869619,0.10427176708869619
thetao,W60p0,7,6,-0.10417522709144897,0.10417522709144897
so,W60p0,4,13,0.10413368690668597,0.10413368690668597
thetao,W60p0,4,15,0.10413051028502637,0.10413051028502637
so,W10p0,8,16,-0.10404857454285103,0.10404857454285103
so,W40p0,10,15,-0.1039721370010565,0.1039721370010565
thetao,W40p0,7,16,0.10389982999167928,0.10389982999167928
so,W60p0,2,4,0.10379608562075857,0.10379608562075857
so,W60p0,3,2,0.1037304449185297,0.1037304449185297
thetao,W40p0,8,13,0.10369331255066828,0.10369331255066828
so,W30p0,2,14,0.10349983826028916,0.10349983826028916
so,W30p0,4,11,-0.10348957908165025,0.10348957908165025
so,W40p0,1,4,0.10337171964162839,0.10337171964162839
thetao,W60p0,10,10,-0.10325004297314705,0.10325004297314705
so,W30p0,5,5,0.10300866777375957,0.10300866777375957
thetao,W10p0,9,8,0.10295286242084027,0.10295286242084027
thetao,W30p0,7,14,-0.10283303595979816,0.10283303595979816
thetao,W60p0,5,19,0.1026970540979468,0.1026970540979468
so,W20p0,3,16,0.10269188489228506,0.10269188489228506
thetao,W60p0,8,20,0.10255233863256073,0.10255233863256073
so,W60p0,1,13,0.10216535250715618,0.10216535250715618
thetao,W60p0,9,2,0.10209165602199101,0.10209165602199101
so,W20p0,2,4,0.10202764395818159,0.10202764395818159
so,W20p0,6,11,0.10186465891877272,0.10186465891877272
so,W20p0,10,17,0.10153116900371661,0.10153116900371661
so,W40p0,6,3,0.10149126271308145,0.10149126271308145
so,W30p0,4,16,0.1014739270084729,0.1014739270084729
thetao,W30p0,2,0,-0.10130349052388654,0.10130349052388654
thetao,W30p0,10,16,0.10122936908935867,0.10122936908935867
thetao,W10p0,5,18,0.10114176937762875,0.10114176937762875
thetao,W60p0,5,14,-0.10105335926016176,0.10105335926016176
thetao,W30p0,7,17,-0.10104664712125787,0.10104664712125787
so,W40p0,8,1,-0.1009134497988282,0.1009134497988282
so,W30p0,8,17,0.10071506513482573,0.10071506513482573
thetao,W60p0,8,10,0.10058010014009312,0.10058010014009312
thetao,W20p0,7,4,-0.10051525599393057,0.10051525599393057
so,W20p0,10,5,-0.10048792748290197,0.10048792748290197
so,W10p0,3,12,0.10041133983604762,0.10041133983604762
so,W40p0,9,3,-0.10026860914784401,0.10026860914784401
thetao,W20p0,3,18,0.10026496139338234,0.10026496139338234
thetao,W10p0,1,18,-0.10021620174900417,0.10021620174900417
thetao,W40p0,3,2,-0.09975007791597613,0.09975007791597613
so,W30p0,6,11,0.0996395987693995,0.0996395987693995
so,W60p0,5,3,-0.09930536163134986,0.09930536163134986
so,W40p0,1,3,0.09925553389576919,0.09925553389576919
thetao,W60p0,6,17,-0.09903291013408014,0.09903291013408014
thetao,W40p0,5,7,0.09878911114888941,0.09878911114888941
thetao,W60p0,3,7,-0.0987606476298894,0.0987606476298894
so,W30p0,8,5,0.09865914802180398,0.09865914802180398
so,W10p0,4,17,-0.09865753804537995,0.09865753804537995
thetao,W60p0,10,3,-0.09846938755992915,0.09846938755992915
thetao,W40p0,5,17,0.09789966214268128,0.09789966214268128
so,W20p0,10,4,-0.09773270938850867,0.09773270938850867
so,W30p0,3,14,0.09760749153544088,0.09760749153544088
thetao,W60p0,6,20,-0.09757683186769536,0.09757683186769536
so,W30p0,3,10,0.09752603051400781,0.09752603051400781
so,W10p0,6,10,-0.09750168293091396,0.09750168293091396
so,W10p0,4,15,-0.09749874023202187,0.09749874023202187
so,W10p0,5,16,0.09743297096520885,0.09743297096520885
so,W40p0,9,0,0.09731814867236616,0.09731814867236616
thetao,W10p0,1,16,-0.09730211189972222,0.09730211189972222
so,W40p0,8,11,-0.09724318103386155,0.09724318103386155
thetao,W60p0,10,20,0.0971084542860446,0.0971084542860446
so,W60p0,7,2,0.09673371300002488,0.09673371300002488
thetao,W30p0,3,4,-0.0964708706084565,0.0964708706084565
so,W60p0,5,17,0.09640368141705698,0.09640368141705698
so,W60p0,3,1,0.09637990829066792,0.09637990829066792
thetao,W30p0,4,1,0.09631474372631689,0.09631474372631689
so,W40p0,9,14,-0.09630897272878441,0.09630897272878441
thetao,W30p0,7,15,-0.0962913403275441,0.0962913403275441
so,W30p0,9,16,0.09627147949912637,0.09627147949912637
so,W40p0,10,4,0.09585812957050532,0.09585812957050532
so,W40p0,2,19,0.09585149009879255,0.09585149009879255
so,W30p0,6,14,0.09582105129312773,0.09582105129312773
so,W60p0,7,9,-0.09581783044759826,0.09581783044759826
so,W30p0,8,19,0.09574571329007721,0.09574571329007721
thetao,W60p0,4,13,0.09570762312914101,0.09570762312914101
so,W60p0,4,8,0.0956081338464893,0.0956081338464893
so,W20p0,10,3,-0.09553988591913631,0.09553988591913631
so,W20p0,6,6,0.09530628503613368,0.09530628503613368
thetao,W60p0,7,20,-0.09512715693941619,0.09512715693941619
thetao,W10p0,6,3,0.09501208884342328,0.09501208884342328
so,W30p0,2,5,0.09486293783223947,0.09486293783223947
so,W40p0,10,10,-0.09477868113977032,0.09477868113977032
thetao,W30p0,8,17,-0.0947266420426551,0.0947266420426551
so,W60p0,8,15,-0.09470794121543771,0.09470794121543771
so,W10p0,10,7,0.09462649760568277,0.09462649760568277
so,W30p0,6,10,0.09442749482628963,0.09442749482628963
thetao,W30p0,2,7,0.09422540715942182,0.09422540715942182
thetao,W20p0,7,13,-0.09418261751839055,0.09418261751839055
so,W30p0,10,2,0.09387924524959877,0.09387924524959877
so,W10p0,7,16,-0.09357649255365891,0.09357649255365891
thetao,W40p0,5,16,0.09342105863200152,0.09342105863200152
so,W20p0,6,20,0.09336399708033685,0.09336399708033685
so,W30p0,10,11,-0.09330838684352942,0.09330838684352942
so,W30p0,8,0,0.09302497215606738,0.09302497215606738
so,W60p0,8,3,-0.09289033426523287,0.09289033426523287
thetao,W40p0,5,14,0.09288689124652574,0.09288689124652574
thetao,W20p0,4,20,-0.0924848297567209,0.0924848297567209
so,W30p0,6,13,0.09225577032414507,0.09225577032414507
thetao,W20p0,7,18,-0.0921486101484549,0.0921486101484549
thetao,W10p0,8,14,-0.09210470280879313,0.09210470280879313
so,W20p0,8,7,0.09208603759376748,0.09208603759376748
thetao,W60p0,7,5,-0.09205982944884672,0.09205982944884672
so,W30p0,6,15,0.09176731985968464,0.09176731985968464
so,W40p0,6,11,0.09166511440666882,0.09166511440666882
thetao,W10p0,7,17,0.09153869194366106,0.09153869194366106
thetao,W60p0,6,10,-0.09153100840751936,0.09153100840751936
thetao,W10p0,5,2,-0.09147852114939241,0.09147852114939241
so,W20p0,9,16,-0.09146435176043097,0.09146435176043097
so,W10p0,8,3,-0.09132423857370581,0.09132423857370581
thetao,W30p0,9,18,-0.09106631915273455,0.09106631915273455
thetao,W20p0,2,1,0.09101949171868762,0.09101949171868762
thetao,W40p0,1,5,-0.09077362790755862,0.09077362790755862
so,W60p0,7,0,-0.09062507615198248,0.09062507615198248
so,W20p0,9,3,0.09045715468459947,0.09045715468459947
so,W60p0,6,12,0.09041154741812603,0.09041154741812603
thetao,W10p0,6,20,0.0902735389002106,0.0902735389002106
so,W10p0,8,6,-0.09020599354038446,0.09020599354038446
so,W40p0,10,11,-0.09019813382669703,0.09019813382669703
so,W60p0,7,3,0.09016669106444807,0.09016669106444807
so,W10p0,3,14,0.08997511778582983,0.08997511778582983
so,W30p0,1,7,-0.08984022151774723,0.08984022151774723
so,W60p0,8,20,-0.08950662023589007,0.08950662023589007
so,W40p0,9,2,-0.08943925594538002,0.08943925594538002
thetao,W40p0,10,19,-0.08943740001560695,0.08943740001560695
thetao,W40p0,4,7,0.0894269098923443,0.0894269098923443
so,W60p0,5,18,0.08927238806848997,0.08927238806848997
thetao,W20p0,9,16,-0.08916373574903629,0.08916373574903629
so,W10p0,6,15,-0.08911641383693515,0.08911641383693515
so,W20p0,9,9,-0.08896177145298631,0.08896177145298631
thetao,W40p0,2,9,-0.08891829154984923,0.08891829154984923
so,W30p0,10,19,0.08888011357084168,0.08888011357084168
thetao,W10p0,9,17,0.08884956021256042,0.08884956021256042
thetao,W20p0,7,2,0.08861201275958068,0.08861201275958068
thetao,W20p0,5,17,-0.08857940512859105,0.08857940512859105
so,W30p0,3,5,0.08844980364263029,0.08844980364263029
thetao,W30p0,7,7,-0.08842256601597909,0.08842256601597909
thetao,W10p0,8,17,0.08836732116526991,0.08836732116526991
thetao,W60p0,2,3,0.08824916526962526,0.08824916526962526
thetao,W40p0,7,15,0.08823081270485811,0.08823081270485811
so,W20p0,2,16,-0.0878069421395839,0.0878069421395839
thetao,W20p0,4,10,-0.0876427033434867,0.0876427033434867
so,W30p0,9,0,-0.08754568625123943,0.08754568625123943
thetao,W60p0,3,20,-0.08733268010469881,0.08733268010469881
thetao,W40p0,4,0,-0.0872342087631392,0.0872342087631392
thetao,W30p0,5,15,0.08690162422620744,0.08690162422620744
so,W20p0,3,17,0.08686818378946286,0.08686818378946286
so,W60p0,8,11,0.08682100597611575,0.08682100597611575
so,W30p0,7,4,-0.08650171952723364,0.08650171952723364
so,W60p0,1,14,0.08642106258481562,0.08642106258481562
thetao,W30p0,7,12,-0.08633248558456097,0.08633248558456097
thetao,W30p0,2,3,0.08621925232400054,0.08621925232400054
so,W10p0,1,1,-0.08606649665900033,0.08606649665900033
thetao,W30p0,10,18,0.08601283830129644,0.08601283830129644
thetao,W40p0,10,20,-0.08586286275198603,0.08586286275198603
thetao,W20p0,4,12,-0.08565880246897814,0.08565880246897814
so,W40p0,8,4,-0.08559060303595648,0.08559060303595648
so,W20p0,7,15,0.08549690426321999,0.08549690426321999
thetao,W40p0,2,0,-0.08536834478132702,0.08536834478132702
so,W10p0,5,19,0.08521049979372647,0.08521049979372647
so,W20p0,10,9,0.08495121925601797,0.08495121925601797
thetao,W20p0,3,6,0.08481922931830005,0.08481922931830005
thetao,W30p0,2,6,0.08463764802335208,0.08463764802335208
so,W20p0,4,6,0.084485329306864,0.084485329306864
so,W40p0,9,16,-0.08448095943947882,0.08448095943947882
thetao,W40p0,9,10,0.0842994969212557,0.0842994969212557
thetao,W30p0,9,20,-0.08428900991481869,0.08428900991481869
thetao,W30p0,5,4,-0.08406226281871564,0.08406226281871564
thetao,W30p0,8,9,-0.0834061414386038,0.0834061414386038
thetao,W30p0,7,16,-0.08322322810164545,0.08322322810164545
thetao,W60p0,8,17,0.08318987749489642,0.08318987749489642
so,W60p0,9,11,-0.08317819453783533,0.08317819453783533
so,W30p0,4,9,-0.08288876189327644,0.08288876189327644
so,W20p0,2,15,-0.08285177349945463,0.08285177349945463
so,W20p0,5,0,0.08275996830157989,0.08275996830157989
thetao,W20p0,6,4,0.08258785642733722,0.08258785642733722
thetao,W40p0,2,4,-0.08255419481888031,0.08255419481888031
thetao,W60p0,3,6,-0.08254643870309646,0.08254643870309646
thetao,W20p0,5,16,-0.08254535931670957,0.08254535931670957
thetao,W40p0,8,8,0.08245778660306566,0.08245778660306566
thetao,W10p0,6,4,0.0823584051568714,0.0823584051568714
thetao,W30p0,4,0,0.08230494766414541,0.08230494766414541
so,W10p0,6,14,-0.08193024805592834,0.08193024805592834
thetao,W30p0,10,1,0.08186335207603236,0.08186335207603236
thetao,W20p0,9,5,-0.08185155043463048,0.08185155043463048
so,W30p0,7,5,-0.08177344169209166,0.08177344169209166
so,W20p0,2,19,0.08161087479528739,0.08161087479528739
thetao,W30p0,4,6,0.08146533612195996,0.08146533612195996
thetao,W40p0,10,13,0.08138090062200098,0.08138090062200098
thetao,W40p0,4,18,0.08108966083531456,0.08108966083531456
thetao,W60p0,8,19,0.08106653425693998,0.08106653425693998
thetao,W30p0,9,19,-0.08093202473220976,0.08093202473220976
thetao,W30p0,3,20,0.08081108012627783,0.08081108012627783
so,W30p0,5,15,-0.08049235305563746,0.08049235305563746
thetao,W30p0,3,13,0.08043610725132454,0.08043610725132454
so,W10p0,3,13,0.08042199852027032,0.08042199852027032
thetao,W40p0,4,4,0.0802354428194882,0.0802354428194882
so,W40p0,3,17,-0.08012913226359705,0.08012913226359705
so,W60p0,10,1,-0.0801067650415731,0.0801067650415731
thetao,W20p0,5,10,-0.0793891362385524,0.0793891362385524
thetao,W30p0,3,8,0.07936210890546648,0.07936210890546648
so,W60p0,7,8,-0.07932539927417152,0.07932539927417152
so,W30p0,2,7,0.0793061348131184,0.0793061348131184
thetao,W60p0,6,8,-0.07911972974951134,0.07911972974951134
so,W40p0,7,10,0.07908071215145956,0.07908071215145956
so,W10p0,10,15,0.07890201680889306,0.07890201680889306
so,W10p0,4,18,-0.07868206857827746,0.07868206857827746
so,W40p0,6,19,0.07849618051902305,0.07849618051902305
thetao,W60p0,3,16,-0.07847436830122505,0.07847436830122505
so,W10p0,9,16,-0.07844431940941105,0.07844431940941105
thetao,W20p0,6,12,0.07842437368786394,0.07842437368786394
thetao,W30p0,5,17,0.07826714285820467,0.07826714285820467
thetao,W20p0,9,17,-0.07805433314275295,0.07805433314275295
so,W60p0,7,16,0.07784258481900788,0.07784258481900788
so,W20p0,10,8,0.07782648679306096,0.07782648679306096
thetao,W20p0,9,19,0.07780423680633307,0.07780423680633307
so,W60p0,5,6,-0.0777407714798701,0.0777407714798701
so,W30p0,6,16,0.07771064401359623,0.07771064401359623
thetao,W30p0,7,11,-0.07765979755372023,0.07765979755372023
so,W40p0,5,20,-0.07763296573604618,0.07763296573604618
so,W10p0,9,4,-0.07762003740786028,0.07762003740786028
thetao,W20p0,10,18,0.07745877187174062,0.07745877187174062
so,W30p0,3,6,0.0773599537536471,0.0773599537536471
so,W40p0,3,12,0.07735793572646546,0.07735793572646546
thetao,W30p0,8,5,-0.07735011550791202,0.07735011550791202
so,W10p0,8,5,-0.07726253556898316,0.07726253556898316
so,W60p0,5,16,0.07725983876844053,0.07725983876844053
so,W10p0,3,0,-0.07720885219434565,0.07720885219434565
so,W20p0,4,4,0.0771781506870727,0.0771781506870727
thetao,W60p0,2,18,0.07702179464235233,0.07702179464235233
so,W40p0,7,5,0.07693045876293403,0.07693045876293403
so,W30p0,9,8,0.0765997813021331,0.0765997813021331
so,W40p0,9,10,-0.07656008905567126,0.07656008905567126
so,W30p0,7,13,-0.07630210118387018,0.07630210118387018
thetao,W30p0,7,20,-0.07612330637266611,0.07612330637266611
thetao,W10p0,3,7,0.07598442046452945,0.07598442046452945
thetao,W60p0,5,17,0.07595348323684965,0.07595348323684965
thetao,W40p0,5,5,-0.07555139123224627,0.07555139123224627
so,W10p0,9,15,-0.07549182546046386,0.07549182546046386
thetao,W20p0,4,7,0.07543172584551042,0.07543172584551042
so,W20p0,6,16,0.07540707987987674,0.07540707987987674
so,W60p0,3,6,-0.0753266389640108,0.0753266389640108
so,W20p0,10,12,0.07526816258559796,0.07526816258559796
so,W10p0,9,9,-0.07519582519134013,0.07519582519134013
so,W40p0,5,14,0.07507261689757734,0.07507261689757734
thetao,W30p0,4,16,0.0749240499263491,0.0749240499263491
thetao,W10p0,5,14,-0.07484587855736531,0.07484587855736531
so,W30p0,8,13,0.07483815305670974,0.07483815305670974
thetao,W20p0,4,18,-0.07472750107552201,0.07472750107552201
so,W10p0,6,3,-0.07469135537243014,0.07469135537243014
so,W60p0,8,7,-0.07454702601134398,0.07454702601134398
so,W20p0,4,5,0.0745067134774266,0.0745067134774266
thetao,W40p0,3,12,-0.07440352982361037,0.07440352982361037
thetao,W30p0,3,3,-0.0743807826891885,0.0743807826891885
so,W40p0,7,11,0.07433765046435102,0.07433765046435102
thetao,W30p0,1,6,-0.07432117148447351,0.07432117148447351
thetao,W30p0,5,2,0.07431519797460923,0.07431519797460923
so,W40p0,6,12,0.0741435950535033,0.0741435950535033
thetao,W20p0,9,4,-0.07410863105338227,0.07410863105338227
thetao,W30p0,6,6,-0.07409092238537707,0.07409092238537707
so,W10p0,10,18,-0.07388242817520088,0.07388242817520088
so,W20p0,4,18,-0.07386859168783455,0.07386859168783455
thetao,W30p0,10,3,0.07382545503602528,0.07382545503602528
thetao,W30p0,7,1,-0.0738168370405859,0.0738168370405859
so,W10p0,8,4,-0.07379981957155203,0.07379981957155203
so,W60p0,9,7,-0.07359666810172401,0.07359666810172401
so,W30p0,10,9,0.07358165772210239,0.07358165772210239
thetao,W40p0,8,5,-0.07350063559896915,0.07350063559896915
thetao,W60p0,7,0,0.07338247672072352,0.07338247672072352
so,W60p0,9,15,0.07330845487903102,0.07330845487903102
so,W10p0,8,7,-0.07316591971792116,0.07316591971792116
so,W10p0,6,4,-0.0731596461075914,0.0731596461075914
so,W30p0,9,1,-0.07314276292959261,0.07314276292959261
so,W30p0,10,3,0.07298391786705091,0.07298391786705091
so,W30p0,8,12,0.0729585511566163,0.0729585511566163
thetao,W40p0,5,18,0.07294823138981245,0.07294823138981245
thetao,W30p0,2,18,0.07292453009264181,0.07292453009264181
so,W10p0,5,4,0.07290054436699282,0.07290054436699282
so,W60p0,5,1,-0.0727101704034318,0.0727101704034318
thetao,W30p0,1,2,-0.0726975085375941,0.0726975085375941
thetao,W60p0,9,8,-0.07239520295382446,0.07239520295382446
thetao,W30p0,3,16,-0.07188201311113945,0.07188201311113945
so,W10p0,10,14,0.07179789915886828,0.07179789915886828
so,W40p0,10,0,0.07175063102276455,0.07175063102276455
thetao,W30p0,10,17,0.07160499942893077,0.07160499942893077
so,W40p0,7,6,0.07155958417390394,0.07155958417390394
so,W20p0,4,14,-0.07131717064076215,0.07131717064076215
so,W10p0,3,9,-0.07126006461686069,0.07126006461686069
so,W30p0,6,1,-0.07121151192354401,0.07121151192354401
so,W40p0,4,0,0.07119044721246037,0.07119044721246037
thetao,W40p0,8,4,-0.07107556483618457,0.07107556483618457
thetao,W20p0,10,6,0.0708967509380031,0.0708967509380031
thetao,W20p0,4,19,-0.07086821770909467,0.07086821770909467
so,W30p0,5,20,0.07050571618505115,0.07050571618505115
so,W40p0,3,16,-0.07036087119188172,0.07036087119188172
thetao,W40p0,5,11,0.07004681425569939,0.07004681425569939
thetao,W30p0,8,14,0.06988928191985291,0.06988928191985291
so,W40p0,5,13,0.06981319506678044,0.06981319506678044
thetao,W40p0,4,14,-0.06933038236342362,0.06933038236342362
so,W40p0,9,9,-0.06926198776213902,0.06926198776213902
thetao,W40p0,5,15,0.06921382901737863,0.06921382901737863
thetao,W10p0,8,15,-0.06917909192284173,0.06917909192284173
thetao,W20p0,4,5,0.06903991461888302,0.06903991461888302
thetao,W20p0,3,17,0.06870837094674132,0.06870837094674132
thetao,W20p0,7,15,-0.06851685531397876,0.06851685531397876
thetao,W60p0,9,14,-0.06843422697675211,0.06843422697675211
so,W30p0,4,3,-0.06840247905697248,0.06840247905697248
thetao,W60p0,4,2,0.06818106400149802,0.06818106400149802
so,W10p0,4,16,-0.06815465817069925,0.06815465817069925
thetao,W20p0,3,15,-0.06810444682605327,0.06810444682605327
thetao,W10p0,8,2,-0.06775563836343064,0.06775563836343064
so,W60p0,10,20,0.06763252231981276,0.06763252231981276
so,W30p0,6,18,0.06762618021971929,0.06762618021971929
so,W40p0,7,15,0.0675438157216929,0.0675438157216929
thetao,W30p0,6,8,-0.06749929855493049,0.06749929855493049
so,W60p0,7,18,0.0673142232516803,0.0673142232516803
so,W30p0,8,1,0.06721510902917564,0.06721510902917564
so,W60p0,8,10,0.0672087475775678,0.0672087475775678
thetao,W10p0,2,17,-0.06712388037691445,0.06712388037691445
thetao,W30p0,3,7,0.06711743213397965,0.06711743213397965
so,W30p0,2,16,0.06684637458028006,0.06684637458028006
so,W30p0,2,18,0.06667534952389746,0.06667534952389746
thetao,W60p0,4,8,0.06663946388335651,0.06663946388335651
so,W10p0,7,1,-0.06655464650674049,0.06655464650674049
thetao,W10p0,1,20,-0.0664641039176561,0.0664641039176561
thetao,W30p0,8,7,0.0663070422458017,0.0663070422458017
so,W30p0,3,7,0.06581214646560789,0.06581214646560789
thetao,W20p0,4,4,0.06573323283958521,0.06573323283958521
thetao,W20p0,6,15,0.0656688103737271,0.0656688103737271
thetao,W10p0,3,14,0.06565180401867264,0.06565180401867264
so,W10p0,10,9,0.06561764607540144,0.06561764607540144
so,W10p0,2,11,-0.06561085656180847,0.06561085656180847
thetao,W40p0,1,20,-0.06557077964080463,0.06557077964080463
thetao,W30p0,6,16,-0.06539947927791842,0.06539947927791842
thetao,W20p0,10,3,-0.0652511490361966,0.0652511490361966
so,W30p0,4,5,0.06519740910248505,0.06519740910248505
so,W10p0,10,5,0.0650730253913859,0.0650730253913859
so,W60p0,5,14,0.06490863830968373,0.06490863830968373
thetao,W30p0,7,13,-0.06490392919888618,0.06490392919888618
thetao,W60p0,9,15,-0.06482057031531303,0.06482057031531303
thetao,W10p0,3,1,0.06481894653297308,0.06481894653297308
thetao,W10p0,10,18,0.06474678714262423,0.06474678714262423
so,W60p0,6,7,0.06472875296165542,0.06472875296165542
so,W60p0,5,0,-0.06472284868260395,0.06472284868260395
so,W40p0,5,15,-0.06468015322417096,0.06468015322417096
thetao,W30p0,7,6,-0.06465424923005555,0.06465424923005555
thetao,W10p0,7,20,0.06460572905633694,0.06460572905633694
so,W10p0,10,12,0.06441976622531868,0.06441976622531868
thetao,W60p0,9,5,-0.06433001525541913,0.06433001525541913
so,W30p0,10,16,0.06427614302402757,0.06427614302402757
so,W20p0,5,5,0.0640759934262054,0.0640759934262054
thetao,W20p0,9,3,-0.06390605116120682,0.06390605116120682
thetao,W60p0,9,13,-0.06375518836284697,0.06375518836284697
thetao,W20p0,6,20,-0.06346588633637666,0.06346588633637666
thetao,W10p0,4,0,0.06336333005935746,0.06336333005935746
so,W10p0,3,15,0.06333487101070677,0.06333487101070677
thetao,W60p0,3,17,-0.063308004622791,0.063308004622791
so,W60p0,1,18,-0.0626421101755115,0.0626421101755115
thetao,W30p0,6,7,-0.0625829608019385,0.0625829608019385
so,W30p0,4,20,-0.06256365395356024,0.06256365395356024
thetao,W30p0,6,9,-0.06242538307255739,0.06242538307255739
thetao,W30p0,5,14,0.062404538716000595,0.062404538716000595
so,W20p0,3,20,0.06235060763825716,0.06235060763825716
thetao,W10p0,5,13,-0.061828274461814145,0.061828274461814145
thetao,W30p0,3,11,0.061742813095850585,0.061742813095850585
so,W10p0,2,13,0.06167710773131735,0.06167710773131735
thetao,W30p0,10,19,0.06142988213257332,0.06142988213257332
so,W20p0,5,8,0.06112042444890369,0.06112042444890369
so,W10p0,5,20,0.06110359362036253,0.06110359362036253
thetao,W40p0,5,13,0.06100186619714265,0.06100186619714265
so,W10p0,10,6,0.0609872686061156,0.0609872686061156
so,W60p0,6,5,-0.06090051870090682,0.06090051870090682
so,W40p0,7,9,0.060703602442382196,0.060703602442382196
so,W40p0,4,17,0.060702609343406995,0.060702609343406995
so,W40p0,10,7,-0.06066840375696187,0.06066840375696187
so,W20p0,6,10,0.060604208776110786,0.060604208776110786
thetao,W30p0,5,18,0.06033806221832832,0.06033806221832832
so,W10p0,9,18,0.060334766402648204,0.060334766402648204
so,W10p0,7,2,-0.06024608144437422,0.06024608144437422
so,W30p0,4,8,0.0602377701517567,0.0602377701517567
so,W40p0,8,15,0.06002582155444404,0.06002582155444404
so,W10p0,9,2,-0.05998261087469951,0.05998261087469951
so,W30p0,6,17,0.05985888584436148,0.05985888584436148
so,W10p0,7,6,-0.059783830765886906,0.059783830765886906
so,W60p0,8,14,-0.059621639173491184,0.059621639173491184
thetao,W40p0,8,17,0.05912340957541631,0.05912340957541631
thetao,W10p0,3,10,-0.059109197910404254,0.059109197910404254
so,W40p0,2,13,-0.05908287649947078,0.05908287649947078
so,W60p0,9,14,0.05905741559551001,0.05905741559551001
so,W20p0,4,19,-0.05884999886264884,0.05884999886264884
so,W60p0,3,5,-0.05867519237351778,0.05867519237351778
thetao,W60p0,2,1,0.05865131107821013,0.05865131107821013
thetao,W20p0,7,0,-0.05853566943137242,0.05853566943137242
thetao,W30p0,5,11,-0.058471856264053594,0.058471856264053594
so,W40p0,7,12,0.05839717213286279,0.05839717213286279
thetao,W30p0,2,5,0.05795845507601598,0.05795845507601598
thetao,W20p0,8,20,0.05795564958195141,0.05795564958195141
so,W30p0,4,17,0.05771072357264093,0.05771072357264093
thetao,W30p0,7,18,-0.057709436819226585,0.057709436819226585
thetao,W30p0,6,10,-0.057665445840340286,0.057665445840340286
thetao,W30p0,7,8,-0.0574421780352233,0.0574421780352233
thetao,W30p0,2,1,0.0574264251070243,0.0574264251070243
thetao,W60p0,9,6,-0.05737930263789114,0.05737930263789114
thetao,W40p0,1,3,-0.057351786651547006,0.057351786651547006
thetao,W30p0,3,17,-0.0572108772774503,0.0572108772774503
so,W20p0,9,8,-0.057181895851038125,0.057181895851038125
so,W40p0,9,5,0.05710579846496163,0.05710579846496163
so,W10p0,6,16,-0.05698930965809765,0.05698930965809765
so,W20p0,3,18,0.05690696503201058,0.05690696503201058
so,W60p0,1,15,0.05679053657517737,0.05679053657517737
so,W20p0,7,11,0.056599406216017445,0.056599406216017445
so,W40p0,8,16,0.05646414213933382,0.05646414213933382
thetao,W30p0,7,5,0.056313847076180756,0.056313847076180756
so,W60p0,3,3,0.056209829669104774,0.056209829669104774
thetao,W60p0,8,8,0.0561077341612507,0.0561077341612507
thetao,W30p0,4,7,0.05600616750896727,0.05600616750896727
thetao,W10p0,5,8,0.05596896135618788,0.05596896135618788
so,W30p0,1,9,0.05584980577451939,0.05584980577451939
thetao,W10p0,2,20,0.05581065235365094,0.05581065235365094
so,W40p0,6,20,0.05572340993499019,0.05572340993499019
thetao,W20p0,4,3,0.05561570215869935,0.05561570215869935
thetao,W20p0,3,14,-0.05554606244950209,0.05554606244950209
so,W10p0,3,17,0.0554934612303213,0.0554934612303213
thetao,W40p0,10,18,-0.055354119113440854,0.055354119113440854
so,W40p0,5,5,-0.05525616439151202,0.05525616439151202
thetao,W60p0,8,18,0.05495113180342463,0.05495113180342463
thetao,W10p0,6,2,0.054592728780827354,0.054592728780827354
so,W20p0,9,5,-0.05440088489128635,0.05440088489128635
so,W60p0,4,7,0.05425315057954723,0.05425315057954723
thetao,W30p0,5,13,0.05406026844040542,0.05406026844040542
thetao,W20p0,2,3,0.05398457259686834,0.05398457259686834
so,W40p0,7,4,0.053646134267863015,0.053646134267863015
thetao,W20p0,2,2,0.053491896685112575,0.053491896685112575
so,W20p0,5,19,-0.053378110255445095,0.053378110255445095
so,W10p0,10,11,0.0533754950259339,0.0533754950259339
so,W60p0,3,19,-0.053349357756013197,0.053349357756013197
thetao,W30p0,1,4,-0.05327965999879173,0.05327965999879173
so,W60p0,6,6,-0.05317493218544687,0.05317493218544687
so,W40p0,3,8,-0.05312742517770408,0.05312742517770408
so,W10p0,10,20,-0.05286907315636885,0.05286907315636885
thetao,W30p0,3,14,0.052726494219099425,0.052726494219099425
so,W60p0,10,18,0.052653359891875966,0.052653359891875966
so,W60p0,8,4,-0.05253319227292684,0.05253319227292684
thetao,W20p0,4,8,0.05237417102279997,0.05237417102279997
so,W10p0,7,4,-0.052212280383612523,0.052212280383612523
so,W20p0,5,2,0.05208154034878879,0.05208154034878879
so,W40p0,7,14,0.05200702330380535,0.05200702330380535
thetao,W30p0,2,14,0.05173872175364218,0.05173872175364218
so,W40p0,2,20,0.051726863437580775,0.051726863437580775
thetao,W30p0,10,20,0.05166644140725928,0.05166644140725928
thetao,W30p0,5,16,0.051523846171582115,0.051523846171582115
so,W40p0,5,7,-0.05152300086815567,0.05152300086815567
so,W10p0,8,8,-0.05130506122378015,0.05130506122378015
so,W60p0,3,20,-0.05123772280123699,0.05123772280123699
thetao,W40p0,4,15,-0.05103454881329677,0.05103454881329677
so,W40p0,7,13,0.050957186696677606,0.050957186696677606
so,W60p0,8,2,-0.05080776894742627,0.05080776894742627
thetao,W10p0,5,20,-0.05060228963426318,0.05060228963426318
thetao,W20p0,10,1,0.05039111017904066,0.05039111017904066
so,W30p0,10,5,0.05033952046687777,0.05033952046687777
thetao,W60p0,2,2,0.05033919245374814,0.05033919245374814
so,W10p0,5,18,0.05018344330533094,0.05018344330533094
thetao,W10p0,5,19,0.05017242356161088,0.05017242356161088
so,W30p0,9,11,0.050105956756077985,0.050105956756077985
so,W10p0,7,13,0.05009613295539867,0.05009613295539867
so,W40p0,8,2,-0.05003246099370729,0.05003246099370729
so,W20p0,5,17,-0.04995634493249472,0.04995634493249472
so,W40p0,7,3,-0.049945408625983616,0.049945408625983616
so,W20p0,10,0,0.04993555385390033,0.04993555385390033
thetao,W60p0,7,4,-0.04962803118296706,0.04962803118296706
so,W20p0,4,3,0.04959891215905021,0.04959891215905021
thetao,W20p0,8,19,-0.0495912347480701,0.0495912347480701
so,W40p0,8,12,-0.04948189029159575,0.04948189029159575
so,W10p0,10,19,-0.0487290526080675,0.0487290526080675
thetao,W40p0,9,12,-0.048657848701221786,0.048657848701221786
so,W10p0,6,9,-0.048421373774000624,0.048421373774000624
thetao,W30p0,2,4,0.048174535153000804,0.048174535153000804
so,W20p0,3,19,0.04806186653087314,0.04806186653087314
so,W60p0,10,15,0.04805080781620613,0.04805080781620613
so,W10p0,7,3,-0.04795611112336824,0.04795611112336824
thetao,W60p0,9,7,-0.047646732781814985,0.047646732781814985
thetao,W10p0,1,14,0.0475725662597316,0.0475725662597316
thetao,W60p0,3,13,-0.047517929498065,0.047517929498065
thetao,W20p0,4,14,-0.04722101466325822,0.04722101466325822
thetao,W40p0,3,19,0.047047877321031065,0.047047877321031065
thetao,W30p0,3,12,0.047030822973823466,0.047030822973823466
thetao,W60p0,6,16,-0.04687507234322725,0.04687507234322725
so,W40p0,9,1,-0.046753759807093585,0.046753759807093585
thetao,W40p0,3,18,-0.04669588691948197,0.04669588691948197
so,W60p0,8,16,-0.04667366008172657,0.04667366008172657
so,W40p0,6,13,0.04648987098296702,0.04648987098296702
so,W60p0,9,18,0.04633545593831621,0.04633545593831621
so,W20p0,5,14,-0.04619658457699868,0.04619658457699868
thetao,W40p0,5,12,0.0461826196072823,0.0461826196072823
so,W20p0,2,20,0.04618215743641496,0.04618215743641496
thetao,W10p0,5,5,-0.04588037555540429,0.04588037555540429
thetao,W40p0,10,14,0.04569585364822419,0.04569585364822419
so,W60p0,8,1,0.045650351252291256,0.045650351252291256
so,W30p0,10,12,-0.04559161705771745,0.04559161705771745
thetao,W60p0,7,2,0.045552927809091676,0.045552927809091676
thetao,W60p0,8,4,-0.04554528861577312,0.04554528861577312
thetao,W40p0,2,8,-0.04553007198482562,0.04553007198482562
so,W40p0,9,15,-0.04541248235915934,0.04541248235915934
so,W20p0,6,2,0.04513471149323127,0.04513471149323127
thetao,W20p0,5,11,-0.04505387548928693,0.04505387548928693
so,W30p0,4,4,-0.04478979224385228,0.04478979224385228
so,W30p0,10,15,0.0443732329185608,0.0443732329185608
thetao,W20p0,4,2,0.04411012664107114,0.04411012664107114
thetao,W20p0,6,9,0.04410825111687432,0.04410825111687432
so,W30p0,6,20,0.0440708804680741,0.0440708804680741
thetao,W20p0,6,5,0.04399648333455979,0.04399648333455979
so,W20p0,10,18,0.04387119445190312,0.04387119445190312
so,W40p0,3,18,-0.043822853682150324,0.043822853682150324
so,W20p0,8,17,-0.04380152565525032,0.04380152565525032
thetao,W10p0,3,15,0.04368971068626164,0.04368971068626164
thetao,W20p0,9,7,-0.0436554897501489,0.0436554897501489
thetao,W10p0,10,19,0.0431447316056146,0.0431447316056146
thetao,W60p0,7,16,-0.04294126080462952,0.04294126080462952
so,W10p0,3,10,-0.04293330801466599,0.04293330801466599
so,W20p0,5,1,0.04291160393063783,0.04291160393063783
thetao,W40p0,8,7,0.042886867377655964,0.042886867377655964
so,W60p0,9,9,-0.04265159807543796,0.04265159807543796
thetao,W40p0,8,3,-0.04244001166720453,0.04244001166720453
thetao,W30p0,6,17,-0.042309147717746624,0.042309147717746624
thetao,W10p0,7,18,0.042206651705769566,0.042206651705769566
thetao,W10p0,1,15,-0.042044027759632015,0.042044027759632015
so,W40p0,8,14,0.041924042614306344,0.041924042614306344
so,W20p0,1,1,-0.04189541753672948,0.04189541753672948
thetao,W40p0,10,17,-0.04169625136453531,0.04169625136453531
so,W40p0,7,8,0.041662156289529816,0.041662156289529816
so,W10p0,9,19,0.04164572977302009,0.04164572977302009
thetao,W40p0,4,16,-0.04135795991094101,0.04135795991094101
thetao,W30p0,8,15,0.041303164941198595,0.041303164941198595
thetao,W10p0,5,6,-0.041185327686373036,0.041185327686373036
so,W20p0,10,1,-0.04117364540086644,0.04117364540086644
so,W10p0,9,17,-0.041084348543556366,0.041084348543556366
thetao,W30p0,3,18,-0.040876246648855794,0.040876246648855794
thetao,W10p0,3,9,-0.04078800563303767,0.04078800563303767
so,W40p0,10,6,-0.040585348331400435,0.040585348331400435
thetao,W20p0,2,4,0.040494102621871746,0.040494102621871746
so,W40p0,6,7,0.040484890365070136,0.040484890365070136
so,W20p0,2,18,0.04031368011667905,0.04031368011667905
thetao,W10p0,5,15,-0.04022787584383336,0.04022787584383336
thetao,W40p0,3,15,0.04003364273994661,0.04003364273994661
thetao,W30p0,10,2,0.03990396491578435,0.03990396491578435
thetao,W30p0,7,2,-0.03989626047868117,0.03989626047868117
thetao,W30p0,6,15,-0.03989026144302844,0.03989026144302844
so,W60p0,6,20,0.03946914587647373,0.03946914587647373
so,W40p0,2,14,0.039402667521046715,0.039402667521046715
so,W20p0,4,15,-0.039341491952958475,0.039341491952958475
thetao,W20p0,6,11,0.03914775467391481,0.03914775467391481
so,W60p0,10,3,0.039121513778601104,0.039121513778601104
thetao,W20p0,5,15,-0.038999943508596625,0.038999943508596625
thetao,W40p0,8,14,0.03899013584405251,0.03899013584405251
thetao,W40p0,9,11,0.03898575690712526,0.03898575690712526
thetao,W40p0,10,16,-0.038927258435046456,0.038927258435046456
so,W20p0,2,13,0.03846776773412863,0.03846776773412863
so,W20p0,2,14,-0.03844257839986638,0.03844257839986638
so,W40p0,6,14,0.03829478985726018,0.03829478985726018
thetao,W40p0,9,16,0.03815650641945902,0.03815650641945902
so,W30p0,9,14,0.03814796358395004,0.03814796358395004
thetao,W60p0,5,16,0.03801332276036106,0.03801332276036106
thetao,W30p0,5,0,0.03799785110660887,0.03799785110660887
thetao,W40p0,8,6,-0.03798207724991935,0.03798207724991935
thetao,W60p0,8,5,-0.037776878516756957,0.037776878516756957
thetao,W40p0,4,17,0.037688239246685656,0.037688239246685656
so,W30p0,9,6,0.0376121426857455,0.0376121426857455
so,W30p0,9,3,0.03723716896523351,0.03723716896523351
so,W20p0,4,2,0.03723402356810816,0.03723402356810816
thetao,W20p0,6,7,0.0370208015492668,0.0370208015492668
so,W60p0,9,10,-0.03671871961884374,0.03671871961884374
so,W30p0,6,7,0.03662032040008056,0.03662032040008056
so,W10p0,3,16,0.03650935678469477,0.03650935678469477
so,W30p0,5,14,0.036502234670538314,0.036502234670538314
thetao,W40p0,5,19,0.03641554645791035,0.03641554645791035
so,W60p0,6,15,0.03639448702892666,0.03639448702892666
thetao,W20p0,4,15,-0.03631167227588745,0.03631167227588745
thetao,W30p0,4,10,-0.036173289425736485,0.036173289425736485
thetao,W40p0,9,15,-0.03606571383161143,0.03606571383161143
thetao,W60p0,4,1,-0.03605660938816,0.03605660938816
so,W60p0,5,9,0.035394190347692124,0.035394190347692124
so,W30p0,8,18,0.035346869261732417,0.035346869261732417
thetao,W40p0,5,20,0.03527569632866967,0.03527569632866967
so,W20p0,7,10,-0.03526793221247217,0.03526793221247217
so,W10p0,7,14,0.03524093165258366,0.03524093165258366
so,W30p0,5,9,-0.035233021879954446,0.035233021879954446
so,W40p0,6,6,0.035206162651207726,0.035206162651207726
thetao,W60p0,4,12,0.0351902167594811,0.0351902167594811
thetao,W40p0,2,5,-0.0348357433955998,0.0348357433955998
so,W60p0,8,5,0.034791786849442514,0.034791786849442514
thetao,W20p0,4,9,0.03457722461026881,0.03457722461026881
so,W30p0,5,18,-0.034574317126532195,0.034574317126532195
thetao,W20p0,2,7,0.03448300603820145,0.03448300603820145
so,W10p0,5,2,0.03437187640992992,0.03437187640992992
so,W30p0,5,7,-0.03423583458123519,0.03423583458123519
so,W10p0,7,5,-0.0341774053876047,0.0341774053876047
so,W20p0,5,10,-0.03408918426059561,0.03408918426059561
so,W20p0,10,10,0.03408652030710942,0.03408652030710942
thetao,W60p0,6,13,0.034085490488195064,0.034085490488195064
so,W30p0,5,10,0.033915333478170724,0.033915333478170724
thetao,W60p0,8,6,-0.03375175990147541,0.03375175990147541
so,W30p0,4,1,0.03368027324478111,0.03368027324478111
so,W20p0,5,20,-0.033478325340083104,0.033478325340083104
thetao,W40p0,1,4,-0.03343795166463874,0.03343795166463874
thetao,W60p0,7,17,0.03342477306583092,0.03342477306583092
so,W10p0,8,17,0.03317230958370915,0.03317230958370915
thetao,W30p0,7,3,0.033143155000858945,0.033143155000858945
thetao,W20p0,7,1,0.03299528782614063,0.03299528782614063
so,W60p0,6,16,0.03297365490332776,0.03297365490332776
thetao,W40p0,6,16,0.03283418182268636,0.03283418182268636
thetao,W20p0,10,5,0.03276406208234203,0.03276406208234203
thetao,W40p0,3,17,-0.0326869891229418,0.0326869891229418
thetao,W40p0,8,0,-0.032672509128556244,0.032672509128556244
thetao,W20p0,7,16,-0.03263853316713367,0.03263853316713367
thetao,W30p0,2,16,0.03257975164410615,0.03257975164410615
so,W20p0,9,7,-0.0325223622579018,0.0325223622579018
so,W30p0,3,17,-0.0324656770961162,0.0324656770961162
thetao,W10p0,2,18,-0.03246330884764196,0.03246330884764196
thetao,W20p0,7,3,0.032426809353122775,0.032426809353122775
so,W20p0,9,17,-0.032396308520544974,0.032396308520544974
so,W60p0,9,17,0.03238884990170144,0.03238884990170144
thetao,W20p0,6,6,0.03232687920736191,0.03232687920736191
thetao,W30p0,8,0,-0.032297550534584184,0.032297550534584184
thetao,W30p0,8,16,-0.03220281616738795,0.03220281616738795
so,W20p0,2,17,-0.03213573656486017,0.03213573656486017
so,W30p0,9,12,-0.03179686877436541,0.03179686877436541
so,W40p0,3,0,0.031774455727958235,0.031774455727958235
so,W30p0,3,19,-0.03173472411172005,0.03173472411172005
thetao,W20p0,10,2,-0.03170959832501814,0.03170959832501814
thetao,W20p0,4,0,-0.03169536353844311,0.03169536353844311
thetao,W10p0,7,19,0.031491166903337184,0.031491166903337184
so,W10p0,9,0,0.03135463152862612,0.03135463152862612
thetao,W60p0,7,18,0.03131060701722524,0.03131060701722524
thetao,W10p0,3,12,0.03127447677542181,0.03127447677542181
so,W20p0,8,19,-0.03123518299805382,0.03123518299805382
thetao,W20p0,2,10,-0.03122175292519282,0.03122175292519282
thetao,W20p0,6,19,-0.03119507379413304,0.03119507379413304
so,W60p0,7,7,0.031152978644825757,0.031152978644825757
thetao,W20p0,7,17,-0.03110209614627562,0.03110209614627562
thetao,W40p0,2,7,0.03107741498374307,0.03107741498374307
so,W40p0,7,7,0.031042813116391302,0.031042813116391302
thetao,W60p0,6,15,-0.030807213536374074,0.030807213536374074
thetao,W60p0,4,11,0.030785341040902043,0.030785341040902043
thetao,W30p0,6,13,0.030649082796979952,0.030649082796979952
thetao,W10p0,8,1,-0.030610733550667908,0.030610733550667908
thetao,W40p0,6,18,-0.030576068687895232,0.030576068687895232
so,W10p0,9,20,0.03050976932778236,0.03050976932778236
thetao,W60p0,9,12,-0.03047177319565511,0.03047177319565511
so,W20p0,1,0,-0.030148355867168995,0.030148355867168995
thetao,W60p0,9,3,0.0300114521747643,0.0300114521747643
so,W30p0,10,14,0.029993421943949845,0.029993421943949845
so,W60p0,10,19,0.029925268330242803,0.029925268330242803
thetao,W20p0,6,10,0.029708675271290175,0.029708675271290175
thetao,W30p0,7,4,0.02960165318755737,0.02960165318755737
thetao,W10p0,7,4,0.029576663996003765,0.029576663996003765
so,W40p0,3,2,-0.029571836842822597,0.029571836842822597
thetao,W20p0,9,6,-0.02931387054453589,0.02931387054453589
so,W20p0,6,7,0.029231009964650563,0.029231009964650563
so,W60p0,10,17,-0.029208973531006616,0.029208973531006616
so,W20p0,4,7,0.02898678848437207,0.02898678848437207
thetao,W10p0,5,7,-0.028957245144165374,0.028957245144165374
so,W20p0,4,0,-0.02888445120988056,0.02888445120988056
so,W40p0,3,20,0.02872210084184147,0.02872210084184147
thetao,W10p0,5,3,-0.02869508946708398,0.02869508946708398
so,W10p0,9,8,-0.028568683465002926,0.028568683465002926
thetao,W60p0,3,14,-0.028245498680047977,0.028245498680047977
thetao,W40p0,5,0,-0.02800805644749357,0.02800805644749357
thetao,W10p0,3,8,0.027919234303576818,0.027919234303576818
thetao,W60p0,3,15,-0.027906806238120297,0.027906806238120297
so,W10p0,9,3,-0.027894924648142236,0.027894924648142236
so,W40p0,3,11,0.027810261294230098,0.027810261294230098
thetao,W60p0,4,10,-0.027569826274225048,0.027569826274225048
so,W20p0,7,18,-0.027553119800341613,0.027553119800341613
so,W10p0,10,17,-0.02744634864750487,0.02744634864750487
thetao,W30p0,2,20,-0.027263132094469286,0.027263132094469286
so,W40p0,3,7,-0.02715503903779031,0.02715503903779031
so,W30p0,9,13,-0.027104683169464162,0.027104683169464162
so,W20p0,8,18,-0.02705569664780601,0.02705569664780601
thetao,W30p0,6,18,-0.026944923102164984,0.026944923102164984
thetao,W30p0,3,15,-0.02692370721084372,0.02692370721084372
so,W40p0,6,2,-0.02688911561733801,0.02688911561733801
so,W30p0,3,16,-0.02688440570249226,0.02688440570249226
so,W40p0,3,9,-0.026768667216130467,0.026768667216130467
thetao,W60p0,2,19,0.026704467327226495,0.026704467327226495
thetao,W40p0,4,12,0.026684047657259586,0.026684047657259586
so,W30p0,4,19,-0.026498797662044937,0.026498797662044937
so,W20p0,9,4,-0.026397852304883104,0.026397852304883104
thetao,W30p0,2,17,0.02634998626149566,0.02634998626149566
thetao,W60p0,7,3,0.026093923818707728,0.026093923818707728
so,W40p0,3,3,-0.02575685009462299,0.02575685009462299
thetao,W20p0,6,17,-0.02574755349340911,0.02574755349340911
thetao,W40p0,3,0,0.025650790314066974,0.025650790314066974
thetao,W60p0,9,4,-0.025630497964628754,0.025630497964628754
so,W30p0,3,0,-0.02559613972726727,0.02559613972726727
thetao,W20p0,6,8,0.025482409497503595,0.025482409497503595
so,W40p0,3,15,0.025440439971528624,0.025440439971528624
thetao,W40p0,3,16,0.025369450588198655,0.025369450588198655
so,W60p0,9,12,-0.02526342034477002,0.02526342034477002
so,W40p0,9,4,0.02509387659887772,0.02509387659887772
thetao,W20p0,10,4,-0.02507953864444417,0.02507953864444417
thetao,W40p0,4,1,0.02507037158481403,0.02507037158481403
thetao,W40p0,9,18,-0.02502118121630284,0.02502118121630284
so,W30p0,5,6,0.025004743911096642,0.025004743911096642
so,W30p0,4,18,-0.02488428457314179,0.02488428457314179
so,W10p0,7,12,-0.024865661340102485,0.024865661340102485
thetao,W20p0,4,16,-0.02486300777596565,0.02486300777596565
so,W20p0,8,15,0.024762928924876224,0.024762928924876224
thetao,W20p0,2,8,0.02475004606835923,0.02475004606835923
thetao,W10p0,5,16,-0.0244274031897381,0.0244274031897381
so,W30p0,9,7,0.024285754779148603,0.024285754779148603
so,W30p0,1,8,-0.024095330462353754,0.024095330462353754
so,W10p0,3,19,0.0237132654523904,0.0237132654523904
so,W60p0,5,8,-0.023709192607681322,0.023709192607681322
thetao,W20p0,3,13,-0.023651262337589015,0.023651262337589015
thetao,W20p0,9,0,0.02364197958614573,0.02364197958614573
thetao,W60p0,7,1,0.023537477230248714,0.023537477230248714
so,W60p0,9,8,-0.023350603766864972,0.023350603766864972
so,W60p0,5,15,0.023307766628189525,0.023307766628189525
thetao,W10p0,6,0,-0.023299977710260846,0.023299977710260846
so,W30p0,4,2,-0.023288504515315188,0.023288504515315188
thetao,W10p0,3,11,-0.02314195347814212,0.02314195347814212
so,W20p0,6,19,0.02308158790452776,0.02308158790452776
so,W60p0,6,18,0.023055601954756262,0.023055601954756262
thetao,W40p0,5,6,0.022982586766153487,0.022982586766153487
so,W60p0,10,16,-0.022711322468329777,0.022711322468329777
so,W20p0,5,13,-0.022690570357456245,0.022690570357456245
so,W10p0,10,10,0.022592492526818934,0.022592492526818934
so,W10p0,6,20,0.022526564322716984,0.022526564322716984
so,W40p0,1,20,0.02245903726680474,0.02245903726680474
thetao,W10p0,5,4,0.022172797526241197,0.022172797526241197
so,W60p0,7,17,0.02203473051957116,0.02203473051957116
thetao,W40p0,8,2,-0.02198767429226868,0.02198767429226868
thetao,W20p0,2,9,0.021982144790120763,0.021982144790120763
so,W30p0,2,15,0.021970039413207045,0.021970039413207045
thetao,W10p0,5,17,-0.021812129241866103,0.021812129241866103
so,W30p0,9,2,-0.021717675856800876,0.021717675856800876
so,W30p0,6,8,0.02142766442969934,0.02142766442969934
so,W10p0,5,17,0.021178152870005466,0.021178152870005466
thetao,W10p0,10,20,-0.021159499349954577,0.021159499349954577
so,W30p0,2,1,0.02113621005739951,0.02113621005739951
thetao,W30p0,6,12,0.02106762379368006,0.02106762379368006
so,W20p0,9,20,-0.0210042006870355,0.0210042006870355
so,W30p0,6,0,-0.020835792434514108,0.020835792434514108
thetao,W30p0,2,15,-0.020518140534140507,0.020518140534140507
thetao,W60p0,7,19,-0.020479237499407738,0.020479237499407738
so,W60p0,6,13,0.020308573806981034,0.020308573806981034
thetao,W30p0,6,11,-0.020194339285617684,0.020194339285617684
so,W20p0,6,9,0.020040734329750978,0.020040734329750978
so,W10p0,7,15,-0.01996673202105251,0.01996673202105251
thetao,W30p0,1,5,-0.019875864016375967,0.019875864016375967
so,W60p0,3,4,-0.019761840690069442,0.019761840690069442
so,W20p0,6,8,0.019639792740732485,0.019639792740732485
thetao,W30p0,4,8,0.019584393229463485,0.019584393229463485
so,W60p0,4,14,-0.019249667020142615,0.019249667020142615
so,W20p0,9,18,0.019158646798951455,0.019158646798951455
thetao,W30p0,8,13,-0.018991812724178606,0.018991812724178606
so,W30p0,9,4,0.018943314299761337,0.018943314299761337
so,W60p0,9,16,0.018883572188580746,0.018883572188580746
so,W40p0,4,20,-0.01884901632220126,0.01884901632220126
thetao,W60p0,6,14,-0.01878061095795804,0.01878061095795804
thetao,W10p0,6,1,-0.018703611590958683,0.018703611590958683
thetao,W40p0,4,13,-0.01831019620916849,0.01831019620916849
so,W30p0,5,19,0.01826583955005581,0.01826583955005581
thetao,W40p0,3,14,0.018067282135532364,0.018067282135532364
so,W20p0,8,16,-0.018064332974617223,0.018064332974617223
so,W30p0,5,8,-0.017901207951318367,0.017901207951318367
so,W10p0,7,0,-0.017600384155686433,0.017600384155686433
so,W20p0,9,6,-0.01750841439108273,0.01750841439108273
thetao,W20p0,3,10,-0.01744885478103389,0.01744885478103389
thetao,W60p0,8,7,0.017338403264459987,0.017338403264459987
so,W60p0,8,12,0.017296224254606498,0.017296224254606498
thetao,W30p0,3,6,-0.016982707807120717,0.016982707807120717
thetao,W30p0,4,4,-0.01686258831594721,0.01686258831594721
thetao,W60p0,4,0,-0.016757126332672984,0.016757126332672984
so,W10p0,6,18,0.016720197792144238,0.016720197792144238
so,W20p0,4,16,-0.016677539103453303,0.016677539103453303
thetao,W30p0,4,9,-0.01639843514619179,0.01639843514619179
so,W30p0,10,13,-0.016341842135846895,0.016341842135846895
so,W60p0,8,18,-0.016251875335584434,0.016251875335584434
so,W10p0,2,12,-0.016143042450348945,0.016143042450348945
thetao,W30p0,1,1,0.016137436477336998,0.016137436477336998
so,W20p0,6,1,-0.016094848339108216,0.016094848339108216
thetao,W30p0,6,20,0.01581085677780818,0.01581085677780818
thetao,W30p0,4,3,0.015662242384082672,0.015662242384082672
so,W20p0,7,16,0.015515545026588128,0.015515545026588128
so,W20p0,1,4,-0.015450287553540531,0.015450287553540531
thetao,W40p0,9,20,-0.015308119793021423,0.015308119793021423
so,W40p0,8,20,-0.014816443871973303,0.014816443871973303
so,W40p0,6,16,0.014650446078674563,0.014650446078674563
so,W40p0,8,3,-0.014468019336126807,0.014468019336126807
thetao,W40p0,10,15,0.014429257044073754,0.014429257044073754
so,W30p0,10,4,0.0144221993215768,0.0144221993215768
thetao,W60p0,4,16,-0.014129534101814655,0.014129534101814655
thetao,W30p0,8,6,0.014103962552474156,0.014103962552474156
thetao,W10p0,3,13,0.013977017139265382,0.013977017139265382
so,W60p0,1,16,-0.013859628646414185,0.013859628646414185
thetao,W20p0,3,8,-0.01368467773681532,0.01368467773681532
thetao,W60p0,10,19,-0.013625977199320965,0.013625977199320965
so,W40p0,9,8,-0.013525629573494444,0.013525629573494444
thetao,W20p0,4,1,-0.013402905678725867,0.013402905678725867
thetao,W40p0,4,5,0.01327103246794775,0.01327103246794775
so,W30p0,3,18,-0.013246505038291254,0.013246505038291254
so,W60p0,8,13,-0.013171101341785018,0.013171101341785018
thetao,W60p0,6,7,0.013067098534581444,0.013067098534581444
thetao,W20p0,3,16,-0.012948801549499128,0.012948801549499128
thetao,W60p0,2,20,0.012947706983639923,0.012947706983639923
thetao,W10p0,2,19,0.012936993143634308,0.012936993143634308
so,W40p0,9,6,0.012929591859990474,0.012929591859990474
so,W20p0,1,2,-0.012848016738654364,0.012848016738654364
thetao,W30p0,6,14,0.012777694344471228,0.012777694344471228
so,W20p0,7,17,-0.012693580493935753,0.012693580493935753
thetao,W10p0,5,11,-0.012525288179539618,0.012525288179539618
thetao,W40p0,2,6,0.012400582682611181,0.012400582682611181
so,W30p0,3,15,0.012389567049745158,0.012389567049745158
so,W60p0,6,19,0.011772760027257892,0.011772760027257892
so,W30p0,10,10,0.01170130489593171,0.01170130489593171
so,W20p0,5,9,-0.01157491596802245,0.01157491596802245
thetao,W40p0,3,1,-0.01116049515823067,0.01116049515823067
so,W10p0,6,19,0.011131569890761363,0.011131569890761363
thetao,W30p0,3,19,0.011073779499545461,0.011073779499545461
thetao,W20p0,6,18,-0.010881484057696034,0.010881484057696034
so,W20p0,7,20,0.010822889412616958,0.010822889412616958
so,W20p0,5,16,-0.010451631885546998,0.010451631885546998
thetao,W60p0,4,9,0.010449105549908482,0.010449105549908482
so,W10p0,3,18,-0.010445749995486666,0.010445749995486666
thetao,W40p0,6,19,-0.010158350620666952,0.010158350620666952
so,W60p0,7,1,-0.01015156750649297,0.01015156750649297
so,W60p0,10,2,-0.010109078277201715,0.010109078277201715
so,W20p0,4,9,-0.009967950639671316,0.009967950639671316
so,W60p0,8,17,0.009887670875282514,0.009887670875282514
so,W20p0,7,19,0.0096134462031862,0.0096134462031862
thetao,W30p0,4,12,0.009486154443077778,0.009486154443077778
thetao,W40p0,8,16,0.00944772629337903,0.00944772629337903
so,W20p0,9,19,0.0092411973611226,0.0092411973611226
thetao,W40p0,4,6,0.00921372098705352,0.00921372098705352
so,W20p0,5,3,0.00921144434337882,0.00921144434337882
thetao,W30p0,4,15,-0.009030603347694231,0.009030603347694231
thetao,W20p0,9,1,-0.008836226415007078,0.008836226415007078
thetao,W40p0,9,19,-0.00864902692616305,0.00864902692616305
thetao,W20p0,9,18,-0.00852588359718184,0.00852588359718184
so,W40p0,4,18,0.008488829517840156,0.008488829517840156
so,W20p0,6,18,0.008438681126573193,0.008438681126573193
so,W60p0,7,10,-0.008134904001490452,0.008134904001490452
thetao,W20p0,3,9,0.008039556888354706,0.008039556888354706
so,W30p0,5,1,-0.007986805438026425,0.007986805438026425
thetao,W20p0,2,6,0.00790335917843385,0.00790335917843385
so,W20p0,5,15,0.007868619726378688,0.007868619726378688
so,W40p0,10,5,-0.007867080017044068,0.007867080017044068
so,W20p0,5,12,0.007819482920218898,0.007819482920218898
thetao,W20p0,2,5,0.007761599251505158,0.007761599251505158
thetao,W20p0,9,20,-0.0077462816738369964,0.0077462816738369964
so,W30p0,6,6,0.00772570995115474,0.00772570995115474
so,W60p0,3,0,-0.0075872890707022154,0.0075872890707022154
so,W40p0,5,6,-0.007541663847212847,0.007541663847212847
thetao,W20p0,4,17,0.007485377908203414,0.007485377908203414
so,W20p0,10,20,0.007465660400778097,0.007465660400778097
thetao,W40p0,6,17,-0.007337511206153491,0.007337511206153491
thetao,W30p0,5,3,0.007125893366925699,0.007125893366925699
thetao,W20p0,3,11,-0.007095511082733949,0.007095511082733949
so,W20p0,1,3,0.006899529891474746,0.006899529891474746
so,W40p0,3,5,-0.006877401199341389,0.006877401199341389
thetao,W10p0,8,16,0.006831998975749739,0.006831998975749739
so,W40p0,5,12,-0.006826124146661067,0.006826124146661067
so,W20p0,6,17,0.006781545132480642,0.006781545132480642
thetao,W40p0,9,17,-0.0066933762535625035,0.0066933762535625035
thetao,W20p0,3,12,-0.006533460887140447,0.006533460887140447
thetao,W40p0,3,13,-0.006471065273118424,0.006471065273118424
so,W10p0,5,3,-0.006435759845697038,0.006435759845697038
so,W10p0,6,17,-0.006239191227147606,0.006239191227147606
so,W30p0,3,20,-0.006219576290174538,0.006219576290174538
so,W60p0,6,17,0.005803081870199762,0.005803081870199762
thetao,W30p0,6,19,-0.0057444579937230116,0.0057444579937230116
thetao,W60p0,6,11,0.005707643873103374,0.005707643873103374
thetao,W10p0,7,3,-0.005304169842762902,0.005304169842762902
thetao,W20p0,5,14,-0.0053039573873367414,0.0053039573873367414
so,W20p0,5,4,-0.005196953022223975,0.005196953022223975
so,W30p0,9,20,0.005146092018088702,0.005146092018088702
thetao,W30p0,5,12,-0.005124265250602087,0.005124265250602087
thetao,W20p0,5,12,-0.0051025229878912835,0.0051025229878912835
so,W40p0,8,19,-0.004918674160408767,0.004918674160408767
so,W20p0,10,11,-0.004858538994629229,0.004858538994629229
so,W40p0,3,19,-0.004753444407560293,0.004753444407560293
so,W20p0,10,19,0.004731030362186889,0.004731030362186889
thetao,W20p0,3,7,0.004500925768565328,0.004500925768565328
so,W60p0,8,9,-0.004437087087483268,0.004437087087483268
thetao,W30p0,4,11,-0.0043445491506974195,0.0043445491506974195
thetao,W40p0,8,1,0.004026301535112657,0.004026301535112657
thetao,W30p0,4,5,-0.003986408398215607,0.003986408398215607
so,W60p0,6,4,-0.0039468983514879775,0.0039468983514879775
thetao,W30p0,2,19,0.0037572046399383737,0.0037572046399383737
thetao,W20p0,9,2,0.0037451556060657293,0.0037451556060657293
so,W20p0,4,17,0.0036954341434635484,0.0036954341434635484
so,W20p0,10,7,-0.003675639437613717,0.003675639437613717
thetao,W30p0,8,8,0.0035412100242224027,0.0035412100242224027
so,W40p0,3,10,-0.0034276898508875616,0.0034276898508875616
so,W40p0,3,4,-0.003258581062429549,0.003258581062429549
thetao,W40p0,6,20,-0.0031958830402820343,0.0031958830402820343
so,W30p0,9,19,0.0031054995529612266,0.0031054995529612266
so,W40p0,3,1,0.0030992564786761797,0.0030992564786761797
thetao,W20p0,6,16,-0.0030167796217330095,0.0030167796217330095
thetao,W10p0,8,0,0.002854694800052178,0.002854694800052178
thetao,W60p0,6,12,0.002750737364556397,0.002750737364556397
thetao,W20p0,5,13,0.002615636021523423,0.002615636021523423
thetao,W10p0,5,9,0.002587735011599753,0.002587735011599753
thetao,W60p0,5,20,0.002585503597522125,0.002585503597522125
thetao,W40p0,8,15,-0.0025014156883538946,0.0025014156883538946
so,W10p0,10,16,0.0024855093613845958,0.0024855093613845958
so,W30p0,9,5,-0.002384310966643408,0.002384310966643408
so,W40p0,9,7,0.0022820886274445423,0.0022820886274445423
so,W20p0,5,11,-0.0022553036364324664,0.0022553036364324664
so,W20p0,4,1,-0.0022543230374448206,0.0022543230374448206
so,W10p0,3,11,0.00217748536033012,0.00217748536033012
so,W60p0,8,6,-0.0021241694230319163,0.0021241694230319163
so,W60p0,6,14,-0.0020903063802125872,0.0020903063802125872
so,W40p0,8,18,-0.001859269793200824,0.001859269793200824
so,W20p0,4,8,0.0016838278085461649,0.0016838278085461649
thetao,W30p0,4,13,-0.0015764760391738103,0.0015764760391738103
so,W40p0,3,6,-0.0015686149212183272,0.0015686149212183272
so,W40p0,4,19,-0.001534144295076034,0.001534144295076034
so,W10p0,1,0,-0.001487580528301125,0.001487580528301125
so,W60p0,5,7,-0.0010354738399125146,0.0010354738399125146
thetao,W10p0,5,10,0.0009278261918274952,0.0009278261918274952
so,W40p0,6,15,-0.000826768523933848,0.000826768523933848
so,W40p0,8,17,0.0006547724637035144,0.0006547724637035144
so,W40p0,8,13,0.0005919067690430026,0.0005919067690430026
thetao,W60p0,5,15,-0.0004113541374096102,0.0004113541374096102
so,W60p0,1,17,-0.0002153928006126232,0.0002153928006126232
thetao,W30p0,4,14,-0.00017951018334161497,0.00017951018334161497
so,W60p0,4,18,-0.00015450493951508058,0.00015450493951508058
so,W30p0,4,12,6.0725410586336806e-05,6.0725410586336806e-05
so,W60p0,9,13,-4.0023959082411504e-05,4.0023959082411504e-05
so,W10p0,9,1,-1.579001625471326e-05,1.579001625471326e-05
