var,lon_tag,mode,lag,corr,abs_corr
so,W10p0,2,0,-0.5347415020518217,0.5347415020518217
so,W10p0,2,1,-0.5224788768680707,0.5224788768680707
so,W60p0,1,1,0.5201503216433119,0.5201503216433119
thetao,W10p0,4,8,0.4947979499555636,0.4947979499555636
thetao,W10p0,4,7,0.47932384869866207,0.47932384869866207
thetao,W10p0,4,9,0.47442342264728204,0.47442342264728204
so,W60p0,1,0,0.47005855362026194,0.47005855362026194
thetao,W40p0,2,2,-0.45914061174722803,0.45914061174722803
so,W10p0,2,2,-0.44829667016599006,0.44829667016599006
thetao,W10p0,4,6,0.4423385010817471,0.4423385010817471
thetao,W20p0,1,0,0.4378855930846893,0.4378855930846893
thetao,W10p0,4,10,0.43779328837194903,0.43779328837194903
so,W40p0,5,1,-0.4304753561185909,0.4304753561185909
thetao,W40p0,2,1,-0.4283831476085003,0.4283831476085003
thetao,W40p0,6,1,0.4270951334703547,0.4270951334703547
so,W10p0,1,8,-0.42095198748695406,0.42095198748695406
thetao,W20p0,1,1,0.42093210459459024,0.42093210459459024
so,W60p0,1,2,0.4195272249028225,0.4195272249028225
so,W10p0,1,7,-0.4188230463793581,0.4188230463793581
thetao,W10p0,4,11,0.41843977382991376,0.41843977382991376
so,W10p0,1,6,-0.41137361845476583,0.41137361845476583
so,W10p0,1,5,-0.4049544107533951,0.4049544107533951
so,W40p0,5,2,-0.3988680617579056,0.3988680617579056
so,W20p0,3,2,0.39687721399837284,0.39687721399837284
thetao,W40p0,2,3,-0.3965847290505789,0.3965847290505789
thetao,W10p0,10,15,-0.39564545931264605,0.39564545931264605
so,W60p0,2,3,0.3900698831132062,0.3900698831132062
thetao,W20p0,1,2,0.38991430540314453,0.38991430540314453
thetao,W10p0,10,16,-0.389482762935901,0.389482762935901
so,W10p0,1,9,-0.3863210135893914,0.3863210135893914
so,W60p0,2,2,0.385076126865553,0.385076126865553
thetao,W10p0,10,14,-0.38384479186616893,0.38384479186616893
thetao,W40p0,6,2,0.3767814138559037,0.3767814138559037
so,W10p0,1,4,-0.37613124744150217,0.37613124744150217
so,W40p0,1,0,0.37421844371236956,0.37421844371236956
thetao,W60p0,10,0,-0.3703684332740595,0.3703684332740595
thetao,W10p0,4,5,0.3679377035835931,0.3679377035835931
so,W40p0,2,3,-0.36793245284502635,0.36793245284502635
thetao,W40p0,2,11,-0.36466189911341274,0.36466189911341274
so,W20p0,3,4,0.3643179271342616,0.3643179271342616
so,W20p0,3,3,0.3615388249227055,0.3615388249227055
thetao,W40p0,2,12,-0.36021173877568885,0.36021173877568885
so,W60p0,9,0,-0.35890200620418494,0.35890200620418494
so,W40p0,2,2,-0.3568449383268056,0.3568449383268056
thetao,W60p0,1,2,0.3568190421186053,0.3568190421186053
thetao,W30p0,1,4,-0.35198064414869484,0.35198064414869484
so,W40p0,2,4,-0.35191024841686297,0.35191024841686297
so,W30p0,3,17,-0.35013536979540183,0.35013536979540183
so,W40p0,5,0,-0.3501275824971498,0.3501275824971498
so,W20p0,3,1,0.34981154264693015,0.34981154264693015
thetao,W40p0,6,0,0.34894506235645767,0.34894506235645767
thetao,W30p0,1,2,-0.34761516422871425,0.34761516422871425
thetao,W10p0,4,12,0.3475167069096092,0.3475167069096092
thetao,W60p0,1,3,0.34719750762006796,0.34719750762006796
thetao,W60p0,9,2,0.34512513232511755,0.34512513232511755
so,W30p0,3,18,-0.34469508390058246,0.34469508390058246
thetao,W30p0,1,5,-0.3436126031023794,0.3436126031023794
so,W30p0,5,13,-0.34311280064524946,0.34311280064524946
so,W60p0,2,4,0.3427419911783205,0.3427419911783205
thetao,W30p0,1,3,-0.3404075599123914,0.3404075599123914
thetao,W60p0,9,1,0.33808083879268175,0.33808083879268175
thetao,W40p0,9,0,0.3370898591865281,0.3370898591865281
so,W20p0,3,5,0.3360463096988582,0.3360463096988582
thetao,W30p0,1,8,-0.3318678947843621,0.3318678947843621
so,W30p0,5,14,-0.3311029437331428,0.3311029437331428
so,W10p0,2,3,-0.330272077207023,0.330272077207023
thetao,W10p0,4,4,0.3301384504147543,0.3301384504147543
so,W10p0,1,10,-0.329544283104585,0.329544283104585
so,W20p0,2,0,0.329440564098667,0.329440564098667
thetao,W10p0,6,1,-0.32646356319744846,0.32646356319744846
thetao,W40p0,8,11,0.3263344739020537,0.3263344739020537
so,W10p0,7,19,-0.3257723702689125,0.3257723702689125
so,W60p0,10,0,-0.324697412862212,0.324697412862212
so,W30p0,3,19,-0.3230813897439665,0.3230813897439665
thetao,W60p0,1,4,0.3230277583925872,0.3230277583925872
so,W40p0,5,3,-0.32222222185549626,0.32222222185549626
thetao,W20p0,1,3,0.3210419191284769,0.3210419191284769
so,W20p0,7,10,0.3207838725955073,0.3207838725955073
thetao,W10p0,1,0,0.3203799770247997,0.3203799770247997
thetao,W60p0,4,0,0.3191860528639222,0.3191860528639222
thetao,W60p0,8,20,-0.3187250963795283,0.3187250963795283
thetao,W20p0,2,7,-0.3168487420367187,0.3168487420367187
so,W30p0,5,1,0.31515558348686334,0.31515558348686334
thetao,W10p0,10,13,-0.31492139329705493,0.31492139329705493
so,W60p0,2,1,0.3148619026490408,0.3148619026490408
thetao,W20p0,2,8,-0.3137628577939672,0.3137628577939672
thetao,W30p0,1,7,-0.31163283207456505,0.31163283207456505
thetao,W30p0,1,1,-0.31029957371476774,0.31029957371476774
thetao,W10p0,10,17,-0.30994002999440456,0.30994002999440456
so,W30p0,5,2,0.3095720994493498,0.3095720994493498
thetao,W60p0,2,11,-0.3085777159132591,0.3085777159132591
thetao,W60p0,8,14,-0.3084937160463453,0.3084937160463453
so,W10p0,1,3,-0.30838232856796133,0.30838232856796133
so,W30p0,8,4,0.30835379512321565,0.30835379512321565
thetao,W40p0,2,10,-0.3074637931288211,0.3074637931288211
thetao,W30p0,1,18,0.3073928486159819,0.3073928486159819
thetao,W30p0,6,13,-0.30686135130410824,0.30686135130410824
thetao,W40p0,5,8,0.30677836049567975,0.30677836049567975
so,W40p0,2,1,-0.3064492707762244,0.3064492707762244
thetao,W40p0,2,13,-0.3056697651943551,0.3056697651943551
thetao,W40p0,6,3,0.3042952724051339,0.3042952724051339
thetao,W40p0,2,4,-0.303274980465265,0.303274980465265
thetao,W30p0,1,6,-0.30225474032196437,0.30225474032196437
thetao,W20p0,5,19,0.3016971438036149,0.3016971438036149
thetao,W30p0,1,10,-0.3016299695467056,0.3016299695467056
thetao,W30p0,6,12,-0.3013061189255858,0.3013061189255858
thetao,W40p0,5,9,0.300904936151924,0.300904936151924
so,W10p0,6,19,0.3008128787027552,0.3008128787027552
thetao,W30p0,1,11,-0.29979553532445175,0.29979553532445175
so,W20p0,6,0,0.29905112944827755,0.29905112944827755
thetao,W20p0,2,6,-0.29886062014439013,0.29886062014439013
so,W40p0,4,0,-0.29728225418956816,0.29728225418956816
thetao,W10p0,6,0,-0.2971293934659903,0.2971293934659903
so,W30p0,3,20,-0.2969594497535619,0.2969594497535619
thetao,W60p0,8,15,-0.2957630021037989,0.2957630021037989
so,W10p0,6,18,0.2954354269288251,0.2954354269288251
so,W20p0,7,9,0.2947246515727664,0.2947246515727664
thetao,W20p0,2,9,-0.2945982500751012,0.2945982500751012
thetao,W30p0,1,9,-0.2927145246603598,0.2927145246603598
so,W20p0,1,6,-0.29260996062338457,0.29260996062338457
so,W30p0,7,0,-0.291970127310929,0.291970127310929
so,W20p0,3,6,0.28999196918202585,0.28999196918202585
so,W20p0,7,11,0.2897672253069758,0.2897672253069758
so,W30p0,5,12,-0.2891482420380241,0.2891482420380241
so,W30p0,5,3,0.28879122119988004,0.28879122119988004
so,W40p0,9,8,-0.2880878166149334,0.2880878166149334
so,W10p0,7,18,-0.28784477547428283,0.28784477547428283
so,W30p0,5,15,-0.28710352510007225,0.28710352510007225
thetao,W30p0,1,17,0.28703292269203545,0.28703292269203545
thetao,W40p0,9,1,0.28675241319289985,0.28675241319289985
so,W20p0,1,7,-0.28615177935870423,0.28615177935870423
thetao,W60p0,8,19,-0.2849769523377322,0.2849769523377322
thetao,W30p0,8,14,-0.28472890772262927,0.28472890772262927
thetao,W10p0,1,1,0.2839464204690121,0.2839464204690121
thetao,W40p0,8,12,0.2838020737199348,0.2838020737199348
so,W30p0,5,5,0.28324133325562173,0.28324133325562173
so,W20p0,10,2,-0.2829961757794829,0.2829961757794829
so,W30p0,1,8,0.2817810186940341,0.2817810186940341
thetao,W60p0,2,12,-0.2812181533640405,0.2812181533640405
so,W60p0,6,13,-0.28106020104390217,0.28106020104390217
so,W10p0,2,10,0.2803762640385834,0.2803762640385834
so,W10p0,6,17,0.27974285650914543,0.27974285650914543
so,W20p0,1,10,-0.2794525459413615,0.2794525459413615
so,W30p0,1,10,0.279449669993896,0.279449669993896
so,W20p0,6,2,0.2789673456090212,0.2789673456090212
so,W30p0,1,11,0.2788370441502308,0.2788370441502308
so,W30p0,8,14,0.2769041945082462,0.2769041945082462
so,W30p0,3,16,-0.2768812101544585,0.2768812101544585
thetao,W10p0,6,2,-0.2767085764975116,0.2767085764975116
so,W40p0,2,5,-0.2766901748584808,0.2766901748584808
so,W40p0,1,4,0.27615131849599933,0.27615131849599933
so,W30p0,5,4,0.2759721348010817,0.2759721348010817
so,W40p0,1,16,-0.2756371572494451,0.2756371572494451
so,W30p0,5,0,0.275443880905157,0.275443880905157
so,W30p0,8,13,0.27531339724084175,0.27531339724084175
so,W20p0,10,1,-0.27528401547489595,0.27528401547489595
thetao,W10p0,4,3,0.27525674514692877,0.27525674514692877
so,W40p0,1,17,-0.27521637088242984,0.27521637088242984
so,W10p0,2,11,0.2751551740274644,0.2751551740274644
so,W20p0,6,1,0.27513509440432965,0.27513509440432965
thetao,W20p0,5,18,0.27513217733557843,0.27513217733557843
thetao,W20p0,7,9,0.27512341298951054,0.27512341298951054
thetao,W60p0,9,0,0.27444701826794843,0.27444701826794843
so,W20p0,1,8,-0.27406818196931393,0.27406818196931393
thetao,W60p0,8,13,-0.27351853095769996,0.27351853095769996
thetao,W40p0,8,10,0.2727280716849509,0.2727280716849509
so,W10p0,2,12,0.2725863727645244,0.2725863727645244
thetao,W20p0,5,20,0.27222443731179086,0.27222443731179086
so,W40p0,9,7,-0.2712269587815563,0.2712269587815563
so,W10p0,6,20,0.27095749427664906,0.27095749427664906
thetao,W60p0,1,1,0.2700996063355394,0.2700996063355394
so,W60p0,1,3,0.2690570466716117,0.2690570466716117
so,W30p0,3,2,0.26892202172843604,0.26892202172843604
so,W40p0,1,5,0.26847306301175144,0.26847306301175144
thetao,W40p0,1,4,-0.26769943781829414,0.26769943781829414
so,W10p0,7,20,-0.2673577553464822,0.2673577553464822
thetao,W40p0,6,4,0.2671071175922938,0.2671071175922938
so,W20p0,10,3,-0.2669124083815104,0.2669124083815104
thetao,W60p0,10,1,-0.26682178117201805,0.26682178117201805
thetao,W10p0,6,3,-0.2663980742798993,0.2663980742798993
so,W20p0,3,7,0.2657301029374204,0.2657301029374204
so,W20p0,8,3,0.2649407326468663,0.2649407326468663
so,W20p0,10,5,-0.26492992317788994,0.26492992317788994
thetao,W40p0,1,5,-0.26324645530104135,0.26324645530104135
thetao,W20p0,7,20,-0.2630626980713322,0.2630626980713322
so,W30p0,8,3,0.26296218423089585,0.26296218423089585
thetao,W30p0,1,19,0.2620515748819333,0.2620515748819333
so,W20p0,1,9,-0.26197676011547394,0.26197676011547394
thetao,W20p0,1,4,0.26126870911589367,0.26126870911589367
thetao,W40p0,5,7,0.2602460507639717,0.2602460507639717
thetao,W40p0,1,6,-0.25942640248885507,0.25942640248885507
so,W20p0,3,0,0.25816154006336184,0.25816154006336184
thetao,W10p0,3,20,0.257953990247692,0.257953990247692
thetao,W40p0,3,14,0.2567926357424239,0.2567926357424239
so,W30p0,5,6,0.2566425648133871,0.2566425648133871
so,W20p0,1,5,-0.25612878306852876,0.25612878306852876
so,W40p0,1,1,0.2561260595113606,0.2561260595113606
thetao,W10p0,5,0,-0.25610683102474396,0.25610683102474396
so,W40p0,9,9,-0.2560698328920371,0.2560698328920371
so,W30p0,8,2,0.2539966655387122,0.2539966655387122
so,W10p0,1,11,-0.25355734729114027,0.25355734729114027
so,W20p0,1,11,-0.25345643299967174,0.25345643299967174
so,W60p0,2,5,0.2532716604164016,0.2532716604164016
thetao,W30p0,6,20,0.2532607934643246,0.2532607934643246
so,W20p0,1,3,-0.25321593553288385,0.25321593553288385
so,W30p0,1,9,0.2530066425891241,0.2530066425891241
so,W40p0,9,6,-0.25291271330586745,0.25291271330586745
so,W40p0,1,18,-0.2528151167022938,0.2528151167022938
thetao,W30p0,6,14,-0.25211990673617235,0.25211990673617235
thetao,W40p0,8,14,0.2518630558291439,0.2518630558291439
thetao,W40p0,1,7,-0.2511737778602989,0.2511737778602989
so,W30p0,3,3,0.2509493796000475,0.2509493796000475
thetao,W30p0,8,16,-0.25060077351588167,0.25060077351588167
thetao,W40p0,3,13,0.25003533590179444,0.25003533590179444
thetao,W20p0,2,5,-0.2497719395302924,0.2497719395302924
so,W20p0,7,12,0.2497080851212379,0.2497080851212379
so,W40p0,9,4,-0.24941005331846985,0.24941005331846985
thetao,W60p0,9,3,0.24925438872439806,0.24925438872439806
so,W60p0,3,19,0.24893822115104305,0.24893822115104305
so,W10p0,2,13,0.24880273660224372,0.24880273660224372
so,W20p0,2,18,0.24777493150503951,0.24777493150503951
so,W40p0,7,0,-0.2471687571457798,0.2471687571457798
so,W40p0,2,11,0.24697628933421753,0.24697628933421753
so,W60p0,1,12,-0.2463825037618961,0.2463825037618961
thetao,W40p0,2,9,-0.2462187915589758,0.2462187915589758
so,W20p0,10,8,-0.24619045192387218,0.24619045192387218
so,W20p0,1,20,0.24612986518077448,0.24612986518077448
thetao,W60p0,3,3,-0.24559990380378005,0.24559990380378005
so,W10p0,1,2,-0.24503098170080992,0.24503098170080992
thetao,W60p0,10,18,0.24478104513791857,0.24478104513791857
thetao,W40p0,1,17,0.24454246967143142,0.24454246967143142
thetao,W30p0,6,11,-0.24409492421776224,0.24409492421776224
so,W60p0,3,20,0.24402726741754194,0.24402726741754194
so,W40p0,1,6,0.24317499473504853,0.24317499473504853
so,W40p0,2,12,0.2429223982937265,0.2429223982937265
so,W10p0,6,16,0.24238414196318733,0.24238414196318733
so,W40p0,1,3,0.24220106896889862,0.24220106896889862
so,W20p0,2,1,0.24200863851218982,0.24200863851218982
so,W20p0,2,19,0.24099062132918955,0.24099062132918955
thetao,W60p0,1,5,0.24083538920662595,0.24083538920662595
so,W40p0,2,10,0.24061522501637678,0.24061522501637678
so,W40p0,10,8,-0.24045042517195098,0.24045042517195098
so,W60p0,9,1,-0.2402217417479164,0.2402217417479164
thetao,W60p0,2,13,-0.2389479333646392,0.2389479333646392
so,W20p0,8,15,-0.23868817709573473,0.23868817709573473
so,W40p0,9,5,-0.23806117422951298,0.23806117422951298
so,W20p0,7,8,0.23796337702855044,0.23796337702855044
so,W20p0,10,4,-0.237937805918008,0.237937805918008
thetao,W60p0,10,19,0.23787673967510092,0.23787673967510092
so,W10p0,9,20,0.2373476257115173,0.2373476257115173
so,W30p0,3,4,0.23680197857882812,0.23680197857882812
so,W30p0,1,7,0.23674903285714508,0.23674903285714508
so,W10p0,10,20,0.2366028718981186,0.2366028718981186
thetao,W10p0,1,2,0.23652691814999824,0.23652691814999824
so,W20p0,1,4,-0.2364327908258237,0.2364327908258237
thetao,W20p0,2,10,-0.23575203778937634,0.23575203778937634
thetao,W40p0,8,2,-0.23523177153666314,0.23523177153666314
thetao,W40p0,8,0,-0.23320762424336847,0.23320762424336847
so,W10p0,7,17,-0.2330825290877431,0.2330825290877431
thetao,W40p0,9,2,0.2328803827205981,0.2328803827205981
so,W20p0,3,8,0.23276672022562322,0.23276672022562322
thetao,W60p0,2,10,-0.23165644553445222,0.23165644553445222
thetao,W10p0,3,12,-0.23162870677398675,0.23162870677398675
so,W10p0,2,9,0.23154728849076303,0.23154728849076303
so,W20p0,10,7,-0.2305177389762266,0.2305177389762266
so,W30p0,8,1,0.23021860194619853,0.23021860194619853
so,W30p0,5,16,-0.2301576893072676,0.2301576893072676
thetao,W40p0,8,15,0.23013842347140878,0.23013842347140878
thetao,W30p0,8,15,-0.22971668270395343,0.22971668270395343
so,W40p0,9,11,-0.22971431010256435,0.22971431010256435
thetao,W20p0,10,20,-0.22966351232360974,0.22966351232360974
thetao,W30p0,5,20,-0.22943133977750385,0.22943133977750385
thetao,W40p0,1,18,0.22909338055687645,0.22909338055687645
thetao,W40p0,8,1,-0.2285380903754452,0.2285380903754452
thetao,W10p0,10,12,-0.2279314389279496,0.2279314389279496
thetao,W30p0,8,19,-0.22697924460245394,0.22697924460245394
thetao,W30p0,8,13,-0.22670290686441885,0.22670290686441885
thetao,W10p0,3,13,-0.22642081598135927,0.22642081598135927
thetao,W20p0,7,8,0.225254781001065,0.225254781001065
thetao,W30p0,9,0,-0.22506347865650003,0.22506347865650003
so,W60p0,8,2,-0.22441074120610738,0.22441074120610738
thetao,W30p0,10,12,-0.22431074080666497,0.22431074080666497
so,W20p0,10,6,-0.224219924279334,0.224219924279334
so,W30p0,3,5,0.2233337393695419,0.2233337393695419
so,W40p0,10,7,-0.2231859673287851,0.2231859673287851
thetao,W40p0,1,3,-0.22253774575695298,0.22253774575695298
thetao,W10p0,2,3,0.22246714465474418,0.22246714465474418
so,W40p0,2,13,0.22241292699176554,0.22241292699176554
thetao,W20p0,2,19,0.22205159522872547,0.22205159522872547
thetao,W60p0,1,11,0.22184504865208945,0.22184504865208945
thetao,W30p0,10,13,-0.22172967727002335,0.22172967727002335
thetao,W20p0,7,10,0.22154718496832115,0.22154718496832115
so,W60p0,2,0,0.22114378057686837,0.22114378057686837
so,W20p0,6,10,-0.22102658275833195,0.22102658275833195
thetao,W40p0,1,16,0.2208142076754154,0.2208142076754154
thetao,W20p0,1,5,0.22064346490933884,0.22064346490933884
thetao,W40p0,8,13,0.22028150442155678,0.22028150442155678
so,W10p0,2,14,0.2202651761257242,0.2202651761257242
so,W20p0,6,11,-0.21979302353950056,0.21979302353950056
thetao,W40p0,1,0,-0.2197421539087621,0.2197421539087621
so,W30p0,2,0,-0.21913265216660505,0.21913265216660505
so,W60p0,2,11,0.21862698659868623,0.21862698659868623
thetao,W60p0,4,1,0.21844305844463383,0.21844305844463383
thetao,W10p0,2,4,0.2184115261259967,0.2184115261259967
thetao,W20p0,7,19,-0.21794097025734202,0.21794097025734202
so,W60p0,6,12,-0.2175031020907916,0.2175031020907916
thetao,W40p0,7,12,-0.21723219447675912,0.21723219447675912
so,W10p0,8,20,0.21718304891106963,0.21718304891106963
thetao,W10p0,4,13,0.21706042057711114,0.21706042057711114
thetao,W60p0,3,2,-0.21703333517951273,0.21703333517951273
so,W10p0,5,16,0.217011765391217,0.217011765391217
so,W40p0,5,4,-0.21634348352725755,0.21634348352725755
thetao,W20p0,2,11,-0.21626708581609314,0.21626708581609314
so,W60p0,5,18,0.21548019033763124,0.21548019033763124
thetao,W60p0,10,17,0.21530932387695176,0.21530932387695176
so,W30p0,1,12,0.21508937049002755,0.21508937049002755
so,W10p0,6,11,-0.21495482754022405,0.21495482754022405
so,W30p0,7,2,-0.2144935015236185,0.2144935015236185
so,W10p0,2,4,-0.21435691093686965,0.21435691093686965
so,W10p0,6,10,-0.21415165612695708,0.21415165612695708
thetao,W60p0,8,18,-0.2140882768032348,0.2140882768032348
thetao,W40p0,9,3,0.21404544374174841,0.21404544374174841
thetao,W30p0,8,17,-0.2137999952903629,0.2137999952903629
so,W60p0,8,15,0.2127306011117151,0.2127306011117151
so,W40p0,7,14,0.2126680006646568,0.2126680006646568
thetao,W40p0,5,10,0.21232714234659522,0.21232714234659522
so,W30p0,1,20,-0.21206927655325264,0.21206927655325264
so,W30p0,9,20,0.2116567053366156,0.2116567053366156
so,W60p0,3,18,0.21102589947202866,0.21102589947202866
thetao,W60p0,2,0,0.21082791595488617,0.21082791595488617
thetao,W60p0,2,19,0.21077913897552036,0.21077913897552036
thetao,W10p0,10,20,-0.21057588054580034,0.21057588054580034
thetao,W20p0,9,5,0.20890877940047756,0.20890877940047756
so,W10p0,8,1,-0.20879276580158349,0.20879276580158349
so,W10p0,7,2,-0.20876561465925345,0.20876561465925345
thetao,W40p0,10,1,0.20864185045615924,0.20864185045615924
so,W20p0,6,3,0.20851958116025923,0.20851958116025923
so,W20p0,2,20,0.20838799737872177,0.20838799737872177
so,W20p0,1,19,0.2083260067631048,0.2083260067631048
so,W40p0,10,6,-0.2082424572565979,0.2082424572565979
so,W20p0,1,2,-0.20804077768023066,0.20804077768023066
thetao,W40p0,1,11,-0.20786899966810884,0.20786899966810884
thetao,W40p0,6,5,0.20762264247956932,0.20762264247956932
thetao,W40p0,10,0,0.20743410640681478,0.20743410640681478
so,W20p0,2,10,-0.20699942929346019,0.20699942929346019
so,W40p0,3,2,-0.20669178141502154,0.20669178141502154
thetao,W10p0,4,2,0.20622515447819612,0.20622515447819612
so,W40p0,7,16,0.2061113586060956,0.2061113586060956
thetao,W30p0,1,16,0.2061078680069629,0.2061078680069629
thetao,W20p0,2,12,-0.20598419570928905,0.20598419570928905
thetao,W30p0,8,18,-0.20585459213809376,0.20585459213809376
so,W60p0,8,14,0.205591756951865,0.205591756951865
thetao,W30p0,10,8,-0.2048430220526964,0.2048430220526964
thetao,W60p0,1,12,0.20444865290984968,0.20444865290984968
thetao,W10p0,10,18,-0.20406214810937412,0.20406214810937412
so,W10p0,7,5,-0.2038058206205758,0.2038058206205758
so,W20p0,10,9,-0.2037087112264323,0.2037087112264323
so,W30p0,4,16,-0.20368691666731709,0.20368691666731709
so,W40p0,1,2,0.2036173705050819,0.2036173705050819
thetao,W30p0,4,20,-0.20360840930308263,0.20360840930308263
so,W30p0,4,17,-0.20359698014148006,0.20359698014148006
thetao,W30p0,9,2,-0.20316054956536697,0.20316054956536697
thetao,W60p0,8,16,-0.2029723978265509,0.2029723978265509
so,W30p0,8,5,0.20256483190607932,0.20256483190607932
so,W40p0,1,7,0.20247537425350295,0.20247537425350295
so,W60p0,2,8,0.20232213934484147,0.20232213934484147
so,W60p0,7,1,0.2022068686068375,0.2022068686068375
so,W40p0,10,19,0.20179634259931714,0.20179634259931714
thetao,W20p0,7,0,-0.20168125349472862,0.20168125349472862
so,W60p0,8,11,0.20127943876820115,0.20127943876820115
so,W40p0,9,2,-0.20081063010641767,0.20081063010641767
so,W60p0,5,17,0.2004765473178972,0.2004765473178972
so,W10p0,7,6,-0.20039444017530908,0.20039444017530908
so,W10p0,7,7,-0.20002045889151768,0.20002045889151768
so,W30p0,5,11,-0.19955509099641264,0.19955509099641264
thetao,W40p0,4,12,-0.19915855168232746,0.19915855168232746
so,W40p0,2,14,0.19898786236083957,0.19898786236083957
so,W20p0,2,11,-0.1989042144369918,0.1989042144369918
thetao,W20p0,2,20,0.19877610798183323,0.19877610798183323
thetao,W60p0,6,18,0.19869238753987223,0.19869238753987223
thetao,W10p0,2,7,0.19865343283217765,0.19865343283217765
thetao,W30p0,9,1,-0.1986147868063882,0.1986147868063882
so,W10p0,9,4,-0.1983439989175296,0.1983439989175296
thetao,W20p0,9,6,0.19829117835900834,0.19829117835900834
so,W10p0,6,7,-0.19802476096750563,0.19802476096750563
thetao,W40p0,2,5,-0.19784209586456775,0.19784209586456775
so,W10p0,8,3,-0.1978017311394766,0.1978017311394766
thetao,W30p0,4,1,0.1976639051195689,0.1976639051195689
thetao,W10p0,4,18,-0.1971907865627128,0.1971907865627128
so,W60p0,2,12,0.19713359159791458,0.19713359159791458
so,W60p0,4,2,0.197074674364861,0.197074674364861
thetao,W60p0,10,2,-0.1968728834474857,0.1968728834474857
so,W60p0,8,3,-0.19653220639891436,0.19653220639891436
thetao,W40p0,3,15,0.19651288691404956,0.19651288691404956
thetao,W20p0,2,4,-0.19648138676091925,0.19648138676091925
so,W20p0,8,2,0.19638905983765614,0.19638905983765614
so,W40p0,2,0,-0.19573260047829025,0.19573260047829025
so,W60p0,8,12,0.19573162667260557,0.19573162667260557
so,W20p0,2,9,-0.19540122874866767,0.19540122874866767
thetao,W60p0,2,17,0.1947732528753564,0.1947732528753564
thetao,W30p0,10,14,-0.19470400870735516,0.19470400870735516
so,W60p0,2,10,0.19445261116879203,0.19445261116879203
thetao,W10p0,3,19,0.1941531755878598,0.1941531755878598
so,W60p0,1,11,-0.1939338292365315,0.1939338292365315
so,W40p0,7,15,0.19387334720067334,0.19387334720067334
thetao,W30p0,4,8,0.1938441391028564,0.1938441391028564
so,W30p0,3,1,0.19348650614074242,0.19348650614074242
thetao,W60p0,2,18,0.19308854250868193,0.19308854250868193
thetao,W40p0,2,14,-0.19300074610244586,0.19300074610244586
so,W20p0,8,14,-0.1929135217284387,0.1929135217284387
thetao,W60p0,1,8,0.19262505561340565,0.19262505561340565
thetao,W40p0,9,9,-0.19262023882572973,0.19262023882572973
so,W10p0,5,7,-0.19234724874707926,0.19234724874707926
so,W40p0,10,5,-0.19206492421883223,0.19206492421883223
so,W40p0,2,15,0.19204725836338635,0.19204725836338635
so,W20p0,3,9,0.19195527176349292,0.19195527176349292
so,W10p0,1,17,0.19111374840104994,0.19111374840104994
so,W40p0,6,17,-0.19076155301202394,0.19076155301202394
so,W10p0,8,2,-0.19074075556022188,0.19074075556022188
so,W60p0,2,9,0.19054593016782395,0.19054593016782395
so,W30p0,3,15,-0.19043913950945335,0.19043913950945335
thetao,W60p0,2,20,0.1900350046054832,0.1900350046054832
so,W20p0,10,10,-0.18980562114273222,0.18980562114273222
thetao,W20p0,5,17,0.18963350288859507,0.18963350288859507
thetao,W60p0,3,4,-0.1893367348735523,0.1893367348735523
so,W40p0,9,10,-0.18918590431277588,0.18918590431277588
so,W30p0,3,6,0.18890570245585814,0.18890570245585814
thetao,W20p0,6,2,0.18886546323767384,0.18886546323767384
so,W40p0,2,17,0.18861538233533254,0.18861538233533254
thetao,W10p0,1,3,0.1885911975834396,0.1885911975834396
so,W10p0,1,18,0.18854497515995775,0.18854497515995775
so,W30p0,10,2,0.18851177160471072,0.18851177160471072
so,W60p0,1,4,0.1884747388516552,0.1884747388516552
so,W60p0,8,13,0.18841823475016747,0.18841823475016747
thetao,W60p0,8,12,-0.18832282688473767,0.18832282688473767
so,W40p0,10,9,-0.1882087729203924,0.1882087729203924
so,W10p0,5,10,-0.18818002691827074,0.18818002691827074
thetao,W40p0,9,10,-0.18810192414598997,0.18810192414598997
so,W60p0,8,4,-0.1880396755206067,0.1880396755206067
so,W40p0,3,1,-0.18776269155449485,0.18776269155449485
so,W40p0,4,1,-0.18762620586113307,0.18762620586113307
so,W20p0,2,12,-0.18760909177019267,0.18760909177019267
thetao,W30p0,4,19,-0.18744906252585058,0.18744906252585058
thetao,W10p0,4,17,-0.18713143461796092,0.18713143461796092
so,W20p0,1,1,-0.18698881909512113,0.18698881909512113
so,W20p0,6,9,-0.18692211223187527,0.18692211223187527
thetao,W10p0,7,17,0.1867282991248496,0.1867282991248496
thetao,W40p0,3,17,0.1866776998319766,0.1866776998319766
so,W10p0,10,19,0.18660092883454898,0.18660092883454898
thetao,W40p0,2,0,-0.18641292291847084,0.18641292291847084
so,W10p0,9,19,0.18638029718281032,0.18638029718281032
so,W40p0,8,17,0.1861216373180837,0.1861216373180837
thetao,W10p0,5,1,-0.18577392984883834,0.18577392984883834
thetao,W40p0,6,20,0.18553840441167088,0.18553840441167088
thetao,W60p0,1,10,0.18535208133497114,0.18535208133497114
thetao,W30p0,3,3,-0.18516277413799673,0.18516277413799673
thetao,W10p0,2,5,0.18504476741363104,0.18504476741363104
thetao,W30p0,10,15,-0.1848764351562474,0.1848764351562474
thetao,W20p0,2,3,-0.18453392010856845,0.18453392010856845
so,W30p0,7,1,-0.1842341092379058,0.1842341092379058
so,W10p0,6,6,-0.1841421926650496,0.1841421926650496
thetao,W40p0,1,10,-0.18411460334396015,0.18411460334396015
so,W40p0,3,3,-0.18401676114093635,0.18401676114093635
so,W40p0,1,19,-0.18396223267255976,0.18396223267255976
thetao,W40p0,10,16,-0.1838602824529172,0.1838602824529172
thetao,W10p0,10,19,-0.18358580978891287,0.18358580978891287
thetao,W20p0,2,18,0.18354247458005496,0.18354247458005496
so,W30p0,6,0,0.18350198831688688,0.18350198831688688
thetao,W30p0,1,20,0.18328994285567185,0.18328994285567185
thetao,W10p0,2,2,0.18324829038501708,0.18324829038501708
thetao,W60p0,9,4,0.18320174659582247,0.18320174659582247
so,W30p0,5,7,0.18318269533361617,0.18318269533361617
so,W60p0,10,16,0.18308276791328612,0.18308276791328612
so,W10p0,5,17,0.18302506630895785,0.18302506630895785
thetao,W20p0,9,3,0.18268888398974403,0.18268888398974403
thetao,W40p0,8,9,0.18264886502728228,0.18264886502728228
so,W20p0,3,16,-0.18247550207867508,0.18247550207867508
thetao,W60p0,7,9,0.18237858669125162,0.18237858669125162
thetao,W40p0,1,1,-0.18233986204583935,0.18233986204583935
so,W10p0,7,3,-0.18231255371776148,0.18231255371776148
so,W40p0,9,3,-0.18227181296920217,0.18227181296920217
so,W60p0,4,11,0.18210495979808417,0.18210495979808417
so,W40p0,5,11,0.18205054444507415,0.18205054444507415
so,W20p0,3,17,-0.1819703818808227,0.1819703818808227
thetao,W10p0,10,11,-0.18172372714036722,0.18172372714036722
thetao,W30p0,1,12,-0.18168771393026314,0.18168771393026314
so,W30p0,8,12,0.18160791572970444,0.18160791572970444
thetao,W40p0,1,2,-0.18146511605500038,0.18146511605500038
thetao,W10p0,3,11,-0.18139112824865333,0.18139112824865333
so,W10p0,1,1,-0.18119273232362793,0.18119273232362793
thetao,W20p0,2,13,-0.18075242796108518,0.18075242796108518
so,W30p0,9,10,-0.18069711742199931,0.18069711742199931
so,W40p0,2,16,0.18065902504378106,0.18065902504378106
so,W20p0,1,12,-0.18058302015735372,0.18058302015735372
thetao,W30p0,10,11,-0.18056006428560964,0.18056006428560964
so,W20p0,6,20,0.18027813663830916,0.18027813663830916
thetao,W10p0,4,19,-0.18022440537631973,0.18022440537631973
thetao,W20p0,2,2,-0.1801043889358911,0.1801043889358911
thetao,W60p0,1,9,0.17979876169939168,0.17979876169939168
thetao,W40p0,1,19,0.17941439293338887,0.17941439293338887
so,W10p0,1,12,-0.17925252290374583,0.17925252290374583
so,W40p0,4,17,-0.1787678875060405,0.1787678875060405
so,W40p0,7,11,0.17870586960396828,0.17870586960396828
thetao,W10p0,2,6,0.17865433824035312,0.17865433824035312
thetao,W60p0,9,20,-0.1779551233353865,0.1779551233353865
thetao,W10p0,5,8,0.17769258999605725,0.17769258999605725
thetao,W10p0,10,10,-0.17765618325765092,0.17765618325765092
so,W20p0,2,13,-0.1775632230765075,0.1775632230765075
thetao,W40p0,4,11,-0.17648056611965807,0.17648056611965807
thetao,W10p0,1,4,0.17599376637264624,0.17599376637264624
so,W30p0,5,17,-0.17598661261712506,0.17598661261712506
so,W10p0,6,9,-0.17593380964810493,0.17593380964810493
so,W20p0,7,7,0.1758024464885469,0.1758024464885469
so,W40p0,10,3,-0.17580183957313006,0.17580183957313006
so,W30p0,9,19,0.1755346516610597,0.1755346516610597
so,W60p0,10,15,0.17508658820412806,0.17508658820412806
thetao,W60p0,6,6,-0.1748543460315245,0.1748543460315245
so,W60p0,2,7,0.17479910367286322,0.17479910367286322
so,W10p0,8,0,-0.17470550419172512,0.17470550419172512
so,W60p0,4,3,0.17438053354921854,0.17438053354921854
thetao,W10p0,6,20,-0.17432281463543692,0.17432281463543692
thetao,W20p0,9,7,0.1740913063486434,0.1740913063486434
thetao,W60p0,6,7,-0.17379578545966975,0.17379578545966975
thetao,W20p0,7,1,-0.17338502334083342,0.17338502334083342
thetao,W30p0,4,7,0.1726338622001632,0.1726338622001632
so,W60p0,7,20,-0.1723107897797502,0.1723107897797502
thetao,W30p0,6,19,0.17140911926559219,0.17140911926559219
thetao,W10p0,3,0,-0.1712399847359011,0.1712399847359011
so,W20p0,3,15,-0.1711878763141176,0.1711878763141176
so,W20p0,7,13,0.17110910061256715,0.17110910061256715
so,W10p0,6,8,-0.17085029775921645,0.17085029775921645
thetao,W20p0,9,8,0.17022593699206345,0.17022593699206345
thetao,W10p0,7,20,0.1702047004291347,0.1702047004291347
so,W40p0,7,13,0.17020251968264075,0.17020251968264075
thetao,W20p0,1,6,0.17016276390347795,0.17016276390347795
thetao,W40p0,2,8,-0.16984057052818738,0.16984057052818738
thetao,W60p0,5,11,-0.16939008680761014,0.16939008680761014
so,W30p0,1,6,0.16934351453975832,0.16934351453975832
thetao,W30p0,5,19,-0.16907372946591404,0.16907372946591404
so,W10p0,3,8,-0.16890365512994648,0.16890365512994648
so,W10p0,5,11,-0.1681799036217588,0.1681799036217588
so,W60p0,7,0,0.1678569671434158,0.1678569671434158
so,W10p0,2,15,0.16783088697728651,0.16783088697728651
thetao,W60p0,1,0,0.16747113291436783,0.16747113291436783
so,W40p0,3,0,-0.16745841168921421,0.16745841168921421
thetao,W30p0,8,0,0.16737024157604558,0.16737024157604558
thetao,W40p0,1,8,-0.1672091125034276,0.1672091125034276
thetao,W40p0,3,12,0.16702739341115752,0.16702739341115752
so,W60p0,2,6,0.16700189594933465,0.16700189594933465
thetao,W30p0,6,15,-0.16695536243825404,0.16695536243825404
thetao,W10p0,6,4,-0.16693664172899395,0.16693664172899395
so,W10p0,10,11,-0.166745216566887,0.166745216566887
so,W40p0,2,6,-0.16646169127578195,0.16646169127578195
so,W60p0,6,14,-0.16632262716192428,0.16632262716192428
so,W60p0,7,2,0.1663205536747922,0.1663205536747922
so,W10p0,5,9,-0.16609306571065427,0.16609306571065427
thetao,W30p0,5,11,0.1656229998006245,0.1656229998006245
thetao,W60p0,8,17,-0.16552789652336147,0.16552789652336147
thetao,W10p0,7,16,0.1654750666116765,0.1654750666116765
thetao,W20p0,6,1,0.16534125805696756,0.16534125805696756
thetao,W20p0,9,10,0.16513430703697196,0.16513430703697196
thetao,W20p0,10,19,-0.1651193085863303,0.1651193085863303
so,W40p0,2,9,0.16485071023611655,0.16485071023611655
so,W30p0,1,13,0.16467355610395226,0.16467355610395226
so,W60p0,1,10,-0.1642267687561096,0.1642267687561096
thetao,W30p0,9,3,-0.16386007067290143,0.16386007067290143
so,W40p0,9,12,-0.16384580280613345,0.16384580280613345
thetao,W60p0,2,14,-0.16364092517334436,0.16364092517334436
thetao,W30p0,3,5,-0.16356581441997647,0.16356581441997647
thetao,W10p0,2,8,0.16343037393502988,0.16343037393502988
so,W10p0,7,4,-0.163420012675637,0.163420012675637
so,W10p0,8,7,-0.1630323369125084,0.1630323369125084
thetao,W10p0,8,15,-0.1625692608392159,0.1625692608392159
thetao,W10p0,1,12,-0.16241205308315432,0.16241205308315432
so,W30p0,4,15,-0.162339821923804,0.162339821923804
thetao,W10p0,5,13,0.16220372451738205,0.16220372451738205
thetao,W40p0,7,11,-0.16195907527501036,0.16195907527501036
thetao,W60p0,1,6,0.16180918521943913,0.16180918521943913
thetao,W40p0,9,11,-0.1612241002586097,0.1612241002586097
so,W60p0,8,1,-0.16117504550712788,0.16117504550712788
thetao,W30p0,10,7,-0.1610291710137106,0.1610291710137106
so,W40p0,8,18,0.16082832749872594,0.16082832749872594
so,W10p0,2,8,0.16066612919835888,0.16066612919835888
thetao,W20p0,6,20,0.1604674918758423,0.1604674918758423
so,W40p0,1,15,-0.16032994365511463,0.16032994365511463
so,W60p0,3,16,0.1602422645521672,0.1602422645521672
so,W60p0,4,20,-0.16023112197348557,0.16023112197348557
so,W60p0,1,13,-0.16015842091851887,0.16015842091851887
thetao,W40p0,1,20,0.16011689667698573,0.16011689667698573
thetao,W40p0,3,8,0.1600891358981815,0.1600891358981815
thetao,W60p0,4,20,0.15993398848100804,0.15993398848100804
thetao,W30p0,3,20,-0.15989206764500308,0.15989206764500308
thetao,W10p0,5,9,0.15980448460497962,0.15980448460497962
thetao,W40p0,10,2,0.15962126368992394,0.15962126368992394
so,W60p0,8,10,0.15922313208862365,0.15922313208862365
thetao,W30p0,3,16,-0.15917566098312746,0.15917566098312746
thetao,W60p0,1,7,0.15904314613190892,0.15904314613190892
thetao,W30p0,4,3,0.1584917271986369,0.1584917271986369
thetao,W40p0,7,10,-0.1584856304925422,0.1584856304925422
thetao,W40p0,5,0,0.15844782962045525,0.15844782962045525
so,W20p0,1,17,0.15794651938034507,0.15794651938034507
thetao,W60p0,6,17,0.15781706291660233,0.15781706291660233
thetao,W20p0,7,7,0.15743948639105465,0.15743948639105465
so,W20p0,8,17,-0.1573154338903452,0.1573154338903452
so,W60p0,4,1,0.15726519818256168,0.15726519818256168
so,W60p0,5,19,0.15708869017302288,0.15708869017302288
thetao,W40p0,7,13,-0.15698660253445548,0.15698660253445548
so,W60p0,3,17,0.15666818797277157,0.15666818797277157
so,W10p0,8,4,-0.15659794497114374,0.15659794497114374
so,W20p0,1,18,0.15639929936963567,0.15639929936963567
so,W40p0,5,10,0.15638980799578991,0.15638980799578991
thetao,W20p0,9,2,0.15617739198618355,0.15617739198618355
thetao,W40p0,8,16,0.1561100752189161,0.1561100752189161
so,W60p0,9,6,0.15599394554169177,0.15599394554169177
thetao,W60p0,8,8,0.15580898989534284,0.15580898989534284
so,W10p0,5,18,0.15562506471165596,0.15562506471165596
so,W60p0,10,6,0.15550938531169706,0.15550938531169706
so,W10p0,1,16,0.15531180572537676,0.15531180572537676
so,W60p0,2,13,0.15517837093043782,0.15517837093043782
so,W10p0,4,3,0.15489992007516964,0.15489992007516964
so,W60p0,9,19,-0.15481609650033137,0.15481609650033137
thetao,W10p0,10,9,-0.15471413246246174,0.15471413246246174
so,W20p0,6,8,-0.1546155819028935,0.1546155819028935
so,W20p0,3,18,-0.15447905410847787,0.15447905410847787
thetao,W30p0,5,18,-0.15424842733009805,0.15424842733009805
so,W30p0,8,17,-0.15404085705887302,0.15404085705887302
thetao,W60p0,4,19,0.15388889133611072,0.15388889133611072
so,W30p0,1,19,-0.1536487674975444,0.1536487674975444
thetao,W40p0,5,6,0.15362620126436818,0.15362620126436818
so,W10p0,10,18,0.15342439380387468,0.15342439380387468
so,W30p0,7,5,-0.15295861536062053,0.15295861536062053
thetao,W40p0,10,15,-0.15292581495668983,0.15292581495668983
so,W20p0,6,12,-0.15291022226999926,0.15291022226999926
thetao,W20p0,3,9,0.15274640376427318,0.15274640376427318
thetao,W10p0,1,11,-0.15272621665816766,0.15272621665816766
thetao,W20p0,9,9,0.15225671220831172,0.15225671220831172
thetao,W20p0,6,0,0.15214921632752923,0.15214921632752923
thetao,W20p0,6,3,0.15209276162524835,0.15209276162524835
thetao,W40p0,8,19,0.15167150481504996,0.15167150481504996
so,W10p0,5,6,-0.15126997891302224,0.15126997891302224
thetao,W40p0,7,15,-0.1509930743573187,0.1509930743573187
so,W10p0,5,8,-0.1507958016796803,0.1507958016796803
so,W40p0,3,19,0.15076737874172477,0.15076737874172477
thetao,W10p0,4,20,-0.15035296477218782,0.15035296477218782
thetao,W40p0,2,6,-0.15027510936737973,0.15027510936737973
so,W40p0,10,20,0.1500948547421396,0.1500948547421396
thetao,W60p0,3,1,-0.15005132896173584,0.15005132896173584
thetao,W40p0,1,12,-0.15004255022174132,0.15004255022174132
so,W60p0,9,7,0.14984143620531507,0.14984143620531507
so,W10p0,10,3,0.1497425120695147,0.1497425120695147
thetao,W10p0,8,14,-0.14972237821256595,0.14972237821256595
so,W10p0,7,8,-0.14958898867947973,0.14958898867947973
so,W30p0,9,3,0.14951317062005315,0.14951317062005315
so,W40p0,7,12,0.14904761106454925,0.14904761106454925
so,W30p0,7,4,-0.14851663668483053,0.14851663668483053
so,W30p0,9,2,0.14847306814910918,0.14847306814910918
so,W40p0,8,16,0.1482514416307347,0.1482514416307347
so,W30p0,2,8,0.14824886613559904,0.14824886613559904
so,W10p0,10,10,-0.14822025879992037,0.14822025879992037
thetao,W10p0,10,2,0.14810373397023738,0.14810373397023738
so,W20p0,2,17,0.14792557760221647,0.14792557760221647
so,W60p0,2,20,-0.14780676491295508,0.14780676491295508
thetao,W10p0,2,19,0.1474988446253477,0.1474988446253477
so,W40p0,6,16,-0.14746438784206403,0.14746438784206403
thetao,W40p0,3,16,0.14744231896449705,0.14744231896449705
so,W10p0,5,15,0.14714296935315946,0.14714296935315946
thetao,W10p0,5,2,-0.1470060854185593,0.1470060854185593
thetao,W30p0,6,10,-0.1469152165847958,0.1469152165847958
so,W10p0,6,12,-0.1468767683256722,0.1468767683256722
thetao,W10p0,4,16,-0.14685255869891634,0.14685255869891634
thetao,W40p0,1,9,-0.14671615514224076,0.14671615514224076
so,W40p0,10,16,0.14666954801118862,0.14666954801118862
thetao,W10p0,10,1,0.14666761684590915,0.14666761684590915
so,W30p0,7,3,-0.14656514328836961,0.14656514328836961
thetao,W20p0,9,11,0.14651133380525586,0.14651133380525586
so,W60p0,9,2,-0.1463720033745966,0.1463720033745966
so,W40p0,10,10,-0.14633188201469202,0.14633188201469202
thetao,W20p0,9,4,0.14627777812449594,0.14627777812449594
so,W20p0,2,8,-0.14624965460447167,0.14624965460447167
so,W40p0,9,1,-0.14623793878016597,0.14623793878016597
so,W30p0,9,11,-0.14608047318925552,0.14608047318925552
thetao,W30p0,4,0,0.14591368997867546,0.14591368997867546
thetao,W20p0,9,1,0.14542863458570296,0.14542863458570296
thetao,W40p0,9,4,0.14536998644364182,0.14536998644364182
thetao,W20p0,3,0,-0.14536883113058827,0.14536883113058827
thetao,W10p0,2,13,-0.14520389887493526,0.14520389887493526
thetao,W40p0,10,17,-0.1451929454611274,0.1451929454611274
so,W30p0,1,5,0.14496359453011834,0.14496359453011834
thetao,W30p0,10,16,-0.1448707399470135,0.1448707399470135
so,W30p0,8,8,0.1448056090264407,0.1448056090264407
thetao,W40p0,2,20,0.14475588888643368,0.14475588888643368
thetao,W20p0,7,11,0.14469676371751367,0.14469676371751367
so,W10p0,8,6,-0.14456174565416452,0.14456174565416452
so,W30p0,8,18,-0.14404290164466926,0.14404290164466926
so,W10p0,7,1,-0.14403325225368946,0.14403325225368946
so,W40p0,7,8,0.14383570584815383,0.14383570584815383
so,W30p0,1,4,0.14349648204033882,0.14349648204033882
so,W10p0,6,15,0.14325997599553095,0.14325997599553095
so,W10p0,1,19,0.14319414715724313,0.14319414715724313
so,W30p0,6,13,-0.1429169092390322,0.1429169092390322
thetao,W60p0,3,5,-0.1429135112571126,0.1429135112571126
so,W40p0,10,4,-0.14278652160652525,0.14278652160652525
thetao,W60p0,1,13,0.14243206553930116,0.14243206553930116
so,W10p0,4,5,0.14228752233522157,0.14228752233522157
thetao,W30p0,3,17,-0.14227706764018325,0.14227706764018325
so,W20p0,3,10,0.14214739982030006,0.14214739982030006
so,W20p0,1,16,0.14214368055777693,0.14214368055777693
thetao,W20p0,7,18,-0.142110979459546,0.142110979459546
thetao,W30p0,5,10,0.1418272750305281,0.1418272750305281
so,W20p0,10,0,-0.14170444795428522,0.14170444795428522
thetao,W60p0,7,8,0.14165431030572936,0.14165431030572936
so,W10p0,9,5,-0.14140226921157245,0.14140226921157245
so,W40p0,7,17,0.1413698277247424,0.1413698277247424
so,W40p0,3,18,0.14101854675079517,0.14101854675079517
thetao,W20p0,6,16,-0.14045885897734367,0.14045885897734367
thetao,W60p0,4,2,0.1401735799455378,0.1401735799455378
thetao,W30p0,10,10,-0.14014120771000615,0.14014120771000615
thetao,W20p0,6,17,-0.14005926105534086,0.14005926105534086
thetao,W30p0,10,9,-0.1400322487178337,0.1400322487178337
thetao,W20p0,9,16,-0.14000738614058744,0.14000738614058744
so,W10p0,3,7,-0.1399316551967431,0.1399316551967431
so,W20p0,8,16,-0.13954337066464065,0.13954337066464065
thetao,W60p0,6,8,-0.1394722568705536,0.1394722568705536
thetao,W40p0,9,8,-0.13938618109684836,0.13938618109684836
so,W60p0,10,14,0.1392674111377183,0.1392674111377183
thetao,W40p0,3,7,0.13902866646957843,0.13902866646957843
thetao,W10p0,1,5,0.13900237338665195,0.13900237338665195
thetao,W20p0,8,20,0.1389905351226711,0.1389905351226711
thetao,W30p0,10,6,-0.13889838573378144,0.13889838573378144
so,W40p0,6,10,0.13861302976604903,0.13861302976604903
so,W60p0,9,18,-0.1384895533744953,0.1384895533744953
thetao,W30p0,2,14,-0.13830758204686885,0.13830758204686885
so,W10p0,7,16,-0.13818391975283428,0.13818391975283428
so,W40p0,7,18,0.1381113072157619,0.1381113072157619
thetao,W10p0,2,0,0.13797605666523577,0.13797605666523577
thetao,W20p0,3,8,0.1379662967675972,0.1379662967675972
thetao,W20p0,1,14,-0.13787067416055745,0.13787067416055745
so,W40p0,9,20,0.13766401090520292,0.13766401090520292
so,W30p0,6,12,-0.1375749397247154,0.1375749397247154
so,W30p0,6,10,-0.13747204607144184,0.13747204607144184
so,W40p0,7,19,0.13737389062184222,0.13737389062184222
thetao,W40p0,10,3,0.1373535687627324,0.1373535687627324
thetao,W20p0,6,8,-0.13717452027297702,0.13717452027297702
thetao,W10p0,5,12,0.13706347435238297,0.13706347435238297
so,W10p0,9,2,-0.13684935519340002,0.13684935519340002
so,W60p0,4,7,-0.1367619213568084,0.1367619213568084
so,W60p0,9,20,-0.13674157001934845,0.13674157001934845
so,W20p0,2,14,-0.13668469858480117,0.13668469858480117
thetao,W10p0,7,11,-0.13657892721284554,0.13657892721284554
so,W60p0,10,20,0.13633226210298321,0.13633226210298321
thetao,W10p0,7,18,0.1361709610170723,0.1361709610170723
thetao,W60p0,8,9,0.13608706440472162,0.13608706440472162
so,W40p0,1,14,-0.13600950616117213,0.13600950616117213
thetao,W30p0,3,10,-0.1360004835265506,0.1360004835265506
thetao,W20p0,1,13,-0.1359771475334105,0.1359771475334105
so,W20p0,3,14,-0.13587474270127628,0.13587474270127628
so,W20p0,10,20,0.1358014939802725,0.1358014939802725
thetao,W60p0,10,20,0.13574115420208852,0.13574115420208852
thetao,W20p0,3,2,0.13556344746649515,0.13556344746649515
thetao,W10p0,5,11,0.13554953713185838,0.13554953713185838
so,W20p0,2,7,-0.135504641192041,0.135504641192041
so,W30p0,9,4,0.13533843688086042,0.13533843688086042
so,W10p0,10,12,-0.1351955518034065,0.1351955518034065
so,W30p0,10,0,0.13516980241521462,0.13516980241521462
thetao,W10p0,5,14,0.13501821417484838,0.13501821417484838
so,W10p0,10,1,0.13501344585023745,0.13501344585023745
thetao,W10p0,3,5,0.13497424037405806,0.13497424037405806
so,W30p0,2,9,0.1348822288803739,0.1348822288803739
so,W10p0,3,6,-0.1346726926905189,0.1346726926905189
thetao,W60p0,6,5,-0.13459414968013514,0.13459414968013514
thetao,W30p0,5,0,-0.13447174795870934,0.13447174795870934
thetao,W20p0,6,9,-0.13435504365975934,0.13435504365975934
so,W40p0,10,2,-0.13387376269834836,0.13387376269834836
thetao,W30p0,4,2,0.13363731485716857,0.13363731485716857
thetao,W60p0,9,5,0.13335666903723362,0.13335666903723362
so,W60p0,6,1,-0.13283597819947834,0.13283597819947834
so,W20p0,5,20,-0.1327404543914399,0.1327404543914399
thetao,W30p0,1,0,-0.13272334520841167,0.13272334520841167
thetao,W20p0,8,3,0.13267931281078763,0.13267931281078763
so,W60p0,8,5,-0.1326711835429836,0.1326711835429836
so,W10p0,3,5,-0.13260062048296697,0.13260062048296697
thetao,W60p0,10,3,-0.1325847368983571,0.1325847368983571
so,W30p0,3,7,0.1323874642533197,0.1323874642533197
so,W40p0,6,1,-0.13238734652757506,0.13238734652757506
so,W40p0,10,18,0.13232677480520688,0.13232677480520688
thetao,W60p0,2,1,0.1322558439981057,0.1322558439981057
so,W10p0,3,17,0.13221302596699192,0.13221302596699192
so,W40p0,10,0,-0.13216346473752502,0.13216346473752502
thetao,W60p0,6,19,0.13168597600118861,0.13168597600118861
so,W40p0,4,16,-0.1315705708992209,0.1315705708992209
so,W10p0,9,3,-0.1311024010986815,0.1311024010986815
thetao,W20p0,3,10,0.13105821655924263,0.13105821655924263
so,W10p0,4,4,0.13090585801933471,0.13090585801933471
thetao,W30p0,5,12,0.13089170621057922,0.13089170621057922
so,W20p0,7,6,0.130705803484902,0.130705803484902
thetao,W60p0,7,1,0.13057681100866622,0.13057681100866622
thetao,W40p0,3,11,0.1302733174193711,0.1302733174193711
thetao,W40p0,8,3,-0.13026048331904838,0.13026048331904838
thetao,W60p0,4,15,-0.13007642662168928,0.13007642662168928
thetao,W60p0,6,12,0.13001034371007059,0.13001034371007059
so,W40p0,6,0,-0.1299586704659975,0.1299586704659975
so,W40p0,5,9,0.1297618287521887,0.1297618287521887
so,W20p0,1,0,-0.12972374407264828,0.12972374407264828
thetao,W40p0,6,10,-0.12952641721925895,0.12952641721925895
thetao,W30p0,5,4,0.12937208742026757,0.12937208742026757
so,W30p0,10,1,0.1293183953982046,0.1293183953982046
thetao,W10p0,9,16,0.12930672061111315,0.12930672061111315
thetao,W10p0,2,1,0.12929987004544036,0.12929987004544036
thetao,W10p0,6,14,0.12928963677019323,0.12928963677019323
so,W40p0,5,7,0.12908842327725273,0.12908842327725273
thetao,W60p0,9,14,-0.12896418384839842,0.12896418384839842
thetao,W60p0,8,7,0.12884944979766313,0.12884944979766313
so,W20p0,5,19,-0.1287341894665724,0.1287341894665724
thetao,W10p0,5,15,0.12868755274164026,0.12868755274164026
thetao,W20p0,8,19,0.12862163753780564,0.12862163753780564
thetao,W10p0,1,10,-0.12804640129511116,0.12804640129511116
so,W10p0,4,6,0.12793102699511613,0.12793102699511613
so,W10p0,10,2,0.1275887492212807,0.1275887492212807
thetao,W20p0,3,1,0.12753170741746078,0.12753170741746078
thetao,W40p0,8,8,0.12695130768989674,0.12695130768989674
thetao,W10p0,8,16,-0.1269236577809512,0.1269236577809512
thetao,W60p0,9,6,0.12691368704146805,0.12691368704146805
thetao,W60p0,9,19,-0.12689406556852315,0.12689406556852315
thetao,W60p0,7,10,0.12683293374865542,0.12683293374865542
so,W60p0,6,2,-0.12682709927046792,0.12682709927046792
thetao,W40p0,3,10,0.12665593680539786,0.12665593680539786
so,W20p0,8,13,-0.1266504999627165,0.1266504999627165
thetao,W20p0,2,14,-0.12653828414780774,0.12653828414780774
so,W10p0,4,1,0.12632979437848754,0.12632979437848754
so,W30p0,6,18,-0.12620451044547135,0.12620451044547135
thetao,W10p0,1,20,0.12591302126129236,0.12591302126129236
so,W10p0,7,0,-0.12589268672662846,0.12589268672662846
so,W40p0,4,18,-0.125742243171007,0.125742243171007
so,W60p0,10,1,-0.1256365617699913,0.1256365617699913
thetao,W10p0,2,12,-0.1255875735630933,0.1255875735630933
thetao,W10p0,9,7,-0.12556465103022976,0.12556465103022976
thetao,W10p0,1,13,-0.12548650221019547,0.12548650221019547
so,W60p0,4,12,0.12547273377486495,0.12547273377486495
thetao,W20p0,1,15,-0.1254269304352403,0.1254269304352403
thetao,W40p0,3,9,0.1252992335199881,0.1252992335199881
so,W30p0,9,12,-0.12520494958293327,0.12520494958293327
thetao,W30p0,6,0,0.12482066676687863,0.12482066676687863
so,W40p0,1,20,-0.12448547799519402,0.12448547799519402
so,W30p0,9,9,-0.12431189348813175,0.12431189348813175
thetao,W60p0,7,2,0.1240905829297514,0.1240905829297514
thetao,W10p0,5,16,0.12406851704073119,0.12406851704073119
thetao,W60p0,2,4,-0.1240539015212178,0.1240539015212178
thetao,W30p0,8,20,-0.12374944212648457,0.12374944212648457
thetao,W30p0,3,6,-0.12368736862927926,0.12368736862927926
so,W60p0,6,4,-0.12351654155457135,0.12351654155457135
so,W40p0,1,10,0.1235111501356492,0.1235111501356492
thetao,W30p0,3,2,-0.123488065761294,0.123488065761294
so,W60p0,10,5,0.1234819356092444,0.1234819356092444
so,W40p0,8,1,0.1231419521786184,0.1231419521786184
so,W10p0,3,0,0.12310012648299831,0.12310012648299831
thetao,W60p0,8,6,0.12293388190809854,0.12293388190809854
thetao,W10p0,6,9,0.122801620664258,0.122801620664258
thetao,W10p0,3,14,-0.12273393494294697,0.12273393494294697
thetao,W10p0,7,12,-0.1226590467859339,0.1226590467859339
so,W40p0,5,8,0.12253504313386682,0.12253504313386682
so,W30p0,9,8,-0.1224092893276494,0.1224092893276494
so,W60p0,3,15,0.1221364480109296,0.1221364480109296
so,W10p0,2,20,-0.12201883283215835,0.12201883283215835
thetao,W20p0,9,17,-0.12155606105358104,0.12155606105358104
so,W60p0,5,16,0.12155193424720119,0.12155193424720119
thetao,W60p0,5,12,-0.1213677333426077,0.1213677333426077
so,W60p0,4,8,-0.12136484913299683,0.12136484913299683
thetao,W10p0,9,8,-0.12128703077129371,0.12128703077129371
thetao,W60p0,7,0,0.12127639694860215,0.12127639694860215
so,W10p0,10,4,0.12088107342912939,0.12088107342912939
so,W40p0,6,2,-0.12032182778260044,0.12032182778260044
so,W40p0,5,12,0.12013832660124557,0.12013832660124557
thetao,W10p0,5,7,0.12003950834111593,0.12003950834111593
so,W30p0,1,14,0.11996186381175038,0.11996186381175038
thetao,W10p0,4,1,0.11991830209331368,0.11991830209331368
thetao,W40p0,7,8,-0.11987232770017993,0.11987232770017993
thetao,W20p0,3,12,0.1196225901273544,0.1196225901273544
so,W60p0,1,5,0.11938743339025913,0.11938743339025913
so,W30p0,1,18,-0.11894023752969454,0.11894023752969454
so,W20p0,10,11,-0.11890568166263527,0.11890568166263527
so,W10p0,8,8,-0.11856803444417323,0.11856803444417323
thetao,W40p0,8,18,0.11849515621986166,0.11849515621986166
so,W30p0,2,10,0.11833159534921135,0.11833159534921135
thetao,W20p0,7,2,-0.11817601600152991,0.11817601600152991
thetao,W40p0,6,19,0.11805553210886162,0.11805553210886162
so,W30p0,4,14,-0.11776798982566264,0.11776798982566264
so,W30p0,6,9,-0.11739216010050109,0.11739216010050109
so,W40p0,7,1,-0.11711845504113017,0.11711845504113017
so,W10p0,9,6,-0.11705257003590992,0.11705257003590992
so,W20p0,7,19,0.11692051663374865,0.11692051663374865
so,W20p0,2,2,0.11673521011723496,0.11673521011723496
thetao,W10p0,2,18,0.11661152033920043,0.11661152033920043
thetao,W10p0,3,4,0.11649417640280338,0.11649417640280338
thetao,W20p0,1,12,-0.11614982815898742,0.11614982815898742
so,W10p0,8,19,0.11610840900747949,0.11610840900747949
thetao,W20p0,8,4,0.1160566219572164,0.1160566219572164
thetao,W20p0,3,11,0.11590516529072419,0.11590516529072419
thetao,W40p0,9,12,-0.11586148682158148,0.11586148682158148
thetao,W40p0,7,16,-0.11577842447450644,0.11577842447450644
thetao,W10p0,5,10,0.11556861057252309,0.11556861057252309
thetao,W40p0,3,20,-0.11509514585857934,0.11509514585857934
so,W10p0,10,17,0.11502405542027952,0.11502405542027952
so,W10p0,1,0,-0.11489303140443999,0.11489303140443999
so,W40p0,3,11,0.11485977827389433,0.11485977827389433
so,W10p0,2,19,-0.11465683409578142,0.11465683409578142
so,W10p0,5,12,-0.11440715763027698,0.11440715763027698
so,W30p0,10,3,0.11419327835726552,0.11419327835726552
thetao,W10p0,6,15,0.11387714277507385,0.11387714277507385
so,W40p0,6,18,-0.11378634641972328,0.11378634641972328
so,W40p0,7,20,0.11374315178006633,0.11374315178006633
so,W10p0,5,5,-0.11356232625224323,0.11356232625224323
thetao,W40p0,6,11,-0.11351532902287657,0.11351532902287657
so,W10p0,8,5,-0.1133825798967947,0.1133825798967947
thetao,W60p0,6,13,0.11324253471618295,0.11324253471618295
thetao,W10p0,2,14,-0.11316919757476285,0.11316919757476285
thetao,W30p0,9,4,-0.11306918481057483,0.11306918481057483
so,W30p0,8,20,-0.1129607880110657,0.1129607880110657
so,W10p0,6,5,-0.11293151837463726,0.11293151837463726
thetao,W10p0,3,10,-0.1127975028567575,0.1127975028567575
thetao,W40p0,2,19,0.11273329586070063,0.11273329586070063
thetao,W10p0,2,9,0.11272196357554033,0.11272196357554033
thetao,W20p0,1,7,0.11266342301956123,0.11266342301956123
thetao,W60p0,2,9,-0.11253400848493526,0.11253400848493526
so,W30p0,9,13,-0.11250212250029082,0.11250212250029082
so,W10p0,4,0,0.11246810049300586,0.11246810049300586
thetao,W40p0,4,1,-0.1122042352435066,0.1122042352435066
so,W60p0,6,11,-0.11219280098824015,0.11219280098824015
thetao,W40p0,3,0,-0.11195623765314575,0.11195623765314575
so,W10p0,2,5,-0.11191410021519432,0.11191410021519432
so,W10p0,5,4,-0.11183793399434383,0.11183793399434383
thetao,W10p0,7,19,0.1116004397080238,0.1116004397080238
thetao,W20p0,3,16,0.11149706106854125,0.11149706106854125
so,W40p0,7,7,0.11144386656238281,0.11144386656238281
so,W20p0,5,17,-0.11143826155888349,0.11143826155888349
so,W10p0,10,9,-0.11143438876896233,0.11143438876896233
so,W40p0,3,20,0.11135109183553879,0.11135109183553879
so,W60p0,6,0,-0.11103287329382652,0.11103287329382652
thetao,W60p0,8,11,-0.11102020628058769,0.11102020628058769
so,W20p0,2,6,-0.11068012690953936,0.11068012690953936
so,W40p0,1,11,0.11064667993882056,0.11064667993882056
so,W10p0,4,19,-0.11057250742573087,0.11057250742573087
thetao,W20p0,1,20,0.11056200005014839,0.11056200005014839
so,W60p0,10,18,0.11027428988396852,0.11027428988396852
so,W10p0,7,9,-0.11023367811473511,0.11023367811473511
thetao,W20p0,3,7,0.11018514267350842,0.11018514267350842
so,W40p0,2,18,0.10966575303998018,0.10966575303998018
so,W60p0,2,18,-0.10959168512256587,0.10959168512256587
thetao,W30p0,3,4,-0.10948780977367356,0.10948780977367356
so,W30p0,1,3,0.10927613016924148,0.10927613016924148
thetao,W10p0,6,10,0.10915342827642566,0.10915342827642566
thetao,W30p0,8,12,-0.10914450974689986,0.10914450974689986
so,W20p0,7,14,0.10898761248403864,0.10898761248403864
so,W10p0,1,13,-0.10864348272389152,0.10864348272389152
so,W10p0,4,2,0.10856328576005675,0.10856328576005675
thetao,W60p0,6,14,0.10821226542621093,0.10821226542621093
so,W20p0,8,18,-0.10815559704289365,0.10815559704289365
thetao,W20p0,9,15,-0.10789492717815197,0.10789492717815197
thetao,W40p0,9,7,-0.10785908759544803,0.10785908759544803
thetao,W10p0,7,15,0.10759551736233919,0.10759551736233919
thetao,W40p0,4,13,-0.10751355515152339,0.10751355515152339
thetao,W20p0,6,15,-0.10745658422795665,0.10745658422795665
thetao,W30p0,7,10,0.10745423134456897,0.10745423134456897
so,W30p0,4,18,-0.10738712027901819,0.10738712027901819
so,W60p0,5,1,-0.10729986913634748,0.10729986913634748
so,W20p0,8,4,0.10725805795536374,0.10725805795536374
thetao,W20p0,2,1,-0.10722745978464537,0.10722745978464537
thetao,W60p0,9,15,-0.10713687833580102,0.10713687833580102
so,W40p0,8,20,0.10694892018239248,0.10694892018239248
so,W40p0,1,8,0.10641590730159516,0.10641590730159516
thetao,W20p0,2,17,0.106271823240891,0.106271823240891
so,W60p0,7,15,-0.106015157447299,0.106015157447299
so,W20p0,9,17,-0.10592488389647146,0.10592488389647146
so,W40p0,3,10,0.10581145758336108,0.10581145758336108
so,W30p0,2,20,0.10580251900936113,0.10580251900936113
thetao,W40p0,1,15,0.10575569467501071,0.10575569467501071
so,W40p0,9,15,0.10572113016742714,0.10572113016742714
so,W30p0,8,11,0.105562204858406,0.105562204858406
so,W30p0,3,11,0.10549586228646662,0.10549586228646662
so,W30p0,7,10,-0.10542368002329779,0.10542368002329779
so,W30p0,8,6,0.10531733267504999,0.10531733267504999
thetao,W10p0,9,17,0.1052178034304303,0.1052178034304303
thetao,W40p0,10,4,0.10516601510550136,0.10516601510550136
so,W20p0,6,19,0.10475455856048728,0.10475455856048728
thetao,W40p0,7,7,-0.10465732357977013,0.10465732357977013
so,W40p0,7,9,0.10456583148446903,0.10456583148446903
so,W20p0,7,0,-0.10441244672516237,0.10441244672516237
thetao,W40p0,2,7,-0.10428435301700074,0.10428435301700074
thetao,W20p0,3,6,0.10408273522770244,0.10408273522770244
so,W60p0,2,17,-0.10384286580694847,0.10384286580694847
so,W60p0,3,14,0.10358544085771153,0.10358544085771153
so,W40p0,9,0,0.10354983000768621,0.10354983000768621
thetao,W60p0,5,7,0.10346593967560472,0.10346593967560472
thetao,W40p0,4,18,0.10335166302074032,0.10335166302074032
so,W40p0,3,4,-0.1033138585983474,0.1033138585983474
thetao,W40p0,7,9,-0.10317592910677596,0.10317592910677596
so,W30p0,2,11,0.10308547403763946,0.10308547403763946
so,W30p0,2,19,0.10292091163696244,0.10292091163696244
thetao,W20p0,7,17,-0.10284088112073125,0.10284088112073125
thetao,W20p0,10,5,0.10283554354721021,0.10283554354721021
thetao,W40p0,3,18,0.10278562758716266,0.10278562758716266
so,W10p0,9,1,-0.10256578870279147,0.10256578870279147
so,W40p0,6,15,-0.10238596019651981,0.10238596019651981
so,W40p0,10,13,-0.10231347332899102,0.10231347332899102
thetao,W20p0,9,20,-0.10231304035861062,0.10231304035861062
so,W30p0,10,4,0.1020645876528767,0.1020645876528767
thetao,W40p0,9,20,0.10195902038264182,0.10195902038264182
thetao,W30p0,3,15,-0.10186075502095167,0.10186075502095167
so,W30p0,8,9,0.10177297486661964,0.10177297486661964
so,W30p0,6,1,0.10155774267116649,0.10155774267116649
thetao,W40p0,8,20,0.10152513107133324,0.10152513107133324
so,W60p0,7,19,-0.10141216896446091,0.10141216896446091
so,W60p0,8,9,0.10139505228572955,0.10139505228572955
so,W40p0,7,10,0.10134987782699474,0.10134987782699474
thetao,W60p0,2,16,0.10127105245752868,0.10127105245752868
so,W60p0,10,19,0.10109394617038493,0.10109394617038493
thetao,W20p0,1,16,-0.10105787618531291,0.10105787618531291
so,W10p0,3,19,0.1010230484135209,0.1010230484135209
thetao,W60p0,6,9,-0.10091081733786168,0.10091081733786168
thetao,W20p0,10,6,0.1007834383203629,0.1007834383203629
thetao,W60p0,6,16,0.10072673139239635,0.10072673139239635
thetao,W30p0,3,11,-0.10067428114550023,0.10067428114550023
so,W40p0,8,2,0.10047337730043326,0.10047337730043326
so,W30p0,8,15,0.10045622610705512,0.10045622610705512
so,W40p0,5,5,-0.10042449743951513,0.10042449743951513
thetao,W40p0,6,6,0.10037402338401837,0.10037402338401837
so,W30p0,1,0,-0.1001108509266435,0.1001108509266435
thetao,W40p0,5,11,0.09991850796816981,0.09991850796816981
thetao,W60p0,10,16,0.09981465039125449,0.09981465039125449
thetao,W10p0,10,8,-0.09973679179997483,0.09973679179997483
thetao,W10p0,6,5,-0.09969045446497345,0.09969045446497345
thetao,W10p0,7,5,0.09969031494161423,0.09969031494161423
thetao,W30p0,6,9,-0.09961123911675264,0.09961123911675264
so,W20p0,9,9,-0.09950832985041022,0.09950832985041022
thetao,W30p0,2,13,-0.09949243560309784,0.09949243560309784
so,W30p0,9,7,-0.09939173480259988,0.09939173480259988
thetao,W30p0,5,5,0.09896778526722928,0.09896778526722928
so,W40p0,3,12,0.09892428125529375,0.09892428125529375
so,W60p0,10,4,0.09881565368800929,0.09881565368800929
thetao,W30p0,1,15,0.09861187274891627,0.09861187274891627
thetao,W60p0,4,14,-0.09860628163199749,0.09860628163199749
thetao,W40p0,6,9,-0.09845562383879486,0.09845562383879486
thetao,W10p0,3,18,0.0983261260098194,0.0983261260098194
so,W10p0,3,11,-0.0982183810562677,0.0982183810562677
so,W20p0,8,12,-0.09817362875160159,0.09817362875160159
so,W60p0,8,6,-0.09796920357352601,0.09796920357352601
thetao,W60p0,6,4,-0.09790709689923711,0.09790709689923711
so,W20p0,6,4,0.09773298088803882,0.09773298088803882
so,W30p0,2,7,0.09765825123892356,0.09765825123892356
so,W60p0,2,19,-0.09745653899734756,0.09745653899734756
so,W10p0,4,8,0.0973958245391658,0.0973958245391658
so,W20p0,5,18,-0.09738815486582812,0.09738815486582812
thetao,W20p0,10,18,-0.09715919296865536,0.09715919296865536
so,W40p0,2,20,-0.09702260995967547,0.09702260995967547
thetao,W20p0,5,7,0.09678376359826435,0.09678376359826435
so,W40p0,5,18,-0.0967108686111749,0.0967108686111749
so,W40p0,1,9,0.09654539059090864,0.09654539059090864
thetao,W60p0,5,17,-0.0964343032560792,0.0964343032560792
so,W10p0,9,18,0.09635195145623668,0.09635195145623668
thetao,W40p0,4,20,0.09632293725858361,0.09632293725858361
so,W40p0,3,15,0.09625637460004945,0.09625637460004945
so,W40p0,6,9,0.09619529925521547,0.09619529925521547
thetao,W30p0,8,4,-0.09615631743241572,0.09615631743241572
so,W30p0,4,10,0.0961436563115008,0.0961436563115008
so,W60p0,9,17,-0.09612919189355455,0.09612919189355455
so,W30p0,4,9,0.09595575170050114,0.09595575170050114
so,W20p0,5,6,-0.09576340619550577,0.09576340619550577
thetao,W30p0,1,13,-0.09561814006308517,0.09561814006308517
so,W20p0,7,20,0.09545563309629457,0.09545563309629457
so,W10p0,9,7,-0.09525136324252083,0.09525136324252083
thetao,W40p0,2,15,-0.09517682830949964,0.09517682830949964
so,W40p0,8,19,0.0949729386057311,0.0949729386057311
so,W10p0,3,9,-0.09485768953804782,0.09485768953804782
thetao,W30p0,4,13,0.09476384021793653,0.09476384021793653
thetao,W60p0,2,3,-0.09462783443456708,0.09462783443456708
so,W10p0,4,11,0.09446016614332127,0.09446016614332127
so,W20p0,6,7,-0.0943260980195911,0.0943260980195911
thetao,W30p0,6,18,0.09423713203246754,0.09423713203246754
thetao,W30p0,7,9,0.09407503052164479,0.09407503052164479
so,W10p0,4,18,-0.09402108805258952,0.09402108805258952
thetao,W20p0,8,9,0.09391666989181024,0.09391666989181024
thetao,W40p0,6,12,-0.0939041282801353,0.0939041282801353
so,W20p0,4,3,0.09370684959188452,0.09370684959188452
so,W10p0,4,7,0.09358088563135311,0.09358088563135311
thetao,W60p0,9,13,-0.09352386448849488,0.09352386448849488
so,W30p0,10,10,0.09351819525188203,0.09351819525188203
so,W10p0,5,0,0.09347577715981173,0.09347577715981173
thetao,W30p0,5,17,-0.09334235689016933,0.09334235689016933
so,W30p0,4,11,0.0932580567353931,0.0932580567353931
thetao,W30p0,10,5,-0.09313656009477088,0.09313656009477088
so,W10p0,2,16,0.09291923334286713,0.09291923334286713
so,W60p0,4,19,-0.09291632785521678,0.09291632785521678
thetao,W60p0,4,16,-0.09262072677657486,0.09262072677657486
thetao,W60p0,2,8,-0.09233123219789759,0.09233123219789759
thetao,W40p0,6,15,-0.09220260737826427,0.09220260737826427
thetao,W40p0,10,14,-0.0921694705832564,0.0921694705832564
thetao,W20p0,3,13,0.09214569225757276,0.09214569225757276
so,W30p0,7,20,-0.09199020327848274,0.09199020327848274
so,W10p0,3,16,0.09182219124310446,0.09182219124310446
so,W20p0,9,16,-0.09180049009050308,0.09180049009050308
so,W60p0,6,5,-0.0917812523502695,0.0917812523502695
thetao,W60p0,9,9,-0.09174552078731794,0.09174552078731794
thetao,W10p0,9,13,-0.09164843850463127,0.09164843850463127
so,W40p0,9,19,0.09163870441121647,0.09163870441121647
so,W20p0,8,8,-0.09161678416831791,0.09161678416831791
thetao,W60p0,5,6,0.09139977791624611,0.09139977791624611
thetao,W60p0,9,10,-0.09110841116082928,0.09110841116082928
thetao,W30p0,3,12,-0.09102955974454355,0.09102955974454355
so,W10p0,10,13,-0.09093711898980757,0.09093711898980757
so,W40p0,3,17,0.09093159191628397,0.09093159191628397
so,W40p0,3,14,0.09088894965432172,0.09088894965432172
thetao,W30p0,10,17,-0.09085465618153406,0.09085465618153406
thetao,W30p0,9,14,-0.09083436139174976,0.09083436139174976
thetao,W10p0,7,10,-0.09075637157242492,0.09075637157242492
thetao,W40p0,7,14,-0.0905654054883991,0.0905654054883991
so,W60p0,6,3,-0.09032252224728757,0.09032252224728757
thetao,W20p0,8,14,0.09024023765232864,0.09024023765232864
so,W30p0,3,14,-0.08995506660548015,0.08995506660548015
so,W30p0,5,10,-0.08985930216664874,0.08985930216664874
so,W30p0,5,20,0.08963632570531622,0.08963632570531622
thetao,W20p0,6,7,-0.08939667864372303,0.08939667864372303
so,W30p0,4,8,0.08936309682714162,0.08936309682714162
thetao,W20p0,4,0,-0.08921731834828865,0.08921731834828865
thetao,W60p0,4,7,-0.08904460165377805,0.08904460165377805
so,W20p0,4,17,-0.08875890422850173,0.08875890422850173
thetao,W20p0,1,11,-0.08861920767148677,0.08861920767148677
so,W20p0,4,16,-0.08847441543534942,0.08847441543534942
thetao,W10p0,1,19,0.08841819491791392,0.08841819491791392
so,W30p0,5,8,0.08817569876521532,0.08817569876521532
so,W30p0,6,11,-0.08817168773892384,0.08817168773892384
thetao,W10p0,10,7,-0.08813860526500332,0.08813860526500332
thetao,W60p0,7,19,-0.0880986325420137,0.0880986325420137
thetao,W30p0,4,12,0.0880454964485591,0.0880454964485591
thetao,W40p0,7,6,-0.08799218387040196,0.08799218387040196
thetao,W30p0,5,2,0.08786175766507695,0.08786175766507695
so,W30p0,6,19,-0.08764972384856994,0.08764972384856994
so,W60p0,8,16,0.08764833780599762,0.08764833780599762
so,W30p0,6,8,-0.08761996222824567,0.08761996222824567
so,W60p0,9,5,0.08755186692951748,0.08755186692951748
thetao,W20p0,7,4,-0.08744853706919335,0.08744853706919335
thetao,W20p0,7,14,0.08729608116997001,0.08729608116997001
so,W60p0,3,8,-0.0871639485130905,0.0871639485130905
so,W40p0,4,2,-0.0866122646399511,0.0866122646399511
so,W10p0,3,18,0.08653250665884434,0.08653250665884434
thetao,W10p0,10,6,-0.08648437007919384,0.08648437007919384
thetao,W30p0,2,2,-0.08640709199599071,0.08640709199599071
thetao,W30p0,5,3,0.08618762501466809,0.08618762501466809
so,W60p0,3,7,-0.08614343839972285,0.08614343839972285
so,W40p0,10,1,-0.08602723687546772,0.08602723687546772
so,W40p0,5,20,-0.08599130977075616,0.08599130977075616
thetao,W20p0,9,14,-0.0859074582231945,0.0859074582231945
thetao,W40p0,7,0,0.08589077988521064,0.08589077988521064
so,W40p0,3,9,0.08588337911339569,0.08588337911339569
so,W10p0,1,15,0.08558434210036636,0.08558434210036636
thetao,W30p0,9,20,-0.08540628985289146,0.08540628985289146
so,W20p0,5,5,-0.08518056715111488,0.08518056715111488
so,W20p0,8,1,0.08517164934528418,0.08517164934528418
thetao,W10p0,3,15,-0.08508125726624725,0.08508125726624725
thetao,W20p0,6,10,-0.08499654619826354,0.08499654619826354
so,W20p0,4,20,0.08498440228136317,0.08498440228136317
so,W40p0,9,18,0.08483655117526868,0.08483655117526868
thetao,W10p0,6,16,0.08464951828588323,0.08464951828588323
so,W20p0,3,19,-0.0846364095236263,0.0846364095236263
thetao,W30p0,9,5,-0.08461675468529117,0.08461675468529117
so,W40p0,6,11,0.08453783116269177,0.08453783116269177
thetao,W20p0,8,0,0.08443989308641714,0.08443989308641714
so,W60p0,9,4,0.08437959108811792,0.08437959108811792
so,W30p0,6,14,-0.08432337567643204,0.08432337567643204
thetao,W40p0,7,18,-0.08426210332213836,0.08426210332213836
so,W40p0,3,16,0.08417484744674433,0.08417484744674433
thetao,W10p0,7,1,-0.0840116129835777,0.0840116129835777
thetao,W60p0,4,11,-0.08390354014650936,0.08390354014650936
thetao,W20p0,6,14,-0.08368659118906803,0.08368659118906803
so,W10p0,3,4,-0.0834750683273057,0.0834750683273057
thetao,W60p0,4,18,0.08345293089065928,0.08345293089065928
so,W60p0,7,3,0.08323961864118484,0.08323961864118484
thetao,W20p0,10,4,0.08303222750609172,0.08303222750609172
thetao,W30p0,4,4,0.08290476200620808,0.08290476200620808
so,W20p0,3,13,-0.0827841510881891,0.0827841510881891
thetao,W10p0,7,0,0.08277483400244226,0.08277483400244226
thetao,W20p0,10,15,-0.0827222420946049,0.0827222420946049
so,W40p0,10,15,0.08269269140261569,0.08269269140261569
thetao,W10p0,2,11,-0.08264683909421532,0.08264683909421532
thetao,W30p0,2,4,-0.08256144299184039,0.08256144299184039
so,W20p0,9,1,0.0825307148542919,0.0825307148542919
thetao,W40p0,4,0,-0.08248526694330492,0.08248526694330492
thetao,W30p0,9,15,-0.0824768136205489,0.0824768136205489
so,W20p0,6,13,-0.08230268124188622,0.08230268124188622
thetao,W40p0,10,20,-0.08226030918194223,0.08226030918194223
so,W30p0,1,15,0.08213901206246303,0.08213901206246303
so,W60p0,4,6,-0.08202536649605391,0.08202536649605391
thetao,W20p0,8,5,0.08182407520229096,0.08182407520229096
so,W30p0,7,18,0.08167924488607194,0.08167924488607194
so,W10p0,9,10,0.08160314716177669,0.08160314716177669
thetao,W10p0,9,6,-0.08153380409628116,0.08153380409628116
so,W40p0,10,17,0.0814476146516658,0.0814476146516658
thetao,W20p0,5,3,-0.08139002320576492,0.08139002320576492
thetao,W10p0,6,7,0.08136219803033612,0.08136219803033612
so,W60p0,1,9,-0.08135507289649292,0.08135507289649292
thetao,W20p0,5,8,0.08121719285503795,0.08121719285503795
so,W10p0,3,15,0.08109018676009523,0.08109018676009523
thetao,W20p0,10,16,-0.08079983472677281,0.08079983472677281
thetao,W60p0,4,8,-0.08070423765016184,0.08070423765016184
thetao,W10p0,10,0,0.08057269624707024,0.08057269624707024
thetao,W30p0,10,4,-0.08050066710616349,0.08050066710616349
so,W30p0,9,15,-0.08019482708701069,0.08019482708701069
thetao,W40p0,9,13,-0.07995173841531389,0.07995173841531389
so,W60p0,7,16,-0.07981515885287675,0.07981515885287675
so,W30p0,3,12,0.07977189653902467,0.07977189653902467
so,W60p0,10,10,0.07963211541846262,0.07963211541846262
so,W20p0,9,10,-0.07958877348188338,0.07958877348188338
thetao,W60p0,7,18,-0.07950343127360977,0.07950343127360977
thetao,W20p0,10,14,-0.07934923678705515,0.07934923678705515
so,W10p0,4,17,-0.07925850132559395,0.07925850132559395
thetao,W10p0,1,9,-0.07913484257148178,0.07913484257148178
thetao,W60p0,8,5,0.07910971753378188,0.07910971753378188
so,W20p0,2,5,-0.07907207387983332,0.07907207387983332
so,W10p0,4,13,0.0786351792389046,0.0786351792389046
so,W20p0,4,4,0.07847133210449844,0.07847133210449844
thetao,W40p0,3,1,-0.07824011809639594,0.07824011809639594
so,W10p0,4,9,0.0782315986287262,0.0782315986287262
thetao,W30p0,2,19,-0.07822117445459907,0.07822117445459907
thetao,W60p0,3,6,-0.07819469600176421,0.07819469600176421
so,W10p0,4,14,0.07804184613499329,0.07804184613499329
thetao,W30p0,7,14,-0.0779727689358727,0.0779727689358727
thetao,W30p0,4,6,0.0779600296485573,0.0779600296485573
so,W20p0,9,2,0.07791986987685563,0.07791986987685563
so,W60p0,2,16,-0.07791200598060079,0.07791200598060079
so,W10p0,2,7,0.07756794998425555,0.07756794998425555
thetao,W60p0,9,18,-0.07754631518130214,0.07754631518130214
so,W30p0,10,6,-0.07740295844884383,0.07740295844884383
so,W60p0,5,0,-0.07729810049395731,0.07729810049395731
so,W30p0,7,17,0.07685988185511637,0.07685988185511637
so,W30p0,7,11,-0.07670729306359077,0.07670729306359077
so,W60p0,10,13,0.07642851564077315,0.07642851564077315
thetao,W30p0,6,16,-0.07636138592260237,0.07636138592260237
thetao,W60p0,2,7,-0.07621466706566274,0.07621466706566274
so,W40p0,8,8,0.07621297069470015,0.07621297069470015
so,W60p0,5,2,-0.07613630863955247,0.07613630863955247
so,W60p0,6,17,0.07611941188095364,0.07611941188095364
so,W10p0,4,12,0.07596902232596471,0.07596902232596471
so,W10p0,9,11,0.07593974690898962,0.07593974690898962
so,W60p0,5,12,0.07586334498286343,0.07586334498286343
thetao,W60p0,3,18,-0.0758585919539642,0.0758585919539642
so,W60p0,1,6,0.07582779898012021,0.07582779898012021
thetao,W10p0,8,8,0.07574287020107592,0.07574287020107592
so,W10p0,9,8,-0.07561857135605418,0.07561857135605418
so,W40p0,9,17,0.07543964633649314,0.07543964633649314
thetao,W30p0,2,9,-0.0754251121790001,0.0754251121790001
thetao,W30p0,10,3,-0.07494715802459019,0.07494715802459019
so,W10p0,3,12,-0.07464025970441251,0.07464025970441251
thetao,W30p0,2,15,-0.0746393345348406,0.0746393345348406
so,W30p0,8,19,-0.07454650809369634,0.07454650809369634
so,W30p0,9,14,-0.07444487440488791,0.07444487440488791
thetao,W40p0,10,5,0.07443334665367934,0.07443334665367934
thetao,W40p0,8,7,0.07430831469034781,0.07430831469034781
thetao,W20p0,5,13,-0.07427871093491327,0.07427871093491327
thetao,W40p0,5,14,-0.07422127320064716,0.07422127320064716
so,W30p0,9,1,0.0741764609962717,0.0741764609962717
thetao,W30p0,8,2,-0.07417043189509001,0.07417043189509001
thetao,W20p0,7,3,-0.0740578528981241,0.0740578528981241
so,W40p0,4,15,-0.07361801510099421,0.07361801510099421
so,W10p0,3,3,-0.0736078424162346,0.0736078424162346
so,W40p0,6,3,-0.0735625006745455,0.0735625006745455
so,W10p0,10,16,0.07349349129932416,0.07349349129932416
so,W20p0,4,15,-0.07338647208820746,0.07338647208820746
so,W20p0,3,11,0.07332987926815225,0.07332987926815225
thetao,W30p0,6,1,0.07325381275561448,0.07325381275561448
so,W20p0,5,16,-0.07309841282177729,0.07309841282177729
so,W10p0,2,18,-0.07300353419634148,0.07300353419634148
so,W10p0,5,3,-0.07273760677840235,0.07273760677840235
so,W20p0,4,7,0.07268805765764937,0.07268805765764937
so,W40p0,5,13,0.07260445447548339,0.07260445447548339
so,W40p0,8,3,0.0725944102110116,0.0725944102110116
so,W60p0,4,4,0.07259162935040078,0.07259162935040078
thetao,W40p0,9,19,0.07251707287586122,0.07251707287586122
so,W30p0,6,7,-0.07223459327326096,0.07223459327326096
thetao,W20p0,6,11,-0.0720886610633702,0.0720886610633702
thetao,W10p0,7,9,-0.07200816907364638,0.07200816907364638
so,W30p0,4,1,0.07179826651422805,0.07179826651422805
thetao,W40p0,7,5,-0.0717003896041999,0.0717003896041999
so,W60p0,8,20,0.07155982397583337,0.07155982397583337
so,W60p0,7,14,-0.07151560799715723,0.07151560799715723
thetao,W40p0,7,2,-0.0712497254677628,0.0712497254677628
thetao,W30p0,7,7,0.07121398383343926,0.07121398383343926
thetao,W20p0,4,17,-0.07109427186172469,0.07109427186172469
thetao,W10p0,3,6,0.0710767105541129,0.0710767105541129
so,W30p0,10,8,0.07105511533621996,0.07105511533621996
thetao,W40p0,10,18,-0.07102462985211223,0.07102462985211223
thetao,W10p0,10,3,0.07097408345690015,0.07097408345690015
thetao,W60p0,3,14,0.0708527586908272,0.0708527586908272
so,W60p0,7,10,0.07076830209673242,0.07076830209673242
thetao,W40p0,5,15,-0.0705702760535805,0.0705702760535805
thetao,W20p0,8,8,0.07041913640844964,0.07041913640844964
thetao,W10p0,2,17,0.07040910520831693,0.07040910520831693
thetao,W30p0,7,5,0.07026471499924816,0.07026471499924816
thetao,W60p0,5,8,0.07024473815799004,0.07024473815799004
so,W30p0,4,20,-0.0701466793595184,0.0701466793595184
so,W60p0,1,19,0.06999048021887118,0.06999048021887118
thetao,W60p0,7,20,-0.06993341540183898,0.06993341540183898
so,W30p0,1,2,0.06991478532392563,0.06991478532392563
so,W40p0,6,19,-0.06985720654577315,0.06985720654577315
thetao,W60p0,3,0,-0.06977766700030448,0.06977766700030448
thetao,W30p0,3,0,-0.06968413724011434,0.06968413724011434
so,W10p0,8,17,0.06952401530314851,0.06952401530314851
thetao,W20p0,3,3,0.06939870745621103,0.06939870745621103
so,W20p0,1,13,-0.06935825552118559,0.06935825552118559
thetao,W10p0,9,12,-0.06933102569038685,0.06933102569038685
thetao,W20p0,5,16,0.06919578024020444,0.06919578024020444
thetao,W20p0,10,7,0.06915073338488728,0.06915073338488728
so,W40p0,8,13,-0.06908126710208595,0.06908126710208595
so,W60p0,5,20,0.06904064820210655,0.06904064820210655
so,W10p0,8,9,-0.06890365946765588,0.06890365946765588
thetao,W60p0,3,9,0.0688894363777001,0.0688894363777001
thetao,W40p0,8,17,0.06862445870864978,0.06862445870864978
thetao,W40p0,6,8,-0.06835501634320457,0.06835501634320457
thetao,W40p0,9,6,-0.06833564088155597,0.06833564088155597
so,W40p0,3,13,0.0681608298902215,0.0681608298902215
so,W20p0,9,20,-0.06788506095708256,0.06788506095708256
thetao,W30p0,8,6,0.0678289956320739,0.0678289956320739
thetao,W30p0,5,14,0.0678035560008432,0.0678035560008432
thetao,W10p0,5,4,-0.0677884184254236,0.0677884184254236
so,W20p0,2,3,0.06776682060645324,0.06776682060645324
so,W20p0,8,7,-0.06773039013623006,0.06773039013623006
so,W60p0,7,17,-0.06772577877303135,0.06772577877303135
so,W10p0,4,10,0.06753610407453282,0.06753610407453282
so,W30p0,10,20,-0.06745349045800571,0.06745349045800571
thetao,W30p0,3,19,-0.06741906005669498,0.06741906005669498
so,W30p0,8,7,0.06737598368540568,0.06737598368540568
so,W60p0,10,3,0.0670784733398465,0.0670784733398465
thetao,W10p0,9,5,-0.06701801925189127,0.06701801925189127
so,W10p0,5,19,0.06694670282969488,0.06694670282969488
thetao,W40p0,6,13,-0.06692117332815793,0.06692117332815793
thetao,W20p0,10,17,-0.06681438911475401,0.06681438911475401
thetao,W10p0,9,15,0.0667864899945826,0.0667864899945826
so,W30p0,10,17,0.06663730223727712,0.06663730223727712
so,W30p0,7,9,-0.06657898470643055,0.06657898470643055
thetao,W40p0,4,8,0.06652946598830038,0.06652946598830038
thetao,W40p0,6,14,-0.06645001034241052,0.06645001034241052
so,W60p0,9,15,0.06626891653193238,0.06626891653193238
thetao,W20p0,6,13,-0.06610963349083622,0.06610963349083622
thetao,W20p0,4,18,-0.06603141731064743,0.06603141731064743
thetao,W20p0,7,13,0.0658112636519002,0.0658112636519002
thetao,W60p0,10,10,-0.06577517586508502,0.06577517586508502
thetao,W40p0,7,17,-0.06569756563159865,0.06569756563159865
thetao,W30p0,5,13,0.0656144019817654,0.0656144019817654
thetao,W10p0,4,14,0.06552735640471026,0.06552735640471026
thetao,W10p0,1,6,0.06547244028261916,0.06547244028261916
thetao,W60p0,4,9,-0.06546680307305942,0.06546680307305942
so,W40p0,4,19,-0.06523211294890534,0.06523211294890534
so,W40p0,1,12,0.0652282240623695,0.0652282240623695
thetao,W20p0,3,5,0.06511293719000258,0.06511293719000258
thetao,W40p0,4,19,0.0650138309229697,0.0650138309229697
so,W60p0,7,8,0.06492057215416915,0.06492057215416915
so,W40p0,8,14,-0.06489660678539597,0.06489660678539597
so,W30p0,8,16,-0.0648426835179725,0.0648426835179725
thetao,W60p0,4,4,0.06481933204293286,0.06481933204293286
thetao,W20p0,6,12,-0.06473969389270788,0.06473969389270788
so,W20p0,5,7,-0.0647193066614935,0.0647193066614935
so,W40p0,9,13,-0.06464532030967035,0.06464532030967035
so,W30p0,9,16,-0.0646129377952652,0.0646129377952652
thetao,W10p0,1,14,-0.06460402666059605,0.06460402666059605
so,W10p0,8,15,0.0645739074814298,0.0645739074814298
thetao,W60p0,3,17,-0.06456070956286314,0.06456070956286314
thetao,W60p0,1,14,0.0644559371559223,0.0644559371559223
so,W60p0,6,8,0.06416401259940624,0.06416401259940624
thetao,W20p0,6,18,-0.06397047966089325,0.06397047966089325
thetao,W30p0,2,3,-0.0637644197956426,0.0637644197956426
thetao,W20p0,5,6,0.06374428354983305,0.06374428354983305
so,W40p0,5,19,-0.06369227690173573,0.06369227690173573
thetao,W20p0,8,17,0.06361062754596099,0.06361062754596099
so,W40p0,8,7,0.06343143358575766,0.06343143358575766
thetao,W60p0,5,10,-0.0631458208777286,0.0631458208777286
thetao,W30p0,2,1,-0.06313042405071237,0.06313042405071237
thetao,W30p0,7,17,-0.06311913724655276,0.06311913724655276
thetao,W30p0,7,2,0.06310913183328906,0.06310913183328906
so,W40p0,6,7,-0.06293520666143862,0.06293520666143862
thetao,W10p0,8,20,-0.06281863342698184,0.06281863342698184
thetao,W20p0,6,19,0.06281733320932964,0.06281733320932964
so,W60p0,1,14,-0.06275831730566575,0.06275831730566575
thetao,W30p0,8,3,-0.06265858793158444,0.06265858793158444
thetao,W60p0,5,5,0.06253414817265869,0.06253414817265869
so,W10p0,10,7,-0.06242238607016431,0.06242238607016431
thetao,W30p0,7,6,0.06230236864213698,0.06230236864213698
so,W40p0,5,16,-0.06216050017194343,0.06216050017194343
so,W60p0,9,8,0.06212032864787973,0.06212032864787973
thetao,W60p0,3,8,0.061979152874095986,0.061979152874095986
so,W60p0,10,11,0.061970803037953485,0.061970803037953485
thetao,W60p0,4,3,0.061846679090224926,0.061846679090224926
so,W30p0,2,18,0.061778844854851224,0.061778844854851224
so,W60p0,3,13,0.0617490102654211,0.0617490102654211
thetao,W20p0,8,16,0.06171892605345813,0.06171892605345813
so,W40p0,5,17,-0.061442383973009156,0.061442383973009156
thetao,W20p0,7,12,0.06130795349025051,0.06130795349025051
so,W30p0,3,10,0.06129632908664255,0.06129632908664255
thetao,W30p0,10,2,-0.06117232694112096,0.06117232694112096
so,W20p0,7,18,0.06101046310437667,0.06101046310437667
thetao,W30p0,9,18,-0.0606412724011594,0.0606412724011594
thetao,W20p0,5,4,-0.06038621160562034,0.06038621160562034
thetao,W10p0,10,5,-0.060379595653147086,0.060379595653147086
thetao,W20p0,8,2,0.06028735902043574,0.06028735902043574
thetao,W20p0,5,9,0.060204504087050664,0.060204504087050664
so,W20p0,9,6,0.060169852266845604,0.060169852266845604
so,W10p0,5,2,-0.06016667725382025,0.06016667725382025
so,W20p0,1,15,0.06014646061922983,0.06014646061922983
so,W40p0,8,6,0.06006922527081317,0.06006922527081317
thetao,W60p0,8,1,-0.059981216455395864,0.059981216455395864
thetao,W30p0,7,15,-0.05984899367449313,0.05984899367449313
thetao,W40p0,2,16,-0.05979869262798872,0.05979869262798872
so,W60p0,7,9,0.05977990379224478,0.05977990379224478
so,W10p0,10,0,0.05969867796533856,0.05969867796533856
thetao,W60p0,6,15,0.05959250513520054,0.05959250513520054
thetao,W30p0,9,17,-0.05952269524736514,0.05952269524736514
so,W10p0,10,14,-0.05948876526506528,0.05948876526506528
so,W30p0,4,19,-0.05948861102485828,0.05948861102485828
thetao,W30p0,9,10,0.05947112322075591,0.05947112322075591
thetao,W60p0,1,20,-0.05944619514785465,0.05944619514785465
so,W40p0,10,14,-0.05940925145065993,0.05940925145065993
so,W60p0,3,3,0.0593940128739575,0.0593940128739575
thetao,W30p0,9,9,0.059292961086356885,0.059292961086356885
thetao,W20p0,5,2,-0.05928186486352615,0.05928186486352615
so,W60p0,3,6,-0.059050028592371344,0.059050028592371344
thetao,W30p0,6,8,-0.05893970584275431,0.05893970584275431
thetao,W60p0,9,12,-0.05889326201580207,0.05889326201580207
so,W20p0,9,18,-0.058745847632042145,0.058745847632042145
so,W40p0,2,8,0.058593996696738045,0.058593996696738045
thetao,W20p0,6,4,0.05846604120921519,0.05846604120921519
thetao,W10p0,5,3,-0.05839645256757365,0.05839645256757365
thetao,W30p0,5,9,0.05837500675851107,0.05837500675851107
so,W30p0,6,3,0.058349795531340024,0.058349795531340024
thetao,W20p0,1,8,0.05807977051499239,0.05807977051499239
so,W30p0,4,0,0.057950863735894094,0.057950863735894094
thetao,W40p0,4,10,-0.05788870955342502,0.05788870955342502
so,W10p0,3,10,-0.057637191014247045,0.057637191014247045
thetao,W10p0,6,19,-0.057557269174072015,0.057557269174072015
so,W60p0,2,14,0.057530479646832104,0.057530479646832104
thetao,W30p0,2,8,-0.05748506731777607,0.05748506731777607
thetao,W60p0,3,13,0.057335234741236245,0.057335234741236245
so,W30p0,3,8,0.057276164542664466,0.057276164542664466
so,W20p0,4,6,0.05726484016769835,0.05726484016769835
so,W60p0,4,17,0.05726284721098945,0.05726284721098945
thetao,W30p0,10,1,-0.05715313711255724,0.05715313711255724
thetao,W10p0,7,2,-0.057063393306200194,0.057063393306200194
so,W40p0,3,7,0.05705193216285639,0.05705193216285639
so,W10p0,3,20,0.05703187295317631,0.05703187295317631
so,W40p0,6,4,-0.05698616470689277,0.05698616470689277
so,W20p0,4,1,0.05696914789191963,0.05696914789191963
so,W10p0,8,14,0.056790634649913976,0.056790634649913976
thetao,W20p0,2,0,0.05677974269138058,0.05677974269138058
so,W60p0,1,17,0.056707859204814,0.056707859204814
so,W60p0,7,7,0.05652637300961715,0.05652637300961715
so,W20p0,5,9,-0.05604937198544597,0.05604937198544597
so,W10p0,10,8,-0.05601582333516948,0.05601582333516948
thetao,W30p0,4,16,-0.05579244920418366,0.05579244920418366
so,W10p0,7,10,-0.05574396368368857,0.05574396368368857
so,W60p0,6,16,0.05573581210789975,0.05573581210789975
thetao,W20p0,2,15,-0.055690273701305706,0.055690273701305706
so,W10p0,5,14,0.05565743842475325,0.05565743842475325
so,W60p0,1,16,0.055305519944441876,0.055305519944441876
so,W10p0,6,14,0.05528556104581884,0.05528556104581884
thetao,W10p0,7,14,0.05526024756274215,0.05526024756274215
so,W60p0,9,14,0.05505040565261633,0.05505040565261633
so,W20p0,4,19,0.054966669309649455,0.054966669309649455
so,W10p0,6,4,-0.05494641409020929,0.05494641409020929
thetao,W10p0,9,3,-0.05494194071965311,0.05494194071965311
thetao,W40p0,10,6,0.0547857736022615,0.0547857736022615
so,W30p0,1,17,-0.0546859921717781,0.0546859921717781
so,W60p0,10,17,0.05466058727975642,0.05466058727975642
thetao,W10p0,9,9,-0.05464910507785761,0.05464910507785761
thetao,W60p0,5,18,-0.05456619871409562,0.05456619871409562
so,W30p0,5,18,-0.05433582199334842,0.05433582199334842
so,W40p0,4,10,-0.05431516147088171,0.05431516147088171
thetao,W20p0,5,14,-0.05420259499777045,0.05420259499777045
thetao,W40p0,10,19,-0.054184969093747454,0.054184969093747454
thetao,W10p0,8,17,-0.05416393476673394,0.05416393476673394
thetao,W10p0,6,8,0.053941716572184405,0.053941716572184405
so,W40p0,5,14,0.05390469009856273,0.05390469009856273
so,W20p0,7,5,0.05386966125407508,0.05386966125407508
so,W30p0,2,17,0.053862433441017835,0.053862433441017835
so,W60p0,4,10,0.05375602527539486,0.05375602527539486
thetao,W60p0,7,17,-0.05375495268873777,0.05375495268873777
thetao,W20p0,8,11,-0.05374452767784616,0.05374452767784616
thetao,W20p0,3,20,-0.05360468892171884,0.05360468892171884
thetao,W60p0,9,17,-0.053577625988799525,0.053577625988799525
so,W20p0,6,18,0.05355230197463899,0.05355230197463899
thetao,W10p0,1,18,0.053540037398323796,0.053540037398323796
thetao,W30p0,9,11,0.05348343929979278,0.05348343929979278
so,W10p0,1,20,0.053409357486619034,0.053409357486619034
so,W60p0,4,9,-0.05334768742035595,0.05334768742035595
thetao,W30p0,5,16,-0.05319604170531964,0.05319604170531964
so,W40p0,7,6,0.053154428821491795,0.053154428821491795
so,W30p0,7,14,0.05269635105496704,0.05269635105496704
so,W60p0,10,7,0.05257248546095436,0.05257248546095436
thetao,W20p0,9,0,0.052571932081003254,0.052571932081003254
so,W20p0,10,19,0.05220750082452441,0.05220750082452441
thetao,W30p0,8,7,0.05212406433457301,0.05212406433457301
so,W60p0,8,18,-0.052091114439099404,0.052091114439099404
thetao,W10p0,8,3,-0.052084583679331796,0.052084583679331796
thetao,W40p0,10,13,-0.05202543820655968,0.05202543820655968
so,W30p0,8,0,0.05200966790377205,0.05200966790377205
so,W30p0,10,15,-0.05183911154543601,0.05183911154543601
thetao,W60p0,6,11,0.051750665348116835,0.051750665348116835
thetao,W30p0,4,5,0.05174972970044057,0.05174972970044057
thetao,W40p0,5,13,-0.051700315242176574,0.051700315242176574
thetao,W20p0,3,15,0.051678417714508845,0.051678417714508845
thetao,W60p0,7,11,0.05157076580493182,0.05157076580493182
so,W10p0,7,15,-0.05156921438805911,0.05156921438805911
thetao,W20p0,3,17,0.05145450493872444,0.05145450493872444
thetao,W40p0,5,4,-0.051386556692432944,0.051386556692432944
thetao,W20p0,1,10,-0.051332449154083463,0.051332449154083463
thetao,W40p0,1,14,0.051133675980952156,0.051133675980952156
thetao,W20p0,1,17,-0.05111092357833503,0.05111092357833503
so,W40p0,10,11,-0.05093374387412989,0.05093374387412989
thetao,W20p0,1,19,0.050731439806572035,0.050731439806572035
thetao,W60p0,7,13,0.05066247223587908,0.05066247223587908
thetao,W10p0,1,8,-0.05045979742415607,0.05045979742415607
so,W30p0,2,1,-0.050085342285339556,0.050085342285339556
so,W60p0,9,10,-0.0500103106763795,0.0500103106763795
thetao,W10p0,4,15,-0.049897684354925385,0.049897684354925385
thetao,W20p0,3,14,0.049736096600551734,0.049736096600551734
so,W60p0,1,18,0.04956404440630507,0.04956404440630507
so,W60p0,7,6,0.049519388133429404,0.049519388133429404
thetao,W10p0,9,4,-0.04939485735871496,0.04939485735871496
so,W20p0,4,9,-0.049378109215585775,0.049378109215585775
so,W30p0,4,13,-0.04934958723417092,0.04934958723417092
thetao,W40p0,10,8,-0.04908071795705881,0.04908071795705881
so,W20p0,9,14,-0.04902796382977894,0.04902796382977894
thetao,W60p0,6,0,-0.04890677713535163,0.04890677713535163
so,W20p0,4,2,0.048899722974922295,0.048899722974922295
thetao,W30p0,9,13,-0.048757791652692936,0.048757791652692936
so,W60p0,6,9,0.04873808308361166,0.04873808308361166
thetao,W30p0,5,6,0.0486335939529318,0.0486335939529318
thetao,W20p0,4,12,0.04862059859886551,0.04862059859886551
thetao,W60p0,4,5,0.048580949755425845,0.048580949755425845
so,W60p0,1,8,-0.04849085870765976,0.04849085870765976
so,W40p0,3,8,0.04829561249611668,0.04829561249611668
thetao,W20p0,4,9,-0.04827560919649599,0.04827560919649599
so,W20p0,9,7,0.048268555373349196,0.048268555373349196
thetao,W30p0,10,0,0.0481211140141056,0.0481211140141056
thetao,W40p0,5,16,-0.04798606861191323,0.04798606861191323
so,W60p0,5,15,0.04787154722093156,0.04787154722093156
so,W30p0,10,12,0.04763573332093881,0.04763573332093881
thetao,W20p0,10,0,0.04756967963806262,0.04756967963806262
thetao,W40p0,5,1,0.04745732157919851,0.04745732157919851
thetao,W10p0,8,9,0.04716562894283206,0.04716562894283206
so,W60p0,10,9,0.04708938020570004,0.04708938020570004
so,W30p0,4,5,-0.04704607256332309,0.04704607256332309
so,W30p0,4,2,0.047043586675722164,0.047043586675722164
so,W60p0,5,7,0.04704269081624042,0.04704269081624042
thetao,W40p0,10,11,-0.04701126431600684,0.04701126431600684
thetao,W10p0,2,20,0.046929794659193266,0.046929794659193266
thetao,W10p0,9,18,0.046799179844441874,0.046799179844441874
thetao,W20p0,9,12,0.046640982936673,0.046640982936673
so,W40p0,1,13,-0.04660936656451892,0.04660936656451892
so,W10p0,8,16,0.04636027462897667,0.04636027462897667
thetao,W40p0,6,16,-0.046350290082932274,0.046350290082932274
thetao,W60p0,7,12,0.04585312786501791,0.04585312786501791
so,W60p0,5,13,0.04572876465906555,0.04572876465906555
thetao,W60p0,7,3,0.04557575522993021,0.04557575522993021
so,W30p0,10,19,-0.045473180709416625,0.045473180709416625
thetao,W30p0,9,16,-0.04528460572026396,0.04528460572026396
thetao,W20p0,3,4,0.0452274298652074,0.0452274298652074
so,W40p0,4,14,-0.04516315797257198,0.04516315797257198
so,W40p0,6,14,-0.045144604415927686,0.045144604415927686
so,W30p0,2,12,0.044986478587798466,0.044986478587798466
thetao,W10p0,5,6,0.044888735972988515,0.044888735972988515
thetao,W20p0,10,12,0.04487088356101452,0.04487088356101452
so,W60p0,5,6,0.044814095717624534,0.044814095717624534
so,W30p0,4,4,-0.044718085269355605,0.044718085269355605
thetao,W30p0,7,16,-0.04458299600907198,0.04458299600907198
thetao,W60p0,4,6,-0.0445161688104042,0.0445161688104042
thetao,W60p0,1,17,-0.04441097850774792,0.04441097850774792
so,W10p0,4,15,0.044408694467740234,0.044408694467740234
so,W30p0,2,4,-0.04436123048231087,0.04436123048231087
thetao,W60p0,3,11,0.04434713404265091,0.04434713404265091
so,W30p0,7,16,0.044219588460403435,0.044219588460403435
thetao,W10p0,8,13,-0.04418962597806937,0.04418962597806937
thetao,W10p0,8,4,-0.04418882616560939,0.04418882616560939
thetao,W10p0,9,2,-0.04410610320067244,0.04410610320067244
so,W30p0,6,20,0.04396779367887013,0.04396779367887013
so,W60p0,6,20,-0.0439541535273123,0.0439541535273123
so,W30p0,9,5,0.043941290322672466,0.043941290322672466
thetao,W30p0,8,10,0.04382075905381315,0.04382075905381315
so,W40p0,4,9,-0.043816806401950556,0.043816806401950556
so,W60p0,3,12,0.04353046174389324,0.04353046174389324
so,W40p0,8,15,0.043486551232298186,0.043486551232298186
so,W10p0,9,17,0.043465238583474605,0.043465238583474605
thetao,W60p0,3,15,0.0434211722856393,0.0434211722856393
so,W20p0,9,5,0.0432977150086393,0.0432977150086393
thetao,W60p0,8,10,0.04298584333449968,0.04298584333449968
thetao,W10p0,2,15,-0.04295490291549594,0.04295490291549594
thetao,W40p0,3,4,-0.04295451096297589,0.04295451096297589
so,W40p0,4,3,-0.04293376370830778,0.04293376370830778
so,W30p0,10,9,0.04287983322861297,0.04287983322861297
thetao,W20p0,8,18,0.04273621658291409,0.04273621658291409
thetao,W60p0,9,8,-0.042628045710381084,0.042628045710381084
thetao,W30p0,2,18,-0.0425240253278741,0.0425240253278741
so,W40p0,10,12,-0.04237101916556173,0.04237101916556173
so,W60p0,1,20,0.04217328676964304,0.04217328676964304
thetao,W10p0,5,18,0.04208104806728172,0.04208104806728172
so,W10p0,10,5,0.042029400209960543,0.042029400209960543
thetao,W10p0,8,10,0.041869179424255304,0.041869179424255304
so,W60p0,9,3,-0.04161879378350701,0.04161879378350701
so,W40p0,2,7,-0.041573503087845895,0.041573503087845895
thetao,W20p0,4,20,0.0411356757580052,0.0411356757580052
so,W60p0,5,4,-0.04109895483539382,0.04109895483539382
so,W60p0,5,14,0.04104807914255319,0.04104807914255319
thetao,W40p0,10,12,-0.04094067190294799,0.04094067190294799
thetao,W20p0,4,7,0.04089173593443945,0.04089173593443945
thetao,W40p0,8,6,0.04087833131490521,0.04087833131490521
so,W30p0,6,17,-0.04085932510939599,0.04085932510939599
so,W20p0,4,18,-0.040816110828968286,0.040816110828968286
thetao,W60p0,8,2,-0.040794689445716174,0.040794689445716174
thetao,W60p0,3,12,0.04077813597282882,0.04077813597282882
so,W30p0,2,3,-0.04069744359084614,0.04069744359084614
thetao,W20p0,7,6,0.04069552777890662,0.04069552777890662
thetao,W10p0,6,12,0.040682695348045764,0.040682695348045764
thetao,W40p0,4,7,0.04066042417584798,0.04066042417584798
so,W20p0,2,15,-0.0405653256929576,0.0405653256929576
thetao,W30p0,2,12,-0.04051072637556601,0.04051072637556601
thetao,W40p0,9,14,-0.04031166585854903,0.04031166585854903
so,W40p0,8,12,-0.03999472314320241,0.03999472314320241
so,W30p0,9,17,-0.039870892643695345,0.039870892643695345
so,W60p0,7,13,-0.03983221392998659,0.03983221392998659
thetao,W40p0,2,18,0.03970820833245912,0.03970820833245912
so,W20p0,1,14,0.03958657397372361,0.03958657397372361
thetao,W10p0,6,17,0.039389583829720555,0.039389583829720555
so,W30p0,1,1,0.039337258757539635,0.039337258757539635
thetao,W10p0,5,20,-0.03926812312811683,0.03926812312811683
thetao,W20p0,5,10,0.03912670589382918,0.03912670589382918
so,W10p0,6,3,-0.03911380158041578,0.03911380158041578
thetao,W60p0,5,20,0.039022676414451576,0.039022676414451576
thetao,W60p0,6,3,-0.03878515083651153,0.03878515083651153
thetao,W10p0,1,15,-0.03876143712825125,0.03876143712825125
thetao,W20p0,10,8,0.03868989022144336,0.03868989022144336
thetao,W60p0,5,16,-0.03867954545317011,0.03867954545317011
so,W20p0,5,10,-0.038580500538086336,0.038580500538086336
thetao,W60p0,10,12,0.03850994670430933,0.03850994670430933
thetao,W30p0,9,6,-0.038479902623170095,0.038479902623170095
so,W60p0,9,11,0.03835994871458033,0.03835994871458033
so,W60p0,4,16,0.03832969148751072,0.03832969148751072
thetao,W10p0,9,19,-0.03809012777583451,0.03809012777583451
so,W10p0,3,14,0.03808221644144668,0.03808221644144668
thetao,W10p0,6,11,0.038062683363942695,0.038062683363942695
thetao,W30p0,4,17,-0.03805896175314934,0.03805896175314934
thetao,W30p0,3,9,-0.037759279820443234,0.037759279820443234
so,W30p0,7,6,-0.03774347967718431,0.03774347967718431
so,W30p0,4,6,-0.03772087155214956,0.03772087155214956
so,W40p0,8,9,0.0377052782991126,0.0377052782991126
so,W30p0,10,13,0.03766599741939974,0.03766599741939974
thetao,W60p0,4,10,-0.03762864748721856,0.03762864748721856
thetao,W40p0,5,19,-0.03747472158675912,0.03747472158675912
so,W60p0,8,0,-0.03738050957231273,0.03738050957231273
thetao,W20p0,4,10,0.03729881994474319,0.03729881994474319
thetao,W20p0,8,12,-0.03703223971822118,0.03703223971822118
thetao,W20p0,5,12,-0.037022940671191114,0.037022940671191114
thetao,W60p0,10,15,-0.03701938665787756,0.03701938665787756
thetao,W60p0,7,7,0.03696502442822417,0.03696502442822417
so,W60p0,4,15,-0.03694746189327911,0.03694746189327911
so,W10p0,6,13,-0.036936713743666374,0.036936713743666374
thetao,W60p0,9,7,0.03681127791115191,0.03681127791115191
thetao,W30p0,6,17,0.036712373706398224,0.036712373706398224
thetao,W60p0,10,7,-0.03664795100721177,0.03664795100721177
thetao,W30p0,7,11,0.03664036211550505,0.03664036211550505
so,W10p0,5,20,0.03637482000717459,0.03637482000717459
thetao,W10p0,5,19,-0.036371870714361015,0.036371870714361015
thetao,W60p0,1,16,-0.036349322751248296,0.036349322751248296
thetao,W40p0,7,20,0.03631628279658641,0.03631628279658641
so,W20p0,5,2,-0.03628804241760548,0.03628804241760548
thetao,W60p0,2,5,-0.03613530919813333,0.03613530919813333
thetao,W40p0,4,4,0.036134394593663126,0.036134394593663126
so,W60p0,5,10,-0.036089059761825464,0.036089059761825464
thetao,W60p0,3,19,-0.0358438448223846,0.0358438448223846
thetao,W30p0,8,11,-0.03566527848972277,0.03566527848972277
thetao,W10p0,7,4,0.03553692851305088,0.03553692851305088
so,W60p0,3,10,0.03539799803111401,0.03539799803111401
so,W40p0,8,0,0.03539194870602382,0.03539194870602382
thetao,W30p0,7,19,0.035329087893233774,0.035329087893233774
thetao,W10p0,7,13,-0.035305419382164714,0.035305419382164714
thetao,W20p0,7,15,0.03529325971509926,0.03529325971509926
thetao,W30p0,3,8,0.03518528770469771,0.03518528770469771
thetao,W40p0,1,13,-0.035133556332821544,0.035133556332821544
so,W30p0,4,7,0.03507699043906466,0.03507699043906466
thetao,W40p0,4,3,0.03504089598062078,0.03504089598062078
thetao,W60p0,10,9,-0.034874079276309755,0.034874079276309755
so,W60p0,8,7,-0.034732660521826726,0.034732660521826726
thetao,W10p0,8,18,-0.03472111677329138,0.03472111677329138
so,W60p0,7,4,0.03470954786066147,0.03470954786066147
so,W10p0,8,13,0.034605424897147276,0.034605424897147276
so,W20p0,5,15,0.034595670276115265,0.034595670276115265
so,W40p0,9,16,0.034496526734160336,0.034496526734160336
so,W30p0,2,13,0.03424778133982365,0.03424778133982365
so,W60p0,6,6,-0.03423526908587859,0.03423526908587859
thetao,W30p0,3,13,-0.03413122016014459,0.03413122016014459
thetao,W20p0,10,3,0.034106163769000185,0.034106163769000185
so,W20p0,4,5,0.03410165309558885,0.03410165309558885
so,W10p0,9,14,-0.03386908358375864,0.03386908358375864
so,W30p0,2,6,0.0337960324707026,0.0337960324707026
so,W60p0,3,4,0.03369716095358112,0.03369716095358112
thetao,W10p0,6,13,0.03369245281493423,0.03369245281493423
so,W40p0,8,11,-0.033594909993948006,0.033594909993948006
so,W30p0,7,13,0.033459362338859044,0.033459362338859044
thetao,W60p0,9,11,-0.033417784316983654,0.033417784316983654
thetao,W40p0,5,2,0.033306884053072,0.033306884053072
so,W10p0,6,0,0.033290592394874134,0.033290592394874134
so,W60p0,6,18,0.033165756530896734,0.033165756530896734
so,W60p0,5,3,-0.03316114888241115,0.03316114888241115
thetao,W30p0,8,1,0.03314129948245192,0.03314129948245192
so,W60p0,4,0,-0.03311710920379137,0.03311710920379137
thetao,W60p0,5,1,0.032981623439058146,0.032981623439058146
thetao,W30p0,4,11,0.03292183102429338,0.03292183102429338
thetao,W10p0,3,9,-0.0327255943423129,0.0327255943423129
thetao,W40p0,4,2,-0.0326311857693836,0.0326311857693836
so,W20p0,10,16,-0.03255096148858671,0.03255096148858671
thetao,W10p0,9,1,0.03243059293327805,0.03243059293327805
so,W40p0,9,14,0.03241392176848713,0.03241392176848713
thetao,W20p0,9,13,-0.0322362340477011,0.0322362340477011
so,W10p0,10,6,-0.032137818388598326,0.032137818388598326
thetao,W20p0,3,18,-0.03210675925055769,0.03210675925055769
so,W60p0,9,9,-0.03184794580895118,0.03184794580895118
thetao,W20p0,4,16,-0.03171804488068764,0.03171804488068764
thetao,W30p0,7,12,0.03156177679309546,0.03156177679309546
so,W60p0,7,11,0.031512518675671695,0.031512518675671695
thetao,W60p0,5,4,0.0314019280838436,0.0314019280838436
thetao,W30p0,9,19,-0.031298046935743735,0.031298046935743735
thetao,W20p0,10,11,0.031133295166362658,0.031133295166362658
thetao,W30p0,10,18,-0.0310373836138858,0.0310373836138858
so,W20p0,4,14,-0.030911416572780494,0.030911416572780494
thetao,W20p0,5,0,0.030862355373908468,0.030862355373908468
so,W40p0,4,7,0.03082014253727452,0.03082014253727452
so,W60p0,10,12,0.030746497016248087,0.030746497016248087
thetao,W30p0,2,7,0.030590831893085677,0.030590831893085677
so,W40p0,4,6,0.03056024034258494,0.03056024034258494
so,W20p0,4,12,0.03041018777464034,0.03041018777464034
so,W20p0,8,20,-0.03036912666338231,0.03036912666338231
thetao,W60p0,3,10,0.03035954999896376,0.03035954999896376
thetao,W20p0,7,5,-0.03028207629784215,0.03028207629784215
so,W20p0,8,9,-0.0302411197262265,0.0302411197262265
so,W30p0,2,5,-0.02999082080112853,0.02999082080112853
thetao,W30p0,2,6,0.029980620302142717,0.029980620302142717
so,W10p0,3,13,-0.029974182381456483,0.029974182381456483
so,W20p0,5,8,-0.029945390436246798,0.029945390436246798
so,W20p0,6,6,-0.029895636920529725,0.029895636920529725
so,W20p0,4,0,-0.0296125024294856,0.0296125024294856
thetao,W10p0,1,17,0.029583766079706877,0.029583766079706877
so,W60p0,3,2,0.029545876315665284,0.029545876315665284
so,W40p0,8,10,-0.02953439955067018,0.02953439955067018
so,W10p0,4,20,-0.02952535860766547,0.02952535860766547
thetao,W30p0,7,8,0.029221484186531185,0.029221484186531185
so,W60p0,4,13,0.02919406094609993,0.02919406094609993
so,W10p0,7,11,-0.028885011071695083,0.028885011071695083
thetao,W30p0,6,2,0.028796001945179,0.028796001945179
thetao,W60p0,9,16,-0.028791873249766717,0.028791873249766717
so,W20p0,2,16,0.028787969065714576,0.028787969065714576
thetao,W10p0,9,20,-0.028751873825539807,0.028751873825539807
thetao,W10p0,3,3,0.028725115017649152,0.028725115017649152
so,W40p0,3,6,0.028662041834417014,0.028662041834417014
so,W40p0,8,4,0.02863354654529525,0.02863354654529525
so,W10p0,7,14,0.02857408823497698,0.02857408823497698
thetao,W30p0,4,10,-0.028553973475899472,0.028553973475899472
thetao,W40p0,9,16,0.02851913296952615,0.02851913296952615
thetao,W30p0,7,18,0.028518058192153604,0.028518058192153604
so,W20p0,9,19,-0.028478815294457033,0.028478815294457033
thetao,W10p0,3,17,0.028390656682847584,0.028390656682847584
thetao,W60p0,5,0,0.028244333632113598,0.028244333632113598
thetao,W30p0,6,3,0.02820722660058693,0.02820722660058693
so,W10p0,8,18,0.02818829605822131,0.02818829605822131
thetao,W40p0,9,18,0.027986356687664787,0.027986356687664787
so,W20p0,6,14,-0.027902213598026686,0.027902213598026686
so,W40p0,6,12,0.027819048370812623,0.027819048370812623
so,W40p0,4,5,0.0278006390011888,0.0278006390011888
thetao,W60p0,7,5,-0.027784913990183478,0.027784913990183478
thetao,W10p0,7,6,0.027694367464175876,0.027694367464175876
thetao,W40p0,5,17,-0.027617814603730053,0.027617814603730053
so,W30p0,7,12,-0.027598220575056023,0.027598220575056023
thetao,W40p0,3,2,-0.027580395519468604,0.027580395519468604
so,W60p0,7,18,-0.02744535396809969,0.02744535396809969
thetao,W40p0,5,20,0.02744286326943024,0.02744286326943024
so,W20p0,9,3,0.027425164054902515,0.027425164054902515
so,W60p0,6,7,0.02742240883699875,0.02742240883699875
so,W60p0,3,0,0.02739921032042659,0.02739921032042659
thetao,W10p0,2,10,0.02738576792972253,0.02738576792972253
so,W20p0,10,14,0.027141004759669084,0.027141004759669084
thetao,W60p0,6,20,0.026823494524373846,0.026823494524373846
so,W30p0,10,11,0.02668386087612908,0.02668386087612908
thetao,W30p0,6,4,0.026509297062225424,0.026509297062225424
so,W60p0,3,11,0.026503823066793598,0.026503823066793598
so,W20p0,4,13,-0.026473926873634836,0.026473926873634836
so,W60p0,5,8,0.02644272149747218,0.02644272149747218
so,W60p0,9,16,-0.02625738434620277,0.02625738434620277
so,W20p0,4,10,0.02625079390830264,0.02625079390830264
thetao,W60p0,4,12,-0.026249110110862308,0.026249110110862308
thetao,W60p0,10,4,-0.026155808789125382,0.026155808789125382
so,W20p0,5,0,-0.026128550887407297,0.026128550887407297
thetao,W40p0,6,18,0.02600207924485166,0.02600207924485166
so,W30p0,2,2,-0.025911129608487477,0.025911129608487477
so,W30p0,3,0,0.0258936750796986,0.0258936750796986
thetao,W60p0,2,6,-0.02587934101952546,0.02587934101952546
so,W40p0,8,5,0.025738164393954228,0.025738164393954228
thetao,W20p0,6,6,-0.025619175078246927,0.025619175078246927
thetao,W40p0,5,5,0.025462823989073326,0.025462823989073326
so,W20p0,10,15,0.0253246460821557,0.0253246460821557
thetao,W10p0,8,12,-0.02506071411197093,0.02506071411197093
thetao,W40p0,4,6,0.024986977704702863,0.024986977704702863
so,W30p0,7,19,0.024853327091452177,0.024853327091452177
so,W60p0,3,1,0.02479559530779848,0.02479559530779848
thetao,W40p0,3,6,0.024794738325553175,0.024794738325553175
thetao,W10p0,7,8,-0.024774292338587516,0.024774292338587516
thetao,W60p0,6,2,0.02471328275049517,0.02471328275049517
thetao,W60p0,4,17,-0.02463930842853488,0.02463930842853488
thetao,W30p0,3,7,-0.024574951409092948,0.024574951409092948
thetao,W30p0,5,1,0.024523201222934526,0.024523201222934526
thetao,W10p0,8,5,-0.024505255166490793,0.024505255166490793
thetao,W10p0,5,17,0.02446808339353981,0.02446808339353981
so,W30p0,6,16,-0.024257546248446178,0.024257546248446178
thetao,W60p0,8,0,-0.0241489844848496,0.0241489844848496
so,W30p0,3,9,0.024148644412820386,0.024148644412820386
so,W40p0,7,4,0.02409489554931588,0.02409489554931588
so,W10p0,8,10,-0.023928112516401458,0.023928112516401458
so,W10p0,5,1,0.023522349515394135,0.023522349515394135
so,W30p0,9,6,-0.023520482214452847,0.023520482214452847
so,W60p0,6,19,-0.023433995173082724,0.023433995173082724
thetao,W30p0,2,16,-0.023310349612344117,0.023310349612344117
thetao,W60p0,5,15,-0.023250808324974424,0.023250808324974424
thetao,W30p0,2,17,0.023233358282540185,0.023233358282540185
so,W20p0,8,10,0.023165535954789655,0.023165535954789655
thetao,W20p0,10,13,-0.02310615393876621,0.02310615393876621
thetao,W20p0,8,15,0.0230490891353423,0.0230490891353423
thetao,W20p0,4,1,-0.0230323786538506,0.0230323786538506
so,W30p0,9,18,0.022989296469666146,0.022989296469666146
thetao,W30p0,7,1,-0.02289536413607673,0.02289536413607673
so,W40p0,6,5,-0.022885078960752887,0.022885078960752887
thetao,W30p0,6,7,-0.022878961563846122,0.022878961563846122
so,W10p0,1,14,-0.02281071844636727,0.02281071844636727
thetao,W60p0,7,4,-0.022675522495955003,0.022675522495955003
so,W30p0,6,6,-0.02266579057862761,0.02266579057862761
thetao,W20p0,8,13,0.022312920324226385,0.022312920324226385
thetao,W30p0,1,14,-0.022232134735172198,0.022232134735172198
thetao,W30p0,5,8,0.022199759994090653,0.022199759994090653
thetao,W30p0,3,1,-0.022090404423421174,0.022090404423421174
so,W30p0,2,15,-0.02204478941471546,0.02204478941471546
so,W30p0,7,15,0.02185258213096395,0.02185258213096395
so,W60p0,1,15,0.021793699552094745,0.021793699552094745
thetao,W40p0,4,5,0.021760348338988073,0.021760348338988073
thetao,W60p0,5,3,-0.021735666795899528,0.021735666795899528
so,W10p0,9,9,0.021654056180916696,0.021654056180916696
thetao,W60p0,1,18,-0.0216482083664156,0.0216482083664156
so,W10p0,6,1,0.02152843875152838,0.02152843875152838
thetao,W40p0,10,9,-0.021301557505576836,0.021301557505576836
thetao,W20p0,9,19,-0.021219011912239048,0.021219011912239048
so,W60p0,5,9,0.02119552838849552,0.02119552838849552
so,W60p0,2,15,-0.021193730774405065,0.021193730774405065
thetao,W40p0,4,17,0.02116503724249397,0.02116503724249397
so,W30p0,10,16,-0.02114240827554468,0.02114240827554468
so,W40p0,4,13,-0.021053301924843646,0.021053301924843646
so,W20p0,5,3,0.020972778470849624,0.020972778470849624
so,W20p0,8,11,-0.020915167960229835,0.020915167960229835
so,W30p0,9,0,0.02074332240133075,0.02074332240133075
so,W60p0,8,8,0.020708833390633435,0.020708833390633435
thetao,W60p0,3,16,-0.020583999814731694,0.020583999814731694
thetao,W20p0,2,16,0.02053837431782129,0.02053837431782129
so,W30p0,4,12,0.020464835887708935,0.020464835887708935
thetao,W40p0,7,4,-0.020438182117754992,0.020438182117754992
thetao,W30p0,6,5,0.0204201076305865,0.0204201076305865
thetao,W20p0,9,18,-0.0203387691919796,0.0203387691919796
so,W30p0,10,14,0.02030309741518011,0.02030309741518011
so,W40p0,6,13,-0.020162994097067524,0.020162994097067524
so,W60p0,5,11,0.02000778586062426,0.02000778586062426
so,W20p0,7,3,0.020001150506509628,0.020001150506509628
thetao,W20p0,4,5,-0.019994040702606457,0.019994040702606457
so,W20p0,10,17,-0.019980168070983035,0.019980168070983035
thetao,W40p0,3,5,-0.019827194503465373,0.019827194503465373
thetao,W60p0,10,14,-0.019748278823512905,0.019748278823512905
so,W20p0,10,18,-0.019697648841558103,0.019697648841558103
so,W10p0,9,16,0.019495761320288775,0.019495761320288775
thetao,W60p0,10,8,0.019336351824230456,0.019336351824230456
thetao,W60p0,4,13,-0.019265817103084466,0.019265817103084466
thetao,W10p0,3,8,-0.01925587203641275,0.01925587203641275
so,W10p0,7,13,0.019176439145647917,0.019176439145647917
so,W20p0,6,5,0.01907493789751733,0.01907493789751733
thetao,W40p0,4,16,-0.01871946512820603,0.01871946512820603
thetao,W40p0,5,18,-0.01869478914279593,0.01869478914279593
so,W20p0,10,13,0.01868834998696045,0.01868834998696045
so,W20p0,5,14,0.01868705052743994,0.01868705052743994
thetao,W40p0,4,14,0.018586602470523125,0.018586602470523125
thetao,W30p0,7,20,-0.018575428088515877,0.018575428088515877
thetao,W10p0,9,10,0.018252733558902882,0.018252733558902882
thetao,W20p0,5,15,-0.018107898248904936,0.018107898248904936
thetao,W20p0,4,14,0.01805553621990002,0.01805553621990002
thetao,W30p0,10,20,0.01801813193305764,0.01801813193305764
so,W20p0,7,4,0.017873627036859654,0.017873627036859654
thetao,W40p0,10,10,-0.01775873580221807,0.01775873580221807
thetao,W60p0,5,19,0.017715036140732617,0.017715036140732617
so,W30p0,6,15,-0.017661774736439404,0.017661774736439404
so,W10p0,2,17,0.017547247301261698,0.017547247301261698
thetao,W10p0,2,16,0.01751765963934291,0.01751765963934291
thetao,W40p0,8,5,0.016982540018421866,0.016982540018421866
thetao,W30p0,7,4,0.01696344296731598,0.01696344296731598
thetao,W60p0,6,10,0.01673880442154167,0.01673880442154167
thetao,W60p0,7,14,0.016704133913322376,0.016704133913322376
thetao,W30p0,2,11,-0.016594068796867482,0.016594068796867482
thetao,W20p0,4,11,0.016565659290233542,0.016565659290233542
so,W20p0,6,17,0.01655186794369119,0.01655186794369119
so,W20p0,7,15,0.016327536641934606,0.016327536641934606
so,W20p0,10,12,-0.016327123968845007,0.016327123968845007
thetao,W40p0,7,3,-0.016322129910548124,0.016322129910548124
thetao,W20p0,3,19,-0.01608312939169422,0.01608312939169422
thetao,W30p0,2,20,0.015975568599536,0.015975568599536
thetao,W40p0,9,17,0.01590574012029756,0.01590574012029756
thetao,W30p0,9,12,-0.015760546911406863,0.015760546911406863
so,W40p0,4,8,0.015740818839635046,0.015740818839635046
thetao,W30p0,7,0,-0.015722749837976155,0.015722749837976155
so,W60p0,6,10,-0.01571269845142725,0.01571269845142725
so,W40p0,2,19,-0.015710352315076587,0.015710352315076587
thetao,W40p0,3,19,-0.015405611987484415,0.015405611987484415
so,W20p0,4,11,0.015235112480884267,0.015235112480884267
thetao,W60p0,1,19,-0.0152225669737852,0.0152225669737852
so,W60p0,5,5,-0.015143338973852772,0.015143338973852772
thetao,W40p0,3,3,-0.015135215078639516,0.015135215078639516
thetao,W10p0,8,0,-0.01494995654495549,0.01494995654495549
thetao,W60p0,2,15,-0.014848509300138724,0.014848509300138724
so,W20p0,8,19,-0.014794344097860436,0.014794344097860436
thetao,W30p0,7,3,-0.014676995147567262,0.014676995147567262
so,W20p0,6,15,-0.01449746820630044,0.01449746820630044
thetao,W40p0,7,19,-0.014456600685806644,0.014456600685806644
thetao,W10p0,3,2,0.014255012341550055,0.014255012341550055
thetao,W30p0,8,9,-0.014251515200208934,0.014251515200208934
so,W60p0,3,9,-0.014078780743639868,0.014078780743639868
so,W10p0,9,12,0.013939148257062032,0.013939148257062032
thetao,W60p0,10,11,0.013836573700516228,0.013836573700516228
so,W20p0,9,15,-0.013820404326107897,0.013820404326107897
so,W40p0,7,5,0.01368307135470601,0.01368307135470601
so,W10p0,8,12,0.013561250396752336,0.013561250396752336
thetao,W20p0,8,1,0.013480047346510714,0.013480047346510714
thetao,W10p0,3,16,-0.013390774076311562,0.013390774076311562
thetao,W10p0,6,6,-0.01331542050639823,0.01331542050639823
thetao,W20p0,8,6,0.013246536068913208,0.013246536068913208
so,W40p0,4,4,0.01318588074303662,0.01318588074303662
so,W30p0,10,5,-0.013113965653269173,0.013113965653269173
so,W10p0,5,13,-0.013005161641958534,0.013005161641958534
thetao,W20p0,1,18,0.01295804150795081,0.01295804150795081
thetao,W10p0,9,14,-0.012942071650007955,0.012942071650007955
thetao,W60p0,6,1,0.012849768905412735,0.012849768905412735
so,W20p0,5,13,0.012749564167145233,0.012749564167145233
so,W20p0,6,16,0.012608628308506708,0.012608628308506708
so,W20p0,9,4,-0.012578626634833678,0.012578626634833678
so,W60p0,4,5,-0.01257762508022806,0.01257762508022806
thetao,W40p0,8,4,0.012557970716045407,0.012557970716045407
so,W40p0,4,12,0.01247062311736586,0.01247062311736586
so,W40p0,6,6,0.012416384153755941,0.012416384153755941
thetao,W60p0,2,2,0.012379238963868134,0.012379238963868134
thetao,W30p0,9,8,0.012250460018740628,0.012250460018740628
thetao,W60p0,10,6,-0.012191440891531825,0.012191440891531825
so,W10p0,9,15,-0.012136146224569056,0.012136146224569056
thetao,W20p0,5,1,-0.012107348726850235,0.012107348726850235
so,W60p0,8,19,-0.012034390702145974,0.012034390702145974
thetao,W30p0,2,0,0.011984680890609794,0.011984680890609794
thetao,W60p0,8,3,-0.01197842414954716,0.01197842414954716
so,W20p0,9,0,-0.011902480145127375,0.011902480145127375
so,W10p0,9,13,0.01172117707582313,0.01172117707582313
thetao,W20p0,4,15,-0.011718812552750825,0.011718812552750825
thetao,W30p0,3,18,-0.011711882805722726,0.011711882805722726
thetao,W20p0,5,11,-0.011549146191773274,0.011549146191773274
thetao,W20p0,7,16,-0.011452406684080589,0.011452406684080589
so,W40p0,6,8,-0.011309951906839248,0.011309951906839248
so,W30p0,4,3,-0.011129451362815304,0.011129451362815304
thetao,W60p0,7,6,-0.011118686891138702,0.011118686891138702
so,W60p0,10,8,0.01108362823071691,0.01108362823071691
so,W30p0,10,18,0.011039430088724614,0.011039430088724614
thetao,W30p0,7,13,-0.011029832360621149,0.011029832360621149
so,W20p0,2,4,-0.010948600596288004,0.010948600596288004
so,W10p0,3,2,-0.010810636229833194,0.010810636229833194
so,W30p0,6,5,0.010796117423725386,0.010796117423725386
so,W20p0,3,12,-0.010738239419913715,0.010738239419913715
thetao,W40p0,9,15,0.01064784691207559,0.01064784691207559
thetao,W10p0,5,5,0.010642792594923066,0.010642792594923066
thetao,W60p0,5,14,0.010454106445870588,0.010454106445870588
thetao,W40p0,5,3,0.010450488200563884,0.010450488200563884
so,W60p0,7,12,-0.010266963886401494,0.010266963886401494
thetao,W10p0,8,2,-0.010187664674632032,0.010187664674632032
so,W10p0,3,1,0.010087217637849387,0.010087217637849387
thetao,W40p0,2,17,0.010085766430568657,0.010085766430568657
thetao,W60p0,10,13,0.009797797800466034,0.009797797800466034
thetao,W10p0,7,3,-0.009787401140079846,0.009787401140079846
so,W10p0,9,0,-0.009572482098102568,0.009572482098102568
so,W10p0,8,11,-0.009516749912589214,0.009516749912589214
thetao,W40p0,6,7,0.009377991747571916,0.009377991747571916
so,W40p0,7,3,0.009309594736071132,0.009309594736071132
thetao,W20p0,8,10,0.009292332184314833,0.009292332184314833
thetao,W20p0,4,8,-0.009237428285286769,0.009237428285286769
so,W40p0,6,20,-0.009180519147363318,0.009180519147363318
so,W40p0,3,5,-0.009031730074378175,0.009031730074378175
so,W20p0,8,0,0.009016960570299304,0.009016960570299304
thetao,W20p0,10,1,0.008993170768895718,0.008993170768895718
so,W60p0,3,5,0.008831313189815941,0.008831313189815941
thetao,W10p0,1,7,-0.008813037765180875,0.008813037765180875
so,W60p0,6,15,-0.008761691343883138,0.008761691343883138
thetao,W30p0,4,14,-0.00870118822801465,0.00870118822801465
thetao,W10p0,3,7,-0.008643372415959711,0.008643372415959711
so,W60p0,9,12,-0.008561847182196526,0.008561847182196526
thetao,W40p0,4,15,0.008525573950574834,0.008525573950574834
so,W60p0,4,14,-0.008489269674709967,0.008489269674709967
thetao,W20p0,4,6,0.008377589824565854,0.008377589824565854
thetao,W30p0,6,6,0.008149647347433607,0.008149647347433607
thetao,W60p0,7,15,-0.00802191950226065,0.00802191950226065
so,W10p0,10,15,-0.007918291221980216,0.007918291221980216
thetao,W20p0,8,7,0.007866853951543976,0.007866853951543976
thetao,W60p0,3,7,0.007741293073797424,0.007741293073797424
thetao,W40p0,10,7,0.007612646625744016,0.007612646625744016
thetao,W20p0,10,9,0.007498305801234432,0.007498305801234432
thetao,W10p0,8,19,-0.00747418725881664,0.00747418725881664
thetao,W30p0,3,14,-0.007466182591227936,0.007466182591227936
so,W40p0,4,11,-0.007425236245055789,0.007425236245055789
so,W30p0,2,16,0.007326017134214457,0.007326017134214457
thetao,W10p0,7,7,0.0072692498066243534,0.0072692498066243534
so,W60p0,7,5,-0.007261044888001522,0.007261044888001522
thetao,W60p0,1,15,-0.007039297238583539,0.007039297238583539
thetao,W20p0,4,13,0.007001142658850332,0.007001142658850332
so,W20p0,7,16,-0.006904179839608924,0.006904179839608924
thetao,W20p0,10,2,0.0066518012144597865,0.0066518012144597865
thetao,W30p0,10,19,0.0066405181403868824,0.0066405181403868824
so,W20p0,8,5,-0.006054942803352823,0.006054942803352823
thetao,W60p0,10,5,-0.005889312763387033,0.005889312763387033
so,W60p0,9,13,-0.005880162224445267,0.005880162224445267
thetao,W10p0,8,7,0.005815912754052072,0.005815912754052072
thetao,W10p0,1,16,0.005613964867617135,0.005613964867617135
so,W40p0,4,20,-0.005591933227322581,0.005591933227322581
so,W10p0,2,6,-0.005568735525542872,0.005568735525542872
thetao,W20p0,4,3,0.0055541436322656765,0.0055541436322656765
thetao,W30p0,8,5,-0.005528194261172797,0.005528194261172797
so,W30p0,7,8,-0.0053001691868121625,0.0053001691868121625
thetao,W60p0,3,20,0.005277795999420592,0.005277795999420592
thetao,W10p0,10,4,-0.005034062429023772,0.005034062429023772
thetao,W10p0,8,6,-0.004961716191881439,0.004961716191881439
thetao,W40p0,4,9,-0.004633024795746283,0.004633024795746283
thetao,W60p0,5,2,0.004616239817035372,0.004616239817035372
thetao,W60p0,5,9,0.004532927593197449,0.004532927593197449
thetao,W10p0,8,1,0.004523204712922874,0.004523204712922874
so,W20p0,7,2,-0.004465760119280677,0.004465760119280677
thetao,W30p0,4,15,-0.004425053376877723,0.004425053376877723
thetao,W20p0,10,10,0.004374935133486116,0.004374935133486116
thetao,W20p0,1,9,0.0043629649546428175,0.0043629649546428175
thetao,W30p0,4,18,0.004310721353668825,0.004310721353668825
thetao,W30p0,8,8,0.004091517817995936,0.004091517817995936
thetao,W10p0,3,1,-0.004025457720115396,0.004025457720115396
thetao,W30p0,5,15,0.003901344759977825,0.003901344759977825
thetao,W10p0,9,11,0.003843651016071692,0.003843651016071692
thetao,W60p0,8,4,-0.0037607524791609137,0.0037607524791609137
so,W20p0,5,11,-0.0037222701962866035,0.0037222701962866035
so,W20p0,7,1,-0.003659977304448769,0.003659977304448769
thetao,W10p0,9,0,-0.003646765375204263,0.003646765375204263
so,W20p0,9,12,0.0035920915698942667,0.0035920915698942667
thetao,W40p0,7,1,0.003575252570155729,0.003575252570155729
thetao,W30p0,5,7,0.003546077870409178,0.003546077870409178
so,W20p0,9,11,-0.0034779814264405354,0.0034779814264405354
thetao,W30p0,2,5,-0.0034050364479067527,0.0034050364479067527
so,W10p0,4,16,-0.0033678827508683323,0.0033678827508683323
so,W20p0,4,8,0.0033637492566183274,0.0033637492566183274
so,W20p0,9,13,-0.0032330471430964355,0.0032330471430964355
thetao,W40p0,5,12,0.003204209238167976,0.003204209238167976
so,W20p0,8,6,-0.0029434586712967564,0.0029434586712967564
thetao,W30p0,2,10,-0.0027910835817776623,0.0027910835817776623
thetao,W10p0,8,11,0.0027824552992586544,0.0027824552992586544
so,W30p0,5,19,-0.0026187308771223714,0.0026187308771223714
so,W30p0,8,10,-0.002602380534392385,0.002602380534392385
so,W20p0,5,1,-0.002597416888692489,0.002597416888692489
so,W20p0,7,17,-0.0025332381521584106,0.0025332381521584106
thetao,W10p0,6,18,-0.0024496705082949466,0.0024496705082949466
so,W10p0,6,2,0.0024290102532574342,0.0024290102532574342
so,W60p0,8,17,-0.0023341178275542384,0.0023341178275542384
so,W20p0,5,12,0.002331003250472463,0.002331003250472463
so,W60p0,10,2,0.0023222465421936676,0.0023222465421936676
so,W30p0,5,9,-0.0022218374464986596,0.0022218374464986596
so,W10p0,7,12,0.002143285905856387,0.002143285905856387
thetao,W20p0,4,19,0.00209885696444323,0.00209885696444323
thetao,W60p0,7,16,-0.0020708246032448718,0.0020708246032448718
thetao,W60p0,5,13,0.0018482698219373398,0.0018482698219373398
thetao,W10p0,4,0,-0.0018444426536963394,0.0018444426536963394
so,W60p0,4,18,-0.0017844406583579582,0.0017844406583579582
thetao,W40p0,6,17,-0.0017787296411362471,0.0017787296411362471
so,W40p0,5,15,-0.001768035049618856,0.001768035049618856
thetao,W20p0,4,4,0.0017196178831121736,0.0017196178831121736
thetao,W40p0,9,5,0.00170256375681322,0.00170256375681322
so,W20p0,3,20,-0.0014812778485933254,0.0014812778485933254
thetao,W20p0,4,2,0.0013327322863515721,0.0013327322863515721
thetao,W30p0,4,9,-0.0013076296928149428,0.0013076296928149428
thetao,W20p0,5,5,0.0012947816274958223,0.0012947816274958223
so,W20p0,9,8,-0.0012563319563626762,0.0012563319563626762
so,W30p0,2,14,0.0011521639072126738,0.0011521639072126738
so,W20p0,5,4,-0.0010443555719991256,0.0010443555719991256
so,W40p0,5,6,0.0010427007488493121,0.0010427007488493121
thetao,W30p0,9,7,0.000929998991181689,0.000929998991181689
thetao,W20p0,6,5,-0.0008801458194370903,0.0008801458194370903
so,W40p0,7,2,-0.0008777488643621342,0.0008777488643621342
so,W30p0,10,7,0.0008755469929687884,0.0008755469929687884
so,W30p0,6,4,-0.0008311061916636431,0.0008311061916636431
so,W60p0,1,7,-0.0007177892599215433,0.0007177892599215433
so,W30p0,7,7,-0.000679497773839728,0.000679497773839728
so,W30p0,6,2,-0.0005596422409684629,0.0005596422409684629
so,W30p0,3,13,-0.0002903034382877566,0.0002903034382877566
so,W30p0,1,16,-0.00017582382849443885,0.00017582382849443885
