var,lon_tag,mode,lag,corr,abs_corr
so,W60p0,5,0,0.6256823668400947,0.6256823668400947
so,W60p0,5,1,0.5909682599403611,0.5909682599403611
thetao,W60p0,4,0,0.5780800717439485,0.5780800717439485
so,W20p0,1,0,-0.5510343296805691,0.5510343296805691
thetao,W40p0,2,0,-0.5458695515871111,0.5458695515871111
thetao,W20p0,2,1,-0.5379256616048921,0.5379256616048921
so,W10p0,1,0,-0.5295804432979985,0.5295804432979985
thetao,W20p0,2,4,-0.5267539308078781,0.5267539308078781
thetao,W20p0,2,0,-0.517461591570989,0.517461591570989
so,W10p0,1,1,-0.5150515687083537,0.5150515687083537
thetao,W60p0,3,1,-0.5113950128301596,0.5113950128301596
so,W20p0,1,1,-0.5100195899252324,0.5100195899252324
so,W60p0,5,2,0.5099130266006161,0.5099130266006161
thetao,W20p0,2,2,-0.5066213757580099,0.5066213757580099
thetao,W20p0,2,5,-0.505399152371318,0.505399152371318
so,W40p0,3,0,-0.5042615148304304,0.5042615148304304
thetao,W40p0,8,0,-0.503854907708419,0.503854907708419
so,W40p0,3,1,-0.49822287786093117,0.49822287786093117
so,W10p0,2,1,-0.49666015866340735,0.49666015866340735
so,W30p0,1,0,-0.4908132261704347,0.4908132261704347
thetao,W20p0,2,3,-0.49053854715615297,0.49053854715615297
so,W30p0,1,3,-0.4890459285116732,0.4890459285116732
thetao,W40p0,2,1,-0.48632939103085043,0.48632939103085043
so,W30p0,1,4,-0.4861168900371237,0.4861168900371237
thetao,W20p0,2,7,-0.4844620466839968,0.4844620466839968
so,W20p0,1,2,-0.48342499916016746,0.48342499916016746
thetao,W20p0,2,9,-0.48001027659270296,0.48001027659270296
thetao,W20p0,2,6,-0.4796765769048056,0.4796765769048056
so,W30p0,1,2,-0.47966736971512325,0.47966736971512325
thetao,W60p0,3,2,-0.4781696519277277,0.4781696519277277
so,W10p0,1,2,-0.4776515616347343,0.4776515616347343
so,W10p0,2,2,-0.4776462110252355,0.4776462110252355
thetao,W20p0,2,8,-0.4743836361633346,0.4743836361633346
so,W30p0,1,1,-0.4689106126159031,0.4689106126159031
thetao,W60p0,7,0,-0.46130803798821485,0.46130803798821485
thetao,W30p0,4,0,0.46117522026417973,0.46117522026417973
thetao,W30p0,2,2,-0.4609795665828013,0.4609795665828013
thetao,W20p0,2,10,-0.45833108922319876,0.45833108922319876
so,W30p0,1,5,-0.45644204525780674,0.45644204525780674
so,W20p0,1,3,-0.45435473973228524,0.45435473973228524
thetao,W30p0,2,1,-0.44768232698826954,0.44768232698826954
so,W40p0,1,2,-0.44660567078866853,0.44660567078866853
so,W40p0,1,3,-0.44616015637708006,0.44616015637708006
so,W10p0,1,7,-0.4440960437467992,0.4440960437467992
so,W10p0,1,5,-0.44280652691712463,0.44280652691712463
so,W20p0,1,4,-0.44272048889194915,0.44272048889194915
so,W10p0,1,3,-0.4419610301400848,0.4419610301400848
so,W20p0,7,0,-0.4418257431669537,0.4418257431669537
so,W20p0,10,1,-0.4414674833582696,0.4414674833582696
so,W10p0,1,4,-0.4406198820759992,0.4406198820759992
so,W40p0,1,4,-0.44017609324589846,0.44017609324589846
so,W10p0,1,6,-0.43904089293629556,0.43904089293629556
thetao,W10p0,2,1,-0.4388214403783776,0.4388214403783776
thetao,W40p0,2,2,-0.4348454362812773,0.4348454362812773
so,W40p0,1,1,-0.4251550742274826,0.4251550742274826
so,W60p0,4,1,-0.4239094709180977,0.4239094709180977
so,W10p0,1,14,-0.423562885858208,0.423562885858208
so,W10p0,2,3,-0.4234282860341502,0.4234282860341502
thetao,W20p0,2,11,-0.42198728784093414,0.42198728784093414
so,W30p0,1,6,-0.41918447284422383,0.41918447284422383
so,W20p0,1,5,-0.4185861921629247,0.4185861921629247
so,W10p0,1,8,-0.4154121586139701,0.4154121586139701
so,W10p0,1,13,-0.4127994232913993,0.4127994232913993
thetao,W30p0,2,5,-0.4121061345319993,0.4121061345319993
so,W60p0,5,3,0.4099454114526876,0.4099454114526876
so,W10p0,1,15,-0.40661412267214303,0.40661412267214303
so,W10p0,1,19,-0.40581066346280087,0.40581066346280087
thetao,W60p0,4,1,0.40242370682880213,0.40242370682880213
thetao,W10p0,4,1,-0.402279391802763,0.402279391802763
thetao,W10p0,2,2,-0.4019755362826372,0.4019755362826372
so,W40p0,1,5,-0.4015916516235471,0.4015916516235471
so,W30p0,1,7,-0.4012251971688009,0.4012251971688009
thetao,W40p0,7,19,-0.40035993721220225,0.40035993721220225
so,W10p0,1,12,-0.3999606216130408,0.3999606216130408
thetao,W40p0,2,7,-0.39904093737154483,0.39904093737154483
thetao,W30p0,2,3,-0.3987869418006293,0.3987869418006293
thetao,W40p0,2,3,-0.39846270123602007,0.39846270123602007
thetao,W10p0,1,0,-0.39824034278400633,0.39824034278400633
so,W20p0,10,2,-0.3978627336246343,0.3978627336246343
so,W10p0,1,9,-0.3978433303209509,0.3978433303209509
thetao,W10p0,4,2,-0.39577340066895556,0.39577340066895556
thetao,W20p0,2,18,-0.395737358761374,0.395737358761374
so,W20p0,1,6,-0.39543769509648863,0.39543769509648863
so,W10p0,6,20,0.394746100698254,0.394746100698254
thetao,W30p0,2,4,-0.3947266275834006,0.3947266275834006
thetao,W40p0,2,5,-0.39462600894943806,0.39462600894943806
so,W40p0,1,0,-0.3939254105986914,0.3939254105986914
so,W40p0,6,15,0.3934859314413435,0.3934859314413435
thetao,W40p0,2,6,-0.3934141254870129,0.3934141254870129
thetao,W40p0,2,8,-0.39326963278568977,0.39326963278568977
so,W40p0,6,14,0.3917615000782448,0.3917615000782448
so,W20p0,10,0,-0.3914135871116275,0.3914135871116275
so,W10p0,1,20,-0.3892970539537326,0.3892970539537326
so,W30p0,1,8,-0.38878426265346383,0.38878426265346383
thetao,W20p0,2,12,-0.388695649027731,0.388695649027731
thetao,W30p0,2,8,-0.38816343252634733,0.38816343252634733
thetao,W40p0,2,4,-0.38783282327182406,0.38783282327182406
so,W40p0,10,15,-0.3877032659356303,0.3877032659356303
so,W10p0,2,0,-0.3839932744029533,0.3839932744029533
thetao,W40p0,2,9,-0.38334965736015014,0.38334965736015014
thetao,W20p0,2,15,-0.38124408509591295,0.38124408509591295
so,W40p0,3,2,-0.3804999347311616,0.3804999347311616
so,W10p0,1,10,-0.3802797019952224,0.3802797019952224
thetao,W60p0,7,1,-0.3798079045349627,0.3798079045349627
thetao,W20p0,2,16,-0.37905168069765144,0.37905168069765144
so,W10p0,1,11,-0.37754254808649906,0.37754254808649906
thetao,W30p0,8,1,0.37721272446263626,0.37721272446263626
so,W10p0,2,4,-0.37426409535128474,0.37426409535128474
so,W40p0,10,16,-0.37354930358235394,0.37354930358235394
thetao,W30p0,2,6,-0.3735121353985457,0.3735121353985457
thetao,W20p0,2,19,-0.37318647864732,0.37318647864732
so,W10p0,1,16,-0.37309602261224745,0.37309602261224745
thetao,W30p0,2,7,-0.37211867523739184,0.37211867523739184
thetao,W10p0,2,7,-0.37178137778630793,0.37178137778630793
so,W20p0,1,7,-0.3717084358063035,0.3717084358063035
so,W40p0,10,20,-0.37066860862361634,0.37066860862361634
thetao,W60p0,7,2,-0.37027131031165206,0.37027131031165206
so,W10p0,1,18,-0.3671403294427692,0.3671403294427692
thetao,W10p0,2,8,-0.3659169226470692,0.3659169226470692
so,W30p0,1,9,-0.3658736038277572,0.3658736038277572
so,W30p0,10,1,0.3655914032078586,0.3655914032078586
thetao,W20p0,2,17,-0.36517068675053954,0.36517068675053954
thetao,W40p0,8,1,-0.36129563001998016,0.36129563001998016
thetao,W20p0,2,13,-0.359034359468534,0.359034359468534
thetao,W20p0,2,14,-0.35889998893999503,0.35889998893999503
so,W20p0,1,8,-0.35774932832339607,0.35774932832339607
thetao,W40p0,2,17,-0.35759489039322145,0.35759489039322145
thetao,W40p0,2,10,-0.35711973659972046,0.35711973659972046
thetao,W10p0,1,19,-0.356805217780237,0.356805217780237
thetao,W30p0,2,9,-0.35622713385166843,0.35622713385166843
thetao,W10p0,2,6,-0.3560807129117508,0.3560807129117508
thetao,W60p0,7,3,-0.35293181436344845,0.35293181436344845
so,W20p0,7,1,-0.35265106631714405,0.35265106631714405
so,W20p0,1,9,-0.3519923860091365,0.3519923860091365
so,W20p0,1,10,-0.35135346694126535,0.35135346694126535
thetao,W10p0,2,5,-0.35099720226261427,0.35099720226261427
thetao,W40p0,7,16,-0.35015174844479435,0.35015174844479435
so,W40p0,1,6,-0.34896356571474285,0.34896356571474285
thetao,W40p0,7,20,-0.3477675471715872,0.3477675471715872
so,W10p0,1,17,-0.34761802761651145,0.34761802761651145
so,W60p0,8,19,0.3473204271667514,0.3473204271667514
so,W60p0,5,4,0.34674373438776784,0.34674373438776784
thetao,W10p0,1,18,-0.346598504982399,0.346598504982399
thetao,W10p0,9,0,0.3460839469849871,0.3460839469849871
so,W20p0,1,11,-0.34568009696489393,0.34568009696489393
thetao,W10p0,2,4,-0.3418716951214807,0.3418716951214807
thetao,W10p0,2,9,-0.3406894350614045,0.3406894350614045
so,W40p0,10,14,-0.3405705489508775,0.3405705489508775
so,W60p0,4,0,-0.34047587190188616,0.34047587190188616
so,W40p0,1,9,-0.33788697040699256,0.33788697040699256
so,W60p0,1,4,-0.3377567250753822,0.3377567250753822
thetao,W30p0,8,2,0.3372644230190447,0.3372644230190447
so,W40p0,1,8,-0.3369955686691799,0.3369955686691799
thetao,W10p0,2,3,-0.33696287537463554,0.33696287537463554
so,W40p0,1,10,-0.3369580411065806,0.3369580411065806
thetao,W10p0,6,20,0.3368237594516707,0.3368237594516707
so,W40p0,1,7,-0.3366397913521573,0.3366397913521573
so,W30p0,1,10,-0.33657446377677464,0.33657446377677464
thetao,W10p0,2,0,-0.3363962748592042,0.3363962748592042
thetao,W30p0,8,0,0.33634704347666433,0.33634704347666433
so,W30p0,10,2,0.3361492620178993,0.3361492620178993
so,W60p0,8,20,0.3358555930818037,0.3358555930818037
thetao,W30p0,9,20,-0.3340849282087095,0.3340849282087095
so,W60p0,1,3,-0.3329995217757083,0.3329995217757083
thetao,W20p0,9,1,0.33276580216417795,0.33276580216417795
thetao,W10p0,4,0,-0.33194960928389106,0.33194960928389106
so,W20p0,1,12,-0.3309599156682057,0.3309599156682057
thetao,W40p0,7,18,-0.3309368983373328,0.3309368983373328
so,W60p0,7,0,0.33086056517545537,0.33086056517545537
so,W60p0,3,1,-0.33079141686181346,0.33079141686181346
so,W20p0,7,7,-0.3295871363793026,0.3295871363793026
thetao,W10p0,1,20,-0.32898528914963876,0.32898528914963876
thetao,W60p0,5,0,-0.3288239348579295,0.3288239348579295
thetao,W20p0,2,20,-0.32871866368930797,0.32871866368930797
so,W60p0,6,20,-0.3286001556603964,0.3286001556603964
thetao,W60p0,7,6,-0.3284986062698204,0.3284986062698204
thetao,W40p0,3,0,-0.3274933332278009,0.3274933332278009
so,W40p0,3,5,-0.32644874366096216,0.32644874366096216
thetao,W20p0,9,0,0.3254589356024744,0.3254589356024744
so,W60p0,1,5,-0.3249638895449372,0.3249638895449372
so,W30p0,8,19,0.32345133764284417,0.32345133764284417
so,W60p0,1,0,-0.32308149845118217,0.32308149845118217
so,W60p0,4,2,-0.3222088515160267,0.3222088515160267
so,W60p0,3,11,-0.3221989588768993,0.3221989588768993
thetao,W60p0,3,0,-0.3219566647597341,0.3219566647597341
thetao,W40p0,7,17,-0.321931612718781,0.321931612718781
thetao,W60p0,3,3,-0.32092084300284196,0.32092084300284196
so,W20p0,2,4,-0.3207647323496796,0.3207647323496796
thetao,W60p0,7,4,-0.3199830623025478,0.3199830623025478
so,W60p0,3,10,-0.31956832252180334,0.31956832252180334
thetao,W40p0,2,16,-0.31821177716084026,0.31821177716084026
so,W10p0,2,5,-0.3179139234953543,0.3179139234953543
so,W10p0,6,19,0.31751832293807236,0.31751832293807236
thetao,W10p0,1,4,-0.31733341549255933,0.31733341549255933
thetao,W20p0,4,2,-0.31705102467647095,0.31705102467647095
so,W20p0,1,18,-0.31652381777791994,0.31652381777791994
so,W30p0,4,0,-0.31505722461433777,0.31505722461433777
so,W40p0,6,13,0.31369403185108674,0.31369403185108674
thetao,W30p0,8,4,0.31356878826962736,0.31356878826962736
so,W60p0,8,17,0.3134636136709126,0.3134636136709126
so,W20p0,1,19,-0.31344816902314204,0.31344816902314204
so,W60p0,1,2,-0.3132513812188934,0.3132513812188934
thetao,W40p0,6,0,-0.3109873747046903,0.3109873747046903
thetao,W30p0,6,19,-0.3098661369798496,0.3098661369798496
thetao,W30p0,3,11,0.30943156796410676,0.30943156796410676
thetao,W60p0,2,1,0.30852987901924145,0.30852987901924145
so,W60p0,3,9,-0.30795796957382837,0.30795796957382837
so,W40p0,10,19,-0.30795296661951455,0.30795296661951455
so,W40p0,1,11,-0.3078916790983938,0.3078916790983938
thetao,W60p0,7,5,-0.30729345376110934,0.30729345376110934
so,W20p0,1,17,-0.30685096563033504,0.30685096563033504
so,W60p0,3,12,-0.306261283198293,0.306261283198293
thetao,W20p0,7,11,0.3055167268943131,0.3055167268943131
thetao,W30p0,8,3,0.3051079298457921,0.3051079298457921
thetao,W30p0,4,18,0.3049242918558351,0.3049242918558351
thetao,W20p0,1,5,0.30488202609472026,0.30488202609472026
thetao,W30p0,9,18,-0.3032921191166564,0.3032921191166564
so,W30p0,1,11,-0.3021354680825066,0.3021354680825066
thetao,W60p0,2,8,0.30189783186577274,0.30189783186577274
so,W30p0,9,1,-0.30183422311718283,0.30183422311718283
thetao,W30p0,2,10,-0.3014560440098307,0.3014560440098307
thetao,W20p0,1,8,0.30141708045441673,0.30141708045441673
so,W20p0,2,3,-0.30131779802819303,0.30131779802819303
thetao,W20p0,1,4,0.30095554675023833,0.30095554675023833
so,W20p0,2,5,-0.30024485121783706,0.30024485121783706
so,W20p0,2,2,-0.29987750464882534,0.29987750464882534
thetao,W20p0,1,6,0.2994927430963192,0.2994927430963192
thetao,W10p0,3,8,0.2985832790763054,0.2985832790763054
so,W20p0,1,20,-0.29852869411888566,0.29852869411888566
so,W40p0,10,12,-0.2984965197186979,0.2984965197186979
thetao,W20p0,1,7,0.29800925084402174,0.29800925084402174
thetao,W40p0,8,14,0.29743447053883343,0.29743447053883343
so,W60p0,6,19,-0.29718842278351837,0.29718842278351837
thetao,W10p0,6,0,-0.2971845174363792,0.2971845174363792
so,W60p0,3,13,-0.2962476908599013,0.2962476908599013
thetao,W10p0,2,10,-0.29613446047919706,0.29613446047919706
so,W60p0,1,6,-0.2960315146312947,0.2960315146312947
thetao,W60p0,8,20,0.2958978009385609,0.2958978009385609
so,W40p0,10,13,-0.2958743186719719,0.2958743186719719
so,W20p0,1,13,-0.2957526471675441,0.2957526471675441
thetao,W40p0,2,11,-0.29518215931947284,0.29518215931947284
thetao,W20p0,1,9,0.29466862595117743,0.29466862595117743
so,W60p0,1,1,-0.29462348658849197,0.29462348658849197
so,W40p0,3,3,-0.2946144915772142,0.2946144915772142
so,W60p0,7,1,0.29349420947979266,0.29349420947979266
thetao,W60p0,2,9,0.29342959712242267,0.29342959712242267
thetao,W60p0,7,7,-0.29286909005652495,0.29286909005652495
thetao,W10p0,1,5,-0.2923251972096169,0.2923251972096169
thetao,W20p0,10,13,-0.2923047506066262,0.2923047506066262
thetao,W10p0,1,6,-0.2921226030630126,0.2921226030630126
thetao,W40p0,9,20,0.29210702541888317,0.29210702541888317
so,W60p0,8,18,0.2919749991501527,0.2919749991501527
thetao,W40p0,8,13,0.29126528756859926,0.29126528756859926
so,W60p0,5,5,0.29117270345779406,0.29117270345779406
thetao,W10p0,2,13,-0.2911564641063482,0.2911564641063482
thetao,W20p0,7,10,0.290446710433709,0.290446710433709
thetao,W60p0,1,4,-0.28994208824004963,0.28994208824004963
thetao,W10p0,6,19,0.28880986498562516,0.28880986498562516
thetao,W10p0,1,1,-0.28873221848276304,0.28873221848276304
thetao,W40p0,7,15,-0.28858983356572143,0.28858983356572143
so,W40p0,3,4,-0.28828774841323823,0.28828774841323823
thetao,W30p0,3,10,0.28804411044402883,0.28804411044402883
so,W60p0,5,7,0.2874864871691835,0.2874864871691835
so,W20p0,2,8,-0.2874220113875777,0.2874220113875777
so,W60p0,1,7,-0.28621201874750923,0.28621201874750923
thetao,W30p0,6,20,-0.28605696192922164,0.28605696192922164
thetao,W60p0,2,11,0.28562735265691735,0.28562735265691735
thetao,W10p0,2,12,-0.2845308279291252,0.2845308279291252
thetao,W30p0,9,19,-0.28413530207200416,0.28413530207200416
thetao,W30p0,2,16,-0.2830763869426726,0.2830763869426726
thetao,W10p0,1,3,-0.28280409617921887,0.28280409617921887
so,W40p0,3,6,-0.2827694531694404,0.2827694531694404
so,W10p0,10,0,0.28256841282190864,0.28256841282190864
so,W30p0,3,20,0.28215522532179255,0.28215522532179255
thetao,W30p0,2,11,-0.28184624525940005,0.28184624525940005
so,W60p0,3,8,-0.28141570561161483,0.28141570561161483
so,W20p0,3,0,-0.28122787976918706,0.28122787976918706
thetao,W40p0,2,18,-0.2811280570725831,0.2811280570725831
so,W40p0,5,19,-0.2799709703210307,0.2799709703210307
so,W40p0,6,16,0.2791841633024349,0.2791841633024349
thetao,W30p0,6,1,-0.2789374754162512,0.2789374754162512
thetao,W40p0,1,3,-0.2784517936368157,0.2784517936368157
so,W60p0,3,14,-0.2776196900720427,0.2776196900720427
thetao,W40p0,6,1,-0.27759286094226965,0.27759286094226965
thetao,W40p0,8,15,0.2771115263931624,0.2771115263931624
thetao,W40p0,5,1,-0.27710776484441135,0.27710776484441135
thetao,W30p0,6,2,-0.2768650069201834,0.2768650069201834
so,W20p0,2,9,-0.2767928549722585,0.2767928549722585
thetao,W30p0,1,0,-0.27636676642864594,0.27636676642864594
so,W20p0,1,16,-0.27617443665056424,0.27617443665056424
so,W20p0,7,8,-0.27607884178011866,0.27607884178011866
thetao,W30p0,3,5,0.27588945804196785,0.27588945804196785
thetao,W20p0,1,3,0.2748263781883365,0.2748263781883365
so,W20p0,7,6,-0.27482467290251783,0.27482467290251783
thetao,W60p0,4,6,0.2746493629318793,0.2746493629318793
thetao,W20p0,4,3,-0.2743508653769208,0.2743508653769208
so,W20p0,5,0,-0.274182498851172,0.274182498851172
thetao,W30p0,3,12,0.27409673406294427,0.27409673406294427
thetao,W10p0,8,3,0.2735035710142841,0.2735035710142841
thetao,W60p0,8,11,0.2733379026420852,0.2733379026420852
thetao,W60p0,2,10,0.27328047239397646,0.27328047239397646
thetao,W30p0,2,15,-0.27241961930164976,0.27241961930164976
thetao,W60p0,1,5,-0.27183151947645195,0.27183151947645195
thetao,W30p0,3,4,0.27143321746847643,0.27143321746847643
so,W10p0,6,18,0.27081421514004095,0.27081421514004095
so,W60p0,10,0,-0.27078604966991227,0.27078604966991227
thetao,W30p0,2,18,-0.2707437563431588,0.2707437563431588
so,W40p0,10,3,-0.27030236488076637,0.27030236488076637
so,W40p0,6,20,0.2699690087528027,0.2699690087528027
thetao,W10p0,4,3,-0.2697653343246081,0.2697653343246081
so,W30p0,1,15,-0.26934659511180425,0.26934659511180425
so,W60p0,3,2,-0.26921314251192224,0.26921314251192224
thetao,W60p0,1,3,-0.26879727442598783,0.26879727442598783
so,W40p0,10,17,-0.2685559077646901,0.2685559077646901
so,W20p0,2,14,-0.26847350125431824,0.26847350125431824
thetao,W20p0,10,14,-0.2682597391603545,0.2682597391603545
so,W20p0,1,14,-0.26816840204717834,0.26816840204717834
thetao,W30p0,7,0,-0.2677919474034768,0.2677919474034768
thetao,W10p0,1,7,-0.26778634204583673,0.26778634204583673
thetao,W30p0,2,19,-0.26768892129779115,0.26768892129779115
thetao,W20p0,1,2,0.26766747554163733,0.26766747554163733
so,W60p0,5,8,0.2673870319019048,0.2673870319019048
thetao,W20p0,4,1,-0.2671716282358492,0.2671716282358492
so,W30p0,8,18,0.2666497979958205,0.2666497979958205
thetao,W40p0,1,4,-0.2663747279498164,0.2663747279498164
thetao,W10p0,7,10,0.26615442841011505,0.26615442841011505
so,W20p0,10,3,-0.2658083512131588,0.2658083512131588
thetao,W30p0,2,0,-0.2657560542273414,0.2657560542273414
so,W60p0,1,8,-0.2656569571346981,0.2656569571346981
thetao,W60p0,8,19,0.2655854254724208,0.2655854254724208
so,W30p0,9,2,-0.26516360958781354,0.26516360958781354
thetao,W30p0,3,9,0.264978367739456,0.264978367739456
thetao,W40p0,5,0,-0.2646850750812893,0.2646850750812893
thetao,W60p0,6,19,0.2644382444256038,0.2644382444256038
so,W30p0,1,16,-0.2644322152642705,0.2644322152642705
so,W60p0,5,10,0.26434121034823926,0.26434121034823926
so,W60p0,5,6,0.2640791549203024,0.2640791549203024
thetao,W30p0,8,5,0.263685096241474,0.263685096241474
thetao,W20p0,10,7,-0.2630265305349418,0.2630265305349418
so,W20p0,7,2,-0.26276007757126096,0.26276007757126096
so,W40p0,10,0,-0.26273952095080283,0.26273952095080283
thetao,W30p0,3,6,0.26206796551432276,0.26206796551432276
so,W20p0,7,3,-0.26177837335950693,0.26177837335950693
so,W20p0,2,7,-0.26165142307162886,0.26165142307162886
so,W10p0,2,8,-0.26154559366504054,0.26154559366504054
so,W40p0,3,7,-0.2613876656199335,0.2613876656199335
so,W30p0,1,14,-0.26121755033771515,0.26121755033771515
so,W30p0,1,12,-0.2609659971853234,0.2609659971853234
thetao,W10p0,2,14,-0.2608780929248889,0.2608780929248889
thetao,W10p0,2,11,-0.2608197453223243,0.2608197453223243
so,W20p0,1,15,-0.26005858329108694,0.26005858329108694
thetao,W10p0,1,17,-0.25955957734159907,0.25955957734159907
thetao,W40p0,5,13,-0.2594781128868469,0.2594781128868469
so,W40p0,1,12,-0.25946421294015326,0.25946421294015326
so,W10p0,2,7,-0.25944858981749863,0.25944858981749863
so,W40p0,2,0,-0.2592760744308745,0.2592760744308745
thetao,W30p0,4,17,0.25926853150229845,0.25926853150229845
thetao,W20p0,7,12,0.258855820915019,0.258855820915019
thetao,W30p0,5,9,-0.25844197738283337,0.25844197738283337
so,W60p0,3,19,-0.2577653127924208,0.2577653127924208
thetao,W30p0,5,8,-0.2577186674640252,0.2577186674640252
so,W10p0,2,6,-0.25752512850619913,0.25752512850619913
so,W20p0,2,6,-0.25682681867187,0.25682681867187
so,W30p0,7,10,-0.25661596942474924,0.25661596942474924
so,W30p0,1,20,-0.2561259715189633,0.2561259715189633
thetao,W40p0,1,20,-0.2560752626564425,0.2560752626564425
thetao,W30p0,3,20,0.2559976680567538,0.2559976680567538
thetao,W30p0,2,14,-0.2554580726046551,0.2554580726046551
thetao,W10p0,7,11,0.25528739606328354,0.25528739606328354
thetao,W20p0,3,0,0.25452820131364334,0.25452820131364334
so,W30p0,6,12,0.25363727329148966,0.25363727329148966
so,W30p0,10,5,0.25288462423806757,0.25288462423806757
thetao,W30p0,4,12,0.25245984921837217,0.25245984921837217
so,W40p0,10,5,-0.2524313021980064,0.2524313021980064
so,W20p0,7,4,-0.25219147635363137,0.25219147635363137
so,W60p0,2,2,-0.25138340479903676,0.25138340479903676
so,W20p0,2,10,-0.25072522573088096,0.25072522573088096
so,W30p0,8,3,-0.25017060594486784,0.25017060594486784
thetao,W30p0,8,17,-0.2492882051176915,0.2492882051176915
so,W60p0,5,11,0.2490405564577906,0.2490405564577906
thetao,W10p0,1,10,-0.2488682311043897,0.2488682311043897
so,W30p0,10,4,0.24866011440442887,0.24866011440442887
thetao,W20p0,5,0,0.24817050125878912,0.24817050125878912
so,W30p0,7,11,-0.24815849672913387,0.24815849672913387
thetao,W40p0,6,2,-0.24806933096798228,0.24806933096798228
so,W20p0,6,3,0.24726071467620794,0.24726071467620794
thetao,W30p0,2,20,-0.247257609571321,0.247257609571321
thetao,W60p0,1,2,-0.2471904610037005,0.2471904610037005
thetao,W40p0,1,2,-0.2468022460866149,0.2468022460866149
thetao,W30p0,2,17,-0.2467040677964053,0.2467040677964053
thetao,W30p0,2,12,-0.24647428321033854,0.24647428321033854
thetao,W60p0,2,2,0.2462676126339699,0.2462676126339699
so,W60p0,5,9,0.24595962294459522,0.24595962294459522
so,W30p0,3,0,-0.24592165492911158,0.24592165492911158
so,W30p0,1,17,-0.24553751147113048,0.24553751147113048
so,W40p0,10,18,-0.24545615070753882,0.24545615070753882
so,W30p0,1,13,-0.24521138642087498,0.24521138642087498
thetao,W10p0,9,3,0.24508210349620985,0.24508210349620985
so,W40p0,6,12,0.24474493035496805,0.24474493035496805
so,W30p0,8,4,-0.24467373835647163,0.24467373835647163
thetao,W10p0,1,16,-0.24437721798685488,0.24437721798685488
so,W60p0,9,7,-0.24381088510177576,0.24381088510177576
thetao,W10p0,3,9,0.24357622800080828,0.24357622800080828
so,W60p0,7,20,-0.24297087490895922,0.24297087490895922
thetao,W20p0,1,10,0.24285676833416242,0.24285676833416242
thetao,W30p0,5,10,-0.24283989467906092,0.24283989467906092
thetao,W10p0,7,1,-0.2427767515141159,0.2427767515141159
thetao,W10p0,1,12,-0.24263803597810238,0.24263803597810238
thetao,W60p0,8,18,0.24237280609861397,0.24237280609861397
so,W10p0,10,9,0.24216594576366154,0.24216594576366154
so,W40p0,10,2,-0.2419982460435713,0.2419982460435713
so,W30p0,6,0,-0.2413902999716714,0.2413902999716714
thetao,W10p0,3,2,0.2413295020236199,0.2413295020236199
thetao,W10p0,1,2,-0.2409196553318164,0.2409196553318164
thetao,W10p0,2,16,-0.24088862743935388,0.24088862743935388
so,W40p0,10,6,-0.2408786724121389,0.2408786724121389
so,W20p0,3,1,-0.239952774713972,0.239952774713972
so,W20p0,7,5,-0.23982923790187619,0.23982923790187619
so,W30p0,1,18,-0.23926548773640974,0.23926548773640974
thetao,W10p0,5,14,0.23921165532552732,0.23921165532552732
thetao,W20p0,4,8,-0.23837015563892705,0.23837015563892705
so,W40p0,10,4,-0.23805122105997947,0.23805122105997947
thetao,W10p0,2,15,-0.2379938090864985,0.2379938090864985
thetao,W10p0,6,1,-0.23755273793254905,0.23755273793254905
thetao,W60p0,1,0,-0.237511999311056,0.237511999311056
so,W60p0,8,16,0.23685483682563993,0.23685483682563993
thetao,W40p0,5,15,-0.23633910824520438,0.23633910824520438
thetao,W60p0,6,18,0.23630481988078142,0.23630481988078142
thetao,W10p0,1,9,-0.23621378162573822,0.23621378162573822
thetao,W60p0,4,2,0.23613422356509978,0.23613422356509978
thetao,W30p0,4,13,0.23538593705286795,0.23538593705286795
thetao,W10p0,1,15,-0.2352433949620681,0.2352433949620681
thetao,W10p0,1,11,-0.2351479244484718,0.2351479244484718
thetao,W20p0,4,4,-0.23502828963809297,0.23502828963809297
thetao,W60p0,7,8,-0.2347185607663284,0.2347185607663284
so,W60p0,6,18,-0.2344210963073043,0.2344210963073043
so,W10p0,10,8,0.2338723855466769,0.2338723855466769
thetao,W10p0,5,11,0.23383318577295426,0.23383318577295426
thetao,W10p0,8,2,0.23381831522422003,0.23381831522422003
so,W60p0,1,16,-0.23376828534947885,0.23376828534947885
thetao,W40p0,9,14,0.23341711207982013,0.23341711207982013
so,W30p0,1,19,-0.23261163804603763,0.23261163804603763
thetao,W40p0,9,13,0.23248557198204667,0.23248557198204667
thetao,W20p0,10,12,-0.23221211887772364,0.23221211887772364
so,W30p0,10,0,0.23171719854710154,0.23171719854710154
so,W40p0,3,8,-0.23149263405581336,0.23149263405581336
thetao,W10p0,3,1,0.23090596439464817,0.23090596439464817
so,W20p0,6,4,0.23061410365478097,0.23061410365478097
so,W20p0,2,15,-0.23059547605448816,0.23059547605448816
thetao,W40p0,8,2,-0.23040013692392058,0.23040013692392058
thetao,W60p0,5,5,-0.23001499122200852,0.23001499122200852
thetao,W60p0,1,16,-0.22980115051379021,0.22980115051379021
thetao,W30p0,3,7,0.2297394750543199,0.2297394750543199
so,W60p0,1,9,-0.22924907266393874,0.22924907266393874
thetao,W10p0,9,4,0.22914685024331,0.22914685024331
thetao,W60p0,5,6,-0.22893833559870175,0.22893833559870175
thetao,W30p0,6,18,-0.22874802753550058,0.22874802753550058
thetao,W20p0,10,0,-0.2286852321125069,0.2286852321125069
thetao,W30p0,2,13,-0.22838946567766252,0.22838946567766252
thetao,W30p0,9,17,-0.22817659177349137,0.22817659177349137
so,W40p0,1,18,-0.2279016423189155,0.2279016423189155
thetao,W10p0,5,15,0.2278566662313557,0.2278566662313557
thetao,W20p0,4,5,-0.2274180283401171,0.2274180283401171
thetao,W20p0,4,0,-0.22737340648828014,0.22737340648828014
thetao,W60p0,1,8,-0.2273288444705577,0.2273288444705577
thetao,W40p0,5,14,-0.22724927439613413,0.22724927439613413
so,W30p0,6,13,0.22638317653255952,0.22638317653255952
thetao,W60p0,5,3,-0.22614935245267054,0.22614935245267054
thetao,W40p0,1,5,-0.2257668276073618,0.2257668276073618
thetao,W60p0,4,10,0.2255582368852958,0.2255582368852958
thetao,W30p0,6,15,-0.22540617475923647,0.22540617475923647
so,W20p0,2,1,-0.2252781630778889,0.2252781630778889
thetao,W30p0,6,14,-0.2252686725462794,0.2252686725462794
thetao,W40p0,1,19,-0.22481752624969936,0.22481752624969936
so,W40p0,6,19,0.22461670322318733,0.22461670322318733
thetao,W60p0,8,0,-0.2241283950194319,0.2241283950194319
so,W30p0,7,9,-0.22397823730546693,0.22397823730546693
so,W10p0,2,9,-0.22373702067334678,0.22373702067334678
so,W30p0,6,11,0.2235906402120034,0.2235906402120034
thetao,W40p0,8,16,0.22352252906398679,0.22352252906398679
so,W40p0,1,20,-0.22338114690816108,0.22338114690816108
so,W30p0,6,18,0.22331943089691805,0.22331943089691805
thetao,W60p0,5,7,-0.22320485924622008,0.22320485924622008
thetao,W60p0,5,1,-0.2230080150239226,0.2230080150239226
thetao,W10p0,5,17,0.22293588907267659,0.22293588907267659
thetao,W60p0,9,12,0.22241701795650268,0.22241701795650268
thetao,W10p0,1,13,-0.22198921461401966,0.22198921461401966
thetao,W40p0,8,20,0.22186552580188976,0.22186552580188976
thetao,W60p0,2,12,0.2218419574610433,0.2218419574610433
thetao,W60p0,2,13,0.22154185090155412,0.22154185090155412
thetao,W30p0,8,16,-0.22147544092751797,0.22147544092751797
thetao,W60p0,1,15,-0.22122761835482738,0.22122761835482738
thetao,W60p0,1,1,-0.22121886121083378,0.22121886121083378
thetao,W60p0,5,4,-0.2209848948595745,0.2209848948595745
thetao,W10p0,6,18,0.2207051793685469,0.2207051793685469
thetao,W30p0,4,11,0.2206649305535281,0.2206649305535281
so,W30p0,10,3,0.22034785856247155,0.22034785856247155
thetao,W10p0,3,7,0.22026967096992248,0.22026967096992248
so,W20p0,10,5,-0.22022796585309845,0.22022796585309845
so,W30p0,3,15,0.220199267891855,0.220199267891855
thetao,W20p0,8,20,-0.21998017552537566,0.21998017552537566
thetao,W60p0,1,7,-0.2197844250659958,0.2197844250659958
thetao,W60p0,1,6,-0.21965466427675262,0.21965466427675262
so,W40p0,1,13,-0.2195055047808285,0.2195055047808285
so,W30p0,5,0,-0.2193252476479685,0.2193252476479685
so,W30p0,8,5,-0.21906646823169468,0.21906646823169468
so,W30p0,3,14,0.21893963866008848,0.21893963866008848
thetao,W30p0,5,7,-0.21885040777458306,0.21885040777458306
so,W20p0,2,11,-0.21806668877001437,0.21806668877001437
thetao,W60p0,1,17,-0.21729557927484108,0.21729557927484108
thetao,W60p0,5,10,-0.21723953520847836,0.21723953520847836
so,W40p0,1,17,-0.21704728028439127,0.21704728028439127
thetao,W60p0,3,5,-0.21668903380150298,0.21668903380150298
thetao,W60p0,5,2,-0.2165377506548035,0.2165377506548035
so,W10p0,5,20,-0.2163785087168791,0.2163785087168791
thetao,W20p0,10,8,-0.21635258769835816,0.21635258769835816
so,W40p0,6,11,0.21631892517940857,0.21631892517940857
thetao,W30p0,7,1,-0.21609447874224763,0.21609447874224763
thetao,W60p0,2,7,0.2160247612942938,0.2160247612942938
thetao,W40p0,2,12,-0.21591681884707523,0.21591681884707523
thetao,W20p0,8,0,0.21573632267712628,0.21573632267712628
so,W20p0,2,13,-0.2154456993169652,0.2154456993169652
thetao,W60p0,7,9,-0.21543120658320175,0.21543120658320175
thetao,W40p0,5,7,-0.21529710186389966,0.21529710186389966
so,W20p0,3,20,0.21506770044621182,0.21506770044621182
so,W40p0,8,2,-0.21503239510605834,0.21503239510605834
so,W20p0,7,9,-0.21457207872398762,0.21457207872398762
thetao,W20p0,10,6,-0.2142141553247778,0.2142141553247778
thetao,W60p0,5,9,-0.21379910348476897,0.21379910348476897
so,W40p0,1,14,-0.21358280638758262,0.21358280638758262
so,W40p0,1,19,-0.2135215039570161,0.2135215039570161
so,W30p0,6,19,0.21312336347118255,0.21312336347118255
thetao,W30p0,5,11,-0.2130374336663462,0.2130374336663462
so,W60p0,3,15,-0.21295985468008646,0.21295985468008646
so,W40p0,6,18,0.2129280781701812,0.2129280781701812
so,W60p0,4,3,-0.21283861585086236,0.21283861585086236
thetao,W30p0,7,5,-0.2127357815964068,0.2127357815964068
thetao,W60p0,9,13,0.21248739115017115,0.21248739115017115
thetao,W60p0,2,14,0.21231711266259132,0.21231711266259132
thetao,W10p0,5,13,0.21231599994848635,0.21231599994848635
so,W60p0,1,15,-0.21204051994793913,0.21204051994793913
thetao,W30p0,8,6,0.21201931214709618,0.21201931214709618
thetao,W40p0,2,15,-0.21200663599345948,0.21200663599345948
so,W20p0,3,19,0.21195847712499863,0.21195847712499863
so,W20p0,10,6,-0.21163798386555394,0.21163798386555394
thetao,W10p0,1,8,-0.21124365788398533,0.21124365788398533
so,W30p0,3,19,0.21117353258718574,0.21117353258718574
so,W30p0,7,1,-0.21105595402350807,0.21105595402350807
thetao,W10p0,5,12,0.21078977542446067,0.21078977542446067
thetao,W60p0,5,8,-0.21072556188509126,0.21072556188509126
so,W20p0,8,15,-0.21071386014585344,0.21071386014585344
thetao,W20p0,9,16,-0.21062885878889,0.21062885878889
thetao,W20p0,7,19,0.21018980915266056,0.21018980915266056
thetao,W10p0,9,1,0.20999483706448127,0.20999483706448127
thetao,W10p0,7,0,-0.209982193441528,0.209982193441528
thetao,W10p0,7,17,0.20991411989779918,0.20991411989779918
so,W30p0,3,16,0.20986232533337143,0.20986232533337143
thetao,W20p0,1,14,0.20976149861133056,0.20976149861133056
so,W20p0,10,15,-0.20968907576967055,0.20968907576967055
thetao,W20p0,7,13,0.209597310907279,0.209597310907279
thetao,W10p0,7,18,0.20931122424916948,0.20931122424916948
thetao,W30p0,7,2,-0.20914152465076505,0.20914152465076505
thetao,W30p0,3,13,0.2090836526721815,0.2090836526721815
thetao,W30p0,4,1,0.2085970170051327,0.2085970170051327
so,W40p0,10,7,-0.20836052307123917,0.20836052307123917
thetao,W30p0,4,10,0.2076220031488226,0.2076220031488226
so,W60p0,9,8,-0.20731799841865167,0.20731799841865167
so,W30p0,8,2,-0.2070088860546446,0.2070088860546446
thetao,W60p0,8,12,0.20698170824893147,0.20698170824893147
so,W40p0,6,17,0.2067447666802835,0.2067447666802835
thetao,W10p0,7,9,0.20647613680037608,0.20647613680037608
thetao,W40p0,5,2,-0.206446018666647,0.206446018666647
thetao,W30p0,7,8,-0.20623178858039523,0.20623178858039523
thetao,W10p0,1,14,-0.20605846249059268,0.20605846249059268
so,W30p0,8,20,0.20555023971262512,0.20555023971262512
thetao,W30p0,8,18,-0.20553887089271966,0.20553887089271966
thetao,W20p0,1,15,0.20553650841245064,0.20553650841245064
thetao,W30p0,7,7,-0.20552152234008048,0.20552152234008048
thetao,W60p0,3,4,-0.20544808762218883,0.20544808762218883
so,W60p0,9,12,-0.20454633381924803,0.20454633381924803
thetao,W30p0,7,4,-0.20450244119285504,0.20450244119285504
thetao,W30p0,6,3,-0.20405930750208892,0.20405930750208892
so,W20p0,4,14,-0.2034939761162971,0.2034939761162971
thetao,W60p0,6,20,0.20341388400169846,0.20341388400169846
so,W20p0,10,4,-0.20340660867501237,0.20340660867501237
so,W10p0,4,0,0.2032013420864439,0.2032013420864439
thetao,W20p0,8,19,-0.2029803363712818,0.2029803363712818
so,W30p0,3,13,0.2024850003860662,0.2024850003860662
thetao,W20p0,7,17,0.2023971101687923,0.2023971101687923
so,W60p0,2,1,-0.2022216963224772,0.2022216963224772
thetao,W60p0,1,9,-0.20216941932758356,0.20216941932758356
so,W40p0,9,15,-0.20207014958682595,0.20207014958682595
so,W30p0,9,3,-0.20206782766810746,0.20206782766810746
thetao,W20p0,7,18,0.20186065040167017,0.20186065040167017
so,W30p0,8,6,-0.20182289617623025,0.20182289617623025
thetao,W40p0,2,14,-0.2009439884385254,0.2009439884385254
so,W30p0,2,0,-0.2006404104381783,0.2006404104381783
thetao,W20p0,7,9,0.2005742103873163,0.2005742103873163
thetao,W60p0,3,14,0.20053619471071435,0.20053619471071435
thetao,W30p0,7,6,-0.20039650950261204,0.20039650950261204
thetao,W10p0,6,16,0.19972174756772024,0.19972174756772024
thetao,W60p0,1,14,-0.19953226658732895,0.19953226658732895
so,W20p0,3,16,0.19889803696282926,0.19889803696282926
thetao,W20p0,8,3,0.19876345557395142,0.19876345557395142
so,W60p0,3,7,-0.19869709402770613,0.19869709402770613
thetao,W60p0,5,11,-0.19838872997349336,0.19838872997349336
so,W40p0,8,3,-0.19780785948560614,0.19780785948560614
thetao,W20p0,10,9,-0.19776360757966793,0.19776360757966793
so,W60p0,9,19,-0.19754358159490745,0.19754358159490745
thetao,W40p0,5,12,-0.19726792997387327,0.19726792997387327
so,W40p0,6,9,0.19717379437406063,0.19717379437406063
thetao,W10p0,9,2,0.19715680426388055,0.19715680426388055
thetao,W30p0,3,8,0.19691964838196677,0.19691964838196677
thetao,W40p0,5,6,-0.19688823383778392,0.19688823383778392
so,W30p0,5,1,-0.19659467105741202,0.19659467105741202
thetao,W40p0,9,12,0.19621345527059017,0.19621345527059017
thetao,W10p0,5,16,0.19593354885323352,0.19593354885323352
thetao,W10p0,4,4,-0.19581907570274626,0.19581907570274626
thetao,W40p0,9,10,0.19575686079286111,0.19575686079286111
thetao,W60p0,4,7,0.19556708913305884,0.19556708913305884
so,W20p0,10,7,-0.19544752209911523,0.19544752209911523
thetao,W20p0,4,9,-0.19543157864041702,0.19543157864041702
so,W20p0,7,11,-0.19515102861366324,0.19515102861366324
thetao,W30p0,6,13,-0.19507656749059246,0.19507656749059246
so,W60p0,1,17,-0.1948934873405783,0.1948934873405783
thetao,W10p0,2,17,-0.19484304627962146,0.19484304627962146
so,W20p0,6,5,0.19482301332468432,0.19482301332468432
thetao,W60p0,8,10,0.19461826966420012,0.19461826966420012
so,W40p0,10,11,-0.19425960386598437,0.19425960386598437
thetao,W30p0,8,13,-0.1940869074221526,0.1940869074221526
so,W30p0,3,17,0.19400745178322681,0.19400745178322681
so,W60p0,3,18,-0.19358874253535818,0.19358874253535818
so,W10p0,8,1,-0.19349212551783546,0.19349212551783546
so,W20p0,8,14,-0.19313412868524518,0.19313412868524518
thetao,W60p0,4,5,0.1929796417109139,0.1929796417109139
so,W60p0,5,20,0.19274863963033148,0.19274863963033148
thetao,W40p0,1,11,-0.19246107926971573,0.19246107926971573
thetao,W20p0,1,1,0.19232958770791211,0.19232958770791211
so,W40p0,4,17,-0.19225995905155346,0.19225995905155346
so,W20p0,2,12,-0.19215251521765395,0.19215251521765395
thetao,W60p0,9,7,0.19197980356939642,0.19197980356939642
thetao,W60p0,6,17,0.19189435228122453,0.19189435228122453
so,W60p0,1,10,-0.19178652928998863,0.19178652928998863
so,W20p0,7,10,-0.191709734606207,0.191709734606207
so,W10p0,6,17,0.1916831666624972,0.1916831666624972
so,W40p0,10,1,-0.19141517581448755,0.19141517581448755
so,W20p0,8,0,0.19140869529807927,0.19140869529807927
thetao,W60p0,9,8,0.19111035272607318,0.19111035272607318
so,W30p0,7,8,-0.1908798157582535,0.1908798157582535
thetao,W30p0,7,3,-0.19013441552680224,0.19013441552680224
thetao,W20p0,5,1,0.19004357451450415,0.19004357451450415
so,W40p0,2,10,-0.1899432157730892,0.1899432157730892
thetao,W20p0,7,1,-0.18857826963087357,0.18857826963087357
thetao,W20p0,1,11,0.18824406571638463,0.18824406571638463
so,W20p0,8,12,-0.1880640836542451,0.1880640836542451
thetao,W10p0,9,5,0.18771986551493539,0.18771986551493539
so,W60p0,3,20,-0.18761015434929132,0.18761015434929132
so,W20p0,3,18,0.1875785978799434,0.1875785978799434
so,W20p0,8,13,-0.18743125182810957,0.18743125182810957
thetao,W10p0,5,18,0.18723781360680106,0.18723781360680106
so,W30p0,3,1,-0.18675968974094073,0.18675968974094073
so,W30p0,8,15,0.18673671022262436,0.18673671022262436
thetao,W10p0,8,5,0.18641768859325003,0.18641768859325003
so,W20p0,4,15,-0.18561350808944543,0.18561350808944543
thetao,W60p0,10,20,0.18520926386176678,0.18520926386176678
thetao,W10p0,3,10,0.18482321140702415,0.18482321140702415
so,W40p0,1,16,-0.1847742796348832,0.1847742796348832
so,W60p0,9,6,-0.18473754041254337,0.18473754041254337
thetao,W60p0,1,18,-0.18473139295215088,0.18473139295215088
thetao,W60p0,1,20,-0.1841652035058501,0.1841652035058501
so,W20p0,4,13,-0.18403514277529678,0.18403514277529678
thetao,W40p0,6,16,0.1838958568611056,0.1838958568611056
so,W10p0,8,4,0.1838226993586331,0.1838226993586331
thetao,W20p0,7,0,-0.1837480379675376,0.1837480379675376
thetao,W30p0,4,14,0.1835427814129358,0.1835427814129358
thetao,W10p0,8,4,0.18344378900362704,0.18344378900362704
thetao,W60p0,8,17,0.18335611577488506,0.18335611577488506
thetao,W40p0,9,9,0.18270176117804038,0.18270176117804038
thetao,W10p0,7,12,0.18211453660676974,0.18211453660676974
so,W20p0,3,17,0.18200810451983113,0.18200810451983113
thetao,W10p0,9,6,0.18183188530065975,0.18183188530065975
thetao,W10p0,6,17,0.18175569637351116,0.18175569637351116
so,W10p0,3,12,-0.18163234035456027,0.18163234035456027
thetao,W20p0,10,15,-0.1816060819578011,0.1816060819578011
so,W60p0,5,17,0.1814076250325348,0.1814076250325348
so,W40p0,5,18,-0.18128393308152127,0.18128393308152127
so,W60p0,1,11,-0.18118568370115315,0.18118568370115315
so,W60p0,1,14,-0.1811138923378847,0.1811138923378847
so,W10p0,7,5,0.18101916601034176,0.18101916601034176
so,W40p0,5,8,-0.18072994601136674,0.18072994601136674
thetao,W30p0,5,5,-0.1805861983845801,0.1805861983845801
so,W30p0,10,6,0.18033241503285308,0.18033241503285308
so,W10p0,3,13,-0.18017907948693543,0.18017907948693543
so,W60p0,5,18,0.1798779508594272,0.1798779508594272
thetao,W30p0,3,3,0.17985031514884942,0.17985031514884942
thetao,W40p0,2,13,-0.1798246098529091,0.1798246098529091
so,W40p0,9,0,0.17959115196495581,0.17959115196495581
thetao,W40p0,9,11,0.17941315165375743,0.17941315165375743
thetao,W40p0,5,8,-0.17875824445422528,0.17875824445422528
so,W40p0,6,10,0.17859487953248213,0.17859487953248213
so,W60p0,1,13,-0.178544005607817,0.178544005607817
so,W30p0,8,7,-0.1785005424185315,0.1785005424185315
thetao,W60p0,5,14,-0.17820932039376666,0.17820932039376666
thetao,W30p0,6,10,-0.17795903730659343,0.17795903730659343
thetao,W60p0,7,10,-0.17786546902972702,0.17786546902972702
so,W60p0,1,20,-0.17776260327847462,0.17776260327847462
thetao,W40p0,6,17,0.17760364923973818,0.17760364923973818
so,W20p0,10,16,-0.17754458092556094,0.17754458092556094
so,W10p0,4,19,-0.1772858496845632,0.1772858496845632
so,W40p0,10,10,-0.17726168802587963,0.17726168802587963
thetao,W40p0,1,6,-0.17718953182378552,0.17718953182378552
thetao,W40p0,1,12,-0.17705909119471652,0.17705909119471652
so,W40p0,1,15,-0.176058443615363,0.176058443615363
so,W60p0,7,2,0.17602971380284677,0.17602971380284677
thetao,W10p0,3,15,0.17587012607550756,0.17587012607550756
thetao,W10p0,8,6,0.17582289253119793,0.17582289253119793
thetao,W20p0,9,2,0.17569871235056664,0.17569871235056664
so,W60p0,9,18,-0.17557193649783812,0.17557193649783812
thetao,W30p0,5,3,-0.17536935129620002,0.17536935129620002
so,W60p0,6,14,-0.17502587402238556,0.17502587402238556
thetao,W20p0,8,2,0.17492994623545338,0.17492994623545338
thetao,W30p0,6,17,-0.17468022761087207,0.17468022761087207
thetao,W20p0,9,15,-0.17428055266086093,0.17428055266086093
thetao,W60p0,5,12,-0.17418272959134878,0.17418272959134878
thetao,W30p0,8,19,-0.17406970571982489,0.17406970571982489
so,W20p0,6,2,0.17392478058471553,0.17392478058471553
so,W60p0,3,3,-0.17390378090998318,0.17390378090998318
so,W60p0,5,19,0.1737618500587604,0.1737618500587604
thetao,W30p0,6,8,-0.17337472424219683,0.17337472424219683
so,W40p0,4,9,0.17312323962014134,0.17312323962014134
thetao,W30p0,4,7,0.17298537497596422,0.17298537497596422
thetao,W40p0,1,10,-0.1728609418722365,0.1728609418722365
thetao,W30p0,8,7,0.172786410984883,0.172786410984883
so,W30p0,3,12,0.1723912021227737,0.1723912021227737
thetao,W20p0,1,20,-0.17236459842852883,0.17236459842852883
so,W60p0,5,12,0.17232730614279934,0.17232730614279934
so,W40p0,8,4,-0.1721799520013361,0.1721799520013361
thetao,W20p0,4,7,-0.17209627574229294,0.17209627574229294
thetao,W30p0,6,16,-0.17202212585979132,0.17202212585979132
so,W10p0,7,17,0.17194849491773806,0.17194849491773806
thetao,W10p0,7,2,-0.1719447738712004,0.1719447738712004
thetao,W40p0,7,14,-0.1717624187112964,0.1717624187112964
thetao,W30p0,6,11,-0.1716861029232108,0.1716861029232108
thetao,W30p0,5,2,-0.17152210635984438,0.17152210635984438
thetao,W10p0,7,16,0.17137438782727044,0.17137438782727044
so,W60p0,8,15,0.17127509560661203,0.17127509560661203
thetao,W20p0,8,1,0.1702361962677834,0.1702361962677834
so,W60p0,7,9,0.17013383224847914,0.17013383224847914
so,W10p0,2,10,-0.16999738526879435,0.16999738526879435
thetao,W40p0,5,5,-0.16994866639636574,0.16994866639636574
thetao,W20p0,1,19,-0.1699445563543516,0.1699445563543516
so,W40p0,4,20,-0.16968979663414124,0.16968979663414124
thetao,W30p0,5,4,-0.16951324065422377,0.16951324065422377
thetao,W30p0,7,9,-0.1686030511624196,0.1686030511624196
thetao,W20p0,7,15,0.16859376558501601,0.16859376558501601
so,W30p0,6,14,0.16859166719886376,0.16859166719886376
thetao,W60p0,3,15,0.1684415175005875,0.1684415175005875
thetao,W20p0,7,20,0.16833316871741735,0.16833316871741735
thetao,W60p0,4,3,0.16813630594580217,0.16813630594580217
thetao,W40p0,9,8,0.16800607689497798,0.16800607689497798
so,W20p0,6,6,0.16791985082667374,0.16791985082667374
thetao,W30p0,8,14,-0.1675259462592088,0.1675259462592088
thetao,W30p0,3,17,0.16746847605397042,0.16746847605397042
thetao,W10p0,2,19,-0.16740175703049195,0.16740175703049195
so,W30p0,10,15,0.16739241596336588,0.16739241596336588
thetao,W60p0,9,0,0.1673469708120565,0.1673469708120565
so,W40p0,5,20,-0.1673077007646598,0.1673077007646598
so,W30p0,7,7,-0.167291328749464,0.167291328749464
thetao,W10p0,6,4,-0.16723606567336496,0.16723606567336496
so,W40p0,8,1,-0.16661878929757182,0.16661878929757182
thetao,W40p0,5,3,-0.16628232372461108,0.16628232372461108
so,W60p0,1,12,-0.16623820639771386,0.16623820639771386
thetao,W10p0,10,19,0.16609029578973528,0.16609029578973528
thetao,W30p0,3,19,0.16593664194292346,0.16593664194292346
thetao,W10p0,3,6,0.16561701108076846,0.16561701108076846
thetao,W10p0,5,20,0.16554292493570888,0.16554292493570888
thetao,W60p0,8,4,-0.1654924665089832,0.1654924665089832
thetao,W40p0,1,1,-0.16545969400285931,0.16545969400285931
thetao,W20p0,5,16,-0.16545592217161983,0.16545592217161983
so,W30p0,8,17,0.16530783272542418,0.16530783272542418
thetao,W20p0,10,10,-0.16526083754582221,0.16526083754582221
thetao,W60p0,2,15,0.165078385756126,0.165078385756126
so,W10p0,3,11,-0.16448007860035874,0.16448007860035874
thetao,W30p0,3,18,0.1644784451787444,0.1644784451787444
thetao,W30p0,5,6,-0.16440157825093377,0.16440157825093377
thetao,W40p0,5,4,-0.1643315772835732,0.1643315772835732
thetao,W10p0,4,5,-0.16417817956232036,0.16417817956232036
thetao,W10p0,5,19,0.16417604390206328,0.16417604390206328
thetao,W60p0,3,13,0.16410934945810746,0.16410934945810746
so,W10p0,7,9,0.16407887085575024,0.16407887085575024
thetao,W10p0,7,15,0.16377024394045175,0.16377024394045175
thetao,W20p0,7,16,0.16371916728245123,0.16371916728245123
so,W60p0,9,17,-0.16356037954287647,0.16356037954287647
so,W10p0,3,14,-0.16355156261964873,0.16355156261964873
so,W30p0,3,18,0.1635029496101448,0.1635029496101448
thetao,W40p0,1,18,-0.16340929612952032,0.16340929612952032
so,W20p0,6,7,0.16326525295585223,0.16326525295585223
so,W20p0,5,1,-0.163253764764866,0.163253764764866
so,W40p0,9,19,-0.16295108171783199,0.16295108171783199
thetao,W30p0,6,12,-0.1628693874038966,0.1628693874038966
thetao,W30p0,5,12,-0.16254593176833954,0.16254593176833954
thetao,W10p0,10,20,0.16249014941939846,0.16249014941939846
thetao,W60p0,4,4,0.16240969608692007,0.16240969608692007
thetao,W30p0,6,9,-0.16240128072216492,0.16240128072216492
so,W40p0,9,20,-0.16238278387058774,0.16238278387058774
thetao,W20p0,10,11,-0.1622198816086768,0.1622198816086768
thetao,W40p0,4,11,0.16190402023185968,0.16190402023185968
thetao,W30p0,8,12,-0.16177345490640355,0.16177345490640355
thetao,W40p0,5,16,-0.16171509020969008,0.16171509020969008
thetao,W40p0,4,18,0.1616645532737832,0.1616645532737832
so,W40p0,10,9,-0.16157420482543955,0.16157420482543955
thetao,W40p0,1,9,-0.16150784033095844,0.16150784033095844
so,W20p0,3,15,0.16139065218827406,0.16139065218827406
thetao,W10p0,9,7,0.16137608294046205,0.16137608294046205
thetao,W30p0,8,15,-0.16134725766571287,0.16134725766571287
so,W60p0,7,8,0.16134565906863982,0.16134565906863982
thetao,W40p0,8,12,0.16132603037829893,0.16132603037829893
thetao,W30p0,3,0,-0.1611136806745739,0.1611136806745739
thetao,W60p0,5,15,-0.1605572880804767,0.1605572880804767
thetao,W40p0,4,12,0.16037635212816012,0.16037635212816012
so,W20p0,6,8,0.16035037925605694,0.16035037925605694
so,W40p0,7,2,0.1601342228783779,0.1601342228783779
thetao,W60p0,1,19,-0.16004786755628153,0.16004786755628153
so,W10p0,7,18,0.15978081643827263,0.15978081643827263
thetao,W10p0,2,18,-0.1597799989764838,0.1597799989764838
so,W20p0,10,14,-0.15923059120247685,0.15923059120247685
thetao,W40p0,4,20,-0.1588367125064764,0.1588367125064764
so,W40p0,10,8,-0.15848029156402746,0.15848029156402746
thetao,W20p0,4,6,-0.1584530031362001,0.1584530031362001
so,W10p0,8,6,0.15831485605951595,0.15831485605951595
so,W10p0,5,19,-0.1581300308044795,0.1581300308044795
so,W40p0,9,16,-0.1577595602776619,0.1577595602776619
so,W20p0,4,12,-0.15736317304871997,0.15736317304871997
thetao,W20p0,8,4,0.15729367797735652,0.15729367797735652
thetao,W20p0,5,17,-0.1572177242279774,0.1572177242279774
thetao,W40p0,9,19,0.1564732050557567,0.1564732050557567
so,W30p0,2,18,0.15641353629632693,0.15641353629632693
so,W30p0,7,12,-0.1559320547532542,0.1559320547532542
thetao,W30p0,5,1,-0.15580211596455637,0.15580211596455637
thetao,W30p0,4,16,0.1557157450368256,0.1557157450368256
thetao,W30p0,6,0,-0.15567641464412954,0.15567641464412954
so,W40p0,2,11,-0.15552613979405852,0.15552613979405852
so,W30p0,7,5,-0.15511191114455997,0.15511191114455997
so,W60p0,10,1,-0.15509736318784104,0.15509736318784104
thetao,W40p0,8,3,-0.15506532997425385,0.15506532997425385
thetao,W20p0,7,14,0.1549265725901015,0.1549265725901015
thetao,W40p0,1,7,-0.15462495914090174,0.15462495914090174
so,W30p0,8,16,0.1545843782275579,0.1545843782275579
thetao,W60p0,8,13,0.15455491222169634,0.15455491222169634
thetao,W30p0,5,13,-0.15447039446251618,0.15447039446251618
so,W60p0,6,13,-0.15440309333363067,0.15440309333363067
thetao,W40p0,9,15,0.15433629113535036,0.15433629113535036
thetao,W60p0,2,5,0.1543006565768709,0.1543006565768709
so,W40p0,2,9,-0.15424831411050055,0.15424831411050055
so,W30p0,9,0,-0.15397464458663232,0.15397464458663232
so,W60p0,2,3,-0.15388196445544175,0.15388196445544175
so,W20p0,8,16,-0.15359174635642395,0.15359174635642395
so,W10p0,3,7,-0.1535394042412075,0.1535394042412075
thetao,W60p0,1,13,-0.15351932098883767,0.15351932098883767
thetao,W30p0,8,20,-0.15327559192875712,0.15327559192875712
thetao,W30p0,10,7,-0.15293508337740724,0.15293508337740724
thetao,W40p0,9,3,0.1528737023715439,0.1528737023715439
so,W60p0,9,11,-0.15275791165727956,0.15275791165727956
thetao,W20p0,1,13,0.15271794391440074,0.15271794391440074
thetao,W10p0,6,3,-0.15263165396461834,0.15263165396461834
thetao,W20p0,9,17,-0.15255316277043127,0.15255316277043127
so,W10p0,8,5,0.15246330606985856,0.15246330606985856
so,W60p0,2,9,-0.1523680721886256,0.1523680721886256
so,W60p0,3,16,-0.15230220729174218,0.15230220729174218
thetao,W60p0,1,11,-0.15218018711228387,0.15218018711228387
thetao,W30p0,4,6,0.15208546911213808,0.15208546911213808
so,W40p0,7,0,-0.15202687036217089,0.15202687036217089
so,W20p0,8,11,-0.151913482213537,0.151913482213537
so,W60p0,8,14,0.15190700947646643,0.15190700947646643
so,W30p0,8,1,-0.15185064115166486,0.15185064115166486
so,W30p0,4,4,0.15182257811791708,0.15182257811791708
so,W30p0,4,5,0.15179297584321816,0.15179297584321816
so,W40p0,8,16,0.15165036248336536,0.15165036248336536
thetao,W30p0,6,4,-0.1515844783446207,0.1515844783446207
so,W10p0,8,17,0.15157652469221825,0.15157652469221825
so,W10p0,7,4,0.15155968845651285,0.15155968845651285
thetao,W60p0,7,11,-0.15148814207090222,0.15148814207090222
so,W30p0,7,0,-0.15083921571581227,0.15083921571581227
thetao,W10p0,3,16,0.15079951506143477,0.15079951506143477
so,W40p0,2,20,0.15078750099575378,0.15078750099575378
thetao,W40p0,1,8,-0.15059384862329842,0.15059384862329842
thetao,W60p0,1,10,-0.15055119064945388,0.15055119064945388
thetao,W60p0,5,13,-0.1505222951355839,0.1505222951355839
so,W40p0,4,8,0.1503699985637092,0.1503699985637092
thetao,W40p0,9,0,-0.15028088211560317,0.15028088211560317
thetao,W20p0,8,18,-0.1501534490042704,0.1501534490042704
so,W60p0,1,18,-0.15013146552297932,0.15013146552297932
thetao,W40p0,2,19,-0.15000360636305615,0.15000360636305615
so,W20p0,10,8,-0.1498034120797685,0.1498034120797685
thetao,W60p0,4,11,0.14964884743637027,0.14964884743637027
so,W10p0,7,8,0.1494533090237504,0.1494533090237504
thetao,W10p0,7,14,0.14939678513549862,0.14939678513549862
thetao,W30p0,9,2,0.14920345174179672,0.14920345174179672
so,W20p0,5,6,-0.14909473480859953,0.14909473480859953
thetao,W30p0,4,4,0.1488902580358932,0.1488902580358932
thetao,W40p0,7,2,0.14850960569399557,0.14850960569399557
so,W30p0,4,18,-0.14827552322751103,0.14827552322751103
so,W60p0,8,0,0.14815326973171483,0.14815326973171483
so,W20p0,7,20,0.14782080278379386,0.14782080278379386
thetao,W10p0,7,20,0.14772078599575283,0.14772078599575283
thetao,W60p0,2,3,0.1472233354978335,0.1472233354978335
so,W60p0,6,5,0.14709499004478183,0.14709499004478183
so,W10p0,10,7,0.14665261277613273,0.14665261277613273
so,W10p0,7,16,0.14654681691739294,0.14654681691739294
so,W60p0,3,0,-0.1463702375569094,0.1463702375569094
thetao,W40p0,5,11,-0.14627920794954852,0.14627920794954852
thetao,W30p0,4,19,0.1462229155162179,0.1462229155162179
thetao,W40p0,6,15,0.14606301854615292,0.14606301854615292
thetao,W20p0,9,14,-0.14598103704940646,0.14598103704940646
so,W20p0,5,2,-0.1459721671698213,0.1459721671698213
thetao,W20p0,1,18,-0.1454518486160043,0.1454518486160043
thetao,W40p0,6,3,-0.14537207609235148,0.14537207609235148
thetao,W30p0,5,14,-0.14515336342516016,0.14515336342516016
thetao,W60p0,2,16,0.14508319906667577,0.14508319906667577
thetao,W60p0,2,4,0.14499196958340232,0.14499196958340232
so,W20p0,3,2,-0.1449670516994411,0.1449670516994411
so,W60p0,7,15,-0.14492160042008725,0.14492160042008725
thetao,W30p0,4,15,0.1446365701054229,0.1446365701054229
so,W60p0,6,7,0.14460476746792292,0.14460476746792292
so,W10p0,8,9,0.14457864125353104,0.14457864125353104
so,W40p0,7,15,-0.1445186605220347,0.1445186605220347
so,W10p0,8,10,0.1443808421793849,0.1443808421793849
thetao,W10p0,6,2,-0.14432043839517833,0.14432043839517833
so,W40p0,4,18,-0.14429622780080953,0.14429622780080953
thetao,W10p0,3,5,0.14429182307448682,0.14429182307448682
thetao,W40p0,10,20,-0.1441184413647245,0.1441184413647245
so,W40p0,9,14,-0.14407194240323865,0.14407194240323865
so,W40p0,5,9,-0.1440088288037693,0.1440088288037693
thetao,W10p0,7,19,0.14383820084892,0.14383820084892
so,W30p0,4,3,0.1438237618247281,0.1438237618247281
so,W30p0,2,12,0.14365616503113457,0.14365616503113457
so,W10p0,4,18,-0.14364972266141618,0.14364972266141618
thetao,W40p0,8,8,-0.14358338310922314,0.14358338310922314
so,W40p0,6,8,0.14352978199761202,0.14352978199761202
thetao,W40p0,8,19,0.1435014166382337,0.1435014166382337
so,W10p0,5,4,-0.1434883274367571,0.1434883274367571
thetao,W10p0,6,14,0.14335103638957244,0.14335103638957244
thetao,W30p0,3,14,0.1431820983105488,0.1431820983105488
so,W10p0,3,10,-0.14284368918065976,0.14284368918065976
so,W60p0,9,13,-0.14274091840793932,0.14274091840793932
so,W10p0,9,20,-0.14268553072852228,0.14268553072852228
so,W10p0,7,6,0.14266681242518786,0.14266681242518786
thetao,W10p0,6,15,0.14227343531277037,0.14227343531277037
thetao,W40p0,6,9,0.14221583162942025,0.14221583162942025
so,W60p0,3,5,-0.1421621040692163,0.1421621040692163
so,W60p0,9,20,-0.14189775979317615,0.14189775979317615
so,W30p0,3,11,0.14188284550626648,0.14188284550626648
so,W60p0,4,15,0.1417942718395878,0.1417942718395878
thetao,W10p0,7,13,0.14160274618847665,0.14160274618847665
so,W60p0,1,19,-0.1414202614217942,0.1414202614217942
thetao,W60p0,3,8,-0.14135317362425423,0.14135317362425423
thetao,W10p0,10,2,0.1412679182852643,0.1412679182852643
thetao,W20p0,3,4,0.14066148742407752,0.14066148742407752
so,W20p0,7,12,-0.14061517527415854,0.14061517527415854
so,W60p0,6,6,0.14055897476523727,0.14055897476523727
thetao,W30p0,10,1,-0.14054938002683268,0.14054938002683268
thetao,W60p0,4,9,0.14052514873425426,0.14052514873425426
thetao,W60p0,9,9,0.14050431485944687,0.14050431485944687
thetao,W60p0,1,12,-0.1404380799880579,0.1404380799880579
thetao,W40p0,8,17,0.14041948109279037,0.14041948109279037
thetao,W10p0,4,18,0.14009054710062627,0.14009054710062627
so,W20p0,4,16,-0.13998407168342106,0.13998407168342106
thetao,W30p0,10,3,-0.13987079159381652,0.13987079159381652
thetao,W10p0,5,10,0.13985401133255695,0.13985401133255695
thetao,W20p0,10,16,-0.13981800097008726,0.13981800097008726
thetao,W40p0,8,7,-0.13967559323944445,0.13967559323944445
thetao,W20p0,4,10,-0.13961039609992038,0.13961039609992038
thetao,W20p0,10,17,-0.13958361668054245,0.13958361668054245
so,W10p0,10,18,0.13956919036533438,0.13956919036533438
so,W10p0,4,20,-0.13950713732010483,0.13950713732010483
so,W10p0,3,9,-0.139340473761298,0.139340473761298
so,W30p0,8,14,0.13900139941509285,0.13900139941509285
so,W40p0,2,17,-0.13850522252715253,0.13850522252715253
thetao,W60p0,3,6,-0.1384974826000696,0.1384974826000696
thetao,W30p0,7,10,-0.1382807294197778,0.1382807294197778
so,W60p0,5,16,0.13817607680609353,0.13817607680609353
so,W60p0,7,6,0.1381252817320346,0.1381252817320346
so,W10p0,7,15,0.1380375370086828,0.1380375370086828
so,W60p0,10,3,-0.13802344212934103,0.13802344212934103
thetao,W60p0,8,14,0.1379929838822635,0.1379929838822635
thetao,W60p0,3,18,0.13798632911485242,0.13798632911485242
so,W40p0,3,16,-0.137613077280303,0.137613077280303
so,W20p0,5,3,-0.13750705864430807,0.13750705864430807
so,W60p0,6,4,0.13747207615443044,0.13747207615443044
so,W60p0,10,4,-0.1374496570900167,0.1374496570900167
so,W30p0,2,19,0.13734663301207786,0.13734663301207786
thetao,W30p0,4,9,0.13726710332787845,0.13726710332787845
so,W30p0,7,4,-0.137242876379987,0.137242876379987
thetao,W40p0,1,13,-0.13721462775560644,0.13721462775560644
so,W20p0,10,9,-0.1369733705116752,0.1369733705116752
so,W30p0,8,0,-0.13697076974564623,0.13697076974564623
so,W10p0,5,0,0.13667130001631186,0.13667130001631186
so,W60p0,4,14,0.13655100930696623,0.13655100930696623
thetao,W40p0,6,12,0.13648375865490706,0.13648375865490706
so,W40p0,5,17,-0.13639164516707808,0.13639164516707808
thetao,W10p0,8,1,0.13637658329206218,0.13637658329206218
so,W40p0,3,9,-0.13629830501208126,0.13629830501208126
so,W10p0,4,4,0.13619942587087125,0.13619942587087125
so,W60p0,9,16,-0.1361896797023182,0.1361896797023182
thetao,W10p0,9,15,-0.13602676214398965,0.13602676214398965
so,W10p0,9,19,-0.13543826972466833,0.13543826972466833
thetao,W40p0,10,19,-0.13513338115485407,0.13513338115485407
so,W30p0,2,11,0.1347556312006684,0.1347556312006684
thetao,W60p0,3,7,-0.13471491093050764,0.13471491093050764
thetao,W30p0,3,16,0.13453307124619307,0.13453307124619307
so,W10p0,7,1,0.13442062052814116,0.13442062052814116
thetao,W10p0,10,15,0.13440885318128093,0.13440885318128093
so,W10p0,3,6,-0.1343525231483379,0.1343525231483379
so,W20p0,5,4,-0.13418983194308728,0.13418983194308728
thetao,W30p0,1,4,-0.13413092163751283,0.13413092163751283
so,W10p0,3,8,-0.13340108275497253,0.13340108275497253
so,W30p0,4,20,0.1333231449865991,0.1333231449865991
thetao,W20p0,8,5,0.1331481329778128,0.1331481329778128
thetao,W10p0,10,1,0.13264818877295745,0.13264818877295745
so,W60p0,6,17,-0.1325943098193209,0.1325943098193209
so,W20p0,5,5,-0.1325327128878196,0.1325327128878196
so,W60p0,2,8,-0.1324281039366332,0.1324281039366332
so,W10p0,4,3,0.13192637968985554,0.13192637968985554
so,W60p0,3,4,-0.13186195354104507,0.13186195354104507
so,W10p0,7,13,-0.131706298111432,0.131706298111432
thetao,W20p0,7,2,-0.1315361383500762,0.1315361383500762
thetao,W10p0,3,3,0.13138071358156647,0.13138071358156647
so,W40p0,7,3,0.13132754875640376,0.13132754875640376
thetao,W20p0,10,5,-0.13119960782790627,0.13119960782790627
so,W10p0,5,2,-0.13112906812644742,0.13112906812644742
so,W10p0,8,16,0.13078991203446533,0.13078991203446533
so,W60p0,9,15,-0.13045827798443926,0.13045827798443926
thetao,W20p0,1,12,0.13031628211025365,0.13031628211025365
thetao,W40p0,7,1,0.13026520940848588,0.13026520940848588
so,W60p0,9,9,-0.13025754548687624,0.13025754548687624
thetao,W60p0,9,14,0.1300479909289768,0.1300479909289768
thetao,W60p0,8,3,-0.13002757370021528,0.13002757370021528
thetao,W40p0,9,4,0.12983307083775295,0.12983307083775295
thetao,W10p0,3,14,0.12972889017744543,0.12972889017744543
so,W30p0,5,2,-0.12966980815813084,0.12966980815813084
so,W30p0,10,16,0.12936844385585314,0.12936844385585314
thetao,W40p0,6,13,0.12926349845746976,0.12926349845746976
so,W60p0,6,12,-0.12868487463185668,0.12868487463185668
thetao,W10p0,9,19,-0.12865483176080827,0.12865483176080827
so,W30p0,6,15,0.12853169953534813,0.12853169953534813
thetao,W20p0,8,6,0.1284516003106137,0.1284516003106137
so,W20p0,6,0,0.12839052608975704,0.12839052608975704
so,W10p0,8,11,0.1281904124887995,0.1281904124887995
thetao,W20p0,3,6,0.1280097398192874,0.1280097398192874
thetao,W10p0,9,16,-0.12786696044260484,0.12786696044260484
thetao,W20p0,5,2,0.12779285398105472,0.12779285398105472
so,W60p0,3,17,-0.12768840863528028,0.12768840863528028
so,W30p0,6,1,-0.12745638058349365,0.12745638058349365
thetao,W40p0,4,10,0.1271646365584838,0.1271646365584838
so,W60p0,6,2,0.1271228228094174,0.1271228228094174
so,W30p0,8,8,-0.12707249569122972,0.12707249569122972
thetao,W60p0,6,16,0.12704996017446057,0.12704996017446057
so,W60p0,8,8,-0.12684315325140083,0.12684315325140083
thetao,W40p0,9,16,0.1267896691833601,0.1267896691833601
so,W20p0,6,13,-0.1267055279707495,0.1267055279707495
so,W60p0,6,3,0.1265789630949045,0.1265789630949045
so,W10p0,6,16,0.12634645176027676,0.12634645176027676
thetao,W60p0,8,9,0.12600076038235974,0.12600076038235974
thetao,W60p0,7,20,-0.12582632158608084,0.12582632158608084
so,W60p0,7,7,0.12578615596834758,0.12578615596834758
thetao,W20p0,4,18,0.1257162688836456,0.1257162688836456
thetao,W10p0,6,13,0.1255996275759753,0.1255996275759753
thetao,W30p0,7,19,0.12550821498579595,0.12550821498579595
so,W30p0,6,20,0.12507432441267313,0.12507432441267313
thetao,W10p0,4,17,0.1250522089359724,0.1250522089359724
so,W60p0,7,14,-0.1246311092805448,0.1246311092805448
so,W10p0,7,7,0.12454294975097963,0.12454294975097963
thetao,W60p0,8,16,0.12438551873060757,0.12438551873060757
so,W10p0,2,20,0.12418977600363044,0.12418977600363044
so,W10p0,8,3,0.12408312204541579,0.12408312204541579
so,W40p0,4,10,0.1240195003713926,0.1240195003713926
so,W40p0,4,16,-0.12390191532421652,0.12390191532421652
thetao,W40p0,5,9,-0.12376413727273718,0.12376413727273718
thetao,W40p0,6,18,0.12340001808354538,0.12340001808354538
so,W10p0,7,10,0.12328877393581185,0.12328877393581185
thetao,W20p0,10,4,-0.12327571009071404,0.12327571009071404
so,W10p0,9,12,0.12321932535563326,0.12321932535563326
thetao,W10p0,8,17,0.1229901972765442,0.1229901972765442
so,W40p0,8,15,0.1229701388941428,0.1229701388941428
so,W40p0,6,0,-0.12227667408755458,0.12227667408755458
so,W30p0,4,2,0.12225099698841806,0.12225099698841806
so,W20p0,3,14,0.12223818680444443,0.12223818680444443
so,W30p0,6,10,0.12204951900164382,0.12204951900164382
thetao,W10p0,8,14,0.12146632273551056,0.12146632273551056
so,W30p0,4,6,0.12107219503796594,0.12107219503796594
thetao,W60p0,9,11,0.12073841221671235,0.12073841221671235
thetao,W30p0,7,11,-0.12059665774079524,0.12059665774079524
so,W20p0,8,19,-0.12038953281448375,0.12038953281448375
so,W40p0,5,0,0.12036429482127588,0.12036429482127588
thetao,W60p0,9,10,0.12020344184686664,0.12020344184686664
so,W30p0,2,13,0.1201856704190221,0.1201856704190221
thetao,W40p0,6,11,0.12011911372674303,0.12011911372674303
thetao,W40p0,10,18,-0.12008196343774327,0.12008196343774327
thetao,W40p0,5,10,-0.12000479918276191,0.12000479918276191
thetao,W60p0,10,10,-0.1199547953037582,0.1199547953037582
thetao,W40p0,4,13,0.11990349441439964,0.11990349441439964
thetao,W10p0,3,20,0.11986232415957591,0.11986232415957591
so,W10p0,5,5,-0.11985903060151182,0.11985903060151182
thetao,W40p0,9,1,-0.11981825762250332,0.11981825762250332
so,W20p0,5,15,0.11965608445384063,0.11965608445384063
thetao,W40p0,2,20,-0.11961295912686049,0.11961295912686049
so,W20p0,5,16,0.119522433967443,0.119522433967443
thetao,W40p0,6,14,0.11948778961020545,0.11948778961020545
thetao,W60p0,10,6,-0.11934487616803509,0.11934487616803509
so,W60p0,3,6,-0.11926103062890284,0.11926103062890284
so,W60p0,2,20,-0.11924627521643626,0.11924627521643626
so,W30p0,4,17,-0.11912988271276323,0.11912988271276323
so,W40p0,2,18,-0.1191254647420146,0.1191254647420146
thetao,W10p0,4,8,-0.11877407943003652,0.11877407943003652
thetao,W60p0,7,12,-0.11868663847572497,0.11868663847572497
so,W60p0,6,8,0.118649578715608,0.118649578715608
so,W40p0,5,7,-0.11850425184978931,0.11850425184978931
so,W10p0,5,3,-0.11846623195987176,0.11846623195987176
so,W60p0,10,6,-0.11837109428338954,0.11837109428338954
so,W60p0,10,2,-0.11835652389553565,0.11835652389553565
thetao,W10p0,10,14,0.11806589676963375,0.11806589676963375
thetao,W30p0,3,15,0.11790086425090195,0.11790086425090195
thetao,W60p0,5,16,-0.11788496700087303,0.11788496700087303
so,W20p0,7,13,-0.11781484348179497,0.11781484348179497
thetao,W30p0,5,15,-0.11764200561984282,0.11764200561984282
thetao,W60p0,10,12,-0.11763355921772775,0.11763355921772775
thetao,W30p0,4,3,0.11762803754302041,0.11762803754302041
so,W60p0,7,5,0.1174894600443403,0.1174894600443403
so,W10p0,2,19,0.11742996171171313,0.11742996171171313
thetao,W30p0,5,0,-0.11706770997294971,0.11706770997294971
so,W30p0,7,13,-0.11693908955252097,0.11693908955252097
thetao,W60p0,4,8,0.11679684747653443,0.11679684747653443
thetao,W30p0,9,0,-0.11664414262078773,0.11664414262078773
thetao,W40p0,9,17,0.1166072641540979,0.1166072641540979
so,W60p0,8,9,-0.11657180643619444,0.11657180643619444
thetao,W60p0,3,12,0.11639122174399649,0.11639122174399649
so,W20p0,7,19,0.11620207122128991,0.11620207122128991
thetao,W10p0,8,0,0.11607949377969833,0.11607949377969833
thetao,W20p0,5,3,0.11587535410404191,0.11587535410404191
thetao,W10p0,6,5,-0.11570524086299053,0.11570524086299053
so,W60p0,5,13,0.11558085890840361,0.11558085890840361
so,W60p0,8,1,0.11535904979140107,0.11535904979140107
thetao,W60p0,2,17,0.1149863622155328,0.1149863622155328
so,W10p0,10,17,0.11473529675951437,0.11473529675951437
thetao,W40p0,9,7,0.11467224064923015,0.11467224064923015
thetao,W20p0,9,18,-0.1145465012033325,0.1145465012033325
so,W20p0,8,10,-0.11423254218069856,0.11423254218069856
so,W30p0,6,2,-0.11379635327628983,0.11379635327628983
so,W30p0,7,6,-0.11347410888526205,0.11347410888526205
thetao,W20p0,5,18,-0.11338526728720114,0.11338526728720114
thetao,W10p0,4,9,-0.1132653685723173,0.1132653685723173
so,W60p0,6,15,-0.1130713603820686,0.1130713603820686
so,W40p0,5,16,-0.11306349542934835,0.11306349542934835
so,W30p0,10,12,-0.11270638756010999,0.11270638756010999
thetao,W10p0,5,1,-0.1127025915232206,0.1127025915232206
thetao,W10p0,8,7,0.1125290162306964,0.1125290162306964
so,W60p0,7,10,0.11241082577721266,0.11241082577721266
so,W60p0,10,5,-0.11152515465430883,0.11152515465430883
so,W60p0,4,16,0.11152244725487898,0.11152244725487898
so,W60p0,9,10,-0.11150210840505717,0.11150210840505717
thetao,W40p0,5,19,-0.11142982929512849,0.11142982929512849
so,W10p0,3,5,-0.11140140746910367,0.11140140746910367
so,W30p0,2,17,0.11133423893448251,0.11133423893448251
so,W30p0,10,20,-0.11092613710129898,0.11092613710129898
so,W40p0,4,7,0.110841108305812,0.110841108305812
so,W40p0,7,20,0.11066196934169963,0.11066196934169963
thetao,W40p0,6,20,0.11061537777307175,0.11061537777307175
so,W30p0,4,13,-0.1105948040095858,0.1105948040095858
so,W30p0,2,14,0.11056448736325439,0.11056448736325439
thetao,W40p0,5,20,-0.11044480690243703,0.11044480690243703
thetao,W40p0,3,2,0.11028401907898645,0.11028401907898645
thetao,W30p0,1,3,-0.11020017263468193,0.11020017263468193
thetao,W40p0,4,5,-0.11019489026832649,0.11019489026832649
thetao,W20p0,5,15,-0.11012994738350956,0.11012994738350956
so,W20p0,6,12,-0.11008528366417503,0.11008528366417503
thetao,W60p0,10,9,-0.10993693882305228,0.10993693882305228
so,W20p0,8,20,-0.10958673560945038,0.10958673560945038
thetao,W30p0,6,5,-0.10946878574034698,0.10946878574034698
so,W10p0,4,1,0.10945818473245476,0.10945818473245476
thetao,W10p0,3,11,0.1094154360959966,0.1094154360959966
so,W40p0,3,15,-0.10916090156912386,0.10916090156912386
thetao,W20p0,10,3,-0.10887294211403821,0.10887294211403821
thetao,W20p0,9,8,0.1086565232229461,0.1086565232229461
so,W40p0,6,7,0.10864718210957915,0.10864718210957915
so,W10p0,4,5,0.10864190827870757,0.10864190827870757
thetao,W40p0,7,13,-0.10855079605800406,0.10855079605800406
thetao,W30p0,6,7,-0.10850008029197529,0.10850008029197529
so,W10p0,9,9,0.10838260691630297,0.10838260691630297
thetao,W20p0,3,19,-0.10819429121317449,0.10819429121317449
so,W20p0,6,17,0.10803891189135016,0.10803891189135016
so,W60p0,6,11,-0.10792332966631522,0.10792332966631522
thetao,W30p0,10,2,-0.10785519108645808,0.10785519108645808
so,W40p0,2,8,-0.1076412734475533,0.1076412734475533
so,W40p0,9,12,-0.10760611460165646,0.10760611460165646
so,W60p0,9,2,-0.10759000234790238,0.10759000234790238
so,W40p0,7,16,-0.10752807187595266,0.10752807187595266
thetao,W40p0,7,3,0.10741048883784421,0.10741048883784421
so,W20p0,6,1,0.10737255717166293,0.10737255717166293
so,W60p0,4,4,-0.10727518497074734,0.10727518497074734
thetao,W40p0,8,4,-0.10723124028216706,0.10723124028216706
thetao,W10p0,6,12,0.10700578524192107,0.10700578524192107
so,W30p0,2,10,0.10699362942968216,0.10699362942968216
thetao,W40p0,8,18,0.10672639205068693,0.10672639205068693
so,W60p0,2,5,-0.10662495639088782,0.10662495639088782
thetao,W10p0,10,0,0.10636940551228018,0.10636940551228018
thetao,W10p0,9,17,-0.10636331986274312,0.10636331986274312
thetao,W60p0,8,1,-0.10635862224893346,0.10635862224893346
so,W10p0,2,11,-0.10610990780290386,0.10610990780290386
thetao,W10p0,3,4,0.10608131074388859,0.10608131074388859
so,W10p0,9,0,0.10591507870104924,0.10591507870104924
so,W20p0,5,17,0.10584515518374388,0.10584515518374388
thetao,W20p0,6,0,-0.10584044579105005,0.10584044579105005
so,W10p0,3,15,-0.10580141513138483,0.10580141513138483
so,W10p0,9,8,0.10564317380042575,0.10564317380042575
thetao,W10p0,5,2,-0.10534168826569783,0.10534168826569783
thetao,W30p0,1,6,-0.10533437858216878,0.10533437858216878
so,W20p0,5,7,-0.10519479378238565,0.10519479378238565
so,W40p0,8,5,-0.10518576713135483,0.10518576713135483
thetao,W20p0,3,20,-0.10517250818204259,0.10517250818204259
thetao,W30p0,4,8,0.10506859171245572,0.10506859171245572
so,W40p0,4,1,0.10468916031974257,0.10468916031974257
thetao,W30p0,8,8,0.10410974331355297,0.10410974331355297
so,W30p0,2,8,0.10401856309033573,0.10401856309033573
thetao,W40p0,10,10,0.1039121477091025,0.1039121477091025
thetao,W40p0,10,11,0.10358910386690451,0.10358910386690451
so,W10p0,6,4,0.10349482387944013,0.10349482387944013
thetao,W10p0,9,8,0.10341225897737426,0.10341225897737426
thetao,W30p0,4,5,0.10329348765352127,0.10329348765352127
so,W20p0,3,3,-0.1032016546200448,0.1032016546200448
thetao,W20p0,6,15,-0.10315884938623321,0.10315884938623321
thetao,W10p0,8,13,0.10305215154467119,0.10305215154467119
thetao,W30p0,7,12,-0.10303404161568105,0.10303404161568105
so,W20p0,5,14,0.10301114651024472,0.10301114651024472
thetao,W60p0,8,5,-0.10293066518249419,0.10293066518249419
so,W30p0,3,10,0.1027436896092451,0.1027436896092451
so,W60p0,2,17,0.10264486430317542,0.10264486430317542
so,W40p0,4,19,-0.1024838174055075,0.1024838174055075
so,W30p0,2,9,0.10241235907240852,0.10241235907240852
thetao,W10p0,8,16,0.10208425204495407,0.10208425204495407
thetao,W30p0,9,3,0.1020678104864401,0.1020678104864401
so,W40p0,9,13,-0.10204672793892275,0.10204672793892275
thetao,W20p0,8,7,0.10181278425347669,0.10181278425347669
so,W40p0,4,13,-0.10169877667581327,0.10169877667581327
thetao,W20p0,9,3,0.10159143551387968,0.10159143551387968
thetao,W60p0,3,17,0.10148782320913532,0.10148782320913532
so,W10p0,8,8,0.10144629428004628,0.10144629428004628
thetao,W20p0,5,11,-0.10141766762595365,0.10141766762595365
so,W10p0,10,10,0.10141360947156786,0.10141360947156786
so,W20p0,10,10,-0.1012859991023251,0.1012859991023251
so,W10p0,2,18,0.10095956926630283,0.10095956926630283
thetao,W10p0,10,5,0.10066057545354803,0.10066057545354803
thetao,W30p0,1,5,-0.10022659635869156,0.10022659635869156
so,W60p0,5,14,0.09980757639469845,0.09980757639469845
thetao,W60p0,9,15,0.09965054692130855,0.09965054692130855
so,W10p0,4,11,0.09947179294244245,0.09947179294244245
thetao,W60p0,2,6,0.09899113731489455,0.09899113731489455
so,W30p0,8,9,-0.09882884998253197,0.09882884998253197
so,W60p0,9,14,-0.09878172704993152,0.09878172704993152
thetao,W20p0,3,5,0.09848958713045329,0.09848958713045329
thetao,W20p0,9,13,-0.09848211744064429,0.09848211744064429
so,W20p0,10,20,-0.09847785288272942,0.09847785288272942
so,W10p0,6,6,0.09806775858653011,0.09806775858653011
thetao,W60p0,8,15,0.09804393721903298,0.09804393721903298
so,W60p0,9,3,-0.09795610191570221,0.09795610191570221
thetao,W60p0,3,9,-0.09782034793235539,0.09782034793235539
so,W10p0,4,6,0.09781758135308516,0.09781758135308516
so,W40p0,6,5,0.09770968238084307,0.09770968238084307
so,W10p0,5,8,-0.09768794012850908,0.09768794012850908
so,W30p0,10,13,-0.0971641500370131,0.0971641500370131
thetao,W20p0,4,20,-0.09679013030107324,0.09679013030107324
thetao,W40p0,8,6,-0.09674680597611514,0.09674680597611514
thetao,W40p0,3,17,-0.0966506123474678,0.0966506123474678
so,W60p0,2,16,0.09663223780280822,0.09663223780280822
so,W10p0,6,5,0.096306788239439,0.096306788239439
so,W20p0,4,17,-0.09619949412431125,0.09619949412431125
so,W40p0,8,17,0.09611613852656804,0.09611613852656804
thetao,W40p0,6,8,0.09599440436701144,0.09599440436701144
thetao,W60p0,8,2,-0.09577238353731461,0.09577238353731461
thetao,W30p0,10,13,-0.09574842773228805,0.09574842773228805
so,W40p0,2,7,-0.09550370300729673,0.09550370300729673
thetao,W20p0,5,20,-0.09531172995711133,0.09531172995711133
so,W10p0,9,13,0.09526195614139417,0.09526195614139417
thetao,W20p0,9,20,-0.09525668368024648,0.09525668368024648
thetao,W20p0,3,7,0.09488803797105479,0.09488803797105479
so,W30p0,8,13,0.09483110809403641,0.09483110809403641
so,W10p0,2,17,0.09453108115359544,0.09453108115359544
thetao,W60p0,10,17,0.09414640966227926,0.09414640966227926
thetao,W60p0,10,19,0.09410850116135776,0.09410850116135776
thetao,W60p0,9,6,0.09395721356051766,0.09395721356051766
so,W60p0,4,17,0.09352633117669058,0.09352633117669058
so,W30p0,2,15,0.09341543800770363,0.09341543800770363
thetao,W40p0,7,4,0.09337560381624269,0.09337560381624269
so,W10p0,9,2,0.0932356173741276,0.0932356173741276
so,W10p0,2,16,0.0931188528958897,0.0931188528958897
so,W60p0,8,5,-0.09309372013265005,0.09309372013265005
so,W40p0,9,18,-0.09302419382801198,0.09302419382801198
so,W60p0,2,15,0.09287934185916027,0.09287934185916027
so,W40p0,2,12,-0.092746896910948,0.092746896910948
thetao,W10p0,7,8,0.09267682203861803,0.09267682203861803
thetao,W20p0,8,11,0.09260287955978684,0.09260287955978684
so,W10p0,9,11,0.09183632004026457,0.09183632004026457
so,W10p0,3,4,-0.09179411696245529,0.09179411696245529
so,W40p0,4,11,0.09177167731576437,0.09177167731576437
so,W20p0,5,18,0.09162505424714039,0.09162505424714039
so,W60p0,5,15,0.09161670421453279,0.09161670421453279
thetao,W20p0,9,7,0.0915510018978303,0.0915510018978303
so,W20p0,6,9,0.09152642188723185,0.09152642188723185
so,W10p0,5,9,-0.09122449283278743,0.09122449283278743
thetao,W10p0,8,15,0.09106320707534059,0.09106320707534059
thetao,W60p0,10,18,0.09069730500993542,0.09069730500993542
so,W60p0,7,12,0.09064620205696386,0.09064620205696386
thetao,W60p0,10,3,-0.0904922431054356,0.0904922431054356
so,W10p0,9,1,0.09040845588219355,0.09040845588219355
thetao,W40p0,4,16,-0.09034808366033348,0.09034808366033348
so,W20p0,4,18,-0.09034756878265045,0.09034756878265045
so,W10p0,8,0,-0.09034061638984328,0.09034061638984328
so,W10p0,4,17,-0.09020139805661112,0.09020139805661112
thetao,W40p0,1,14,-0.09017081560883433,0.09017081560883433
thetao,W30p0,1,20,-0.08996589749144117,0.08996589749144117
so,W60p0,9,0,-0.08981767494947045,0.08981767494947045
so,W20p0,10,13,-0.08977277897617499,0.08977277897617499
so,W60p0,9,1,-0.08960202094277805,0.08960202094277805
so,W60p0,2,14,0.0895158554633643,0.0895158554633643
so,W40p0,7,18,-0.08946621282964473,0.08946621282964473
thetao,W60p0,6,0,0.08932196927188885,0.08932196927188885
thetao,W40p0,5,18,-0.08918619133074376,0.08918619133074376
so,W10p0,7,2,0.08893058550011057,0.08893058550011057
thetao,W30p0,9,5,0.08891046867539518,0.08891046867539518
so,W10p0,9,18,-0.08887081500502801,0.08887081500502801
thetao,W10p0,10,6,0.0888671828246769,0.0888671828246769
so,W60p0,6,1,0.08871011293160465,0.08871011293160465
so,W60p0,8,13,0.08851336657982076,0.08851336657982076
thetao,W20p0,1,16,0.08844191656636179,0.08844191656636179
so,W60p0,2,19,-0.08842251280425455,0.08842251280425455
thetao,W40p0,6,10,0.08829393736159483,0.08829393736159483
thetao,W40p0,1,17,-0.08824362785685791,0.08824362785685791
thetao,W10p0,9,18,-0.08819911801137546,0.08819911801137546
thetao,W30p0,10,16,0.08819617098026923,0.08819617098026923
so,W30p0,6,17,0.0879772135926083,0.0879772135926083
thetao,W60p0,10,2,-0.08796338567931326,0.08796338567931326
so,W60p0,8,2,0.08781043480420607,0.08781043480420607
so,W60p0,2,13,0.0877886173796937,0.0877886173796937
so,W10p0,8,12,0.08765813471546116,0.08765813471546116
so,W20p0,2,18,0.08733572232929049,0.08733572232929049
so,W10p0,4,10,0.08718215990772911,0.08718215990772911
so,W30p0,2,16,0.08699545533038389,0.08699545533038389
so,W10p0,10,1,0.08658649509477277,0.08658649509477277
so,W30p0,7,14,-0.08621882126041223,0.08621882126041223
thetao,W40p0,9,5,0.08617912447665989,0.08617912447665989
so,W60p0,7,3,0.08558852113063038,0.08558852113063038
so,W10p0,6,3,0.08547617438534894,0.08547617438534894
so,W20p0,9,3,0.08542533501833725,0.08542533501833725
thetao,W20p0,5,4,0.08530522968893389,0.08530522968893389
so,W20p0,2,20,0.08512139171027791,0.08512139171027791
thetao,W20p0,5,10,-0.08503456509990066,0.08503456509990066
so,W30p0,4,12,-0.08500391016223642,0.08500391016223642
thetao,W10p0,8,12,0.08497454079261892,0.08497454079261892
thetao,W20p0,6,7,0.08491701164422236,0.08491701164422236
thetao,W20p0,3,3,0.08479401683698645,0.08479401683698645
so,W10p0,9,16,-0.08466136056763869,0.08466136056763869
thetao,W60p0,10,14,0.08455547636175552,0.08455547636175552
so,W30p0,9,4,-0.08437785987334975,0.08437785987334975
thetao,W40p0,8,9,-0.08427516697184062,0.08427516697184062
so,W10p0,10,19,0.08414479086497371,0.08414479086497371
thetao,W60p0,5,17,-0.08414005425369989,0.08414005425369989
so,W30p0,7,2,-0.08400982325967779,0.08400982325967779
thetao,W40p0,6,7,0.08389561764091297,0.08389561764091297
thetao,W60p0,4,16,0.08378421734778467,0.08378421734778467
so,W60p0,9,5,-0.0836776210434669,0.0836776210434669
thetao,W20p0,9,19,-0.08361232688429475,0.08361232688429475
thetao,W40p0,5,17,-0.08359378253695986,0.08359378253695986
thetao,W40p0,10,9,0.08349805879077005,0.08349805879077005
thetao,W60p0,10,8,-0.08335429937027938,0.08335429937027938
so,W40p0,9,17,-0.0831821220645413,0.0831821220645413
thetao,W30p0,7,13,-0.08287048855748015,0.08287048855748015
thetao,W20p0,9,4,0.08282215194653848,0.08282215194653848
thetao,W10p0,10,3,0.08253535613255782,0.08253535613255782
so,W10p0,10,6,0.0824825174079263,0.0824825174079263
thetao,W20p0,5,7,0.08213743160879557,0.08213743160879557
thetao,W60p0,6,8,-0.08209409805661894,0.08209409805661894
so,W10p0,5,18,-0.08183899344307465,0.08183899344307465
thetao,W60p0,9,3,0.08174968092775296,0.08174968092775296
so,W30p0,4,14,-0.08160155232358067,0.08160155232358067
thetao,W60p0,10,11,-0.0813002577031959,0.0813002577031959
so,W30p0,8,10,-0.08118885443291445,0.08118885443291445
thetao,W60p0,10,15,0.08097401571161472,0.08097401571161472
thetao,W10p0,7,3,-0.08090466031261566,0.08090466031261566
so,W20p0,9,8,0.08072843236684657,0.08072843236684657
so,W40p0,7,14,-0.08049711367497338,0.08049711367497338
thetao,W60p0,5,20,0.08037864180895431,0.08037864180895431
thetao,W60p0,3,16,0.08036209927001967,0.08036209927001967
so,W60p0,10,15,0.08025671004503332,0.08025671004503332
so,W10p0,7,3,0.08025258834211813,0.08025258834211813
so,W10p0,9,17,-0.08020609098312248,0.08020609098312248
so,W60p0,6,16,-0.08008671887490998,0.08008671887490998
so,W40p0,5,10,-0.080012932261153,0.080012932261153
so,W20p0,3,8,-0.07998603725043964,0.07998603725043964
thetao,W60p0,4,15,0.0797904997940014,0.0797904997940014
thetao,W20p0,6,19,-0.07973182085391056,0.07973182085391056
so,W60p0,6,10,-0.07966519818587058,0.07966519818587058
so,W10p0,9,15,-0.07959093246222364,0.07959093246222364
thetao,W20p0,5,6,0.07955136821343385,0.07955136821343385
thetao,W30p0,3,1,-0.0794638746116058,0.0794638746116058
thetao,W40p0,3,19,0.07943301445970649,0.07943301445970649
thetao,W30p0,1,7,-0.07933382907616279,0.07933382907616279
thetao,W60p0,6,12,0.07876433841616758,0.07876433841616758
so,W20p0,6,16,0.07875179678032598,0.07875179678032598
thetao,W20p0,6,1,-0.07830970986752885,0.07830970986752885
so,W40p0,7,4,0.0781311081984411,0.0781311081984411
thetao,W10p0,8,8,0.0777380586580168,0.0777380586580168
so,W20p0,3,9,-0.07770430431679701,0.07770430431679701
so,W40p0,7,5,0.07742886008642677,0.07742886008642677
so,W20p0,3,7,-0.07741319434053716,0.07741319434053716
thetao,W10p0,4,16,0.07740662996865023,0.07740662996865023
thetao,W40p0,6,19,0.07737655545024036,0.07737655545024036
thetao,W30p0,10,8,-0.07704492256278422,0.07704492256278422
so,W20p0,2,16,-0.07698925441767149,0.07698925441767149
so,W20p0,10,19,-0.07691709709572711,0.07691709709572711
thetao,W60p0,7,19,-0.07661454588293583,0.07661454588293583
thetao,W20p0,4,17,0.07659260583363285,0.07659260583363285
thetao,W10p0,6,6,-0.07647570819669267,0.07647570819669267
so,W40p0,9,11,-0.07646805608452766,0.07646805608452766
thetao,W40p0,10,15,0.07632223909829038,0.07632223909829038
thetao,W30p0,5,16,-0.07588080671218714,0.07588080671218714
so,W10p0,6,12,0.07575604072642707,0.07575604072642707
so,W30p0,10,19,-0.07568796654051167,0.07568796654051167
thetao,W60p0,8,6,-0.075491447523127,0.075491447523127
thetao,W10p0,2,20,-0.07547692597280785,0.07547692597280785
so,W60p0,9,4,-0.07547017017619097,0.07547017017619097
thetao,W60p0,6,2,0.07531843730213147,0.07531843730213147
thetao,W60p0,6,1,0.07521275362345209,0.07521275362345209
thetao,W20p0,9,9,0.07517073327602958,0.07517073327602958
thetao,W40p0,10,7,-0.07494351979058347,0.07494351979058347
so,W30p0,6,7,-0.0749137831131136,0.0749137831131136
thetao,W20p0,5,5,0.07483466999189443,0.07483466999189443
so,W20p0,5,9,-0.07483163773812393,0.07483163773812393
so,W10p0,4,16,-0.07473870493252048,0.07473870493252048
so,W30p0,4,1,-0.07469713040790825,0.07469713040790825
thetao,W60p0,4,12,0.07463196004416837,0.07463196004416837
thetao,W30p0,7,18,0.07414777191036048,0.07414777191036048
so,W10p0,6,13,0.0740168668553711,0.0740168668553711
thetao,W40p0,9,18,0.07390887230702049,0.07390887230702049
so,W30p0,7,3,-0.07385381114215446,0.07385381114215446
so,W10p0,5,6,-0.073592865300865,0.073592865300865
so,W30p0,4,8,0.07347207010343806,0.07347207010343806
thetao,W60p0,10,13,-0.07343730728688073,0.07343730728688073
so,W20p0,6,14,-0.07334194379519807,0.07334194379519807
thetao,W60p0,2,19,0.07323525401966267,0.07323525401966267
thetao,W30p0,4,2,0.07317450581237778,0.07317450581237778
thetao,W60p0,5,19,0.07291862798393228,0.07291862798393228
so,W30p0,9,8,-0.0728211493080365,0.0728211493080365
so,W10p0,8,7,0.07267589834929236,0.07267589834929236
so,W40p0,3,18,0.07262758262487728,0.07262758262487728
thetao,W60p0,2,18,0.07241765545013337,0.07241765545013337
thetao,W40p0,10,14,0.07218125443221136,0.07218125443221136
so,W20p0,8,3,0.07214427516967921,0.07214427516967921
so,W20p0,8,17,-0.07207803612433718,0.07207803612433718
so,W10p0,7,11,0.07206754588665071,0.07206754588665071
so,W10p0,5,15,-0.07187235378059106,0.07187235378059106
thetao,W20p0,6,16,-0.07175695819209058,0.07175695819209058
so,W60p0,2,10,-0.07161587674695481,0.07161587674695481
so,W40p0,5,2,-0.0715873595711428,0.0715873595711428
so,W10p0,9,10,0.07155145889046076,0.07155145889046076
thetao,W60p0,10,7,-0.07136776501305651,0.07136776501305651
so,W30p0,3,2,-0.07116196091732777,0.07116196091732777
thetao,W30p0,6,6,-0.07115962613256355,0.07115962613256355
so,W30p0,9,18,-0.07067767831482927,0.07067767831482927
thetao,W30p0,9,4,0.07039027432975235,0.07039027432975235
thetao,W20p0,6,9,0.07034170208742141,0.07034170208742141
so,W10p0,5,13,0.07018729269117126,0.07018729269117126
so,W60p0,4,9,0.07009829182148444,0.07009829182148444
thetao,W20p0,7,8,0.06957123085665066,0.06957123085665066
so,W40p0,9,7,0.06947015819753705,0.06947015819753705
so,W10p0,4,15,-0.06940024677814184,0.06940024677814184
so,W60p0,4,7,-0.06939554896484841,0.06939554896484841
thetao,W10p0,4,10,-0.06928136065119313,0.06928136065119313
so,W20p0,4,1,0.06921945679726822,0.06921945679726822
so,W30p0,6,16,0.0691777955723139,0.0691777955723139
thetao,W60p0,6,15,0.06890591429332932,0.06890591429332932
so,W40p0,4,2,0.06879482809926923,0.06879482809926923
so,W40p0,5,6,-0.06874368525281747,0.06874368525281747
so,W30p0,2,20,0.06863763110222185,0.06863763110222185
thetao,W20p0,10,20,0.06862346872116425,0.06862346872116425
so,W10p0,5,16,-0.0683844728164516,0.0683844728164516
so,W10p0,9,3,0.06833207970694556,0.06833207970694556
so,W60p0,7,19,-0.06809437731440897,0.06809437731440897
so,W60p0,10,14,0.06804409935554599,0.06804409935554599
so,W60p0,10,16,0.06788271307928219,0.06788271307928219
so,W20p0,3,10,-0.06773556334071056,0.06773556334071056
so,W10p0,6,15,0.06757436824792225,0.06757436824792225
thetao,W60p0,6,7,-0.06739172667368501,0.06739172667368501
so,W40p0,9,3,0.06730222950077157,0.06730222950077157
thetao,W40p0,6,4,-0.06720519255121735,0.06720519255121735
so,W30p0,9,19,-0.06717571720893281,0.06717571720893281
thetao,W10p0,10,12,0.06708731015781563,0.06708731015781563
so,W20p0,5,10,-0.06681038005281781,0.06681038005281781
so,W40p0,7,17,-0.06664616535831895,0.06664616535831895
so,W20p0,9,17,0.06647809047817455,0.06647809047817455
so,W60p0,7,11,0.06642351496508557,0.06642351496508557
so,W20p0,2,17,0.0663710405226725,0.0663710405226725
thetao,W10p0,10,7,0.06630102818740412,0.06630102818740412
so,W30p0,3,9,0.06617678275892432,0.06617678275892432
thetao,W40p0,3,1,0.066139431173278,0.066139431173278
thetao,W30p0,10,4,-0.06612629357808268,0.06612629357808268
thetao,W30p0,8,11,-0.06608904219200275,0.06608904219200275
so,W20p0,6,20,0.06595349055826395,0.06595349055826395
thetao,W60p0,10,5,-0.06595341862655146,0.06595341862655146
so,W30p0,7,20,0.06590663525139234,0.06590663525139234
thetao,W20p0,3,2,-0.06581236794712032,0.06581236794712032
thetao,W10p0,10,13,0.06568653795275116,0.06568653795275116
thetao,W40p0,10,3,-0.06565370330126767,0.06565370330126767
so,W30p0,9,17,-0.0656437848518065,0.0656437848518065
so,W30p0,7,15,-0.06558710218005771,0.06558710218005771
thetao,W40p0,4,15,-0.06544666061530699,0.06544666061530699
so,W20p0,3,13,0.06541959867054298,0.06541959867054298
so,W20p0,5,8,-0.06522785186509132,0.06522785186509132
thetao,W60p0,3,19,0.06505059616252137,0.06505059616252137
so,W40p0,2,19,0.06502472346510924,0.06502472346510924
so,W40p0,5,3,-0.06490066789174434,0.06490066789174434
thetao,W20p0,10,1,-0.06480046921965853,0.06480046921965853
so,W40p0,5,1,-0.06479347334687474,0.06479347334687474
thetao,W10p0,8,11,0.06477057574894904,0.06477057574894904
thetao,W30p0,10,14,-0.06471406042881822,0.06471406042881822
so,W10p0,4,2,0.06461158926142961,0.06461158926142961
so,W20p0,8,18,-0.06452476566549946,0.06452476566549946
so,W40p0,2,14,-0.06436028347145345,0.06436028347145345
so,W10p0,6,7,0.06432617809362189,0.06432617809362189
so,W30p0,10,9,-0.06410822905321695,0.06410822905321695
so,W40p0,6,6,0.06404527809668387,0.06404527809668387
so,W40p0,4,5,0.06376541489027071,0.06376541489027071
thetao,W20p0,6,8,0.06375390683643066,0.06375390683643066
so,W20p0,8,9,-0.06363987337477504,0.06363987337477504
thetao,W30p0,1,17,-0.06350010194950663,0.06350010194950663
thetao,W60p0,9,16,0.06341346936295492,0.06341346936295492
thetao,W60p0,10,16,0.06338072439370174,0.06338072439370174
so,W40p0,9,8,0.06327963547307339,0.06327963547307339
thetao,W40p0,6,6,0.06322196605368559,0.06322196605368559
so,W60p0,8,3,0.06311296631970321,0.06311296631970321
so,W10p0,4,7,0.06307404215899312,0.06307404215899312
thetao,W60p0,6,13,0.06299810677385766,0.06299810677385766
thetao,W60p0,6,9,-0.06282367611503317,0.06282367611503317
thetao,W10p0,4,15,0.06281014072207323,0.06281014072207323
so,W10p0,6,0,0.06271092438662086,0.06271092438662086
thetao,W40p0,8,11,0.06252876458092546,0.06252876458092546
thetao,W20p0,10,18,-0.06251221086027897,0.06251221086027897
thetao,W30p0,1,16,-0.06242272086245537,0.06242272086245537
so,W10p0,3,1,-0.0621440380397239,0.0621440380397239
so,W60p0,8,7,-0.061987599747935204,0.061987599747935204
so,W60p0,2,4,-0.061695749376305724,0.061695749376305724
so,W60p0,7,16,-0.061659545439400526,0.061659545439400526
thetao,W20p0,6,6,0.06142321457525067,0.06142321457525067
thetao,W20p0,1,17,-0.06134797157444567,0.06134797157444567
thetao,W10p0,10,16,0.06131338897581063,0.06131338897581063
thetao,W20p0,4,14,-0.06129986180907319,0.06129986180907319
so,W60p0,4,20,0.061209138870089976,0.061209138870089976
thetao,W20p0,7,3,-0.06107551585524596,0.06107551585524596
thetao,W10p0,5,9,0.061055570754667866,0.061055570754667866
thetao,W40p0,3,4,-0.06103848315216513,0.06103848315216513
so,W10p0,4,14,-0.06083776424604299,0.06083776424604299
so,W60p0,4,13,0.06082657435728932,0.06082657435728932
so,W40p0,9,4,0.060332431766237184,0.060332431766237184
so,W30p0,6,3,-0.06028878632958913,0.06028878632958913
thetao,W20p0,8,17,-0.06004561464010192,0.06004561464010192
so,W10p0,2,15,0.06000544192626613,0.06000544192626613
so,W20p0,7,14,-0.05989717428862144,0.05989717428862144
thetao,W10p0,9,20,-0.05984794150028029,0.05984794150028029
so,W20p0,2,19,0.05977606058669082,0.05977606058669082
so,W40p0,8,6,-0.05952705503716314,0.05952705503716314
thetao,W40p0,3,16,-0.059472922410047535,0.059472922410047535
thetao,W20p0,5,19,-0.059456393924042804,0.059456393924042804
so,W60p0,10,13,0.05940324256677995,0.05940324256677995
thetao,W40p0,1,0,-0.05921551795644371,0.05921551795644371
thetao,W60p0,7,18,-0.059193091518067543,0.059193091518067543
so,W40p0,9,1,0.05898767037447981,0.05898767037447981
thetao,W10p0,3,17,0.05889596111713675,0.05889596111713675
so,W40p0,8,7,-0.05889068564105643,0.05889068564105643
so,W60p0,7,18,0.05868175290223048,0.05868175290223048
thetao,W40p0,4,6,-0.058676362794765506,0.058676362794765506
so,W60p0,10,7,-0.05854370428510669,0.05854370428510669
so,W10p0,5,17,-0.05854152828991757,0.05854152828991757
so,W40p0,5,11,-0.058508779507779975,0.058508779507779975
thetao,W30p0,9,6,0.058169032135701335,0.058169032135701335
so,W30p0,4,7,0.05816813050650484,0.05816813050650484
so,W40p0,4,6,0.05805857849887736,0.05805857849887736
thetao,W30p0,5,18,0.057986050928558144,0.057986050928558144
so,W40p0,7,12,-0.057980113411211114,0.057980113411211114
so,W30p0,3,5,0.05762613354782138,0.05762613354782138
so,W10p0,5,10,-0.05738912322676609,0.05738912322676609
so,W20p0,9,14,0.057385353919974354,0.057385353919974354
so,W30p0,9,15,0.057367817438600865,0.057367817438600865
so,W10p0,6,14,0.05725969577227768,0.05725969577227768
thetao,W40p0,4,17,0.05709259571004431,0.05709259571004431
so,W20p0,8,1,0.0569844675130949,0.0569844675130949
thetao,W20p0,8,12,0.056847680808354284,0.056847680808354284
so,W30p0,9,20,-0.05672940362426793,0.05672940362426793
thetao,W20p0,9,10,0.0566524692766484,0.0566524692766484
so,W20p0,10,17,-0.05656602254659202,0.05656602254659202
thetao,W10p0,8,18,0.05650450222059381,0.05650450222059381
so,W60p0,8,6,-0.056486506930551475,0.056486506930551475
so,W40p0,4,14,-0.05613307014720331,0.05613307014720331
thetao,W40p0,4,14,0.05611828642475528,0.05611828642475528
so,W20p0,3,4,-0.05606401752275199,0.05606401752275199
so,W30p0,9,7,-0.05606394751050154,0.05606394751050154
so,W40p0,2,16,-0.05590975189657617,0.05590975189657617
so,W40p0,8,10,-0.05562041737400445,0.05562041737400445
thetao,W60p0,3,20,0.05554469736570388,0.05554469736570388
so,W10p0,7,12,-0.05533600460877226,0.05533600460877226
thetao,W30p0,10,17,0.05496202745524179,0.05496202745524179
so,W60p0,7,4,0.05493031090025722,0.05493031090025722
thetao,W30p0,7,14,-0.05482285791234434,0.05482285791234434
so,W30p0,2,7,0.054482431581540015,0.054482431581540015
thetao,W40p0,10,4,-0.05431943638304297,0.05431943638304297
so,W40p0,6,4,0.05403974712244314,0.05403974712244314
so,W30p0,6,8,-0.053967263662763006,0.053967263662763006
so,W20p0,4,11,-0.05395115094990962,0.05395115094990962
thetao,W10p0,6,9,0.05392200511796229,0.05392200511796229
thetao,W60p0,6,14,0.05388865825655521,0.05388865825655521
so,W40p0,8,11,-0.05387916949996258,0.05387916949996258
so,W40p0,2,1,-0.05380694927522649,0.05380694927522649
so,W30p0,5,17,-0.05363969170359317,0.05363969170359317
so,W60p0,2,7,-0.05339005714214004,0.05339005714214004
thetao,W40p0,3,11,0.05334299302823087,0.05334299302823087
thetao,W40p0,8,5,-0.05333973074370115,0.05333973074370115
thetao,W10p0,4,19,0.05327653710218241,0.05327653710218241
so,W60p0,10,11,0.053270286532510605,0.053270286532510605
thetao,W30p0,9,1,0.05324845522638744,0.05324845522638744
thetao,W20p0,4,19,0.053100009060351325,0.053100009060351325
so,W20p0,5,13,0.05307408757456675,0.05307408757456675
thetao,W20p0,4,15,-0.05299627467963655,0.05299627467963655
so,W20p0,9,19,-0.05282154291179761,0.05282154291179761
thetao,W20p0,4,11,-0.0528203500968103,0.0528203500968103
so,W10p0,8,18,0.052611599024426164,0.052611599024426164
so,W10p0,3,3,-0.052523389050938306,0.052523389050938306
thetao,W30p0,10,20,0.05252201374309243,0.05252201374309243
so,W20p0,9,20,-0.052326936532361285,0.052326936532361285
thetao,W10p0,10,8,0.05232382984612986,0.05232382984612986
thetao,W20p0,5,12,-0.052105394894140976,0.052105394894140976
thetao,W20p0,9,12,-0.05203225403549058,0.05203225403549058
thetao,W20p0,6,3,0.05186917469123638,0.05186917469123638
thetao,W10p0,10,9,0.05166820408884738,0.05166820408884738
thetao,W10p0,4,6,-0.05147575198343653,0.05147575198343653
thetao,W40p0,1,15,-0.0514099892732591,0.0514099892732591
so,W60p0,10,20,0.05137126154578523,0.05137126154578523
thetao,W20p0,3,16,-0.051355227069848686,0.051355227069848686
thetao,W40p0,9,6,0.051221648674888466,0.051221648674888466
so,W20p0,4,19,-0.05118255942147449,0.05118255942147449
thetao,W30p0,7,20,0.051116890139007616,0.051116890139007616
thetao,W60p0,7,13,-0.05106721793305328,0.05106721793305328
thetao,W10p0,6,7,-0.05072174724314411,0.05072174724314411
so,W20p0,4,2,0.050563485160695525,0.050563485160695525
thetao,W20p0,8,13,0.050530633134962304,0.050530633134962304
so,W40p0,5,12,-0.050500909295030434,0.050500909295030434
so,W40p0,3,19,0.05049940178122161,0.05049940178122161
thetao,W20p0,6,12,0.050357370136855165,0.050357370136855165
thetao,W60p0,9,20,-0.05001048722364751,0.05001048722364751
thetao,W10p0,9,12,0.04999041324348702,0.04999041324348702
so,W20p0,9,15,0.04992099490454466,0.04992099490454466
so,W30p0,10,7,0.0498729308317993,0.0498729308317993
thetao,W30p0,1,2,-0.04980072196391943,0.04980072196391943
so,W20p0,5,19,0.04939291046906284,0.04939291046906284
thetao,W10p0,5,7,0.04878838102577395,0.04878838102577395
thetao,W30p0,9,16,-0.04850657806606846,0.04850657806606846
so,W60p0,2,18,0.04850083046324816,0.04850083046324816
so,W40p0,3,17,-0.04849942308608718,0.04849942308608718
so,W10p0,3,18,-0.04846501701061022,0.04846501701061022
thetao,W30p0,10,0,-0.04830993690185924,0.04830993690185924
thetao,W40p0,6,5,0.04818640631122074,0.04818640631122074
thetao,W10p0,6,10,0.04780584916759439,0.04780584916759439
so,W60p0,8,12,0.04780116984052794,0.04780116984052794
thetao,W10p0,5,6,0.047548538934212355,0.047548538934212355
so,W20p0,9,7,0.04749436553667891,0.04749436553667891
thetao,W20p0,6,4,0.04734860088530417,0.04734860088530417
thetao,W40p0,7,12,-0.04718414489977042,0.04718414489977042
so,W30p0,4,9,0.04717626406862038,0.04717626406862038
thetao,W40p0,4,2,-0.047105206344917175,0.047105206344917175
so,W10p0,10,16,0.04698365052004451,0.04698365052004451
so,W10p0,5,7,-0.04681348968606163,0.04681348968606163
so,W10p0,10,12,0.046531011336838596,0.046531011336838596
thetao,W30p0,10,12,-0.0464648209946462,0.0464648209946462
thetao,W20p0,3,17,-0.046257037701576166,0.046257037701576166
so,W60p0,6,0,0.04616521683394233,0.04616521683394233
so,W20p0,6,18,0.04616179360523781,0.04616179360523781
thetao,W40p0,3,6,-0.046106420925405525,0.046106420925405525
so,W10p0,4,13,-0.046043851779656086,0.046043851779656086
so,W20p0,8,4,0.04602746087591984,0.04602746087591984
thetao,W10p0,9,9,0.046000282142462205,0.046000282142462205
thetao,W20p0,6,18,-0.04596171426781485,0.04596171426781485
so,W20p0,9,1,0.045830922628522744,0.045830922628522744
thetao,W30p0,3,2,0.04581992949433486,0.04581992949433486
thetao,W60p0,7,17,-0.04565342406630049,0.04565342406630049
so,W30p0,10,18,-0.04565174530690376,0.04565174530690376
so,W30p0,5,5,0.04555164296814818,0.04555164296814818
thetao,W10p0,8,19,-0.0453144471553151,0.0453144471553151
so,W40p0,3,12,0.045249726766265486,0.045249726766265486
so,W10p0,6,11,0.045122648426758116,0.045122648426758116
so,W20p0,8,8,-0.045122287361812535,0.045122287361812535
so,W10p0,9,7,0.04505600642284997,0.04505600642284997
so,W20p0,9,2,0.04499832555189155,0.04499832555189155
thetao,W40p0,3,18,-0.0449482857429971,0.0449482857429971
so,W10p0,3,2,-0.04491763474603867,0.04491763474603867
thetao,W60p0,4,17,0.044717370907563,0.044717370907563
so,W20p0,3,5,-0.0445813262893598,0.0445813262893598
thetao,W10p0,5,0,0.04457838658922055,0.04457838658922055
thetao,W10p0,9,13,0.044502409824716385,0.044502409824716385
thetao,W40p0,10,6,-0.044411492761705224,0.044411492761705224
thetao,W10p0,3,19,0.04439243656246423,0.04439243656246423
thetao,W30p0,7,16,-0.04421510860795068,0.04421510860795068
so,W60p0,10,17,0.044183754370572745,0.044183754370572745
thetao,W20p0,8,16,-0.0441566946631641,0.0441566946631641
so,W30p0,5,14,-0.043855307008861644,0.043855307008861644
thetao,W30p0,1,1,-0.04372990646594597,0.04372990646594597
thetao,W20p0,9,5,0.04352632029873129,0.04352632029873129
so,W10p0,8,20,-0.04345242845239062,0.04345242845239062
so,W30p0,3,4,0.04342566936798439,0.04342566936798439
thetao,W20p0,9,11,0.04339665487405386,0.04339665487405386
so,W40p0,4,15,-0.04324379903381762,0.04324379903381762
so,W10p0,7,20,-0.04323672958369043,0.04323672958369043
so,W40p0,4,0,-0.04321789213774026,0.04321789213774026
so,W30p0,5,13,-0.043119600668813804,0.043119600668813804
so,W20p0,7,17,-0.043063553754641604,0.043063553754641604
thetao,W10p0,4,13,0.043020550269080235,0.043020550269080235
thetao,W40p0,10,12,0.043000233937277324,0.043000233937277324
so,W20p0,10,11,-0.042980319537814574,0.042980319537814574
thetao,W20p0,3,1,-0.04293815014406644,0.04293815014406644
so,W20p0,10,12,-0.04238620626274809,0.04238620626274809
so,W40p0,2,6,-0.042308316341282834,0.042308316341282834
thetao,W60p0,9,4,0.04218952861701908,0.04218952861701908
thetao,W30p0,9,10,0.04209517003735288,0.04209517003735288
so,W30p0,4,11,-0.041972273019219616,0.041972273019219616
so,W30p0,4,15,-0.0417094414236359,0.0417094414236359
thetao,W20p0,8,9,-0.04169498481140439,0.04169498481140439
so,W10p0,7,19,0.041641594390360206,0.041641594390360206
thetao,W30p0,1,8,-0.04150477460681824,0.04150477460681824
so,W30p0,9,5,-0.04124283451818267,0.04124283451818267
so,W60p0,2,12,0.0411591160660052,0.0411591160660052
so,W10p0,3,16,-0.04104742796116319,0.04104742796116319
so,W40p0,3,10,-0.04085663214757967,0.04085663214757967
so,W10p0,9,6,0.04080469014770621,0.04080469014770621
so,W20p0,4,6,-0.04065180981520879,0.04065180981520879
thetao,W30p0,7,15,-0.0405778117010788,0.0405778117010788
so,W30p0,6,9,0.0405105152499043,0.0405105152499043
so,W20p0,9,5,0.04049473440396622,0.04049473440396622
thetao,W10p0,9,10,0.04047260907257858,0.04047260907257858
thetao,W30p0,1,15,-0.0403252690162248,0.0403252690162248
thetao,W60p0,4,19,-0.04023812349975402,0.04023812349975402
thetao,W60p0,6,10,-0.04013753921036287,0.04013753921036287
thetao,W30p0,9,15,0.039879501662326004,0.039879501662326004
so,W40p0,3,11,0.039870456875620436,0.039870456875620436
so,W20p0,8,7,-0.0398517341238351,0.0398517341238351
so,W20p0,8,2,0.03970375124012438,0.03970375124012438
thetao,W40p0,9,2,0.03964899283343873,0.03964899283343873
thetao,W20p0,6,11,0.03964404200857508,0.03964404200857508
thetao,W40p0,1,16,-0.03956186797422465,0.03956186797422465
so,W30p0,10,8,-0.039558733158455865,0.039558733158455865
thetao,W40p0,4,9,0.039528091358560995,0.039528091358560995
so,W60p0,10,12,0.03944892942106761,0.03944892942106761
thetao,W40p0,4,19,0.03937057466785046,0.03937057466785046
so,W30p0,5,16,-0.039293748941924174,0.039293748941924174
so,W30p0,3,6,0.03923050658096204,0.03923050658096204
thetao,W40p0,3,8,0.039142261161145234,0.039142261161145234
so,W20p0,3,6,-0.039141498826607925,0.039141498826607925
so,W30p0,5,7,-0.0391398211265238,0.0391398211265238
thetao,W40p0,8,10,-0.039070430794399924,0.039070430794399924
so,W30p0,5,20,0.039047529277293054,0.039047529277293054
thetao,W40p0,7,0,0.03898175684555065,0.03898175684555065
so,W10p0,8,15,0.03881057628676864,0.03881057628676864
so,W10p0,8,2,-0.03870822399612677,0.03870822399612677
thetao,W10p0,4,14,0.038432644039784976,0.038432644039784976
thetao,W40p0,10,17,-0.038256843454432164,0.038256843454432164
so,W60p0,10,9,0.03805914118644288,0.03805914118644288
so,W20p0,9,18,0.03775529850323232,0.03775529850323232
so,W20p0,9,16,0.037749925685263704,0.037749925685263704
so,W10p0,3,19,-0.037724419140349665,0.037724419140349665
so,W60p0,2,6,-0.03768200058943909,0.03768200058943909
thetao,W60p0,9,17,0.03761639175372869,0.03761639175372869
so,W20p0,9,9,0.037459264216079584,0.037459264216079584
thetao,W20p0,5,14,-0.03745113374789149,0.03745113374789149
so,W20p0,5,20,0.037334909018811195,0.037334909018811195
thetao,W10p0,9,11,0.03711382507175836,0.03711382507175836
so,W60p0,8,10,-0.0371114226725774,0.0371114226725774
so,W10p0,2,12,-0.037104992973416316,0.037104992973416316
thetao,W10p0,3,13,0.03685751891837551,0.03685751891837551
so,W40p0,7,1,0.03678430606710505,0.03678430606710505
so,W60p0,2,0,-0.03662059035551036,0.03662059035551036
thetao,W30p0,1,18,-0.03657760468138153,0.03657760468138153
so,W30p0,3,8,0.03638135239243444,0.03638135239243444
thetao,W20p0,5,9,-0.03634925038503489,0.03634925038503489
thetao,W60p0,9,18,0.03633015290172518,0.03633015290172518
thetao,W10p0,3,12,0.03599633276258332,0.03599633276258332
so,W30p0,10,11,-0.0359278279350351,0.0359278279350351
so,W10p0,5,1,-0.03570492596530157,0.03570492596530157
so,W30p0,7,19,-0.035440425354264934,0.035440425354264934
thetao,W40p0,10,16,0.03525096577432503,0.03525096577432503
so,W30p0,5,3,-0.03520418746888105,0.03520418746888105
thetao,W60p0,2,0,0.035156115004628515,0.035156115004628515
so,W30p0,8,11,-0.03511004261675542,0.03511004261675542
so,W10p0,9,4,0.035102364136012726,0.035102364136012726
so,W20p0,9,10,-0.035076885154206004,0.035076885154206004
so,W40p0,7,19,-0.0350077824190705,0.0350077824190705
so,W20p0,3,12,0.03480258511644187,0.03480258511644187
thetao,W40p0,7,5,0.03476082548891581,0.03476082548891581
so,W40p0,5,15,-0.034623858577864666,0.034623858577864666
thetao,W30p0,9,12,-0.03458848736088405,0.03458848736088405
thetao,W60p0,10,0,-0.03456197591036894,0.03456197591036894
so,W20p0,3,11,-0.03428893845311673,0.03428893845311673
thetao,W40p0,3,12,0.034242417311320404,0.034242417311320404
so,W60p0,10,10,0.034217705804212586,0.034217705804212586
so,W40p0,7,8,0.03407434321193083,0.03407434321193083
so,W40p0,8,18,0.03355748455199211,0.03355748455199211
thetao,W20p0,6,13,0.03335495065071581,0.03335495065071581
so,W40p0,4,4,0.03330738728769025,0.03330738728769025
so,W30p0,10,10,-0.03327280938169313,0.03327280938169313
so,W20p0,6,11,-0.03326392015548064,0.03326392015548064
so,W30p0,4,16,-0.0332481974512878,0.0332481974512878
thetao,W20p0,6,10,0.03286410327715659,0.03286410327715659
thetao,W40p0,10,13,0.032863516425701504,0.032863516425701504
so,W60p0,4,6,-0.03278529125260209,0.03278529125260209
thetao,W20p0,7,5,-0.03270760095708933,0.03270760095708933
thetao,W30p0,9,8,-0.032529476520575897,0.032529476520575897
so,W40p0,8,12,-0.03233777872659067,0.03233777872659067
so,W20p0,8,6,-0.032283297135789486,0.032283297135789486
thetao,W10p0,4,7,-0.03228245207559217,0.03228245207559217
so,W40p0,3,14,-0.03226145448575441,0.03226145448575441
thetao,W10p0,5,8,0.03221205732474828,0.03221205732474828
so,W60p0,10,19,0.03214962149746822,0.03214962149746822
thetao,W20p0,10,19,0.03208164687830438,0.03208164687830438
so,W30p0,8,12,0.03205062505695558,0.03205062505695558
so,W40p0,7,11,-0.03188830414053313,0.03188830414053313
so,W60p0,6,9,0.031843133918230654,0.031843133918230654
so,W30p0,3,7,0.03159335788596394,0.03159335788596394
so,W10p0,8,19,-0.03153716418557468,0.03153716418557468
thetao,W40p0,3,9,0.031533793642287505,0.031533793642287505
thetao,W10p0,10,4,0.03111889984158538,0.03111889984158538
so,W10p0,10,11,0.031062195146033464,0.031062195146033464
thetao,W10p0,10,17,-0.030997903765042193,0.030997903765042193
thetao,W40p0,4,4,-0.030976823802976557,0.030976823802976557
so,W10p0,10,2,0.030926089509128035,0.030926089509128035
so,W40p0,6,1,-0.03090298604086393,0.03090298604086393
thetao,W30p0,10,10,0.03089723803222864,0.03089723803222864
so,W30p0,9,11,-0.030752406846759086,0.030752406846759086
thetao,W10p0,5,5,0.030711768183660844,0.030711768183660844
thetao,W20p0,3,11,-0.030711122886063844,0.030711122886063844
so,W20p0,4,9,-0.03061198482443027,0.03061198482443027
thetao,W10p0,4,20,0.03046355896183127,0.03046355896183127
so,W30p0,7,18,-0.030329197583168065,0.030329197583168065
so,W30p0,5,15,-0.03032482762061314,0.03032482762061314
thetao,W20p0,5,8,0.0302567978918213,0.0302567978918213
so,W20p0,9,4,0.030254824742574165,0.030254824742574165
so,W20p0,9,13,0.030230355530296037,0.030230355530296037
thetao,W10p0,8,9,0.030149485691294452,0.030149485691294452
thetao,W60p0,4,20,-0.030140419275516042,0.030140419275516042
so,W30p0,2,1,-0.030138007250635878,0.030138007250635878
so,W10p0,3,17,-0.030078095005465863,0.030078095005465863
thetao,W60p0,6,4,-0.03000319223374092,0.03000319223374092
thetao,W40p0,7,10,0.02991856642774207,0.02991856642774207
thetao,W20p0,3,18,-0.029764886344669186,0.029764886344669186
so,W20p0,4,10,-0.029678361478837567,0.029678361478837567
so,W40p0,9,6,0.02922232651097861,0.02922232651097861
so,W40p0,3,13,-0.02921898732153746,0.02921898732153746
so,W30p0,2,6,0.029196731696708497,0.029196731696708497
so,W30p0,5,12,-0.02903824294234151,0.02903824294234151
thetao,W10p0,3,18,0.028945236699114325,0.028945236699114325
thetao,W60p0,4,13,0.02882772304131879,0.02882772304131879
so,W10p0,6,9,0.0286858058993861,0.0286858058993861
so,W20p0,4,5,-0.0286729437219351,0.0286729437219351
thetao,W60p0,6,3,0.028465999035721855,0.028465999035721855
thetao,W40p0,4,3,-0.028436080824747342,0.028436080824747342
thetao,W30p0,9,11,0.028326597332460096,0.028326597332460096
thetao,W60p0,10,1,-0.02829457397718746,0.02829457397718746
so,W60p0,10,18,0.02826364195241367,0.02826364195241367
so,W30p0,6,6,-0.02821702754372314,0.02821702754372314
so,W30p0,6,5,0.028120230789818804,0.028120230789818804
thetao,W30p0,9,13,-0.02803679924851668,0.02803679924851668
thetao,W30p0,10,15,0.027954602958244805,0.027954602958244805
so,W20p0,4,4,-0.027926096948839334,0.027926096948839334
so,W20p0,4,20,-0.027796955556681057,0.027796955556681057
so,W20p0,6,19,-0.027707154227825187,0.027707154227825187
so,W30p0,2,5,0.027606006621017712,0.027606006621017712
thetao,W20p0,7,6,-0.027507932084773642,0.027507932084773642
thetao,W30p0,1,9,-0.02747309307854696,0.02747309307854696
thetao,W20p0,5,13,-0.027209994170422323,0.027209994170422323
so,W30p0,5,19,0.02718025120302956,0.02718025120302956
so,W30p0,9,14,0.02699098614158106,0.02699098614158106
so,W60p0,4,12,0.026906877893871337,0.026906877893871337
so,W40p0,8,14,0.026839051753929782,0.026839051753929782
so,W30p0,9,9,-0.026804428882660117,0.026804428882660117
thetao,W60p0,8,8,0.026436048105483823,0.026436048105483823
so,W40p0,8,8,-0.026140668341534404,0.026140668341534404
thetao,W40p0,10,2,0.026046252976652147,0.026046252976652147
thetao,W30p0,5,17,-0.026039419074733047,0.026039419074733047
thetao,W10p0,4,11,-0.025842017826892126,0.025842017826892126
thetao,W10p0,7,4,-0.025786736587572776,0.025786736587572776
so,W10p0,3,20,0.02544520604988095,0.02544520604988095
thetao,W60p0,3,10,-0.025336958558017403,0.025336958558017403
thetao,W60p0,3,11,0.025279944166536665,0.025279944166536665
so,W40p0,2,2,0.025002516666812163,0.025002516666812163
so,W40p0,5,4,0.024984416765317992,0.024984416765317992
thetao,W30p0,10,19,0.024818397792286798,0.024818397792286798
thetao,W10p0,9,14,-0.024410745363381735,0.024410745363381735
thetao,W40p0,4,0,0.024141070827390754,0.024141070827390754
so,W10p0,5,11,-0.023994433906253776,0.023994433906253776
thetao,W60p0,7,16,-0.023952136693136238,0.023952136693136238
so,W20p0,10,18,-0.02394398399048442,0.02394398399048442
so,W60p0,4,5,-0.023769233645582595,0.023769233645582595
so,W40p0,7,10,-0.02375427397861863,0.02375427397861863
thetao,W60p0,10,4,-0.023679561894788613,0.023679561894788613
so,W30p0,9,16,0.023103180385647803,0.023103180385647803
so,W40p0,5,13,-0.022981010965459146,0.022981010965459146
thetao,W10p0,6,8,0.022928967112014993,0.022928967112014993
so,W10p0,6,8,0.022841215931620234,0.022841215931620234
so,W40p0,7,13,-0.02271074294878123,0.02271074294878123
thetao,W10p0,10,10,0.022566650479936553,0.022566650479936553
thetao,W60p0,5,18,-0.022468075862862515,0.022468075862862515
so,W10p0,6,10,0.02232954368107226,0.02232954368107226
so,W40p0,4,12,-0.022316619942816376,0.022316619942816376
so,W40p0,9,2,0.022283257584910576,0.022283257584910576
thetao,W20p0,6,17,-0.0222549983016836,0.0222549983016836
thetao,W60p0,8,7,-0.022161138913560727,0.022161138913560727
so,W10p0,6,2,0.0219903060981295,0.0219903060981295
so,W40p0,2,3,0.021948178658469514,0.021948178658469514
thetao,W60p0,6,5,-0.021944975213824356,0.021944975213824356
thetao,W30p0,1,10,-0.02183622151553463,0.02183622151553463
so,W60p0,8,11,0.02179949353723616,0.02179949353723616
so,W40p0,8,13,-0.02177185571776447,0.02177185571776447
thetao,W30p0,9,9,0.021647081436022456,0.021647081436022456
thetao,W40p0,7,11,0.021612056432587408,0.021612056432587408
thetao,W20p0,8,10,0.021545507113943846,0.021545507113943846
thetao,W10p0,4,12,0.021427966245932097,0.021427966245932097
thetao,W30p0,10,5,0.021399659956300627,0.021399659956300627
so,W10p0,10,5,0.02126481635383884,0.02126481635383884
so,W60p0,4,10,0.020857934299859625,0.020857934299859625
so,W30p0,9,10,-0.02082831474258297,0.02082831474258297
thetao,W20p0,6,14,-0.02082373350769531,0.02082373350769531
thetao,W20p0,10,2,-0.020769264563486944,0.020769264563486944
so,W20p0,4,7,-0.020671144671787746,0.020671144671787746
so,W10p0,2,14,0.020450734558599287,0.020450734558599287
thetao,W30p0,1,14,-0.020396004644108182,0.020396004644108182
thetao,W10p0,5,3,-0.02038455509752442,0.02038455509752442
so,W30p0,10,14,0.020336015909074266,0.020336015909074266
thetao,W60p0,6,6,-0.02019049663145314,0.02019049663145314
so,W30p0,5,4,0.02013307196137258,0.02013307196137258
so,W40p0,2,13,-0.020052526135731916,0.020052526135731916
thetao,W30p0,10,6,-0.019858712486853884,0.019858712486853884
thetao,W10p0,5,4,0.019662261725318785,0.019662261725318785
so,W10p0,5,12,0.019479290252249985,0.019479290252249985
thetao,W20p0,8,14,0.019464075781508747,0.019464075781508747
thetao,W40p0,7,9,0.019232297357179236,0.019232297357179236
so,W30p0,5,8,-0.019115147973274883,0.019115147973274883
thetao,W60p0,9,2,0.01901886760943705,0.01901886760943705
thetao,W20p0,3,9,-0.019005855533721503,0.019005855533721503
so,W40p0,2,15,-0.018767267132070553,0.018767267132070553
so,W10p0,9,5,0.018743319328526114,0.018743319328526114
thetao,W40p0,4,8,-0.018704950282837286,0.018704950282837286
thetao,W10p0,8,10,0.01851792716918491,0.01851792716918491
thetao,W20p0,3,10,-0.01840963039649669,0.01840963039649669
thetao,W30p0,4,20,-0.018174971334087672,0.018174971334087672
so,W30p0,7,17,0.018071512566520984,0.018071512566520984
so,W10p0,6,1,-0.01792185772429637,0.01792185772429637
thetao,W30p0,10,11,-0.017816426835619473,0.017816426835619473
so,W40p0,6,3,-0.01764039708726497,0.01764039708726497
so,W60p0,10,8,0.017432312248207054,0.017432312248207054
thetao,W40p0,3,5,-0.01716755558519764,0.01716755558519764
thetao,W20p0,7,4,-0.017021495018079022,0.017021495018079022
so,W20p0,9,12,-0.016852082290440672,0.016852082290440672
so,W40p0,8,0,-0.016767842039586263,0.016767842039586263
thetao,W20p0,6,5,0.016723729357306007,0.016723729357306007
so,W10p0,10,14,-0.016470128045317722,0.016470128045317722
thetao,W20p0,6,20,0.01638875041521684,0.01638875041521684
so,W60p0,7,13,0.01633001822566304,0.01633001822566304
thetao,W10p0,8,20,0.01621256298071999,0.01621256298071999
so,W10p0,8,14,-0.016191762598765796,0.016191762598765796
so,W10p0,7,0,0.01589960642794295,0.01589960642794295
thetao,W10p0,7,5,-0.015788801842867545,0.015788801842867545
so,W10p0,10,13,0.01577661211684785,0.01577661211684785
so,W40p0,7,6,-0.01574457587486371,0.01574457587486371
thetao,W60p0,7,14,0.01559140938776743,0.01559140938776743
so,W60p0,4,18,0.015515350371889081,0.015515350371889081
thetao,W40p0,3,13,0.01537250953200734,0.01537250953200734
thetao,W10p0,10,18,0.015049117083235522,0.015049117083235522
so,W10p0,4,9,-0.014966403392969185,0.014966403392969185
thetao,W40p0,7,6,-0.014962366300224838,0.014962366300224838
thetao,W20p0,7,7,-0.014839566392640335,0.014839566392640335
so,W40p0,6,2,-0.0148045457464771,0.0148045457464771
so,W40p0,2,4,-0.014496469065595556,0.014496469065595556
so,W10p0,3,0,-0.01446271348822291,0.01446271348822291
so,W10p0,4,12,-0.014415501973542785,0.014415501973542785
thetao,W30p0,5,19,0.014141789667571035,0.014141789667571035
thetao,W30p0,1,19,-0.014101969398187246,0.014101969398187246
thetao,W40p0,3,20,0.013994284047587957,0.013994284047587957
so,W20p0,4,3,0.013609745587344187,0.013609745587344187
so,W40p0,9,10,-0.013603743192915909,0.013603743192915909
so,W10p0,8,13,0.013590930901097241,0.013590930901097241
so,W20p0,7,16,0.013442290427587175,0.013442290427587175
thetao,W10p0,10,11,0.013441389444966144,0.013441389444966144
so,W40p0,3,20,-0.01343576664682489,0.01343576664682489
thetao,W40p0,3,7,-0.013419704139186889,0.013419704139186889
so,W40p0,5,14,0.013254416075837576,0.013254416075837576
thetao,W10p0,6,11,0.013060721843091705,0.013060721843091705
so,W30p0,5,18,-0.013000940069048448,0.013000940069048448
so,W20p0,9,0,0.012995383973593752,0.012995383973593752
so,W30p0,5,9,0.01250296815245758,0.01250296815245758
so,W30p0,7,16,0.01248942238079053,0.01248942238079053
thetao,W30p0,1,11,0.012426935913077298,0.012426935913077298
so,W10p0,2,13,-0.012295444385562817,0.012295444385562817
thetao,W60p0,9,5,-0.012239970767909478,0.012239970767909478
so,W30p0,4,10,0.012062211401958699,0.012062211401958699
so,W10p0,5,14,-0.01180729070996965,0.01180729070996965
thetao,W60p0,4,14,0.011794941779463712,0.011794941779463712
so,W10p0,9,14,-0.011688664445746962,0.011688664445746962
thetao,W40p0,4,1,-0.011672825743409835,0.011672825743409835
so,W30p0,2,3,-0.011349329426696763,0.011349329426696763
thetao,W40p0,7,7,0.010745711479143756,0.010745711479143756
so,W20p0,9,11,-0.010534108841483002,0.010534108841483002
thetao,W40p0,3,15,-0.010531906474806967,0.010531906474806967
thetao,W60p0,9,1,0.010528470566024474,0.010528470566024474
thetao,W20p0,9,6,0.01052657922030852,0.01052657922030852
so,W10p0,4,8,-0.010452510720853988,0.010452510720853988
thetao,W40p0,4,7,-0.010432725738741228,0.010432725738741228
so,W30p0,2,2,0.010396216984992967,0.010396216984992967
so,W60p0,7,17,-0.010321545928795582,0.010321545928795582
so,W20p0,6,10,0.010205103067913853,0.010205103067913853
thetao,W20p0,3,8,-0.01014817133715008,0.01014817133715008
thetao,W10p0,3,0,0.009741919874790705,0.009741919874790705
so,W10p0,10,20,-0.009614978742935033,0.009614978742935033
thetao,W60p0,7,15,0.00950234023603764,0.00950234023603764
so,W40p0,7,7,-0.009498918476469123,0.009498918476469123
so,W60p0,8,4,-0.009462391888623686,0.009462391888623686
thetao,W40p0,3,3,0.009410127949171903,0.009410127949171903
so,W20p0,4,0,0.009375690767212914,0.009375690767212914
thetao,W40p0,7,8,0.009297994629482739,0.009297994629482739
so,W40p0,9,5,0.009295219941770412,0.009295219941770412
so,W10p0,10,4,-0.008975288336856329,0.008975288336856329
thetao,W60p0,2,20,-0.0086772082899798,0.0086772082899798
so,W30p0,5,10,0.008544693463976927,0.008544693463976927
thetao,W20p0,4,13,-0.008494375895033806,0.008494375895033806
so,W20p0,7,18,0.008444759295151797,0.008444759295151797
thetao,W20p0,8,15,0.008286321714569281,0.008286321714569281
thetao,W10p0,7,6,-0.008214680115635278,0.008214680115635278
thetao,W40p0,10,1,0.008198570155167846,0.008198570155167846
thetao,W30p0,9,7,-0.0081094633828352,0.0081094633828352
thetao,W40p0,10,0,-0.007881498596001015,0.007881498596001015
thetao,W30p0,10,18,0.007850890745180403,0.007850890745180403
thetao,W30p0,7,17,-0.007825977839057214,0.007825977839057214
thetao,W30p0,5,20,-0.007779418832206908,0.007779418832206908
so,W40p0,8,19,0.007774169695452869,0.007774169695452869
so,W10p0,7,14,0.00771913213555152,0.00771913213555152
thetao,W30p0,1,12,0.00754460211863716,0.00754460211863716
thetao,W20p0,4,12,0.00752605290596652,0.00752605290596652
so,W30p0,3,3,0.007422068685278823,0.007422068685278823
so,W20p0,4,8,0.006652967928992243,0.006652967928992243
so,W20p0,7,15,0.00641763760426098,0.00641763760426098
so,W40p0,7,9,-0.0063261939681619785,0.0063261939681619785
thetao,W20p0,1,0,-0.006261813697051084,0.006261813697051084
thetao,W60p0,4,18,-0.0061792634403806754,0.0061792634403806754
thetao,W20p0,3,15,-0.006131989263221163,0.006131989263221163
so,W30p0,6,4,0.006101053584975124,0.006101053584975124
so,W20p0,6,15,-0.005998359810376871,0.005998359810376871
so,W30p0,5,11,0.005779166762740107,0.005779166762740107
thetao,W40p0,10,5,0.005306719545890624,0.005306719545890624
so,W60p0,4,19,-0.0050369888541562284,0.0050369888541562284
so,W20p0,8,5,-0.004975168829471558,0.004975168829471558
so,W20p0,5,12,0.004644887684487971,0.004644887684487971
so,W20p0,5,11,-0.004355375601846516,0.004355375601846516
so,W30p0,9,12,-0.0043273936457499836,0.0043273936457499836
thetao,W30p0,8,9,0.004244340922287793,0.004244340922287793
so,W40p0,9,9,-0.004180396311813861,0.004180396311813861
thetao,W20p0,6,2,0.003941010774667009,0.003941010774667009
so,W30p0,9,6,0.0035965889609157462,0.0035965889609157462
thetao,W20p0,3,13,0.003362978999953541,0.003362978999953541
so,W30p0,10,17,-0.003361667948245543,0.003361667948245543
thetao,W40p0,3,10,0.003223425966400456,0.003223425966400456
thetao,W20p0,3,12,-0.0031611593616060313,0.0031611593616060313
thetao,W20p0,3,14,0.003031234770073986,0.003031234770073986
thetao,W30p0,8,10,-0.0029534978320241226,0.0029534978320241226
so,W10p0,10,3,-0.002928784368631685,0.002928784368631685
so,W40p0,2,5,0.002798914291117199,0.002798914291117199
thetao,W60p0,6,11,-0.002763934061856771,0.002763934061856771
so,W20p0,2,0,0.002627330836613231,0.002627330836613231
so,W60p0,2,11,-0.0025740709086332263,0.0025740709086332263
thetao,W30p0,9,14,0.0022686898046227312,0.0022686898046227312
so,W30p0,9,13,0.0021646869016127175,0.0021646869016127175
thetao,W20p0,8,8,0.0019762281368847947,0.0019762281368847947
thetao,W20p0,4,16,-0.001869592759594962,0.001869592759594962
so,W60p0,4,8,0.0015759431432031663,0.0015759431432031663
thetao,W60p0,9,19,-0.0014318322124360194,0.0014318322124360194
so,W40p0,8,20,0.0013949035940069435,0.0013949035940069435
thetao,W30p0,10,9,-0.0013845107200984876,0.0013845107200984876
so,W40p0,4,3,0.001353614705428117,0.001353614705428117
thetao,W10p0,7,7,-0.0013386723560331827,0.0013386723560331827
so,W20p0,9,6,-0.0009753018366009844,0.0009753018366009844
so,W40p0,8,9,0.0008542146493437799,0.0008542146493437799
thetao,W40p0,10,8,0.0007892972588284793,0.0007892972588284793
thetao,W30p0,1,13,0.0007787879724346543,0.0007787879724346543
so,W30p0,4,19,-0.0006951920108628744,0.0006951920108628744
so,W10p0,10,15,0.0006487286195290836,0.0006487286195290836
so,W30p0,2,4,-0.0006164303722638858,0.0006164303722638858
so,W60p0,4,11,0.0004526022718793015,0.0004526022718793015
thetao,W40p0,3,14,0.0002687262763457085,0.0002687262763457085
so,W40p0,5,5,-0.00025947196979945645,0.00025947196979945645
so,W30p0,5,6,-0.00025337963968620367,0.00025337963968620367
