var,lon_tag,mode,lag,corr,abs_corr
thetao,W40p0,3,0,0.7552272986383918,0.7552272986383918
so,W60p0,1,0,0.655190504812646,0.655190504812646
thetao,W60p0,2,0,-0.614795650894958,0.614795650894958
so,W60p0,1,1,0.5947717636056818,0.5947717636056818
so,W40p0,2,0,0.5471285015159314,0.5471285015159314
thetao,W30p0,9,20,0.5449320245452319,0.5449320245452319
so,W30p0,1,4,-0.5334306365026983,0.5334306365026983
so,W30p0,1,3,-0.5268948774716116,0.5268948774716116
so,W40p0,2,1,0.5220370496142408,0.5220370496142408
so,W60p0,1,2,0.5091758864061193,0.5091758864061193
thetao,W60p0,2,1,-0.5088770108932177,0.5088770108932177
thetao,W40p0,3,1,0.5063180638073255,0.5063180638073255
thetao,W10p0,1,0,-0.5010701854630853,0.5010701854630853
thetao,W10p0,1,1,-0.5008943735129001,0.5008943735129001
thetao,W30p0,9,19,0.4844152748272419,0.4844152748272419
thetao,W10p0,1,2,-0.4838837488942846,0.4838837488942846
so,W30p0,1,2,-0.4836794844721322,0.4836794844721322
so,W20p0,2,1,0.48224259809512704,0.48224259809512704
so,W40p0,2,2,0.4793329915533536,0.4793329915533536
thetao,W30p0,9,18,0.47878987506745185,0.47878987506745185
so,W10p0,4,4,-0.47867179091126794,0.47867179091126794
so,W10p0,5,15,-0.4778672888994693,0.4778672888994693
thetao,W10p0,1,3,-0.47424761812614186,0.47424761812614186
so,W20p0,2,2,0.47267724416494944,0.47267724416494944
thetao,W10p0,1,6,-0.4687630389556397,0.4687630389556397
so,W40p0,3,0,-0.4680736123925922,0.4680736123925922
thetao,W30p0,9,17,0.46682070751513655,0.46682070751513655
so,W30p0,1,5,-0.46660827133551647,0.46660827133551647
so,W10p0,4,0,-0.4662753544548524,0.4662753544548524
thetao,W10p0,1,4,-0.46595269166528935,0.46595269166528935
so,W10p0,4,1,-0.4645212337209397,0.4645212337209397
so,W10p0,4,3,-0.4602311336550643,0.4602311336550643
thetao,W40p0,7,20,0.45762991810214443,0.45762991810214443
thetao,W10p0,1,5,-0.45729160907885175,0.45729160907885175
thetao,W20p0,2,0,-0.45046587219808226,0.45046587219808226
so,W10p0,4,2,-0.4480646783913591,0.4480646783913591
so,W20p0,2,3,0.4433399079970647,0.4433399079970647
thetao,W30p0,4,2,0.43926613047895724,0.43926613047895724
thetao,W10p0,1,7,-0.43794057905442096,0.43794057905442096
so,W30p0,2,0,0.4367856391602752,0.4367856391602752
thetao,W20p0,6,19,0.4332324267031431,0.4332324267031431
thetao,W60p0,2,2,-0.42576806855733623,0.42576806855733623
so,W10p0,5,16,-0.42520732398988004,0.42520732398988004
so,W60p0,2,9,0.4252017133900744,0.4252017133900744
thetao,W30p0,4,0,0.4213992966245929,0.4213992966245929
thetao,W40p0,3,2,0.42037247409021106,0.42037247409021106
so,W30p0,1,6,-0.42009033446254834,0.42009033446254834
so,W10p0,4,11,-0.4196208345134805,0.4196208345134805
so,W40p0,2,3,0.41824308386564996,0.41824308386564996
so,W10p0,5,17,-0.4158276921924897,0.4158276921924897
thetao,W30p0,4,1,0.4155915196061636,0.4155915196061636
thetao,W40p0,6,4,0.4147436312732066,0.4147436312732066
thetao,W60p0,4,20,0.41381121653632413,0.41381121653632413
so,W60p0,1,3,0.4136779878190524,0.4136779878190524
so,W60p0,2,16,0.41090859372508953,0.41090859372508953
so,W10p0,4,5,-0.40793373102273606,0.40793373102273606
so,W20p0,7,14,0.4074189418029262,0.4074189418029262
so,W20p0,2,4,0.4062041747985756,0.4062041747985756
thetao,W10p0,1,8,-0.4027878142454124,0.4027878142454124
so,W10p0,5,14,-0.4026238495720829,0.4026238495720829
thetao,W30p0,2,0,-0.4011539942704804,0.4011539942704804
thetao,W20p0,6,20,0.399998008815735,0.399998008815735
so,W20p0,10,15,-0.39990543700425457,0.39990543700425457
thetao,W40p0,4,18,-0.3986804578176182,0.3986804578176182
so,W60p0,2,10,0.39819684256326776,0.39819684256326776
thetao,W10p0,1,11,-0.39789431661976743,0.39789431661976743
so,W20p0,6,0,0.39766566981781126,0.39766566981781126
thetao,W10p0,1,9,-0.3963545102222302,0.3963545102222302
so,W30p0,6,20,-0.39540959334497494,0.39540959334497494
thetao,W30p0,3,2,0.3953425183705064,0.3953425183705064
so,W10p0,4,10,-0.39221878590444487,0.39221878590444487
so,W30p0,1,1,-0.3898058898345259,0.3898058898345259
thetao,W40p0,5,11,0.38670463687587625,0.38670463687587625
thetao,W30p0,3,3,0.3863372369660172,0.3863372369660172
thetao,W20p0,3,19,-0.38264415788693673,0.38264415788693673
so,W10p0,5,7,-0.38254432138023126,0.38254432138023126
thetao,W30p0,9,16,0.3825191025984741,0.3825191025984741
thetao,W40p0,4,19,-0.381959360680861,0.381959360680861
thetao,W20p0,3,20,-0.38168389171039646,0.38168389171039646
so,W40p0,5,3,-0.3801894157942275,0.3801894157942275
so,W40p0,5,2,-0.37886075460895763,0.37886075460895763
thetao,W10p0,1,12,-0.37822432529683486,0.37822432529683486
thetao,W10p0,5,20,0.37814019758959927,0.37814019758959927
thetao,W40p0,6,18,-0.3778354261556927,0.3778354261556927
thetao,W20p0,9,6,-0.37717401186125543,0.37717401186125543
so,W10p0,3,1,-0.3751908360874921,0.3751908360874921
thetao,W60p0,5,19,0.3746173508529749,0.3746173508529749
thetao,W40p0,5,12,0.3744144969696418,0.3744144969696418
thetao,W10p0,1,20,-0.37008206597091137,0.37008206597091137
thetao,W40p0,4,17,-0.3699876241797567,0.3699876241797567
so,W30p0,6,19,-0.3698765320439187,0.3698765320439187
so,W30p0,1,7,-0.36633315700780256,0.36633315700780256
thetao,W30p0,4,3,0.3658908494081118,0.3658908494081118
thetao,W10p0,1,10,-0.36533485651387426,0.36533485651387426
thetao,W40p0,6,3,0.36467464279063444,0.36467464279063444
so,W20p0,10,2,-0.36311533063064266,0.36311533063064266
thetao,W40p0,5,10,0.36237337088985055,0.36237337088985055
thetao,W60p0,2,3,-0.36225651944422066,0.36225651944422066
thetao,W40p0,5,9,0.36222191854807945,0.36222191854807945
so,W20p0,10,6,-0.3621428144588661,0.3621428144588661
so,W60p0,2,15,0.3613901696442425,0.3613901696442425
so,W60p0,1,4,0.3598391821599732,0.3598391821599732
so,W20p0,10,17,-0.3596888523901366,0.3596888523901366
thetao,W20p0,6,18,0.3592910550312992,0.3592910550312992
thetao,W20p0,1,3,0.3574374171914537,0.3574374171914537
so,W20p0,10,3,-0.35502207239346917,0.35502207239346917
thetao,W60p0,2,4,-0.3549708916191631,0.3549708916191631
so,W20p0,10,16,-0.35364603944645046,0.35364603944645046
so,W20p0,10,7,-0.35361696380002455,0.35361696380002455
thetao,W30p0,8,15,0.3532059147806971,0.3532059147806971
so,W10p0,9,0,-0.3524240273715796,0.3524240273715796
thetao,W40p0,6,19,-0.35226665724097667,0.35226665724097667
so,W10p0,4,12,-0.35217287919855134,0.35217287919855134
so,W10p0,5,8,-0.3514277621626304,0.3514277621626304
so,W20p0,2,0,0.3506011382481732,0.3506011382481732
so,W10p0,3,0,-0.35007725799359635,0.35007725799359635
so,W20p0,7,11,0.34883782197194646,0.34883782197194646
thetao,W40p0,6,5,0.34807293240474274,0.34807293240474274
so,W20p0,7,13,0.34801724551937907,0.34801724551937907
so,W20p0,7,12,0.3477880928007676,0.3477880928007676
thetao,W20p0,3,18,-0.34774682051840045,0.34774682051840045
so,W10p0,5,5,-0.34699272724683344,0.34699272724683344
so,W10p0,4,6,-0.3458616589390869,0.3458616589390869
so,W60p0,9,19,0.3453917902685904,0.3453917902685904
thetao,W30p0,3,4,0.34519944292376253,0.34519944292376253
so,W10p0,2,3,0.34478497816608167,0.34478497816608167
so,W60p0,2,11,0.3443497610878738,0.3443497610878738
thetao,W20p0,9,3,-0.34433341584457877,0.34433341584457877
so,W10p0,2,2,0.34281483918419275,0.34281483918419275
so,W10p0,5,6,-0.34233649856080567,0.34233649856080567
so,W40p0,5,1,-0.3409861453273693,0.3409861453273693
so,W20p0,2,5,0.3401284609070535,0.3401284609070535
so,W60p0,2,19,0.33969189845850584,0.33969189845850584
so,W20p0,10,5,-0.3394884934263945,0.3394884934263945
thetao,W10p0,1,13,-0.3393775044510444,0.3393775044510444
so,W10p0,5,13,-0.33852823500705187,0.33852823500705187
thetao,W30p0,3,1,0.3384347485727281,0.3384347485727281
so,W10p0,5,20,-0.33809684004778884,0.33809684004778884
so,W40p0,10,9,-0.33653919686189376,0.33653919686189376
thetao,W20p0,7,17,-0.33612790066491927,0.33612790066491927
so,W30p0,8,1,-0.33542355267820784,0.33542355267820784
so,W40p0,10,8,-0.33474057872768853,0.33474057872768853
thetao,W60p0,10,15,-0.3341609914273591,0.3341609914273591
thetao,W10p0,8,3,0.33377365022765587,0.33377365022765587
thetao,W40p0,5,13,0.33363042357403355,0.33363042357403355
thetao,W20p0,2,1,-0.33265462753171454,0.33265462753171454
so,W20p0,10,14,-0.3314754760425392,0.3314754760425392
so,W30p0,9,0,0.330979568192936,0.330979568192936
so,W10p0,9,1,-0.3304164004750204,0.3304164004750204
so,W10p0,4,9,-0.3292939812857634,0.3292939812857634
thetao,W40p0,8,20,-0.3284594162429977,0.3284594162429977
thetao,W30p0,8,14,0.3263522368711017,0.3263522368711017
thetao,W10p0,1,14,-0.3263024545951952,0.3263024545951952
thetao,W40p0,5,14,0.32546498115465544,0.32546498115465544
so,W20p0,10,20,-0.3251547353212391,0.3251547353212391
thetao,W20p0,3,17,-0.32503227510678084,0.32503227510678084
so,W10p0,5,19,-0.32356734987693475,0.32356734987693475
so,W20p0,9,4,0.32216353175299917,0.32216353175299917
so,W40p0,5,4,-0.32169464062763237,0.32169464062763237
thetao,W40p0,4,15,-0.32168407149768086,0.32168407149768086
thetao,W20p0,9,5,-0.321477989643103,0.321477989643103
so,W30p0,1,8,-0.32065163690596027,0.32065163690596027
thetao,W20p0,3,6,-0.32021798341042784,0.32021798341042784
thetao,W60p0,7,18,-0.3198587095955184,0.3198587095955184
so,W40p0,1,6,-0.3192604259396834,0.3192604259396834
thetao,W60p0,4,19,0.317910163402655,0.317910163402655
so,W60p0,2,12,0.31775711273234925,0.31775711273234925
thetao,W20p0,1,2,0.3176758275762669,0.3176758275762669
thetao,W20p0,6,17,0.3176045086858482,0.3176045086858482
thetao,W20p0,3,3,-0.3174522429321831,0.3174522429321831
thetao,W20p0,7,16,-0.315203039583453,0.315203039583453
thetao,W60p0,5,9,0.3137874211717475,0.3137874211717475
thetao,W60p0,2,5,-0.313085359945711,0.313085359945711
so,W10p0,5,18,-0.3118536737392493,0.3118536737392493
so,W40p0,3,1,-0.3118517827594962,0.3118517827594962
so,W20p0,10,1,-0.3118414008248954,0.3118414008248954
so,W40p0,7,17,-0.31100084751649915,0.31100084751649915
thetao,W40p0,8,18,-0.3101796428112801,0.3101796428112801
thetao,W30p0,9,15,0.31015839957051744,0.31015839957051744
so,W10p0,5,11,-0.3099580911219177,0.3099580911219177
thetao,W60p0,5,20,0.3095229437682488,0.3095229437682488
thetao,W10p0,8,2,0.30877047125549784,0.30877047125549784
so,W30p0,1,9,-0.3083328955309925,0.3083328955309925
so,W20p0,9,3,0.3082518535601939,0.3082518535601939
thetao,W40p0,6,2,0.3081983328940108,0.3081983328940108
so,W10p0,2,1,0.308027985860227,0.308027985860227
so,W40p0,6,0,-0.30696356152955545,0.30696356152955545
thetao,W20p0,9,4,-0.30632525305482594,0.30632525305482594
thetao,W60p0,10,16,-0.3062575556183981,0.3062575556183981
thetao,W30p0,3,5,0.3054706957252938,0.3054706957252938
so,W10p0,2,4,0.30502961915290683,0.30502961915290683
thetao,W20p0,1,4,0.3046961217311089,0.3046961217311089
so,W30p0,4,16,-0.30455451771523717,0.30455451771523717
so,W20p0,6,1,0.30441732614366984,0.30441732614366984
so,W10p0,9,2,-0.3040312808424595,0.3040312808424595
thetao,W10p0,1,15,-0.30354215755837705,0.30354215755837705
so,W60p0,2,18,0.30324318762867886,0.30324318762867886
so,W60p0,9,20,0.30300185198826785,0.30300185198826785
so,W20p0,10,0,-0.30295272823555663,0.30295272823555663
thetao,W40p0,3,3,0.3026499682645392,0.3026499682645392
so,W30p0,8,2,-0.302518506883924,0.302518506883924
thetao,W20p0,3,5,-0.30233072280170503,0.30233072280170503
thetao,W10p0,1,19,-0.30221407154844504,0.30221407154844504
thetao,W20p0,3,2,-0.30204056728398687,0.30204056728398687
so,W20p0,10,19,-0.3005194725345476,0.3005194725345476
thetao,W40p0,4,20,-0.300211001145846,0.300211001145846
thetao,W20p0,9,2,-0.2999538569973798,0.2999538569973798
thetao,W40p0,5,8,0.29959827336204037,0.29959827336204037
so,W20p0,10,18,-0.2995473662870373,0.2995473662870373
so,W40p0,1,7,-0.299522858533984,0.299522858533984
so,W30p0,8,0,-0.2995140156152498,0.2995140156152498
so,W20p0,10,13,-0.2993236240427979,0.2993236240427979
so,W40p0,10,7,-0.29865568924789493,0.29865568924789493
thetao,W40p0,4,16,-0.29862647389533187,0.29862647389533187
so,W40p0,1,4,-0.2974686933570121,0.2974686933570121
thetao,W20p0,3,0,-0.29740091554204207,0.29740091554204207
so,W40p0,1,5,-0.29667211957127015,0.29667211957127015
thetao,W30p0,4,4,0.2965917701030065,0.2965917701030065
thetao,W40p0,5,15,0.29594284429062206,0.29594284429062206
so,W60p0,2,13,0.29582637971191383,0.29582637971191383
so,W20p0,10,4,-0.2953308525543972,0.2953308525543972
so,W20p0,2,6,0.29491844686595836,0.29491844686595836
thetao,W60p0,10,14,-0.29400273289282186,0.29400273289282186
thetao,W60p0,5,18,0.2936672784821427,0.2936672784821427
so,W60p0,2,8,0.2935538348921114,0.2935538348921114
so,W40p0,2,4,0.2934977407815361,0.2934977407815361
so,W10p0,5,9,-0.2929522797230583,0.2929522797230583
thetao,W30p0,10,4,0.29264226052894793,0.29264226052894793
thetao,W60p0,6,10,-0.2924593448258079,0.2924593448258079
so,W20p0,7,16,0.2918989396804526,0.2918989396804526
so,W20p0,10,8,-0.2916128601620927,0.2916128601620927
so,W20p0,7,10,0.29149100254934857,0.29149100254934857
thetao,W20p0,3,16,-0.29144818901664044,0.29144818901664044
thetao,W40p0,6,17,-0.2897317592743599,0.2897317592743599
so,W40p0,1,8,-0.28908336494935866,0.28908336494935866
so,W60p0,2,17,0.28823739481882354,0.28823739481882354
thetao,W60p0,1,9,-0.288067595510471,0.288067595510471
thetao,W40p0,1,9,-0.2868843951224873,0.2868843951224873
thetao,W20p0,3,4,-0.2865040272349473,0.2865040272349473
thetao,W40p0,1,11,-0.2863041017001017,0.2863041017001017
thetao,W30p0,1,11,-0.28611822453992597,0.28611822453992597
so,W10p0,5,12,-0.28584059601109235,0.28584059601109235
thetao,W10p0,8,4,0.2848354080090694,0.2848354080090694
thetao,W40p0,1,7,-0.2848116150721717,0.2848116150721717
so,W10p0,2,14,0.2842570703483446,0.2842570703483446
thetao,W30p0,8,17,0.28420254753528357,0.28420254753528357
so,W60p0,2,14,0.28389915217346073,0.28389915217346073
thetao,W30p0,7,16,0.2836240585125519,0.2836240585125519
so,W20p0,9,2,0.2835127724739636,0.2835127724739636
so,W20p0,9,1,0.28347648347052345,0.28347648347052345
so,W30p0,2,1,0.283332989403262,0.283332989403262
thetao,W40p0,6,16,-0.2826886459006163,0.2826886459006163
so,W40p0,1,9,-0.28242581387984794,0.28242581387984794
thetao,W60p0,5,16,0.28239480244546517,0.28239480244546517
thetao,W60p0,5,10,0.28212279667834256,0.28212279667834256
thetao,W40p0,4,14,-0.28166357001319026,0.28166357001319026
thetao,W40p0,8,19,-0.2814715185686352,0.2814715185686352
so,W10p0,5,2,-0.28073696130746123,0.28073696130746123
so,W40p0,7,16,-0.27983823952565645,0.27983823952565645
so,W20p0,7,15,0.2798306275568037,0.2798306275568037
thetao,W60p0,3,3,0.27870273951074925,0.27870273951074925
thetao,W40p0,1,6,-0.2784070753412402,0.2784070753412402
so,W10p0,5,3,-0.27815277324819554,0.27815277324819554
thetao,W40p0,1,8,-0.27807233129404496,0.27807233129404496
so,W20p0,10,12,-0.27791755505460497,0.27791755505460497
thetao,W30p0,3,0,0.27780147700644275,0.27780147700644275
so,W40p0,8,9,0.2777830134936405,0.2777830134936405
so,W30p0,7,0,0.2777531117357329,0.2777531117357329
so,W40p0,10,6,-0.277714872408742,0.277714872408742
thetao,W40p0,1,10,-0.27765102105606854,0.27765102105606854
thetao,W40p0,5,16,0.2774691837942138,0.2774691837942138
thetao,W30p0,8,16,0.2769498617886857,0.2769498617886857
so,W20p0,6,18,-0.276332376468686,0.276332376468686
thetao,W30p0,4,5,0.2755369921574192,0.2755369921574192
so,W40p0,7,19,-0.2751455726100584,0.2751455726100584
thetao,W40p0,2,18,0.27513160639995704,0.27513160639995704
thetao,W10p0,1,16,-0.27501154269644085,0.27501154269644085
so,W30p0,9,15,0.27495634565096405,0.27495634565096405
thetao,W40p0,7,19,0.2748217140467808,0.2748217140467808
thetao,W30p0,5,20,-0.27391556657454497,0.27391556657454497
so,W60p0,9,18,0.27389215665542477,0.27389215665542477
thetao,W30p0,6,0,0.27388399806821256,0.27388399806821256
so,W30p0,1,10,-0.2735923304804427,0.2735923304804427
thetao,W60p0,10,20,0.2735417034375945,0.2735417034375945
thetao,W10p0,5,19,0.2735360348143063,0.2735360348143063
thetao,W60p0,1,8,-0.2734682988807833,0.2734682988807833
thetao,W30p0,5,19,-0.2729537560499263,0.2729537560499263
thetao,W30p0,9,12,0.2721298295301874,0.2721298295301874
thetao,W30p0,2,18,-0.27179195660824423,0.27179195660824423
thetao,W40p0,2,0,-0.271565491187769,0.271565491187769
thetao,W20p0,3,1,-0.2709825991903367,0.2709825991903367
so,W20p0,2,14,0.27076103214875835,0.27076103214875835
so,W10p0,2,5,0.2683958133158253,0.2683958133158253
thetao,W60p0,7,19,-0.2683802411925278,0.2683802411925278
thetao,W10p0,1,17,-0.26799354952545573,0.26799354952545573
thetao,W60p0,7,0,-0.26794530789221205,0.26794530789221205
so,W40p0,7,15,-0.2676691515184397,0.2676691515184397
so,W10p0,4,20,-0.26732216160186384,0.26732216160186384
thetao,W30p0,1,10,-0.2671046711484604,0.2671046711484604
so,W40p0,8,8,0.26692610381818366,0.26692610381818366
thetao,W40p0,5,7,0.2667615636203222,0.2667615636203222
thetao,W40p0,8,17,-0.26655566557872523,0.26655566557872523
thetao,W30p0,10,16,-0.2661090031930833,0.2661090031930833
thetao,W60p0,5,15,0.26574239711392406,0.26574239711392406
so,W40p0,5,0,-0.2653267085322875,0.2653267085322875
so,W60p0,1,5,0.26479781818668724,0.26479781818668724
so,W10p0,5,1,-0.2643171418866189,0.2643171418866189
thetao,W40p0,2,19,0.26421709342496635,0.26421709342496635
so,W10p0,4,7,-0.2641348882026945,0.2641348882026945
so,W10p0,6,12,0.2638033419049795,0.2638033419049795
thetao,W30p0,1,12,-0.26305405795685644,0.26305405795685644
so,W40p0,1,11,-0.2628796383840275,0.2628796383840275
thetao,W20p0,10,1,-0.26234611612272346,0.26234611612272346
thetao,W40p0,6,20,-0.26195542306037145,0.26195542306037145
so,W20p0,5,3,0.2618638130488542,0.2618638130488542
thetao,W60p0,3,4,0.26177776657504453,0.26177776657504453
thetao,W60p0,5,4,0.26154811437847153,0.26154811437847153
thetao,W30p0,1,9,-0.2615166988256413,0.2615166988256413
so,W40p0,1,10,-0.26144280144690796,0.26144280144690796
thetao,W60p0,6,11,-0.26131222620100947,0.26131222620100947
thetao,W40p0,1,12,-0.2611280616341879,0.2611280616341879
so,W40p0,1,15,-0.26097522763129527,0.26097522763129527
thetao,W60p0,5,3,0.2608073905966809,0.2608073905966809
thetao,W60p0,8,2,0.26073871405017324,0.26073871405017324
thetao,W20p0,9,7,-0.26063051910544616,0.26063051910544616
so,W20p0,6,19,-0.26052776482325096,0.26052776482325096
thetao,W30p0,2,19,-0.25963833943929837,0.25963833943929837
thetao,W60p0,1,10,-0.25952059992187415,0.25952059992187415
so,W60p0,10,10,-0.2593691986161363,0.2593691986161363
thetao,W10p0,8,5,0.25908388469546895,0.25908388469546895
so,W30p0,1,11,-0.2572878164662599,0.2572878164662599
so,W60p0,8,5,0.2572633595777205,0.2572633595777205
so,W10p0,4,8,-0.2568482664399737,0.2568482664399737
thetao,W60p0,7,17,-0.25629180978918054,0.25629180978918054
so,W10p0,9,3,-0.2562180169189889,0.2562180169189889
thetao,W30p0,4,6,0.25554904225641384,0.25554904225641384
so,W10p0,9,4,-0.25537635677424203,0.25537635677424203
thetao,W20p0,2,2,-0.25400518346337053,0.25400518346337053
so,W30p0,4,17,-0.2539858077448031,0.2539858077448031
thetao,W60p0,8,4,0.2538660226336546,0.2538660226336546
thetao,W40p0,1,15,-0.2538478495991377,0.2538478495991377
so,W60p0,8,3,0.25348188175727443,0.25348188175727443
so,W30p0,7,13,0.2532329717878207,0.2532329717878207
so,W10p0,5,4,-0.25192952910409194,0.25192952910409194
so,W20p0,5,4,0.2513968826930916,0.2513968826930916
thetao,W60p0,2,6,-0.2513460324447837,0.2513460324447837
so,W10p0,7,16,0.25132883406408046,0.25132883406408046
so,W60p0,8,6,0.2513249775126994,0.2513249775126994
thetao,W20p0,9,20,0.2511883804684615,0.2511883804684615
thetao,W30p0,1,5,-0.25116153880790737,0.25116153880790737
thetao,W30p0,1,4,-0.25087249796332634,0.25087249796332634
thetao,W30p0,7,14,0.25050814060001136,0.25050814060001136
thetao,W30p0,9,14,0.25047423851690376,0.25047423851690376
thetao,W20p0,1,17,-0.2501217568227225,0.2501217568227225
thetao,W30p0,8,13,0.2500133591387717,0.2500133591387717
so,W10p0,5,10,-0.24977944718821737,0.24977944718821737
so,W20p0,2,13,0.24976956784267332,0.24976956784267332
thetao,W30p0,2,16,-0.24957238986552996,0.24957238986552996
thetao,W60p0,3,2,0.24895316593595967,0.24895316593595967
so,W20p0,2,7,0.24893893925613797,0.24893893925613797
so,W10p0,2,6,0.24878785091375655,0.24878785091375655
so,W40p0,1,3,-0.24862179285138197,0.24862179285138197
so,W60p0,8,13,0.24809864076237195,0.24809864076237195
so,W40p0,1,12,-0.24714318518514913,0.24714318518514913
so,W30p0,5,19,-0.24655572912345222,0.24655572912345222
so,W40p0,5,5,-0.2463039614213387,0.2463039614213387
thetao,W20p0,3,7,-0.24551167469309434,0.24551167469309434
so,W60p0,8,4,0.2453984433521719,0.2453984433521719
thetao,W20p0,7,20,-0.24511135106273466,0.24511135106273466
thetao,W30p0,7,9,0.24501457382219863,0.24501457382219863
so,W30p0,10,8,-0.24487752389919562,0.24487752389919562
thetao,W10p0,1,18,-0.24486221767177443,0.24486221767177443
so,W10p0,9,15,-0.24470550364274385,0.24470550364274385
thetao,W60p0,6,9,-0.24462409739020063,0.24462409739020063
thetao,W30p0,3,6,0.24447273288221708,0.24447273288221708
so,W40p0,10,3,-0.24443558980886954,0.24443558980886954
thetao,W20p0,3,11,-0.24407983103826278,0.24407983103826278
so,W20p0,4,7,0.2438957795680242,0.2438957795680242
so,W40p0,7,18,-0.2437798174719276,0.2437798174719276
thetao,W20p0,2,8,-0.243095857850026,0.243095857850026
thetao,W40p0,1,14,-0.24237471457537746,0.24237471457537746
so,W30p0,8,3,-0.2423050298865374,0.2423050298865374
thetao,W20p0,2,11,-0.2421098963590447,0.2421098963590447
thetao,W30p0,2,13,-0.241867663463892,0.241867663463892
thetao,W40p0,1,13,-0.24173044370467237,0.24173044370467237
thetao,W20p0,2,7,-0.24167681093261864,0.24167681093261864
so,W40p0,1,14,-0.2411080886748581,0.2411080886748581
thetao,W20p0,9,1,-0.24109185598023855,0.24109185598023855
thetao,W60p0,7,16,-0.24045539112775724,0.24045539112775724
so,W60p0,7,0,-0.24029194243448124,0.24029194243448124
thetao,W30p0,2,12,-0.2400163092219709,0.2400163092219709
thetao,W20p0,2,9,-0.23989910009533286,0.23989910009533286
thetao,W20p0,3,12,-0.23978730316909536,0.23978730316909536
so,W20p0,10,11,-0.23959530049319888,0.23959530049319888
so,W20p0,9,0,0.23954840231851865,0.23954840231851865
thetao,W60p0,10,13,-0.2394743164803662,0.2394743164803662
so,W40p0,10,2,-0.23939056838782485,0.23939056838782485
so,W20p0,10,9,-0.23914560104664084,0.23914560104664084
so,W40p0,10,1,-0.23910834791682484,0.23910834791682484
so,W60p0,7,17,0.23907308319324042,0.23907308319324042
so,W60p0,7,16,0.2387370662516969,0.2387370662516969
thetao,W30p0,10,17,-0.23850186076147928,0.23850186076147928
so,W30p0,1,12,-0.23770556442288743,0.23770556442288743
so,W60p0,6,20,-0.2375899894396919,0.2375899894396919
thetao,W60p0,5,8,0.23666665892669914,0.23666665892669914
thetao,W30p0,2,17,-0.23605083571420818,0.23605083571420818
thetao,W20p0,1,16,-0.2356364195093766,0.2356364195093766
thetao,W60p0,7,20,-0.23558825496872604,0.23558825496872604
so,W60p0,2,7,0.23544903601886918,0.23544903601886918
thetao,W30p0,9,11,0.2353904906266328,0.2353904906266328
so,W10p0,4,13,-0.23512510304491596,0.23512510304491596
thetao,W60p0,3,1,0.23492380268319005,0.23492380268319005
thetao,W30p0,1,8,-0.23486434695466332,0.23486434695466332
thetao,W60p0,8,3,0.23479394169000364,0.23479394169000364
thetao,W40p0,2,20,0.2340797645808248,0.2340797645808248
so,W10p0,7,18,0.23399836462113133,0.23399836462113133
thetao,W30p0,1,6,-0.2331998323230991,0.2331998323230991
thetao,W40p0,1,16,-0.23296543832760885,0.23296543832760885
thetao,W30p0,10,5,0.23296072607642074,0.23296072607642074
so,W30p0,1,0,-0.2329172756868123,0.2329172756868123
so,W60p0,8,2,0.2325198377655935,0.2325198377655935
so,W30p0,1,14,-0.23244071416373951,0.23244071416373951
so,W40p0,2,5,0.23202110676167276,0.23202110676167276
thetao,W30p0,7,15,0.2317572729636527,0.2317572729636527
so,W10p0,7,17,0.23123117439309843,0.23123117439309843
so,W10p0,10,8,0.23117745139208426,0.23117745139208426
thetao,W20p0,2,5,-0.23108391119218197,0.23108391119218197
so,W60p0,8,7,0.23055481389677382,0.23055481389677382
thetao,W20p0,3,8,-0.22990595868930014,0.22990595868930014
thetao,W30p0,8,18,0.22903809002906875,0.22903809002906875
so,W10p0,2,15,0.22891640569357988,0.22891640569357988
thetao,W20p0,3,9,-0.22855465984714565,0.22855465984714565
thetao,W20p0,7,18,-0.22830702594297167,0.22830702594297167
so,W60p0,9,0,-0.22809514745568546,0.22809514745568546
thetao,W30p0,2,11,-0.2277321348565046,0.2277321348565046
thetao,W60p0,4,18,0.22740153856564718,0.22740153856564718
thetao,W10p0,6,19,0.22733143795382246,0.22733143795382246
so,W20p0,4,6,0.227331428537409,0.227331428537409
thetao,W40p0,1,5,-0.22712572209933038,0.22712572209933038
so,W10p0,7,6,0.22709046680205308,0.22709046680205308
so,W10p0,6,14,0.22704716068174277,0.22704716068174277
thetao,W20p0,2,10,-0.22687634112686617,0.22687634112686617
thetao,W10p0,6,16,0.22653047182355027,0.22653047182355027
thetao,W60p0,9,16,0.22624916084616006,0.22624916084616006
thetao,W40p0,2,17,0.22604930814883897,0.22604930814883897
so,W30p0,7,2,0.2256102707537179,0.2256102707537179
thetao,W10p0,8,1,0.22557542295592867,0.22557542295592867
thetao,W20p0,2,12,-0.22554434964903944,0.22554434964903944
so,W60p0,6,2,0.22549190326178278,0.22549190326178278
thetao,W20p0,7,19,-0.22515430170834502,0.22515430170834502
thetao,W10p0,2,16,-0.2250525120384102,0.2250525120384102
so,W30p0,7,1,0.22499521583068538,0.22499521583068538
thetao,W30p0,10,3,0.22474279545215792,0.22474279545215792
thetao,W20p0,2,6,-0.22461973268186186,0.22461973268186186
thetao,W20p0,8,19,0.22458724646114417,0.22458724646114417
so,W20p0,6,2,0.2245508755025124,0.2245508755025124
thetao,W40p0,8,16,-0.22360881609235211,0.22360881609235211
thetao,W40p0,1,17,-0.22359329061112512,0.22359329061112512
so,W40p0,10,11,-0.2233521636765418,0.2233521636765418
thetao,W30p0,2,20,-0.2232730370733223,0.2232730370733223
so,W40p0,1,13,-0.22309661828488483,0.22309661828488483
thetao,W40p0,6,6,0.222608789013679,0.222608789013679
thetao,W60p0,5,7,0.222459747163934,0.222459747163934
so,W20p0,7,17,0.2223363334841208,0.2223363334841208
thetao,W20p0,1,1,0.22232040473341663,0.22232040473341663
thetao,W40p0,7,18,0.22229610295754515,0.22229610295754515
so,W60p0,10,11,-0.2220447566906328,0.2220447566906328
so,W20p0,5,17,-0.22188394012590026,0.22188394012590026
thetao,W30p0,1,7,-0.22167978578104047,0.22167978578104047
thetao,W10p0,3,12,0.22135124917791726,0.22135124917791726
so,W30p0,6,18,-0.22099494534620484,0.22099494534620484
so,W10p0,2,13,0.22069911569698558,0.22069911569698558
thetao,W60p0,5,11,0.2206692930695332,0.2206692930695332
thetao,W60p0,1,11,-0.22036530746686106,0.22036530746686106
so,W60p0,2,6,0.2203450451281399,0.2203450451281399
thetao,W30p0,10,18,-0.2203430025479739,0.2203430025479739
so,W10p0,6,18,0.22028751157152332,0.22028751157152332
thetao,W60p0,1,7,-0.22012970355439007,0.22012970355439007
thetao,W40p0,5,17,0.21967672121379087,0.21967672121379087
thetao,W20p0,6,16,0.2193627942168616,0.2193627942168616
thetao,W60p0,5,17,0.21904919905102266,0.21904919905102266
thetao,W30p0,7,8,0.21892978912803412,0.21892978912803412
thetao,W60p0,6,12,-0.21839185839925154,0.21839185839925154
thetao,W30p0,9,13,0.2182622007114532,0.2182622007114532
thetao,W60p0,4,12,0.2176826453224818,0.2176826453224818
so,W20p0,5,15,-0.21751191350957563,0.21751191350957563
thetao,W20p0,3,13,-0.2174649532082232,0.2174649532082232
so,W10p0,8,14,-0.2161676993958121,0.2161676993958121
thetao,W20p0,3,15,-0.21603425618831276,0.21603425618831276
thetao,W20p0,2,4,-0.2157287174940287,0.2157287174940287
thetao,W10p0,10,7,-0.21571953399539706,0.21571953399539706
thetao,W60p0,8,5,0.21505548725014004,0.21505548725014004
thetao,W30p0,7,20,-0.21496402962519767,0.21496402962519767
thetao,W30p0,7,13,0.2149546413563508,0.2149546413563508
thetao,W40p0,10,16,0.21444112521657505,0.21444112521657505
so,W20p0,4,3,0.2136188754050832,0.2136188754050832
so,W60p0,6,3,0.21280517947538666,0.21280517947538666
thetao,W60p0,3,0,0.2127589170326249,0.2127589170326249
thetao,W60p0,3,20,-0.21274653048196945,0.21274653048196945
thetao,W60p0,1,16,-0.21269688858874405,0.21269688858874405
thetao,W40p0,6,1,0.21254532424610054,0.21254532424610054
thetao,W30p0,5,18,-0.21219167777554182,0.21219167777554182
so,W10p0,9,13,-0.21202432214986935,0.21202432214986935
thetao,W30p0,7,10,0.21195592359399307,0.21195592359399307
so,W10p0,6,13,0.21176042800404826,0.21176042800404826
thetao,W10p0,2,17,-0.2116680312345563,0.2116680312345563
thetao,W20p0,1,5,0.2115421237842332,0.2115421237842332
so,W60p0,6,17,-0.21153311860093416,0.21153311860093416
thetao,W20p0,3,10,-0.21145326433619532,0.21145326433619532
so,W40p0,8,11,0.21071188376665662,0.21071188376665662
so,W20p0,4,4,0.21054273854279892,0.21054273854279892
thetao,W40p0,1,4,-0.21041920343832188,0.21041920343832188
thetao,W30p0,1,13,-0.2099355083611965,0.2099355083611965
thetao,W60p0,4,13,0.20992115885682075,0.20992115885682075
so,W10p0,9,14,-0.20992082899336217,0.20992082899336217
so,W40p0,1,17,-0.20990361641191135,0.20990361641191135
thetao,W60p0,1,0,0.20964003863064284,0.20964003863064284
so,W60p0,7,20,0.2096367918559805,0.2096367918559805
thetao,W30p0,1,3,-0.20960685002787424,0.20960685002787424
so,W10p0,2,0,0.209279295927938,0.209279295927938
so,W40p0,4,20,-0.20910249346846427,0.20910249346846427
so,W40p0,10,5,-0.2086988930207444,0.2086988930207444
so,W10p0,7,5,0.20843621795466794,0.20843621795466794
thetao,W30p0,8,12,0.20841518226509692,0.20841518226509692
so,W20p0,10,10,-0.20821945768392247,0.20821945768392247
thetao,W20p0,2,3,-0.20815376181792886,0.20815376181792886
so,W40p0,8,10,0.2071818778336404,0.2071818778336404
thetao,W10p0,6,17,0.20693999293481366,0.20693999293481366
so,W20p0,2,12,0.20671316536088183,0.20671316536088183
so,W60p0,10,8,-0.20666843943098143,0.20666843943098143
thetao,W20p0,7,8,-0.20618787046546558,0.20618787046546558
so,W10p0,5,0,-0.20590508678733108,0.20590508678733108
so,W20p0,5,16,-0.20504869376935544,0.20504869376935544
thetao,W20p0,9,8,-0.20461234350263385,0.20461234350263385
so,W10p0,9,5,-0.20453494489193208,0.20453494489193208
so,W40p0,3,15,0.2037627609153087,0.2037627609153087
so,W30p0,1,13,-0.20362791153901658,0.20362791153901658
so,W60p0,10,14,-0.20326168926973825,0.20326168926973825
thetao,W60p0,1,1,0.20310170195457114,0.20310170195457114
thetao,W10p0,3,11,0.20301396534493416,0.20301396534493416
so,W10p0,9,7,-0.2030109763193325,0.2030109763193325
so,W10p0,8,15,-0.20272772499545996,0.20272772499545996
so,W60p0,10,9,-0.2017740029988378,0.2017740029988378
thetao,W30p0,2,14,-0.20163429925594903,0.20163429925594903
so,W60p0,7,19,0.2016166867599147,0.2016166867599147
so,W10p0,10,20,0.2015185751285971,0.2015185751285971
thetao,W30p0,2,15,-0.20150941667021144,0.20150941667021144
so,W40p0,5,9,-0.20144444617622362,0.20144444617622362
thetao,W20p0,9,0,-0.20139921004035827,0.20139921004035827
so,W60p0,2,5,0.2008548352179304,0.2008548352179304
so,W30p0,9,17,0.20047618924565383,0.20047618924565383
thetao,W10p0,10,1,-0.20016701850951454,0.20016701850951454
thetao,W10p0,3,19,0.19973264298508558,0.19973264298508558
thetao,W30p0,7,0,0.19972392713018278,0.19972392713018278
so,W20p0,6,20,-0.1997227825255532,0.1997227825255532
thetao,W20p0,10,18,-0.19930725885053976,0.19930725885053976
so,W20p0,1,0,-0.1991951731556156,0.1991951731556156
so,W40p0,1,2,-0.19917422696088694,0.19917422696088694
so,W40p0,1,16,-0.19911054387994234,0.19911054387994234
so,W30p0,6,17,-0.19900757334507277,0.19900757334507277
so,W10p0,3,2,-0.1988642245980379,0.1988642245980379
so,W40p0,4,0,0.19884810859134505,0.19884810859134505
thetao,W10p0,7,6,-0.19880594689261746,0.19880594689261746
thetao,W60p0,6,8,-0.1987909485386352,0.1987909485386352
thetao,W30p0,3,7,0.19877225718787575,0.19877225718787575
so,W60p0,8,11,0.19868122739387103,0.19868122739387103
so,W10p0,6,16,0.198604683891349,0.198604683891349
so,W40p0,5,6,-0.1983564281092816,0.1983564281092816
thetao,W10p0,8,6,0.19834184952896342,0.19834184952896342
so,W10p0,3,10,0.19806752440298925,0.19806752440298925
thetao,W20p0,3,14,-0.19760683004326296,0.19760683004326296
so,W40p0,6,19,0.19753221473767943,0.19753221473767943
thetao,W60p0,9,17,0.1973904196119373,0.1973904196119373
thetao,W40p0,10,15,0.1973211337300762,0.1973211337300762
thetao,W60p0,10,9,-0.19714001014791152,0.19714001014791152
thetao,W20p0,1,15,-0.19705483746075228,0.19705483746075228
thetao,W60p0,10,12,-0.1968232712107771,0.1968232712107771
thetao,W10p0,3,5,0.19682002483985087,0.19682002483985087
thetao,W40p0,2,1,-0.1967304648153838,0.1967304648153838
so,W30p0,10,7,-0.1966351920076131,0.1966351920076131
so,W20p0,2,15,0.1964981755594658,0.1964981755594658
thetao,W40p0,9,11,0.19625652217590692,0.19625652217590692
thetao,W20p0,1,18,-0.1961322320938863,0.1961322320938863
so,W40p0,5,7,-0.19590630362122177,0.19590630362122177
so,W40p0,10,13,-0.19562121487784387,0.19562121487784387
thetao,W30p0,6,1,0.1955323810166535,0.1955323810166535
thetao,W20p0,7,12,-0.19552782274872904,0.19552782274872904
so,W40p0,5,8,-0.19547855280934848,0.19547855280934848
thetao,W10p0,2,18,-0.19517762810245814,0.19517762810245814
so,W40p0,2,6,0.19516523000704616,0.19516523000704616
so,W10p0,9,8,-0.19514017442909387,0.19514017442909387
so,W30p0,4,15,-0.19500825806451313,0.19500825806451313
thetao,W20p0,2,13,-0.19494384268142428,0.19494384268142428
so,W40p0,3,2,-0.19440898109723423,0.19440898109723423
so,W30p0,1,15,-0.19440334840740722,0.19440334840740722
so,W10p0,6,19,0.1942748657942837,0.1942748657942837
thetao,W60p0,5,6,0.19424933446344975,0.19424933446344975
thetao,W60p0,10,10,-0.19411501362476954,0.19411501362476954
thetao,W20p0,7,9,-0.19393577778480836,0.19393577778480836
so,W60p0,1,6,0.19383892666504807,0.19383892666504807
so,W20p0,3,18,0.1936771579157698,0.1936771579157698
thetao,W10p0,3,4,0.193604785139508,0.193604785139508
thetao,W20p0,9,13,-0.1934325507397952,0.1934325507397952
thetao,W10p0,3,6,0.19328071101791203,0.19328071101791203
thetao,W10p0,4,16,0.19240276053979743,0.19240276053979743
thetao,W60p0,3,5,0.19225604727625703,0.19225604727625703
thetao,W20p0,9,14,-0.19153651703547414,0.19153651703547414
so,W20p0,8,9,-0.1915133559415072,0.1915133559415072
so,W60p0,8,8,0.19145640955003282,0.19145640955003282
thetao,W60p0,9,15,0.19123751646349776,0.19123751646349776
thetao,W20p0,7,15,-0.19107315712958234,0.19107315712958234
thetao,W10p0,3,3,0.19097217854616086,0.19097217854616086
so,W40p0,10,14,-0.190892378748156,0.190892378748156
thetao,W30p0,8,11,0.19085852262728512,0.19085852262728512
so,W10p0,10,9,0.19067188072721244,0.19067188072721244
thetao,W40p0,5,6,0.1905940284048992,0.1905940284048992
so,W30p0,5,4,-0.18991770610665723,0.18991770610665723
so,W40p0,7,20,-0.18979415777969613,0.18979415777969613
so,W10p0,2,7,0.18967956323126411,0.18967956323126411
thetao,W60p0,5,0,-0.189573407832286,0.189573407832286
thetao,W10p0,2,15,-0.18956098276489167,0.18956098276489167
so,W20p0,4,2,0.1895279699172057,0.1895279699172057
thetao,W30p0,10,2,0.18940988328114447,0.18940988328114447
thetao,W40p0,8,15,-0.1892428764241044,0.1892428764241044
thetao,W60p0,1,17,-0.1890153111117634,0.1890153111117634
thetao,W10p0,7,7,-0.18889287962701284,0.18889287962701284
so,W30p0,9,2,0.18871501102466254,0.18871501102466254
thetao,W60p0,5,5,0.18812946806669578,0.18812946806669578
thetao,W10p0,3,20,0.18808730755182343,0.18808730755182343
so,W10p0,6,11,0.18782078970150468,0.18782078970150468
so,W30p0,9,14,0.18763913435929097,0.18763913435929097
thetao,W60p0,2,7,-0.18741201773342503,0.18741201773342503
thetao,W20p0,1,14,-0.18737981702486764,0.18737981702486764
so,W60p0,2,4,0.1871930040467838,0.1871930040467838
thetao,W20p0,7,14,-0.18661559812651585,0.18661559812651585
thetao,W30p0,7,12,0.18636361789090006,0.18636361789090006
thetao,W20p0,9,12,-0.18613542694811752,0.18613542694811752
thetao,W30p0,10,1,0.18590843585106148,0.18590843585106148
so,W30p0,5,20,-0.18573756215447682,0.18573756215447682
so,W10p0,9,9,-0.185601358174558,0.185601358174558
so,W60p0,7,1,-0.18555511652110918,0.18555511652110918
so,W40p0,5,10,-0.18543278689401696,0.18543278689401696
thetao,W40p0,8,13,-0.185400978971871,0.185400978971871
so,W40p0,10,12,-0.18528593110098557,0.18528593110098557
so,W40p0,5,16,0.18527368054421503,0.18527368054421503
so,W30p0,7,3,0.1852718993544868,0.1852718993544868
so,W40p0,6,1,-0.18526777687024568,0.18526777687024568
thetao,W60p0,3,6,0.18507277630773344,0.18507277630773344
thetao,W20p0,7,11,-0.18432005155179707,0.18432005155179707
so,W30p0,4,18,-0.1842199814379519,0.1842199814379519
thetao,W10p0,3,18,0.18384134317344347,0.18384134317344347
so,W20p0,5,2,0.18372435785972654,0.18372435785972654
thetao,W30p0,10,15,-0.1836052273863186,0.1836052273863186
thetao,W20p0,5,4,0.18348898374208333,0.18348898374208333
so,W10p0,9,18,-0.1831328271315492,0.1831328271315492
thetao,W20p0,7,7,-0.18289998682654812,0.18289998682654812
thetao,W30p0,2,10,-0.18281958118978336,0.18281958118978336
so,W40p0,3,17,0.18276470504060932,0.18276470504060932
so,W60p0,6,1,0.182689041508571,0.182689041508571
thetao,W30p0,8,20,0.1824903198180216,0.1824903198180216
so,W40p0,8,7,0.1820938810966427,0.1820938810966427
thetao,W30p0,9,9,0.18189817346331255,0.18189817346331255
so,W60p0,10,0,0.18186975629072402,0.18186975629072402
thetao,W60p0,1,15,-0.18186038042764247,0.18186038042764247
thetao,W30p0,4,7,0.18160189304299604,0.18160189304299604
thetao,W10p0,3,0,0.18156827337200201,0.18156827337200201
thetao,W40p0,7,7,-0.18144705662721522,0.18144705662721522
so,W20p0,7,9,0.1812116935912804,0.1812116935912804
thetao,W60p0,10,17,-0.18119547620727328,0.18119547620727328
thetao,W10p0,3,13,0.18061965675590785,0.18061965675590785
so,W30p0,9,18,0.18055120902744404,0.18055120902744404
so,W30p0,7,14,0.18052611226471205,0.18052611226471205
so,W40p0,10,10,-0.18038219897760152,0.18038219897760152
so,W20p0,6,17,-0.1802861940491977,0.1802861940491977
thetao,W40p0,1,18,-0.18027591608392404,0.18027591608392404
thetao,W60p0,5,14,0.1800472350107397,0.1800472350107397
so,W20p0,4,8,0.18003394880612744,0.18003394880612744
thetao,W20p0,5,12,0.17980124306456333,0.17980124306456333
so,W20p0,4,18,0.1795158084115019,0.1795158084115019
so,W60p0,6,4,0.17921274409797475,0.17921274409797475
thetao,W20p0,10,19,-0.17902609772980893,0.17902609772980893
so,W30p0,8,4,-0.1779946889785328,0.1779946889785328
thetao,W10p0,2,14,-0.17795435988710515,0.17795435988710515
thetao,W20p0,5,13,0.17776187576336794,0.17776187576336794
thetao,W30p0,8,19,0.1776104946100775,0.1776104946100775
so,W10p0,6,0,0.1775556655191882,0.1775556655191882
thetao,W30p0,6,9,-0.1774480322665262,0.1774480322665262
thetao,W10p0,4,15,0.17740109502714885,0.17740109502714885
thetao,W10p0,7,8,-0.17735109473220068,0.17735109473220068
so,W10p0,8,2,0.17671296103788084,0.17671296103788084
thetao,W10p0,3,17,0.17631006216256556,0.17631006216256556
thetao,W30p0,7,7,0.17588326043378374,0.17588326043378374
thetao,W60p0,1,12,-0.17581213560078668,0.17581213560078668
so,W60p0,2,20,0.17503349653208133,0.17503349653208133
thetao,W40p0,9,9,0.17468308656974468,0.17468308656974468
thetao,W10p0,6,18,0.17464373467939728,0.17464373467939728
so,W30p0,9,16,0.17456374343435035,0.17456374343435035
so,W10p0,6,15,0.17433538392138115,0.17433538392138115
thetao,W30p0,7,17,0.17409466071736154,0.17409466071736154
so,W60p0,6,16,-0.1740474161013322,0.1740474161013322
thetao,W20p0,9,11,-0.17403966322834524,0.17403966322834524
thetao,W10p0,10,19,0.1735503767940223,0.1735503767940223
thetao,W60p0,3,19,-0.17340290885508222,0.17340290885508222
thetao,W60p0,10,1,0.17326208355560827,0.17326208355560827
so,W10p0,9,17,-0.17306900550768947,0.17306900550768947
so,W60p0,1,19,-0.1727948490592647,0.1727948490592647
so,W60p0,8,12,0.17249086011785925,0.17249086011785925
so,W20p0,3,11,-0.1723567683093745,0.1723567683093745
thetao,W20p0,5,5,0.17227012960621668,0.17227012960621668
thetao,W10p0,3,2,0.1721867751121336,0.1721867751121336
thetao,W60p0,1,6,-0.17217019556366117,0.17217019556366117
thetao,W30p0,6,7,-0.1720549103495977,0.1720549103495977
thetao,W40p0,9,10,0.17180212418617802,0.17180212418617802
thetao,W20p0,7,6,-0.17173223802038867,0.17173223802038867
thetao,W40p0,1,3,-0.17165056086171926,0.17165056086171926
so,W10p0,9,20,-0.17133177629299948,0.17133177629299948
so,W40p0,2,7,0.17114574785510056,0.17114574785510056
so,W40p0,4,14,0.1710802420128609,0.1710802420128609
thetao,W40p0,7,17,0.17071049994678758,0.17071049994678758
so,W10p0,9,10,-0.1706673741146297,0.1706673741146297
so,W40p0,3,14,0.17035644777652872,0.17035644777652872
thetao,W40p0,4,13,-0.17022940209663473,0.17022940209663473
thetao,W20p0,6,15,0.17017032303532606,0.17017032303532606
thetao,W60p0,4,17,0.16987779359155594,0.16987779359155594
so,W10p0,7,12,0.1695339429776477,0.1695339429776477
so,W60p0,8,1,0.16950462567307198,0.16950462567307198
so,W40p0,8,12,0.16913370035707972,0.16913370035707972
so,W30p0,9,1,0.16869055223053675,0.16869055223053675
so,W20p0,3,19,0.16856300833852642,0.16856300833852642
so,W40p0,10,4,-0.1683678107020611,0.1683678107020611
thetao,W20p0,5,14,0.16782211488658955,0.16782211488658955
so,W10p0,8,1,0.16754179457776908,0.16754179457776908
thetao,W10p0,3,16,0.16753568002004268,0.16753568002004268
thetao,W10p0,5,18,0.16747091157800187,0.16747091157800187
so,W40p0,6,2,-0.16728857049295914,0.16728857049295914
so,W10p0,9,16,-0.1672620208151656,0.1672620208151656
so,W20p0,1,20,-0.16708180516331916,0.16708180516331916
thetao,W10p0,4,14,0.16615976861953594,0.16615976861953594
thetao,W40p0,9,7,0.1659217462963537,0.1659217462963537
so,W40p0,4,15,0.16588065338313887,0.16588065338313887
so,W30p0,5,18,-0.16560685211986248,0.16560685211986248
thetao,W60p0,1,18,-0.16531759246211605,0.16531759246211605
thetao,W20p0,8,18,0.1651209181272663,0.1651209181272663
thetao,W60p0,2,9,-0.16488893555109158,0.16488893555109158
thetao,W30p0,7,11,0.1644280665918056,0.1644280665918056
thetao,W10p0,6,13,0.1644158008808228,0.1644158008808228
so,W20p0,8,20,-0.16433919496299912,0.16433919496299912
thetao,W40p0,10,14,0.16432179021555093,0.16432179021555093
so,W20p0,4,5,0.16428815586530932,0.16428815586530932
so,W60p0,2,3,0.16419762356949238,0.16419762356949238
so,W60p0,10,15,-0.164152763557915,0.164152763557915
thetao,W40p0,7,6,-0.1640015497912706,0.1640015497912706
thetao,W20p0,10,17,-0.16396826288181582,0.16396826288181582
so,W20p0,2,8,0.16377412307442343,0.16377412307442343
so,W60p0,9,17,0.16360343189138743,0.16360343189138743
so,W20p0,5,13,-0.1635770199594039,0.1635770199594039
so,W30p0,10,9,-0.16340839393677511,0.16340839393677511
thetao,W60p0,2,10,-0.16340647528677035,0.16340647528677035
thetao,W30p0,9,10,0.16276659291634143,0.16276659291634143
so,W20p0,9,14,0.16270320001284827,0.16270320001284827
thetao,W20p0,5,6,0.1624239106191275,0.1624239106191275
thetao,W30p0,1,14,-0.1621797226768762,0.1621797226768762
so,W30p0,10,12,-0.1621678951521865,0.1621678951521865
so,W60p0,5,11,0.16181865670104204,0.16181865670104204
so,W20p0,4,17,0.16175318374181907,0.16175318374181907
thetao,W60p0,1,19,-0.16115825335424058,0.16115825335424058
so,W10p0,1,20,0.16112942473736272,0.16112942473736272
thetao,W60p0,4,11,0.16110948588949983,0.16110948588949983
thetao,W10p0,4,17,0.16108806506759926,0.16108806506759926
so,W10p0,4,14,-0.16091141991436947,0.16091141991436947
so,W40p0,9,20,-0.16075566690967066,0.16075566690967066
so,W40p0,1,18,-0.16074595806928924,0.16074595806928924
so,W10p0,2,8,0.15997064556762156,0.15997064556762156
thetao,W10p0,3,10,0.15956052584164784,0.15956052584164784
so,W10p0,6,10,0.1595210500876753,0.1595210500876753
thetao,W30p0,2,4,0.15939868574194402,0.15939868574194402
thetao,W20p0,5,3,0.15922740055275375,0.15922740055275375
so,W10p0,7,15,0.15901456152623974,0.15901456152623974
so,W20p0,4,1,0.15879533759205122,0.15879533759205122
thetao,W60p0,9,12,0.15834638872222978,0.15834638872222978
so,W40p0,3,3,-0.15806292206594816,0.15806292206594816
thetao,W30p0,3,8,0.1576870396117806,0.1576870396117806
thetao,W40p0,9,8,0.1575946829988429,0.1575946829988429
so,W10p0,9,6,-0.15733043701875774,0.15733043701875774
so,W20p0,1,4,-0.1572662588076272,0.1572662588076272
thetao,W40p0,9,14,0.1569204103174919,0.1569204103174919
so,W30p0,4,10,0.1567305047160962,0.1567305047160962
thetao,W60p0,9,14,0.15655542316454038,0.15655542316454038
thetao,W40p0,2,16,0.15631608753789328,0.15631608753789328
thetao,W20p0,9,15,-0.15594813363401094,0.15594813363401094
thetao,W30p0,6,8,-0.15588993963481926,0.15588993963481926
thetao,W30p0,1,2,-0.1557649157162662,0.1557649157162662
so,W10p0,10,19,0.15569065107702018,0.15569065107702018
thetao,W10p0,2,19,-0.15564394376846447,0.15564394376846447
thetao,W30p0,6,11,-0.15553158444553325,0.15553158444553325
thetao,W40p0,3,4,0.15550508070536126,0.15550508070536126
thetao,W40p0,3,12,0.15538451868928835,0.15538451868928835
thetao,W60p0,4,14,0.15521698064799047,0.15521698064799047
thetao,W10p0,10,0,-0.1550157360807619,0.1550157360807619
so,W10p0,10,7,0.15473352893288597,0.15473352893288597
so,W20p0,2,11,0.1547295941278676,0.1547295941278676
thetao,W40p0,7,0,-0.1547238748360296,0.1547238748360296
so,W10p0,6,17,0.1547069877147363,0.1547069877147363
thetao,W30p0,6,10,-0.15461603480056518,0.15461603480056518
so,W30p0,5,9,-0.1544014249215363,0.1544014249215363
so,W40p0,5,17,0.15408188251383667,0.15408188251383667
thetao,W10p0,4,18,0.15383906138936304,0.15383906138936304
thetao,W40p0,2,2,-0.1537660977073513,0.1537660977073513
so,W30p0,5,8,-0.15373331378151484,0.15373331378151484
so,W40p0,3,18,0.15372380652389653,0.15372380652389653
thetao,W20p0,9,16,-0.15362316397724235,0.15362316397724235
thetao,W10p0,10,4,-0.15358648111477402,0.15358648111477402
thetao,W10p0,10,2,-0.15354963511313283,0.15354963511313283
thetao,W20p0,6,0,-0.1533422974890214,0.1533422974890214
thetao,W60p0,3,13,0.15313447811564027,0.15313447811564027
so,W40p0,4,16,0.15294106505162905,0.15294106505162905
thetao,W10p0,3,7,0.1527298125131457,0.1527298125131457
so,W40p0,7,0,0.1527104399043827,0.1527104399043827
so,W10p0,1,2,-0.15248953428195028,0.15248953428195028
so,W20p0,8,11,-0.15234840997419247,0.15234840997419247
thetao,W60p0,1,2,0.1522612442836052,0.1522612442836052
thetao,W20p0,1,13,-0.15213838418634443,0.15213838418634443
so,W20p0,3,4,-0.15198975304822296,0.15198975304822296
thetao,W60p0,10,7,-0.15192701723548502,0.15192701723548502
so,W10p0,6,6,0.1518411851011719,0.1518411851011719
so,W30p0,8,5,-0.15175257316077906,0.15175257316077906
so,W10p0,7,1,-0.15148225985970376,0.15148225985970376
so,W30p0,3,0,0.15134638731858147,0.15134638731858147
thetao,W10p0,4,13,0.1512898415064421,0.1512898415064421
thetao,W60p0,5,12,0.15106334588934894,0.15106334588934894
thetao,W20p0,8,16,0.15103619867077955,0.15103619867077955
thetao,W60p0,3,7,0.1509177572969925,0.1509177572969925
thetao,W60p0,9,6,0.15068159449417637,0.15068159449417637
so,W60p0,10,12,-0.15063027573177373,0.15063027573177373
so,W20p0,3,5,-0.15057778660442594,0.15057778660442594
so,W60p0,7,2,-0.1505390714876116,0.1505390714876116
thetao,W20p0,8,7,0.15032593958244592,0.15032593958244592
thetao,W10p0,9,0,0.150141114059637,0.150141114059637
so,W20p0,6,16,-0.15013781115875954,0.15013781115875954
thetao,W30p0,8,4,0.14978580689030188,0.14978580689030188
so,W10p0,8,16,-0.14955491006951463,0.14955491006951463
thetao,W10p0,3,1,0.14950148017267434,0.14950148017267434
so,W20p0,1,5,-0.14938159519775404,0.14938159519775404
so,W20p0,9,5,0.14912135722747186,0.14912135722747186
so,W10p0,9,19,-0.1491159096769074,0.1491159096769074
so,W60p0,8,14,0.14911367861068264,0.14911367861068264
so,W30p0,5,3,-0.14896800069775457,0.14896800069775457
so,W10p0,8,0,0.14885842245559877,0.14885842245559877
thetao,W10p0,3,15,0.14876191210143852,0.14876191210143852
so,W40p0,6,5,-0.1487510916309848,0.1487510916309848
thetao,W10p0,10,20,0.1486620212782152,0.1486620212782152
thetao,W60p0,2,8,-0.14864159068092386,0.14864159068092386
thetao,W40p0,8,12,-0.14821125896799248,0.14821125896799248
thetao,W20p0,8,9,0.14806566452409992,0.14806566452409992
thetao,W60p0,10,8,-0.1478867038450497,0.1478867038450497
thetao,W60p0,5,13,0.1477884309518345,0.1477884309518345
so,W10p0,7,19,0.14768082513296882,0.14768082513296882
so,W60p0,3,3,0.14763364433903955,0.14763364433903955
thetao,W60p0,9,0,0.14747955256930184,0.14747955256930184
thetao,W10p0,6,3,-0.14727109836735927,0.14727109836735927
so,W30p0,7,12,0.14719992092368941,0.14719992092368941
so,W60p0,8,10,0.14713071015628568,0.14713071015628568
so,W10p0,2,16,0.14671784736811774,0.14671784736811774
thetao,W10p0,10,3,-0.14657959120991876,0.14657959120991876
thetao,W60p0,10,19,0.14654361357323514,0.14654361357323514
so,W60p0,5,0,-0.14634309431857304,0.14634309431857304
so,W10p0,6,4,0.14619015722056605,0.14619015722056605
so,W60p0,4,5,-0.1460417628011632,0.1460417628011632
thetao,W60p0,2,11,-0.14578583031209355,0.14578583031209355
so,W40p0,10,0,-0.14577294764823745,0.14577294764823745
so,W20p0,8,10,-0.14576435875173607,0.14576435875173607
thetao,W40p0,3,13,0.14575451714854043,0.14575451714854043
thetao,W20p0,5,7,0.14547969673507272,0.14547969673507272
so,W20p0,5,18,-0.1453575068869426,0.1453575068869426
thetao,W20p0,4,3,0.14513929529692288,0.14513929529692288
thetao,W20p0,8,0,-0.14502066696023383,0.14502066696023383
thetao,W20p0,1,6,0.14497985855943585,0.14497985855943585
thetao,W20p0,9,10,-0.14471921701822277,0.14471921701822277
thetao,W10p0,2,7,-0.14471907182251806,0.14471907182251806
so,W10p0,2,12,0.14457998722122975,0.14457998722122975
thetao,W10p0,10,6,-0.14422424709567166,0.14422424709567166
thetao,W40p0,5,5,0.14417223848784042,0.14417223848784042
so,W40p0,10,19,-0.1436177648600143,0.1436177648600143
thetao,W40p0,8,14,-0.1433518956498257,0.1433518956498257
thetao,W10p0,8,20,-0.14330021181945865,0.14330021181945865
thetao,W10p0,9,1,0.14318275545182457,0.14318275545182457
thetao,W40p0,3,11,0.14251408567726084,0.14251408567726084
so,W40p0,5,18,0.14217466566408513,0.14217466566408513
so,W40p0,5,19,0.14197016007258625,0.14197016007258625
so,W20p0,1,3,-0.14194782139119813,0.14194782139119813
thetao,W10p0,6,2,-0.1418250714522187,0.1418250714522187
thetao,W20p0,2,14,-0.14166821288182768,0.14166821288182768
so,W60p0,5,3,-0.14136713311761784,0.14136713311761784
so,W60p0,7,11,0.14126807223760973,0.14126807223760973
thetao,W10p0,7,18,0.1411402904397941,0.1411402904397941
thetao,W60p0,3,14,0.14111435573844033,0.14111435573844033
thetao,W60p0,9,13,0.140960809078414,0.140960809078414
thetao,W20p0,10,0,-0.14093934473243633,0.14093934473243633
so,W10p0,4,19,-0.14078572839431217,0.14078572839431217
thetao,W60p0,8,1,0.1406498855924885,0.1406498855924885
so,W30p0,8,7,-0.1406420574479588,0.1406420574479588
thetao,W20p0,9,9,-0.14054825602525686,0.14054825602525686
so,W60p0,1,7,0.1397738630755558,0.1397738630755558
thetao,W40p0,8,7,-0.13946320066922357,0.13946320066922357
thetao,W30p0,6,6,-0.13928484162960725,0.13928484162960725
thetao,W10p0,4,10,0.13908080787050972,0.13908080787050972
so,W20p0,3,17,0.13877863675010785,0.13877863675010785
so,W30p0,3,14,-0.13869686762582273,0.13869686762582273
so,W40p0,4,19,-0.13862297198637963,0.13862297198637963
so,W20p0,9,13,0.1385446883222174,0.1385446883222174
so,W20p0,5,5,0.1385238485452397,0.1385238485452397
thetao,W40p0,9,12,0.13814129247674023,0.13814129247674023
thetao,W30p0,4,20,0.13794587486480483,0.13794587486480483
thetao,W40p0,4,2,-0.13792215961565601,0.13792215961565601
thetao,W20p0,7,0,-0.13758426483048716,0.13758426483048716
thetao,W30p0,6,5,-0.13749502864353816,0.13749502864353816
so,W60p0,4,13,0.13735196024177398,0.13735196024177398
thetao,W10p0,6,12,0.13733586512131832,0.13733586512131832
thetao,W10p0,3,8,0.13729502604387048,0.13729502604387048
so,W60p0,3,4,0.13726434946249555,0.13726434946249555
thetao,W10p0,2,6,-0.1372120625555061,0.1372120625555061
so,W40p0,7,13,-0.13721092893214928,0.13721092893214928
so,W60p0,8,9,0.13717653287205972,0.13717653287205972
thetao,W10p0,3,14,0.13711134294192373,0.13711134294192373
so,W10p0,2,9,0.13687212463710105,0.13687212463710105
thetao,W60p0,1,13,-0.1368389858419649,0.1368389858419649
thetao,W30p0,1,20,0.13677502548320147,0.13677502548320147
thetao,W10p0,9,8,0.13649459944942557,0.13649459944942557
so,W30p0,9,3,0.1363877563255952,0.1363877563255952
thetao,W20p0,4,2,0.13628823980418853,0.13628823980418853
thetao,W40p0,3,8,0.13609604876330184,0.13609604876330184
thetao,W40p0,6,15,-0.13583793213474257,0.13583793213474257
so,W20p0,9,17,-0.13566999029756913,0.13566999029756913
thetao,W10p0,6,20,0.1356687178476693,0.1356687178476693
thetao,W10p0,2,5,-0.13562613382824176,0.13562613382824176
thetao,W30p0,8,10,0.13553237980544916,0.13553237980544916
thetao,W40p0,5,18,0.13548582097144965,0.13548582097144965
so,W60p0,5,12,0.13522845437800732,0.13522845437800732
thetao,W60p0,2,12,-0.13520051097619049,0.13520051097619049
thetao,W60p0,1,14,-0.13482227615413245,0.13482227615413245
thetao,W30p0,2,3,0.13467797856497904,0.13467797856497904
so,W20p0,8,8,-0.13461420115384085,0.13461420115384085
so,W20p0,7,8,0.1343226302431376,0.1343226302431376
thetao,W20p0,7,10,-0.1340473643559461,0.1340473643559461
thetao,W10p0,3,9,0.13391207405575486,0.13391207405575486
so,W10p0,9,12,-0.13359325478377698,0.13359325478377698
so,W40p0,4,13,0.13353075654113666,0.13353075654113666
thetao,W60p0,10,11,-0.13296569163811792,0.13296569163811792
so,W20p0,5,0,-0.13291360082234627,0.13291360082234627
thetao,W10p0,10,5,-0.13253370577849696,0.13253370577849696
thetao,W10p0,7,19,0.1325177980579013,0.1325177980579013
so,W60p0,3,5,0.1322020844345843,0.1322020844345843
thetao,W30p0,7,6,0.132086422708201,0.132086422708201
thetao,W40p0,6,7,0.13198425132975455,0.13198425132975455
thetao,W20p0,7,13,-0.13194962004140032,0.13194962004140032
thetao,W30p0,6,12,-0.13192930396639183,0.13192930396639183
so,W10p0,9,11,-0.1315657388418767,0.1315657388418767
thetao,W20p0,8,8,0.1315295184140929,0.1315295184140929
thetao,W40p0,3,5,0.13152879821405594,0.13152879821405594
so,W20p0,4,16,0.131405842507895,0.131405842507895
so,W30p0,6,3,0.13089461754875464,0.13089461754875464
thetao,W60p0,6,13,-0.13077295219530266,0.13077295219530266
so,W10p0,7,4,0.13058915964749904,0.13058915964749904
so,W60p0,8,0,0.130513548342921,0.130513548342921
so,W10p0,1,3,-0.13029541309080928,0.13029541309080928
thetao,W60p0,10,6,-0.1302879084928419,0.1302879084928419
so,W30p0,7,10,0.13019086400680746,0.13019086400680746
so,W60p0,10,7,-0.13007271156428685,0.13007271156428685
so,W30p0,5,10,-0.1300567421730514,0.1300567421730514
thetao,W20p0,5,11,0.13001633316890793,0.13001633316890793
thetao,W20p0,5,15,0.1299177412392294,0.1299177412392294
so,W10p0,8,13,-0.12946138854446065,0.12946138854446065
thetao,W20p0,1,19,-0.12931197449247525,0.12931197449247525
so,W20p0,8,19,-0.12894432092924124,0.12894432092924124
thetao,W30p0,3,20,0.1283551274553599,0.1283551274553599
thetao,W10p0,10,18,0.12830732897283245,0.12830732897283245
so,W40p0,7,14,-0.1282582486462807,0.1282582486462807
thetao,W40p0,3,9,0.12816059701619553,0.12816059701619553
thetao,W30p0,4,19,0.12747660211635795,0.12747660211635795
thetao,W40p0,9,15,0.12742442890165268,0.12742442890165268
so,W60p0,4,15,-0.1273810905113175,0.1273810905113175
so,W30p0,6,0,-0.12719084694287283,0.12719084694287283
so,W30p0,9,6,0.12713413189117778,0.12713413189117778
thetao,W60p0,8,20,0.1270306783382671,0.1270306783382671
so,W30p0,7,9,0.12681995977423005,0.12681995977423005
thetao,W20p0,8,17,0.12672980722963176,0.12672980722963176
so,W10p0,2,11,0.12666882489744563,0.12666882489744563
thetao,W40p0,7,16,0.12613752497615557,0.12613752497615557
thetao,W10p0,2,8,-0.1260144896871711,0.1260144896871711
so,W10p0,2,10,0.1257699154077698,0.1257699154077698
thetao,W40p0,8,9,-0.12570247908609375,0.12570247908609375
thetao,W30p0,10,19,-0.12536849143045659,0.12536849143045659
thetao,W20p0,8,15,0.12515690895500867,0.12515690895500867
so,W30p0,5,7,-0.125092342990504,0.125092342990504
so,W20p0,8,6,0.12488134381917837,0.12488134381917837
thetao,W60p0,7,15,-0.12483387883116581,0.12483387883116581
thetao,W40p0,10,17,0.12478966553727525,0.12478966553727525
so,W20p0,2,9,0.12457704953259287,0.12457704953259287
so,W30p0,10,11,-0.12435086235757215,0.12435086235757215
thetao,W60p0,10,0,0.12430048945610764,0.12430048945610764
thetao,W10p0,8,18,-0.1241397290962408,0.1241397290962408
thetao,W10p0,6,4,-0.12412197209803405,0.12412197209803405
thetao,W30p0,2,9,-0.12385780060872852,0.12385780060872852
thetao,W30p0,4,8,0.12371190654509212,0.12371190654509212
thetao,W60p0,5,2,0.12360710955305777,0.12360710955305777
thetao,W40p0,3,10,0.12336935663206897,0.12336935663206897
so,W40p0,10,17,-0.12311917437278858,0.12311917437278858
thetao,W30p0,10,14,-0.12275787860369522,0.12275787860369522
so,W10p0,6,5,0.1225160780711754,0.1225160780711754
so,W30p0,4,19,-0.12206420093094399,0.12206420093094399
thetao,W40p0,7,8,-0.12197175420139184,0.12197175420139184
so,W10p0,4,15,-0.12191606237852932,0.12191606237852932
so,W60p0,5,17,0.12190795875461924,0.12190795875461924
so,W10p0,1,1,-0.12159310813438862,0.12159310813438862
so,W20p0,7,18,0.12150794299572336,0.12150794299572336
thetao,W20p0,8,20,0.12149642121328764,0.12149642121328764
thetao,W30p0,8,0,-0.12115657458227416,0.12115657458227416
so,W60p0,1,18,-0.12112620825834337,0.12112620825834337
so,W40p0,2,8,0.12105385366617309,0.12105385366617309
thetao,W40p0,2,3,-0.12080991713352794,0.12080991713352794
so,W30p0,4,14,-0.12079618882776728,0.12079618882776728
so,W10p0,6,2,0.1205520531148742,0.1205520531148742
so,W40p0,6,18,0.12054892727296371,0.12054892727296371
so,W40p0,1,1,-0.1203183001639663,0.1203183001639663
thetao,W40p0,9,6,0.12026997745268603,0.12026997745268603
thetao,W20p0,4,1,0.12019084629922781,0.12019084629922781
thetao,W10p0,8,19,-0.12010932661038044,0.12010932661038044
so,W30p0,8,6,-0.11994516424718914,0.11994516424718914
so,W30p0,3,11,0.11987421540678588,0.11987421540678588
so,W20p0,3,14,0.11944513387937215,0.11944513387937215
so,W40p0,2,17,-0.11942005583181935,0.11942005583181935
so,W60p0,6,19,-0.11938520531393196,0.11938520531393196
so,W60p0,1,12,0.1192096742252997,0.1192096742252997
thetao,W40p0,2,15,0.11910900879509272,0.11910900879509272
so,W30p0,2,2,0.11890652846926832,0.11890652846926832
so,W20p0,3,3,-0.11879489422977024,0.11879489422977024
thetao,W10p0,8,9,0.11878573183841594,0.11878573183841594
thetao,W10p0,6,1,-0.11860648721042669,0.11860648721042669
so,W10p0,10,6,0.11860395574416034,0.11860395574416034
so,W20p0,3,10,-0.118593400682822,0.118593400682822
so,W20p0,2,10,0.11843939356165606,0.11843939356165606
so,W40p0,8,20,-0.11841908982550771,0.11841908982550771
so,W30p0,5,0,0.11841394932562471,0.11841394932562471
thetao,W40p0,8,6,-0.11833340107445135,0.11833340107445135
thetao,W30p0,1,15,-0.11823485370917812,0.11823485370917812
thetao,W30p0,9,3,0.11820050336919798,0.11820050336919798
thetao,W10p0,8,0,0.1181415803530489,0.1181415803530489
thetao,W10p0,10,8,-0.1179858536388557,0.1179858536388557
thetao,W40p0,8,8,-0.11784121394503448,0.11784121394503448
thetao,W30p0,5,13,0.11777052657249493,0.11777052657249493
thetao,W30p0,6,19,-0.11775977612888085,0.11775977612888085
thetao,W30p0,4,18,0.11741243947252934,0.11741243947252934
so,W10p0,6,20,0.11736272644675477,0.11736272644675477
thetao,W10p0,2,3,-0.117223985609055,0.117223985609055
thetao,W40p0,7,15,0.11685437871859547,0.11685437871859547
so,W30p0,7,11,0.11672886958297073,0.11672886958297073
thetao,W20p0,8,12,0.11667131427992772,0.11667131427992772
thetao,W20p0,1,12,-0.11655567524969272,0.11655567524969272
so,W40p0,9,8,-0.11612434884856328,0.11612434884856328
so,W40p0,8,13,0.11546409207952626,0.11546409207952626
so,W30p0,10,10,-0.1152679827439468,0.1152679827439468
thetao,W30p0,8,5,0.11515936641708831,0.11515936641708831
so,W60p0,10,13,-0.115116512400334,0.115116512400334
so,W30p0,4,3,0.11502827109234644,0.11502827109234644
thetao,W10p0,4,12,0.11501103040206431,0.11501103040206431
thetao,W40p0,1,2,-0.11497463001356585,0.11497463001356585
so,W60p0,7,15,0.1146786118472452,0.1146786118472452
so,W60p0,5,10,0.11454106073320465,0.11454106073320465
so,W60p0,3,15,0.11446614728668918,0.11446614728668918
thetao,W30p0,5,17,-0.11446490446572322,0.11446490446572322
thetao,W30p0,3,19,0.1142748035859925,0.1142748035859925
thetao,W30p0,10,13,-0.11418269955249193,0.11418269955249193
thetao,W30p0,6,20,-0.11417326619168854,0.11417326619168854
so,W30p0,4,13,-0.11407895521398109,0.11407895521398109
so,W60p0,7,10,0.11399154658162858,0.11399154658162858
so,W30p0,4,2,0.11375758269466481,0.11375758269466481
thetao,W60p0,9,7,0.11346375776845996,0.11346375776845996
so,W30p0,4,9,0.11344639594901952,0.11344639594901952
thetao,W40p0,4,3,-0.11324192847168824,0.11324192847168824
so,W10p0,7,14,0.11306945675492079,0.11306945675492079
so,W30p0,10,5,-0.11303251302369506,0.11303251302369506
thetao,W30p0,5,12,0.11297522394595935,0.11297522394595935
thetao,W10p0,5,4,0.11271386923580544,0.11271386923580544
thetao,W30p0,6,2,0.11267873330353231,0.11267873330353231
thetao,W20p0,5,2,0.11259739351964823,0.11259739351964823
thetao,W20p0,10,20,-0.11227189473146472,0.11227189473146472
thetao,W10p0,6,0,0.11221518908178742,0.11221518908178742
so,W60p0,1,13,0.11217155045396908,0.11217155045396908
thetao,W60p0,6,20,-0.11212482922619975,0.11212482922619975
so,W30p0,5,16,-0.11192345843537103,0.11192345843537103
thetao,W10p0,7,20,0.11192219826241893,0.11192219826241893
thetao,W30p0,9,6,0.11177511085062253,0.11177511085062253
thetao,W40p0,8,10,-0.11146437218848868,0.11146437218848868
so,W20p0,6,15,-0.11134817425313596,0.11134817425313596
so,W60p0,4,10,-0.11115236400885868,0.11115236400885868
so,W20p0,3,12,-0.11113490826557779,0.11113490826557779
thetao,W60p0,6,16,-0.11112209685972657,0.11112209685972657
thetao,W40p0,2,5,-0.11101318112474605,0.11101318112474605
thetao,W20p0,4,4,0.11074079799103316,0.11074079799103316
thetao,W60p0,10,2,0.11036895429831921,0.11036895429831921
thetao,W10p0,6,14,0.1102726894988196,0.1102726894988196
thetao,W10p0,5,1,0.11024341632666348,0.11024341632666348
so,W60p0,5,1,-0.11017252445270602,0.11017252445270602
so,W10p0,3,7,-0.11004526541253906,0.11004526541253906
thetao,W10p0,7,5,-0.11001303084286806,0.11001303084286806
thetao,W30p0,9,5,0.10997657640939966,0.10997657640939966
thetao,W40p0,2,8,-0.10975581351447863,0.10975581351447863
thetao,W40p0,9,13,0.10975289666208285,0.10975289666208285
thetao,W10p0,4,9,0.1096852737780142,0.1096852737780142
thetao,W30p0,9,4,0.10941684013644716,0.10941684013644716
thetao,W30p0,10,6,0.10931638573207789,0.10931638573207789
so,W20p0,5,12,-0.10926931632432088,0.10926931632432088
thetao,W60p0,7,8,0.10903161000808925,0.10903161000808925
thetao,W10p0,7,9,-0.10885145896176955,0.10885145896176955
so,W30p0,3,15,-0.10879808393710126,0.10879808393710126
so,W60p0,4,7,-0.10850609534887053,0.10850609534887053
thetao,W40p0,9,0,0.10847768450256724,0.10847768450256724
so,W30p0,10,6,-0.10833264951620206,0.10833264951620206
so,W40p0,7,12,-0.1082213468910953,0.1082213468910953
thetao,W30p0,10,0,0.10818415286839468,0.10818415286839468
thetao,W20p0,9,19,0.10795688112812152,0.10795688112812152
thetao,W40p0,5,19,0.10772888422859785,0.10772888422859785
so,W40p0,7,11,-0.10764122718294969,0.10764122718294969
thetao,W10p0,8,17,-0.1075809478534902,0.1075809478534902
so,W60p0,1,17,-0.10748584409732473,0.10748584409732473
so,W30p0,9,13,0.10735173060664582,0.10735173060664582
so,W60p0,9,8,0.10731069505359485,0.10731069505359485
so,W20p0,4,9,0.10706451348785154,0.10706451348785154
so,W40p0,5,20,0.10668410361490822,0.10668410361490822
so,W30p0,4,4,0.10667931036735483,0.10667931036735483
so,W10p0,6,9,0.10666978180204778,0.10666978180204778
so,W60p0,7,8,0.10658777425616227,0.10658777425616227
thetao,W60p0,4,0,0.10630111160626551,0.10630111160626551
so,W30p0,7,16,0.10629737692768512,0.10629737692768512
so,W40p0,4,8,-0.10594256689303314,0.10594256689303314
thetao,W30p0,1,1,-0.10594239584514525,0.10594239584514525
so,W40p0,7,4,0.10593306706238206,0.10593306706238206
thetao,W40p0,10,12,0.10590121830405201,0.10590121830405201
so,W20p0,7,20,0.10578105401674165,0.10578105401674165
thetao,W30p0,6,4,-0.10571791944875122,0.10571791944875122
thetao,W10p0,2,13,-0.10571516523940244,0.10571516523940244
so,W60p0,4,0,-0.1051712260667136,0.1051712260667136
so,W60p0,4,6,-0.1048198628755749,0.1048198628755749
so,W40p0,4,9,-0.10469644973270334,0.10469644973270334
so,W40p0,7,1,0.1045334386520602,0.1045334386520602
thetao,W40p0,9,1,0.10449199133324971,0.10449199133324971
so,W40p0,8,6,0.10442148143341476,0.10442148143341476
thetao,W60p0,4,16,0.10430956665584797,0.10430956665584797
so,W20p0,1,9,-0.10425756468570004,0.10425756468570004
so,W60p0,10,4,-0.10412312978957054,0.10412312978957054
thetao,W40p0,8,11,-0.1040201320820265,0.1040201320820265
so,W10p0,8,3,0.10399775434577486,0.10399775434577486
so,W10p0,1,0,-0.10396450873374087,0.10396450873374087
so,W10p0,8,19,-0.10393187805844542,0.10393187805844542
so,W10p0,7,11,0.10374620061559567,0.10374620061559567
thetao,W20p0,1,20,-0.10361446668619476,0.10361446668619476
thetao,W30p0,2,5,0.10342902514984913,0.10342902514984913
thetao,W10p0,8,10,0.10340250807948179,0.10340250807948179
thetao,W30p0,9,8,0.10334621697919508,0.10334621697919508
thetao,W40p0,2,4,-0.10318334966514987,0.10318334966514987
so,W40p0,7,2,0.10299962218048025,0.10299962218048025
so,W20p0,7,6,0.10290424398408089,0.10290424398408089
thetao,W10p0,4,0,-0.10289758363409479,0.10289758363409479
so,W30p0,3,6,0.10288377544683026,0.10288377544683026
so,W60p0,7,18,0.10285081058987375,0.10285081058987375
thetao,W30p0,9,7,0.10275022084763717,0.10275022084763717
so,W60p0,4,12,0.1026757313293641,0.1026757313293641
so,W20p0,1,6,-0.10263477243658256,0.10263477243658256
thetao,W60p0,6,7,-0.10247495034931549,0.10247495034931549
so,W40p0,8,15,-0.10228975512530675,0.10228975512530675
so,W60p0,6,12,0.10207112123734935,0.10207112123734935
thetao,W20p0,1,11,-0.10198343636212436,0.10198343636212436
so,W40p0,9,19,-0.10194325147915084,0.10194325147915084
so,W60p0,3,16,0.10192618875704122,0.10192618875704122
so,W60p0,3,2,0.10177022935300732,0.10177022935300732
so,W30p0,5,11,-0.10165905355171558,0.10165905355171558
thetao,W30p0,2,1,-0.10151445635208171,0.10151445635208171
thetao,W30p0,1,19,0.10136392402481299,0.10136392402481299
so,W30p0,5,5,-0.10113817234158562,0.10113817234158562
so,W60p0,10,6,-0.10111977873242296,0.10111977873242296
so,W30p0,6,2,0.10105435676290722,0.10105435676290722
thetao,W30p0,6,13,-0.10091306537500554,0.10091306537500554
so,W40p0,6,20,0.10090403380873125,0.10090403380873125
thetao,W10p0,9,10,0.10089548770572554,0.10089548770572554
thetao,W10p0,2,2,-0.10087568891810422,0.10087568891810422
so,W60p0,4,16,-0.10079218367461214,0.10079218367461214
thetao,W40p0,1,19,-0.10050808157271524,0.10050808157271524
thetao,W30p0,5,14,0.1001742349467296,0.1001742349467296
thetao,W20p0,10,16,-0.09993551272493684,0.09993551272493684
so,W20p0,3,20,0.09976077793699334,0.09976077793699334
thetao,W60p0,9,8,0.09934015459700968,0.09934015459700968
so,W30p0,3,8,0.09888771901936436,0.09888771901936436
so,W30p0,6,6,0.09884963823936867,0.09884963823936867
so,W20p0,4,12,0.09882829760733017,0.09882829760733017
so,W20p0,1,19,-0.098760670150095,0.098760670150095
thetao,W60p0,3,17,-0.09860366788608745,0.09860366788608745
so,W30p0,10,18,-0.0985962146839708,0.0985962146839708
so,W20p0,7,19,0.09859282699312384,0.09859282699312384
thetao,W60p0,7,11,0.09859240723482764,0.09859240723482764
so,W60p0,3,14,0.09858130220232453,0.09858130220232453
thetao,W20p0,2,15,-0.09845397439104459,0.09845397439104459
thetao,W40p0,2,7,-0.09843239346907046,0.09843239346907046
thetao,W10p0,10,16,0.0982857674869651,0.0982857674869651
so,W60p0,4,8,-0.09828505410971206,0.09828505410971206
so,W20p0,1,14,0.09820241961934244,0.09820241961934244
so,W20p0,5,14,-0.09804105871687281,0.09804105871687281
thetao,W10p0,4,11,0.09764361270718627,0.09764361270718627
so,W40p0,1,19,-0.09741895794257142,0.09741895794257142
thetao,W30p0,7,18,0.09736155261447528,0.09736155261447528
so,W30p0,8,12,-0.09727960681635474,0.09727960681635474
so,W60p0,7,9,0.0970330559530573,0.0970330559530573
so,W30p0,5,2,-0.09696186864417532,0.09696186864417532
so,W30p0,7,8,0.09695970842334874,0.09695970842334874
thetao,W60p0,1,5,-0.09683074189398704,0.09683074189398704
so,W10p0,3,11,0.09655363871207899,0.09655363871207899
thetao,W40p0,7,9,-0.09624260744275723,0.09624260744275723
thetao,W10p0,5,17,0.09611740516474049,0.09611740516474049
so,W60p0,3,6,0.09608169728953218,0.09608169728953218
so,W30p0,5,17,-0.09600132943836333,0.09600132943836333
so,W20p0,7,0,0.09592245944603028,0.09592245944603028
thetao,W20p0,10,10,0.09580409945870275,0.09580409945870275
so,W30p0,10,13,-0.09579652254621404,0.09579652254621404
so,W60p0,9,9,0.09575537504192298,0.09575537504192298
so,W20p0,9,15,0.09574020960038365,0.09574020960038365
so,W20p0,2,16,0.09551727034113902,0.09551727034113902
so,W40p0,2,18,-0.09547774755858357,0.09547774755858357
so,W20p0,3,6,-0.09541726702441512,0.09541726702441512
so,W10p0,8,17,-0.09518490196515775,0.09518490196515775
so,W10p0,7,13,0.09517441997524333,0.09517441997524333
so,W20p0,4,19,0.09512765919717306,0.09512765919717306
so,W10p0,7,10,0.0950814772091955,0.0950814772091955
so,W30p0,9,7,0.09501016712991606,0.09501016712991606
thetao,W10p0,6,15,0.09497358988977715,0.09497358988977715
so,W30p0,4,5,0.09487724279984613,0.09487724279984613
thetao,W20p0,5,10,0.09485191987910616,0.09485191987910616
thetao,W10p0,4,1,-0.09440920877429732,0.09440920877429732
so,W10p0,3,9,0.09440595810405887,0.09440595810405887
thetao,W10p0,9,7,0.09427782237037985,0.09427782237037985
thetao,W20p0,9,17,-0.0940435273547017,0.0940435273547017
so,W20p0,6,3,0.09397459621125015,0.09397459621125015
so,W60p0,1,20,-0.09392283553767507,0.09392283553767507
so,W60p0,5,2,-0.09389297993345634,0.09389297993345634
thetao,W10p0,8,8,0.09386780281713065,0.09386780281713065
so,W20p0,6,8,-0.09378838185764352,0.09378838185764352
so,W10p0,1,19,0.09370652604233377,0.09370652604233377
thetao,W40p0,2,9,-0.09351077072881632,0.09351077072881632
thetao,W20p0,5,8,0.09350473112718875,0.09350473112718875
so,W60p0,5,5,-0.09350203244090342,0.09350203244090342
so,W40p0,5,11,-0.09347103268387906,0.09347103268387906
thetao,W10p0,6,6,0.09341854094078021,0.09341854094078021
thetao,W10p0,9,11,0.09330842857950318,0.09330842857950318
so,W20p0,3,16,0.0931751391374113,0.0931751391374113
so,W40p0,9,18,-0.09314653779707512,0.09314653779707512
so,W40p0,8,2,-0.09313734701548712,0.09313734701548712
thetao,W60p0,7,7,0.09298066762128945,0.09298066762128945
so,W40p0,8,3,-0.09295392978518496,0.09295392978518496
so,W20p0,8,15,0.09292601084536731,0.09292601084536731
so,W20p0,8,12,-0.09288071825501075,0.09288071825501075
so,W30p0,5,6,-0.09248418600672932,0.09248418600672932
thetao,W40p0,10,13,0.09219856059421945,0.09219856059421945
thetao,W30p0,7,1,0.09219011643258584,0.09219011643258584
so,W20p0,1,13,0.09206677956695974,0.09206677956695974
so,W40p0,10,18,-0.09196805659759957,0.09196805659759957
thetao,W40p0,5,4,0.09168867875982227,0.09168867875982227
so,W20p0,1,7,-0.09128194617653516,0.09128194617653516
thetao,W10p0,2,9,-0.0911579392668884,0.0911579392668884
so,W60p0,6,7,0.09115652830309667,0.09115652830309667
thetao,W60p0,9,1,0.09107201595646372,0.09107201595646372
thetao,W40p0,2,6,-0.09101025688563427,0.09101025688563427
so,W60p0,1,8,0.09091239540546105,0.09091239540546105
thetao,W60p0,8,0,-0.09073763137692213,0.09073763137692213
so,W60p0,1,10,0.09049404635879849,0.09049404635879849
thetao,W40p0,4,12,-0.09043543295278053,0.09043543295278053
so,W60p0,5,18,0.09037794844130084,0.09037794844130084
so,W60p0,7,3,-0.09009025254860147,0.09009025254860147
so,W30p0,1,16,-0.08982320739028316,0.08982320739028316
so,W20p0,5,9,0.08969495572909301,0.08969495572909301
thetao,W20p0,5,16,0.08946103643224819,0.08946103643224819
thetao,W60p0,6,14,-0.08937245755488477,0.08937245755488477
so,W60p0,9,7,0.08881510541421077,0.08881510541421077
so,W60p0,5,6,-0.08864697265294301,0.08864697265294301
so,W20p0,7,7,0.08863595982606924,0.08863595982606924
thetao,W20p0,6,3,0.08862198757530584,0.08862198757530584
thetao,W10p0,9,12,0.08858890472630232,0.08858890472630232
thetao,W60p0,9,5,0.08847177213790523,0.08847177213790523
thetao,W30p0,5,0,0.08845574929296235,0.08845574929296235
thetao,W40p0,10,10,0.08837529484421519,0.08837529484421519
thetao,W40p0,3,7,0.08835908960651391,0.08835908960651391
thetao,W10p0,8,16,-0.08826945052564929,0.08826945052564929
so,W10p0,1,8,-0.08820629255068935,0.08820629255068935
so,W20p0,8,16,0.0881146599614768,0.0881146599614768
thetao,W10p0,9,5,0.08805012259857371,0.08805012259857371
so,W30p0,6,8,0.08804861283494492,0.08804861283494492
so,W20p0,8,18,-0.08796157215277778,0.08796157215277778
so,W30p0,2,17,-0.08794998906714213,0.08794998906714213
thetao,W20p0,8,13,0.08785043578393752,0.08785043578393752
thetao,W20p0,10,4,0.08762197906498931,0.08762197906498931
thetao,W60p0,6,15,-0.08761576186923382,0.08761576186923382
so,W60p0,6,5,0.08716438984204795,0.08716438984204795
so,W60p0,1,16,-0.08692273961713377,0.08692273961713377
so,W30p0,9,8,0.08687891023904186,0.08687891023904186
thetao,W60p0,6,17,-0.08678163389812935,0.08678163389812935
so,W10p0,4,16,-0.08658129652644242,0.08658129652644242
thetao,W20p0,10,5,0.08636485689851357,0.08636485689851357
thetao,W10p0,9,9,0.08621936094988099,0.08621936094988099
so,W40p0,6,9,0.08618701641992782,0.08618701641992782
thetao,W10p0,8,15,-0.08593743354514698,0.08593743354514698
so,W20p0,5,6,0.08591411276469943,0.08591411276469943
so,W30p0,10,1,-0.08580282991655301,0.08580282991655301
thetao,W40p0,4,1,-0.08579094992332865,0.08579094992332865
so,W20p0,6,9,-0.08567713428053356,0.08567713428053356
thetao,W20p0,6,7,-0.08565073585664681,0.08565073585664681
thetao,W10p0,2,4,-0.0855576026803021,0.0855576026803021
thetao,W60p0,4,8,0.08533384580425706,0.08533384580425706
so,W10p0,1,7,-0.08526075990370677,0.08526075990370677
thetao,W40p0,10,11,0.08513880642303093,0.08513880642303093
thetao,W60p0,4,10,0.08508291909872934,0.08508291909872934
thetao,W30p0,5,11,0.08494939901822442,0.08494939901822442
so,W40p0,9,9,-0.08482985311892521,0.08482985311892521
thetao,W20p0,5,9,0.0848282994536138,0.0848282994536138
thetao,W20p0,10,3,0.08478242073612254,0.08478242073612254
thetao,W40p0,4,10,-0.08459741642297923,0.08459741642297923
so,W40p0,2,9,0.0843536422073071,0.0843536422073071
thetao,W10p0,7,0,-0.08425405024990033,0.08425405024990033
so,W40p0,3,16,0.08417443212897016,0.08417443212897016
thetao,W30p0,3,9,0.08416555791748054,0.08416555791748054
thetao,W40p0,9,5,0.08415626787372324,0.08415626787372324
thetao,W40p0,2,10,-0.08413092519104953,0.08413092519104953
so,W10p0,6,3,0.0839985362483267,0.0839985362483267
so,W30p0,3,10,0.08384601720616126,0.08384601720616126
thetao,W10p0,6,11,0.08368098464138732,0.08368098464138732
so,W30p0,3,19,-0.08362528600528192,0.08362528600528192
so,W60p0,8,18,-0.08361873301647967,0.08361873301647967
thetao,W40p0,10,8,0.08353585890152719,0.08353585890152719
thetao,W60p0,5,1,0.08318139254446813,0.08318139254446813
so,W10p0,1,6,-0.08315039533775354,0.08315039533775354
so,W10p0,6,1,0.08294290323668645,0.08294290323668645
thetao,W60p0,1,20,-0.08269211425812814,0.08269211425812814
so,W30p0,9,10,0.0826086999910166,0.0826086999910166
thetao,W10p0,8,7,0.08258028777266391,0.08258028777266391
so,W10p0,7,2,-0.08240731339542118,0.08240731339542118
thetao,W40p0,7,2,-0.08231781624295643,0.08231781624295643
so,W40p0,8,4,-0.08216947662250255,0.08216947662250255
so,W40p0,7,8,0.08210100350434928,0.08210100350434928
thetao,W40p0,6,0,-0.08190870038003965,0.08190870038003965
thetao,W60p0,9,11,0.08174989264541534,0.08174989264541534
so,W30p0,6,5,0.08143143130497339,0.08143143130497339
so,W60p0,3,13,0.08140019465009969,0.08140019465009969
thetao,W30p0,7,2,0.08127825559808449,0.08127825559808449
so,W30p0,7,4,0.08109883360827953,0.08109883360827953
so,W20p0,1,10,-0.08104100155509962,0.08104100155509962
so,W40p0,2,13,0.08103993419919692,0.08103993419919692
so,W40p0,7,7,0.0809962341912546,0.0809962341912546
so,W30p0,9,20,0.08090640235688003,0.08090640235688003
so,W10p0,2,17,0.0808950566878988,0.0808950566878988
thetao,W40p0,7,11,0.0808399509992159,0.0808399509992159
thetao,W40p0,2,12,-0.08071605299259117,0.08071605299259117
thetao,W20p0,8,14,0.0806338377722709,0.0806338377722709
so,W20p0,7,5,0.0805718343557948,0.0805718343557948
thetao,W10p0,9,2,0.0805197773402314,0.0805197773402314
thetao,W10p0,5,3,0.08041101752388423,0.08041101752388423
thetao,W10p0,5,7,-0.08032227198864719,0.08032227198864719
thetao,W10p0,4,8,0.07999404106334271,0.07999404106334271
so,W10p0,1,9,-0.0797941580151713,0.0797941580151713
thetao,W40p0,5,1,-0.07976975949536709,0.07976975949536709
thetao,W60p0,2,13,-0.07966851677724837,0.07966851677724837
so,W20p0,5,10,0.07963163947824309,0.07963163947824309
thetao,W60p0,9,2,0.07948947950242961,0.07948947950242961
so,W30p0,8,13,-0.07913366003192158,0.07913366003192158
thetao,W40p0,3,6,0.07908015474233847,0.07908015474233847
so,W40p0,7,3,0.07891122414549688,0.07891122414549688
so,W60p0,6,18,-0.0788903844428596,0.0788903844428596
thetao,W10p0,9,4,0.07846532640131411,0.07846532640131411
so,W60p0,1,11,0.07840702858786004,0.07840702858786004
so,W40p0,9,14,-0.07839768844284452,0.07839768844284452
so,W20p0,1,2,-0.07838331890873046,0.07838331890873046
so,W40p0,10,16,-0.07828733605778586,0.07828733605778586
so,W40p0,7,6,0.07825489858033279,0.07825489858033279
thetao,W40p0,9,16,0.07808055616110829,0.07808055616110829
so,W30p0,7,15,0.07781049828579087,0.07781049828579087
so,W20p0,1,1,-0.0775562053897484,0.0775562053897484
thetao,W60p0,3,18,-0.0773562677281343,0.0773562677281343
so,W30p0,6,9,0.07720682723647876,0.07720682723647876
so,W10p0,7,7,0.07720610865845107,0.07720610865845107
so,W40p0,2,12,0.07716765940113028,0.07716765940113028
so,W60p0,9,5,0.0769868863063418,0.0769868863063418
thetao,W30p0,3,18,0.07683757353316398,0.07683757353316398
so,W40p0,10,15,-0.07675479399800987,0.07675479399800987
thetao,W60p0,9,9,0.07661721011737806,0.07661721011737806
so,W30p0,9,9,0.07641774409851114,0.07641774409851114
thetao,W30p0,4,17,0.0763859765459845,0.0763859765459845
thetao,W20p0,8,6,0.07633247588809966,0.07633247588809966
thetao,W10p0,7,4,-0.07614757609523694,0.07614757609523694
so,W60p0,4,9,-0.07613558319851423,0.07613558319851423
thetao,W30p0,2,8,-0.07613187412674015,0.07613187412674015
thetao,W40p0,2,11,-0.0758561689990487,0.0758561689990487
so,W20p0,9,19,-0.0757442090612617,0.0757442090612617
so,W20p0,8,5,0.0756853776507477,0.0756853776507477
thetao,W20p0,6,4,0.07549895469826874,0.07549895469826874
thetao,W60p0,7,10,0.07471188191159807,0.07471188191159807
thetao,W20p0,1,7,0.07445156656358672,0.07445156656358672
so,W30p0,8,16,0.07429797709460272,0.07429797709460272
thetao,W10p0,8,11,0.0742636264153764,0.0742636264153764
so,W10p0,10,11,0.07422505975693344,0.07422505975693344
so,W30p0,6,4,0.07410785946185407,0.07410785946185407
so,W60p0,8,15,0.07401439385621421,0.07401439385621421
so,W60p0,1,9,0.07389911642617177,0.07389911642617177
so,W30p0,2,12,0.07379442590638374,0.07379442590638374
so,W30p0,3,13,-0.07378650009411408,0.07378650009411408
thetao,W10p0,9,18,0.07378517440218428,0.07378517440218428
thetao,W30p0,7,4,-0.07366329466944398,0.07366329466944398
thetao,W40p0,5,0,-0.07363556448953727,0.07363556448953727
so,W60p0,9,6,0.07355478879631616,0.07355478879631616
thetao,W60p0,3,8,0.07353094446110105,0.07353094446110105
thetao,W20p0,10,11,0.073320317138225,0.073320317138225
thetao,W60p0,6,0,0.07329439499173532,0.07329439499173532
so,W20p0,9,8,0.07316888351680338,0.07316888351680338
thetao,W30p0,4,13,0.07310398793407277,0.07310398793407277
thetao,W20p0,1,10,-0.07297398611780755,0.07297398611780755
so,W30p0,5,12,-0.07276772226977543,0.07276772226977543
so,W40p0,2,11,0.07271353804232124,0.07271353804232124
so,W30p0,9,19,0.07249445901040714,0.07249445901040714
thetao,W10p0,5,11,0.07243674761242112,0.07243674761242112
so,W60p0,10,5,-0.0723944423087786,0.0723944423087786
thetao,W40p0,7,3,-0.07234325959618004,0.07234325959618004
so,W10p0,3,6,-0.07216906320751164,0.07216906320751164
thetao,W60p0,8,17,0.07214599166016385,0.07214599166016385
so,W20p0,8,13,-0.07205287839241661,0.07205287839241661
so,W40p0,6,6,-0.07202687600302327,0.07202687600302327
so,W30p0,1,17,-0.07188767456943301,0.07188767456943301
so,W30p0,6,7,0.07180544966451928,0.07180544966451928
so,W20p0,9,12,0.07173135317965766,0.07173135317965766
so,W30p0,3,5,0.07139585636534727,0.07139585636534727
so,W60p0,4,1,-0.07137151559350995,0.07137151559350995
so,W40p0,6,4,-0.0712172379412661,0.0712172379412661
thetao,W30p0,5,10,0.07044620963691371,0.07044620963691371
thetao,W20p0,8,11,0.07018708939784564,0.07018708939784564
thetao,W30p0,8,8,-0.06998283458649102,0.06998283458649102
so,W10p0,1,18,0.06973672774569277,0.06973672774569277
so,W60p0,3,7,0.06970903728999414,0.06970903728999414
so,W20p0,8,17,0.06937283412032637,0.06937283412032637
thetao,W40p0,3,17,-0.0693161596275523,0.0693161596275523
thetao,W40p0,4,9,-0.06924867376458665,0.06924867376458665
so,W40p0,5,13,-0.06918064783489787,0.06918064783489787
thetao,W10p0,9,15,0.06899993985740359,0.06899993985740359
thetao,W60p0,3,12,0.06899225460993355,0.06899225460993355
thetao,W60p0,1,3,0.0687657792015996,0.0687657792015996
thetao,W10p0,2,10,-0.06874196652305599,0.06874196652305599
thetao,W20p0,5,0,-0.06868080514487498,0.06868080514487498
thetao,W20p0,6,11,0.06858807852533118,0.06858807852533118
so,W40p0,7,5,0.06845751944370904,0.06845751944370904
thetao,W60p0,2,20,-0.06844085190854476,0.06844085190854476
thetao,W40p0,6,11,0.06839113797190224,0.06839113797190224
so,W40p0,1,20,-0.06837637430070939,0.06837637430070939
so,W40p0,7,10,-0.0682901567493874,0.0682901567493874
so,W20p0,1,8,-0.06799627321274682,0.06799627321274682
so,W40p0,5,15,0.06796820737838186,0.06796820737838186
thetao,W10p0,4,20,-0.06779601683359958,0.06779601683359958
thetao,W60p0,4,15,0.06773078791172814,0.06773078791172814
thetao,W60p0,4,9,0.06763461643353488,0.06763461643353488
so,W40p0,8,1,-0.06759975700924138,0.06759975700924138
thetao,W20p0,10,14,-0.0673837243962746,0.0673837243962746
so,W20p0,9,7,0.0670656395027919,0.0670656395027919
thetao,W30p0,1,16,-0.06695880987896265,0.06695880987896265
so,W60p0,4,2,-0.06693407759291933,0.06693407759291933
so,W20p0,7,4,0.06669386697430825,0.06669386697430825
thetao,W40p0,10,4,-0.06661373712091016,0.06661373712091016
thetao,W20p0,5,1,0.06659571707403848,0.06659571707403848
so,W20p0,6,7,-0.06656045989129078,0.06656045989129078
thetao,W20p0,2,16,-0.06654348402018734,0.06654348402018734
so,W10p0,10,17,-0.06643028771127941,0.06643028771127941
thetao,W10p0,5,8,-0.06642627688028965,0.06642627688028965
thetao,W60p0,10,5,-0.0663548433482962,0.0663548433482962
thetao,W40p0,1,1,-0.06627473899947622,0.06627473899947622
so,W60p0,5,20,0.0662387066864104,0.0662387066864104
so,W60p0,5,4,-0.066226190541377,0.066226190541377
thetao,W60p0,7,9,0.06606033471193466,0.06606033471193466
thetao,W60p0,3,15,0.06597798406739142,0.06597798406739142
thetao,W10p0,5,2,0.06556517456826812,0.06556517456826812
thetao,W40p0,9,2,0.06552293412721177,0.06552293412721177
so,W40p0,6,3,-0.06543457621641126,0.06543457621641126
thetao,W20p0,4,16,0.0654297386753692,0.0654297386753692
so,W40p0,3,4,-0.06536306254698498,0.06536306254698498
so,W60p0,9,4,0.06531369411717805,0.06531369411717805
so,W30p0,7,7,0.06506367931110668,0.06506367931110668
thetao,W20p0,10,6,0.06505894663120533,0.06505894663120533
thetao,W40p0,10,0,0.06500023330939961,0.06500023330939961
so,W10p0,1,5,-0.0649085849867267,0.0649085849867267
thetao,W20p0,4,0,0.06477673147940634,0.06477673147940634
so,W60p0,4,3,-0.06461279300925037,0.06461279300925037
so,W30p0,3,1,0.0645861514117313,0.0645861514117313
so,W40p0,6,17,0.06452658962828006,0.06452658962828006
so,W10p0,1,4,-0.06440672491217525,0.06440672491217525
thetao,W10p0,10,13,0.06410907115621821,0.06410907115621821
so,W60p0,1,14,0.06399934425252594,0.06399934425252594
thetao,W10p0,7,13,0.06389033675403995,0.06389033675403995
thetao,W20p0,5,17,0.06373043816066054,0.06373043816066054
so,W60p0,5,14,-0.06313649137717738,0.06313649137717738
so,W60p0,7,12,0.06309876199856312,0.06309876199856312
thetao,W30p0,8,7,-0.06268136438133419,0.06268136438133419
thetao,W10p0,2,12,-0.06262797147484632,0.06262797147484632
thetao,W30p0,6,18,-0.06241184840093169,0.06241184840093169
thetao,W10p0,7,3,-0.06241145441551749,0.06241145441551749
so,W20p0,3,0,0.062364932257893,0.062364932257893
thetao,W20p0,7,1,-0.062350348760855365,0.062350348760855365
thetao,W30p0,8,3,0.062185014362271744,0.062185014362271744
so,W30p0,4,7,-0.06218156360594947,0.06218156360594947
so,W40p0,4,6,0.062180612890030185,0.062180612890030185
thetao,W60p0,3,9,0.061991511311806,0.061991511311806
so,W60p0,7,4,-0.061904478140095136,0.061904478140095136
thetao,W40p0,3,18,-0.06178898389295628,0.06178898389295628
so,W40p0,9,7,-0.06178404641063757,0.06178404641063757
so,W30p0,4,11,0.06176148578688626,0.06176148578688626
thetao,W20p0,10,2,-0.061697740407050686,0.061697740407050686
so,W30p0,9,5,0.061619667095155956,0.061619667095155956
so,W30p0,8,9,-0.061540416824935856,0.061540416824935856
so,W60p0,6,9,0.06134964398944511,0.06134964398944511
thetao,W60p0,8,6,0.0613352405400931,0.0613352405400931
thetao,W10p0,10,12,0.06133204111584281,0.06133204111584281
thetao,W10p0,2,1,-0.061330255638649356,0.061330255638649356
so,W10p0,7,20,0.06116259275089564,0.06116259275089564
so,W30p0,8,18,0.06091287122243608,0.06091287122243608
so,W30p0,6,10,0.06085490346682394,0.06085490346682394
so,W20p0,8,14,0.06083757891328226,0.06083757891328226
so,W60p0,4,11,-0.06063093857257445,0.06063093857257445
thetao,W30p0,5,8,0.0603598863844447,0.0603598863844447
so,W30p0,4,0,0.0600758876665259,0.0600758876665259
thetao,W40p0,4,0,-0.05995275173881178,0.05995275173881178
so,W40p0,6,8,0.0599185167719254,0.0599185167719254
so,W20p0,4,13,0.059678011342464,0.059678011342464
so,W30p0,2,11,0.05967142745159612,0.05967142745159612
thetao,W60p0,6,18,-0.05964753671359768,0.05964753671359768
so,W30p0,10,17,-0.05962400614101544,0.05962400614101544
so,W10p0,6,8,0.059587318567388095,0.059587318567388095
thetao,W60p0,6,6,-0.059172151500362334,0.059172151500362334
so,W60p0,8,16,0.05916733517479674,0.05916733517479674
so,W10p0,10,15,-0.059129190213899605,0.059129190213899605
thetao,W40p0,6,8,0.05911897817479526,0.05911897817479526
so,W10p0,10,2,-0.05881494464322752,0.05881494464322752
thetao,W60p0,4,5,0.05842153817010463,0.05842153817010463
thetao,W20p0,4,9,-0.05811108069892618,0.05811108069892618
so,W30p0,6,12,0.05785296395192113,0.05785296395192113
so,W10p0,2,20,0.0578439695461416,0.0578439695461416
thetao,W40p0,10,9,0.057803218543313356,0.057803218543313356
so,W10p0,4,18,-0.05754630238742498,0.05754630238742498
so,W20p0,9,18,-0.05752837397428278,0.05752837397428278
so,W10p0,7,9,-0.05727190803496382,0.05727190803496382
so,W30p0,7,19,0.05714428473459577,0.05714428473459577
so,W10p0,8,9,0.05707655608284586,0.05707655608284586
so,W30p0,8,17,0.05689535980951436,0.05689535980951436
thetao,W40p0,3,14,0.05683769850117832,0.05683769850117832
so,W40p0,9,1,0.0567616655771398,0.0567616655771398
so,W30p0,2,19,-0.05675126639709108,0.05675126639709108
thetao,W10p0,6,7,0.056727081157986574,0.056727081157986574
so,W30p0,10,20,-0.05665666349008971,0.05665666349008971
so,W10p0,2,18,0.056644594945033364,0.056644594945033364
thetao,W10p0,6,5,-0.05661903601330762,0.05661903601330762
so,W10p0,4,17,-0.05622125219616652,0.05622125219616652
so,W30p0,6,11,0.05621824532616333,0.05621824532616333
thetao,W60p0,4,7,0.05611787864397698,0.05611787864397698
so,W40p0,1,0,0.0561117541142828,0.0561117541142828
so,W20p0,7,1,0.05602519598393562,0.05602519598393562
so,W10p0,2,19,0.056012800246859354,0.056012800246859354
so,W40p0,5,12,-0.055996613828837645,0.055996613828837645
thetao,W40p0,10,20,0.055995725211867284,0.055995725211867284
so,W40p0,6,15,-0.05591903644933256,0.05591903644933256
so,W60p0,7,6,0.05590213994802681,0.05590213994802681
so,W10p0,8,12,-0.05579160483357638,0.05579160483357638
so,W30p0,3,12,0.055779041740354245,0.055779041740354245
so,W40p0,3,13,0.055679190596805525,0.055679190596805525
thetao,W30p0,6,14,-0.05556454214478351,0.05556454214478351
thetao,W60p0,4,6,0.05549607387398546,0.05549607387398546
thetao,W20p0,6,14,0.05548710662889018,0.05548710662889018
thetao,W20p0,7,5,-0.05544208939857023,0.05544208939857023
thetao,W30p0,4,12,0.05527215997009118,0.05527215997009118
so,W40p0,6,14,-0.05525895517820159,0.05525895517820159
so,W40p0,4,17,0.05515082950349048,0.05515082950349048
thetao,W20p0,4,17,0.05499210112604174,0.05499210112604174
so,W60p0,9,16,0.054664377726466575,0.054664377726466575
thetao,W60p0,9,18,0.054601788600820336,0.054601788600820336
so,W30p0,2,15,-0.05451711677154119,0.05451711677154119
thetao,W30p0,5,6,0.05442591592317035,0.05442591592317035
so,W20p0,4,15,0.054369668441814685,0.054369668441814685
thetao,W30p0,4,14,0.0543597179464347,0.0543597179464347
thetao,W60p0,8,7,0.05433122815727527,0.05433122815727527
thetao,W10p0,2,11,-0.054295286539179005,0.054295286539179005
so,W20p0,6,6,-0.05420730464427711,0.05420730464427711
so,W30p0,5,13,-0.05409351147371423,0.05409351147371423
so,W30p0,8,8,-0.054050816111852536,0.054050816111852536
so,W40p0,2,14,0.05403846786064182,0.05403846786064182
so,W10p0,10,16,-0.05398338745491957,0.05398338745491957
thetao,W30p0,5,9,0.053785654993789685,0.053785654993789685
thetao,W30p0,8,2,0.05358833317997783,0.05358833317997783
thetao,W20p0,4,15,0.05347318661347057,0.05347318661347057
thetao,W60p0,9,3,0.05339691982169417,0.05339691982169417
thetao,W30p0,3,12,0.05329528609458568,0.05329528609458568
so,W20p0,9,6,0.0532934933853134,0.0532934933853134
thetao,W60p0,8,10,-0.053179228231194,0.053179228231194
thetao,W40p0,10,3,-0.05305755138637386,0.05305755138637386
so,W10p0,3,8,-0.05293427079537096,0.05293427079537096
so,W20p0,6,10,-0.05234016916532958,0.05234016916532958
thetao,W30p0,2,2,0.05183275808048026,0.05183275808048026
thetao,W10p0,10,15,0.0517231583817046,0.0517231583817046
thetao,W10p0,6,8,0.051528618940095805,0.051528618940095805
thetao,W40p0,5,20,-0.05147448064888964,0.05147448064888964
thetao,W40p0,8,0,0.051335738534282575,0.051335738534282575
thetao,W30p0,5,4,-0.051315456242150476,0.051315456242150476
thetao,W30p0,3,10,0.051221969958258264,0.051221969958258264
thetao,W30p0,1,0,-0.05117024251382423,0.05117024251382423
so,W10p0,1,17,0.051137053789896136,0.051137053789896136
so,W20p0,3,7,-0.05107123457672176,0.05107123457672176
so,W60p0,5,15,-0.05072395395426907,0.05072395395426907
so,W30p0,3,20,-0.050510716797679434,0.050510716797679434
thetao,W10p0,9,13,0.0501918983894086,0.0501918983894086
thetao,W60p0,2,14,-0.05004376322923455,0.05004376322923455
thetao,W40p0,4,4,-0.04996319633506963,0.04996319633506963
thetao,W20p0,4,10,-0.049920115928907646,0.049920115928907646
so,W30p0,8,14,-0.04986959122521535,0.04986959122521535
thetao,W60p0,9,10,0.049595892852389654,0.049595892852389654
so,W60p0,6,8,0.04957144704888149,0.04957144704888149
so,W40p0,4,3,0.04952226538209144,0.04952226538209144
so,W40p0,3,10,0.049514185861947974,0.049514185861947974
so,W10p0,3,19,0.04946139492642216,0.04946139492642216
thetao,W20p0,8,10,0.04927328504688397,0.04927328504688397
so,W60p0,3,20,-0.04925864019056569,0.04925864019056569
so,W30p0,3,7,0.04925015191347147,0.04925015191347147
thetao,W60p0,3,10,0.04923874059904739,0.04923874059904739
thetao,W20p0,8,1,-0.048916667388888994,0.048916667388888994
thetao,W60p0,10,4,-0.04885356598470697,0.04885356598470697
thetao,W60p0,8,13,-0.04883086721890539,0.04883086721890539
so,W30p0,3,9,0.048699398821725366,0.048699398821725366
so,W20p0,8,4,0.0486925233037663,0.0486925233037663
so,W20p0,6,14,-0.048660464107771216,0.048660464107771216
so,W20p0,3,8,0.04856822091204176,0.04856822091204176
thetao,W20p0,5,20,-0.04822150055312873,0.04822150055312873
thetao,W20p0,6,6,-0.04812368437715212,0.04812368437715212
thetao,W40p0,7,5,-0.04810700755135026,0.04810700755135026
so,W30p0,8,11,-0.04791496624336134,0.04791496624336134
so,W30p0,10,15,-0.047883714017832875,0.047883714017832875
thetao,W40p0,9,20,0.0478496071013962,0.0478496071013962
thetao,W30p0,9,0,-0.0476813405891121,0.0476813405891121
thetao,W40p0,6,10,0.04767382834843629,0.04767382834843629
thetao,W10p0,2,20,-0.047539537966739175,0.047539537966739175
so,W60p0,9,12,0.04744407872201207,0.04744407872201207
thetao,W40p0,10,7,0.04722429965970189,0.04722429965970189
thetao,W20p0,6,8,-0.04707479260749188,0.04707479260749188
thetao,W20p0,4,5,0.04682974558169959,0.04682974558169959
so,W10p0,8,10,0.046768284177177676,0.046768284177177676
thetao,W20p0,10,13,-0.04674434741765965,0.04674434741765965
so,W20p0,1,16,0.04647189731499418,0.04647189731499418
so,W10p0,8,4,0.04645435786101146,0.04645435786101146
so,W40p0,6,16,0.046413433183130126,0.046413433183130126
thetao,W30p0,3,13,0.04639651778302471,0.04639651778302471
so,W60p0,10,19,0.04637074244244625,0.04637074244244625
so,W60p0,2,2,0.04633740760796265,0.04633740760796265
so,W60p0,10,16,-0.04628260750197522,0.04628260750197522
so,W60p0,8,20,-0.04626248312342618,0.04626248312342618
so,W30p0,5,1,-0.046201091445727364,0.046201091445727364
so,W10p0,10,12,0.04610557744814594,0.04610557744814594
thetao,W40p0,2,13,-0.046028024860191426,0.046028024860191426
so,W60p0,5,19,-0.04602479848153562,0.04602479848153562
so,W40p0,8,14,-0.04586607712427707,0.04586607712427707
so,W40p0,9,0,-0.04569952855590903,0.04569952855590903
so,W30p0,2,6,0.04549487874084363,0.04549487874084363
so,W40p0,8,17,0.045329234005237445,0.045329234005237445
so,W20p0,4,11,0.04526812658244692,0.04526812658244692
so,W20p0,1,12,0.045208433403788315,0.045208433403788315
thetao,W40p0,6,14,-0.045063253837393284,0.045063253837393284
thetao,W10p0,4,19,0.04488385416486913,0.04488385416486913
so,W10p0,8,8,0.04480046251049452,0.04480046251049452
thetao,W30p0,1,18,0.044755907001912884,0.044755907001912884
thetao,W40p0,9,4,0.04473132196826682,0.04473132196826682
thetao,W30p0,3,17,0.04471233155619352,0.04471233155619352
so,W30p0,4,12,-0.04437455816496395,0.04437455816496395
thetao,W10p0,10,17,0.044293695670295674,0.044293695670295674
so,W60p0,9,15,0.04426740991338027,0.04426740991338027
thetao,W40p0,7,1,-0.0441579035775067,0.0441579035775067
so,W40p0,9,13,-0.04415239476245845,0.04415239476245845
so,W10p0,7,8,-0.04401513250562408,0.04401513250562408
so,W20p0,5,1,0.043911645250694645,0.043911645250694645
so,W30p0,3,3,-0.043728664033043305,0.043728664033043305
so,W60p0,7,7,0.0436120727971066,0.0436120727971066
thetao,W20p0,6,12,0.043506203482398476,0.043506203482398476
so,W60p0,3,10,0.043489873977918606,0.043489873977918606
thetao,W60p0,8,9,-0.04317660654419595,0.04317660654419595
thetao,W10p0,7,2,-0.04300313775287679,0.04300313775287679
thetao,W40p0,8,4,-0.042866418536689946,0.042866418536689946
thetao,W60p0,8,8,0.042809497599845765,0.042809497599845765
thetao,W40p0,6,12,0.04258086685921318,0.04258086685921318
so,W30p0,3,17,-0.04240614271242715,0.04240614271242715
thetao,W40p0,9,18,0.042253167554440925,0.042253167554440925
so,W40p0,2,19,0.04220089770224144,0.04220089770224144
thetao,W40p0,6,9,0.0421691871247915,0.0421691871247915
thetao,W10p0,7,10,-0.04214590622577661,0.04214590622577661
thetao,W60p0,3,16,-0.0421233697583368,0.0421233697583368
so,W10p0,7,3,0.04205317890508394,0.04205317890508394
thetao,W10p0,5,6,-0.041730929756520214,0.041730929756520214
thetao,W30p0,7,19,-0.041453588099946315,0.041453588099946315
thetao,W10p0,9,20,0.04144662060409573,0.04144662060409573
thetao,W40p0,4,11,-0.04126418406251495,0.04126418406251495
thetao,W10p0,9,3,0.0412165918937219,0.0412165918937219
so,W10p0,8,20,-0.04108515959526076,0.04108515959526076
thetao,W20p0,6,10,0.041078085636738274,0.041078085636738274
so,W20p0,4,0,-0.041053554621530215,0.041053554621530215
so,W40p0,9,17,-0.04087036858282199,0.04087036858282199
so,W60p0,10,1,0.04073244827615915,0.04073244827615915
so,W60p0,7,13,0.040722458332178246,0.040722458332178246
so,W30p0,6,13,0.0406327664011891,0.0406327664011891
so,W40p0,4,12,0.040601449153408235,0.040601449153408235
thetao,W60p0,8,16,0.040531280384750276,0.040531280384750276
so,W60p0,3,11,0.04046359822418042,0.04046359822418042
so,W30p0,6,14,0.04041744280749504,0.04041744280749504
thetao,W20p0,7,3,-0.04039814760584739,0.04039814760584739
thetao,W30p0,10,20,-0.040366392311092986,0.040366392311092986
thetao,W60p0,8,15,0.040242645061894705,0.040242645061894705
thetao,W10p0,6,9,0.03997894760408821,0.03997894760408821
so,W20p0,5,8,0.039943068217799915,0.039943068217799915
thetao,W10p0,9,19,0.039900462495624796,0.039900462495624796
so,W10p0,1,16,0.039832005808028106,0.039832005808028106
thetao,W60p0,7,14,-0.039800739650571744,0.039800739650571744
so,W60p0,10,20,-0.03967689577134795,0.03967689577134795
thetao,W40p0,2,14,0.03962216007957711,0.03962216007957711
so,W20p0,8,3,0.039589137616410724,0.039589137616410724
thetao,W30p0,2,7,-0.039434529306571445,0.039434529306571445
thetao,W30p0,3,11,0.03940172058095358,0.03940172058095358
so,W20p0,4,20,-0.039341439106601574,0.039341439106601574
so,W30p0,3,18,0.039328664479711305,0.039328664479711305
so,W40p0,2,10,0.03927721784310789,0.03927721784310789
thetao,W10p0,5,5,0.03924786043486893,0.03924786043486893
so,W40p0,4,5,0.03918670071164413,0.03918670071164413
thetao,W10p0,10,11,0.039136977842686216,0.039136977842686216
thetao,W10p0,7,14,0.03878037134961724,0.03878037134961724
thetao,W60p0,4,4,0.03875038850434076,0.03875038850434076
thetao,W20p0,6,1,-0.03874355776504738,0.03874355776504738
so,W30p0,4,1,0.03863222791820733,0.03863222791820733
so,W10p0,10,14,0.03843286402845544,0.03843286402845544
so,W30p0,7,17,0.0380549007422156,0.0380549007422156
thetao,W30p0,5,1,0.037940676894941176,0.037940676894941176
so,W60p0,4,20,-0.03768398714942677,0.03768398714942677
thetao,W60p0,2,15,-0.037624499990511776,0.037624499990511776
so,W20p0,5,11,-0.03755362537333711,0.03755362537333711
so,W40p0,3,7,-0.03745357738165606,0.03745357738165606
thetao,W60p0,7,2,0.03740469562409898,0.03740469562409898
so,W40p0,6,10,0.03736660376257303,0.03736660376257303
so,W60p0,7,14,0.037360765581373884,0.037360765581373884
so,W30p0,1,18,-0.03733316804637786,0.03733316804637786
so,W20p0,8,1,-0.03714651249736554,0.03714651249736554
so,W10p0,10,3,-0.03694427217721742,0.03694427217721742
so,W40p0,2,16,-0.03678085606273436,0.03678085606273436
thetao,W20p0,2,20,-0.03658300197369459,0.03658300197369459
thetao,W40p0,8,5,-0.03610730593604726,0.03610730593604726
thetao,W10p0,9,14,0.035908321591177524,0.035908321591177524
so,W10p0,10,13,0.03588797059721231,0.03588797059721231
so,W60p0,3,8,0.03575747099964737,0.03575747099964737
thetao,W30p0,3,14,0.03573144456147357,0.03573144456147357
so,W60p0,4,4,-0.03533720859573106,0.03533720859573106
thetao,W20p0,5,18,0.03514814509715134,0.03514814509715134
thetao,W30p0,4,16,0.035101307451347735,0.035101307451347735
so,W30p0,9,12,0.03500090177747618,0.03500090177747618
thetao,W10p0,5,12,0.034979798157052516,0.034979798157052516
so,W40p0,6,13,-0.03495688383247366,0.03495688383247366
thetao,W20p0,10,15,-0.034882486109978045,0.034882486109978045
so,W60p0,6,6,0.034816659625401605,0.034816659625401605
so,W10p0,3,13,-0.034621996106730335,0.034621996106730335
so,W40p0,9,5,-0.03455895040072482,0.03455895040072482
so,W40p0,2,15,-0.03444368593841641,0.03444368593841641
so,W10p0,1,11,0.03442467932086961,0.03442467932086961
so,W60p0,6,10,-0.03425820595216334,0.03425820595216334
thetao,W10p0,9,17,0.03419857837206956,0.03419857837206956
so,W40p0,3,11,0.034115728514034216,0.034115728514034216
thetao,W30p0,9,2,0.03399747349582987,0.03399747349582987
so,W60p0,9,2,0.0337400515853004,0.0337400515853004
thetao,W40p0,7,13,-0.033593170676451296,0.033593170676451296
so,W10p0,1,15,0.033576332739570953,0.033576332739570953
thetao,W30p0,5,7,0.033548830123486764,0.033548830123486764
so,W30p0,9,11,0.03345784819162804,0.03345784819162804
so,W40p0,9,15,0.03324601671516224,0.03324601671516224
thetao,W10p0,7,11,-0.03323214549720102,0.03323214549720102
so,W40p0,8,18,0.0331768833616726,0.0331768833616726
so,W30p0,6,16,-0.03317584540611091,0.03317584540611091
so,W40p0,5,14,-0.03306717973511626,0.03306717973511626
thetao,W40p0,10,2,-0.0330343594204107,0.0330343594204107
thetao,W30p0,5,3,-0.033016976943654554,0.033016976943654554
thetao,W20p0,8,2,-0.033015417757987026,0.033015417757987026
thetao,W40p0,9,17,0.03287733667510541,0.03287733667510541
so,W60p0,6,0,-0.03266944086845221,0.03266944086845221
so,W10p0,6,7,0.03224369598483034,0.03224369598483034
thetao,W20p0,1,0,0.032167843750911,0.032167843750911
thetao,W60p0,6,1,0.03209930152105975,0.03209930152105975
so,W60p0,3,12,0.03208248907132467,0.03208248907132467
thetao,W40p0,7,12,0.03200656583221539,0.03200656583221539
thetao,W10p0,7,1,-0.03198926232267239,0.03198926232267239
so,W10p0,3,3,-0.031828571292999694,0.031828571292999694
so,W30p0,1,19,-0.03179353498637283,0.03179353498637283
so,W20p0,9,20,-0.031649551689526795,0.031649551689526795
thetao,W10p0,10,9,-0.031603918980761744,0.031603918980761744
thetao,W10p0,4,4,-0.0315963685576195,0.0315963685576195
thetao,W60p0,4,3,0.03147428740104313,0.03147428740104313
so,W40p0,10,20,0.03131499393234768,0.03131499393234768
thetao,W10p0,5,10,0.031271860702285464,0.031271860702285464
thetao,W60p0,7,12,0.03117617983784953,0.03117617983784953
thetao,W30p0,4,9,0.031135802946194568,0.031135802946194568
thetao,W40p0,10,6,0.03111168137210203,0.03111168137210203
so,W30p0,10,16,-0.030995116865736232,0.030995116865736232
so,W30p0,8,15,-0.030971223595266464,0.030971223595266464
so,W30p0,10,4,-0.030550671034800022,0.030550671034800022
so,W10p0,8,11,-0.03045395152280075,0.03045395152280075
thetao,W10p0,6,10,0.030401115330137663,0.030401115330137663
thetao,W10p0,10,10,0.030400148354920067,0.030400148354920067
so,W60p0,3,17,0.03034064280200313,0.03034064280200313
thetao,W60p0,9,20,-0.029941068599205197,0.029941068599205197
thetao,W10p0,5,9,-0.029762635768167234,0.029762635768167234
thetao,W20p0,4,11,-0.029674446178161118,0.029674446178161118
thetao,W60p0,8,11,0.029628676546005234,0.029628676546005234
thetao,W60p0,4,2,0.029540723753678312,0.029540723753678312
so,W40p0,4,18,-0.029338035740366655,0.029338035740366655
so,W10p0,1,12,0.029287972185053995,0.029287972185053995
so,W40p0,3,20,0.029285449336003015,0.029285449336003015
so,W40p0,9,10,-0.029171176894487845,0.029171176894487845
thetao,W10p0,7,15,0.029011491388002193,0.029011491388002193
so,W10p0,8,18,-0.0289273600241375,0.0289273600241375
thetao,W30p0,9,1,0.02890013985289757,0.02890013985289757
thetao,W10p0,9,6,0.028747106055336764,0.028747106055336764
thetao,W20p0,6,2,0.028675189029007325,0.028675189029007325
so,W60p0,4,19,0.028666681170860693,0.028666681170860693
thetao,W60p0,9,19,0.02863972993686872,0.02863972993686872
so,W20p0,1,11,-0.028569388390181062,0.028569388390181062
thetao,W10p0,8,13,-0.028534159990275493,0.028534159990275493
so,W40p0,6,7,0.02852314191602406,0.02852314191602406
so,W10p0,3,12,0.028503997525557965,0.028503997525557965
so,W40p0,9,6,-0.02836966123442605,0.02836966123442605
thetao,W60p0,10,3,0.028281701928951637,0.028281701928951637
so,W60p0,3,1,0.02827553328525086,0.02827553328525086
so,W40p0,6,12,-0.027785117276329274,0.027785117276329274
so,W40p0,8,19,0.02753511444103823,0.02753511444103823
thetao,W20p0,4,14,0.027492897971026765,0.027492897971026765
so,W20p0,5,20,0.027473392071566707,0.027473392071566707
so,W10p0,3,20,0.027464104662887602,0.027464104662887602
thetao,W60p0,2,16,-0.027387785559567165,0.027387785559567165
so,W60p0,6,14,0.02722122699110845,0.02722122699110845
so,W40p0,8,0,-0.027087158521323932,0.027087158521323932
thetao,W30p0,10,12,-0.027073390318463612,0.027073390318463612
thetao,W60p0,7,1,-0.027036702919692495,0.027036702919692495
so,W10p0,10,10,0.026950930626457592,0.026950930626457592
so,W10p0,10,0,-0.026927199412466175,0.026927199412466175
so,W60p0,8,19,0.026706470622832434,0.026706470622832434
thetao,W20p0,2,17,-0.02664934581945944,0.02664934581945944
thetao,W40p0,5,3,0.026408448128989195,0.026408448128989195
so,W30p0,5,15,-0.02640518231828588,0.02640518231828588
thetao,W30p0,2,6,0.0263234124197073,0.0263234124197073
so,W20p0,2,17,0.02630690299453945,0.02630690299453945
so,W30p0,2,13,0.026293905924078428,0.026293905924078428
thetao,W10p0,7,12,0.025872894400699946,0.025872894400699946
thetao,W40p0,5,2,-0.025820668070877614,0.025820668070877614
thetao,W10p0,9,16,0.025782569767333795,0.025782569767333795
so,W40p0,3,5,-0.02578186970819122,0.02578186970819122
thetao,W30p0,6,17,-0.025712260732937302,0.025712260732937302
so,W30p0,2,4,-0.0256860272933502,0.0256860272933502
thetao,W10p0,7,17,0.025366547953327902,0.025366547953327902
thetao,W40p0,8,3,-0.025243027761618148,0.025243027761618148
so,W60p0,5,13,-0.025113012216172226,0.025113012216172226
thetao,W30p0,4,11,0.024953390407899997,0.024953390407899997
thetao,W40p0,10,5,-0.024915035612754478,0.024915035612754478
thetao,W20p0,9,18,-0.024772222426937145,0.024772222426937145
so,W30p0,7,5,0.024755282326381904,0.024755282326381904
so,W30p0,2,9,-0.02455060521034085,0.02455060521034085
so,W20p0,8,2,0.02453893041541386,0.02453893041541386
thetao,W30p0,8,1,0.024458727149350393,0.024458727149350393
thetao,W60p0,6,5,-0.024274481267161727,0.024274481267161727
so,W30p0,10,0,0.024187028181123196,0.024187028181123196
thetao,W30p0,10,7,0.02388936599483562,0.02388936599483562
so,W10p0,8,7,0.023837653457905762,0.023837653457905762
so,W20p0,6,5,0.023820719420447396,0.023820719420447396
thetao,W60p0,9,4,0.023743829726188506,0.023743829726188506
so,W40p0,3,8,-0.02368192598581773,0.02368192598581773
so,W20p0,1,18,-0.023500131902449813,0.023500131902449813
so,W20p0,4,14,0.023476990104936053,0.023476990104936053
so,W60p0,4,18,0.02345046977071374,0.02345046977071374
so,W10p0,10,5,0.023354800603209647,0.023354800603209647
so,W30p0,10,19,-0.023259820356766287,0.023259820356766287
so,W30p0,2,20,0.02321445697118342,0.02321445697118342
thetao,W20p0,1,9,-0.023034273265989533,0.023034273265989533
so,W10p0,3,14,0.022981382238283117,0.022981382238283117
thetao,W60p0,7,6,0.022904482533432934,0.022904482533432934
so,W30p0,8,20,0.022737786350571023,0.022737786350571023
so,W10p0,3,5,-0.022611441708605563,0.022611441708605563
thetao,W60p0,4,1,0.02253872768782405,0.02253872768782405
so,W30p0,2,7,0.022444101982563844,0.022444101982563844
thetao,W30p0,6,15,-0.022389024966571688,0.022389024966571688
thetao,W60p0,10,18,-0.02236536881020126,0.02236536881020126
thetao,W30p0,10,9,-0.022297903322739857,0.022297903322739857
so,W60p0,7,5,-0.02227764396021884,0.02227764396021884
thetao,W10p0,5,0,-0.02218385448810464,0.02218385448810464
thetao,W20p0,4,18,0.022178692600656445,0.022178692600656445
so,W60p0,5,7,-0.022171047298828246,0.022171047298828246
thetao,W20p0,4,6,0.02186453555156527,0.02186453555156527
so,W10p0,8,6,-0.021757404701139058,0.021757404701139058
so,W40p0,9,2,0.02171226656865308,0.02171226656865308
so,W60p0,3,9,0.02162766945722475,0.02162766945722475
so,W10p0,10,1,-0.021577262157715424,0.021577262157715424
so,W40p0,3,12,0.02146206411173016,0.02146206411173016
thetao,W20p0,8,4,0.0213044869613846,0.0213044869613846
thetao,W40p0,8,1,0.021280435959067246,0.021280435959067246
thetao,W40p0,3,15,-0.021165889917311848,0.021165889917311848
so,W30p0,10,3,-0.020935247075965627,0.020935247075965627
so,W60p0,2,1,0.020840539281949517,0.020840539281949517
thetao,W20p0,4,8,-0.02081266357445195,0.02081266357445195
thetao,W30p0,7,3,0.020727972899843527,0.020727972899843527
thetao,W20p0,10,8,0.020539360381880513,0.020539360381880513
so,W20p0,6,11,-0.019931558905542907,0.019931558905542907
so,W40p0,7,9,-0.019851748153013955,0.019851748153013955
so,W30p0,7,6,-0.019649229073342836,0.019649229073342836
so,W40p0,4,7,0.019594612469760325,0.019594612469760325
so,W10p0,10,4,-0.01953294531543377,0.01953294531543377
so,W60p0,6,15,-0.019221945585069896,0.019221945585069896
so,W30p0,4,8,0.01920456624861597,0.01920456624861597
so,W60p0,5,8,-0.019098446485933847,0.019098446485933847
so,W30p0,8,10,-0.019065755382552917,0.019065755382552917
so,W60p0,9,1,-0.019064996840135153,0.019064996840135153
so,W60p0,3,18,0.018966825936302834,0.018966825936302834
thetao,W10p0,10,14,0.018934923048321308,0.018934923048321308
thetao,W40p0,6,13,-0.018927069609971155,0.018927069609971155
so,W40p0,9,4,-0.018924892611783654,0.018924892611783654
thetao,W20p0,7,2,-0.018661488857516544,0.018661488857516544
so,W10p0,1,10,-0.018535086737329353,0.018535086737329353
thetao,W30p0,5,15,0.01852685029483322,0.01852685029483322
so,W20p0,3,9,-0.018478407083349854,0.018478407083349854
thetao,W60p0,6,2,0.018449434862748193,0.018449434862748193
thetao,W40p0,9,19,0.018333030346057207,0.018333030346057207
so,W40p0,4,11,0.01831339150089825,0.01831339150089825
so,W20p0,2,19,-0.01822504141513925,0.01822504141513925
so,W10p0,3,4,-0.01815610260428978,0.01815610260428978
thetao,W40p0,3,20,-0.017953503015678378,0.017953503015678378
so,W30p0,2,14,0.017878994456330188,0.017878994456330188
thetao,W20p0,2,19,0.017864125180138274,0.017864125180138274
so,W10p0,3,18,0.017853874671640936,0.017853874671640936
so,W60p0,4,14,0.01780180616752309,0.01780180616752309
thetao,W30p0,10,8,-0.01763570449514514,0.01763570449514514
thetao,W20p0,6,13,0.017547032026439164,0.017547032026439164
so,W20p0,9,16,-0.017436250735975097,0.017436250735975097
thetao,W30p0,8,6,0.01733775151563494,0.01733775151563494
thetao,W40p0,1,20,-0.01731150560338088,0.01731150560338088
thetao,W10p0,8,12,0.017162620807696306,0.017162620807696306
thetao,W10p0,5,13,-0.017125330390033177,0.017125330390033177
so,W30p0,3,2,-0.01684079591710938,0.01684079591710938
thetao,W20p0,8,5,0.016832465666898496,0.016832465666898496
so,W60p0,2,0,-0.016789508786685222,0.016789508786685222
so,W60p0,10,2,-0.016589510950540558,0.016589510950540558
thetao,W10p0,4,6,-0.016280448771253793,0.016280448771253793
so,W30p0,7,20,0.01603487699076412,0.01603487699076412
thetao,W10p0,8,14,-0.01584710914521384,0.01584710914521384
so,W20p0,7,3,-0.01582873597731001,0.01582873597731001
thetao,W10p0,5,14,-0.015808488614537115,0.015808488614537115
thetao,W60p0,8,19,-0.015797608218195095,0.015797608218195095
so,W30p0,10,2,-0.015468814326044356,0.015468814326044356
so,W20p0,8,0,-0.015361672668336233,0.015361672668336233
so,W30p0,10,14,0.015308740985964374,0.015308740985964374
so,W60p0,1,15,-0.015240040976115593,0.015240040976115593
thetao,W30p0,4,10,0.014992376843213296,0.014992376843213296
thetao,W40p0,8,2,0.01487375886318128,0.01487375886318128
so,W40p0,4,4,0.014768246737990263,0.014768246737990263
so,W20p0,2,20,-0.01454297785986827,0.01454297785986827
thetao,W60p0,7,4,-0.014336106071702133,0.014336106071702133
so,W20p0,9,10,-0.014187511870888713,0.014187511870888713
so,W30p0,6,15,0.013962261170854733,0.013962261170854733
thetao,W40p0,10,18,0.013943926312040512,0.013943926312040512
thetao,W30p0,3,15,0.013865284059754146,0.013865284059754146
so,W40p0,9,3,-0.01352728868825049,0.01352728868825049
so,W40p0,4,1,0.013452151982424733,0.013452151982424733
thetao,W30p0,5,16,-0.013448588785099415,0.013448588785099415
so,W60p0,9,14,-0.01341859584512883,0.01341859584512883
so,W60p0,5,16,-0.013371489884830752,0.013371489884830752
thetao,W10p0,5,15,0.01332636893837367,0.01332636893837367
so,W30p0,2,8,0.013314994196456955,0.013314994196456955
thetao,W40p0,9,3,0.01327260463221538,0.01327260463221538
so,W60p0,6,11,0.013064856598238445,0.013064856598238445
thetao,W40p0,4,8,-0.012997318153270564,0.012997318153270564
thetao,W10p0,4,5,-0.012847731608698908,0.012847731608698908
so,W60p0,9,10,-0.01273890177029296,0.01273890177029296
thetao,W40p0,7,4,-0.012481895623153164,0.012481895623153164
so,W30p0,3,4,0.012443000171253816,0.012443000171253816
thetao,W20p0,2,18,0.012087907522723075,0.012087907522723075
so,W20p0,5,19,-0.011977348574095098,0.011977348574095098
so,W60p0,3,0,-0.011961414862612285,0.011961414862612285
thetao,W40p0,4,7,-0.011604410095678103,0.011604410095678103
thetao,W10p0,7,16,-0.01160008743613616,0.01160008743613616
so,W60p0,9,11,0.011462638232526563,0.011462638232526563
so,W40p0,4,10,-0.011445996256447145,0.011445996256447145
thetao,W60p0,6,19,-0.011381361527302899,0.011381361527302899
thetao,W40p0,4,6,0.011342423499303873,0.011342423499303873
so,W30p0,8,19,0.011323097693220548,0.011323097693220548
thetao,W20p0,4,20,-0.01121053027106288,0.01121053027106288
so,W30p0,2,16,0.011172240401296068,0.011172240401296068
so,W20p0,6,4,0.011099977309778367,0.011099977309778367
thetao,W40p0,4,5,0.011081809075922747,0.011081809075922747
so,W20p0,1,15,-0.010928873572241033,0.010928873572241033
so,W30p0,7,18,-0.010731309418614967,0.010731309418614967
thetao,W10p0,5,16,0.01061286163598667,0.01061286163598667
thetao,W20p0,7,4,0.010554235313819028,0.010554235313819028
thetao,W40p0,7,14,0.010538867895107159,0.010538867895107159
so,W30p0,6,1,-0.010488381334283058,0.010488381334283058
so,W20p0,1,17,0.01030471603763027,0.01030471603763027
thetao,W40p0,3,19,0.010150231240955309,0.010150231240955309
so,W10p0,10,18,-0.010066406345830834,0.010066406345830834
thetao,W60p0,7,13,-0.010003707585205787,0.010003707585205787
so,W30p0,4,20,0.009857620800090644,0.009857620800090644
thetao,W60p0,3,11,0.00958871128868193,0.00958871128868193
so,W10p0,7,0,-0.009478757407572884,0.009478757407572884
thetao,W20p0,10,9,-0.00944308962347293,0.00944308962347293
thetao,W20p0,10,7,0.00941052222157739,0.00941052222157739
so,W40p0,9,11,-0.009377207527687094,0.009377207527687094
thetao,W30p0,10,10,-0.009139410988844344,0.009139410988844344
thetao,W20p0,6,9,0.009028432594890267,0.009028432594890267
thetao,W30p0,3,16,0.008829675100992113,0.008829675100992113
thetao,W30p0,8,9,-0.008761771707438673,0.008761771707438673
thetao,W60p0,6,3,0.008416048152397824,0.008416048152397824
so,W10p0,1,13,0.008343784296052568,0.008343784296052568
so,W20p0,8,7,-0.008173397976664202,0.008173397976664202
so,W20p0,3,2,-0.008158881000814822,0.008158881000814822
so,W30p0,2,18,0.008102487865960207,0.008102487865960207
thetao,W30p0,6,3,-0.008101056434729572,0.008101056434729572
thetao,W30p0,5,2,0.007996204343007044,0.007996204343007044
thetao,W10p0,4,3,-0.007977331188716408,0.007977331188716408
thetao,W60p0,7,5,0.00773911503814288,0.00773911503814288
thetao,W20p0,5,19,-0.007671860585026023,0.007671860585026023
so,W30p0,5,14,-0.007618997789810865,0.007618997789810865
so,W10p0,8,5,0.007535518299637829,0.007535518299637829
so,W20p0,3,1,0.0074959365957129685,0.0074959365957129685
thetao,W30p0,10,11,0.007348400218267221,0.007348400218267221
thetao,W60p0,2,18,0.007314929177189334,0.007314929177189334
so,W20p0,4,10,0.0072698293172281945,0.0072698293172281945
so,W30p0,3,16,0.0072590441425483855,0.0072590441425483855
thetao,W20p0,8,3,0.0071815239894998705,0.0071815239894998705
so,W20p0,5,7,-0.007059158040001816,0.007059158040001816
so,W40p0,6,11,0.006905729534281351,0.006905729534281351
so,W30p0,2,5,0.006875555372691684,0.006875555372691684
so,W20p0,6,13,0.006782326968945267,0.006782326968945267
thetao,W30p0,7,5,-0.006711030098213341,0.006711030098213341
thetao,W60p0,7,3,0.006656375911943733,0.006656375911943733
so,W40p0,3,6,-0.006566018991992086,0.006566018991992086
so,W10p0,3,17,-0.006564661445028167,0.006564661445028167
so,W40p0,3,19,-0.00654703815094144,0.00654703815094144
thetao,W20p0,4,12,0.006515143617080739,0.006515143617080739
so,W60p0,10,18,-0.006445507625919498,0.006445507625919498
so,W40p0,9,16,0.006085325279237308,0.006085325279237308
so,W40p0,3,9,0.00604133312051552,0.00604133312051552
so,W10p0,3,15,-0.0059480738551145555,0.0059480738551145555
thetao,W10p0,4,7,0.005741450129364475,0.005741450129364475
so,W40p0,4,2,-0.005685478458515493,0.005685478458515493
thetao,W30p0,4,15,0.005588899075801272,0.005588899075801272
so,W10p0,1,14,-0.0053164923182078315,0.0053164923182078315
thetao,W20p0,1,8,0.005116342920080851,0.005116342920080851
thetao,W60p0,8,14,0.0051109413875952674,0.0051109413875952674
thetao,W60p0,2,17,-0.004890884335131273,0.004890884335131273
so,W10p0,3,16,-0.004602897450734463,0.004602897450734463
thetao,W60p0,2,19,-0.004393382800978891,0.004393382800978891
thetao,W20p0,4,13,-0.004249208245383016,0.004249208245383016
so,W40p0,8,16,0.004163576905005948,0.004163576905005948
so,W20p0,3,15,-0.004146724257553259,0.004146724257553259
so,W60p0,8,17,0.004053039566316279,0.004053039566316279
so,W60p0,5,9,-0.003980701807699529,0.003980701807699529
so,W30p0,9,4,0.0037799613864786677,0.0037799613864786677
so,W60p0,6,13,0.0037702487217388847,0.0037702487217388847
so,W60p0,3,19,0.0035868371387548638,0.0035868371387548638
so,W20p0,3,13,-0.003551132764359336,0.003551132764359336
thetao,W60p0,1,4,-0.0034947471831363367,0.0034947471831363367
thetao,W10p0,2,0,-0.0034597072794531,0.0034597072794531
thetao,W30p0,5,5,0.0034221737151152324,0.0034221737151152324
so,W60p0,10,17,-0.003284881481323245,0.003284881481323245
thetao,W60p0,6,4,-0.0030985148042620638,0.0030985148042620638
so,W20p0,6,12,-0.00307864802791322,0.00307864802791322
thetao,W30p0,1,17,-0.0029522643187003617,0.0029522643187003617
so,W20p0,9,9,0.0028740047145792667,0.0028740047145792667
so,W20p0,9,11,0.0027040140002328175,0.0027040140002328175
so,W20p0,7,2,-0.002644082175845678,0.002644082175845678
so,W60p0,10,3,0.0026341158555543494,0.0026341158555543494
so,W30p0,1,20,-0.002616960496591137,0.002616960496591137
so,W60p0,4,17,0.0025955250944941794,0.0025955250944941794
so,W30p0,4,6,-0.0024000162177606494,0.0024000162177606494
so,W20p0,2,18,-0.0022404524645366908,0.0022404524645366908
thetao,W40p0,1,0,-0.0022086432927211335,0.0022086432927211335
thetao,W40p0,10,19,0.0022067530188503775,0.0022067530188503775
so,W40p0,8,5,0.002096731003037801,0.002096731003037801
so,W40p0,9,12,-0.002005522495433788,0.002005522495433788
thetao,W10p0,4,2,-0.0019979055976988474,0.0019979055976988474
so,W60p0,9,13,0.0019561653248015088,0.0019561653248015088
so,W40p0,2,20,0.0019145450932984128,0.0019145450932984128
thetao,W40p0,7,10,0.0017071124190392768,0.0017071124190392768
thetao,W20p0,6,5,0.0017025862056797181,0.0017025862056797181
thetao,W20p0,10,12,0.0014463001596577017,0.0014463001596577017
thetao,W30p0,6,16,-0.0014260126549731284,0.0014260126549731284
thetao,W20p0,4,19,-0.001260968439686311,0.001260968439686311
thetao,W60p0,8,12,-0.0012254147521958004,0.0012254147521958004
thetao,W20p0,4,7,0.0011564886834665772,0.0011564886834665772
thetao,W40p0,3,16,-0.0009401919759162438,0.0009401919759162438
so,W60p0,9,3,-0.0009112426988505675,0.0009112426988505675
so,W30p0,2,3,-0.0008665640141057066,0.0008665640141057066
thetao,W40p0,10,1,0.0005894301289168107,0.0005894301289168107
thetao,W60p0,8,18,-0.0005323918708632906,0.0005323918708632906
so,W30p0,2,10,-0.000513961725130176,0.000513961725130176
