var,lon_tag,mode,lag,corr,abs_corr
so,W60p0,1,0,0.594668723606185,0.594668723606185
so,W60p0,1,1,0.5680304030823028,0.5680304030823028
so,W10p0,1,3,-0.5184897276521871,0.5184897276521871
so,W10p0,2,0,-0.51661356092343,0.51661356092343
so,W10p0,1,2,-0.5054041866607069,0.5054041866607069
so,W40p0,5,1,-0.5023881518368982,0.5023881518368982
thetao,W30p0,1,5,-0.4985837319192045,0.4985837319192045
thetao,W30p0,1,4,-0.4958783172565226,0.4958783172565226
thetao,W40p0,6,2,0.492146314315071,0.492146314315071
so,W60p0,1,2,0.48571206057820376,0.48571206057820376
so,W60p0,2,3,0.48077854344874144,0.48077854344874144
thetao,W20p0,2,5,-0.480198852001519,0.480198852001519
so,W20p0,1,5,-0.473609732529391,0.473609732529391
thetao,W30p0,1,3,-0.4708031386972337,0.4708031386972337
thetao,W60p0,10,0,-0.46949349551546404,0.46949349551546404
thetao,W20p0,2,4,-0.46942975227022155,0.46942975227022155
so,W40p0,5,2,-0.4690791474147561,0.4690791474147561
thetao,W40p0,6,1,0.46666563022429486,0.46666563022429486
so,W40p0,2,3,-0.4643667496213701,0.4643667496213701
so,W20p0,3,1,0.46407025647180705,0.46407025647180705
thetao,W30p0,1,6,-0.4626789187058015,0.4626789187058015
so,W20p0,1,6,-0.46081055343949573,0.46081055343949573
so,W10p0,1,4,-0.45708937284895834,0.45708937284895834
thetao,W10p0,6,0,-0.4559494922733451,0.4559494922733451
so,W20p0,3,0,0.45537815625013367,0.45537815625013367
so,W40p0,2,4,-0.4550581004419669,0.4550581004419669
thetao,W40p0,2,2,-0.452796901615219,0.452796901615219
so,W40p0,5,0,-0.4518064630230236,0.4518064630230236
thetao,W10p0,4,3,0.451782899106327,0.451782899106327
so,W10p0,1,1,-0.45127444904918973,0.45127444904918973
so,W10p0,2,1,-0.45082563622412103,0.45082563622412103
thetao,W20p0,2,6,-0.44918407414312816,0.44918407414312816
thetao,W40p0,6,3,0.44785945828713053,0.44785945828713053
so,W60p0,2,2,0.4477391063940302,0.4477391063940302
so,W20p0,1,4,-0.43986362451541017,0.43986362451541017
thetao,W40p0,6,0,0.4386188150863132,0.4386188150863132
thetao,W40p0,2,3,-0.43858949769101885,0.43858949769101885
thetao,W10p0,4,4,0.4343190911367373,0.4343190911367373
thetao,W60p0,10,1,-0.4308358428933299,0.4308358428933299
thetao,W10p0,4,2,0.4298069569049701,0.4298069569049701
so,W40p0,2,2,-0.42854733701852177,0.42854733701852177
thetao,W40p0,9,0,0.42795740960739476,0.42795740960739476
so,W20p0,1,7,-0.4263029813631922,0.4263029813631922
so,W40p0,5,3,-0.42072321322992956,0.42072321322992956
thetao,W20p0,3,3,0.42055607337826695,0.42055607337826695
so,W40p0,2,5,-0.41766205992789673,0.41766205992789673
thetao,W20p0,2,3,-0.41718705874894924,0.41718705874894924
so,W20p0,3,2,0.4162965905728009,0.4162965905728009
thetao,W10p0,6,1,-0.41564075495800146,0.41564075495800146
thetao,W40p0,1,13,-0.4090215564878955,0.4090215564878955
thetao,W20p0,3,4,0.4051537073703098,0.4051537073703098
so,W60p0,2,4,0.40426709032892444,0.40426709032892444
thetao,W10p0,4,5,0.4013843181093431,0.4013843181093431
thetao,W30p0,1,7,-0.3997722688510104,0.3997722688510104
thetao,W40p0,2,1,-0.3985795709970542,0.3985795709970542
thetao,W10p0,2,15,0.3965189093557973,0.3965189093557973
thetao,W40p0,6,4,0.3921718742554196,0.3921718742554196
so,W40p0,1,13,0.3899758302433564,0.3899758302433564
thetao,W10p0,2,16,0.38979544890875917,0.38979544890875917
thetao,W40p0,1,14,-0.38970328906937535,0.38970328906937535
so,W60p0,1,3,0.38884642900753547,0.38884642900753547
thetao,W60p0,5,0,-0.3883635552170294,0.3883635552170294
thetao,W40p0,9,1,0.3811304499376017,0.3811304499376017
thetao,W30p0,1,2,-0.378909414210157,0.378909414210157
thetao,W40p0,2,4,-0.37807462116291124,0.37807462116291124
thetao,W10p0,4,1,0.3777500824412566,0.3777500824412566
thetao,W60p0,9,1,0.3768095760249495,0.3768095760249495
so,W40p0,1,14,0.37645646459496346,0.37645646459496346
so,W30p0,5,1,0.3761624304183125,0.3761624304183125
thetao,W20p0,2,7,-0.37604127868324916,0.37604127868324916
so,W60p0,10,0,-0.375231338234428,0.375231338234428
thetao,W20p0,3,5,0.3750468422871423,0.3750468422871423
thetao,W20p0,1,0,0.3697087733503522,0.3697087733503522
thetao,W10p0,8,13,-0.3681318312748098,0.3681318312748098
thetao,W60p0,5,1,-0.3676165526555117,0.3676165526555117
thetao,W60p0,9,0,0.36725812040463224,0.36725812040463224
thetao,W60p0,1,3,0.36341665980698057,0.36341665980698057
thetao,W10p0,4,6,0.36170132192881066,0.36170132192881066
so,W20p0,1,3,-0.3607519007506647,0.3607519007506647
thetao,W20p0,3,2,0.35826017913818786,0.35826017913818786
thetao,W10p0,6,2,-0.3578564382395139,0.3578564382395139
so,W10p0,1,5,-0.35767103763347785,0.35767103763347785
thetao,W40p0,1,12,-0.3568883044202969,0.3568883044202969
so,W30p0,5,2,0.3562914017045964,0.3562914017045964
thetao,W10p0,8,12,-0.3554147849088417,0.3554147849088417
thetao,W60p0,10,2,-0.35314914618161475,0.35314914618161475
so,W40p0,1,12,0.35239089509796917,0.35239089509796917
so,W40p0,2,1,-0.35191654231488245,0.35191654231488245
so,W40p0,5,4,-0.3514266349239653,0.3514266349239653
thetao,W10p0,2,17,0.35040656586959434,0.35040656586959434
thetao,W10p0,8,14,-0.34958464396275246,0.34958464396275246
thetao,W10p0,3,20,0.34695934575755616,0.34695934575755616
so,W20p0,1,8,-0.3455061146549984,0.3455061146549984
thetao,W60p0,1,2,0.3403884726242261,0.3403884726242261
so,W10p0,8,1,-0.34003660997764174,0.34003660997764174
so,W20p0,3,3,0.3388943979784704,0.3388943979784704
thetao,W30p0,1,8,-0.3363545405876174,0.3363545405876174
so,W10p0,2,20,0.3362823755411452,0.3362823755411452
so,W10p0,1,0,-0.3348174826779388,0.3348174826779388
thetao,W20p0,1,1,0.3339698087781033,0.3339698087781033
so,W20p0,5,4,-0.3335070403986503,0.3335070403986503
thetao,W40p0,1,15,-0.3329762836421019,0.3329762836421019
thetao,W10p0,8,11,-0.33153193006153286,0.33153193006153286
so,W30p0,5,0,0.33077109461591603,0.33077109461591603
so,W30p0,8,5,0.3298635611271316,0.3298635611271316
thetao,W40p0,6,5,0.32877726149940467,0.32877726149940467
so,W30p0,2,6,0.32831880526353235,0.32831880526353235
so,W60p0,2,1,0.32642320174832473,0.32642320174832473
thetao,W10p0,2,14,0.3259002023994402,0.3259002023994402
so,W10p0,8,0,-0.3251249630648413,0.3251249630648413
thetao,W60p0,1,4,0.32445254585111655,0.32445254585111655
thetao,W40p0,2,11,-0.323982634693081,0.323982634693081
thetao,W40p0,3,8,-0.32221522132468455,0.32221522132468455
so,W30p0,2,5,0.31993723267358765,0.31993723267358765
so,W40p0,1,15,0.3198060726034048,0.3198060726034048
thetao,W10p0,3,19,0.31944236320426783,0.31944236320426783
so,W10p0,2,2,-0.3185416061234978,0.3185416061234978
so,W30p0,8,3,0.3177150292109671,0.3177150292109671
so,W10p0,2,7,0.3173181660449032,0.3173181660449032
thetao,W60p0,3,18,-0.31603525138817723,0.31603525138817723
so,W10p0,2,8,0.31529383706486147,0.31529383706486147
thetao,W20p0,3,6,0.3152287692275971,0.3152287692275971
thetao,W30p0,6,0,0.3150544998214848,0.3150544998214848
thetao,W20p0,2,2,-0.31445150382646697,0.31445150382646697
so,W60p0,2,5,0.31379651541500764,0.31379651541500764
so,W30p0,8,4,0.3123223309668441,0.3123223309668441
thetao,W10p0,4,7,0.3122276607831211,0.3122276607831211
so,W10p0,7,20,-0.3118533409806134,0.3118533409806134
so,W20p0,2,4,-0.3111677146167175,0.3111677146167175
thetao,W40p0,2,5,-0.3106661084199026,0.3106661084199026
thetao,W40p0,2,10,-0.31001682379025797,0.31001682379025797
so,W40p0,4,0,-0.3078749205416207,0.3078749205416207
so,W20p0,5,5,-0.3071580219004911,0.3071580219004911
so,W20p0,1,2,-0.3059061164152291,0.3059061164152291
thetao,W20p0,4,1,-0.3049846168701501,0.3049846168701501
so,W40p0,2,6,-0.3040944772505555,0.3040944772505555
thetao,W60p0,3,17,-0.30323142211101595,0.30323142211101595
so,W30p0,10,2,0.3032030048756206,0.3032030048756206
thetao,W60p0,9,2,0.30302338146672914,0.30302338146672914
thetao,W10p0,2,18,0.30274828845566976,0.30274828845566976
thetao,W10p0,2,19,0.30272924825004865,0.30272924825004865
thetao,W40p0,2,8,-0.3023839356465702,0.3023839356465702
so,W30p0,10,1,0.3010460787506265,0.3010460787506265
thetao,W10p0,10,7,-0.30079948029449927,0.30079948029449927
thetao,W10p0,5,0,-0.29832817092588304,0.29832817092588304
so,W40p0,1,0,0.2978885366131219,0.2978885366131219
so,W60p0,4,2,0.29727403145025677,0.29727403145025677
so,W60p0,4,3,0.296786820964439,0.296786820964439
thetao,W20p0,6,3,0.29603556932085223,0.29603556932085223
thetao,W30p0,2,15,-0.29599959914065244,0.29599959914065244
so,W30p0,5,3,0.2910209712578512,0.2910209712578512
thetao,W20p0,2,8,-0.2896242138151537,0.2896242138151537
so,W20p0,6,4,0.28819927129543893,0.28819927129543893
thetao,W40p0,2,9,-0.28813920483689676,0.28813920483689676
so,W30p0,2,7,0.2876946739328473,0.2876946739328473
thetao,W40p0,5,9,0.28766400788685126,0.28766400788685126
thetao,W60p0,1,5,0.28763064039407155,0.28763064039407155
thetao,W10p0,4,0,0.28749387752783406,0.28749387752783406
thetao,W30p0,1,9,-0.2873604428509543,0.2873604428509543
so,W40p0,1,11,0.28605191223360465,0.28605191223360465
thetao,W40p0,3,9,-0.2857129432307781,0.2857129432307781
thetao,W40p0,5,10,0.28536270042231127,0.28536270042231127
thetao,W40p0,10,9,-0.2848142101559167,0.2848142101559167
thetao,W20p0,1,2,0.2836650958970281,0.2836650958970281
thetao,W40p0,10,10,-0.28354753466935684,0.28354753466935684
so,W20p0,5,3,-0.2830726714885506,0.2830726714885506
so,W20p0,6,5,0.2816090023760013,0.2816090023760013
thetao,W10p0,2,20,0.28138773494704344,0.28138773494704344
thetao,W60p0,6,17,-0.2811411296940468,0.2811411296940468
thetao,W40p0,10,1,0.28084859062170725,0.28084859062170725
thetao,W40p0,1,11,-0.2806248098582911,0.2806248098582911
so,W10p0,2,9,0.28026943101331864,0.28026943101331864
thetao,W40p0,2,12,-0.28005833833575805,0.28005833833575805
so,W10p0,8,2,-0.2800380360294723,0.2800380360294723
thetao,W20p0,6,2,0.27946630465368627,0.27946630465368627
so,W30p0,8,6,0.2793747393189945,0.2793747393189945
so,W20p0,2,3,-0.2792093739763559,0.2792093739763559
thetao,W60p0,5,2,-0.27795092535813365,0.27795092535813365
thetao,W40p0,3,7,-0.27668120810917696,0.27668120810917696
so,W40p0,7,7,0.2760704905817204,0.2760704905817204
thetao,W10p0,6,3,-0.27556421137924914,0.27556421137924914
so,W60p0,1,4,0.2748715365792408,0.2748715365792408
thetao,W20p0,10,1,0.2744141263827465,0.2744141263827465
thetao,W20p0,3,1,0.2742649622062997,0.2742649622062997
thetao,W30p0,4,15,0.27322880788982107,0.27322880788982107
so,W10p0,1,6,-0.2721947321443186,0.2721947321443186
thetao,W10p0,4,8,0.2705654728694557,0.2705654728694557
thetao,W40p0,2,6,-0.27032364320337504,0.27032364320337504
thetao,W10p0,1,20,-0.2702573068697436,0.2702573068697436
thetao,W60p0,3,19,-0.26996139481432085,0.26996139481432085
so,W20p0,2,5,-0.26992021702536556,0.26992021702536556
thetao,W10p0,10,8,-0.26975382531438974,0.26975382531438974
thetao,W30p0,2,14,-0.2682101410130137,0.2682101410130137
thetao,W40p0,10,11,-0.26810263409261265,0.26810263409261265
so,W20p0,6,3,0.268069537034736,0.268069537034736
so,W60p0,4,1,0.26699595737411,0.26699595737411
thetao,W40p0,10,8,-0.26581063067465627,0.26581063067465627
thetao,W10p0,8,10,-0.26550791012394126,0.26550791012394126
so,W40p0,4,11,0.26501166799228887,0.26501166799228887
thetao,W30p0,1,1,-0.2649862211367066,0.2649862211367066
thetao,W20p0,10,2,0.26423374670182176,0.26423374670182176
thetao,W60p0,3,4,-0.26407276077961245,0.26407276077961245
thetao,W10p0,8,15,-0.26367965899215834,0.26367965899215834
thetao,W60p0,3,3,-0.2635122322803915,0.2635122322803915
thetao,W40p0,2,7,-0.2631754212967289,0.2631754212967289
thetao,W30p0,4,16,0.2631243379636063,0.2631243379636063
so,W10p0,2,19,0.2629630029146999,0.2629630029146999
thetao,W30p0,2,16,-0.2625719146977964,0.2625719146977964
thetao,W40p0,10,0,0.2621924506255748,0.2621924506255748
thetao,W40p0,9,2,0.26212048544398026,0.26212048544398026
so,W30p0,8,2,0.26199601312245935,0.26199601312245935
so,W40p0,5,5,-0.2603752529936351,0.2603752529936351
so,W30p0,4,13,0.25972785208924,0.25972785208924
thetao,W40p0,3,10,-0.2595190338876776,0.2595190338876776
so,W10p0,7,19,-0.2590220599404506,0.2590220599404506
thetao,W40p0,6,6,0.258893363418822,0.258893363418822
so,W30p0,10,3,0.2583639145244834,0.2583639145244834
so,W60p0,10,6,0.25836107990190627,0.25836107990190627
thetao,W20p0,4,2,-0.2569992131939254,0.2569992131939254
thetao,W10p0,1,7,-0.25689585866999354,0.25689585866999354
thetao,W10p0,1,19,-0.2562632336286376,0.2562632336286376
thetao,W10p0,5,2,-0.2559820638801732,0.2559820638801732
so,W40p0,7,8,0.25539051310093025,0.25539051310093025
so,W40p0,7,6,0.25519157327392555,0.25519157327392555
thetao,W20p0,10,8,-0.2551468210737812,0.2551468210737812
thetao,W20p0,3,7,0.254674136628523,0.254674136628523
so,W20p0,1,9,-0.25453978267438543,0.25453978267438543
so,W10p0,3,14,0.2543676913493937,0.2543676913493937
thetao,W10p0,1,6,-0.2538450330824344,0.2538450330824344
thetao,W40p0,1,16,-0.2536898421709462,0.2536898421709462
so,W30p0,2,0,-0.25349923789615025,0.25349923789615025
so,W40p0,7,0,-0.2532519974762556,0.2532519974762556
thetao,W60p0,8,3,-0.25296143823471545,0.25296143823471545
thetao,W10p0,5,3,-0.25242040371370755,0.25242040371370755
thetao,W10p0,1,8,-0.2515314867534588,0.2515314867534588
thetao,W60p0,1,1,0.2508323467532015,0.2508323467532015
so,W10p0,3,15,0.25050532714184137,0.25050532714184137
so,W30p0,2,4,0.2501603599906682,0.2501603599906682
so,W40p0,1,1,0.2500526508439864,0.2500526508439864
so,W30p0,5,4,0.24939575658066682,0.24939575658066682
so,W30p0,4,14,0.24930741299762565,0.24930741299762565
thetao,W20p0,6,4,0.24853280643797562,0.24853280643797562
thetao,W10p0,10,6,-0.24783599300274609,0.24783599300274609
so,W30p0,4,12,0.24758457948703375,0.24758457948703375
so,W30p0,1,8,0.2469738085944369,0.2469738085944369
so,W20p0,10,2,-0.24691085147190997,0.24691085147190997
so,W40p0,2,13,0.2468854696008192,0.2468854696008192
so,W40p0,4,10,0.24678245034527851,0.24678245034527851
so,W30p0,1,9,0.24674675481648636,0.24674675481648636
so,W30p0,1,20,0.24666052150045384,0.24666052150045384
thetao,W40p0,5,8,0.2458237418294134,0.2458237418294134
thetao,W20p0,10,7,-0.2456666657064126,0.2456666657064126
thetao,W60p0,3,14,-0.2456174084597985,0.2456174084597985
thetao,W10p0,3,18,0.24555892819568692,0.24555892819568692
so,W40p0,7,9,0.24538610961020932,0.24538610961020932
thetao,W10p0,10,9,-0.245152028785283,0.245152028785283
so,W40p0,2,12,0.24497156429000636,0.24497156429000636
so,W40p0,1,16,0.2445096330624251,0.2445096330624251
thetao,W60p0,3,13,-0.2444365615125807,0.2444365615125807
so,W40p0,5,8,-0.24353140791813668,0.24353140791813668
thetao,W40p0,2,0,-0.24267351275110402,0.24267351275110402
so,W60p0,10,7,0.24218441193011706,0.24218441193011706
so,W60p0,10,1,-0.24180335763538252,0.24180335763538252
so,W10p0,2,6,0.24168301031955203,0.24168301031955203
so,W20p0,6,6,0.2411321654729976,0.2411321654729976
so,W40p0,4,1,-0.24092645096529902,0.24092645096529902
so,W30p0,8,7,0.240507576089941,0.240507576089941
thetao,W60p0,10,3,-0.24044537773008828,0.24044537773008828
thetao,W60p0,3,16,-0.24014597547288682,0.24014597547288682
thetao,W30p0,4,14,0.23929328936428726,0.23929328936428726
so,W60p0,5,6,0.23913983680348525,0.23913983680348525
so,W30p0,10,0,0.23897069486837103,0.23897069486837103
thetao,W60p0,3,2,-0.23893022243477813,0.23893022243477813
so,W10p0,8,12,0.23761638822066725,0.23761638822066725
thetao,W10p0,5,1,-0.23743185475361026,0.23743185475361026
thetao,W20p0,7,0,-0.23738626634898508,0.23738626634898508
thetao,W40p0,10,7,-0.23666488977021533,0.23666488977021533
so,W10p0,5,8,-0.23643964864181974,0.23643964864181974
so,W60p0,1,5,0.23632948489133343,0.23632948489133343
so,W30p0,1,7,0.2347798748829737,0.2347798748829737
so,W20p0,6,2,0.23454521287575553,0.23454521287575553
thetao,W20p0,5,0,0.23425492653556879,0.23425492653556879
thetao,W60p0,6,16,-0.23414014736188749,0.23414014736188749
so,W30p0,3,15,-0.2338259930630216,0.2338259930630216
thetao,W10p0,1,18,-0.233036732672613,0.233036732672613
so,W20p0,4,1,-0.23272020277657837,0.23272020277657837
so,W10p0,3,17,0.23243853888584198,0.23243853888584198
so,W30p0,10,4,0.23202963324798132,0.23202963324798132
so,W60p0,10,11,0.23155031611133825,0.23155031611133825
so,W40p0,1,10,0.231211223161992,0.231211223161992
so,W10p0,5,9,-0.231130420041921,0.231130420041921
so,W30p0,3,10,-0.22877933155115412,0.22877933155115412
so,W10p0,2,10,0.22837059786996122,0.22837059786996122
so,W30p0,1,10,0.22825004030733156,0.22825004030733156
so,W30p0,3,14,-0.2281113579437427,0.2281113579437427
so,W30p0,10,5,0.22807911296224667,0.22807911296224667
so,W30p0,3,11,-0.2278298422960116,0.2278298422960116
thetao,W60p0,5,3,-0.22779569625489154,0.22779569625489154
thetao,W40p0,10,2,0.22774535246789215,0.22774535246789215
so,W40p0,2,0,-0.22755922011449004,0.22755922011449004
thetao,W20p0,1,3,0.22740241654797502,0.22740241654797502
so,W30p0,6,0,0.22705791656504143,0.22705791656504143
thetao,W10p0,6,4,-0.22681493777331915,0.22681493777331915
so,W30p0,1,19,0.22664368552416186,0.22664368552416186
thetao,W40p0,2,18,-0.2262384952912821,0.2262384952912821
so,W20p0,3,9,-0.22604606831908308,0.22604606831908308
so,W30p0,2,8,0.22537049480832796,0.22537049480832796
so,W40p0,9,5,-0.22491660504040092,0.22491660504040092
so,W40p0,9,3,-0.22482987627579598,0.22482987627579598
so,W10p0,3,16,0.22478970584551555,0.22478970584551555
so,W40p0,7,10,0.2246686268727283,0.2246686268727283
thetao,W20p0,10,0,0.2240218756971142,0.2240218756971142
thetao,W30p0,5,3,0.22392162082134193,0.22392162082134193
thetao,W10p0,4,9,0.22373853292017837,0.22373853292017837
so,W60p0,10,10,0.22355175337057392,0.22355175337057392
thetao,W30p0,6,1,0.2234086750075952,0.2234086750075952
thetao,W10p0,1,9,-0.22303992535207126,0.22303992535207126
thetao,W40p0,3,11,-0.22288935111409217,0.22288935111409217
thetao,W40p0,1,10,-0.22277857083182284,0.22277857083182284
thetao,W20p0,10,9,-0.22277087923061023,0.22277087923061023
so,W30p0,10,6,0.2219270247311807,0.2219270247311807
so,W10p0,8,13,0.22191587410573313,0.22191587410573313
thetao,W30p0,10,18,-0.22134872789368024,0.22134872789368024
thetao,W40p0,2,13,-0.22129787311217392,0.22129787311217392
thetao,W30p0,4,13,0.22063719794110984,0.22063719794110984
thetao,W30p0,1,10,-0.22062687924014618,0.22062687924014618
so,W40p0,9,11,-0.22045757572600383,0.22045757572600383
so,W10p0,5,10,-0.22036943757607366,0.22036943757607366
so,W60p0,3,2,0.21949246070779338,0.21949246070779338
so,W10p0,1,17,-0.219407200586502,0.219407200586502
thetao,W40p0,2,19,-0.2191804150382931,0.2191804150382931
so,W10p0,3,18,0.21914917741637632,0.21914917741637632
so,W20p0,8,12,-0.21880872116219813,0.21880872116219813
thetao,W60p0,3,15,-0.2187331888132223,0.2187331888132223
thetao,W40p0,5,11,0.21864016305225542,0.21864016305225542
thetao,W20p0,3,8,0.21862316069399684,0.21862316069399684
thetao,W10p0,8,20,0.21843586483841684,0.21843586483841684
thetao,W30p0,8,3,-0.21840687536071215,0.21840687536071215
so,W10p0,8,11,0.2179874070451143,0.2179874070451143
so,W60p0,3,3,0.21787529929007324,0.21787529929007324
thetao,W30p0,1,20,-0.21756914013276468,0.21756914013276468
so,W20p0,10,1,-0.21678159114938955,0.21678159114938955
thetao,W20p0,2,9,-0.21642838838337397,0.21642838838337397
thetao,W10p0,8,9,-0.2161588606424434,0.2161588606424434
so,W30p0,4,15,0.21603853219691913,0.21603853219691913
thetao,W60p0,3,12,-0.21601601318288596,0.21601601318288596
so,W40p0,9,2,-0.21465605172517535,0.21465605172517535
thetao,W30p0,4,2,0.21464493839442697,0.21464493839442697
thetao,W40p0,9,8,-0.21455570913592478,0.21455570913592478
thetao,W30p0,4,17,0.2136303624103852,0.2136303624103852
so,W40p0,6,0,-0.21360725628660174,0.21360725628660174
so,W30p0,3,16,-0.21340565069089662,0.21340565069089662
so,W40p0,9,12,-0.21311695802216435,0.21311695802216435
thetao,W20p0,4,3,-0.21303066487290864,0.21303066487290864
thetao,W30p0,1,19,-0.21269770597118956,0.21269770597118956
so,W30p0,1,6,0.21225613911806762,0.21225613911806762
thetao,W40p0,6,7,0.21210732161432344,0.21210732161432344
so,W30p0,9,0,0.21108437120208862,0.21108437120208862
so,W40p0,5,7,-0.2108517365509067,0.2108517365509067
thetao,W30p0,2,17,-0.2103456223445023,0.2103456223445023
so,W20p0,5,6,-0.21030104030093888,0.21030104030093888
so,W20p0,6,1,0.20885358727000544,0.20885358727000544
so,W10p0,1,16,-0.20882103507816277,0.20882103507816277
thetao,W10p0,2,13,0.2081301079153922,0.2081301079153922
so,W10p0,5,11,-0.20784431483302543,0.20784431483302543
thetao,W60p0,8,2,-0.20732566110755846,0.20732566110755846
so,W20p0,7,10,0.20634589533343298,0.20634589533343298
thetao,W60p0,9,3,0.20630846473819436,0.20630846473819436
thetao,W20p0,6,1,0.2059790366157771,0.2059790366157771
so,W20p0,5,2,-0.20556144587504593,0.20556144587504593
so,W40p0,9,8,-0.20519703267831196,0.20519703267831196
thetao,W30p0,4,3,0.2047506504446529,0.2047506504446529
thetao,W10p0,1,5,-0.20472781371118198,0.20472781371118198
so,W10p0,3,13,0.20403746272330003,0.20403746272330003
so,W10p0,7,18,-0.20394042666266424,0.20394042666266424
thetao,W40p0,9,7,-0.2038053726836482,0.2038053726836482
so,W20p0,3,10,-0.20358789398931654,0.20358789398931654
so,W40p0,2,14,0.20316310066804766,0.20316310066804766
so,W60p0,10,5,0.20300871578261165,0.20300871578261165
so,W10p0,4,4,0.20292737873713984,0.20292737873713984
thetao,W60p0,3,11,-0.2027575650106421,0.2027575650106421
thetao,W10p0,10,10,-0.20268479957576696,0.20268479957576696
so,W40p0,6,1,-0.20219299147807032,0.20219299147807032
thetao,W60p0,3,20,-0.20190363769475855,0.20190363769475855
so,W60p0,5,5,0.20127525719641676,0.20127525719641676
thetao,W60p0,6,18,-0.20115566956101202,0.20115566956101202
so,W20p0,8,10,-0.20062686300787805,0.20062686300787805
thetao,W40p0,2,14,-0.20051051585235524,0.20051051585235524
so,W10p0,7,0,-0.20018152251223684,0.20018152251223684
thetao,W30p0,2,13,-0.1999851503410601,0.1999851503410601
so,W20p0,2,0,0.1998225305664042,0.1998225305664042
thetao,W30p0,5,2,0.19981351068422484,0.19981351068422484
thetao,W20p0,10,10,-0.19975416993426567,0.19975416993426567
so,W40p0,9,6,-0.1992411975931863,0.1992411975931863
thetao,W40p0,4,4,0.19915101160392004,0.19915101160392004
thetao,W60p0,9,20,-0.199020372625461,0.199020372625461
so,W30p0,8,8,0.19809019779445697,0.19809019779445697
thetao,W40p0,5,7,0.19803549336520582,0.19803549336520582
thetao,W60p0,6,0,-0.1973410603728975,0.1973410603728975
so,W60p0,4,4,0.19726366083028815,0.19726366083028815
thetao,W60p0,1,6,0.19719723725933538,0.19719723725933538
so,W20p0,7,11,0.19691533218073293,0.19691533218073293
so,W20p0,3,4,0.19682988268108545,0.19682988268108545
so,W20p0,9,4,0.19674502671185584,0.19674502671185584
so,W40p0,9,4,-0.19668858714048268,0.19668858714048268
thetao,W40p0,4,5,0.1966763163913085,0.1966763163913085
so,W60p0,10,12,0.19655599519823783,0.19655599519823783
so,W10p0,10,19,0.1963416805652602,0.1963416805652602
so,W40p0,2,11,0.19622225427304535,0.19622225427304535
thetao,W20p0,1,4,0.19536469478605015,0.19536469478605015
so,W40p0,2,7,-0.19519972060898017,0.19519972060898017
so,W40p0,4,12,0.19499267002188495,0.19499267002188495
so,W60p0,9,1,-0.19491211679171228,0.19491211679171228
so,W20p0,10,3,-0.19473996851965839,0.19473996851965839
so,W40p0,9,7,-0.1945975723850774,0.1945975723850774
so,W30p0,1,18,0.19442924544954995,0.19442924544954995
so,W30p0,7,18,-0.19430470736646985,0.19430470736646985
thetao,W30p0,8,4,-0.19426928178628003,0.19426928178628003
so,W40p0,5,6,-0.19423699995101393,0.19423699995101393
so,W20p0,8,13,-0.194152315731056,0.194152315731056
so,W10p0,2,18,0.1940778772789604,0.1940778772789604
so,W30p0,7,9,-0.19385024352609026,0.19385024352609026
thetao,W60p0,3,9,-0.19319482688530995,0.19319482688530995
so,W30p0,4,11,0.1930063414772163,0.1930063414772163
so,W30p0,3,17,-0.19299034404845924,0.19299034404845924
thetao,W10p0,8,8,-0.19273065826624944,0.19273065826624944
thetao,W60p0,8,4,-0.19174313264892429,0.19174313264892429
thetao,W10p0,4,10,0.19153970357638544,0.19153970357638544
thetao,W40p0,2,17,-0.19111563959460265,0.19111563959460265
so,W40p0,6,8,0.1909621113930481,0.1909621113930481
so,W20p0,9,3,0.1907801828086896,0.1907801828086896
so,W10p0,4,5,0.19046803699315953,0.19046803699315953
so,W30p0,3,13,-0.1904107690738397,0.1904107690738397
thetao,W40p0,6,8,0.19030564616459206,0.19030564616459206
thetao,W40p0,10,12,-0.18994483597555362,0.18994483597555362
thetao,W60p0,7,8,-0.18986032215630724,0.18986032215630724
so,W10p0,7,13,-0.18985337427459234,0.18985337427459234
thetao,W10p0,2,9,-0.18983170906800795,0.18983170906800795
so,W20p0,3,8,-0.1897337302989057,0.1897337302989057
thetao,W30p0,4,18,0.1896666023656595,0.1896666023656595
thetao,W10p0,3,5,0.18954628156117678,0.18954628156117678
so,W20p0,10,9,-0.18918682970318035,0.18918682970318035
thetao,W40p0,4,3,0.1888748478755028,0.1888748478755028
so,W40p0,7,1,-0.1888715359235786,0.1888715359235786
so,W20p0,7,12,0.1881465789979592,0.1881465789979592
thetao,W20p0,2,1,-0.18792572169607163,0.18792572169607163
thetao,W40p0,9,6,-0.18750734935843952,0.18750734935843952
so,W10p0,7,14,-0.18744212557545534,0.18744212557545534
so,W10p0,3,3,0.18730765901016308,0.18730765901016308
thetao,W10p0,1,10,-0.18715819358875976,0.18715819358875976
thetao,W30p0,10,3,-0.18676555280895255,0.18676555280895255
so,W60p0,10,8,0.18667237023493094,0.18667237023493094
so,W10p0,5,7,-0.18640144770853892,0.18640144770853892
thetao,W40p0,2,20,-0.18638244876819124,0.18638244876819124
thetao,W10p0,1,4,-0.186372167897683,0.186372167897683
so,W20p0,8,14,-0.1860283781547151,0.1860283781547151
so,W30p0,3,12,-0.1859392978506714,0.1859392978506714
so,W60p0,9,2,-0.18566345331915654,0.18566345331915654
so,W40p0,5,9,-0.18551175415471727,0.18551175415471727
thetao,W30p0,9,2,-0.1848766149081276,0.1848766149081276
thetao,W40p0,3,6,-0.1847646912714176,0.1847646912714176
thetao,W20p0,4,0,-0.1845233449136364,0.1845233449136364
so,W10p0,10,18,0.1841140820009792,0.1841140820009792
thetao,W30p0,10,16,-0.183985811610244,0.183985811610244
thetao,W40p0,7,17,0.18375686365413763,0.18375686365413763
thetao,W60p0,3,5,-0.1836081324662574,0.1836081324662574
so,W40p0,7,5,0.1830399023139431,0.1830399023139431
so,W60p0,3,4,0.18252651727288427,0.18252651727288427
so,W20p0,4,2,-0.1820735403872815,0.1820735403872815
thetao,W30p0,10,17,-0.18194500965428695,0.18194500965428695
so,W10p0,10,16,0.18163834659388542,0.18163834659388542
thetao,W40p0,9,9,-0.18157709981681586,0.18157709981681586
so,W40p0,5,11,-0.18156238771345068,0.18156238771345068
thetao,W30p0,8,2,-0.1813746165763176,0.1813746165763176
so,W60p0,9,0,-0.1811227627847563,0.1811227627847563
so,W60p0,2,0,0.18103700651841007,0.18103700651841007
so,W30p0,8,1,0.1809844968507376,0.1809844968507376
thetao,W20p0,7,1,-0.180965116454728,0.180965116454728
so,W60p0,1,11,-0.180936831110124,0.180936831110124
so,W20p0,3,11,-0.18069080709491042,0.18069080709491042
thetao,W40p0,9,10,-0.18057989209663772,0.18057989209663772
thetao,W10p0,10,11,-0.18053473629154296,0.18053473629154296
thetao,W30p0,3,16,-0.18045276634334773,0.18045276634334773
thetao,W20p0,10,6,-0.18043001171375134,0.18043001171375134
thetao,W40p0,7,16,0.1804205916086286,0.1804205916086286
thetao,W30p0,4,12,0.18014977224996542,0.18014977224996542
so,W10p0,1,7,-0.18014508934875734,0.18014508934875734
so,W30p0,7,8,-0.1800409237693875,0.1800409237693875
thetao,W60p0,3,10,-0.17973099168682066,0.17973099168682066
thetao,W20p0,3,9,0.1796943534245545,0.1796943534245545
so,W20p0,1,10,-0.1796320515385087,0.1796320515385087
thetao,W10p0,9,2,0.17958435057277358,0.17958435057277358
so,W20p0,9,5,0.17947225756603316,0.17947225756603316
so,W60p0,2,6,0.17939419781665464,0.17939419781665464
so,W20p0,8,11,-0.17890457337468138,0.17890457337468138
thetao,W10p0,3,17,0.17887365887256232,0.17887365887256232
so,W10p0,4,6,0.17835821597155876,0.17835821597155876
so,W40p0,4,2,-0.1781659579520234,0.1781659579520234
thetao,W20p0,5,13,0.17815560304778702,0.17815560304778702
so,W10p0,1,18,-0.1779452366614705,0.1779452366614705
so,W10p0,7,12,-0.17784259158288465,0.17784259158288465
so,W60p0,10,9,0.17778998065031934,0.17778998065031934
thetao,W20p0,10,3,0.17762962336838897,0.17762962336838897
so,W60p0,5,7,0.17760974571041413,0.17760974571041413
thetao,W20p0,2,10,-0.17730919582243063,0.17730919582243063
so,W10p0,4,7,0.17703192389899933,0.17703192389899933
thetao,W10p0,9,1,0.1769859197005423,0.1769859197005423
so,W10p0,3,20,0.17696821894435463,0.17696821894435463
so,W10p0,10,17,0.17638786193711395,0.17638786193711395
so,W40p0,9,10,-0.1762552601489466,0.1762552601489466
thetao,W60p0,6,9,-0.17625121255336068,0.17625121255336068
so,W30p0,4,16,0.17624504448899286,0.17624504448899286
thetao,W10p0,10,5,-0.17572506721379502,0.17572506721379502
so,W30p0,3,9,-0.1756858215818695,0.1756858215818695
so,W40p0,8,20,0.17567780819354914,0.17567780819354914
so,W20p0,7,13,0.17538737621185957,0.17538737621185957
so,W30p0,3,3,0.17498008369145615,0.17498008369145615
thetao,W10p0,4,11,0.17497287920791246,0.17497287920791246
thetao,W30p0,2,18,-0.17487010387159904,0.17487010387159904
thetao,W30p0,8,5,-0.17474241253311704,0.17474241253311704
thetao,W60p0,9,19,-0.17472132186841788,0.17472132186841788
so,W20p0,6,7,0.17456053000096988,0.17456053000096988
so,W30p0,1,11,0.17423349263995175,0.17423349263995175
thetao,W30p0,10,2,-0.17392882361134018,0.17392882361134018
so,W10p0,4,2,0.17291037792652375,0.17291037792652375
thetao,W20p0,4,4,-0.17265809318976802,0.17265809318976802
thetao,W30p0,3,15,-0.17261833013993336,0.17261833013993336
thetao,W10p0,1,17,-0.1725971335980479,0.1725971335980479
thetao,W40p0,2,15,-0.17221285319817917,0.17221285319817917
so,W40p0,6,9,0.17199062955048125,0.17199062955048125
so,W20p0,2,6,-0.17180503284391993,0.17180503284391993
so,W60p0,1,6,0.17175571985032542,0.17175571985032542
so,W30p0,4,19,0.17165738017242393,0.17165738017242393
thetao,W20p0,9,2,0.1710097411458976,0.1710097411458976
thetao,W10p0,1,0,0.17074752316375968,0.17074752316375968
thetao,W30p0,4,1,0.17053650345075677,0.17053650345075677
thetao,W20p0,5,12,0.17033706726881964,0.17033706726881964
so,W30p0,7,17,-0.17011381129305844,0.17011381129305844
thetao,W30p0,9,3,-0.17009817099995217,0.17009817099995217
thetao,W40p0,7,18,0.16997838738880316,0.16997838738880316
so,W40p0,6,2,-0.16988105432312545,0.16988105432312545
thetao,W60p0,7,6,-0.16972928452256297,0.16972928452256297
thetao,W30p0,1,18,-0.16970589546997253,0.16970589546997253
thetao,W40p0,8,17,0.169488504211646,0.169488504211646
so,W30p0,1,5,0.16948350320058472,0.16948350320058472
thetao,W10p0,3,3,0.1694825082505556,0.1694825082505556
thetao,W20p0,8,18,0.16920408106671653,0.16920408106671653
so,W20p0,10,7,-0.16916007045121978,0.16916007045121978
so,W30p0,1,17,0.16888047236132767,0.16888047236132767
thetao,W40p0,7,13,0.1688507843887312,0.1688507843887312
so,W20p0,4,3,-0.1688279732486598,0.1688279732486598
thetao,W60p0,7,7,-0.16876093863232144,0.16876093863232144
so,W10p0,7,15,-0.16870112991253822,0.16870112991253822
thetao,W20p0,10,11,-0.16868744282983497,0.16868744282983497
thetao,W60p0,5,4,-0.16848522732450416,0.16848522732450416
thetao,W40p0,7,15,0.16779384437557407,0.16779384437557407
thetao,W30p0,9,1,-0.16753224584652196,0.16753224584652196
thetao,W40p0,10,17,-0.16689737068825344,0.16689737068825344
so,W10p0,4,1,0.16688792689138313,0.16688792689138313
so,W30p0,5,5,0.16644928439709472,0.16644928439709472
thetao,W40p0,6,15,0.16614149259121852,0.16614149259121852
so,W60p0,1,10,-0.16606909281186572,0.16606909281186572
so,W10p0,7,17,-0.16601974115340903,0.16601974115340903
thetao,W30p0,5,4,0.16559051448042691,0.16559051448042691
so,W10p0,4,9,0.16535268224981,0.16535268224981
so,W10p0,4,3,0.16523047146607092,0.16523047146607092
so,W40p0,5,19,-0.1652137752010554,0.1652137752010554
so,W40p0,6,10,0.16515071766924144,0.16515071766924144
so,W10p0,4,8,0.1650550774561948,0.1650550774561948
thetao,W40p0,2,16,-0.16472121565415238,0.16472121565415238
thetao,W10p0,9,4,0.1646815517591727,0.1646815517591727
so,W20p0,5,1,-0.16459734346612356,0.16459734346612356
so,W40p0,2,15,0.16457653251391133,0.16457653251391133
thetao,W20p0,7,2,-0.164517381517569,0.164517381517569
so,W20p0,10,8,-0.16450430670237798,0.16450430670237798
so,W40p0,10,0,-0.16444215245938248,0.16444215245938248
so,W10p0,7,1,-0.16429224478078006,0.16429224478078006
so,W20p0,1,1,-0.16427355386666767,0.16427355386666767
so,W30p0,2,3,0.16419878112711392,0.16419878112711392
so,W40p0,5,18,-0.16351575144983552,0.16351575144983552
thetao,W30p0,9,4,-0.16331927512076785,0.16331927512076785
thetao,W40p0,3,12,-0.16329422071564448,0.16329422071564448
thetao,W20p0,5,1,0.1632813427574235,0.1632813427574235
so,W40p0,1,9,0.16312055624371563,0.16312055624371563
so,W10p0,3,2,0.16293000764221915,0.16293000764221915
thetao,W40p0,7,14,0.16272466806535252,0.16272466806535252
thetao,W40p0,8,16,0.16258450878727748,0.16258450878727748
so,W30p0,4,18,0.16240016484873715,0.16240016484873715
so,W20p0,6,0,0.16222885122111316,0.16222885122111316
so,W30p0,4,6,-0.16196805081060445,0.16196805081060445
so,W60p0,8,8,-0.1618974763288568,0.1618974763288568
so,W40p0,5,10,-0.161788221946084,0.161788221946084
so,W30p0,2,9,0.16175952504325686,0.16175952504325686
so,W20p0,7,9,0.16170395413102626,0.16170395413102626
thetao,W40p0,8,15,0.16165218894095923,0.16165218894095923
thetao,W10p0,3,4,0.1615671827029685,0.1615671827029685
so,W30p0,9,4,-0.16153622812515098,0.16153622812515098
thetao,W60p0,8,5,-0.16153520804781316,0.16153520804781316
thetao,W30p0,3,11,-0.16111086582624498,0.16111086582624498
thetao,W30p0,8,1,-0.16107861407665394,0.16107861407665394
thetao,W30p0,4,4,0.161042010828702,0.161042010828702
thetao,W10p0,8,4,-0.16069004731562345,0.16069004731562345
thetao,W20p0,8,19,0.1605978461722969,0.1605978461722969
thetao,W10p0,9,3,0.16056672313078477,0.16056672313078477
thetao,W10p0,8,5,-0.16040358632720736,0.16040358632720736
thetao,W10p0,9,5,0.16022522394876076,0.16022522394876076
so,W40p0,1,2,0.15995151460201198,0.15995151460201198
so,W20p0,1,19,-0.15967754030929202,0.15967754030929202
thetao,W40p0,9,12,-0.1596735113927419,0.1596735113927419
so,W10p0,7,11,-0.15954369267190427,0.15954369267190427
so,W10p0,7,6,-0.15939012164293656,0.15939012164293656
so,W20p0,8,9,-0.1593202782439449,0.1593202782439449
so,W10p0,5,6,-0.15923060755969196,0.15923060755969196
so,W40p0,4,9,0.1588015525131013,0.1588015525131013
so,W40p0,9,9,-0.1587845815869997,0.1587845815869997
so,W40p0,3,9,0.15864642680042823,0.15864642680042823
thetao,W40p0,6,9,0.15859639839034412,0.15859639839034412
thetao,W20p0,1,5,0.15797810994883607,0.15797810994883607
thetao,W40p0,10,6,-0.15795750286960136,0.15795750286960136
so,W40p0,5,14,-0.1578057057251792,0.1578057057251792
so,W60p0,5,8,0.15775936990860767,0.15775936990860767
so,W10p0,3,19,0.1577143528150017,0.1577143528150017
so,W40p0,10,11,-0.1571982528091149,0.1571982528091149
so,W10p0,8,14,0.1567231106893842,0.1567231106893842
so,W10p0,10,3,0.15657565892570846,0.15657565892570846
so,W20p0,2,12,0.1564215865676385,0.1564215865676385
so,W60p0,3,1,0.15637438722787123,0.15637438722787123
thetao,W40p0,10,18,-0.156321431714047,0.156321431714047
so,W40p0,9,13,-0.1563099576108461,0.1563099576108461
thetao,W60p0,3,8,-0.15624808127627013,0.15624808127627013
so,W20p0,8,8,-0.1561749945120962,0.1561749945120962
so,W30p0,3,2,0.1561352831604798,0.1561352831604798
thetao,W60p0,9,18,-0.1557806333837842,0.1557806333837842
so,W40p0,5,12,-0.1553147110441679,0.1553147110441679
thetao,W10p0,2,10,-0.15524452906179487,0.15524452906179487
so,W10p0,2,11,0.1549066936826748,0.1549066936826748
so,W20p0,9,7,0.15488744236124607,0.15488744236124607
thetao,W60p0,3,6,-0.15488003721554522,0.15488003721554522
thetao,W30p0,4,19,0.1547930437095111,0.1547930437095111
so,W20p0,9,2,0.1545311745136402,0.1545311745136402
so,W40p0,8,4,0.15419413713399016,0.15419413713399016
thetao,W60p0,6,15,-0.15406006833178265,0.15406006833178265
so,W20p0,2,11,0.15369280001173832,0.15369280001173832
thetao,W60p0,3,7,-0.15346037592063502,0.15346037592063502
thetao,W60p0,2,3,-0.15317894425615458,0.15317894425615458
so,W20p0,5,7,-0.15272058572936803,0.15272058572936803
thetao,W20p0,8,20,0.15261519633394968,0.15261519633394968
so,W20p0,7,14,0.15259550337350036,0.15259550337350036
so,W30p0,9,5,-0.15257443171353466,0.15257443171353466
thetao,W60p0,8,1,-0.15212192183408935,0.15212192183408935
thetao,W20p0,5,14,0.1519130157452718,0.1519130157452718
thetao,W30p0,1,11,-0.1516065363340609,0.1516065363340609
so,W20p0,2,10,0.15153781147038584,0.15153781147038584
thetao,W60p0,5,5,-0.15145096596788435,0.15145096596788435
thetao,W20p0,4,5,-0.15129988397682187,0.15129988397682187
thetao,W40p0,8,6,-0.15117668755884978,0.15117668755884978
thetao,W40p0,9,11,-0.15099572708580955,0.15099572708580955
thetao,W40p0,9,13,-0.15090581450615556,0.15090581450615556
so,W30p0,1,4,0.1508729049218225,0.1508729049218225
thetao,W30p0,9,0,-0.15081166912754193,0.15081166912754193
so,W10p0,3,0,0.15078334920490427,0.15078334920490427
thetao,W30p0,3,1,-0.15049618397376138,0.15049618397376138
thetao,W60p0,6,8,-0.15038612078244226,0.15038612078244226
thetao,W40p0,6,16,0.15032898461947158,0.15032898461947158
so,W60p0,3,14,0.14986966681876512,0.14986966681876512
so,W60p0,7,15,-0.149844967262046,0.149844967262046
thetao,W40p0,4,6,0.14968437699594095,0.14968437699594095
so,W20p0,8,15,-0.14958307939947726,0.14958307939947726
so,W10p0,8,7,0.14948038526557106,0.14948038526557106
so,W30p0,4,5,-0.1493846204647153,0.1493846204647153
thetao,W10p0,1,11,-0.14938208113141438,0.14938208113141438
thetao,W40p0,1,9,-0.14936095003987213,0.14936095003987213
so,W30p0,7,7,-0.14933798524298675,0.14933798524298675
thetao,W10p0,10,0,0.149273010284582,0.149273010284582
thetao,W20p0,6,5,0.1490524549775664,0.1490524549775664
thetao,W40p0,3,17,0.14886461640770812,0.14886461640770812
thetao,W20p0,3,10,0.14875951087489728,0.14875951087489728
so,W10p0,9,10,0.14867918287576076,0.14867918287576076
thetao,W20p0,5,20,0.14858400789323623,0.14858400789323623
so,W40p0,8,15,-0.14816042357592638,0.14816042357592638
thetao,W10p0,8,19,0.14814799260745468,0.14814799260745468
thetao,W30p0,9,15,-0.1481291463044954,0.1481291463044954
thetao,W60p0,3,1,-0.1480516454162236,0.1480516454162236
thetao,W40p0,8,5,-0.14796693210381756,0.14796693210381756
so,W30p0,2,10,0.14792334300647955,0.14792334300647955
so,W10p0,3,11,0.14783097954913055,0.14783097954913055
so,W10p0,7,5,-0.14741207982866308,0.14741207982866308
so,W60p0,9,13,-0.1472979370746139,0.1472979370746139
so,W30p0,7,19,-0.1472399572007392,0.1472399572007392
so,W20p0,10,0,-0.147194145920548,0.147194145920548
thetao,W20p0,6,0,0.1467292517438272,0.1467292517438272
so,W40p0,2,17,0.14656731304412082,0.14656731304412082
thetao,W40p0,10,3,0.14652806539685992,0.14652806539685992
so,W10p0,10,20,0.14648631913064472,0.14648631913064472
thetao,W10p0,8,6,-0.14638901408385924,0.14638901408385924
so,W60p0,7,14,-0.1458796419355703,0.1458796419355703
so,W20p0,4,17,-0.14568113495068172,0.14568113495068172
thetao,W40p0,1,17,-0.14556161073513738,0.14556161073513738
so,W20p0,4,0,-0.1455399111792337,0.1455399111792337
thetao,W10p0,6,5,-0.14546317175936052,0.14546317175936052
so,W20p0,1,17,-0.14539143874864835,0.14539143874864835
so,W10p0,9,11,0.1450943027303334,0.1450943027303334
thetao,W30p0,9,14,-0.14506243038226027,0.14506243038226027
thetao,W10p0,2,2,0.1444677189086115,0.1444677189086115
thetao,W10p0,8,3,-0.14410196713613746,0.14410196713613746
so,W60p0,5,9,0.1440372147701796,0.1440372147701796
thetao,W40p0,8,7,-0.14346814957837076,0.14346814957837076
thetao,W20p0,10,12,-0.14345718651048842,0.14345718651048842
so,W60p0,5,4,0.14344480819858804,0.14344480819858804
thetao,W10p0,9,0,0.14343389756109745,0.14343389756109745
thetao,W30p0,3,17,-0.14335632156882366,0.14335632156882366
so,W10p0,4,10,0.14297673092271443,0.14297673092271443
thetao,W40p0,5,15,-0.14287758937022166,0.14287758937022166
so,W10p0,9,20,-0.14282350043937794,0.14282350043937794
thetao,W30p0,2,11,-0.14271309876423258,0.14271309876423258
so,W30p0,4,7,-0.14259118863849973,0.14259118863849973
thetao,W60p0,1,0,0.14240028320767464,0.14240028320767464
so,W30p0,1,12,0.14207342343545412,0.14207342343545412
thetao,W10p0,8,2,-0.14205455286545737,0.14205455286545737
so,W10p0,1,19,-0.14200635253886862,0.14200635253886862
so,W40p0,3,10,0.14191479320899025,0.14191479320899025
thetao,W10p0,10,1,0.1417539918410371,0.1417539918410371
so,W40p0,10,12,-0.14167596084020756,0.14167596084020756
so,W20p0,9,6,0.14159484362758815,0.14159484362758815
so,W40p0,2,16,0.14156650043835906,0.14156650043835906
so,W60p0,8,0,0.1415530315771801,0.1415530315771801
thetao,W20p0,5,11,0.14154494964549544,0.14154494964549544
thetao,W40p0,5,12,0.1413285516734922,0.1413285516734922
so,W10p0,7,16,-0.14129212293406532,0.14129212293406532
so,W60p0,9,11,-0.14121664439274947,0.14121664439274947
thetao,W40p0,8,0,-0.14119209293329216,0.14119209293329216
so,W10p0,5,12,-0.14097563681573477,0.14097563681573477
so,W10p0,1,15,-0.1409630829400577,0.1409630829400577
so,W10p0,8,10,0.14084754585104237,0.14084754585104237
thetao,W10p0,3,13,-0.14083775049445962,0.14083775049445962
so,W30p0,7,20,-0.14077147603962945,0.14077147603962945
thetao,W40p0,5,6,0.1407581643496872,0.1407581643496872
thetao,W30p0,2,10,-0.1407472602674512,0.1407472602674512
so,W10p0,9,12,0.1403733411121125,0.1403733411121125
so,W30p0,4,17,0.14009685525911264,0.14009685525911264
so,W20p0,8,16,-0.140057410386612,0.140057410386612
thetao,W40p0,9,3,0.13985081528771934,0.13985081528771934
so,W30p0,9,1,0.1398050748088418,0.1398050748088418
thetao,W40p0,8,8,-0.13932453131655195,0.13932453131655195
so,W40p0,1,17,0.13931667611011145,0.13931667611011145
thetao,W10p0,8,1,-0.13928824257945793,0.13928824257945793
thetao,W10p0,3,2,0.13926953426519625,0.13926953426519625
so,W40p0,6,7,0.13926034648180147,0.13926034648180147
so,W10p0,3,4,0.13923500193417215,0.13923500193417215
so,W30p0,1,3,0.13917926583882595,0.13917926583882595
so,W10p0,9,9,0.13903074261267293,0.13903074261267293
thetao,W20p0,2,11,-0.1389052316366054,0.1389052316366054
so,W60p0,10,18,0.13885953785880142,0.13885953785880142
so,W10p0,10,4,0.13874366906075403,0.13874366906075403
so,W20p0,1,15,-0.13871779814607255,0.13871779814607255
so,W30p0,4,4,-0.1385828555503969,0.1385828555503969
thetao,W40p0,10,20,-0.1385709983965643,0.1385709983965643
thetao,W30p0,8,6,-0.1383726719614273,0.1383726719614273
so,W40p0,3,8,0.13833943602789736,0.13833943602789736
so,W30p0,4,20,0.1383244862234951,0.1383244862234951
so,W20p0,1,18,-0.13827487140676126,0.13827487140676126
so,W60p0,7,16,-0.1381573466124946,0.1381573466124946
so,W30p0,3,4,0.13786168230662355,0.13786168230662355
thetao,W10p0,7,16,0.1378448276402426,0.1378448276402426
thetao,W30p0,3,10,-0.13771263912797924,0.13771263912797924
so,W40p0,5,13,-0.1376848362082891,0.1376848362082891
thetao,W20p0,8,17,0.13760605272634638,0.13760605272634638
thetao,W30p0,3,12,-0.1375631762925767,0.1375631762925767
thetao,W30p0,3,14,-0.1375340480315247,0.1375340480315247
thetao,W60p0,2,2,-0.13707709858797817,0.13707709858797817
so,W10p0,5,3,-0.1369087523591151,0.1369087523591151
thetao,W10p0,5,4,-0.13690601922031928,0.13690601922031928
so,W30p0,6,14,0.13674286668995617,0.13674286668995617
so,W60p0,4,5,0.13650732536440763,0.13650732536440763
so,W40p0,5,15,-0.1363427870124265,0.1363427870124265
so,W30p0,2,14,-0.1362634474333033,0.1362634474333033
thetao,W10p0,3,6,0.1360985966847635,0.1360985966847635
thetao,W10p0,3,12,-0.13595106330145426,0.13595106330145426
so,W30p0,1,16,0.13578728039672758,0.13578728039672758
so,W10p0,2,17,0.13557511550962745,0.13557511550962745
so,W20p0,8,17,-0.13549168404539597,0.13549168404539597
so,W60p0,4,19,0.1352562623967606,0.1352562623967606
thetao,W60p0,4,11,0.1352234498301505,0.1352234498301505
so,W10p0,8,15,0.13516240076246006,0.13516240076246006
so,W40p0,8,14,-0.13494655410999773,0.13494655410999773
so,W60p0,8,15,-0.1347182929502907,0.1347182929502907
thetao,W40p0,3,16,0.13471293562547476,0.13471293562547476
so,W10p0,2,3,-0.13470167479042763,0.13470167479042763
thetao,W30p0,3,18,-0.1345360860886119,0.1345360860886119
thetao,W10p0,8,7,-0.13428676061256273,0.13428676061256273
so,W20p0,10,10,-0.13410545573618868,0.13410545573618868
so,W60p0,1,12,-0.13392584180151412,0.13392584180151412
so,W40p0,10,10,-0.1336727764480783,0.1336727764480783
so,W10p0,7,7,-0.13359841404978495,0.13359841404978495
so,W60p0,8,7,-0.1333521991511954,0.1333521991511954
so,W20p0,1,20,-0.13335164724604032,0.13335164724604032
so,W20p0,3,12,-0.1332481408730422,0.1332481408730422
so,W60p0,8,9,-0.13294189283415372,0.13294189283415372
so,W40p0,8,13,-0.13292013882791334,0.13292013882791334
thetao,W10p0,3,16,0.1328636321617807,0.1328636321617807
thetao,W20p0,5,10,0.13282790141854922,0.13282790141854922
so,W40p0,6,16,-0.13261360423964164,0.13261360423964164
thetao,W10p0,2,3,0.13199587611405805,0.13199587611405805
so,W20p0,3,7,-0.13194563365968642,0.13194563365968642
so,W30p0,4,3,-0.1319418241617905,0.1319418241617905
thetao,W10p0,8,16,-0.13186650986150825,0.13186650986150825
thetao,W10p0,2,1,0.13182068190645382,0.13182068190645382
thetao,W30p0,2,12,-0.1317791637370079,0.1317791637370079
so,W40p0,8,5,0.13158769558292935,0.13158769558292935
thetao,W40p0,1,0,-0.13154954991191453,0.13154954991191453
thetao,W60p0,6,19,-0.13143516313632247,0.13143516313632247
so,W30p0,5,12,-0.13126583153788787,0.13126583153788787
so,W10p0,3,1,0.13116770407746908,0.13116770407746908
so,W60p0,5,19,0.1311396304523847,0.1311396304523847
thetao,W10p0,9,6,0.13069590139281614,0.13069590139281614
so,W20p0,4,15,-0.13058076767748614,0.13058076767748614
thetao,W10p0,7,15,0.1304844230555456,0.1304844230555456
thetao,W10p0,7,14,0.13037522019547323,0.13037522019547323
thetao,W40p0,7,12,0.13031588176076847,0.13031588176076847
so,W60p0,3,5,0.13012177262827743,0.13012177262827743
so,W60p0,10,13,0.1300474308985895,0.1300474308985895
so,W20p0,2,2,-0.1300373493105379,0.1300373493105379
so,W10p0,3,12,0.1300345193267216,0.1300345193267216
thetao,W30p0,10,19,-0.12977217062126428,0.12977217062126428
so,W10p0,4,12,0.129720193538494,0.129720193538494
thetao,W30p0,6,2,0.12921099045989382,0.12921099045989382
so,W60p0,4,0,0.12920454969334305,0.12920454969334305
thetao,W40p0,7,5,-0.12917028563662833,0.12917028563662833
so,W30p0,5,13,-0.12903663585247518,0.12903663585247518
so,W60p0,10,19,0.12898716834388493,0.12898716834388493
so,W20p0,10,6,-0.1288841061599224,0.1288841061599224
so,W60p0,7,13,-0.12887409124013602,0.12887409124013602
so,W10p0,10,15,0.12873031940245555,0.12873031940245555
thetao,W30p0,5,1,0.12855939405442054,0.12855939405442054
so,W40p0,9,1,-0.12849271904085266,0.12849271904085266
thetao,W20p0,1,6,0.12839049885158826,0.12839049885158826
thetao,W60p0,6,10,-0.12833693052824258,0.12833693052824258
thetao,W30p0,6,11,0.12818699727876984,0.12818699727876984
so,W20p0,1,11,-0.12816627492875388,0.12816627492875388
so,W40p0,3,13,0.12791007297680215,0.12791007297680215
so,W30p0,6,13,0.1278674669703469,0.1278674669703469
so,W30p0,4,10,0.1278207104143286,0.1278207104143286
so,W10p0,3,5,0.12765143959213435,0.12765143959213435
so,W30p0,8,9,0.12764788696859614,0.12764788696859614
thetao,W60p0,1,7,0.12759813124861105,0.12759813124861105
so,W30p0,3,8,-0.12751881994878125,0.12751881994878125
so,W20p0,10,4,-0.127367335325368,0.127367335325368
thetao,W30p0,10,1,-0.1273616519698644,0.1273616519698644
thetao,W30p0,6,12,0.12730430612901197,0.12730430612901197
so,W40p0,7,11,0.12700152823152722,0.12700152823152722
thetao,W30p0,3,13,-0.12697811977311046,0.12697811977311046
so,W10p0,8,3,-0.1267842922465742,0.1267842922465742
so,W60p0,3,8,0.12667173833043607,0.12667173833043607
so,W10p0,7,4,-0.1262171788743852,0.1262171788743852
so,W40p0,4,8,0.12610984214296342,0.12610984214296342
so,W10p0,7,2,-0.12554569425920628,0.12554569425920628
so,W20p0,2,9,0.12545056907684707,0.12545056907684707
so,W20p0,6,8,0.12532265508685797,0.12532265508685797
so,W40p0,5,20,-0.1252939828224673,0.1252939828224673
so,W40p0,8,3,0.12518580873055773,0.12518580873055773
so,W60p0,9,12,-0.12517654807670753,0.12517654807670753
so,W10p0,8,6,0.1248643568712823,0.1248643568712823
thetao,W20p0,6,11,-0.12474213679189465,0.12474213679189465
so,W20p0,1,14,-0.1245772066970789,0.1245772066970789
thetao,W60p0,10,20,0.1244905925324653,0.1244905925324653
thetao,W60p0,7,9,-0.12427651019595588,0.12427651019595588
thetao,W20p0,4,19,-0.12421310315737293,0.12421310315737293
so,W20p0,4,4,-0.12420047358231213,0.12420047358231213
thetao,W60p0,10,4,-0.12416116465440391,0.12416116465440391
so,W60p0,3,10,0.12415258289691389,0.12415258289691389
so,W40p0,4,13,0.12392411005169157,0.12392411005169157
so,W60p0,8,14,-0.12391271594626138,0.12391271594626138
thetao,W10p0,2,4,0.1238105255770599,0.1238105255770599
so,W30p0,2,15,-0.12377969811689644,0.12377969811689644
thetao,W20p0,7,11,-0.12368708956617636,0.12368708956617636
thetao,W30p0,2,0,-0.12368158343249946,0.12368158343249946
so,W20p0,10,5,-0.12352211962581591,0.12352211962581591
thetao,W40p0,4,19,0.12341492482321183,0.12341492482321183
so,W20p0,9,8,0.12339348061229656,0.12339348061229656
thetao,W10p0,10,2,0.12310095990041593,0.12310095990041593
thetao,W40p0,1,1,-0.12305805933925908,0.12305805933925908
thetao,W20p0,2,12,-0.12298637747621353,0.12298637747621353
so,W10p0,7,10,-0.12247075078637348,0.12247075078637348
so,W40p0,10,20,0.12241221479026883,0.12241221479026883
thetao,W10p0,2,8,-0.12220951766015102,0.12220951766015102
thetao,W40p0,10,19,-0.12182762453593105,0.12182762453593105
so,W60p0,3,11,0.12174413445662015,0.12174413445662015
so,W40p0,3,15,0.12148610605632833,0.12148610605632833
thetao,W60p0,5,6,-0.12133102424175217,0.12133102424175217
so,W30p0,8,0,0.1212530615203949,0.1212530615203949
thetao,W40p0,7,0,0.12117804684876131,0.12117804684876131
so,W40p0,6,11,0.1211575582866846,0.1211575582866846
thetao,W20p0,6,10,-0.1211305138039807,0.1211305138039807
so,W60p0,4,20,0.12112664402409654,0.12112664402409654
so,W10p0,3,10,0.12110675753202814,0.12110675753202814
thetao,W30p0,2,19,-0.12080461083244191,0.12080461083244191
so,W10p0,10,2,0.1207654368554543,0.1207654368554543
thetao,W20p0,9,3,0.12065585853891558,0.12065585853891558
so,W40p0,10,19,0.12064653978442386,0.12064653978442386
thetao,W40p0,10,13,-0.12063151284696329,0.12063151284696329
so,W10p0,5,13,-0.12036618137763723,0.12036618137763723
thetao,W40p0,6,14,0.12005605861981578,0.12005605861981578
thetao,W30p0,6,13,0.11999744660198663,0.11999744660198663
thetao,W10p0,3,0,-0.11991460399052792,0.11991460399052792
so,W30p0,7,0,-0.1198482866511102,0.1198482866511102
so,W40p0,1,3,0.11981314972309405,0.11981314972309405
so,W60p0,8,13,-0.11977496803026594,0.11977496803026594
so,W30p0,9,20,0.11971125953302755,0.11971125953302755
thetao,W30p0,10,15,-0.11960156031197575,0.11960156031197575
so,W60p0,1,9,-0.11951164901886158,0.11951164901886158
thetao,W20p0,9,19,0.11945089351552607,0.11945089351552607
thetao,W10p0,6,14,0.11913864015791696,0.11913864015791696
thetao,W30p0,3,0,-0.11910666771252071,0.11910666771252071
so,W40p0,3,14,0.11905873352305235,0.11905873352305235
thetao,W20p0,3,0,0.11884163522760242,0.11884163522760242
so,W40p0,3,12,0.11878925236211342,0.11878925236211342
so,W60p0,5,12,-0.11862163362003124,0.11862163362003124
thetao,W20p0,2,17,-0.11861652051114989,0.11861652051114989
so,W30p0,7,10,-0.11842143422092466,0.11842143422092466
so,W30p0,3,1,0.11827536461916686,0.11827536461916686
thetao,W40p0,3,18,0.11811483435607097,0.11811483435607097
thetao,W10p0,4,12,0.11787857372699154,0.11787857372699154
so,W20p0,1,16,-0.11779792242002404,0.11779792242002404
so,W40p0,10,17,0.11766467618124218,0.11766467618124218
so,W30p0,7,11,-0.1176570341400058,0.1176570341400058
thetao,W10p0,3,11,-0.1176334346558368,0.1176334346558368
thetao,W40p0,8,4,-0.11744431366045599,0.11744431366045599
thetao,W10p0,1,16,-0.1174307527594589,0.1174307527594589
so,W30p0,7,4,-0.11684941681217126,0.11684941681217126
so,W40p0,3,11,0.11680652136170218,0.11680652136170218
so,W60p0,5,18,0.11647302951126681,0.11647302951126681
so,W60p0,6,13,0.11646202484819813,0.11646202484819813
thetao,W40p0,10,16,-0.11641728048471411,0.11641728048471411
thetao,W10p0,4,20,0.11630659656735215,0.11630659656735215
thetao,W10p0,1,1,0.11621197724414414,0.11621197724414414
so,W40p0,4,3,-0.11562343505373197,0.11562343505373197
so,W60p0,2,20,0.11556149480594662,0.11556149480594662
thetao,W30p0,9,5,-0.1155250501156131,0.1155250501156131
thetao,W10p0,7,17,0.11543607321949256,0.11543607321949256
so,W60p0,10,2,-0.11518573843333846,0.11518573843333846
thetao,W40p0,6,10,0.115170011762568,0.115170011762568
thetao,W20p0,6,12,-0.11505492420422588,0.11505492420422588
thetao,W20p0,4,17,-0.11490527161401294,0.11490527161401294
so,W10p0,7,8,-0.1147764621027,0.1147764621027
so,W60p0,7,9,-0.11465485759877943,0.11465485759877943
so,W60p0,2,18,0.11458893564478081,0.11458893564478081
so,W60p0,6,18,0.1144074678895516,0.1144074678895516
thetao,W40p0,5,16,-0.1142756844237978,0.1142756844237978
so,W20p0,2,13,0.11422979090338452,0.11422979090338452
so,W60p0,3,19,0.11419708013966415,0.11419708013966415
thetao,W30p0,8,16,-0.11417193974409147,0.11417193974409147
thetao,W30p0,5,9,-0.11403093561400178,0.11403093561400178
thetao,W20p0,6,9,-0.11392708669945027,0.11392708669945027
so,W10p0,4,11,0.11368763586103454,0.11368763586103454
thetao,W20p0,8,11,-0.11359857407422093,0.11359857407422093
thetao,W20p0,2,14,-0.11359747095648673,0.11359747095648673
so,W40p0,10,18,0.11348684303375808,0.11348684303375808
so,W40p0,8,19,0.11344204701633091,0.11344204701633091
thetao,W30p0,8,18,-0.11326924455201358,0.11326924455201358
so,W60p0,8,16,-0.11317348556211322,0.11317348556211322
thetao,W40p0,8,9,-0.11317153374900749,0.11317153374900749
so,W20p0,8,7,-0.1130121122803622,0.1130121122803622
so,W10p0,7,3,-0.11298476069677581,0.11298476069677581
so,W30p0,9,6,-0.11262964633602364,0.11262964633602364
so,W10p0,5,5,-0.1123468394406474,0.1123468394406474
so,W30p0,3,5,0.11204536356670293,0.11204536356670293
so,W60p0,10,4,0.11201801858337446,0.11201801858337446
so,W40p0,5,16,-0.11183087434538712,0.11183087434538712
thetao,W20p0,4,6,-0.1118283864256969,0.1118283864256969
thetao,W30p0,2,1,-0.11157507877403679,0.11157507877403679
so,W20p0,4,19,-0.11156052084669585,0.11156052084669585
so,W20p0,5,20,-0.11133742388182352,0.11133742388182352
so,W60p0,7,12,-0.11123543868189438,0.11123543868189438
thetao,W20p0,2,18,-0.11116643107385787,0.11116643107385787
so,W20p0,5,0,-0.11112287977355043,0.11112287977355043
thetao,W10p0,10,15,0.11111101281757636,0.11111101281757636
thetao,W30p0,1,0,-0.11103728136424754,0.11103728136424754
thetao,W10p0,10,12,-0.11094776805274938,0.11094776805274938
so,W30p0,7,12,-0.11088802537602281,0.11088802537602281
thetao,W20p0,2,16,-0.11085313648428552,0.11085313648428552
so,W40p0,9,20,-0.11080646196629654,0.11080646196629654
thetao,W60p0,4,13,0.11076148978734637,0.11076148978734637
thetao,W60p0,8,6,-0.11067813511603998,0.11067813511603998
thetao,W40p0,4,2,0.11057095891949652,0.11057095891949652
so,W30p0,5,20,0.11045779970570058,0.11045779970570058
thetao,W60p0,4,12,0.11039544527870317,0.11039544527870317
thetao,W30p0,9,12,-0.11013004679512023,0.11013004679512023
thetao,W40p0,6,17,0.11012945428587935,0.11012945428587935
thetao,W10p0,7,2,-0.11005809503595143,0.11005809503595143
so,W60p0,2,19,0.10995763904871382,0.10995763904871382
so,W60p0,6,14,0.10981872895544116,0.10981872895544116
so,W60p0,3,18,0.1097367853342657,0.1097367853342657
thetao,W10p0,7,3,-0.1097086614682823,0.1097086614682823
thetao,W30p0,9,9,-0.10924313682406624,0.10924313682406624
so,W40p0,2,18,0.10898788214245267,0.10898788214245267
so,W60p0,5,13,-0.10897864116333748,0.10897864116333748
thetao,W20p0,3,11,0.10887535593475774,0.10887535593475774
thetao,W10p0,5,5,-0.10875563498758738,0.10875563498758738
thetao,W30p0,6,14,0.10865272099185583,0.10865272099185583
so,W30p0,6,17,0.1086311551275093,0.1086311551275093
thetao,W30p0,9,13,-0.10861462739324458,0.10861462739324458
thetao,W30p0,8,17,-0.1086138590305847,0.1086138590305847
thetao,W10p0,1,3,-0.10828057781633449,0.10828057781633449
so,W10p0,9,2,-0.10803399090912343,0.10803399090912343
thetao,W40p0,5,2,-0.10782231577418855,0.10782231577418855
thetao,W10p0,6,20,0.10781530372355666,0.10781530372355666
so,W10p0,2,5,0.1077320460870466,0.1077320460870466
so,W40p0,5,17,-0.10772347050783172,0.10772347050783172
thetao,W30p0,9,11,-0.10770161480285248,0.10770161480285248
thetao,W30p0,1,17,-0.10765802372908302,0.10765802372908302
so,W30p0,5,11,-0.10757037780989886,0.10757037780989886
thetao,W20p0,7,15,0.10687497486443075,0.10687497486443075
so,W40p0,7,4,0.10682878730777486,0.10682878730777486
thetao,W40p0,3,15,0.10680026074334471,0.10680026074334471
so,W60p0,9,14,-0.10674316860001613,0.10674316860001613
thetao,W40p0,8,1,-0.10665065068790218,0.10665065068790218
so,W10p0,6,4,0.10662150256041,0.10662150256041
thetao,W40p0,4,20,0.10661619187276347,0.10661619187276347
so,W60p0,6,0,0.10652214108224764,0.10652214108224764
so,W30p0,6,6,-0.10651473379205449,0.10651473379205449
so,W60p0,3,15,0.10635267358188544,0.10635267358188544
thetao,W20p0,2,15,-0.1062407507136293,0.1062407507136293
so,W60p0,9,3,-0.10622356448982108,0.10622356448982108
thetao,W10p0,3,7,0.10620324669405894,0.10620324669405894
thetao,W30p0,9,10,-0.10620073245636649,0.10620073245636649
thetao,W20p0,10,13,-0.10616978542808539,0.10616978542808539
so,W10p0,7,9,-0.10602177997108052,0.10602177997108052
so,W10p0,8,16,0.10601298204541107,0.10601298204541107
so,W60p0,3,9,0.105845212163431,0.105845212163431
thetao,W60p0,2,4,-0.1057630139753643,0.1057630139753643
so,W20p0,5,14,0.10575240293346098,0.10575240293346098
so,W40p0,6,15,-0.1055914063658696,0.1055914063658696
thetao,W30p0,3,19,-0.10551607964182491,0.10551607964182491
thetao,W60p0,6,7,-0.10542449251160577,0.10542449251160577
so,W40p0,3,16,0.1054131577621794,0.1054131577621794
so,W10p0,5,20,-0.105295814189872,0.105295814189872
so,W40p0,8,2,0.10522571442220062,0.10522571442220062
so,W20p0,1,12,-0.10521223684925217,0.10521223684925217
so,W40p0,6,6,0.10520305797357112,0.10520305797357112
so,W10p0,5,4,-0.10507601599193143,0.10507601599193143
thetao,W20p0,2,13,-0.10481492330492309,0.10481492330492309
so,W30p0,6,12,0.1047781071763732,0.1047781071763732
thetao,W40p0,8,18,0.1047554688128628,0.1047554688128628
so,W40p0,6,12,0.10473192479853913,0.10473192479853913
so,W30p0,5,10,-0.1046262151802662,0.1046262151802662
so,W60p0,3,13,0.10446459295554707,0.10446459295554707
thetao,W20p0,7,3,-0.10445577327530522,0.10445577327530522
so,W30p0,7,6,-0.10440777601574339,0.10440777601574339
thetao,W20p0,8,12,-0.1043205199299351,0.1043205199299351
thetao,W40p0,3,20,0.10422852227214133,0.10422852227214133
thetao,W60p0,4,0,0.104222301709743,0.104222301709743
thetao,W40p0,5,3,-0.10416868538312621,0.10416868538312621
thetao,W10p0,7,0,0.10415421915759195,0.10415421915759195
so,W20p0,5,12,0.1040947392193104,0.1040947392193104
so,W30p0,2,1,-0.10398446723370426,0.10398446723370426
thetao,W10p0,6,15,0.10350133288667682,0.10350133288667682
thetao,W40p0,4,7,0.10336960694283166,0.10336960694283166
so,W10p0,4,0,0.10330915340127633,0.10330915340127633
so,W60p0,2,17,0.10327248440961215,0.10327248440961215
so,W30p0,5,19,0.10319279550384308,0.10319279550384308
thetao,W40p0,3,19,0.10316890168827375,0.10316890168827375
thetao,W30p0,8,7,-0.10311714250446409,0.10311714250446409
so,W60p0,5,20,0.10297172112250585,0.10297172112250585
thetao,W10p0,2,0,0.10296150525856722,0.10296150525856722
so,W40p0,6,3,-0.10277916161713041,0.10277916161713041
so,W60p0,7,11,-0.10277008642386434,0.10277008642386434
so,W30p0,1,15,0.10274038707835216,0.10274038707835216
thetao,W30p0,3,2,-0.10271017859546651,0.10271017859546651
so,W60p0,7,17,-0.10264535940293709,0.10264535940293709
thetao,W10p0,10,16,0.10263340769565484,0.10263340769565484
thetao,W60p0,4,10,0.10262295294715233,0.10262295294715233
so,W30p0,3,18,-0.10156662859940001,0.10156662859940001
so,W10p0,9,3,-0.10145375567134052,0.10145375567134052
so,W60p0,6,1,0.10139163498009612,0.10139163498009612
thetao,W60p0,7,5,-0.10070256903839693,0.10070256903839693
so,W40p0,7,20,0.10056819315665512,0.10056819315665512
so,W30p0,1,13,0.10044581909173056,0.10044581909173056
so,W40p0,3,7,0.100053337820823,0.100053337820823
so,W40p0,10,1,-0.09998122319026176,0.09998122319026176
so,W20p0,5,13,0.09996498344219867,0.09996498344219867
thetao,W30p0,5,20,0.0998626543944257,0.0998626543944257
thetao,W20p0,1,7,0.09981286305472038,0.09981286305472038
thetao,W10p0,1,12,-0.09962250025488517,0.09962250025488517
thetao,W20p0,7,12,-0.09948936680324794,0.09948936680324794
thetao,W60p0,1,20,0.0994463255726211,0.0994463255726211
so,W40p0,2,10,0.09939905836764942,0.09939905836764942
so,W20p0,4,16,-0.0992117897865114,0.0992117897865114
so,W20p0,5,8,-0.099141641455076,0.099141641455076
so,W40p0,3,1,-0.09906497283064584,0.09906497283064584
thetao,W60p0,2,12,-0.09871237934299605,0.09871237934299605
thetao,W20p0,8,8,-0.09867395893361636,0.09867395893361636
thetao,W40p0,5,18,-0.09853069761899516,0.09853069761899516
thetao,W30p0,3,9,-0.09833564318866692,0.09833564318866692
so,W10p0,6,17,0.09829883306830293,0.09829883306830293
thetao,W60p0,9,17,-0.09817068431213127,0.09817068431213127
so,W40p0,1,4,0.0980670608253784,0.0980670608253784
thetao,W10p0,9,20,-0.09796236876499954,0.09796236876499954
so,W60p0,7,3,0.09795546892115997,0.09795546892115997
thetao,W20p0,5,9,0.09792863353782771,0.09792863353782771
so,W10p0,5,2,-0.0979033643897036,0.0979033643897036
thetao,W20p0,10,20,0.09765248549599242,0.09765248549599242
so,W60p0,2,15,0.09763807668452515,0.09763807668452515
so,W40p0,7,17,0.09756254645979759,0.09756254645979759
thetao,W30p0,10,10,0.09753500119887852,0.09753500119887852
so,W30p0,4,2,-0.09745994143204524,0.09745994143204524
thetao,W40p0,8,10,-0.09709539516958686,0.09709539516958686
so,W10p0,4,13,0.09697512339245049,0.09697512339245049
thetao,W30p0,2,2,-0.09692566497850225,0.09692566497850225
thetao,W10p0,10,17,0.09669951699870628,0.09669951699870628
thetao,W30p0,5,19,0.09658734443348531,0.09658734443348531
so,W60p0,5,14,-0.09651741476699299,0.09651741476699299
thetao,W20p0,8,0,0.09643293435068342,0.09643293435068342
so,W20p0,7,2,0.09640748835395192,0.09640748835395192
so,W30p0,8,10,0.09607229039510402,0.09607229039510402
thetao,W20p0,6,8,-0.09603786452543171,0.09603786452543171
thetao,W10p0,2,5,0.09586617165964863,0.09586617165964863
thetao,W20p0,8,16,0.09586610842164114,0.09586610842164114
so,W60p0,7,10,-0.09585205999868127,0.09585205999868127
thetao,W30p0,7,0,-0.09582116575379487,0.09582116575379487
thetao,W60p0,8,7,-0.09571433530914827,0.09571433530914827
so,W40p0,1,20,-0.09563578240900444,0.09563578240900444
so,W10p0,3,6,0.09548056621477687,0.09548056621477687
so,W10p0,3,9,0.09539279650401651,0.09539279650401651
so,W10p0,6,3,0.09522441521703147,0.09522441521703147
thetao,W10p0,7,13,0.09519408519008339,0.09519408519008339
so,W30p0,6,16,0.09519180818627582,0.09519180818627582
so,W60p0,4,18,0.09494044600075445,0.09494044600075445
thetao,W60p0,8,8,-0.09486138131666479,0.09486138131666479
thetao,W60p0,6,20,-0.09476441167162498,0.09476441167162498
thetao,W10p0,10,18,0.09423276713080656,0.09423276713080656
so,W40p0,1,8,0.09380847089263632,0.09380847089263632
thetao,W20p0,4,7,-0.09365618662177903,0.09365618662177903
so,W30p0,5,14,-0.09363557445364981,0.09363557445364981
so,W40p0,7,16,0.09355610108977071,0.09355610108977071
thetao,W30p0,10,9,0.0935175416120065,0.0935175416120065
so,W20p0,5,15,0.09349744934767187,0.09349744934767187
thetao,W20p0,8,10,-0.09305804490767293,0.09305804490767293
thetao,W20p0,10,16,-0.0929069328526757,0.0929069328526757
so,W20p0,6,9,0.09286848141705224,0.09286848141705224
so,W40p0,3,17,0.0928065866873159,0.0928065866873159
so,W10p0,8,8,0.09274396817730444,0.09274396817730444
thetao,W10p0,8,0,-0.09259570783968275,0.09259570783968275
thetao,W10p0,10,19,0.09254427718095251,0.09254427718095251
so,W60p0,9,4,-0.09244687405211663,0.09244687405211663
thetao,W60p0,10,11,-0.09221786916107391,0.09221786916107391
thetao,W10p0,4,19,0.09199523194252296,0.09199523194252296
thetao,W10p0,4,13,0.09192001702378487,0.09192001702378487
so,W60p0,2,7,0.09153716529159289,0.09153716529159289
so,W10p0,5,14,-0.09148828355212091,0.09148828355212091
so,W30p0,9,16,0.09139028221083595,0.09139028221083595
so,W20p0,4,18,-0.0912086556660376,0.0912086556660376
so,W20p0,4,14,-0.09047898646288954,0.09047898646288954
so,W20p0,9,20,-0.09040531801293737,0.09040531801293737
so,W60p0,3,12,0.09040238675865445,0.09040238675865445
thetao,W30p0,5,8,-0.09031992548443772,0.09031992548443772
thetao,W30p0,10,4,-0.09030616158689249,0.09030616158689249
so,W10p0,1,8,-0.09029834618835106,0.09029834618835106
thetao,W20p0,5,2,0.09012866621788607,0.09012866621788607
so,W20p0,9,9,0.09011522381450159,0.09011522381450159
thetao,W20p0,8,1,0.09007164909407098,0.09007164909407098
so,W20p0,2,20,-0.09002698235959852,0.09002698235959852
thetao,W40p0,10,15,-0.09000322594832613,0.09000322594832613
thetao,W60p0,9,4,0.08986527960977583,0.08986527960977583
so,W10p0,9,6,0.08977319369037229,0.08977319369037229
thetao,W20p0,7,9,-0.08961425721841108,0.08961425721841108
so,W60p0,7,4,0.08959810758137862,0.08959810758137862
so,W30p0,10,14,0.08949318107190674,0.08949318107190674
so,W20p0,7,8,0.08948135144576559,0.08948135144576559
so,W10p0,1,20,-0.08946122201811281,0.08946122201811281
so,W60p0,1,13,-0.08943341447009968,0.08943341447009968
so,W60p0,6,11,0.08940615306511059,0.08940615306511059
thetao,W40p0,8,14,0.08922957866216667,0.08922957866216667
so,W40p0,2,8,-0.08921154406444104,0.08921154406444104
thetao,W20p0,8,9,-0.08918084313269527,0.08918084313269527
thetao,W30p0,1,12,-0.08917358084523028,0.08917358084523028
thetao,W30p0,4,5,0.08911502297939775,0.08911502297939775
so,W20p0,5,18,-0.08902405851339891,0.08902405851339891
thetao,W40p0,9,5,-0.08894010331447234,0.08894010331447234
thetao,W60p0,1,13,0.08887169992204991,0.08887169992204991
thetao,W10p0,7,18,0.08870553253506247,0.08870553253506247
so,W60p0,2,16,0.08845784264887074,0.08845784264887074
so,W30p0,7,14,-0.0884166985244439,0.0884166985244439
so,W20p0,2,14,0.08839931038059645,0.08839931038059645
thetao,W30p0,9,8,-0.08826000127438226,0.08826000127438226
so,W30p0,10,7,0.08810594682752677,0.08810594682752677
thetao,W60p0,2,7,0.08771734519926051,0.08771734519926051
so,W40p0,10,13,-0.08768560034237145,0.08768560034237145
so,W60p0,3,0,0.08765520945425533,0.08765520945425533
so,W10p0,10,1,0.08761064221274133,0.08761064221274133
so,W60p0,6,2,0.08754575421224617,0.08754575421224617
thetao,W60p0,2,0,0.08739968514719226,0.08739968514719226
thetao,W60p0,8,0,-0.08730479263124652,0.08730479263124652
thetao,W30p0,7,16,-0.08724597470273585,0.08724597470273585
thetao,W30p0,8,0,-0.08723054690827549,0.08723054690827549
so,W20p0,7,15,0.08705546492592811,0.08705546492592811
thetao,W20p0,7,16,0.0869482345718856,0.0869482345718856
thetao,W20p0,7,10,-0.08694616711432208,0.08694616711432208
so,W30p0,1,14,0.08684651912129561,0.08684651912129561
so,W60p0,1,7,0.08682183380901956,0.08682183380901956
so,W60p0,4,6,0.08680091999385234,0.08680091999385234
thetao,W40p0,3,5,-0.08660544594459375,0.08660544594459375
so,W40p0,3,0,-0.08656759806783296,0.08656759806783296
so,W10p0,8,9,0.08647597491225814,0.08647597491225814
thetao,W20p0,2,19,-0.08647089341839459,0.08647089341839459
so,W10p0,9,8,0.08601917565867703,0.08601917565867703
so,W10p0,6,1,0.08583721099399826,0.08583721099399826
so,W20p0,4,5,-0.08583374194543916,0.08583374194543916
thetao,W60p0,10,19,0.08562174491435316,0.08562174491435316
so,W40p0,8,1,0.08553831524775077,0.08553831524775077
so,W60p0,10,14,0.08530607198258602,0.08530607198258602
so,W10p0,2,16,0.08527194252844945,0.08527194252844945
thetao,W40p0,3,0,-0.08516058192563317,0.08516058192563317
so,W40p0,4,7,0.08506946377003569,0.08506946377003569
so,W40p0,8,12,-0.08506614765266868,0.08506614765266868
so,W30p0,7,5,-0.08498978417247112,0.08498978417247112
so,W40p0,7,18,0.08497667778654906,0.08497667778654906
thetao,W30p0,5,5,0.08478342519529404,0.08478342519529404
thetao,W40p0,4,18,0.0847281796797154,0.0847281796797154
thetao,W20p0,4,12,-0.08471231212053164,0.08471231212053164
so,W20p0,2,18,-0.0847016838667842,0.0847016838667842
so,W60p0,8,17,-0.0845806666200681,0.0845806666200681
so,W40p0,1,7,0.0845694233270911,0.0845694233270911
so,W10p0,6,0,0.08447763188226502,0.08447763188226502
so,W40p0,3,6,0.08438497308869987,0.08438497308869987
so,W60p0,8,12,-0.08379955204457847,0.08379955204457847
thetao,W20p0,10,14,-0.08377808736706698,0.08377808736706698
thetao,W20p0,5,15,0.08361436455830434,0.08361436455830434
so,W30p0,2,13,-0.08360601103790398,0.08360601103790398
thetao,W40p0,8,19,0.08359344332200723,0.08359344332200723
thetao,W20p0,7,4,-0.08356363469912288,0.08356363469912288
so,W60p0,2,14,0.08341123056393362,0.08341123056393362
thetao,W30p0,10,8,0.08337022131798613,0.08337022131798613
thetao,W30p0,2,7,0.08335484872582463,0.08335484872582463
so,W30p0,5,18,0.08327625993149634,0.08327625993149634
thetao,W30p0,3,20,-0.08313882584204983,0.08313882584204983
so,W20p0,4,13,-0.08309263717272207,0.08309263717272207
so,W60p0,2,13,0.0830749138209027,0.0830749138209027
so,W60p0,6,17,0.08303133881048914,0.08303133881048914
so,W40p0,10,16,0.08301215475553987,0.08301215475553987
so,W10p0,9,7,0.08295906662484445,0.08295906662484445
thetao,W60p0,4,8,0.08292077175216647,0.08292077175216647
thetao,W40p0,6,13,0.08257153527324287,0.08257153527324287
thetao,W10p0,4,18,0.08244305110134616,0.08244305110134616
thetao,W30p0,5,18,0.08240235296878222,0.08240235296878222
thetao,W30p0,8,19,-0.08229196580519141,0.08229196580519141
so,W60p0,3,20,0.0819413601813231,0.0819413601813231
thetao,W10p0,5,6,-0.0819284134659089,0.0819284134659089
so,W10p0,3,8,0.08189709355092675,0.08189709355092675
so,W60p0,7,8,-0.08182044431441333,0.08182044431441333
thetao,W60p0,9,13,0.0816891325933677,0.0816891325933677
thetao,W30p0,4,20,0.08162638722404006,0.08162638722404006
thetao,W20p0,9,20,0.08152170414879134,0.08152170414879134
thetao,W30p0,2,20,-0.08085407474743413,0.08085407474743413
so,W10p0,2,12,0.08077977840234879,0.08077977840234879
thetao,W30p0,3,8,-0.08077960183355753,0.08077960183355753
thetao,W40p0,4,11,-0.08067010229337508,0.08067010229337508
so,W60p0,6,3,0.08054250716427752,0.08054250716427752
so,W30p0,7,15,-0.08053771333254132,0.08053771333254132
thetao,W10p0,9,12,0.08039300808819949,0.08039300808819949
thetao,W10p0,10,4,-0.08036712599903578,0.08036712599903578
so,W60p0,8,1,0.0802546915382496,0.0802546915382496
thetao,W20p0,5,5,-0.08023369308466241,0.08023369308466241
so,W10p0,6,2,0.08020804547126212,0.08020804547126212
so,W40p0,6,20,0.08011632461853856,0.08011632461853856
so,W30p0,3,20,0.07999963019607254,0.07999963019607254
thetao,W40p0,6,11,0.07997401862659333,0.07997401862659333
thetao,W60p0,2,11,-0.07996381871926839,0.07996381871926839
thetao,W30p0,5,10,-0.07995414350949633,0.07995414350949633
thetao,W20p0,4,15,-0.0796966616360097,0.0796966616360097
thetao,W40p0,5,19,-0.07956420294361802,0.07956420294361802
thetao,W60p0,4,14,0.07935062422273127,0.07935062422273127
so,W60p0,5,11,-0.07932574772853504,0.07932574772853504
thetao,W40p0,7,11,0.0792634053182305,0.0792634053182305
thetao,W60p0,1,12,0.07918208662190643,0.07918208662190643
so,W10p0,1,14,-0.07909058215272154,0.07909058215272154
so,W30p0,1,0,-0.07906308127561033,0.07906308127561033
so,W40p0,7,19,0.07905029867521042,0.07905029867521042
thetao,W40p0,5,17,-0.07894590233558228,0.07894590233558228
thetao,W10p0,9,11,0.07869260598502256,0.07869260598502256
so,W30p0,7,16,-0.07865971961487458,0.07865971961487458
thetao,W30p0,10,0,-0.07860179862792388,0.07860179862792388
so,W60p0,3,7,0.0785303665493529,0.0785303665493529
thetao,W40p0,1,2,-0.07847909953118859,0.07847909953118859
so,W40p0,8,8,0.0782164591847675,0.0782164591847675
thetao,W30p0,9,16,-0.07821518058307891,0.07821518058307891
thetao,W30p0,10,14,-0.07810742802647071,0.07810742802647071
thetao,W60p0,7,14,-0.07789499847577028,0.07789499847577028
thetao,W30p0,2,6,0.07788515508011432,0.07788515508011432
so,W10p0,6,13,-0.07777229316574742,0.07777229316574742
thetao,W30p0,2,9,-0.07762844392655562,0.07762844392655562
so,W60p0,10,17,0.07756489976318875,0.07756489976318875
thetao,W40p0,5,14,-0.07749524134448588,0.07749524134448588
thetao,W40p0,7,4,-0.07737374694172788,0.07737374694172788
thetao,W60p0,7,15,-0.07724083320074393,0.07724083320074393
so,W20p0,10,11,-0.0772201387866968,0.0772201387866968
thetao,W40p0,8,3,-0.07709888338496647,0.07709888338496647
thetao,W60p0,2,6,0.07707869304363191,0.07707869304363191
so,W30p0,7,13,-0.07702387269712423,0.07702387269712423
thetao,W30p0,9,6,-0.07701222351904738,0.07701222351904738
thetao,W40p0,9,14,-0.07700590103083252,0.07700590103083252
thetao,W40p0,7,9,-0.07692960335471609,0.07692960335471609
so,W10p0,9,13,0.07687324293968079,0.07687324293968079
thetao,W60p0,10,12,-0.07681143407739101,0.07681143407739101
thetao,W20p0,10,15,-0.07666975888146378,0.07666975888146378
so,W60p0,8,6,-0.07649434892480478,0.07649434892480478
so,W20p0,2,19,-0.07647926231169344,0.07647926231169344
so,W30p0,6,4,-0.07642465992373684,0.07642465992373684
so,W20p0,1,13,-0.07626374897797666,0.07626374897797666
thetao,W10p0,1,13,-0.07604843327794349,0.07604843327794349
so,W30p0,4,1,-0.07583497409002427,0.07583497409002427
thetao,W30p0,6,15,0.07579129294029663,0.07579129294029663
thetao,W40p0,1,8,-0.07568316859394093,0.07568316859394093
so,W40p0,1,5,0.07560082058706945,0.07560082058706945
thetao,W30p0,3,3,-0.07555712795170967,0.07555712795170967
thetao,W10p0,9,7,0.07553232332725605,0.07553232332725605
thetao,W10p0,7,4,-0.07543553043902729,0.07543553043902729
thetao,W20p0,7,17,0.07541899849584051,0.07541899849584051
thetao,W60p0,1,15,0.07522759759198705,0.07522759759198705
so,W40p0,6,17,-0.07498291009153321,0.07498291009153321
so,W30p0,10,9,-0.07496156523786532,0.07496156523786532
thetao,W60p0,1,14,0.07495596379106995,0.07495596379106995
thetao,W60p0,9,14,0.07493770385667363,0.07493770385667363
thetao,W40p0,9,20,-0.07489927042803983,0.07489927042803983
so,W30p0,10,10,-0.0746748075794013,0.0746748075794013
so,W30p0,1,2,0.07436361652219765,0.07436361652219765
thetao,W20p0,8,7,-0.07390281008439302,0.07390281008439302
thetao,W30p0,6,16,0.07389692100903562,0.07389692100903562
so,W30p0,7,3,-0.07388410176875337,0.07388410176875337
thetao,W10p0,1,15,-0.07380472468420042,0.07380472468420042
so,W30p0,9,19,0.0737275422249604,0.0737275422249604
thetao,W60p0,9,15,0.07327902442308405,0.07327902442308405
thetao,W40p0,1,18,-0.07309960294227061,0.07309960294227061
thetao,W60p0,6,1,-0.07303823663230037,0.07303823663230037
so,W40p0,8,7,0.07279253150005671,0.07279253150005671
so,W10p0,9,5,0.0726688410466816,0.0726688410466816
thetao,W20p0,3,20,-0.07248483426923258,0.07248483426923258
thetao,W20p0,10,5,-0.07244059380580176,0.07244059380580176
thetao,W60p0,2,13,-0.07238719621738722,0.07238719621738722
thetao,W10p0,5,19,0.07207793585011844,0.07207793585011844
so,W40p0,1,18,0.07190025975000525,0.07190025975000525
thetao,W10p0,3,14,-0.07174826238435562,0.07174826238435562
thetao,W10p0,7,19,0.07164529935151386,0.07164529935151386
so,W30p0,6,3,-0.07161764712377068,0.07161764712377068
thetao,W20p0,4,13,-0.07158934570462856,0.07158934570462856
so,W20p0,8,18,-0.07157700267645947,0.07157700267645947
so,W10p0,6,5,0.07140951312758112,0.07140951312758112
so,W20p0,3,19,-0.07109627197338889,0.07109627197338889
so,W30p0,6,5,-0.07097658921494311,0.07097658921494311
thetao,W40p0,5,1,-0.07093522041515894,0.07093522041515894
thetao,W40p0,7,6,-0.07092287240912515,0.07092287240912515
thetao,W60p0,10,8,0.07081512258761229,0.07081512258761229
thetao,W40p0,9,19,-0.07062181487410779,0.07062181487410779
thetao,W30p0,7,14,-0.07061129609979235,0.07061129609979235
thetao,W60p0,4,7,0.07060747448633853,0.07060747448633853
so,W30p0,7,2,-0.07018991074412952,0.07018991074412952
so,W40p0,6,19,0.07016894215735564,0.07016894215735564
so,W60p0,6,12,0.0701258729242469,0.0701258729242469
so,W10p0,6,16,0.07005267501759335,0.07005267501759335
so,W20p0,8,20,-0.06975597932285113,0.06975597932285113
thetao,W60p0,8,18,0.06971300431941092,0.06971300431941092
so,W60p0,8,19,-0.06961576730547894,0.06961576730547894
so,W60p0,5,15,-0.06960042408375756,0.06960042408375756
thetao,W10p0,4,16,0.06958114569748503,0.06958114569748503
so,W30p0,2,19,0.0695804462739116,0.0695804462739116
so,W60p0,3,6,0.0695623187456446,0.0695623187456446
so,W10p0,6,18,0.06953493415630918,0.06953493415630918
so,W30p0,6,1,0.06943696912499425,0.06943696912499425
so,W20p0,7,1,0.06937757308432271,0.06937757308432271
so,W40p0,9,0,0.06905388300371786,0.06905388300371786
thetao,W60p0,7,2,0.06895131824195447,0.06895131824195447
so,W30p0,7,1,-0.06876260233524786,0.06876260233524786
thetao,W60p0,1,19,0.06875303469606833,0.06875303469606833
so,W10p0,3,7,0.06866443087706232,0.06866443087706232
so,W20p0,7,3,0.06861069572774933,0.06861069572774933
so,W60p0,6,10,0.0684788751937386,0.0684788751937386
so,W30p0,2,11,0.06841870137232829,0.06841870137232829
so,W60p0,5,3,0.0680779214310673,0.0680779214310673
so,W40p0,10,9,-0.06777642644179047,0.06777642644179047
thetao,W60p0,4,9,0.06776261638553097,0.06776261638553097
so,W40p0,4,14,0.06775314183126853,0.06775314183126853
so,W20p0,5,19,-0.06753756619802359,0.06753756619802359
thetao,W40p0,7,7,-0.06750042929544327,0.06750042929544327
so,W40p0,9,19,-0.06745405861660315,0.06745405861660315
thetao,W30p0,9,20,0.06742084093239778,0.06742084093239778
thetao,W40p0,6,20,-0.06739259193022315,0.06739259193022315
so,W30p0,2,20,0.06717896544391118,0.06717896544391118
thetao,W10p0,4,14,0.0671254724100382,0.0671254724100382
thetao,W60p0,9,9,-0.06693381719233259,0.06693381719233259
so,W40p0,8,18,0.06682221707584131,0.06682221707584131
thetao,W30p0,10,20,-0.06672194216680269,0.06672194216680269
so,W40p0,8,16,-0.0666938552513038,0.0666938552513038
thetao,W10p0,4,17,0.06663334873458025,0.06663334873458025
so,W60p0,10,20,0.06644264116480753,0.06644264116480753
thetao,W10p0,5,8,-0.06644183052041051,0.06644183052041051
thetao,W20p0,1,20,-0.0660935187627201,0.0660935187627201
so,W30p0,5,8,-0.06580170175514669,0.06580170175514669
so,W60p0,8,18,-0.0657868287010484,0.0657868287010484
so,W40p0,1,6,0.06573328396951121,0.06573328396951121
so,W60p0,3,16,0.06569614382187189,0.06569614382187189
so,W20p0,8,0,-0.06564960887476211,0.06564960887476211
so,W10p0,9,15,0.06520366266981543,0.06520366266981543
so,W10p0,6,19,0.06506912002398335,0.06506912002398335
so,W30p0,4,8,-0.06474351615188248,0.06474351615188248
thetao,W10p0,5,16,0.06456739899790351,0.06456739899790351
so,W60p0,7,2,0.06438452048902184,0.06438452048902184
so,W20p0,7,20,0.06426179023986994,0.06426179023986994
so,W20p0,8,4,0.06418419152852299,0.06418419152852299
thetao,W20p0,5,8,0.0640912576821812,0.0640912576821812
thetao,W20p0,9,1,0.0640254337780836,0.0640254337780836
so,W30p0,6,18,0.06391294846498245,0.06391294846498245
thetao,W30p0,9,7,-0.06359016300374373,0.06359016300374373
thetao,W30p0,1,16,-0.06358740812072938,0.06358740812072938
thetao,W20p0,8,6,-0.0630899516005905,0.0630899516005905
thetao,W60p0,6,14,-0.06305635674908044,0.06305635674908044
thetao,W30p0,5,7,-0.06305558431938182,0.06305558431938182
so,W10p0,10,0,0.06295307414535686,0.06295307414535686
so,W10p0,5,0,0.06291331365576852,0.06291331365576852
so,W10p0,6,10,-0.06288337014437709,0.06288337014437709
thetao,W30p0,7,5,-0.06287624629435208,0.06287624629435208
thetao,W60p0,2,17,0.06283963570669757,0.06283963570669757
thetao,W10p0,4,15,0.06270498264938738,0.06270498264938738
so,W40p0,10,8,-0.06262588745927035,0.06262588745927035
so,W60p0,7,7,-0.06259356893413721,0.06259356893413721
thetao,W40p0,7,19,0.062246329009522275,0.062246329009522275
thetao,W40p0,1,3,-0.06223422457461492,0.06223422457461492
so,W60p0,4,17,0.062005725437006935,0.062005725437006935
thetao,W20p0,1,8,0.06197820385422518,0.06197820385422518
so,W40p0,4,4,-0.06192850302430626,0.06192850302430626
so,W30p0,9,15,0.06189724271263698,0.06189724271263698
thetao,W10p0,9,19,-0.06186375004993175,0.06186375004993175
so,W20p0,8,19,-0.061751380293200514,0.061751380293200514
so,W40p0,4,18,-0.061628236019388584,0.061628236019388584
so,W30p0,2,16,-0.06159820928253996,0.06159820928253996
thetao,W30p0,3,4,-0.06157526529237291,0.06157526529237291
thetao,W60p0,7,10,-0.06150445485225579,0.06150445485225579
so,W10p0,6,12,-0.061197681764699766,0.061197681764699766
so,W60p0,8,10,-0.06118135158245332,0.06118135158245332
so,W60p0,6,9,0.06094093700165551,0.06094093700165551
so,W10p0,8,17,0.06032390119683844,0.06032390119683844
thetao,W20p0,9,11,-0.06029478715603553,0.06029478715603553
so,W30p0,9,3,-0.06016613202562912,0.06016613202562912
thetao,W60p0,2,8,0.06015774291485366,0.06015774291485366
so,W60p0,6,15,0.06004918344252873,0.06004918344252873
thetao,W40p0,5,5,0.06003740386131573,0.06003740386131573
so,W60p0,1,17,0.059953531991495904,0.059953531991495904
so,W20p0,2,7,-0.05989689030695163,0.05989689030695163
so,W60p0,8,20,-0.05986954431344618,0.05986954431344618
so,W40p0,8,6,0.059793190746543295,0.059793190746543295
so,W20p0,3,13,-0.05966669047740071,0.05966669047740071
so,W30p0,10,19,-0.05955368095861956,0.05955368095861956
thetao,W10p0,6,18,0.0594371324421887,0.0594371324421887
so,W20p0,10,15,0.059413953820780324,0.059413953820780324
thetao,W20p0,5,16,0.05940875684284024,0.05940875684284024
thetao,W10p0,7,9,-0.05940409220919632,0.05940409220919632
so,W60p0,5,17,0.05926358116723775,0.05926358116723775
thetao,W10p0,9,13,0.0591463516866236,0.0591463516866236
so,W30p0,6,15,0.059128012447307095,0.059128012447307095
thetao,W30p0,9,17,-0.058959748856720555,0.058959748856720555
thetao,W10p0,7,10,-0.05880700122790702,0.05880700122790702
so,W30p0,9,9,-0.05870344150469528,0.05870344150469528
so,W40p0,4,20,0.05862814677583352,0.05862814677583352
so,W60p0,8,4,-0.05861965718639747,0.05861965718639747
so,W60p0,7,0,-0.058577688370009144,0.058577688370009144
thetao,W60p0,1,18,0.058533828431522036,0.058533828431522036
thetao,W30p0,6,7,0.05849082433340642,0.05849082433340642
so,W30p0,9,7,-0.05840769421545247,0.05840769421545247
thetao,W20p0,8,15,0.05826628884685818,0.05826628884685818
thetao,W40p0,1,20,0.05818765313795842,0.05818765313795842
so,W40p0,7,2,-0.058016477203318775,0.058016477203318775
so,W60p0,1,20,-0.057884454636020995,0.057884454636020995
thetao,W40p0,1,7,-0.05767948202059435,0.05767948202059435
thetao,W10p0,5,15,0.05762292941480213,0.05762292941480213
so,W20p0,3,5,0.05759621542857354,0.05759621542857354
so,W10p0,9,14,0.05754753400351097,0.05754753400351097
thetao,W40p0,1,5,-0.057519922969593594,0.057519922969593594
thetao,W40p0,8,2,-0.0574354761847693,0.0574354761847693
so,W40p0,9,14,-0.05731198358465064,0.05731198358465064
so,W20p0,4,12,-0.0572588854564277,0.0572588854564277
thetao,W30p0,6,17,0.05710113906296683,0.05710113906296683
thetao,W60p0,8,17,0.05705848749961825,0.05705848749961825
so,W20p0,10,12,-0.05699589550989271,0.05699589550989271
thetao,W10p0,9,16,0.056698109898868816,0.056698109898868816
so,W20p0,5,11,0.056650854406919596,0.056650854406919596
thetao,W60p0,1,8,0.056397609019238584,0.056397609019238584
so,W60p0,8,11,-0.05636607929637309,0.05636607929637309
thetao,W10p0,2,11,-0.05620195120252322,0.05620195120252322
thetao,W40p0,7,8,-0.05615253399310291,0.05615253399310291
so,W40p0,10,2,-0.05610048442670707,0.05610048442670707
thetao,W40p0,10,14,-0.055898920525423064,0.055898920525423064
so,W10p0,4,20,-0.05589704269282087,0.05589704269282087
thetao,W10p0,7,11,-0.0557792995943332,0.0557792995943332
thetao,W60p0,6,6,-0.05557922263692499,0.05557922263692499
thetao,W60p0,8,9,-0.05555268146617519,0.05555268146617519
thetao,W20p0,5,4,-0.055458768432719796,0.055458768432719796
so,W30p0,10,20,-0.055413281077523614,0.055413281077523614
thetao,W30p0,4,11,0.05532004031465732,0.05532004031465732
thetao,W10p0,1,14,-0.05527306778678558,0.05527306778678558
so,W30p0,8,16,0.0552486253379288,0.0552486253379288
so,W10p0,9,19,-0.05522912071812023,0.05522912071812023
thetao,W10p0,6,13,0.055162903521793934,0.055162903521793934
thetao,W10p0,3,10,-0.05508264043629498,0.05508264043629498
so,W60p0,3,17,0.055020134520367324,0.055020134520367324
so,W30p0,5,9,-0.05488735064606504,0.05488735064606504
so,W60p0,2,12,0.05484676802236479,0.05484676802236479
thetao,W60p0,8,20,0.054838800736968514,0.054838800736968514
thetao,W20p0,4,9,-0.054726631066481984,0.054726631066481984
thetao,W60p0,8,19,0.054692072907161174,0.054692072907161174
thetao,W20p0,5,19,0.05455179402193461,0.05455179402193461
so,W60p0,6,19,0.05439757758360764,0.05439757758360764
thetao,W10p0,10,14,0.054332585576167394,0.054332585576167394
so,W40p0,8,9,0.054314770999371896,0.054314770999371896
thetao,W20p0,3,19,-0.054197407867231116,0.054197407867231116
so,W30p0,9,17,0.054176027839537455,0.054176027839537455
so,W30p0,2,17,-0.054136619103118615,0.054136619103118615
thetao,W20p0,8,13,-0.0540660929152437,0.0540660929152437
thetao,W60p0,10,10,-0.05396533206951272,0.05396533206951272
so,W20p0,3,16,0.053703406707471826,0.053703406707471826
so,W20p0,7,7,0.05365142905865992,0.05365142905865992
thetao,W40p0,1,4,-0.05360225569022096,0.05360225569022096
thetao,W10p0,3,15,0.053500506699536855,0.053500506699536855
so,W30p0,5,15,-0.053428867902441994,0.053428867902441994
thetao,W20p0,4,14,-0.0533768761751575,0.0533768761751575
thetao,W30p0,7,7,-0.05327995316407828,0.05327995316407828
thetao,W20p0,7,20,0.052996101292801204,0.052996101292801204
thetao,W60p0,7,19,-0.052791289881278874,0.052791289881278874
so,W20p0,10,19,-0.052721591889070794,0.052721591889070794
thetao,W30p0,6,6,0.05262496798203927,0.05262496798203927
thetao,W40p0,6,12,0.05252124807524859,0.05252124807524859
thetao,W20p0,4,18,-0.05223837859074875,0.05223837859074875
so,W40p0,6,4,-0.05219155868341108,0.05219155868341108
so,W20p0,3,6,-0.05215651965783848,0.05215651965783848
thetao,W30p0,6,3,0.0520646772025792,0.0520646772025792
thetao,W30p0,7,17,-0.05193381560871096,0.05193381560871096
so,W60p0,9,8,0.05193197812562683,0.05193197812562683
so,W30p0,4,9,0.05186231425288822,0.05186231425288822
thetao,W10p0,6,8,0.05145794062087559,0.05145794062087559
thetao,W60p0,2,16,0.05139425673034125,0.05139425673034125
thetao,W10p0,10,20,0.051211260261290865,0.051211260261290865
so,W30p0,10,15,0.05115947394954925,0.05115947394954925
thetao,W10p0,6,6,-0.05110898884314206,0.05110898884314206
thetao,W10p0,9,14,0.05100588517988767,0.05100588517988767
thetao,W40p0,7,20,0.05080363021516668,0.05080363021516668
so,W20p0,6,18,0.050702644248347556,0.050702644248347556
so,W30p0,6,11,0.050683753302811066,0.050683753302811066
thetao,W30p0,8,20,-0.05057982976329388,0.05057982976329388
thetao,W20p0,9,6,-0.05051267874996588,0.05051267874996588
thetao,W20p0,5,6,-0.050501906587984986,0.050501906587984986
thetao,W60p0,1,16,0.05028221063469241,0.05028221063469241
thetao,W30p0,10,12,0.05026018516219605,0.05026018516219605
so,W60p0,9,10,-0.04977941968486417,0.04977941968486417
so,W20p0,6,10,0.04976709119675425,0.04976709119675425
so,W40p0,4,17,-0.04969875379952191,0.04969875379952191
so,W30p0,3,7,-0.049687794290593355,0.049687794290593355
so,W30p0,9,13,0.049661012486445916,0.049661012486445916
thetao,W60p0,10,9,0.0496444526220458,0.0496444526220458
thetao,W40p0,4,8,0.04949607582473452,0.04949607582473452
thetao,W20p0,6,13,-0.049400697380442574,0.049400697380442574
so,W60p0,7,19,0.04923617579791609,0.04923617579791609
so,W30p0,5,6,0.04920371478191261,0.04920371478191261
thetao,W60p0,1,17,0.049146011817060416,0.049146011817060416
thetao,W30p0,2,3,-0.04878462190496952,0.04878462190496952
thetao,W20p0,7,8,-0.04864196703712365,0.04864196703712365
so,W40p0,10,6,-0.048623006794406995,0.048623006794406995
so,W30p0,10,13,0.048515197506402055,0.048515197506402055
thetao,W60p0,10,7,0.04843723787009821,0.04843723787009821
so,W40p0,6,14,-0.04794968893134499,0.04794968893134499
so,W40p0,10,14,-0.04790001612637794,0.04790001612637794
thetao,W20p0,4,8,-0.047850207280336066,0.047850207280336066
thetao,W20p0,1,19,-0.04775536127803589,0.04775536127803589
so,W40p0,2,19,0.04755495190651089,0.04755495190651089
thetao,W40p0,4,12,-0.047535262847952175,0.047535262847952175
so,W10p0,6,14,-0.04748071982904724,0.04748071982904724
thetao,W40p0,10,5,-0.047453200218555945,0.047453200218555945
thetao,W30p0,7,8,-0.04742656425321933,0.04742656425321933
thetao,W60p0,8,10,-0.0473716848121917,0.0473716848121917
thetao,W60p0,5,10,0.04724629804686784,0.04724629804686784
thetao,W20p0,4,16,-0.047240022908926885,0.047240022908926885
thetao,W20p0,3,13,-0.046843359182860866,0.046843359182860866
so,W60p0,6,4,0.046669795403680374,0.046669795403680374
so,W40p0,10,7,-0.04649068001907546,0.04649068001907546
thetao,W10p0,8,18,0.046487918463949306,0.046487918463949306
thetao,W30p0,6,10,0.04643831907735877,0.04643831907735877
so,W10p0,8,19,-0.04643041676785079,0.04643041676785079
so,W10p0,6,20,0.04633446915571798,0.04633446915571798
so,W10p0,10,12,0.04629898100464683,0.04629898100464683
so,W10p0,10,5,0.04624746059173732,0.04624746059173732
thetao,W30p0,8,15,-0.04620772947233354,0.04620772947233354
thetao,W30p0,6,5,0.04618105979841343,0.04618105979841343
so,W30p0,3,6,0.04612810845331549,0.04612810845331549
thetao,W60p0,4,1,0.04602979579593884,0.04602979579593884
thetao,W20p0,10,17,-0.04602761106250459,0.04602761106250459
thetao,W30p0,4,0,0.04596302253411336,0.04596302253411336
thetao,W20p0,10,19,0.045951961931731476,0.045951961931731476
so,W40p0,4,15,0.04594448970998103,0.04594448970998103
so,W40p0,4,6,0.04592910915338376,0.04592910915338376
thetao,W30p0,6,4,0.04580554354837535,0.04580554354837535
thetao,W20p0,9,12,-0.04572162090097408,0.04572162090097408
thetao,W60p0,9,5,0.04522734172400109,0.04522734172400109
so,W40p0,10,4,-0.04522412127049833,0.04522412127049833
thetao,W30p0,10,7,0.04520822893736697,0.04520822893736697
so,W20p0,4,11,0.045111495028299725,0.045111495028299725
thetao,W30p0,2,5,0.045051201352558155,0.045051201352558155
thetao,W10p0,5,7,-0.04490898529945065,0.04490898529945065
thetao,W60p0,6,11,-0.04485789943000789,0.04485789943000789
thetao,W10p0,7,8,-0.044586854810685785,0.044586854810685785
thetao,W60p0,3,0,-0.04456479239740848,0.04456479239740848
so,W60p0,9,18,-0.044539168612728795,0.044539168612728795
thetao,W10p0,2,12,0.04450977701902644,0.04450977701902644
so,W10p0,4,14,0.04450349771285207,0.04450349771285207
so,W40p0,9,15,-0.04429055738569163,0.04429055738569163
thetao,W40p0,1,6,-0.04425802574678756,0.04425802574678756
so,W20p0,6,14,0.04404940719311362,0.04404940719311362
so,W20p0,4,8,0.043932603984961065,0.043932603984961065
thetao,W60p0,7,20,-0.043879020891721014,0.043879020891721014
so,W30p0,5,7,-0.043698094374475714,0.043698094374475714
thetao,W20p0,6,7,-0.0436902712228744,0.0436902712228744
thetao,W10p0,6,16,0.04351873547310763,0.04351873547310763
thetao,W20p0,5,18,0.04342425126062431,0.04342425126062431
so,W30p0,8,15,0.043186881917542504,0.043186881917542504
thetao,W30p0,7,20,0.04303714871286861,0.04303714871286861
thetao,W10p0,5,12,0.04295507026792003,0.04295507026792003
thetao,W30p0,9,18,-0.04261439228756173,0.04261439228756173
thetao,W60p0,7,16,-0.04259646143149366,0.04259646143149366
thetao,W20p0,5,17,0.042562774987509974,0.042562774987509974
so,W20p0,8,3,0.0422789623329084,0.0422789623329084
thetao,W30p0,8,8,-0.04227490011331959,0.04227490011331959
so,W20p0,2,15,0.042198350880963575,0.042198350880963575
thetao,W10p0,2,7,-0.041957565804797314,0.041957565804797314
so,W10p0,8,20,-0.041900026944161055,0.041900026944161055
thetao,W60p0,9,10,-0.041819629900132764,0.041819629900132764
so,W40p0,3,5,0.04168436244428581,0.04168436244428581
so,W40p0,8,11,-0.041596149435320036,0.041596149435320036
so,W30p0,6,20,0.0415105573090094,0.0415105573090094
so,W20p0,9,10,0.04151042113890606,0.04151042113890606
thetao,W10p0,9,8,0.04140947673803225,0.04140947673803225
so,W60p0,1,16,0.04133002398613381,0.04133002398613381
so,W20p0,9,18,-0.041284278438129776,0.041284278438129776
so,W20p0,9,0,-0.04117282980542228,0.04117282980542228
so,W20p0,2,17,-0.04115761102675845,0.04115761102675845
so,W20p0,8,5,0.041116663375992145,0.041116663375992145
thetao,W10p0,5,9,-0.04093714961534817,0.04093714961534817
thetao,W60p0,4,19,-0.040899885467575454,0.040899885467575454
thetao,W60p0,2,1,-0.04076817321865653,0.04076817321865653
thetao,W30p0,10,11,0.04076390991958053,0.04076390991958053
thetao,W60p0,4,15,0.040540044273422726,0.040540044273422726
thetao,W60p0,2,14,-0.04035493211845013,0.04035493211845013
thetao,W40p0,5,0,0.040349244630428785,0.040349244630428785
thetao,W10p0,10,13,-0.04019934023907561,0.04019934023907561
thetao,W10p0,3,1,0.040148656904084465,0.040148656904084465
so,W60p0,4,10,-0.04004699392087373,0.04004699392087373
thetao,W40p0,5,13,0.04003970559771411,0.04003970559771411
thetao,W10p0,6,19,0.04003595287843716,0.04003595287843716
thetao,W40p0,4,1,0.03988384489275994,0.03988384489275994
so,W10p0,4,16,0.039858673069660226,0.039858673069660226
thetao,W60p0,7,3,0.039769431604217136,0.039769431604217136
so,W60p0,1,18,0.039540585862359645,0.039540585862359645
so,W20p0,4,10,0.03950516833141343,0.03950516833141343
thetao,W10p0,6,17,0.039402992437501304,0.039402992437501304
so,W20p0,5,10,0.03938399552754625,0.03938399552754625
so,W40p0,7,15,0.039383805381048215,0.039383805381048215
thetao,W20p0,6,6,0.039317908510251694,0.039317908510251694
so,W20p0,9,13,-0.03928005039800661,0.03928005039800661
so,W60p0,7,5,0.03927907702051519,0.03927907702051519
thetao,W40p0,8,20,0.03902767340384855,0.03902767340384855
so,W20p0,2,8,0.038832818890916505,0.038832818890916505
thetao,W10p0,6,11,0.03880885935485896,0.03880885935485896
thetao,W20p0,6,15,0.03878874275096914,0.03878874275096914
thetao,W60p0,5,8,0.03874245181416008,0.03874245181416008
thetao,W20p0,9,13,-0.03871934729580399,0.03871934729580399
so,W30p0,6,19,0.03853359648976834,0.03853359648976834
thetao,W60p0,1,11,0.03852129077343142,0.03852129077343142
thetao,W40p0,1,19,-0.0385188836066218,0.0385188836066218
thetao,W40p0,4,10,-0.038408790227390875,0.038408790227390875
thetao,W40p0,8,13,0.03838274586028773,0.03838274586028773
so,W40p0,6,18,0.038276613727162755,0.038276613727162755
thetao,W40p0,3,13,-0.03794214375171434,0.03794214375171434
so,W30p0,9,10,-0.03781560783522746,0.03781560783522746
so,W40p0,10,3,-0.037745776121539405,0.037745776121539405
thetao,W10p0,9,15,0.03770892642406146,0.03770892642406146
thetao,W40p0,6,18,0.0375729104433646,0.0375729104433646
thetao,W30p0,3,6,-0.03743756870608862,0.03743756870608862
so,W20p0,1,0,-0.03728624215762842,0.03728624215762842
thetao,W20p0,1,9,0.03712627503421981,0.03712627503421981
so,W10p0,9,18,-0.03690018043219825,0.03690018043219825
so,W10p0,6,9,-0.036722531837711674,0.036722531837711674
so,W30p0,8,12,-0.03665904751286529,0.03665904751286529
thetao,W60p0,6,4,0.03664048071579659,0.03664048071579659
thetao,W10p0,7,5,-0.036627629433239384,0.036627629433239384
thetao,W30p0,8,12,0.0363134321853675,0.0363134321853675
so,W10p0,10,8,-0.03626034563526447,0.03626034563526447
so,W60p0,1,14,-0.036211001454758224,0.036211001454758224
so,W40p0,10,5,-0.0362104244934491,0.0362104244934491
thetao,W20p0,3,14,-0.03612998512470797,0.03612998512470797
thetao,W10p0,3,8,0.035638775866215604,0.035638775866215604
so,W30p0,10,17,-0.03562650746338861,0.03562650746338861
thetao,W30p0,10,5,-0.035411157861023,0.035411157861023
so,W60p0,10,16,0.035351059437126395,0.035351059437126395
thetao,W40p0,5,4,-0.035346131175532924,0.035346131175532924
thetao,W60p0,10,6,0.03533504093270414,0.03533504093270414
so,W20p0,7,16,0.03523434451417556,0.03523434451417556
so,W20p0,6,13,0.03520082648018101,0.03520082648018101
thetao,W60p0,5,11,0.03510316938105284,0.03510316938105284
thetao,W40p0,9,15,-0.03488662024875275,0.03488662024875275
so,W60p0,9,17,-0.034755208426421644,0.034755208426421644
so,W60p0,1,15,0.034663029001451975,0.034663029001451975
so,W60p0,8,5,-0.034605142443616614,0.034605142443616614
so,W10p0,1,13,-0.03453725009122317,0.03453725009122317
so,W10p0,5,15,-0.03452019058973555,0.03452019058973555
thetao,W40p0,3,14,0.03451276500302025,0.03451276500302025
thetao,W30p0,6,8,0.03437889234519614,0.03437889234519614
thetao,W60p0,1,9,0.034219102615276234,0.034219102615276234
thetao,W40p0,10,4,0.03404710489520636,0.03404710489520636
so,W20p0,10,16,0.03374949596330264,0.03374949596330264
thetao,W20p0,4,10,-0.033671920489566076,0.033671920489566076
thetao,W40p0,9,18,-0.03352993764937503,0.03352993764937503
thetao,W10p0,10,3,0.03348411316978457,0.03348411316978457
thetao,W60p0,10,15,0.03334120857017467,0.03334120857017467
thetao,W20p0,6,20,0.03330855625435899,0.03330855625435899
so,W10p0,6,11,-0.033307018468010874,0.033307018468010874
so,W40p0,3,18,0.0331531657488588,0.0331531657488588
thetao,W20p0,7,18,0.03302311331080879,0.03302311331080879
so,W20p0,6,17,0.03297127549820879,0.03297127549820879
thetao,W20p0,7,7,-0.03281463909149676,0.03281463909149676
thetao,W60p0,7,1,0.03279865095136988,0.03279865095136988
so,W10p0,4,17,0.03276063862817526,0.03276063862817526
thetao,W60p0,8,12,-0.03272067159672724,0.03272067159672724
thetao,W60p0,4,18,-0.032648214388312356,0.032648214388312356
thetao,W30p0,7,13,-0.03264124662879748,0.03264124662879748
so,W10p0,10,11,0.03257314410811867,0.03257314410811867
thetao,W40p0,3,1,-0.03255092280421563,0.03255092280421563
so,W40p0,3,2,-0.032362226188731705,0.032362226188731705
so,W20p0,10,17,0.032306502637429235,0.032306502637429235
thetao,W20p0,2,20,-0.032246033062612645,0.032246033062612645
thetao,W60p0,2,19,-0.03223926235823155,0.03223926235823155
thetao,W20p0,6,16,0.03217411180700136,0.03217411180700136
so,W30p0,9,18,0.03207169905219641,0.03207169905219641
thetao,W40p0,3,2,0.03207022307427887,0.03207022307427887
thetao,W60p0,2,10,-0.031978186445528245,0.031978186445528245
thetao,W20p0,8,3,0.03187614797193895,0.03187614797193895
so,W30p0,10,16,0.03181261806279168,0.03181261806279168
so,W40p0,7,14,-0.03164072120106895,0.03164072120106895
thetao,W40p0,4,13,-0.031229172284219897,0.031229172284219897
thetao,W60p0,10,18,0.030809354381695995,0.030809354381695995
so,W10p0,6,6,0.03057388702207069,0.03057388702207069
so,W40p0,9,16,-0.030506836493215273,0.030506836493215273
so,W20p0,10,13,-0.03040628302117132,0.03040628302117132
so,W30p0,10,12,-0.030342297370854494,0.030342297370854494
thetao,W30p0,1,13,-0.030330474865029385,0.030330474865029385
thetao,W40p0,7,1,0.030263930250402204,0.030263930250402204
so,W60p0,6,20,0.030022466440639908,0.030022466440639908
thetao,W30p0,4,7,-0.029964867546911918,0.029964867546911918
so,W60p0,1,8,-0.02987939597252556,0.02987939597252556
so,W10p0,1,9,-0.029807773111334552,0.029807773111334552
so,W10p0,9,1,-0.02970320750702019,0.02970320750702019
so,W10p0,8,5,0.02962960941416461,0.02962960941416461
so,W10p0,5,16,0.02960072945465717,0.02960072945465717
thetao,W30p0,7,19,0.029436390867593427,0.029436390867593427
thetao,W60p0,5,7,-0.02942111398802923,0.02942111398802923
so,W20p0,5,9,-0.029420412794353454,0.029420412794353454
thetao,W30p0,7,1,-0.02939753333517494,0.02939753333517494
so,W60p0,5,10,0.029370406467375435,0.029370406467375435
thetao,W20p0,9,0,0.029230117816147243,0.029230117816147243
so,W10p0,9,17,-0.029205376947969236,0.029205376947969236
thetao,W20p0,1,16,0.02920192099771552,0.02920192099771552
thetao,W20p0,7,14,0.02909362254787116,0.02909362254787116
so,W10p0,6,8,-0.029054743350690377,0.029054743350690377
thetao,W60p0,9,8,-0.028902073061707338,0.028902073061707338
thetao,W40p0,6,19,-0.02889850593078146,0.02889850593078146
thetao,W20p0,9,4,0.02883379739492953,0.02883379739492953
so,W20p0,9,14,-0.02874741515531851,0.02874741515531851
thetao,W30p0,8,13,0.02864353596066576,0.02864353596066576
so,W20p0,8,6,-0.02860892180861155,0.02860892180861155
so,W60p0,7,20,0.028446538501152207,0.028446538501152207
so,W60p0,4,16,0.02841938841067784,0.02841938841067784
thetao,W20p0,9,18,0.028399361755983968,0.028399361755983968
thetao,W10p0,6,10,0.028308523135299437,0.028308523135299437
thetao,W60p0,10,13,-0.02808640969012022,0.02808640969012022
thetao,W30p0,5,17,0.028017764791453403,0.028017764791453403
so,W10p0,2,13,0.02790570287958196,0.02790570287958196
thetao,W60p0,5,16,0.027889941229533168,0.027889941229533168
thetao,W10p0,7,12,0.027841746022473673,0.027841746022473673
so,W60p0,4,11,-0.02781387933702042,0.02781387933702042
thetao,W20p0,1,15,0.02771380983048605,0.02771380983048605
thetao,W60p0,4,6,0.02765306094662565,0.02765306094662565
thetao,W20p0,1,14,0.027568486310674618,0.027568486310674618
thetao,W40p0,8,11,-0.02754912776794757,0.02754912776794757
thetao,W60p0,10,5,-0.0274684669884588,0.0274684669884588
so,W20p0,9,1,0.027331267536865194,0.027331267536865194
so,W40p0,8,0,0.02724824896647469,0.02724824896647469
thetao,W40p0,9,17,-0.02712394902132129,0.02712394902132129
thetao,W20p0,10,4,0.027105620686181026,0.027105620686181026
so,W40p0,3,20,-0.02703415061689515,0.02703415061689515
thetao,W20p0,3,17,-0.02697130871287983,0.02697130871287983
so,W20p0,9,19,-0.026914322463251962,0.026914322463251962
so,W30p0,8,17,0.026897723191322494,0.026897723191322494
thetao,W40p0,4,15,0.026795150529475564,0.026795150529475564
thetao,W10p0,5,17,0.02678724941586248,0.02678724941586248
thetao,W60p0,1,10,0.02677825339709452,0.02677825339709452
thetao,W60p0,4,5,0.02673045884278364,0.02673045884278364
so,W60p0,10,15,0.026665457007154707,0.026665457007154707
so,W30p0,10,8,-0.02663227651045652,0.02663227651045652
thetao,W20p0,7,6,-0.026610931624098687,0.026610931624098687
so,W30p0,6,2,-0.02657019300799344,0.02657019300799344
thetao,W40p0,7,10,0.026551581477926745,0.026551581477926745
thetao,W30p0,5,12,-0.02651733032423193,0.02651733032423193
thetao,W10p0,9,10,0.0264738529803331,0.0264738529803331
thetao,W30p0,8,14,0.026406309411034497,0.026406309411034497
so,W20p0,5,17,-0.02604748831150406,0.02604748831150406
so,W30p0,6,8,0.026031514489992014,0.026031514489992014
so,W20p0,9,12,-0.025978034833842468,0.025978034833842468
so,W20p0,6,11,0.02594324182080852,0.02594324182080852
thetao,W40p0,9,4,0.02590043578305809,0.02590043578305809
so,W10p0,5,1,-0.025710080674384985,0.025710080674384985
thetao,W10p0,5,18,0.02570310098701739,0.02570310098701739
so,W40p0,1,19,0.02557485764540018,0.02557485764540018
so,W60p0,7,6,-0.02553132634325955,0.02553132634325955
so,W30p0,10,18,-0.02538397562480192,0.02538397562480192
so,W40p0,7,12,0.025140713449468957,0.025140713449468957
thetao,W60p0,9,12,0.02498997649006373,0.02498997649006373
so,W10p0,5,19,-0.02487269299224774,0.02487269299224774
so,W60p0,6,8,0.024657367480626344,0.024657367480626344
thetao,W60p0,5,20,-0.024598836622695013,0.024598836622695013
thetao,W30p0,6,18,0.024591161084372162,0.024591161084372162
thetao,W40p0,4,14,0.02413514663697726,0.02413514663697726
thetao,W30p0,3,5,-0.024028846835431897,0.024028846835431897
so,W60p0,6,5,0.023727790726475337,0.023727790726475337
so,W20p0,3,20,-0.023481174566197614,0.023481174566197614
so,W20p0,3,18,-0.023417093716408807,0.023417093716408807
so,W30p0,9,2,0.02338996151497611,0.02338996151497611
so,W60p0,9,9,0.02305745544422829,0.02305745544422829
thetao,W60p0,2,9,0.023020680852498292,0.023020680852498292
so,W20p0,3,15,0.02300838791938369,0.02300838791938369
so,W20p0,5,16,0.023000374514732462,0.023000374514732462
so,W20p0,6,15,0.02295533821274836,0.02295533821274836
so,W60p0,4,7,0.02291100422302334,0.02291100422302334
thetao,W60p0,4,16,0.02287036016607639,0.02287036016607639
so,W10p0,10,9,-0.022785618010035962,0.022785618010035962
so,W40p0,7,3,0.02271021791380332,0.02271021791380332
so,W30p0,9,12,0.022646636301155775,0.022646636301155775
thetao,W20p0,7,5,-0.022442586356750397,0.022442586356750397
so,W10p0,4,15,0.022421673176703735,0.022421673176703735
thetao,W20p0,7,13,-0.02233444560554772,0.02233444560554772
thetao,W60p0,10,16,0.022324454702561967,0.022324454702561967
thetao,W30p0,8,9,0.02225006303163589,0.02225006303163589
thetao,W60p0,6,13,-0.022125542469644703,0.022125542469644703
so,W20p0,4,6,-0.021932240329551784,0.021932240329551784
thetao,W20p0,3,18,-0.02176107624085752,0.02176107624085752
thetao,W30p0,6,20,0.021714778262372558,0.021714778262372558
so,W10p0,9,0,-0.021518545380212473,0.021518545380212473
so,W40p0,6,13,-0.02148684182871431,0.02148684182871431
so,W20p0,6,16,0.021482765552580517,0.021482765552580517
so,W30p0,5,16,-0.021450998492498066,0.021450998492498066
thetao,W20p0,8,5,0.021441602209559,0.021441602209559
thetao,W60p0,4,4,0.02137197651941398,0.02137197651941398
thetao,W10p0,6,9,0.021222398769814806,0.021222398769814806
so,W60p0,8,2,0.021204339194547037,0.021204339194547037
so,W20p0,3,14,-0.021190239482827892,0.021190239482827892
so,W20p0,2,1,0.020855835136266293,0.020855835136266293
thetao,W30p0,4,6,-0.020591764557579283,0.020591764557579283
thetao,W10p0,2,6,0.020557726570079267,0.020557726570079267
thetao,W10p0,7,1,-0.020521389084570275,0.020521389084570275
thetao,W40p0,9,16,-0.02051880661253814,0.02051880661253814
thetao,W60p0,8,15,-0.02039716199190823,0.02039716199190823
so,W10p0,10,14,0.020291428219428663,0.020291428219428663
thetao,W60p0,2,20,-0.02024126869677987,0.02024126869677987
thetao,W10p0,9,17,0.020199480447777175,0.020199480447777175
thetao,W10p0,1,2,0.020111633327765204,0.020111633327765204
so,W30p0,9,14,0.02007686505715887,0.02007686505715887
so,W60p0,5,16,0.020021876333873943,0.020021876333873943
thetao,W30p0,7,6,-0.01989838939600772,0.01989838939600772
thetao,W20p0,8,4,-0.019883660751471875,0.019883660751471875
thetao,W20p0,1,17,0.0197850225670339,0.0197850225670339
thetao,W60p0,5,19,-0.019625520689333372,0.019625520689333372
thetao,W60p0,5,15,0.019451804486913585,0.019451804486913585
so,W60p0,1,19,-0.01921060739476196,0.01921060739476196
thetao,W60p0,4,3,-0.01910148299037024,0.01910148299037024
thetao,W10p0,7,6,-0.019086705282394093,0.019086705282394093
so,W10p0,2,15,0.019038052104558206,0.019038052104558206
so,W60p0,2,11,0.018995281423343956,0.018995281423343956
so,W40p0,7,13,-0.018981111649091605,0.018981111649091605
thetao,W20p0,1,13,0.01895494483191053,0.01895494483191053
thetao,W10p0,8,17,-0.01881457855050728,0.01881457855050728
thetao,W40p0,3,4,-0.018813665666539844,0.018813665666539844
thetao,W40p0,7,3,-0.01873085101990935,0.01873085101990935
thetao,W20p0,5,7,0.018707251447877424,0.018707251447877424
so,W10p0,9,16,0.018679529391594927,0.018679529391594927
thetao,W30p0,4,8,-0.018629272341684034,0.018629272341684034
so,W60p0,6,7,0.018608870498796698,0.018608870498796698
so,W20p0,9,11,-0.018470575420152367,0.018470575420152367
thetao,W20p0,6,19,-0.01834381787488747,0.01834381787488747
so,W30p0,6,7,-0.018096152952429882,0.018096152952429882
so,W20p0,10,18,0.018073350732641755,0.018073350732641755
so,W20p0,7,18,-0.018062076409040076,0.018062076409040076
thetao,W40p0,8,12,0.018021747882869085,0.018021747882869085
thetao,W40p0,7,2,-0.018004416399912137,0.018004416399912137
thetao,W30p0,5,14,0.01795423835399774,0.01795423835399774
thetao,W60p0,4,2,0.01786196691771258,0.01786196691771258
so,W40p0,3,19,0.0178157177983261,0.0178157177983261
thetao,W20p0,8,2,0.017776112102956522,0.017776112102956522
thetao,W30p0,5,11,-0.01771669182004809,0.01771669182004809
thetao,W20p0,9,14,-0.01768479027359063,0.01768479027359063
so,W40p0,4,19,-0.017664283558763955,0.017664283558763955
thetao,W60p0,5,9,0.017663344834633256,0.017663344834633256
so,W20p0,2,16,-0.017618398924330397,0.017618398924330397
thetao,W30p0,10,13,0.017393546026646486,0.017393546026646486
thetao,W60p0,7,12,0.01736075060877545,0.01736075060877545
so,W20p0,4,9,0.017351012144117748,0.017351012144117748
so,W10p0,5,17,-0.01713957294823527,0.01713957294823527
so,W30p0,1,1,0.016931641190259177,0.016931641190259177
thetao,W60p0,5,14,0.01688002552532655,0.01688002552532655
thetao,W40p0,4,9,-0.016877770790662466,0.016877770790662466
thetao,W10p0,5,20,-0.016815301046994056,0.016815301046994056
so,W20p0,8,1,-0.016678292317412354,0.016678292317412354
so,W20p0,7,6,0.016572831527460374,0.016572831527460374
thetao,W60p0,9,11,-0.016484866756587894,0.016484866756587894
thetao,W60p0,9,16,-0.01631016564737989,0.01631016564737989
so,W30p0,8,13,-0.01624184190738208,0.01624184190738208
so,W10p0,4,18,0.01622442336068868,0.01622442336068868
thetao,W10p0,5,14,0.01622003132065296,0.01622003132065296
thetao,W60p0,6,12,-0.016205536794328346,0.016205536794328346
so,W40p0,2,20,0.0161943611914343,0.0161943611914343
so,W60p0,6,16,0.016150973616349866,0.016150973616349866
thetao,W10p0,7,20,0.01610509013874438,0.01610509013874438
so,W60p0,9,6,0.015872508554243908,0.015872508554243908
thetao,W20p0,3,16,0.015803626441781415,0.015803626441781415
so,W10p0,2,14,-0.015521865719253616,0.015521865719253616
thetao,W60p0,2,5,-0.01551919047774374,0.01551919047774374
so,W10p0,10,6,0.015474826961543403,0.015474826961543403
so,W20p0,9,16,0.0153226399625313,0.0153226399625313
so,W20p0,10,14,0.015288152510014676,0.015288152510014676
so,W60p0,9,5,-0.015246944529328905,0.015246944529328905
thetao,W20p0,9,16,-0.015243961329182596,0.015243961329182596
so,W20p0,6,12,0.015222294076349282,0.015222294076349282
so,W20p0,3,17,0.015049493870858006,0.015049493870858006
thetao,W60p0,4,17,-0.014992604529070933,0.014992604529070933
thetao,W10p0,5,11,-0.01479782045166272,0.01479782045166272
so,W60p0,4,9,0.014739659473066385,0.014739659473066385
so,W30p0,8,19,0.014654182377420437,0.014654182377420437
so,W20p0,6,19,0.014618105883563515,0.014618105883563515
so,W30p0,10,11,-0.014609961164911487,0.014609961164911487
thetao,W30p0,7,9,0.014599104406779353,0.014599104406779353
thetao,W20p0,8,14,-0.014576256994390652,0.014576256994390652
so,W10p0,2,4,0.014489394847901354,0.014489394847901354
thetao,W10p0,5,13,0.014476478626469256,0.014476478626469256
so,W60p0,2,8,0.014401064644047189,0.014401064644047189
thetao,W30p0,4,9,0.014391539010701658,0.014391539010701658
so,W10p0,8,4,-0.014242174948224629,0.014242174948224629
so,W30p0,2,2,0.014216740432215335,0.014216740432215335
thetao,W20p0,3,15,-0.0140625761344967,0.0140625761344967
thetao,W60p0,9,6,0.013851490315167015,0.013851490315167015
thetao,W60p0,6,2,-0.013793647702573193,0.013793647702573193
thetao,W20p0,7,19,0.013683693628090632,0.013683693628090632
thetao,W30p0,7,18,0.013560128292758978,0.013560128292758978
thetao,W30p0,6,9,0.013557430215501385,0.013557430215501385
so,W60p0,5,2,0.013529339596574111,0.013529339596574111
so,W30p0,8,20,0.013405195298051698,0.013405195298051698
so,W60p0,6,6,0.013290821730160196,0.013290821730160196
thetao,W60p0,5,12,0.013268453635752187,0.013268453635752187
thetao,W30p0,3,7,-0.013256114964188674,0.013256114964188674
so,W20p0,7,17,-0.01319467406395923,0.01319467406395923
thetao,W30p0,8,10,-0.01314194437767195,0.01314194437767195
so,W60p0,4,13,-0.013113454359581514,0.013113454359581514
so,W10p0,5,18,-0.013056474605061564,0.013056474605061564
thetao,W60p0,5,17,0.013038658212111753,0.013038658212111753
so,W40p0,3,3,-0.012911698475419984,0.012911698475419984
so,W40p0,8,10,0.012882407988120487,0.012882407988120487
so,W40p0,8,17,0.012820219719885471,0.012820219719885471
so,W60p0,4,14,0.0127912410338691,0.0127912410338691
thetao,W20p0,1,10,0.012757313943862505,0.012757313943862505
thetao,W20p0,2,0,-0.012738448992943118,0.012738448992943118
so,W30p0,8,14,0.012681814499851157,0.012681814499851157
so,W40p0,4,16,0.012588295892988322,0.012588295892988322
thetao,W20p0,9,17,0.01234261861986571,0.01234261861986571
so,W20p0,9,15,-0.012338787292438124,0.012338787292438124
thetao,W60p0,8,11,-0.012300310758886403,0.012300310758886403
thetao,W30p0,5,0,0.012283321546957528,0.012283321546957528
so,W60p0,5,1,-0.012280801105878857,0.012280801105878857
so,W20p0,8,2,0.012241386951974256,0.012241386951974256
so,W30p0,5,17,0.012102462686557023,0.012102462686557023
so,W20p0,7,4,0.011982844131249521,0.011982844131249521
thetao,W60p0,9,7,-0.011905432558759026,0.011905432558759026
so,W10p0,10,7,-0.011886462960070919,0.011886462960070919
thetao,W30p0,2,4,0.011845522480241205,0.011845522480241205
so,W20p0,4,7,0.011811204594372862,0.011811204594372862
thetao,W60p0,7,18,-0.011635904168585155,0.011635904168585155
so,W40p0,6,5,0.011578541601594364,0.011578541601594364
so,W60p0,4,12,0.01152376302548848,0.01152376302548848
thetao,W20p0,6,14,0.011382524814699436,0.011382524814699436
thetao,W20p0,9,15,-0.011360409844666219,0.011360409844666219
so,W20p0,7,0,0.011315282929468718,0.011315282929468718
thetao,W20p0,9,8,-0.011306058946110985,0.011306058946110985
so,W60p0,4,15,0.011015291502573571,0.011015291502573571
thetao,W10p0,9,18,-0.010507956194193825,0.010507956194193825
so,W60p0,9,7,0.010473033184574763,0.010473033184574763
thetao,W30p0,5,13,-0.010354203080907402,0.010354203080907402
thetao,W30p0,10,6,0.010273394530935868,0.010273394530935868
thetao,W60p0,5,13,0.010041305752805901,0.010041305752805901
thetao,W30p0,6,19,0.009861170541014357,0.009861170541014357
thetao,W20p0,4,11,0.009808714812563514,0.009808714812563514
thetao,W20p0,1,12,0.009804437789060354,0.009804437789060354
thetao,W30p0,8,11,-0.009750015025781988,0.009750015025781988
thetao,W40p0,4,16,0.00972119422113947,0.00972119422113947
thetao,W10p0,5,10,-0.009196996731333548,0.009196996731333548
thetao,W30p0,7,15,-0.009176493982742001,0.009176493982742001
thetao,W20p0,10,18,0.009149368966551327,0.009149368966551327
so,W10p0,10,10,0.008810726182316011,0.008810726182316011
thetao,W40p0,4,17,-0.008695042616724857,0.008695042616724857
thetao,W10p0,3,9,0.008661954397635972,0.008661954397635972
so,W30p0,8,18,-0.00865474403455687,0.00865474403455687
thetao,W30p0,7,12,-0.008434811948745497,0.008434811948745497
thetao,W30p0,7,10,-0.008391918026549525,0.008391918026549525
thetao,W10p0,7,7,-0.008389851806276206,0.008389851806276206
so,W60p0,9,19,0.008357212934344228,0.008357212934344228
so,W40p0,9,18,-0.008262792407402875,0.008262792407402875
so,W40p0,3,4,0.008201021232520762,0.008201021232520762
thetao,W30p0,5,15,0.00793763238498266,0.00793763238498266
thetao,W30p0,5,6,0.00792863117239464,0.00792863117239464
so,W20p0,10,20,0.007843366641641704,0.007843366641641704
thetao,W10p0,9,9,0.007797416789789727,0.007797416789789727
thetao,W20p0,9,7,0.007776485056085041,0.007776485056085041
thetao,W40p0,4,0,-0.007745038543721784,0.007745038543721784
thetao,W60p0,4,20,-0.0075266201081059855,0.0075266201081059855
so,W10p0,1,10,0.007362079954366097,0.007362079954366097
thetao,W30p0,7,2,0.007331701301632035,0.007331701301632035
so,W40p0,10,15,0.007325476995712928,0.007325476995712928
thetao,W20p0,9,9,0.007294830145008764,0.007294830145008764
thetao,W60p0,2,15,0.007071938253358566,0.007071938253358566
so,W10p0,8,18,0.007036320472153839,0.007036320472153839
so,W60p0,2,10,0.006850769612834409,0.006850769612834409
thetao,W30p0,7,4,-0.0067003736797428635,0.0067003736797428635
so,W60p0,10,3,0.006659238736684076,0.006659238736684076
thetao,W40p0,3,3,0.006643024136993,0.006643024136993
thetao,W20p0,5,3,0.006578591057774952,0.006578591057774952
thetao,W20p0,4,20,-0.006565620322470589,0.006565620322470589
so,W10p0,4,19,0.0065481804359582025,0.0065481804359582025
so,W60p0,9,16,0.006368666930958775,0.006368666930958775
so,W10p0,1,11,0.006261285121067994,0.006261285121067994
thetao,W10p0,6,12,-0.006242688687789554,0.006242688687789554
thetao,W20p0,9,10,0.006084031995711966,0.006084031995711966
thetao,W20p0,1,18,-0.0059978635451129626,0.0059978635451129626
thetao,W30p0,5,16,-0.0056451412923828725,0.0056451412923828725
so,W60p0,2,9,-0.005560963608649155,0.005560963608649155
so,W10p0,6,15,-0.005541078262545019,0.005541078262545019
thetao,W60p0,7,11,-0.005527673906523576,0.005527673906523576
so,W10p0,9,4,-0.005408883524263312,0.005408883524263312
so,W60p0,9,20,0.005267830261181625,0.005267830261181625
thetao,W60p0,10,17,0.005233744137711613,0.005233744137711613
so,W40p0,9,17,0.005145826752845462,0.005145826752845462
so,W60p0,5,0,-0.0051448670712577116,0.0051448670712577116
thetao,W60p0,2,18,0.0050484882270996935,0.0050484882270996935
so,W60p0,8,3,0.005015280148518559,0.005015280148518559
so,W20p0,6,20,-0.004924046737194793,0.004924046737194793
thetao,W60p0,8,14,0.0047304348123601465,0.0047304348123601465
so,W60p0,4,8,-0.004677791692203731,0.004677791692203731
thetao,W30p0,1,15,-0.0045877692402553,0.0045877692402553
so,W30p0,6,10,0.004523159151144877,0.004523159151144877
thetao,W60p0,8,13,-0.004521251810949695,0.004521251810949695
thetao,W30p0,9,19,-0.0044980522818138914,0.0044980522818138914
thetao,W10p0,6,7,-0.004437679685669227,0.004437679685669227
thetao,W60p0,6,3,-0.004323309741643823,0.004323309741643823
thetao,W60p0,10,14,0.004166797218226022,0.004166797218226022
so,W40p0,2,9,-0.004126687000041857,0.004126687000041857
thetao,W30p0,7,3,0.004085344143175301,0.004085344143175301
thetao,W40p0,5,20,-0.003961131301015346,0.003961131301015346
thetao,W20p0,9,5,-0.003924155765116497,0.003924155765116497
so,W30p0,3,19,0.003877231394250155,0.003877231394250155
so,W30p0,8,11,0.0038023624278055277,0.0038023624278055277
so,W30p0,9,8,-0.003794576220853731,0.003794576220853731
thetao,W20p0,6,17,0.0034223932489757664,0.0034223932489757664
thetao,W60p0,7,17,0.0034011161423767927,0.0034011161423767927
so,W20p0,7,5,-0.0031491012762183347,0.0031491012762183347
thetao,W30p0,4,10,0.003086815412616136,0.003086815412616136
so,W30p0,9,11,-0.002992935119205346,0.002992935119205346
thetao,W60p0,7,4,-0.0029627595578714592,0.0029627595578714592
thetao,W30p0,1,14,-0.002644098524653439,0.002644098524653439
thetao,W20p0,1,11,0.00243670071253917,0.00243670071253917
so,W30p0,3,0,-0.0023068751822713208,0.0023068751822713208
thetao,W60p0,6,5,0.001902316280856937,0.001902316280856937
so,W30p0,2,12,-0.0017510872927376847,0.0017510872927376847
so,W10p0,6,7,0.0015798135758387495,0.0015798135758387495
so,W60p0,9,15,0.0015346976955799404,0.0015346976955799404
so,W20p0,4,20,-0.0012992102083377666,0.0012992102083377666
so,W40p0,4,5,0.0011915027007060423,0.0011915027007060423
thetao,W60p0,7,13,0.0011765450842334123,0.0011765450842334123
so,W60p0,7,18,-0.0011194845507823726,0.0011194845507823726
so,W60p0,7,1,0.0008226718848038065,0.0008226718848038065
thetao,W20p0,3,12,-0.0007878154170653424,0.0007878154170653424
thetao,W60p0,5,18,-0.0007875654163876394,0.0007875654163876394
so,W30p0,2,18,-0.0007563481570757222,0.0007563481570757222
thetao,W30p0,2,8,-0.0006759684924556678,0.0006759684924556678
thetao,W60p0,7,0,-0.000607480095283437,0.000607480095283437
so,W10p0,10,13,0.000595986571287286,0.000595986571287286
so,W20p0,7,19,0.000563404286539571,0.000563404286539571
so,W30p0,4,0,0.0005117225876394971,0.0005117225876394971
thetao,W20p0,6,18,-0.00019326922035462917,0.00019326922035462917
so,W10p0,1,12,-0.00018919622090083211,0.00018919622090083211
thetao,W60p0,8,16,0.0001376978888191961,0.0001376978888191961
thetao,W30p0,7,11,0.00013612733914380515,0.00013612733914380515
so,W20p0,9,17,3.556477024551764e-05,3.556477024551764e-05
so,W30p0,6,9,-2.0027382700106614e-05,2.0027382700106614e-05
